date,symbol,signal_type,group,entry_price,S,K,sigma,gap_pct,realized_vol_30d,ret_1day,net_pnl_1day,net_pnl_EOD,call_ret_crush_EOD,call_ret_EOD,call_ret_3day,net_pnl_5day,ret_5day,call_delta,call_at_signal,call_ret_crush_1day,ret_3day,call_ret_1day,net_pnl_3day,ret_EOD,call_ret_5day,call_ret_crush_3day,label,signal_day_return,call_ret_crush_5day
2026-05-25,COST,CONTROL,control,1002.9299926757812,1002.9299926757812,1003,0.2087255895269232,-0.0020520358783960094,0.2087255895269232,0.0007577894480923053,-171.73398315912786,-911.8649907890946,-0.6927507101450168,-0.6927507101450168,-0.9901438563709722,-1262.1880454769982,-0.04851781629813282,0.5180307612823675,12.010937433242361,-0.22203226716183386,-0.046473817406944555,-0.044104194817091935,-1251.2021856666242,-0.022609232842461097,-0.9997718000869081,-0.9984647739390305,RECONSTRUCTED - approximate only,-0.022609232842461097,-0.9999930317312743
2026-05-25,BX,CONTROL,control,118.12000274658203,118.12000274658203,118,0.3927663347737414,0.006412914464066106,0.3927663347737414,-0.0010159392464584387,-52.82051111321371,-81.08815208268818,-0.20829617236754752,-0.20829617236754752,-0.44665789390834626,-250.4431119929458,-0.027175745088319023,0.5253210213161579,2.678521109157856,-0.2740664298450695,-0.009735874527078634,-0.09720721568513963,-141.74155784510066,-0.009641937862427435,-0.8738439563420836,-0.5869403178493428,RECONSTRUCTED - approximate only,-0.009641937862427435,-0.9345241318581233
2026-05-25,DUK,CONTROL,control,124.97000122070312,124.97000122070312,125,0.1715599584156272,0.0002387107482610602,0.1715599584156272,0.0030407077675135416,-3.1795891364028925,-45.866980634098326,-0.27629840169251585,-0.27629840169251585,-0.8463937472122821,-130.08091440045865,-0.03104749015693952,0.5168053721092332,1.22948997389922,-0.08643322181828551,-0.017924284563409627,0.08917099836171205,-112.45499922499894,-0.005807444274160509,-0.9972985558354501,-0.924856366662306,RECONSTRUCTED - approximate only,-0.005807444274160509,-0.9997294238676481
2026-05-25,PFE,CONTROL,control,25.850000381469727,25.850000381469727,26,0.1518003386049603,-0.001158254043965786,0.1518003386049603,0.013926448653400817,14.050333861488651,-3.675861023451869,-0.05057853337405943,-0.05057853337405943,0.746716454044047,-17.396387356231802,-0.011605459960620814,0.41328383931449264,0.16047736136038715,0.8903388079430984,0.012765954307010816,1.1121494895874149,8.479179578186603,-0.0007731139201719695,-0.9505596381997378,0.5670447058904162,RECONSTRUCTED - approximate only,-0.0007731139201719695,-0.9845218756427093
2026-05-25,FAF,CONTROL,control,67.59072875976562,67.59072875976562,68,0.26749066864235643,0.0013197314908365014,0.26749066864235643,-0.009097607789009726,-40.1105338584569,-15.503641152721736,-0.07300361452019706,-0.07300361452019706,-0.8790485308379296,-89.13272085301978,-0.043286950184959185,0.45281199332950683,0.8386981494560786,-0.5791037816753757,-0.02817314599471829,-0.3818393063435869,-79.72633722366712,-0.002050071573752121,-0.9971059804504221,-0.9501202697385365,RECONSTRUCTED - approximate only,-0.002050071573752121,-0.9997285456513406
2026-05-25,OGE,CONTROL,control,48.40999984741211,48.40999984741211,48,0.21306165449820402,-0.0028842065720615477,0.21306165449820402,-0.004751075045678262,-26.944440187205686,-8.93954975460488,0.007678099730570719,0.007678099730570719,-0.8160763091346273,-86.92617736966888,-0.03718238468775312,0.6313809362478705,0.8240637933635675,-0.34724347378298154,-0.024375135486369173,-0.22231035987016945,-73.4280371366996,0.00020657688466925236,-0.988497046226941,-0.8917787036119696,RECONSTRUCTED - approximate only,0.00020657688466925236,-0.9974049169744158
2026-05-25,ADBE,CONTROL,control,240.49000549316406,240.49000549316406,240,0.434905576349483,-0.008947488281447985,0.434905576349483,-0.009355898160449568,-211.29180885157936,-161.27734565967958,-0.1691781536898677,-0.1691781536898677,2.1856863932961317,1461.8132737670762,0.08989970212717628,0.5318416277681027,6.1360006256071244,-0.4267467588771494,0.07784101432209489,-0.2549780200395968,1211.420436025303,-0.008574851664470454,2.6152355805131005,2.1609583070628546,RECONSTRUCTED - approximate only,-0.008574851664470454,2.614116809183212
2026-05-25,WBD,CONTROL,control,27.0,27.0,27,0.15,-0.0011099032883239994,0.09441540583494401,0.00518516257957176,2.2101139088899693,-3.6681836698017767,0.0,0.0,-0.2322867667391879,-3.7225245261395603,0.006666677969473379,0.5225473798427107,0.23681836698017733,0.09628290647777545,0.0003703788474754051,0.26128385820254896,-8.89411208297836,0.0,-0.002415391261142434,-0.37480998546021277,RECONSTRUCTED - approximate only,0.0,-0.08194986128996176
2026-05-25,IDA,CONTROL,control,142.64999389648438,142.64999389648438,143,0.18949878425036168,0.0041549037879621475,0.18949878425036168,0.007641161186944509,29.37267420151658,-12.43473868523216,0.0209690167591585,0.0209690167591585,-0.8129897556923605,-147.2772066517268,-0.04353306498971516,0.48256351486860904,1.390461710090932,0.14510815444811515,-0.01668412005506642,0.33746678666757907,-122.59557406961812,0.00042076976039452196,-0.9998389561223731,-0.9055652456328265,RECONSTRUCTED - approximate only,0.00042076976039452196,-0.9999960879279327
2026-05-25,BKH,CONTROL,control,74.76000213623047,74.76000213623047,75,0.27127309212834383,0.002422941216280957,0.27127309212834383,-0.0034778240877613026,-31.39408816117589,2.2514875393295455,0.14122388165408498,0.14122388165408498,-0.8379867176195338,-109.21582349581136,-0.03624931791112572,0.4836448437847873,1.0395808385710126,-0.39537256367534,-0.025949737640069956,-0.19945568995959467,-94.45552717406723,0.0038941978081601224,-0.9874426660789691,-0.9223808956199063,RECONSTRUCTED - approximate only,0.0038941978081601224,-0.9975851873030432
2026-05-25,COST,CONTROL,control,1002.9299926757812,1002.9299926757812,1003,0.2087255895269232,-0.0020520358783960094,0.2087255895269232,0.0007577894480923053,-171.73398315912786,-911.8649907890946,-0.6927507101450168,-0.6927507101450168,-0.9901438563709722,-1262.1880454769982,-0.04851781629813282,0.5180307612823675,12.010937433242361,-0.22203226716183386,-0.046473817406944555,-0.044104194817091935,-1251.2021856666242,-0.022609232842461097,-0.9997718000869081,-0.9984647739390305,RECONSTRUCTED - approximate only,-0.022609232842461097,-0.9999930317312743
2026-05-25,FN,CONTROL,control,680.77001953125,680.77001953125,681,0.693382524786968,0.022930717734118554,0.693382524786968,0.009004516513569982,-137.38957210848588,-1703.7272129879211,-0.5768298353739447,-0.5768298353739447,-0.661179136876539,-237.6422523117599,0.029877881276730953,0.5217236879438085,26.27249748839671,-0.13239587649485177,-0.03908815844305442,0.050737629352924446,-1914.2535601160391,-0.054486083984375,0.010570478474830277,-0.7832022663214131,RECONSTRUCTED - approximate only,-0.054486083984375,-0.07719142152668515
2026-05-25,BIIB,CONTROL,control,193.0800018310547,193.0800018310547,193,0.3608174716431058,0.0027869971110203724,0.3608174716431058,0.020147085937217844,153.8214744038633,-98.20246365419099,-0.15103702797825094,-0.15103702797825094,0.1912309537333436,-361.7357877868977,-0.02201160119999769,0.5209222272669045,3.9798095726215905,0.3570048326561072,0.015123255341070048,0.5155485234400599,31.20286839748817,-0.006278956261149105,-0.8480640942866716,0.05956220275414534,RECONSTRUCTED - approximate only,-0.006278956261149105,-0.9161470767870599
2026-05-25,GTLS,CONTROL,control,207.83999633789062,207.83999633789062,208,0.15,0.0,0.024721168837872204,-0.000625431227453017,-38.358880390545366,-24.44219988371662,-0.03458132537329758,-0.03458132537329758,-0.2713233393688725,-79.69232649954277,0.0021170248708575184,0.5077797387838432,1.7419500458392747,-0.30159247985142335,-9.617500973863743e-05,-0.11867752210752264,-63.61951228622563,-0.0005770839204755612,-0.36844869519582574,-0.42077938833228595,RECONSTRUCTED - approximate only,-0.0005770839204755612,-0.4728925701153446
2026-05-25,EOG,CONTROL,control,136.1999969482422,136.1999969482422,136,0.3068801607735645,-0.009417942356310549,0.3068801607735645,-0.013950028921119566,-126.27017014576381,-165.5415189366543,-0.5932240851842818,-0.5932240851842818,-0.6996752029955647,20.652485895546924,0.01747433873817878,0.5312410977382009,2.4751462695997475,-0.588232554381062,-0.020704788022141603,-0.4262106751370742,-190.57231721545972,-0.026377885892530088,0.19862281172152324,-0.8120106875290363,RECONSTRUCTED - approximate only,-0.026377885892530088,0.13380632717241864
2026-05-25,AFL,CONTROL,control,116.81999969482422,116.81999969482422,117,0.15,-0.0072967979458505895,0.14140412098126184,-0.016863561255345622,-79.02519858216256,-18.81321690530827,-0.09194168147534748,-0.09194168147534748,-0.9962361143552317,-99.28155746987774,-0.027306988955141942,0.4929906726585033,0.9348130209363887,-0.8820593169172213,-0.03766479658768439,-0.7699492821885819,-99.12110691386656,-0.0015384641468015492,-0.9980428427419188,-0.9996376268334272,RECONSTRUCTED - approximate only,-0.0015384641468015492,-0.9998374411563767
2026-05-25,VZ,CONTROL,control,48.4900016784668,48.4900016784668,48,0.22032870131720247,-0.0012409009407903736,0.22032870131720247,-0.005155702028177466,-29.262707296130696,2.5966867176038475,0.15117057756460808,0.15117057756460808,-0.5929984609451604,-70.71116739442729,-0.012786197672114313,0.6478615626995847,0.8934885736796403,-0.3423332664998054,-0.014023515810224286,-0.22416946832844792,-60.569433897887166,0.004141659953357842,-0.7124796637070677,-0.6902916462215708,RECONSTRUCTED - approximate only,0.004141659953357842,-0.7813142815198945
2026-05-25,DELL,CONTROL,control,305.0799865722656,305.0799865722656,305,0.7855687617212812,0.01714149367100647,0.7855687617212812,0.0007867469598707034,-218.4770728962162,123.46167622383301,0.2031736492808762,0.2031736492808762,7.6540463138265835,10977.714121162056,0.4268716950250684,0.5261595588679799,13.41307538920239,-0.24770242666750894,0.37967097872022026,-0.06517310561716588,9617.677768889225,0.016086549782733137,8.721375894387377,7.654024516884662,RECONSTRUCTED - approximate only,0.016086549782733137,8.721375894274162
2026-05-25,FOUR,CONTROL,control,42.790000915527344,42.790000915527344,43,0.6517961045721625,-0.00555045488322254,0.6517961045721625,0.003739187753885972,-19.329553940182286,-25.628320506853385,-0.07008390364051273,-0.07008390364051273,0.4697807916498054,-60.610739422260224,0.01168497287455218,0.5006056390270449,1.4604612249586317,-0.2206670282851671,0.0413648146738269,-0.024685364581841632,49.27456764173019,-0.004883699638898982,-0.322220682276084,0.3329749361950138,RECONSTRUCTED - approximate only,-0.004883699638898982,-0.4344200786461405
2026-05-25,SAIA,CONTROL,control,467.8900146484375,467.8900146484375,468,0.5351810490355717,0.013348521998201307,0.5351810490355717,0.013058593174195887,80.30955197924622,153.69788624168288,0.22183563159982028,0.22183563159982028,-0.07262391663566703,-599.366806676891,0.006967405043889114,0.5186732919461803,13.996071674763868,-0.012993541232470514,0.009574858040337024,0.16664094557211437,-237.8234232884518,0.01204794781964212,-0.3445373444586689,-0.2198379240333982,RECONSTRUCTED - approximate only,0.01204794781964212,-0.44851660336480054
2026-05-25,JBHT,CONTROL,control,267.6300048828125,267.6300048828125,268,0.39454493637553595,0.008926837178447704,0.39454493637553595,0.012106229403514373,68.31949270701027,321.62284430959613,0.6935804826315991,0.6935804826315991,0.7338197806671286,187.08504298191383,0.029742522549232014,0.5078124971160131,5.777813591259132,0.049962827393914624,0.03288117039351403,0.23209950416343783,343.70988480337513,0.025088167027057292,0.44847264728379344,0.6258669897021382,RECONSTRUCTED - approximate only,0.025088167027057292,0.38711381393136085
2026-05-25,BX,CONTROL,control,118.12000274658203,118.12000274658203,118,0.3927663347737414,0.006412914464066106,0.3927663347737414,-0.0010159392464584387,-52.82051111321371,-81.08815208268818,-0.20829617236754752,-0.20829617236754752,-0.44665789390834626,-250.4431119929458,-0.027175745088319023,0.5253210213161579,2.678521109157856,-0.2740664298450695,-0.009735874527078634,-0.09720721568513963,-141.74155784510066,-0.009641937862427435,-0.8738439563420836,-0.5869403178493428,RECONSTRUCTED - approximate only,-0.009641937862427435,-0.9345241318581233
2026-05-25,FCX,CONTROL,control,64.36000061035156,64.36000061035156,64,0.586443770826891,0.016938203075178827,0.586443770826891,-0.011342441505802537,-75.25414926668864,52.33892578815928,0.3512532257360866,0.3512532257360866,0.13728396419440808,493.13118302372527,0.1143567517177399,0.5483452898059259,2.2952970272704576,-0.40006637774876125,0.020975737435029826,-0.23389326494469848,5.682239843491645,0.020939081149332447,2.3727425763907273,0.014622531981466886,RECONSTRUCTED - approximate only,0.020939081149332447,2.3711747044172973
2026-05-25,ALL,CONTROL,control,211.70474243164062,211.70474243164062,212,0.2177707570202781,-0.006001803394313596,0.2177707570202781,-0.01865429865127435,-183.7978222342793,-124.70627429853643,-0.4139746634643895,-0.4139746634643895,-0.9372140887457685,-193.3127263852169,-0.005879583534484883,0.500264047905124,2.5017696327832653,-0.8008372501567597,-0.031623041826596865,-0.662605187198282,-249.06360225870904,-0.011518790953954888,-0.7026396030321319,-0.9787602352018626,RECONSTRUCTED - approximate only,-0.011518790953954888,-0.7991038931276102
2026-05-25,DOV,CONTROL,control,214.8729248046875,214.8729248046875,215,0.2673922050027772,0.01067177431871431,0.2673922050027772,-0.009424359419374301,-144.66593847039897,152.33904976455165,0.6085862382463569,0.6085862382463569,-0.6819614601133613,-284.6038278596937,-0.014114986658061775,0.5113460848396495,3.2131511916491604,-0.5383482340347104,-0.016348845242038154,-0.36440510599393333,-241.59981334758623,0.015367184482960788,-0.8228430464346125,-0.8011311362175031,RECONSTRUCTED - approximate only,0.015367184482960788,-0.897789940363501
2026-05-25,FDX,CONTROL,control,321.115234375,321.115234375,321,0.4131924110663313,0.007686463031958919,0.4131924110663313,0.02944991895311141,431.6256220560449,39.200716271889206,0.16182021575170785,0.16182021575170785,0.5613603919825548,-4.689175991381066,0.020722457743095047,0.520592601925324,7.537933289527274,0.5607950758971322,0.02937493537537026,0.7098203536247156,325.3128997887282,0.006973338072417993,0.10053035708832161,0.45060327451027077,RECONSTRUCTED - approximate only,0.006973338072417993,0.022591378952224742
2026-05-25,NOW,CONTROL,control,99.91999816894531,99.91999816894531,100,0.7980808196505171,-0.015372561804036237,0.7980808196505171,0.022017660307768805,40.57500680668892,-76.28740319266952,-0.07368495978752428,-0.07368495978752428,4.540163450683457,2164.8994239223193,0.27752205629595333,0.5226062350529735,4.411005248125463,0.023651504584398565,0.24469580690240314,0.20519265707655926,1857.1250043083985,-0.006364353671304796,5.274628850414028,4.5374768332509,RECONSTRUCTED - approximate only,-0.006364353671304796,5.274623036919178
2026-05-26,VRTX,CONTROL,control,435.92999267578125,435.92999267578125,436,0.19185952393618588,0.007985826448582424,0.19185952393618588,0.0029592103470643884,-18.53487874137053,-143.12207688256547,-0.20608776198090137,-0.20608776198090137,1.5359242244813935,-495.70502834240204,-0.024866369646542694,0.51728127230739,4.79479542819783,-0.10881398294455043,0.026632753112207773,0.06742634526284924,650.3740784301815,-0.004703298259148375,-0.9801352775901079,1.4864093488422458,RECONSTRUCTED - approximate only,-0.004703298259148375,-0.9951041509386215
2026-05-26,KNX,CONTROL,control,72.7443618774414,72.7443618774414,73,0.5016467230954826,0.0069880462035744086,0.5016467230954826,0.017139727537662502,29.777126177464275,113.60665358607903,0.7330172504958611,0.7330172504958611,0.6073461739723545,224.7078866170301,0.06430824765287477,0.4992186768329418,1.9267795084328867,0.08541777072479835,0.03702174016327016,0.2750426487713927,90.60331035650061,0.03285653129542826,1.339981699912742,0.48200802603228443,RECONSTRUCTED - approximate only,0.03285653129542826,1.3157495471223066
2026-05-26,CFR,CONTROL,control,138.48519897460938,138.48519897460938,138,0.1960026612019549,-0.0012914620627637187,0.1960026612019549,-0.01325772392104424,-112.6674793764813,-0.6486255024869092,0.10901981109528137,0.10901981109528137,-0.8331307875357362,-182.81419493528318,-0.021267295785281373,0.5707184562169293,1.8251814293209065,-0.6761646604715545,-0.021411636218915297,-0.5370232678611466,-164.0102242457532,0.0024425024809234626,-0.9415783809608159,-0.9107447048896786,RECONSTRUCTED - approximate only,0.0024425024809234626,-0.9759906642802795
2026-05-26,GTLS,CONTROL,control,207.83999633789062,207.83999633789062,208,0.15,0.0,0.024721168837872204,-0.000625431227453017,-38.358880390545366,-24.44219988371662,-0.03458132537329758,-0.03458132537329758,-0.2713233393688725,-79.69232649954277,0.0021170248708575184,0.5077797387838432,1.7419500458392747,-0.30159247985142335,-9.617500973863743e-05,-0.11867752210752264,-63.61951228622563,-0.0005770839204755612,-0.36844869519582574,-0.42077938833228595,RECONSTRUCTED - approximate only,-0.0005770839204755612,-0.4728925701153446
2026-05-26,SON,CONTROL,control,49.709999084472656,49.709999084472656,50,0.6154968163176684,0.0026331997352196704,0.6154968163176684,0.0018105040081564383,-25.032922820491798,-6.955853571224489,0.06747938373922213,0.06747938373922213,-0.5400051695168054,-114.39119712630004,-0.01086302404893863,0.4942652153802773,1.575684326946515,-0.2522732309411655,-0.020720152851875707,-0.05328397997000567,-97.89022306684916,0.004242405746922348,-0.6502394726784624,-0.6850738923062678,RECONSTRUCTED - approximate only,0.004242405746922348,-0.7556351687446857
2026-05-26,TJX,CONTROL,control,158.97000122070312,158.97000122070312,159,0.2368454453613663,0.00018954178610643282,0.2368454453613663,-0.012329412460317261,-119.17534967199964,11.902744503710839,0.170174467414013,0.170174467414013,-0.8679831923128911,-223.38793612764854,-0.033213805993286015,0.5159065021017585,2.14101762794553,-0.6369724676323046,-0.026545896636462642,-0.4742711431062023,-199.25507125217712,0.004232458345097123,-0.9866324520238776,-0.9390631446437668,RECONSTRUCTED - approximate only,0.004232458345097123,-0.9972330526150545
2026-05-26,CRM,CONTROL,control,178.61898803710938,178.61898803710938,179,0.46392794140822147,-0.009107652454702426,0.46392794140822147,-0.008767062014660206,-149.90015869770878,-14.112540131124096,0.07513221664719716,0.07513221664719716,1.7054777972879491,1559.1337335017054,0.12150992305296424,0.5055381914380264,4.476091283624584,-0.42942852079173127,0.06712085641058146,-0.24419624713136937,679.1571459350592,0.0036429366247552955,3.7748974898571257,1.649835813239079,RECONSTRUCTED - approximate only,0.0036429366247552955,3.774707129825848
2026-05-26,CNP,CONTROL,control,42.93000030517578,42.93000030517578,43,0.20241185906276746,0.0030351914046315037,0.20241185906276746,0.003261108517428981,-2.7263272602302813,-7.358196097415219,-0.031593747093701455,-0.031593747093701455,-0.7643181897406317,-49.690074121459325,-0.027952498355672668,0.4960512904841469,0.4659646894786711,-0.11704385658032358,-0.015606847865822178,0.07304189413950135,-39.79344924959909,-0.0006982956223506457,-0.9878866295889668,-0.8687833259058955,RECONSTRUCTED - approximate only,-0.0006982956223506457,-0.9976648111034148
2026-05-26,DUK,CONTROL,control,124.97000122070312,124.97000122070312,125,0.1715599584156272,0.0002387107482610602,0.1715599584156272,0.0030407077675135416,-3.1795891364028925,-45.866980634098326,-0.27629840169251585,-0.27629840169251585,-0.8463937472122821,-130.08091440045865,-0.03104749015693952,0.5168053721092332,1.22948997389922,-0.08643322181828551,-0.017924284563409627,0.08917099836171205,-112.45499922499894,-0.005807444274160509,-0.9972985558354501,-0.924856366662306,RECONSTRUCTED - approximate only,-0.005807444274160509,-0.9997294238676481
2026-05-26,PCAR,CONTROL,control,112.01000213623047,112.01000213623047,112,0.27812589327132803,0.014814840138890565,0.27812589327132803,0.002231943533899243,-19.361953914445785,37.395752549716626,0.3341710510891256,0.3341710510891256,-0.6316307732194196,-49.834167904517344,0.007856416718461316,0.5185332693789858,1.7794218686192238,-0.17990919887920728,-0.014641544133298141,-0.001583809668895545,-125.86829170834523,0.009371910463071311,-0.18184468704746298,-0.7569364723762617,RECONSTRUCTED - approximate only,0.009371910463071311,-0.2758647949069416
2026-05-26,CRM,CONTROL,control,178.61898803710938,178.61898803710938,179,0.46392794140822147,-0.009107652454702426,0.46392794140822147,-0.008767062014660206,-149.90015869770878,-14.112540131124096,0.07513221664719716,0.07513221664719716,1.7054777972879491,1559.1337335017054,0.12150992305296424,0.5055381914380264,4.476091283624584,-0.42942852079173127,0.06712085641058146,-0.24419624713136937,679.1571459350592,0.0036429366247552955,3.7748974898571257,1.649835813239079,RECONSTRUCTED - approximate only,0.0036429366247552955,3.774707129825848
2026-05-26,HUBB,CONTROL,control,476.6176452636719,476.6176452636719,477,0.3051930847376436,0.008020843739091637,0.3051930847376436,0.012969362471952689,194.84101813422112,-118.60214095020076,-0.04769438941343034,-0.04769438941343034,-0.4276876964019128,-246.15071680794608,0.008061695217516774,0.5099115081833769,8.072562617230432,0.18771621120100282,-0.006310425016777323,0.36102361390443494,-410.0165186055349,-0.0016081607273536929,-0.21401289961123626,-0.5737931276352405,RECONSTRUCTED - approximate only,-0.0016081607273536929,-0.31377544725129985
2026-05-26,EVRG,CONTROL,control,84.11000061035156,84.11000061035156,84,0.20035669330922984,0.005956635518911518,0.20035669330922984,0.0007133225319031325,-15.591520601215702,-27.509044851133922,-0.1630274553816511,-0.1630274553816511,-0.8837393770232138,-108.60355778347076,-0.03281419707766344,0.538080221602043,1.02830538599315,-0.2072729818247585,-0.02461062513141226,-0.04103293372290195,-97.91468017461565,-0.003908121998026694,-0.9931567764440825,-0.9474794162573962,RECONSTRUCTED - approximate only,-0.003908121998026694,-0.998916188080455
2026-05-26,OHI,CONTROL,control,48.34000015258789,48.34000015258789,48,0.19349843356333582,0.002087650750221117,0.19349843356333582,-0.012618961696856884,-43.129365894626865,13.226993749518568,0.3145768313321023,0.3145768313321023,-0.9356283372562599,-78.00855181754781,-0.07302438494319897,0.6227031346574604,0.7305577374279899,-0.6240482003762594,-0.03268518465178577,-0.49743953365492793,-73.54097688252723,0.007083336512247722,-0.9999998470902781,-0.9744851125119043,RECONSTRUCTED - approximate only,0.007083336512247722,-0.9999999998690484
2026-05-26,MRNA,CONTROL,control,47.029998779296875,47.029998779296875,47,0.5783399395609032,0.007039206673181271,0.5783399395609032,0.012332592942996433,3.0432821212648244,-25.452183960801054,-0.05993984701074598,-0.05993984701074598,-0.18894681809052577,-135.03273681538923,-0.0295555905959396,0.5239162367884806,1.5389158055708911,-0.04286740206132702,0.00340208062013693,0.1349715792428746,-44.312616309033544,-0.003812758073850149,-0.8094802049412445,-0.3361543979570305,RECONSTRUCTED - approximate only,-0.003812758073850149,-0.8865417840527947
2026-05-26,CHRD,CONTROL,control,137.86000061035156,137.86000061035156,138,0.44277937182670063,-0.018127522487850357,0.44277937182670063,-0.03017556683368396,-219.64565829223073,-175.21085517126997,-0.4382609206014179,-0.4382609206014179,-0.8358727166628407,-182.24031226914266,0.0009430210520595215,0.5118644916062696,3.3680947232647043,-0.7289810650560925,-0.043449916340086596,-0.5771331341598738,-302.43430343238657,-0.024828426314412448,-0.46023010238530854,-0.9184937820390239,RECONSTRUCTED - approximate only,-0.024828426314412448,-0.5673469740640972
2026-05-26,SMG,CONTROL,control,58.880001068115234,58.880001068115234,59,0.4096217964848263,0.013353632818880095,0.4096217964848263,0.03821331452418099,112.43864617363776,-58.34974829883164,-0.3561305784060811,-0.3561305784060811,-0.21231311612264567,-132.69780209434947,-0.041779939785056584,0.5037406451888914,1.301542736834996,0.8816544770437266,0.0020380253007459197,1.0251322280432231,-40.567213819652245,-0.017848201521386515,-0.9574255420178784,-0.3673217066822691,RECONSTRUCTED - approximate only,-0.017848201521386515,-0.9858467973304745
2026-05-26,GEF,CONTROL,control,63.77593231201172,63.77593231201172,64,0.26608651483865076,0.001399843656613131,0.26608651483865076,-0.008859119831362639,-39.643142083500365,-11.689100850458534,-0.021962285632207378,-0.021962285632207378,-0.6936122658860994,-78.81059488167048,-0.013677321583938442,0.47977007298233154,0.8595682851555999,-0.5516123174222681,-0.01569778062333186,-0.3642888589744297,-66.53535791686343,-0.0006213252133249421,-0.8439354256787961,-0.817004229030663,RECONSTRUCTED - approximate only,-0.0006213252133249421,-0.9168588303620177
2026-05-26,CL,CONTROL,control,89.8499984741211,89.8499984741211,90,0.20629962114329656,-0.0004414624793940673,0.20629962114329656,0.01602673862950598,64.38999248857127,-41.12319248821843,-0.3169505192898616,-0.3169505192898616,-0.12504429637829131,-99.0499288145554,-0.01758488433931098,0.4957960158298909,0.9928420667734699,0.6443818283576769,0.0031162914196099984,0.8017219687003677,-23.02259824490813,-0.007949665707509887,-0.9311016915968299,-0.28047994571824164,RECONSTRUCTED - approximate only,-0.007949665707509887,-0.9724194751119198
2026-05-26,BIIB,CONTROL,control,193.0800018310547,193.0800018310547,193,0.3608174716431058,0.0027869971110203724,0.3608174716431058,0.020147085937217844,153.8214744038633,-98.20246365419099,-0.15103702797825094,-0.15103702797825094,0.1912309537333436,-361.7357877868977,-0.02201160119999769,0.5209222272669045,3.9798095726215905,0.3570048326561072,0.015123255341070048,0.5155485234400599,31.20286839748817,-0.006278956261149105,-0.8480640942866716,0.05956220275414534,RECONSTRUCTED - approximate only,-0.006278956261149105,-0.9161470767870599
2026-05-26,CHD,CONTROL,control,96.66999816894531,96.66999816894531,97,0.2565783887794498,-0.0014545391132305195,0.2565783887794498,0.013861632281644389,46.97010036026201,13.54211805424227,0.2295854227605715,0.2295854227605715,-0.5987524509537085,-96.28058552391826,-0.005482557042885454,0.4796003931302424,1.2566761214671018,0.32021227074283637,-0.01075825938994833,0.509588752136568,-85.34836245409663,0.0058266315163610066,-0.69032420150115,-0.7384131582767427,RECONSTRUCTED - approximate only,0.0058266315163610066,-0.7926691824527232
2026-05-26,EVRG,CONTROL,control,84.11000061035156,84.11000061035156,84,0.20035669330922984,0.005956635518911518,0.20035669330922984,0.0007133225319031325,-15.591520601215702,-27.509044851133922,-0.1630274553816511,-0.1630274553816511,-0.8837393770232138,-108.60355778347076,-0.03281419707766344,0.538080221602043,1.02830538599315,-0.2072729818247585,-0.02461062513141226,-0.04103293372290195,-97.91468017461565,-0.003908121998026694,-0.9931567764440825,-0.9474794162573962,RECONSTRUCTED - approximate only,-0.003908121998026694,-0.998916188080455
2026-05-26,FANG,CONTROL,control,195.1300048828125,195.1300048828125,195,0.33812557047102215,-0.007921934848751278,0.33812557047102215,-0.011735809396905232,-168.12197977928628,-202.01781280225373,-0.45037692790797307,-0.45037692790797307,-0.6438675427584237,321.38289553258574,0.03725715590504878,0.5231751074717612,3.802495781197436,-0.5267072252195406,-0.018705524849781514,-0.3565442814363268,-271.9138012359167,-0.020038119386387002,0.9985349072109475,-0.7666670590234518,RECONSTRUCTED - approximate only,-0.020038119386387002,0.9725089779905655
2026-05-26,GBCI,CONTROL,control,48.61000061035156,48.61000061035156,49,0.2529886092988162,0.0037767584085620825,0.2529886092988162,-0.013783212821023919,-33.07957703164399,31.954980663845877,0.7733631271543594,0.7733631271543594,-0.8370590632324373,-56.19865414797123,-0.04052666521225286,0.4273211346533864,0.523952169056983,-0.7172109237670122,-0.021806240690836094,-0.5331956237399814,-48.2045183124668,0.016095327243054344,-0.9976630329037912,-0.9271645036041944,RECONSTRUCTED - approximate only,0.016095327243054344,-0.9998098876324323
2026-05-26,GEF,CONTROL,control,63.77593231201172,63.77593231201172,64,0.26608651483865076,0.001399843656613131,0.26608651483865076,-0.008859119831362639,-39.643142083500365,-11.689100850458534,-0.021962285632207378,-0.021962285632207378,-0.6936122658860994,-78.81059488167048,-0.013677321583938442,0.47977007298233154,0.8595682851555999,-0.5516123174222681,-0.01569778062333186,-0.3642888589744297,-66.53535791686343,-0.0006213252133249421,-0.8439354256787961,-0.817004229030663,RECONSTRUCTED - approximate only,-0.0006213252133249421,-0.9168588303620177
2026-05-26,PSX,CONTROL,control,173.8800048828125,173.8800048828125,174,0.3554418173591935,-0.01119931040476108,0.3554418173591935,0.004313319409586324,-23.14264763206474,-116.08592191523442,-0.24626883489431334,-0.24626883489431334,0.0771529792636461,461.33558000790066,0.0499194411780192,0.511997318785193,3.437163293955706,-0.14483171795239544,0.011502185092230199,0.0383700291750061,-10.478831046845738,-0.01035852075720765,1.5220850526162268,-0.06543971018658526,RECONSTRUCTED - approximate only,-0.01035852075720765,1.5083524259287904
2026-05-26,AVGO,CONTROL,control,421.3431701660156,421.3431701660156,421,0.38800663786357287,0.010527842054108377,0.38800663786357287,-0.00035555528515294853,-169.0282850374999,90.91199639177051,0.20851041714318375,0.20851041714318375,1.7537544859335754,4704.385828808547,0.14113408157114732,0.5238728259027179,9.401243196798816,-0.26013526455361285,0.05867154724057882,-0.08253763165751757,1470.9974488571627,0.008387120109020246,5.374091333402041,1.7121263186565472,RECONSTRUCTED - approximate only,0.008387120109020246,5.374090844365558
2026-05-26,CRM,CONTROL,control,178.61898803710938,178.61898803710938,179,0.46392794140822147,-0.009107652454702426,0.46392794140822147,-0.008767062014660206,-149.90015869770878,-14.112540131124096,0.07513221664719716,0.07513221664719716,1.7054777972879491,1559.1337335017054,0.12150992305296424,0.5055381914380264,4.476091283624584,-0.42942852079173127,0.06712085641058146,-0.24419624713136937,679.1571459350592,0.0036429366247552955,3.7748974898571257,1.649835813239079,RECONSTRUCTED - approximate only,0.0036429366247552955,3.774707129825848
2026-05-26,BMY,CONTROL,control,58.029998779296875,58.029998779296875,58,0.2510994195037728,0.002690882103526497,0.2510994195037728,-0.00878852890334978,-38.52744674196676,-64.89072068738362,-0.6841768875188206,-0.6841768875188206,-0.6583219274334332,-90.32127087138315,-0.06151989953337502,0.5238555215804827,0.8479124046525364,-0.5259688293331986,-0.014647570084463697,-0.35689290715580074,-62.808060256454986,-0.02666890608979127,-0.9998816707818194,-0.7785418493115299,RECONSTRUCTED - approximate only,-0.02666890608979127,-0.999997363843957
2026-05-26,PEGA,CONTROL,control,34.33000183105469,34.33000183105469,34,0.5375288569608077,0.0005822549825945406,0.5375288569608077,-0.016894896595374537,-49.59689967513702,-15.511564319123472,-0.018833926393377057,-0.018833926393377057,0.6163830663208796,122.57089239009859,0.06641417587209109,0.5713685219470572,1.20547081942874,-0.46998398564264754,0.040780589470147136,-0.3164711632014313,57.233312809496454,-0.0011637213288643179,1.1869186483528111,0.537293550456446,RECONSTRUCTED - approximate only,-0.0011637213288643179,1.17595893945843
2026-05-26,WDAY,CONTROL,control,124.0199966430664,124.0199966430664,124,0.6014662728584955,-0.016154204032183254,0.6014662728584955,0.0038703706654263106,-48.775836396128824,-135.68199046637235,-0.23254559020999813,-0.23254559020999813,4.318176577454897,1925.8507392963297,0.20045161193879088,0.5219686936925373,4.187420473872713,-0.19601646605121584,0.17876154167416924,-0.01408135250090848,1674.617791233335,-0.01626083173411775,4.949724654494727,4.315650266675102,RECONSTRUCTED - approximate only,-0.01626083173411775,4.949718474076422
2026-05-26,DUK,CONTROL,control,124.97000122070312,124.97000122070312,125,0.1715599584156272,0.0002387107482610602,0.1715599584156272,0.0030407077675135416,-3.1795891364028925,-45.866980634098326,-0.27629840169251585,-0.27629840169251585,-0.8463937472122821,-130.08091440045865,-0.03104749015693952,0.5168053721092332,1.22948997389922,-0.08643322181828551,-0.017924284563409627,0.08917099836171205,-112.45499922499894,-0.005807444274160509,-0.9972985558354501,-0.924856366662306,RECONSTRUCTED - approximate only,-0.005807444274160509,-0.9997294238676481
2026-05-26,TEX,CONTROL,control,59.10323715209961,59.10323715209961,59,0.4955809663741538,0.01506242447513577,0.4955809663741538,-0.0033744344988778886,-39.84598165806413,16.099328742762864,0.21319778589961552,0.21319778589961552,-0.5322075151739457,44.11476210136302,0.034587469541375225,0.5293995790579025,1.696868115975807,-0.3098197214683654,-0.018390416301380465,-0.13385216964780058,-104.06184769998909,0.010915902745846775,0.3869881327952521,-0.6663561023185288,RECONSTRUCTED - approximate only,0.010915902745846775,0.3301270004388667
2026-05-26,GWRE,CONTROL,control,137.36000061035156,137.36000061035156,137,0.6145884995487196,-0.012476829235257877,0.6145884995487196,-0.029775744901841532,-261.6972781198828,-106.05539858211249,-0.11959096689788196,-0.11959096689788196,2.246019414802706,1932.6554543649797,0.1847699823095359,0.5337324856033727,4.90401680264705,-0.6146759240330163,0.11145892174260791,-0.4536713014508684,996.038942153606,-0.008302605891935249,4.256436910895028,2.220063884103647,RECONSTRUCTED - approximate only,-0.008302605891935249,4.256412606392199
2026-05-26,RRX,CONTROL,control,209.85000610351562,209.85000610351562,210,0.5862156894131805,0.01668495927822994,0.5862156894131805,-0.018298839575851485,-288.9696833209367,257.05542449349116,0.5040577814865662,0.5040577814865662,-0.7091591444873999,-143.939359421539,0.019680674309755227,0.5173889514057304,6.819376749987185,-0.5148217375959866,-0.03855140034015064,-0.3387806368259113,-528.9159887858988,0.02802136424768558,-0.11491340608263523,-0.8232561723704241,RECONSTRUCTED - approximate only,0.02802136424768558,-0.21030734188163333
2026-05-26,WEC,CONTROL,control,112.98999786376953,112.98999786376953,113,0.18775564937022224,-0.0026452962002508464,0.18775564937022224,0.001327564640365433,-14.987506721144406,-19.32561911975762,-0.05009695760610176,-0.05009695760610176,-0.8045501526046945,-127.24787258730962,-0.024426892282656952,0.5185342994458231,1.221313195755954,-0.18963300824635546,-0.017169615441100756,-0.012707415597780975,-106.86086516979962,-0.001060938431036034,-0.9802627207033482,-0.8955012460362943,RECONSTRUCTED - approximate only,-0.001060938431036034,-0.9951406522628495
2026-05-26,SMG,CONTROL,control,58.880001068115234,58.880001068115234,59,0.4096217964848263,0.013353632818880095,0.4096217964848263,0.03821331452418099,112.43864617363776,-58.34974829883164,-0.3561305784060811,-0.3561305784060811,-0.21231311612264567,-132.69780209434947,-0.041779939785056584,0.5037406451888914,1.301542736834996,0.8816544770437266,0.0020380253007459197,1.0251322280432231,-40.567213819652245,-0.017848201521386515,-0.9574255420178784,-0.3673217066822691,RECONSTRUCTED - approximate only,-0.017848201521386515,-0.9858467973304745
2026-05-26,KEY,CONTROL,control,21.556467056274414,21.556467056274414,22,0.19779456108361565,0.0046382311271841664,0.19779456108361565,-0.01240236397804703,-7.5493026902327145,0.7077110186634996,0.3569756987550246,0.3569756987550246,-0.9475351137563218,-10.068329613017129,-0.017464213876784374,0.24358036980028175,0.08396006064786476,-0.8722251227652433,-0.02021129914118967,-0.6782300062811746,-9.69733564009006,0.005078513902422945,-0.994047701823647,-0.9894072189912699,RECONSTRUCTED - approximate only,0.005078513902422945,-0.9994813499306096
2026-05-26,CRM,CONTROL,control,178.61898803710938,178.61898803710938,179,0.46392794140822147,-0.009107652454702426,0.46392794140822147,-0.008767062014660206,-149.90015869770878,-14.112540131124096,0.07513221664719716,0.07513221664719716,1.7054777972879491,1559.1337335017054,0.12150992305296424,0.5055381914380264,4.476091283624584,-0.42942852079173127,0.06712085641058146,-0.24419624713136937,679.1571459350592,0.0036429366247552955,3.7748974898571257,1.649835813239079,RECONSTRUCTED - approximate only,0.0036429366247552955,3.774707129825848
2026-05-26,DTM,CONTROL,control,148.72467041015625,148.72467041015625,149,0.2505164646981483,0.009727409988880893,0.2505164646981483,-0.030337381833254334,-172.7524310047291,-126.90713116334585,-0.5579353451272053,-0.5579353451272053,-0.997200035334025,-210.576529916253,-0.05532912272925939,0.4966783401559059,1.9936419066245605,-0.9022398745045433,-0.06461748549783417,-0.799995918788886,-210.1020981405391,-0.01926733411078924,-0.999705008105279,-0.999763640273276,RECONSTRUCTED - approximate only,-0.01926733411078924,-0.9999901089829616
2026-05-26,RRX,CONTROL,control,209.85000610351562,209.85000610351562,210,0.5862156894131805,0.01668495927822994,0.5862156894131805,-0.018298839575851485,-288.9696833209367,257.05542449349116,0.5040577814865662,0.5040577814865662,-0.7091591444873999,-143.939359421539,0.019680674309755227,0.5173889514057304,6.819376749987185,-0.5148217375959866,-0.03855140034015064,-0.3387806368259113,-528.9159887858988,0.02802136424768558,-0.11491340608263523,-0.8232561723704241,RECONSTRUCTED - approximate only,0.02802136424768558,-0.21030734188163333
2026-05-26,SBUX,CONTROL,control,101.41999816894531,101.41999816894531,101,0.28376562012664325,-0.00029093957054892423,0.28376562012664325,0.006704795084328808,6.91888895817693,-93.99449664862532,-0.4199948370757279,-0.4199948370757279,-0.7303653760631561,-196.1042606648899,-0.05827249200764113,0.5594794302468118,1.8576234022379907,0.0030809090927394205,-0.022283519499490045,0.15183590267613858,-148.76689642451055,-0.016104032136418426,-0.9986049148390214,-0.8322966066448482,RECONSTRUCTED - approximate only,-0.016104032136418426,-0.9998910041643115
2026-05-27,CNP,CONTROL,control,43.06999969482422,43.06999969482422,43,0.1973904136134349,0.002795223178004454,0.1973904136134349,-0.019735279316085978,-41.75347962163858,-5.528945141085383,0.020757871601312688,0.020757871601312688,-0.9834302069219757,-56.42340968117971,-0.03552353819683767,0.5431015843666019,0.5267742879049813,-0.8243369334052393,-0.04132804253329911,-0.7031022294402199,-55.782088839829164,0.00046458671586813963,-0.9962454597796561,-0.9966312890978042,RECONSTRUCTED - approximate only,0.00046458671586813963,-0.9995448280735365
2026-05-27,ADBE,CONTROL,control,238.24000549316406,238.24000549316406,238,0.3985420695284801,-0.011351868784441962,0.3985420695284801,0.013431820325969589,80.57678722973084,-31.741760775705618,0.046759331585277585,0.046759331585277585,5.602105492779342,1163.9170245734676,0.07555399733957537,0.5252091159560729,5.477241529771192,0.09385959338009939,0.15022663054446475,0.26261625498258745,2858.915646327268,0.0020188887845651593,2.344609788358853,5.601935352572512,RECONSTRUCTED - approximate only,0.0020188887845651593,2.3422902643855625
2026-05-27,DT,CONTROL,control,38.90999984741211,38.90999984741211,39,0.5783543193081366,-0.013054157616156126,0.5783543193081366,0.04112049551260816,70.69050204143633,-60.246162930820894,-0.40431271841310046,-0.40431271841310046,3.5205968852524547,293.9718279448776,0.11642248257675497,0.5092439188688366,1.2176516872881749,0.5649794784812582,0.14289389347455392,0.7276043136143903,393.77525319808694,-0.028949335069796488,2.6578194735723413,3.511437345685387,RECONSTRUCTED - approximate only,-0.028949335069796488,2.655387802017799
2026-05-27,KMI,CONTROL,control,32.220001220703125,32.220001220703125,32,0.23309008260104352,-0.008822546706832208,0.23309008260104352,-0.009621395454566981,-25.888104000789657,-24.87513542999541,-0.34539501527450106,-0.34539501527450106,-0.9570667991137762,-55.80611180275333,-0.026381140573128053,0.6018359474324363,0.5506597574178436,-0.5026768109174439,-0.04252019824111917,-0.364758745631323,-56.873323860281516,-0.011049741869824459,-0.936666159734292,-0.9858835752047991,RECONSTRUCTED - approximate only,-0.011049741869824459,-0.9721827864042109
2026-05-27,GLPI,CONTROL,control,46.9418830871582,46.9418830871582,47,0.1539681639581005,0.0004176524508450928,0.1539681639581005,-0.006909493477446284,-21.478864452098396,-11.78767717971359,-0.1757504486447864,-0.1757504486447864,-0.9136416361283115,-42.541016880416926,-0.03517580262472174,0.4990444489108608,0.39285144677218753,-0.6074546674285265,-0.020100470251877754,-0.43542238938020417,-39.326431133231864,-0.0031309022407982915,-0.9997753260643791,-0.966829601527594,RECONSTRUCTED - approximate only,-0.0031309022407982915,-0.9999933963050575
2026-05-27,OKTA,CONTROL,control,89.5,89.5,90,0.4373215701275522,-0.03816218201502554,0.4373215701275522,0.058324035985509774,294.6708365102443,-52.271362518005425,-0.16758018246451112,-0.16758018246451112,24.344434726562604,3086.3120106422734,0.3927374472165241,0.4817053835384445,1.9664788496498176,1.5664911052294508,0.5618993663255063,1.689558097113794,4526.952731167762,-0.008090472456770642,16.632864797332672,24.344434726562604,RECONSTRUCTED - approximate only,-0.008090472456770642,16.632864797332672
2026-05-27,ETR,CONTROL,control,111.51000213623047,111.51000213623047,112,0.23003773641021558,-0.004554810490938621,0.23003773641021558,-0.016949146744158854,-86.81673834282324,-11.448189720715206,0.018866532433787078,0.018866532433787078,-0.9975252133277626,-128.32254003719743,-0.025558231723816882,0.4635058228607933,1.2364261812519715,-0.7780311934046276,-0.05864945556666299,-0.6227836974143737,-130.83405938317307,0.000448618806464519,-0.9761433903382635,-0.9998129207695465,RECONSTRUCTED - approximate only,0.000448618806464519,-0.9941000997917222
2026-05-27,EXC,CONTROL,control,45.75965881347656,45.75965881347656,46,0.2090014775228257,-0.00456224126094419,0.2090014775228257,-0.013206236943150916,-29.506722718346477,11.960418519302607,0.4245710938637226,0.4245710938637226,-0.9589809640190775,-46.45059548761688,-0.024031104686543923,0.4469430906018127,0.4371433876554889,-0.7436221390928248,-0.03204152849123263,-0.5739484671783445,-45.496591670855366,0.008075053128526372,-0.9819531642700146,-0.9892022641111123,RECONSTRUCTED - approximate only,0.008075053128526372,-0.9961399829386147
2026-05-27,GTLS,CONTROL,control,207.7100067138672,207.7100067138672,208,0.15,-0.0004330077919377737,0.024779861481030237,0.0012036011358104175,-19.530187546250477,-19.943454187975906,-0.011778644851904815,-0.011778644851904815,-0.245929273144936,-122.565360800978,-0.00269612825228138,0.4957650942580115,1.6767247392287032,-0.19930716490404052,0.0004813963771341349,-0.009184196834123208,-57.24103854863854,-0.00019250679245637787,-0.6560290520017665,-0.4011825263945647,RECONSTRUCTED - approximate only,-0.00019250679245637787,-0.7578703053761435
2026-05-27,TTC,CONTROL,control,91.20783996582031,91.20783996582031,91,0.23815324255982934,0.00414980212438973,0.23815324255982934,-0.01484559248783375,-81.70559476912761,-31.58146246333623,-0.13061089525036718,-0.13061089525036718,-0.7221365600097884,-100.58909821608222,-0.007204473786833968,0.545673412378455,1.3513662575683227,-0.6693492730383317,-0.017792778361551024,-0.5210471980433161,-107.5214057282838,-0.0036976220682423118,-0.6681381287077658,-0.8277465867764534,RECONSTRUCTED - approximate only,-0.0036976220682423118,-0.7585450967512766
2026-05-27,VTR,CONTROL,control,88.05000305175781,88.05000305175781,88,0.2285320527062783,-0.002036893737482013,0.2285320527062783,-0.02566725789778778,-98.05773888393237,-19.938580536281446,-0.06110649074133619,-0.06110649074133619,-0.9995005378249717,-125.12388585108074,-0.10232824331572349,0.5255435315385807,1.1792751033669973,-0.8693537266261779,-0.07200458543491879,-0.7584051343126881,-125.06793053926671,-0.001587474609057343,-0.9999999999780956,-0.9999807714834601,RECONSTRUCTED - approximate only,-0.001587474609057343,-0.9999999999999978
2026-05-27,SWX,CONTROL,control,88.63999938964844,88.63999938964844,89,0.1853375503643157,-0.0016815459822426691,0.1853375503643157,-0.021547789326112034,-68.09164723000433,-25.43618535436404,-0.2211925738275401,-0.2211925738275401,-0.9973226836511829,-82.89921592482067,-0.032829377851447496,0.4571077493173383,0.7782528664849551,-0.9055853599850595,-0.04681860959448012,-0.7981321280328636,-82.81860621423967,-0.004604195935524807,-0.998412976158689,-0.999792221378397,RECONSTRUCTED - approximate only,-0.004604195935524807,-0.9998871705103531
2026-05-27,BC,CONTROL,control,83.55999755859375,83.55999755859375,84,0.44587551490212635,0.0163128291417421,0.44587551490212635,0.00083771777009847,-31.955308176414952,-68.42105924351799,-0.2690195473271302,-0.2690195473271302,-0.5131208949833257,-160.8715076848692,-0.017233064314081253,0.4845839782739328,1.8877106953216582,-0.2675487359890962,-0.013044475463588905,-0.06567800130317392,-112.19636809125589,-0.013808636279773029,-0.7845448434352263,-0.6629438280909982,RECONSTRUCTED - approximate only,-0.013808636279773029,-0.8715506184152928
2026-05-27,HPE,CONTROL,control,37.09148025512695,37.09148025512695,37,0.5031826016402347,-0.006568642530057201,0.5031826016402347,0.027150530750385492,39.0171161234734,-39.93124027561378,-0.2664850738470414,-0.2664850738470414,8.035033859672687,1593.7728658004655,0.4825269874689779,0.5334876272160864,1.0938710658416966,0.33910688139227513,0.263440871826659,0.49323456447912084,822.7439392962399,-0.016133313625914626,15.454641358804512,8.035032447067284,RECONSTRUCTED - approximate only,-0.016133313625914626,15.454641358804512
2026-05-27,TRV,CONTROL,control,298.6912841796875,298.6912841796875,299,0.15566889996414457,-0.0006233320345653326,0.15566889996414457,-0.018770441856748945,-219.45657584639002,-186.93119124611633,-0.6586704768162197,-0.6586704768162197,-0.9936380012686032,-269.7516453274453,-0.03330661221907581,0.5029284221194077,2.5578302232655687,-0.8963677653917171,-0.036707372943247295,-0.7925231721055341,-268.3262467425081,-0.01546033661395223,-0.99950398701482,-0.9992065658734429,RECONSTRUCTED - approximate only,-0.01546033661395223,-0.9999783692513438
2026-05-27,HWM,CONTROL,control,258.0199890136719,258.0199890136719,258,0.3863019185681462,0.002329166128694702,0.3863019185681462,0.00724759985423663,-1.0988103531953997,-247.89386983693052,-0.35514511770627666,-0.35514511770627666,-0.45436168931054693,-560.8863794906871,-0.03639246775706909,0.5183931502268537,5.637876387568099,-0.07272316580159462,-0.00968911265661076,0.10563879325994423,-301.0340926357322,-0.017066708519345237,-0.9395243715012478,-0.5966575216208769,RECONSTRUCTED - approximate only,-0.017066708519345237,-0.9764073784560193
2026-05-27,NWE,CONTROL,control,71.66773986816406,71.66773986816406,72,0.2732462014750102,-0.008144751823715364,0.2732462014750102,-0.020317908915761462,-67.70582536014919,13.076689256417328,0.26334891322887893,0.26334891322887893,-0.9895899719238926,-101.49450104510613,-0.04409113661443484,0.4689246276215493,0.9572878391244828,-0.7785464005444318,-0.05694537385637976,-0.624933820937534,-100.86851074626152,0.0069589423885665505,-0.9964733473283186,-0.9984521250054037,RECONSTRUCTED - approximate only,0.0069589423885665505,-0.9996278430152699
2026-05-27,ODFL,CONTROL,control,219.17218017578125,219.17218017578125,219,0.41704244695282305,0.012326265430974976,0.41704244695282305,0.006425169392664882,-17.530248533020842,-45.18651558085694,0.01707001692141629,0.01707001692141629,0.9546593296964179,1076.7122831781483,0.07705274168130313,0.5235589905075123,5.238086735605734,-0.10374650077858952,0.04137620000685062,0.0726472945034517,421.37502797492397,0.0007752561560182504,2.271607147682163,0.8708107239814536,RECONSTRUCTED - approximate only,0.0007752561560182504,2.2687116323465393
2026-05-27,COIN,CONTROL,control,173.77999877929688,173.77999877929688,174,0.6813393754742884,-0.020165489332791393,0.6813393754742884,0.04873979330302649,386.48211808062587,-184.7624642248869,-0.1912274942992896,-0.1912274942992896,0.6224639624474465,-645.4506280500212,-0.06076647274008271,0.5175205741576272,6.513472919484798,0.5732540615599222,0.0508113815921297,0.7319514212659942,318.73347626703327,-0.014740934525107188,-0.9357380116286109,0.5062977100179754,RECONSTRUCTED - approximate only,-0.014740934525107188,-0.9744770011451239
2026-05-27,ETR,CONTROL,control,111.51000213623047,111.51000213623047,112,0.23003773641021558,-0.004554810490938621,0.23003773641021558,-0.016949146744158854,-86.81673834282324,-11.448189720715206,0.018866532433787078,0.018866532433787078,-0.9975252133277626,-128.32254003719743,-0.025558231723816882,0.4635058228607933,1.2364261812519715,-0.7780311934046276,-0.05864945556666299,-0.6227836974143737,-130.83405938317307,0.000448618806464519,-0.9761433903382635,-0.9998129207695465,RECONSTRUCTED - approximate only,0.000448618806464519,-0.9941000997917222
2026-05-27,GEV,CONTROL,control,1031.363037109375,1031.363037109375,1031,0.5262605519512331,-0.021663372293734717,0.5262605519512331,-0.03478087037334686,-1949.476863202583,-1000.744193965444,-0.23808714827779917,-0.23808714827779917,-0.944737730683423,-3172.872621743543,-0.07028851951123728,0.5217028197670772,30.640616916618228,-0.7154736935134203,-0.07883593725403679,-0.564015953933277,-3057.704123958053,-0.014695224025965705,-0.9843028601972438,-0.981773907376041,RECONSTRUCTED - approximate only,-0.014695224025965705,-0.9964938052478476
2026-05-27,ALL,CONTROL,control,207.7555389404297,207.7555389404297,208,0.21694634023180553,-0.0009868131902042718,0.21694634023180553,-0.007517406490721178,-111.13534467389542,-161.46666882175663,-0.5779239158571594,-0.5779239158571594,-0.3671665006152826,-56.19785355689842,0.007626547073266014,0.5031102942285398,2.467793961186871,-0.5402411634424802,-0.0026258372188041734,-0.3632368632038886,-112.05661054387717,-0.017684937190357457,-0.12890231612492947,-0.517612033471807,RECONSTRUCTED - approximate only,-0.017684937190357457,-0.22608678612206656
2026-05-27,IFF,CONTROL,control,76.59500122070312,76.59500122070312,77,0.5923023107755999,0.011598753134750305,0.5923023107755999,0.013376615873762135,8.351680213997426,-12.861255749547606,0.05345546717489991,0.05345546717489991,-0.6962453894335813,-228.78736662091953,-0.04467531122191831,0.4953764342395909,2.3490224569304914,-0.049023336858330296,-0.035584384020654496,0.14851375923820384,-180.16234982411572,0.0032573289902279525,-0.9141412552485264,-0.8171647664024169,RECONSTRUCTED - approximate only,0.0032573289902279525,-0.9628643770095657
2026-05-27,PH,CONTROL,control,856.6799926757812,856.6799926757812,857,0.263064723388701,0.004573540740682406,0.263064723388701,-0.0045174337562148914,-399.9575797956265,-726.3937156812397,-0.49578926386011124,-0.49578926386011124,-0.9384650703847919,-949.1673315558542,-0.0069103783918958925,0.5136750706260655,12.698668455472387,-0.4046248316702209,-0.03896438012816471,-0.22519633803671762,-1260.4260792112368,-0.01756881573878297,-0.6804531472020334,-0.9789961734007041,RECONSTRUCTED - approximate only,-0.01756881573878297,-0.7767339149436241
2026-05-27,HUBB,CONTROL,control,482.799072265625,482.799072265625,483,0.3049948477615498,0.01037551194601306,0.3049948477615498,-0.02131127230985894,-539.8401746489128,-22.047868398277092,0.07883583829972209,0.07883583829972209,-0.9189706342021773,-350.78000579143685,0.004372277242742896,0.5135495664866399,8.264122811755186,-0.730912836403061,-0.04115393075758074,-0.5806951794631251,-805.4174153546695,0.002567214362651957,-0.339882320562455,-0.9691271103512237,RECONSTRUCTED - approximate only,0.002567214362651957,-0.44307334241001584
2026-05-27,CASY,CONTROL,control,784.3800048828125,784.3800048828125,784,0.28107694274276684,0.0,0.28107694274276684,-0.00434742619452285,-380.8095278838725,-978.0116591552018,-0.7014195113034262,-0.7014195113034262,-0.9668580741971305,-1076.4397660701538,-0.012991155279294314,0.5225467055909144,12.745005876657615,-0.3838305611612382,-0.04946580426762093,-0.2081801762457538,-1299.398183332524,-0.030923721095847314,-0.7827129485896692,-0.9911496345954626,RECONSTRUCTED - approximate only,-0.030923721095847314,-0.8642463957993943
2026-05-27,DINO,CONTROL,control,68.08000183105469,68.08000183105469,68,0.4141483561933458,-0.026265802632803568,0.4141483561933458,0.00264395270761691,-19.83815158519265,60.22921899582822,0.5027306687011616,0.5027306687011616,0.9173399190067224,337.1163570019871,0.07726196188844095,0.5262700859009934,1.6295067441253153,-0.19066021412103124,0.04009981865620008,-0.014489913666569348,124.41203310304515,0.020230756874086413,2.2913709816081855,0.8330209987823206,RECONSTRUCTED - approximate only,0.020230756874086413,2.2887850837793704
2026-05-27,AVGO,CONTROL,control,421.193359375,421.193359375,421,0.3868771245663073,0.0072509510055639844,0.3868771245663073,0.011188578420688983,92.4077026428554,-243.2571898695688,-0.16869581482765972,-0.16869581482765972,3.1488964350318205,4493.413212694015,0.13599309474567706,0.5212362933655242,9.296712433950916,0.03812592540547926,0.0903380925662297,0.21136484458588847,2686.7994165349737,-0.0075517489292248035,5.194456891278833,3.1400506691145407,RECONSTRUCTED - approximate only,-0.0075517489292248035,5.1944558248514054
2026-05-27,HWM,CONTROL,control,258.0199890136719,258.0199890136719,258,0.3863019185681462,0.002329166128694702,0.3863019185681462,0.00724759985423663,-1.0988103531953997,-247.89386983693052,-0.35514511770627666,-0.35514511770627666,-0.45436168931054693,-560.8863794906871,-0.03639246775706909,0.5183931502268537,5.637876387568099,-0.07272316580159462,-0.00968911265661076,0.10563879325994423,-301.0340926357322,-0.017066708519345237,-0.9395243715012478,-0.5966575216208769,RECONSTRUCTED - approximate only,-0.017066708519345237,-0.9764073784560193
2026-05-27,PFE,CONTROL,control,26.209999084472656,26.209999084472656,26,0.15,0.0,0.1438081870881853,-0.0026707248099710167,-10.802452093068837,22.119766035939776,0.8022798222993928,0.8022798222993928,-0.8801900652418203,-38.335091212805665,-0.033193398026487186,0.6714091660566408,0.35368430282862207,-0.28351382532595426,-0.02212895627492252,-0.17754784249748387,-34.411236938550815,0.013926448653400817,-0.9969714119749166,-0.9367721506778109,RECONSTRUCTED - approximate only,0.013926448653400817,-0.9996046954591086
2026-05-27,GLPI,CONTROL,control,46.9418830871582,46.9418830871582,47,0.1539681639581005,0.0004176524508450928,0.1539681639581005,-0.006909493477446284,-21.478864452098396,-11.78767717971359,-0.1757504486447864,-0.1757504486447864,-0.9136416361283115,-42.541016880416926,-0.03517580262472174,0.4990444489108608,0.39285144677218753,-0.6074546674285265,-0.020100470251877754,-0.43542238938020417,-39.326431133231864,-0.0031309022407982915,-0.9997753260643791,-0.966829601527594,RECONSTRUCTED - approximate only,-0.0031309022407982915,-0.9999933963050575
2026-05-27,WAB,CONTROL,control,260.80999755859375,260.80999755859375,261,0.292807882163075,0.007343149955140432,0.292807882163075,0.0014953976154609605,-56.050561859040215,-155.95222676363113,-0.2779146394873321,-0.2779146394873321,-0.691563402092616,-133.00056473182045,0.0075533961088303115,0.5103566181747609,4.248466867291029,-0.21417174796513594,-0.018404155660828845,-0.03039088432375732,-322.90266771295677,-0.009795424831451769,-0.22104790379494269,-0.8093329833493035,RECONSTRUCTED - approximate only,-0.009795424831451769,-0.32077772287890227
2026-05-27,L,CONTROL,control,106.9800033569336,106.9800033569336,107,0.22726765353938178,-0.00217369915690171,0.22726765353938178,-0.020190723446723288,-103.2236238422406,-84.77668276452741,-0.5294782220396365,-0.5294782220396365,-0.9066637546563089,-140.6208051284104,-0.023555844021177167,0.5160592655873735,1.3843463678513928,-0.803190563934023,-0.029444769368431208,-0.6697453774591303,-134.38144786250587,-0.01663753601766367,-0.9541066825459485,-0.9622658479304215,RECONSTRUCTED - approximate only,-0.01663753601766367,-0.9839757877003803
2026-05-27,EXC,CONTROL,control,45.75965881347656,45.75965881347656,46,0.2090014775228257,-0.00456224126094419,0.2090014775228257,-0.013206236943150916,-29.506722718346477,11.960418519302607,0.4245710938637226,0.4245710938637226,-0.9589809640190775,-46.45059548761688,-0.024031104686543923,0.4469430906018127,0.4371433876554889,-0.7436221390928248,-0.03204152849123263,-0.5739484671783445,-45.496591670855366,0.008075053128526372,-0.9819531642700146,-0.9892022641111123,RECONSTRUCTED - approximate only,0.008075053128526372,-0.9961399829386147
2026-05-27,WY,CONTROL,control,24.301616668701172,24.301616668701172,24,0.23069084847220594,0.004198223071838874,0.23069084847220594,0.0020399424034729958,-5.191792089585916,38.61938056436547,0.9510634944874596,0.9510634944874596,-0.8694349477399409,-21.891324319027934,-0.0016320481065683304,0.668914046024484,0.49681229453450726,-0.07421512677681846,-0.032639784833992436,0.022804988133981113,-47.30299022218617,0.024665558139885458,-0.3310198904316813,-0.9291382138944162,RECONSTRUCTED - approximate only,0.024665558139885458,-0.3817887407297076
2026-05-27,HIG,CONTROL,control,131.0684814453125,131.0684814453125,131,0.18184790007809737,-0.0016991566429321243,0.18184790007809737,-0.020654611614090542,-117.59633202443032,-122.35657301339883,-0.7952346191019124,-0.7952346191019124,-0.9738989655940516,-149.79665208577705,-0.03912824004179888,0.528468875945034,1.4150836886910554,-0.869916155124448,-0.03432161341066002,-0.7598248406666679,-146.37494824820777,-0.025456984511985296,-0.9993518313292398,-0.9936586192276387,RECONSTRUCTED - approximate only,-0.025456984511985296,-0.9999665272485584
2026-05-27,CFR,CONTROL,control,136.64920043945312,136.64920043945312,137,0.19554865080782846,5.9102291449483346e-08,0.19554865080782846,-0.010385752037699534,-79.6622728912124,-81.50819811206098,-0.5108824430352515,-0.5108824430352515,-0.9406869814336634,-137.82114521439144,-0.017337837708066225,0.481764356920096,1.3702878361183934,-0.6680979982789186,-0.028241710459405576,-0.4967023625541697,-137.45901154526436,-0.01325778223977038,-0.9434688300779821,-0.9808684123280141,RECONSTRUCTED - approximate only,-0.01325778223977038,-0.9794505219742998
2026-05-27,KEX,CONTROL,control,143.3300018310547,143.3300018310547,143,0.2260531258556894,-0.00332532709409033,0.2260531258556894,-0.020023687159164402,-147.61442047097313,-48.37580995979086,-0.13880976251421467,-0.13880976251421467,-0.4935005671690466,-10.472653838150736,0.010256060852045746,0.5477249722526623,2.030273742993387,-0.7831787126607747,-0.00767463956926631,-0.6533300119900951,-116.78715557912152,-0.0037533419368852255,0.057705900524336676,-0.622650630067337,RECONSTRUCTED - approximate only,-0.0037533419368852255,-0.00806326952675769
2026-05-27,APO,CONTROL,control,130.27000427246094,130.27000427246094,130,0.34395622856697244,0.00023091970172597795,0.34395622856697244,-0.021186781651268687,-161.4796846861303,-10.895313691219688,0.06748815036827809,0.06748815036827809,-0.579800915180436,-276.88255110935074,-0.04544412070454912,0.5348652891582223,2.6738128891726376,-0.6770068186902972,-0.015736570081553172,-0.525335172636261,-175.31464910726277,0.002539647720904846,-0.9796553009819491,-0.7072393938273283,RECONSTRUCTED - approximate only,0.002539647720904846,-0.9948194633617246
2026-05-27,PCAR,CONTROL,control,112.26000213623047,112.26000213623047,112,0.2900691662123022,0.00535665085865595,0.2900691662123022,-0.00035632384434485924,-36.58175378442766,-38.561139284176804,-0.09226859024589489,-0.09226859024589489,-0.7719137712140859,38.749413284588115,0.018884688017508054,0.5404944339219082,1.9856176157645677,-0.24863771329972556,-0.02485302745800418,-0.08177531265103338,-166.76510644517086,-0.003108058540308013,0.3175763284013297,-0.8684173938039428,RECONSTRUCTED - approximate only,-0.003108058540308013,0.2646295049105899
2026-05-27,EVRG,CONTROL,control,84.16999816894531,84.16999816894531,84,0.19591562533656612,-0.002734554217864158,0.19591562533656612,-0.01568254394130705,-72.1617707414911,4.168502125825436,0.16059124660861768,0.16059124660861768,-0.9899535036941074,-110.25864311691177,-0.036830207218239486,0.5491149146409735,1.0403970498515562,-0.7477151059993735,-0.044909098984530015,-0.6116875258203399,-109.54871744820387,0.003457331008860121,-0.9971362439536446,-0.9983520116028142,RECONSTRUCTED - approximate only,0.003457331008860121,-0.9996911728230226
2026-05-27,HL,CONTROL,control,16.940000534057617,16.940000534057617,17,0.6846589378798155,-0.027303728345815546,0.6846589378798155,0.03837069646033711,24.304455280251027,-14.850550032040099,-0.12489460896251174,-0.12489460896251174,0.3167781575557799,-47.175475321856624,-0.01593863336785852,0.5080705253138611,0.6197373684407754,0.36334747486503455,0.03541914773045224,0.5401579950020715,11.152956181190198,-0.00935671601419915,-0.6739374596910939,0.17599742056164605,RECONSTRUCTED - approximate only,-0.00935671601419915,-0.7742011773488425
2026-05-27,LULU,CONTROL,control,131.0399932861328,131.0399932861328,131,0.5181893860907979,0.03619951546903943,0.5181893860907979,0.002213130034955251,-52.34904112477886,-83.17914445888734,-0.11967345365806753,-0.11967345365806753,-0.09590851529264632,-364.7139205041373,-0.03823256077170538,0.5213319286726931,3.8316827358442396,-0.2159979988533535,0.008012844212110687,-0.034977661785458816,-74.52847257383458,-0.006971911040663006,-0.8930996902950878,-0.24197369665115695,RECONSTRUCTED - approximate only,-0.006971911040663006,-0.9481158632618978
2026-05-27,ETR,CONTROL,control,111.51000213623047,111.51000213623047,112,0.23003773641021558,-0.004554810490938621,0.23003773641021558,-0.016949146744158854,-86.81673834282324,-11.448189720715206,0.018866532433787078,0.018866532433787078,-0.9975252133277626,-128.32254003719743,-0.025558231723816882,0.4635058228607933,1.2364261812519715,-0.7780311934046276,-0.05864945556666299,-0.6227836974143737,-130.83405938317307,0.000448618806464519,-0.9761433903382635,-0.9998129207695465,RECONSTRUCTED - approximate only,0.000448618806464519,-0.9941000997917222
2026-05-27,JCI,CONTROL,control,137.8186492919922,137.8186492919922,138,0.2695226564905466,0.006846290700884874,0.2695226564905466,-0.01483356607772537,-117.79251166804393,-130.14359204318916,-0.5635051930559185,-0.5635051930559185,-0.8815165231953914,602.1230921445217,0.06338648570877836,0.5036390876174508,2.0279792477751357,-0.663606941832161,-0.03104189808707471,-0.4993963652596858,-191.41102796080992,-0.02110777647072566,3.237357349461241,-0.9482907424058479,RECONSTRUCTED - approximate only,-0.02110777647072566,3.2368940875945493
2026-05-27,RGA,CONTROL,control,206.77999877929688,206.77999877929688,207,0.17179131466703434,0.0021215263162854677,0.17179131466703434,-0.010736053940461648,-121.25020155944877,-178.36905846638317,-0.8496785332900605,-0.8496785332900605,-0.9919103262441198,-206.242169923707,-0.05643678420465167,0.5029936570792753,1.9518310313265346,-0.699967933599862,-0.03902694706001549,-0.5416338738466046,-204.74223904363285,-0.02719231673731825,-0.99999952344031,-0.9988732035463201,RECONSTRUCTED - approximate only,-0.02719231673731825,-0.9999999993887575
2026-05-27,APO,CONTROL,control,130.27000427246094,130.27000427246094,130,0.34395622856697244,0.00023091970172597795,0.34395622856697244,-0.021186781651268687,-161.4796846861303,-10.895313691219688,0.06748815036827809,0.06748815036827809,-0.579800915180436,-276.88255110935074,-0.04544412070454912,0.5348652891582223,2.6738128891726376,-0.6770068186902972,-0.015736570081553172,-0.525335172636261,-175.31464910726277,0.002539647720904846,-0.9796553009819491,-0.7072393938273283,RECONSTRUCTED - approximate only,0.002539647720904846,-0.9948194633617246
2026-05-27,FDX,CONTROL,control,330.5720520019531,330.5720520019531,331,0.41417304509971486,0.022549962428959416,0.41417304509971486,-0.0009228055096917197,-146.37161375475503,36.444507884458936,0.1581732459130362,0.1581732459130362,0.26988807485569966,-667.8617524170411,-0.02216016436203776,0.5091113487575539,7.509165533285113,-0.2844417164919189,0.02012262530597474,-0.09809760325804616,116.13859647450262,0.006747794022467006,-0.8291202257216839,0.13373151685598827,RECONSTRUCTED - approximate only,0.006747794022467006,-0.9031559817026126
2026-05-27,THO,CONTROL,control,78.87000274658203,78.87000274658203,79,0.366447644649958,0.010868156042337141,0.366447644649958,0.01838464432290166,50.99652563760132,-25.919066123747847,-0.05978532385838637,-0.05978532385838637,-0.5598912454992274,-42.12410905561726,0.011284383905857124,0.5047140690273173,1.5701329797636845,0.28139304358036343,-0.014200617567882214,0.4558638717505471,-100.5161822133706,-0.002403172500364775,-0.16842542089558732,-0.6979818598889805,RECONSTRUCTED - approximate only,-0.002403172500364775,-0.2691752131958287
2026-05-27,CHH,CONTROL,control,115.9000015258789,115.9000015258789,116,0.586935007007499,0.012927633739677489,0.586935007007499,-0.021915451959335787,-176.27944205184872,-2.313178287822214,0.10242869624414265,0.10242869624414265,-0.7036401787270126,-391.8967006326921,-0.08058674585262761,0.5166820030585327,3.762631470571769,-0.5573938893160414,-0.0378774748218464,-0.38425830550379725,-290.4424893472329,0.006251095839515905,-0.9874678866796186,-0.818931178210618,RECONSTRUCTED - approximate only,0.006251095839515905,-0.9974818188094423
2026-05-27,RBC,CONTROL,control,577.4199829101562,577.4199829101562,577,0.3639367559288802,-0.0006845044444746162,0.3639367559288802,0.0007101142873874168,-187.2055895379875,-418.0819657111725,-0.2575553829462679,-0.2575553829462679,-0.6351672145065616,-265.63815398714985,0.011707266748121574,0.5233895721724509,12.091936030237093,-0.2339813032764565,-0.0195351193162185,-0.056572046791403055,-851.857486302507,-0.011267152551102312,-0.12484944583698364,-0.7592244719397923,RECONSTRUCTED - approximate only,-0.011267152551102312,-0.21478147901281266
2026-05-27,IFF,CONTROL,control,76.59500122070312,76.59500122070312,77,0.5923023107755999,0.011598753134750305,0.5923023107755999,0.013376615873762135,8.351680213997426,-12.861255749547606,0.05345546717489991,0.05345546717489991,-0.6962453894335813,-228.78736662091953,-0.04467531122191831,0.4953764342395909,2.3490224569304914,-0.049023336858330296,-0.035584384020654496,0.14851375923820384,-180.16234982411572,0.0032573289902279525,-0.9141412552485264,-0.8171647664024169,RECONSTRUCTED - approximate only,0.0032573289902279525,-0.9628643770095657
2026-05-27,TJX,CONTROL,control,157.00999450683594,157.00999450683594,157,0.233698311303506,0.006479202185240565,0.233698311303506,-0.013502294066351292,-123.97185516463658,-135.3798912826037,-0.5644829325353619,-0.5644829325353619,-0.876515151330082,-68.43610104591107,0.005668425073473196,0.519053329413316,2.1073169322311855,-0.6655331706863243,-0.027131995770183055,-0.5074983428522619,-197.84721519904272,-0.01868753433227539,-0.23009019578189244,-0.9442080972543854,RECONSTRUCTED - approximate only,-0.01868753433227539,-0.3257607663438594
2026-05-27,NOVT,CONTROL,control,161.50999450683594,161.50999450683594,162,0.5652149663254509,0.009431126267629398,0.5652149663254509,-0.013497571357350158,-182.97249294836348,-190.3077591468224,-0.3022855921510737,-0.3022855921510737,-0.04468598918137561,49.18762905470605,0.033620259545860405,0.5050608739265867,4.8817604255113025,-0.4710161075043637,0.012073631808270016,-0.2864688945513049,-70.84150214335727,-0.020142008659452957,0.21412731356169176,-0.19943393656458358,RECONSTRUCTED - approximate only,-0.020142008659452957,0.13307572752014948
2026-05-28,TT,CONTROL,control,451.2360534667969,451.2360534667969,451,0.28393046781681314,-0.005287506967646361,0.28393046781681314,-0.002122736464097403,-174.63614110174854,-213.66168060819092,-0.19633619231290722,-0.19633619231290722,0.3066428171792622,392.482200978298,0.02542786290613558,0.522868777122793,7.411773633219553,-0.31736339716726253,0.014726057298532278,-0.14091151624641082,140.4951426504192,-0.006589640942863533,0.6645187429807867,0.18449204424546758,RECONSTRUCTED - approximate only,-0.006589640942863533,0.6242408866509443
2026-05-28,NTNX,CONTROL,control,48.810001373291016,48.810001373291016,49,0.45269965516870125,-0.01202493830708043,0.45269965516870125,0.06678955602974197,193.80936519861118,176.6685625722568,1.7312040516036122,1.7312040516036122,4.658963955914034,446.16018063156434,0.12620364011673396,0.4938848544811155,1.1521656767984005,1.787026975912783,0.13685720379493982,1.887804360885015,497.12868737929534,0.06085640412743461,4.193309920085285,4.656391146925067,RECONSTRUCTED - approximate only,0.06085640412743461,4.19319981309258
2026-05-28,ALL,CONTROL,control,206.19375610351562,206.19375610351562,206,0.22346498647995822,-0.004500864211197984,0.22346498647995822,-0.0057410157273889645,-103.14021562640526,-59.07198694720735,-0.11639660917126705,-0.11639660917126705,0.8326411615848881,187.26688098884273,0.0225333701765559,0.5306237856599427,2.7435117632807646,-0.4545607951847217,0.02069049369375556,-0.28547774728356107,188.2791604001829,-0.0030301807114407804,0.8287572443028254,0.7508243734220345,RECONSTRUCTED - approximate only,-0.0030301807114407804,0.7999822237888805
2026-05-28,APA,CONTROL,control,36.529998779296875,36.529998779296875,37,0.52228331916004,0.019388392132139783,0.52228331916004,-0.002737434367990376,-21.5557576211988,-38.98316482358224,-0.3576075677771058,-0.3576075677771058,0.5135006961385253,40.87057615648201,0.04626341357460015,0.44933998563723776,0.8569669043209984,-0.36545540708625274,0.03503976558355576,-0.14354283472958324,31.935375640758426,-0.021430565564352397,0.6232537587090069,0.34183144452401915,RECONSTRUCTED - approximate only,-0.021430565564352397,0.5366112194704146
2026-05-28,APO,CONTROL,control,127.51000213623047,127.51000213623047,128,0.3249510285364585,-0.009749015358936441,0.3249510285364585,0.009411062328699872,20.45109749309727,-82.95866664489205,-0.3014814806229693,-0.3014814806229693,0.03541649098741057,-83.98128141119668,0.0070582817881012444,0.48347983805854433,2.1132790223959574,0.014733668750942184,0.009803092695975244,0.2136061256493621,-15.322522116155401,-0.01155037103697311,-0.3065751600883989,-0.12572203539742588,RECONSTRUCTED - approximate only,-0.01155037103697311,-0.42147896873482316
2026-05-28,PSX,CONTROL,control,176.7100067138672,176.7100067138672,177,0.36072477678158604,0.015003121135715928,0.36072477678158604,-0.004696971306207039,-99.85515039447465,-61.107046363538196,-0.07654706777606847,-0.07654706777606847,0.8556473840280442,331.7136364598163,0.0420462474873427,0.5045274211381271,3.462664732610733,-0.38058319066466606,0.03310503436400746,-0.1943392338589487,245.541254595224,-0.0030465065508198164,1.1176068210174601,0.7542145034994772,RECONSTRUCTED - approximate only,-0.0030465065508198164,1.0895032948466479
2026-05-28,NOVT,CONTROL,control,159.3300018310547,159.3300018310547,159,0.5676262590286762,-0.008110938041907396,0.5676262590286762,0.0,-89.76819352908915,-96.14502808347255,-0.08553336477239087,-0.08553336477239087,1.0057284805064228,97.54850703458082,0.036214173138459836,0.5310375071691396,5.2326358086196905,-0.24899082533488695,0.05811833553265604,-0.07270530321570984,446.32167369422797,-0.005430681234460823,0.3041133432353605,0.9256059313860783,RECONSTRUCTED - approximate only,-0.005430681234460823,0.24160625804233887
2026-05-28,EME,CONTROL,control,848.4500122070312,848.4500122070312,848,0.3470688765496063,0.000947077554597369,0.3470688765496063,-0.025493552444589437,-1128.4061482251043,-518.1547995804665,-0.21677340578673296,-0.21677340578673296,-0.7274830209630158,-1057.1878083067625,-0.0035594548739461642,0.5219390014566201,16.894282982942457,-0.7426218918970408,-0.024951361430342628,-0.597002529051179,-1337.8217118657542,-0.008901135481904092,-0.5526285395341658,-0.8364534698657182,RECONSTRUCTED - approximate only,-0.008901135481904092,-0.6546043630328774
2026-05-28,AVGO,CONTROL,control,425.9059143066406,425.9059143066406,426,0.38703467747461634,-0.0017066291592670343,0.38703467747461634,0.04732996395479105,1155.81389251338,200.67174745498872,0.3348414447244859,0.3348414447244859,4.944514279345378,-789.6322774756867,-0.017980185703942043,0.5161801249368584,9.26053776087133,1.313554232514164,0.1289090744288244,1.4205373408312698,4256.036435730596,0.012917252539798054,-0.7908224382146715,4.943792994500198,RECONSTRUCTED - approximate only,0.012917252539798054,-0.8720577161166159
2026-05-28,VRSN,CONTROL,control,296.1400146484375,296.1400146484375,296,0.26568791527764446,0.001995590563405186,0.26568791527764446,-0.03633419745183285,-408.60940967652397,-51.83394669581435,-0.01142256088579075,-0.01142256088579075,-0.09253384246515146,-346.66866576436024,-0.007935456160172862,0.5228514610764031,4.558709382500211,-0.9227015012142803,0.004288474879625916,-0.8352371264045334,-86.96140893024693,-0.0003374817351918042,-0.6922124727257407,-0.23368003422172226,RECONSTRUCTED - approximate only,-0.0003374817351918042,-0.7855096396645337
2026-05-28,DINO,CONTROL,control,68.26000213623047,68.26000213623047,68,0.4063685707357299,0.012044648542447247,0.4063685707357299,0.02387924410205684,68.54345531601165,-49.109782180106784,-0.1913432522974113,-0.1913432522974113,2.12695796674692,281.9205452567575,0.06694989088490803,0.5449810851223984,1.6967295640297593,0.3980444943339984,0.07266333034349598,0.5385639514155591,324.5755884043741,-0.009288815318938028,1.8623309668383106,2.105587892331319,RECONSTRUCTED - approximate only,-0.009288815318938028,1.8582463030892242
2026-05-28,FTV,CONTROL,control,59.1118278503418,59.1118278503418,59,0.17447049509979148,-0.005174432830417526,0.17447049509979148,-0.014365366227040327,-46.626762260764544,-27.814416756194404,-0.31947711815537205,-0.31947711815537205,0.851636419027725,160.16668702449104,0.03887108586959405,0.5517722466183025,0.6571053876616304,-0.7548163822196421,0.01673148956192096,-0.6208362201199442,45.29235965422141,-0.007214770405782729,2.691833545254158,0.7844178463351694,RECONSTRUCTED - approximate only,-0.007214770405782729,2.691550653438976
2026-05-28,OHI,CONTROL,control,47.040000915527344,47.040000915527344,47,0.19715929243560595,0.0016761330781889865,0.19715929243560595,-0.0059524359809634934,-23.65908700189264,-36.75915228966577,-0.5665955769573516,-0.5665955769573516,-0.9934858297628869,-59.633233666613414,-0.07164121345647409,0.5318534221248424,0.555554635618801,-0.48545202623176237,-0.047406451931003936,-0.31838340259896747,-59.289433880092474,-0.01610542638875203,-0.999999941767806,-0.9991432074739652,RECONSTRUCTED - approximate only,-0.01610542638875203,-0.9999999999739348
2026-05-28,RRX,CONTROL,control,202.85000610351562,202.85000610351562,203,0.6027017493290686,-0.014708018349062827,0.6027017493290686,-0.005373485648915622,-169.85403547941326,-75.41062175264327,-0.009898494834149625,-0.009898494834149625,0.8531338799083313,376.6049098398211,0.054276530320721154,0.5176934037435288,6.774058807223781,-0.3401263179882627,0.054868076357580856,-0.1566555906042297,479.9814238564947,-0.0006404060831586731,0.6924955000652093,0.7537607466319122,RECONSTRUCTED - approximate only,-0.0006404060831586731,0.6459803169467759
2026-05-28,GLPI,CONTROL,control,46.61753845214844,46.61753845214844,47,0.15399738766568957,-0.003140642684887407,0.15399738766568957,-0.009698532990608901,-18.41353920281163,-9.491765778511853,-0.23707128979998848,-0.23707128979998848,-0.9625748570051753,-27.728714648000096,-0.025932964488873948,0.3716432840383045,0.25188558743849754,-0.7925166070325832,-0.021927075371989447,-0.6099128065431572,-26.85243553886123,-0.0037807246979249883,-0.9991946204315626,-0.9915781555637534,RECONSTRUCTED - approximate only,-0.0037807246979249883,-0.9999644013968942
2026-05-28,FDX,CONTROL,control,330.2669982910156,330.2669982910156,330,0.4206094430661969,-0.004322650225051823,0.4206094430661969,0.0008507520983046961,-123.02133365882231,-23.56441348074104,0.07582780192641328,0.07582780192641328,-0.3961188208393726,-580.7613792750645,-0.010578451365061171,0.5237115905423232,7.961930116214688,-0.23378640346899876,-0.0075619636655763454,-0.055662293309525795,-380.53698623998974,0.0034146048578172095,-0.6608316679856513,-0.5393641883902253,RECONSTRUCTED - approximate only,0.0034146048578172095,-0.7574170237272257
2026-05-28,IFF,CONTROL,control,77.61958312988281,77.61958312988281,78,0.5927199587416673,-0.0067531949721541225,0.5927199587416673,-0.025374802653966275,-123.61118881935239,56.33130777735004,0.35844020019538536,0.35844020019538536,-0.8637179379455896,-244.7302882805307,-0.061514756499911435,0.497271604459345,2.396130942648206,-0.6084993660647242,-0.06138668184821453,-0.4320556401654038,-221.87153072549648,0.020266675658072632,-0.964137533676604,-0.9380324982968602,RECONSTRUCTED - approximate only,0.020266675658072632,-0.9890160245858342
2026-05-28,SBUX,CONTROL,control,100.75,100.75,101,0.28745952435179256,-0.0035259609768046227,0.28745952435179256,-0.01578160136864144,-89.66187904330306,-57.92048641451402,-0.2853725347628939,-0.2853725347628939,-0.9749583479380814,-161.47600055230143,-0.06560794650473015,0.49271439762934305,1.5257313434365116,-0.6716590469225043,-0.05200990435503257,-0.5043625449279495,-157.87214188381517,-0.009730665269869028,-0.9998220662907987,-0.9943074574696514,RECONSTRUCTED - approximate only,-0.009730665269869028,-0.9999953770891945
2026-05-28,CL,CONTROL,control,91.66000366210938,91.66000366210938,92,0.2114552954326482,0.004162528750214261,0.2114552954326482,-0.01669219231467131,-69.17693157745971,-11.254394280161527,-0.004915177047312191,-0.004915177047312191,-0.9732908073593277,-101.15832804296922,-0.071568895111228,0.46849717480470887,0.9510317771731067,-0.7949174710420814,-0.03698458306351059,-0.6460198525727323,-98.74521396350406,-0.00010902702122364938,-0.9999999052529639,-0.993968344674287,RECONSTRUCTED - approximate only,-0.00010902702122364938,-0.9999999999507259
2026-05-28,REGN,CONTROL,control,621.52001953125,621.52001953125,622,0.4122752467001683,0.003839223591263768,0.4122752467001683,-0.010844365463011627,-547.9901941647462,-519.2287965417532,-0.2783645262210829,-0.2783645262210829,-0.7384919635953516,-395.77653961246784,0.011600528882300119,0.512692639429976,14.211388527462475,-0.47828857728632057,-0.029926689465484775,-0.2996679726324731,-1140.4385260855354,-0.013695159166004963,-0.1869239580563526,-0.8468942363242264,RECONSTRUCTED - approximate only,-0.013695159166004963,-0.2856464139641339
2026-05-28,LITE,CONTROL,control,860.6199951171875,860.6199951171875,861,0.9078441102907767,0.03811330334528882,0.9078441102907767,-0.006576622872630971,-1019.6526656162342,-3073.4531763722775,-0.6407432342708118,-0.6407432342708118,2.9137066102769444,3672.561285113864,0.09813857736497934,0.526700075562038,43.348763264957256,-0.3251803942087154,0.19582397603244958,-0.14202190714411575,11564.242284231877,-0.08122132603648179,0.9973814362746052,2.8950410972084284,RECONSTRUCTED - approximate only,-0.08122132603648179,0.963679605726567
2026-05-28,POR,CONTROL,control,50.133914947509766,50.133914947509766,50,0.22787442596275367,-0.004496664302003936,0.22787442596275367,-0.010854488615201063,-38.09091843479732,-20.736208147227753,-0.1769012260258823,-0.1769012260258823,-0.8218937725135302,-70.9025864372037,-0.0197355030186866,0.5520817649498982,0.7250796924292828,-0.5825410452284385,-0.023287847907958306,-0.42884754700163047,-65.1649528837399,-0.004909662391788232,-0.905189640952061,-0.9044629568869789,RECONSTRUCTED - approximate only,-0.004909662391788232,-0.9541705834737655
2026-05-28,DRI,CONTROL,control,204.47000122070312,204.47000122070312,204,0.24349427133335766,-0.005050227373970682,0.24349427133335766,-0.0027387761297526163,-81.00692751935995,-53.44379087454763,-0.07227656790533347,-0.07227656790533347,-0.8853962594327293,-325.75088845851974,-0.0538465028664613,0.5452000517297143,3.091601086642811,-0.3303517607257956,-0.030322281563200878,-0.1661238245016791,-292.2587544547402,-0.002049871492978939,-0.9994306283913674,-0.9480979164765818,RECONSTRUCTED - approximate only,-0.002049871492978939,-0.9999716622057571
2026-05-28,KNX,CONTROL,control,74.82903289794922,74.82903289794922,75,0.5126460389501823,-0.006740437038796768,0.5126460389501823,0.00813122687408665,-6.844298216832244,50.021971971956916,0.366102952883638,0.366102952883638,0.520970755264944,119.96628309870107,0.047320801986869686,0.506724965624084,2.0711229432545863,-0.11200484173067299,0.03465755627222741,0.07708470810668004,80.49324654687418,0.018186703750549458,0.7215892889291199,0.39542793311595853,RECONSTRUCTED - approximate only,0.018186703750549458,0.6733624283609654
2026-05-28,CHH,CONTROL,control,113.36000061035156,113.36000061035156,113,0.5887713947923783,-0.005176863384140009,0.5887713947923783,-0.03952014231485897,-250.75973913250175,-130.19407013057,-0.24106211613781622,-0.24106211613781622,-0.5694494914493914,-360.0151816334652,-0.03872617648210881,0.5364679483794906,3.917645598852296,-0.7124497714952351,-0.02549399588998004,-0.5650098222946183,-252.4120789133347,-0.01682569288862368,-0.8585680986789711,-0.6987972745120655,RECONSTRUCTED - approximate only,-0.01682569288862368,-0.9228833037266905
2026-05-28,RBC,CONTROL,control,577.8300170898438,577.8300170898438,578,0.3650990248758687,-0.0029613816426683343,0.3650990248758687,-0.010158688443966394,-467.8997234727557,-12.636250360172252,0.095187414874709,0.095187414874709,-0.227823798326896,82.15731210868408,0.020646197537235796,0.5153269286857228,11.843191209076338,-0.4858835423032187,0.0008826294075091313,-0.3094541214134962,-376.05718861929364,0.003682400924554672,0.17944063309444622,-0.37655353361068106,RECONSTRUCTED - approximate only,0.003682400924554672,0.10496340956784228
2026-05-28,OHI,CONTROL,control,47.040000915527344,47.040000915527344,47,0.19715929243560595,0.0016761330781889865,0.19715929243560595,-0.0059524359809634934,-23.65908700189264,-36.75915228966577,-0.5665955769573516,-0.5665955769573516,-0.9934858297628869,-59.633233666613414,-0.07164121345647409,0.5318534221248424,0.555554635618801,-0.48545202623176237,-0.047406451931003936,-0.31838340259896747,-59.289433880092474,-0.01610542638875203,-0.999999941767806,-0.9991432074739652,RECONSTRUCTED - approximate only,-0.01610542638875203,-0.9999999999739348
2026-05-28,RRX,CONTROL,control,202.85000610351562,202.85000610351562,203,0.6027017493290686,-0.014708018349062827,0.6027017493290686,-0.005373485648915622,-169.85403547941326,-75.41062175264327,-0.009898494834149625,-0.009898494834149625,0.8531338799083313,376.6049098398211,0.054276530320721154,0.5176934037435288,6.774058807223781,-0.3401263179882627,0.054868076357580856,-0.1566555906042297,479.9814238564947,-0.0006404060831586731,0.6924955000652093,0.7537607466319122,RECONSTRUCTED - approximate only,-0.0006404060831586731,0.6459803169467759
2026-05-28,SO,CONTROL,control,92.5199966430664,92.5199966430664,93,0.19206569213078076,-0.0001066194480872756,0.19206569213078076,-0.005079913622584592,-34.28078349695388,-49.02973616724212,-0.5222223300682914,-0.5222223300682914,-0.9000641114559064,-75.6085578699031,-0.009727560842403272,0.44227654574851366,0.800685091659453,-0.5353371536303719,-0.021724973840955814,-0.32832321168994283,-77.7703028967379,-0.012909491843922764,-0.8716444355485827,-0.9622619672434811,RECONSTRUCTED - approximate only,-0.012909491843922764,-0.9390711816638548
2026-05-28,GBCI,CONTROL,control,47.75,47.75,48,0.25654596262806,-0.0068835633252097945,0.25654596262806,-0.004188497653182265,-20.26369578524466,-0.7649247210241727,0.11495618756489043,0.11495618756489043,-0.8344979307365716,-53.57950593664988,-0.011937166383753273,0.4592878766242322,0.5810743956539532,-0.4449189747429826,-0.023246086080660994,-0.23826918815940704,-53.17675513037618,0.002940545848638327,-0.8417938677164327,-0.9224314734434822,RECONSTRUCTED - approximate only,0.002940545848638327,-0.917327841727858
2026-05-29,ROIV,CONTROL,control,29.989999771118164,29.989999771118164,30,0.5161049064050482,0.014056227847737657,0.5161049064050482,-0.0300099908435817,-52.56291461367874,-24.197627187996396,-0.1736781843116138,-0.1736781843116138,-0.7833447023361945,-86.78799284210366,-0.047015667161491886,0.5177423206579447,0.8640800703976854,-0.6778813792843034,-0.04301430536925322,-0.5192271480372783,-74.24369253030657,-0.01023100573425811,-0.9361607097453188,-0.8805891163737045,RECONSTRUCTED - approximate only,-0.01023100573425811,-0.9746334098516021
2026-05-29,WEC,CONTROL,control,111.05000305175781,111.05000305175781,111,0.18504777062499325,0.005283459988891022,0.18504777062499325,-0.02206217478890864,-103.3570759347966,-63.87055505302206,-0.4370969591211565,-0.4370969591211565,-0.6031337932059362,66.08263908852433,0.01710935474354586,0.5270302148650704,1.214391325886261,-0.8842308340027101,-0.009004952476533688,-0.7793652044298642,-83.02575570658848,-0.010778541434591195,0.689334307494147,-0.7293947327741596,RECONSTRUCTED - approximate only,-0.010778541434591195,0.6534832826947674
2026-05-29,GATX,CONTROL,control,168.4407501220703,168.4407501220703,168,0.3196734831628851,-0.00885539436598307,0.3196734831628851,-0.02696945438476708,-233.7361449669789,-30.500561945863957,0.0115481507481132,0.0115481507481132,-0.5536968376135836,-49.38763243380154,0.011710461509278116,0.5410103547716667,3.2798838268383577,-0.7744556861617541,-0.013543881460282438,-0.6407072459316682,-206.62466202111565,0.000414220025407464,-0.049067187718226164,-0.6815975171287197,RECONSTRUCTED - approximate only,0.000414220025407464,-0.12602424811884894
2026-05-29,PEGA,CONTROL,control,35.72999954223633,35.72999954223633,36,0.4931134874169275,0.006501218076569676,0.4931134874169275,0.0615729300622811,119.10070979959121,91.97655797135519,1.242745859783352,1.242745859783352,-0.5625534674528547,-81.57161136536126,-0.028547452304272556,0.47525931936033294,0.863185438628129,1.4343239712895215,-0.017352335287658394,1.5735176440240808,-56.06271073401268,0.04903106581360512,-0.8736276949266564,-0.7098868267652019,RECONSTRUCTED - approximate only,0.04903106581360512,-0.9382758365240336
2026-05-29,PNFP,CONTROL,control,97.73999786376953,97.73999786376953,98,0.26740017691692947,-0.003505478352192336,0.26740017691692947,-0.02179248311818841,-99.15925836567115,42.58612553518827,0.4440530079749379,0.4440530079749379,-0.9603881138913883,-124.92197362280112,-0.014630656194293379,0.4890981974114082,1.3635568363412247,-0.793656693730867,-0.04338037606343373,-0.650185701314364,-139.3422272959707,0.011277768449892561,-0.8490673827839132,-0.9890974523324056,RECONSTRUCTED - approximate only,0.011277768449892561,-0.9196779605061037
2026-05-29,AVGO,CONTROL,control,446.06402587890625,446.06402587890625,446,0.3711775813061364,0.014932810684247528,0.3711775813061364,0.029545395770542396,633.0106657304672,765.7009033818756,0.9651662369124636,0.9651662369124636,2.510341993356248,-987.1527702548507,-0.13662510075854714,0.5188026206382704,9.389074090805508,0.6738429818923415,0.0726548657672434,0.8164040341445856,2143.939021135753,0.031920490627061315,-0.9999999895962751,2.490549536501077,RECONSTRUCTED - approximate only,0.031920490627061315,-0.9999999999981452
2026-05-29,ED,CONTROL,control,105.62999725341797,105.62999725341797,106,0.1760913418707773,0.0005644172800685339,0.1760913418707773,-0.019218014125539404,-76.31295433801047,-38.41793564977325,-0.32873197525863584,-0.32873197525863584,-0.8971997479340666,-28.53689131389343,0.005964261092434274,0.46339881113775044,0.9002753308867142,-0.8874342511234509,-0.020354008826927294,-0.7718130193293489,-87.03679930343489,-0.0068635140348292335,-0.21319954929866097,-0.9596065349759004,RECONSTRUCTED - approximate only,-0.0068635140348292335,-0.3324863461742674
2026-05-29,ADBE,CONTROL,control,259.2099914550781,259.2099914550781,259,0.3822309096313892,0.01569745380967922,0.3822309096313892,0.057173750290359086,922.46770765183,942.8829073448613,1.8487513343835127,1.8487513343835127,-0.48532578905766455,-546.6611326488385,-0.029975653986387473,0.5238794739337748,5.700507511184355,1.7327178262839424,-0.01145789637209195,1.8110534910858087,-321.1323891718392,0.05700769062146635,-0.9017776170369021,-0.6238437664840863,RECONSTRUCTED - approximate only,0.05700769062146635,-0.9535443055883617
2026-05-29,CHH,CONTROL,control,108.87999725341797,108.87999725341797,109,0.592180651217388,-0.0033521281878263237,0.592180651217388,0.024155078519070578,81.27010257924749,-197.24379349695087,-0.47514172558298995,-0.47514172558298995,-0.5380591721783455,-150.0435455909544,0.008541516611276242,0.515660306407373,3.553667975668361,0.173078562218063,-0.02130785960091847,0.34984396298667203,-218.4846264292411,-0.036289661725027796,-0.3353299259996263,-0.676535203919929,RECONSTRUCTED - approximate only,-0.036289661725027796,-0.44092663065738835
2026-05-29,SWX,CONTROL,control,86.20999908447266,86.20999908447266,86,0.19567267500786742,-0.00126831092002683,0.19567267500786742,-0.019951296125380838,-84.75968656980751,-32.31624550001294,-0.19595886763148498,-0.19595886763148498,-0.4504332178819805,146.17311975017108,0.029114976950307694,0.5552506841778844,1.083874242484825,-0.8238793186303036,-0.005567750059581138,-0.7052764620064065,-58.51897389292245,-0.004733360068215346,1.5374852442784381,-0.5785754159221125,RECONSTRUCTED - approximate only,-0.004733360068215346,1.5322079541114981
2026-05-29,GWRE,CONTROL,control,152.6699981689453,152.6699981689453,153,0.5858376909910897,0.010835103308429147,0.5858376909910897,0.12281391383296648,1283.0993752002362,543.9347111201774,1.2881875370196763,1.2881875370196763,0.011055095591988487,-510.1081890173723,-0.10879675646534599,0.5102796146904697,4.851800207955023,2.8442766970279476,0.01532715245926167,2.8918563488082802,-44.722476145793884,0.06264355895248683,-0.9986313646137479,-0.1394650020697803,RECONSTRUCTED - approximate only,0.06264355895248683,-0.9999013114783646
2026-05-29,REGN,CONTROL,control,614.780029296875,614.780029296875,615,0.412236923743553,-0.0022686866639484065,0.412236923743553,-0.022967655876025908,-819.3501975989045,-386.82202201396,-0.1809021584925434,-0.1809021584925434,-0.09039487380608266,597.5304379238659,0.03362175400166552,0.515584574155639,14.18105659605277,-0.6628097077941942,0.006782886091673256,-0.5019592061965441,-264.89057399705285,-0.008595178566050275,0.549763061779894,-0.23772331420887932,RECONSTRUCTED - approximate only,-0.008595178566050275,0.4978370835356811
2026-05-29,STAG,CONTROL,control,37.869998931884766,37.869998931884766,38,0.20530781992146027,0.005001279766109565,0.20530781992146027,-0.030102968624290384,-37.089235008157445,-17.267812554173172,-0.3314331365672067,-0.3314331365672067,-0.9719796549675233,-39.11201398696846,-0.016107753566318973,0.4710666220140785,0.3848950392845545,-0.9496630753258323,-0.03564823111163223,-0.8735200196172885,-40.68941440368424,-0.008119470162733105,-0.9288400630838201,-0.9935153132401,RECONSTRUCTED - approximate only,-0.008119470162733105,-0.9720502979092147
2026-05-29,SNPS,CONTROL,control,475.6199951171875,475.6199951171875,476,0.4638458898773473,6.241423598244833e-05,0.4638458898773473,0.03504901728033336,776.3871676764726,-351.9169166223682,-0.1966728063923189,-0.1966728063923189,1.0022465589972738,-1058.961979448401,-0.02264410479845001,0.5138056913627367,12.223467297820122,0.6227129337124878,0.04709640916371748,0.7749733565585654,1040.303490656111,-0.010506206273477288,-0.8055491118921798,0.9135006586152316,RECONSTRUCTED - approximate only,-0.010506206273477288,-0.884391170791346
2026-05-29,NEM,CONTROL,control,109.80999755859375,109.80999755859375,110,0.5324413061158821,-0.0021251348960515293,0.5324413061158821,-0.014752710620206355,-128.21106522074925,63.90394887864156,0.3205181616264807,0.3205181616264807,-0.567196447264202,-335.27767176188866,-0.0919770394196741,0.5105413562828139,3.18857794113179,-0.4937844644298843,-0.021309501775027554,-0.313702906086097,-204.99803701463864,0.016759236653645832,-0.997283025546204,-0.7038178924975018,RECONSTRUCTED - approximate only,0.016759236653645832,-0.9997294631182895
2026-05-29,GBCI,CONTROL,control,47.54999923706055,47.54999923706055,48,0.25670750368597195,-0.004397886585814791,0.25670750368597195,-0.025236609509851907,-41.77862325009635,-5.849594905589194,0.008376111094991584,0.008376111094991584,-0.93408117750426,-44.97774580007287,-0.008412149686637256,0.4128545193552535,0.4942917992886784,-0.8849975493570167,-0.03238698086722711,-0.7567595818448688,-50.10524125436225,0.0002103138691765887,-0.8248873036859752,-0.9798701263378995,RECONSTRUCTED - approximate only,0.0002103138691765887,-0.9104763293277208
2026-05-29,TEX,CONTROL,control,58.01630401611328,58.01630401611328,58,0.4401145205464769,-0.005408153616189001,0.4401145205464769,0.0006875045779940936,-24.08563269357532,-46.0594823595483,-0.2206076355865756,-0.2206076355865756,2.1713624445985618,72.91111663353799,0.03850117689789991,0.5202650842915475,1.4458259387305326,-0.24108066626403948,0.07717422994029835,-0.06062732640942653,282.48589436735887,-0.011384845986698547,0.645556168172287,2.1417163269615163,RECONSTRUCTED - approximate only,-0.011384845986698547,0.6005543670715581
2026-05-29,DTM,CONTROL,control,139.1144561767578,139.1144561767578,139,0.2672213461230344,-0.002165897031560388,0.2672213461230344,-0.011715908897713668,-109.33146807518582,-133.51403840800066,-0.5337113654499932,-0.5337113654499932,0.12179698648060246,46.213793782044505,0.018002622571776587,0.5265726171670795,2.1780629262011644,-0.5810154743906408,0.009644285595982453,-0.4168399156575201,2.1211133117486805,-0.019885250322334163,0.33489160053025463,-0.008234087232605011,RECONSTRUCTED - approximate only,-0.019885250322334163,0.27742192211463346
2026-05-29,KNX,CONTROL,control,75.43748474121094,75.43748474121094,75,0.511366375889258,-0.011863443167274357,0.511366375889258,0.03027900606629906,98.38573308555256,62.87539532091894,0.3881497494176746,0.3881497494176746,0.5242204507138929,86.55592130322738,0.03887348597890196,0.5521436858549903,2.38799044318624,0.40690847463951196,0.03490675626447373,0.5446801200345115,93.7442710787557,0.02023472353401227,0.49253404260522254,0.4287627824588976,RECONSTRUCTED - approximate only,0.02023472353401227,0.4509855384967454
2026-05-29,TSCO,CONTROL,control,31.530000686645508,31.530000686645508,32,0.5052356501983607,-0.014982505837720934,0.5052356501983607,0.007928956376645027,-3.6952975255304157,21.960059813944167,0.46340479709394267,0.46340479709394267,-0.9627269728475183,-71.91778328035542,-0.05550269463651519,0.4353432397811635,0.6836477753077919,-0.1711867779719237,-0.07580086409605923,0.06838209271153436,-70.66226230859894,0.020388384333099863,-0.9820585800089188,-0.9907610197200218,RECONSTRUCTED - approximate only,0.020388384333099863,-0.9962577297295019
2026-05-29,OGE,CONTROL,control,47.22999954223633,47.22999954223633,47,0.21186596132314295,-0.0029548203143171994,0.21186596132314295,-0.033241577599851906,-65.44203009924178,-8.850137665495582,-0.008336322080055691,-0.008336322080055691,-0.7314145664451963,7.370180575094067,0.01206859412129542,0.5846226615220227,0.6996082494272109,-0.9335682504469386,-0.017573534287570348,-0.8598187500949609,-56.9079306157193,-0.00021173022597558417,0.23571481960673354,-0.8288793621448522,RECONSTRUCTED - approximate only,-0.00021173022597558417,0.19539217275154092
2026-05-29,CB,CONTROL,control,310.7604064941406,310.7604064941406,311,0.1723343727297217,-0.0013914079666529913,0.1723343727297217,-0.006255427552418998,-136.9653533657489,-183.55716145892464,-0.5368580407997681,-0.5368580407997681,-0.08087943926594292,1047.3394364724136,0.04664284984076888,0.5079061471677722,2.9877481701433055,-0.546647713977168,0.0032720229614130298,-0.37270763144053476,-54.13398438499165,-0.012825346154362736,3.7997880070472365,-0.2282105597343002,RECONSTRUCTED - approximate only,-0.012825346154362736,3.799719993782504
2026-05-29,EVRG,CONTROL,control,82.04000091552734,82.04000091552734,82,0.20017517786240838,-0.002293238569836127,0.20017517786240838,-0.020112158794072098,-76.47236017343596,-38.58416356606582,-0.3005358833114531,-0.3005358833114531,-0.6604724867648257,28.638586412401548,0.014992634249303948,0.5263287866318387,0.9671409732172904,-0.8349860238711245,-0.011823515478771005,-0.7129091910580155,-71.65456007730577,-0.007500637782650318,0.43111329101341783,-0.7796420538761737,RECONSTRUCTED - approximate only,-0.007500637782650318,0.3805846610643895
2026-05-29,ADC,CONTROL,control,74.1500015258789,74.1500015258789,74,0.15011801910684114,-0.002328986972832525,0.15011801910684114,-0.022656780453193227,-67.7648271989583,-6.455179189950809,0.031011284502370777,0.031011284502370777,-0.9700230339633275,-66.84016190406729,-0.009979741720049277,0.5611661888447609,0.7308239055194576,-0.9303042741095233,-0.028590730990641106,-0.8520533101424566,-75.95526115706126,0.0005397505761423039,-0.8387350281047731,-0.9919375325922318,RECONSTRUCTED - approximate only,0.0005397505761423039,-0.9048514744802446
2026-05-29,XPO,CONTROL,control,214.25,214.25,214,0.4308217466147452,-0.006541110612853942,0.4308217466147452,0.032485445572308924,329.1910007224457,30.957469284718176,0.16903894765268976,0.16903894765268976,0.26929728639476785,4.429770513814447,0.021890326447637106,0.5261011092874539,5.324156855585613,0.616497368087938,0.020723465304113186,0.7586722766613916,81.66762583132784,0.007618845318092963,0.11659140675471368,0.14371219036524524,RECONSTRUCTED - approximate only,0.007618845318092963,0.04200737562810355
2026-05-29,GBCI,CONTROL,control,47.54999923706055,47.54999923706055,48,0.25670750368597195,-0.004397886585814791,0.25670750368597195,-0.025236609509851907,-41.77862325009635,-5.849594905589194,0.008376111094991584,0.008376111094991584,-0.93408117750426,-44.97774580007287,-0.008412149686637256,0.4128545193552535,0.4942917992886784,-0.8849975493570167,-0.03238698086722711,-0.7567595818448688,-50.10524125436225,0.0002103138691765887,-0.8248873036859752,-0.9798701263378995,RECONSTRUCTED - approximate only,0.0002103138691765887,-0.9104763293277208
2026-05-29,JHG,CONTROL,control,51.709999084472656,51.709999084472656,52,0.15,0.0007726659295662615,0.013434326910564147,0.00038678124381706983,-6.939071117901384,-8.272541666159738,-0.12404300050188297,-0.12404300050188297,-0.2937122500971947,-22.14679796266256,0.0009669162240530868,0.41578930939628134,0.320075029586917,-0.3207840021112521,0.0007735624876341397,-0.08018912003815139,-13.43169622415963,-0.0019301734446568138,-0.5803260267334672,-0.48753918043801886,RECONSTRUCTED - approximate only,-0.0019301734446568138,-0.7107670300061136
2026-05-29,DGX,CONTROL,control,194.89999389648438,194.89999389648438,195,0.24107988559148222,0.001987764504151954,0.24107988559148222,-0.01385324285682746,-155.3583326452566,-101.01064223252857,-0.292478544360233,-0.292478544360233,-0.46757942581451106,238.7242441747052,0.027655205533311526,0.511986217206916,2.638862612998011,-0.6693993937584243,-0.006310906957710527,-0.5092692741599121,-144.90702334193423,-0.008596584123749333,1.0627101196531024,-0.6101671169364985,RECONSTRUCTED - approximate only,-0.008596584123749333,1.036891728408976
2026-05-29,JBHT,CONTROL,control,276.42999267578125,276.42999267578125,276,0.393974563117868,-0.007779227956306513,0.393974563117868,0.010961179537600665,55.462431870842806,291.2000345309619,0.5892109948757758,0.5892109948757758,0.09667500728544784,241.02548771681967,0.03082161761384173,0.5292512603655719,6.362147935430272,0.03079356218462837,0.013095522241080815,0.1991778686048656,-6.490713043465056,0.02230029184691958,0.5061960870616787,-0.03549534079446568,RECONSTRUCTED - approximate only,0.02230029184691958,0.4580723354095865
2026-05-29,VTR,CONTROL,control,84.41999816894531,84.41999816894531,84,0.2397569369306772,-0.0020981501719881967,0.2397569369306772,-0.03210138762440242,-120.9713093467447,-70.22414985569304,-0.4193553595552713,-0.4193553595552713,-0.9960155553283555,-140.51643852949175,-0.028429300852102712,0.5775758647839736,1.3829427341385596,-0.8970528938091997,-0.06372894302427326,-0.8056190948749695,-145.98551249776713,-0.013900273717114778,-0.9543875122829458,-0.9995541522513348,RECONSTRUCTED - approximate only,-0.013900273717114778,-0.9828654876559656
2026-05-29,HWM,CONTROL,control,258.25,258.25,258,0.3860320348469262,-0.004040241068773928,0.3860320348469262,-0.010571135440615925,-224.17166826835043,-87.72564398059322,-0.05284223700236512,-0.05284223700236512,-0.8220355014137379,-526.2921954558194,-0.02458860059444579,0.5250306260140422,5.754032754166474,-0.4750792109670762,-0.037250707133349464,-0.30245394434468564,-508.19215156278403,-0.0022793862858831206,-0.855147370247551,-0.9075475402124482,RECONSTRUCTED - approximate only,-0.0022793862858831206,-0.9210597521363678
2026-05-29,SWX,CONTROL,control,86.20999908447266,86.20999908447266,86,0.19567267500786742,-0.00126831092002683,0.19567267500786742,-0.019951296125380838,-84.75968656980751,-32.31624550001294,-0.19595886763148498,-0.19595886763148498,-0.4504332178819805,146.17311975017108,0.029114976950307694,0.5552506841778844,1.083874242484825,-0.8238793186303036,-0.005567750059581138,-0.7052764620064065,-58.51897389292245,-0.004733360068215346,1.5374852442784381,-0.5785754159221125,RECONSTRUCTED - approximate only,-0.004733360068215346,1.5322079541114981
2026-05-29,BA,CONTROL,control,231.14999389648438,231.14999389648438,231,0.3668042929396005,-0.0014861278945045282,0.3668042929396005,-0.029634397688083805,-343.3286841512392,98.15875566850467,0.3203261836587483,0.3203261836587483,-0.9952120762055079,-511.47717245828215,-0.06792125183993342,0.5227490198019549,4.8680346911123,-0.7735116974997718,-0.08898980146476457,-0.6343170149843232,-510.2294035494424,0.011863033733652776,-0.9979101690499802,-0.9994588929520808,RECONSTRUCTED - approximate only,0.011863033733652776,-0.9998126361510244
2026-05-29,KMI,CONTROL,control,31.079999923706055,31.079999923706055,31,0.23945195019460208,-0.0047007088451126505,0.23945195019460208,-0.00740024268986235,-20.03817748805136,-32.61332588646597,-0.5996371061754687,-0.5996371061754687,0.16063167472495277,17.735761534519735,0.019305031626209255,0.5490335074293688,0.46760367884727216,-0.4767416132844326,0.009330788810785922,-0.31655553704084943,1.1595996054019742,-0.021410588799599697,0.53378082417879,0.04621681713504232,RECONSTRUCTED - approximate only,-0.021410588799599697,0.49723418013616455
2026-05-29,NWE,CONTROL,control,69.94414520263672,69.94414520263672,70,0.21519186707315532,-0.004091513095214616,0.21519186707315532,-0.03370620325513904,-79.92258935898771,-8.710533689982203,0.012076008257094544,0.012076008257094544,-0.8236699887843654,-54.80619296891483,-0.0019826087601506983,0.5080945974056833,0.8370855648296001,-0.9528982592433369,-0.020535206194692485,-0.8834125982656124,-75.17167013879732,0.00028338678989565605,-0.5675749694691793,-0.9102381530950162,RECONSTRUCTED - approximate only,0.00028338678989565605,-0.6720602983407051
2026-05-29,PEGA,CONTROL,control,35.72999954223633,35.72999954223633,36,0.4931134874169275,0.006501218076569676,0.4931134874169275,0.0615729300622811,119.10070979959121,91.97655797135519,1.242745859783352,1.242745859783352,-0.5625534674528547,-81.57161136536126,-0.028547452304272556,0.47525931936033294,0.863185438628129,1.4343239712895215,-0.017352335287658394,1.5735176440240808,-56.06271073401268,0.04903106581360512,-0.8736276949266564,-0.7098868267652019,RECONSTRUCTED - approximate only,0.04903106581360512,-0.9382758365240336
2026-05-29,HL,CONTROL,control,17.770000457763672,17.770000457763672,18,0.6941999878888045,0.0017055535182069926,0.6941999878888045,-0.012943136539754103,-21.534002240333027,-0.13743277421311872,0.12621025141651313,0.12621025141651313,-0.8366368810079777,-62.64110056677427,-0.16826115069041295,0.4698182040031482,0.5842123028859927,-0.4646113135274517,-0.061902102033381715,-0.25931235038282097,-53.5756111274973,0.008513031293181228,-0.9999785363489648,-0.9233638696150984,RECONSTRUCTED - approximate only,0.008513031293181228,-0.9999998125939883
2026-05-29,LEN,CONTROL,control,89.77999877929688,89.77999877929688,90,0.37851598061128355,0.005013893573729109,0.37851598061128355,0.0036756720376653136,-17.18245912736266,-38.54363931545626,-0.11102728501927643,-0.11102728501927643,-0.34561385001491896,-69.37850169099995,0.007908210003633693,0.499127186582583,1.8125549298523822,-0.1790198591706296,-0.00356426486049374,0.01302662617117503,-78.93773762715516,-0.004656299148062193,-0.290099098702941,-0.5002075393192704,RECONSTRUCTED - approximate only,-0.004656299148062193,-0.39853768446107285
2026-05-29,OXY,CONTROL,control,56.369632720947266,56.369632720947266,56,0.43141758388186574,-0.00471038110827534,0.43141758388186574,0.04043788164562389,123.9402671039763,-38.09761182723706,-0.1429384931838918,-0.1429384931838918,1.2515991180538235,-59.65831317679351,0.005297503322909223,0.5619988430285925,1.5605991366643295,0.846788503953079,0.05315199789726724,0.9500147472825796,168.65223642639683,-0.007361931193023913,-0.28836645460969546,1.205230045362921,RECONSTRUCTED - approximate only,-0.007361931193023913,-0.37239013332035575
2026-05-29,HAL,CONTROL,control,38.685420989990234,38.685420989990234,39,0.32042900242119027,-0.0017799053421338504,0.32042900242119027,0.012870038124863736,11.773418436837936,-22.18487779113189,-0.2890580863563024,-0.2890580863563024,2.7454347412505964,-14.907029612747612,0.01278464347883194,0.4448380631266391,0.5575170550893809,0.1249610166863796,0.0606062369054558,0.3520985320915338,138.5343651779065,-0.010443195744795374,-0.15164717220725132,2.7001233647940293,RECONSTRUCTED - approximate only,-0.010443195744795374,-0.28085277298828343
2026-05-29,PNW,CONTROL,control,99.73999786376953,99.73999786376953,100,0.17890931033387986,-0.00029745939266992574,0.17890931033387986,-0.022658858584725102,-81.06245227877262,-50.36222560043642,-0.46429929789230284,-0.46429929789230284,-0.44881981830683526,197.26681501520176,0.03328654267026213,0.4784731355918034,0.9067389796452687,-0.9176166148500665,-0.003509108498269082,-0.8206976529635907,-49.02882008558359,-0.010712178479704274,2.4104215850506208,-0.6042404212267815,RECONSTRUCTED - approximate only,-0.010712178479704274,2.4056493937286394
2026-05-29,IPGP,CONTROL,control,114.5199966430664,114.5199966430664,115,1.046982444429384,0.005198130535008779,1.046982444429384,0.005588604940652676,-81.15775307195908,-217.9146409334071,-0.24847774067421166,-0.24847774067421166,0.4245158798653004,-593.2935772388703,-0.06243445778966734,0.5200429607410627,6.445831184103426,-0.21590546661141555,0.061997959410047654,-0.025147940854846056,194.19566933433703,-0.029162448864914117,-0.8614874691965453,0.2888063076636995,RECONSTRUCTED - approximate only,-0.029162448864914117,-0.92710168674983
2026-05-29,CHRD,CONTROL,control,131.8699951171875,131.8699951171875,132,0.4536902286821026,-0.0038838171247399457,0.4536902286821026,0.04648521354205719,325.2456782828902,-101.47829704432918,-0.21398396993654722,-0.21398396993654722,1.7127703603188018,-11.421314395822801,0.022143006575153272,0.5123625933436793,3.303110029849961,1.0159709694384507,0.0663532291195145,1.145895440268242,503.12845052138306,-0.01124690751230817,0.07300866120156556,1.6616748177741663,RECONSTRUCTED - approximate only,-0.01124690751230817,-0.011385685728373328
2026-05-29,CFR,CONTROL,control,135.52000427246094,135.52000427246094,136,0.20035529521597348,-0.0031058062723859237,0.20035529521597348,-0.02014470853202955,-108.27980615944975,19.692055914613082,0.2709538483978273,0.2709538483978273,-0.6302475950291105,258.8518919953521,0.03423848320075159,0.4685185436982424,1.333623566638373,-0.8641218160538283,-0.009149981213629909,-0.7391304557916097,-94.48497499344177,0.005266721509720305,2.158646913908316,-0.7676062303135006,RECONSTRUCTED - approximate only,0.005266721509720305,2.149283515333896
2026-05-29,AEP,CONTROL,control,126.66999816894531,126.66999816894531,127,0.2267627172089708,-0.000939282596865272,0.2267627172089708,-0.022736222428745838,-119.43963196932602,-56.163279138047734,-0.28331630949849346,-0.28331630949849346,-0.38477842903400605,65.88632271261484,0.019499496774356754,0.4853959026694872,1.486203595180477,-0.8559272292828879,-0.0028420353324029733,-0.7314829497005102,-70.4886489867372,-0.0075995081897641545,0.5811228933306416,-0.5418984651523148,RECONSTRUCTED - approximate only,-0.0075995081897641545,0.5200638123420604
2026-05-29,DUK,CONTROL,control,122.7300033569336,122.7300033569336,123,0.16908605428135154,0.0016160063412251576,0.16908605428135154,-0.023140258205857134,-98.20430077894679,-58.3696928803589,-0.45474282144674694,-0.45474282144674694,-0.7890161475311794,22.50677785485128,0.012140453214493897,0.4835730324208609,1.07272713404479,-0.9325545394845554,-0.013770083884795834,-0.8456266247764493,-92.43517925278532,-0.009922521269953227,0.33887117775074466,-0.8885588703006396,RECONSTRUCTED - approximate only,-0.009922521269953227,0.26244687051506044
2026-05-29,FAF,CONTROL,control,65.68648529052734,65.68648529052734,66,0.2719788904127637,-0.0028550565652635225,0.2719788904127637,-0.021591447466154,-63.68787669750696,-15.573288646815818,-0.06768228924238466,-0.06768228924238466,-0.8337464747104586,-15.454826918848363,0.0119281146907212,0.46727286881700103,0.8687429830492697,-0.7990135430016972,-0.024913181811265697,-0.6506732978423222,-78.79701278743644,-0.0019589700455441084,-0.06624692161135598,-0.9211841526818926,RECONSTRUCTED - approximate only,-0.0019589700455441084,-0.17886588975690443
2026-05-29,COIN,CONTROL,control,189.02999877929688,189.02999877929688,189,0.6598143850797094,-0.011083699711719821,0.6598143850797094,-0.033962853570353245,-389.9273212745082,476.34725476875457,0.824498375868629,0.824498375868629,-0.9892442803699277,-735.3092164480533,-0.19377879235760925,0.5230931668500837,6.990572366345958,-0.6423181760657669,-0.13653916164242466,-0.47992696585632105,-728.1671780058415,0.04882651756293182,-0.999998671867999,-0.9982356134939547,RECONSTRUCTED - approximate only,0.04882651756293182,-0.9999999969412918
2026-06-01,GWRE,CONTROL,control,171.4199981689453,171.4199981689453,171,0.6186108514507066,0.04093797127765549,0.6186108514507066,-0.050635822940719936,-439.2564587251409,829.0184153465093,1.5279631679378571,1.5279631679378571,-0.9810269311397101,-646.3554209028472,-0.25802121222721974,0.5329400266659468,6.143384961027607,-0.7808493915844816,-0.11813090780716458,-0.645148547675689,-635.2823286473182,0.07865592841696015,-0.9999999999913445,-0.995949288590084,RECONSTRUCTED - approximate only,0.07865592841696015,-0.9999999999999997
2026-06-01,COKE,CONTROL,control,172.1300048828125,172.1300048828125,172,0.5907060557630868,-0.012870805715344049,0.5907060557630868,0.016673415649650483,54.98070164571391,-2.078061771550753,0.10384120040633585,0.10384120040633585,-0.4005882536397757,119.26422829863127,0.038807834115435265,0.5246628912946746,5.759753000963286,0.032664361154139614,-0.010805789563637473,0.20811972800752748,-278.09002263460525,0.006431655916311568,0.3256019709954625,-0.5449155750267314,RECONSTRUCTED - approximate only,0.006431655916311568,0.26104908588802683
2026-06-01,CHRD,CONTROL,control,138.0,138.0,138,0.44712087107080556,0.02760293868528408,0.44712087107080556,-7.242396257925725e-05,-61.409016524998805,102.8708686705431,0.42096899541634075,0.42096899541634075,0.09634888382874897,-177.7398342793749,0.0019565526989923005,0.5185226355319958,3.473282180329946,-0.2584778901821925,0.015000053074048914,-0.07690646060620593,-4.2413699800775015,0.018375068955068487,-0.4294648938556316,-0.04325552593865898,RECONSTRUCTED - approximate only,0.018375068955068487,-0.5341677467424855
2026-06-01,HSY,CONTROL,control,186.39999389648438,186.39999389648438,186,0.25175006713331227,-0.008916125024083926,0.25175006713331227,-0.01239269117077647,-151.99523787122666,-232.17753136217186,-0.7363060795688283,-0.7363060795688283,-0.7414452436044221,-304.3890670433857,-0.05633047394749961,0.5424283594022545,2.887807319498833,-0.6002826201688998,-0.01979606922447857,-0.44403445316529583,-233.5874183363907,-0.030681274371511278,-0.9995235813359543,-0.8440178560822664,RECONSTRUCTED - approximate only,-0.030681274371511278,-0.9999783391294138
2026-06-01,GEF,CONTROL,control,61.852943420410156,61.852943420410156,62,0.25987015642979144,-0.006947792440632672,0.25987015642979144,0.0169871456062021,42.25065455651589,-30.285083951615963,-0.25560175184850714,-0.25560175184850714,0.4251712662961337,3.271693268471478,0.015064099282747694,0.4914846080666929,0.8454857721583373,0.4753964730876973,0.01602565328130379,0.6474697304901604,24.395386634889448,-0.0077913478855938315,0.1621808360168588,0.28961290310852894,RECONSTRUCTED - approximate only,-0.0077913478855938315,0.07644833957120434
2026-06-01,DDOG,CONTROL,control,277.489990234375,277.489990234375,277,0.8575202284287587,0.01788958028615087,0.8575202284287587,-0.030127160062607832,-608.6133283869474,1711.0496643257732,1.4402395561376247,1.4402395561376247,-0.9401683493432669,-1417.8781658592493,-0.16508702717493154,0.5328094772765941,13.501911593655677,-0.5382779916689783,-0.1221304743361555,-0.36820845635884764,-1342.2557598552246,0.10213483054819644,-0.9991248401213724,-0.9793564990873471,RECONSTRUCTED - approximate only,0.10213483054819644,-0.9999470824915817
2026-06-01,WEC,CONTROL,control,108.5999984741211,108.5999984741211,109,0.1804574297924184,-0.006933851880238639,0.1804574297924184,0.01500925327545859,71.19023770886605,-65.09584355126296,-0.6070099359723828,-0.6070099359723828,1.5796477370194062,119.94147638237277,0.024401487689803145,0.46166149209501406,0.9428057876375888,0.7334557511183569,0.024217356535591653,0.9146081404807507,130.75553986822308,-0.015233952881500862,1.4589099894237858,1.496765936660819,RECONSTRUCTED - approximate only,-0.015233952881500862,1.4306687536257041
2026-06-01,DELL,CONTROL,control,465.9599914550781,465.9599914550781,466,1.0552092539065092,0.012449193862784659,1.0552092539065092,-0.06577816649187412,-1723.5027257336,2410.0742050591343,1.0339442267354242,1.0339442267354242,-0.8174968537206185,-2838.172361372188,-0.13990472065602447,0.5314994846728375,27.332188865150528,-0.710071249767217,-0.09423556628754598,-0.5580005797446077,-2397.299836894542,0.09341780623904913,-0.9872879904074903,-0.904534798767965,RECONSTRUCTED - approximate only,0.09341780623904913,-0.9973843404600844
2026-06-01,SNA,CONTROL,control,366.45001220703125,366.45001220703125,366,0.2701710545041753,-0.013846567304698717,0.2701710545041753,0.01637331095683035,253.1895046447869,-40.652031924917964,0.03473370219740812,0.03473370219740812,1.3223700589355933,789.7064907949456,0.038750119297118864,0.5307593635874895,5.873176120581121,0.4154618397885884,0.03397457026804335,0.5613769940881422,677.7869028018265,0.0010380661491230542,1.5229601488726192,1.26758547323973,RECONSTRUCTED - approximate only,0.0010380661491230542,1.513694989844862
2026-06-01,CB,CONTROL,control,308.81646728515625,308.81646728515625,309,0.17584968952189522,-0.005164751857531427,0.17584968952189522,0.008037909349047731,81.41346857138396,-48.00403570598367,-0.0555940593585981,-0.0555940593585981,0.7527751857785127,814.5190087369514,0.03905992293141283,0.5108319550694108,3.0562596871844505,0.22225779470857981,0.015236630050819731,0.3901434296452009,186.70166623988257,-0.0010963380086542501,2.9150926200409186,0.6542946851758195,RECONSTRUCTED - approximate only,-0.0010963380086542501,2.9144467165581984
2026-06-01,BIIB,CONTROL,control,192.22999572753906,192.22999572753906,192,0.3504996775644728,-0.007653061224489796,0.3504996775644728,-0.0176871142488263,-212.85991253197267,-142.74459884273128,-0.2737159192985371,-0.2737159192985371,0.44617585248377417,-191.0796617968805,0.0020288165131169787,0.5273814529992519,3.928687897919758,-0.6223041837844584,0.021952875797200903,-0.46157913285687624,125.93725986052071,-0.01167097312319248,-0.40322229638409535,0.33406965726687915,RECONSTRUCTED - approximate only,-0.01167097312319248,-0.503389973454943
2026-06-01,CG,CONTROL,control,45.099998474121094,45.099998474121094,45,0.33514204961603933,-0.010345613417254993,0.33514204961603933,-0.013525428299167686,-43.99572600545493,-3.036583940484082,0.08511296975025463,0.08511296975025463,-0.8377112677649852,-91.70867836552264,-0.033924586054582824,0.5365290413103578,0.907179169811851,-0.5528713869147371,-0.034811524344620606,-0.3901502177094163,-82.5674418792604,0.0031138654915317285,-0.9437802177174097,-0.9173203873847883,RECONSTRUCTED - approximate only,0.0031138654915317285,-0.9781883821648275
2026-06-01,GOOG,CONTROL,control,372.35589599609375,372.35589599609375,372,0.3624261256733871,-0.010240886364363665,0.3624261256733871,-0.03808576061779353,-626.8086610298568,-79.14650391163028,0.00033438302680142875,0.00033438302680142875,-0.4443819588078685,-756.0611376098396,-0.03004083643804239,0.525217471568634,7.809458218793367,-0.8544032625177643,-0.008884011107616054,-0.7378557257182238,-409.0809045350162,1.3351312008039803e-05,-0.9120742626428849,-0.5845581543680413,RECONSTRUCTED - approximate only,1.3351312008039803e-05,-0.9600264263017753
2026-06-01,CG,CONTROL,control,45.099998474121094,45.099998474121094,45,0.33514204961603933,-0.010345613417254993,0.33514204961603933,-0.013525428299167686,-43.99572600545493,-3.036583940484082,0.08511296975025463,0.08511296975025463,-0.8377112677649852,-91.70867836552264,-0.033924586054582824,0.5365290413103578,0.907179169811851,-0.5528713869147371,-0.034811524344620606,-0.3901502177094163,-82.5674418792604,0.0031138654915317285,-0.9437802177174097,-0.9173203873847883,RECONSTRUCTED - approximate only,0.0031138654915317285,-0.9781883821648275
2026-06-01,BX,CONTROL,control,116.94000244140625,116.94000244140625,117,0.3219202331389444,-0.001367903397790639,0.3219202331389444,-0.017359318769588898,-120.25362489267074,-15.95063359310288,0.03201301619087062,0.03201301619087062,0.19653934123825903,-200.9224074997364,-0.02351633267134495,0.512881276640341,2.1053501348889867,-0.6521105842947454,0.013767749074216639,-0.4894803952904791,16.955990866871442,0.0011129602391035706,-0.8928076452346554,0.06094405944005836,RECONSTRUCTED - approximate only,0.0011129602391035706,-0.948250634001113
2026-06-01,CFG,CONTROL,control,60.779998779296875,60.779998779296875,61,0.21352378974413114,-0.0162222670857973,0.21352378974413114,0.025172797379444768,79.76246845719716,-26.264822531440966,-0.30531084242610296,-0.30531084242610296,3.597118058084549,251.34028749724607,0.05873642261474092,0.4701172069876671,0.6400493099630324,1.298136668658761,0.05133272144198823,1.4384247258745395,211.02113533896468,-0.0076734893176020405,4.2602109188618265,3.5854454832855196,RECONSTRUCTED - approximate only,-0.0076734893176020405,4.260079620118081
2026-06-01,GTLS,CONTROL,control,207.80999755859375,207.80999755859375,208,0.15,-0.000577472677062007,0.02259839630941264,0.00226168724423667,-8.586973287240129,-13.234280341393411,0.03251182739871101,0.03251182739871101,-0.34508245610633564,-130.8979172865339,-0.0036090660161262516,0.5050079166162424,1.7267588473928583,-0.12257663696241713,-0.0013473787718895815,0.060841794664566504,-75.17563596928753,0.0005296129608464757,-0.6847652847426714,-0.4946683977598964,RECONSTRUCTED - approximate only,0.0005296129608464757,-0.781893027116533
2026-06-01,XPO,CONTROL,control,221.2100067138672,221.2100067138672,221,0.399348623767597,-0.009568275620806593,0.399348623767597,-0.019302943550759632,-270.01438914076545,542.6266772680333,1.2303236101234292,1.2303236101234292,-0.42676232798615027,-70.52713041158266,0.015596025692927727,0.5247843123675496,5.089098954549883,-0.6135371923442293,-0.008815207937467179,-0.4505469260774649,-258.5153826790801,0.04245999008106789,-0.03792655848126317,-0.5682149132608313,RECONSTRUCTED - approximate only,0.04245999008106789,-0.1225328732230167
2026-06-01,OKE,CONTROL,control,84.94999694824219,84.94999694824219,85,0.341309936597981,0.011674954718081429,0.341309936597981,0.02083583679866822,72.10090358123304,-16.006492994107777,0.009538788472962979,0.009538788472962979,1.5612340203198334,137.15515078023796,0.03766927242606492,0.5125529854457158,1.617197275330895,0.42226671776903435,0.047086523174769454,0.5830286736514207,222.38625060912872,0.0003532593022104581,1.0064659128238012,1.506303948508323,RECONSTRUCTED - approximate only,0.0003532593022104581,0.9771220623931669
2026-06-01,FCX,CONTROL,control,67.04000091552734,67.04000091552734,67,0.6069262255362257,-0.006848226366031441,0.6069262255362257,0.06980907281121221,263.84736696686764,77.72690115668736,0.467255000905731,0.467255000905731,0.49069256009455986,-221.25033882746067,-0.04668855944765187,0.5241351943119039,2.2980134317931302,1.2049509120442123,0.0395286618390414,1.3198012788764266,82.84358461000302,0.02727549373322302,-0.9022447584941559,0.3729212215235474,RECONSTRUCTED - approximate only,0.02727549373322302,-0.9540166902548032
2026-06-01,KEX,CONTROL,control,142.22999572753906,142.22999572753906,142,0.2332612016779336,-0.0015648426376964925,0.2332612016779336,0.008085559936853523,29.2687457165579,89.00647122787726,0.5760028310189799,0.5760028310189799,-0.09494261884393147,-135.42290521125543,-0.004218455056948231,0.5382142095973973,2.019363330200477,0.1085550320943363,0.0035154328553719297,0.2646085643841497,-39.7073793838352,0.013250699401953716,-0.5938780188023551,-0.22769700310379049,RECONSTRUCTED - approximate only,0.013250699401953716,-0.6895142286181511
2026-06-01,CRWD,CONTROL,control,782.1699829101562,782.1699829101562,782,0.4580287838090315,0.0065800240199640906,0.4580287838090315,-0.01690165947552542,-927.3239791156013,3061.144163844377,1.6978877074837813,1.6978877074837813,-0.9703963061945707,-2126.6010051260673,-0.15774065430606599,0.5200420352101899,20.240962858807336,-0.5475511828911436,-0.08064737516516683,-0.3763157521991757,-2069.6764098288468,0.06300537571572039,-0.9999999505699075,-0.9924873264074312,RECONSTRUCTED - approximate only,0.06300537571572039,-0.9999999999798138
2026-06-01,CYTK,CONTROL,control,73.68000030517578,73.68000030517578,74,0.6049196533740304,-0.008728579725033686,0.6049196533740304,-0.03759495971217881,-148.19462202982885,-119.0252072907096,-0.4235666873846264,-0.4235666873846264,-0.51732599652623,-244.1439991810838,-0.07844732295543773,0.5006386309729987,2.3433108387984873,-0.7139722049344449,-0.018865355373116014,-0.5545977336522793,-139.89739179893851,-0.031672968178534856,-0.9856090305638261,-0.6626345190939918,RECONSTRUCTED - approximate only,-0.031672968178534856,-0.9969981161459724
2026-06-01,NJR,CONTROL,control,53.196067810058594,53.196067810058594,53,0.17678693486912045,-0.008506784213365181,0.17678693486912045,0.007454340363556048,12.522298760123373,-50.80408299765421,-0.695056802603691,-0.695056802603691,0.8815852896496194,26.204703931372475,0.014535931439373024,0.5801331585373075,0.6511091016361661,0.20429393702860105,0.017704085254746673,0.3287247579858568,46.71968854978351,-0.02044539899310927,0.5499247338887829,0.8302052828762873,RECONSTRUCTED - approximate only,-0.02044539899310927,0.5246781545816885
2026-06-01,TRV,CONTROL,control,287.72711181640625,287.72711181640625,288,0.17260170867869282,-0.008153752871805642,0.17260170867869282,0.01014080885917014,114.05311069668208,-55.48837411374117,-0.10251883151864107,-0.10251883151864107,0.8067978345452231,432.6975690584563,0.026996231110741536,0.5049501455907404,2.74520394982153,0.38368817685808837,0.01557469568557956,0.547577569751215,181.65629770138,-0.0020034439925352815,1.7694001572860656,0.7079532851972538,RECONSTRUCTED - approximate only,-0.0020034439925352815,1.7607507713411805
2026-06-01,BKR,CONTROL,control,62.970001220703125,62.970001220703125,63,0.3824019553880044,-0.004226682110975083,0.3824019553880044,0.024932502213578456,66.54080628616079,-43.41429809350348,-0.22430423618941164,-0.22430423618941164,1.4416421227628968,47.50530141089648,0.02969660284161925,0.5141961152145904,1.345122147827091,0.47853715335662367,0.04986500442715691,0.6361545357032272,169.47132963576834,-0.010061301422850282,0.4871913089414186,1.3805470313665484,RECONSTRUCTED - approximate only,-0.010061301422850282,0.4314712159354506
2026-06-01,AMCR,CONTROL,control,37.72999954223633,37.72999954223633,38,0.37794441136938406,-0.013395169032755101,0.37794441136938406,0.01802280184007329,20.488569761272903,-29.829486169878678,-0.33710803605724576,-0.33710803605724576,-0.34827438822380374,-39.93432369338564,0.0023853738054552902,0.4634494238370822,0.6788651359793612,0.2332563595485529,-0.0023853738054552902,0.44311136036172677,-30.54962865216334,-0.0148824988558398,-0.49379116078467516,-0.5185081615622508,RECONSTRUCTED - approximate only,-0.0148824988558398,-0.6164419660546929
2026-06-01,TEX,CONTROL,control,58.056190490722656,58.056190490722656,58,0.4414363846136089,-0.023547624229602653,0.4414363846136089,0.05324631275394929,177.18612161232858,66.56418769022615,0.5909253288628973,0.5909253288628973,2.1179028242364377,292.7852017465006,0.07998820165368713,0.5247551442761154,1.470898729870946,1.2781505485272149,0.07643417651603428,1.3825783407657004,279.93696724643974,0.024819570732751626,2.2098497210134287,2.0883901798575346,RECONSTRUCTED - approximate only,0.024819570732751626,2.2065500647954517
2026-06-01,RBC,CONTROL,control,566.1400146484375,566.1400146484375,566,0.35400687820840654,-0.015193373850562047,0.35400687820840654,0.021549461072111697,510.0064266507864,32.64332348539653,0.13657933957622612,0.13657933957622612,1.2323063295760763,1216.7401369778333,0.043858330823173565,0.5195870830302587,11.409377605020666,0.4210829769491778,0.041721119345105966,0.576995543169209,1220.291806672891,0.0050952385493122695,1.229029551640913,1.164039967943984,RECONSTRUCTED - approximate only,0.0050952385493122695,1.2095522312076588
2026-06-01,BURL,CONTROL,control,314.010009765625,314.010009765625,314,0.48957150233557734,-0.02513659780868645,0.48957150233557734,0.022483351928377332,244.62518806075798,-167.69501662308502,-0.09737131045072168,-0.09737131045072168,0.31481825831028915,-473.6120683137711,-3.187721828508341e-05,0.5193462238079919,8.643773712689637,0.23582308538527486,0.02534948316144256,0.40474880804692437,170.77795249153877,-0.0053216530862204466,-0.46991455354296824,0.18618100627452147,RECONSTRUCTED - approximate only,-0.0053216530862204466,-0.5749214984193844
2026-06-01,VZ,CONTROL,control,47.72999954223633,47.72999954223633,48,0.18615265454885666,-0.006484027701036575,0.18615265454885666,0.0029331529644066284,-2.876901806264447,5.141722675571077,0.2799753916393622,0.2799753916393622,-0.9998219365464611,-42.05104864667496,-0.04797823041043442,0.4330052755923565,0.3881102408111161,-0.17167475390363687,-0.059920398864046605,0.06249446839290718,-42.04501000143309,0.004842095626027961,-0.9999857165246023,-0.9999964606465507,RECONSTRUCTED - approximate only,0.004842095626027961,-0.9999999059124343
2026-06-01,WAB,CONTROL,control,256.010009765625,256.010009765625,256,0.26525781097979,-0.009993934111432628,0.26525781097979,0.03320182678709195,491.7972010297852,-151.14053469974922,-0.30137822554395083,-0.30137822554395083,0.8949012291898952,8.102451447352344,0.014140053041291529,0.5181596997640566,3.87877095286089,1.3440079531993305,0.025428612162495937,1.4434439672350565,289.6683953502118,-0.00982393404472953,0.13077979043964783,0.8080221343269064,RECONSTRUCTED - approximate only,-0.00982393404472953,0.05616108397198375
2026-06-01,KMI,CONTROL,control,30.850000381469727,30.850000381469727,31,0.25164168137844894,-0.0006435153736411906,0.25164168137844894,0.01912480211644595,23.888357099429943,-13.427875987182741,-0.23769155698479813,-0.23769155698479813,1.1620316157510349,-1.374872317537228,0.014262577913026759,0.46245703419276485,0.3722411355140647,0.6287127383803697,0.02755268625475562,0.8175449982143784,36.07040561914816,-0.006761078173968498,0.10314590221530168,1.051387395626565,RECONSTRUCTED - approximate only,-0.006761078173968498,-0.002244116672642131
2026-06-01,BC,CONTROL,control,82.47000122070312,82.47000122070312,82,0.43996738805475893,0.0003581516061578394,0.43996738805475893,-0.00860917999228087,-74.23230600652877,-86.34431401400569,-0.28670001206672496,-0.28670001206672496,-0.22718447268896924,-190.8549534067282,-0.021826155269971583,0.5556725000581482,2.283896483178772,-0.39197540964456506,-0.0003637538359747733,-0.23087663212356485,-73.431217561468,-0.01575366607472618,-0.7683820855363805,-0.35806589707270264,RECONSTRUCTED - approximate only,-0.01575366607472618,-0.8478396990221949
2026-06-01,NSC,CONTROL,control,305.1600036621094,305.1600036621094,305,0.3216012993651417,-0.001737928889517778,0.3216012993651417,0.00783190490948382,28.940295842346487,-20.723738375837375,0.06905422732507563,0.06905422732507563,-0.044482992820377924,-16.047657338695764,0.015631108128290234,0.5221597898003965,5.6466844156810225,-0.011302478535449427,0.006652243921010716,0.16163586799691043,-81.6290792773697,0.002397960134977859,0.07777118439769524,-0.18535606118690087,RECONSTRUCTED - approximate only,0.002397960134977859,0.0006004087718971317
2026-06-01,CVNA,CONTROL,control,71.0,71.0,71,0.48567047842268735,-0.00958899929098887,0.48567047842268735,-0.07605635951942122,-184.68851432088698,-77.14833802404434,-0.30670464782903034,-0.30670464782903034,-0.9294551697955985,-164.76523604249783,-0.02183102889799736,0.5190964979463266,1.9380241539630916,-0.9564321544909709,-0.06774644448723592,-0.8908056526804882,-191.8043656031559,-0.017980677688591132,-0.7825930082245203,-0.9744115346059897,RECONSTRUCTED - approximate only,-0.017980677688591132,-0.8652033733910456
2026-06-01,VLO,CONTROL,control,252.52000427246094,252.52000427246094,253,0.44727627406916337,0.015031421312343078,0.44727627406916337,0.022730894170945686,208.90401948706852,153.91267844223123,0.3720569610154127,0.3720569610154127,0.36482276800578745,0.294501115908109,0.02324572420663755,0.5063002134837677,6.12389661492233,0.29163152120019836,0.025067328227290936,0.4665811272324063,149.70404068431404,0.016177079567247232,0.10800393281765415,0.23131871825460393,RECONSTRUCTED - approximate only,0.016177079567247232,0.022934452168829538
2026-06-01,PCAR,CONTROL,control,109.47000122070312,109.47000122070312,109,0.28736353347702814,-0.013500094736658013,0.28736353347702814,0.03124141893494852,196.97484378364163,11.424949405365037,0.171063828219145,0.171063828219145,3.486847141007989,684.5964128676894,0.08194026784213378,0.5604510678634713,2.03564546053358,1.0417998733283054,0.07856032135034498,1.1305417043013921,652.6520780405676,0.0054188462726714,3.652031188325751,3.485065368844356,RECONSTRUCTED - approximate only,0.0054188462726714,3.652019090239254
2026-06-01,TT,CONTROL,control,447.4546203613281,447.4546203613281,447,0.2814691006212547,-0.006736044308069341,0.2814691006212547,0.023301493848839665,515.7137145348715,-64.75141641192704,0.015020550084621873,0.015020550084621873,1.259153182794,408.5123046389457,0.02562358850412077,0.5279703391660168,7.401267124801251,0.7097588739634404,0.034093740274732436,0.840576386685814,810.023589157686,0.0004684590427504541,0.6881111567983538,1.1992476331120663,RECONSTRUCTED - approximate only,0.0004684590427504541,0.651046660302693
2026-06-01,AA,CONTROL,control,77.76000213623047,77.76000213623047,78,0.521152655793274,0.0016099948606731437,0.521152655793274,0.07754627846759456,364.44653303060295,-23.129907624320644,-0.0011629099756974121,-0.0011629099756974121,-0.19932908279939612,-220.83924771234604,-0.05555555010474228,0.5026623821344602,2.159137379653906,1.7922398588112625,0.003343550664780642,1.8883657718666262,-63.77736678134801,-6.426095874995855e-05,-0.9650436560116897,-0.3564916717777912,RECONSTRUCTED - approximate only,-6.426095874995855e-05,-0.9893167440773066
2026-06-01,CINF,CONTROL,control,155.97518920898438,155.97518920898438,156,0.17130328376891385,-0.006733539490543742,0.17130328376891385,0.0074602890435228365,36.33631164147703,7.512214274139741,0.16554679145643342,0.16554679145643342,1.5873960004311471,351.1399855939392,0.03455970901947664,0.5181765800425471,1.5387285864109117,0.19900091073856832,0.024421370007209946,0.3627300724552205,215.35701649857748,0.0030058916530345653,2.51627613182843,1.5412472714539827,RECONSTRUCTED - approximate only,0.0030058916530345653,2.5149426149081977
2026-06-01,ROIV,CONTROL,control,29.09000015258789,29.09000015258789,29,0.5156974867668125,-0.02767588963122918,0.5156974867668125,-0.028875907465856887,-52.0443117654899,-13.688965444184298,-0.041730763942225954,-0.041730763942225954,0.05979739851840177,-72.44428618831108,-0.020625657556634616,0.5368589890317791,0.8871806462515117,-0.6519175501958188,0.015125490950486436,-0.496813377949376,-5.131952469652211,-0.0024005382438447125,-0.7388571756574304,-0.07199335037372094,RECONSTRUCTED - approximate only,-0.0024005382438447125,-0.8254205297242626
2026-06-01,ODFL,CONTROL,control,228.24069213867188,228.24069213867188,228,0.397163176351434,-0.0258937616984935,0.397163176351434,0.002406674911094291,-62.49226587565505,553.3300406556305,1.2204018612407463,1.2204018612407463,2.3975307074009407,1261.4943137008863,0.0822346891445651,0.5255619689035093,5.235412363280062,-0.19411451589961295,0.07570653581479106,-0.017769961520717067,1138.7917575198946,0.04199339388796881,2.644236365888469,2.376804878709973,RECONSTRUCTED - approximate only,0.04199339388796881,2.643056870447114
2026-06-01,VTR,CONTROL,control,81.70999908447266,81.70999908447266,82,0.24337393059655318,-0.008291837993662596,0.24337393059655318,-0.01933670112297107,-72.47458401615768,-74.81020100580695,-0.6704269738396785,-0.6704269738396785,-0.9232216011282395,-102.97596691172956,-0.02557822006251603,0.47615135646192996,0.9975524476566946,-0.7930730689650676,-0.03194224256021979,-0.6457812100464457,-98.7669114303927,-0.02400862526186174,-0.9676361552462146,-0.9727068607541127,RECONSTRUCTED - approximate only,-0.02400862526186174,-0.9907255299414178
2026-06-01,WEC,CONTROL,control,108.5999984741211,108.5999984741211,109,0.1804574297924184,-0.006933851880238639,0.1804574297924184,0.01500925327545859,71.19023770886605,-65.09584355126296,-0.6070099359723828,-0.6070099359723828,1.5796477370194062,119.94147638237277,0.024401487689803145,0.46166149209501406,0.9428057876375888,0.7334557511183569,0.024217356535591653,0.9146081404807507,130.75553986822308,-0.015233952881500862,1.4589099894237858,1.496765936660819,RECONSTRUCTED - approximate only,-0.015233952881500862,1.4306687536257041
2026-06-01,GILD,CONTROL,control,130.24403381347656,130.24403381347656,130,0.22276868404644118,-0.0032729705094778094,0.22276868404644118,-0.02692611350036488,-151.91169904956558,-127.3653657087444,-0.6353759039764655,-0.6353759039764655,-0.6822261487877721,-179.72693983603222,-0.022883374281090666,0.5427241910320753,1.7917011374111098,-0.8824158999351739,-0.0146454766952764,-0.7795865933733119,-135.33982121580308,-0.021568768349635455,-0.9430022446585822,-0.7948533636938798,RECONSTRUCTED - approximate only,-0.021568768349635455,-0.9775660894885515
2026-06-01,PNFP,CONTROL,control,95.61000061035156,95.61000061035156,96,0.26620450285115277,-0.008696526424175142,0.26620450285115277,0.007844367693883254,12.262719743259154,-62.34507440999454,-0.4029943399034248,-0.4029943399034248,0.03218020793984579,-35.0110391000443,0.009204029367223879,0.47369725912142674,1.2642798845373875,0.01342774349135471,0.008158129634113042,0.2181855200455155,-10.077743835409036,-0.013210845158015636,-0.1754128597326457,-0.13408152929519032,RECONSTRUCTED - approximate only,-0.013210845158015636,-0.28966577711043257
2026-06-01,KNX,CONTROL,control,77.7216567993164,77.7216567993164,78,0.4989713112866889,0.006082233582929598,0.4989713112866889,-0.0038500528068103165,-51.069105205230635,78.92400570427885,0.5182702560089513,0.5182702560089513,-0.09847748645395903,69.83651515234364,0.03844928695836208,0.4986803497678616,2.044669987018594,-0.3435075410917076,0.008341895604975414,-0.15095682932857618,-40.87532616038279,0.024050491774611944,0.4714862782077165,-0.2567425694420466,RECONSTRUCTED - approximate only,0.024050491774611944,0.40489958441504464
2026-06-01,PH,CONTROL,control,823.2999877929688,823.2999877929688,823,0.2596057596101846,-0.005244891431954144,0.2596057596101846,0.015814429399122112,544.3106696584538,-772.0895304309038,-0.5515904462563502,-0.5515904462563502,3.032285898794692,4436.4831433019,0.07268313827610116,0.5218450727904559,12.352180079793811,0.41837640386402125,0.059431547918455015,0.5702232029904333,3433.4356393585504,-0.020114287275085418,3.887065760336938,3.023622135476454,RECONSTRUCTED - approximate only,-0.020114287275085418,3.887029514466894
2026-06-01,COKE,CONTROL,control,172.1300048828125,172.1300048828125,172,0.5907060557630868,-0.012870805715344049,0.5907060557630868,0.016673415649650483,54.98070164571391,-2.078061771550753,0.10384120040633585,0.10384120040633585,-0.4005882536397757,119.26422829863127,0.038807834115435265,0.5246628912946746,5.759753000963286,0.032664361154139614,-0.010805789563637473,0.20811972800752748,-278.09002263460525,0.006431655916311568,0.3256019709954625,-0.5449155750267314,RECONSTRUCTED - approximate only,0.006431655916311568,0.26104908588802683
2026-06-01,MUR,CONTROL,control,37.310001373291016,37.310001373291016,37,0.4512142535602558,0.02238191224172132,0.4512142535602558,0.01742154080023573,19.899797661406605,5.356880978583635,0.1684717048857175,0.1684717048857175,1.7314672694837911,169.59646986492862,0.07236657327423808,0.5714685705183721,1.1085910796764686,0.16969397906194367,0.0712945523855251,0.3065598929559981,169.96556032487808,0.008378415494351773,1.727962674500541,1.706877427281209,RECONSTRUCTED - approximate only,0.008378415494351773,1.7247407256660119
2026-06-01,CVNA,CONTROL,control,71.0,71.0,71,0.48567047842268735,-0.00958899929098887,0.48567047842268735,-0.07605635951942122,-184.68851432088698,-77.14833802404434,-0.30670464782903034,-0.30670464782903034,-0.9294551697955985,-164.76523604249783,-0.02183102889799736,0.5190964979463266,1.9380241539630916,-0.9564321544909709,-0.06774644448723592,-0.8908056526804882,-191.8043656031559,-0.017980677688591132,-0.7825930082245203,-0.9744115346059897,RECONSTRUCTED - approximate only,-0.017980677688591132,-0.8652033733910456
2026-06-01,BMY,CONTROL,control,54.95000076293945,54.95000076293945,55,0.2569763058992795,0.0038475204534619612,0.2569763058992795,-0.008917227873766915,-35.987422630542476,-73.65371300789268,-0.8693714888637157,-0.8693714888637157,1.2214160053128653,-9.69546824922961,0.011282964936788835,0.5076521181117759,0.7814395211529792,-0.5375457322289143,0.030027255473569842,-0.36199087091774484,81.55956492889585,-0.042682938986244895,-0.007827295812415872,1.1478133110215545,RECONSTRUCTED - approximate only,-0.042682938986244895,-0.09632501869835652
2026-06-01,ETR,CONTROL,control,104.97000122070312,104.97000122070312,105,0.23394003983537048,-0.01375515779938184,0.23394003983537048,0.02505475109872874,141.47473809338456,-104.02937941554202,-0.6716936699901166,-0.6716936699901166,2.1550335331918204,153.93857695889278,0.029913302401954615,0.5147483124844299,1.3917914738306578,1.0677235586932563,0.041059326554944285,1.1850886979908561,269.7210285066691,-0.023988858743342636,1.2793544743764198,2.127168911876916,RECONSTRUCTED - approximate only,-0.023988858743342636,1.2615656244084894
2026-06-01,CB,CONTROL,control,308.81646728515625,308.81646728515625,309,0.17584968952189522,-0.005164751857531427,0.17584968952189522,0.008037909349047731,81.41346857138396,-48.00403570598367,-0.0555940593585981,-0.0555940593585981,0.7527751857785127,814.5190087369514,0.03905992293141283,0.5108319550694108,3.0562596871844505,0.22225779470857981,0.015236630050819731,0.3901434296452009,186.70166623988257,-0.0010963380086542501,2.9150926200409186,0.6542946851758195,RECONSTRUCTED - approximate only,-0.0010963380086542501,2.9144467165581984
2026-06-01,OKE,CONTROL,control,84.94999694824219,84.94999694824219,85,0.341309936597981,0.011674954718081429,0.341309936597981,0.02083583679866822,72.10090358123304,-16.006492994107777,0.009538788472962979,0.009538788472962979,1.5612340203198334,137.15515078023796,0.03766927242606492,0.5125529854457158,1.617197275330895,0.42226671776903435,0.047086523174769454,0.5830286736514207,222.38625060912872,0.0003532593022104581,1.0064659128238012,1.506303948508323,RECONSTRUCTED - approximate only,0.0003532593022104581,0.9771220623931669
2026-06-01,COIN,CONTROL,control,182.61000061035156,182.61000061035156,183,0.6664360566487229,-0.05194938437731822,0.6664360566487229,-0.04720439783350431,-444.6101664466003,114.79517363243747,0.2899106526255102,0.2899106526255102,-0.9525332256079879,-694.3451775254642,-0.11226110252166509,0.5133299814098701,6.618310533108726,-0.748516882302632,-0.10119925341313148,-0.5998144871261234,-666.3783699479382,0.018972120803013647,-0.9970139804338282,-0.9854582998287118,RECONSTRUCTED - approximate only,0.018972120803013647,-0.999688001925081
2026-06-01,ALL,CONTROL,control,207.2100067138672,207.2100067138672,207,0.21198508544239125,-0.010243358377615778,0.21198508544239125,0.01568457069975327,152.062023146617,250.52540457899434,1.1116517755598005,1.1116517755598005,0.6933995347603152,490.1789377109656,0.03769121811466588,0.5326302036993096,2.6339663285944255,0.5851320917274462,0.017518408891497354,0.7181552318094893,145.8674842621182,0.02119167598517361,2.069397036926299,0.6041507808541322,RECONSTRUCTED - approximate only,0.02119167598517361,2.066689340482493
2026-06-01,ETR,CONTROL,control,104.97000122070312,104.97000122070312,105,0.23394003983537048,-0.01375515779938184,0.23394003983537048,0.02505475109872874,141.47473809338456,-104.02937941554202,-0.6716936699901166,-0.6716936699901166,2.1550335331918204,153.93857695889278,0.029913302401954615,0.5147483124844299,1.3917914738306578,1.0677235586932563,0.041059326554944285,1.1850886979908561,269.7210285066691,-0.023988858743342636,1.2793544743764198,2.127168911876916,RECONSTRUCTED - approximate only,-0.023988858743342636,1.2615656244084894
2026-06-01,GBCI,CONTROL,control,46.349998474121094,46.349998474121094,46,0.25661085484837176,-0.011777025606286172,0.25661085484837176,0.0062567621375276185,2.8853358553926354,-41.54461566363152,-0.38159827122960127,-0.38159827122960127,0.5135014252684179,18.917110822068363,0.01661273965723195,0.6018151934608501,0.8701193151885427,0.03246722787665043,0.017907267710442494,0.1558954862775675,32.445520155889724,-0.013619986837305968,0.3498407567930721,0.4490883360828341,RECONSTRUCTED - approximate only,-0.013619986837305968,0.3205076287003645
2026-06-01,TEX,CONTROL,control,58.056190490722656,58.056190490722656,58,0.4414363846136089,-0.023547624229602653,0.4414363846136089,0.05324631275394929,177.18612161232858,66.56418769022615,0.5909253288628973,0.5909253288628973,2.1179028242364377,292.7852017465006,0.07998820165368713,0.5247551442761154,1.470898729870946,1.2781505485272149,0.07643417651603428,1.3825783407657004,279.93696724643974,0.024819570732751626,2.2098497210134287,2.0883901798575346,RECONSTRUCTED - approximate only,0.024819570732751626,2.2065500647954517
2026-06-01,GD,CONTROL,control,339.20001220703125,339.20001220703125,339,0.2857768552204187,-0.010005193320520444,0.2857768552204187,-0.004687579004266883,-172.48248089382977,-237.62798162366485,-0.3375776538167051,-0.3375776538167051,-0.013261362948245215,-215.89851555344615,0.004893788575449941,0.5234926151051903,5.617510623841525,-0.39058597487175006,0.006780624145629302,-0.21550541241581767,-64.55221172701188,-0.01208677391207969,-0.296860112345398,-0.15163205249795944,RECONSTRUCTED - approximate only,-0.01208677391207969,-0.3943779310168931
2026-06-01,DOV,CONTROL,control,207.5399932861328,207.5399932861328,208,0.2751102243828637,-0.014903453290064482,0.2751102243828637,0.02071891293659941,192.01592975333824,-61.87869103147099,-0.1053553119702901,-0.1053553119702901,1.0381811004915698,468.6835766525172,0.04167875799893555,0.494457056732644,3.0276092705395996,0.615017281780636,0.02857284439821044,0.7773791219724517,267.02854610759556,-0.003217969387298189,1.7392902405337682,0.9438048777545052,RECONSTRUCTED - approximate only,-0.003217969387298189,1.7271494161846634
2026-06-01,GEF,CONTROL,control,61.852943420410156,61.852943420410156,62,0.25987015642979144,-0.006947792440632672,0.25987015642979144,0.0169871456062021,42.25065455651589,-30.285083951615963,-0.25560175184850714,-0.25560175184850714,0.4251712662961337,3.271693268471478,0.015064099282747694,0.4914846080666929,0.8454857721583373,0.4753964730876973,0.01602565328130379,0.6474697304901604,24.395386634889448,-0.0077913478855938315,0.1621808360168588,0.28961290310852894,RECONSTRUCTED - approximate only,-0.0077913478855938315,0.07644833957120434
2026-06-01,BURL,CONTROL,control,314.010009765625,314.010009765625,314,0.48957150233557734,-0.02513659780868645,0.48957150233557734,0.022483351928377332,244.62518806075798,-167.69501662308502,-0.09737131045072168,-0.09737131045072168,0.31481825831028915,-473.6120683137711,-3.187721828508341e-05,0.5193462238079919,8.643773712689637,0.23582308538527486,0.02534948316144256,0.40474880804692437,170.77795249153877,-0.0053216530862204466,-0.46991455354296824,0.18618100627452147,RECONSTRUCTED - approximate only,-0.0053216530862204466,-0.5749214984193844
2026-06-01,PH,CONTROL,control,823.2999877929688,823.2999877929688,823,0.2596057596101846,-0.005244891431954144,0.2596057596101846,0.015814429399122112,544.3106696584538,-772.0895304309038,-0.5515904462563502,-0.5515904462563502,3.032285898794692,4436.4831433019,0.07268313827610116,0.5218450727904559,12.352180079793811,0.41837640386402125,0.059431547918455015,0.5702232029904333,3433.4356393585504,-0.020114287275085418,3.887065760336938,3.023622135476454,RECONSTRUCTED - approximate only,-0.020114287275085418,3.887029514466894
2026-06-01,APPF,CONTROL,control,179.3000030517578,179.3000030517578,179,0.45360503640350475,0.020661425010156272,0.45360503640350475,-0.026045722752147657,-276.24601899816196,1119.4266379197013,2.601251905329018,2.601251905329018,-0.9798108807208653,-496.23622559739,-0.08031237540535147,0.5292289247950898,4.726432567672674,-0.6631701105953218,-0.08728393133800345,-0.5070736478450708,-488.5102810726455,0.08996962341494111,-0.9970174589751832,-0.9955992087632781,RECONSTRUCTED - approximate only,0.08996962341494111,-0.9996811236179899
2026-06-01,DE,CONTROL,control,542.4299926757812,542.4299926757812,542,0.33120226923379725,-0.007303888055906754,0.33120226923379725,0.06787974083547153,2542.4164962381947,119.65681363736066,0.22771442645331633,0.22771442645331633,3.816449157870172,1933.1228629545778,0.05757421398233161,0.5243720076663297,10.397847504750644,2.641651356225985,0.0909241892781878,2.680407975710462,3664.592878503459,0.00782212144071191,2.063586350895439,3.813493449184969,RECONSTRUCTED - approximate only,0.00782212144071191,2.0596908118229624
2026-06-01,ODFL,CONTROL,control,228.24069213867188,228.24069213867188,228,0.397163176351434,-0.0258937616984935,0.397163176351434,0.002406674911094291,-62.49226587565505,553.3300406556305,1.2204018612407463,1.2204018612407463,2.3975307074009407,1261.4943137008863,0.0822346891445651,0.5255619689035093,5.235412363280062,-0.19411451589961295,0.07570653581479106,-0.017769961520717067,1138.7917575198946,0.04199339388796881,2.644236365888469,2.376804878709973,RECONSTRUCTED - approximate only,0.04199339388796881,2.643056870447114
2026-06-02,ABNB,CONTROL,control,134.35000610351562,134.35000610351562,134,0.24416885620508857,-0.011822656718294433,0.24416885620508857,-0.005656938824695091,-72.59058546428439,-104.55063007841571,-0.4227671406672133,-0.4227671406672133,-0.4271566257297731,-201.48093197166762,-0.02232973475035441,0.548713211300798,2.0583075263436257,-0.4210825432819665,-0.006029123785515156,-0.2593214368798728,-105.40894654181449,-0.013872572764563412,-0.9184748783296615,-0.5586010608912563,RECONSTRUCTED - approximate only,-0.013872572764563412,-0.9629062506729908
2026-06-02,AEP,CONTROL,control,127.11000061035156,127.11000061035156,127,0.23536495919896394,0.0033928279007923562,0.23536495919896394,-0.00629378528767517,-68.45418960524273,167.74450392663482,1.110741212293862,1.110741212293862,0.5030303699303706,-59.93365945522958,0.005113693043487969,0.5288097980235854,1.769721201791981,-0.46388944656412573,0.015970409641643542,-0.29417049620580643,65.57402150912903,0.02334756901420372,-0.24349031507786836,0.39828842696698835,RECONSTRUCTED - approximate only,0.02334756901420372,-0.3358265104325722
2026-06-02,TSCO,CONTROL,control,30.010000228881836,30.010000228881836,30,0.50672880586498,-0.012586580152183372,0.50672880586498,-0.02899036429850152,-51.62609648430346,-59.461142838783594,-0.6074943202305124,-0.6074943202305124,-0.37630162423263114,-50.37107638510239,-0.0016661494177883489,0.5213336940152701,0.8589493270670943,-0.6698923412632778,-0.0076640966505216795,-0.5114768142455752,-40.59577582701389,-0.04365834826399967,-0.49609670104211595,-0.5219934633313661,RECONSTRUCTED - approximate only,-0.04365834826399967,-0.6004748781115675
2026-06-02,SRE,CONTROL,control,88.91456604003906,88.91456604003906,89,0.19623559352154948,0.0060829189965517306,0.19623559352154948,-0.00022335276264972057,-19.248154404178607,108.23846757712904,1.3015148688478604,1.3015148688478604,1.0521224592552887,27.31175108787752,0.014740424275862543,0.5053987389664871,0.9638744841528322,-0.27588428756707817,0.0208821533162694,-0.09074570446525111,85.40208446310024,0.02156056708523026,0.4177274177050021,0.96864512643948,RECONSTRUCTED - approximate only,0.02156056708523026,0.3570057018836929
2026-06-02,VZ,CONTROL,control,47.869998931884766,47.869998931884766,48,0.18553157781481242,0.0010475432126560674,0.18553157781481242,-0.025485636791883357,-42.13157108195217,-1.5833757337762533,0.09863797161905356,0.09863797161905356,-0.9988043783193291,-48.57011072491452,-0.04365991642410095,0.47791545625134846,0.4502367687005133,-0.9352669521855723,-0.05222477659874827,-0.849359034845072,-48.52372099355501,0.0018836365610559159,-0.9998889475851589,-0.9999347797228982,RECONSTRUCTED - approximate only,0.0018836365610559159,-0.9999977748406513
2026-06-02,LULU,CONTROL,control,126.47000122070312,126.47000122070312,126,0.5179849727630393,-0.00741915175038843,0.5179849727630393,-0.0034791052198884747,-88.80195775412304,-228.1928482505139,-0.5050863149882172,-0.5050863149882172,-0.9761861641340535,-372.56667210950667,-0.040404843528340666,0.5402795906700076,3.9130791082309173,-0.3005899653961672,-0.09678182767160316,-0.1301200822701921,-403.32069112092825,-0.03539012560482053,-0.8934568077996103,-0.9943386361652181,RECONSTRUCTED - approximate only,-0.03539012560482053,-0.9471998978168087
2026-06-02,LRCX,CONTROL,control,334.1745910644531,334.1745910644531,334,0.5184320690939798,0.023019719142700235,0.5184320690939798,0.027810184495617583,362.71009645672353,492.2194210315803,0.6347267364852683,0.6347267364852683,-0.9736437958473697,-811.4881249354283,-0.021679903980125353,0.5225412308402673,9.811706572614355,0.3330654421267272,-0.09308934339570674,0.49578494913490084,-1006.962252680722,0.03079338456596264,-0.7639328365875451,-0.9936122354905923,RECONSTRUCTED - approximate only,0.03079338456596264,-0.8492695345929391
2026-06-02,DUK,CONTROL,control,121.08999633789062,121.08999633789062,121,0.18106116429622784,0.0014179512036930622,0.18106116429622784,-0.0004128782217795562,-26.29797679690492,44.618685296706,0.472555266858673,0.472555266858673,1.5598707451834561,134.1567964963244,0.02254524270787628,0.5320529417292741,1.3159950085343368,-0.2646805459514193,0.025848583512039308,-0.09468942259051905,180.55435080357222,0.008579033818438962,1.1887482824612865,1.5190191841447096,RECONSTRUCTED - approximate only,0.008579033818438962,1.1732946884867124
2026-06-02,NOVT,CONTROL,control,168.58999633789062,168.58999633789062,169,0.565671470250547,0.00703532270433227,0.565671470250547,-0.009787021367373614,-165.98135682811275,167.40580074597548,0.45020866404085874,0.45020866404085874,-0.9169209945810759,-505.3676302697588,-0.04709652182145361,0.5081387059250123,5.1482060282759505,-0.4171636258329404,-0.07295808362855623,-0.23145374059198295,-501.22938849949173,0.024178334929723454,-0.9253822798225311,-0.9683163554897548,RECONSTRUCTED - approximate only,0.024178334929723454,-0.9689042225735829
2026-06-02,CPRI,CONTROL,control,18.280000686645508,18.280000686645508,18,0.46080048631647597,0.00652178487615554,0.46080048631647597,0.008752726553724782,-0.9899406670429756,-20.469966864851163,-0.2174547348995539,-0.2174547348995539,0.5278564464240049,117.8367896425374,0.0908096162504428,0.6136411477061876,0.6252802506423034,-0.01227262829280364,0.03227571829463423,0.1104828692942678,23.802727550276902,-0.012958950603997151,2.110878189927546,0.46620363178290786,RECONSTRUCTED - approximate only,-0.012958950603997151,2.1105120333250227
2026-06-02,XEL,CONTROL,control,77.287109375,77.287109375,77,0.2580738653019466,-0.0007852595070530627,0.2580738653019466,-0.006164157463799247,-46.13632930873966,82.69587802030762,0.7910938505385823,0.7910938505385823,0.38487570540186894,-64.96396795841237,0.0,0.5591586103507534,1.289191554911966,-0.4179938593308184,0.015025010424300624,-0.2608277921633843,32.94504281489347,0.0199083733181231,-0.41455643647651597,0.290002039898852,RECONSTRUCTED - approximate only,0.0199083733181231,-0.5032896561812783
2026-06-02,DGX,CONTROL,control,193.16000366210938,193.16000366210938,193,0.23949862265587415,0.00379810478215379,0.23949862265587415,0.002640269709913963,-21.470793554366242,-16.886921966492007,0.04515517569430671,0.04515517569430671,1.76224529894454,812.5052838279876,0.058863092263534984,0.5280943300310738,2.729635179868083,-0.1438646246435565,0.03691234980765363,0.027478351982395028,428.3808907391547,0.001192199217643979,3.2435475234741884,1.7264129211327983,RECONSTRUCTED - approximate only,0.001192199217643979,3.2433804342936914
2026-06-02,DTE,CONTROL,control,141.5237579345703,141.5237579345703,142,0.22372908014871445,0.003432720338430174,0.22372908014871445,-0.005888472556203026,-64.34951121538609,113.00302476378216,0.8636485837962748,0.8636485837962748,0.9524547400623307,114.38739159493949,0.023133508379226904,0.47528629405774697,1.5865148422720523,-0.5061262592616417,0.021871823753159197,-0.31306199592144807,126.38779183889889,0.01667733147036394,0.8728336743135285,0.8396169352676518,RECONSTRUCTED - approximate only,0.01667733147036394,0.8235714068379157
2026-06-02,STZ,CONTROL,control,136.75999450683594,136.75999450683594,137,0.312750772354204,0.0005871694022362386,0.312750772354204,-0.009944433057750546,-99.97003614868399,-3.2608474679316144,0.09632724793430893,0.09632724793430893,0.9317268947666943,79.88108259547383,0.024349239286407236,0.5013211954363661,2.3098374708164187,-0.524388601093323,0.030345198317962785,-0.34439270429574187,180.05470623129176,0.0031540575809139446,0.47521893284770994,0.8343342050973462,RECONSTRUCTED - approximate only,0.0031540575809139446,0.4139123431583619
2026-06-02,EMR,CONTROL,control,142.02999877929688,142.02999877929688,142,0.34694522679451834,0.0027532608997741506,0.34694522679451834,-0.008096838036810607,-102.06415439207171,-29.836872886335996,-0.0018495099997467871,-0.0018495099997467871,-0.761237468950028,-134.47898561135244,0.0027458944800419593,0.5192923400618018,2.804412788425296,-0.4490226444243632,-0.027529421218859575,-0.27295338489381865,-232.15241671468945,-7.036403342968372e-05,-0.3946219035530246,-0.8633389922135848,RECONSTRUCTED - approximate only,-7.036403342968372e-05,-0.4974904435485158
2026-06-02,XOM,CONTROL,control,149.55999755859375,149.55999755859375,150,0.3057756423824214,-0.0023430585893353143,0.3057756423824214,0.0198582593553437,121.23707703310811,0.45943409858598794,0.11303331790443946,0.11303331790443946,-0.19636139795380533,-167.0906448081136,-0.0043460411011956865,0.48980559222233766,2.383523493642116,0.4713544931905593,0.002407064831694207,0.6464216454071036,-69.59827543681506,0.0035563227782197497,-0.626915352971959,-0.3569882718724038,RECONSTRUCTED - approximate only,0.0035563227782197497,-0.7335325347040602
2026-06-02,INTC,CONTROL,control,107.93000030517578,107.93000030517578,108,1.0077801986484243,-0.017195690581965153,1.0077801986484243,0.044287952986021166,164.60035772962314,-36.99453400659714,0.042851503101863746,0.042851503101863746,-0.7834965931156181,-330.6919622073076,-9.267243771136261e-05,0.5287015754476565,6.020220712918089,0.2196920219331674,-0.08116373678737387,0.39533882759592276,-509.60033687484395,0.004467225412438193,-0.4706764925018775,-0.8801677283135719,RECONSTRUCTED - approximate only,0.004467225412438193,-0.5773383224526448
2026-06-02,NVST,CONTROL,control,22.940000534057617,22.940000534057617,23,0.3773548525843604,-0.004706915122009505,0.3773548525843604,-0.02353970806258864,-29.88991910123872,-19.251818090744,-0.3056639188531013,-0.3056639188531013,-0.08186418990296973,102.23404502164085,0.07192674717163236,0.4978034593450511,0.45985411259310993,-0.70904085385103,0.006974709838152243,-0.5491759535837097,-9.47487164402458,-0.013757510390170874,2.4752148947919714,-0.238280763621418,RECONSTRUCTED - approximate only,-0.013757510390170874,2.471755729106272
2026-06-02,FN,CONTROL,control,701.1099853515625,701.1099853515625,701,0.7044547802398763,0.02072759290071558,0.7044547802398763,0.03407456055052213,876.7838049260624,4617.690892480051,1.863487638113771,1.863487638113771,-0.9619592654016716,-2904.6676160106235,-0.16418249312744004,0.5240080293388242,27.653440905845457,0.2701038633823679,-0.1139050748386043,0.4395068222454013,-2804.9753605219403,0.10365830458969456,-0.9999072432541113,-0.9892120099803553,RECONSTRUCTED - approximate only,0.10365830458969456,-0.9999981519982307
2026-06-02,AME,CONTROL,control,227.3890838623047,227.3890838623047,227,0.2392218383662754,0.008193110029301716,0.2392218383662754,0.0021955190287374906,-30.83674237555095,112.89691161818735,0.4679671319167622,0.4679671319167622,-0.4127155364460573,-47.722088893091296,0.00908968230199479,0.5387175729015206,3.314197913372354,-0.15393483609942193,-0.005181594010698173,0.011450692325651613,-164.3849712557817,0.011279334156025413,-0.04217932443984078,-0.5481228255442006,RECONSTRUCTED - approximate only,0.011279334156025413,-0.11853174909724938
2026-06-02,STZ,CONTROL,control,136.75999450683594,136.75999450683594,137,0.312750772354204,0.0005871694022362386,0.312750772354204,-0.009944433057750546,-99.97003614868399,-3.2608474679316144,0.09632724793430893,0.09632724793430893,0.9317268947666943,79.88108259547383,0.024349239286407236,0.5013211954363661,2.3098374708164187,-0.524388601093323,0.030345198317962785,-0.34439270429574187,180.05470623129176,0.0031540575809139446,0.47521893284770994,0.8343342050973462,RECONSTRUCTED - approximate only,0.0031540575809139446,0.4139123431583619
2026-06-02,CYTK,CONTROL,control,70.91000366210938,70.91000366210938,71,0.6178422431548615,-0.016422354498655693,0.6178422431548615,-0.0028205410704779136,-52.5044909965216,-92.8519488521055,-0.2947574113198868,-0.2947574113198868,-0.1248000179426082,-217.45842373541225,-0.034691955814715146,0.515620261516215,2.409137926709832,-0.3039629041034624,0.008038353763741193,-0.1184661006474485,-53.9541226326608,-0.021526114700107003,-0.839204073959136,-0.27609107501593133,RECONSTRUCTED - approximate only,-0.021526114700107003,-0.9104940647630594
2026-06-02,REGN,CONTROL,control,602.9199829101562,602.9199829101562,603,0.41330246226455764,-0.0068923414217332765,0.41330246226455764,0.02658732460566613,690.2003639611106,199.16000971604217,0.2558788430563388,0.2558788430563388,1.4418070098348748,41.87608691068884,0.021992984378494108,0.5171703418496231,14.009864664281167,0.4680094983517703,0.05395414021585422,0.624822152504348,1777.5558559380456,0.010728832510827365,0.13770352304218936,1.381613940641509,RECONSTRUCTED - approximate only,0.010728832510827365,0.060543704454602984
2026-06-02,VRSN,CONTROL,control,297.4100036621094,297.4100036621094,297,0.3008129140800045,-0.010586952256077252,0.3008129140800045,-0.001109636817121612,-107.38383334057274,172.1632010590996,0.4503195546694814,0.4503195546694814,-0.4639306224743618,-551.9197667205503,-0.0454590929934962,0.5306735433515571,5.291681154930245,-0.2783150879140021,-0.008372247751302622,-0.10576088100835628,-287.43924010285315,0.013494603136306297,-0.990040465798979,-0.6007359220256416,RECONSTRUCTED - approximate only,0.013494603136306297,-0.9981530705891767
2026-06-02,CHRD,CONTROL,control,137.99000549316406,137.99000549316406,138,0.39613794876999914,-0.006521694902060688,0.39613794876999914,0.019059276174561247,92.94220007907201,13.92732024339728,0.15730776657035528,0.15730776657035528,-0.6667269979946575,-291.643477947315,-0.02840784124136807,0.5173838820658052,3.0798114461476587,0.26050936553810544,-0.02319017377812755,0.42736831792585916,-227.17049125003987,0.006491607221202125,-0.8870856237523969,-0.7876325340951681,RECONSTRUCTED - approximate only,0.006491607221202125,-0.9442188244395494
2026-06-02,JNJ,CONTROL,control,222.88999938964844,222.88999938964844,223,0.19458662577752936,-0.00416085498920634,0.19458662577752936,0.0015703086925122948,-26.727025749561328,-10.366943942719386,0.06627172210799988,0.06627172210799988,3.052541183837627,1077.4896837945662,0.06330477208035232,0.5122648772350421,2.447755853581171,-0.18479065747265389,0.04432682000030259,-0.004083083575944789,684.0506188126226,0.0013927466800411298,4.744484371658446,3.04312148193936,RECONSTRUCTED - approximate only,0.0013927466800411298,4.744481226469372
2026-06-02,VRTX,CONTROL,control,425.0899963378906,425.0899963378906,425,0.20254018183837383,-0.013686131577403098,0.20254018183837383,0.007645439855085833,91.05475107456184,-327.03553554746935,-0.5795976913498017,-0.5795976913498017,3.4119807859913935,1457.3350688395826,0.04864850467886188,0.5222335732534826,5.006557339068593,0.13476679477387277,0.051142088549866904,0.29943955669134564,1571.4507838716065,-0.016905637515674313,3.172051834495126,3.407374677472347,RECONSTRUCTED - approximate only,-0.016905637515674313,3.171818506806364
2026-06-02,EME,CONTROL,control,827.280029296875,827.280029296875,827,0.34893406136754984,0.002828058910181475,0.34893406136754984,0.014819587438716213,396.47459014847664,-444.5524967320575,-0.17788644827292507,-0.17788644827292507,-0.5162639678226156,-872.9955957841378,0.0006043902696707932,0.520341699571195,16.478270332862508,0.19261077327009601,-0.011894432969489211,0.35936148644206184,-974.260739693868,-0.007224239270707145,-0.4515758141676472,-0.6535098681711796,RECONSTRUCTED - approximate only,-0.007224239270707145,-0.5548898505636392
2026-06-02,NOV,CONTROL,control,20.362855911254883,20.362855911254883,20,0.32838641150359404,0.005000055947134472,0.32838641150359404,0.018092823333381105,16.564832156200648,17.551623418540274,0.44261373869242765,0.44261373869242765,-0.47576968832757266,8.34220234526648,0.018092823333381105,0.6697403340710568,0.5882252841497131,0.3525972309827237,-0.01515904691279066,0.42495506823813867,-33.76893005159628,0.017412953971503033,0.2778107676748805,-0.5685981060259117,RECONSTRUCTED - approximate only,0.017412953971503033,0.2607405374433948
2026-06-02,COST,CONTROL,control,954.27001953125,954.27001953125,954,0.24161980769416025,-0.004037593285519847,0.24161980769416025,0.007922283424881483,179.33365934629214,551.6925844133841,0.5419158878544504,0.5419158878544504,0.6170435333301633,184.97259324298977,0.015006242500684372,0.5214709225800876,13.330901591545114,0.07948573804310885,0.018443391519920995,0.24789469166085656,646.8369130342996,0.012713752436363713,0.25234729364767594,0.5149238865295025,RECONSTRUCTED - approximate only,0.012713752436363713,0.18770059667956454
2026-06-02,AZO,CONTROL,control,3029.360107421875,3029.360107421875,3029,0.3828059573996375,-0.0022707636313501153,0.3828059573996375,0.010658949011299651,589.9582639131288,125.87768594265806,0.12564829701859004,0.12564829701859004,0.6137668529946718,3929.154172836174,0.03577979795553913,0.518678445086868,65.67100059869017,0.024725175740391615,0.028741985479187694,0.20003514465215677,3171.124914207677,0.005066212052718219,0.7352703367430726,0.5058914275842419,RECONSTRUCTED - approximate only,0.005066212052718219,0.6952682248936768
2026-06-02,EME,CONTROL,control,827.280029296875,827.280029296875,827,0.34893406136754984,0.002828058910181475,0.34893406136754984,0.014819587438716213,396.47459014847664,-444.5524967320575,-0.17788644827292507,-0.17788644827292507,-0.5162639678226156,-872.9955957841378,0.0006043902696707932,0.520341699571195,16.478270332862508,0.19261077327009601,-0.011894432969489211,0.35936148644206184,-974.260739693868,-0.007224239270707145,-0.4515758141676472,-0.6535098681711796,RECONSTRUCTED - approximate only,-0.007224239270707145,-0.5548898505636392
2026-06-02,VRTX,CONTROL,control,425.0899963378906,425.0899963378906,425,0.20254018183837383,-0.013686131577403098,0.20254018183837383,0.007645439855085833,91.05475107456184,-327.03553554746935,-0.5795976913498017,-0.5795976913498017,3.4119807859913935,1457.3350688395826,0.04864850467886188,0.5222335732534826,5.006557339068593,0.13476679477387277,0.051142088549866904,0.29943955669134564,1571.4507838716065,-0.016905637515674313,3.172051834495126,3.407374677472347,RECONSTRUCTED - approximate only,-0.016905637515674313,3.171818506806364
2026-06-03,HAL,CONTROL,control,41.029998779296875,41.029998779296875,41,0.31184066848524,0.004003904432103214,0.31184066848524,0.004630817622693238,-4.094315264975511,46.514838086284755,0.7841160335604526,0.7841160335604526,-0.5608379446606224,-75.53967420862581,-0.03168411590878494,0.5242143276499767,0.7414185063666601,-0.10857582669030849,-0.012917348161470199,0.06559076687414814,-48.216670031849084,0.022681950938161683,-0.9487572747179515,-0.6928676187102167,RECONSTRUCTED - approximate only,0.022681950938161683,-0.981123438341059
2026-06-03,NI,CONTROL,control,45.529998779296875,45.529998779296875,46,0.19629828857697754,0.0023986177254156655,0.19629828857697754,0.0070283264529698835,4.6105378094420235,-17.15033854503283,-0.4296262254145143,-0.4296262254145143,0.017139429527429716,32.79306188798695,0.02415994549331167,0.37110674790242537,0.3119255571363979,0.010945283227005045,0.0070283264529698835,0.30472160573395973,-3.9113640914513406,-0.00957151250211605,1.2557759243305213,-0.2215597825721223,RECONSTRUCTED - approximate only,-0.00957151250211605,1.1581796849448682
2026-06-03,TFC,CONTROL,control,47.41999816894531,47.41999816894531,47,0.23825591637043586,-0.00644217717112921,0.23825591637043586,0.03711518777288923,120.93445351023999,-31.264853130159608,-0.25271049173962995,-0.25271049173962995,1.1412465886695948,169.61724530178896,0.049346272520953485,0.6236915895768615,0.881124929042759,1.5330965236260037,0.029734367704652643,1.565531067236894,85.4189285584422,-0.008157356058215423,2.1471176539060064,1.11686024323003,RECONSTRUCTED - approximate only,-0.008157356058215423,2.146973652360932
2026-06-03,OKTA,CONTROL,control,124.6500015258789,124.6500015258789,125,0.9188869433854847,-0.020987373950366314,0.9188869433854847,-0.00938626678397919,-164.4308315176993,-361.7500009763054,-0.505214742897749,-0.505214742897749,-0.7308156673763774,-613.2429941327483,-0.07805858995447765,0.5195910098196447,6.215148053135536,-0.3574880903792241,-0.06257523430626219,-0.17102416991693445,-494.9535998994032,-0.05910321900797366,-0.9311570763984137,-0.8411001120374743,RECONSTRUCTED - approximate only,-0.05910321900797366,-0.9719606532595129
2026-06-03,GTLS,CONTROL,control,207.14999389648438,207.14999389648438,207,0.15,-0.0003841071227365482,0.021610210547733072,0.0018344431282116935,-13.693641200974792,-68.68217098368197,-0.26902484756015965,-0.26902484756015965,-0.2690835549500151,-134.72698957650962,-0.0033791791883517283,0.5364197837995984,1.8950273586579556,-0.12812985412669123,-0.00043445011123484454,0.03642015124005578,-68.69273993412548,-0.005043242397447487,-0.6358842565234942,-0.4056771200346265,RECONSTRUCTED - approximate only,-0.005043242397447487,-0.7297646897773142
2026-06-03,KLAC,CONTROL,control,212.51100158691406,212.51100158691406,213,0.5138686865373999,0.0015010344745517619,0.5138686865373999,0.002818673004995074,-74.9058843819512,400.214976786033,0.8222716936077222,0.8222716936077222,-0.3922491739990948,-282.35320931621254,0.004955008289222159,0.5066853789175169,5.894592922314686,-0.21597081856538766,-0.008023122653992881,-0.026179130517549186,-279.9001036828373,0.03751461425009882,-0.3966298267264599,-0.5432880458778943,RECONSTRUCTED - approximate only,0.03751461425009882,-0.5060102887610974
2026-06-03,TEX,CONTROL,control,62.49366760253906,62.49366760253906,62,0.4405171854178653,-0.004240041673902882,0.4405171854178653,0.0,-30.354124120013537,82.51350440725332,0.5936209796791627,0.5936209796791627,-0.14156331448879886,-181.44485266465682,-0.047743545793824324,0.5699410940610389,1.8065594026722493,-0.21687387850646447,0.0033016650856959383,-0.0640270879844967,-43.661135028725404,0.026367454298134734,-0.9443904567007485,-0.2634230164249693,RECONSTRUCTED - approximate only,0.026367454298134734,-0.9776573942253174
2026-06-03,NVDA,CONTROL,control,214.5,214.5,214,0.4196593517161717,-0.0049367261679317785,0.4196593517161717,0.019393956466710372,147.73513079190008,-327.7621044870352,-0.5400959094113345,-0.5400959094113345,-0.6889386549827156,-556.4753557794967,-0.06564103417741113,0.5341530685597592,5.3248546107385835,0.2434236972194389,-0.027319350164809148,0.399879812268227,-403.0558725899573,-0.031436050795278045,-0.9922224150790201,-0.8028679328602865,RECONSTRUCTED - approximate only,-0.031436050795278045,-0.9987025759864832
2026-06-03,TXT,CONTROL,control,91.36050415039062,91.36050415039062,91,0.32705089839506557,-0.00645728172097102,0.32705089839506557,-0.0031735801270734785,-47.10154881172487,13.211469268425436,0.1865091839734678,0.1865091839734678,-0.20801246463239303,-98.19090642310844,-0.0005471488301603935,0.5521570963624316,1.8801203635567987,-0.31292347313694047,0.0005472323388341053,-0.1511680662887696,-57.25460834532304,0.006609368607503499,-0.4372043872195216,-0.3386895418880285,RECONSTRUCTED - approximate only,0.006609368607503499,-0.5294958487617257
2026-06-03,HIMS,CONTROL,control,27.510000228881836,27.510000228881836,28,0.8430178495948497,-0.02035621451411178,0.8430178495948497,0.018175208863686836,2.2353952077751496,15.204645210793313,0.26719069663835043,0.26719069663835043,-0.42481856425497405,-57.60944484228243,0.009814629426291584,0.4662738988021024,1.0729064915703663,-0.08477688498818133,-0.012359147573940611,0.13994901979418703,-55.3291714719363,0.020779200374364044,-0.44719039047764786,-0.5934188885704976,RECONSTRUCTED - approximate only,0.020779200374364044,-0.5753515489041738
2026-06-03,NXT,CONTROL,control,146.47000122070312,146.47000122070312,146,0.7791035583098689,-0.007620573201989998,0.7791035583098689,0.026285287577176845,102.2783656507542,-270.3406437860274,-0.3239540791267159,-0.3239540791267159,-0.9780737657876267,-694.0973960943618,-0.23567968856944088,0.536898514413126,6.598073265527958,0.10159192309815356,-0.142145145909109,0.2705081532017374,-680.353957402251,-0.03038525362156344,-0.9999995265187563,-0.9949852276800307,RECONSTRUCTED - approximate only,-0.03038525362156344,-0.9999999993423656
2026-06-03,WBD,CONTROL,control,27.0,27.0,27,0.15,-0.001471704013179372,0.09577379847379917,0.0,-5.423004605856739,-9.927008185431458,-0.2781978617728258,-0.2781978617728258,-0.9060822438091343,-26.122298124960217,-0.028518535472728587,0.5225473798427107,0.23681836698017733,-0.25266986019541837,-0.019629655060944735,-0.07799985939621196,-24.05299081602011,-0.005158415357291245,-0.9980606763822834,-0.9616139853195479,RECONSTRUCTED - approximate only,-0.005158415357291245,-0.9998323890204945
2026-06-03,MU,CONTROL,control,1079.5699462890625,1079.5699462890625,1080,0.8846467226746564,0.014011873434615406,0.8846467226746564,-0.07741040455630288,-3991.4595012623727,-503.4355624793202,0.005569502442224551,0.005569502442224551,-0.9333626497918953,-5565.171817001919,-0.17385621195867812,0.5262439289555192,53.01879518601913,-0.8163959440797377,-0.12068686928535657,-0.6869404146928998,-5232.63545240187,0.0005189354300421415,-0.999384195037924,-0.9762099105283762,RECONSTRUCTED - approximate only,0.0005189354300421415,-0.9999688481279143
2026-06-03,WBD,CONTROL,control,27.0,27.0,27,0.15,-0.001471704013179372,0.09577379847379917,0.0,-5.423004605856739,-9.927008185431458,-0.2781978617728258,-0.2781978617728258,-0.9060822438091343,-26.122298124960217,-0.028518535472728587,0.5225473798427107,0.23681836698017733,-0.25266986019541837,-0.019629655060944735,-0.07799985939621196,-24.05299081602011,-0.005158415357291245,-0.9980606763822834,-0.9616139853195479,RECONSTRUCTED - approximate only,-0.005158415357291245,-0.9998323890204945
2026-06-03,VZ,CONTROL,control,46.650001525878906,46.650001525878906,47,0.18537250494020066,-0.00877372421802091,0.18537250494020066,-0.03815653881611753,-36.133099210561376,-26.197087020292653,-0.66061566675451,-0.66061566675451,-0.953378222249081,-14.52669336473423,0.006430851602311813,0.4047859246128489,0.3421880743779937,-0.9929769625895124,-0.025937896239910677,-0.9662651321631004,-35.714173256186086,-0.016859836126396476,-0.30161353253583584,-0.9878342676414953,RECONSTRUCTED - approximate only,-0.016859836126396476,-0.4515776660890538
2026-06-03,OVV,CONTROL,control,58.93065643310547,58.93065643310547,59,0.3578828391915231,0.00683291028101001,0.3578828391915231,0.0008439753764778793,-19.063837004868166,2.1734620479544233,0.13681526674877198,0.13681526674877198,-0.6938363986327243,-107.45612073058611,-0.021944719159716936,0.5081379503966281,1.158805535587664,-0.2423411025921259,-0.022451052600030632,-0.0560993418547604,-89.2700940110186,0.005089973850489137,-0.8590339700344635,-0.8118549919192348,RECONSTRUCTED - approximate only,0.005089973850489137,-0.9253038569229464
2026-06-03,DT,CONTROL,control,43.439998626708984,43.439998626708984,43,0.5997472758909653,-0.009339603563302087,0.5997472758909653,-0.004373817511867143,-38.551417792456085,-70.55230822384831,-0.3275073708794869,-0.3275073708794869,-0.633562962973731,-170.12234230691757,-0.0658378657014007,0.5697145855919763,1.6844300086212591,-0.283720715766575,-0.03499080354088923,-0.12752786653611475,-119.52758446868808,-0.02491583904289201,-0.9497389961548766,-0.7479479999346571,RECONSTRUCTED - approximate only,-0.02491583904289201,-0.9806288750112697
2026-06-03,BALL,CONTROL,control,52.83000183105469,52.83000183105469,53,0.28976228396199255,-0.003906959711119186,0.28976228396199255,-0.0024607432066908763,-21.248086281201328,-37.156483227414235,-0.37349352985163375,-0.37349352985163375,-0.39283445054739397,83.90326910279444,0.035775114975245985,0.485600951069426,0.7883684452083983,-0.3575791881507911,-0.003975068936046816,-0.16108420401177195,-38.605021527306704,-0.013261095859763922,1.2428994018649517,-0.5501084092422657,RECONSTRUCTED - approximate only,-0.013261095859763922,1.213881599093502
2026-06-03,BILL,CONTROL,control,35.20000076293945,35.20000076293945,35,0.5861259246691402,-0.022874994546182924,0.5861259246691402,0.021590860939223962,21.603432327737995,-97.52786250314482,-0.7009864324755267,-0.7009864324755267,-0.2517764101538022,-131.13289537650692,-0.07982958273823515,0.5487871217715892,1.2563415604204877,0.14194626974507085,-0.0017045844315488896,0.2971606234724258,-43.913546565126055,-0.06358072306322929,-0.9825477524896958,-0.3878803036203627,RECONSTRUCTED - approximate only,-0.06358072306322929,-0.995766792091648
2026-06-03,NTNX,CONTROL,control,53.040000915527344,53.040000915527344,53,0.516315064401507,-0.0156785496533809,0.516315064401507,0.036387637101468785,87.14609304275832,-81.43287495244067,-0.43642083450417546,-0.43642083450417546,-0.5782023418152222,-161.36544589878622,-0.06372550923402692,0.5238080092689743,1.5571882475836851,0.553121106296644,-0.02243594307815857,0.7031430270485862,-102.4070221588396,-0.028927097166878343,-0.9767508074225749,-0.7097823706445132,RECONSTRUCTED - approximate only,-0.028927097166878343,-0.99383579464644
2026-06-03,OXY,CONTROL,control,59.36579132080078,59.36579132080078,59,0.4100007604379795,0.007277033304312279,0.4100007604379795,-0.016264279783318573,-72.69779124072338,-10.45410041496445,0.0435542051487779,0.0435542051487779,-0.7729561722807066,-153.06821423423128,-0.038166641027924636,0.5612477948584269,1.561506838937202,-0.5304832557960018,-0.0362173255437823,-0.3760384147466603,-131.57782156480135,0.0020161110712679474,-0.9178256368500558,-0.8665737599520635,RECONSTRUCTED - approximate only,0.0020161110712679474,-0.9620380789168455
2026-06-03,HSY,CONTROL,control,183.1999969482422,183.1999969482422,183,0.27902053265967836,0.0005432457249445938,0.27902053265967836,-0.002674619227823636,-76.4045798920511,-78.30087873264772,-0.1637797434495725,-0.1637797434495725,-0.926695879791279,-311.2978963198785,-0.03597159633006127,0.5288599658390705,3.01266289337822,-0.3302563180043164,-0.039847178893896024,-0.15715403020724228,-296.64974653068083,-0.0053749143821147346,-0.9778768634823238,-0.9726364155572984,RECONSTRUCTED - approximate only,-0.0053749143821147346,-0.9942051501623641
2026-06-03,EME,CONTROL,control,839.5399780273438,839.5399780273438,840,0.33770076369247487,0.004605450903767081,0.33770076369247487,0.007015764350230457,28.644912643973964,291.0537432313459,0.2996434025835583,0.2996434025835583,-0.6527636380863601,-1663.1762431005166,-0.07482670148933956,0.5128333198910898,15.831896026339507,-0.05539629321562919,-0.01876027397409659,0.12517294041568439,-1141.3951348194396,0.010167311481099622,-0.9996856182212993,-0.7766194192685555,RECONSTRUCTED - approximate only,0.010167311481099622,-0.9999888318055585
2026-06-03,FCX,CONTROL,control,70.63999938964844,70.63999938964844,71,0.6363603628842801,-0.0009760135754712204,0.6363603628842801,-0.013448428035821865,-84.41600703530253,-68.91577683553146,-0.19830630494523382,-0.19830630494523382,-0.9524164652058215,-247.28700316216188,-0.12117776943027733,0.4989076524981149,2.3445870103758963,-0.4572748145712956,-0.09527179502244645,-0.2678965215463948,-236.8830810187801,-0.014096330980058264,-0.999126171199107,-0.9856890628359807,RECONSTRUCTED - approximate only,-0.014096330980058264,-0.9999500159870711
2026-06-03,HWM,CONTROL,control,248.6300048828125,248.6300048828125,249,0.37257939054987277,-0.004706477061363678,0.37257939054987277,0.002815416218859502,-55.17113061134067,-94.2180088278482,-0.08829421369965847,-0.08829421369965847,-0.44445730424222374,-244.03234380755873,0.0034589574607333056,0.5062083563692227,5.0532009987231845,-0.19453343230110254,-0.008365852029947314,-0.006955717407123577,-265.1955588874608,-0.0036466635721869338,-0.40037224110939196,-0.5916143102978939,RECONSTRUCTED - approximate only,-0.0036466635721869338,-0.5084418738926669
2026-06-03,LRCX,CONTROL,control,343.4680480957031,343.4680480957031,343,0.5315543260581655,0.0019138178406823885,0.5315543260581655,-0.021238833947695556,-500.74769375425774,396.0035403239864,0.5044719906006505,0.5044719906006505,-0.8530493385679491,-1074.5747511156767,-0.06374564506523062,0.5272493550385406,10.476077148340664,-0.5640910234199974,-0.056035574633703907,-0.3965796665077529,-955.0387862903937,0.02584690039583131,-0.97315854510903,-0.9287142713918861,RECONSTRUCTED - approximate only,0.02584690039583131,-0.9924050524870126
2026-06-03,NVST,CONTROL,control,22.399999618530273,22.399999618530273,22,0.3786414285767438,-0.004359214435120091,0.3786414285767438,0.02098219771014278,21.155462938918625,-32.12742204403936,-0.35519484030197823,-0.35519484030197823,1.0891863368017634,120.98689238247688,0.07410713730722047,0.6510409858560641,0.704731334197195,0.3592770175765179,0.046428613091002414,0.44067224590293275,64.57314198877594,-0.019264471590109113,1.9318180216680396,1.0687262352834457,RECONSTRUCTED - approximate only,-0.019264471590109113,1.9316557339033722
2026-06-03,GLPI,CONTROL,control,45.29066467285156,45.29066467285156,45,0.1539013682622909,-2.4189173503564062e-09,0.1539013682622909,0.0026041306947144857,-2.4215886036348158,-23.68691075145179,-0.3056798096760743,-0.3056798096760743,0.44938016541754827,184.8309379128056,0.05056416935828115,0.639730158525538,0.5734413549246078,-0.02147011961817904,0.010199554001136727,0.08467483491045011,17.446437689415816,-0.006682422131329484,3.5219561010095632,0.3990241732735874,RECONSTRUCTED - approximate only,-0.006682422131329484,3.521956025460515
2026-06-03,WY,CONTROL,control,24.26195526123047,24.26195526123047,24,0.24803516097692455,-0.004100009993406939,0.24803516097692455,0.009399342088505794,6.588919205299794,5.391917304177175,0.24833839168260324,0.24833839168260324,-0.4055343994225576,-27.1540572086903,-0.0042022752379433995,0.6409988410492876,0.4923370237874547,0.17886354651210545,-0.007911792942466862,0.2739306575554549,-25.191032167112365,0.007410390738688112,-0.44750447376580793,-0.5055226594593037,RECONSTRUCTED - approximate only,0.007410390738688112,-0.5130625651198296
2026-06-03,CL,CONTROL,control,84.87000274658203,84.87000274658203,85,0.20423850310248506,-0.009629528791738784,0.20423850310248506,0.0027099766713313215,-6.6691913580005915,-82.8914430653077,-0.81446385442701,-0.81446385442701,0.5202004550804543,373.1133949008026,0.05985618047908856,0.4975788411520215,0.9338176262282474,-0.14476956358692505,0.014139235411896049,0.04473977283430867,35.51019737969549,-0.029169474671404537,4.325780654928405,0.3964199553344369,RECONSTRUCTED - approximate only,-0.029169474671404537,4.325752649303021
2026-06-03,CHRD,CONTROL,control,140.6199951171875,140.6199951171875,141,0.38976933263457064,0.010363016297235317,0.38976933263457064,-0.003911163504951131,-77.65179967961764,30.495101621906908,0.22029542499532376,0.22029542499532376,-0.5917327959687552,-249.60204216931976,-0.016853898446038445,0.49790810812668185,2.9094904296543405,-0.361826536184138,-0.016711640778881886,-0.17097186468197406,-193.95079044099472,0.008607064725306224,-0.7930748054839535,-0.7281230928801689,RECONSTRUCTED - approximate only,0.008607064725306224,-0.8763340600669707
2026-06-03,FTV,CONTROL,control,60.54042053222656,60.54042053222656,61,0.19048624298920566,0.0009973249863155494,0.19048624298920566,0.014356495160648425,31.669970268391776,10.562612816667938,0.37755974464361247,0.37755974464361247,0.210440462381755,-44.43592276844003,-0.00891085415607561,0.40627200006096115,0.4585794118369364,0.6170328171825953,0.009240967472086869,0.8620618925445531,3.2820539108738513,0.006310150211144892,-0.8848867119219332,0.00027279822175071836,RECONSTRUCTED - approximate only,0.006310150211144892,-0.9500292571363602
2026-06-03,AVGO,CONTROL,control,478.4727478027344,478.4727478027344,478,0.4089700103221986,0.027431081988895895,0.4089700103221986,-0.1258686125893296,-1180.6786743083621,-706.7778241940213,-0.5536177373275153,-0.5536177373275153,-0.9999979949197014,-1184.728831291841,-0.22354611494205953,0.5249984779942481,11.270750774208011,-0.9996478166580859,-0.17242246515073575,-0.9962173565666448,-1184.72668440961,-0.031428084868695395,-1.0,-0.9999999951866666,RECONSTRUCTED - approximate only,-0.031428084868695395,-1.0
2026-06-03,MUR,CONTROL,control,39.16999816894531,39.16999816894531,39,0.42593574327667033,0.0076396449557862905,0.42593574327667033,0.020423872585015067,28.85422877857499,44.40530354724869,0.5739157709316735,0.5739157709316735,0.30072753413311554,-10.964635253942644,0.0171049786817138,0.5475551735476255,1.0265779919041513,0.2681378458372282,0.02144498830367212,0.4144583062561016,17.76264555052126,0.024052239710988563,0.006164011531409415,0.1902591625341183,RECONSTRUCTED - approximate only,0.024052239710988563,-0.06593956880545097
2026-06-03,NDSN,CONTROL,control,288.6322021484375,288.6322021484375,289,0.22539983483066262,-0.0010426820327469897,0.22539983483066262,-0.010260840144218061,-184.72235888623823,68.5771533820644,0.31249093247852333,0.31249093247852333,-0.8710510941115166,-372.6016578951605,-0.03758857674536631,0.5022060452004903,3.549471032280479,-0.6097691661770229,-0.025013057866968353,-0.43869442196082653,-330.5129198103842,0.007027866202983899,-0.9958695090898626,-0.9419555592370308,RECONSTRUCTED - approximate only,0.007027866202983899,-0.9995066564125094
2026-06-03,FCX,CONTROL,control,70.63999938964844,70.63999938964844,71,0.6363603628842801,-0.0009760135754712204,0.6363603628842801,-0.013448428035821865,-84.41600703530253,-68.91577683553146,-0.19830630494523382,-0.19830630494523382,-0.9524164652058215,-247.28700316216188,-0.12117776943027733,0.4989076524981149,2.3445870103758963,-0.4572748145712956,-0.09527179502244645,-0.2678965215463948,-236.8830810187801,-0.014096330980058264,-0.999126171199107,-0.9856890628359807,RECONSTRUCTED - approximate only,-0.014096330980058264,-0.9999500159870711
2026-06-03,APPF,CONTROL,control,166.27000427246094,166.27000427246094,166,0.5532132477008366,-0.020844066242173567,0.5532132477008366,-0.01575756485627583,-211.33262783330895,-253.2700556516829,-0.39598178737841927,-0.39598178737841927,-0.36924706529916346,-169.8253524385586,0.01232936187575086,0.528713321026181,5.291457600306529,-0.4847660675741167,-0.00823967246510425,-0.3125555101672232,-239.8308190595386,-0.027603959699807272,-0.22998493673194087,-0.5126395073308754,RECONSTRUCTED - approximate only,-0.027603959699807272,-0.3257510048193853
2026-06-03,SATS,CONTROL,control,120.91999816894531,120.91999816894531,121,0.5883174635698074,-0.009712703747437467,0.5883174635698074,0.030764152142192937,141.02571103111347,-106.41926189963505,-0.17510865340875004,-0.17510865340875004,-0.6822506728184581,-383.0769763701884,-0.04697320866015792,0.5177025292006543,3.946611255844843,0.31589731472765487,-0.03556066397185579,0.48487120189859695,-296.5610401004877,-0.011687783596321404,-0.9130040982155333,-0.8012284709311464,RECONSTRUCTED - approximate only,-0.011687783596321404,-0.961115680089035
2026-06-03,ED,CONTROL,control,103.4800033569336,103.4800033569336,103,0.18426285819147142,0.004528386323896941,0.18426285819147142,0.005798206944886916,13.66847908281662,-54.22262630805414,-0.3028279986385272,-0.3028279986385272,0.21606065402780741,295.0692507369698,0.03981440842223787,0.5919408407488336,1.3650878437535496,0.0966536032113582,0.008020817305129544,0.2206864534979063,13.068589933510623,-0.007481284896557896,2.390593246959885,0.12876071719672436,RECONSTRUCTED - approximate only,-0.007481284896557896,2.3904199032617233
2026-06-03,TSCO,CONTROL,control,29.139999389648438,29.139999389648438,29,0.523374316346329,-0.006331240673392575,0.523374316346329,0.00789298059033816,-4.205997096781865,-41.06075203800822,-0.34645536831563334,-0.34645536831563334,0.4914415295984462,73.2822812862497,0.05593689438079634,0.5461402270336924,0.9265376726747707,-0.09204063190010404,0.034317090629563826,0.0722483717439346,32.6918369267903,-0.022803498059519,0.9525861197900944,0.3899611466755117,RECONSTRUCTED - approximate only,-0.022803498059519,0.9293854220390566
2026-06-03,FCFS,CONTROL,control,220.22000122070312,220.22000122070312,220,0.2679179178142169,0.0054002622834528075,0.2679179178142169,0.01008083374987476,63.01069354794686,690.4477702444672,2.199927292090055,2.199927292090055,0.40240475579182333,-362.0189105216198,-0.038552381464458496,0.5284344027646963,3.4762401080853067,0.13817190705541263,0.01598403529629087,0.3000007617073283,96.82887633708884,0.046772488399607064,-0.9870207595924415,0.29011947326003734,RECONSTRUCTED - approximate only,0.046772488399607064,-0.9973022891448189
2026-06-03,CFR,CONTROL,control,134.27999877929688,134.27999877929688,134,0.2122441767859477,-0.0027297855652568814,0.2122441767859477,0.026735153191289173,214.6507911214396,-61.34767937629269,-0.24889115220306918,-0.24889115220306918,2.886042709635913,812.2873069982568,0.0761096314686505,0.5470996162890225,1.7847610985317743,1.298462142977752,0.048927668930182515,1.3789160990087903,470.18758091632617,-0.0065842968240337725,4.903707567522628,2.8801036894440055,RECONSTRUCTED - approximate only,-0.0065842968240337725,4.90370739761376
2026-06-03,NEM,CONTROL,control,107.47000122070312,107.47000122070312,107,0.5293693341604248,-0.013789973846853596,0.5293693341604248,0.008002238769732991,-11.977250588154675,-61.66821757015165,-0.08007527751653382,-0.08007527751653382,-0.9382541338066355,-361.2924371223946,-0.1367823989082164,0.54360550054415,3.4286192196506846,-0.09346341361382425,-0.0789057714768128,0.07248258231781117,-341.19322702468975,-0.004815229681941352,-0.999961374842569,-0.9780968411500639,RECONSTRUCTED - approximate only,-0.004815229681941352,-0.9999994894154116
2026-06-03,COIN,CONTROL,control,163.22000122070312,163.22000122070312,163,0.6709106696154843,-0.01408133875326252,0.6709106696154843,0.00557531953990666,-60.49344745772221,-382.4610673180762,-0.5386740557220691,-0.5386740557220691,-0.3318091523603338,-608.3820253562205,-0.05667197604962836,0.528417796381354,6.230765478993575,-0.17379238252685889,-0.006800640865396391,0.005261172150242856,-260.01303094332013,-0.04850176280205248,-0.9203471191341857,-0.4774465855688611,RECONSTRUCTED - approximate only,-0.04850176280205248,-0.9651619536833829
2026-06-03,RGA,CONTROL,control,195.11000061035156,195.11000061035156,195,0.19236466606234734,-0.0014618807948323957,0.19236466606234734,0.014658400909255213,134.5200933503288,-139.43379334520932,-0.5486028820596573,-0.5486028820596573,1.883886541427369,753.5392093556453,0.05248324258690397,0.5280960636181092,2.2237581417303574,0.6142354104257741,0.03126444613004624,0.7481771359629118,374.4466818692552,-0.014993947865753162,3.6783477208461055,1.853458732676202,RECONSTRUCTED - approximate only,-0.014993947865753162,3.6783075924622954
2026-06-03,BG,CONTROL,control,131.41000366210938,131.41000366210938,131,0.2849961752347272,0.006427645006347883,0.2849961752347272,-0.015143485562034565,-128.50752079924882,59.36390884057196,0.37774012097234966,0.37774012097234966,-0.942661757883331,-226.04387637945266,-0.024351243125068655,0.5490281047766266,2.3435649541418826,-0.6185848625566828,-0.04497377290472947,-0.46609994102958174,-234.60861018300855,0.011157255104138647,-0.9041925477555405,-0.9801138771745567,RECONSTRUCTED - approximate only,0.011157255104138647,-0.9537073347365649
2026-06-03,AFL,CONTROL,control,114.5,114.5,114,0.16268790784977086,-0.0013200202421008438,0.16268790784977086,0.00689957131464929,27.01877169176442,50.75568182795566,0.508273720020412,0.508273720020412,0.17456060666876805,154.90051750302112,0.022794765155908843,0.5979616111766894,1.35965306384837,0.2107016098884097,0.006462863439035208,0.3245046258275918,7.6509464115362436,0.008988338146749665,1.3145539817334402,0.08781426571008775,RECONSTRUCTED - approximate only,0.008988338146749665,1.3108949435836839
2026-06-03,HWM,CONTROL,control,248.6300048828125,248.6300048828125,249,0.37257939054987277,-0.004706477061363678,0.37257939054987277,0.002815416218859502,-55.17113061134067,-94.2180088278482,-0.08829421369965847,-0.08829421369965847,-0.44445730424222374,-244.03234380755873,0.0034589574607333056,0.5062083563692227,5.0532009987231845,-0.19453343230110254,-0.008365852029947314,-0.006955717407123577,-265.1955588874608,-0.0036466635721869338,-0.40037224110939196,-0.5916143102978939,RECONSTRUCTED - approximate only,-0.0036466635721869338,-0.5084418738926669
2026-06-04,WBD,CONTROL,control,27.0,27.0,27,0.15,0.0033333389847366897,0.09695614822908658,-0.028148156625253183,-24.54167636742586,-7.849163819079881,-0.18583996639291925,-0.18583996639291925,-0.8553034465025636,-20.03702987668675,-0.00518516257957176,0.5225473798427107,0.23681836698017733,-0.9754702066406782,-0.016296316076208045,-0.9278037787620399,-22.910582389760965,-0.0033222647501274733,-0.727577199691704,-0.930283474660047,RECONSTRUCTED - approximate only,-0.0033222647501274733,-0.8166641475583476
2026-06-04,EXC,CONTROL,control,44.630001068115234,44.630001068115234,45,0.2082925153706532,0.01052389985369877,0.2082925153706532,0.025095202892229378,52.663757073736555,-20.67766369039878,-0.44838625242492997,-0.44838625242492997,0.6158444832517258,18.349938911392417,0.019717616678406498,0.40572471687900696,0.36841980405900543,1.4455040457868849,0.0156845338603308,1.6470900137974644,16.57028582519987,-0.011079104546116544,0.6666918866067689,0.4192293810434147,RECONSTRUCTED - approximate only,-0.011079104546116544,0.5601484467951083
2026-06-04,GATX,CONTROL,control,172.4555206298828,172.4555206298828,172,0.3261454704205857,0.019605511576219634,0.3261454704205857,-0.011842193160618278,-152.51951493257872,145.80104215613267,0.5578056576545571,0.5578056576545571,0.1118685370891701,-220.98315343429127,-0.0051412819538410965,0.540769431371833,3.4216278548820043,-0.522592924568292,0.0112067329408085,-0.3599494354152529,0.8471091971544176,0.01793486472741444,-0.5705713702165898,-0.011593887694934864,RECONSTRUCTED - approximate only,0.01793486472741444,-0.6667454064247605
2026-06-04,BA,CONTROL,control,217.4199981689453,217.4199981689453,217,0.3815360987815265,0.011492060727052526,0.3815360987815265,-0.009060809664676492,-176.57486916616037,210.38782440029908,0.5603259872665703,0.5603259872665703,-0.5138597560391553,6.252085849749979,0.01936347506817574,0.5323436387395278,4.896670843233068,-0.44195645062922984,-0.01338425023740534,-0.2715231693609282,-289.30590649857066,0.02075116511241931,0.1214977881300001,-0.647725253597229,RECONSTRUCTED - approximate only,0.02075116511241931,0.05091182866863503
2026-06-04,ADC,CONTROL,control,72.2300033569336,72.2300033569336,72,0.1552844832054924,0.014160825902361543,0.1552844832054924,0.016336705667098786,67.55790793933653,-45.83550019279766,-0.49625896453330265,-0.49625896453330265,2.33060077143702,182.85157770269856,0.03530382533366584,0.5806887125695753,0.7793474610364584,0.9572705268457375,0.03211961216946994,1.0352977314442824,163.4595658109954,-0.011225183580666353,2.592520455750648,2.3237998601030894,RECONSTRUCTED - approximate only,-0.011225183580666353,2.592395822841003
2026-06-04,TRV,CONTROL,control,292.2083740234375,292.2083740234375,292,0.17681416003582218,0.016071615530091437,0.17681416003582218,0.033466338258755744,662.4185571501567,-87.86015845873285,-0.18839768938261356,-0.18839768938261356,1.3862359588358566,811.1175772804904,0.04001124167683542,0.532095024691817,3.1027614718517498,2.3154213581423226,0.023242407064000693,2.3569706098784007,376.28254005876204,-0.004005270474363447,2.861441500624328,1.337632404375141,RECONSTRUCTED - approximate only,-0.004005270474363447,2.8610855523570775
2026-06-04,DRI,CONTROL,control,193.4600067138672,193.4600067138672,193,0.22725682672514286,0.009784649213707159,0.22725682672514286,0.024087605921634062,261.9797603660845,-242.41839480253316,-0.814019642009072,-0.814019642009072,1.9334246558681403,1408.623131516764,0.08983763579481796,0.548490267270649,2.7609440387746105,1.0126027385784226,0.038509235447618605,1.1090379029346178,478.2079010259583,-0.03371459853975657,5.480705728551151,1.9111269173779903,RECONSTRUCTED - approximate only,-0.03371459853975657,5.480705713776679
2026-06-04,RRX,CONTROL,control,213.86000061035156,213.86000061035156,214,0.563308571256824,-0.020764626431862637,0.563308571256824,-0.04423457723215442,-470.7671074006918,95.17602542327735,0.25716402753331685,0.25716402753331685,-0.29128680254955275,-480.17883099790293,-0.012250982463808537,0.5171125941170316,6.685525317498133,-0.7751646782656268,-0.002618524067125829,-0.6339097253993096,-253.1587560193023,0.01451611724048423,-0.6487284225102434,-0.44135310096615915,RECONSTRUCTED - approximate only,0.01451611724048423,-0.7485404677944846
2026-06-04,BKR,CONTROL,control,66.11000061035156,66.11000061035156,66,0.38424777109677066,-0.0004667617996540122,0.38424777109677066,-0.05324459877878911,-135.41688149144838,99.72585892998542,0.8190899273281466,0.8190899273281466,-0.8329008594678577,-150.7121025988227,-0.03978219700248235,0.5302592550771426,1.4897593359295414,-0.926675851339361,-0.03872336030337547,-0.842377587311624,-134.0756673324135,0.029109632764117616,-0.9504502964821876,-0.9146252587782101,RECONSTRUCTED - approximate only,0.029109632764117616,-0.981870722810399
2026-06-04,BX,CONTROL,control,118.55000305175781,118.55000305175781,119,0.3411079997731473,0.0178636311435375,0.3411079997731473,-0.026992867948216138,-148.6994450089609,419.05494040463327,2.2396289808506964,2.2396289808506964,0.18976255567645078,8.789142776840942,0.019654104948802934,0.48552773724172416,2.073116425860171,-0.7891883002167164,0.014677332931065929,-0.643162297619036,15.341823504073549,0.05612474879071548,0.15649110707759592,0.03541723780121383,RECONSTRUCTED - approximate only,0.05612474879071548,0.06563129993719667
2026-06-04,DT,CONTROL,control,43.25,43.25,43,0.6122982513788348,0.017035029969172433,0.6122982513788348,-0.02450870227262464,-76.89808798203237,-60.52343509248464,-0.28244440814127264,-0.28244440814127264,-0.8072256246196813,-163.3570206000916,-0.06658962007202854,0.5485792646236463,1.6079247209299758,-0.5499209497380817,-0.057341029878296604,-0.3896414460465712,-140.6852607427418,-0.021050255743588795,-0.9556468166413754,-0.8945723004386097,RECONSTRUCTED - approximate only,-0.021050255743588795,-0.9841580701807352
2026-06-04,OVV,CONTROL,control,58.98039245605469,58.98039245605469,59,0.3517458914526278,-0.0145172634633314,0.3517458914526278,-0.04368355531041391,-102.1548638449684,37.497985606700006,0.4560426696772618,0.4560426696772618,-0.909720827796231,-121.67721941418088,-0.04655083292823734,0.5148442289492093,1.1642636892224694,-0.9046891831452512,-0.045538890638052706,-0.8065836647485926,-113.56235496981778,0.015587527077129784,-0.9830887654214127,-0.9640630532315957,RECONSTRUCTED - approximate only,0.015587527077129784,-0.9961300235879399
2026-06-04,KEY,CONTROL,control,21.670000076293945,21.670000076293945,22,0.2152525263270609,0.010057519169630989,0.2152525263270609,0.004153214225704916,-1.4854869977494705,25.60869103159215,2.222350200934312,2.222350200934312,0.9374045639927484,19.63639861903238,0.030456845643213496,0.32277994606360083,0.13379203288365815,-0.24011689041592826,0.019843115074382637,0.09066965280276967,9.276719585009271,0.027501181579407653,1.7524699355200883,0.6504591997183211,RECONSTRUCTED - approximate only,0.027501181579407653,1.6325844964868634
2026-06-04,DTE,CONTROL,control,141.60311889648438,141.60311889648438,142,0.22718328437606491,0.002538506131624231,0.22718328437606491,0.021299119341576203,146.19564841909593,9.096167716238746,0.1715254486840745,0.1715254486840745,0.9708293851912617,95.0497917744233,0.021439096251312757,0.4829496919999167,1.6515176743492503,0.8912005950167612,0.02256009686100433,1.045359529218378,134.50230265650103,0.003938929210143895,0.719370018644649,0.8650677333417077,RECONSTRUCTED - approximate only,0.003938929210143895,0.6652983511978156
2026-06-04,CNP,CONTROL,control,41.849998474121094,41.849998474121094,42,0.20794523205151955,0.006981244803462283,0.20794523205151955,0.020071688965707466,39.41061926301869,-4.686626058239933,0.02207317373808479,0.02207317373808479,0.4218082304684067,13.687822032263853,0.01672642266336795,0.469492430590939,0.4285214826194128,0.942816905307676,0.012903248153312735,1.1052896483476378,11.586404562438169,0.00047804547432653223,0.47342800868276463,0.271124559742566,RECONSTRUCTED - approximate only,0.00047804547432653223,0.39723630434020635
2026-06-04,LECO,CONTROL,control,263.8399963378906,263.8399963378906,264,0.25843316757315493,0.0089794737302902,0.25843316757315493,-0.0064811684309159815,-144.05123726485164,-100.58840186250447,-0.1688447498579268,-0.1688447498579268,-0.02326713153665379,-377.0730217654952,-0.02308215745307766,0.5110684280998392,3.81288187125179,-0.467083145807936,0.006102243372830911,-0.2888336574609892,-47.85672699557102,-0.005053157760393159,-0.9321425698021867,-0.168511777196577,RECONSTRUCTED - approximate only,-0.005053157760393159,-0.972500927926009
2026-06-04,TDY,CONTROL,control,618.5900268554688,618.5900268554688,619,0.27693551153523904,0.005226336310593701,0.27693551153523904,-0.02638259043259981,-733.8111195154684,-219.74265163629173,-0.13540102637029366,-0.13540102637029366,-0.2189964174185975,-253.81778216359675,0.008309144005133114,0.5107316229332353,9.55437694244273,-0.8293824354598408,0.0010830806852189826,-0.7017641773015831,-295.6193299252995,-0.004281646912726358,-0.17294252035349467,-0.36873133779912887,RECONSTRUCTED - approximate only,-0.004281646912726358,-0.2699065246417982
2026-06-04,BILL,CONTROL,control,35.959999084472656,35.959999084472656,36,0.6386811550313483,0.02500002980232174,0.6386811550313483,0.0002781461758931919,-22.628406550175317,-19.74651026443065,-0.048136310427228345,-0.048136310427228345,-0.7804945363277175,-133.7938282466417,-0.10650717780499598,0.5169482394806871,1.2658048582646941,-0.2576401730321205,-0.05200219631518905,-0.07210189262435106,-107.81365729625104,-0.0033260183063167914,-0.9965432281167771,-0.8788150418564413,RECONSTRUCTED - approximate only,-0.0033260183063167914,-0.9996113747414781
2026-06-04,PSX,CONTROL,control,184.13999938964844,184.13999938964844,184,0.33257507906023787,-0.012453908837902873,0.33257507906023787,-0.005756476388113524,-111.69921253910591,58.727738382643615,0.2837222656850938,0.2837222656850938,-0.776180113959682,-354.317042714059,-0.03280109322337901,0.5240664865522721,3.5407043000904252,-0.39814116579208586,-0.02791354082049262,-0.22294752438849513,-297.78834837936796,0.009650150563198057,-0.9442367595593707,-0.8740219130928757,RECONSTRUCTED - approximate only,0.009650150563198057,-0.9787650479317154
2026-06-04,SAIA,CONTROL,control,471.42999267578125,471.42999267578125,471,0.5060645714298038,0.017223191388824794,0.5060645714298038,-0.010436295922181373,-462.85934610761024,-189.4791314199079,-0.04026856815986131,-0.04026856815986131,0.09412483590771276,284.15354856855595,0.03332418856824958,0.5246167997627599,13.611004390696792,-0.4278158980605101,0.016693878708306895,-0.25169208899597123,-15.702356199686218,-0.0022434286027264755,0.32602380929179803,-0.04306968291330408,RECONSTRUCTED - approximate only,-0.0022434286027264755,0.2629836664250183
2026-06-04,AXON,CONTROL,control,513.2000122070312,513.2000122070312,513,0.5841373379991924,0.007310768740868511,0.5841373379991924,-0.05276698450061481,-1274.5215153553863,1689.374095120871,1.1586555661737425,1.1586555661737425,-0.9868157877662282,-1774.8878393552504,-0.1305533873856795,0.5227750760897752,16.894529790090616,-0.817173337738122,-0.11825799103239917,-0.6880309974977423,-1754.065226656993,0.05814435506604381,-0.9997895372311187,-0.9976352416767128,RECONSTRUCTED - approximate only,0.05814435506604381,-0.9999937401579891
2026-06-04,DTE,CONTROL,control,141.60311889648438,141.60311889648438,142,0.22718328437606491,0.002538506131624231,0.22718328437606491,0.021299119341576203,146.19564841909593,9.096167716238746,0.1715254486840745,0.1715254486840745,0.9708293851912617,95.0497917744233,0.021439096251312757,0.4829496919999167,1.6515176743492503,0.8912005950167612,0.02256009686100433,1.045359529218378,134.50230265650103,0.003938929210143895,0.719370018644649,0.8650677333417077,RECONSTRUCTED - approximate only,0.003938929210143895,0.6652983511978156
2026-06-04,BILL,CONTROL,control,35.959999084472656,35.959999084472656,36,0.6386811550313483,0.02500002980232174,0.6386811550313483,0.0002781461758931919,-22.628406550175317,-19.74651026443065,-0.048136310427228345,-0.048136310427228345,-0.7804945363277175,-133.7938282466417,-0.10650717780499598,0.5169482394806871,1.2658048582646941,-0.2576401730321205,-0.05200219631518905,-0.07210189262435106,-107.81365729625104,-0.0033260183063167914,-0.9965432281167771,-0.8788150418564413,RECONSTRUCTED - approximate only,-0.0033260183063167914,-0.9996113747414781
2026-06-04,GBCI,CONTROL,control,47.18000030517578,47.18000030517578,47,0.25186079737406425,0.018039597073104808,0.25186079737406425,-0.0006358367762363928,-15.535796617214746,10.541853209007934,0.2664021481558154,0.2664021481558154,0.30418943128858184,91.29302497116186,0.03454855993157801,0.561401941230156,0.7735625388284326,-0.24366088849830886,0.012929220144253448,-0.08845161393802733,13.318781743191044,0.007258756436385403,1.365230351012967,0.2054311004756558,RECONSTRUCTED - approximate only,0.007258756436385403,1.3580428945389997
2026-06-04,GD,CONTROL,control,341.5,341.5,342,0.28490311759669595,0.009909791873997827,0.28490311759669595,0.01446560012124817,176.9565108729508,1.237104929248013,0.11031103571971644,0.11031103571971644,0.19289269766129305,1056.3935562218408,0.05083451054630307,0.5027723803363028,5.290612927305489,0.28639372265495233,0.012240095683107613,0.4599260959626845,42.74332771076334,0.0032904257039807518,2.209672710107601,0.05144006674499897,RECONSTRUCTED - approximate only,0.0032904257039807518,2.2051556611759446
2026-06-04,MUR,CONTROL,control,39.970001220703125,39.970001220703125,40,0.4291727591814403,0.0099566817099038,0.4291727591814403,-0.03252446865286695,-66.54547479637863,10.739236717041512,0.2384299599480433,0.2384299599480433,-0.7623077390210129,-94.61763360801555,-0.037027758244594144,0.5132534788585505,0.9516546586218695,-0.7613054023106726,-0.03352514665157967,-0.6164213999630508,-79.73464914478956,0.01036399982758649,-0.9269294249765226,-0.865230647225009,RECONSTRUCTED - approximate only,0.01036399982758649,-0.9695274759537748
2026-06-04,O,CONTROL,control,59.75,59.75,60,0.18589319182949884,0.012726026557242176,0.18589319182949884,0.01824268037804001,50.654878510596106,-31.561166862935284,-0.5036154363539194,-0.5036154363539194,1.6106515872633338,127.07406033111185,0.036150625061290534,0.4553833087312342,0.5231561785322469,0.9776273553277512,0.02510460251046025,1.1506363761574447,73.51755950193797,-0.012070098342618728,2.6882507124208406,1.5243997804798273,RECONSTRUCTED - approximate only,-0.012070098342618728,2.6831001125750973
2026-06-04,ED,CONTROL,control,104.08000183105469,104.08000183105469,104,0.18077869961208762,0.0051217506967868,0.18077869961208762,0.020945429158566054,123.44787636796379,-9.029979635632422,0.03331285582032507,0.03331285582032507,1.2645353315078722,153.50095488956333,0.026518009783628088,0.5324916958430858,1.130894580633111,1.1698962005497493,0.022290542409771488,1.266410769001223,123.24638876869683,0.0006730092624412639,1.5461434694507241,1.2099612986895794,RECONSTRUCTED - approximate only,0.0006730092624412639,1.5382279236728975
2026-06-04,CHRD,CONTROL,control,140.07000732421875,140.07000732421875,140,0.3833573849448662,-0.019342919322649504,0.3833573849448662,-0.03769553624613111,-239.98840833464607,89.38111604891982,0.4164591514675826,0.4164591514675826,-0.8682491255379774,-314.8445127386114,-0.045191700578716264,0.5215417688188312,3.0673211846777804,-0.836916197850475,-0.042835722754778295,-0.7138586132350981,-284.97711079913444,0.015736138678608725,-0.970746935743367,-0.9389225822295669,RECONSTRUCTED - approximate only,0.015736138678608725,-0.9914704628021426
2026-06-04,NVDA,CONTROL,control,218.66000366210938,218.66000366210938,219,0.43381544468715444,-0.0027505656778117715,0.43381544468715444,-0.06201407359138127,-477.3093932321199,214.57384997600568,0.5442257392633826,0.5442257392633826,-0.8721718685130311,-540.2907541661885,-0.06306598515488585,0.5080333025500873,5.176651523352859,-0.9409548579013819,-0.04788256217576121,-0.8626646945622362,-481.98484925106044,0.022205600106029,-0.9907323636050686,-0.9423839124703396,RECONSTRUCTED - approximate only,0.022205600106029,-0.9983891152239504
2026-06-04,NOVT,CONTROL,control,165.10000610351562,165.10000610351562,165,0.5691654243229273,-0.001557504263942131,0.5691654243229273,-0.05336167469224105,-408.98378173441864,-128.73779629620358,-0.14706660872831367,-0.14706660872831367,-0.6038471431719521,-401.4499901687151,-0.016293169848338177,0.5236287916496614,5.316259374711109,-0.827792777426504,-0.02695343453979734,-0.7019601031066234,-359.4323571462502,-0.009479161517237086,-0.6870430225951071,-0.73283638906184,RECONSTRUCTED - approximate only,-0.009479161517237086,-0.7820847487862922
2026-06-04,AVGO,CONTROL,control,418.248046875,418.248046875,418,0.4102295875406274,-0.14656851238860064,0.4102295875406274,-0.07920554255801031,-976.8230665012514,483.4826217141948,0.6260552289199611,0.6260552289199611,-0.949227853263419,-1028.9248345899653,-0.07958751570212429,0.5222202115534956,9.798488205411672,-0.9822823863594223,-0.06385620531607383,-0.9427213518214214,-982.8796848768527,0.0242549051678493,-0.9986932173372489,-0.983807610779357,RECONSTRUCTED - approximate only,0.0242549051678493,-0.9999062095504493
2026-06-04,NTNX,CONTROL,control,54.970001220703125,54.970001220703125,55,0.5408052686023225,0.0037707533839974605,0.5408052686023225,-0.024195048235759804,-86.05812563864342,84.13460665602982,0.649291195104097,0.649291195104097,-0.935760253417626,-174.7060157161058,-0.1047844644045797,0.5171354876504802,1.6530612165210066,-0.6027512136397414,-0.07695105418049729,-0.4344572028998439,-164.783165539432,0.03249435551644687,-0.9989466940935064,-0.9776192232617491,RECONSTRUCTED - approximate only,0.03249435551644687,-0.9999322487161567
2026-06-05,CHH,CONTROL,control,109.80999755859375,109.80999755859375,110,0.6086714025483335,0.00027529392457394553,0.6086714025483335,-0.03997813939760784,-235.16208491892004,3.3301311842051886,0.11861302417235804,0.11861302417235804,-0.789757857649497,-216.04551023466436,-0.002276659735527286,0.5131676334118224,3.6508397895591997,-0.7225398635131153,-0.05081499249358161,-0.569021746110456,-311.7199419238543,0.007431170262327981,-0.5139037147701024,-0.8860830749625378,RECONSTRUCTED - approximate only,0.007431170262327981,-0.6215025793284175
2026-06-05,KEY,CONTROL,control,21.760000228881836,21.760000228881836,22,0.2426464693644032,0.0,0.2426464693644032,0.0013787080114865161,-4.238642927985688,0.281669861477708,0.18994272211200305,0.18994272211200305,0.11294863113810966,45.731005963240115,0.043198553500471186,0.38931948840458086,0.1966136291619307,-0.3149658574890035,0.010110262455902425,-0.05206613603231063,-1.1564484653103908,0.004153214225704916,2.6232128177219916,-0.11362360372394252,RECONSTRUCTED - approximate only,0.004153214225704916,2.598943116201271
2026-06-05,CFR,CONTROL,control,140.16000366210938,140.16000366210938,140,0.2266008805178322,0.005512510281725931,0.2266008805178322,0.004922962495560951,3.500269443157168,68.01598914980808,0.48852108489308005,0.48852108489308005,1.4753924355637547,562.4716653047813,0.05593604546979672,0.532933664214597,1.9037883880579614,-0.03321817103916653,0.030964584935038016,0.13180452790738714,246.50143985162921,0.011036562976321196,3.222436589238786,1.4301675191109473,RECONSTRUCTED - approximate only,0.011036562976321196,3.222295725790875
2026-06-05,NOV,CONTROL,control,20.054174423217773,20.054174423217773,20,0.34028305803026027,-0.010256539183670787,0.34028305803026027,0.04865950813203105,59.69893284758813,-38.05622470811602,-0.8290745350088424,-0.8290745350088424,1.4863143625588275,63.33536544259874,0.05364592502513039,0.5403491756136285,0.41409827672061184,1.5821557845935783,0.04667333005965382,1.655846838318567,53.02963777186086,-0.05134244823789909,1.748284406871993,1.442462413001531,RECONSTRUCTED - approximate only,-0.05134244823789909,1.7429756120305326
2026-06-05,LEN,CONTROL,control,90.48999786376953,90.48999786376953,90,0.3649433232776777,-0.014910700458652176,0.3649433232776777,0.0027627362791672163,-22.21898354840014,-23.573988283418068,-0.005274714943502838,-0.005274714943502838,-0.37752211868699714,-115.49359234612074,-0.0020996222399933223,0.5602794067815243,2.121110426155994,-0.1538651288804145,-0.007072598129706455,0.0014496910851259889,-98.58388395645152,-0.00022101725763776047,-0.4614389804508365,-0.5066289719649206,RECONSTRUCTED - approximate only,-0.00022101725763776047,-0.5520162952409271
2026-06-05,STZ,CONTROL,control,140.91000366210938,140.91000366210938,141,0.31679085617280794,0.007475677082468118,0.31679085617280794,-0.0004257863674293787,-47.35545186933079,91.1146388119918,0.49621671231558917,0.49621671231558917,0.05434055098999936,456.02213315135555,0.053935069528141644,0.5116631311743283,2.48823846389179,-0.2730039130265085,0.009651554715822252,-0.08957115450682765,-13.337220972290897,0.015128637277219038,2.0399319048513997,-0.08867038007322613,RECONSTRUCTED - approximate only,0.015128637277219038,2.034605763348065
2026-06-05,SON,CONTROL,control,47.4900016784668,47.4900016784668,47,0.3237608306008741,-0.002299343854529901,0.3237608306008741,0.002526825176744019,-11.670486407681057,-25.99686410198716,-0.1229898177942,-0.1229898177942,0.8436187986368925,219.51763772863274,0.06485571504525706,0.6083909980434449,1.1389423939055945,-0.11899654687806026,0.031585595851434535,0.009417208703786173,78.58973139695412,-0.005028239389718764,2.1461005163554256,0.7997017813753092,RECONSTRUCTED - approximate only,-0.005028239389718764,2.145803068078935
2026-06-05,RRX,CONTROL,control,204.39999389648438,204.39999389648438,204,0.563440707881898,-0.021182075967307406,0.563440707881898,0.028767148035191963,224.8914408209675,-282.7547325554917,-0.33998364634561357,-0.33998364634561357,-0.5140159575476273,168.32449555209726,0.03869864920893926,0.5304525424937367,6.654020572647767,0.30348221617962695,-0.019324838875692973,0.4630862978989645,-392.7661175646373,-0.023551368133791,0.37360032131607834,-0.6497148105303605,RECONSTRUCTED - approximate only,-0.023551368133791,0.31521997814440694
2026-06-05,MTB,CONTROL,control,222.44000244140625,222.44000244140625,222,0.22553753102473748,0.003472711348477703,0.22553753102473748,0.0008541738865350861,-43.37971031788848,-35.44965273089918,-0.010465736753035599,-0.010465736753035599,0.05689272007786515,617.4201537177489,0.042438420867635426,0.543681200734418,3.106138962446451,-0.20075103329001215,0.00669839155737055,-0.03733970839389722,-15.573303645689995,-0.00026965194873595507,2.2020282421635655,-0.0660474831019382,RECONSTRUCTED - approximate only,-0.00026965194873595507,2.200511476056685
2026-06-05,LECO,CONTROL,control,262.1300048828125,262.1300048828125,262,0.25786895405345633,-0.00288057071018028,0.25786895405345633,-0.0044634853162171945,-123.6394734348882,-85.7993791076778,-0.12134069626227706,-0.12134069626227706,-0.9089840770041563,-350.6068520542996,-0.014801834244603513,0.5233641621315412,3.9252075028060176,-0.39745749093829597,-0.033990781276995244,-0.22281731427723384,-379.5074313319123,-0.0036109994600146975,-0.8314807542479976,-0.9632442323066499,RECONSTRUCTED - approximate only,-0.0036109994600146975,-0.9031557895365605
2026-06-05,MUR,CONTROL,control,38.66999816894531,38.66999816894531,39,0.42989623519063286,0.000750532358786535,0.42989623519063286,0.0346521907431587,57.752027694694775,-52.38399639302061,-0.5816241392287607,-0.5816241392287607,0.558413866857935,-43.31943092990729,0.00439622424857267,0.461418474400526,0.7828449879232373,0.7071084827675387,0.030256065142050377,0.8992904571843565,32.4009423221416,-0.033250045776367185,-0.4597398836851283,0.4024428646500738,RECONSTRUCTED - approximate only,-0.033250045776367185,-0.5847998196369942
2026-06-05,AVGO,CONTROL,control,385.1204833984375,385.1204833984375,385,0.5594504564041535,-0.026974814974838803,0.5594504564041535,0.028180307692112636,406.2743884622391,-879.494329352665,-0.6562491162290089,-0.6562491162290089,-0.6921750039378817,-823.4182598920879,-0.009488473035813735,0.5219918097901026,12.139201362089977,0.2925370150748973,-0.03533558992388682,0.4586848198875407,-920.9249299285998,-0.05367870059994478,-0.6076236426275999,-0.8084398007605645,RECONSTRUCTED - approximate only,-0.05367870059994478,-0.7089067911801836
2026-06-05,PANW,CONTROL,control,272.04998779296875,272.04998779296875,272,0.5413261133976899,-0.000931100324529991,0.5413261133976899,-0.02102555220497224,-392.58113607396956,-376.4227560796572,-0.3712879012190029,-0.3712879012190029,-0.6758164575311582,10.547076387801713,0.027825795493067837,0.5210246148551295,8.285912946360156,-0.5622304008293905,-0.032457220983171976,-0.39181529651841435,-616.1359812715664,-0.02487545318588694,0.12031352929585085,-0.7950194257898525,RECONSTRUCTED - approximate only,-0.02487545318588694,0.04168580964175878
2026-06-05,SRE,CONTROL,control,90.77129364013672,90.77129364013672,91,0.21496963622554513,0.0013283863635761498,0.21496963622554513,-0.026471192659008245,-89.01640549176071,39.43571891829771,0.5299908980900103,0.5299908980900103,-0.4432749842209783,-15.302922184610633,0.009516561147965027,0.4850698103603397,1.0095809636735638,-0.90964784381846,-0.004265995381411758,-0.8093049821027453,-53.91039828224456,0.0106124153679927,-0.04073719888130259,-0.5969487265764161,RECONSTRUCTED - approximate only,0.0106124153679927,-0.14167775302156904
2026-06-05,BC,CONTROL,control,80.4000015258789,80.4000015258789,80,0.39579361185448486,-0.008854965251273971,0.39579361185448486,0.003358167138585197,-19.555349786686147,-81.99781055285084,-0.3191895731401946,-0.3191895731401946,-0.6149864658338056,49.847877721329226,0.026865621787576593,0.5540479232370308,2.001284419415178,-0.14990038366467462,-0.021393049602735345,0.009244033957264195,-138.23531325546983,-0.016032279687574844,0.37428974283833516,-0.734211297211137,RECONSTRUCTED - approximate only,-0.016032279687574844,0.3285792385187382
2026-06-05,VRTX,CONTROL,control,446.8299865722656,446.8299865722656,447,0.23974765472486606,0.008760798666052824,0.23974765472486606,-0.008661001350592229,-273.9089480691082,-0.17406646015470817,0.10722326007955986,0.10722326007955986,-0.8466874495382382,-419.75318449336254,-0.004252162911132397,0.5135711202313902,6.046588841204908,-0.5417577003258939,-0.0248864119494117,-0.36931316104674483,-548.1251224268339,0.0027378228962724187,-0.6232087919543097,-0.9253946480203065,RECONSTRUCTED - approximate only,0.0027378228962724187,-0.7237498160295444
2026-06-05,KEY,CONTROL,control,21.760000228881836,21.760000228881836,22,0.2426464693644032,0.0,0.2426464693644032,0.0013787080114865161,-4.238642927985688,0.281669861477708,0.18994272211200305,0.18994272211200305,0.11294863113810966,45.731005963240115,0.043198553500471186,0.38931948840458086,0.1966136291619307,-0.3149658574890035,0.010110262455902425,-0.05206613603231063,-1.1564484653103908,0.004153214225704916,2.6232128177219916,-0.11362360372394252,RECONSTRUCTED - approximate only,0.004153214225704916,2.598943116201271
2026-06-05,KMI,CONTROL,control,31.68000030517578,31.68000030517578,32,0.2564654190395753,-0.0012618585036158396,0.2564654190395753,-0.012310586675869463,-19.83368409814247,-3.7310872249026,0.02552449234092823,0.02552449234092823,-0.14228710968792652,-14.350218458853265,0.008207077852816746,0.4058558572846721,0.32092826815381414,-0.7001085646088848,0.005050500185316257,-0.5026340917981174,-8.847358472350157,0.0006317264011391558,-0.322778664066765,-0.3516262044559394,RECONSTRUCTED - approximate only,0.0006317264011391558,-0.4729758820580007
2026-06-05,MRNA,CONTROL,control,47.439998626708984,47.439998626708984,47,0.6141834241980765,-0.015894547245568973,0.6141834241980765,0.003372678162811509,-22.625113740607926,-141.35060552375725,-0.689370722513099,-0.689370722513099,-0.5881900364001467,90.55537919071432,0.05206579452370601,0.5648806840996443,1.8552152589988395,-0.17283789811666994,-0.03056486067067108,-0.015733519116867885,-123.51797000844874,-0.06558995077860923,0.6264418856101894,-0.708245105507513,RECONSTRUCTED - approximate only,-0.06558995077860923,0.5946521416153681
2026-06-05,APA,CONTROL,control,36.56999969482422,36.56999969482422,37,0.47267510002794383,-0.004971282975870993,0.47267510002794383,0.029805856212302872,39.7127831511399,-53.93945306727999,-0.6091783830608146,-0.6091783830608146,0.7526305831945916,-32.221650317973456,0.012305189135758787,0.4478070752183013,0.7755701120490155,0.4425106808118193,0.03910309863574241,0.6619033637860389,46.397488524785636,-0.038390721307818294,-0.31441657308243776,0.5946717562362398,RECONSTRUCTED - approximate only,-0.038390721307818294,-0.4475566387132755
2026-06-05,HAL,CONTROL,control,39.18000030517578,39.18000030517578,39,0.29346196848522593,-0.004366819501338938,0.29346196848522593,0.033690650447744976,76.97916078027605,-67.66726756388907,-0.8286520314389911,-0.8286520314389911,0.26763093729439874,-10.543266441525034,0.010719708159109678,0.5624647950001229,0.7480366787485124,1.1238269596255213,0.014037754792663708,1.2068016111785127,10.238420171599937,-0.045321651287971526,-0.024807391122349854,0.16629775525322724,RECONSTRUCTED - approximate only,-0.045321651287971526,-0.09097928153710556
2026-06-05,ETN,CONTROL,control,395.94000244140625,395.94000244140625,396,0.4141675738649939,-0.024031910156526802,0.4141675738649939,0.018184604138594847,238.65966868888344,-570.0180016563944,-0.5443450415236932,-0.5443450415236932,-0.901524361362255,-693.9414580540805,-0.011491609246130886,0.5170514631641213,9.215562990050188,0.20945582351410746,-0.051725036268238364,0.3793528963169916,-882.7208111243717,-0.030865220238245523,-0.6858944441129334,-0.9593635294699968,RECONSTRUCTED - approximate only,-0.030865220238245523,-0.7816746293076048
2026-06-05,APO,CONTROL,control,128.02999877929688,128.02999877929688,128,0.3168200861264613,-0.003504435517507146,0.3168200861264613,-0.0035929007955832343,-62.961840295539446,-20.992580206741938,0.01578380971200386,0.01578380971200386,0.6300587493671194,320.3913433589724,0.04569246394823524,0.5195937155616666,2.3166274919926764,-0.3531502270902362,0.024291186753135127,-0.17491654529640238,114.19681001374043,0.0005470435708428579,1.566967587562818,0.5255953473596828,RECONSTRUCTED - approximate only,0.0005470435708428579,1.5561207538624724
2026-06-05,BX,CONTROL,control,115.3499984741211,115.3499984741211,115,0.40631154477788467,-0.008266582300345732,0.40631154477788467,-0.010056315977976283,-103.6815482799038,-127.24416678323998,-0.3647761061825388,-0.3647761061825388,0.5017789001504185,447.3090922932416,0.06449937182335917,0.5395032351299958,2.8204624011677737,-0.4440891436924452,0.027134849798153404,-0.27683748906418254,104.94398553781171,-0.018882378382798073,1.7795279768664929,0.39958784509806805,RECONSTRUCTED - approximate only,-0.018882378382798073,1.7740845006140549
2026-06-05,AMAT,CONTROL,control,453.010009765625,453.010009765625,453,0.5090843619481976,-0.04383101498287135,0.5090843619481976,0.08644401407900389,2532.897215141394,-1006.5155105489624,-0.7114635981888796,-0.7114635981888796,2.4476793501383045,9503.896844394956,0.25217983658568527,0.5196061217530367,12.955637637310474,2.095911963850779,0.09712809662365826,2.1642710513048256,2881.712061335243,-0.055658589908593584,7.828133033250477,2.4240331785042737,RECONSTRUCTED - approximate only,-0.055658589908593584,7.828133032981591
2026-06-05,VTR,CONTROL,control,82.0199966430664,82.0199966430664,82,0.24409849110074394,-0.0006320533922593956,0.24409849110074394,-0.029261082598291712,-99.15001092731184,196.94961841681396,1.9114479976666527,1.9114479976666527,1.1923718565693517,128.8725133868614,0.03145576611374793,0.5209275652615236,1.1553845667653633,-0.8898971850213265,0.02840772892486646,-0.7862150084684707,118.02271822027762,0.0375710749734443,1.2912206498281247,1.125713614363497,RECONSTRUCTED - approximate only,0.0375710749734443,1.2751869707222274
2026-06-05,ALL,CONTROL,control,221.00999450683594,221.00999450683594,221,0.2162344259378466,0.01252134052126236,0.2162344259378466,-0.02710280251235302,-238.59606500430235,507.9997470298238,2.0538560726502957,2.0538560726502957,0.2619303774963729,-120.59894005706292,0.0028053499451916653,0.5193430091459661,2.751241641154948,-0.9014071494561503,0.010542517935688287,-0.802637216419961,39.647790945338805,0.035272620058074605,-0.3511774170098253,0.13638503210278186,RECONSTRUCTED - approximate only,0.035272620058074605,-0.45148395724087326
2026-06-05,TFC,CONTROL,control,49.20000076293945,49.20000076293945,49,0.2652197546615023,0.002846673216342045,0.2652197546615023,-0.007520303376976209,-33.43560128420963,-16.031967151613024,-0.07732975253851337,-0.07732975253851337,0.21032048578538715,163.5976042521566,0.049999980616375984,0.5617370772728286,0.8492845536558846,-0.44862595856974813,0.011382064022559438,-0.2930361938903277,7.176238753459631,-0.0024330683825482396,2.149059018556487,0.10549707940268034,RECONSTRUCTED - approximate only,-0.0024330683825482396,2.147938715324606
2026-06-05,KDP,CONTROL,control,30.314075469970703,30.314075469970703,30,0.29592381356997566,0.01064535249134978,0.29592381356997566,0.007205989741844774,1.9730715294561618,0.9672296068340647,0.14020348880624833,0.14020348880624833,1.2196177418569072,69.20170749767134,0.03865042301456978,0.6171581811094957,0.6830380304416899,0.03997953735207976,0.03832292664597284,0.1557045432716415,71.008923223103,0.0049375092173347904,1.191766696120413,1.195233373498891,RECONSTRUCTED - approximate only,0.0049375092173347904,1.1878614258044546
2026-06-05,CHRD,CONTROL,control,134.7899932861328,134.7899932861328,135,0.3763275697954864,-0.001570651882625309,0.3763275697954864,0.025818021809235807,151.08547541603016,-200.69298164633588,-0.6544173673820477,-0.6544173673820477,0.5221689549806612,-130.09288454704597,0.004080444240324751,0.5058183931889977,2.7628370363309642,0.524420157100189,0.025669611144814506,0.685846672182787,108.12506380075696,-0.03618171323952206,-0.3854333820574762,0.39971649273649534,RECONSTRUCTED - approximate only,-0.03618171323952206,-0.4934733353286035
2026-06-05,REGN,CONTROL,control,635.4500122070312,635.4500122070312,635,0.42982605048069134,0.005614539478844614,0.42982605048069134,-0.037941592396582416,-1153.8543969219068,7.023338905803013,0.11087572454225252,0.11087572454225252,-0.8973521633675573,-1521.8905624862246,-0.03668266128067882,0.5230353293744624,15.61034358212521,-0.8040249828745274,-0.053190632061797215,-0.6719235505668524,-1488.1611163326897,0.005045396501652484,-0.9200964930966419,-0.9566477286270492,RECONSTRUCTED - approximate only,0.005045396501652484,-0.9650983097116729
2026-06-05,SNPS,CONTROL,control,464.8500061035156,464.8500061035156,465,0.4767405397902965,-0.013145121856462098,0.4767405397902965,0.018565138796385685,257.02413006990685,-913.0001906708001,-0.6695601089709426,-0.6695601089709426,-0.41384488043901,-1073.2913047132934,-0.023577479425992493,0.5170090325661997,12.385849164217063,0.15088939538946441,-0.00927180273637336,0.32480413026607297,-612.1114169597679,-0.04739949252441929,-0.8057861248288131,-0.5594942648751361,RECONSTRUCTED - approximate only,-0.04739949252441929,-0.8842126773538808
2026-06-05,DDOG,CONTROL,control,234.11000061035156,234.11000061035156,234,0.9627767027167151,-0.025451609407581913,0.9627767027167151,-0.010379769886954866,-334.47486980388794,-284.52509612951945,-0.13130615601429366,-0.13130615601429366,-0.48540311329557845,-871.3930614056364,-0.017983028076080553,0.5308401371655943,12.602297196118116,-0.35401878346189397,-0.027679277735444756,-0.17302768369506435,-708.4564298600092,-0.0138584387983067,-0.6214991290164822,-0.6260103793453966,RECONSTRUCTED - approximate only,-0.0138584387983067,-0.7222614317307909
2026-06-05,VZ,CONTROL,control,45.369998931884766,45.369998931884766,45,0.23008495842463858,0.00824610553576604,0.23008495842463858,0.0015428630476564751,-9.344793916807191,-1.4635948127105214,0.10312166158802631,0.10312166158802631,1.4760803855823414,210.88772873783756,0.06039236815016102,0.6190615060396251,0.8041343124031854,-0.12217726488614002,0.03482481525791499,-4.51717255648843e-05,103.42051103761622,0.0028735024004175594,2.8828526785689594,1.4605640527322916,RECONSTRUCTED - approximate only,0.0028735024004175594,2.882843563803292
2026-06-05,BILL,CONTROL,control,35.970001220703125,35.970001220703125,36,0.6422601003124213,0.007786501699746825,0.6422601003124213,-0.023074834664641778,-59.582795139108185,-26.84986490527329,-0.1051654306087363,-0.1051654306087363,-0.9545515436834633,-132.7143058619116,-0.0775646600179016,0.518297037115828,1.2780865389250984,-0.5484397551968856,-0.09952743145847208,-0.37475371736585816,-129.9808158649917,-0.007450343412210757,-0.9770645567218025,-0.9862306505075737,RECONSTRUCTED - approximate only,-0.007450343412210757,-0.9940073347456824
2026-06-05,SRE,CONTROL,control,90.77129364013672,90.77129364013672,91,0.21496963622554513,0.0013283863635761498,0.21496963622554513,-0.026471192659008245,-89.01640549176071,39.43571891829771,0.5299908980900103,0.5299908980900103,-0.4432749842209783,-15.302922184610633,0.009516561147965027,0.4850698103603397,1.0095809636735638,-0.90964784381846,-0.004265995381411758,-0.8093049821027453,-53.91039828224456,0.0106124153679927,-0.04073719888130259,-0.5969487265764161,RECONSTRUCTED - approximate only,0.0106124153679927,-0.14167775302156904
2026-06-05,NDSN,CONTROL,control,281.9311828613281,281.9311828613281,282,0.22526889093950284,-0.003316175142038474,0.22526889093950284,-0.0018392952572226058,-88.6256447814923,-156.3072850000404,-0.34683876703997146,-0.34683876703997146,-0.6994130558956291,167.51001720175606,0.019382309837469386,0.5153604495344382,3.609043761127566,-0.32900779933171437,-0.014713712589116572,-0.14943514291007337,-277.1906085652479,-0.009806282369415789,0.5976228152176508,-0.8145668072035831,RECONSTRUCTED - approximate only,-0.009806282369415789,0.5516473030935471
2026-06-05,VZ,CONTROL,control,45.369998931884766,45.369998931884766,45,0.23008495842463858,0.00824610553576604,0.23008495842463858,0.0015428630476564751,-9.344793916807191,-1.4635948127105214,0.10312166158802631,0.10312166158802631,1.4760803855823414,210.88772873783756,0.06039236815016102,0.6190615060396251,0.8041343124031854,-0.12217726488614002,0.03482481525791499,-4.51717255648843e-05,103.42051103761622,0.0028735024004175594,2.8828526785689594,1.4605640527322916,RECONSTRUCTED - approximate only,0.0028735024004175594,2.882843563803292
2026-06-05,DINO,CONTROL,control,71.38999938964844,71.38999938964844,71,0.3692419775092464,-0.010984526042078053,0.3692419775092464,0.014007564204363897,29.94485462698616,-49.892940956580844,-0.19704256167777323,-0.19704256167777323,-0.4119163703107178,-91.25688809521377,-0.0018209448736431614,0.5601886591831343,1.692011128243081,0.15690285267821677,-0.008824726975825111,0.299643207239545,-84.4319841171979,-0.008885178404756387,-0.4543753667713541,-0.5406246342927942,RECONSTRUCTED - approximate only,-0.008885178404756387,-0.5448583860906533
2026-06-05,TJX,CONTROL,control,160.7100067138672,160.7100067138672,161,0.2425957191844347,0.004160552121320788,0.2425957191844347,-0.0059735341532056035,-79.89652072774426,52.57001752342098,0.3768907655652523,0.3768907655652523,2.2770385960061383,488.16838256732797,0.04791236778398926,0.49668009977258676,2.0876111264943518,-0.4757049806226861,0.04324557686452074,-0.2910423544846006,429.413144040608,0.008914643025840318,2.5732988463798216,2.2452886975439617,RECONSTRUCTED - approximate only,0.008914643025840318,2.570890957737959
2026-06-05,NSC,CONTROL,control,313.45001220703125,313.45001220703125,313,0.3202011283219155,0.0027995225909949154,0.3202011283219155,-0.011229923095121958,-260.5580438639182,256.2342421327055,0.5631041685365907,0.5631041685365907,-0.5785614209463479,-291.6501970063393,0.0014675113643776293,0.5303684230158495,5.921022137119621,-0.522714370931876,-0.014420224454368701,-0.35564240494114296,-385.94934457633366,0.01752970176285706,-0.4109176285380968,-0.7072143368310626,RECONSTRUCTED - approximate only,0.01752970176285706,-0.509897928064239
2026-06-05,GILD,CONTROL,control,128.3166961669922,128.3166961669922,128,0.23995791073243727,0.007044516367113709,0.23995791073243727,-0.008206923639757256,-82.93079281852698,-64.55771598196202,-0.24031350988539343,-0.24031350988539343,-0.9944106229937408,-196.19536327422773,-0.027640262407509344,0.5476929297240718,1.9268392707884487,-0.5005958544506385,-0.059461162516114476,-0.34068556049592974,-202.59498947687146,-0.007148840817596219,-0.9594494887855652,-0.999298663481844,RECONSTRUCTED - approximate only,-0.007148840817596219,-0.9859897082108173
2026-06-05,APO,CONTROL,control,128.02999877929688,128.02999877929688,128,0.3168200861264613,-0.003504435517507146,0.3168200861264613,-0.0035929007955832343,-62.961840295539446,-20.992580206741938,0.01578380971200386,0.01578380971200386,0.6300587493671194,320.3913433589724,0.04569246394823524,0.5195937155616666,2.3166274919926764,-0.3531502270902362,0.024291186753135127,-0.17491654529640238,114.19681001374043,0.0005470435708428579,1.566967587562818,0.5255953473596828,RECONSTRUCTED - approximate only,0.0005470435708428579,1.5561207538624724
2026-06-05,TSCO,CONTROL,control,29.780000686645508,29.780000686645508,30,0.41032261183173263,0.01872656524836867,0.41032261183173263,0.01208860626938692,5.255344515926843,-13.116474810173806,-0.10705531976658712,-0.10705531976658712,0.7163394577106176,60.306781222372514,0.04936196371592752,0.46643169239058846,0.5858366485118616,0.00920066005591343,0.033243779324764015,0.22304962048413446,32.709134689570675,-0.004679123973644675,1.2122141067078693,0.5747050172527794,RECONSTRUCTED - approximate only,-0.004679123973644675,1.1714469973600912
2026-06-05,FE,CONTROL,control,46.41999816894531,46.41999816894531,46,0.19995229953836507,0.005696804112785321,0.19995229953836507,-0.015295112289505457,-49.15051596970579,26.809540211972717,0.4868186931147058,0.4868186931147058,-0.15488080203469182,18.174628621595655,0.013140901215279433,0.6468054732730345,0.7754831725807669,-0.6617164600229642,0.00021547041415353,-0.5442540200346362,-20.46504002051075,0.011328902522437317,0.3696094364495925,-0.24152753371637203,RECONSTRUCTED - approximate only,0.011328902522437317,0.35243936761843614
2026-06-05,RRX,CONTROL,control,204.39999389648438,204.39999389648438,204,0.563440707881898,-0.021182075967307406,0.563440707881898,0.028767148035191963,224.8914408209675,-282.7547325554917,-0.33998364634561357,-0.33998364634561357,-0.5140159575476273,168.32449555209726,0.03869864920893926,0.5304525424937367,6.654020572647767,0.30348221617962695,-0.019324838875692973,0.4630862978989645,-392.7661175646373,-0.023551368133791,0.37360032131607834,-0.6497148105303605,RECONSTRUCTED - approximate only,-0.023551368133791,0.31521997814440694
2026-06-05,ORCL,CONTROL,control,213.67999267578125,213.67999267578125,214,0.6467950437712539,-0.028983629308909974,0.6467950437712539,-0.008704536762057428,-219.17614839783,-587.2089316814993,-0.7086237204065261,-0.7086237204065261,-0.8133357421871102,-796.7547871086437,-0.13829084989629908,0.515468714124505,7.5777882690838965,-0.38159394290375026,-0.05812429143888215,-0.19738889037990426,-662.5900570581912,-0.06889194491676351,-0.9997041476072428,-0.9027989456701826,RECONSTRUCTED - approximate only,-0.06889194491676351,-0.9999897133617652
2026-06-05,SMG,CONTROL,control,57.66999816894531,57.66999816894531,58,0.3955401349480081,-0.007918366152392955,0.3955401349480081,-0.002427594834289863,-27.957310680989533,57.39372306810272,0.6517177733611943,0.6517177733611943,0.6223177647505513,231.20629493012427,0.06936015479455933,0.4763669920257107,1.1306129482452683,-0.34684791262312087,0.029651516446392752,-0.14292369575991726,54.23592017879978,0.02288040220629961,2.269960358005045,0.4834705734112043,RECONSTRUCTED - approximate only,0.02288040220629961,2.261719952476332
2026-06-05,ARES,CONTROL,control,124.39684295654297,124.39684295654297,124,0.4041473473817966,-0.0049808011170748645,0.4041473473817966,0.009709509564062873,14.334155550757533,-194.40812184564095,-0.5640755097709136,-0.5640755097709136,0.32292537870726556,591.4922286966423,0.073617123347196,0.5407039018783704,3.0369036935346543,-0.0030952421437772625,0.02116989921399909,0.15945323931858466,61.49682422120976,-0.032345047209997854,2.1599605821466454,0.2101780079010493,RECONSTRUCTED - approximate only,-0.032345047209997854,2.1576022050678967
2026-06-05,WY,CONTROL,control,24.479999542236328,24.479999542236328,24,0.24193664279186278,-0.004491731733808605,0.24193664279186278,-0.01674836009309233,-35.32702611380542,-0.4335346199211487,0.11961328327244605,0.11961328327244605,-0.46576885922000727,13.732190166126191,0.01511441365000931,0.7377467356231574,0.6355824755039414,-0.550983453116183,-0.0130718832029433,-0.45828167862170377,-35.77910458783082,0.0041017385115686015,0.35422153354945396,-0.5385433238217446,RECONSTRUCTED - approximate only,0.0041017385115686015,0.34899357877574344
2026-06-05,GTLS,CONTROL,control,207.30999755859375,207.30999755859375,207,0.15,0.0006745983254079979,0.027128627557330424,-0.001205923510415075,-47.39877133984099,-39.37166395553274,-0.09693006801013358,-0.09693006801013358,-0.45104440797418954,-132.13047017683903,-0.00279775137661056,0.551157875023632,1.9820365179554074,-0.29943581731563346,-0.004148379819977053,-0.13956090071063673,-106.04908152287405,-0.001733522480501454,-0.5895589765568295,-0.5802119387855544,RECONSTRUCTED - approximate only,-0.001733522480501454,-0.681512622186956
2026-06-05,WY,CONTROL,control,24.479999542236328,24.479999542236328,24,0.24193664279186278,-0.004491731733808605,0.24193664279186278,-0.01674836009309233,-35.32702611380542,-0.4335346199211487,0.11961328327244605,0.11961328327244605,-0.46576885922000727,13.732190166126191,0.01511441365000931,0.7377467356231574,0.6355824755039414,-0.550983453116183,-0.0130718832029433,-0.45828167862170377,-35.77910458783082,0.0041017385115686015,0.35422153354945396,-0.5385433238217446,RECONSTRUCTED - approximate only,0.0041017385115686015,0.34899357877574344
2026-06-05,CASY,CONTROL,control,761.9099731445312,761.9099731445312,762,0.3129579870038634,-0.0011686576938140885,0.3129579870038634,-0.013492366059065461,-671.4392916690125,-74.89121216612081,0.04783785961569059,0.04783785961569059,10.417491145760735,11250.423487869604,0.17486323345269172,0.5163795460503456,13.489600608193996,-0.5859835548060492,0.20171674851177185,-0.41766543072169426,13213.94450901047,0.0016169486256939652,8.885300317572403,10.417491142540403,RECONSTRUCTED - approximate only,0.0016169486256939652,8.885300317572074
2026-06-05,GBCI,CONTROL,control,47.150001525878906,47.150001525878906,47,0.26384394678572026,0.004451019141888788,0.26384394678572026,-0.0006363222274271466,-15.875588639806582,-21.082822598676977,-0.15907981829896717,-0.15907981829896717,0.40044981740267205,197.47929805920649,0.05938492357256298,0.5523974587318417,0.7877653527219763,-0.2496562895290756,0.01569454591350063,-0.08949946819681444,20.791093179878583,-0.005064314557091022,2.761401380464663,0.3026132880153795,RECONSTRUCTED - approximate only,-0.005064314557091022,2.7611245585920052
2026-06-08,HSY,CONTROL,control,175.89999389648438,175.89999389648438,176,0.27266435896671626,-0.006447082184425669,0.27266435896671626,-0.0003410890316975113,-50.8326535473211,-240.17702963480974,-0.8317334682748323,-0.8317334682748323,1.006896843064975,218.65801059941202,0.02961914095877247,0.5116563531373923,2.6835689463116807,-0.27178256253948585,0.028084153569177487,-0.08902898199841078,228.56163505478432,-0.04084195167725618,0.968049814885996,0.9225560085859306,RECONSTRUCTED - approximate only,-0.04084195167725618,0.9378899553494042
2026-06-08,KMI,CONTROL,control,31.290000915527344,31.290000915527344,31,0.25635047770205205,-0.00347224145492167,0.25635047770205205,0.0015979301884818822,-7.684602279574524,-22.568711097356886,-0.2563955760860544,-0.2563955760860544,-0.10259908116967782,-14.914310481963044,0.005432987023690135,0.6205968159588736,0.6190398527960141,-0.12518422428985626,0.0022371266467263707,-0.0033022914562935387,-13.524125937867092,-0.008869141020067218,-0.1262381432602755,-0.19756947645781575,RECONSTRUCTED - approximate only,-0.008869141020067218,-0.17797150845805354
2026-06-08,BG,CONTROL,control,125.5,125.5,126,0.29141149684532675,0.011782364973561669,0.29141149684532675,0.009402392869926543,24.04868449197869,-107.74489453279173,-0.5038651008414722,-0.5038651008414722,-0.33398752982193386,-177.0936117717992,-0.0199203187250996,0.47823357289185997,1.8394690411410082,0.049180075420333175,-0.0017529977745268923,0.2503203737774193,-78.05886392869773,-0.019148081333938995,-0.9007114086216268,-0.49720653024221123,RECONSTRUCTED - approximate only,-0.019148081333938995,-0.9553110238635082
2026-06-08,ETR,CONTROL,control,108.11000061035156,108.11000061035156,108,0.24701149963166796,0.003792719942585946,0.24701149963166796,0.01433727724546326,62.579123059092296,-122.55400265037176,-0.7010069982388845,-0.7010069982388845,0.4888681535266433,132.8281833134521,0.02747203037587206,0.5298511145022065,1.583040018194552,0.3821917255699645,0.01646470048328202,0.530022995893992,56.389895630142135,-0.02743795386179403,0.9971392934304941,0.383575818772487,RECONSTRUCTED - approximate only,-0.02743795386179403,0.9743605703809657
2026-06-08,BIIB,CONTROL,control,192.6199951171875,192.6199951171875,193,0.35625504820327497,0.00977784221315093,0.35625504820327497,0.033641424310003595,326.8047609168751,-213.39613843639668,-0.49879195404543236,-0.49879195404543236,1.0882364130736912,184.9200643676894,0.03125326770358625,0.5016580347197519,3.6960053590781854,0.8972969793624417,0.03810617683908735,1.039713730851206,343.8420698023346,-0.023472775071292775,0.6356225630984425,0.9996088958596647,RECONSTRUCTED - approximate only,-0.023472775071292775,0.5832484241262218
2026-06-08,GTLS,CONTROL,control,207.05999755859375,207.05999755859375,207,0.15,-4.8210443073844853e-05,0.027224329063739578,0.0011107685224133088,-21.470417780353223,-31.545385619870867,-0.06709786732149081,-0.06709786732149081,-0.40115857515039494,-119.71917656497193,-0.001786898104655869,0.5281017749792243,1.84712570495428,-0.18026026955887023,-0.0027527869803455948,-0.009683099737939018,-90.16533706223993,-0.0011577688838920997,-0.5695786488696761,-0.5400484011477236,RECONSTRUCTED - approximate only,-0.0011577688838920997,-0.668020843457967
2026-06-08,VRTX,CONTROL,control,442.9599914550781,442.9599914550781,443,0.24111812951158298,-0.008190974765609926,0.24111812951158298,0.006343682528445055,41.79859075050105,-72.47655160122389,-0.01771821021096637,-0.01771821021096637,-0.06377694692303745,148.45723184763304,0.016931551708232767,0.517032869518264,6.092198115053378,0.005658766697241926,0.004695722254759639,0.1797304302574134,-99.1334517542307,-0.0004739083563705451,0.3640190099558282,-0.20675532287715664,RECONSTRUCTED - approximate only,-0.0004739083563705451,0.3045358303493573
2026-06-08,TEX,CONTROL,control,62.70000076293945,62.70000076293945,63,0.4462616855675068,0.016929468178650157,0.4462616855675068,0.01547045285809953,22.634493231979448,62.49124561293435,0.5742750632012711,0.5742750632012711,-0.24477302500832968,81.66763040933877,0.041307816923006814,0.48770643208994874,1.4317052260896403,0.08438204562396792,0.0012758854128229434,0.2812365562100839,-48.909120076365014,0.023339322580249507,0.7152654559085314,-0.4080190799636812,RECONSTRUCTED - approximate only,0.023339322580249507,0.6587684719438385
2026-06-08,COST,CONTROL,control,974.75,974.75,975,0.24359414103858743,-0.008653393135691138,0.24359414103858743,-0.0063195415691523465,-511.46182500136547,496.7782860349981,0.49483999273636,0.49483999273636,-0.21656114893477063,-498.8134187479027,0.004821761689696076,0.515032781100942,13.458010994970039,-0.4698124246790676,0.0009643523379392152,-0.2937649359079564,-412.7559306772119,0.011718159311091964,-0.2838718604373491,-0.3637457211895821,RECONSTRUCTED - approximate only,0.011718159311091964,-0.38374862970131535
2026-06-08,ALL,CONTROL,control,215.02000427246094,215.02000427246094,215,0.25456553079537414,-0.018415420870497332,0.25456553079537414,0.010045523022980224,63.253077986831386,-117.42382435640609,-0.2844318918114131,-0.2844318918114131,0.7125040363201867,329.59082552242313,0.031578425966027446,0.5189291421819016,3.13669893107091,0.1546748277280809,0.021160836021528077,0.3218941126035197,179.6495223546685,-0.008850364835152467,1.2156857383938806,0.614644839935593,RECONSTRUCTED - approximate only,-0.008850364835152467,1.1968889259679856
2026-06-08,SBUX,CONTROL,control,94.81999969482422,94.81999969482422,95,0.3016055091248115,-0.004722474271310362,0.3016055091248115,0.027314954393809522,126.88906298206494,-17.61185566913016,-0.0064844758482954755,-0.0064844758482954755,3.778097575937431,465.9612627622257,0.07139840397443019,0.49937574156749703,1.536531362090578,0.8374163227139219,0.0786753755376764,0.9834480039691007,534.8254007533882,-0.00021084609699016996,3.3063300084478873,3.7725633302805703,RECONSTRUCTED - approximate only,-0.00021084609699016996,3.3058372821525612
2026-06-08,EVRG,CONTROL,control,81.69000244140625,81.69000244140625,82,0.19570069046864635,-0.003962942415797896,0.19570069046864635,0.007099941049410158,12.616928805838423,-50.834034070424195,-0.5687735288812831,-0.5687735288812831,0.5323119391568751,62.529846171640905,0.021422450088127022,0.4638163117616558,0.7735645480156137,0.08570517038603373,0.01371030828394011,0.2946384179240025,30.08323075847814,-0.015071135317159827,0.9738307768733906,0.38399974292249334,RECONSTRUCTED - approximate only,-0.015071135317159827,0.9247835797380644
2026-06-08,HPE,CONTROL,control,49.724517822265625,49.724517822265625,50,0.837116356946431,0.015243852195209955,0.837116356946431,-0.032083353535378334,-107.02003503723786,-27.03479870504918,-0.018338104406279684,-0.018338104406279684,-0.7605014117013559,-160.51852487092475,-0.0170442863604589,0.5074110152394827,2.191665464452605,-0.5799570127760351,-0.061560029532832565,-0.40249794530544236,-181.5592992153909,-0.0016016382348895495,-0.6594450056041669,-0.8656887451003996,RECONSTRUCTED - approximate only,-0.0016016382348895495,-0.7621401194165999
2026-06-08,GWRE,CONTROL,control,127.19000244140625,127.19000244140625,127,0.7592799900471727,-0.0032338854130639283,0.7592799900471727,-0.021070840897344907,-218.03999333978086,-365.54672495229164,-0.593928503626581,-0.593928503626581,-0.8089420491611872,-522.1266038079489,-0.05629376149597794,0.5302552530882649,5.48372679929691,-0.4844762117504101,-0.06816578057960124,-0.3107812034683187,-477.5589014289884,-0.062158921835213175,-0.894492209922727,-0.898148263573486,RECONSTRUCTED - approximate only,-0.062158921835213175,-0.9487255836895283
2026-06-08,INTC,CONTROL,control,110.2699966430664,110.2699966430664,110,1.074349558933232,0.11929012856187796,1.074349558933232,-0.021311313554563872,-228.01224177880954,-104.98435061475205,-0.057213710187268056,-0.057213710187268056,0.39166876967705216,1002.9586988036839,0.1595175886712171,0.5387610622498911,6.717351398271255,-0.42590581836515373,0.06066929033344544,-0.2500025575355177,181.46927799397358,-0.006576606819221565,1.6789703485970209,0.2664366484228838,RECONSTRUCTED - approximate only,-0.006576606819221565,1.6666220177198754
2026-06-08,VLO,CONTROL,control,258.3900146484375,258.3900146484375,258,0.38908378500518,0.01633958469277835,0.38908378500518,-0.017841308130319818,-300.96745808008745,-136.93419824625892,-0.13790854797345797,-0.13790854797345797,-0.4653647652006213,-596.6379648879825,-0.04346147432054427,0.5290060515596344,5.871276830891105,-0.5949855237047105,-0.010797663945017104,-0.43199549749404564,-319.57987787328244,-0.006192251352163462,-0.9620882207528916,-0.6033623108954915,RECONSTRUCTED - approximate only,-0.006192251352163462,-0.987573724746137
2026-06-08,CINF,CONTROL,control,161.3656463623047,161.3656463623047,161,0.18549863168379693,8.357691762853094e-09,0.18549863168379693,0.009738106650626712,61.4814087684699,-137.29686922504547,-0.6387797944943403,-0.6387797944943403,2.3761827024912305,505.5118429419747,0.04369803141464431,0.5550694648360105,1.924009880405393,0.315406710194838,0.03728816476267863,0.44874212914913725,413.78080593388995,-0.01839187736471305,2.878045958536228,2.3655809885385,RECONSTRUCTED - approximate only,-0.01839187736471305,2.877900234839398
2026-06-08,LEN,CONTROL,control,90.73999786376953,90.73999786376953,91,0.3672729842193306,-0.011050945116668865,0.3672729842193306,0.020057303699264294,67.0926208770989,47.2844796206115,0.39622892186914116,0.39622892186914116,1.409882822168566,-139.59886052707316,-0.010910269859779394,0.49522418079853325,1.7576486249385468,0.3355734882621663,0.04639628811533856,0.5148571545601766,216.54098110297502,0.013968041455346471,-0.7229896900163452,1.335403193640972,RECONSTRUCTED - approximate only,0.013968041455346471,-0.8184664698403679
2026-06-08,XYZ,CONTROL,control,69.91999816894531,69.91999816894531,70,0.4211941643198395,0.002127610268817764,0.4211941643198395,-0.02331231830812498,-94.86877222720763,75.6992909935862,0.6054273567611579,0.6054273567611579,-0.48401545758466413,245.73181037406314,0.06335812959364961,0.5103709963443727,1.6205055347844493,-0.6650730603175019,-0.0118707358808732,-0.5025313996400098,-92.01827950187622,0.023793836204228938,1.7099073817039767,-0.6274887219238922,RECONSTRUCTED - approximate only,0.023793836204228938,1.6989538348104671
2026-06-08,HPE,CONTROL,control,49.724517822265625,49.724517822265625,50,0.837116356946431,0.015243852195209955,0.837116356946431,-0.032083353535378334,-107.02003503723786,-27.03479870504918,-0.018338104406279684,-0.018338104406279684,-0.7605014117013559,-160.51852487092475,-0.0170442863604589,0.5074110152394827,2.191665464452605,-0.5799570127760351,-0.061560029532832565,-0.40249794530544236,-181.5592992153909,-0.0016016382348895495,-0.6594450056041669,-0.8656887451003996,RECONSTRUCTED - approximate only,-0.0016016382348895495,-0.7621401194165999
2026-06-08,EA,CONTROL,control,203.1999969482422,203.1999969482422,203,0.15,-0.0005911089516625616,0.03250772092427668,-0.0035433131472266664,-67.88885285004274,-3.228178639951894,0.09450666389183103,0.09450666389183103,-0.28257965423152714,-105.38708001661666,-0.00039370980441040586,0.5413964899115257,1.8869175455467513,-0.4301620975857575,-0.0007381589504776444,-0.2662079192663176,-70.82360367594778,0.0015772479186133756,-0.47539468613503355,-0.41713074164698594,RECONSTRUCTED - approximate only,0.0015772479186133756,-0.5703587902245646
2026-06-08,JCI,CONTROL,control,143.6525115966797,143.6525115966797,144,0.3263312739898051,0.009815586070963823,0.3263312739898051,0.02568551553570372,168.9724164428837,-70.40593451793416,-0.18709054147968476,-0.18709054147968476,-0.2730208629398509,-6.927590111994562,0.016759094116456142,0.4961514460209336,2.4881877370425656,0.6659073512188018,-0.00027776565097912127,0.8256031865152959,-90.71795786717873,-0.0069625983995206,0.08145555295774624,-0.43010603930070324,RECONSTRUCTED - approximate only,-0.0069625983995206,-0.00831226314378398
2026-06-08,FCX,CONTROL,control,63.90999984741211,63.90999984741211,64,0.5496186371981461,0.01956764556363101,0.5496186371981461,0.005319983623840646,-17.65261102841743,-52.423601130167626,-0.17410288695492565,-0.17410288695492565,0.5434912992524197,381.5342441088463,0.09732432202873373,0.5128304042603822,1.9263012800314847,-0.17056960960966958,0.038022163922394575,0.015903954611261806,78.89514581609664,-0.010834247892381257,2.1972693203203284,0.4226771571124347,RECONSTRUCTED - approximate only,-0.010834247892381257,2.192173115882577
2026-06-08,GTLS,CONTROL,control,207.05999755859375,207.05999755859375,207,0.15,-4.8210443073844853e-05,0.027224329063739578,0.0011107685224133088,-21.470417780353223,-31.545385619870867,-0.06709786732149081,-0.06709786732149081,-0.40115857515039494,-119.71917656497193,-0.001786898104655869,0.5281017749792243,1.84712570495428,-0.18026026955887023,-0.0027527869803455948,-0.009683099737939018,-90.16533706223993,-0.0011577688838920997,-0.5695786488696761,-0.5400484011477236,RECONSTRUCTED - approximate only,-0.0011577688838920997,-0.668020843457967
2026-06-08,DRI,CONTROL,control,196.0,196.0,196,0.24191346791241572,-0.011104366053213834,0.24191346791241572,0.02505103909239477,262.86654051396283,-24.47416413218392,0.015354580942408826,0.015354580942408826,4.510173244561013,931.1330926478568,0.06510201278997928,0.51809520474529,2.7131846380107305,1.0116498352302996,0.07571426703005421,1.1301474903158204,1134.0767660013385,0.00040833928033064034,3.7228146684927026,4.509211104372309,RECONSTRUCTED - approximate only,0.00040833928033064034,3.7227485163563143
2026-06-08,GLW,CONTROL,control,187.5399932861328,187.5399932861328,188,0.9112119016413197,0.08627093089009401,0.9112119016413197,-0.07251781663432628,-670.944845963609,-330.0634292652096,-0.26674366752425,-0.26674366752425,-0.7114483556062995,-501.04496054397293,0.0018130084720698815,0.5204485819403275,9.302699413050235,-0.7905028870235558,-0.05860078184820767,-0.6524624013679773,-723.0740631413587,-0.027786421876342265,-0.46021499369471497,-0.8255621143088856,RECONSTRUCTED - approximate only,-0.027786421876342265,-0.5688750508181788
2026-06-08,CFG,CONTROL,control,64.3499984741211,64.3499984741211,64,0.25686336350151046,0.005157830864621593,0.25686336350151046,0.02051281625678776,67.69209429982494,-10.393757544073756,0.020600328920446834,0.020600328920446834,1.301759782471583,134.06493289860873,0.03574208401392237,0.5785017244706009,1.130646882245074,0.647218542020721,0.03356649127160491,0.74757914795439,127.21744192848372,0.0006220015090328429,1.3655098829220274,1.2680882299657468,RECONSTRUCTED - approximate only,0.0006220015090328429,1.36027558305511
2026-06-08,CG,CONTROL,control,43.56999969482422,43.56999969482422,44,0.3450806318671453,-0.0025299128682075597,0.3450806318671453,0.03603396157495779,73.4420150278228,0.8361266035745174,0.139610108390609,0.139610108390609,0.4749559382377422,144.95436489432387,0.061280743684736676,0.43583177031573717,0.6546590853305467,1.1147172307061632,0.022492530390188288,1.3070459950292819,21.692160056102562,0.004611500296635159,2.456898787742052,0.29517890170306,RECONSTRUCTED - approximate only,0.004611500296635159,2.4434005229097275
2026-06-08,LMT,CONTROL,control,520.0700073242188,520.0700073242188,520,0.19933124993515672,-0.0014510648989125637,0.19933124993515672,0.019343544939945383,526.9840658561249,-194.5052547750252,-0.2329787758884572,-0.2329787758884572,3.8200170579292148,394.8422813026166,0.01978575553757869,0.5212999140254827,6.012677083531628,0.9091339550766755,0.05501179639018607,1.0301232204747852,2120.5834863412188,-0.00560228045082457,0.7987843120533434,3.817525041723453,RECONSTRUCTED - approximate only,-0.00560228045082457,0.7658242121376088
2026-06-08,PANW,CONTROL,control,266.3299865722656,266.3299865722656,266,0.525768471868067,-0.008895361215740498,0.525768471868067,-0.02181503342289725,-392.0147697296457,-234.1572675832211,-0.20028857770075287,-0.20028857770075287,0.888704371201599,941.5469848846229,0.06837390789908356,0.5265509914609656,8.021977449016788,-0.5743414108099655,0.04956262108115857,-0.40742677123113313,595.75103584891,-0.012239061865466866,1.3424525126547757,0.7997309148613625,RECONSTRUCTED - approximate only,-0.012239061865466866,1.325869980920654
2026-06-08,PNFP,CONTROL,control,96.48999786376953,96.48999786376953,96,0.24918749981334348,0.00010385356125031132,0.24918749981334348,-0.013369270847623458,-88.37584443353168,-8.170275920825365,0.061047967483615094,0.061047967483615094,-0.8459302632613737,-100.73895437929373,-0.00424910396716664,0.5763538124634127,1.6356074288268516,-0.5989490077378609,-0.02850036336287019,-0.45513282710018715,-149.09900745994545,0.0017649311615856181,-0.5346983739028306,-0.9194528770937249,RECONSTRUCTED - approximate only,0.0017649311615856181,-0.6209080165704901
2026-06-08,FDX,CONTROL,control,328.9849853515625,328.9849853515625,329,0.40147179564842195,0.0006043044411564171,0.40147179564842195,0.004663558493457438,-51.362700674434876,-122.62659529641998,-0.06630399908657297,-0.06630399908657297,0.3981578080482312,132.06761709354956,0.02583120133430054,0.5176375505454389,7.443860924331318,-0.14608436823952448,0.023559996215276553,0.03446981530950629,205.8253689162123,-0.002958970260289453,0.2938574462468424,0.27544037051128595,RECONSTRUCTED - approximate only,-0.002958970260289453,0.2273165845893496
2026-06-08,TSCO,CONTROL,control,30.139999389648438,30.139999389648438,30,0.41413518655109677,-0.014103427354260923,0.41413518655109677,-0.005972140305935183,-23.128560136123056,39.47846021926337,0.6589556695252378,0.6589556695252378,0.7998458071755504,9.7630358409745,0.024552083148758008,0.5503617947414967,0.7752442748637147,-0.35483675308458146,0.03715994896861418,-0.1911264120414505,49.85476611608912,0.026566715363822848,0.2554777581545521,0.7230070494371144,RECONSTRUCTED - approximate only,0.026566715363822848,0.20084614479552373
2026-06-08,PEGA,CONTROL,control,35.11000061035156,35.11000061035156,35,0.435458760528376,-0.01152399083065887,0.435458760528376,-0.027057839544991698,-56.57381470907128,37.23946687472009,0.5478832867464065,0.5478832867464065,-0.9389577156849573,-96.83095488840642,-0.06807175585590244,0.5390689188342966,0.9165389738007477,-0.6799376036003317,-0.06550837929585318,-0.5295485033091296,-92.22156714974506,0.02331679408451772,-0.9918958583283335,-0.9785628191293659,RECONSTRUCTED - approximate only,0.02331679408451772,-0.9986134573715707
2026-06-08,NSC,CONTROL,control,309.92999267578125,309.92999267578125,310,0.2406089818933024,0.005008699140211447,0.2406089818933024,0.007711466153382909,53.20352811744761,-243.21514390977728,-0.4963471619627835,-0.4963471619627835,-0.17803269689106394,-218.63195735398767,0.001129306978307735,0.5154193233429818,4.232765155447083,0.0679121139754198,0.0019359407533794037,0.24080607783831048,-115.2168581678938,-0.016157693211238475,-0.43521209415379414,-0.3245602278442198,RECONSTRUCTED - approximate only,-0.016157693211238475,-0.5390355801431844
2026-06-08,CHD,CONTROL,control,95.3499984741211,95.3499984741211,95,0.2651872442976953,-0.009510008158578475,0.2651872442976953,0.017619300808187736,76.78835220352866,-41.14344585808561,-0.15278872683558026,-0.15278872683558026,0.5089527322568546,148.73456470809833,0.031148413930066416,0.5574900532271003,1.6252727380050516,0.48754944486327056,0.018143716671407534,0.611013753196626,61.03003768362322,-0.004905043020246559,1.0769838854522542,0.4211274413698972,RECONSTRUCTED - approximate only,-0.004905043020246559,1.0632465895469632
2026-06-08,VZ,CONTROL,control,45.439998626708984,45.439998626708984,45,0.21808931496414793,-0.0015428630476564751,0.21808931496414793,0.0074823979503389195,9.136094971341691,-0.6572312395209046,0.113515503738666,0.113515503738666,1.411421989922791,110.48617215225315,0.03587150346340774,0.643944416826062,0.8198865001991038,0.1439353356941052,0.03301056437792939,0.23924954656024588,100.43568938208489,0.00309049430477478,1.5404576008881672,1.3995677505544428,RECONSTRUCTED - approximate only,0.00309049430477478,1.5398162420763633
2026-06-08,CRM,CONTROL,control,182.08006286621094,182.08006286621094,182,0.5284510906553135,-0.009425806515533807,0.5284510906553135,-0.03944120738143666,-370.966886983774,-119.90766228714104,-0.12427220854436467,-0.12427220854436467,-0.9593166319368203,-571.3856423890493,-0.09627665730395693,0.5222111654453747,5.4392563884787535,-0.7542467821519268,-0.08584172078990017,-0.6101343360614507,-551.3996301742333,-0.007394924600459706,-0.9979945432026048,-0.988162383142336,RECONSTRUCTED - approximate only,-0.007394924600459706,-0.999823671101145
2026-06-08,NOVT,CONTROL,control,164.33999633789062,164.33999633789062,164,0.5990518085878218,0.015100138919520696,0.5990518085878218,-0.02245346552046548,-262.7550688664403,285.62065026676277,0.6368567498765615,0.6368567498765615,-0.4059578856533626,-544.828925616499,-0.04691488150715317,0.5310869593278685,5.681440515431092,-0.5469272589405535,-0.011743901173108803,-0.379148957689635,-277.22483516973784,0.03586512864991884,-0.9017626300569479,-0.5476778762338209,RECONSTRUCTED - approximate only,0.03586512864991884,-0.9533143292551869
2026-06-08,WEC,CONTROL,control,111.25,111.25,111,0.19203657178346237,-0.0006197405641037349,0.19203657178346237,0.016629199767380618,95.31338085823755,-82.93458668770774,-0.5242018563060278,-0.5242018563060278,0.7128940747914018,144.94792228474853,0.024719101123595506,0.553278335956227,1.3651456704214908,0.7414724381958617,0.016359547818644665,0.8502261156489122,77.50294796449366,-0.014440089414235108,1.2329463399015046,0.6375131482863625,RECONSTRUCTED - approximate only,-0.014440089414235108,1.2226374926678238
2026-06-08,VLO,CONTROL,control,258.3900146484375,258.3900146484375,258,0.38908378500518,0.01633958469277835,0.38908378500518,-0.017841308130319818,-300.96745808008745,-136.93419824625892,-0.13790854797345797,-0.13790854797345797,-0.4653647652006213,-596.6379648879825,-0.04346147432054427,0.5290060515596344,5.871276830891105,-0.5949855237047105,-0.010797663945017104,-0.43199549749404564,-319.57987787328244,-0.006192251352163462,-0.9620882207528916,-0.6033623108954915,RECONSTRUCTED - approximate only,-0.006192251352163462,-0.987573724746137
2026-06-08,O,CONTROL,control,60.0099983215332,60.0099983215332,60,0.18924321305684633,-0.0021367696875277645,0.18924321305684633,0.020663251343932314,67.139908658373,-36.51329229540191,-0.4551828417184052,-0.4551828417184052,1.979088106008928,134.26916466011764,0.035494103110996635,0.5223493150549833,0.6613772512325902,1.0854527067414925,0.031661416081012195,1.1945357172368398,116.43399338010737,-0.011530238403816532,2.262948254967569,1.9496177511696438,RECONSTRUCTED - approximate only,-0.011530238403816532,2.260751699281537
2026-06-08,HSIC,CONTROL,control,78.05000305175781,78.05000305175781,78,0.27050787685534694,-0.006197491884471359,0.27050787685534694,0.025368297887522887,101.88577999375937,48.55647769193966,0.5323189057178046,0.5323189057178046,0.9901161076299838,166.6978270878026,0.03894930387276067,0.5244936500272509,1.2288911483135863,0.8655792118742099,0.027802666035852776,0.9891218354415796,102.00185596143709,0.014031464387767117,1.5442825391461918,0.9130454866134606,RECONSTRUCTED - approximate only,0.014031464387767117,1.5343260064986695
2026-06-08,IFF,CONTROL,control,72.21814727783203,72.21814727783203,72,0.5730097833224962,-0.004793806645975984,0.5730097833224962,0.0438015812119808,152.3750664920281,-28.599515303444146,-0.013113058253626157,-0.013113058253626157,1.2322460483505084,314.2612900849923,0.07933886462780604,0.5358104450301442,2.4275426967817992,0.6335207191111885,0.06763089812912347,0.7716293070907753,258.60091308677534,-0.0008258351908062763,1.4736006931199361,1.1676973188433264,RECONSTRUCTED - approximate only,-0.0008258351908062763,1.4616137724553055
2026-06-08,AZO,CONTROL,control,3074.0400390625,3074.0400390625,3074,0.38802372388374096,-0.00429333664031915,0.38802372388374096,0.020725156513228055,2457.3587132284633,-1994.0172994849152,-0.20612290020197246,-0.20612290020197246,-0.188737720351522,-1955.6346647335945,0.01022756405470839,0.5179284202239488,67.36323296469095,0.3264371627545016,0.00246583584750956,0.4894581689558804,-1882.7607170470153,-0.009348869437855411,-0.20012515163138053,-0.3362419792450516,RECONSTRUCTED - approximate only,-0.009348869437855411,-0.29685790525469785
2026-06-08,CIEN,CONTROL,control,466.6700134277344,466.6700134277344,467,0.8526709962943345,0.0032158443122793233,0.8526709962943345,-0.05856390233669022,-1456.539082292848,-1150.3447006941074,-0.4438404989359514,-0.4438404989359514,-0.6510099277645159,-1358.3884750329303,-0.006985685113298639,0.5243902955197579,22.027184166899303,-0.7383387427252175,-0.0459639822354964,-0.5901641837632826,-1583.8638211371294,-0.047184420370698414,-0.5432601274336925,-0.7746882596976044,RECONSTRUCTED - approximate only,-0.047184420370698414,-0.6486411821545954
2026-06-08,STAG,CONTROL,control,37.13999938964844,37.13999938964844,37,0.205355938728148,-0.003488922685829566,0.205355938728148,0.023424850462632194,50.61728364880408,-5.894090275274021,0.011162166435794237,0.011162166435794237,1.0620382866766056,90.16748730723069,0.03715673373166141,0.5717127759790973,0.5139036715036518,1.0918673528090803,0.023155644170292033,1.1686875950464903,45.410573891016256,0.00026927878388317676,1.9787964857428229,1.015710277157461,RECONSTRUCTED - approximate only,0.00026927878388317676,1.9775765990209078
2026-06-08,AMCR,CONTROL,control,37.81999969482422,37.81999969482422,38,0.36385716860849987,-0.006556516994410813,0.36385716860849987,0.026705503553155516,42.531309275189415,-10.916327949243065,-0.04101713073229932,-0.04101713073229932,1.9005136826149358,222.529235124535,0.0869910349570307,0.48005921250554806,0.6919900533349477,0.593265006210851,0.05552613672835341,0.7720100289995522,116.71807310331869,-0.0015839855226804794,3.510076854973669,1.8413105342036864,RECONSTRUCTED - approximate only,-0.0015839855226804794,3.5093651209830803
2026-06-08,GLW,CONTROL,control,187.5399932861328,187.5399932861328,188,0.9112119016413197,0.08627093089009401,0.9112119016413197,-0.07251781663432628,-670.944845963609,-330.0634292652096,-0.26674366752425,-0.26674366752425,-0.7114483556062995,-501.04496054397293,0.0018130084720698815,0.5204485819403275,9.302699413050235,-0.7905028870235558,-0.05860078184820767,-0.6524624013679773,-723.0740631413587,-0.027786421876342265,-0.46021499369471497,-0.8255621143088856,RECONSTRUCTED - approximate only,-0.027786421876342265,-0.5688750508181788
2026-06-08,TEX,CONTROL,control,62.70000076293945,62.70000076293945,63,0.4462616855675068,0.016929468178650157,0.4462616855675068,0.01547045285809953,22.634493231979448,62.49124561293435,0.5742750632012711,0.5742750632012711,-0.24477302500832968,81.66763040933877,0.041307816923006814,0.48770643208994874,1.4317052260896403,0.08438204562396792,0.0012758854128229434,0.2812365562100839,-48.909120076365014,0.023339322580249507,0.7152654559085314,-0.4080190799636812,RECONSTRUCTED - approximate only,0.023339322580249507,0.6587684719438385
2026-06-08,CYTK,CONTROL,control,67.9000015258789,67.9000015258789,68,0.6309338191609071,0.007274714866335639,0.6309338191609071,0.008100079676046252,-14.048184180065137,-166.69090506071979,-0.63578771302921,-0.63578771302921,0.07945859754127195,98.52737946652414,0.051251776867968446,0.5150840399048854,2.3493082103869085,-0.13810994275208666,0.020176658120771178,0.04814361443575479,-7.05917222286284,-0.05694442325168186,0.5525499447259952,-0.0665934776083907,RECONSTRUCTED - approximate only,-0.05694442325168186,0.49647648611681716
2026-06-08,SAIA,CONTROL,control,480.67999267578125,480.67999267578125,481,0.4997553218734251,0.007952651341697958,0.4997553218734251,-0.0028709430470165494,-297.37380102110865,452.76082567891524,0.4636144982500187,0.4636144982500187,0.021336982894804003,-1002.228638039457,-0.013501685806075352,0.5154924039649552,13.337713859216421,-0.31208730857349753,0.013439340249415241,-0.12840254819509825,-107.64141420752473,0.022244888409518354,-0.6846841327686207,-0.1241422287112681,RECONSTRUCTED - approximate only,0.022244888409518354,-0.78132248703013
2026-06-08,HIMS,CONTROL,control,27.170000076293945,27.170000076293945,27,0.8527163140121985,0.01107289050267848,0.8527163140121985,0.06661757309016803,89.2604659766091,24.677137375839663,0.30413634845646037,0.30413634845646037,0.6057601186439848,158.8598805049929,0.11041589957953388,0.5478835030617042,1.3749643707745545,0.662962285105066,0.06256903784195121,0.7985669868329901,64.07572142756081,0.02605742243148635,1.3313992780985033,0.5046106160632728,RECONSTRUCTED - approximate only,0.02605742243148635,1.3159588456501738
2026-06-08,BIIB,CONTROL,control,192.6199951171875,192.6199951171875,193,0.35625504820327497,0.00977784221315093,0.35625504820327497,0.033641424310003595,326.8047609168751,-213.39613843639668,-0.49879195404543236,-0.49879195404543236,1.0882364130736912,184.9200643676894,0.03125326770358625,0.5016580347197519,3.6960053590781854,0.8972969793624417,0.03810617683908735,1.039713730851206,343.8420698023346,-0.023472775071292775,0.6356225630984425,0.9996088958596647,RECONSTRUCTED - approximate only,-0.023472775071292775,0.5832484241262218
2026-06-08,TDY,CONTROL,control,612.3800048828125,612.3800048828125,612,0.2776353813785104,0.007056635499319388,0.2776353813785104,0.011234862059431685,212.1574971509343,222.23899795307423,0.34351444595768366,0.34351444595768366,0.4938343864504299,585.5657371485063,0.02606228460334923,0.524045142801007,9.876303724724835,0.16917818354516445,0.0185342034283263,0.33276942798000764,363.27650983102194,0.009661651986510518,0.7307536498266815,0.3844115774885218,RECONSTRUCTED - approximate only,0.009661651986510518,0.6943614837436466
2026-06-08,ADBE,CONTROL,control,244.99000549316406,244.99000549316406,245,0.432395819005566,-0.009465498169357992,0.432395819005566,-0.02902159455868069,-382.63987024204886,-237.20119883979237,-0.31123259417157756,-0.31123259417157756,-0.9963286911276904,-627.3157529461953,-0.15767992169741957,0.5180549723569442,5.962054839175664,-0.7194762633621478,-0.10690233011214421,-0.5680120811904054,-625.2363463547598,-0.016341412130915094,-0.9999999908769541,-0.9996352393812549,RECONSTRUCTED - approximate only,-0.016341412130915094,-0.9999999999984795
2026-06-08,PEGA,CONTROL,control,35.11000061035156,35.11000061035156,35,0.435458760528376,-0.01152399083065887,0.435458760528376,-0.027057839544991698,-56.57381470907128,37.23946687472009,0.5478832867464065,0.5478832867464065,-0.9389577156849573,-96.83095488840642,-0.06807175585590244,0.5390689188342966,0.9165389738007477,-0.6799376036003317,-0.06550837929585318,-0.5295485033091296,-92.22156714974506,0.02331679408451772,-0.9918958583283335,-0.9785628191293659,RECONSTRUCTED - approximate only,0.02331679408451772,-0.9986134573715707
2026-06-08,FDX,CONTROL,control,328.9849853515625,328.9849853515625,329,0.40147179564842195,0.0006043044411564171,0.40147179564842195,0.004663558493457438,-51.362700674434876,-122.62659529641998,-0.06630399908657297,-0.06630399908657297,0.3981578080482312,132.06761709354956,0.02583120133430054,0.5176375505454389,7.443860924331318,-0.14608436823952448,0.023559996215276553,0.03446981530950629,205.8253689162123,-0.002958970260289453,0.2938574462468424,0.27544037051128595,RECONSTRUCTED - approximate only,-0.002958970260289453,0.2273165845893496
2026-06-08,GLPI,CONTROL,control,45.75260925292969,45.75260925292969,46,0.15104156399475804,-0.0036039535963212238,0.15104156399475804,0.027282576323778708,72.23792522347146,-18.11856567053492,-0.5061729342683199,-0.5061729342683199,2.794535545685262,41.40417241679203,0.021581117266527994,0.4201512528980327,0.2895438062018094,2.6701947814833837,0.02835663375958789,2.778721912061399,72.67290549205822,-0.00957448431786065,1.6577660771731233,2.740474534600368,RECONSTRUCTED - approximate only,-0.00957448431786065,1.6189638246927862
2026-06-08,CHH,CONTROL,control,105.41999816894531,105.41999816894531,105,0.6051041943323506,-0.012111776989617743,0.6051041943323506,0.02997537200717056,119.88054260544718,-172.63456213262842,-0.3717381083355662,-0.3717381083355662,0.0830575630594924,284.671821623379,0.06241701712524814,0.5402170275722176,3.7809579016682946,0.28811929516541285,0.018876925893841264,0.442633922705917,-9.27604982908844,-0.028208011553243543,0.9014184655141381,-0.04736726550499421,RECONSTRUCTED - approximate only,-0.028208011553243543,0.8733394340714784
2026-06-08,AME,CONTROL,control,225.6117401123047,225.6117401123047,226,0.23525309525774052,0.007592157359217523,0.23525309525774052,0.017039176593099368,168.58212398817682,-124.60560071941528,-0.3504361353898845,-0.3504361353898845,-0.22173002804271177,152.40159242520076,0.021445057927965624,0.49718552995532267,2.8482679497434304,0.57174841502508,0.0011507747591911666,0.7330948491677278,-89.77960007256227,-0.010163434883234145,0.6732966181449848,-0.3775477929490304,RECONSTRUCTED - approximate only,-0.010163434883234145,0.6233024974695894
2026-06-08,O,CONTROL,control,60.0099983215332,60.0099983215332,60,0.18924321305684633,-0.0021367696875277645,0.18924321305684633,0.020663251343932314,67.139908658373,-36.51329229540191,-0.4551828417184052,-0.4551828417184052,1.979088106008928,134.26916466011764,0.035494103110996635,0.5223493150549833,0.6613772512325902,1.0854527067414925,0.031661416081012195,1.1945357172368398,116.43399338010737,-0.011530238403816532,2.262948254967569,1.9496177511696438,RECONSTRUCTED - approximate only,-0.011530238403816532,2.260751699281537
2026-06-08,GATX,CONTROL,control,171.7183074951172,171.7183074951172,172,0.344354477427144,-0.0019876224080576316,0.344354477427144,0.01554799914801589,87.21867052773929,52.367214992846414,0.2812716024035063,0.2812716024035063,-0.281879747733911,75.84311764038877,0.024060909222017125,0.5038220825835672,3.209607664751175,0.21816465079372507,-0.0008702002917965607,0.39557137514894675,-119.34479953967615,0.009664912632886475,0.3582638053524388,-0.43547603343162566,RECONSTRUCTED - approximate only,0.009664912632886475,0.2901655476517025
2026-06-08,FTV,CONTROL,control,61.09987258911133,61.09987258911133,61,0.19601759546339745,-0.009464715198112459,0.19601759546339745,0.02648785209932094,98.07365630147875,17.565034180616603,0.3725344762088543,0.3725344762088543,-0.8493017386285759,-70.40818349633992,-0.014388493700273428,0.5434630566296278,0.7429877190600749,1.4384744721885907,-0.021582740550410144,1.5131444196567616,-68.6768495404539,0.007578238528680755,-0.8738304993189279,-0.9245670803256337,RECONSTRUCTED - approximate only,0.007578238528680755,-0.9329530759727342
2026-06-08,BALL,CONTROL,control,52.619998931884766,52.619998931884766,53,0.29014336767469817,-0.009826089589163145,0.29014336767469817,0.029646548934947666,73.51945420038827,1.5839532418277191,0.1491555367596146,0.1491555367596146,3.889915090723962,340.710785539745,0.08988976887588293,0.44625524884316153,0.6916326553867123,1.0623084312080178,0.07069557765515296,1.2439792031471038,247.37094227162729,0.004198423656480406,5.310502534546764,3.8745522684600155,RECONSTRUCTED - approximate only,0.004198423656480406,5.310455972208854
2026-06-08,DDOG,CONTROL,control,231.67999267578125,231.67999267578125,232,0.9662499497236253,0.011148607934505114,0.9662499497236253,-0.01873271959208029,-415.9323730132835,-355.67005796071953,-0.19770135572962488,-0.19770135572962488,-0.1365159559741862,-607.6364058963221,0.006085996662139787,0.5254179016388162,12.312369827753571,-0.43041434062299994,0.011049779429876614,-0.24922191329265073,-284.1030173251687,-0.021291012668688193,-0.4131170217464139,-0.2881646218118478,RECONSTRUCTED - approximate only,-0.021291012668688193,-0.5205087836422627
2026-06-08,ADBE,CONTROL,control,244.99000549316406,244.99000549316406,245,0.432395819005566,-0.009465498169357992,0.432395819005566,-0.02902159455868069,-382.63987024204886,-237.20119883979237,-0.31123259417157756,-0.31123259417157756,-0.9963286911276904,-627.3157529461953,-0.15767992169741957,0.5180549723569442,5.962054839175664,-0.7194762633621478,-0.10690233011214421,-0.5680120811904054,-625.2363463547598,-0.016341412130915094,-0.9999999908769541,-0.9996352393812549,RECONSTRUCTED - approximate only,-0.016341412130915094,-0.9999999999984795
2026-06-08,MU,CONTROL,control,949.280029296875,949.280029296875,949,1.0368528562583246,0.08594808963587017,1.0368528562583246,-0.014105442266972992,-1585.130047419282,29.910107802854025,0.1112478908038003,0.1112478908038003,0.2741124151368492,7573.472887442112,0.14612122519868187,0.5320909872015812,54.89425435491546,-0.3790449747235529,0.04907926468738772,-0.19844613612720788,879.2411370952705,0.011734372341051126,1.5577731224393108,0.13909219739932446,RECONSTRUCTED - approximate only,0.011734372341051126,1.5417832858959337
2026-06-08,DDOG,CONTROL,control,231.67999267578125,231.67999267578125,232,0.9662499497236253,0.011148607934505114,0.9662499497236253,-0.01873271959208029,-415.9323730132835,-355.67005796071953,-0.19770135572962488,-0.19770135572962488,-0.1365159559741862,-607.6364058963221,0.006085996662139787,0.5254179016388162,12.312369827753571,-0.43041434062299994,0.011049779429876614,-0.24922191329265073,-284.1030173251687,-0.021291012668688193,-0.4131170217464139,-0.2881646218118478,RECONSTRUCTED - approximate only,-0.021291012668688193,-0.5205087836422627
2026-06-09,SO,CONTROL,control,92.94999694824219,92.94999694824219,93,0.2120359967794026,0.0012050899629997764,0.2120359967794026,0.011511562452444534,39.54113543432504,81.54058099295648,0.8920814674125113,0.8920814674125113,0.3148112287876176,23.003488596812815,0.01463152937066645,0.5115766469723567,1.1082687135861988,0.33032067782453656,0.011296429114919616,0.4931715085611131,20.762379241477646,0.01706967468007717,0.3360972440868007,0.18754728603112483,RECONSTRUCTED - approximate only,0.01706967468007717,0.27280108002036235
2026-06-09,LECO,CONTROL,control,265.45001220703125,265.45001220703125,265,0.25147839327922755,0.011764283509900495,0.25147839327922755,-0.04607274599328188,-396.0271693583885,35.24156612440947,0.2003396709566361,0.2003396709566361,-0.8468761372912345,400.4210521687226,0.030476534058627318,0.5373131904507144,4.045668610259668,-0.9720169418321514,-0.027123796857902484,-0.9217667933015798,-367.24380561722165,0.005378227604058608,1.150490303707897,-0.9234784999293746,RECONSTRUCTED - approximate only,0.005378227604058608,1.1344495816492128
2026-06-09,BA,CONTROL,control,214.50999450683594,214.50999450683594,215,0.3565558102370793,0.0026861885697167733,0.3565558102370793,-0.025686423234048177,-275.58544584038356,-128.71900475468843,-0.2228714711031961,-0.2228714711031961,0.40259241796299994,764.778911497611,0.060510052299285674,0.499162020686698,4.087507270184361,-0.7519741512199819,0.021164554851439314,-0.6010879330091908,114.15687365591837,-0.009191711284822459,2.078100882466271,0.26862243037114886,RECONSTRUCTED - approximate only,-0.009191711284822459,2.071324215017101
2026-06-09,VRSN,CONTROL,control,283.8900146484375,283.8900146484375,284,0.2985480059302028,0.00045871663361430264,0.2985480059302028,0.014794397381867342,150.72161350666153,-31.621860738788243,0.038242482999803526,0.038242482999803526,-0.6041313154818788,-488.71028347206,-0.035295427856659733,0.5137593774905268,4.762373431203059,0.27496788840932795,-0.014089963695811926,0.4412778643668818,-322.2481322638527,0.001234415225250911,-0.9720640691655947,-0.7342579173170098,RECONSTRUCTED - approximate only,0.001234415225250911,-0.9920853842829239
2026-06-09,CNP,CONTROL,control,42.38999938964844,42.38999938964844,42,0.2067835824004839,0.002628449566601153,0.2067835824004839,0.0082567184208035,11.429668452132558,20.62452218967501,0.4226321714208663,0.4226321714208663,0.3735928278294343,52.107432545786864,0.022646829400688462,0.6445208602828635,0.7271801413052614,0.19796315287148508,0.01203118998758491,0.28953181762728847,17.236780693453202,0.010247862596710669,0.8783638911915351,0.3197886071627621,RECONSTRUCTED - approximate only,0.010247862596710669,0.8733379519487536
2026-06-09,PNFP,CONTROL,control,95.19999694824219,95.19999694824219,95,0.22942486666956521,0.0029018425276803755,0.22942486666956521,-0.021953743748824937,-103.20608742433267,-79.88909215725643,-0.5048537261094673,-0.5048537261094673,0.3204337004870612,168.88781181503163,0.03203784820934418,0.5446905759285601,1.3558936383239484,-0.8103686505170274,0.012184912807718254,-0.685872390483691,26.416095136286255,-0.016224033784098615,1.4264955909187589,0.21363671940486123,RECONSTRUCTED - approximate only,-0.016224033784098615,1.4180998015290094
2026-06-09,CINF,CONTROL,control,162.93704223632812,162.93704223632812,163,0.1820353023625349,0.005793580222386856,0.1820353023625349,0.015870028043942063,126.75245918938082,14.9289762358081,0.20663460428514321,0.20663460428514321,2.112041960608584,572.1031745684575,0.04858683667217881,0.5140869054666057,1.6852016507692582,0.7706736516743738,0.03161803225662052,0.9051203277656644,319.97356035090235,0.003921805135570362,3.6869252619159774,2.0837083346045486,RECONSTRUCTED - approximate only,0.003921805135570362,3.686852300054065
2026-06-09,FE,CONTROL,control,45.90999984741211,45.90999984741211,46,0.19656774337895108,0.0032815910934870405,0.19656774337895108,0.01132651839451016,18.557836342880098,-3.690218955869322,0.05242681863224916,0.05242681863224916,1.3530381272367842,111.52175425361247,0.03898934701539199,0.4907822204405037,0.4761911950499105,0.36787038178353115,0.024395533339299252,0.5442251933413065,55.14704811141372,0.0010902580984541244,2.5992139607260376,1.2777077219976674,RECONSTRUCTED - approximate only,0.0010902580984541244,2.596721761704164
2026-06-09,JHG,CONTROL,control,51.869998931884766,51.869998931884766,52,0.15,0.0005789035019981151,0.014037441286825198,-0.002891800930603764,-14.807069051852928,-4.303894147400321,0.024452594868252134,0.024452594868252134,-0.32625662809394956,-27.51954916488447,-0.0009639336435345881,0.47450355614196327,0.39128471835203626,-0.4543184119562483,-0.0005783454774361792,-0.258103126454024,-17.34047430277184,0.0003857369016829253,-0.6000934313674429,-0.48977264888862704,RECONSTRUCTED - approximate only,0.0003857369016829253,-0.7116892210947735
2026-06-09,RBC,CONTROL,control,592.4099731445312,592.4099731445312,592,0.3373627509000348,0.010914280804077314,0.3373627509000348,-0.026451247650304526,-796.7437781876484,-346.66633948174206,-0.21011937583211038,-0.21011937583211038,0.363731676582892,1581.0213715911018,0.04839561324926888,0.523405372612909,11.527065590728114,-0.76237179581748,0.01895653687985168,-0.6211222639692812,281.7414389653864,-0.008386076644474138,1.5502115106826717,0.24419364102660013,RECONSTRUCTED - approximate only,-0.008386076644474138,1.539568518253626
2026-06-09,ARES,CONTROL,control,129.307373046875,129.307373046875,129,0.38839472766013033,0.009694993102101531,0.38839472766013033,-0.01760968001087525,-152.10374449066123,114.61723238900214,0.5132771640628949,0.5132771640628949,0.7369243643927059,264.8122900606814,0.04386929025777741,0.5354464156338306,2.9905380087995326,-0.5866648960793674,0.03284582728366088,-0.42554696124533803,178.15565043805293,0.019594023319621432,1.0419447825376578,0.6477778595231404,RECONSTRUCTED - approximate only,0.019594023319621432,1.020493290885672
2026-06-09,EXC,CONTROL,control,45.33000183105469,45.33000183105469,45,0.2198719218193717,0.0029018096055611477,0.2198719218193717,0.006176897595116649,4.6216903793650195,16.71164774757845,0.35638487961096305,0.35638487961096305,0.7170925585070397,72.04440748744818,0.02779612333194311,0.6128211132900512,0.7549975795961679,0.07290431209108268,0.019413130771486094,0.1878244595800023,42.58332307586597,0.008902771492588382,1.127844442218415,0.6701243409201768,RECONSTRUCTED - approximate only,0.008902771492588382,1.1231653376236026
2026-06-09,AMCR,CONTROL,control,38.83000183105469,38.83000183105469,39,0.3610921978604697,0.015864581675372285,0.3610921978604697,-0.016997260648634077,-39.58407346971429,12.258469236640991,0.3058906098867378,0.3058906098867378,1.4306235664460165,155.33739470466904,0.0667009069213911,0.48277896574714424,0.7113718855006823,-0.6379827864157812,0.04558322327069358,-0.46123413453900747,88.26829261591244,0.01067162107365166,2.4230588351041336,1.3487119381647383,RECONSTRUCTED - approximate only,0.01067162107365166,2.4177290754088956
2026-06-09,NTNX,CONTROL,control,50.7400016784668,50.7400016784668,51,0.529207282267611,-0.015043371306677685,0.529207282267611,-0.02128501764541766,-69.59952895381271,-29.90761234324203,-0.11246254307174969,-0.11246254307174969,-0.660463372311729,-139.30669064264632,-0.04769416443810616,0.4920168628012298,1.383083210530863,-0.5943628010309576,-0.028182898263139973,-0.4145482349166799,-101.91103323972857,-0.006461680405901121,-0.9450727840816778,-0.7885745770432225,RECONSTRUCTED - approximate only,-0.006461680405901121,-0.9801117981389657
2026-06-09,O,CONTROL,control,61.25,61.25,61,0.19025751797519702,0.0038327505976793598,0.19025751797519702,0.014040826291454082,42.0247231612287,58.51119360818394,0.8843056235818875,0.8843056235818875,1.2226731549683647,29.81720869979485,0.015020378268494897,0.5811352518470042,0.8081607093263727,0.5674552439531391,0.02400001992984694,0.6695688859803669,84.4894513051233,0.016766239930139877,0.5105656694880328,1.1879596150182992,RECONSTRUCTED - approximate only,0.016766239930139877,0.4837046886036638
2026-06-09,DOV,CONTROL,control,220.97000122070312,220.97000122070312,221,0.21559121185474905,0.008881068260618054,0.21559121185474905,-0.03262889385001129,-253.52009746463,137.24089314423736,0.6408855091617751,0.6408855091617751,-0.7392754301224153,-57.72291791661669,0.0075123485221479285,0.5169494425051474,2.7226742639515322,-0.9445384434613491,-0.01602031282692596,-0.8698620818433754,-219.74333045828527,0.013112652342158703,-0.11287731510179079,-0.8463093404563089,RECONSTRUCTED - approximate only,0.013112652342158703,-0.20282927992250796
2026-06-09,FOUR,CONTROL,control,38.11000061035156,38.11000061035156,38,0.5960133888138908,0.003186376324242381,0.5960133888138908,-0.06507477046753714,-110.28959473223568,3.0130346969631585,0.13948365200656657,0.13948365200656657,1.497830994234283,175.7500891701073,0.08370502691208319,0.5350250082182,1.3267010430307309,-0.8692582725951827,0.0805562751418675,-0.7594824439459453,174.21451409145874,0.008734829055514044,1.51001455908577,1.445507020816951,RECONSTRUCTED - approximate only,0.008734829055514044,1.498381125072519
2026-06-09,TXT,CONTROL,control,93.27010345458984,93.27010345458984,93,0.31158676322238954,0.005578061010654713,0.31158676322238954,-0.021009809409314396,-113.05549749145261,60.164286348486044,0.4670360937820453,0.4670360937820453,-0.3596444230830637,-66.01307751366059,0.005037996011320644,0.5441949400357644,1.788393834082541,-0.6981100535182546,-0.004825809590580821,-0.552519057289567,-80.28659586769818,0.014683472245733827,-0.27563185339170915,-0.49464737351597743,RECONSTRUCTED - approximate only,0.014683472245733827,-0.3644014910988386
2026-06-09,JBHT,CONTROL,control,287.19000244140625,287.19000244140625,287,0.33433631718532947,0.002706731245277464,0.33433631718532947,-0.02242418742525749,-352.0553733824854,-139.23510251485817,-0.15702153043577688,-0.15702153043577688,-0.02347511832909524,-528.3789161769904,-0.025662436207859143,0.5231872151670672,5.5357728152822006,-0.7121660118806625,0.007555913826070527,-0.5617009586394739,-69.00325573158713,-0.0060910527470888695,-0.8969815697675015,-0.16324259570841126,RECONSTRUCTED - approximate only,-0.0060910527470888695,-0.9504060769468594
2026-06-09,PEGA,CONTROL,control,34.15999984741211,34.15999984741211,34,0.4014760871587713,-0.014525836723571679,0.4014760871587713,-0.036592506018254485,-64.3254115357206,-30.731110113222726,-0.25680232472327014,-0.25680232472327014,-0.8264807959609256,-89.27837918273572,-0.052985988916160305,0.5515143084099695,0.8556495273906215,-0.7966148436958186,-0.04098365140903147,-0.670083947841074,-77.03839600773834,-0.012716723876103037,-0.9770587183852878,-0.9080106138638324,RECONSTRUCTED - approximate only,-0.012716723876103037,-0.9937182881723483
2026-06-09,HUBB,CONTROL,control,486.4700012207031,486.4700012207031,486,0.309866773036888,0.004453340345021094,0.309866773036888,-0.03881021406342992,-760.6150932977215,-124.74357799087326,-0.04246907223831188,-0.04246907223831188,-0.6839630322055448,702.5353140343558,0.03326000089456835,0.5264414029112751,8.795684482283917,-0.9012396483764112,-0.019692861940564653,-0.8034541195228876,-660.7695325613249,-0.001477865344311368,0.9475845024395125,-0.7998784312470555,RECONSTRUCTED - approximate only,-0.001477865344311368,0.9210514196942851
2026-06-09,KEY,CONTROL,control,22.100000381469727,22.100000381469727,22,0.23731802513194444,0.00734281049516134,0.23731802513194444,-0.005429902134029645,-13.164375788453302,3.9579086566977404,0.26182023616572164,0.26182023616572164,1.0882881378215117,33.7904486925082,0.029411746937130424,0.5728378047522161,0.3535222266783027,-0.39893897068096035,0.027149338059415204,-0.2480050577071372,31.71451207949018,0.006833695367497842,1.1501002749334532,1.043112702918915,RECONSTRUCTED - approximate only,0.006833695367497842,1.1409386381971958
2026-06-09,EOG,CONTROL,control,137.3300018310547,137.3300018310547,137,0.30466301415140123,-0.00563677003593954,0.30466301415140123,0.0214810814017997,136.73675137924957,-116.30137292543503,-0.37030640531913606,-0.37030640531913606,-0.3689359933513194,-262.18036405058325,-0.038447525732886866,0.5401637629321117,2.545454674297048,0.5433116699810513,-0.004951634205953539,0.6760918001184739,-115.96998237826185,-0.014566581303143939,-0.9735653606400361,-0.505331796602606,RECONSTRUCTED - approximate only,-0.014566581303143939,-0.9924239289923705
2026-06-09,SNPS,CONTROL,control,465.2699890136719,465.2699890136719,465,0.4157845241915112,0.004920981917297675,0.4157845241915112,-0.010166098352436419,-406.9546218290372,-547.7554845559071,-0.415780452485428,-0.415780452485428,-0.6653020296286906,-1081.4444944354866,-0.03630146910327171,0.5221395863780784,11.039695873304026,-0.45667904121284075,-0.024458861809159103,-0.2815272663920151,-809.4465054773419,-0.022151717280013486,-0.9246512688408675,-0.7854803023329393,RECONSTRUCTED - approximate only,-0.022151717280013486,-0.9678464392630433
2026-06-09,CINF,CONTROL,control,162.93704223632812,162.93704223632812,163,0.1820353023625349,0.005793580222386856,0.1820353023625349,0.015870028043942063,126.75245918938082,14.9289762358081,0.20663460428514321,0.20663460428514321,2.112041960608584,572.1031745684575,0.04858683667217881,0.5140869054666057,1.6852016507692582,0.7706736516743738,0.03161803225662052,0.9051203277656644,319.97356035090235,0.003921805135570362,3.6869252619159774,2.0837083346045486,RECONSTRUCTED - approximate only,0.003921805135570362,3.686852300054065
2026-06-09,EA,CONTROL,control,202.47999572753906,202.47999572753906,202,0.15,0.0,0.032547921248245786,0.003555912860013946,6.662706674611786,-58.03039881894108,-0.18840429320939756,-0.18840429320939756,0.021438852127868214,-68.96275843230013,0.0026669723247550875,0.5678108250170554,2.0334636698270145,0.004967884567156583,0.0039016621967185613,0.14648246573860108,-17.49309964041289,-0.0035433131472266664,-0.244996142536165,-0.08952416883933277,RECONSTRUCTED - approximate only,-0.0035433131472266664,-0.32147150397286456
2026-06-09,KNX,CONTROL,control,80.3499984741211,80.3499984741211,80,0.4966393855482388,0.0030975096374161164,0.4966393855482388,-0.013690087056758045,-93.93133990241586,-55.54347522190551,-0.13084826014282874,-0.13084826014282874,0.06865039729440624,-228.25625976094682,-0.03746113495198039,0.5445102073493825,2.418281819871261,-0.4631937830781155,0.014810236017484464,-0.29794325411344325,-9.711297466832491,-0.007534592604368676,-0.882633803084247,-0.05803959653554502,RECONSTRUCTED - approximate only,-0.007534592604368676,-0.9394532105278061
2026-06-09,PNFP,CONTROL,control,95.19999694824219,95.19999694824219,95,0.22942486666956521,0.0029018425276803755,0.22942486666956521,-0.021953743748824937,-103.20608742433267,-79.88909215725643,-0.5048537261094673,-0.5048537261094673,0.3204337004870612,168.88781181503163,0.03203784820934418,0.5446905759285601,1.3558936383239484,-0.8103686505170274,0.012184912807718254,-0.685872390483691,26.416095136286255,-0.016224033784098615,1.4264955909187589,0.21363671940486123,RECONSTRUCTED - approximate only,-0.016224033784098615,1.4180998015290094
2026-06-09,DOV,CONTROL,control,220.97000122070312,220.97000122070312,221,0.21559121185474905,0.008881068260618054,0.21559121185474905,-0.03262889385001129,-253.52009746463,137.24089314423736,0.6408855091617751,0.6408855091617751,-0.7392754301224153,-57.72291791661669,0.0075123485221479285,0.5169494425051474,2.7226742639515322,-0.9445384434613491,-0.01602031282692596,-0.8698620818433754,-219.74333045828527,0.013112652342158703,-0.11287731510179079,-0.8463093404563089,RECONSTRUCTED - approximate only,0.013112652342158703,-0.20282927992250796
2026-06-09,REGN,CONTROL,control,616.1799926757812,616.1799926757812,616,0.43135455708808057,0.020986612181571943,0.43135455708808057,-0.02358072062454008,-858.5372668364516,-509.6438590817865,-0.25001511221135386,-0.25001511221135386,-0.37680404207635587,-889.3423865616595,-0.0023532283168340566,0.5202619860494717,15.061399586123628,-0.6542161166645442,-0.006556490109002106,-0.49385448224405776,-691.0576389821974,-0.012800984432353084,-0.5153839832911474,-0.5221547042489375,RECONSTRUCTED - approximate only,-0.012800984432353084,-0.6192450627938358
2026-06-09,FIX,CONTROL,control,1831.56005859375,1831.56005859375,1832,0.47771093703622647,0.01320710817350313,0.47771093703622647,-0.061193777184163835,-4318.359425961111,-2345.9477354574324,-0.39869014830661825,-0.39869014830661825,0.32467253001526647,3009.8169991841605,0.044977986075843066,0.5175247350035121,48.97378819584162,-0.9151461359769251,0.025142460680852085,-0.8226358769495637,1019.5042712492741,-0.02394360314973661,0.7524658673464872,0.1956817470581381,RECONSTRUCTED - approximate only,-0.02394360314973661,0.711220908710415
2026-06-09,ODFL,CONTROL,control,248.72999572753906,248.72999572753906,249,0.4089472167633589,0.0023076285854618534,0.4089472167633589,-0.05138101153387303,-491.2451325977558,0.47498030578888684,0.10859745792972218,0.10859745792972218,-0.49176732591831257,-587.6875017300877,-0.0687894540435485,0.5104076159226324,5.603575869834188,-0.9108806500710201,-0.011980845811630114,-0.815098644111549,-319.12303320177233,0.0046449385571501675,-0.9962656090199683,-0.6345601801550934,RECONSTRUCTED - approximate only,0.0046449385571501675,-0.9995691077192428
2026-06-09,NSC,CONTROL,control,312.32000732421875,312.32000732421875,312,0.24221187971706887,0.0008712274953410795,0.24221187971706887,-0.010854298696651646,-225.8995955802842,69.4345625472149,0.27102522045437066,0.27102522045437066,-0.03970707966918214,-309.70766121190206,-0.00483481599069464,0.5302590724347763,4.491826001105636,-0.5833657270882503,0.005090920532158073,-0.4210720716275585,-63.16220283522692,0.006834284441525391,-0.61747107825119,-0.1746838296017085,RECONSTRUCTED - approximate only,0.006834284441525391,-0.7142339047719897
2026-06-09,PANW,CONTROL,control,260.5199890136719,260.5199890136719,261,0.533937353767566,-0.003867378182056103,0.533937353767566,0.01036393490285905,5.129283638825023,-282.70282691843835,-0.28591929041532327,-0.28591929041532327,1.5802320142737953,1021.2943255445525,0.07438970405374712,0.5099901129516624,7.572259524911587,-0.07253549526710609,0.07331493516420068,0.11420060512032698,1059.740462308106,-0.018017335089464934,1.526787441339248,1.519192252642073,RECONSTRUCTED - approximate only,-0.018017335089464934,1.510605954181652
2026-06-09,GNRC,CONTROL,control,260.989990234375,260.989990234375,261,0.6441095553629709,0.007935556942039904,0.6441095553629709,-0.08383459305996642,-840.4063559876582,-395.634974932262,-0.33629029566235463,-0.33629029566235463,-0.16889389124153445,-254.50118438224945,0.017893457996379845,0.5218988562573963,9.400661323181069,-0.9223891150807145,0.0052492247536283405,-0.8343195140498509,-246.13946898781586,-0.0261567528568097,-0.17825685558601811,-0.3178656225858019,RECONSTRUCTED - approximate only,-0.0261567528568097,-0.27573359356299904
2026-06-09,AVTR,CONTROL,control,9.90999984741211,9.90999984741211,10,0.47539309409632036,-0.012383889654857474,0.47539309409632036,-0.02623614862615081,-14.67224164828162,15.513962011133707,0.8987738157578328,0.8987738157578328,-0.8915197641894862,-23.03515721051679,-0.0343087949367303,0.4642062839274092,0.22304561639793796,-0.7004385981273296,-0.05247220101876669,-0.5258204772654909,-22.421165820765264,0.035527707777438515,-0.920496201229215,-0.9565945977349777,RECONSTRUCTED - approximate only,0.035527707777438515,-0.9678618690919828
2026-06-10,FN,CONTROL,control,580.25,580.25,580,0.8891682886712817,-0.01409557980482082,0.8891682886712817,0.003429539395734597,-393.23672480807323,-161.6387669793783,0.04680467642221085,0.04680467642221085,1.102472398563028,-1355.2031243099777,0.0071176301297931925,0.5290393491892672,28.871370791815423,-0.2202096346001279,0.0953554796895196,-0.03763444695301704,2733.8257857140984,0.004344531810246942,-0.38836119882898257,1.017557129896158,RECONSTRUCTED - approximate only,0.004344531810246942,-0.49327363779980526
2026-06-10,GWRE,CONTROL,control,116.58999633789062,116.58999633789062,117,0.7623183415556312,-0.022568509676144433,0.7623183415556312,0.016553738449244206,15.099659580671243,-249.7631686138556,-0.443405192962259,-0.443405192962259,0.1576269586442346,-440.54266311429046,-0.04648767766693775,0.5114143360988829,4.766817278229276,-0.048546956770733854,0.029505125220492714,0.1414776770403374,22.412823665813775,-0.04198850237050372,-0.8646936728961324,0.0097106135340919,RECONSTRUCTED - approximate only,-0.04198850237050372,-0.9296628621745853
2026-06-10,PII,CONTROL,control,66.51000213623047,66.51000213623047,67,0.5222644089870347,-0.007773152526826431,0.5222644089870347,0.043301716447384196,131.49616308448736,-103.70396533594595,-0.5216691566764372,-0.5216691566764372,1.0740572641826585,14.819644853463064,0.03187483159067078,0.4792372269475117,1.719382542847228,0.741285919653172,0.054127174236851226,0.9182610297603961,156.94412902664976,-0.03510805394213238,0.20395002245992708,0.962053584361416,RECONSTRUCTED - approximate only,-0.03510805394213238,0.10891636309434351
2026-06-10,IDA,CONTROL,control,141.64999389648438,141.64999389648438,142,0.21058255458527422,0.012330689165422562,0.21058255458527422,-0.0006353430410762526,-33.291602644795454,-33.554651506923236,-0.11457538593013214,-0.11457538593013214,0.18279407578722326,-80.12688101502191,0.002117917858697898,0.4851778260878171,1.5444181968007058,-0.3095676903659171,0.009107014475867843,-0.11278251959603003,10.075315238742643,-0.0026755254951666713,-0.4319984749856879,0.030894532253106666,RECONSTRUCTED - approximate only,-0.0026755254951666713,-0.5463128684954094
2026-06-10,HUBB,CONTROL,control,467.5899963378906,467.5899963378906,468,0.30961839732122465,-0.006536873122292574,0.30961839732122465,0.0036998460186859553,-54.380087290909536,-605.0399483242365,-0.6874693170863883,-0.6874693170863883,1.8108540471241255,3051.7992184454492,0.08828246776577114,0.5093190517667783,8.01677432343459,-0.14852095680445285,0.0473492051195181,0.03556707585290583,1297.6670384705226,-0.032485695812956024,4.114093294974536,1.7662822375330796,RECONSTRUCTED - approximate only,-0.032485695812956024,4.1140520162255605
2026-06-10,ESAB,CONTROL,control,82.91999816894531,82.91999816894531,83,0.4033004515516341,-0.011867122648289668,0.4033004515516341,0.07513270012669654,411.0252902283264,-155.90821825969726,-0.7758193797132973,-0.7758193797132973,6.452511115555609,1344.9638313000087,0.19621327341700642,0.5111003938126284,1.8471083690611607,2.3977544812601552,0.16642551081152948,2.455025784510847,1112.485208194667,-0.051584148695965185,7.777362132473844,6.452443031713214,RECONSTRUCTED - approximate only,-0.051584148695965185,7.777362132210847
2026-06-10,WEC,CONTROL,control,114.01000213623047,114.01000213623047,114,0.2011974373310374,0.007957573280470375,0.2011974373310374,-0.008244912058531862,-64.92773778176692,-14.07592700118131,0.003928203187841051,0.003928203187841051,-0.2546480833641423,-122.93340544505946,-0.012893616289442935,0.5205346115353409,1.327117997009836,-0.5666601079412471,-8.773033982156412e-05,-0.39941363977492844,-46.676245132076716,8.7738037109375e-05,-0.8594978046938028,-0.39889917333829383,RECONSTRUCTED - approximate only,8.7738037109375e-05,-0.9243639996627093
2026-06-10,GLPI,CONTROL,control,47.58074951171875,47.58074951171875,48,0.16986714424214547,0.003764070517099198,0.16986714424214547,-0.011154727071449004,-21.111057350633953,13.015148941545934,0.6318514829307671,0.6318514829307671,-0.9066606820635116,-31.346236191519672,-0.04877500279002467,0.37433166794498945,0.28615480284670625,-0.8015946006592045,-0.017669915709185788,-0.6234942968870403,-28.808852357317775,0.008541663487752286,-0.9999993339128146,-0.9689557889421713,RECONSTRUCTED - approximate only,0.008541663487752286,-0.9999999991944472
2026-06-10,ALL,CONTROL,control,223.33999633789062,223.33999633789062,223,0.2634997085901988,0.014458121163698049,0.2634997085901988,-0.01688004421728505,-216.81105669425443,139.9373685733551,0.5262506356893204,0.5262506356893204,-0.44788248100510464,-261.4282739460571,-0.0075221308468170316,0.534375424327763,3.5314806764937714,-0.6871540084160243,-0.006850536421529008,-0.5371125611589505,-186.87519783085125,0.01370728446476364,-0.6701034965380235,-0.5838422590620382,RECONSTRUCTED - approximate only,0.01370728446476364,-0.7628822013454964
2026-06-10,COST,CONTROL,control,983.3699951171875,983.3699951171875,983,0.24176229281481915,0.009136967489402074,0.24176229281481915,-0.007809870866424017,-582.0177602510987,177.24887574720165,0.24153729350792422,0.24153729350792422,-0.38577634297211283,-1306.9935283826294,-0.018080649552053827,0.5225764595588815,13.791772308909572,-0.508523323368752,-0.00398627467750743,-0.3379589597594253,-644.6689741104385,0.0060668610461711995,-0.8912833407121808,-0.528081034458626,RECONSTRUCTED - approximate only,0.0060668610461711995,-0.9465656529142413
2026-06-10,NVST,CONTROL,control,24.059999465942383,24.059999465942383,24,0.421668049142256,-0.013826764964542241,0.421668049142256,0.018287636900426806,13.698181361740536,-16.424416930127155,-0.1592231186142918,-0.1592231186142918,0.4308594192903582,22.44005286845895,0.03325025611665554,0.5352113760449387,0.6019381831054886,0.21013988392794772,0.025768946508541172,0.36754190629872685,17.3189380909899,-0.007835073569386276,0.5204142487641554,0.3210820655561066,RECONSTRUCTED - approximate only,-0.007835073569386276,0.4751140196565554
2026-06-10,KEYS,CONTROL,control,324.0,324.0,324,0.363049698832697,-0.00250425909123304,0.363049698832697,0.04947530487437307,958.3697660713723,-337.3005954332275,-0.4264890237637436,-0.4264890237637436,3.9822996190455417,1845.6280689106256,0.08240744508342979,0.5176318577333417,6.651309566705066,1.5312931866048127,0.10166667420187114,1.62402978722813,2448.5001219290866,-0.01996372045271248,3.0281985435990806,3.9793780344069942,RECONSTRUCTED - approximate only,-0.01996372045271248,3.027621608073474
2026-06-10,KEYS,CONTROL,control,324.0,324.0,324,0.363049698832697,-0.00250425909123304,0.363049698832697,0.04947530487437307,958.3697660713723,-337.3005954332275,-0.4264890237637436,-0.4264890237637436,3.9822996190455417,1845.6280689106256,0.08240744508342979,0.5176318577333417,6.651309566705066,1.5312931866048127,0.10166667420187114,1.62402978722813,2448.5001219290866,-0.01996372045271248,3.0281985435990806,3.9793780344069942,RECONSTRUCTED - approximate only,-0.01996372045271248,3.027621608073474
2026-06-10,GBCI,CONTROL,control,47.88999938964844,47.88999938964844,48,0.2593390286500055,0.003975698327456033,0.2593390286500055,0.01921073283290622,39.54394401825492,-11.963223625918072,-0.06608715499909402,-0.06608715499909402,1.230033274095618,-26.814080396863865,0.0054291530495752935,0.49233058120216894,0.6550583849224552,0.596952767435548,0.03006895927665246,0.7615958798621554,68.69505909412118,-0.0018757847737923459,-0.3047297122327128,1.1465194949799824,RECONSTRUCTED - approximate only,-0.0018757847737923459,-0.41494857849538497
2026-06-10,CB,CONTROL,control,329.5517578125,329.5517578125,330,0.19244458788943344,0.011718426356533718,0.19244458788943344,-0.008016204094695388,-170.8622967041911,48.04884516926928,0.25632048665284635,0.25632048665284635,-0.5786377853273011,-262.243027696573,-0.004830095181369107,0.49932339464600706,3.4388369791007847,-0.5880228549539883,-0.0078948011770249,-0.41376879736924005,-224.72326609141587,0.004985663399669617,-0.6934861661612562,-0.7151186587077663,RECONSTRUCTED - approximate only,0.004985663399669617,-0.7910649081884675
2026-06-10,ROIV,CONTROL,control,28.40999984741211,28.40999984741211,28,0.5231519573391608,-0.006540400402716484,0.5231519573391608,0.04646250270728033,73.06196024315713,-35.22816441449135,-0.23434783505792428,-0.23434783505792428,1.0154419510492605,193.09194084916794,0.09820489019754385,0.5987480672388265,1.0516107552322413,0.7615907991333127,0.05702220513672286,0.8496046096621188,89.62961176623187,-0.01559254169863205,2.051069575455705,0.9723666161812814,RECONSTRUCTED - approximate only,-0.01559254169863205,2.0502960147486853
2026-06-10,OKTA,CONTROL,control,114.91999816894531,114.91999816894531,115,0.9725383848329482,-0.021340426626637998,0.9725383848329482,0.022450416569462478,30.134202677207067,-177.56468363736266,-0.19475582332806202,-0.19475582332806202,0.0496736088225103,-423.13353189243657,-0.01644621841074106,0.5276220679019071,6.1843344542280505,-0.024162326557792924,0.02784549798662851,0.158767111540773,-33.95951454412538,-0.02112438947785633,-0.6127369761783912,-0.0964893792602169,RECONSTRUCTED - approximate only,-0.02112438947785633,-0.7149342718554453
2026-06-10,JNJ,CONTROL,control,238.49000549316406,238.49000549316406,238,0.19398196952881394,0.007805932926226266,0.19398196952881394,-0.0006709030081931934,-58.404079523826894,-48.97286752073638,-0.06617622751763838,-0.06617622751763838,-0.6541556163073812,-286.62847608792697,-0.017988211019789847,0.5500109934159916,2.927096693131233,-0.2606856421680888,-0.011866333036483599,-0.1000923998309643,-212.47475735353547,-0.001507224622784984,-0.920824449692251,-0.7690172718609222,RECONSTRUCTED - approximate only,-0.001507224622784984,-0.9642943121167089
2026-06-10,AVGO,CONTROL,control,371.51202392578125,371.51202392578125,372,0.6140217140066258,-0.02718276799819111,0.6140217140066258,0.03619990494266906,551.190414715664,-524.2972599532619,-0.3339017325266524,-0.3339017325266524,0.9226941607353151,716.2352343726726,0.055898918538035997,0.5152983055479616,12.535688611207263,0.40184438454435933,0.05869387678657592,0.5691936810855385,972.1707487118549,-0.02463956460415309,0.7077831072438427,0.8256417495228171,RECONSTRUCTED - approximate only,-0.02463956460415309,0.6608041952071305
2026-06-10,SRE,CONTROL,control,90.38406372070312,90.38406372070312,90,0.2326166059293387,0.007483204476627243,0.2326166059293387,0.005602516118249455,5.236063244203416,-41.51515243233126,-0.19521382462028744,-0.19521382462028744,0.2054855917853186,-106.36983409548398,-0.008568628543355938,0.5706628042302249,1.4088180415063007,0.013131788161031646,0.009886872595346262,0.15409889373958452,12.11354143772877,-0.005680002786749857,-0.6797908526672984,0.10576506228643183,RECONSTRUCTED - approximate only,-0.005680002786749857,-0.764345131394026
2026-06-10,CRUS,CONTROL,control,157.8699951171875,157.8699951171875,158,0.4473449992985577,-0.00969105580362208,0.4473449992985577,0.03205167362447623,228.37320912508721,-220.07401571510877,-0.48347733180065233,-0.48347733180065233,1.1962027211780335,-83.51187223082103,0.015202440169152483,0.5132291074811599,3.9115440780028763,0.5680322566157994,0.05111805646303056,0.7233343541847866,404.08952788088317,-0.028372727299193327,-0.11597636069131642,1.1191600993440116,RECONSTRUCTED - approximate only,-0.028372727299193327,-0.21125113051994915
2026-06-10,XYZ,CONTROL,control,66.62999725341797,66.62999725341797,67,0.42707301122437347,-0.02167232884890883,0.42707301122437347,0.03692029394983149,114.6326348234407,-23.61996295138079,-0.05934413568623847,-0.05934413568623847,4.182411878814709,405.63453068787095,0.0932012507948002,0.4809187680534225,1.4273181541619202,0.7910595795297571,0.11586374814546621,0.9602537014528555,551.5418967257773,-0.0026942121202431905,3.106360960211249,4.176107191524383,RECONSTRUCTED - approximate only,-0.0026942121202431905,3.104594379173668
2026-06-10,CVX,CONTROL,control,189.8000030517578,189.8000030517578,190,0.2632270863393231,0.01301139433521116,0.2632270863393231,-0.02096941866989186,-194.2410960437869,1.6422229687151357,0.1165202071963741,0.1165202071963741,-0.9773762506958332,-290.15577303862256,-0.0643835670401479,0.5062394184076191,2.751233228341121,-0.7758971166555443,-0.0495258640892123,-0.6329363101847673,-284.26638394646585,0.0032242750805000116,-0.9999092619841936,-0.9949854262144788,RECONSTRUCTED - approximate only,0.0032242750805000116,-0.9999982769985359
2026-06-10,XEL,CONTROL,control,77.515380859375,77.515380859375,78,0.2632889747867344,0.010658681324668315,0.2632889747867344,0.0021766526615496547,-11.681084354538262,-33.62066844755725,-0.257700112660864,-0.257700112660864,0.8496747798833759,-63.61671165882368,-0.0007144617531172934,0.4497067920786489,0.9373333067147058,-0.23359582145826188,0.023667788178379418,-0.01131711442699973,64.98737168356952,-0.007623869090054662,-0.5945576861777648,0.7070362505910706,RECONSTRUCTED - approximate only,-0.007623869090054662,-0.714384582884221
2026-06-10,GILD,CONTROL,control,120.68683624267578,120.68683624267578,121,0.22978394597886295,0.0011155762526375542,0.22978394597886295,0.03613762602596363,263.4542482055916,-127.97625371575879,-0.8228427518154084,-0.8228427518154084,1.472735377343487,274.8962069161694,0.03946711053050305,0.4858830473924753,1.436726386168587,1.9558586599384034,0.029938367112521822,2.045010941499331,185.34492490328125,-0.03311044295545885,2.1288415663122087,1.3997848692847665,RECONSTRUCTED - approximate only,-0.03311044295545885,2.1217323822899954
2026-06-10,EXC,CONTROL,control,45.61000061035156,45.61000061035156,46,0.22228848794598624,0.0,0.22228848794598624,-0.002192551797415741,-13.080333053606035,6.639759841804839,0.31105251163473097,0.31105251163473097,0.3250987124463711,-31.223342062029445,-0.0010962340800582918,0.40902767945590757,0.40612605982044414,-0.43758629685064543,0.012497252514722675,-0.20006939299415763,7.181690019957267,0.006176897595116649,-0.670315114921891,0.11922380564663078,RECONSTRUCTED - approximate only,0.006176897595116649,-0.7913487948413244
2026-06-10,BALL,CONTROL,control,54.720001220703125,54.720001220703125,55,0.2986471302329424,0.004060561451899963,0.2986471302329424,0.02960524297780616,78.19733476514139,5.929371495192316,0.20091729296862507,0.20091729296862507,2.0808657119859673,175.5825226039376,0.0548245601804731,0.4683004822664239,0.7955604560015246,0.992973259133816,0.04806281423149746,1.1571179149363306,148.01257053700664,0.005882347166332156,2.445652598473212,2.024455775065763,RECONSTRUCTED - approximate only,0.005882347166332156,2.439058372718088
2026-06-10,AMAT,CONTROL,control,497.010009765625,497.010009765625,497,0.6290659704115346,0.007171365059038289,0.6290659704115346,0.1119293450629816,3658.2280950659215,-445.2549275300316,-0.16172239901804863,-0.16172239901804863,4.0916682806749405,7286.195323217622,0.19297392660111518,0.521849690281124,17.50360512947367,2.241241133349037,0.17860811208432456,2.306029690513226,6627.46380974929,-0.011495850516250782,4.487816153067793,4.088042652856579,RECONSTRUCTED - approximate only,-0.011495850516250782,4.487791346838659
2026-06-10,DTE,CONTROL,control,144.91676330566406,144.91676330566406,145,0.2365991057617742,0.00719427578170996,0.2365991057617742,-0.0019169729390514005,-47.90971529748219,-61.688102597732346,-0.22549648982985826,-0.22549648982985826,0.3643033043648689,-47.45171018127657,0.00766757587579161,0.5112181887673131,1.921831282152496,-0.33197858569139693,0.01348661956889694,-0.1500290660559755,45.99398839786807,-0.0063264807876276825,-0.14752046577917322,0.23923345275543184,RECONSTRUCTED - approximate only,-0.0063264807876276825,-0.24232484812265012
2026-06-10,FDX,CONTROL,control,318.0559997558594,318.0559997558594,318,0.39963501414376856,-0.01561377859187169,0.39963501414376856,0.058731388874309766,1149.7267617770574,-370.60040249194844,-0.43470251967480583,-0.43470251967480583,1.7950872610125654,14.303136279021256,0.020923984406536176,0.5192135309820298,7.199295842853502,1.7045628200476388,0.061080636753255764,1.7882154133750865,1154.426645869334,-0.02244469004117498,0.12807699182576093,1.752556316368682,RECONSTRUCTED - approximate only,-0.02244469004117498,0.05150646956899087
2026-06-10,OVV,CONTROL,control,57.6374397277832,57.6374397277832,58,0.3759061413949879,0.007421774375679048,0.3759061413949879,-0.024335461006191612,-69.47616653186509,35.66335983177497,0.474832590959063,0.474832590959063,-0.957397182071942,-111.74019407454459,-0.06987539933163059,0.4697063939485669,1.0528143385751463,-0.7398653685057115,-0.05773050243396306,-0.5763801593889172,-107.58448408044559,0.01631293338987023,-0.9989470680533203,-0.9882364454908407,RECONSTRUCTED - approximate only,0.01631293338987023,-0.999937207870789
2026-06-10,CVX,CONTROL,control,189.8000030517578,189.8000030517578,190,0.2632270863393231,0.01301139433521116,0.2632270863393231,-0.02096941866989186,-194.2410960437869,1.6422229687151357,0.1165202071963741,0.1165202071963741,-0.9773762506958332,-290.15577303862256,-0.0643835670401479,0.5062394184076191,2.751233228341121,-0.7758971166555443,-0.0495258640892123,-0.6329363101847673,-284.26638394646585,0.0032242750805000116,-0.9999092619841936,-0.9949854262144788,RECONSTRUCTED - approximate only,0.0032242750805000116,-0.9999982769985359
2026-06-10,BALL,CONTROL,control,54.720001220703125,54.720001220703125,55,0.2986471302329424,0.004060561451899963,0.2986471302329424,0.02960524297780616,78.19733476514139,5.929371495192316,0.20091729296862507,0.20091729296862507,2.0808657119859673,175.5825226039376,0.0548245601804731,0.4683004822664239,0.7955604560015246,0.992973259133816,0.04806281423149746,1.1571179149363306,148.01257053700664,0.005882347166332156,2.445652598473212,2.024455775065763,RECONSTRUCTED - approximate only,0.005882347166332156,2.439058372718088
2026-06-10,EME,CONTROL,control,776.719970703125,776.719970703125,777,0.3381795750541871,-0.01105369070311424,0.3381795750541871,0.044816742077892276,2053.2748299351747,-1322.3415452404258,-0.8381507730076732,-0.8381507730076732,3.4662876411105326,3272.265389260415,0.06537752499257413,0.5144364212754018,14.739765887189833,1.4751899513121913,0.08443199552404647,1.572525503750428,4705.067832252832,-0.051195331138255744,2.4430603324613998,3.4600058668606133,RECONSTRUCTED - approximate only,-0.051195331138255744,2.4407819992431192
2026-06-10,GILD,CONTROL,control,120.68683624267578,120.68683624267578,121,0.22978394597886295,0.0011155762526375542,0.22978394597886295,0.03613762602596363,263.4542482055916,-127.97625371575879,-0.8228427518154084,-0.8228427518154084,1.472735377343487,274.8962069161694,0.03946711053050305,0.4858830473924753,1.436726386168587,1.9558586599384034,0.029938367112521822,2.045010941499331,185.34492490328125,-0.03311044295545885,2.1288415663122087,1.3997848692847665,RECONSTRUCTED - approximate only,-0.03311044295545885,2.1217323822899954
2026-06-10,GBCI,CONTROL,control,47.88999938964844,47.88999938964844,48,0.2593390286500055,0.003975698327456033,0.2593390286500055,0.01921073283290622,39.54394401825492,-11.963223625918072,-0.06608715499909402,-0.06608715499909402,1.230033274095618,-26.814080396863865,0.0054291530495752935,0.49233058120216894,0.6550583849224552,0.596952767435548,0.03006895927665246,0.7615958798621554,68.69505909412118,-0.0018757847737923459,-0.3047297122327128,1.1465194949799824,RECONSTRUCTED - approximate only,-0.0018757847737923459,-0.41494857849538497
2026-06-10,NDSN,CONTROL,control,277.7829284667969,277.7829284667969,278,0.23769998169513237,-0.0006894162155110208,0.23769998169513237,0.025343670690481216,377.05076754612213,-339.9768429635863,-0.8655525872431405,-0.8655525872431405,2.714859762997304,705.0918211407686,0.041820660088102125,0.508719877202696,3.672189514304165,1.0676099367852714,0.04907194164698045,1.189804040892954,909.0786625330325,-0.039181821951984074,2.130132340562211,2.6986697293056148,RECONSTRUCTED - approximate only,-0.039181821951984074,2.1257939672158477
2026-06-10,CINF,CONTROL,control,165.52285766601562,165.52285766601562,166,0.18314686988824547,0.009033703335794122,0.18314686988824547,0.011236016167842307,70.34614966107395,39.72150254909991,0.38894055563944513,0.38894055563944513,0.9085791150177684,275.85341921079703,0.030283084736994162,0.4748821732740125,1.5221702307743357,0.4140700961477742,0.017484894963045644,0.6007202238555572,114.86444540467375,0.006775120281460903,2.021871664461794,0.7938733827507726,RECONSTRUCTED - approximate only,0.006775120281460903,2.011760447787952
2026-06-10,PSX,CONTROL,control,181.72000122070312,181.72000122070312,182,0.3396411647761157,0.010502820574371508,0.3396411647761157,-0.019920730205096864,-201.66559749952955,7.136826194607772,0.13170999393550256,0.13170999393550256,-0.9261962167286559,-353.85030331307473,-0.0800682531037764,0.5044563991567653,3.358008370016492,-0.6841908737879966,-0.0465551764089651,-0.5228209086784112,-330.3466752651463,0.004643942476863803,-0.9998728082582985,-0.9732242501124289,RECONSTRUCTED - approximate only,0.004643942476863803,-0.9999971465524836
2026-06-10,HWM,CONTROL,control,249.49000549316406,249.49000549316406,249,0.3704778734066584,-0.0015166225030465955,0.3704778734066584,0.06056355075420274,978.747960507314,-340.3888664262183,-0.5471329075739545,-0.5471329075739545,2.954197911593337,2682.560438377018,0.13523590023764911,0.5329396351265671,5.471149624626804,1.9281412222106784,0.08397128737413977,1.9908438911822703,1479.4600892870135,-0.0283521588658875,5.268924261599029,2.9453347420028755,RECONSTRUCTED - approximate only,-0.0283521588658875,5.268923932855717
2026-06-10,KNF,CONTROL,control,72.51000213623047,72.51000213623047,73,0.5003154405276725,0.007864706605331496,0.5003154405276725,0.047027940039336996,165.6007152736541,-146.83066772335107,-0.7426721628326907,-0.7426721628326907,3.3720336819537775,804.6137231240879,0.15101360675275574,0.48057054874389477,1.806625727295767,0.9124512246689996,0.11460484503891033,1.0777111906642265,559.3740090239712,-0.05696445946399162,4.800924367907932,3.354913272131646,RECONSTRUCTED - approximate only,-0.05696445946399162,4.800868203935459
2026-06-10,PODD,CONTROL,control,150.7100067138672,150.7100067138672,151,0.703661021183865,-0.0038218194851131447,0.703661021183865,-0.010085622750629726,-172.23499679590654,-364.3602977767875,-0.5551187885840727,-0.5551187885840727,-0.45681816565970984,-544.7436437948395,-0.04770753182339737,0.5154896252007013,5.787086345101116,-0.3903200354228539,-0.017052665448407,-0.2056559555326168,-310.31724947593864,-0.05213832255429442,-0.8832238055336237,-0.6026797520526955,RECONSTRUCTED - approximate only,-0.05213832255429442,-0.9420756748946368
2026-06-10,HSY,CONTROL,control,176.61000061035156,176.61000061035156,177,0.29648266530111694,0.0026160527948558858,0.29648266530111694,0.023951054373594356,196.2014176665519,-14.269354988703064,0.05625444419887221,0.05625444419887221,0.7685584314805763,-212.2511459044254,-0.007360868848112195,0.4960744406853939,2.785617411713332,0.6944684785528196,0.025479870813930813,0.8515832672123218,174.23025200474785,0.0017583525424145427,-0.6918809038145658,0.6572534183862073,RECONSTRUCTED - approximate only,0.0017583525424145427,-0.7908025517190637
2026-06-10,DOV,CONTROL,control,213.75999450683594,213.75999450683594,214,0.22479726381496898,-0.0004978078913150511,0.22479726381496898,0.022314766069608947,245.73686723620895,-231.60823011969563,-0.8139063831597013,-0.8139063831597013,1.656577501327033,376.24388717239077,0.03288734543390933,0.5041176801585302,2.637486394918639,0.9591206504206813,0.03232599101647337,1.0911973720694557,387.39919512925803,-0.032147089033299825,1.6120562122280477,1.6046564304191027,RECONSTRUCTED - approximate only,-0.032147089033299825,1.5999395129481198
2026-06-10,VRTX,CONTROL,control,435.7099914550781,435.7099914550781,436,0.23834909004185417,0.003364964077817259,0.23834909004185417,0.021413365019896907,465.58252791038626,-443.8005513185429,-0.6977436825667658,-0.6977436825667658,1.6154779305568077,1585.403800511336,0.053430031984237965,0.5101306502132367,5.800573924772806,0.8159763921066391,0.03385279265857903,0.9525160313360453,830.9106809554783,-0.025845681227318812,2.984658453110211,1.5646014247001523,RECONSTRUCTED - approximate only,-0.025845681227318812,2.984022845640054
2026-06-10,HSIC,CONTROL,control,78.8499984741211,78.8499984741211,79,0.27922791049786716,0.005872813043509762,0.27922791049786716,0.01737479737595267,54.58600927255048,-73.60943114020404,-0.5397225491754978,-0.5397225491754978,1.002380804264493,-4.8414427495704,0.014204220269574526,0.49799839028892084,1.1801066262327353,0.4341385749431681,0.028408343780814506,0.6037552167812057,99.27597550417019,-0.020496913364955356,0.07367419474203937,0.9081502597024751,RECONSTRUCTED - approximate only,-0.020496913364955356,-0.014799352645719945
2026-06-10,RTX,CONTROL,control,177.41000366210938,177.41000366210938,177,0.24584549345972767,0.007931275946076871,0.24584549345972767,0.038329310136924,438.26635012056926,-219.4704039046323,-0.7432546453925788,-0.7432546453925788,1.545111175845496,1199.2218769580222,0.08550813288881787,0.5450429970482601,2.7065201914679875,1.7553041777411527,0.03511637223910189,1.8148436836124568,368.9128846567446,-0.030546428075905054,4.774384943451267,1.507989980900756,RECONSTRUCTED - approximate only,-0.030546428075905054,4.774384536297612
2026-06-10,PII,CONTROL,control,66.51000213623047,66.51000213623047,67,0.5222644089870347,-0.007773152526826431,0.5222644089870347,0.043301716447384196,131.49616308448736,-103.70396533594595,-0.5216691566764372,-0.5216691566764372,1.0740572641826585,14.819644853463064,0.03187483159067078,0.4792372269475117,1.719382542847228,0.741285919653172,0.054127174236851226,0.9182610297603961,156.94412902664976,-0.03510805394213238,0.20395002245992708,0.962053584361416,RECONSTRUCTED - approximate only,-0.03510805394213238,0.10891636309434351
2026-06-10,LEN,CONTROL,control,89.8499984741211,89.8499984741211,90,0.37172379919254384,-0.009831418071708398,0.37172379919254384,0.05676125276273669,311.9761955602305,-91.35633910832962,-0.4173211660878622,-0.4173211660878622,-0.2851495733086729,-184.03126056930714,-0.037506902330756715,0.5047724093716468,1.8139875629521782,1.8368116564741692,-0.0011129490909217506,1.9231610482337105,-68.57936468801185,-0.019639967504523737,-0.9551007567457496,-0.4385999619255583,RECONSTRUCTED - approximate only,-0.019639967504523737,-0.9847179362336652
2026-06-10,FIX,CONTROL,control,1719.47998046875,1719.47998046875,1719,0.4665415051626602,-0.006584582655187169,0.4665415051626602,0.07207996887685486,7778.695284710179,-3648.5326054610928,-0.7411791077049161,-0.7411791077049161,4.1610073549514635,15494.666523373107,0.12346176836826404,0.5205233978460411,45.35681135387301,1.8321700962030842,0.13523858474880696,1.910828513195724,17474.484322319375,-0.05497115665361363,3.701535299150751,4.158474901474079,RECONSTRUCTED - approximate only,-0.05497115665361363,3.7014115864023096
2026-06-10,PII,CONTROL,control,66.51000213623047,66.51000213623047,67,0.5222644089870347,-0.007773152526826431,0.5222644089870347,0.043301716447384196,131.49616308448736,-103.70396533594595,-0.5216691566764372,-0.5216691566764372,1.0740572641826585,14.819644853463064,0.03187483159067078,0.4792372269475117,1.719382542847228,0.741285919653172,0.054127174236851226,0.9182610297603961,156.94412902664976,-0.03510805394213238,0.20395002245992708,0.962053584361416,RECONSTRUCTED - approximate only,-0.03510805394213238,0.10891636309434351
2026-06-10,HUBB,CONTROL,control,467.5899963378906,467.5899963378906,468,0.30961839732122465,-0.006536873122292574,0.30961839732122465,0.0036998460186859553,-54.380087290909536,-605.0399483242365,-0.6874693170863883,-0.6874693170863883,1.8108540471241255,3051.7992184454492,0.08828246776577114,0.5093190517667783,8.01677432343459,-0.14852095680445285,0.0473492051195181,0.03556707585290583,1297.6670384705226,-0.032485695812956024,4.114093294974536,1.7662822375330796,RECONSTRUCTED - approximate only,-0.032485695812956024,4.1140520162255605
2026-06-10,VRSN,CONTROL,control,288.0899963378906,288.0899963378906,288,0.29788430278032013,-0.0003522705919736914,0.29788430278032013,-0.029574053670642142,-384.7245308262286,194.99525787863908,0.524969939288064,0.524969939288064,-0.9677219568518508,-518.2164444143122,-0.08042619738514277,0.5205144605795533,4.923117671692637,-0.8374569052080237,-0.05251832786677899,-0.7145522440637582,-503.1310380878474,0.015152005579816224,-0.9999766705098115,-0.9914992209702108,RECONSTRUCTED - approximate only,0.015152005579816224,-0.9999997709197813
2026-06-10,BKH,CONTROL,control,71.94000244140625,71.94000244140625,72,0.2684445215760077,0.026704006951776552,0.2684445215760077,-0.002224126448142602,-27.498902538637804,143.95176409164813,1.5324463094335385,1.5324463094335385,0.9096074277300205,-56.67372242305427,0.0013900260039960463,0.5087589164257372,1.0713172560636508,-0.3358502841389508,0.02585488667263387,-0.1521563132268599,80.56225012859339,0.033769309199346585,-0.43881590492687245,0.8172984390274793,RECONSTRUCTED - approximate only,0.033769309199346585,-0.5452665733314092
2026-06-10,BIIB,CONTROL,control,194.24000549316406,194.24000549316406,194,0.3594201827941902,0.005575090790175333,0.3594201827941902,0.029448110888281614,281.32195625215553,-267.0616371863856,-0.5822284062195329,-0.5822284062195329,0.4517421285863446,69.56801507473224,0.02280679855076073,0.5275019536071086,4.069127628286722,0.7024388384717797,0.022652356734201313,0.8363702236619505,132.63737946484875,-0.02981869547227593,0.2885897021063529,0.339854602603422,RECONSTRUCTED - approximate only,-0.02981869547227593,0.22703961909982734
2026-06-10,AFL,CONTROL,control,117.11000061035156,117.11000061035156,117,0.19073485003034993,0.007179325548592465,0.19073485003034993,-0.005635758335492964,-54.80512280312666,22.14600220107513,0.28847051223025894,0.28847051223025894,-0.29949813403458847,-108.92819014014601,-0.007428936402081533,0.5339039735694465,1.3471076205665184,-0.4791629425509309,-0.001280860089634799,-0.3128265406428046,-53.09941698249264,0.005754020567652102,-0.7357448654941058,-0.43779027941194804,RECONSTRUCTED - approximate only,0.005754020567652102,-0.8220472635441322
2026-06-10,L,CONTROL,control,108.05000305175781,108.05000305175781,108,0.24742853139718674,0.007480159650167818,0.24742853139718674,-0.0062933853398416785,-59.139659524981575,-1.4204007683479614,0.10444756311768481,0.10444756311768481,-0.16670530518328244,-102.6038677036147,-0.003424365905892604,0.5233751187638145,1.5539291626002765,-0.45912617007633794,0.0021286045445911795,-0.2865426824028942,-41.44887397802853,0.002784251060397332,-0.5809692185920514,-0.30916700572295713,RECONSTRUCTED - approximate only,0.002784251060397332,-0.681006786133824
2026-06-11,WBD,CONTROL,control,26.860000610351562,26.860000610351562,27,0.15,0.001525006337225934,0.12224476887978046,0.004467569961205411,0.5516552758492621,32.99890959954556,2.2211908243686653,2.2211908243686653,-0.7593896384875378,-19.184854740345834,-0.024571847818862385,0.4231994711290311,0.17063019657996215,-0.023116254459620497,-0.009679829596937336,0.2194932798632143,-15.315908278911547,0.02245908421419634,-0.9980680965911646,-0.8761461950632864,RECONSTRUCTED - approximate only,0.02245908421419634,-0.999857322274742
2026-06-11,PANW,CONTROL,control,279.5299987792969,279.5299987792969,280,0.5384391939836074,-0.00843401417220461,0.5384391939836074,0.0003219559198785018,-139.43389933433326,1204.1782359536314,1.6497298607942956,1.6497298607942956,-0.23083845773082493,37.380689816940375,0.029513826909553967,0.5110143704761754,8.215939239844403,-0.25913086209468245,0.0013236329510366075,-0.0717149091499869,-263.6320929773497,0.07099616390535202,0.1548211139703108,-0.3839899234089323,RECONSTRUCTED - approximate only,0.07099616390535202,0.07350530368394037
2026-06-11,OXY,CONTROL,control,55.470001220703125,55.470001220703125,55,0.4086529746182548,0.007180382808555237,0.4086529746182548,0.019289700221330836,40.46274202239441,-101.1206079940367,-0.5837321948175384,-0.5837321948175384,-0.7256481723685416,-159.9792976984027,-0.06580136011456608,0.5775381413198882,1.5250367624486465,0.2664175617147728,-0.032450027260608666,0.3935236258300793,-121.6811808737278,-0.035472042433815396,-0.9899946338868804,-0.8256350773381349,RECONSTRUCTED - approximate only,-0.035472042433815396,-0.9980185267134917
2026-06-11,HPE,CONTROL,control,46.663475036621094,46.663475036621094,47,0.8709560577139187,-0.0107716526024409,0.8709560577139187,0.029273454839751318,33.0251687752689,78.35605479463575,0.5029764137272789,0.5029764137272789,0.19827664354382138,-86.1639457043012,0.015998054371328955,0.5034628266383233,2.108264622854314,0.08120760640387004,0.036785216492064204,0.2766446638682542,17.329218918021585,0.039999983045789944,-0.3184524809963648,0.044313821895696714,RECONSTRUCTED - approximate only,0.039999983045789944,-0.4321835223689127
2026-06-11,PODD,CONTROL,control,149.19000244140625,149.19000244140625,149,0.7164926566385215,-0.0045120290908177854,0.7164926566385215,0.00341842280642254,-78.4977914682143,-103.00899755557947,-0.07127609509141192,-0.07127609509141192,-0.36524086125022176,-469.3960321738433,-0.02299086988699148,0.5287465033689387,6.064492790081289,-0.20860319133613753,-0.010054293018656653,-0.028731284735883898,-272.36998202184276,-0.00559885586032904,-0.7072246832187591,-0.510395965528652,RECONSTRUCTED - approximate only,-0.00559885586032904,-0.7998030914819487
2026-06-11,THO,CONTROL,control,76.7300033569336,76.7300033569336,77,0.42521871847541765,-0.00040083886644562763,0.42521871847541765,0.005734325462817268,-10.147269283796156,90.03156716815727,0.6680676962496946,0.6680676962496946,-0.6494125378392461,-178.5371418288022,-0.056692374732218005,0.494445510810851,1.7082039181304722,-0.14503405837871314,-0.022155669272274317,0.05074440321486634,-123.76829813520983,0.025665096390840404,-0.9869097991580457,-0.7783967222804029,RECONSTRUCTED - approximate only,0.025665096390840404,-0.9973994004641918
2026-06-11,BURL,CONTROL,control,342.3699951171875,342.3699951171875,342,0.5029237557499499,0.01311879728213356,0.5029237557499499,-0.011449551555516732,-351.1025484984516,571.117387896898,0.7167229621732226,0.7167229621732226,-0.6137655458313084,-756.1671933743075,-0.015830776608508235,0.525561318881501,9.854198340148201,-0.4434298922638652,-0.024943799593182145,-0.26839809412771914,-674.4178885837301,0.03341384766707707,-0.7010906602741145,-0.7407096425177336,RECONSTRUCTED - approximate only,0.03341384766707707,-0.7940168533606339
2026-06-11,HPE,CONTROL,control,46.663475036621094,46.663475036621094,47,0.8709560577139187,-0.0107716526024409,0.8709560577139187,0.029273454839751318,33.0251687752689,78.35605479463575,0.5029764137272789,0.5029764137272789,0.19827664354382138,-86.1639457043012,0.015998054371328955,0.5034628266383233,2.108264622854314,0.08120760640387004,0.036785216492064204,0.2766446638682542,17.329218918021585,0.039999983045789944,-0.3184524809963648,0.044313821895696714,RECONSTRUCTED - approximate only,0.039999983045789944,-0.4321835223689127
2026-06-11,NOV,CONTROL,control,21.030000686645508,21.030000686645508,21,0.40092847708763385,0.016603467846471404,0.40092847708763385,0.004755039032623279,-4.432885741874491,-19.965936205807587,-0.29515212660211454,-0.29515212660211454,-0.9012149126711892,-52.822984559632275,-0.11269618458635614,0.5281990921045604,0.4906993978898573,-0.1358672433303031,-0.050879770196694526,0.03805756360804363,-48.218427405524295,-0.014465677159487073,-0.9999902991567872,-0.9586202986344896,RECONSTRUCTED - approximate only,-0.014465677159487073,-0.9999999380644935
2026-06-11,KLAC,CONTROL,control,241.16400146484375,241.16400146484375,241,0.6062102532064354,0.036396632497697576,0.6062102532064354,0.05546429707602517,690.779936718995,1374.7453746378915,1.8573692330113054,1.8573692330113054,-0.462071872004089,921.6385130211246,0.07628002513647013,0.5245198501396392,8.267015541921111,0.8513896234581119,-0.01589789359316122,0.9864822542568308,-446.86591341673795,0.08957831427464069,1.2804323822736225,-0.6035640612508686,RECONSTRUCTED - approximate only,0.08957831427464069,1.2605899501500821
2026-06-11,MUR,CONTROL,control,38.4900016784668,38.4900016784668,38,0.4639067339776727,0.01731924257194472,0.4639067339776727,0.009093230939423423,0.015106188333414705,-95.14990877917154,-0.6755601502631075,-0.6755601502631075,-0.9320748138419709,-134.09781976914738,-0.10911926681700147,0.5973447860220795,1.265195040032225,-0.015281374542388607,-0.07248638071866356,0.11620473021921898,-125.98131138444525,-0.050333016587015764,-0.9996034775356805,-0.9732828915920131,RECONSTRUCTED - approximate only,-0.050333016587015764,-0.9999820446176152
2026-06-11,WBD,CONTROL,control,26.860000610351562,26.860000610351562,27,0.15,0.001525006337225934,0.12224476887978046,0.004467569961205411,0.5516552758492621,32.99890959954556,2.2211908243686653,2.2211908243686653,-0.7593896384875378,-19.184854740345834,-0.024571847818862385,0.4231994711290311,0.17063019657996215,-0.023116254459620497,-0.009679829596937336,0.2194932798632143,-15.315908278911547,0.02245908421419634,-0.9980680965911646,-0.8761461950632864,RECONSTRUCTED - approximate only,0.02245908421419634,-0.999857322274742
2026-06-11,SAIA,CONTROL,control,487.1400146484375,487.1400146484375,487,0.5168738075785744,0.01582919159944617,0.5168738075785744,-0.008765487134805825,-444.53383894163835,825.983813060699,0.7183204491782459,0.7183204491782459,-0.8915869403203164,-1491.988515587938,-0.1067865869503497,0.5212145320997958,14.204627834317193,-0.40203748965944125,-0.06183032542810684,-0.2231945399555832,-1346.4890419160004,0.034179699837493124,-0.9994090828598678,-0.9533874937589738,RECONSTRUCTED - approximate only,0.034179699837493124,-0.999971026805253
2026-06-11,CIEN,CONTROL,control,445.2200012207031,445.2200012207031,445,0.8543039566785614,0.016127941709564348,0.8543039566785614,0.0017070431776227643,-326.68334927902,-29.638379642796952,0.09126568811979872,0.09126568811979872,-0.5575312106158066,-1799.2757148350206,-0.038183369914625225,0.5284750216380756,21.31090389037047,-0.23776355333691077,-0.03351155246131512,-0.05545681460231127,-1343.150973208663,0.008060493431769554,-0.782829635049162,-0.6919308931433031,RECONSTRUCTED - approximate only,0.008060493431769554,-0.8651352375036685
2026-06-11,FAF,CONTROL,control,64.83999633789062,64.83999633789062,65,0.23884903501382412,0.007409731037585009,0.23884903501382412,0.013880345106573846,33.23840881306555,-64.60927699010365,-0.7192441173782413,-0.7192441173782413,2.5687632576506467,260.40552727519815,0.058451590524112605,0.4884389429945106,0.8082565939523754,0.3760306598853655,0.04595933876066809,0.5550735284534843,187.8583189838546,-0.026718798188322353,3.5135805716488333,2.542275050108057,RECONSTRUCTED - approximate only,-0.026718798188322353,3.513189782019643
2026-06-11,HSIC,CONTROL,control,80.22000122070312,80.22000122070312,80,0.27960089256453396,0.015345581583870076,0.27960089256453396,0.01283967543783898,35.81230697467836,-6.739838688791898,0.06409172426184577,0.06409172426184577,0.22068916150533674,-87.34371404642013,-0.003739753767049157,0.5457971396705871,1.3908055860429087,0.2405598370482192,0.012341035261839828,0.386147752270603,13.950837406641948,0.0019985469271626274,-0.5459589214821055,0.1072673569572503,RECONSTRUCTED - approximate only,0.0019985469271626274,-0.640809631702213
2026-06-11,NOW,CONTROL,control,103.08000183105469,103.08000183105469,103,0.7723752315788257,-0.028568723826557948,0.7723752315788257,-0.009022121543032434,-122.58197033014247,-43.61376372806279,0.005900285709364088,0.005900285709364088,-0.4312360622366588,-452.36666639313745,-0.07799767920750221,0.5277856978780031,4.482640542151465,-0.35944286680265236,-0.016977104859468302,-0.17953601510607717,-229.76864972439557,0.0004853251708264627,-0.9539496270502015,-0.5746651700094272,RECONSTRUCTED - approximate only,0.0004853251708264627,-0.9837776988615079
2026-06-11,KLAC,CONTROL,control,241.16400146484375,241.16400146484375,241,0.6062102532064354,0.036396632497697576,0.6062102532064354,0.05546429707602517,690.779936718995,1374.7453746378915,1.8573692330113054,1.8573692330113054,-0.462071872004089,921.6385130211246,0.07628002513647013,0.5245198501396392,8.267015541921111,0.8513896234581119,-0.01589789359316122,0.9864822542568308,-446.86591341673795,0.08957831427464069,1.2804323822736225,-0.6035640612508686,RECONSTRUCTED - approximate only,0.08957831427464069,1.2605899501500821
2026-06-11,HWM,CONTROL,control,264.6000061035156,264.6000061035156,265,0.38171109438414674,0.007575451312819113,0.38171109438414674,0.00026457793879022833,-94.01276755517563,851.1152455108688,1.7342422980705055,1.7342422980705055,1.400844257841456,644.5526727447118,0.04935751042078388,0.5063807553125795,5.508230177239085,-0.2595253014481379,0.04845051787037134,-0.0719124207574638,676.6540966197767,0.052589708663845325,1.339497924422605,1.3327871305128909,RECONSTRUCTED - approximate only,0.052589708663845325,1.3192352837077532
2026-06-11,OKE,CONTROL,control,89.19999694824219,89.19999694824219,89,0.35035472099152887,0.007949665707509887,0.35035472099152887,0.015582953331881581,46.95366581847502,-105.7373040292913,-0.48260376931190657,-0.48260376931190657,-0.8012841128131699,-194.18040656314244,-0.046748859995644744,0.5359700763245981,1.8700491412866285,0.22222932093700712,-0.03239909740496229,0.37687811880187777,-162.3523547866905,-0.02289411705909701,-0.9804409684090307,-0.8913020091348803,RECONSTRUCTED - approximate only,-0.02289411705909701,-0.9950957250127765
2026-06-11,APA,CONTROL,control,36.779998779296875,36.779998779296875,37,0.5062409219341566,0.01763153076171875,0.5062409219341566,0.006525331333123687,-6.745793250484099,-70.65997832535601,-0.6702823991515576,-0.6702823991515576,-0.933000688803858,-100.10381751167112,-0.10195758902827481,0.48550753269945157,0.9414083136320066,-0.1589971445375636,-0.06851551227299543,0.0443712593968151,-94.15587061743243,-0.04887508350507857,-0.9995073962560398,-0.9772257429321289,RECONSTRUCTED - approximate only,-0.04887508350507857,-0.9999791039768765
2026-06-11,EIX,CONTROL,control,72.33999633789062,72.33999633789062,72,0.23874922966131018,0.006993006993006993,0.23874922966131018,0.008432411407685587,16.39166060979852,6.544361879679696,0.17584360864793158,0.17584360864793158,-0.34284631175474567,-80.12505955525639,-0.006220582955800977,0.574569625759345,1.1699022807484738,0.1315626622517486,-0.0038705943250126455,0.26444568919110106,-51.10320760395227,0.004722171359592014,-0.603973401992858,-0.46535143425683895,RECONSTRUCTED - approximate only,0.004722171359592014,-0.6904024098453673
2026-06-11,XEL,CONTROL,control,77.6841049194336,77.6841049194336,78,0.26346184345999796,0.005889852600951028,0.26346184345999796,0.01213754065791801,28.466651097454665,-23.80895670621096,-0.12795432542407373,-0.12795432542407373,0.44630977147937484,-73.56225997937861,-0.003528408515596465,0.4734094247166302,1.0159460732078713,0.2147086660024131,0.016681642130574586,0.41367831664182986,31.61607194595474,-0.003691457797093859,-0.643453125640077,0.2984752501087547,RECONSTRUCTED - approximate only,-0.003691457797093859,-0.7524278460601713
2026-06-11,LULU,CONTROL,control,121.83999633789062,121.83999633789062,122,0.4306146593645696,-0.003026995791035035,0.4306146593645696,-0.025196977898049144,-172.88643531472263,161.1503055865388,0.6995884973229836,0.6995884973229836,-0.8962175488110008,-303.0780443770804,-0.08264937621056528,0.5095296650268526,2.8772174148682055,-0.6828224118128648,-0.052035427843483695,-0.5224867625594335,-275.04038434888525,0.027578617285002383,-0.9987934827427104,-0.9567095294322477,RECONSTRUCTED - approximate only,0.027578617285002383,-0.9999182211112565
2026-06-11,PODD,CONTROL,control,149.19000244140625,149.19000244140625,149,0.7164926566385215,-0.0045120290908177854,0.7164926566385215,0.00341842280642254,-78.4977914682143,-103.00899755557947,-0.07127609509141192,-0.07127609509141192,-0.36524086125022176,-469.3960321738433,-0.02299086988699148,0.5287465033689387,6.064492790081289,-0.20860319133613753,-0.010054293018656653,-0.028731284735883898,-272.36998202184276,-0.00559885586032904,-0.7072246832187591,-0.510395965528652,RECONSTRUCTED - approximate only,-0.00559885586032904,-0.7998030914819487
2026-06-11,HUBB,CONTROL,control,469.32000732421875,469.32000732421875,469,0.32341250816278977,0.006950533641552673,0.32341250816278977,0.016129734948608716,279.1939626454942,-162.26899365995388,-0.0879753968318699,-0.0879753968318699,2.880328861459517,4285.764326208751,0.11584844939207388,0.5235371381618569,8.768490646060286,0.2824322138022168,0.07101761282731844,0.44198793152198695,2310.348078071495,-0.003228249565657289,5.251758116834594,2.8692534617262533,RECONSTRUCTED - approximate only,-0.003228249565657289,5.251757595542281
2026-06-11,DT,CONTROL,control,40.369998931884766,40.369998931884766,40,0.6004717648089257,-0.01626425905196223,0.6004717648089257,0.009412957101049226,-5.020931881088263,8.805965560107875,0.17406293192452205,0.17406293192452205,0.2471623525675601,-6.725386784976704,0.026009394719880546,0.5650691533625428,1.546205439529306,-0.07406854814685974,0.02700025220280583,0.07993165729971982,19.54350413345497,0.011272564718941272,0.06832800482989757,0.1400708738947533,RECONSTRUCTED - approximate only,0.011272564718941272,0.005123346521075511
2026-06-11,FAST,CONTROL,control,46.38999938964844,46.38999938964844,46,0.22413144552029501,0.008255508976597001,0.22413144552029501,0.0038801532128484332,-2.4216183710819674,-10.629762159700672,-0.015268261451945837,-0.015268261451945837,-0.4239881383472863,-62.35866655863572,-0.010778185095461999,0.6249135494227814,0.8147918880073668,-0.023482271031718103,-0.007329169154155216,0.09077294346936066,-42.2668179750615,-0.0004309514722997167,-0.6835552082922434,-0.5293815082509254,RECONSTRUCTED - approximate only,-0.0004309514722997167,-0.7574303940474424
2026-06-11,DINO,CONTROL,control,69.9000015258789,69.9000015258789,70,0.39535694043784586,0.017523994153960443,0.39535694043784586,0.019456374544542073,47.37745279479101,-94.33937223491952,-0.5430799333429804,-0.5430799333429804,-0.894466940025407,-159.76030554498283,-0.0772532390271791,0.5074912941843069,1.5105610381835106,0.2708367654637061,-0.04749641805937677,0.44447105945781185,-144.7645667886678,-0.02916664547390408,-0.9989644595928654,-0.9557911636296105,RECONSTRUCTED - approximate only,-0.02916664547390408,-0.9999349686386645
2026-06-11,CHD,CONTROL,control,97.08000183105469,97.08000183105469,97,0.2705184493422337,-0.001833183630718355,0.2705184493422337,0.004944331669609814,-2.2610801020947022,-58.31982481998446,-0.2850768407598397,-0.2850768407598397,0.29613002764137014,-136.4316941495983,-0.014936182017797206,0.5264440482311068,1.5376561059190053,-0.07240982243739784,0.013803011048790245,0.09868390222457382,26.58132272993802,-0.009488830577547722,-0.8198064206083845,0.17588405997348525,RECONSTRUCTED - approximate only,-0.009488830577547722,-0.8937407525362149
2026-06-11,WDAY,CONTROL,control,130.52999877929688,130.52999877929688,131,0.639596377720034,-0.024805438508978678,0.639596377720034,0.002068522753282691,-66.0436817306196,-191.50657288242087,-0.3449857010230036,-0.3449857010230036,-0.6055543032643157,-466.674776354325,-0.10419059680768314,0.5057981774231249,4.446817380518219,-0.24037976779806916,-0.028805655185732186,-0.047995314615384164,-301.5831668625014,-0.02633148473506435,-0.9963520957072535,-0.7393720874553343,RECONSTRUCTED - approximate only,-0.02633148473506435,-0.9995866048091718
2026-06-11,HAL,CONTROL,control,39.7599983215332,39.7599983215332,40,0.340567766886827,0.01459858640164586,0.340567766886827,-0.004024141201370643,-20.050802204325212,-28.95146318663932,-0.3401965596378729,-0.3401965596378729,-0.9830777144648233,-69.90809639323763,-0.12147882847725357,0.46665231560693254,0.6534104478757143,-0.4030520601837883,-0.0643862592219303,-0.19680863472867954,-68.85766320074106,-0.01364433225056248,-0.9999999897910161,-0.9968806614066221,RECONSTRUCTED - approximate only,-0.01364433225056248,-0.9999999999983548
2026-06-11,DTM,CONTROL,control,139.46231079101562,139.46231079101562,139,0.26118063756752075,0.008025554168086247,0.26118063756752075,0.014180832363764554,80.02877886063956,-97.98765955720081,-0.33347027490135567,-0.33347027490135567,0.054633904824005916,173.40775696786247,0.027517773360954647,0.5542469157974348,2.3197795320905925,0.3401307835975211,0.007512307159389229,0.4743035762692584,-12.457626974859092,-0.01127309890293258,0.8980234160460807,-0.06333643980682975,RECONSTRUCTED - approximate only,-0.01127309890293258,0.8782994148745247
2026-06-11,KNX,CONTROL,control,82.44999694824219,82.44999694824219,82,0.4992508036771461,0.014006316849861988,0.4992508036771461,-0.011036944407482414,-87.89184334354155,100.12381258936402,0.525500515021654,0.525500515021654,-0.8896197513543829,-267.7782671901969,-0.1006670191579702,0.5507652268408737,2.540514453991314,-0.4171903096757424,-0.06197696542741359,-0.2535197202718243,-241.41386904275015,0.026007918392442153,-0.9988574610881092,-0.9504871449518947,RECONSTRUCTED - approximate only,0.026007918392442153,-0.9999196492077607
2026-06-11,KNF,CONTROL,control,75.91999816894531,75.91999816894531,76,0.5174973914875017,0.015032358375093684,0.5174973914875017,0.01317176006478152,13.615105874342415,113.16640164311251,0.6613805802222706,0.6613805802222706,1.8930093148530227,746.0163194001851,0.13593255984884312,0.5137675104866897,2.1666458244325284,-0.0046035210644026475,0.08113809023548019,0.17772590778044242,366.67421088130203,0.03152173563753492,3.735984655578309,1.848605314133217,RECONSTRUCTED - approximate only,0.03152173563753492,3.7358117044419714
2026-06-11,BKR,CONTROL,control,63.47999954223633,63.47999954223633,63,0.3674851744164685,0.015074591495380082,0.3674851744164685,-0.005356020085691274,-44.39195871954783,-42.278334539274816,-0.16923134269961812,-0.16923134269961812,-0.7445700705207827,-166.1694082338969,-0.07986767062672868,0.5766899902133003,1.5714372745286767,-0.3337822585911614,-0.030875852214973215,-0.1833895123844336,-128.1686631651931,-0.0076598666424319796,-0.9991191061788784,-0.8414027777683364,RECONSTRUCTED - approximate only,-0.0076598666424319796,-0.9999432506282094
2026-06-11,GWRE,CONTROL,control,118.5199966430664,118.5199966430664,119,0.7813572106153137,-0.013037110308000087,0.7813572106153137,0.034087082601716306,132.63598558856813,139.8401830083111,0.4059620116715097,0.4059620116715097,-0.3597598210839824,-508.55285040502815,-0.0899425947911421,0.5102166679303911,4.940777519665929,0.20635315899087964,-0.008943617858731701,0.3906134846941091,-219.5696326632831,0.029981723797617828,-0.9754379396999211,-0.5135279604427199,RECONSTRUCTED - approximate only,0.029981723797617828,-0.9934784283982682
2026-06-11,SRE,CONTROL,control,90.89044189453125,90.89044189453125,91,0.23218291771281238,0.0045039939838991665,0.23218291771281238,0.008193186175459943,17.634020592768852,-8.031392950714698,0.04390770117844545,0.04390770117844545,-0.1604135935826787,-97.50966444095494,-0.009285504674146107,0.5033645500926713,1.1548568243881334,0.09796202114016835,0.0025125088221527865,0.2778434082902601,-30.447767904871547,0.0010935965819244874,-0.7716709247707532,-0.3127236108312316,RECONSTRUCTED - approximate only,0.0010935965819244874,-0.8577206231967544
2026-06-11,AEP,CONTROL,control,128.47999572753906,128.47999572753906,128,0.24781775954548052,0.0006224370327121943,0.24781775954548052,0.005837484627493969,7.497138236527902,-28.879333463264267,-0.034804781292726086,-0.034804781292726086,0.17551973144221147,-142.5056972218808,-0.006148764884831649,0.5612597408617441,2.072628290111254,0.002859026377967183,0.009884840556456512,0.14994143212420613,12.533497380573866,-0.0010108458299940026,-0.6118822016094214,0.0685950259029558,RECONSTRUCTED - approximate only,-0.0010108458299940026,-0.7013769574305656
2026-06-11,TRV,CONTROL,control,303.8999938964844,303.8999938964844,304,0.20171202646284017,0.003955736632966149,0.20171202646284017,0.0018427034216542254,-33.92768079928779,-67.34533775796501,-0.0943932544311369,-0.0943932544311369,0.3842433960585088,50.44250088337891,0.012866086675346285,0.5145645121430447,3.4820523596711723,-0.172658135112889,0.011878959992247591,0.006629008808051731,90.98526067697978,-0.0021670727193330705,0.26168180063077057,0.2634537917346817,RECONSTRUCTED - approximate only,-0.0021670727193330705,0.19512510021796406
2026-06-11,VZ,CONTROL,control,46.939998626708984,46.939998626708984,47,0.22161678829996065,0.00851965292186712,0.22161678829996065,0.02492547971607404,62.34504131026666,-24.190438227503353,-0.31943749273609934,-0.31943749273609934,-0.43173725839021737,-60.44882416553135,-0.033446948034866045,0.5019812726697286,0.5673454490456713,1.1650502236968767,-0.004473776962429782,1.2861095089016592,-30.243150519915478,-0.008658919970951905,-0.99216205771198,-0.5798458003438557,RECONSTRUCTED - approximate only,-0.008658919970951905,-0.9987459526430881
2026-06-11,AVGO,CONTROL,control,384.9607238769531,384.9607238769531,385,0.6189883281626661,0.0019349244279641032,0.6189883281626661,-0.009077408639480315,-394.4447372536626,613.5706667409092,0.5911524517636307,0.5911524517636307,-0.5421785027633219,1112.7662394126269,0.06686211536298259,0.5210768861315457,13.320570939654118,-0.3861252069210201,-0.022978989159446673,-0.2054116378065626,-820.6077941578984,0.03419880840491502,0.985631807224809,-0.6787884849790278,RECONSTRUCTED - approximate only,0.03419880840491502,0.9540854902203629
2026-06-11,COKE,CONTROL,control,186.3000030517578,186.3000030517578,186,0.6183257885174226,-0.0012036619496289076,0.6183257885174226,0.008534601781240405,-30.21863817696283,-266.917787993589,-0.31862184762344176,-0.31862184762344176,-0.2518095017696997,-541.79158694486,-0.025550239869306796,0.5290308103404344,6.596073650456319,-0.11785363034794866,-0.0007514728253093099,0.05911347343340876,-225.05136836254,-0.023840727829423935,-0.7572780184521607,-0.3973630418804073,RECONSTRUCTED - approximate only,-0.023840727829423935,-0.8429477907860168
2026-06-11,PANW,CONTROL,control,279.5299987792969,279.5299987792969,280,0.5384391939836074,-0.00843401417220461,0.5384391939836074,0.0003219559198785018,-139.43389933433326,1204.1782359536314,1.6497298607942956,1.6497298607942956,-0.23083845773082493,37.380689816940375,0.029513826909553967,0.5110143704761754,8.215939239844403,-0.25913086209468245,0.0013236329510366075,-0.0717149091499869,-263.6320929773497,0.07099616390535202,0.1548211139703108,-0.3839899234089323,RECONSTRUCTED - approximate only,0.07099616390535202,0.07350530368394037
2026-06-11,PSX,CONTROL,control,178.10000610351562,178.10000610351562,178,0.34130413205493887,0.019590565346024023,0.34130413205493887,0.007579959564638747,10.228678166101657,-274.511701033187,-0.7181986403491446,-0.7181986403491446,-0.8344354586825565,-367.59710735425904,-0.06715332006735457,0.5222509270475993,3.4924663762032253,-0.03396290332576965,-0.03425045420812713,0.14001066694406522,-313.077253105284,-0.03875211961941971,-0.9987586448787505,-0.9164107765319085,RECONSTRUCTED - approximate only,-0.03875211961941971,-0.9999130956703648
2026-06-11,KEY,CONTROL,control,22.329999923706055,22.329999923706055,22,0.2384978538249696,0.0059145164159547375,0.2384978538249696,0.016569674899129614,19.272787072062236,9.320547747121033,0.32866901896395023,0.32866901896395023,0.5670542803511243,3.838848827907805,0.011643539174660433,0.6901690024440388,0.5004131892884587,0.4832153239307729,0.018808780910386985,0.5380168462978163,20.6532049954823,0.009950217425660851,0.21336011999487625,0.5389412684027014,RECONSTRUCTED - approximate only,0.009950217425660851,0.19814694440564853
2026-06-11,FTV,CONTROL,control,59.78116989135742,59.78116989135742,60,0.24319485301753077,0.003829515340177482,0.24319485301753077,0.0050133763844996656,-0.27401417531453975,-26.830179420569166,-0.264812929507199,-0.264812929507199,1.1417784196757579,26.43468567351521,0.019886320672695745,0.4748119229154998,0.726171562798001,-0.084835989881977,0.026570843789034397,0.12013547091199417,70.20535121359279,-0.0074639369067177495,0.5072949568216012,1.040204396964028,RECONSTRUCTED - approximate only,-0.0074639369067177495,0.43553376007619776
2026-06-11,EVRG,CONTROL,control,82.80999755859375,82.80999755859375,83,0.20375211519188122,0.005794950101752891,0.20375211519188122,0.012558881127746342,39.84974108072039,-31.075460744258955,-0.2514780412833395,-0.2514780412833395,0.5142961526068792,-65.50941998194487,-0.0037434798663579898,0.4867854345180648,0.8785806161252836,0.4212305017442283,0.014008014687943843,0.5982801461149437,32.84000374842758,-0.006001680646411483,-0.6640329305731575,0.3823380365230983,RECONSTRUCTED - approximate only,-0.006001680646411483,-0.7674643958855811
2026-06-11,VRTX,CONTROL,control,445.0400085449219,445.0400085449219,445,0.24713674831907367,0.004131230281260276,0.24713674831907367,-0.0002472044468548497,-115.48519861255518,383.77221150296526,0.7477341681993762,0.7477341681993762,0.585932545417925,67.52070674361822,0.014807649225598641,0.5190450779085052,6.309065522052464,-0.2634144722474561,0.018268031472931868,-0.08524832988079514,286.794592731219,0.01721103200205799,0.22008657976378349,0.4800283380399211,RECONSTRUCTED - approximate only,0.01721103200205799,0.15210342549321176
2026-06-11,DRI,CONTROL,control,210.83999633789062,210.83999633789062,211,0.2521159803479469,0.008004345353064058,0.2521159803479469,0.002988071019517847,-21.46445695617928,325.0626667057688,1.2668657913331458,1.2668657913331458,-0.5220457547020947,-13.50311258267226,0.012379058317610643,0.5092523152958699,2.9574627267077602,-0.149603317959501,-0.008489818427354658,0.0334930423402201,-177.54805907798703,0.027134953717039303,0.061829367335116785,-0.6616487283616838,RECONSTRUCTED - approximate only,0.027134953717039303,-0.021361626049917818
2026-06-11,CFR,CONTROL,control,146.11000061035156,146.11000061035156,146,0.22184418379012416,0.004982707409710208,0.22184418379012416,0.012935455353865321,76.46389924478503,27.818186193706207,0.2651592206396164,0.2651592206396164,-0.1902949568294378,-125.36778719065711,-0.0030798504302402023,0.5283361547393519,1.9169153875958074,0.38414986851956856,0.0013004068209742294,0.5322863670401687,-55.12319031413984,0.006128628165316085,-0.5760275843680341,-0.3304216687742925,RECONSTRUCTED - approximate only,0.006128628165316085,-0.6747164898953467
2026-06-11,ADBE,CONTROL,control,218.8000030517578,218.8000030517578,219,0.4356568654595286,-0.014825634765088665,0.4356568654595286,-0.06755026770178162,-498.42785461137186,-413.01542415391816,-0.7170483564184579,-0.7170483564184579,-0.8944061017743502,-554.6553241799944,-0.1080438713890526,0.5123317843082243,5.27032212805743,-0.9550450609687612,-0.05246798705401953,-0.8876410058800964,-501.815006897414,-0.048364627721580455,-0.9999430789491097,-0.9555077484047791,RECONSTRUCTED - approximate only,-0.048364627721580455,-0.999999132480888
2026-06-11,EME,CONTROL,control,811.530029296875,811.530029296875,812,0.37724314643291296,0.01999437362582097,0.37724314643291296,0.014195357017256478,326.7983054079545,960.1311951199256,0.6983732190757668,0.6983732190757668,0.6262018429395596,720.846156490712,0.03087993870085893,0.5133198657618839,17.063154095769903,0.13276522286998246,0.028637252344821507,0.30766807982951005,843.1414204499172,0.02433578958267592,0.5507574930399844,0.5156204145010126,RECONSTRUCTED - approximate only,0.02433578958267592,0.4984968316710488
2026-06-11,AMCR,CONTROL,control,39.91999816894531,39.91999816894531,40,0.37074651970689937,0.008121597803565767,0.37074651970689937,0.01703407656227723,21.53121890530969,81.51440967000596,1.1985510622537163,1.1985510622537163,1.0026179454107995,27.750361314030993,0.029058209301516667,0.5021359923037009,0.7973477293855566,0.22774466533800392,0.03757515202410216,0.4066732092422097,66.67286121652315,0.03742200217877904,0.4887762296952261,0.9085475906043485,RECONSTRUCTED - approximate only,0.03742200217877904,0.427583723618212
2026-06-11,TXT,CONTROL,control,93.7300033569336,93.7300033569336,94,0.32274668078445007,0.007993000812615593,0.32274668078445007,-0.009708776587193607,-67.6926479628664,76.4109066393119,0.6215702105435785,0.6215702105435785,-0.2657296808762141,-166.13731785341048,-0.04544971709867478,0.49180058761288137,1.5843470263964434,-0.5207337970526291,0.00010663081700613388,-0.33584599743094334,-57.139233087507485,0.018357619880780583,-0.9899070495826962,-0.4249572580841401,RECONSTRUCTED - approximate only,0.018357619880780583,-0.9982185855844219
2026-06-11,CVX,CONTROL,control,185.82000732421875,185.82000732421875,186,0.2615080018136211,0.010590065724539629,0.2615080018136211,0.0075341397121014295,24.82981681484903,-217.1074080356343,-0.7412108990053038,-0.7412108990053038,-0.8853481604067253,-283.0689355700331,-0.06560112991566691,0.5071213691502178,2.683669875258971,0.027346155771358103,-0.0307286970659966,0.20775367129577813,-253.85500653653995,-0.031228769671117842,-0.9999356680926874,-0.9503729182440694,RECONSTRUCTED - approximate only,-0.031228769671117842,-0.9999989700879094
2026-06-11,TJX,CONTROL,control,168.33999633789062,168.33999633789062,168,0.2640075873852778,0.0005367788138189328,0.2640075873852778,0.00041586863337119177,-43.15855417800854,3.0254369943350747,0.12206283597465069,0.12206283597465069,-0.5733343830952244,-271.19675306677624,-0.026909818687439552,0.5397506971964495,2.7102254884443937,-0.22387325779026124,-0.011999459769604426,-0.057312377479411765,-176.01947343873482,0.0035171167683494785,-0.94299591333301,-0.6996164573935215,RECONSTRUCTED - approximate only,0.0035171167683494785,-0.9776547549547735
2026-06-11,HPE,CONTROL,control,46.663475036621094,46.663475036621094,47,0.8709560577139187,-0.0107716526024409,0.8709560577139187,0.029273454839751318,33.0251687752689,78.35605479463575,0.5029764137272789,0.5029764137272789,0.19827664354382138,-86.1639457043012,0.015998054371328955,0.5034628266383233,2.108264622854314,0.08120760640387004,0.036785216492064204,0.2766446638682542,17.329218918021585,0.039999983045789944,-0.3184524809963648,0.044313821895696714,RECONSTRUCTED - approximate only,0.039999983045789944,-0.4321835223689127
2026-06-11,NOW,CONTROL,control,103.08000183105469,103.08000183105469,103,0.7723752315788257,-0.028568723826557948,0.7723752315788257,-0.009022121543032434,-122.58197033014247,-43.61376372806279,0.005900285709364088,0.005900285709364088,-0.4312360622366588,-452.36666639313745,-0.07799767920750221,0.5277856978780031,4.482640542151465,-0.35944286680265236,-0.016977104859468302,-0.17953601510607717,-229.76864972439557,0.0004853251708264627,-0.9539496270502015,-0.5746651700094272,RECONSTRUCTED - approximate only,0.0004853251708264627,-0.9837776988615079
2026-06-11,L,CONTROL,control,107.37000274658203,107.37000274658203,107,0.24722031982426945,0.004534917630079231,0.24722031982426945,0.006985191215559274,13.538640136735214,-72.86592084663138,-0.33486685158995516,-0.33486685158995516,0.26762906496953603,-91.10546891030299,-0.000838259895527677,0.5580216849586441,1.7115976333404745,0.049663667978014595,0.011921381638761502,0.19652071102700583,25.100984717018527,-0.010779419191786065,-0.4470399692874711,0.16472259701756017,RECONSTRUCTED - approximate only,-0.010779419191786065,-0.5370128949512357
2026-06-11,NOW,CONTROL,control,103.08000183105469,103.08000183105469,103,0.7723752315788257,-0.028568723826557948,0.7723752315788257,-0.009022121543032434,-122.58197033014247,-43.61376372806279,0.005900285709364088,0.005900285709364088,-0.4312360622366588,-452.36666639313745,-0.07799767920750221,0.5277856978780031,4.482640542151465,-0.35944286680265236,-0.016977104859468302,-0.17953601510607717,-229.76864972439557,0.0004853251708264627,-0.9539496270502015,-0.5746651700094272,RECONSTRUCTED - approximate only,0.0004853251708264627,-0.9837776988615079
2026-06-11,ABNB,CONTROL,control,130.8699951171875,130.8699951171875,131,0.2510912375606116,-0.0056546162030603146,0.2510912375606116,0.010774078969337377,43.307005399872615,129.34017417605534,0.8636933073936954,0.8636933073936954,4.666265188139378,895.6772054142318,0.08817917762271159,0.5065457951142373,1.8131659574417966,0.18992264446717855,0.07893330951685824,0.3642286559698848,784.3360932409378,0.019474955948372348,5.312654837292566,4.665159172039165,RECONSTRUCTED - approximate only,0.019474955948372348,5.312653904088626
2026-06-11,AVGO,CONTROL,control,384.9607238769531,384.9607238769531,385,0.6189883281626661,0.0019349244279641032,0.6189883281626661,-0.009077408639480315,-394.4447372536626,613.5706667409092,0.5911524517636307,0.5911524517636307,-0.5421785027633219,1112.7662394126269,0.06686211536298259,0.5210768861315457,13.320570939654118,-0.3861252069210201,-0.022978989159446673,-0.2054116378065626,-820.6077941578984,0.03419880840491502,0.985631807224809,-0.6787884849790278,RECONSTRUCTED - approximate only,0.03419880840491502,0.9540854902203629
2026-06-11,HUBB,CONTROL,control,469.32000732421875,469.32000732421875,469,0.32341250816278977,0.006950533641552673,0.32341250816278977,0.016129734948608716,279.1939626454942,-162.26899365995388,-0.0879753968318699,-0.0879753968318699,2.880328861459517,4285.764326208751,0.11584844939207388,0.5235371381618569,8.768490646060286,0.2824322138022168,0.07101761282731844,0.44198793152198695,2310.348078071495,-0.003228249565657289,5.251758116834594,2.8692534617262533,RECONSTRUCTED - approximate only,-0.003228249565657289,5.251757595542281
2026-06-11,INTC,CONTROL,control,116.95999908447266,116.95999908447266,117,0.942327448686665,0.06053807615951792,0.942327448686665,0.0650649852079372,347.3716873581062,130.50777503191674,0.33200685931018775,0.33200685931018775,-0.2385033432195367,981.3866860231512,0.14560539109094667,0.5278939357573667,6.119024496965878,0.545314607361261,0.000769527770089603,0.7050692691139273,-201.13398594767634,0.030303052705528414,1.7957401913369433,-0.38883371851725823,RECONSTRUCTED - approximate only,0.030303052705528414,1.7846201887432755
2026-06-11,CASY,CONTROL,control,916.280029296875,916.280029296875,916,0.6187866340550362,0.003920955604188734,0.6187866340550362,-0.02307156543034087,-1476.5922701225288,-462.1581555874835,-0.046918205323099385,-0.046918205323099385,-0.8085279853824769,-3297.4206624129674,-0.08079410980252769,0.5229676969074163,31.87734935009223,-0.552935478138772,-0.055659840190051754,-0.38189755758784805,-2768.5777531904537,-0.0031658015609419624,-0.9831587993928657,-0.8984849441907903,RECONSTRUCTED - approximate only,-0.0031658015609419624,-0.9961182001493984
2026-06-11,INTC,CONTROL,control,116.95999908447266,116.95999908447266,117,0.942327448686665,0.06053807615951792,0.942327448686665,0.0650649852079372,347.3716873581062,130.50777503191674,0.33200685931018775,0.33200685931018775,-0.2385033432195367,981.3866860231512,0.14560539109094667,0.5278939357573667,6.119024496965878,0.545314607361261,0.000769527770089603,0.7050692691139273,-201.13398594767634,0.030303052705528414,1.7957401913369433,-0.38883371851725823,RECONSTRUCTED - approximate only,0.030303052705528414,1.7846201887432755
2026-06-11,DELL,CONTROL,control,391.45001220703125,391.45001220703125,391,1.160527493585825,-0.0031095204235410574,1.160527493585825,0.01052495845883,-219.61489604475997,1145.870684347732,0.5795658102932432,0.5795658102932432,0.045664000228141564,-301.98075378736695,0.04611058176036643,0.5372394399040431,25.45944203939453,-0.16710509397540815,0.0322645905514868,0.014999925347951982,-145.44932351989513,0.06176093084409398,-0.01905459271760438,-0.09841754841564022,RECONSTRUCTED - approximate only,0.06176093084409398,-0.10869950047146074
2026-06-11,CG,CONTROL,control,44.54999923706055,44.54999923706055,45,0.3655728096597329,0.002720447295949589,0.3655728096597329,0.026936044522783933,47.038487390966914,5.8494402698561005,0.21053525696719594,0.21053525696719594,1.7781312397369715,-38.68748263714586,0.005611672374441442,0.43869989229859213,0.7148833039482341,0.599271998169196,0.05117851028148699,0.817024336611053,112.31101883460754,0.007234901608322267,-0.4452496973342327,1.6801017348310037,RECONSTRUCTED - approximate only,0.007234901608322267,-0.5788243313168813
2026-06-11,HUBB,CONTROL,control,469.32000732421875,469.32000732421875,469,0.32341250816278977,0.006950533641552673,0.32341250816278977,0.016129734948608716,279.1939626454942,-162.26899365995388,-0.0879753968318699,-0.0879753968318699,2.880328861459517,4285.764326208751,0.11584844939207388,0.5235371381618569,8.768490646060286,0.2824322138022168,0.07101761282731844,0.44198793152198695,2310.348078071495,-0.003228249565657289,5.251758116834594,2.8692534617262533,RECONSTRUCTED - approximate only,-0.003228249565657289,5.251757595542281
2026-06-11,AZO,CONTROL,control,3081.6201171875,3081.6201171875,3082,0.39587718716161463,4.8199334864878973e-05,0.39587718716161463,0.011253798431286302,660.502812670645,-1988.5613003584965,-0.19941835498509058,-0.19941835498509058,0.14351856623687678,-4531.453781917294,-0.00556205374671336,0.5170113169001161,68.65707015188786,0.03020726710140027,0.014982353476176638,0.20672897024474965,248.21790415236416,-0.009189066437225864,-0.5892877336281037,0.00624444688456855,RECONSTRUCTED - approximate only,-0.009189066437225864,-0.6917051307040094
2026-06-11,OKE,CONTROL,control,89.19999694824219,89.19999694824219,89,0.35035472099152887,0.007949665707509887,0.35035472099152887,0.015582953331881581,46.95366581847502,-105.7373040292913,-0.48260376931190657,-0.48260376931190657,-0.8012841128131699,-194.18040656314244,-0.046748859995644744,0.5359700763245981,1.8700491412866285,0.22222932093700712,-0.03239909740496229,0.37687811880187777,-162.3523547866905,-0.02289411705909701,-0.9804409684090307,-0.8913020091348803,RECONSTRUCTED - approximate only,-0.02289411705909701,-0.9950957250127765
2026-06-11,CHRD,CONTROL,control,133.74000549316406,133.74000549316406,134,0.40920074722493366,0.015623896290122062,0.40920074722493366,0.011963442343423142,30.112267889902345,-238.30109909320035,-0.737768253821552,-0.737768253821552,-0.9128861123341987,-311.7280221163601,-0.07940782346629154,0.5043816006152259,2.9592591412797162,0.031582920432104374,-0.05256472349293223,0.21699904707734705,-287.5319158356637,-0.04750372477018358,-0.9989535513203416,-0.9662687751951224,RECONSTRUCTED - approximate only,-0.04750372477018358,-0.9999342642939707
2026-06-11,APO,CONTROL,control,133.91000366210938,133.91000366210938,134,0.3217337815088311,0.0005338365452537591,0.3217337815088311,-0.00022402194366725518,-44.36688512571037,132.02986036353337,0.6902925487569584,0.6902925487569584,1.0595745906266256,104.10917457779591,0.026809022774348826,0.5114562530509899,2.39897727579897,-0.2673591739324506,0.034127338813020984,-0.08370721605398372,216.19028691010104,0.020577675558923914,0.567781194187558,0.976921284131175,RECONSTRUCTED - approximate only,0.020577675558923914,0.5166771281888256
2026-06-11,CRWD,CONTROL,control,691.530029296875,691.530029296875,692,0.56929897923462,-0.0037977598644324865,0.56929897923462,-0.012624240646183752,-775.895579408029,2989.292860070693,1.5467608821283134,1.5467608821283134,-0.49883415358706734,-1493.7852886389499,-0.00964534244752087,0.5171353516184868,21.838345155617105,-0.4478785262230839,-0.01741072484551671,-0.26810019083327014,-1254.5861315933978,0.07167430867246272,-0.6141307040214191,-0.6400534127621749,RECONSTRUCTED - approximate only,0.07167430867246272,-0.7163577769570597
2026-06-11,FAST,CONTROL,control,46.38999938964844,46.38999938964844,46,0.22413144552029501,0.008255508976597001,0.22413144552029501,0.0038801532128484332,-2.4216183710819674,-10.629762159700672,-0.015268261451945837,-0.015268261451945837,-0.4239881383472863,-62.35866655863572,-0.010778185095461999,0.6249135494227814,0.8147918880073668,-0.023482271031718103,-0.007329169154155216,0.09077294346936066,-42.2668179750615,-0.0004309514722997167,-0.6835552082922434,-0.5293815082509254,RECONSTRUCTED - approximate only,-0.0004309514722997167,-0.7574303940474424
2026-06-11,DTM,CONTROL,control,139.46231079101562,139.46231079101562,139,0.26118063756752075,0.008025554168086247,0.26118063756752075,0.014180832363764554,80.02877886063956,-97.98765955720081,-0.33347027490135567,-0.33347027490135567,0.054633904824005916,173.40775696786247,0.027517773360954647,0.5542469157974348,2.3197795320905925,0.3401307835975211,0.007512307159389229,0.4743035762692584,-12.457626974859092,-0.01127309890293258,0.8980234160460807,-0.06333643980682975,RECONSTRUCTED - approximate only,-0.01127309890293258,0.8782994148745247
2026-06-11,GTLS,CONTROL,control,206.49000549316406,206.49000549316406,206,0.15,0.00014530772458376838,0.02904169935142881,0.0011622365634686614,-22.161207427074004,-21.499716310211003,0.0027429783774662285,0.0027429783774662285,0.022866773613563048,-2.351427573421737,0.007264274105749192,0.5678571039649805,2.0740169763675027,-0.14840466414220638,0.003922696193741761,-0.0006143058045692297,-17.534692480093216,4.847813750542885e-05,0.09992681841742876,-0.0879925762082034,RECONSTRUCTED - approximate only,4.847813750542885e-05,0.04596209752989987
2026-06-11,CRWD,CONTROL,control,691.530029296875,691.530029296875,692,0.56929897923462,-0.0037977598644324865,0.56929897923462,-0.012624240646183752,-775.895579408029,2989.292860070693,1.5467608821283134,1.5467608821283134,-0.49883415358706734,-1493.7852886389499,-0.00964534244752087,0.5171353516184868,21.838345155617105,-0.4478785262230839,-0.01741072484551671,-0.26810019083327014,-1254.5861315933978,0.07167430867246272,-0.6141307040214191,-0.6400534127621749,RECONSTRUCTED - approximate only,0.07167430867246272,-0.7163577769570597
2026-06-11,AEP,CONTROL,control,128.47999572753906,128.47999572753906,128,0.24781775954548052,0.0006224370327121943,0.24781775954548052,0.005837484627493969,7.497138236527902,-28.879333463264267,-0.034804781292726086,-0.034804781292726086,0.17551973144221147,-142.5056972218808,-0.006148764884831649,0.5612597408617441,2.072628290111254,0.002859026377967183,0.009884840556456512,0.14994143212420613,12.533497380573866,-0.0010108458299940026,-0.6118822016094214,0.0685950259029558,RECONSTRUCTED - approximate only,-0.0010108458299940026,-0.7013769574305656
2026-06-11,FANG,CONTROL,control,191.58999633789062,191.58999633789062,192,0.410837948695704,0.015263291546273879,0.410837948695704,0.002818563365748538,-49.3040801138438,-310.0075444276245,-0.6613965399055359,-0.6613965399055359,-0.5955837072593546,-429.7206628474092,-0.0422255675793375,0.5030830992570384,4.238586048753945,-0.204168226361108,-0.01811159918069723,-0.013952566558955153,-283.50697577073163,-0.039889784976864066,-0.9586980631339643,-0.7301956093078302,RECONSTRUCTED - approximate only,-0.039889784976864066,-0.9864510538904301
2026-06-11,AME,CONTROL,control,225.87136840820312,225.87136840820312,226,0.25621606594129204,0.01050595816824927,0.25621606594129204,0.004022710442266434,-11.60057980214365,79.5990329338168,0.3680389100446775,0.3680389100446775,1.0223401768256253,749.7960535509185,0.05112923272271975,0.5114562646406459,3.240667225789082,-0.10928401707914973,0.026690525367456464,0.07180487654169343,281.03443668349985,0.009370425673983267,2.5449688410289495,0.939298251037794,RECONSTRUCTED - approximate only,0.009370425673983267,2.5432253215370024
2026-06-11,PNW,CONTROL,control,102.4000015258789,102.4000015258789,102,0.19325826692598308,0.0027157980935097383,0.19325826692598308,0.010156258789356666,41.75313961991784,-61.63504081574277,-0.3625703499352764,-0.3625703499352764,0.5535658126877568,-70.37197437841945,-0.0007812678697516342,0.5774805097533395,1.3575463966725039,0.31955834411029393,0.014160126236675289,0.43909406376902405,56.51620709513325,-0.009479548786761664,-0.4303158958243961,0.48094913488442315,RECONSTRUCTED - approximate only,-0.009479548786761664,-0.513209120715671
2026-06-11,HIMS,CONTROL,control,28.8700008392334,28.8700008392334,29,0.8348417404660566,-0.017278669464385894,0.8348417404660566,-0.07100800432341153,-97.02963843734747,81.44365194973666,0.7842868296388247,0.7842868296388247,1.1292828818063751,479.4484900262379,0.228611021462131,0.5108657864037064,1.2827031607897865,-0.8142377050699084,0.09005882918395278,-0.680328111704387,123.48376697439156,0.05750921780398911,4.050455292771025,1.0347758018808793,RECONSTRUCTED - approximate only,0.05750921780398911,4.050235695315775
2026-06-11,JBHT,CONTROL,control,289.1400146484375,289.1400146484375,289,0.34443167116723417,0.007943048927259572,0.34443167116723417,0.0007607757210376441,-88.0433734580481,306.12177441160196,0.6721332251406105,0.6721332251406105,-0.8129911881050028,-599.253365703106,-0.06197694030528131,0.5215751809076176,5.708572149062292,-0.2328240920258884,-0.03223354379209967,-0.05468719708389824,-499.2825126063047,0.02176833494577463,-0.9973323406667466,-0.9014469614918372,RECONSTRUCTED - approximate only,0.02176833494577463,-0.9997323497895851
2026-06-11,REGN,CONTROL,control,611.47998046875,611.47998046875,611,0.43525318656112105,0.0044211302860358995,0.43525318656112105,0.001079404397150548,-227.98780685074738,233.98920426066724,0.2679067185430269,0.2679067185430269,-0.12749027496673768,-896.5687023889157,-0.0025184439009159863,0.5235535141492286,15.227952806921053,-0.22986592427413297,0.005314973676666578,-0.05143469051530467,-338.01403767002347,0.011864743160170952,-0.5135909452973176,-0.2718090143990973,RECONSTRUCTED - approximate only,0.011864743160170952,-0.6164893645404336
2026-06-11,DTE,CONTROL,control,144.6389617919922,144.6389617919922,145,0.2327614439050631,0.008352075757954377,0.2327614439050631,0.011180540178091516,52.83787869433738,-78.29261261092577,-0.3572144834297446,-0.3572144834297446,0.8282093864666624,-6.897444372669513,0.012140762073534936,0.48744484832599305,1.7524059141068733,0.24468535251023302,0.020989214224745305,0.4304574537604036,119.05504842041667,-0.01018399123072839,0.07164054420322757,0.7163300669523597,RECONSTRUCTED - approximate only,-0.01018399123072839,-0.021561226491613964
2026-06-11,BALL,CONTROL,control,56.34000015258789,56.34000015258789,56,0.3000190785174393,0.0014619520207019823,0.3000190785174393,0.011359591549788807,19.00529252733966,92.0924547129763,0.9671755896174133,0.9671755896174133,1.0283278950759331,48.4468864817308,0.024494161597048668,0.5751658546313579,1.1405781312355145,0.1604973093372837,0.03283632355538992,0.2926592822697386,98.71860802963538,0.02810220687897128,0.5643736934286422,0.9799219399051421,RECONSTRUCTED - approximate only,0.02810220687897128,0.5369479943922761
2026-06-11,IPGP,CONTROL,control,111.19000244140625,111.19000244140625,111,1.117624480202235,0.0319016018502913,1.117624480202235,0.031117897369378787,69.78766567539675,146.27414798788595,0.32721857644049557,0.32721857644049557,0.10417975043328474,51.90382198357159,0.06133644702830321,0.5376967094991913,6.998757202058378,0.03440963921190902,0.036783849699490105,0.21218088571871102,-2.0203380484922304,0.03538507378112624,0.18528311218623672,-0.036657624934067996,RECONSTRUCTED - approximate only,0.03538507378112624,0.10886269655832698
2026-06-11,KNF,CONTROL,control,75.91999816894531,75.91999816894531,76,0.5174973914875017,0.015032358375093684,0.5174973914875017,0.01317176006478152,13.615105874342415,113.16640164311251,0.6613805802222706,0.6613805802222706,1.8930093148530227,746.0163194001851,0.13593255984884312,0.5137675104866897,2.1666458244325284,-0.0046035210644026475,0.08113809023548019,0.17772590778044242,366.67421088130203,0.03152173563753492,3.735984655578309,1.848605314133217,RECONSTRUCTED - approximate only,0.03152173563753492,3.7358117044419714
2026-06-11,HSY,CONTROL,control,180.83999633789062,180.83999633789062,181,0.29573785479950626,-0.0026046470317503943,0.29573785479950626,0.004534435638267801,-11.547527277988278,258.43873617203485,1.028590300689467,1.028590300689467,0.06246465103492375,-310.1515591345205,-0.04539920162206905,0.5088944978173996,2.961130278733137,-0.11472908838062167,0.009290024157218519,0.06883493689950938,-13.33953568198024,0.026625050263483736,-0.9926517386130168,-0.08145835095951427,RECONSTRUCTED - approximate only,0.026625050263483736,-0.9988469661111854
2026-06-11,PODD,CONTROL,control,149.19000244140625,149.19000244140625,149,0.7164926566385215,-0.0045120290908177854,0.7164926566385215,0.00341842280642254,-78.4977914682143,-103.00899755557947,-0.07127609509141192,-0.07127609509141192,-0.36524086125022176,-469.3960321738433,-0.02299086988699148,0.5287465033689387,6.064492790081289,-0.20860319133613753,-0.010054293018656653,-0.028731284735883898,-272.36998202184276,-0.00559885586032904,-0.7072246832187591,-0.510395965528652,RECONSTRUCTED - approximate only,-0.00559885586032904,-0.7998030914819487
2026-06-11,MU,CONTROL,control,995.8699951171875,995.8699951171875,996,1.0635516233001947,0.01400411508946891,1.0635516233001947,-0.014319147916437602,-1695.5460056195877,5699.744206052232,1.1249552555787792,1.1249552555787792,-0.005325613646444303,7117.500600142739,0.13869279704619922,0.5315899408273329,58.85207091332177,-0.3789937262207441,0.024993236838618284,-0.19777067257951486,-619.5959313710796,0.1011754044185682,1.3785359925883929,-0.1525399332198443,RECONSTRUCTED - approximate only,0.1011754044185682,1.3574349210427339
2026-06-11,JNJ,CONTROL,control,238.3300018310547,238.3300018310547,238,0.19260365176306085,0.006331479190138302,0.19260365176306085,0.010657463460824966,101.48080645664858,-106.44220835511074,-0.2869506484987705,-0.2869506484987705,-0.6978938277682314,-297.40351022241686,-0.041706886942636925,0.5403182090871201,2.821828476986667,0.34739709755596787,-0.013217006382211119,0.48866818576332854,-216.60526909528096,-0.006958325703938802,-0.9992969102994919,-0.8084574802978399,RECONSTRUCTED - approximate only,-0.006958325703938802,-0.999961558058027
2026-06-11,DTE,CONTROL,control,144.6389617919922,144.6389617919922,145,0.2327614439050631,0.008352075757954377,0.2327614439050631,0.011180540178091516,52.83787869433738,-78.29261261092577,-0.3572144834297446,-0.3572144834297446,0.8282093864666624,-6.897444372669513,0.012140762073534936,0.48744484832599305,1.7524059141068733,0.24468535251023302,0.020989214224745305,0.4304574537604036,119.05504842041667,-0.01018399123072839,0.07164054420322757,0.7163300669523597,RECONSTRUCTED - approximate only,-0.01018399123072839,-0.021561226491613964
2026-06-11,CHD,CONTROL,control,97.08000183105469,97.08000183105469,97,0.2705184493422337,-0.001833183630718355,0.2705184493422337,0.004944331669609814,-2.2610801020947022,-58.31982481998446,-0.2850768407598397,-0.2850768407598397,0.29613002764137014,-136.4316941495983,-0.014936182017797206,0.5264440482311068,1.5376561059190053,-0.07240982243739784,0.013803011048790245,0.09868390222457382,26.58132272993802,-0.009488830577547722,-0.8198064206083845,0.17588405997348525,RECONSTRUCTED - approximate only,-0.009488830577547722,-0.8937407525362149
2026-06-11,LRCX,CONTROL,control,362.2648010253906,362.2648010253906,362,0.6196021773523775,0.04611571080104073,0.6196021773523775,0.011833849969837482,7.4430703054021565,1686.6966402183841,1.5049143036525028,1.5049143036525028,0.06625387018807705,1284.0957552959692,0.0739105964580164,0.5249574884317751,12.694867389180445,-0.06600921807167838,0.018812802251730376,0.11251272704602018,-48.345684766331416,0.07687729693174339,1.1710861570562834,-0.0741364542976902,RECONSTRUCTED - approximate only,0.07687729693174339,1.1477600915739814
2026-06-11,VRSN,CONTROL,control,279.57000732421875,279.57000732421875,280,0.2994352943682839,-0.0015273089902440994,0.2994352943682839,0.001144641112548371,-65.72765752635893,-323.69734444298865,-0.641320305204387,-0.641320305204387,-0.7219886355459907,-477.54977323446116,-0.05340341340144854,0.5027111111768647,4.545581874004142,-0.23246249314691667,-0.020388496826202522,-0.043933553878735224,-358.53237196265104,-0.028089646249647906,-0.9976001600890503,-0.8353070491449841,RECONSTRUCTED - approximate only,-0.028089646249647906,-0.9997772390854087
2026-06-11,EVRG,CONTROL,control,82.80999755859375,82.80999755859375,83,0.20375211519188122,0.005794950101752891,0.20375211519188122,0.012558881127746342,39.84974108072039,-31.075460744258955,-0.2514780412833395,-0.2514780412833395,0.5142961526068792,-65.50941998194487,-0.0037434798663579898,0.4867854345180648,0.8785806161252836,0.4212305017442283,0.014008014687943843,0.5982801461149437,32.84000374842758,-0.006001680646411483,-0.6640329305731575,0.3823380365230983,RECONSTRUCTED - approximate only,-0.006001680646411483,-0.7674643958855811
2026-06-11,JBHT,CONTROL,control,289.1400146484375,289.1400146484375,289,0.34443167116723417,0.007943048927259572,0.34443167116723417,0.0007607757210376441,-88.0433734580481,306.12177441160196,0.6721332251406105,0.6721332251406105,-0.8129911881050028,-599.253365703106,-0.06197694030528131,0.5215751809076176,5.708572149062292,-0.2328240920258884,-0.03223354379209967,-0.05468719708389824,-499.2825126063047,0.02176833494577463,-0.9973323406667466,-0.9014469614918372,RECONSTRUCTED - approximate only,0.02176833494577463,-0.9997323497895851
2026-06-11,TJX,CONTROL,control,168.33999633789062,168.33999633789062,168,0.2640075873852778,0.0005367788138189328,0.2640075873852778,0.00041586863337119177,-43.15855417800854,3.0254369943350747,0.12206283597465069,0.12206283597465069,-0.5733343830952244,-271.19675306677624,-0.026909818687439552,0.5397506971964495,2.7102254884443937,-0.22387325779026124,-0.011999459769604426,-0.057312377479411765,-176.01947343873482,0.0035171167683494785,-0.94299591333301,-0.6996164573935215,RECONSTRUCTED - approximate only,0.0035171167683494785,-0.9776547549547735
2026-06-11,BURL,CONTROL,control,342.3699951171875,342.3699951171875,342,0.5029237557499499,0.01311879728213356,0.5029237557499499,-0.011449551555516732,-351.1025484984516,571.117387896898,0.7167229621732226,0.7167229621732226,-0.6137655458313084,-756.1671933743075,-0.015830776608508235,0.525561318881501,9.854198340148201,-0.4434298922638652,-0.024943799593182145,-0.26839809412771914,-674.4178885837301,0.03341384766707707,-0.7010906602741145,-0.7407096425177336,RECONSTRUCTED - approximate only,0.03341384766707707,-0.7940168533606339
2026-06-11,GTLS,CONTROL,control,206.49000549316406,206.49000549316406,206,0.15,0.00014530772458376838,0.02904169935142881,0.0011622365634686614,-22.161207427074004,-21.499716310211003,0.0027429783774662285,0.0027429783774662285,0.022866773613563048,-2.351427573421737,0.007264274105749192,0.5678571039649805,2.0740169763675027,-0.14840466414220638,0.003922696193741761,-0.0006143058045692297,-17.534692480093216,4.847813750542885e-05,0.09992681841742876,-0.0879925762082034,RECONSTRUCTED - approximate only,4.847813750542885e-05,0.04596209752989987
2026-06-11,PEGA,CONTROL,control,32.810001373291016,32.810001373291016,33,0.4151074008386714,-0.016408414403861107,0.4151074008386714,-0.0015240185816791062,-15.78607320878409,14.16422129545949,0.3454868778133129,0.3454868778133129,-0.5491735535637128,-72.41476130261952,-0.08290158813944282,0.47806088946913183,0.6776236620159128,-0.32377339036833863,-0.014020203593907413,-0.11976585111515625,-43.42887109273197,0.013592908740347324,-0.9994450698808701,-0.6968283254813376,RECONSTRUCTED - approximate only,0.013592908740347324,-0.9999753724420044
2026-06-11,OKTA,CONTROL,control,117.5,117.5,118,0.9863021510794445,-0.008701705672931596,0.9863021510794445,-0.010297864548703458,-166.52011386314894,133.91146962181057,0.33421043733696865,0.33421043733696865,-0.35103184831932277,-335.3520150747751,0.0026382770944148935,0.517637911771881,6.216621709004102,-0.36283153386240186,-0.010468113676030585,-0.17449636016912096,-270.7782769273461,0.031425578376023874,-0.46037154940843933,-0.504216444137719,RECONSTRUCTED - approximate only,0.031425578376023874,-0.5707566103044797
2026-06-11,JBHT,CONTROL,control,289.1400146484375,289.1400146484375,289,0.34443167116723417,0.007943048927259572,0.34443167116723417,0.0007607757210376441,-88.0433734580481,306.12177441160196,0.6721332251406105,0.6721332251406105,-0.8129911881050028,-599.253365703106,-0.06197694030528131,0.5215751809076176,5.708572149062292,-0.2328240920258884,-0.03223354379209967,-0.05468719708389824,-499.2825126063047,0.02176833494577463,-0.9973323406667466,-0.9014469614918372,RECONSTRUCTED - approximate only,0.02176833494577463,-0.9997323497895851
2026-06-11,GILD,CONTROL,control,125.04817199707031,125.04817199707031,125,0.24451224892607124,0.0025518365672803143,0.24451224892607124,-0.0022246065572630275,-45.15730593259165,259.64806012069664,1.654216529560936,1.654216529560936,0.5507862899063457,-147.51200038547594,-0.010301388978881063,0.5225792671609818,1.7733404605500027,-0.33101375519606746,0.017447926867050868,-0.1550680431307191,73.75609863017885,0.03350030216260983,-0.762632050333255,0.44495691562064493,RECONSTRUCTED - approximate only,0.03350030216260983,-0.8472995166464867
2026-06-11,GWRE,CONTROL,control,118.5199966430664,118.5199966430664,119,0.7813572106153137,-0.013037110308000087,0.7813572106153137,0.034087082601716306,132.63598558856813,139.8401830083111,0.4059620116715097,0.4059620116715097,-0.3597598210839824,-508.55285040502815,-0.0899425947911421,0.5102166679303911,4.940777519665929,0.20635315899087964,-0.008943617858731701,0.3906134846941091,-219.5696326632831,0.029981723797617828,-0.9754379396999211,-0.5135279604427199,RECONSTRUCTED - approximate only,0.029981723797617828,-0.9934784283982682
2026-06-11,INTC,CONTROL,control,116.95999908447266,116.95999908447266,117,0.942327448686665,0.06053807615951792,0.942327448686665,0.0650649852079372,347.3716873581062,130.50777503191674,0.33200685931018775,0.33200685931018775,-0.2385033432195367,981.3866860231512,0.14560539109094667,0.5278939357573667,6.119024496965878,0.545314607361261,0.000769527770089603,0.7050692691139273,-201.13398594767634,0.030303052705528414,1.7957401913369433,-0.38883371851725823,RECONSTRUCTED - approximate only,0.030303052705528414,1.7846201887432755
2026-06-11,BG,CONTROL,control,125.27999877929688,125.27999877929688,125,0.2875028896631533,0.007487648426854753,0.2875028896631533,0.015086202171649198,73.114034972127,-163.59828969357585,-0.6737915398682501,-0.6737915398682501,-0.9507748318057341,-231.55636595459293,-0.10137290127704665,0.5399027808458108,2.1929179739389895,0.316909299733777,-0.0467752288270293,0.46246102876564277,-221.30144543377324,-0.030115347563608313,-0.9999998977137875,-0.9841397400588893,RECONSTRUCTED - approximate only,-0.030115347563608313,-0.9999999999373305
2026-06-11,NVST,CONTROL,control,24.5,24.5,24,0.4247083706715496,0.004156291923916289,0.4247083706715496,0.004081648223254145,-7.477851101000375,12.831324532308397,0.2766375573593969,0.2766375573593969,0.056175945162954787,89.81292728972863,0.057551014180086096,0.6540529089332712,0.8679871965432593,-0.0756277323379022,0.01020408163265306,0.030342684587690207,-5.347671855692314,0.014072854086723416,1.2102143011541857,-0.016894320148701538,RECONSTRUCTED - approximate only,0.014072854086723416,1.2082940418224066
2026-06-11,VRTX,CONTROL,control,445.0400085449219,445.0400085449219,445,0.24713674831907367,0.004131230281260276,0.24713674831907367,-0.0002472044468548497,-115.48519861255518,383.77221150296526,0.7477341681993762,0.7477341681993762,0.585932545417925,67.52070674361822,0.014807649225598641,0.5190450779085052,6.309065522052464,-0.2634144722474561,0.018268031472931868,-0.08524832988079514,286.794592731219,0.01721103200205799,0.22008657976378349,0.4800283380399211,RECONSTRUCTED - approximate only,0.01721103200205799,0.15210342549321176
2026-06-11,OVV,CONTROL,control,56.234806060791016,56.234806060791016,56,0.3742888222084164,0.006040829635129007,0.3742888222084164,0.016274537589736595,30.66418905001208,-84.37435754053136,-0.5624305343782309,-0.5624305343782309,-0.8986686125755311,-138.40660270598428,-0.06801492672072541,0.5497938302659081,1.3096827656142906,0.2157618536777237,-0.04863191059705323,0.36216899549812726,-126.20905307556741,-0.030193894468813456,-0.9967040014792886,-0.9560068466422208,RECONSTRUCTED - approximate only,-0.030193894468813456,-0.9996198527144167
2026-06-11,SAIA,CONTROL,control,487.1400146484375,487.1400146484375,487,0.5168738075785744,0.01582919159944617,0.5168738075785744,-0.008765487134805825,-444.53383894163835,825.983813060699,0.7183204491782459,0.7183204491782459,-0.8915869403203164,-1491.988515587938,-0.1067865869503497,0.5212145320997958,14.204627834317193,-0.40203748965944125,-0.06183032542810684,-0.2231945399555832,-1346.4890419160004,0.034179699837493124,-0.9994090828598678,-0.9533874937589738,RECONSTRUCTED - approximate only,0.034179699837493124,-0.999971026805253
2026-06-11,CFG,CONTROL,control,66.51000213623047,66.51000213623047,67,0.25449659731449453,0.004618273645104192,0.25449659731449453,0.017140269929828155,41.905337659417135,56.88199069729252,0.9322861927999734,0.9322861927999734,0.1844770066885972,-26.381759271996252,0.008570134964914078,0.4350856501154142,0.7405380279523861,0.4975913656483968,0.011426770146229484,0.7194018122611889,4.272782400370757,0.01915415199329324,-0.25125940905920163,-0.004657946329151057,RECONSTRUCTED - approximate only,0.01915415199329324,-0.38679563135502304
2026-06-11,DELL,CONTROL,control,391.45001220703125,391.45001220703125,391,1.160527493585825,-0.0031095204235410574,1.160527493585825,0.01052495845883,-219.61489604475997,1145.870684347732,0.5795658102932432,0.5795658102932432,0.045664000228141564,-301.98075378736695,0.04611058176036643,0.5372394399040431,25.45944203939453,-0.16710509397540815,0.0322645905514868,0.014999925347951982,-145.44932351989513,0.06176093084409398,-0.01905459271760438,-0.09841754841564022,RECONSTRUCTED - approximate only,0.06176093084409398,-0.10869950047146074
2026-06-11,L,CONTROL,control,107.37000274658203,107.37000274658203,107,0.24722031982426945,0.004534917630079231,0.24722031982426945,0.006985191215559274,13.538640136735214,-72.86592084663138,-0.33486685158995516,-0.33486685158995516,0.26762906496953603,-91.10546891030299,-0.000838259895527677,0.5580216849586441,1.7115976333404745,0.049663667978014595,0.011921381638761502,0.19652071102700583,25.100984717018527,-0.010779419191786065,-0.4470399692874711,0.16472259701756017,RECONSTRUCTED - approximate only,-0.010779419191786065,-0.5370128949512357
2026-06-11,AMCR,CONTROL,control,39.91999816894531,39.91999816894531,40,0.37074651970689937,0.008121597803565767,0.37074651970689937,0.01703407656227723,21.53121890530969,81.51440967000596,1.1985510622537163,1.1985510622537163,1.0026179454107995,27.750361314030993,0.029058209301516667,0.5021359923037009,0.7973477293855566,0.22774466533800392,0.03757515202410216,0.4066732092422097,66.67286121652315,0.03742200217877904,0.4887762296952261,0.9085475906043485,RECONSTRUCTED - approximate only,0.03742200217877904,0.427583723618212
2026-06-11,XOM,CONTROL,control,146.60000610351562,146.60000610351562,147,0.31503930348816106,0.011153950265787813,0.31503930348816106,0.0027966465637853785,-24.85116584819288,-197.74106585752708,-0.7470216705868005,-0.7470216705868005,-0.8550882870797744,-255.77200321881935,-0.05995912809659209,0.49255581010879795,2.4261850312661295,-0.19201778796085323,-0.03233291470545438,0.0030833959501282726,-222.64907855243595,-0.03742611184521837,-0.998796355679697,-0.9327128248846518,RECONSTRUCTED - approximate only,-0.03742611184521837,-0.9999206666173557
2026-06-11,ADBE,CONTROL,control,218.8000030517578,218.8000030517578,219,0.4356568654595286,-0.014825634765088665,0.4356568654595286,-0.06755026770178162,-498.42785461137186,-413.01542415391816,-0.7170483564184579,-0.7170483564184579,-0.8944061017743502,-554.6553241799944,-0.1080438713890526,0.5123317843082243,5.27032212805743,-0.9550450609687612,-0.05246798705401953,-0.8876410058800964,-501.815006897414,-0.048364627721580455,-0.9999430789491097,-0.9555077484047791,RECONSTRUCTED - approximate only,-0.048364627721580455,-0.999999132480888
2026-06-11,FDX,CONTROL,control,336.7358703613281,336.7358703613281,337,0.4161726502556079,0.01763508516885397,0.4161726502556079,0.0009171517435716227,-120.59340462359832,753.5177456235402,1.1278277951539424,1.1278277951539424,-0.389742258066515,-759.416084991942,-0.034911217989297055,0.5127042770232723,7.770120014347754,-0.24083987548558672,-0.006686416846736241,-0.05634567779257954,-366.6938915282506,0.04038412620044127,-0.9217697966759822,-0.5375076788473601,RECONSTRUCTED - approximate only,0.04038412620044127,-0.9665224351650776
2026-06-11,ON,CONTROL,control,115.95999908447266,115.95999908447266,116,0.7489166024636357,0.0316783657181527,0.7489166024636357,0.007157656412622608,-41.83008598996976,75.54115465845895,0.272728280040765,0.272728280040765,0.021489484371716727,96.20970410934245,0.04880996642632144,0.5230368997399895,4.829986382820735,-0.1667200097866135,0.019748197081815782,0.016933202012793143,-39.73944172373046,0.02023575002866225,0.3177726468746304,-0.12416215125973776,RECONSTRUCTED - approximate only,0.02023575002866225,0.24904890888458114
2026-06-11,HPE,CONTROL,control,46.663475036621094,46.663475036621094,47,0.8709560577139187,-0.0107716526024409,0.8709560577139187,0.029273454839751318,33.0251687752689,78.35605479463575,0.5029764137272789,0.5029764137272789,0.19827664354382138,-86.1639457043012,0.015998054371328955,0.5034628266383233,2.108264622854314,0.08120760640387004,0.036785216492064204,0.2766446638682542,17.329218918021585,0.039999983045789944,-0.3184524809963648,0.044313821895696714,RECONSTRUCTED - approximate only,0.039999983045789944,-0.4321835223689127
2026-06-11,MTB,CONTROL,control,227.82000732421875,227.82000732421875,228,0.214003012500478,0.000937823072996065,0.214003012500478,0.01782107553361555,194.13851980241176,190.10470759916373,0.8480333697293653,0.8480333697293653,-0.15763163345677272,-244.05599673918886,-0.011851514881170058,0.5081879835134108,2.7125298829690365,0.7205882725284278,0.0023263926005524832,0.8636870889209655,-69.04544787369856,0.016418345429603264,-0.8367822357833518,-0.3071352884045358,RECONSTRUCTED - approximate only,0.016418345429603264,-0.9086699978361331
2026-06-11,KLAC,CONTROL,control,241.16400146484375,241.16400146484375,241,0.6062102532064354,0.036396632497697576,0.6062102532064354,0.05546429707602517,690.779936718995,1374.7453746378915,1.8573692330113054,1.8573692330113054,-0.462071872004089,921.6385130211246,0.07628002513647013,0.5245198501396392,8.267015541921111,0.8513896234581119,-0.01589789359316122,0.9864822542568308,-446.86591341673795,0.08957831427464069,1.2804323822736225,-0.6035640612508686,RECONSTRUCTED - approximate only,0.08957831427464069,1.2605899501500821
2026-06-11,HAL,CONTROL,control,39.7599983215332,39.7599983215332,40,0.340567766886827,0.01459858640164586,0.340567766886827,-0.004024141201370643,-20.050802204325212,-28.95146318663932,-0.3401965596378729,-0.3401965596378729,-0.9830777144648233,-69.90809639323763,-0.12147882847725357,0.46665231560693254,0.6534104478757143,-0.4030520601837883,-0.0643862592219303,-0.19680863472867954,-68.85766320074106,-0.01364433225056248,-0.9999999897910161,-0.9968806614066221,RECONSTRUCTED - approximate only,-0.01364433225056248,-0.9999999999983548
2026-06-11,CPRI,CONTROL,control,20.850000381469727,20.850000381469727,21,0.4759428720862177,0.009748616536115877,0.4759428720862177,0.023021560357520374,14.70165006270857,69.6669551263279,1.638075694758674,1.638075694758674,-0.362690399511606,-45.861282307917314,-0.02541969673614691,0.47557765218726633,0.487352864301009,0.2489475828601811,-0.004316554001978703,0.4508821827347907,-22.965558123373647,0.059451222467015855,-0.8572142664039536,-0.5278603613503047,RECONSTRUCTED - approximate only,0.059451222467015855,-0.9270362401178366
2026-06-11,ON,CONTROL,control,115.95999908447266,115.95999908447266,116,0.7489166024636357,0.0316783657181527,0.7489166024636357,0.007157656412622608,-41.83008598996976,75.54115465845895,0.272728280040765,0.272728280040765,0.021489484371716727,96.20970410934245,0.04880996642632144,0.5230368997399895,4.829986382820735,-0.1667200097866135,0.019748197081815782,0.016933202012793143,-39.73944172373046,0.02023575002866225,0.3177726468746304,-0.12416215125973776,RECONSTRUCTED - approximate only,0.02023575002866225,0.24904890888458114
2026-06-11,CG,CONTROL,control,44.54999923706055,44.54999923706055,45,0.3655728096597329,0.002720447295949589,0.3655728096597329,0.026936044522783933,47.038487390966914,5.8494402698561005,0.21053525696719594,0.21053525696719594,1.7781312397369715,-38.68748263714586,0.005611672374441442,0.43869989229859213,0.7148833039482341,0.599271998169196,0.05117851028148699,0.817024336611053,112.31101883460754,0.007234901608322267,-0.4452496973342327,1.6801017348310037,RECONSTRUCTED - approximate only,0.007234901608322267,-0.5788243313168813
2026-06-11,ABNB,CONTROL,control,130.8699951171875,130.8699951171875,131,0.2510912375606116,-0.0056546162030603146,0.2510912375606116,0.010774078969337377,43.307005399872615,129.34017417605534,0.8636933073936954,0.8636933073936954,4.666265188139378,895.6772054142318,0.08817917762271159,0.5065457951142373,1.8131659574417966,0.18992264446717855,0.07893330951685824,0.3642286559698848,784.3360932409378,0.019474955948372348,5.312654837292566,4.665159172039165,RECONSTRUCTED - approximate only,0.019474955948372348,5.312653904088626
2026-06-11,HIG,CONTROL,control,128.39999389648438,128.39999389648438,128,0.22368995117144358,0.0061117791930595765,0.22368995117144358,0.009501567591091054,40.4437593185511,-93.68274141566054,-0.4179649436220771,-0.4179649436220771,0.7936345342232445,-101.7902785894251,-0.0011681768194264834,0.5584986042605502,1.8585582594272836,0.20336578434424032,0.020405066203420582,0.3416872735220068,120.24093916772406,-0.012687498012720233,-0.46388359918913,0.7254078009660908,RECONSTRUCTED - approximate only,-0.012687498012720233,-0.5539244308385558
2026-06-11,SNA,CONTROL,control,384.6700134277344,384.6700134277344,385,0.2305779711375239,0.007715636982352301,0.2305779711375239,0.00730495609354704,60.46960102649156,126.93735156327266,0.37966361451908115,0.37966361451908115,0.31539884055860135,-140.42104468722155,0.006707012457965641,0.5076361766391596,4.91933167738398,0.05914504112819044,0.012270260368475129,0.23743686953607462,96.90407642632026,0.008653062256596365,-0.1924260701098962,0.18514833553372728,RECONSTRUCTED - approximate only,0.008653062256596365,-0.29110276762950604
2026-06-11,OXY,CONTROL,control,55.470001220703125,55.470001220703125,55,0.4086529746182548,0.007180382808555237,0.4086529746182548,0.019289700221330836,40.46274202239441,-101.1206079940367,-0.5837321948175384,-0.5837321948175384,-0.7256481723685416,-159.9792976984027,-0.06580136011456608,0.5775381413198882,1.5250367624486465,0.2664175617147728,-0.032450027260608666,0.3935236258300793,-121.6811808737278,-0.035472042433815396,-0.9899946338868804,-0.8256350773381349,RECONSTRUCTED - approximate only,-0.035472042433815396,-0.9980185267134917
2026-06-11,PNW,CONTROL,control,102.4000015258789,102.4000015258789,102,0.19325826692598308,0.0027157980935097383,0.19325826692598308,0.010156258789356666,41.75313961991784,-61.63504081574277,-0.3625703499352764,-0.3625703499352764,0.5535658126877568,-70.37197437841945,-0.0007812678697516342,0.5774805097533395,1.3575463966725039,0.31955834411029393,0.014160126236675289,0.43909406376902405,56.51620709513325,-0.009479548786761664,-0.4303158958243961,0.48094913488442315,RECONSTRUCTED - approximate only,-0.009479548786761664,-0.513209120715671
2026-06-11,AXON,CONTROL,control,446.20001220703125,446.20001220703125,446,0.6496611923156903,-0.00630042527154672,0.6496611923156903,-0.010017931641447602,-491.68384246198985,-92.03448925862202,0.04671878725003418,0.04671878725003418,-0.541727492832553,-1571.4096849657121,-0.05109820189778021,0.5241714259000587,16.314119981393702,-0.39050577465899483,-0.02422679798936905,-0.2111458908126173,-1004.0328947664741,0.003215197132636162,-0.9078144942807868,-0.6776409209910251,RECONSTRUCTED - approximate only,0.003215197132636162,-0.9576041778008431
2026-06-11,VZ,CONTROL,control,46.939998626708984,46.939998626708984,47,0.22161678829996065,0.00851965292186712,0.22161678829996065,0.02492547971607404,62.34504131026666,-24.190438227503353,-0.31943749273609934,-0.31943749273609934,-0.43173725839021737,-60.44882416553135,-0.033446948034866045,0.5019812726697286,0.5673454490456713,1.1650502236968767,-0.004473776962429782,1.2861095089016592,-30.243150519915478,-0.008658919970951905,-0.99216205771198,-0.5798458003438557,RECONSTRUCTED - approximate only,-0.008658919970951905,-0.9987459526430881
2026-06-11,COIN,CONTROL,control,160.42999267578125,160.42999267578125,160,0.6963862919889392,0.004741155561158142,0.6963862919889392,-0.004051573434887397,-142.6025814792376,277.36838486399796,0.5597100278890691,0.5597100278890691,0.6809465036750443,-181.9238121496363,0.01764010447082635,0.534263659834516,6.454773073159501,-0.3014160875328713,0.055101988407771016,-0.12517028688479218,351.7110091058644,0.03703940427003461,-0.18929456926870467,0.5795246694304775,RECONSTRUCTED - approximate only,0.03703940427003461,-0.2826075117269295
2026-06-11,XOM,CONTROL,control,146.60000610351562,146.60000610351562,147,0.31503930348816106,0.011153950265787813,0.31503930348816106,0.0027966465637853785,-24.85116584819288,-197.74106585752708,-0.7470216705868005,-0.7470216705868005,-0.8550882870797744,-255.77200321881935,-0.05995912809659209,0.49255581010879795,2.4261850312661295,-0.19201778796085323,-0.03233291470545438,0.0030833959501282726,-222.64907855243595,-0.03742611184521837,-0.998796355679697,-0.9327128248846518,RECONSTRUCTED - approximate only,-0.03742611184521837,-0.9999206666173557
2026-06-11,JBHT,CONTROL,control,289.1400146484375,289.1400146484375,289,0.34443167116723417,0.007943048927259572,0.34443167116723417,0.0007607757210376441,-88.0433734580481,306.12177441160196,0.6721332251406105,0.6721332251406105,-0.8129911881050028,-599.253365703106,-0.06197694030528131,0.5215751809076176,5.708572149062292,-0.2328240920258884,-0.03223354379209967,-0.05468719708389824,-499.2825126063047,0.02176833494577463,-0.9973323406667466,-0.9014469614918372,RECONSTRUCTED - approximate only,0.02176833494577463,-0.9997323497895851
2026-06-11,QCOM,CONTROL,control,202.9600067138672,202.9600067138672,203,1.0608750768202246,-0.0014644287853868042,1.0608750768202246,0.043161185539305626,285.46242265576234,624.3391979153431,0.6560036002222193,0.6560036002222193,0.32781519864934056,1005.5342240514493,0.1140618502694534,0.5313418749898158,11.957857570252557,0.181274947931252,0.054739851413261084,0.35769565256989494,251.5183325046964,0.06306310842443891,0.9915636450639793,0.19448157453015416,RECONSTRUCTED - approximate only,0.06306310842443891,0.9568377917199078
2026-06-11,COST,CONTROL,control,975.6900024414062,975.6900024414062,976,0.24598941411712968,0.0035998434413507738,0.24598941411712968,0.006825911024881292,114.6934833752093,-608.9637273382898,-0.3661011169831983,-0.3661011169831983,0.2279080770221956,-1362.862491564212,-0.02484394651346312,0.5143015174546889,13.570099875362644,0.019740991528060938,0.011263813513385866,0.19523921162631572,156.80886116771188,-0.01136878844923969,-0.9508997948428887,0.09657010251725365,RECONSTRUCTED - approximate only,-0.01136878844923969,-0.9824257316921374
2026-06-11,SNPS,CONTROL,control,456.2900085449219,456.2900085449219,456,0.41077464959510357,-0.006036389298902159,0.41077464959510357,-0.005259799363430713,-298.621626438141,-179.59875829366558,-0.06992663585713255,-0.06992663585713255,-0.568727393493086,-618.2132794186011,-0.0017094364651644217,0.5225186957921988,10.713118581145295,-0.36461561009711024,-0.01733547418084793,-0.18687412288137267,-687.2513664609786,-0.0032112923570055225,-0.5008931116073023,-0.7010479285712679,RECONSTRUCTED - approximate only,-0.0032112923570055225,-0.6040359291636068
2026-06-11,DDOG,CONTROL,control,234.24000549316406,234.24000549316406,234,0.974412363000676,0.004437000769542216,0.974412363000676,-0.018528054537662417,-426.14098836477314,180.20818897960706,0.2542795515720721,0.2542795515720721,-0.36511996679648356,-1109.9716291177192,-0.04798499500330692,0.5327457130191345,12.821492108525035,-0.4214545431154395,-0.013362383919957022,-0.2435270114542945,-574.246284515124,0.02449267896459399,-0.8049450749804213,-0.5112991886551902,RECONSTRUCTED - approximate only,0.02449267896459399,-0.8827979277848403
2026-06-11,COKE,CONTROL,control,186.3000030517578,186.3000030517578,186,0.6183257885174226,-0.0012036619496289076,0.6183257885174226,0.008534601781240405,-30.21863817696283,-266.917787993589,-0.31862184762344176,-0.31862184762344176,-0.2518095017696997,-541.79158694486,-0.025550239869306796,0.5290308103404344,6.596073650456319,-0.11785363034794866,-0.0007514728253093099,0.05911347343340876,-225.05136836254,-0.023840727829423935,-0.7572780184521607,-0.3973630418804073,RECONSTRUCTED - approximate only,-0.023840727829423935,-0.8429477907860168
2026-06-11,CL,CONTROL,control,89.38999938964844,89.38999938964844,89,0.27292417542849073,0.0023347050693956857,0.27292417542849073,0.000671188712422095,-24.01510361492306,-54.861146378374876,-0.24817483267532972,-0.24817483267532972,0.31451748794210144,-73.861771687895,0.0010068684181642237,0.5635414211226647,1.595192242677797,-0.19799355344305766,0.014207453642828941,-0.04462871560128464,30.411083983638044,-0.008540419711457258,-0.37355569703418,0.21720090913774348,RECONSTRUCTED - approximate only,-0.008540419711457258,-0.45941282318009147
2026-06-11,OKE,CONTROL,control,89.19999694824219,89.19999694824219,89,0.35035472099152887,0.007949665707509887,0.35035472099152887,0.015582953331881581,46.95366581847502,-105.7373040292913,-0.48260376931190657,-0.48260376931190657,-0.8012841128131699,-194.18040656314244,-0.046748859995644744,0.5359700763245981,1.8700491412866285,0.22222932093700712,-0.03239909740496229,0.37687811880187777,-162.3523547866905,-0.02289411705909701,-0.9804409684090307,-0.8913020091348803,RECONSTRUCTED - approximate only,-0.02289411705909701,-0.9950957250127765
2026-06-11,XOM,CONTROL,control,146.60000610351562,146.60000610351562,147,0.31503930348816106,0.011153950265787813,0.31503930348816106,0.0027966465637853785,-24.85116584819288,-197.74106585752708,-0.7470216705868005,-0.7470216705868005,-0.8550882870797744,-255.77200321881935,-0.05995912809659209,0.49255581010879795,2.4261850312661295,-0.19201778796085323,-0.03233291470545438,0.0030833959501282726,-222.64907855243595,-0.03742611184521837,-0.998796355679697,-0.9327128248846518,RECONSTRUCTED - approximate only,-0.03742611184521837,-0.9999206666173557
2026-06-11,HWM,CONTROL,control,264.6000061035156,264.6000061035156,265,0.38171109438414674,0.007575451312819113,0.38171109438414674,0.00026457793879022833,-94.01276755517563,851.1152455108688,1.7342422980705055,1.7342422980705055,1.400844257841456,644.5526727447118,0.04935751042078388,0.5063807553125795,5.508230177239085,-0.2595253014481379,0.04845051787037134,-0.0719124207574638,676.6540966197767,0.052589708663845325,1.339497924422605,1.3327871305128909,RECONSTRUCTED - approximate only,0.052589708663845325,1.3192352837077532
2026-06-11,OXY,CONTROL,control,55.470001220703125,55.470001220703125,55,0.4086529746182548,0.007180382808555237,0.4086529746182548,0.019289700221330836,40.46274202239441,-101.1206079940367,-0.5837321948175384,-0.5837321948175384,-0.7256481723685416,-159.9792976984027,-0.06580136011456608,0.5775381413198882,1.5250367624486465,0.2664175617147728,-0.032450027260608666,0.3935236258300793,-121.6811808737278,-0.035472042433815396,-0.9899946338868804,-0.8256350773381349,RECONSTRUCTED - approximate only,-0.035472042433815396,-0.9980185267134917
2026-06-11,LNT,CONTROL,control,72.62000274658203,72.62000274658203,73,0.209974996660748,0.003835599716395548,0.209974996660748,0.006747422820671729,8.24346432966825,-32.35238209368269,-0.3628727452602736,-0.3628727452602736,0.6857869096064921,-30.661670579644333,0.005232680240236619,0.4475055917141493,0.6982313847978219,0.02554976888772292,0.016799690789959583,0.24913741139703985,37.207290791243956,-0.009006496229654774,-0.3373841125617875,0.5326655762403719,RECONSTRUCTED - approximate only,-0.009006496229654774,-0.46699611204777375
2026-06-11,CVX,CONTROL,control,185.82000732421875,185.82000732421875,186,0.2615080018136211,0.010590065724539629,0.2615080018136211,0.0075341397121014295,24.82981681484903,-217.1074080356343,-0.7412108990053038,-0.7412108990053038,-0.8853481604067253,-283.0689355700331,-0.06560112991566691,0.5071213691502178,2.683669875258971,0.027346155771358103,-0.0307286970659966,0.20775367129577813,-253.85500653653995,-0.031228769671117842,-0.9999356680926874,-0.9503729182440694,RECONSTRUCTED - approximate only,-0.031228769671117842,-0.9999989700879094
2026-06-11,GATX,CONTROL,control,171.56887817382812,171.56887817382812,172,0.3537550874291775,0.005241740122531457,0.3537550874291775,0.013645397190913006,64.88533078117852,-51.05776231342128,-0.057196806515562595,-0.057196806515562595,0.9904774718010024,183.2428524358317,0.032646480263409494,0.4971435981959544,3.223969185207082,0.13546416628353614,0.0355025081070351,0.32135942073439205,269.8208486821127,-0.002201650459876635,0.7077987994706765,0.8925658021469768,RECONSTRUCTED - approximate only,-0.002201650459876635,0.6574213799162022
2026-06-11,QCOM,CONTROL,control,202.9600067138672,202.9600067138672,203,1.0608750768202246,-0.0014644287853868042,1.0608750768202246,0.043161185539305626,285.46242265576234,624.3391979153431,0.6560036002222193,0.6560036002222193,0.32781519864934056,1005.5342240514493,0.1140618502694534,0.5313418749898158,11.957857570252557,0.181274947931252,0.054739851413261084,0.35769565256989494,251.5183325046964,0.06306310842443891,0.9915636450639793,0.19448157453015416,RECONSTRUCTED - approximate only,0.06306310842443891,0.9568377917199078
2026-06-11,NXT,CONTROL,control,119.68000030517578,119.68000030517578,120,0.8817899399936421,0.02572581475052663,0.8817899399936421,0.018382327394989524,14.170899275698623,222.67261297951381,0.5167227143586134,0.5167227143586134,0.3821458560889809,62.440202023490784,0.05197193520089028,0.518760624989313,5.729861939961815,-0.05390800404439159,0.049632373214067944,0.13368471028631668,149.41746525062757,0.04223633542440176,0.22236013196050022,0.2474295644783008,RECONSTRUCTED - approximate only,0.04223633542440176,0.14295210491628413
2026-06-11,XOM,CONTROL,control,146.60000610351562,146.60000610351562,147,0.31503930348816106,0.011153950265787813,0.31503930348816106,0.0027966465637853785,-24.85116584819288,-197.74106585752708,-0.7470216705868005,-0.7470216705868005,-0.8550882870797744,-255.77200321881935,-0.05995912809659209,0.49255581010879795,2.4261850312661295,-0.19201778796085323,-0.03233291470545438,0.0030833959501282726,-222.64907855243595,-0.03742611184521837,-0.998796355679697,-0.9327128248846518,RECONSTRUCTED - approximate only,-0.03742611184521837,-0.9999206666173557
2026-06-11,CINF,CONTROL,control,167.38267517089844,167.38267517089844,167,0.1885794770521263,0.006489224253289217,0.1885794770521263,0.0042185711390698155,4.665241860246762,22.679968399909345,0.229864919202899,0.229864919202899,1.0429320470685877,25.213648729992,0.011289299664864442,0.5546502456499505,2.0258198387321755,-0.014337711657561198,0.0207366892712773,0.13625901368655427,179.1570825957831,0.004716187516140293,0.243030117190455,0.9878653929198937,RECONSTRUCTED - approximate only,0.004716187516140293,0.19264818720542637
2026-06-11,CRUS,CONTROL,control,162.92999267578125,162.92999267578125,163,0.43792198988065845,0.0226768983453584,0.43792198988065845,0.007119644720157186,-10.524789201326367,36.26406982043057,0.20452401682769716,0.20452401682769716,-0.49601281705486916,-87.94497163816284,0.014484752448542675,0.5155750854610531,3.9835567162958654,-0.10086785418343829,-0.013318592441500013,0.08088719160630395,-228.84561009399553,0.009166898454717971,-0.12369111538127432,-0.6369805634587349,RECONSTRUCTED - approximate only,0.009166898454717971,-0.21816848752040902
2026-06-11,TXT,CONTROL,control,93.7300033569336,93.7300033569336,94,0.32274668078445007,0.007993000812615593,0.32274668078445007,-0.009708776587193607,-67.6926479628664,76.4109066393119,0.6215702105435785,0.6215702105435785,-0.2657296808762141,-166.13731785341048,-0.04544971709867478,0.49180058761288137,1.5843470263964434,-0.5207337970526291,0.00010663081700613388,-0.33584599743094334,-57.139233087507485,0.018357619880780583,-0.9899070495826962,-0.4249572580841401,RECONSTRUCTED - approximate only,0.018357619880780583,-0.9982185855844219
2026-06-11,BALL,CONTROL,control,56.34000015258789,56.34000015258789,56,0.3000190785174393,0.0014619520207019823,0.3000190785174393,0.011359591549788807,19.00529252733966,92.0924547129763,0.9671755896174133,0.9671755896174133,1.0283278950759331,48.4468864817308,0.024494161597048668,0.5751658546313579,1.1405781312355145,0.1604973093372837,0.03283632355538992,0.2926592822697386,98.71860802963538,0.02810220687897128,0.5643736934286422,0.9799219399051421,RECONSTRUCTED - approximate only,0.02810220687897128,0.5369479943922761
2026-06-11,MTB,CONTROL,control,227.82000732421875,227.82000732421875,228,0.214003012500478,0.000937823072996065,0.214003012500478,0.01782107553361555,194.13851980241176,190.10470759916373,0.8480333697293653,0.8480333697293653,-0.15763163345677272,-244.05599673918886,-0.011851514881170058,0.5081879835134108,2.7125298829690365,0.7205882725284278,0.0023263926005524832,0.8636870889209655,-69.04544787369856,0.016418345429603264,-0.8367822357833518,-0.3071352884045358,RECONSTRUCTED - approximate only,0.016418345429603264,-0.9086699978361331
2026-06-11,APPF,CONTROL,control,159.67999267578125,159.67999267578125,160,0.48138394267126355,-0.01633792704573104,0.48138394267126355,0.009581751680014922,3.954774651110861,-259.66125299679254,-0.547644913777184,-0.547644913777184,-0.4515791007184754,-424.0532872187248,-0.051227411391420445,0.5070547372207993,4.165352298133186,-0.06901887668653624,-0.01120987830809377,0.11854256703496843,-221.64719725316064,-0.03557416432858935,-0.9630821545286009,-0.5989330646202004,RECONSTRUCTED - approximate only,-0.03557416432858935,-0.9883849835053032
2026-06-11,VLO,CONTROL,control,255.60000610351562,255.60000610351562,256,0.39521462967414167,0.0234505931995681,0.39521462967414167,0.01201098298477906,63.441930199455754,-360.3980820851361,-0.5813884758378925,-0.5813884758378925,-0.8796245925808049,-578.6579197797923,-0.07550861733524955,0.5065086124379725,5.5049454857837645,0.04587129113041456,-0.044874808086107325,0.229059842868177,-516.3665707184857,-0.031964862021924716,-0.9987353835713709,-0.9470357336415096,RECONSTRUCTED - approximate only,-0.031964862021924716,-0.9999127638003967
2026-06-11,HPE,CONTROL,control,46.663475036621094,46.663475036621094,47,0.8709560577139187,-0.0107716526024409,0.8709560577139187,0.029273454839751318,33.0251687752689,78.35605479463575,0.5029764137272789,0.5029764137272789,0.19827664354382138,-86.1639457043012,0.015998054371328955,0.5034628266383233,2.108264622854314,0.08120760640387004,0.036785216492064204,0.2766446638682542,17.329218918021585,0.039999983045789944,-0.3184524809963648,0.044313821895696714,RECONSTRUCTED - approximate only,0.039999983045789944,-0.4321835223689127
2026-06-11,APO,CONTROL,control,133.91000366210938,133.91000366210938,134,0.3217337815088311,0.0005338365452537591,0.3217337815088311,-0.00022402194366725518,-44.36688512571037,132.02986036353337,0.6902925487569584,0.6902925487569584,1.0595745906266256,104.10917457779591,0.026809022774348826,0.5114562530509899,2.39897727579897,-0.2673591739324506,0.034127338813020984,-0.08370721605398372,216.19028691010104,0.020577675558923914,0.567781194187558,0.976921284131175,RECONSTRUCTED - approximate only,0.020577675558923914,0.5166771281888256
2026-06-11,BILL,CONTROL,control,32.130001068115234,32.130001068115234,32,0.6117081991473104,-0.010188268680946204,0.6117081991473104,0.03267971373030958,41.06585000115108,-9.31458937866122,0.03284985654725919,0.03284985654725919,0.6709566465526338,-42.63145722301544,0.010582014979305297,0.540437252150124,1.1650359416417935,0.33592642947504014,0.04824149348064341,0.48804646943200936,61.31005839272247,0.002183396501116031,-0.26817422306320726,0.5751157639069732,RECONSTRUCTED - approximate only,0.002183396501116031,-0.3616036474427988
2026-06-11,QLYS,CONTROL,control,110.83000183105469,110.83000183105469,111,0.5018284474053633,-0.011524470764394737,0.5018284474053633,0.003699323521981233,-33.80871491294269,71.12312426958324,0.35592865292297676,0.35592865292297676,0.30419683681197895,-147.98861316280326,0.004240739988614077,0.5105673172848055,3.0412988290871183,-0.1944136454226655,0.025624797356042766,-0.0072535720664295795,56.176592651915094,0.017442408157127564,-0.4024444866497126,0.1688434414995669,RECONSTRUCTED - approximate only,0.017442408157127564,-0.5103030986922408
2026-06-11,DDOG,CONTROL,control,234.24000549316406,234.24000549316406,234,0.974412363000676,0.004437000769542216,0.974412363000676,-0.018528054537662417,-426.14098836477314,180.20818897960706,0.2542795515720721,0.2542795515720721,-0.36511996679648356,-1109.9716291177192,-0.04798499500330692,0.5327457130191345,12.821492108525035,-0.4214545431154395,-0.013362383919957022,-0.2435270114542945,-574.246284515124,0.02449267896459399,-0.8049450749804213,-0.5112991886551902,RECONSTRUCTED - approximate only,0.02449267896459399,-0.8827979277848403
2026-06-11,BURL,CONTROL,control,342.3699951171875,342.3699951171875,342,0.5029237557499499,0.01311879728213356,0.5029237557499499,-0.011449551555516732,-351.1025484984516,571.117387896898,0.7167229621732226,0.7167229621732226,-0.6137655458313084,-756.1671933743075,-0.015830776608508235,0.525561318881501,9.854198340148201,-0.4434298922638652,-0.024943799593182145,-0.26839809412771914,-674.4178885837301,0.03341384766707707,-0.7010906602741145,-0.7407096425177336,RECONSTRUCTED - approximate only,0.03341384766707707,-0.7940168533606339
2026-06-11,POR,CONTROL,control,49.520477294921875,49.520477294921875,50,0.2514455520774234,0.006900660769420636,0.2514455520774234,0.013386592731685161,19.002764023618557,-34.81514607325977,-0.6053936233701916,-0.6053936233701916,0.3658692848718958,-32.00205270550295,0.0025973893917927487,0.4083470989157966,0.4964295291315217,0.2794642547634642,0.01478519887076189,0.5357639499923684,10.990394805885751,-0.019972595728584817,-0.5457446552959391,0.15976154866941564,RECONSTRUCTED - approximate only,-0.019972595728584817,-0.6829556122438811
2026-06-11,LEN,CONTROL,control,94.94999694824219,94.94999694824219,95,0.38050172234604246,0.0020033423286882476,0.38050172234604246,-0.04897308105253668,-178.7846171233083,323.1474167994272,1.7993736230499886,1.7993736230499886,-0.933855514530571,-210.96833396734866,-0.054976237589075896,0.5137819583301642,2.0159464430182723,-0.9147003774435012,-0.054449692839521724,-0.8214772989681035,-200.30672119721854,0.05464843091919164,-0.9895253976428663,-0.9767637572726805,RECONSTRUCTED - approximate only,0.05464843091919164,-0.998060809415235
2026-06-11,DINO,CONTROL,control,69.9000015258789,69.9000015258789,70,0.39535694043784586,0.017523994153960443,0.39535694043784586,0.019456374544542073,47.37745279479101,-94.33937223491952,-0.5430799333429804,-0.5430799333429804,-0.894466940025407,-159.76030554498283,-0.0772532390271791,0.5074912941843069,1.5105610381835106,0.2708367654637061,-0.04749641805937677,0.44447105945781185,-144.7645667886678,-0.02916664547390408,-0.9989644595928654,-0.9557911636296105,RECONSTRUCTED - approximate only,-0.02916664547390408,-0.9999349686386645
2026-06-11,AZO,CONTROL,control,3081.6201171875,3081.6201171875,3082,0.39587718716161463,4.8199334864878973e-05,0.39587718716161463,0.011253798431286302,660.502812670645,-1988.5613003584965,-0.19941835498509058,-0.19941835498509058,0.14351856623687678,-4531.453781917294,-0.00556205374671336,0.5170113169001161,68.65707015188786,0.03020726710140027,0.014982353476176638,0.20672897024474965,248.21790415236416,-0.009189066437225864,-0.5892877336281037,0.00624444688456855,RECONSTRUCTED - approximate only,-0.009189066437225864,-0.6917051307040094
2026-06-11,DGX,CONTROL,control,203.8300018310547,203.8300018310547,204,0.22767698839841044,0.0014231452873643777,0.22767698839841044,-0.0037776787790992548,-81.54189277297537,-38.46074326105038,-0.046562795571498276,-0.046562795571498276,-0.6790590085805479,-271.4386260759184,-0.04332042266463536,0.5078733273702567,2.576408773381189,-0.40454492755109106,-0.013687918951373924,-0.22257748276762737,-193.2697785321052,-0.0011760939116484217,-0.9984299029225778,-0.7992979928311548,RECONSTRUCTED - approximate only,-0.0011760939116484217,-0.9998798096365549
2026-06-11,AMCR,CONTROL,control,39.91999816894531,39.91999816894531,40,0.37074651970689937,0.008121597803565767,0.37074651970689937,0.01703407656227723,21.53121890530969,81.51440967000596,1.1985510622537163,1.1985510622537163,1.0026179454107995,27.750361314030993,0.029058209301516667,0.5021359923037009,0.7973477293855566,0.22774466533800392,0.03757515202410216,0.4066732092422097,66.67286121652315,0.03742200217877904,0.4887762296952261,0.9085475906043485,RECONSTRUCTED - approximate only,0.03742200217877904,0.427583723618212
2026-06-11,NTNX,CONTROL,control,49.209999084472656,49.209999084472656,49,0.5422748003716551,-0.007168727225408434,0.5422748003716551,0.002032153844317248,-22.76462145151147,-22.113855588419106,-0.03148594166803932,-0.03148594166803932,-0.4971533675193552,-156.5935622148779,-0.04694162978195683,0.5427103369122896,1.6021547302373556,-0.20469066985311235,-0.01808574286133773,-0.03576153805747473,-92.99062614770729,-0.0019065748902802593,-0.9150309779306528,-0.6299107092522345,RECONSTRUCTED - approximate only,-0.0019065748902802593,-0.9611769324994617
2026-06-11,MUR,CONTROL,control,38.4900016784668,38.4900016784668,38,0.4639067339776727,0.01731924257194472,0.4639067339776727,0.009093230939423423,0.015106188333414705,-95.14990877917154,-0.6755601502631075,-0.6755601502631075,-0.9320748138419709,-134.09781976914738,-0.10911926681700147,0.5973447860220795,1.265195040032225,-0.015281374542388607,-0.07248638071866356,0.11620473021921898,-125.98131138444525,-0.050333016587015764,-0.9996034775356805,-0.9732828915920131,RECONSTRUCTED - approximate only,-0.050333016587015764,-0.9999820446176152
2026-06-11,FIX,CONTROL,control,1843.4200439453125,1843.4200439453125,1843,0.48648298694980785,0.006699711344187625,0.48648298694980785,0.018547016193377296,1007.2744075150217,7376.451655145817,1.639822773989605,1.639822773989605,0.6684806421537883,6639.844777111188,0.06726084521084513,0.5204572270115582,50.607707203977384,0.14300989933941216,0.03825492605039157,0.31504489465458874,2706.4988258765675,0.06494514381589399,1.4866098141604063,0.5625643385855243,RECONSTRUCTED - approximate only,0.06494514381589399,1.4725418724138808
2026-06-11,RGA,CONTROL,control,206.17999267578125,206.17999267578125,206,0.23156843579020742,0.008424619800921665,0.23156843579020742,0.020710080629285567,217.88437465337313,-72.32745247845644,-0.15908847609710483,-0.15908847609710483,0.5080110893577025,154.23712022621828,0.02114657466889951,0.5291646505197637,2.8282684817190926,0.7979780059452688,0.015811474834764284,0.9210286902805945,106.91253166025535,-0.004346190589701202,0.6841448500215597,0.4039123485772421,RECONSTRUCTED - approximate only,-0.004346190589701202,0.6481088025299925
2026-06-11,POR,CONTROL,control,49.520477294921875,49.520477294921875,50,0.2514455520774234,0.006900660769420636,0.2514455520774234,0.013386592731685161,19.002764023618557,-34.81514607325977,-0.6053936233701916,-0.6053936233701916,0.3658692848718958,-32.00205270550295,0.0025973893917927487,0.4083470989157966,0.4964295291315217,0.2794642547634642,0.01478519887076189,0.5357639499923684,10.990394805885751,-0.019972595728584817,-0.5457446552959391,0.15976154866941564,RECONSTRUCTED - approximate only,-0.019972595728584817,-0.6829556122438811
2026-06-11,PEGA,CONTROL,control,32.810001373291016,32.810001373291016,33,0.4151074008386714,-0.016408414403861107,0.4151074008386714,-0.0015240185816791062,-15.78607320878409,14.16422129545949,0.3454868778133129,0.3454868778133129,-0.5491735535637128,-72.41476130261952,-0.08290158813944282,0.47806088946913183,0.6776236620159128,-0.32377339036833863,-0.014020203593907413,-0.11976585111515625,-43.42887109273197,0.013592908740347324,-0.9994450698808701,-0.6968283254813376,RECONSTRUCTED - approximate only,0.013592908740347324,-0.9999753724420044
2026-06-11,VLO,CONTROL,control,255.60000610351562,255.60000610351562,256,0.39521462967414167,0.0234505931995681,0.39521462967414167,0.01201098298477906,63.441930199455754,-360.3980820851361,-0.5813884758378925,-0.5813884758378925,-0.8796245925808049,-578.6579197797923,-0.07550861733524955,0.5065086124379725,5.5049454857837645,0.04587129113041456,-0.044874808086107325,0.229059842868177,-516.3665707184857,-0.031964862021924716,-0.9987353835713709,-0.9470357336415096,RECONSTRUCTED - approximate only,-0.031964862021924716,-0.9999127638003967
2026-06-11,PNFP,CONTROL,control,93.73999786376953,93.73999786376953,94,0.22818253076679992,0.006981006568768532,0.22818253076679992,0.027949677899391772,142.52149627358176,-13.21342789102734,-0.008767499302926127,-0.008767499302926127,2.9360214022323574,93.49314834206723,0.025389427534138774,0.4834456236664724,1.0997437636327803,1.3565954956208675,0.04811182247715393,1.4818660877349012,294.4453289284257,-0.00021335614339973983,1.0125859790134664,2.916749058867506,RECONSTRUCTED - approximate only,-0.00021335614339973983,0.9740630247575354
2026-06-11,KKR,CONTROL,control,95.30000305175781,95.30000305175781,95,0.35046623197502363,-0.00589347062068764,0.35046623197502363,0.00986353391301786,17.11268852970841,24.903873690697456,0.24024915533811353,0.24024915533811353,1.0806306220815207,5.1285889848307855,0.017943326649674386,0.5433938983396186,2.0433989791531317,0.04203212378697243,0.03850994807368602,0.2001138336434627,188.0411636587529,0.008892695060625257,0.13837923479671613,1.0178611522425098,RECONSTRUCTED - approximate only,0.008892695060625257,0.07426443495642135
2026-06-11,TJX,CONTROL,control,168.33999633789062,168.33999633789062,168,0.2640075873852778,0.0005367788138189328,0.2640075873852778,0.00041586863337119177,-43.15855417800854,3.0254369943350747,0.12206283597465069,0.12206283597465069,-0.5733343830952244,-271.19675306677624,-0.026909818687439552,0.5397506971964495,2.7102254884443937,-0.22387325779026124,-0.011999459769604426,-0.057312377479411765,-176.01947343873482,0.0035171167683494785,-0.94299591333301,-0.6996164573935215,RECONSTRUCTED - approximate only,0.0035171167683494785,-0.9776547549547735
2026-06-11,LITE,CONTROL,control,889.5900268554688,889.5900268554688,890,1.0207030958417225,0.01141503190457783,1.0207030958417225,0.03593786996031504,900.4412488314968,985.0676315181728,0.31154666785662277,0.31154666785662277,-0.3852009190286174,-4242.285781039787,-0.04450367659292669,0.5295744640614132,50.332754061601406,0.11487699931182646,-0.015996179222249978,0.29384837089495525,-2346.5087371841873,0.030811155104830533,-0.7816733195977515,-0.5324060519758977,RECONSTRUCTED - approximate only,0.030811155104830533,-0.8645223142499134
2026-06-11,TXT,CONTROL,control,93.7300033569336,93.7300033569336,94,0.32274668078445007,0.007993000812615593,0.32274668078445007,-0.009708776587193607,-67.6926479628664,76.4109066393119,0.6215702105435785,0.6215702105435785,-0.2657296808762141,-166.13731785341048,-0.04544971709867478,0.49180058761288137,1.5843470263964434,-0.5207337970526291,0.00010663081700613388,-0.33584599743094334,-57.139233087507485,0.018357619880780583,-0.9899070495826962,-0.4249572580841401,RECONSTRUCTED - approximate only,0.018357619880780583,-0.9982185855844219
2026-06-11,GWRE,CONTROL,control,118.5199966430664,118.5199966430664,119,0.7813572106153137,-0.013037110308000087,0.7813572106153137,0.034087082601716306,132.63598558856813,139.8401830083111,0.4059620116715097,0.4059620116715097,-0.3597598210839824,-508.55285040502815,-0.0899425947911421,0.5102166679303911,4.940777519665929,0.20635315899087964,-0.008943617858731701,0.3906134846941091,-219.5696326632831,0.029981723797617828,-0.9754379396999211,-0.5135279604427199,RECONSTRUCTED - approximate only,0.029981723797617828,-0.9934784283982682
2026-06-11,BURL,CONTROL,control,342.3699951171875,342.3699951171875,342,0.5029237557499499,0.01311879728213356,0.5029237557499499,-0.011449551555516732,-351.1025484984516,571.117387896898,0.7167229621732226,0.7167229621732226,-0.6137655458313084,-756.1671933743075,-0.015830776608508235,0.525561318881501,9.854198340148201,-0.4434298922638652,-0.024943799593182145,-0.26839809412771914,-674.4178885837301,0.03341384766707707,-0.7010906602741145,-0.7407096425177336,RECONSTRUCTED - approximate only,0.03341384766707707,-0.7940168533606339
2026-06-11,GATX,CONTROL,control,171.56887817382812,171.56887817382812,172,0.3537550874291775,0.005241740122531457,0.3537550874291775,0.013645397190913006,64.88533078117852,-51.05776231342128,-0.057196806515562595,-0.057196806515562595,0.9904774718010024,183.2428524358317,0.032646480263409494,0.4971435981959544,3.223969185207082,0.13546416628353614,0.0355025081070351,0.32135942073439205,269.8208486821127,-0.002201650459876635,0.7077987994706765,0.8925658021469768,RECONSTRUCTED - approximate only,-0.002201650459876635,0.6574213799162022
2026-06-11,BURL,CONTROL,control,342.3699951171875,342.3699951171875,342,0.5029237557499499,0.01311879728213356,0.5029237557499499,-0.011449551555516732,-351.1025484984516,571.117387896898,0.7167229621732226,0.7167229621732226,-0.6137655458313084,-756.1671933743075,-0.015830776608508235,0.525561318881501,9.854198340148201,-0.4434298922638652,-0.024943799593182145,-0.26839809412771914,-674.4178885837301,0.03341384766707707,-0.7010906602741145,-0.7407096425177336,RECONSTRUCTED - approximate only,0.03341384766707707,-0.7940168533606339
2026-06-11,SNPS,CONTROL,control,456.2900085449219,456.2900085449219,456,0.41077464959510357,-0.006036389298902159,0.41077464959510357,-0.005259799363430713,-298.621626438141,-179.59875829366558,-0.06992663585713255,-0.06992663585713255,-0.568727393493086,-618.2132794186011,-0.0017094364651644217,0.5225186957921988,10.713118581145295,-0.36461561009711024,-0.01733547418084793,-0.18687412288137267,-687.2513664609786,-0.0032112923570055225,-0.5008931116073023,-0.7010479285712679,RECONSTRUCTED - approximate only,-0.0032112923570055225,-0.6040359291636068
2026-06-11,NVST,CONTROL,control,24.5,24.5,24,0.4247083706715496,0.004156291923916289,0.4247083706715496,0.004081648223254145,-7.477851101000375,12.831324532308397,0.2766375573593969,0.2766375573593969,0.056175945162954787,89.81292728972863,0.057551014180086096,0.6540529089332712,0.8679871965432593,-0.0756277323379022,0.01020408163265306,0.030342684587690207,-5.347671855692314,0.014072854086723416,1.2102143011541857,-0.016894320148701538,RECONSTRUCTED - approximate only,0.014072854086723416,1.2082940418224066
2026-06-11,AVGO,CONTROL,control,384.9607238769531,384.9607238769531,385,0.6189883281626661,0.0019349244279641032,0.6189883281626661,-0.009077408639480315,-394.4447372536626,613.5706667409092,0.5911524517636307,0.5911524517636307,-0.5421785027633219,1112.7662394126269,0.06686211536298259,0.5210768861315457,13.320570939654118,-0.3861252069210201,-0.022978989159446673,-0.2054116378065626,-820.6077941578984,0.03419880840491502,0.985631807224809,-0.6787884849790278,RECONSTRUCTED - approximate only,0.03419880840491502,0.9540854902203629
2026-06-11,VRSN,CONTROL,control,279.57000732421875,279.57000732421875,280,0.2994352943682839,-0.0015273089902440994,0.2994352943682839,0.001144641112548371,-65.72765752635893,-323.69734444298865,-0.641320305204387,-0.641320305204387,-0.7219886355459907,-477.54977323446116,-0.05340341340144854,0.5027111111768647,4.545581874004142,-0.23246249314691667,-0.020388496826202522,-0.043933553878735224,-358.53237196265104,-0.028089646249647906,-0.9976001600890503,-0.8353070491449841,RECONSTRUCTED - approximate only,-0.028089646249647906,-0.9997772390854087
2026-06-11,KEX,CONTROL,control,140.32000732421875,140.32000732421875,140,0.22411990134694845,0.0071653770241730886,0.22411990134694845,0.022092293920451603,168.68074010412354,-33.22944520286198,-0.0652488720973619,-0.0652488720973619,0.16040400831916252,-84.11184444740341,0.002280445045091285,0.5477488445622936,1.9711185375225142,0.9100063979351843,0.008765647543739612,1.0130071186985259,9.025469482402427,-0.0017073864438206029,-0.3369748958642114,0.045543272882462224,RECONSTRUCTED - approximate only,-0.0017073864438206029,-0.42632165305516206
2026-06-11,ARES,CONTROL,control,131.49534606933594,131.49534606933594,131,0.3901477577010405,-0.0038188230900360045,0.3901477577010405,0.01566013308223711,65.22543272571747,298.5533629757208,1.1077263562214605,1.1077263562214605,0.514491281777639,-253.50277957077972,-0.01639107235254411,0.5456251294377636,3.1485955738690308,0.1762382368302463,0.026500174815051708,0.3276695281234138,121.1069166582411,0.039117568779003874,-0.7378956532201635,0.4172599075074418,RECONSTRUCTED - approximate only,0.039117568779003874,-0.8226571209021453
2026-06-11,VTR,CONTROL,control,83.88999938964844,83.88999938964844,84,0.26705121309179713,0.009010102548651975,0.26705121309179713,0.008463453208229088,14.31379509335139,-62.28676435370762,-0.41957771753359635,-0.41957771753359635,-0.26068803232070137,-124.66005890023584,-0.027297662798766418,0.5035853308531638,1.223163001626773,0.05766937869399923,0.0,0.23963260628891078,-43.823705845916535,-0.014334405028246957,-0.9563508167471967,-0.41364638445423857,RECONSTRUCTED - approximate only,-0.014334405028246957,-0.9853135057812274
2026-06-11,COIN,CONTROL,control,160.42999267578125,160.42999267578125,160,0.6963862919889392,0.004741155561158142,0.6963862919889392,-0.004051573434887397,-142.6025814792376,277.36838486399796,0.5597100278890691,0.5597100278890691,0.6809465036750443,-181.9238121496363,0.01764010447082635,0.534263659834516,6.454773073159501,-0.3014160875328713,0.055101988407771016,-0.12517028688479218,351.7110091058644,0.03703940427003461,-0.18929456926870467,0.5795246694304775,RECONSTRUCTED - approximate only,0.03703940427003461,-0.2826075117269295
2026-06-11,PNW,CONTROL,control,102.4000015258789,102.4000015258789,102,0.19325826692598308,0.0027157980935097383,0.19325826692598308,0.010156258789356666,41.75313961991784,-61.63504081574277,-0.3625703499352764,-0.3625703499352764,0.5535658126877568,-70.37197437841945,-0.0007812678697516342,0.5774805097533395,1.3575463966725039,0.31955834411029393,0.014160126236675289,0.43909406376902405,56.51620709513325,-0.009479548786761664,-0.4303158958243961,0.48094913488442315,RECONSTRUCTED - approximate only,-0.009479548786761664,-0.513209120715671
2026-06-11,REGN,CONTROL,control,611.47998046875,611.47998046875,611,0.43525318656112105,0.0044211302860358995,0.43525318656112105,0.001079404397150548,-227.98780685074738,233.98920426066724,0.2679067185430269,0.2679067185430269,-0.12749027496673768,-896.5687023889157,-0.0025184439009159863,0.5235535141492286,15.227952806921053,-0.22986592427413297,0.005314973676666578,-0.05143469051530467,-338.01403767002347,0.011864743160170952,-0.5135909452973176,-0.2718090143990973,RECONSTRUCTED - approximate only,0.011864743160170952,-0.6164893645404336
2026-06-11,NEM,CONTROL,control,97.58999633789062,97.58999633789062,98,0.49253977220261125,0.007653408855871217,0.49253977220261125,0.02705202498319954,98.5573011715279,225.43577910504408,1.0582960664701115,1.0582960664701115,3.209556666606371,296.81666101573904,0.06353114878875638,0.49469339893476116,2.5043126949307037,0.34201925861993804,0.11117949083581392,0.5249908892374751,737.2415560524646,0.0439665472118555,1.358329567016614,3.1940074997594183,RECONSTRUCTED - approximate only,0.0439665472118555,1.3333230131091864
2026-06-11,LRCX,CONTROL,control,362.2648010253906,362.2648010253906,362,0.6196021773523775,0.04611571080104073,0.6196021773523775,0.011833849969837482,7.4430703054021565,1686.6966402183841,1.5049143036525028,1.5049143036525028,0.06625387018807705,1284.0957552959692,0.0739105964580164,0.5249574884317751,12.694867389180445,-0.06600921807167838,0.018812802251730376,0.11251272704602018,-48.345684766331416,0.07687729693174339,1.1710861570562834,-0.0741364542976902,RECONSTRUCTED - approximate only,0.07687729693174339,1.1477600915739814
2026-06-11,HIG,CONTROL,control,128.39999389648438,128.39999389648438,128,0.22368995117144358,0.0061117791930595765,0.22368995117144358,0.009501567591091054,40.4437593185511,-93.68274141566054,-0.4179649436220771,-0.4179649436220771,0.7936345342232445,-101.7902785894251,-0.0011681768194264834,0.5584986042605502,1.8585582594272836,0.20336578434424032,0.020405066203420582,0.3416872735220068,120.24093916772406,-0.012687498012720233,-0.46388359918913,0.7254078009660908,RECONSTRUCTED - approximate only,-0.012687498012720233,-0.5539244308385558
2026-06-11,COIN,CONTROL,control,160.42999267578125,160.42999267578125,160,0.6963862919889392,0.004741155561158142,0.6963862919889392,-0.004051573434887397,-142.6025814792376,277.36838486399796,0.5597100278890691,0.5597100278890691,0.6809465036750443,-181.9238121496363,0.01764010447082635,0.534263659834516,6.454773073159501,-0.3014160875328713,0.055101988407771016,-0.12517028688479218,351.7110091058644,0.03703940427003461,-0.18929456926870467,0.5795246694304775,RECONSTRUCTED - approximate only,0.03703940427003461,-0.2826075117269295
2026-06-11,TSCO,CONTROL,control,31.260000228881836,31.260000228881836,31,0.4125343906976059,-0.0029249317922964936,0.4125343906976059,-0.000319904952290963,-15.632002030661262,25.911797938623028,0.4370543147482732,0.4370543147482732,-0.7355626967478921,-81.34552281927026,-0.03262957294610862,0.5759507589572908,0.8633140829239743,-0.21888870096792323,-0.0335892878029815,-0.06948573390968868,-70.26019615195897,0.01890482131475753,-0.8707251497156243,-0.8341736918229385,RECONSTRUCTED - approximate only,0.01890482131475753,-0.9284894030286861
2026-06-11,POR,CONTROL,control,49.520477294921875,49.520477294921875,50,0.2514455520774234,0.006900660769420636,0.2514455520774234,0.013386592731685161,19.002764023618557,-34.81514607325977,-0.6053936233701916,-0.6053936233701916,0.3658692848718958,-32.00205270550295,0.0025973893917927487,0.4083470989157966,0.4964295291315217,0.2794642547634642,0.01478519887076189,0.5357639499923684,10.990394805885751,-0.019972595728584817,-0.5457446552959391,0.15976154866941564,RECONSTRUCTED - approximate only,-0.019972595728584817,-0.6829556122438811
2026-06-11,CVX,CONTROL,control,185.82000732421875,185.82000732421875,186,0.2615080018136211,0.010590065724539629,0.2615080018136211,0.0075341397121014295,24.82981681484903,-217.1074080356343,-0.7412108990053038,-0.7412108990053038,-0.8853481604067253,-283.0689355700331,-0.06560112991566691,0.5071213691502178,2.683669875258971,0.027346155771358103,-0.0307286970659966,0.20775367129577813,-253.85500653653995,-0.031228769671117842,-0.9999356680926874,-0.9503729182440694,RECONSTRUCTED - approximate only,-0.031228769671117842,-0.9999989700879094
2026-06-11,KEY,CONTROL,control,22.329999923706055,22.329999923706055,22,0.2384978538249696,0.0059145164159547375,0.2384978538249696,0.016569674899129614,19.272787072062236,9.320547747121033,0.32866901896395023,0.32866901896395023,0.5670542803511243,3.838848827907805,0.011643539174660433,0.6901690024440388,0.5004131892884587,0.4832153239307729,0.018808780910386985,0.5380168462978163,20.6532049954823,0.009950217425660851,0.21336011999487625,0.5389412684027014,RECONSTRUCTED - approximate only,0.009950217425660851,0.19814694440564853
2026-06-11,LRCX,CONTROL,control,362.2648010253906,362.2648010253906,362,0.6196021773523775,0.04611571080104073,0.6196021773523775,0.011833849969837482,7.4430703054021565,1686.6966402183841,1.5049143036525028,1.5049143036525028,0.06625387018807705,1284.0957552959692,0.0739105964580164,0.5249574884317751,12.694867389180445,-0.06600921807167838,0.018812802251730376,0.11251272704602018,-48.345684766331416,0.07687729693174339,1.1710861570562834,-0.0741364542976902,RECONSTRUCTED - approximate only,0.07687729693174339,1.1477600915739814
2026-06-11,OVV,CONTROL,control,56.234806060791016,56.234806060791016,56,0.3742888222084164,0.006040829635129007,0.3742888222084164,0.016274537589736595,30.66418905001208,-84.37435754053136,-0.5624305343782309,-0.5624305343782309,-0.8986686125755311,-138.40660270598428,-0.06801492672072541,0.5497938302659081,1.3096827656142906,0.2157618536777237,-0.04863191059705323,0.36216899549812726,-126.20905307556741,-0.030193894468813456,-0.9967040014792886,-0.9560068466422208,RECONSTRUCTED - approximate only,-0.030193894468813456,-0.9996198527144167
2026-06-11,KEY,CONTROL,control,22.329999923706055,22.329999923706055,22,0.2384978538249696,0.0059145164159547375,0.2384978538249696,0.016569674899129614,19.272787072062236,9.320547747121033,0.32866901896395023,0.32866901896395023,0.5670542803511243,3.838848827907805,0.011643539174660433,0.6901690024440388,0.5004131892884587,0.4832153239307729,0.018808780910386985,0.5380168462978163,20.6532049954823,0.009950217425660851,0.21336011999487625,0.5389412684027014,RECONSTRUCTED - approximate only,0.009950217425660851,0.19814694440564853
2026-06-11,NVST,CONTROL,control,24.5,24.5,24,0.4247083706715496,0.004156291923916289,0.4247083706715496,0.004081648223254145,-7.477851101000375,12.831324532308397,0.2766375573593969,0.2766375573593969,0.056175945162954787,89.81292728972863,0.057551014180086096,0.6540529089332712,0.8679871965432593,-0.0756277323379022,0.01020408163265306,0.030342684587690207,-5.347671855692314,0.014072854086723416,1.2102143011541857,-0.016894320148701538,RECONSTRUCTED - approximate only,0.014072854086723416,1.2082940418224066
2026-06-11,OXY,CONTROL,control,55.470001220703125,55.470001220703125,55,0.4086529746182548,0.007180382808555237,0.4086529746182548,0.019289700221330836,40.46274202239441,-101.1206079940367,-0.5837321948175384,-0.5837321948175384,-0.7256481723685416,-159.9792976984027,-0.06580136011456608,0.5775381413198882,1.5250367624486465,0.2664175617147728,-0.032450027260608666,0.3935236258300793,-121.6811808737278,-0.035472042433815396,-0.9899946338868804,-0.8256350773381349,RECONSTRUCTED - approximate only,-0.035472042433815396,-0.9980185267134917
2026-06-11,DELL,CONTROL,control,391.45001220703125,391.45001220703125,391,1.160527493585825,-0.0031095204235410574,1.160527493585825,0.01052495845883,-219.61489604475997,1145.870684347732,0.5795658102932432,0.5795658102932432,0.045664000228141564,-301.98075378736695,0.04611058176036643,0.5372394399040431,25.45944203939453,-0.16710509397540815,0.0322645905514868,0.014999925347951982,-145.44932351989513,0.06176093084409398,-0.01905459271760438,-0.09841754841564022,RECONSTRUCTED - approximate only,0.06176093084409398,-0.10869950047146074
2026-06-11,FTV,CONTROL,control,59.78116989135742,59.78116989135742,60,0.24319485301753077,0.003829515340177482,0.24319485301753077,0.0050133763844996656,-0.27401417531453975,-26.830179420569166,-0.264812929507199,-0.264812929507199,1.1417784196757579,26.43468567351521,0.019886320672695745,0.4748119229154998,0.726171562798001,-0.084835989881977,0.026570843789034397,0.12013547091199417,70.20535121359279,-0.0074639369067177495,0.5072949568216012,1.040204396964028,RECONSTRUCTED - approximate only,-0.0074639369067177495,0.43553376007619776
2026-06-11,DT,CONTROL,control,40.369998931884766,40.369998931884766,40,0.6004717648089257,-0.01626425905196223,0.6004717648089257,0.009412957101049226,-5.020931881088263,8.805965560107875,0.17406293192452205,0.17406293192452205,0.2471623525675601,-6.725386784976704,0.026009394719880546,0.5650691533625428,1.546205439529306,-0.07406854814685974,0.02700025220280583,0.07993165729971982,19.54350413345497,0.011272564718941272,0.06832800482989757,0.1400708738947533,RECONSTRUCTED - approximate only,0.011272564718941272,0.005123346521075511
2026-06-11,CRUS,CONTROL,control,162.92999267578125,162.92999267578125,163,0.43792198988065845,0.0226768983453584,0.43792198988065845,0.007119644720157186,-10.524789201326367,36.26406982043057,0.20452401682769716,0.20452401682769716,-0.49601281705486916,-87.94497163816284,0.014484752448542675,0.5155750854610531,3.9835567162958654,-0.10086785418343829,-0.013318592441500013,0.08088719160630395,-228.84561009399553,0.009166898454717971,-0.12369111538127432,-0.6369805634587349,RECONSTRUCTED - approximate only,0.009166898454717971,-0.21816848752040902
2026-06-11,VRSN,CONTROL,control,279.57000732421875,279.57000732421875,280,0.2994352943682839,-0.0015273089902440994,0.2994352943682839,0.001144641112548371,-65.72765752635893,-323.69734444298865,-0.641320305204387,-0.641320305204387,-0.7219886355459907,-477.54977323446116,-0.05340341340144854,0.5027111111768647,4.545581874004142,-0.23246249314691667,-0.020388496826202522,-0.043933553878735224,-358.53237196265104,-0.028089646249647906,-0.9976001600890503,-0.8353070491449841,RECONSTRUCTED - approximate only,-0.028089646249647906,-0.9997772390854087
2026-06-11,OXY,CONTROL,control,55.470001220703125,55.470001220703125,55,0.4086529746182548,0.007180382808555237,0.4086529746182548,0.019289700221330836,40.46274202239441,-101.1206079940367,-0.5837321948175384,-0.5837321948175384,-0.7256481723685416,-159.9792976984027,-0.06580136011456608,0.5775381413198882,1.5250367624486465,0.2664175617147728,-0.032450027260608666,0.3935236258300793,-121.6811808737278,-0.035472042433815396,-0.9899946338868804,-0.8256350773381349,RECONSTRUCTED - approximate only,-0.035472042433815396,-0.9980185267134917
2026-06-12,FCFS,CONTROL,control,224.88999938964844,224.88999938964844,225,0.3785019170302709,0.002838875427214666,0.3785019170302709,-0.0049357490922855825,-135.29793584080215,301.80883993740036,0.7763918269312144,0.7763918269312144,-0.3294819514740506,-26.736580244273267,0.017786473435261692,0.5140290863404704,4.754109777999503,-0.37303557283111405,-0.0033794055266955533,-0.19142847390671627,-197.64846766182356,0.026801182552645852,0.048942734354122726,-0.47809699718146415,RECONSTRUCTED - approximate only,0.026801182552645852,-0.0348990082668635
2026-06-12,DDOG,CONTROL,control,229.89999389648438,229.89999389648438,230,0.9748737832524469,0.0050802047246874555,0.9748737832524469,0.013875609073928869,-47.98341284801034,-378.7732968117595,-0.21440085761543173,-0.21440085761543173,-0.37595527261926054,-1012.9121114935857,-0.03710308397458081,0.5284539306241537,12.429935593447851,-0.11818663568325442,-0.014223528057787737,0.06572921646164036,-569.5438392785596,-0.023488930685702507,-0.7514225796927432,-0.5235201384940994,RECONSTRUCTED - approximate only,-0.023488930685702507,-0.839301180033428
2026-06-12,BURL,CONTROL,control,338.45001220703125,338.45001220703125,338,0.5172625876195386,0.008324345427934232,0.5172625876195386,-0.005466113271651971,-261.5905101714395,-399.5361325591061,-0.3118126303150969,-0.3118126303150969,-0.5786830816524312,-444.2525055002551,0.005377387327518658,0.5270183650514391,10.050833466235275,-0.3444894920452778,-0.022721235526805786,-0.16734111082309552,-654.3518265869124,-0.019610651149218155,-0.3586444342763976,-0.7093298819304874,RECONSTRUCTED - approximate only,-0.019610651149218155,-0.45958768091555197
2026-06-12,CFR,CONTROL,control,148.0,148.0,148,0.22339017618200444,0.004517169662256611,0.22339017618200444,-0.020000045363967482,-141.31522406665212,47.10146400044658,0.37377815746717885,0.37377815746717885,-0.7373832551510553,-24.061993848189243,0.009391887767894848,0.5185299036234279,1.8974325291056573,-0.8040613241013798,-0.016554033434068836,-0.6714940870936703,-153.19214789149237,0.008380429868052076,-0.021012707817880148,-0.8445765365126365,RECONSTRUCTED - approximate only,0.008380429868052076,-0.10470481054244528
2026-06-12,EIX,CONTROL,control,72.94999694824219,72.94999694824219,73,0.2404194738044828,0.002903051209544907,0.2404194738044828,-0.011103462542547342,-51.96796862734794,9.650286103502882,0.2230257834901031,0.2230257834901031,-0.8823462598785939,-83.50153092276607,-0.010281014823511547,0.509919756348007,0.9788009474806785,-0.6078827997635333,-0.02810137776726361,-0.4396352093937135,-93.13393821645086,0.005513354647263292,-0.7787564940052244,-0.948381712361675,RECONSTRUCTED - approximate only,0.005513354647263292,-0.862639250680055
2026-06-12,FLR,CONTROL,control,50.7599983215332,50.7599983215332,51,0.6979937723106948,0.009770645042087937,0.6979937723106948,-0.005713103042146018,-47.501913327128946,-14.150329392387949,0.03278347763190515,0.03278347763190515,0.08275288929571978,141.73358070141805,0.07210401829070745,0.5037706274548659,1.866269617808964,-0.3478054165294335,0.022852637623512664,-0.15532937660208437,-5.290971885631178,0.0023696471826833232,0.9120151001622846,-0.07160995691001636,RECONSTRUCTED - approximate only,0.0023696471826833232,0.8686399912637447
2026-06-12,SATS,CONTROL,control,114.08000183105469,114.08000183105469,114,0.6334250956884531,0.023374658573740926,0.6334250956884531,0.03317843593936985,145.68318726916914,-407.8609078457799,-0.9428840566353639,-0.9428840566353639,-0.5107506398124626,-414.4771239514721,-0.06732117971517373,0.5250326133236138,4.083003269305436,0.3196579962667225,-0.020862595061465178,0.4841978152754587,-240.24270324769657,-0.1299904531473427,-0.9599412019439361,-0.6489265101746318,RECONSTRUCTED - approximate only,-0.1299904531473427,-0.9866822650781756
2026-06-12,TEX,CONTROL,control,63.79999923706055,63.79999923706055,64,0.5242435290928645,0.01513222015628228,0.5242435290928645,0.02335425856245583,47.84964984313688,-15.743761727013627,0.019893066260045444,0.019893066260045444,-0.15057361693302085,285.2145111167169,0.08056431451115043,0.5025517217228287,1.7809468657601357,0.2125477855852473,0.005956129665507848,0.3957629729861294,-44.58501171618928,0.001098379026000577,1.7987118959029758,-0.3076924727649812,RECONSTRUCTED - approximate only,0.001098379026000577,1.786763756394459
2026-06-12,BKR,CONTROL,control,63.13999938964844,63.13999938964844,63,0.3642569952639459,-0.004725885936104061,0.3642569952639459,-0.010769723024217588,-55.953804673644186,-17.034918408545128,-0.015528970388711271,-0.015528970388711271,-0.9106645487009465,-144.75004676555392,-0.06319287143394677,0.5351552009127384,1.3712045846338867,-0.48172495759347783,-0.04862210523441236,-0.3142972881087295,-133.63924924935617,-0.0006331262319425286,-0.9959587233551427,-0.9636910474482999,RECONSTRUCTED - approximate only,-0.0006331262319425286,-0.9994986043634505
2026-06-12,GOOG,CONTROL,control,358.1600036621094,358.1600036621094,358,0.39439074278061376,0.012732803948866452,0.39439074278061376,0.024988780427578395,383.88894033722437,-217.93504935624793,-0.17795337093233562,-0.17795337093233562,0.03362016911160334,-745.466065269779,-0.026189425918315717,0.5211526424433234,8.051680281642177,0.4548215712921289,0.011000676795623655,0.6088376023305018,-56.100411809791424,-0.008141795601530527,-0.8676178717581366,-0.10612965805948961,RECONSTRUCTED - approximate only,-0.008141795601530527,-0.9304308620767853
2026-06-12,APPF,CONTROL,control,161.2100067138672,161.2100067138672,161,0.5017816612750211,-0.0007514724617450444,0.5017816612750211,-0.0186092666401579,-213.65661415724915,40.308735369747765,0.1995011013439812,0.1995011013439812,-0.950702401593476,-489.03885068969083,-0.1043979972094808,0.5268296784125684,4.6476681480056214,-0.5445923338975228,-0.07828304602936907,-0.3756947567880992,-467.53886214130875,0.010340995114815791,-0.9993968569038134,-0.9843762495414256,RECONSTRUCTED - approximate only,0.010340995114815791,-0.9999698779558651
2026-06-12,RNR,CONTROL,control,300.4700012207031,300.4700012207031,300,0.2633274238761421,0.009022302386504024,0.2633274238761421,-0.010283876344849952,-220.73722815465106,-46.81451782773128,0.00450096852560676,0.00450096852560676,0.08258628723415837,-227.2298167045161,0.0015309064239669276,0.5348456649212783,4.754761589242605,-0.5439099104657135,0.00848666350254286,-0.3805373425443577,-11.543195790208404,0.00013298944757648314,-0.3949109417426063,-0.04461778659322303,RECONSTRUCTED - approximate only,0.00013298944757648314,-0.4913571486511369
2026-06-12,BIIB,CONTROL,control,200.0500030517578,200.0500030517578,200,0.33599847015376655,0.0030506130719651506,0.33599847015376655,-0.00704825613896428,-132.1502540515122,-64.68662885361215,-0.06880848576535288,-0.06880848576535288,-0.4186683596052387,-226.37519666277564,-0.001699556774326365,0.5196382895805636,3.8330635485132944,-0.43055054372849044,-0.006898299733869332,-0.25407633070135155,-192.08496615640914,-0.002592632265403259,-0.5128358030184472,-0.5618195642546435,RECONSTRUCTED - approximate only,-0.002592632265403259,-0.616140509717882
2026-06-12,TFC,CONTROL,control,51.65999984741211,51.65999984741211,52,0.2677964375711952,0.004932912361771796,0.2677964375711952,-0.06155633593822169,-66.13026655713561,29.239594578154527,0.615483974894296,0.615483974894296,-0.9977125812800345,-67.44061898035397,-0.056136305351231645,0.44729988318147285,0.6300593897807012,-0.9959035165342665,-0.06755713683265965,-0.9778472116431081,-67.31932101090055,0.014333389708661392,-0.9997390898152586,-0.999837618340938,RECONSTRUCTED - approximate only,0.014333389708661392,-0.9999924028661498
2026-06-12,SNA,CONTROL,control,387.4800109863281,387.4800109863281,387,0.23514533637481883,0.0062910620159657375,0.23514533637481883,-0.002193677297964195,-135.81069231547104,-35.9393957255306,0.038543031265230066,0.038543031265230066,-0.700970226889334,-98.33241825419661,0.008310109242813921,0.5333899953406653,5.464995895289945,-0.3239972061050934,-0.01605244411155597,-0.15382249404393816,-419.8759031566133,0.0010075554835497645,-0.08163430661027052,-0.8124592045441117,RECONSTRUCTED - approximate only,0.0010075554835497645,-0.1627391726936014
2026-06-12,OXY,CONTROL,control,56.540000915527344,56.540000915527344,57,0.40121714018044063,-0.013160258268822061,0.40121714018044063,-0.03678814639855206,-84.30281796185939,89.61441969371954,1.0035918497769967,1.0035918497769967,-0.9604979078811425,-113.11320726209749,-0.08029714966418655,0.45985680072091717,1.0653048267974796,-0.8487743900267426,-0.06190307646491052,-0.7148907091531483,-109.1592387204677,0.03288270335893352,-0.99956721503519,-0.9895846235001868,RECONSTRUCTED - approximate only,0.03288270335893352,-0.999983486061508
2026-06-12,PNW,CONTROL,control,103.44000244140625,103.44000244140625,103,0.18962351555391843,0.0038085877327831428,0.18962351555391843,-0.00164352082683045,-32.52149737862485,24.12166666909116,0.3003804429230634,0.3003804429230634,-0.590149692371697,-112.59064491488955,-0.009764134883915785,0.583936783940103,1.3714648151994453,-0.2783633317136773,-0.010247536378285788,-0.13436919518158774,-91.90475433690756,0.006323587120240192,-0.7489187794070585,-0.703173542605585,RECONSTRUCTED - approximate only,0.006323587120240192,-0.8257023969652308
2026-06-12,HIMS,CONTROL,control,26.81999969482422,26.81999969482422,27,0.8233290737881036,-0.006581244493744961,0.8233290737881036,0.12490680162521467,202.73283175076818,-77.17685879589258,-0.5909073215888485,-0.5909073215888485,3.29720425419338,500.2460309949021,0.25055933248201956,0.5026942711344601,1.1472818804258154,1.8731092655199988,0.18903802209224627,1.977265195991958,346.59533740114483,-0.06485357707670228,4.706949975479643,3.279624489473903,RECONSTRUCTED - approximate only,-0.06485357707670228,4.706878620138308
2026-06-12,GNRC,CONTROL,control,262.3599853515625,262.3599853515625,262,0.5804250426422607,0.028679148439391004,0.5804250426422607,0.029501529135936996,294.2061220505838,-200.25439678859834,-0.13517608035249268,-0.13517608035249268,0.15808408087327483,2278.0909418279134,0.12646754477020622,0.5275854254176565,8.71012911023962,0.30013102950272535,0.022259594380000865,0.462386539082094,42.40732059218323,-0.008877663025101288,2.8599397600061356,0.024254089039004893,RECONSTRUCTED - approximate only,-0.008877663025101288,2.858991182711311
2026-06-12,EA,CONTROL,control,203.27000427246094,203.27000427246094,203,0.15,0.0009849640248033285,0.03561861083602212,-0.0007379797910190765,-41.466648567471424,-19.507243166535904,0.005704577549907351,0.005704577549907351,-0.30491605343842093,-116.80075827624653,-0.0014758845154334312,0.547970350940632,1.9250494589504967,-0.2756150046736286,-0.0012298912517604058,-0.1143711091939237,-76.31345054071551,9.842200472785977e-05,-0.5263037090689144,-0.43686334593333165,RECONSTRUCTED - approximate only,9.842200472785977e-05,-0.6196983482956685
2026-06-12,CPRI,CONTROL,control,21.329999923706055,21.329999923706055,21,0.5077443540574883,0.007194226176781484,0.5077443540574883,-0.012658249354403172,-28.088837654722244,11.498544454887783,0.2769430822400826,0.2769430822400826,-0.9166896847483442,-83.11407050133117,-0.08766998808823664,0.6066280365462617,0.7847249530863305,-0.39288783630098634,-0.07501173873383347,-0.25408283164910195,-77.48543016745572,0.015714282081240698,-0.9921923757061317,-0.9641583106529233,RECONSTRUCTED - approximate only,0.015714282081240698,-0.9985589655022595
2026-06-12,GATX,CONTROL,control,173.91000366210938,173.91000366210938,174,0.35187356113581014,0.009232380243991816,0.35187356113581014,0.011155209019347101,42.87709038382833,2.8899612577334546,0.1181658085818904,0.1181658085818904,-0.34020548784885474,212.29191023100282,0.033580565895663966,0.5133325217919881,3.4182786478499025,0.06441191008479538,-0.0035651219764285887,0.24130297557689032,-145.95991620303354,0.004372647007079082,0.7630023678279746,-0.48858613018870284,RECONSTRUCTED - approximate only,0.004372647007079082,0.722743440484641
2026-06-12,THO,CONTROL,control,77.16999816894531,77.16999816894531,77,0.43166842637596436,0.01498753872243194,0.43166842637596436,-0.015420433332219458,-88.28685560169326,-54.50318022371619,-0.18022241446957263,-0.18022241446957263,-0.9495794189611834,-204.51903700596586,-0.060126985872025876,0.5330032870507839,1.9616874905484067,-0.5281515175895113,-0.06803162011882359,-0.361503906690455,-197.88079131402998,-0.009116578190961558,-0.9851999093696202,-0.9837403207166185,RECONSTRUCTED - approximate only,-0.009116578190961558,-0.9967246725348534
2026-06-12,HL,CONTROL,control,15.289999961853027,15.289999961853027,15,0.7901194898326559,0.0,0.7901194898326559,0.08960103917443364,82.70428946044105,8.74399481753323,0.2336082077167266,0.2336082077167266,0.4735638433622758,11.751458307224194,0.04512750700489068,0.5942443500130871,0.8237657890493697,1.1000432058971426,0.050359679922199134,1.1786940897029083,27.52238295330114,0.020013355257875703,0.2720384397543214,0.39285427773134884,RECONSTRUCTED - approximate only,0.020013355257875703,0.22994658890504696
2026-06-12,BC,CONTROL,control,82.55999755859375,82.55999755859375,83,0.45375108430097966,0.014947237812481976,0.45375108430097966,-0.005208337183762696,-54.26496291635024,-32.85582509684096,-0.06969063934043757,-0.06969063934043757,-0.6388648491922535,-150.94067551325213,-0.01259691068654942,0.4848799338086952,1.8985960020075794,-0.3866085836484961,-0.022165628098055466,-0.18838853253636936,-135.51585362753664,-0.0033799950709172697,-0.724384120271377,-0.7720055951778216,RECONSTRUCTED - approximate only,-0.0033799950709172697,-0.8219576325182143
2026-06-12,HIG,CONTROL,control,129.6199951171875,129.6199951171875,130,0.22051542106125707,0.0011682956573531799,0.22051542106125707,0.0015430659972670263,-18.512484395351457,38.915880141480216,0.39596362723283346,0.39596362723283346,-0.2745845239005412,-94.08272843234448,-0.0009257454228339864,0.4803834616805486,1.4562241852747064,-0.22025207568193164,0.00015433014360825994,-0.019157276883771047,-53.848621190327414,0.008323547569258936,-0.5654167478256839,-0.43778116908235154,RECONSTRUCTED - approximate only,0.008323547569258936,-0.6780080145030375
2026-06-12,CHRD,CONTROL,control,135.33999633789062,135.33999633789062,135,0.4005712976878239,-0.011813980605342857,0.4005712976878239,-0.05718928678293893,-294.9344269629469,157.93880585439112,0.624189630331487,0.624189630331487,-0.9441697615515349,-340.1182887027524,-0.08046401421838671,0.5360016679946655,3.230126126522322,-0.9320696079451926,-0.06184420972120408,-0.8516309644412521,-323.3310656579198,0.02406168725533232,-0.998875864061683,-0.9811591024428271,RECONSTRUCTED - approximate only,0.02406168725533232,-0.999923332365664
2026-06-12,CL,CONTROL,control,89.44999694824219,89.44999694824219,89,0.27004216815041876,0.0005593808267058,0.27004216815041876,0.012632810747510105,41.67546119186613,-16.90907920795176,0.0035379410978746894,0.0035379410978746894,0.25578808025051397,-117.12806334548007,-0.008719941933013146,0.5711103741114545,1.6151953478154297,0.25670479481019737,0.012632810747510105,0.38533657212026323,21.797079660336315,0.00011174537749465158,-0.6495946205818572,0.15884909569593894,RECONSTRUCTED - approximate only,0.00011174537749465158,-0.7356900790249414
2026-06-12,BMY,CONTROL,control,57.130001068115234,57.130001068115234,57,0.3120944074118158,0.009666067175945498,0.3120944074118158,-0.015578494188846674,-58.36983751121822,-27.584939616345437,-0.15129004061104714,-0.15129004061104714,-0.8357615705647359,-112.65775025461711,-0.04253457482485479,0.538440667390745,1.078464725913996,-0.6092196267057163,-0.03238232547226158,-0.45176491846437866,-97.71188770635209,-0.005570055536546626,-0.9816401191614674,-0.9157639582258017,RECONSTRUCTED - approximate only,-0.005570055536546626,-0.9955037421196643
2026-06-12,FLR,CONTROL,control,50.7599983215332,50.7599983215332,51,0.6979937723106948,0.009770645042087937,0.6979937723106948,-0.005713103042146018,-47.501913327128946,-14.150329392387949,0.03278347763190515,0.03278347763190515,0.08275288929571978,141.73358070141805,0.07210401829070745,0.5037706274548659,1.866269617808964,-0.3478054165294335,0.022852637623512664,-0.15532937660208437,-5.290971885631178,0.0023696471826833232,0.9120151001622846,-0.07160995691001636,RECONSTRUCTED - approximate only,0.0023696471826833232,0.8686399912637447
2026-06-12,QLYS,CONTROL,control,111.23999786376953,111.23999786376953,111,0.49002090686495625,-0.0007218427297027338,0.49002090686495625,0.030654474358094184,147.29576090899303,-7.655970031296598,0.08424130002727408,0.08424130002727408,-0.07100983339777238,-273.5402877707585,-0.02454149388677948,0.5318368142673574,3.182637239756666,0.4475500309902986,0.008450219880059935,0.5967316434532045,-54.59623371283003,0.004424359943742946,-0.7951496205063905,-0.21028625972666745,RECONSTRUCTED - approximate only,0.004424359943742946,-0.8737779771179253
2026-06-12,PII,CONTROL,control,70.93000030517578,70.93000030517578,71,0.49596164504615076,0.009799687435610833,0.49596164504615076,-0.011560689289386385,-71.8858162960536,24.669737438223773,0.24601386281702584,0.24601386281702584,-0.7069855337596037,-179.18780127364505,-0.030593516983066574,0.513538028029393,1.9421974291026913,-0.45753820830328845,-0.032426378709460975,-0.27729763713901656,-151.1669954686931,0.012273449608921395,-0.8588526128519249,-0.8219392705755357,RECONSTRUCTED - approximate only,0.012273449608921395,-0.9249203753232496
2026-06-12,EIX,CONTROL,control,72.94999694824219,72.94999694824219,73,0.2404194738044828,0.002903051209544907,0.2404194738044828,-0.011103462542547342,-51.96796862734794,9.650286103502882,0.2230257834901031,0.2230257834901031,-0.8823462598785939,-83.50153092276607,-0.010281014823511547,0.509919756348007,0.9788009474806785,-0.6078827997635333,-0.02810137776726361,-0.4396352093937135,-93.13393821645086,0.005513354647263292,-0.7787564940052244,-0.948381712361675,RECONSTRUCTED - approximate only,0.005513354647263292,-0.862639250680055
2026-06-12,RNR,CONTROL,control,300.4700012207031,300.4700012207031,300,0.2633274238761421,0.009022302386504024,0.2633274238761421,-0.010283876344849952,-220.73722815465106,-46.81451782773128,0.00450096852560676,0.00450096852560676,0.08258628723415837,-227.2298167045161,0.0015309064239669276,0.5348456649212783,4.754761589242605,-0.5439099104657135,0.00848666350254286,-0.3805373425443577,-11.543195790208404,0.00013298944757648314,-0.3949109417426063,-0.04461778659322303,RECONSTRUCTED - approximate only,0.00013298944757648314,-0.4913571486511369
2026-06-12,JBHT,CONTROL,control,289.3599853515625,289.3599853515625,289,0.3445979027693964,0.010410109620097651,0.3445979027693964,-0.021426534432258695,-354.11530667124885,-187.65481145940487,-0.2314017634378634,-0.2314017634378634,-0.9904488991141664,-609.2991730637468,-0.05487964877362275,0.5279191485375553,5.826652763658672,-0.6851074703363609,-0.07644455431635601,-0.5321260060082738,-607.8117000887801,-0.00954991820369656,-0.9931361384088203,-0.9985098529251958,RECONSTRUCTED - approximate only,-0.00954991820369656,-0.9989269729911523
2026-06-12,APA,CONTROL,control,37.02000045776367,37.02000045776367,37,0.4976157845736825,-0.01332240021838572,0.4976157845736825,-0.060777957109077775,-91.5328443392609,29.24586793830105,0.413022279193458,0.413022279193458,-0.9637568290882794,-110.2571970355226,-0.07617503133317279,0.5224139165746895,1.0447633546172739,-0.9021211238286403,-0.08346839855156915,-0.8038608173096086,-107.40292623656259,0.0201157212405576,-0.9925144952580819,-0.9899485604520787,RECONSTRUCTED - approximate only,0.0201157212405576,-0.9987931990839193
2026-06-12,PH,CONTROL,control,903.47998046875,903.47998046875,903,0.29368814450712055,0.009973735882952538,0.29368814450712055,0.01702307213805992,626.3986290749452,-511.41521249691897,-0.24500463568169037,-0.24500463568169037,1.8859582955272536,4031.7801050847725,0.06492676699848189,0.5227187306818907,15.330081481172215,0.38214417252356436,0.047029254829011304,0.5362689551161977,2592.0291475381964,-0.00865731227789979,2.874555339577246,1.8511183016565376,RECONSTRUCTED - approximate only,-0.00865731227789979,2.8739433454450114
2026-06-12,BILL,CONTROL,control,33.18000030517578,33.18000030517578,33,0.6113425717572424,0.0009336687923936863,0.6113425717572424,0.010849927879458326,-1.9719694329869741,48.27681820282771,0.5310107498984054,0.5310107498984054,-0.5960725432786724,-110.11422399056775,-0.036769174487102575,0.5469304014864831,1.2257526620040053,-0.06513200401735646,-0.0298373016685104,0.0994925300415368,-82.96808975381644,0.0317164322948761,-0.8291936208803408,-0.7200683813087521,RECONSTRUCTED - approximate only,0.0317164322948761,-0.8995563157469425
2026-06-12,HWM,CONTROL,control,264.6700134277344,264.6700134277344,265,0.41248426258632553,0.012622812777199887,0.41248426258632553,0.021800690372682948,216.71594874816174,-204.44703547890896,-0.25151482346894566,-0.25151482346894566,2.1169263688902538,845.2962052497039,0.05928126016479053,0.50938837949285,5.993614961811886,0.31770386552032,0.07012504861515557,0.4881547414026478,1144.1277983571806,-0.012204183712310608,1.5921019120369415,2.0814352224668022,RECONSTRUCTED - approximate only,-0.012204183712310608,1.5786949900628406
2026-06-12,ESAB,CONTROL,control,91.56999969482422,91.56999969482422,92,0.4783566156131246,0.011553547522911503,0.4783566156131246,0.05624114385762085,279.9904554675752,48.10914802387147,0.3356994853843574,0.3356994853843574,2.268148816543089,740.8334213650755,0.1169596933511622,0.49077626794008444,2.257006526071926,1.283974700933462,0.0832150570271623,1.4171566454026336,462.45646943808714,0.015413610389715867,3.5664541916695196,2.227093556984824,RECONSTRUCTED - approximate only,0.015413610389715867,3.5658967817191423
2026-06-12,RTX,CONTROL,control,183.52999877929688,183.52999877929688,184,0.26993654765618535,0.0026056984422384737,0.26993654765618535,0.0005993603829521255,-42.53849719526906,-77.28678357996871,-0.20299782138925657,-0.20299782138925657,2.3896477109323633,-213.26714397475197,-0.009262774257883098,0.49039606752629517,2.5947522831044125,-0.2574225152053833,0.04931075634474803,-0.062031981216335984,561.8041432758691,-0.006280814590802724,-0.7546390027082713,2.3580081611605253,RECONSTRUCTED - approximate only,-0.006280814590802724,-0.845731794920952
2026-06-12,CFG,CONTROL,control,67.6500015258789,67.6500015258789,68,0.26161207309947965,0.014133134593596242,0.26161207309947965,-0.014781965668063717,-52.154936848838794,-0.6438388656369798,0.11344728026243397,0.11344728026243397,-0.6552693989725551,-39.60700350711996,0.005025814193966609,0.46102459469135526,0.8439462411200438,-0.7028437530594192,-0.012860350731096723,-0.5290368705219726,-62.275616298668865,0.0029652273785896895,-0.3725298533393337,-0.7902550989994994,RECONSTRUCTED - approximate only,0.0029652273785896895,-0.49699303401298434
2026-06-12,ALGN,CONTROL,control,174.83999633789062,174.83999633789062,175,0.43808023596904744,0.0,0.43808023596904744,0.019560731186106437,113.43834393304552,-119.26929270276885,-0.187973383539892,-0.187973383539892,-0.3985288605591333,-283.5508248633153,-0.006177086786066432,0.5123899444397471,4.234745173213781,0.21694281155762374,-0.007492550823794845,0.3904685225622623,-203.97592775285977,-0.009461210248242551,-0.5963283648121478,-0.546275107167136,RECONSTRUCTED - approximate only,-0.009461210248242551,-0.69992845421441
2026-06-12,NOVT,CONTROL,control,160.52999877929688,160.52999877929688,161,0.597029629108838,0.014038536591873768,0.597029629108838,-0.024294486551677135,-254.40149133242232,-224.50557585400023,-0.3516370671873287,-0.3516370671873287,-0.833288002336638,-455.1432067197969,-0.030336978472683886,0.5070121977531542,5.142331407231239,-0.5874658823373712,-0.05668726202400762,-0.41283379338408005,-459.8024053123563,-0.02525960046414736,-0.8237506559800449,-0.9173953470345872,RECONSTRUCTED - approximate only,-0.02525960046414736,-0.8996792403051843
2026-06-12,DELL,CONTROL,control,395.57000732421875,395.57000732421875,396,1.1636853997348644,-0.01647723082358712,1.1636853997348644,0.03412796660525143,299.419232773325,327.95817737791975,0.24182038688517146,0.24182038688517146,0.3295417327112778,18.438630074955665,0.05849782264177902,0.5317959220288241,25.380388698347872,0.04747769430030668,0.06003994124997936,0.22998408497598058,539.4663535277537,0.02745456447849026,0.11344959884684555,0.19416665674814432,RECONSTRUCTED - approximate only,0.02745456447849026,0.028836209756417094
2026-06-12,QLYS,CONTROL,control,111.23999786376953,111.23999786376953,111,0.49002090686495625,-0.0007218427297027338,0.49002090686495625,0.030654474358094184,147.29576090899303,-7.655970031296598,0.08424130002727408,0.08424130002727408,-0.07100983339777238,-273.5402877707585,-0.02454149388677948,0.5318368142673574,3.182637239756666,0.4475500309902986,0.008450219880059935,0.5967316434532045,-54.59623371283003,0.004424359943742946,-0.7951496205063905,-0.21028625972666745,RECONSTRUCTED - approximate only,0.004424359943742946,-0.8737779771179253
2026-06-12,FANG,CONTROL,control,192.1300048828125,192.1300048828125,192,0.40924156740854245,-0.008298952806943462,0.40924156740854245,-0.011294426241590313,-176.80804416268901,68.6643404596813,0.26897092358543273,0.26897092358543273,-0.7816276816494517,-398.34421273154703,-0.022536832982936333,0.5228070762617459,4.498667113155236,-0.4791291032243771,-0.034612028242697095,-0.30540361294655066,-380.3335320175275,0.011210552014802632,-0.8237704114870865,-0.8784359123013125,RECONSTRUCTED - approximate only,0.011210552014802632,-0.8975356623798008
2026-06-12,JHG,CONTROL,control,51.84000015258789,51.84000015258789,52,0.15,0.0005787917853960175,0.017735390570304165,0.0,-8.390459746541673,-5.945354984513494,-0.024366616658744678,-0.024366616658744678,-0.4007018570217448,-22.026746520518717,0.0015431716072907518,0.46342716664921,0.3772163740130594,-0.30189443042964886,-0.001736114049440213,-0.09259786704068973,-19.43153738890458,-0.000385662505366027,-0.47312180679346494,-0.5651675714963577,RECONSTRUCTED - approximate only,-0.000385662505366027,-0.594150014649187
2026-06-12,BA,CONTROL,control,219.0500030517578,219.0500030517578,219,0.3965378039808802,0.0033388540273067806,0.3965378039808802,0.045195132428942145,554.2928600260092,-195.10697117725664,-0.3088380658814676,-0.3088380658814676,0.623590063618876,-173.79067257941097,0.008125992944525508,0.5195707785131776,4.926508939552804,1.1798575817975088,0.030038811866621815,1.2923808444286615,241.28650279276786,-0.014930036148447429,-0.2632922050585689,0.5165891080875422,RECONSTRUCTED - approximate only,-0.014930036148447429,-0.36236232732971735
2026-06-12,ROIV,CONTROL,control,30.040000915527344,30.040000915527344,30,0.5421513243161681,0.009081751157785659,0.5421513243161681,-0.0003328970897822753,-17.65308777717276,-8.614029358792862,0.022773630081757645,0.022773630081757645,0.5686922311960072,29.51773059543783,0.04027959545924052,0.5271307291368337,0.933327960110125,-0.2572924233368461,0.038615173503956796,-0.07917122469377125,39.790474605800014,0.0013333638509114584,0.4528335490402324,0.45945927192753583,RECONSTRUCTED - approximate only,0.0013333638509114584,0.39811180552369446
2026-06-12,PSX,CONTROL,control,179.4499969482422,179.4499969482422,179,0.31868314618208987,-0.0027512940840623023,0.31868314618208987,-0.03449430229409031,-280.6736526222973,67.44366131844224,0.31354223583831564,0.31354223583831564,-0.987103957650783,-365.4789045834359,-0.06152127876222266,0.5401000889212256,3.4742687297596575,-0.8544973631810233,-0.0684313122771394,-0.7411812364525192,-361.8418065409677,0.010359756385155856,-0.9981236125854621,-0.9976597189652083,RECONSTRUCTED - approximate only,0.010359756385155856,-0.9998359898832414
2026-06-12,BMY,CONTROL,control,57.130001068115234,57.130001068115234,57,0.3120944074118158,0.009666067175945498,0.3120944074118158,-0.015578494188846674,-58.36983751121822,-27.584939616345437,-0.15129004061104714,-0.15129004061104714,-0.8357615705647359,-112.65775025461711,-0.04253457482485479,0.538440667390745,1.078464725913996,-0.6092196267057163,-0.03238232547226158,-0.45176491846437866,-97.71188770635209,-0.005570055536546626,-0.9816401191614674,-0.9157639582258017,RECONSTRUCTED - approximate only,-0.005570055536546626,-0.9955037421196643
2026-06-12,FN,CONTROL,control,611.010009765625,611.010009765625,611,0.8666202213582709,0.006406259500053462,0.8666202213582709,0.040212119165843885,882.770991750913,1181.3098269626605,0.5269428302955511,0.5269428302955511,-0.6284918074346303,-1292.5758168337493,0.009950765114594376,0.5271602705489685,29.521281932962722,0.24837550891805732,-0.0435835820317042,0.420493724799504,-2059.131784113956,0.04273263189998221,-0.35516322366174,-0.754860589122814,RECONSTRUCTED - approximate only,0.04273263189998221,-0.4599014714248129
2026-06-12,EA,CONTROL,control,203.27000427246094,203.27000427246094,203,0.15,0.0009849640248033285,0.03561861083602212,-0.0007379797910190765,-41.466648567471424,-19.507243166535904,0.005704577549907351,0.005704577549907351,-0.30491605343842093,-116.80075827624653,-0.0014758845154334312,0.547970350940632,1.9250494589504967,-0.2756150046736286,-0.0012298912517604058,-0.1143711091939237,-76.31345054071551,9.842200472785977e-05,-0.5263037090689144,-0.43686334593333165,RECONSTRUCTED - approximate only,9.842200472785977e-05,-0.6196983482956685
2026-06-12,HWM,CONTROL,control,264.6700134277344,264.6700134277344,265,0.41248426258632553,0.012622812777199887,0.41248426258632553,0.021800690372682948,216.71594874816174,-204.44703547890896,-0.25151482346894566,-0.25151482346894566,2.1169263688902538,845.2962052497039,0.05928126016479053,0.50938837949285,5.993614961811886,0.31770386552032,0.07012504861515557,0.4881547414026478,1144.1277983571806,-0.012204183712310608,1.5921019120369415,2.0814352224668022,RECONSTRUCTED - approximate only,-0.012204183712310608,1.5786949900628406
2026-06-12,QCOM,CONTROL,control,211.72000122070312,211.72000122070312,212,1.0677104071088284,-0.005469060768787027,1.0677104071088284,0.04293404631343709,291.65514224790206,456.7036365420069,0.4927627210769411,0.4927627210769411,-0.1946045469216524,-78.5017212877138,0.04808233807428202,0.5284912643569925,12.441538956526756,0.17420938666299685,0.005904024148842524,0.3531214293052757,-355.72749447135055,0.04889767064027646,0.03994569993354982,-0.3464813877086618,RECONSTRUCTED - approximate only,0.04889767064027646,-0.04904688544884477
2026-06-12,BALL,CONTROL,control,56.97999954223633,56.97999954223633,57,0.31113136092684657,0.011182127554294943,0.31113136092684657,0.0064934878002325105,0.6225998023927548,-10.775534068114201,0.005168548420563409,0.005168548420563409,0.18433347820241822,21.828493229621206,0.02141104300639387,0.5142206741303114,0.9964818724890669,-0.05351964403952002,0.012987042548469519,0.12557250141165865,6.185253379658308,0.00017550151516531291,0.3495805210009765,0.04917045430157784,RECONSTRUCTED - approximate only,0.00017550151516531291,0.28661690896900527
2026-06-12,CIEN,CONTROL,control,445.9800109863281,445.9800109863281,446,0.857693462860547,0.0,0.857693462860547,0.03908245268040854,616.719494280794,-176.14957034731503,0.018915502999628984,0.018915502999628984,-0.4515245987487699,-328.13855391139504,0.03217627524202516,0.5267428165935147,21.3152493297639,0.23783101215214272,-0.020763284312105352,0.41046570374375235,-1128.766636378544,0.0017070431776227643,-0.05614268716109348,-0.5949555281275717,RECONSTRUCTED - approximate only,0.0017070431776227643,-0.14807878594870164
2026-06-12,HSIC,CONTROL,control,81.25,81.25,81,0.26603423577630503,0.004238298837159316,0.26603423577630503,-0.0019692758413461537,-32.059331247780115,24.487296147654092,0.30446103014988396,0.30446103014988396,-0.6431810241881766,-139.67975135904712,-0.03175386868990385,0.5509629423595016,1.362691375835574,-0.2937905988095636,-0.015753831129807692,-0.13234195205807428,-98.19035106077614,0.00856507525219809,-0.9636721766236939,-0.7594479280682934,RECONSTRUCTED - approximate only,0.00856507525219809,-0.98795267805203
2026-06-12,KNF,CONTROL,control,76.91999816894531,76.91999816894531,77,0.5347217174078254,0.008956800863753603,0.5347217174078254,0.05070204912528772,200.4968691738637,-7.944920149832645,0.0744340460650675,0.0744340460650675,1.930863489018226,759.0751591796377,0.13741549592355054,0.5143335974903278,2.268846675811787,0.903728076626158,0.08502341486232275,1.0414998780297247,392.1906880498904,0.004177541791104983,3.63302425754348,1.88779937597584,RECONSTRUCTED - approximate only,0.004177541791104983,3.6327970833127408
2026-06-12,HPE,CONTROL,control,48.029476165771484,48.029476165771484,48,0.8715788513131039,-0.006196627014659671,0.8715788513131039,0.017645887551854995,3.6318383527138467,70.74978385453687,0.42834385835673766,0.42834385835673766,-0.20542906996487462,-109.29969570292162,0.007714540937914271,0.5292484889695956,2.347459245729162,-0.05302098906798396,0.0035504155110793025,0.12737816927044157,-70.58704757219748,0.035691247201003626,-0.3790216722697566,-0.3541827636393702,RECONSTRUCTED - approximate only,0.035691247201003626,-0.4834997586419612
2026-06-12,WAB,CONTROL,control,265.20001220703125,265.20001220703125,265,0.27818292592914096,0.009920279826947898,0.27818292592914096,0.013914035714770668,135.7441579032919,-18.343133802231037,0.06357216380253293,0.06357216380253293,0.8114881268970393,673.258450298313,0.043551988164887895,0.5254104244950537,4.303121389904305,0.28343873139515724,0.025113019751040095,0.4405012217283549,287.40231816883966,0.0019268191504055751,1.7553712127028163,0.7236266822627535,RECONSTRUCTED - approximate only,0.0019268191504055751,1.7487375776743015
2026-06-12,GOOG,CONTROL,control,358.1600036621094,358.1600036621094,358,0.39439074278061376,0.012732803948866452,0.39439074278061376,0.024988780427578395,383.88894033722437,-217.93504935624793,-0.17795337093233562,-0.17795337093233562,0.03362016911160334,-745.466065269779,-0.026189425918315717,0.5211526424433234,8.051680281642177,0.4548215712921289,0.011000676795623655,0.6088376023305018,-56.100411809791424,-0.008141795601530527,-0.8676178717581366,-0.10612965805948961,RECONSTRUCTED - approximate only,-0.008141795601530527,-0.9304308620767853
2026-06-12,CFR,CONTROL,control,148.0,148.0,148,0.22339017618200444,0.004517169662256611,0.22339017618200444,-0.020000045363967482,-141.31522406665212,47.10146400044658,0.37377815746717885,0.37377815746717885,-0.7373832551510553,-24.061993848189243,0.009391887767894848,0.5185299036234279,1.8974325291056573,-0.8040613241013798,-0.016554033434068836,-0.6714940870936703,-153.19214789149237,0.008380429868052076,-0.021012707817880148,-0.8445765365126365,RECONSTRUCTED - approximate only,0.008380429868052076,-0.10470481054244528
2026-06-12,BKR,CONTROL,control,63.13999938964844,63.13999938964844,63,0.3642569952639459,-0.004725885936104061,0.3642569952639459,-0.010769723024217588,-55.953804673644186,-17.034918408545128,-0.015528970388711271,-0.015528970388711271,-0.9106645487009465,-144.75004676555392,-0.06319287143394677,0.5351552009127384,1.3712045846338867,-0.48172495759347783,-0.04862210523441236,-0.3142972881087295,-133.63924924935617,-0.0006331262319425286,-0.9959587233551427,-0.9636910474482999,RECONSTRUCTED - approximate only,-0.0006331262319425286,-0.9994986043634505
2026-06-12,TSCO,CONTROL,control,31.25,31.25,31,0.41267781832461387,0.000639809904581926,0.41267781832461387,-0.01184002685546875,-33.746321252425275,-11.502330539692096,-0.01993135318074846,-0.01993135318074846,-0.8574031479871576,-87.1129667271594,-0.04608001708984375,0.5737383730124467,0.8578087979004003,-0.4447364301472272,-0.048,-0.2928910980952977,-79.74944452963786,-0.000959101214416409,-0.9477621652455825,-0.9277932422648134,RECONSTRUCTED - approximate only,-0.000959101214416409,-0.9794207999297923
2026-06-12,TTC,CONTROL,control,90.3416519165039,90.3416519165039,90,0.23014109323382181,0.005097004012556056,0.23014109323382181,-0.02093890169298692,-100.50680021144457,-93.234220488097,-0.5997976231890552,-0.5997976231890552,0.02354495935553913,70.06230263797816,0.020459560852513933,0.5654910168986947,1.3725463998001075,-0.7812720550074733,0.005848363616003397,-0.655572401209841,-11.955391824297001,-0.020932266238867306,0.6525540422981702,-0.08973998475524501,RECONSTRUCTED - approximate only,-0.020932266238867306,0.6269712475155046
2026-06-12,ALL,CONTROL,control,221.6300048828125,221.6300048828125,222,0.27272286509315913,-0.001958409255483421,0.27272286509315913,0.0008121313532272927,-50.27038595966654,99.90323364111075,0.43180897977670923,0.43180897977670923,-0.2587715297106809,-142.68759191269248,0.004196149687732878,0.500043101643171,3.2623207061190413,-0.24241629412313523,0.0001353552255378821,-0.052746367648533916,-114.12180041646951,0.011362624350183708,-0.3509428914966343,-0.413496633115211,RECONSTRUCTED - approximate only,0.011362624350183708,-0.45936802480043837
2026-06-12,AMAT,CONTROL,control,567.25,567.25,567,0.6597323235648447,-0.0072742100186272965,0.6597323235648447,0.032666424498677835,690.8540420212925,879.1145323232383,0.5454638635499645,0.5454638635499645,0.5387637185001869,4760.748056303812,0.12856763803575363,0.5243211796419115,21.05294533565484,0.2839243694025185,0.04525338547405244,0.4513350212428845,865.7140425132154,0.033957940010613454,2.486251701118165,0.422729100577497,RECONSTRUCTED - approximate only,0.033957940010613454,2.483659281645334
2026-06-12,FOUR,CONTROL,control,41.18000030517578,41.18000030517578,41,0.6917578137173578,0.008871951010198538,0.6917578137173578,-0.030111745247144765,-85.11198579166478,64.7240088433352,0.5186754428873637,0.5186754428873637,-0.7197223652390287,-166.69303187744077,-0.06338029604199687,0.5412711103606956,1.681105259811872,-0.5811865222338621,-0.04881015350497309,-0.4195293405147161,-133.05431270983814,0.034673394335902885,-0.9303527101534407,-0.8277593712789072,RECONSTRUCTED - approximate only,0.034673394335902885,-0.9706084977435695
2026-06-12,NDSN,CONTROL,control,287.3956604003906,287.3956604003906,287,0.2753965759400507,0.00882254986700396,0.2753965759400507,0.013982868485410116,151.22898744319951,-45.37850705946225,0.006771717779993228,0.006771717779993228,0.007892778517203878,299.1893163166148,0.026668242476331795,0.5320144613658168,4.710909742977634,0.2942327450786713,0.00697412582118107,0.44608231522823116,-44.87679154426969,0.00020821641459173329,0.7766930106162333,-0.124693570116909,RECONSTRUCTED - approximate only,0.00020821641459173329,0.7453649066788108
2026-06-12,LULU,CONTROL,control,118.7699966430664,118.7699966430664,119,0.4329150579501378,0.0012311353446114457,0.4329150579501378,-0.02155424459838274,-153.4957374649118,-153.6699586634282,-0.4708396960026168,-0.4708396960026168,-0.926992988126627,-293.61776698849496,-0.11231789774298517,0.5054654814214006,2.78404158366844,-0.6382561911379881,-0.05902159387865209,-0.4701809747523446,-274.31518337447585,-0.026395616666040213,-0.9999750484039578,-0.9736110817927436,RECONSTRUCTED - approximate only,-0.026395616666040213,-0.9999997517297424
2026-06-12,HSY,CONTROL,control,181.66000366210938,181.66000366210938,182,0.3039854956069229,0.007907586615399025,0.3039854956069229,-0.0030276507798647156,-78.80162269100956,-58.94782510917365,-0.09905462027398998,-0.09905462027398998,-0.8834710093477561,-312.8479714766938,-0.05928660164784167,0.4997644250909255,2.9699775375121646,-0.3581142064832027,-0.03495544410164574,-0.16942126120884174,-280.269235391695,-0.003346686761688561,-0.998937897471052,-0.9497252214500047,RECONSTRUCTED - approximate only,-0.003346686761688561,-0.9999333257734592
2026-06-12,AFL,CONTROL,control,117.80000305175781,117.80000305175781,118,0.1909031333030982,0.000858790091339153,0.1909031333030982,-0.007130763544344592,-57.34123267814756,55.576508942767525,0.604228704674749,0.604228704674749,-0.7327749960476381,-110.14940342863933,-0.010611205158040508,0.4941458214789773,1.1998826331757826,-0.5650621466019488,-0.01324282807788096,-0.386374687417032,-96.82700555114413,0.010725010444185891,-0.8496495663215327,-0.8449450073803804,RECONSTRUCTED - approximate only,0.010725010444185891,-0.9195012907403382
2026-06-12,ALL,CONTROL,control,221.6300048828125,221.6300048828125,222,0.27272286509315913,-0.001958409255483421,0.27272286509315913,0.0008121313532272927,-50.27038595966654,99.90323364111075,0.43180897977670923,0.43180897977670923,-0.2587715297106809,-142.68759191269248,0.004196149687732878,0.500043101643171,3.2623207061190413,-0.24241629412313523,0.0001353552255378821,-0.052746367648533916,-114.12180041646951,0.011362624350183708,-0.3509428914966343,-0.413496633115211,RECONSTRUCTED - approximate only,0.011362624350183708,-0.45936802480043837
2026-06-12,PWR,CONTROL,control,707.739990234375,707.739990234375,708,0.61085819427032,0.006922451164236108,0.61085819427032,0.02346905018898528,494.95873575466743,886.2906108379532,0.4932515112522397,0.4932515112522397,-0.08684576934608422,806.9848599583543,0.045779558681335666,0.5196561363592889,24.08077196287178,0.1468280677600016,0.010046041554339693,0.3221904297402047,-440.7824705472235,0.028661914106162596,0.458584957415548,-0.23511290658889547,RECONSTRUCTED - approximate only,0.028661914106162596,0.3994900627940421
2026-06-12,SBUX,CONTROL,control,103.04000091552734,103.04000091552734,103,0.22646952737640397,0.0048885413176325545,0.22646952737640397,-0.014072249269732044,-83.38629555878587,-1.5316876063513718,0.10346839477788049,0.10346839477788049,-0.9194267638701027,-140.70126190993682,-0.02804735407579889,0.52337917813365,1.358851698063397,-0.6845382170344382,-0.031250011569224426,-0.530616585473357,-133.57815581696715,0.0025296958485938547,-0.9746057537800263,-0.9689760601585969,RECONSTRUCTED - approximate only,0.0025296958485938547,-0.9929952084132213
2026-06-12,AXON,CONTROL,control,441.7300109863281,441.7300109863281,442,0.6478444436730398,0.0015463971818227952,0.6478444436730398,0.0033504186537957606,-200.2721746342319,-399.29804406927354,-0.1585696350856049,-0.1585696350856049,-0.7081709874853951,-1619.1165656752537,-0.0717633201698229,0.5194351255876817,15.879197760599055,-0.21094456221496996,-0.04237883040571251,-0.026635441461155044,-1228.384757672925,-0.011546473389361099,-0.967186994593134,-0.822270054757887,RECONSTRUCTED - approximate only,-0.011546473389361099,-0.9900245324031097
2026-06-12,TXT,CONTROL,control,92.81999969482422,92.81999969482422,93,0.3270765785979833,0.006934747393629452,0.3270765785979833,0.010019395693099096,18.12387064264437,-80.01405276963327,-0.40215576412482795,-0.40215576412482795,-0.30032034654671463,-172.58247335755578,-0.0633483869074592,0.500417201881848,1.6329091024526434,0.04451181081134337,-0.0014005306382824476,0.230476371496926,-64.21669463967339,-0.016528900233012612,-0.9988848936138643,-0.45495074514471895,RECONSTRUCTED - approximate only,-0.016528900233012612,-0.9999282653385673
2026-06-12,CHRD,CONTROL,control,135.33999633789062,135.33999633789062,135,0.4005712976878239,-0.011813980605342857,0.4005712976878239,-0.05718928678293893,-294.9344269629469,157.93880585439112,0.624189630331487,0.624189630331487,-0.9441697615515349,-340.1182887027524,-0.08046401421838671,0.5360016679946655,3.230126126522322,-0.9320696079451926,-0.06184420972120408,-0.8516309644412521,-323.3310656579198,0.02406168725533232,-0.998875864061683,-0.9811591024428271,RECONSTRUCTED - approximate only,0.02406168725533232,-0.999923332365664
2026-06-12,DTE,CONTROL,control,146.256103515625,146.256103515625,146,0.23090591293083923,0.005487406883429209,0.23090591293083923,0.0042056162519926886,-2.842826248121498,23.250088679512647,0.23023196205315066,0.23023196205315066,-0.2928764074990526,-76.59631344395014,0.003923927286688423,0.5401389831938657,2.0678919658425343,-0.06440140885299712,-0.0015601395507999966,0.09740961594754009,-79.51441281337627,0.005662063249810885,-0.2780222294399351,-0.4289351991205524,RECONSTRUCTED - approximate only,0.005662063249810885,-0.36754534726676885
2026-06-12,SMG,CONTROL,control,61.66999816894531,61.66999816894531,62,0.37370068667688977,0.008726520547982362,0.37370068667688977,0.024323010289229154,59.33544186806886,-43.06248324661122,-0.27861649659825727,-0.27861649659825727,0.21357261185732776,-15.926676312870157,0.01686396864611955,0.47658819522948054,1.1451638076184025,0.4743889721378352,0.01686396864611955,0.662622554769995,10.483046336582714,-0.01201538003846232,-0.02918486848839423,0.05328186084466131,RECONSTRUCTED - approximate only,-0.01201538003846232,-0.1367201072760392
2026-06-12,INTC,CONTROL,control,124.56999969482422,124.56999969482422,125,0.9198489312012328,0.003932960739341564,0.9198489312012328,0.02641086074967728,66.15243602877666,375.5519868724185,0.7471218820281814,0.7471218820281814,-0.5060140143757077,880.6393392910863,0.13141207984816422,0.517615128604266,6.180274366551956,0.0326997019837334,-0.02785583390225617,0.22014893808774597,-360.19676067093235,0.06089253651317042,1.6073925848310302,-0.6491153141374104,RECONSTRUCTED - approximate only,0.06089253651317042,1.5902945712164018
2026-06-12,EMR,CONTROL,control,143.07000732421875,143.07000732421875,143,0.3839674672773107,0.012597709839229124,0.3839674672773107,0.024114047470648138,146.48165239653096,-70.95316941178142,-0.12845440401329467,-0.12845440401329467,1.0829008690610882,364.5329424321292,0.04990563377457649,0.5214626503782419,3.1370824296662505,0.44722116902669745,0.0414481888041214,0.601136752514185,290.05835819651344,-0.005629674250104992,1.3327964358910782,1.0063672385846316,RECONSTRUCTED - approximate only,-0.005629674250104992,1.3163687394808141
2026-06-12,OKTA,CONTROL,control,116.29000091552734,116.29000091552734,116,0.9856539735529328,0.0029787104180518617,0.9856539735529328,0.0157365363887476,-14.285147020307864,-142.2278923170808,-0.12228287193700853,-0.12228287193700853,-0.4786253466762209,-366.604810407442,-0.0030097039415738886,0.537273281352491,6.519346873120327,-0.09386085276505736,-0.028033383012856995,0.08429698432418078,-362.9243111699299,-0.013237145344013839,-0.48456798142030943,-0.6176692183500561,RECONSTRUCTED - approximate only,-0.013237145344013839,-0.5880529105790667
2026-06-12,NDSN,CONTROL,control,287.3956604003906,287.3956604003906,287,0.2753965759400507,0.00882254986700396,0.2753965759400507,0.013982868485410116,151.22898744319951,-45.37850705946225,0.006771717779993228,0.006771717779993228,0.007892778517203878,299.1893163166148,0.026668242476331795,0.5320144613658168,4.710909742977634,0.2942327450786713,0.00697412582118107,0.44608231522823116,-44.87679154426969,0.00020821641459173329,0.7766930106162333,-0.124693570116909,RECONSTRUCTED - approximate only,0.00020821641459173329,0.7453649066788108
2026-06-12,FAF,CONTROL,control,65.73999786376953,65.73999786376953,66,0.24213099977053285,-0.0029302100978172213,0.24213099977053285,0.008822662760905514,13.060561344519229,50.837819994312156,0.8036754933379563,0.8036754933379563,1.4677064824055008,135.7378878935785,0.038637070247414515,0.4711602942985925,0.7858096571083308,0.09347581823222313,0.031031350499200794,0.29763010357822445,100.4090065580171,0.016859958424816242,1.9409546259768582,1.383386500932323,RECONSTRUCTED - approximate only,0.016859958424816242,1.9279298456221505
2026-06-12,TSCO,CONTROL,control,31.25,31.25,31,0.41267781832461387,0.000639809904581926,0.41267781832461387,-0.01184002685546875,-33.746321252425275,-11.502330539692096,-0.01993135318074846,-0.01993135318074846,-0.8574031479871576,-87.1129667271594,-0.04608001708984375,0.5737383730124467,0.8578087979004003,-0.4447364301472272,-0.048,-0.2928910980952977,-79.74944452963786,-0.000959101214416409,-0.9477621652455825,-0.9277932422648134,RECONSTRUCTED - approximate only,-0.000959101214416409,-0.9794207999297923
2026-06-12,OHI,CONTROL,control,45.77000045776367,45.77000045776367,46,0.23157619477987995,0.004858684333792759,0.23157619477987995,-0.012235118367712976,-30.35122278869041,6.431102190274775,0.2685225035528504,0.2685225035528504,-0.8802410886541774,-48.908892933910494,-0.014638452631453492,0.45605988582676166,0.49847083931075176,-0.6868653140259712,-0.024688683784436352,-0.5082177541821867,-47.968287247546996,0.005934075994805975,-0.9001040609831653,-0.9505638972375741,RECONSTRUCTED - approximate only,0.005934075994805975,-0.9561294451375244
2026-06-12,CPRI,CONTROL,control,21.329999923706055,21.329999923706055,21,0.5077443540574883,0.007194226176781484,0.5077443540574883,-0.012658249354403172,-28.088837654722244,11.498544454887783,0.2769430822400826,0.2769430822400826,-0.9166896847483442,-83.11407050133117,-0.08766998808823664,0.6066280365462617,0.7847249530863305,-0.39288783630098634,-0.07501173873383347,-0.25408283164910195,-77.48543016745572,0.015714282081240698,-0.9921923757061317,-0.9641583106529233,RECONSTRUCTED - approximate only,0.015714282081240698,-0.9985589655022595
2026-06-12,CHD,CONTROL,control,97.55999755859375,97.55999755859375,98,0.2712942017515003,0.003502228383579041,0.2712942017515003,0.007790099992304915,11.641141516876752,-7.922028145395098,0.051570453655338105,0.051570453655338105,-0.33823297135273434,-136.71931845151087,-0.03915538940568298,0.46992200022795705,1.298231489969595,0.002260215081056332,-0.0015374528519672202,0.2101924739184174,-55.99726086352581,0.0014370703375055623,-0.9927432616300957,-0.5047769796809,RECONSTRUCTED - approximate only,0.0014370703375055623,-0.9989309554808838
2026-06-12,APA,CONTROL,control,37.02000045776367,37.02000045776367,37,0.4976157845736825,-0.01332240021838572,0.4976157845736825,-0.060777957109077775,-91.5328443392609,29.24586793830105,0.413022279193458,0.413022279193458,-0.9637568290882794,-110.2571970355226,-0.07617503133317279,0.5224139165746895,1.0447633546172739,-0.9021211238286403,-0.08346839855156915,-0.8038608173096086,-107.40292623656259,0.0201157212405576,-0.9925144952580819,-0.9899485604520787,RECONSTRUCTED - approximate only,0.0201157212405576,-0.9987931990839193
2026-06-12,CL,CONTROL,control,89.44999694824219,89.44999694824219,89,0.27004216815041876,0.0005593808267058,0.27004216815041876,0.012632810747510105,41.67546119186613,-16.90907920795176,0.0035379410978746894,0.0035379410978746894,0.25578808025051397,-117.12806334548007,-0.008719941933013146,0.5711103741114545,1.6151953478154297,0.25670479481019737,0.012632810747510105,0.38533657212026323,21.797079660336315,0.00011174537749465158,-0.6495946205818572,0.15884909569593894,RECONSTRUCTED - approximate only,0.00011174537749465158,-0.7356900790249414
2026-06-12,SNA,CONTROL,control,387.4800109863281,387.4800109863281,387,0.23514533637481883,0.0062910620159657375,0.23514533637481883,-0.002193677297964195,-135.81069231547104,-35.9393957255306,0.038543031265230066,0.038543031265230066,-0.700970226889334,-98.33241825419661,0.008310109242813921,0.5333899953406653,5.464995895289945,-0.3239972061050934,-0.01605244411155597,-0.15382249404393816,-419.8759031566133,0.0010075554835497645,-0.08163430661027052,-0.8124592045441117,RECONSTRUCTED - approximate only,0.0010075554835497645,-0.1627391726936014
2026-06-12,PNW,CONTROL,control,103.44000244140625,103.44000244140625,103,0.18962351555391843,0.0038085877327831428,0.18962351555391843,-0.00164352082683045,-32.52149737862485,24.12166666909116,0.3003804429230634,0.3003804429230634,-0.590149692371697,-112.59064491488955,-0.009764134883915785,0.583936783940103,1.3714648151994453,-0.2783633317136773,-0.010247536378285788,-0.13436919518158774,-91.90475433690756,0.006323587120240192,-0.7489187794070585,-0.703173542605585,RECONSTRUCTED - approximate only,0.006323587120240192,-0.8257023969652308
2026-06-12,AEP,CONTROL,control,129.22999572753906,129.22999572753906,129,0.24694759106169362,0.0009340782998706067,0.24694759106169362,0.0006190654933035722,-29.85212233552047,13.366207288552257,0.1847147868696821,0.1847147868696821,-0.47373173816183245,-38.1939897380323,0.008279868138931851,0.5387266899967811,1.9430832488263405,-0.21616069710086055,-0.007428549770303441,-0.049413002452438355,-108.17835194992945,0.004898830436417958,-0.09460361927536376,-0.6069218328195959,RECONSTRUCTED - approximate only,0.004898830436417958,-0.17441446577579592
2026-06-12,NOV,CONTROL,control,21.1299991607666,21.1299991607666,21,0.395739784603452,-0.0023776102128675375,0.395739784603452,-0.028868846532448172,-36.20787409187119,1.746681669098017,0.16473722427752371,0.16473722427752371,-0.9877091938978629,-57.91896692999505,-0.1159488382820141,0.5625772342781166,0.5392322285904498,-0.714218271159067,-0.08660672013200695,-0.5761710864766333,-57.28976211926253,0.007149648322360472,-0.9999918583657111,-0.9977461320350339,RECONSTRUCTED - approximate only,0.007149648322360472,-0.9999999498077193
2026-06-12,KEY,CONTROL,control,22.700000762939453,22.700000762939453,23,0.23893034682829328,0.01074786260358983,0.23893034682829328,-0.012334831596245733,-12.634825811273348,1.7905840265136737,0.28337323798145897,0.28337323798145897,-0.5383868185059013,-11.660275840024566,0.0057268350835847194,0.36269261635049954,0.18265369046572744,-0.750420387231779,-0.004405303000385335,-0.5479618363767486,-12.468679137986722,0.005759905621312276,-0.4917986089936587,-0.725113034635689,RECONSTRUCTED - approximate only,0.005759905621312276,-0.651657500113594
2026-06-12,AXON,CONTROL,control,441.7300109863281,441.7300109863281,442,0.6478444436730398,0.0015463971818227952,0.6478444436730398,0.0033504186537957606,-200.2721746342319,-399.29804406927354,-0.1585696350856049,-0.1585696350856049,-0.7081709874853951,-1619.1165656752537,-0.0717633201698229,0.5194351255876817,15.879197760599055,-0.21094456221496996,-0.04237883040571251,-0.026635441461155044,-1228.384757672925,-0.011546473389361099,-0.967186994593134,-0.822270054757887,RECONSTRUCTED - approximate only,-0.011546473389361099,-0.9900245324031097
2026-06-12,SNPS,CONTROL,control,453.8900146484375,453.8900146484375,454,0.4112244415920726,0.0017532441604843753,0.4112244415920726,0.0010795351705512272,-157.3731983181736,-254.46457847605404,-0.14925615913522758,-0.14925615913522758,0.19311517113725388,85.70082796999347,0.023551899312233362,0.5163750939801234,10.470287013359382,-0.23389092382158835,0.017294884955814094,-0.0516452219494879,86.08440036830717,-0.0070007694657304,0.1927295461598657,0.05762912584812151,RECONSTRUCTED - approximate only,-0.0070007694657304,0.11882070755239028
2026-06-12,JCI,CONTROL,control,144.55999755859375,144.55999755859375,145,0.38579507079310105,0.012638041399111495,0.38579507079310105,0.01037631450838959,22.77480126289929,-69.39823387008134,-0.13889927434801258,-0.13889927434801258,-0.41015360532174183,48.984934456024114,0.0252490953024124,0.49512414218299705,2.935846877988311,-0.0006685540681015111,-0.006502507313790205,0.19158201960449497,-145.05254603943428,-0.005965817090199347,0.2855569952558295,-0.5636247669834076,RECONSTRUCTED - approximate only,-0.005965817090199347,0.2074161809785337
2026-06-12,ARES,CONTROL,control,133.55458068847656,133.55458068847656,134,0.39317754905648644,0.014003747024361808,0.39317754905648644,0.0034099453273089366,-28.253080472946223,-18.432443058905843,0.03964684070066667,0.03964684070066667,-0.8465520865065521,-287.76510724368825,-0.05731423904098344,0.4934918174339353,2.748424684516074,-0.19390362655508633,-0.03896964490571009,0.002034338070887975,-249.81928871706424,0.0016335107860656706,-0.9918824901197895,-0.9272131099988046,RECONSTRUCTED - approximate only,0.0016335107860656706,-0.9986979942336403
2026-06-12,BURL,CONTROL,control,338.45001220703125,338.45001220703125,338,0.5172625876195386,0.008324345427934232,0.5172625876195386,-0.005466113271651971,-261.5905101714395,-399.5361325591061,-0.3118126303150969,-0.3118126303150969,-0.5786830816524312,-444.2525055002551,0.005377387327518658,0.5270183650514391,10.050833466235275,-0.3444894920452778,-0.022721235526805786,-0.16734111082309552,-654.3518265869124,-0.019610651149218155,-0.3586444342763976,-0.7093298819304874,RECONSTRUCTED - approximate only,-0.019610651149218155,-0.45958768091555197
2026-06-12,ODFL,CONTROL,control,245.75,245.75,246,0.42308837348818373,0.0002018205233550442,0.42308837348818373,-0.0338962434630913,-406.796958120486,-152.38974021430008,-0.17198040958286406,-0.17198040958286406,-0.997966986956193,-603.6123681355477,-0.10673446888113555,0.5112917304093968,5.736538209038002,-0.7800177938175705,-0.11145472793346262,-0.6388073733748554,-602.5285785334895,-0.008312810535848826,-0.9999556970780291,-0.9998485513534943,RECONSTRUCTED - approximate only,-0.008312810535848826,-0.9999994057485726
2026-06-12,SBUX,CONTROL,control,103.04000091552734,103.04000091552734,103,0.22646952737640397,0.0048885413176325545,0.22646952737640397,-0.014072249269732044,-83.38629555878587,-1.5316876063513718,0.10346839477788049,0.10346839477788049,-0.9194267638701027,-140.70126190993682,-0.02804735407579889,0.52337917813365,1.358851698063397,-0.6845382170344382,-0.031250011569224426,-0.530616585473357,-133.57815581696715,0.0025296958485938547,-0.9746057537800263,-0.9689760601585969,RECONSTRUCTED - approximate only,0.0025296958485938547,-0.9929952084132213
2026-06-12,EA,CONTROL,control,203.27000427246094,203.27000427246094,203,0.15,0.0009849640248033285,0.03561861083602212,-0.0007379797910190765,-41.466648567471424,-19.507243166535904,0.005704577549907351,0.005704577549907351,-0.30491605343842093,-116.80075827624653,-0.0014758845154334312,0.547970350940632,1.9250494589504967,-0.2756150046736286,-0.0012298912517604058,-0.1143711091939237,-76.31345054071551,9.842200472785977e-05,-0.5263037090689144,-0.43686334593333165,RECONSTRUCTED - approximate only,9.842200472785977e-05,-0.6196983482956685
2026-06-12,HPE,CONTROL,control,48.029476165771484,48.029476165771484,48,0.8715788513131039,-0.006196627014659671,0.8715788513131039,0.017645887551854995,3.6318383527138467,70.74978385453687,0.42834385835673766,0.42834385835673766,-0.20542906996487462,-109.29969570292162,0.007714540937914271,0.5292484889695956,2.347459245729162,-0.05302098906798396,0.0035504155110793025,0.12737816927044157,-70.58704757219748,0.035691247201003626,-0.3790216722697566,-0.3541827636393702,RECONSTRUCTED - approximate only,0.035691247201003626,-0.4834997586419612
2026-06-12,CASY,CONTROL,control,895.1400146484375,895.1400146484375,895,0.6183321639400914,0.00405986225191396,0.6183321639400914,-0.02541501846382654,-1519.3627733696023,-1366.5799275177078,-0.3575190768735279,-0.3575190768735279,-0.7709059560838807,-3174.2981372895065,-0.07090514411112415,0.5222653335298625,31.054276889599066,-0.578470332289888,-0.049478336726902696,-0.4093071281094003,-2586.1358354226345,-0.02702172320822011,-0.9702724442144752,-0.8708475422911938,RECONSTRUCTED - approximate only,-0.02702172320822011,-0.9912889477053555
2026-06-12,ALGN,CONTROL,control,174.83999633789062,174.83999633789062,175,0.43808023596904744,0.0,0.43808023596904744,0.019560731186106437,113.43834393304552,-119.26929270276885,-0.187973383539892,-0.187973383539892,-0.3985288605591333,-283.5508248633153,-0.006177086786066432,0.5123899444397471,4.234745173213781,0.21694281155762374,-0.007492550823794845,0.3904685225622623,-203.97592775285977,-0.009461210248242551,-0.5963283648121478,-0.546275107167136,RECONSTRUCTED - approximate only,-0.009461210248242551,-0.69992845421441
2026-06-12,NVDA,CONTROL,control,205.19000244140625,205.19000244140625,205,0.45861729594554135,-4.8784629639008635e-05,0.45861729594554135,0.03538181402823995,346.49205267235055,-38.559624407288155,0.03248072647654032,0.03248072647654032,-0.2941004413328305,-88.78591422250919,0.01686237835133393,0.5244957580988471,5.388753371740748,0.6419044081754762,-0.0026317488108421805,0.7846353100323679,-205.74683447936704,0.0016108651277530676,-0.06563060856825788,-0.4395756856723017,RECONSTRUCTED - approximate only,0.0016108651277530676,-0.15296920213141602
2026-06-12,SNA,CONTROL,control,387.4800109863281,387.4800109863281,387,0.23514533637481883,0.0062910620159657375,0.23514533637481883,-0.002193677297964195,-135.81069231547104,-35.9393957255306,0.038543031265230066,0.038543031265230066,-0.700970226889334,-98.33241825419661,0.008310109242813921,0.5333899953406653,5.464995895289945,-0.3239972061050934,-0.01605244411155597,-0.15382249404393816,-419.8759031566133,0.0010075554835497645,-0.08163430661027052,-0.8124592045441117,RECONSTRUCTED - approximate only,0.0010075554835497645,-0.1627391726936014
2026-06-12,PANW,CONTROL,control,279.6199951171875,279.6199951171875,280,0.55489992919802,-0.009265539831864553,0.55489992919802,0.017595356246510267,113.07639061307988,51.89264503634038,0.17101139056021017,0.17101139056021017,-0.09394660468522285,-80.45688308205216,0.024247188676387064,0.5132536466293597,8.516161676600234,0.0651832760798556,0.008976503145181253,0.24663694249086376,-162.467741840368,0.009677159861902837,0.007422090536705536,-0.24496109444791273,RECONSTRUCTED - approximate only,0.009677159861902837,-0.08235657954223473
2026-06-12,CINF,CONTROL,control,168.0887908935547,168.0887908935547,168,0.1882037841034227,0.005525767865204234,0.1882037841034227,0.0019526379539622255,-16.522788362650964,-30.794812742933352,-0.060396775700567826,-0.060396775700567826,0.6202885304595532,147.14927244254076,0.020413100484964097,0.5279412585142224,1.874150896631221,-0.1509461177846096,0.014555458957520093,0.019763170786111034,90.39735005911702,-0.0013000131552169773,0.9390401623273086,0.5238977856905968,RECONSTRUCTED - approximate only,-0.0013000131552169773,0.9143382067687009
2026-06-12,JNJ,CONTROL,control,240.8699951171875,240.8699951171875,241,0.19243017439773177,0.007007083271577057,0.19243017439773177,-0.021629889818959695,-216.74908643130746,17.267206543360505,0.18011870670254407,0.18011870670254407,-0.9318570115321148,-275.2568067576445,-0.0397724997934834,0.5115914012367304,2.610952461327898,-0.8748617344472563,-0.027691278715309645,-0.7633413662857356,-258.5477886104952,0.0036249796549479166,-0.9992210881110835,-0.9758167011015931,RECONSTRUCTED - approximate only,0.0036249796549479166,-0.9999571423973095
2026-06-12,TDY,CONTROL,control,626.02001953125,626.02001953125,626,0.30612963492147405,0.007310851973424122,0.30612963492147405,0.0037059634705546964,-70.8960004476417,-217.8436726044124,-0.10395906699469382,-0.10395906699469382,-0.6492295218073215,-938.1488392203835,-0.014967564654247872,0.5177750471286648,10.894669919751891,-0.140647576686933,-0.017044253558060322,0.03802023233642761,-782.1951267111863,-0.0036129153344460307,-0.7999103628520208,-0.7723621381855847,RECONSTRUCTED - approximate only,-0.0036129153344460307,-0.8789949593821887
2026-06-12,CYTK,CONTROL,control,70.1500015258789,70.1500015258789,70,0.6285498959155003,0.006785061981812148,0.6285498959155003,0.017533794736772843,22.709934508870678,-5.366413746918096,0.08842142933660974,0.08842142933660974,2.243268093762639,605.2150931401159,0.12858156018341435,0.5315355406640058,2.5415654386652093,0.033037380660999434,0.11347111776663538,0.20470429322025008,514.9185480062613,0.005879031756070286,2.617246246879404,2.216130349961346,RECONSTRUCTED - approximate only,0.005879031756070286,2.6156877843644595
2026-06-12,ORCL,CONTROL,control,184.1300048828125,184.1300048828125,184,0.7399093422738213,0.004942902624395595,0.7399093422738213,0.0462173153813363,367.63601215076864,-121.08357531208097,-0.05909551159290099,-0.05909551159290099,-0.283994378852393,-713.6246320651145,-0.049204351916244636,0.5269019511211945,7.671513428879422,0.4520319098602608,-0.0032586003780181957,0.6114914277154625,-284.9884699425725,-0.00475644370656377,-0.8721390315495569,-0.4318428772274974,RECONSTRUCTED - approximate only,-0.00475644370656377,-0.9336386869056246
2026-06-12,GEV,CONTROL,control,940.1795654296875,940.1795654296875,940,0.4410856409960091,0.0007829660906247773,0.4410856409960091,0.040833095406605416,1979.5289498921024,1830.429804729127,0.9278924771718755,0.9278924771718755,3.6719872399129185,15383.145082173778,0.1993346880550136,0.5196866089667865,23.438705518680877,0.8619663852924352,0.11559538615605319,0.9948528596330644,7940.642565357095,0.03653991531077823,7.014412942284818,3.6670615424160853,RECONSTRUCTED - approximate only,0.03653991531077823,7.014412939389292
2026-06-12,NJR,CONTROL,control,55.09000015258789,55.09000015258789,55,0.20271849281401003,0.0027533319959486347,0.20271849281401003,-0.00962059861733324,-36.52093167357041,18.267904622510358,0.4037139879055001,0.4037139879055001,-0.07549229041409132,-50.15370617729646,-0.005082569949561379,0.5423813017037178,0.6901570465976512,-0.5887279197284913,0.003448876859370621,-0.43192855958926407,-13.151216404319253,0.008420264973070529,-0.6398564366142817,-0.20491964890282313,RECONSTRUCTED - approximate only,0.008420264973070529,-0.7324453325469346
2026-06-12,JNJ,CONTROL,control,240.8699951171875,240.8699951171875,241,0.19243017439773177,0.007007083271577057,0.19243017439773177,-0.021629889818959695,-216.74908643130746,17.267206543360505,0.18011870670254407,0.18011870670254407,-0.9318570115321148,-275.2568067576445,-0.0397724997934834,0.5115914012367304,2.610952461327898,-0.8748617344472563,-0.027691278715309645,-0.7633413662857356,-258.5477886104952,0.0036249796549479166,-0.9992210881110835,-0.9758167011015931,RECONSTRUCTED - approximate only,0.0036249796549479166,-0.9999571423973095
2026-06-12,CIEN,CONTROL,control,445.9800109863281,445.9800109863281,446,0.857693462860547,0.0,0.857693462860547,0.03908245268040854,616.719494280794,-176.14957034731503,0.018915502999628984,0.018915502999628984,-0.4515245987487699,-328.13855391139504,0.03217627524202516,0.5267428165935147,21.3152493297639,0.23783101215214272,-0.020763284312105352,0.41046570374375235,-1128.766636378544,0.0017070431776227643,-0.05614268716109348,-0.5949555281275717,RECONSTRUCTED - approximate only,0.0017070431776227643,-0.14807878594870164
2026-06-12,APA,CONTROL,control,37.02000045776367,37.02000045776367,37,0.4976157845736825,-0.01332240021838572,0.4976157845736825,-0.060777957109077775,-91.5328443392609,29.24586793830105,0.413022279193458,0.413022279193458,-0.9637568290882794,-110.2571970355226,-0.07617503133317279,0.5224139165746895,1.0447633546172739,-0.9021211238286403,-0.08346839855156915,-0.8038608173096086,-107.40292623656259,0.0201157212405576,-0.9925144952580819,-0.9899485604520787,RECONSTRUCTED - approximate only,0.0201157212405576,-0.9987931990839193
2026-06-12,BKR,CONTROL,control,63.13999938964844,63.13999938964844,63,0.3642569952639459,-0.004725885936104061,0.3642569952639459,-0.010769723024217588,-55.953804673644186,-17.034918408545128,-0.015528970388711271,-0.015528970388711271,-0.9106645487009465,-144.75004676555392,-0.06319287143394677,0.5351552009127384,1.3712045846338867,-0.48172495759347783,-0.04862210523441236,-0.3142972881087295,-133.63924924935617,-0.0006331262319425286,-0.9959587233551427,-0.9636910474482999,RECONSTRUCTED - approximate only,-0.0006331262319425286,-0.9994986043634505
2026-06-12,SATS,CONTROL,control,114.08000183105469,114.08000183105469,114,0.6334250956884531,0.023374658573740926,0.6334250956884531,0.03317843593936985,145.68318726916914,-407.8609078457799,-0.9428840566353639,-0.9428840566353639,-0.5107506398124626,-414.4771239514721,-0.06732117971517373,0.5250326133236138,4.083003269305436,0.3196579962667225,-0.020862595061465178,0.4841978152754587,-240.24270324769657,-0.1299904531473427,-0.9599412019439361,-0.6489265101746318,RECONSTRUCTED - approximate only,-0.1299904531473427,-0.9866822650781756
2026-06-12,IFF,CONTROL,control,77.85832214355469,77.85832214355469,78,0.5952022562653922,0.014449678696721096,0.5952022562653922,0.0011499213232355836,-40.73113117872032,-43.545439115116224,-0.07069066947252933,-0.07069066947252933,-0.6150815037197548,-212.19051571149637,-0.024510227587411167,0.5122816114689285,2.5273041197478676,-0.2466364427041573,-0.028363321439217423,-0.058968972097113874,-174.25035293898546,-0.004578413111109643,-0.773103694767869,-0.7456873157817572,RECONSTRUCTED - approximate only,-0.004578413111109643,-0.8587096996763138
2026-06-12,NOW,CONTROL,control,102.1500015258789,102.1500015258789,102,0.7757599167410639,0.0029103164244696617,0.7757599167410639,0.019579050123590215,30.174921860463655,-104.9398535405346,-0.13740588141416474,-0.13740588141416474,-0.7883668572703457,-461.0520721694319,-0.08947625308975536,0.5304177624901648,4.495611924163789,0.002589543737334961,-0.06529611423701762,0.1789605705142382,-382.9543064368473,-0.011897811571071561,-0.9712300043615918,-0.8831182597271988,RECONSTRUCTED - approximate only,-0.011897811571071561,-0.9916074180687978
2026-06-12,SAIA,CONTROL,control,482.8699951171875,482.8699951171875,483,0.5117494481189823,0.0013343061069484652,0.5117494481189823,-0.01797583772765733,-619.2888834114879,-365.92228395171173,-0.17262713593130827,-0.17262713593130827,-0.9942775302070657,-1449.730199004983,-0.09696193136385711,0.5180128419659518,13.811670972421467,-0.539013626201384,-0.11806492501525026,-0.365725917515671,-1444.0169494609395,-0.010086334983389227,-0.9986317802471046,-0.9993010400566955,RECONSTRUCTED - approximate only,-0.010086334983389227,-0.9999002110324599
2026-06-12,GBCI,CONTROL,control,49.95000076293945,49.95000076293945,50,0.2538324786342875,0.008194994876613968,0.2538324786342875,-0.012412390839136395,-38.802140827060015,33.8057728113877,0.6336074043618559,0.6336074043618559,-0.9313995716470069,-69.10857135069253,-0.02042042927295537,0.5065396072746537,0.6994198443858402,-0.6267932829223203,-0.03603602021155646,-0.459146588691143,-70.18093607278523,0.01503762837297616,-0.9152604103165887,-0.9757539327993601,RECONSTRUCTED - approximate only,0.01503762837297616,-0.9627861422056805
2026-06-12,RNR,CONTROL,control,300.4700012207031,300.4700012207031,300,0.2633274238761421,0.009022302386504024,0.2633274238761421,-0.010283876344849952,-220.73722815465106,-46.81451782773128,0.00450096852560676,0.00450096852560676,0.08258628723415837,-227.2298167045161,0.0015309064239669276,0.5348456649212783,4.754761589242605,-0.5439099104657135,0.00848666350254286,-0.3805373425443577,-11.543195790208404,0.00013298944757648314,-0.3949109417426063,-0.04461778659322303,RECONSTRUCTED - approximate only,0.00013298944757648314,-0.4913571486511369
2026-06-12,BMY,CONTROL,control,57.130001068115234,57.130001068115234,57,0.3120944074118158,0.009666067175945498,0.3120944074118158,-0.015578494188846674,-58.36983751121822,-27.584939616345437,-0.15129004061104714,-0.15129004061104714,-0.8357615705647359,-112.65775025461711,-0.04253457482485479,0.538440667390745,1.078464725913996,-0.6092196267057163,-0.03238232547226158,-0.45176491846437866,-97.71188770635209,-0.005570055536546626,-0.9816401191614674,-0.9157639582258017,RECONSTRUCTED - approximate only,-0.005570055536546626,-0.9955037421196643
2026-06-12,TJX,CONTROL,control,168.41000366210938,168.41000366210938,168,0.2625104976499417,0.006890838109447415,0.2625104976499417,-0.006412931581080878,-98.95025535767392,-81.02655852449075,-0.20165952619556654,-0.20165952619556654,-0.8091996082251404,-270.2216508277105,-0.025176684288131888,0.5444313247101265,2.734326836493537,-0.43432851451395565,-0.025414160003725678,-0.2706602361556181,-238.84180782569084,-0.006430656860711652,-0.93000233467863,-0.8960430148979125,RECONSTRUCTED - approximate only,-0.006430656860711652,-0.970107718157748
2026-06-12,AMCR,CONTROL,control,40.599998474121094,40.599998474121094,41,0.37997646722219236,0.01703407656227723,0.37997646722219236,0.012561629443300349,9.276167201898843,-8.177019694940546,0.0,0.0,-0.20010332860512559,-43.083604384981065,0.001970488523680157,0.4436265993869747,0.6877019694940536,0.03599083400819204,0.004187241133788203,0.26714734719168826,-21.250107747426306,0.0,-0.5342979224702527,-0.38679761914800675,RECONSTRUCTED - approximate only,0.0,-0.6616609702908878
2026-06-12,DGX,CONTROL,control,203.05999755859375,203.05999755859375,203,0.20757490206744972,0.008340268522644849,0.20757490206744972,-0.0043337185728004905,-84.52692095289272,-127.89167696877269,-0.43716062040295844,-0.43716062040295844,-0.8960912710950717,-259.16320890766764,-0.04668568817845855,0.5231300245205209,2.456647406340309,-0.42477888732030855,-0.026100675246134956,-0.2513500255334893,-234.9976022764935,-0.012017716320601318,-0.9996367803071092,-0.9558207666656242,RECONSTRUCTED - approximate only,-0.012017716320601318,-0.9999859565763093
2026-06-12,CRWD,CONTROL,control,682.7999877929688,682.7999877929688,683,0.587341752840213,-0.001258161056618748,0.587341752840213,0.01480665719435827,149.25469174463274,-587.822065359594,-0.17071720403448273,-0.17071720403448273,-0.24395452330012266,-1546.8059209036282,-0.010779123437527236,0.5194834786927045,22.37085434018246,-0.003824338951340214,0.00023437929488660718,0.17610471829255703,-743.4682985075154,-0.011380397963090988,-0.6219546376595226,-0.39362523363873775,RECONSTRUCTED - approximate only,-0.011380397963090988,-0.723219350231519
2026-06-12,VLO,CONTROL,control,258.6700134277344,258.6700134277344,259,0.3754641088084532,-0.01494525521518056,0.3754641088084532,-0.0444968847107614,-455.5446575431005,355.20297407229043,0.8099651074422011,0.8099651074422011,-0.9821149830860574,-556.9062472838701,-0.05756374483120124,0.5079467743628661,5.325177385107722,-0.8960649337318585,-0.07306610033695926,-0.792645468464248,-551.3957411140831,0.027365218372556628,-0.9930076395945968,-0.9964123362348117,RECONSTRUCTED - approximate only,0.027365218372556628,-0.9989289581646019
2026-06-12,EA,CONTROL,control,203.27000427246094,203.27000427246094,203,0.15,0.0009849640248033285,0.03561861083602212,-0.0007379797910190765,-41.466648567471424,-19.507243166535904,0.005704577549907351,0.005704577549907351,-0.30491605343842093,-116.80075827624653,-0.0014758845154334312,0.547970350940632,1.9250494589504967,-0.2756150046736286,-0.0012298912517604058,-0.1143711091939237,-76.31345054071551,9.842200472785977e-05,-0.5263037090689144,-0.43686334593333165,RECONSTRUCTED - approximate only,9.842200472785977e-05,-0.6196983482956685
2026-06-12,KEYS,CONTROL,control,350.6700134277344,350.6700134277344,351,0.38805009765152526,0.008999198804749876,0.38805009765152526,0.01788002616016093,213.35182077389453,358.3591973521321,0.6086931222456999,0.6086931222456999,-0.25130746943591564,1345.9554489474092,0.06464762324146672,0.5108541304285503,7.520184645341999,0.23304347970489106,8.554703324542208e-05,0.4057202552681439,-256.04031088003404,0.022093378328578852,1.9910727454949133,-0.40245359116011364,RECONSTRUCTED - approximate only,0.022093378328578852,1.9846408704127787
2026-06-12,IFF,CONTROL,control,77.85832214355469,77.85832214355469,78,0.5952022562653922,0.014449678696721096,0.5952022562653922,0.0011499213232355836,-40.73113117872032,-43.545439115116224,-0.07069066947252933,-0.07069066947252933,-0.6150815037197548,-212.19051571149637,-0.024510227587411167,0.5122816114689285,2.5273041197478676,-0.2466364427041573,-0.028363321439217423,-0.058968972097113874,-174.25035293898546,-0.004578413111109643,-0.773103694767869,-0.7456873157817572,RECONSTRUCTED - approximate only,-0.004578413111109643,-0.8587096996763138
2026-06-12,BC,CONTROL,control,82.55999755859375,82.55999755859375,83,0.45375108430097966,0.014947237812481976,0.45375108430097966,-0.005208337183762696,-54.26496291635024,-32.85582509684096,-0.06969063934043757,-0.06969063934043757,-0.6388648491922535,-150.94067551325213,-0.01259691068654942,0.4848799338086952,1.8985960020075794,-0.3866085836484961,-0.022165628098055466,-0.18838853253636936,-135.51585362753664,-0.0033799950709172697,-0.724384120271377,-0.7720055951778216,RECONSTRUCTED - approximate only,-0.0033799950709172697,-0.8219576325182143
2026-06-12,FCX,CONTROL,control,68.41000366210938,68.41000366210938,68,0.5709487214702131,0.013114301998915279,0.5709487214702131,0.025142427996408017,60.09362049988782,43.73886987168362,0.30315094489800065,0.30315094489800065,-0.06490008552116902,-74.90996015622096,0.01169412921412222,0.5508026278350877,2.3957687043240057,0.22536022694578575,0.009501445135053993,0.3750089959109619,-40.02881845419904,0.017854554292263822,-0.21815774849596925,-0.19524206536620875,RECONSTRUCTED - approximate only,0.017854554292263822,-0.3044463929487017
2026-06-12,ESAB,CONTROL,control,91.56999969482422,91.56999969482422,92,0.4783566156131246,0.011553547522911503,0.4783566156131246,0.05624114385762085,279.9904554675752,48.10914802387147,0.3356994853843574,0.3356994853843574,2.268148816543089,740.8334213650755,0.1169596933511622,0.49077626794008444,2.257006526071926,1.283974700933462,0.0832150570271623,1.4171566454026336,462.45646943808714,0.015413610389715867,3.5664541916695196,2.227093556984824,RECONSTRUCTED - approximate only,0.015413610389715867,3.5658967817191423
2026-06-12,QLYS,CONTROL,control,111.23999786376953,111.23999786376953,111,0.49002090686495625,-0.0007218427297027338,0.49002090686495625,0.030654474358094184,147.29576090899303,-7.655970031296598,0.08424130002727408,0.08424130002727408,-0.07100983339777238,-273.5402877707585,-0.02454149388677948,0.5318368142673574,3.182637239756666,0.4475500309902986,0.008450219880059935,0.5967316434532045,-54.59623371283003,0.004424359943742946,-0.7951496205063905,-0.21028625972666745,RECONSTRUCTED - approximate only,0.004424359943742946,-0.8737779771179253
2026-06-12,DDOG,CONTROL,control,229.89999389648438,229.89999389648438,230,0.9748737832524469,0.0050802047246874555,0.9748737832524469,0.013875609073928869,-47.98341284801034,-378.7732968117595,-0.21440085761543173,-0.21440085761543173,-0.37595527261926054,-1012.9121114935857,-0.03710308397458081,0.5284539306241537,12.429935593447851,-0.11818663568325442,-0.014223528057787737,0.06572921646164036,-569.5438392785596,-0.023488930685702507,-0.7514225796927432,-0.5235201384940994,RECONSTRUCTED - approximate only,-0.023488930685702507,-0.839301180033428
2026-06-12,AMAT,CONTROL,control,567.25,567.25,567,0.6597323235648447,-0.0072742100186272965,0.6597323235648447,0.032666424498677835,690.8540420212925,879.1145323232383,0.5454638635499645,0.5454638635499645,0.5387637185001869,4760.748056303812,0.12856763803575363,0.5243211796419115,21.05294533565484,0.2839243694025185,0.04525338547405244,0.4513350212428845,865.7140425132154,0.033957940010613454,2.486251701118165,0.422729100577497,RECONSTRUCTED - approximate only,0.033957940010613454,2.483659281645334
2026-06-12,TDY,CONTROL,control,626.02001953125,626.02001953125,626,0.30612963492147405,0.007310851973424122,0.30612963492147405,0.0037059634705546964,-70.8960004476417,-217.8436726044124,-0.10395906699469382,-0.10395906699469382,-0.6492295218073215,-938.1488392203835,-0.014967564654247872,0.5177750471286648,10.894669919751891,-0.140647576686933,-0.017044253558060322,0.03802023233642761,-782.1951267111863,-0.0036129153344460307,-0.7999103628520208,-0.7723621381855847,RECONSTRUCTED - approximate only,-0.0036129153344460307,-0.8789949593821887
2026-06-12,FANG,CONTROL,control,192.1300048828125,192.1300048828125,192,0.40924156740854245,-0.008298952806943462,0.40924156740854245,-0.011294426241590313,-176.80804416268901,68.6643404596813,0.26897092358543273,0.26897092358543273,-0.7816276816494517,-398.34421273154703,-0.022536832982936333,0.5228070762617459,4.498667113155236,-0.4791291032243771,-0.034612028242697095,-0.30540361294655066,-380.3335320175275,0.011210552014802632,-0.8237704114870865,-0.8784359123013125,RECONSTRUCTED - approximate only,0.011210552014802632,-0.8975356623798008
2026-06-12,FN,CONTROL,control,611.010009765625,611.010009765625,611,0.8666202213582709,0.006406259500053462,0.8666202213582709,0.040212119165843885,882.770991750913,1181.3098269626605,0.5269428302955511,0.5269428302955511,-0.6284918074346303,-1292.5758168337493,0.009950765114594376,0.5271602705489685,29.521281932962722,0.24837550891805732,-0.0435835820317042,0.420493724799504,-2059.131784113956,0.04273263189998221,-0.35516322366174,-0.754860589122814,RECONSTRUCTED - approximate only,0.04273263189998221,-0.4599014714248129
2026-06-12,ROIV,CONTROL,control,30.040000915527344,30.040000915527344,30,0.5421513243161681,0.009081751157785659,0.5421513243161681,-0.0003328970897822753,-17.65308777717276,-8.614029358792862,0.022773630081757645,0.022773630081757645,0.5686922311960072,29.51773059543783,0.04027959545924052,0.5271307291368337,0.933327960110125,-0.2572924233368461,0.038615173503956796,-0.07917122469377125,39.790474605800014,0.0013333638509114584,0.4528335490402324,0.45945927192753583,RECONSTRUCTED - approximate only,0.0013333638509114584,0.39811180552369446
2026-06-12,XOM,CONTROL,control,147.00999450683594,147.00999450683594,147,0.31414323768492103,-0.006616651980343017,0.31414323768492103,-0.04142572998740872,-233.6033546087322,46.688669955439096,0.2976187826524017,0.2976187826524017,-0.9191755230724956,-276.51446015971817,-0.058091242808227604,0.5180884349747417,2.626093699647072,-0.9171163323803551,-0.04265008671488878,-0.8258911531240332,-256.87583674746656,0.009475997924561672,-0.9978940972557755,-0.9690622422904882,RECONSTRUCTED - approximate only,0.009475997924561672,-0.9998118674364453
2026-06-12,CG,CONTROL,control,45.75,45.75,46,0.36712716896668623,0.010101027399459606,0.36712716896668623,0.01071041920146004,7.589139770271005,29.488024303054495,0.49544548917517456,0.49544548917517456,-0.31442148939809494,-81.28340536775625,-0.025792356397284836,0.4749204740549547,0.8305974934447029,0.011636121420017586,-0.0013115054271260246,0.2179168717057233,-34.415956527471785,0.016666666666666666,-0.9083813443620452,-0.48086230058423085,RECONSTRUCTED - approximate only,0.016666666666666666,-0.9602367278945647
2026-06-12,CG,CONTROL,control,45.75,45.75,46,0.36712716896668623,0.010101027399459606,0.36712716896668623,0.01071041920146004,7.589139770271005,29.488024303054495,0.49544548917517456,0.49544548917517456,-0.31442148939809494,-81.28340536775625,-0.025792356397284836,0.4749204740549547,0.8305974934447029,0.011636121420017586,-0.0013115054271260246,0.2179168717057233,-34.415956527471785,0.016666666666666666,-0.9083813443620452,-0.48086230058423085,RECONSTRUCTED - approximate only,0.016666666666666666,-0.9602367278945647
2026-06-12,EMR,CONTROL,control,143.07000732421875,143.07000732421875,143,0.3839674672773107,0.012597709839229124,0.3839674672773107,0.024114047470648138,146.48165239653096,-70.95316941178142,-0.12845440401329467,-0.12845440401329467,1.0829008690610882,364.5329424321292,0.04990563377457649,0.5214626503782419,3.1370824296662505,0.44722116902669745,0.0414481888041214,0.601136752514185,290.05835819651344,-0.005629674250104992,1.3327964358910782,1.0063672385846316,RECONSTRUCTED - approximate only,-0.005629674250104992,1.3163687394808141
2026-06-12,EVRG,CONTROL,control,83.8499984741211,83.8499984741211,84,0.20240754765330518,0.002656698794701196,0.20240754765330518,-0.004889636734357034,-35.10801940104888,33.974320090302285,0.5161505465164338,0.5161505465164338,-0.683222827380375,-75.46165405314893,-0.007155616995106724,0.4938009626012887,0.9036749309221577,-0.4742529920993312,-0.011926058654713433,-0.2885442569783757,-68.99082673627473,0.009875944922074137,-0.7585972451337407,-0.8055342069141442,RECONSTRUCTED - approximate only,0.009875944922074137,-0.8482446469814235
2026-06-12,AMAT,CONTROL,control,567.25,567.25,567,0.6597323235648447,-0.0072742100186272965,0.6597323235648447,0.032666424498677835,690.8540420212925,879.1145323232383,0.5454638635499645,0.5454638635499645,0.5387637185001869,4760.748056303812,0.12856763803575363,0.5243211796419115,21.05294533565484,0.2839243694025185,0.04525338547405244,0.4513350212428845,865.7140425132154,0.033957940010613454,2.486251701118165,0.422729100577497,RECONSTRUCTED - approximate only,0.033957940010613454,2.483659281645334
2026-06-12,KEY,CONTROL,control,22.700000762939453,22.700000762939453,23,0.23893034682829328,0.01074786260358983,0.23893034682829328,-0.012334831596245733,-12.634825811273348,1.7905840265136737,0.28337323798145897,0.28337323798145897,-0.5383868185059013,-11.660275840024566,0.0057268350835847194,0.36269261635049954,0.18265369046572744,-0.750420387231779,-0.004405303000385335,-0.5479618363767486,-12.468679137986722,0.005759905621312276,-0.4917986089936587,-0.725113034635689,RECONSTRUCTED - approximate only,0.005759905621312276,-0.651657500113594
2026-06-12,ABNB,CONTROL,control,132.27999877929688,132.27999877929688,132,0.25331828903572023,0.011156160833962168,0.25331828903572023,0.05049900208810555,463.57767947185306,-24.450276741622535,-0.013105603624702901,-0.013105603624702901,3.1883422506441823,469.1795457214969,0.052237705820049184,0.5419219065149348,2.058711440991175,2.447587017697068,0.0624432611359285,2.482210776761849,601.6811691637778,-0.00037786632710586104,2.5108534568286363,3.183919640077037,RECONSTRUCTED - approximate only,-0.00037786632710586104,2.510087703044913
2026-06-12,OKE,CONTROL,control,90.58999633789062,90.58999633789062,91,0.3530127034200559,-0.0033631774958170903,0.3530127034200559,-0.03466165709883229,-129.34052336447272,73.73693138641971,0.5949354632104057,0.5949354632104057,-0.9579785281566853,-168.91561910063473,-0.04746655918082584,0.48073364790731665,1.6130429004706244,-0.8560990768682454,-0.055304059050286465,-0.7302973733166078,-164.230173051118,0.01901006505067111,-0.98855458085644,-0.988282539353464,RECONSTRUCTED - approximate only,0.01901006505067111,-0.9978983328532566
2026-06-12,FN,CONTROL,control,611.010009765625,611.010009765625,611,0.8666202213582709,0.006406259500053462,0.8666202213582709,0.040212119165843885,882.770991750913,1181.3098269626605,0.5269428302955511,0.5269428302955511,-0.6284918074346303,-1292.5758168337493,0.009950765114594376,0.5271602705489685,29.521281932962722,0.24837550891805732,-0.0435835820317042,0.420493724799504,-2059.131784113956,0.04273263189998221,-0.35516322366174,-0.754860589122814,RECONSTRUCTED - approximate only,0.04273263189998221,-0.4599014714248129
2026-06-12,LRCX,CONTROL,control,366.5517883300781,366.5517883300781,367,0.6950389940553516,-0.00863393968874316,0.6950389940553516,0.06027648099864385,1105.6442528658047,261.26058350639454,0.30234595914531603,0.30234595914531603,0.058416798933475275,2588.1367779186407,0.11727734411196779,0.5181027699837434,14.02352512912978,0.7894808653678235,0.020810713761499816,0.9361558656636807,-63.71035374964134,0.020646046377817712,2.0489420111261487,-0.08785235047766157,RECONSTRUCTED - approximate only,0.020646046377817712,2.0419679433904165
2026-06-12,EME,CONTROL,control,823.0499877929688,823.0499877929688,823,0.38848081349761665,0.006900515549362264,0.38848081349761665,0.023388615862348052,799.4633755589023,126.64300577583684,0.1797681343196157,0.1797681343196157,-0.11456706370903842,2506.512551131341,0.05568315141190659,0.5182859917322106,18.07622183746105,0.41332968358533956,0.005406733823013691,0.5715712304317495,-378.8014859673661,0.00724484827968746,1.56563618780008,-0.26063945858879184,RECONSTRUCTED - approximate only,0.00724484827968746,1.5538162585505162
2026-06-12,AFL,CONTROL,control,117.80000305175781,117.80000305175781,118,0.1909031333030982,0.000858790091339153,0.1909031333030982,-0.007130763544344592,-57.34123267814756,55.576508942767525,0.604228704674749,0.604228704674749,-0.7327749960476381,-110.14940342863933,-0.010611205158040508,0.4941458214789773,1.1998826331757826,-0.5650621466019488,-0.01324282807788096,-0.386374687417032,-96.82700555114413,0.010725010444185891,-0.8496495663215327,-0.8449450073803804,RECONSTRUCTED - approximate only,0.010725010444185891,-0.9195012907403382
2026-06-12,GEV,CONTROL,control,940.1795654296875,940.1795654296875,940,0.4410856409960091,0.0007829660906247773,0.4410856409960091,0.040833095406605416,1979.5289498921024,1830.429804729127,0.9278924771718755,0.9278924771718755,3.6719872399129185,15383.145082173778,0.1993346880550136,0.5196866089667865,23.438705518680877,0.8619663852924352,0.11559538615605319,0.9948528596330644,7940.642565357095,0.03653991531077823,7.014412942284818,3.6670615424160853,RECONSTRUCTED - approximate only,0.03653991531077823,7.014412939389292
2026-06-12,RBC,CONTROL,control,603.6400146484375,603.6400146484375,604,0.3745557191797496,0.012050187764534481,0.3745557191797496,0.02204956138692288,540.07399511569,-588.1388774349751,-0.3850967493151608,-0.3850967493151608,0.9379676707542437,2660.2600943470934,0.0697269312817605,0.5131340252602882,12.597382556352898,0.39493587391636037,0.03659460155764821,0.5576328154251321,995.2402439648052,-0.018120326161502602,2.3292507140740257,0.8473680570229525,RECONSTRUCTED - approximate only,-0.018120326161502602,2.3261110399758307
2026-06-12,SMG,CONTROL,control,61.66999816894531,61.66999816894531,62,0.37370068667688977,0.008726520547982362,0.37370068667688977,0.024323010289229154,59.33544186806886,-43.06248324661122,-0.27861649659825727,-0.27861649659825727,0.21357261185732776,-15.926676312870157,0.01686396864611955,0.47658819522948054,1.1451638076184025,0.4743889721378352,0.01686396864611955,0.662622554769995,10.483046336582714,-0.01201538003846232,-0.02918486848839423,0.05328186084466131,RECONSTRUCTED - approximate only,-0.01201538003846232,-0.1367201072760392
2026-06-12,FIX,CONTROL,control,1877.6099853515625,1877.6099853515625,1878,0.5266668970193075,0.003146286044172232,0.5266668970193075,0.039630186652290844,3492.144265026808,979.4094168533752,0.2919130672705188,0.2919130672705188,0.3534773520931788,12165.175948591383,0.10060663603612706,0.5186506686703893,55.30812768157,0.6195810762963454,0.02884519927046863,0.7701400768588852,1302.8849227850164,0.015352427022320566,2.4208029031062654,0.2257453281229628,RECONSTRUCTED - approximate only,0.015352427022320566,2.4179854988618175
2026-06-12,BMY,CONTROL,control,57.130001068115234,57.130001068115234,57,0.3120944074118158,0.009666067175945498,0.3120944074118158,-0.015578494188846674,-58.36983751121822,-27.584939616345437,-0.15129004061104714,-0.15129004061104714,-0.8357615705647359,-112.65775025461711,-0.04253457482485479,0.538440667390745,1.078464725913996,-0.6092196267057163,-0.03238232547226158,-0.45176491846437866,-97.71188770635209,-0.005570055536546626,-0.9816401191614674,-0.9157639582258017,RECONSTRUCTED - approximate only,-0.005570055536546626,-0.9955037421196643
2026-06-12,CFR,CONTROL,control,148.0,148.0,148,0.22339017618200444,0.004517169662256611,0.22339017618200444,-0.020000045363967482,-141.31522406665212,47.10146400044658,0.37377815746717885,0.37377815746717885,-0.7373832551510553,-24.061993848189243,0.009391887767894848,0.5185299036234279,1.8974325291056573,-0.8040613241013798,-0.016554033434068836,-0.6714940870936703,-153.19214789149237,0.008380429868052076,-0.021012707817880148,-0.8445765365126365,RECONSTRUCTED - approximate only,0.008380429868052076,-0.10470481054244528
2026-06-12,COIN,CONTROL,control,159.77999877929688,159.77999877929688,160,0.6877409920796134,0.0,0.6877409920796134,0.06158465648433601,497.9093704869002,-92.95492118655321,-0.05455734150978331,-0.05455734150978331,0.2571227753231113,-36.75171498823131,0.03166852921048706,0.5172457020845382,6.036701472362523,0.8309768026038017,0.03216922912077554,0.9757444137374155,85.78946173161634,-0.004051573434887397,0.043445301081205666,0.11938384429230531,RECONSTRUCTED - approximate only,-0.004051573434887397,-0.04441437208374886
2026-06-16,PEGA,CONTROL,control,32.349998474121094,32.349998474121094,32,0.4064586220184673,-0.0006112609112929025,0.4064586220184673,-0.06553320036724865,-87.70519803721736,-28.89791443464742,-0.20767452057570937,-0.20767452057570937,-0.9879013791169221,-98.37022338165895,-0.07511587364590033,0.5942284263005457,0.9283137904322629,-0.9423027534135306,-0.09180832931817265,-0.8745008074431538,-97.70597291734518,-0.010703433659091363,-0.995433433711754,-0.997700741455936,RECONSTRUCTED - approximate only,-0.010703433659091363,-0.9993490591842878
2026-06-16,INTC,CONTROL,control,117.05000305175781,117.05000305175781,117,0.9256904552310815,-0.021507899162150946,0.9256904552310815,0.03460055802452591,120.16314782560256,-368.9407704555154,-0.5334020010158186,-0.5334020010158186,2.9826388468348024,771.1288389171439,0.1247329386080465,0.5298569585430479,6.0593611423887594,0.14054945734977026,0.20410080108314585,0.31626881026484377,1655.0305519536641,-0.06442328766104145,1.447125722655643,2.965843440281197,RECONSTRUCTED - approximate only,-0.06442328766104145,1.4292273818315764
2026-06-16,BKR,CONTROL,control,61.52000045776367,61.52000045776367,62,0.3619608460100429,-0.01328847307914477,0.3619608460100429,-0.02356958309736922,-69.18148812176165,-16.33585276685203,-0.04759597642700273,-0.04759597642700273,-0.8825501498907199,-110.0106112467025,-0.08355005447662968,0.4558648616547513,1.0354116886124913,-0.7505582540315546,-0.03852403956843075,-0.5848410664322992,-98.46537727956289,-0.001784854915546516,-0.9999225728004174,-0.9519874490474701,RECONSTRUCTED - approximate only,-0.001784854915546516,-0.9999987481729059
2026-06-16,RTX,CONTROL,control,186.77000427246094,186.77000427246094,187,0.2627817686135419,0.003321719736326396,0.2627817686135419,0.031107765838662718,322.6149053376056,112.08942520777184,0.5495577277096293,0.5495577277096293,-0.8425076289767581,-217.69893201060003,-0.009155681719494003,0.5042795677069694,2.686444935442708,1.259448117501412,-0.026449656413776976,1.3744611740227795,-243.18273288339046,0.013677092387847693,-0.7426542755861921,-0.9234577204833495,RECONSTRUCTED - approximate only,0.013677092387847693,-0.8333028500922233
2026-06-16,XYZ,CONTROL,control,74.68000030517578,74.68000030517578,75,0.47814426753624784,0.0016812374252234664,0.47814426753624784,-0.02463851044143117,-105.91715286072912,-10.047174758592325,0.05560274001238603,0.05560274001238603,-0.6109328245156004,-58.194606318959885,0.013390465933496975,0.49322461433704634,1.8541028791338334,-0.6590818555232948,-0.021558658325821933,-0.48868079225010586,-127.4505981360536,0.002752626186705092,-0.21774512798362577,-0.7464345111023675,RECONSTRUCTED - approximate only,0.002752626186705092,-0.3276222945964484
2026-06-16,THO,CONTROL,control,75.02999877929688,75.02999877929688,75,0.43028109662784175,-0.004869738486899744,0.43028109662784175,-0.04145009544115452,-142.94794421096145,-46.713989066009525,-0.15545770342780327,-0.15545770342780327,-0.754660226951634,-76.70327312301575,0.006130868878536946,0.5209736227324347,1.8335394710787298,-0.8325772833279648,-0.03332000587330182,-0.7079350389333411,-151.0868294808474,-0.007670967152132002,-0.3276256219611052,-0.8582011508166155,RECONSTRUCTED - approximate only,-0.007670967152132002,-0.4289755275456545
2026-06-16,GATX,CONTROL,control,177.66000366210938,177.66000366210938,178,0.3551755681535688,0.0038100548518088325,0.3551755681535688,-0.02459760377067121,-224.39372369714087,22.23632250276685,0.17805795795760287,0.17805795795760287,0.0806522605506685,-100.42724033631006,0.010075386970818662,0.5020815518870974,3.403412921981527,-0.7376420991467207,0.011764022823423882,-0.5847368627076529,-9.25729937402454,0.00645818809231861,-0.20132457008260798,-0.0678619076872345,RECONSTRUCTED - approximate only,0.00645818809231861,-0.304677140745999
2026-06-16,FCX,CONTROL,control,70.1500015258789,70.1500015258789,70,0.5718155139622325,0.006416720308865927,0.5718155139622325,-0.015538188789390759,-91.1100971774968,-45.474876267430375,-0.09496295477334055,-0.09496295477334055,-0.4347740128011872,-245.0157371031776,-0.11846045890997434,0.5313782607940749,2.3223679037446274,-0.4735198072337937,-0.013399891959510158,-0.3018081947748034,-120.44567424506093,-0.00609238160980869,-0.9993976529422768,-0.5749480249879819,RECONSTRUCTED - approximate only,-0.00609238160980869,-0.9999697019280973
2026-06-16,XYZ,CONTROL,control,74.68000030517578,74.68000030517578,75,0.47814426753624784,0.0016812374252234664,0.47814426753624784,-0.02463851044143117,-105.91715286072912,-10.047174758592325,0.05560274001238603,0.05560274001238603,-0.6109328245156004,-58.194606318959885,0.013390465933496975,0.49322461433704634,1.8541028791338334,-0.6590818555232948,-0.021558658325821933,-0.48868079225010586,-127.4505981360536,0.002752626186705092,-0.21774512798362577,-0.7464345111023675,RECONSTRUCTED - approximate only,0.002752626186705092,-0.3276222945964484
2026-06-16,TRV,CONTROL,control,307.510009765625,307.510009765625,308,0.18649368435764632,0.007700542768174449,0.18649368435764632,-0.0046827823344800295,-118.2580917406547,-89.76589278132812,-0.1977850320745587,-0.1977850320745587,0.3174774036486201,894.5496848098376,0.04302292624176201,0.4953701178145444,3.072844368772934,-0.47980620054676587,0.010080893263605336,-0.29538772449537587,60.64962825363049,-0.004274121244802609,3.1740800423549342,0.18015213608358283,RECONSTRUCTED - approximate only,-0.004274121244802609,3.1734798866152722
2026-06-16,SBUX,CONTROL,control,101.68000030517578,101.68000030517578,102,0.23032214115965133,0.0016734501867132726,0.23032214115965133,-0.01829268887459753,-85.7791140632191,-16.77205878511566,-0.03192889303338532,-0.03192889303338532,-0.724447140125346,39.09866444171314,0.018194320107873994,0.4790645337639055,1.1871225452468508,-0.790817249388958,-0.015047194873178949,-0.6438202756605577,-94.87194107629676,-0.0007861814993634299,0.4634815247256253,-0.8412247205361083,RECONSTRUCTED - approximate only,-0.0007861814993634299,0.39151935965910106
2026-06-16,AVTR,CONTROL,control,9.569999694824219,9.569999694824219,10,0.4902680724958474,0.0,0.4902680724958474,-0.01149421736520406,-6.275792424687614,-5.512936035941664,-0.3130440379094421,-0.3130440379094421,-0.7864520561916383,-8.76792364769731,0.012539173394538566,0.2744921075101039,0.10601465994368242,-0.6757714318894077,-0.02298843473040812,-0.38878891370513985,-10.280814092857629,-0.014418160944669899,-0.6362354485159191,-0.9177125268691187,RECONSTRUCTED - approximate only,-0.014418160944669899,-0.8058086581253047
2026-06-16,NXT,CONTROL,control,125.62000274658203,125.62000274658203,126,0.8994382760483025,-0.0008742001808062796,0.8994382760483025,-0.01838883249070088,-213.26389069718888,-67.36632686443214,-0.008445912486607232,-0.008445912486607232,0.06602517444574339,-596.0016690544945,-0.07124665166336527,0.5182368227193556,6.115915091850923,-0.44299946428311915,0.0274638154927965,-0.25955532240382506,-24.09773663920217,-0.0007954062452285942,-0.918298725319725,-0.08389770780320967,RECONSTRUCTED - approximate only,-0.0007954062452285942,-0.9645208987019255
2026-06-16,GNRC,CONTROL,control,265.6600036621094,265.6600036621094,266,0.5846578587244287,-0.0009255830964483121,0.5846578587244287,0.009561125159632571,-19.009942009905966,-273.2735673331346,-0.23006188471983174,-0.23006188471983174,2.5112190939972887,863.3414380955726,0.0695626392064373,0.5145700099474332,8.537625564187067,-0.10180310541783437,0.11247460841270113,0.08342799531844437,1950.1093361057935,-0.015527153406099784,1.1713076633175137,2.4857943291175175,RECONSTRUCTED - approximate only,-0.015527153406099784,1.1451498113931418
2026-06-16,RTX,CONTROL,control,186.77000427246094,186.77000427246094,187,0.2627817686135419,0.003321719736326396,0.2627817686135419,0.031107765838662718,322.6149053376056,112.08942520777184,0.5495577277096293,0.5495577277096293,-0.8425076289767581,-217.69893201060003,-0.009155681719494003,0.5042795677069694,2.686444935442708,1.259448117501412,-0.026449656413776976,1.3744611740227795,-243.18273288339046,0.013677092387847693,-0.7426542755861921,-0.9234577204833495,RECONSTRUCTED - approximate only,0.013677092387847693,-0.8333028500922233
2026-06-16,PNW,CONTROL,control,103.8499984741211,103.8499984741211,104,0.18287037811972937,0.0015493722020965875,0.18287037811972937,-0.014155043257602378,-72.25016438505928,9.660193900186677,0.21787829462462485,0.21787829462462485,-0.7539970481704503,35.48177527436471,0.014636536300380544,0.49741988009150706,1.0244667409493005,-0.7702562384307121,-0.013673550214824212,-0.6237442425213624,-84.92693277882753,0.004060699678101956,0.4831930275131971,-0.8607305106963362,RECONSTRUCTED - approximate only,0.004060699678101956,0.42298461003219595
2026-06-16,FCFS,CONTROL,control,219.80999755859375,219.80999755859375,220,0.3862011584267009,0.009562960949691545,0.3862011584267009,0.019653370511808432,158.1402075651162,-280.58607328166585,-0.5202824759351735,-0.5202824759351735,1.0800740920495107,-304.00200329216483,-0.004230893435742594,0.511374540905557,4.699662572921525,0.2929169138214331,0.04130841150041081,0.46237772693630225,433.9218339775765,-0.02704497459221136,-0.5727295335632918,0.9967220888972904,RECONSTRUCTED - approximate only,-0.02704497459221136,-0.6773285625773621
2026-06-16,TRV,CONTROL,control,307.510009765625,307.510009765625,308,0.18649368435764632,0.007700542768174449,0.18649368435764632,-0.0046827823344800295,-118.2580917406547,-89.76589278132812,-0.1977850320745587,-0.1977850320745587,0.3174774036486201,894.5496848098376,0.04302292624176201,0.4953701178145444,3.072844368772934,-0.47980620054676587,0.010080893263605336,-0.29538772449537587,60.64962825363049,-0.004274121244802609,3.1740800423549342,0.18015213608358283,RECONSTRUCTED - approximate only,-0.004274121244802609,3.1734798866152722
2026-06-16,LITE,CONTROL,control,875.3599853515625,875.3599853515625,875,0.98991726613745,0.001290152275460327,0.98991726613745,-0.006146048451885517,-1092.707326005187,-3399.1851897697898,-0.6336475932554083,-0.6336475932554083,-0.02779302105539493,-3924.719413523148,-0.03750451997357672,0.5313005621657958,48.40532157397814,-0.31406080272941683,0.021214137766145037,-0.13207641128708772,-613.159577301162,-0.08671586880352815,-0.7479312921860988,-0.17448798346585412,RECONSTRUCTED - approximate only,-0.08671586880352815,-0.8359084280385501
2026-06-16,BKR,CONTROL,control,61.52000045776367,61.52000045776367,62,0.3619608460100429,-0.01328847307914477,0.3619608460100429,-0.02356958309736922,-69.18148812176165,-16.33585276685203,-0.04759597642700273,-0.04759597642700273,-0.8825501498907199,-110.0106112467025,-0.08355005447662968,0.4558648616547513,1.0354116886124913,-0.7505582540315546,-0.03852403956843075,-0.5848410664322992,-98.46537727956289,-0.001784854915546516,-0.9999225728004174,-0.9519874490474701,RECONSTRUCTED - approximate only,-0.001784854915546516,-0.9999987481729059
2026-06-16,ARES,CONTROL,control,134.97999572753906,134.97999572753906,135,0.36235377594882895,0.009626211460340525,0.36235377594882895,-0.049118312593565784,-248.3688123256326,-44.23655979737951,-0.05873839895628909,-0.05873839895628909,-0.9759789870790339,-290.6643120289002,-0.15639349273330952,0.5164501893764787,2.7558505908049824,-0.925370352691805,-0.06726918424259237,-0.8384470522840184,-284.3754713827752,-0.0023651686400652486,-0.9999999999785225,-0.9944556019417619,RECONSTRUCTED - approximate only,-0.0023651686400652486,-1.0000000000000016
2026-06-16,AM,CONTROL,control,21.450000762939453,21.450000762939453,21,0.20862927329071193,-0.004219416451467724,0.20862927329071193,-0.0027972667206000224,-12.71804437188191,9.906159576675122,0.3204484136170964,0.3204484136170964,0.5825348389367854,50.939979197229704,0.032633978120889084,0.7827397769820843,0.5481768446231889,-0.173765989896426,0.01864800020060505,-0.11399079625443724,23.554781993455332,0.009887052452177768,1.108396586931798,0.5740629448536992,RECONSTRUCTED - approximate only,0.009887052452177768,1.1083573140854746
2026-06-16,DOV,CONTROL,control,222.6300048828125,222.6300048828125,223,0.24906403747101347,0.007205312689010498,0.24906403747101347,-0.008264885937761304,-131.8520800104898,-13.268520078255596,0.06308349130427121,0.06308349130427121,1.3173931864809878,-84.97933269336048,0.007546119745474384,0.4987646137640038,2.986852008565947,-0.5345803965364145,0.030409149104746448,-0.35483075275832193,342.64303599996447,0.0016647637232132763,-0.18964100155360808,1.243747877817209,RECONSTRUCTED - approximate only,0.0016647637232132763,-0.2924204601842399
2026-06-16,JNJ,CONTROL,control,235.17999267578125,235.17999267578125,235,0.20058855535092018,0.003012778766209792,0.20058855535092018,-0.004167002968190763,-95.62444852836981,-84.99304556945951,-0.20807767788181078,-0.20807767788181078,-0.7643839543835722,285.4979385298253,0.024747034209845403,0.5302789075762246,2.811569149177842,-0.4179390544116794,-0.016540520073113466,-0.24788089768288146,-233.58193419756284,-0.005034490273675686,1.1790143297689186,-0.8638615842561859,RECONSTRUCTED - approximate only,-0.005034490273675686,1.162665916955553
2026-06-16,XEL,CONTROL,control,78.9800033569336,78.9800033569336,79,0.21860527646316266,0.0015123219771852735,0.21860527646316266,-0.019245431854334017,-73.24258600508982,-33.07667002443106,-0.23549146071501337,-0.23549146071501337,-0.3386680917918326,133.63158751349462,0.031526940465126434,0.5153352357613498,0.9816191627270072,-0.8005009457039913,-0.002152516980425262,-0.666207497687352,-42.69828505444002,-0.006165821772277505,1.552191410799117,-0.4847882772134875,RECONSTRUCTED - approximate only,-0.006165821772277505,1.5411814640161299
2026-06-16,ON,CONTROL,control,118.25,118.25,118,0.7700299110520014,-0.00436857065204053,0.7700299110520014,-0.04507401125627643,-312.16406368824636,-324.4830328422783,-0.5484317928318744,-0.5484317928318744,1.6940747950132589,-387.1647395973109,-0.021226233710194237,0.5327393257254747,5.2041501280012525,-0.6783481674596467,0.11247359874636628,-0.5235144948434074,784.1993570446224,-0.05664139258515357,-0.6752166517037437,1.6447358084970403,RECONSTRUCTED - approximate only,-0.05664139258515357,-0.7704085181843322
2026-06-16,TSCO,CONTROL,control,30.209999084472656,30.209999084472656,30,0.3996963368805738,-0.012305672639052235,0.3996963368805738,-0.01522671626657171,-36.39395739583618,-23.771353304069077,-0.19393873119094773,-0.19393873119094773,-0.47249565809726923,-47.30287148367458,-0.004965230820128369,0.5678968235647519,0.790571750125963,-0.5143353215699527,-0.01324063656578743,-0.3620063565953123,-44.69218083940293,-0.009508226738601435,-0.507256518380791,-0.5972147362459481,RECONSTRUCTED - approximate only,-0.009508226738601435,-0.5965776005520184
2026-06-16,PEGA,CONTROL,control,32.349998474121094,32.349998474121094,32,0.4064586220184673,-0.0006112609112929025,0.4064586220184673,-0.06553320036724865,-87.70519803721736,-28.89791443464742,-0.20767452057570937,-0.20767452057570937,-0.9879013791169221,-98.37022338165895,-0.07511587364590033,0.5942284263005457,0.9283137904322629,-0.9423027534135306,-0.09180832931817265,-0.8745008074431538,-97.70597291734518,-0.010703433659091363,-0.995433433711754,-0.997700741455936,RECONSTRUCTED - approximate only,-0.010703433659091363,-0.9993490591842878
2026-06-16,HIMS,CONTROL,control,31.469999313354492,31.469999313354492,31,0.9142985897968798,-0.006297664354562265,0.9142985897968798,0.013346046566823904,-6.998214082613373,76.6303052084045,0.5514825796591033,0.5514825796591033,0.5825682296114085,-7.116912111015071,0.03908488962257467,0.5752374882223975,1.8383758352564818,-0.08100002995871695,0.06577698275622247,0.07263587912002105,82.05928043948265,0.0496997929909581,0.07195622868805705,0.4953202589097049,RECONSTRUCTED - approximate only,0.0496997929909581,0.00877766630332073
2026-06-16,DDOG,CONTROL,control,231.11000061035156,231.11000061035156,231,0.9680946776249011,0.0005792173312718573,0.9680946776249011,-0.019384690042436876,-426.46024132764694,-229.4217927206818,-0.08669850277460697,-0.08669850277460697,-0.5874409136552867,-1014.2254377515347,-0.03660597417474222,0.5309812867312845,12.509175114790196,-0.43085651300489464,-0.042144457044009896,-0.2525039146960215,-824.4898707060032,-0.009068519403212403,-0.7471010412727119,-0.7185557559667805,RECONSTRUCTED - approximate only,-0.009068519403212403,-0.8351738353651373
2026-06-16,CVNA,CONTROL,control,70.04000091552734,70.04000091552734,70,0.5689993458447954,0.015965144408711416,0.5689993458447954,-0.10251285281728242,-223.29159227310936,-21.83892496263563,0.00932263121656153,0.00932263121656153,-0.7864957557435975,-199.37838284204608,-0.03041115399165799,0.5234514701003852,2.2534711619650523,-0.9772446590567513,-0.04811540123545211,-0.9316942446740007,-192.20753455438066,0.000571441650390625,-0.819991908180956,-0.8822699155727568,RECONSTRUCTED - approximate only,0.000571441650390625,-0.8948533786782469
2026-06-16,AMCR,CONTROL,control,41.41999816894531,41.41999816894531,41,0.3791995087829255,0.0007297197482726687,0.3791995087829255,-0.015692847414681372,-51.706175603702604,4.160755698566788,0.15696211865639298,0.15696211865639298,-0.5425306320070094,-31.57009521086771,0.007001470988590537,0.5942904609114578,1.1118528899891338,-0.5136340138938392,-0.017865714545693665,-0.3719504437620645,-69.72388275483068,0.006805998625447907,-0.1813148453968159,-0.6563959677221484,RECONSTRUCTED - approximate only,0.006805998625447907,-0.24676970326163983
2026-06-16,WAB,CONTROL,control,272.1199951171875,272.1199951171875,272,0.26130039110887343,0.007512324384053184,0.26130039110887343,-0.0009554967304516808,-84.6717473009695,20.682186246255252,0.16144388104337754,0.16144388104337754,0.4711031245156984,-206.77876879088254,0.0013230040996641407,0.5226401514437332,4.11869803738378,-0.2841957937895213,0.01701457065225437,-0.1078132395601394,141.8445134892386,0.004466396363078856,-0.4198868746381135,0.359694759315717,RECONSTRUCTED - approximate only,0.004466396363078856,-0.5211738852109689
2026-06-16,AME,CONTROL,control,231.89999389648438,231.89999389648438,232,0.24096324607526637,0.007116508619510949,0.24096324607526637,-0.0027166435558625005,-85.57456982298511,-41.94128072045787,-0.030642188795832276,-0.030642188795832276,2.116190120283121,40.74772224717846,0.015006516075552524,0.5129633855631719,3.1478007699447943,-0.3572089505811325,0.04161280469710151,-0.1765528780656166,600.0497568483455,-0.0008186584704393419,0.24587167633335497,2.0862469839275977,RECONSTRUCTED - approximate only,-0.0008186584704393419,0.1768230017900572
2026-06-16,ALGN,CONTROL,control,179.52000427246094,179.52000427246094,180,0.4382785779852464,5.615261939557697e-05,0.4382785779852464,-0.033366785598294195,-292.35196998668346,19.360931422595396,0.15707076665005798,0.15707076665005798,-0.7496427814696562,-429.2389035050013,-0.04801699070201563,0.5008586844076576,4.197906328509347,-0.7710237611879921,-0.03208561513224411,-0.624554209973057,-342.2374300481114,0.007011835811085463,-0.9678003371867065,-0.8574977806624321,RECONSTRUCTED - approximate only,0.007011835811085463,-0.9905015298447565
2026-06-16,VRSN,CONTROL,control,273.8699951171875,273.8699951171875,274,0.31640834831020553,0.001611966790666692,0.31640834831020553,-0.03267967228620089,-388.34948043308657,-26.524211068329084,0.05054553385920621,0.05054553385920621,-0.9993918026565518,-510.785740173548,-0.07956327335825522,0.5131475415175414,4.852513535184869,-0.853646236348636,-0.09559277446431827,-0.734343991606015,-510.53354903950236,0.0017190974074457312,-0.9999388683158271,-0.9999746296610803,RECONSTRUCTED - approximate only,0.0017190974074457312,-0.9999990356518164
2026-06-16,ORCL,CONTROL,control,188.3300018310547,188.3300018310547,188,0.7275040843907222,-0.013652434027955173,0.7275040843907222,-0.02548719272069967,-350.31468985028954,-160.63279403808937,-0.1093786407545758,-0.1093786407545758,-0.8316022402248802,-821.6368756905543,-0.16354273218447474,0.5308074053545724,7.813889541637366,-0.5348695534942405,-0.0704082959587665,-0.3649045890324261,-696.7534599474362,-0.008841601622807317,-0.9998362885788232,-0.9140485563177682,RECONSTRUCTED - approximate only,-0.008841601622807317,-0.9999956312091165
2026-06-16,BIIB,CONTROL,control,195.61000061035156,195.61000061035156,196,0.32429340910338733,0.005285959801571216,0.32429340910338733,0.01564335948594551,104.68786490378163,-191.02450275899741,-0.48108475238842846,-0.48108475238842846,0.47064495672547957,44.60320094425402,0.020346586141406327,0.4997830029925178,3.405998374032947,0.25450957164906174,0.020960104752939995,0.43282107581243007,116.92653220828055,-0.020431678006773805,0.24712804913211917,0.34208715436877746,RECONSTRUCTED - approximate only,-0.020431678006773805,0.17009012418868716
2026-06-16,DELL,CONTROL,control,404.0799865722656,404.0799865722656,404,1.1635919691897134,0.009949415140066632,1.1635919691897134,0.03771535650956472,394.04423165001265,-690.3337881587801,-0.17191020221603484,-0.17191020221603484,0.08215587579610346,503.16094555847127,0.07419325871752003,0.5349620254604432,26.167692453841852,0.08500286216362155,0.036205715128126176,0.2642958366544528,-58.743103883114685,-0.021929679418444925,0.3081895422433634,-0.062096239157813746,RECONSTRUCTED - approximate only,-0.021929679418444925,0.23711377591698674
2026-06-16,SWX,CONTROL,control,88.06999969482422,88.06999969482422,88,0.1943495487389537,0.0037322080738358358,0.1943495487389537,-0.011013980062045247,-59.60466518076491,-41.96007262114327,-0.3127242167026785,-0.3127242167026785,0.03010702920739289,-13.806834958459035,0.007948188380467607,0.5313357635392031,1.0239562016563681,-0.6493999896475452,0.005450248195717923,-0.49411142150570736,-8.610875485879564,-0.007661975269586268,-0.02330766777789249,-0.10042328869832708,RECONSTRUCTED - approximate only,-0.007661975269586268,-0.10097436845259808
2026-06-16,ON,CONTROL,control,118.25,118.25,118,0.7700299110520014,-0.00436857065204053,0.7700299110520014,-0.04507401125627643,-312.16406368824636,-324.4830328422783,-0.5484317928318744,-0.5484317928318744,1.6940747950132589,-387.1647395973109,-0.021226233710194237,0.5327393257254747,5.2041501280012525,-0.6783481674596467,0.11247359874636628,-0.5235144948434074,784.1993570446224,-0.05664139258515357,-0.6752166517037437,1.6447358084970403,RECONSTRUCTED - approximate only,-0.05664139258515357,-0.7704085181843322
2026-06-16,TTC,CONTROL,control,90.72000122070312,90.72000122070312,91,0.23472055270641243,0.004974589673120327,0.23472055270641243,0.001653455950843556,-14.026917219007917,94.85754838113017,1.0392283487423761,1.0392283487423761,0.5229159267921069,246.8469131724199,0.0447530589061238,0.48043887135557495,1.0837499402764053,-0.2196745343925313,0.016203716941393265,-0.018351658305022073,41.699960518135995,0.020587263399934254,2.5154803797474115,0.38586842741907995,RECONSTRUCTED - approximate only,0.020587263399934254,2.5114368095139676
2026-06-16,ARES,CONTROL,control,134.97999572753906,134.97999572753906,135,0.36235377594882895,0.009626211460340525,0.36235377594882895,-0.049118312593565784,-248.3688123256326,-44.23655979737951,-0.05873839895628909,-0.05873839895628909,-0.9759789870790339,-290.6643120289002,-0.15639349273330952,0.5164501893764787,2.7558505908049824,-0.925370352691805,-0.06726918424259237,-0.8384470522840184,-284.3754713827752,-0.0023651686400652486,-0.9999999999785225,-0.9944556019417619,RECONSTRUCTED - approximate only,-0.0023651686400652486,-1.0000000000000016
2026-06-16,CL,CONTROL,control,90.66000366210938,90.66000366210938,91,0.26398767353261865,0.005188796767522128,0.26398767353261865,-0.0008824379861361469,-26.709333414080294,-30.04981835990057,-0.14662100515172496,-0.14662100515172496,-0.7995917637789941,-8.25502137803825,0.013456800595944387,0.47692139340312417,1.20146365411032,-0.31971269166024285,-0.02195020309706616,-0.11735420269008477,-104.57927856021368,-0.004283353943730682,0.044328521131227476,-0.8970545510598213,RECONSTRUCTED - approximate only,-0.004283353943730682,-0.05675784224745023
2026-06-16,NXT,CONTROL,control,125.62000274658203,125.62000274658203,126,0.8994382760483025,-0.0008742001808062796,0.8994382760483025,-0.01838883249070088,-213.26389069718888,-67.36632686443214,-0.008445912486607232,-0.008445912486607232,0.06602517444574339,-596.0016690544945,-0.07124665166336527,0.5182368227193556,6.115915091850923,-0.44299946428311915,0.0274638154927965,-0.25955532240382506,-24.09773663920217,-0.0007954062452285942,-0.918298725319725,-0.08389770780320967,RECONSTRUCTED - approximate only,-0.0007954062452285942,-0.9645208987019255
2026-06-16,AEP,CONTROL,control,129.75,129.75,130,0.24000386639207075,0.003866677050809137,0.24000386639207075,-0.011406518131322254,-89.6906068344975,-20.696605062704688,-0.01779205133817304,-0.01779205133817304,-0.09707094152193482,300.422661522824,0.040154194326529384,0.4950347607947368,1.6592128964429804,-0.6275723472394354,0.0042389445222182085,-0.4555011914891072,-33.192957978520205,-0.0004621952062410929,2.019440671123144,-0.2530035833920515,RECONSTRUCTED - approximate only,-0.0004621952062410929,2.0122335936645297
2026-06-16,RBC,CONTROL,control,621.0800170898438,621.0800170898438,621,0.3732134526018941,0.00687250206739955,0.3732134526018941,0.007486899032260442,15.411671761463442,-138.09330494836928,-0.004335770938085038,-0.004335770938085038,1.0610247241794606,466.99380184679984,0.02875633551252853,0.5186988193458525,13.138171523270273,-0.058916976776086816,0.03968886890679088,0.11865256554705894,1191.611142353824,-0.0001770558945415004,0.4804606069280124,0.9817227558057964,RECONSTRUCTED - approximate only,-0.0001770558945415004,0.42656799935630224
2026-06-16,PH,CONTROL,control,938.510009765625,938.510009765625,939,0.25730766429142493,0.010066822092008808,0.25730766429142493,0.007948728154069431,158.51658024223718,436.4965403996168,0.445519378665946,0.445519378665946,0.9280446987824865,789.2458002008257,0.024059431284577007,0.5119979560188476,13.54386592944661,0.05336078332530977,0.025178212951307406,0.22947287768869887,1057.3460735056815,0.011205594787478807,0.7196767073425105,0.8394205337691055,RECONSTRUCTED - approximate only,0.011205594787478807,0.6782976845083079
2026-06-16,CFG,CONTROL,control,67.2699966430664,67.2699966430664,67,0.26380899537285285,0.004951265168787043,0.26380899537285285,-0.007284047691713924,-44.385116260021,3.3333598524184618,0.14752182009401452,0.14752182009401452,0.184268518824015,114.50814588882929,0.03255541178374618,0.5614302305055574,1.154135186363277,-0.4435036015378501,0.010703155294082155,-0.2876956089272423,7.362372361181969,0.00432955018809794,1.1614939435278087,0.07768353289995861,RECONSTRUCTED - approximate only,0.00432955018809794,1.1505028084374787
2026-06-16,XEL,CONTROL,control,78.9800033569336,78.9800033569336,79,0.21860527646316266,0.0015123219771852735,0.21860527646316266,-0.019245431854334017,-73.24258600508982,-33.07667002443106,-0.23549146071501337,-0.23549146071501337,-0.3386680917918326,133.63158751349462,0.031526940465126434,0.5153352357613498,0.9816191627270072,-0.8005009457039913,-0.002152516980425262,-0.666207497687352,-42.69828505444002,-0.006165821772277505,1.552191410799117,-0.4847882772134875,RECONSTRUCTED - approximate only,-0.006165821772277505,1.5411814640161299
2026-06-16,BG,CONTROL,control,119.41999816894531,119.41999816894531,119,0.30884063511186327,-0.006829238519435976,0.30884063511186327,-0.027466076281935713,-168.63259661530628,-137.8369562170851,-0.5166211534672238,-0.5166211534672238,-0.987000400738452,-243.9608543631362,-0.08733880811503865,0.550205490802263,2.311090811934079,-0.7858095489572069,-0.06699045488748272,-0.6568859297784005,-241.1104260839204,-0.02242964481846963,-0.9999832346657616,-0.9975997953718138,RECONSTRUCTED - approximate only,-0.02242964481846963,-0.9999998540380695
2026-06-16,CYTK,CONTROL,control,75.20999908447266,75.20999908447266,75,0.597320697277525,0.02269547224596536,0.597320697277525,0.03855872305784432,128.03243846420742,103.37846505624535,0.5258115193610797,0.5258115193610797,0.8007413163855507,319.18908513812517,0.07964363697228372,0.5345664154135901,2.6200995664267026,0.47633252976043317,0.05265256126416056,0.6248594765009006,171.81109204449714,0.030273960061269263,1.3928361037749215,0.7096100772182896,RECONSTRUCTED - approximate only,0.030273960061269263,1.378581751881576
2026-06-16,NXT,CONTROL,control,125.62000274658203,125.62000274658203,126,0.8994382760483025,-0.0008742001808062796,0.8994382760483025,-0.01838883249070088,-213.26389069718888,-67.36632686443214,-0.008445912486607232,-0.008445912486607232,0.06602517444574339,-596.0016690544945,-0.07124665166336527,0.5182368227193556,6.115915091850923,-0.44299946428311915,0.0274638154927965,-0.25955532240382506,-24.09773663920217,-0.0007954062452285942,-0.918298725319725,-0.08389770780320967,RECONSTRUCTED - approximate only,-0.0007954062452285942,-0.9645208987019255
2026-06-16,CASY,CONTROL,control,865.280029296875,865.280029296875,865,0.6121693094522399,0.0008940591348160577,0.6121693094522399,-0.01667674420113837,-1167.1799842159724,-671.8382770526423,-0.13163332628721158,-0.13163332628721158,-0.6947542610361621,-3061.080621613252,-0.0738836579446852,0.5229333900821208,29.794860306008502,-0.4823308998650011,-0.038842970193164184,-0.30663408748382365,-2265.758687744864,-0.009035988144009615,-0.9757359385540553,-0.8105529467521612,RECONSTRUCTED - approximate only,-0.009035988144009615,-0.9934637789122124
2026-06-16,APA,CONTROL,control,34.2599983215332,34.2599983215332,34,0.5252077044786314,-0.026459648304006683,0.5252077044786314,-0.009632166740358843,-36.64832771188447,10.674771051413757,0.2155624585523136,0.2155624585523136,-0.24566549681641947,-96.89432628215773,-0.02714525791129392,0.5613087207215312,1.1428016391976143,-0.37984023178197296,-0.0017512423097826057,-0.22032935734382228,-39.398974975305705,0.012112256008683762,-0.7752536628848432,-0.37538080929228684,RECONSTRUCTED - approximate only,0.012112256008683762,-0.8531650984834995
2026-06-16,CHH,CONTROL,control,116.06999969482422,116.06999969482422,116,0.4006582814111613,0.0008035387311662946,0.4006582814111613,-0.019643308221689817,-143.1170712542067,223.81145721238187,0.9965824879832426,0.9965824879832426,-0.915290698410395,-260.97537472089675,-0.034720416902668264,0.5222881791966066,2.6585245113115974,-0.6196115931499993,-0.05332990831120226,-0.45625556048021015,-259.0509069995729,0.035507212837584894,-0.922910547268328,-0.966816401182071,RECONSTRUCTED - approximate only,0.035507212837584894,-0.9667999640388701
2026-06-16,CHD,CONTROL,control,98.41999816894531,98.41999816894531,98,0.2692073716848789,0.00539054903317677,0.2692073716848789,-0.010262086218516344,-78.0718727585551,-40.577869870163596,-0.13355613871309424,-0.13355613871309424,-0.9599612936028142,-71.07589679384198,0.0025401341663394083,0.5631938709385104,1.7312305482170913,-0.5146679420927329,-0.04755131469462344,-0.36152907681836416,-176.4941655583338,-0.004350028445254404,-0.31899178891296165,-0.9878005851354599,RECONSTRUCTED - approximate only,-0.004350028445254404,-0.40242853600929224
2026-06-16,ABNB,CONTROL,control,141.1999969482422,141.1999969482422,141,0.29462917266643734,0.0048934415869842625,0.29462917266643734,-0.004674246999816181,-74.81726300957546,61.676615088481626,0.3739791932773116,0.3739791932773116,-0.59719862369653,86.41790289437701,0.02266286839521086,0.5313411051948261,2.4669601009470625,-0.37986928221335553,-0.014235088882988535,-0.20842895496898461,-165.9297928244553,0.01117156663858732,0.4795482328345905,-0.7235418377229987,RECONSTRUCTED - approximate only,0.01117156663858732,0.43241291217145433
2026-06-16,SON,CONTROL,control,51.220001220703125,51.220001220703125,51,0.32859160357830997,0.0017874906716064535,0.32859160357830997,-0.010933255758390397,-45.68985329806466,34.68832590650605,0.45998219084602154,0.45998219084602154,-0.5602116131600037,130.19115551666192,0.04529479967849893,0.5550451210329802,1.067956461412674,-0.49023360969860663,-0.014837995277580663,-0.3322655528223209,-68.81631775722786,0.01546396937412115,1.4013060926978018,-0.6837036223735177,RECONSTRUCTED - approximate only,0.01546396937412115,1.3932956217425603
2026-06-16,CRWD,CONTROL,control,679.489990234375,679.489990234375,679,0.5860364157587308,0.00027139069099100057,0.5860364157587308,0.005106818037281667,-209.00233227481968,-830.0119723068927,-0.281570532703053,-0.281570532703053,-0.3338331317486072,-1511.5092539907982,-0.009521804288674402,0.5244329299319588,22.550476163385554,-0.17167034933318034,-0.005960334738075827,0.00830997943880564,-941.9738892381607,-0.019633633029633175,-0.599686014819582,-0.4801979021697052,RECONSTRUCTED - approximate only,-0.019633633029633175,-0.7009108987270087
2026-06-16,APPF,CONTROL,control,157.88999938964844,157.88999938964844,158,0.49174242736978413,-0.00233872928559917,0.49174242736978413,-0.05890178660908613,-371.4619962991773,-41.936263883531055,0.005990472575828726,0.005990472575828726,-0.970138613976999,-442.4896716018723,-0.057508403737760665,0.515117685830839,4.308840289434173,-0.8996711176863791,-0.08556586585002975,-0.7990270465627604,-441.50477578713407,0.00031679582436615214,-0.9725446730716206,-0.9924444998654213,RECONSTRUCTED - approximate only,0.00031679582436615214,-0.9922809866306228
2026-06-16,FANG,CONTROL,control,188.1199951171875,188.1199951171875,188,0.4086227860809232,-0.01737209378355381,0.4086227860809232,-0.01403359269706485,-193.73095788640438,31.61675729532759,0.18410621030720073,0.18410621030720073,-0.28159241961047654,-398.09530556448664,-0.024665104773992766,0.5225342441430901,4.394707858891891,-0.5267767157933969,-0.0017009997540684157,-0.3556523558145061,-162.8111384382407,0.007821661986683506,-0.8451510275900869,-0.42744146027059154,RECONSTRUCTED - approximate only,0.007821661986683506,-0.9138996415779288
2026-06-16,NTNX,CONTROL,control,48.31999969482422,48.31999969482422,48,0.5244643862519606,-0.001214602660681762,0.5244643862519606,-0.03828639250424614,-105.21862448675941,-64.51262577972567,-0.3145151209133536,-0.3145151209133536,-0.6886709848559414,-118.21009219657951,-0.01697019246695179,0.5560657893792028,1.5851131285985751,-0.7240149584877607,-0.035389054124017764,-0.5848328598718182,-120.85516612709176,-0.020672891256774198,-0.671105750566517,-0.7986499641053545,RECONSTRUCTED - approximate only,-0.020672891256774198,-0.760453875532164
2026-06-16,GATX,CONTROL,control,177.66000366210938,177.66000366210938,178,0.3551755681535688,0.0038100548518088325,0.3551755681535688,-0.02459760377067121,-224.39372369714087,22.23632250276685,0.17805795795760287,0.17805795795760287,0.0806522605506685,-100.42724033631006,0.010075386970818662,0.5020815518870974,3.403412921981527,-0.7376420991467207,0.011764022823423882,-0.5847368627076529,-9.25729937402454,0.00645818809231861,-0.20132457008260798,-0.0678619076872345,RECONSTRUCTED - approximate only,0.00645818809231861,-0.304677140745999
2026-06-16,XEL,CONTROL,control,78.9800033569336,78.9800033569336,79,0.21860527646316266,0.0015123219771852735,0.21860527646316266,-0.019245431854334017,-73.24258600508982,-33.07667002443106,-0.23549146071501337,-0.23549146071501337,-0.3386680917918326,133.63158751349462,0.031526940465126434,0.5153352357613498,0.9816191627270072,-0.8005009457039913,-0.002152516980425262,-0.666207497687352,-42.69828505444002,-0.006165821772277505,1.552191410799117,-0.4847882772134875,RECONSTRUCTED - approximate only,-0.006165821772277505,1.5411814640161299
2026-06-16,FDX,CONTROL,control,334.48431396484375,334.48431396484375,334,0.4278950252468607,0.0010036895237602076,0.4278950252468607,-0.029219054591345446,-533.6156927879116,-239.64437384111915,-0.19681878326753277,-0.19681878326753277,-0.5497961685461675,-853.5259436272205,-0.05278073337224925,0.5280079471954842,8.305323171729384,-0.7178676529652291,-0.017054058882254287,-0.5694033139713134,-518.1455432609732,-0.009879401161034217,-0.974863312937628,-0.6824346883701604,RECONSTRUCTED - approximate only,-0.009879401161034217,-0.9930666701678154
2026-06-16,LULU,CONTROL,control,115.5,115.5,116,0.43363779489496057,-0.004130416756910524,0.43363779489496057,-0.032380933885450484,-179.71806134799635,-37.646358833979626,-0.04295706741612636,-0.04295706741612636,-0.9871672876120097,-229.0795360259904,-0.02086583257237554,0.48965352625191916,2.5812486122024225,-0.7719629154905433,-0.08718614454393263,-0.6223245868177892,-269.18428428223655,-0.001987413378224998,-0.8236203736080959,-0.997835042556103,RECONSTRUCTED - approximate only,-0.001987413378224998,-0.901169530952202
2026-06-16,XPO,CONTROL,control,214.27000427246094,214.27000427246094,214,0.45538212492600433,0.005345622209010013,0.45538212492600433,-0.05824432135848013,-494.49131143630734,-350.83491300402414,-0.5488627317830732,-0.5488627317830732,-0.9170939133682907,-590.4706298737404,-0.08139264523106059,0.5266022169352582,5.624780996726514,-0.9109525934683249,-0.061044483923295444,-0.8177038859465353,-547.6007894993788,-0.034471854540393955,-0.9973212996234146,-0.9676342526410799,RECONSTRUCTED - approximate only,-0.034471854540393955,-0.9997286213266291
2026-06-16,CINF,CONTROL,control,170.8536376953125,170.8536376953125,171,0.18570003480080574,0.009802708834334201,0.18570003480080574,-0.0018626311325897575,-47.1389014124019,21.754124086166517,0.24302862062646347,0.24302862062646347,-0.05924159654085436,525.9976507534674,0.04446120875972487,0.5067213207372582,1.7615081862227413,-0.35200452966568374,0.0039002188430824368,-0.1686582212299129,-28.8287648030313,0.004619843778554404,3.2562570790644836,-0.2068275191013593,RECONSTRUCTED - approximate only,0.004619843778554404,3.2559330280522065
2026-06-16,BIIB,CONTROL,control,195.61000061035156,195.61000061035156,196,0.32429340910338733,0.005285959801571216,0.32429340910338733,0.01564335948594551,104.68786490378163,-191.02450275899741,-0.48108475238842846,-0.48108475238842846,0.47064495672547957,44.60320094425402,0.020346586141406327,0.4997830029925178,3.405998374032947,0.25450957164906174,0.020960104752939995,0.43282107581243007,116.92653220828055,-0.020431678006773805,0.24712804913211917,0.34208715436877746,RECONSTRUCTED - approximate only,-0.020431678006773805,0.17009012418868716
2026-06-16,XEL,CONTROL,control,78.9800033569336,78.9800033569336,79,0.21860527646316266,0.0015123219771852735,0.21860527646316266,-0.019245431854334017,-73.24258600508982,-33.07667002443106,-0.23549146071501337,-0.23549146071501337,-0.3386680917918326,133.63158751349462,0.031526940465126434,0.5153352357613498,0.9816191627270072,-0.8005009457039913,-0.002152516980425262,-0.666207497687352,-42.69828505444002,-0.006165821772277505,1.552191410799117,-0.4847882772134875,RECONSTRUCTED - approximate only,-0.006165821772277505,1.5411814640161299
2026-06-16,GEF,CONTROL,control,70.10000610351562,70.10000610351562,70,0.28094356843193447,0.005622914437696683,0.28094356843193447,-0.0028531321001794923,-30.945730663796468,42.68756699845594,0.5002433218220877,0.5002433218220877,-0.5746035491142086,133.9457000820852,0.03680447898749563,0.5321970190146234,1.172279175826013,-0.3323053630845583,-0.012553563569067455,-0.1609365061545034,-77.01439038157925,0.01390682753696229,1.3196828776934357,-0.7029256280047895,RECONSTRUCTED - approximate only,0.01390682753696229,1.30649205081845
2026-06-16,CHRD,CONTROL,control,126.70999908447266,126.70999908447266,127,0.4350845708304985,-0.022648898308839448,0.4350845708304985,0.0020519464770663866,-40.646132258149336,76.3364822512397,0.3809867892185183,0.3809867892185183,-0.5767525040053224,-306.70289942168904,-0.05350800117027001,0.5032311755891802,2.963932126661831,-0.22501132017865932,-0.01783602046057796,-0.03447344724478146,-193.33757246325132,0.016037206436392438,-0.9793660525434401,-0.7137798637759987,RECONSTRUCTED - approximate only,0.016037206436392438,-0.9949413600806987
2026-06-16,LMT,CONTROL,control,535.9500122070312,535.9500122070312,536,0.23195885144064415,0.0016970066349668068,0.23195885144064415,-0.006773028827565865,-286.339372044782,184.45624503384505,0.3806859062157556,0.3806859062157556,-0.999829577691625,-746.7341512348568,-0.08267561628765728,0.5171529005351255,7.099373261696144,-0.49123432424400404,-0.07901857475311767,-0.3173677324635775,-746.6192527780639,0.008828073551922964,-0.9999999388482146,-0.9999961867797246,RECONSTRUCTED - approximate only,0.008828073551922964,-0.9999999999725331
2026-06-16,PNFP,CONTROL,control,98.25,98.25,98,0.2390700044960822,0.013946672693104753,0.2390700044960822,-0.027175553882395037,-121.60433928489181,31.56733540968092,0.3398872363775277,0.3398872363775277,-0.7248189647570357,-126.28432893911118,-0.01251911813672869,0.5487371382250247,1.474579906368085,-0.8624008950154145,-0.01811703592159669,-0.7535315813309084,-117.58212977627883,0.00851983008268284,-0.7869397735753819,-0.8294297347058067,RECONSTRUCTED - approximate only,0.00851983008268284,-0.8641061562258878
2026-06-16,SMG,CONTROL,control,63.08000183105469,63.08000183105469,63,0.37696085968319004,-0.0007915029050155451,0.37696085968319004,-0.005865610904276742,-42.454723255232814,-17.12848493990341,-0.015168327803336075,-0.015168327803336075,-0.37354316240500374,381.4330249929279,0.08655673630283035,0.5274177556910904,1.3834889603875205,-0.3822756442541955,-0.005865610904276742,-0.20786374489719708,-64.23020953835393,-0.0006336676411107127,3.0172984537944676,-0.51558419202958,RECONSTRUCTED - approximate only,-0.0006336676411107127,3.016862637073463
2026-06-16,CFG,CONTROL,control,67.2699966430664,67.2699966430664,67,0.26380899537285285,0.004951265168787043,0.26380899537285285,-0.007284047691713924,-44.385116260021,3.3333598524184618,0.14752182009401452,0.14752182009401452,0.184268518824015,114.50814588882929,0.03255541178374618,0.5614302305055574,1.154135186363277,-0.4435036015378501,0.010703155294082155,-0.2876956089272423,7.362372361181969,0.00432955018809794,1.1614939435278087,0.07768353289995861,RECONSTRUCTED - approximate only,0.00432955018809794,1.1505028084374787
2026-06-16,APA,CONTROL,control,34.2599983215332,34.2599983215332,34,0.5252077044786314,-0.026459648304006683,0.5252077044786314,-0.009632166740358843,-36.64832771188447,10.674771051413757,0.2155624585523136,0.2155624585523136,-0.24566549681641947,-96.89432628215773,-0.02714525791129392,0.5613087207215312,1.1428016391976143,-0.37984023178197296,-0.0017512423097826057,-0.22032935734382228,-39.398974975305705,0.012112256008683762,-0.7752536628848432,-0.37538080929228684,RECONSTRUCTED - approximate only,0.012112256008683762,-0.8531650984834995
2026-06-16,WBD,CONTROL,control,26.600000381469727,26.600000381469727,27,0.15,0.0026090083870022474,0.14244565776789067,-0.013533857337925025,-8.420963644041537,-7.169634048642627,-0.6365699089595266,-0.6365699089595266,0.8239824480882757,13.815436676340031,0.02255640499493011,0.2539945192115872,0.08328776961461237,-0.9302525973189631,0.01315790888911213,-0.7947190650580988,4.386750032625633,-0.011152388152968228,2.0156259937249907,0.4200686471022951,RECONSTRUCTED - approximate only,-0.011152388152968228,1.801309862334018
2026-06-16,BURL,CONTROL,control,333.8299865722656,333.8299865722656,334,0.5181098973770379,0.0026143935438369226,0.5181098973770379,-0.009196228410044445,-309.1345613649275,-264.4892058622375,-0.1825215097419286,-0.1825215097419286,0.13933844893981887,-317.59851096190374,0.011862391432589315,0.5168078483800453,9.626686216600035,-0.412127322137626,0.019291264117797143,-0.2313390467407205,29.86305278988083,-0.010815527720871056,-0.24059396627163113,-0.0007823646501803727,RECONSTRUCTED - approximate only,-0.010815527720871056,-0.34144682510922625
2026-06-16,SATS,CONTROL,control,120.97000122070312,120.97000122070312,121,0.7223618343684547,0.008484283019763152,0.7223618343684547,-0.07663060410777647,-400.9115103576693,63.51343237923581,0.24543733414842114,0.24543733414842114,-0.9672454059237735,-512.3260782596278,-0.17450607917112876,0.5227772058990054,4.867135123297032,-0.8708584179530757,-0.12044308132428679,-0.758990010462728,-497.2041895948032,0.017709194420262604,-0.9999500199085559,-0.99128921786246,RECONSTRUCTED - approximate only,0.017709194420262604,-0.9999992695380672
2026-06-16,ARES,CONTROL,control,134.97999572753906,134.97999572753906,135,0.36235377594882895,0.009626211460340525,0.36235377594882895,-0.049118312593565784,-248.3688123256326,-44.23655979737951,-0.05873839895628909,-0.05873839895628909,-0.9759789870790339,-290.6643120289002,-0.15639349273330952,0.5164501893764787,2.7558505908049824,-0.925370352691805,-0.06726918424259237,-0.8384470522840184,-284.3754713827752,-0.0023651686400652486,-0.9999999999785225,-0.9944556019417619,RECONSTRUCTED - approximate only,-0.0023651686400652486,-1.0000000000000016
2026-06-16,VTR,CONTROL,control,83.88999938964844,83.88999938964844,84,0.2702474348183022,0.0013180039726603304,0.2702474348183022,-0.020741421819395523,-86.5971165539454,2.313143983010958,0.13598515578213882,0.13598515578213882,-0.5516682909289674,119.58298635127939,0.031946600604058156,0.5037184599674744,1.237975951219184,-0.7659977706535418,-0.010132298012937867,-0.6200048765078195,-78.5602068481156,0.003829121646437405,1.133112274555741,-0.6903109514850579,RECONSTRUCTED - approximate only,0.003829121646437405,1.1067334434295246
2026-06-16,NDSN,CONTROL,control,292.0724182128906,292.0724182128906,292,0.2608397876564596,0.007151655072397708,0.2608397876564596,-0.009149868833072517,-194.70824107246327,-111.69696078108636,-0.15976574750246086,-0.15976574750246086,0.15429361605134223,8.556774497095965,0.013823856300353926,0.520525325211288,4.384703885933732,-0.5294661444382582,0.010228899270883867,-0.3590501172494657,19.123483838795952,-0.0048584675059269835,0.12892622014961658,0.022481035538063267,RECONSTRUCTED - approximate only,-0.0048584675059269835,0.05536772013219765
2026-06-16,COIN,CONTROL,control,169.27000427246094,169.27000427246094,169,0.7016239265934225,-0.0018865232557553758,0.7016239265934225,-0.025698623463810834,-310.95380706508115,-70.49582386224165,-0.002346238165251945,-0.002346238165251945,-0.5388254200328751,-708.9382521153688,-0.11319196064572071,0.5298452192530347,6.768712770032707,-0.545652650957788,-0.026171251980591132,-0.3762927699931665,-415.4668053328292,-0.00017719302277687424,-0.9952154647845902,-0.6736166119858912,RECONSTRUCTED - approximate only,-0.00017719302277687424,-0.9993635394039247
2026-06-16,TJX,CONTROL,control,166.32000732421875,166.32000732421875,166,0.2637604768857415,0.0014343243323835307,0.2637604768857415,-0.013167402266506225,-142.1088133959233,-86.66260080496669,-0.23163911681800128,-0.23163911681800128,-0.595371955820501,-192.51221350494646,-0.006914436656028084,0.5387325048994842,2.6671048554065635,-0.6076031009244068,-0.012926942403761927,-0.45046978704065094,-178.82339479753287,-0.007459568809240832,-0.6493978889243291,-0.7198348779698877,RECONSTRUCTED - approximate only,-0.007459568809240832,-0.7426026461507481
2026-06-16,PH,CONTROL,control,938.510009765625,938.510009765625,939,0.25730766429142493,0.010066822092008808,0.25730766429142493,0.007948728154069431,158.51658024223718,436.4965403996168,0.445519378665946,0.445519378665946,0.9280446987824865,789.2458002008257,0.024059431284577007,0.5119979560188476,13.54386592944661,0.05336078332530977,0.025178212951307406,0.22947287768869887,1057.3460735056815,0.011205594787478807,0.7196767073425105,0.8394205337691055,RECONSTRUCTED - approximate only,0.011205594787478807,0.6782976845083079
