date,symbol,signal_type,group,entry_price,S,K,sigma,gap_pct,realized_vol_30d,ret_1day,net_pnl_1day,net_pnl_EOD,call_ret_crush_EOD,call_ret_EOD,call_ret_3day,net_pnl_5day,ret_5day,call_delta,call_at_signal,call_ret_crush_1day,ret_3day,call_ret_1day,net_pnl_3day,ret_EOD,call_ret_5day,call_ret_crush_3day,label,signal_day_return,call_ret_crush_5day,entry_equity
2026-05-25,AZO,VolumeSpike,signal,3406.5,3406.5,3406,0.2682183293814436,-0.05621311910593718,0.2682183293814436,-0.023428241074161697,-3822.1115554756675,-4418.347319746727,-0.7828531502383016,-0.7828531502383016,-0.9814583040263972,-5097.241595515245,-0.02282177004959265,0.5192772356254021,52.3526417867979,-0.7972207739082582,-0.05319816403320478,-0.662970643348686,-5406.110244708335,-0.03573858308208696,-0.9193554410588493,-0.9961636633735924,RECONSTRUCTED - approximate only,-0.03573858308208696,-0.9647169812887321,508.76
2026-05-25,CVNA,MomReversal,signal,68.28,68.28,68,0.52241066884746,0.022114853005655227,0.52241066884746,0.040627204734553085,135.7798562784174,-4.110474379055039,0.09145621000912073,0.09145621000912073,0.6509000579803635,-220.9272740063189,-0.0648610542093756,0.5422987087058598,2.1426850508343236,0.647566437210834,0.040627204734553085,0.7786919732964364,109.76716275472009,0.005158340817150888,-0.9736943124397756,0.5572027851125105,RECONSTRUCTED - approximate only,0.005158340817150888,-0.9924694017878107,508.76
2026-05-25,CVX,Pullback50,signal,191.43,191.43,191,0.26205908053944615,-0.007470055532014683,0.26205908053944615,-0.012506159565903948,-159.5012997814094,-230.69802694433312,-0.6776460796674788,-0.6776460796674788,-0.5774986281905714,34.8674913600706,0.015375433028325535,0.5424202085962863,3.0842860924940254,-0.591666488632643,-0.012181256662967141,-0.43465979019265255,-201.3541047243832,-0.027842069927014802,0.22869867066888208,-0.7026756645271888,RECONSTRUCTED - approximate only,-0.027842069927014802,0.17138689541782362,508.76
2026-05-25,DTE,Pullback50,signal,145.3,145.3,145,0.2163794088806161,0.004817614240171781,0.2163794088806161,0.004494528760432322,1.8128866241456165,-83.97225003173963,-0.3381436304279357,-0.3381436304279357,-0.6289047329422071,-176.57340733410336,-0.013621946555711865,0.5461567721029164,1.962609129536233,-0.034955813091211894,-0.01210072798136082,0.12195890598306271,-138.18403749104993,-0.009452088238441715,-0.8348034133495316,-0.7477374671722178,RECONSTRUCTED - approximate only,-0.009452088238441715,-0.9033402147937575,508.76
2026-05-25,ETN,Pullback50,signal,391.35,391.35,391,0.3989635778444754,0.02228184766757511,0.3989635778444754,0.008037085295392106,11.34729161868221,65.75926995510919,0.1838331971179507,0.1838331971179507,-0.3774736297521126,493.3634197248027,0.03594371557281417,0.5243901104641507,8.98417589118992,-0.05423455670877464,-0.006275888047659292,0.12008136571615338,-413.3142598898929,0.0076486552417660055,0.6848358898389457,-0.5208316707882612,RECONSTRUCTED - approximate only,0.0076486552417660055,0.6443071285679176,508.76
2026-05-25,EIX,Pullback50,signal,71.18,71.18,71,0.24117939790309556,0.0063219576610407295,0.24117939790309556,0.005895645858145734,4.19693637133788,-31.048263372338557,-0.18577599422777766,-0.18577599422777766,-0.7246490505507648,-71.78503425818586,-0.004491854357381455,0.548241180983139,1.0759363891833047,0.004480099100558574,-0.018248111473125394,0.15904188375720815,-86.12861076492955,-0.005444637785879964,-0.5843201078936009,-0.8293797587575552,RECONSTRUCTED - approximate only,-0.005444637785879964,-0.677682022714342,508.76
2026-05-25,XOM,Pullback50,signal,154.92,154.92,155,0.3063134022037417,-0.00916600946119789,0.3063134022037417,-0.012749507330859769,-131.06489142943428,-169.7524948803816,-0.5625111394639034,-0.5625111394639034,-0.8347437114197619,-160.67144687308829,-0.0016687804824388967,0.5126222990696421,2.6553644901419062,-0.5795592615512196,-0.030371825151243415,-0.409146909214353,-238.42578182038247,-0.024039103852809447,-0.526512322962809,-0.9175043839946367,RECONSTRUCTED - approximate only,-0.024039103852809447,-0.6315135276298023,508.76
2026-05-25,GD,Pullback50,signal,342.89,342.89,343,0.28619730381921343,0.0062702143679767034,0.28619730381921343,-0.005658113173597762,-185.83721261640272,-75.79859407896566,-0.03655308972955333,-0.03655308972955333,-0.035840811031098894,-522.2484522408753,-0.02039818070471659,0.5143261888224525,5.529660672058924,-0.4247533336602508,0.006325419519277326,-0.2460236732710224,-75.42442142585877,-0.0011592681618899812,-0.8864193780759929,-0.18016002434379325,RECONSTRUCTED - approximate only,-0.0011592681618899812,-0.9438544243985629,508.76
2026-05-25,HSIC,Pullback50,signal,74.21,74.21,74,0.26892914775475796,0.0005390232586017286,0.26892914775475796,0.023951239601078686,92.29250655776713,-31.137733101947926,-0.14668729411474363,-0.14668729411474363,1.4243154163968665,97.21678775210438,0.02895804256376145,0.5479404217735445,1.2465998713958157,0.7837133196038447,0.03626522665547276,0.8955602709951371,154.91138570224595,-0.004713784163247054,0.9371410059824763,1.3828895728670907,RECONSTRUCTED - approximate only,-0.004713784163247054,0.9170159330983566,508.76
2026-05-26,ABNB,Pullback50,signal,135.22,135.22,135,0.25657287072016,0.00015103145258822946,0.25657287072016,-0.004371318995192354,-65.23129819570981,-5.719121501847867,0.08304800873450179,0.08304800873450179,-0.060838638025520184,-3.3744161918539115,0.01258677660478354,0.5360869363123604,2.0939345536229297,-0.3846583597178282,0.004748303569415993,-0.216122738562577,-34.341597540143795,0.0023419020172910665,0.09483496190529161,-0.1937800109999368,RECONSTRUCTED - approximate only,0.0023419020172910665,0.026114623278005338,509.58
2026-05-26,AMCR,Pullback50,signal,39.12,39.12,39,0.3706696421952426,0.01433039148876597,0.3706696421952426,0.018485129452660943,26.389708641343702,-9.068082822488599,0.012404220338840354,0.012404220338840354,0.12965836893919194,-41.188025559580936,0.0025632248182054975,0.5414930364242387,0.8805753653931241,0.2882494969654099,0.013264885084526777,0.43626335246318043,0.7407730785347633,0.0005137543695577824,-0.3715545794164792,0.006734801709282074,RECONSTRUCTED - approximate only,0.0005137543695577824,-0.4659934064722515,509.57
2026-05-26,AEP,Pullback50,signal,131.98,131.98,132,0.22694174883329427,0.0026598230356120363,0.22694174883329427,-0.010160325701140806,-87.65475567516091,-64.48132737878743,-0.28415934717292896,-0.28415934717292896,-0.9286716910090691,-177.19539853695562,-0.02895334960160454,0.5165129863465923,1.7078278613396378,-0.5938197798016082,-0.032314712947077294,-0.42699038400881384,-169.04936046795135,-0.007882435392433287,-0.9788803631407863,-0.9740602694180528,RECONSTRUCTED - approximate only,-0.007882435392433287,-0.99466325225535,509.72
2026-05-26,AME,Pullback50,signal,227.28,227.28,227,0.24372959411168235,0.006369157809047895,0.24372959411168235,-0.013336823392990709,-186.31663034312703,172.518677159,0.6576735770483471,0.6576735770483471,-0.6818906935959999,-250.16924993444493,-0.007452942473293384,0.5326002669731186,3.3121574511349507,-0.6390144855575203,-0.015646789977667615,-0.4827353011243911,-248.98186196843872,0.015445919629569592,-0.6856643127186411,-0.7966708418744091,RECONSTRUCTED - approximate only,0.015445919629569592,-0.7774882568257034,509.68
2026-05-26,APA,Pullback50,signal,38.94,38.94,39,0.5458201056103587,-0.0072164635258402,0.5458201056103587,-0.023466695149739585,-59.8966534081296,-56.22917866121248,-0.3918884812866329,-0.3918884812866329,-0.6406939726358774,-49.67395681436709,0.008266703287760416,0.5120107080013316,1.1630292149824406,-0.5962239003889851,-0.0285333251953125,-0.4250819701849771,-83.71914391349955,-0.026479762347928315,-0.332558643015121,-0.7674721692666575,RECONSTRUCTED - approximate only,-0.026479762347928315,-0.43899358074558775,509.7
2026-05-26,CB,Pullback50,signal,329.11,329.11,329,0.16716127204348089,0.00033546299210040294,0.16716127204348089,-0.014810308850121566,-238.44227199297575,-145.6587624937211,-0.36160878280350695,-0.36160878280350695,-0.9954437019637787,-343.002271145617,-0.04049787154309175,0.5268834281987886,3.254780997791187,-0.7942944907029852,-0.04215704828891931,-0.661680745159066,-341.64317830256084,-0.007774353027343648,-0.9998391560551388,-0.9994957516562587,RECONSTRUCTED - approximate only,-0.007774353027343648,-0.9999958145841448,509.7
2026-05-26,DOV,Pullback50,signal,213.48,213.48,213,0.2673922050027772,0.01067177431871431,0.2673922050027772,-0.009424359419374301,-153.08744876629723,157.37435242285048,0.5821592927541692,0.5821592927541692,-0.6599464908127686,-300.8760310316301,-0.014114986658061775,0.5418909963539865,3.502348245672991,-0.5130385088033138,-0.016348845242038154,-0.35093437202438904,-255.90291371866385,0.015367184482960788,-0.7951132993841883,-0.776078485439116,RECONSTRUCTED - approximate only,0.015367184482960788,-0.8718997654026847,509.56
2026-05-26,EA,Pullback50,signal,200.75,200.75,201,0.15,-0.001791322303902168,0.030696511189225208,-0.001293967166646265,-42.54050676326178,8.225780265052974,0.16657887027650706,0.16657887027650706,-0.018017985532347194,-40.35510743469635,0.005324933076686387,0.49865761134792225,1.6353291402171806,-0.3475388263287589,0.0038817496258582024,-0.1601944719071552,-20.452498397132423,0.0025921154024167053,-0.14612745451423545,-0.16827474487483113,RECONSTRUCTED - approximate only,0.0025921154024167053,-0.24529474608856425,509.61
2026-05-26,GILD,Pullback50,signal,135.81,135.81,136,0.21577915479939427,0.00662392406342889,0.21577915479939427,-0.000299072942788173,-31.37779804770927,-78.91914950594364,-0.40870726244306066,-0.40870726244306066,-0.026106734195210708,-168.14441728079728,-0.04606291833172427,0.5000979983115887,1.5896706243774616,-0.282379737996299,0.005234465606956134,-0.09390288043234823,-21.13931154638754,-0.01123847890913819,-0.9995298709732201,-0.17697340431444342,RECONSTRUCTED - approximate only,-0.01123847890913819,-0.9999801006938324,509.58
2026-05-26,HIG,Pullback50,signal,136.54,136.54,137,0.18599373582760506,-0.0005881780009728647,0.18599373582760506,-0.027112885750574862,-117.0212948512178,-37.84845649215525,-0.20338705440054428,-0.20338705440054428,-0.9997955754156344,-132.17827032066745,-0.056050309171300404,0.46793177461520874,1.2464614613198748,-0.949020029944199,-0.06080085752930711,-0.8719984189540577,-132.15424673880185,-0.004266601593630776,-0.9999984535766998,-0.999995382412389,RECONSTRUCTED - approximate only,-0.004266601593630776,-0.9999999965505866,509.53
2026-05-26,OXY,Pullback50,signal,58.85,58.85,59,0.4474556433709642,-0.006971608583383981,0.4474556433709642,-0.009919939515280548,-51.798633738699614,-55.918724653373204,-0.30263812258177347,-0.30263812258177347,-0.5201143055478814,20.155710150536844,0.0283676188790385,0.5021450260785911,1.409492863194938,-0.45726147091010344,-0.014444755170877269,-0.2718686315246218,-85.03918179490576,-0.016095931795304916,0.265497797196157,-0.663525070724409,RECONSTRUCTED - approximate only,-0.016095931795304916,0.18852412736139829,509.52
2026-05-26,O,Pullback50,signal,62.13,62.13,62,0.17588772125978994,0.0009674630393159416,0.17588772125978994,-0.0041633901317855715,-25.73452979483352,12.86119881127461,0.3175324192371705,0.3175324192371705,-0.7467750197748473,-74.94751809948954,-0.036439710295928386,0.5546973982069229,0.702246051558653,-0.41931011791819217,-0.014405382620025784,-0.2609981777394713,-58.14234237434108,0.00596003416513556,-0.9986761677953788,-0.8462274010738192,RECONSTRUCTED - approximate only,0.00596003416513556,-0.9998999306039554,509.59
2026-05-26,SNA,Pullback50,signal,370.21,370.21,370,0.2779508497765166,0.009136795743303424,0.2779508497765166,8.062020640905216e-05,-101.92833380130999,49.346395403695446,0.19460684464866673,0.19460684464866673,-0.3200188709504415,-306.74004867906785,0.0009406237510736717,0.5234835901275873,5.9670690900204875,-0.2483370312149379,-0.002391869480888705,-0.07225206825417317,-242.38028864201027,0.005675692171663851,-0.43355386578028865,-0.46361884625040517,RECONSTRUCTED - approximate only,0.005675692171663851,-0.5349289953955932,509.52
2026-05-26,VZ,Pullback50,signal,48.33,48.33,48,0.22032870131720247,-0.0012409009407903736,0.22032870131720247,-0.005155702028177466,-27.24972953609458,2.7985453904438637,0.15966152051314542,0.15966152051314542,-0.6245360655889145,-66.23600973637356,-0.012786197672114313,0.6068935579632315,0.7930860595922482,-0.37495098648815656,-0.014023515810224286,-0.23915727976722623,-56.2853910923825,0.004141659953357842,-0.7566066686217382,-0.7297421332296491,RECONSTRUCTED - approximate only,0.004141659953357842,-0.829265123126298,509.6
2026-05-27,AMCR,Pullback50,signal,39.65,39.65,40,0.37384691777872714,0.010526270915542873,0.37384691777872714,0.005894499659688306,-3.6116519926818738,6.192431543424461,0.22199840184272449,0.22199840184272449,-0.8348129089893247,-68.28029563266247,-0.029215675884834848,0.4501249084302234,0.6756117329248035,-0.15643591399851134,-0.03305989779113172,0.06924664473414649,-61.63700995972405,0.007875954110433266,-0.9383181020834465,-0.9236914891784889,RECONSTRUCTED - approximate only,0.007875954110433266,-0.9778267191242453,504.54
2026-05-27,COST,Pullback50,signal,1005.81,1005.81,1006,0.21522491018918427,0.0009272757645825935,0.21522491018918427,-0.008458777325392988,-582.2126494835485,-133.0920768137748,-0.007106148560203908,-0.007106148560203908,-0.9974431030895804,-1295.8556749398356,-0.04170608977845848,0.5162474545666332,12.345764718665919,-0.5597532561452403,-0.05736832782012808,-0.39003787318018873,-1294.6064449316584,-0.0001693293015327433,-0.9985082286495934,-0.999787218130862,RECONSTRUCTED - approximate only,-0.0001693293015327433,-0.9998871459994422,504.51
2026-05-27,CRWD,GapDown,signal,644.77,644.77,645,0.3809649308311732,-0.04547684994785359,0.3809649308311732,0.03972978683280154,1377.9174638135858,85.80322730041007,0.17189644586435876,0.17189644586435876,8.942438556120969,8253.701928257911,0.15843870447638445,0.5150741678048238,13.760030531052678,1.0363197314323636,0.2119902080449967,1.1603537359058402,11550.681312346753,0.00678612739218846,6.420275100888535,8.942438280341497,RECONSTRUCTED - approximate only,0.00678612739218846,6.420275077058257,504.53
2026-05-27,DTE,Pullback50,signal,145.13,145.13,145,0.21283827865898614,-0.004356243820342601,0.21283827865898614,-0.013010243243958603,-110.89512977005103,52.56653594106221,0.4129606351686206,0.4129606351686206,-0.9643419582346759,-187.84366753134546,-0.023817686138535243,0.5309563886396159,1.8427715846885206,-0.6734590079501516,-0.03744750006617083,-0.520768280040042,-188.548601909871,0.008889497398884767,-0.9603152183278576,-0.9900702991186797,RECONSTRUCTED - approximate only,0.008889497398884767,-0.9866873283504974,504.53
2026-05-27,EIX,Pullback50,signal,71.52,71.52,72,0.20403523800018092,-0.0005614951814546163,0.20403523800018092,-0.01925767251310071,-50.71713759134863,13.150749948047336,0.35077919544177516,0.35077919544177516,-0.979239076114568,-60.22465062011639,-0.011163871209524074,0.4251776067653222,0.6195650551696588,-0.8679952353352601,-0.035863901658962034,-0.7343264725371521,-65.13237021233135,0.0064607687301107995,-0.8958576687824594,-0.9960675904912609,RECONSTRUCTED - approximate only,0.0064607687301107995,-0.955364845380698,504.54
2026-05-27,FAST,Pullback50,signal,44.78,44.78,45,0.21650080076183015,0.0,0.21650080076183015,-0.0013387187349299455,-12.322623260570802,12.18590069761754,0.41873511845582084,0.41873511845582084,-0.8204735571198416,87.75049503085265,0.03659079430644939,0.45363347954702565,0.4528534201097827,-0.3650800044853828,-0.01851847438663123,-0.15095134356809492,-41.126188563976974,0.008323935332600832,2.1751904020711637,-0.9138300238661786,RECONSTRUCTED - approximate only,0.008323935332600832,2.1627575633472556,504.59
2026-05-27,HSY,Pullback50,signal,198.83,198.83,199,0.2419827553633075,0.01873169695750341,0.2419827553633075,-0.003943049283217986,-83.77056082739463,153.85896999696251,0.717366565038567,0.717366565038567,-0.9943707486811728,-281.46697878081983,-0.073905620436132,0.5079252384622814,2.6682620888821873,-0.40228007229335494,-0.05772931455319102,-0.22008387987239306,-280.04058913376207,0.016024706856086732,-0.999997867518684,-0.99933065079167,RECONSTRUCTED - approximate only,0.016024706856086732,-0.9999999939804882,504.59
2026-05-27,PODD,GapDown,signal,146.21,146.21,146,0.6445109693051121,-0.06371913431275973,0.6445109693051121,-0.023012127503328227,-243.30462652906218,53.38345378449975,0.2123529203482509,0.2123529203482509,-0.017273389359971462,-404.56522867590394,-0.018560314752640087,0.5284899366966885,5.3750731144314585,-0.5386039189750997,0.014519625064962982,-0.3686684644526921,-63.87107556498411,0.013958295186360678,-0.6844744054064614,-0.15921560490274422,RECONSTRUCTED - approximate only,0.013958295186360678,-0.7791101443774212,504.57
2026-05-27,JNJ,Pullback50,signal,231.6,231.6,232,0.1897188974698547,-0.0008688719897732036,0.1897188974698547,-0.0021185103056699244,-65.2945155769126,42.549237886755215,0.3024660595143905,0.3024660595143905,-0.9711388393818365,-246.65240261403076,-0.03480473875499651,0.4935988310865902,2.3405889129054174,-0.37260598246979426,-0.033637420576479955,-0.18253897431343002,-240.64438516220557,0.005696136981173462,-0.9981586584615045,-0.9930164854903545,RECONSTRUCTED - approximate only,0.005696136981173462,-0.9998512588014875,504.62
2026-05-27,PANW,GapDown,signal,248.42,248.42,248,0.3946305238970655,-0.04334958084834469,0.3946305238970655,0.03742901657052776,490.48993404267696,97.87615590671494,0.28702665924385734,0.28702665924385734,8.150405968609157,2477.576128417035,0.1286271634324568,0.5302243803517203,5.743504763670799,0.8845507634669596,0.20932108306880548,1.0065832334976843,4388.395025486264,0.011603314714487563,4.648383431034156,8.150405337913144,RECONSTRUCTED - approximate only,0.011603314714487563,4.64837973534296,504.61
2026-05-27,DGX,Pullback50,signal,194.26,194.26,194,0.24292447937133585,0.007154653614105171,0.24292447937133585,0.011392295440478256,77.89459402592506,-43.11450868456111,-0.050098468658882477,-0.050098468658882477,-0.5309991358828441,-166.94800470124284,-0.0016496072743810847,0.5339232638645393,2.8330851881463275,0.24726346760181675,-0.009227323543660359,0.3995103302084968,-172.54560162634084,-0.001389833322899503,-0.5102012886658599,-0.6622492774564945,RECONSTRUCTED - approximate only,-0.001389833322899503,-0.608416638076255,504.58
2026-05-27,REGN,MomReversal,signal,630.42,630.42,630,0.4153206129527455,0.00028362276191441614,0.4153206129527455,-0.009908514352897434,-544.4149802392942,-473.41152855022756,-0.22672493934790638,-0.22672493934790638,-0.8469581059678429,-1169.4064297901834,-0.014002577761633278,0.5227342000062489,14.969196421938705,-0.45172273903527077,-0.04313890704929133,-0.27665445684200285,-1355.4287779110398,-0.011121609474410184,-0.7161474782610862,-0.9249392393425859,RECONSTRUCTED - approximate only,-0.011121609474410184,-0.8075837050699495,504.64
2026-05-27,TSCO,MomReversal,signal,30.59,30.59,31,0.47270113959601057,0.006765990758004671,0.47270113959601057,0.022823630948749535,20.15817231459065,39.49269343360833,0.7892120678367399,0.7892120678367399,0.6567076748829521,-65.91825228955888,-0.049885904233437084,0.43801389418944064,0.6278199537181255,0.22945375488594244,0.0361917381020656,0.4650406653005221,31.589747757697264,0.030577951626793404,-0.9781559423353363,0.48410422422881677,RECONSTRUCTED - approximate only,0.030577951626793404,-0.9950127486058206,504.63
2026-05-27,VLO,Pullback50,signal,241.34,241.34,241,0.45868593503675104,-0.022696192987377704,0.45868593503675104,0.01876512371783696,143.5593605590094,182.86584963302025,0.40829377643656595,0.40829377643656595,1.1205387703719478,1380.832373411372,0.08783396933842984,0.5275252865214449,6.397333379056889,0.1786472525183473,0.050678239661144917,0.343617997943757,615.7303736410743,0.018519282512950604,2.3794547566961235,1.0479163736917074,RECONSTRUCTED - approximate only,0.018519282512950604,2.3772396237440825,504.61
2026-05-27,VRTX,Pullback50,signal,438.54,438.54,439,0.19035124477476276,0.005941312553405588,0.19035124477476276,0.024587164287970295,619.4657581520783,-106.68675401801663,-0.1362980008688117,-0.1362980008688117,-0.13008753402548792,-466.8933370639826,-0.020310152458761797,0.5039039501529671,4.592353582419662,1.4253092020190519,0.0026988533747009545,1.52814497313988,-103.97729135065515,-0.0029644892491507836,-0.9619417964825058,-0.2810041400663979,RECONSTRUCTED - approximate only,-0.0029644892491507836,-0.9878773342244936,504.62
2026-05-27,WBD,Pullback50,signal,27.12,27.12,27,0.15,0.0011111365424262153,0.0943512232458939,-0.003684542239128956,-11.530967352845684,2.398776645531793,0.23308905695399795,0.23308905695399795,0.048889327333240244,-22.509555617128402,-0.005158415357291245,0.6064312431442371,0.3045900032163864,-0.38375802042113555,0.004053080796807911,-0.24830850253609213,-2.9312359970443946,0.004069504262250199,-0.6277171691769038,-0.04183380319068351,RECONSTRUCTED - approximate only,0.004069504262250199,-0.7061234108921345,504.6
2026-05-27,AA,GapDown,signal,72.92,72.92,73,0.5126524294863352,-0.04371734141842487,0.5126524294863352,0.033219415645754966,103.15712625630731,82.52061329241597,0.5335766636332795,0.5335766636332795,1.3384033340330763,507.22847516684993,0.10539984858024949,0.5133857227893729,2.05999164948566,0.47694069606673595,0.06302119636621802,0.6390268251937523,240.02455422157428,0.02580288922003213,2.70378403970623,1.2675355742306098,RECONSTRUCTED - approximate only,0.02580288922003213,2.7019963513549503,504.43
2026-05-27,CPRI,GapDown,signal,17.94,17.94,18,0.38978125268577685,-0.04054054054054054,0.38978125268577685,0.08045973051576084,95.73764729033125,24.90994156006472,0.8596019958763954,0.8596019958763954,-0.08721128386874913,-14.197886762891065,0.009304875316612558,0.4931776692666801,0.3657429629675253,2.8472112251524124,0.007115443760777772,2.8980685493036966,-7.987636399479291,0.029295800437389965,-0.2659462509794367,-0.24656052950002103,RECONSTRUCTED - approximate only,0.029295800437389965,-0.3763281945665335,504.42
2026-05-28,AEE,Pullback50,signal,110.99,110.99,111,0.18947386832662336,-0.0024297888988680056,0.18947386832662336,-0.008813043210848333,-63.643766673673106,-84.54107045727939,-0.6188086753568958,-0.6188086753568958,-0.8447455771207917,-121.22685889728677,-0.017809613608265804,0.5184368070195183,1.2101310312710964,-0.6020215123809212,-0.01973749546472018,-0.4370336335717517,-110.51532977098466,-0.017320687373699545,-0.9379197336856124,-0.9236243348270938,RECONSTRUCTED - approximate only,-0.017320687373699545,-0.9754567605372894,503.65
2026-05-28,BG,Pullback50,signal,123.81,123.81,124,0.27738233348134556,0.001237840613146949,0.27738233348134556,-0.003233580487893933,-52.37076236603136,118.00071318026934,0.779548031115461,0.779548031115461,1.918018453953195,333.6367451589938,0.04624091642537755,0.5016955464966701,1.862413099743172,-0.370315591814024,0.04389658907463275,-0.18338761048105892,319.429424950768,0.019533463128827668,1.9983178993633346,1.8747686237084773,RECONSTRUCTED - approximate only,0.019533463128827668,1.9915209451497546,503.63
2026-05-28,CINF,Pullback50,signal,162.2,162.2,162,0.15698795956630965,-0.005891797934080259,0.15698795956630965,-0.016125068285725984,-124.75096796388881,-98.79031260374619,-0.5401549562857162,-0.5401549562857162,-0.7443714618800021,-45.11361655389242,0.004124999628425925,0.5444807407335561,1.5899984743759745,-0.8310462580547529,-0.0125000395546596,-0.7120230812094234,-129.63718617579042,-0.012223705270801053,-0.18479747496605162,-0.8458366857903251,RECONSTRUCTED - approximate only,-0.012223705270801053,-0.26662239714838665,503.6
2026-05-28,FANG,Pullback50,signal,195.02,195.02,195,0.34867610790093323,0.009956431266370322,0.34867610790093323,-0.013701471466323733,-183.3588278931821,-69.68551351145221,-0.0812856436128411,-0.0812856436128411,1.2978950513406382,448.5557535869499,0.045328129594230486,0.5183950279494997,3.8587624515916445,-0.5612559544531358,0.042546587683137495,-0.39137501009474446,435.89790105497053,-0.003183380235542873,1.3324243997106695,1.2326673001358301,RECONSTRUCTED - approximate only,-0.003183380235542873,1.3156405283064003,503.6
2026-05-28,DTE,Pullback50,signal,145.99,145.99,146,0.2132717815205922,0.001583238369792669,0.2132717815205922,-0.003557037296866192,-56.418422291269636,-104.10320359566617,-0.500949682046101,-0.500949682046101,-0.44667287976394593,-128.33550371119827,-0.004533506250827982,0.5179125133573804,1.78508093844259,-0.3966213562447786,-0.005091411889579522,-0.21976071433464517,-94.8987975060844,-0.014570413176546431,-0.6438433950583158,-0.5881031516490774,RECONSTRUCTED - approximate only,-0.014570413176546431,-0.7418770481364125,503.63
2026-05-28,SATS,Pullback50,signal,124.09,124.09,124,0.5463222903014319,-0.0053078681262322775,0.5463222903014319,-0.01411464103255441,-147.1860121451343,589.157817927883,1.7210203783487086,1.7210203783487086,-0.8539523677052241,-380.14570991289304,-0.0490578131934093,0.5239591569277793,3.846707520902278,-0.46911241574272705,-0.057373951722297735,-0.2939463543341727,-351.8330497667021,0.0760201128907395,-0.9314284949957508,-0.9295968403357646,RECONSTRUCTED - approximate only,0.0760201128907395,-0.9717793459420687,503.54
2026-05-28,ETR,Pullback50,signal,111.44,111.44,111,0.23006384511088007,-0.0033181126310983583,0.23006384511088007,-0.005199778147624535,-58.42708576533247,-88.12146121989595,-0.43141791644583666,-0.43141791644583666,-0.7308562245998442,-102.35904410208714,-0.003101659904818399,0.567572801486454,1.7028923914022869,-0.40108021107503694,-0.018427332802853094,-0.24786411423022145,-136.5630268016301,-0.01367641399508572,-0.5194265858446916,-0.8312436681586802,RECONSTRUCTED - approximate only,-0.01367641399508572,-0.6077800136636686,503.52
2026-05-28,EXC,Pullback50,signal,46.55,46.55,47,0.20645295236995892,1.600232850589199e-08,0.20645295236995892,0.001316273785285257,-6.413049804801534,-22.542116376460275,-0.5245139302803363,-0.5245139302803363,-0.7698543022295168,-35.978777432879355,-0.011634167294419129,0.3864206353789806,0.35504820549014937,-0.31105603456454856,-0.012724965517614255,-0.04632633350501885,-30.817343961970288,-0.013206252734148627,-0.9228782516567318,-0.889182492463408,RECONSTRUCTED - approximate only,-0.013206252734148627,-0.972232781275728,503.53
2026-05-28,ABNB,Pullback50,signal,133.91,133.91,134,0.24296420194138607,-0.005601858130000257,0.24296420194138607,-0.008847601794842008,-83.82189025083566,176.48308020513696,1.135523702817699,1.135523702817699,-0.2971305163231683,-135.0361680600373,-0.005799247429716543,0.5101138173941131,1.8164345451125996,-0.5465973315431775,-0.0011151962563894053,-0.372954721555876,-70.73756820549787,0.023903771125599372,-0.6697436494035747,-0.44643414220256555,RECONSTRUCTED - approximate only,0.023903771125599372,-0.7676633818592069,503.48
2026-05-28,ALGN,Pullback50,signal,172.66,172.66,173,0.3423179517004881,0.0,0.3423179517004881,0.009812392197646104,30.137291124370815,730.5613372920228,2.5275625275034947,2.5275625275034947,-0.8732545850315048,-312.85128256612853,-0.028629187381628788,0.5009703974410228,3.1803680614781484,0.022748344510681397,-0.037864343772546896,0.20931364750597506,-296.94442483326895,0.06366647106038838,-0.9259027705489037,-0.9434817108768749,RECONSTRUCTED - approximate only,0.06366647106038838,-0.969358264393432,503.5
2026-05-29,AFL,Pullback50,signal,112.89,112.89,113,0.16003532254631847,-0.0007990441275438626,0.16003532254631847,-0.002757494784227662,-33.06003907585902,-16.92816028464188,-0.059695413851450364,-0.059695413851450364,1.1858487535533608,441.6900515332368,0.05177014578916729,0.5041503052759272,0.99726221331359,-0.41272807297982667,0.018502062488284787,-0.22997084208575766,101.07458236612382,-0.0010663119389176605,4.7811178245828545,1.1107434909313199,RECONSTRUCTED - approximate only,-0.0010663119389176605,4.781113893076715,501.03
2026-05-29,ALGN,Pullback50,signal,174.76,174.76,175,0.39041743932775047,0.003116844364402958,0.39041743932775047,-0.029608418211711757,-257.7996391215503,20.343463979173293,0.16628040592604804,0.16628040592604804,-0.9819534851632536,-379.39129187716543,-0.041211726669598936,0.5077334814438793,3.7337956721018912,-0.7637061632319541,-0.07567871086212116,-0.617860558127878,-386.9472556662719,0.0066747436959705255,-0.9606517140105788,-0.9963663983784466,RECONSTRUCTED - approximate only,0.0066747436959705255,-0.9872637646304006,500.96
2026-05-29,AMCR,Pullback50,signal,39.39,39.39,39,0.3778007660443731,-0.007643292663962978,0.3778007660443731,-0.028078314300791142,-68.34705678644418,-19.038045866287277,-0.07272948717233038,-0.07272948717233038,-0.6402236400147797,-82.95074320517487,-0.017774307885967868,0.5927678788310091,1.0490111667611544,-0.6983976013888269,-0.024214287328660444,-0.5675213794404868,-75.59227768960939,-0.0033376396808425515,-0.7140622550811441,-0.747861068180312,RECONSTRUCTED - approximate only,-0.0033376396808425515,-0.7928405540956723,500.94
2026-05-29,AME,Pullback50,signal,225.69,225.69,226,0.25043239288276803,-0.0019516465562465588,0.25043239288276803,-0.011025060443267771,-157.503190783904,9.842350889060326,0.14338561020575483,0.14338561020575483,0.17958566961905315,-143.08742292213674,0.0030993667564598445,0.5021587987186732,3.0766096351433845,-0.6013720884424193,0.010537887569702935,-0.4291706210068718,20.422828789513392,0.0037332190444286048,-0.37984849605238896,0.03782134364773716,RECONSTRUCTED - approximate only,0.0037332190444286048,-0.487789901548274,500.92
2026-05-29,CASY,Pullback50,signal,779.89,779.89,780,0.2967937384888634,-0.004391964869908058,0.2967937384888634,-0.02810438400671121,-1000.7746321808356,-579.5353422140967,-0.3592581249939304,-0.3592581249939304,0.06131346488919674,-947.7341857497196,-0.006817584018613677,0.516132616668167,13.103140882866228,-0.8252542724153413,0.00918996227331408,-0.6976577368703188,-56.00850682497978,-0.013375470937573469,-0.655048068414517,-0.07836631208088797,RECONSTRUCTED - approximate only,-0.013375470937573469,-0.7531309223693572,500.88
2026-05-29,CNP,Pullback50,signal,42.38,42.38,42,0.20386031323424808,0.00047371997123165385,0.20386031323424808,-0.02295308671395772,-56.225905422741434,-7.21152832427243,0.018153321597862444,0.018153321597862444,-0.6934071807489821,4.7038888421976575,0.010175114109190073,0.6432348499717127,0.7143465834057885,-0.8073996376821385,-0.01703732689546727,-0.704102266303156,-55.50010562938005,0.0004734053568137092,0.19373398058217414,-0.7854342532797167,RECONSTRUCTED - approximate only,0.0004734053568137092,0.16808524507684766,500.87
2026-05-29,CFG,Pullback50,signal,62.29,62.29,62,0.21592793358513052,-0.022111858219664094,0.21592793358513052,-0.023771275010209186,-74.59366287463223,73.04637441071188,0.9478854870709932,0.9478854870709932,-0.5938764756600283,94.60461770811682,0.02762610451449766,0.5804618096731738,0.9287594070936365,-0.8356840133532637,-0.011725017056157725,-0.7254280145369835,-62.986588595918676,0.02015401551431096,1.192220968447076,-0.7076241871837057,RECONSTRUCTED - approximate only,0.02015401551431096,1.185003489607054,500.83
2026-05-29,EA,Pullback50,signal,201.34,201.34,201,0.15,0.0,0.030820816833518287,0.0013880566012416714,-18.704914973196342,10.760346665771692,0.17049515094563786,0.17049515094563786,0.056673943029509795,-18.659833945181834,0.006345423218079502,0.5548442606553704,1.9461465394040403,-0.14350859375004135,0.0045112217757411885,0.011123468211910206,-10.283364574420528,0.0028337426871217638,0.011367302438874575,-0.05899139294857994,RECONSTRUCTED - approximate only,0.0028337426871217638,-0.05353319480589046,500.8
2026-05-29,FAST,Pullback50,signal,44.7,44.7,45,0.20365683510713,-0.0022341036164200737,0.20365683510713,-0.00475111042642187,-16.567887851649758,-20.717105095185044,-0.4238209458136452,-0.4238209458136452,4.222399235023572,179.64878299650465,0.05859728750863593,0.42501967520176426,0.38631018871429035,-0.5282352479045008,0.05113118286251598,-0.3107616161336711,149.79670341721504,-0.010300024318054529,5.035819190810716,4.206961559081541,RECONSTRUCTED - approximate only,-0.010300024318054529,5.035635570994543,500.81
2026-05-29,FTV,Pullback50,signal,58.96,58.96,59,0.17747917807485983,-0.01047826890594464,0.17747917807485983,0.006858742446249668,10.143511204544254,-17.67135596872888,-0.18864716530866849,-0.18864716530866849,2.9319863276197835,219.1575728064432,0.050754432205729144,0.5094580826291272,0.5863355221771549,0.13798731702108585,0.039094602784169506,0.31070527784703633,156.15377954824476,-0.0039282586717908205,4.063075607880262,2.920570557584168,RECONSTRUCTED - approximate only,-0.0039282586717908205,4.06304593085713,500.75
2026-05-29,GILD,Pullback50,signal,135.8,135.8,136,0.22101035313336548,-0.008001727825690601,0.22101035313336548,-0.024771144916379148,-136.0826619601438,-48.661389248919924,-0.20173489802898262,-0.20173489802898262,-0.974614099761447,-171.419155091803,-0.03920247993654828,0.4994214728647392,1.6239221384065985,-0.8801868269297073,-0.04046714977534373,-0.7684024133687078,-167.89547561961993,-0.005180286995758695,-0.9974547039923118,-0.9941411759610976,RECONSTRUCTED - approximate only,-0.005180286995758695,-0.9997583575252593,500.71
2026-05-29,JCI,Pullback50,signal,137.39,137.39,137,0.2565081246992572,-0.001836204372840593,0.2565081246992572,-0.001118870679071069,-45.963935031912854,-107.14060993198301,-0.3977248143551721,-0.3977248143551721,5.1786699287428855,740.4246108282869,0.07153501912283872,0.5496511424617776,2.2149867292274195,-0.2687431855283827,0.09622561765302408,-0.10699395332977903,1066.2652235931125,-0.013539340842738704,3.6301725306593746,5.178587123221413,RECONSTRUCTED - approximate only,-0.013539340842738704,3.6301522565134974,500.69
2026-05-29,KEY,Pullback50,signal,21.3,21.3,21,0.20068199545053378,-0.0023429303842053997,0.20068199545053378,-0.020159440127231334,-30.761121355287802,-2.834445984250793,0.06755941052629315,0.06755941052629315,-0.5035975560291049,44.018451348980214,0.030264852452816318,0.7118492463581729,0.42839410189853133,-0.7162388523728761,-0.011400320390182829,-0.6186428565051068,-26.07907217865677,0.001878769678658891,1.2188086709519064,-0.5846185047045974,RECONSTRUCTED - approximate only,0.001878769678658891,1.2185177948517216,500.68
2026-05-29,NSC,Pullback50,signal,306.01,306.01,306,0.323416635305834,-0.006106290934768827,0.323416635305834,0.000655863761265591,-88.0535534656259,-107.13597128908657,-0.09305372505066026,-0.09305372505066026,-0.23472350309539328,270.04887333241487,0.027839785512335773,0.5177604206617886,5.617589582533583,-0.23732399577034385,0.000491847785569176,-0.05729683090855829,-182.74102487296057,-0.003398720735038807,0.613720368563138,-0.38176143212094227,RECONSTRUCTED - approximate only,-0.003398720735038807,0.5679539064647433,500.8
2026-05-29,TJX,Pullback50,signal,155.85,155.85,156,0.23870253581632073,0.0016785751685742042,0.23870253581632073,-0.012924071082390954,-117.85336146943027,-40.59122945468046,-0.09600061897950599,-0.09600061897950599,0.7466537941888476,344.688677681498,0.03851377521077343,0.5065561893724826,2.054974299995692,-0.6557254336063036,0.020355372513630857,-0.49176498457617845,123.91392101501673,-0.0025781109392195643,1.8775413225732487,0.6430838242702279,RECONSTRUCTED - approximate only,-0.0025781109392195643,1.8701786279211305,500.83
2026-05-29,TT,Pullback50,signal,457.18,457.18,457,0.2817178813645917,0.001127608838775877,0.2817178813645917,-0.00627074082618737,-260.9676603669691,-146.7461341598127,-0.10097088582441119,-0.10097088582441119,1.1668649033844078,5.8382873280041006,0.014572764396142902,0.5216038362510155,7.42366250942203,-0.4375557375498464,0.03221810572294309,-0.26293027625820126,747.3924424032225,-0.003246684312945288,0.11538482850074891,1.0981368534370148,RECONSTRUCTED - approximate only,-0.003246684312945288,0.041086808015218565,500.87
2026-06-01,CIEN,GapDown,signal,570.49,570.49,570,0.6259559534563771,-0.03569267641215136,0.6259559534563771,0.10075317519761608,3673.1818409626608,350.06878831257404,0.2881153294550426,0.2881153294550426,-0.8257876560104925,-2125.1694396082053,-0.18072009720878351,0.5256411839013546,20.227371612718628,1.9419666402769065,-0.05965481881041394,2.0174619823994018,-1790.407526302595,0.018033252552367273,-0.9999976167118401,-0.9104094119283463,RECONSTRUCTED - approximate only,0.018033252552367273,-0.9999999925592699,496.21
2026-06-01,FIX,GapDown,signal,1810.0,1810.0,1810,0.4493277549055046,-0.03416454470331774,0.4493277549055046,0.05334810201038309,5496.703163267161,744.0182757833347,0.27665182276805417,0.27665182276805417,1.8859105871715653,1834.1688046142897,0.03588049770614625,0.5185532208025434,45.77581335592072,1.259024990980606,0.0709052168965664,1.369549104232595,7742.2055156512315,0.012532920788793714,0.5273359260807075,1.8453984173155467,RECONSTRUCTED - approximate only,0.012532920788793714,0.47477971767240634,496.19
2026-06-01,FDX,GapDown,signal,327.27,327.27,327,0.4009777933818899,-0.020431252491453666,0.4009777933818899,-0.02803625324056482,-491.53920369078907,777.4523578446324,1.1927289556620762,1.1927289556620762,-0.751287246519978,-682.5855629336355,-0.024431960559474403,0.5238809085629489,7.538069939578577,-0.7273590802086604,-0.03099050990859225,-0.5793169417584451,-614.6900012489814,0.041475585562644135,-0.8460980042769317,-0.8550666031458218,RECONSTRUCTED - approximate only,0.041475585562644135,-0.914468691232193,496.2
2026-06-01,INTC,GapDown,signal,110.74,110.74,111,0.9910532338534166,-0.04577956039439472,0.9910532338534166,-0.01280528219547914,-171.9130030177584,-66.18156286328434,-0.008824260692286631,-0.008824260692286631,-0.01992634265460823,-284.86491012756613,0.008597775507808667,0.5233339661920524,5.986320210169083,-0.37942994071562336,0.022409191504708062,-0.19474190105693337,-72.49532153775426,-0.000913812243829118,-0.39335597473134376,-0.17105132361148853,RECONSTRUCTED - approximate only,-0.000913812243829118,-0.501623222228335,496.13
2026-06-01,LITE,GapDown,signal,874.14,874.14,874,0.8836079824319071,-0.034750188557479064,0.8836079824319071,0.1371823474188536,7575.798043631918,4952.2147980906475,1.3146907532513008,1.3146907532513008,0.3053425376795067,-2769.7470596387284,-0.010607707829765193,0.5280338921495306,43.113172903220004,1.8686056235665993,0.044287311701484804,1.9552528803889457,818.1754050278306,0.0966373826113299,-0.5706682578146514,0.17276538621755844,RECONSTRUCTED - approximate only,0.0966373826113299,-0.6742542424834598,496.14
2026-06-01,NEM,GapDown,signal,107.38,107.38,107,0.5342820162113491,-0.04380291107853976,0.5342820162113491,0.012108305102435143,12.532396714046834,156.00578498680633,0.5910060584437993,0.5910060584437993,-0.21024046514786648,-357.07037280527993,-0.08503562593613283,0.5389815570027277,3.408902871067127,-0.018690387866520154,0.001294014109337493,0.14797607212093639,-103.4745146100911,0.030380975632440476,-0.9933164832186024,-0.349761504084893,RECONSTRUCTED - approximate only,0.030380975632440476,-0.998951561137832,496.22
2026-06-01,FN,GapDown,signal,646.08,646.08,646,0.6950523804278119,-0.04014300753413237,0.6950523804278119,0.12653448462872371,5422.032096002194,-526.3423317987515,-0.11459749463689863,-0.11459749463689863,2.8554051762137296,-1299.6122905827401,0.0021692214359365232,0.523673624196082,25.137564742559107,2.3133510194205904,0.14849933498392526,2.376274962672113,6566.227938488956,-0.008823122865251994,-0.43840307644382237,2.8384463687927197,RECONSTRUCTED - approximate only,-0.008823122865251994,-0.5438131390892561,496.13
2026-06-01,KNF,GapDown,signal,76.49,76.49,76,0.4914559493964279,-0.03426318135539674,0.4914559493964279,-0.0014005679789827377,-45.56947052300454,145.79483743074803,0.7606899297522463,0.7606899297522463,-0.5889991630660514,-247.90732238227676,-0.08123245707979924,0.5566758221205899,2.362379408776981,-0.2531386706337776,-0.024318864780300348,-0.09199322896108605,-157.11054607611078,0.035874455706293065,-0.9935724236159755,-0.7105275785664468,RECONSTRUCTED - approximate only,0.035874455706293065,-0.9989842217884527,496.17
2026-06-01,PII,GapDown,signal,68.25,68.25,68,0.5765942556778678,-0.051223377626541076,0.5765942556778678,0.007380073800738007,-13.565358159725227,58.73053451823619,0.37649274703689156,0.37649274703689156,0.05164642669206895,-126.14001791689371,-0.0010332058276637454,0.538990848192298,2.3297619015256785,-0.12034784905249836,0.016383772846517528,0.04984589264728108,-13.166850675830288,0.02171621918902674,-0.45878823761319665,-0.08040485623373171,RECONSTRUCTED - approximate only,0.02171621918902674,-0.5579963292777637,496.05
2026-06-01,RRX,GapDown,signal,195.81,195.81,196,0.5561421374615354,-0.034694687701147954,0.5561421374615354,0.05883517049388524,623.0500882919952,365.0129628215092,0.7464398745286835,0.7464398745286835,1.0561523098699974,179.96005714433474,0.040526510910083455,0.5153022383282307,6.013827115681622,1.0701721932017552,0.05824139980081802,1.1980957362390545,541.9558817848508,0.0376360753635029,0.42253210574061395,0.9689883359961432,RECONSTRUCTED - approximate only,0.0376360753635029,0.3601550729431943,495.96
2026-06-01,AFL,Pullback50,signal,112.27,112.27,112,0.15896873775228676,-0.0051592407089622785,0.15896873775228676,0.013558082550987506,78.71118290651224,1.9573587464570286,0.13421015559667263,0.13421015559667263,1.9878853309866673,200.87121687748268,0.027918983466038477,0.5651097344948944,1.1845092592285695,0.714297179283643,0.028365001229713305,0.8162943055210524,210.54842258735815,0.0024142013707260995,1.9018874187979615,1.9726000073023149,RECONSTRUCTED - approximate only,0.0024142013707260995,1.9002188223625849,495.93
2026-06-01,ABNB,Pullback50,signal,133.98,133.98,134,0.2364332364944863,0.0,0.2364332364944863,-0.025531218817262852,-147.40697900113324,286.8892699772226,1.786790275765527,1.786790275765527,-0.9023014090540733,-183.28957235514596,-0.02495105942726913,0.5163914086504268,1.8040572945141378,-0.8625344360462934,-0.03010077640865179,-0.7472420284364594,-173.98189963630804,0.034205968360246156,-0.9566098296355512,-0.9597796376777069,RECONSTRUCTED - approximate only,0.034205968360246156,-0.9851864317479861,495.96
2026-06-01,BG,Pullback50,signal,125.14,125.14,125,0.26860697697004493,0.005271645420896917,0.26860697697004493,-0.006463001692707691,-72.85795504833338,411.33091556700214,2.2903085370095284,2.2903085370095284,-0.37372060958182096,-205.673210912543,-0.034392561196583966,0.5296816553062643,1.987822936436018,-0.4440377664838666,-0.004231769228222502,-0.2736647728988437,-91.75281732119163,0.04856800662104664,-0.9769745593293193,-0.5137980416879274,RECONSTRUCTED - approximate only,0.04856800662104664,-0.9938581295330869,495.75
2026-06-01,FANG,Pullback50,signal,197.67,197.67,198,0.35146074163086094,0.015719708756981626,0.35146074163086094,0.016932096356612386,115.58490599282405,222.67267920275907,0.7307062296934944,0.7307062296934944,0.35796048025107835,-250.27588369074218,-0.0041702348196015985,0.5038960001265986,3.769499185149357,0.2557976579747829,0.01964529812636513,0.4316639265567045,89.19152331760708,0.02334306729346246,-0.5900012915624077,0.22477786135703987,RECONSTRUCTED - approximate only,0.02334306729346246,-0.6956235636632255,495.61
2026-06-01,EA,Pullback50,signal,201.94,201.94,202,0.15,0.0010410046292254978,0.032038711949896666,4.9477756613551983e-05,-31.334476759794473,-15.246012832992772,0.02092290767117118,0.02092290767117118,0.22028749803420178,-30.308984341070577,0.005940578951693997,0.516849056980735,1.7405703053405972,-0.2542551290288313,0.006930662853883045,-0.07637408248282983,17.719755329624167,0.00034669106501258455,-0.07017228930844467,0.09218888816175069,RECONSTRUCTED - approximate only,0.00034669106501258455,-0.15660788358828376,495.61
2026-06-01,EME,Pullback50,signal,836.78,836.78,837,0.35195216176843375,-0.013654698637350028,0.35195216176843375,-0.004416610934764477,-460.42254031759546,721.3772318262988,0.564734965273899,0.564734965273899,0.2802989372025479,-1214.2626550822358,-0.008616684607381145,0.5154154419263995,16.556247051277296,-0.36729214489173195,0.01742581413566706,-0.18664290212479656,274.0038824781321,0.018907927796908825,-0.6659277955072918,0.15028292989707967,RECONSTRUCTED - approximate only,0.018907927796908825,-0.7635781806536484,495.36
2026-06-01,EVRG,Pullback50,signal,81.45,81.45,81,0.20194570743167167,-0.009873202700567563,0.20194570743167167,0.011941772506049705,43.31113244291551,-55.17764017371793,-0.36975132806165756,-0.36975132806165756,0.7748762621185317,47.03709915755573,0.016171203652543,0.5973028220079412,1.1939279142578627,0.394844037792343,0.01865903733534734,0.49857908778658255,74.64962880413657,-0.010341055429901758,0.5314292304049083,0.724826027308703,RECONSTRUCTED - approximate only,-0.010341055429901758,0.5096122425368314,495.24
2026-06-01,FTV,Pullback50,signal,58.59,58.59,59,0.18160902138838042,-0.003600801740773862,0.18160902138838042,0.024523143930051075,72.22496945726739,23.18720084710959,0.7051646805248902,0.7051646805248902,4.525801759712948,147.59642802110778,0.041553097767240046,0.41037936886163184,0.4296705362354203,1.7298348589796118,0.04683240556632891,1.9065201249178412,179.14064319179758,0.010497343038108651,3.7530134435137272,4.510331122239485,RECONSTRUCTED - approximate only,0.010497343038108651,3.749907616466475,495.25
2026-06-01,KEYS,Pullback50,signal,332.8,332.8,333,0.3111960027856473,-0.016551815707122882,0.3111960027856473,0.05021214340672348,1053.9622165043463,-182.03026864964838,-0.22387159536869172,-0.22387159536869172,1.3929040643763275,-239.87063830682678,0.004848503343986742,0.5119098012037038,5.780075976966117,1.9539352105217933,0.03972722833806818,2.0270412410705827,705.752915698746,-0.008204883527744965,-0.3292068883332882,1.329916998756927,RECONSTRUCTED - approximate only,-0.008204883527744965,-0.43278980083303453,495.24
2026-06-01,LITE,Pullback50,signal,874.14,874.14,874,0.8836079824319071,-0.034750188557479064,0.8836079824319071,0.1371823474188536,7575.798043631918,4952.2147980906475,1.3146907532513008,1.3146907532513008,0.3053425376795067,-2769.7470596387284,-0.010607707829765193,0.5280338921495306,43.113172903220004,1.8686056235665993,0.044287311701484804,1.9552528803889457,818.1754050278306,0.0966373826113299,-0.5706682578146514,0.17276538621755844,RECONSTRUCTED - approximate only,0.0966373826113299,-0.6742542424834598,495.27
2026-06-01,MTB,Pullback50,signal,212.18,212.18,212,0.17783810018360693,-0.014165198627683059,0.17783810018360693,0.026793300726641982,357.41805061194333,-21.54660061738839,0.011786875802636071,0.011786875802636071,3.5786582506059985,830.6426888822108,0.05202726594681214,0.5341516824116818,2.2799592259349453,1.6946405936271736,0.04777431643334558,1.7614241265529813,751.0239227596995,0.00023627069640427156,3.94624915549603,3.5761468007300103,RECONSTRUCTED - approximate only,0.00023627069640427156,3.946237450771808,495.23
2026-06-01,OXY,Pullback50,signal,58.31,58.31,58,0.4296874350481685,0.023132574798627847,0.4296874350481685,0.0028852952061561637,-18.025105092884118,40.027574492959744,0.38231880176573135,0.38231880176573135,-0.30653446485562724,-136.981469449516,-0.02443993337023424,0.5538716242172221,1.5701795272882215,-0.16706434292082992,-0.004243062055311031,-0.006860159700599654,-62.726638679715116,0.01691404151646922,-0.8043309167854044,-0.439007034864349,RECONSTRUCTED - approximate only,0.01691404151646922,-0.8783811398402182,495.08
2026-06-01,DGX,Pullback50,signal,195.48,195.48,195,0.24204861076433432,-0.0038994075455927777,0.24204861076433432,0.0049948320973475825,3.2685393650656716,-121.3764343745476,-0.3222584510580212,-0.3222584510580212,0.7119581768114784,231.05007111334436,0.026066648518075435,0.547247989611418,2.9564879075859096,-0.03521456332685107,0.020395412233023782,0.12152904145540744,169.1002162668954,-0.009992801316088245,0.9325251994441697,0.6319263887834591,RECONSTRUCTED - approximate only,-0.009992801316088245,0.9123761848517188,495.22
2026-06-02,AXON,GapDown,signal,467.02,467.02,467,0.5766367446645895,-0.03403374186409106,0.5766367446645895,-0.01762830371528417,-628.8970088449341,1743.1728269588014,1.3212049208259793,1.3212049208259793,-0.3698220287705991,-1564.8637368663808,-0.07673628035226346,0.5209237109435424,15.101769198598191,-0.5070008256794374,-0.008161266709887241,-0.33218785971478315,-682.8895496758201,0.06397482168929654,-0.9845803852546853,-0.5165991201495485,RECONSTRUCTED - approximate only,0.06397482168929654,-0.9965874714692952,505.61
2026-06-02,DDOG,GapDown,signal,265.85,265.85,266,0.8979035012036879,-0.047713397601088864,0.8979035012036879,-0.06985472712321286,-938.1472183988832,125.39507049804558,0.2060710159781352,0.2060710159781352,-0.9464065880243462,-1387.6906764789535,-0.15527814731441236,0.5260516782699871,13.229448044900892,-0.7792870238591779,-0.1301230024043946,-0.6401609621355514,-1323.03597508291,0.018467378932119204,-0.9978505939918663,-0.982469264923707,RECONSTRUCTED - approximate only,0.018467378932119204,-0.9998034382494669,505.57
2026-06-02,PANW,GapDown,signal,294.94,294.94,295,0.48851229718834227,-0.043330734342399944,0.48851229718834227,-0.05636314830343909,-682.3550071814017,499.550973618464,0.7587633529492532,0.7587633529492532,-0.968930864399616,-848.3562884365376,-0.1233595954156472,0.5179436423586015,8.067504113496852,-0.8885331906491898,-0.08456156370603637,-0.7833636063110648,-824.576145887575,0.03381340537687342,-0.9999587122280791,-0.9919744447763033,RECONSTRUCTED - approximate only,0.03381340537687342,-0.999999458864636,505.56
2026-06-02,CRM,GapDown,signal,201.12,201.12,201,0.5570658612696308,-0.04093511600286363,0.5570658612696308,-0.05093604185014342,-481.2213040449862,-73.6258138434236,-0.014800513551048342,-0.014800513551048342,-0.9238102641712086,-667.0007635631977,-0.12691686078831135,0.5234200056850664,6.341005127353114,-0.8196303604744295,-0.07558252108449749,-0.6914249221513805,-621.2091853455826,-0.0008954727427342787,-0.999826069731392,-0.9713625728138316,RECONSTRUCTED - approximate only,-0.0008954727427342787,-0.9999952873601156,505.43
2026-06-02,WDAY,GapDown,signal,150.0,150.0,150,0.6922540546312418,-0.05488767956833241,0.6922540546312418,-0.013299374807830276,-193.77708007090934,-45.1897410072724,0.025663651276574214,0.025663651276574214,-0.5913701999785241,-567.8442815409137,-0.05810054319975402,0.523100136986447,5.8040218261270695,-0.4231353707016553,-0.030897406989853438,-0.24381797717986545,-385.4111453209367,0.001884244736180066,-0.922235393088414,-0.7226455514139086,RECONSTRUCTED - approximate only,0.001884244736180066,-0.9665294147118835,505.39
2026-06-02,AVTR,GapDown,signal,8.88,8.88,9,0.4668298048873766,-0.043525531751285464,0.4668298048873766,0.008898768158267083,-1.292999946387584,6.615296609357184,0.5707254616395043,0.5707254616395043,0.1371639745435596,55.14401765460923,0.10233593990175563,0.4362544128405781,0.17900249065739882,-0.1331189054191484,0.018909908856738596,0.10567479895401455,-0.7575190647562946,0.022753106954846287,3.4244770530589728,-0.05754865437108218,RECONSTRUCTED - approximate only,0.022753106954846287,3.42056382370777,505.44
2026-06-02,APPF,GapDown,signal,175.32,175.32,175,0.5467856369395859,-0.03731178096787357,0.5467856369395859,-0.047872647177451766,-409.2330121228146,52.540737336645634,0.20765656665201532,0.20765656665201532,-0.7659120460199454,-490.19277821639344,-0.030579003878876167,0.5297537651713733,5.534971541841088,-0.8018419506092059,-0.04403597449686104,-0.6705369838215521,-459.38334635441055,0.011702707058213151,-0.8245049053728646,-0.8658161773762248,RECONSTRUCTED - approximate only,0.011702707058213151,-0.8976225115651402,507.96
2026-06-02,DT,GapDown,signal,44.73,44.73,45,0.600732538854219,-0.035979362376843696,0.600732538854219,-0.03402273854708644,-83.80139273173134,110.90438916778493,0.9628767728464166,0.9628767728464166,-0.8643699324228421,-145.30770548144656,-0.09339561149502197,0.49233414006269316,1.3771922608897142,-0.6916950600718746,-0.06181904644277157,-0.5253210659844716,-128.16026284935498,0.048985359018902906,-0.9954332568788412,-0.9388231571535348,RECONSTRUCTED - approximate only,0.048985359018902906,-0.9994377146570889,507.99
2026-06-02,NTNX,GapDown,signal,55.12,55.12,55,0.5137651044452615,-0.03168069610886533,0.5137651044452615,-0.04415211189100017,-121.33372814727396,63.13585095840257,0.5164282912607745,0.5164282912607745,-0.6925163038907685,-173.7915765825277,-0.08560100660157781,0.5317557131206321,1.6496343203979258,-0.7934037178135231,-0.03333938066064725,-0.660672002548128,-126.32421612564573,0.025693220768030437,-0.9954055076880003,-0.8066350309819967,RECONSTRUCTED - approximate only,0.025693220768030437,-0.9993982809334502,508.07
2026-06-02,OKTA,GapDown,signal,136.77,136.77,137,0.9088549873574047,-0.07003357719671613,0.9088549873574047,-0.07885017159934923,-513.7469159355018,242.00485021443058,0.48100075399398445,0.48100075399398445,-0.9326140363488014,-705.5929575222684,-0.11350877481808304,0.5228071467328546,6.816202884821777,-0.8165017937674592,-0.12267222291632744,-0.6861126496667787,-673.366244921886,0.040923133263221154,-0.9823820023880202,-0.9759483769237979,RECONSTRUCTED - approximate only,0.040923133263221154,-0.9958721590986711,508.03
2026-06-02,QLYS,GapDown,signal,113.26,113.26,113,0.5422283789423396,-0.040431442875659536,0.5422283789423396,-0.01595836349686463,-145.02249962988859,209.48453203330828,0.726088548926473,0.726088548926473,-0.6531929080837323,-322.3078813656482,-0.03271027282989732,0.532247819562416,3.5739268718241135,-0.4883211795885582,-0.0310350617165694,-0.3180438854260913,-258.81331895335313,0.03665107734773498,-0.8402039575082368,-0.773454137406502,RECONSTRUCTED - approximate only,0.03665107734773498,-0.909452425735244,508.06
2026-06-03,APO,GapDown,signal,125.25,125.25,125,0.2872283114036799,-0.036967961400334065,0.2872283114036799,0.03264982097151552,233.1197506173983,-4.523939963893008,0.08965933963818876,0.08965933963818876,0.8026412313241557,447.43183171168704,0.05460394852309093,0.5375351339424627,2.174865766076266,1.1418047974192278,0.025894662325816196,1.2398510302948915,142.78685130181702,0.0028225683396862398,2.277118101341643,0.7215108292188464,RECONSTRUCTED - approximate only,0.0028225683396862398,2.2754715240988954,501.79
2026-06-03,ARES,GapDown,signal,122.58,122.58,123,0.3470639545218293,-0.05597134364717486,0.3470639545218293,0.06011377708910494,463.71930525315787,83.74408859262607,0.511231735492738,0.511231735492738,0.8112808144148231,232.47513433815936,0.04232335184795433,0.4891565513024482,2.205099069121566,2.2482868964944505,0.030625561144762233,2.325090885293112,146.59969333170395,0.016515276838978674,1.2212179565833923,0.6960386191366293,RECONSTRUCTED - approximate only,0.016515276838978674,1.1917199493034396,501.79
2026-06-03,BX,GapDown,signal,110.8,110.8,111,0.3232427212953313,-0.0428161660564125,0.3232427212953313,0.07499097174467402,582.6188901994466,-6.388142321572708,0.07755412844597148,0.07755412844597148,1.1272633527401499,562.4314832313286,0.07435622659052954,0.5014027242625086,1.932922008607072,3.253432683977438,0.035455238532732095,3.2851714037053212,186.3674335946544,0.002636611702516174,3.175234727641414,1.0418676973383094,RECONSTRUCTED - approximate only,0.002636611702516174,3.174582351267165,501.67
2026-06-03,KKR,GapDown,signal,91.16,91.16,91,0.29679436723283414,-0.053467396352915045,0.29679436723283414,0.05445709015411158,333.3760481966724,47.56705777397804,0.4228864094939781,0.4228864094939781,0.9399360928871378,276.46100703832656,0.049596795805948245,0.5345137404654198,1.6194975627299968,2.2337548325537013,0.029603450141531044,2.2805710135933306,127.11632447020416,0.012639790090952792,1.9106379490484702,0.8652301701672772,RECONSTRUCTED - approximate only,0.012639790090952792,1.906554294121151,501.79
2026-06-03,CG,GapDown,signal,42.61,42.61,43,0.32318456256424755,-0.04652738663580155,0.32318456256424755,0.030539702878082407,57.87594159132417,-14.499656401561001,-0.12550262254626152,-0.12550262254626152,0.9908365392074441,82.07983816370309,0.04427080628735055,0.4365312385411121,0.6020985924769882,0.9391674154614245,0.031486694211838334,1.1398190530798515,49.35423621022948,-0.004243198921453204,1.5629687860969699,0.8427406755323918,RECONSTRUCTED - approximate only,-0.004243198921453204,1.5245972688739289,501.82
2026-06-03,THO,GapDown,signal,76.48,76.48,76,0.34347915274869495,-0.09337113461807718,0.34347915274869495,-0.06155972330245259,-169.27580041612717,846.5874858154665,5.237204827498387,5.237204827498387,-0.7611713965558968,-183.1445281273074,-0.0616851262107096,0.5699718563031893,1.7391334516718686,-0.9653596965337661,-0.029964886229144113,-0.9114307125325043,-144.4503051463033,0.13456612622773015,-0.9953728662216117,-0.8558666211582762,RECONSTRUCTED - approximate only,0.13456612622773015,-0.9993584842002725,501.64
2026-06-03,LNT,Pullback50,signal,71.85,71.85,72,0.20925668852929302,0.001550177730704518,0.20925668852929302,0.008475751749700682,16.25547718026753,-21.668446332196876,-0.1657159074087976,-0.1657159074087976,0.4249690122405833,117.63046137019496,0.031219085405999856,0.49027188341899774,0.7912223698664249,0.15203531731223843,0.012996159867876434,0.33881886065576017,22.731050254890608,-0.003939760524823336,1.6874979897812783,0.28986641160909205,RECONSTRUCTED - approximate only,-0.003939760524823336,1.6740994749109945,501.58
2026-06-03,ALL,Pullback50,signal,213.43,213.43,213,0.21719157893593022,-0.003278544233557633,0.21719157893593022,0.0071653770241730886,37.044385773495705,-52.27131011036442,-0.08060406113397105,-0.08060406113397105,1.2745638207041183,1097.9773005112024,0.0668768522256155,0.5453694958682554,2.8866849637537086,0.0931583097430883,0.027132932234327306,0.24508621391688176,319.3632509367132,-0.0020499019202564078,4.113785095922314,1.2261738213113376,RECONSTRUCTED - approximate only,-0.0020499019202564078,4.1137810238204855,501.62
2026-06-03,AME,Pullback50,signal,228.78,228.78,229,0.24679981816991428,0.0016686006963453545,0.24679981816991428,0.002322213442630876,-29.73426715976203,-26.66102261862725,0.019672927520870104,0.019672927520870104,-0.5683970024432469,-319.84337641623574,-0.028260939870393412,0.5067908717205363,3.119025754009016,-0.17554666863998072,-0.009989896811419222,0.009301117510426945,-200.9105220066814,0.0005260405807128527,-0.9697802810677709,-0.7042443421636948,RECONSTRUCTED - approximate only,0.0005260405807128527,-0.9912278169040584,501.61
2026-06-03,BIIB,Pullback50,signal,188.88,188.88,189,0.3491576853945603,-0.006037173005317182,0.3491576853945603,0.002500460387769142,-41.5011585794332,498.71129551637034,1.5381404461031287,1.5381404461031287,-0.6155051398439609,-273.2521685019668,-0.008777307418725499,0.512314485315863,3.6732222907169785,-0.19336949684936974,-0.017044353348878154,-0.00994089370302911,-252.8165068811121,0.04406203934619638,-0.6740674076739203,-0.7448135072308376,RECONSTRUCTED - approximate only,0.04406203934619638,-0.7716571122836156,501.35
2026-06-03,CNP,Pullback50,signal,42.27,42.27,42,0.20972588387384958,0.003594572909762069,0.20972588387384958,0.007462627630272276,8.317861227479751,-25.84257389481741,-0.28693781724048434,-0.28693781724048434,0.14068640413093966,72.5385923598824,0.028887836699370454,0.6057154594243522,0.658700256964611,0.14460208590201012,0.007462627630272276,0.2589607516474991,0.9166636328392108,-0.008118437056267056,1.285235888149948,0.05467725966454757,RECONSTRUCTED - approximate only,-0.008118437056267056,1.2817023918887924,501.4
2026-06-03,CVX,Pullback50,signal,189.4,189.4,189,0.2619740841640239,0.007144741754660643,0.2619740841640239,-0.007168839608987009,-116.53605297628081,12.423928247410243,0.15282602749428845,0.15282602749428845,-0.31385944074481337,-153.9113391103848,0.0004743889869044349,0.540957090076232,3.037293666689962,-0.4587009582713644,-0.0024774719522940663,-0.2941091837605856,-122.23484936938176,0.004341189723481401,-0.4236403084207402,-0.449945402391533,RECONSTRUCTED - approximate only,0.004341189723481401,-0.518725896807274,501.24
2026-06-03,DRI,Pullback50,signal,197.51,197.51,198,0.23835641923187367,-0.004640127851518371,0.23835641923187367,-0.024259834846141894,-197.65337719678942,19.309967711491748,0.19361717759766722,0.19361717759766722,-0.6283157731740755,220.27413495950142,0.0270842538027492,0.48822853648254794,2.4554290712686537,-0.8591183646947677,-0.01144905544734602,-0.7364950826050168,-172.41884817457188,0.004661759009334652,1.0551416710452333,-0.7612740674865389,RECONSTRUCTED - approximate only,0.004661759009334652,1.02036913882366,501.15
2026-06-03,DOV,Pullback50,signal,214.19,214.19,214,0.275366147942459,-0.007788868603701207,0.275366147942459,-0.00018731341464922401,-62.20573306027531,159.23406345611414,0.5941201787213658,0.5941201787213658,0.23168200410579326,-173.98464533118815,0.0011709053741369272,0.5269020592446201,3.4567003743733835,-0.2543654698981312,0.01255214277327194,-0.08020648371342931,40.21424693743291,0.015795194951554306,-0.42059471576573615,0.10777047455860649,RECONSTRUCTED - approximate only,0.015795194951554306,-0.5205460886168912,501.12
2026-06-03,DTE,Pullback50,signal,144.24,144.24,144,0.23150732153257614,0.002453641293699784,0.23150732153257614,0.00648743433772011,16.146378067734393,-77.22740643147945,-0.286992535035264,-0.286992535035264,0.16336011304201903,226.00946250016756,0.030040174458796615,0.5389868775934202,2.0375379416509674,0.03670369411024428,0.009167177677568786,0.19539452731341675,9.945601288663253,-0.008321695394449397,1.2795878834866043,0.04354906438771842,RECONSTRUCTED - approximate only,-0.008321695394449397,1.2673319074594824,501.25
2026-06-03,EA,Pullback50,signal,202.37,202.37,202,0.15,-4.947530868627042e-05,0.030953332867593768,0.0037999753003864585,9.46552098197836,14.17143122707446,0.18786580349374032,0.18786580349374032,-0.05582051457148481,-67.67540854696134,0.0028129697068276357,0.5575042614406975,1.9715733028927929,0.01582716131328317,0.0028129697068276357,0.1627407436016636,-31.470885475801314,0.0031188360535272276,-0.24911804111799796,-0.17597237426859302,RECONSTRUCTED - approximate only,0.0031188360535272276,-0.32961746900763955,501.32
2026-06-04,AMAT,GapDown,signal,489.79,489.79,490,0.5107879946416624,-0.030173504169695702,0.5107879946416624,-0.09705003240325587,-1390.4665428959577,791.9972088661978,0.7040616858433063,0.7040616858433063,-0.3347519854508015,3254.7820425924665,0.10153478413786718,0.5170951189913982,13.94541994624089,-0.9826468300737934,-0.004963166616239974,-0.9433109095098088,-584.2386158825971,0.0330272380347826,2.563026921832288,-0.48340418356323583,RECONSTRUCTED - approximate only,0.0330272380347826,2.5608764901062337,503.69
2026-06-04,CRWD,GapDown,signal,688.49,688.49,688,0.5066575836931861,-0.09836676805856423,0.5066575836931861,-0.0668483854996927,-1768.2235520572656,2831.2241858288066,1.6086912581339798,1.6086912581339798,-0.986295811371709,-1889.2885843280123,-0.038326213032200886,0.5234824116371715,19.832038563474498,-0.9210443186329815,-0.10313038897783666,-0.8325726185578283,-2057.8447594158697,0.06678834400296343,-0.8968307005833325,-0.9974987617056152,RECONSTRUCTED - approximate only,0.06678834400296343,-0.950441145657757,503.64
2026-06-04,DELL,GapDown,signal,407.48,407.48,407,1.1241761526855947,-0.04562076581091871,1.1241761526855947,-0.06553719688317938,-1560.4455649478439,904.9642810898304,0.4765612297396587,0.4765612297396587,-0.8007117897899824,-2380.3712120628225,-0.07250320215847969,0.536480612810575,25.69263008577181,-0.687851075543155,-0.09541521189055407,-0.5335215256354676,-2212.6035237947963,0.050215226120319464,-0.8694465071032246,-0.8920234716234817,RECONSTRUCTED - approximate only,0.050215226120319464,-0.931501968720399,503.59
2026-06-04,GNRC,GapDown,signal,277.56,277.56,278,0.6042452688012845,-0.03669693074303474,0.6042452688012845,-0.05968219324536114,-728.7823372297331,78.53819743327452,0.19681548368021257,0.19681548368021257,-0.852109815660841,-947.58678007117,-0.0748185337606862,0.5137087121967866,9.179472733595162,-0.850078385318764,-0.061659680415778115,-0.728957830084101,-836.177015130263,0.012007052665252566,-0.9798659953275696,-0.9292978570161763,RECONSTRUCTED - approximate only,0.012007052665252566,-0.995052733432803,503.7
2026-06-04,HPE,GapDown,signal,53.63,53.63,54,0.7762976366184443,-0.038984647306713124,0.7762976366184443,-0.08362817048662222,-181.54096411377785,11.922179131661304,0.1699926986891379,0.1699926986891379,-0.9273507118965642,-226.52892541453122,-0.12832928574314534,0.4994886058264324,2.150190334378131,-0.886979198666952,-0.10094985175779618,-0.7771114282646512,-212.23005438715506,0.013018842013377082,-0.9973512274140188,-0.9740688127375997,RECONSTRUCTED - approximate only,0.013018842013377082,-0.9997437824841087,503.57
2026-06-04,INTC,GapDown,signal,110.32,110.32,110,0.9995972177898003,-0.0382397089309134,0.9995972177898003,-0.1128108852036157,-536.3135192283129,126.12858202527998,0.318483447967911,0.318483447967911,-0.5220765909918544,-20.957612892529653,0.046341030253573286,0.538686884735239,6.290928009443263,-0.8910589962747687,-0.03453212249512464,-0.7899499563836556,-376.22217378223735,0.031180786031733073,0.07237099307209292,-0.6575462535712675,RECONSTRUCTED - approximate only,0.031180786031733073,-0.008487329480917514,503.36
2026-06-04,KLAC,GapDown,signal,2068.82,2068.82,2069,0.5209948667036195,-0.033532414919063315,0.5209948667036195,-0.09473981691887595,-5961.289575413485,3968.8127126442646,0.7969871967834977,0.7969871967834977,-0.17705046015470624,19565.70973415374,0.13164094023811615,0.5192054579737218,60.41522020867353,-0.9780544714786943,0.0038806055428691347,-0.9331627909982989,-1621.623743224624,0.03761231983896715,3.5144789615613417,-0.32568818206528405,RECONSTRUCTED - approximate only,0.03761231983896715,3.514237234879959,503.41
2026-06-04,LRCX,GapDown,signal,330.74,330.74,331,0.5283854510560768,-0.04061564462299887,0.5283854510560768,-0.09848105294586657,-962.4693225628992,263.3967303286418,0.3930838558578442,0.3930838558578442,-0.6361862350589611,1418.9686514765874,0.07761360738646024,0.5155357858777135,9.680615020388785,-0.9811820580175312,-0.027496152544867005,-0.939874139182204,-683.1801823771428,0.0201971301352824,1.6496068075332369,-0.7627091137060518,RECONSTRUCTED - approximate only,0.0201971301352824,1.6374708313004767,503.34
2026-06-04,ON,GapDown,signal,127.86,127.86,128,0.6695828010045825,-0.04950339719702193,0.6695828010045825,-0.11045368213473943,-458.1019628888683,206.8363718369915,0.5694517853578221,0.5694517853578221,-0.9680203830425527,-496.0670581858066,-0.12031563767658962,0.5179076448026296,4.719868276836927,-0.9685537350052508,-0.11242608481858224,-0.9135029246710455,-482.54690900750643,0.03550670985155584,-0.9981732075334423,-0.9916368990875704,RECONSTRUCTED - approximate only,0.03550670985155584,-0.9998471992373311,503.1
2026-06-04,PANW,GapDown,signal,273.87,273.87,274,0.5415418813828733,-0.03769214278174321,0.5415418813828733,-0.02578339196788272,-439.5862778741399,465.46313492566736,0.7003492281405255,0.7003492281405255,-0.9029198968444125,-441.4053816896604,0.0010026813940801254,0.5175302415664003,8.256446256728793,-0.6198258638819242,-0.06707255500923232,-0.4535171724848489,-792.0808747978526,0.03479587622523797,-0.4558363859358418,-0.9601816137711173,RECONSTRUCTED - approximate only,0.03479587622523797,-0.5619506271961618,503.13
2026-06-04,QCOM,GapDown,signal,240.24,240.24,240,0.9672990280457516,-0.03870086928971558,0.9672990280457516,-0.10978275994038648,-1115.292900870664,32.23697409016192,0.13230861174942943,0.13230861174942943,-0.9626135479558204,-1368.5897525180367,-0.1632930676273134,0.5325167643196783,13.052869506022006,-0.8939855439491511,-0.15315170067838924,-0.7931018381229207,-1325.4912525488573,0.013029903594657225,-0.9973697692234048,-0.9893539963179052,RECONSTRUCTED - approximate only,0.013029903594657225,-0.9997331496058095,503.36
2026-06-05,LULU,GapDown,signal,114.98,114.98,115,0.5265964336092299,-0.11599422091067317,0.5265964336092299,0.029064165256567853,131.17403975452396,193.91042817535416,0.711702415257523,0.711702415257523,0.6642889739489755,114.1439539765427,0.03974431544002263,0.5188338036797518,3.388379936529887,0.3520677055875817,0.041145030290825994,0.5168060198181582,178.6482266164407,0.034410966596544586,0.46390048260604616,0.5559038005358273,RECONSTRUCTED - approximate only,0.034410966596544586,0.40629590486398315,500.43
2026-06-05,GWRE,GapDown,signal,141.98,141.98,142,0.7371528324222717,-0.13256594250756304,0.7371528324222717,-0.06519179241766243,-439.9114883703521,241.91273470295823,0.5439714073877179,0.5439714073877179,-0.9850943928710477,-606.5693197754667,-0.09922093372217115,0.5235461413153806,5.835618665624807,-0.8157472338908127,-0.1430986444955538,-0.6859062621830334,-605.7765331681073,0.03759622124766225,-0.9865244249997556,-0.9971712184256725,RECONSTRUCTED - approximate only,0.03759622124766225,-0.99718075496209,500.38
2026-06-05,HIMS,GapDown,signal,27.19,27.19,27,0.8348199905570347,-0.032488391287972394,0.8348199905570347,0.037418843919530716,35.8097388932421,-57.56754005201413,-0.33047547107291386,-0.33047547107291386,0.5957946254536605,-31.43720426140314,0.02405495028330936,0.5504327995027628,1.359277915496289,0.23729373292008132,0.060710199319020476,0.3926428217602803,62.04301611733877,-0.033579329690133275,-0.12812085096085873,0.49610568375611513,RECONSTRUCTED - approximate only,-0.033579329690133275,-0.21302842275962805,500.51
2026-06-05,ABNB,Pullback50,signal,134.66,134.66,135,0.24725215493367378,0.0022435166693026078,0.24725215493367378,0.006664665526389971,12.44508350646173,-40.1074428098647,-0.12985461285104458,-0.12985461285104458,-0.9247914340640337,-146.92550539525035,-0.009435334507889174,0.4886233183908678,1.7374245966301771,-0.005331456375164866,-0.03324837056943487,0.1885387658390048,-171.31600747439774,-0.0035816368529004734,-0.777019768089646,-0.9730476173899381,RECONSTRUCTED - approximate only,-0.0035816368529004734,-0.8643134299170646,500.49
2026-06-05,LNT,Pullback50,signal,72.07,72.07,72,0.2042463388073777,0.002381260266125766,0.2042463388073777,-0.015918809089982982,-61.32241235995525,71.88302799246215,0.9768653291388363,0.9768653291388363,-0.16143533063005586,-35.382459695795575,0.003293506994972473,0.5328355164984546,0.8838294447786623,-0.7499488563210873,0.0017839611433809954,-0.6095974644565846,-23.693017818436722,0.018306389500861026,-0.3006553547316426,-0.29850071812047685,RECONSTRUCTED - approximate only,0.018306389500861026,-0.3937414823393918,500.46
2026-06-05,CNP,Pullback50,signal,42.47,42.47,42,0.20899040877933786,0.005734807340918003,0.20899040877933786,-0.01967674349050798,-55.10580922367068,33.91917599472092,0.5778731354184125,0.5778731354184125,-0.10518108329596183,-13.404847575722055,0.00491925289120374,0.6671681535398527,0.7844272994573238,-0.7246237855261364,0.001171306005302331,-0.616762885294173,-16.98242974133872,0.01425513119377366,-0.057173116637836884,-0.18099559758990566,RECONSTRUCTED - approximate only,0.01425513119377366,-0.09056110985316583,500.45
2026-06-05,CB,Pullback50,signal,322.36,322.36,322,0.17548536291229297,0.009825070002940393,0.17548536291229297,-0.013455106469239284,-233.4984583861136,577.8064239351093,1.8631594768115092,1.8631594768115092,0.5873244640817515,-2.0912846178341313,0.008869520164316608,0.5388702081832988,3.467700016466324,-0.739827067043107,0.013209937623153247,-0.5995827881775802,157.50617994323645,0.027330812607039585,0.1028611877914628,0.49580306644492345,RECONSTRUCTED - approximate only,0.027330812607039585,0.03710695351321162,500.64
2026-06-05,CHD,Pullback50,signal,95.2,95.2,95,0.2582269742546715,0.007331011388403045,0.2582269742546715,-0.014368404179684312,-85.70347875763616,103.0194975642455,0.8341684141268936,0.8341684141268936,0.38220311843520904,-30.449932276682723,0.008476325335245019,0.5412185433633186,1.5065057700869886,-0.6378435773003671,0.014988676965639727,-0.48448411607800784,38.335106609578986,0.02035650622164627,-0.09841438418889949,0.2767066150667962,RECONSTRUCTED - approximate only,0.02035650622164627,-0.1775711343504824,500.57
2026-06-05,CINF,Pullback50,signal,163.35,163.35,163,0.1681516196968623,0.009211961350272331,0.1681516196968623,-0.018391869160734927,-142.9354796065549,193.95685761433413,1.25885681397141,1.25885681397141,0.17763605409579578,200.1035625965953,0.02250588996864686,0.5576180014622018,1.781680518510214,-0.844120686699283,0.006896985743222057,-0.7315309641955697,10.949811026810908,0.01942761754250678,1.295172055136035,0.0703191298695872,RECONSTRUCTED - approximate only,0.01942761754250678,1.2868928117986216,500.45
2026-06-05,CL,Pullback50,signal,86.99,86.99,87,0.22719174376044138,0.010223299203073417,0.22719174376044138,-0.02833599101767577,-98.57728016731139,161.0156163047808,1.6193512725100767,1.6193512725100767,0.506219313110611,-13.39188072842431,0.009821574838605322,0.5169720081286888,1.1284583891085092,-0.9013477250547709,0.01546618975917883,-0.8021441333844483,41.68392201671442,0.030359434375848624,-0.007530504915107465,0.3942275361929604,RECONSTRUCTED - approximate only,0.030359434375848624,-0.09113857384865284,500.6
2026-06-05,DRI,Pullback50,signal,196.81,196.81,197,0.23430281294724653,0.007908605014987859,0.23430281294724653,-0.01070056112172589,-132.70388419303674,154.01534394298528,0.7471704597927893,0.7471704597927893,1.25174779593143,978.2208972448677,0.06738343646545684,0.5063979302879867,2.5469384013242404,-0.6074921182923226,0.027861924129343272,-0.4378197766042527,276.10244635867764,0.016052051571090235,4.153553560767132,1.1797570748960646,RECONSTRUCTED - approximate only,0.016052051571090235,4.153520895623665,500.49
2026-06-05,DTE,Pullback50,signal,144.22,144.22,144,0.22803649592650746,0.0056751350532721345,0.22803649592650746,-0.018247982645688433,-138.7046821997406,113.12902239068306,0.7077493551401768,0.7077493551401768,-0.15378483025630593,-2.229080730641374,0.011319130258626511,0.5376424733906743,1.9992425231849609,-0.756115191287542,0.002057975724221757,-0.6181933807760004,-50.50047657842248,0.015535816431890247,0.10037140661832541,-0.2886295788195513,RECONSTRUCTED - approximate only,0.015535816431890247,0.033130772309138044,500.53
2026-06-05,EVRG,Pullback50,signal,82.7,82.7,83,0.20595897911081365,0.0013432728192872287,0.20595897911081365,-0.01897435169155512,-65.70034348398464,60.287336013733544,0.8806169505003143,0.8806169505003143,-0.5004577353934092,-25.541739222887205,0.006965315893320409,0.4684872002421669,0.8361186257107391,-0.839883605971237,-0.005283953761854217,-0.7055049934387556,-49.413179481734765,0.015487763939834222,-0.19992822823096937,-0.6551449420820795,RECONSTRUCTED - approximate only,0.015487763939834222,-0.3167354742592506,500.4
2026-06-05,HWM,Pullback50,signal,251.4,251.4,251,0.3519472852764586,-0.002366327090834439,0.3519472852764586,-0.021238550910505714,-310.894009781375,123.06892392078943,0.35660967060791415,0.35660967060791415,-0.4595802684793155,712.9434039211023,0.05069479889109368,0.5305747216956218,5.208532847564044,-0.6740122202817651,-0.009567242801564622,-0.5204186624689942,-280.790526299988,0.012703981400399045,1.5487313744268365,-0.5970396529837313,RECONSTRUCTED - approximate only,0.012703981400399045,1.5392006738284263,500.27
2026-06-05,IFF,Pullback50,signal,73.78,73.78,74,0.5730238945135121,-0.0035504518808333525,0.5730238945135121,-0.0056156829425560925,-60.04761811271614,-21.98876430826152,0.00905948000906548,0.00905948000906548,0.041777903224626566,254.57881526827146,0.07204487251810388,0.5056812893160897,2.2637020869572027,-0.35720214757169855,0.016710063015574574,-0.16791588969145957,-14.95261183133515,0.0005481830184756729,1.2951110751048553,-0.11027689676524047,RECONSTRUCTED - approximate only,0.0005481830184756729,1.2704342502090022,500.46
2026-06-05,PCAR,Pullback50,signal,117.9,117.9,118,0.31228829141998377,-0.0038112725451452155,0.31228829141998377,0.015084008670099371,61.44418095518009,-64.02164771689348,-0.21830980822779522,-0.21830980822779522,-0.7432895193614136,-4.928582049075257,0.01576959490125237,0.5096503776547489,2.0404296397682486,0.2584969024020042,-0.023054528919871153,0.4289523701143366,-165.78414318992427,-0.007991858692874975,0.0865437667566431,-0.8508777358145977,RECONSTRUCTED - approximate only,-0.007991858692874975,0.004127696030115886,500.39
2026-06-05,PCG,Pullback50,signal,16.94,16.94,17,0.256964200241621,0.0023781757582107847,0.256964200241621,-0.036820633877364284,-21.555584323664895,9.873598132288672,0.6409414849419814,0.6409414849419814,-0.8182082525772926,-19.733077855873816,-0.009351247323469373,0.4782218225125162,0.21956613980160267,-0.9448647591902443,-0.02279376289216023,-0.8658186185753028,-20.56249001737606,0.014827994718250906,-0.7784450434618456,-0.90971101131654,RECONSTRUCTED - approximate only,0.014827994718250906,-0.867012864311522,500.46
2026-06-05,PNW,Pullback50,signal,101.6,101.6,102,0.18662345369209243,0.0066679751847269365,0.18662345369209243,-0.01717442931298433,-71.27031611436715,99.15339053404736,1.2738266781957546,1.2738266781957546,-0.28133797861778015,-42.80108183851306,0.0036872199865563937,0.45937433265588495,0.9048751672586235,-0.8438617748609207,0.0003881323158832953,-0.7086940264321255,-34.5334479660931,0.018882807749895855,-0.37751447690372353,-0.45413075275661285,RECONSTRUCTED - approximate only,0.018882807749895855,-0.5017264611138398,500.55
2026-06-08,ABNB,Pullback50,signal,134.01,134.01,134,0.24385444872507886,0.0011233275633915649,0.24385444872507886,-0.02291145384269973,-143.12801775525782,18.80954529543212,0.21819065199833465,0.21819065199833465,-0.8575750968856772,238.22176417747556,0.0336979415673364,0.5189385907038426,1.8744719861422965,-0.8195671841068558,-0.026482167317971705,-0.6911885969055038,-172.7572668983424,0.00553512020989994,1.4503255257633574,-0.9321347227197623,RECONSTRUCTED - approximate only,0.00553512020989994,1.4376870427813708,498.46
2026-06-08,BKR,Pullback50,signal,64.11,64.11,64,0.4017859266619186,0.018693052661654882,0.4017859266619186,-0.019895082876126582,-81.67222088619489,44.43775251536403,0.4244592221748916,0.4244592221748916,-0.622580314904211,-149.51297091507186,-0.0367056969129896,0.5302576857701087,1.508320685479859,-0.6162445758913181,-0.02097465873636322,-0.4556410224256867,-105.59302975234426,0.016938488782749575,-0.92909018020311,-0.7467855648341046,RECONSTRUCTED - approximate only,0.016938488782749575,-0.9701390408885772,498.46
2026-06-08,CVX,Pullback50,signal,189.99,189.99,190,0.26160149960754175,0.007420849969386295,0.26160149960754175,-0.013105109460682777,-153.8414019694135,-2.088899928030018,0.10233026956915868,0.10233026956915868,-0.7161606375704966,-297.82225366971295,-0.04671322838763613,0.5172009637251564,2.8314101482536813,-0.6255013503868974,-0.018072278956200165,-0.46183905761771044,-222.24982869724525,0.002861730544012631,-0.9971157689657623,-0.8279524481023124,RECONSTRUCTED - approximate only,0.002861730544012631,-0.9997018878692043,498.49
2026-06-08,FANG,Pullback50,signal,197.05,197.05,197,0.4008015089630872,0.014588296281931604,0.4008015089630872,-0.01997977556030051,-243.0804840799863,105.1163375432483,0.35526933597874844,0.35526933597874844,-0.7778919658815494,-452.41338500458045,-0.04157411887613089,0.5197796664208955,4.480577171029097,-0.6263676023861405,-0.03335015495523793,-0.46275690514843626,-377.2192451765935,0.014173895391053818,-0.9545471670161468,-0.8760267532362778,RECONSTRUCTED - approximate only,0.014173895391053818,-0.9841531122869346,498.44
2026-06-08,DTE,Pullback50,signal,145.33,145.33,145,0.22318506851986647,-0.003635889977410953,0.22318506851986647,0.019844789952723377,150.1725613628946,-113.42016848214894,-0.475185233791505,-0.475185233791505,0.7043549617921023,297.0623946403747,0.03444895704479726,0.5477698661184085,2.033276888550759,0.7784428637921724,0.018726766048957476,0.8894396875766928,114.4213543035462,-0.01466541450187944,1.6498913407915055,0.6245842156348133,RECONSTRUCTED - approximate only,-0.01466541450187944,1.64494784922359,498.43
2026-06-08,ETN,Pullback50,signal,400.55,400.55,401,0.43777326964416313,0.010582417577335631,0.43777326964416313,-0.003522382735865882,-235.17915628491812,55.48393465051084,0.16717689377916592,0.16717689377916592,-0.6470308898896018,-333.3925815306986,0.009723626451655296,0.511012863451654,9.654168325682292,-0.3346528870296567,-0.023565013778859376,-0.14974439662257324,-691.2634699332939,0.007522579483901869,-0.25683031992813027,-0.7726045792794379,RECONSTRUCTED - approximate only,0.007522579483901869,-0.35977484191175924,498.4
2026-06-08,XOM,Pullback50,signal,152.12,152.12,152,0.3117019059080791,0.00827111464987277,0.3117019059080791,-0.018714967630251236,-164.83123837859154,1.789187331714971,0.11707870212586634,0.11707870212586634,-0.8571670177226999,-290.20408005994506,-0.07136739262639004,0.5247501831694831,2.7521171052622293,-0.6754151274661896,-0.03393735681373559,-0.5202122091691711,-252.9284521490415,0.0039031246599428126,-0.9997390870183135,-0.9314578403629353,RECONSTRUCTED - approximate only,0.0039031246599428126,-0.9999913864620581,498.4
2026-06-08,HAL,Pullback50,signal,40.01,40.01,40,0.32831402713894486,0.009443566334936648,0.32831402713894486,-0.021728421434944058,-48.55692901990355,47.89307343805856,0.7960174571526389,0.7960174571526389,-0.6480826288762661,-79.7731883588955,-0.05728394308207947,0.5196684394923324,0.7496469095018092,-0.710214072183407,-0.01827164638189622,-0.5583043854368713,-54.95061737971367,0.02402024731391776,-0.9966336834082427,-0.7710441839386145,RECONSTRUCTED - approximate only,0.02402024731391776,-0.9996247164334487,498.42
2026-06-08,JNJ,Pullback50,signal,233.53,233.53,234,0.19275338290686697,0.0,0.19275338290686697,0.020847675144487245,254.46034715626868,-52.300179621899666,-0.12152146160591112,-0.12152146160591112,1.5844565598810667,76.54734665871516,0.01507580954854728,0.489608301779098,2.3671975515890864,1.1088440942498095,0.026576490659972852,1.2425633290549485,331.3465849533332,-0.0026206151959233853,0.4514301914624151,1.5211882530490255,RECONSTRUCTED - approximate only,-0.0026206151959233853,0.38508317849076884,498.44
2026-06-08,L,Pullback50,signal,107.04,107.04,107,0.247017988680205,-0.006972204165917522,0.247017988680205,0.009247859924980381,26.8081996650556,-55.13023165998717,-0.2645712891638115,-0.2645712891638115,0.32323318854355804,76.30220699255646,0.02179859896182063,0.5223536146368055,1.5321288267770399,0.1326917653207848,0.013211300460053133,0.2983773273933639,30.4260258964007,-0.007957297103065607,0.6384202413510258,0.2026028635472933,RECONSTRUCTED - approximate only,-0.007957297103065607,0.5971804451468175,498.4
2026-06-08,OKE,Pullback50,signal,88.77,88.77,89,0.3447623747752309,0.003059452046078258,0.3447623747752309,-0.0040839546695399,-46.31238060629215,-34.37138400844085,-0.10953577523332851,-0.10953577523332851,0.0935066141874801,-122.24494671512524,-0.007941061435276467,0.4959145352373934,1.6206776569986303,-0.3779023261959907,0.01191146232771222,-0.18709265428773014,-3.1100889324385026,-0.004179791360356779,-0.6802753461790267,-0.058149079180213364,RECONSTRUCTED - approximate only,-0.004179791360356779,-0.7807554621713076,498.4
2026-06-08,SNPS,Pullback50,signal,469.42,469.42,469,0.49410327597268394,0.005227476914865576,0.49410327597268394,-0.017339743562887845,-589.2701788142765,199.20319214238674,0.26467942639013237,0.26467942639013237,-0.7373138473550381,-1280.5155612809651,-0.04033962503237997,0.5244431702285122,13.23930071383677,-0.5329114690962125,-0.03630565608376362,-0.362220730474376,-1061.0373829712503,0.013268302138392201,-0.9118167658794216,-0.8442341513141445,RECONSTRUCTED - approximate only,0.013268302138392201,-0.959991379785953,498.34
2026-06-08,TXT,Pullback50,signal,91.14,91.14,91,0.32206100279242694,0.00010979900930432938,0.32206100279242694,0.020343438560423498,79.47333506263784,-0.9536427913979229,0.10736373553392925,0.10736373553392925,0.6551508152989406,67.05915541072181,0.02559334472714568,0.5311924779684569,1.7356489404066338,0.4501301419494855,0.02537458820399058,0.5951350510202528,89.36913334204773,0.003732615884887597,0.5198458769014868,0.5597380108048673,RECONSTRUCTED - approximate only,0.003732615884887597,0.4744931346347215,498.3
2026-06-08,TT,Pullback50,signal,464.15,464.15,464,0.27193837499406853,0.01308994622682983,0.27193837499406853,0.025799694917325842,622.8563896285684,-251.01125105821308,-0.25630316133924486,-0.25630316133924486,-0.15605790053382387,597.7880844215833,0.029678363807797252,0.5210842753517893,7.269868195666419,0.8839826975195367,0.002658417992257026,1.0090026869228583,-181.77811689512959,-0.008426588813720659,0.9727053442732446,-0.2998097954479204,RECONSTRUCTED - approximate only,-0.008426588813720659,0.9459617462973073,498.35
2026-06-08,TRV,Pullback50,signal,302.17,302.17,302,0.19824844735424937,-0.01144275391086691,0.19824844735424937,0.01186261905039767,148.00676638136204,-169.250379447184,-0.39389370915565863,-0.39389370915565863,1.5866044750281374,717.7885498035105,0.03714226787812453,0.5275657413603511,3.5417698277293255,0.4019521178029321,0.028444962386276074,0.5490102811918471,497.1241482512301,-0.010174087015105339,2.2424300332134632,1.5443851057585605,RECONSTRUCTED - approximate only,-0.010174087015105339,2.2403952294204323,498.49
2026-06-08,TFC,Pullback50,signal,49.18,49.18,49,0.2636852819531522,-0.0028455160056398594,0.2636852819531522,0.012287496449355229,21.12154121910721,-21.29475963482198,-0.14711028001605314,-0.14711028001605314,1.5307475356943505,-59.743350375758205,-0.007167771363788204,0.5576173615452283,0.8339671393039225,0.25115917584737607,0.037886512487176276,0.3882673822050811,111.63667722421765,-0.004688127513211674,-0.6324075881775393,1.4978535746168584,RECONSTRUCTED - approximate only,-0.004688127513211674,-0.7221632819546809,498.59
2026-06-08,AM,Pullback50,signal,21.63,21.63,22,0.2032334154634947,0.0,0.2032334154634947,-0.003281748479821673,-5.611100653821419,-6.728564830938468,-0.41949617698342495,-0.41949617698342495,-0.39635567556883233,-10.633554548979387,0.0,0.2896187139151788,0.108893322893163,-0.6054062454012931,0.0014065019574690761,-0.3114750375853825,-6.48917945215582,-0.008829020911524729,-0.7969771265461031,-0.6458200253163549,RECONSTRUCTED - approximate only,-0.008829020911524729,-0.9089532258078097,498.54
2026-06-08,BKH,Pullback50,signal,73.01,73.01,73,0.20393449071169525,-0.004946422319176637,0.20393449071169525,-0.06108884212448669,-91.36902789192,-20.911462846993643,-0.13402283012016428,-0.13402283012016428,-0.47318778446810356,68.8368109913445,0.02230226563101083,0.5211039128966871,0.8627185099034307,-0.9992658325266699,-0.005679507525188944,-0.9936990407340943,-48.70883182951297,-0.0031758593393293928,0.961025741502873,-0.6120145647856156,RECONSTRUCTED - approximate only,-0.0031758593393293928,0.9348114251326598,498.5
2026-06-08,BURL,Pullback50,signal,319.59,319.59,320,0.49674773829932917,-0.0036902159129564138,0.49674773829932917,0.03318475613928145,462.27227513953596,-177.85555537950685,-0.10788999283762482,-0.10788999283762482,2.3259773618338473,1251.8805563832277,0.07197454173094148,0.5118461672542837,8.718986906480836,0.5035243232760078,0.0903503029209793,0.6649277395374095,1838.1259163822065,-0.005951642566011603,1.618211212434539,2.2962727639687275,RECONSTRUCTED - approximate only,-0.005951642566011603,1.6049816453841101,498.55
2026-06-08,CFR,Pullback50,signal,140.91,140.91,141,0.2287177949039002,0.0017836757524827647,0.2287177949039002,0.02016326741088965,139.66803847428892,2.90562909684703,0.12981856225547883,0.12981856225547883,1.9642072142875016,206.84423663169588,0.02974786653213077,0.5103524369828957,1.80285281872969,0.7907357955468638,0.037344652317375,0.9283331688169794,317.0832405332074,0.003133697243289708,1.3205548011071677,1.928208755271523,RECONSTRUCTED - approximate only,0.003133697243289708,1.3028449589477882,498.55
2026-06-08,CHRD,Pullback50,signal,138.77,138.77,139,0.3904802272299378,0.018473222176651257,0.3904802272299378,-0.030375329561472326,-206.7371483539952,19.82729566343767,0.18074686671751444,0.18074686671751444,-0.7886612693031808,-310.39922675237943,-0.07716789953455563,0.5056431800567831,2.9462328944787544,-0.7730698730502017,-0.03276197757519784,-0.6287237249873423,-251.50240749591546,0.007211578539971292,-0.999088123083448,-0.8858584906133012,RECONSTRUCTED - approximate only,0.007211578539971292,-0.9999462760561154,498.45
2026-06-08,FAF,Pullback50,signal,66.7,66.7,67,0.2534063903599507,-0.0040620470513372045,0.2534063903599507,0.019180605111565704,53.64565500695924,-47.06729249359748,-0.48064991651920996,-0.48064991651920996,-0.4584191302974117,14.362738502932105,0.017646180116465047,0.46692251455386186,0.8222396711298714,0.6236216031014881,-0.005063707846042865,0.8086776684935272,-45.33078423016034,-0.015558894664333132,0.30577760325500036,-0.6180635186381044,RECONSTRUCTED - approximate only,-0.015558894664333132,0.21597537246813792,498.39
2026-06-08,KEX,Pullback50,signal,142.65,142.65,143,0.21530215800912075,0.00446642758165886,0.21530215800912075,0.010096678856746878,45.76881731328934,-19.549071441612586,-0.015273766558842057,-0.015273766558842057,-0.6003869060849559,-79.29718401856466,0.0026124063011481314,0.48599193918576183,1.5936650925008422,0.22906013293743843,-0.009249435242748655,0.4161573584442592,-108.13413807611512,-0.0003528218206726016,-0.40991596821683535,-0.7378668464828384,RECONSTRUCTED - approximate only,-0.0003528218206726016,-0.5239566659696376,498.56
2026-06-09,COIN,GapDown,signal,162.68,162.68,163,0.689616781154752,-0.029979647104148036,0.689616781154752,-0.009839220445639068,-181.67856846744047,-147.00972121285903,-0.1454676135288301,-0.1454676135288301,0.17276839808337274,716.6515715120955,0.08855308213801245,0.5148430730899065,6.117264866910389,-0.3899596042056495,0.02752410790544614,-0.20512421532692546,37.93000624313744,-0.011128775834658187,1.3406821119054988,0.02931472529391118,RECONSTRUCTED - approximate only,-0.011128775834658187,1.3186628328072094,498.19
2026-06-09,NOW,GapDown,signal,111.86,111.86,112,0.7416800729581631,-0.03397849899165584,0.7416800729581631,-0.008507092191499869,-125.05889393198017,-195.02120511693957,-0.3413437308441212,-0.3413437308441212,-0.687950547277056,-433.79464473691786,-0.052725056794304906,0.519346712849235,4.565918331301567,-0.3639828339214294,-0.04505935907095558,-0.18005188822713386,-345.36615472293494,-0.030278274062298906,-0.8918145113546092,-0.8061434336972388,RECONSTRUCTED - approximate only,-0.030278274062298906,-0.9476092471908746,498.15
2026-06-09,NOVT,GapDown,signal,161.72,161.72,162,0.6129964033575518,-0.07916511376869444,0.6129964033575518,-0.037783954534980665,-336.1993677404197,558.0647638665973,1.1925780228462588,1.1925780228462588,-0.2638936618031634,-487.88512643681514,-0.034360343749709116,0.5133075586407991,5.415220867256977,-0.7027001049892759,-0.0007469350871237471,-0.545727187456849,-191.21124276523764,0.06158720645384355,-0.8405798326109054,-0.4166841705608464,RECONSTRUCTED - approximate only,0.06158720645384355,-0.9117447268553482,498.03
2026-06-09,ABNB,Pullback50,signal,134.99,134.99,135,0.2438447156742776,0.0011158905262699085,0.2438447156742776,-0.017129805066219774,-123.36814668326491,-136.68638825326536,-0.6535913938126199,-0.6535913938126199,0.037611669956541624,765.7568177584399,0.07499041025520686,0.5171838700768777,1.877988177238663,-0.7281729605035827,0.007080263666286639,-0.5789412877973336,-13.369625979450806,-0.02400056236879715,4.404695065962595,-0.10149339029169108,RECONSTRUCTED - approximate only,-0.02400056236879715,4.40468621412053,498.13
2026-06-09,AME,Pullback50,signal,230.31,230.31,230,0.23421539510036019,0.009161332951708815,0.23421539510036019,-0.034899921377222615,-299.17274552196443,65.59936904308817,0.3219849271525166,0.3219849271525166,-0.6029529509195033,-19.98146864955911,0.010651348114965214,0.534786473834962,3.2493454029828968,-0.9371529485444645,-0.011662345395320685,-0.8597012258741727,-219.9176819619288,0.007806327278066182,0.044744187447369486,-0.7274975532184825,RECONSTRUCTED - approximate only,0.007806327278066182,-0.027527405918439395,498.18
2026-06-09,AVGO,Pullback50,signal,405.67,405.67,406,0.6139695475249646,0.012632330254542704,0.6139695475249646,-0.051152561034133064,-1002.5200129549729,-558.26878645225,-0.32004554255708956,-0.32004554255708956,-0.5760169284990782,-1275.1033986162267,-0.0393972155713569,0.5176383287089391,13.784879841037679,-0.7956328275854664,-0.025729242408783857,-0.6592816297739835,-893.4795922578983,-0.023530245845806718,-0.8674298929088082,-0.7101200392353333,RECONSTRUCTED - approximate only,-0.023530245845806718,-0.9308737774226321,498.05
2026-06-09,CB,Pullback50,signal,322.57,322.57,323,0.1905221800363253,2.353841684787977e-08,0.1905221800363253,0.01676251388559083,261.8875339095161,143.1899630870557,0.5611831662943308,0.5611831662943308,0.4626019958533746,106.13806695707204,0.014720844778725966,0.4996192328204544,3.335995244434855,0.7908197644195178,0.012406877799833195,0.9357185065364907,111.94766308777976,0.010096930379950788,0.4442705418193344,0.3369448450908275,RECONSTRUCTED - approximate only,0.010096930379950788,0.3825420194937581,498.04
2026-06-09,CL,Pullback50,signal,86.55,86.55,87,0.2637442135345139,-0.008365298283443841,0.2637442135345139,0.024487401158938008,98.3795509937771,132.26911955312622,1.3964854833332023,1.3964854833332023,0.5590373393052441,117.83835220535344,0.03257403771006251,0.46117814091300774,1.0888835365054064,0.8933530484712621,0.01879264053683129,1.0688725764748603,45.64018736576629,0.028705385136938023,1.2569822131537403,0.40809608273093195,RECONSTRUCTED - approximate only,0.028705385136938023,1.2188458651503329,497.99
2026-06-09,DRI,Pullback50,signal,199.06,199.06,199,0.2431427467713431,0.0009694002112563776,0.2431427467713431,0.013588152295942275,106.05435568210501,268.95804910905747,1.1214866599567452,1.1214866599567452,2.811789769219971,483.33904222270456,0.04051564999888356,0.5216387507038692,2.799405410125459,0.35381945253235064,0.05256083503115934,0.5089366827075188,718.4831976472767,0.024058316743804476,1.927601424403849,2.8003550101241736,RECONSTRUCTED - approximate only,0.024058316743804476,1.9226904399771303,497.9
2026-06-09,DE,Pullback50,signal,578.1,578.1,578,0.3538320345254186,0.006920531192928493,0.3538320345254186,-0.029930938605927174,-839.4127955298648,-132.2759229421685,-0.01335075872645006,-0.01335075872645006,-0.2406161699879674,-171.02254435956593,0.013787540404747872,0.518982484825627,11.623374094543408,-0.7901197338105541,0.00025975330307987916,-0.6537453607321863,-383.22705785724145,-0.0005193424691115387,-0.04844032647994599,-0.38748868770268285,RECONSTRUCTED - approximate only,-0.0005193424691115387,-0.1356628692847332,497.91
2026-06-09,EME,Pullback50,signal,842.76,842.76,843,0.3425394633817652,0.009674834546259439,0.3425394633817652,-0.06168312448552419,-1590.301030314602,-353.20143747661774,-0.12300533129215444,-0.12300533129215444,-0.39226863659364414,-510.1090114226759,0.00844426053659735,0.5151283453532538,16.227494521225083,-0.9745762934572829,-0.005714128556500688,-0.9254767762961517,-768.3009745735714,-0.0047850106064506355,-0.22478682756418095,-0.5382573311109576,RECONSTRUCTED - approximate only,-0.0047850106064506355,-0.32330420633242823,497.81
2026-06-09,GATX,VolumeSpike,signal,174.58,174.58,175,0.34630025549654875,0.011254876698203076,0.34630025549654875,-0.019137428005835132,-188.1140649654617,2.7976574094131026,0.11866866767449992,0.11866866767449992,-0.33412671413720124,4.297392900204668,0.018761707364194576,0.4975541088991003,3.2175752058062557,-0.6717636623311142,-0.0027420431922989693,-0.5059001299728261,-135.60814600357304,0.004245341652966924,0.1235750609573253,-0.48940810632397724,RECONSTRUCTED - approximate only,0.004245341652966924,0.03687144953823521,491.93
2026-06-10,JBHT,GapDown,signal,279.01,279.01,279,0.3351877148816479,-0.03600402608026105,0.3351877148816479,0.029884290822573465,420.29319453261445,161.2132976682634,0.42780868957388213,0.42780868957388213,0.005367539088939069,-552.3626847750756,-0.04812113896927872,0.5178025477567118,5.303642813897596,0.807827006739143,0.00858416264331033,0.9420131533345686,-51.63201467782619,0.014087028392645754,-0.9884492287195474,-0.13636083943871444,RECONSTRUCTED - approximate only,0.014087028392645754,-0.9977535917663098,490.77
2026-06-10,MU,GapDown,signal,927.52,927.52,928,1.0590382971815053,-0.032867120371168665,1.0590382971815053,0.1165963915157383,6065.113014923011,-1203.841704127735,-0.1273717558295218,-0.1273717558295218,2.778939929283664,9276.857494651553,0.1696527959984019,0.5304260873140143,54.41287176121915,1.1499941438796266,0.2198838232474223,1.2788270047851809,13819.530972790933,-0.014638781090585414,1.9001475771872576,2.755897971891895,RECONSTRUCTED - approximate only,-0.014638781090585414,1.8901001195032714,490.8
2026-06-10,NEM,GapDown,signal,96.74,96.74,97,0.48734211241574105,-0.041911885681413553,0.48734211241574105,0.05195645002952001,267.33863214241586,-98.67770053316711,-0.300888243172503,-0.300888243172503,4.30567654670102,989.4913164661727,0.13905359483316362,0.5032647781644134,2.52375942560203,1.0915975067825316,0.14045496259770818,1.2257245800482268,1005.7791237353581,-0.01737111487583991,4.237741940456753,4.302260407792457,RECONSTRUCTED - approximate only,-0.01737111487583991,4.2376701489825725,490.79
2026-06-10,ODFL,GapDown,signal,233.18,233.18,233,0.409016946646418,-0.07192537971674834,0.409016946646418,0.05005296762595162,675.1264387920014,237.8538904189428,0.5656473066558931,0.5656473066558931,-0.09759641828356137,-574.2484298252874,-0.0745496781750294,0.5234776579088583,5.468062659422685,1.3046795643649298,0.006230138757007839,1.4074205665710766,-106.67864299265216,0.022136547788156394,-0.9976934977008726,-0.2408179159342226,RECONSTRUCTED - approximate only,0.022136547788156394,-0.9997831429110114,490.7
2026-06-10,ORCL,GapDown,signal,208.48,208.48,208,0.6968306305703593,-0.035518184953637184,0.6968306305703593,-0.08526278878904303,-727.4572520628953,69.66376403807608,0.19467807079728583,0.19467807079728583,-0.6806408048209853,-862.2520016663385,-0.08809498266649735,0.5327057766763543,8.354165604216476,-0.9050946931305957,-0.04283014683722808,-0.8097008145901459,-625.0293260860259,0.013904254442498426,-0.9795432822056713,-0.7971805665317446,RECONSTRUCTED - approximate only,0.013904254442498426,-0.9948092914685195,490.8
2026-06-10,AA,GapDown,signal,71.16,71.16,71,0.5783434157016453,-0.03010634159540209,0.5783434157016453,0.05232647056427255,192.4847034028494,-191.2941003509215,-0.7331788200878623,-0.7331788200878623,-0.529365300818202,-240.12577549976848,-0.058276175921841485,0.5319304973387596,2.385302681579546,0.8307302195648362,-0.02120517658177535,0.9604330275052084,-145.1091916155934,-0.0666381899683298,-0.948672491861784,-0.6635112723381817,RECONSTRUCTED - approximate only,-0.0666381899683298,-0.9809645785504385,490.69
2026-06-10,BILL,GapDown,signal,33.99,33.99,34,0.5963938683447626,-0.03725434004338841,0.5963938683447626,-0.008027117210020583,-33.587255407974766,-33.24787069744445,-0.19218753034110864,-0.19218753034110864,0.4169708478098619,-72.76195059501197,-0.006174768962896975,0.5196775608950902,1.1305853005656168,-0.3767710695188153,0.035504833206216016,-0.19534737209331798,32.17915256767402,-0.013101776635409085,-0.5600834183596436,0.291975666937034,RECONSTRUCTED - approximate only,-0.013101776635409085,-0.6643356948539834,490.63
2026-06-10,HL,GapDown,signal,14.46,14.46,14,0.7663824125682707,-0.030323950869539328,0.7663824125682707,0.06690388381654076,55.753378987609096,-11.230674631822424,-0.015168869247047644,-0.015168869247047644,2.636085327809445,148.18763253616913,0.14306044469187937,0.6430823743784574,0.8679868607875463,0.725670801316614,0.18576509759753493,0.7971652029731507,207.38843709520037,-0.001421428892902711,1.9181408612147988,2.633742119071472,RECONSTRUCTED - approximate only,-0.001421428892902711,1.9176822311416564,490.64
2026-06-10,KNX,GapDown,signal,78.78,78.78,79,0.49584475567954894,-0.03883005820083966,0.49584475567954894,0.04037851038791404,149.91534952604525,90.85169433305306,0.5697663969364571,0.5697663969364571,-0.25959252649621306,-219.61220271271696,-0.07873814339141365,0.5030663294382127,2.088290787995227,0.710514501418534,0.0,0.867484841999791,-73.68285264282491,0.02615559439678639,-0.9951694062194635,-0.4157835773995003,RECONSTRUCTED - approximate only,0.02615559439678639,-0.9993794740266025,490.7
2026-06-10,PEGA,GapDown,signal,33.82,33.82,34,0.4065155052981263,-0.031615867130609494,0.4065155052981263,-0.0030385437430792686,-18.2778576811371,-15.829028097790797,-0.11648759709807387,-0.11648759709807387,-0.40106653239109186,-73.67967387020781,-0.08143422417507316,0.4804163048373877,0.6896803479944875,-0.35523619861585193,-0.00577327947705612,-0.1538631053083128,-34.47453551464579,-0.00513911651247203,-0.9994389060576696,-0.5611864797905183,RECONSTRUCTED - approximate only,-0.00513911651247203,-0.9999748707829985,490.71
2026-06-10,SAIA,GapDown,signal,453.83,453.83,454,0.5065671484070767,-0.08199455204230922,0.5065671484070767,0.050549928454478525,1216.3227413428106,1401.9037507910466,1.2567093064769999,1.2567093064769999,0.22736768510129865,-1342.0835681455487,-0.08160454142617977,0.5173111465957182,12.827838988377351,0.974162055364718,0.022622363507058662,1.1044245520650224,147.50203540198308,0.053863664106889204,-0.994962005238733,0.09219524274507444,RECONSTRUCTED - approximate only,0.053863664106889204,-0.9993262006265218,490.71
2026-06-10,XPO,GapDown,signal,216.91,216.91,217,0.4048900102364791,-0.0697776814968176,0.4048900102364791,0.05266808322834948,668.9033946141421,211.40496479498069,0.5613307246815373,0.5613307246815373,0.30304600506343177,-514.6947228584103,-0.06691020802853914,0.5150520369960211,4.909359473192978,1.441064571245434,0.020715856377155843,1.5422678452490697,90.94377396635753,0.02153990375214133,-0.9955230051405325,0.17288179039426296,RECONSTRUCTED - approximate only,0.02153990375214133,-0.9994345395757047,490.68
2026-06-10,GLW,Pullback50,signal,176.95,176.95,177,0.9357169999768788,-0.001609743448124855,0.9357169999768788,0.04983055820928214,348.3023358940933,-347.7353702743419,-0.2911990601945677,-0.2911990601945677,1.3874093392903506,-46.488371702907656,0.04299218532592083,0.5279075584292836,9.198072204019041,0.3357513044332561,0.11720287166838352,0.5053496658861518,1119.0609494954942,-0.03161352860412221,0.05354937918042289,1.315977813634509,RECONSTRUCTED - approximate only,-0.03161352860412221,-0.032653636093169465,490.6
2026-06-10,EA,Pullback50,signal,203.38,203.38,203,0.15,0.002420019278464541,0.034086960877527876,-0.0007381589504776444,-42.23187222262957,-8.701438400958061,0.066031450139863,0.066031450139863,-0.2505180123122791,-111.6806662031908,-0.0008857907405731733,0.5582674732927784,1.9858905554561943,-0.26756431562434146,-0.00039370980441040586,-0.11169835173428103,-68.42153424371025,0.0011331513334769726,-0.47981528276503155,-0.3773228077977116,RECONSTRUCTED - approximate only,0.0011331513334769726,-0.5696833859057195,490.61
2026-06-10,FCX,Pullback50,signal,64.4,64.4,64,0.5488527293292779,-0.01634240057681785,0.5488527293292779,0.0686210435113894,266.1101515089502,-78.01804341583446,-0.26438228240639855,-0.26438228240639855,3.029400961826966,497.0647908573979,0.11243549487215726,0.5527420636317532,2.1846836554719573,1.307080222395695,0.12967131419020642,1.3937076853410328,605.5900263268484,-0.017721501872853367,2.5065010459434283,3.0226771352818127,RECONSTRUCTED - approximate only,-0.017721501872853367,2.5055500509537745,490.76
2026-06-10,HAL,Pullback50,signal,40.08,40.08,40,0.3442375500910632,0.002524035626307932,0.3442375500910632,0.0007550661878307796,-13.591354459999172,-9.003847708255208,0.006572112434546766,0.006572112434546766,-0.8655846259956488,-87.57231538777914,-0.08809463982699536,0.5342120566195991,0.8216868449713459,-0.2230541125321732,-0.039013321291704706,-0.05219668135925385,-77.08462098676985,0.0002517200711462147,-0.9999384663231872,-0.9362567904786412,RECONSTRUCTED - approximate only,0.0002517200711462147,-0.999998992514703,490.87
2026-06-10,NVDA,Pullback50,signal,205.61,205.61,206,0.4455049332997505,-0.018060472268274414,0.4455049332997505,0.022203357892913632,163.557456276199,-220.6460969386842,-0.35962772570798013,-0.35962772570798013,1.5359784684629012,-29.495816735745628,0.021105656951325588,0.5062532082671912,4.966555303627388,0.2791607709593091,0.06002394416327712,0.4546686389421728,673.744037799906,-0.019615490145791118,0.04550381711264285,1.4730333067605228,RECONSTRUCTED - approximate only,-0.019615490145791118,-0.04352319577973361,491.09
2026-06-10,OKE,Pullback50,signal,88.96,88.96,89,0.344921144997011,0.007404049653722478,0.344921144997011,-0.015126451928875545,-87.75438530091569,105.8740820016057,0.7621643120202476,0.7621643120202476,-0.8373805332013676,-180.67438927366598,-0.05509548283740023,0.5137794627835954,1.7173789762900924,-0.593595832084277,-0.03444852332002745,-0.4246409422638464,-155.0932634359895,0.024084093109666593,-0.9941747018357938,-0.919227493927045,RECONSTRUCTED - approximate only,0.024084093109666593,-0.9991716008746163,490.94
2026-06-10,SNPS,Pullback50,signal,471.23,471.23,471,0.41819337415868263,-0.022331085984903416,0.41819337415868263,-0.009228297045088207,-393.98099433495224,200.53371149779122,0.2945832625403067,0.2945832625403067,-0.5019030730005577,-547.6341436549993,0.002605597053868289,0.5215101680449703,11.222080128070502,-0.4392685843681992,-0.013375610257123877,-0.2630717767805991,-648.5984689457273,0.012442849985387952,-0.40719849422795185,-0.640340918499248,RECONSTRUCTED - approximate only,0.012442849985387952,-0.5102363060681575,490.6
2026-06-11,ALGN,Pullback50,signal,171.73,171.73,172,0.4259378416349813,0.0,0.4259378416349813,-0.009461210248242551,-143.42322472260304,316.3384919418434,0.9433653188062872,0.9433653188062872,0.16609462472957304,121.8305709234138,0.03155632823954925,0.5076257181872487,3.989445713199757,-0.45235350810284836,0.017052914051891986,-0.2697347871828389,21.754964286229573,0.035249234644199046,0.43014820861484976,0.023376766723368317,RECONSTRUCTED - approximate only,0.035249234644199046,0.36695424271415605,484.84
2026-06-11,AEE,Pullback50,signal,109.71,109.71,110,0.2151040381209901,0.007263040727304304,0.2151040381209901,0.006928406466512702,14.910399702833931,-63.8707777721351,-0.43699275440833235,-0.43699275440833235,0.9133538477642978,-54.2516331583028,0.003879890706192263,0.48343488508965027,1.2146290175520633,0.05033600115121039,0.020600492904698325,0.24574702900257198,91.94538806927724,-0.011956896566131726,-0.3536305488569788,0.8045874730962351,RECONSTRUCTED - approximate only,-0.011956896566131726,-0.46809574797881653,484.83
2026-06-11,CNP,Pullback50,signal,43.02,43.02,43,0.20900766454664851,0.0030415827869156066,0.20900766454664851,0.008225670860024634,9.295383014467628,-21.033551128538672,-0.2884511168493898,-0.2884511168493898,0.7971640148685711,-14.333533486522171,0.006345486782723716,0.5253822777064976,0.5275947664374634,0.1548757519710512,0.018801392512452903,0.3166571189717406,33.379110748134124,-0.007464420405810121,-0.1547756030243864,0.710193241994316,RECONSTRUCTED - approximate only,-0.007464420405810121,-0.24339168366746358,484.84
2026-06-11,ED,Pullback50,signal,108.78,108.78,109,0.1993797642423903,0.01059479001686621,0.1993797642423903,0.008423825877273286,26.178361048955555,-79.16706144854507,-0.6124991986723048,-0.6124991986723048,0.5559235810087096,-87.32206154669805,-0.004492659528188629,0.4901716296266235,1.141956346562985,0.17275636324987886,0.014320539696132431,0.3585529676576413,47.59028038037731,-0.017472885444224907,-0.6876702912930617,0.4292295238135128,RECONSTRUCTED - approximate only,-0.017472885444224907,-0.7878228000538897,484.83
2026-06-11,DOV,Pullback50,signal,216.35,216.35,216,0.2426742332374902,0.008794933248149847,0.2426742332374902,-0.005033661784012409,-107.22664803984237,136.02925849862436,0.5593033710427094,0.5593033710427094,0.6250481499264726,191.75779255833996,0.02306323421532621,0.5372520256329065,3.1837954001216815,-0.41226745180014907,0.01876175411347713,-0.24495323721193343,155.91446133487784,0.013401963447543809,0.7435539507045138,0.5334154212710968,RECONSTRUCTED - approximate only,0.013401963447543809,0.7129977779698281,484.84
2026-06-11,DUK,Pullback50,signal,125.92,125.92,126,0.18977405047836624,0.003998720380190836,0.18977405047836624,0.006280688976271533,17.16967328106148,-69.9061471148645,-0.43349111483503694,-0.43349111483503694,0.6538245661373834,-91.59471829953806,-0.002657233469420252,0.510156169380319,1.34044406918769,0.07524152916675952,0.015057533460229838,0.25030286373093413,68.55500919508977,-0.01075353245400622,-0.603808366080517,0.5479562114725005,RECONSTRUCTED - approximate only,-0.01075353245400622,-0.7059788765493301,484.84
2026-06-11,EMR,Pullback50,signal,138.9,138.9,139,0.3721638461799307,0.012982268042981018,0.3721638461799307,0.00689711458643193,-1.9667363678031446,152.0235049697184,0.6672317295845547,0.6672317295845547,1.3913645012578018,489.49533632985424,0.060313938666302976,0.5121303981819688,2.8719250729754577,-0.07944502823560283,0.047293978421414924,0.10281940418338022,349.5907359672214,0.023039793810242362,1.9041494682734694,1.3266798593880675,RECONSTRUCTED - approximate only,0.023039793810242362,1.8969354384301906,484.83
2026-06-11,ETR,Pullback50,signal,111.78,111.78,112,0.2611465695634337,0.008598813535269203,0.2611465695634337,0.011102022272083553,36.89785440884638,-78.59692246496357,-0.41706145709391956,-0.41706145709391956,0.7817245490423983,-23.039671243792924,0.011102022272083553,0.4961020249126509,1.5577512375868778,0.18077548818280129,0.022750022876381035,0.3633805442180664,98.80706407780102,-0.013820343815038227,-0.0416400440735054,0.6723560883507401,RECONSTRUCTED - approximate only,-0.013820343815038227,-0.13789041003805264,484.83
2026-06-11,EXC,Pullback50,signal,45.9,45.9,46,0.22113159224030007,0.0017539578006334354,0.22113159224030007,0.015381252224925824,28.854654948338766,-14.617281585318192,-0.15746334865026554,-0.15746334865026554,1.0883808173081964,-17.35286606371142,0.006592025111454796,0.4902502585458569,0.5335659247628683,0.5313255977055779,0.02373108923064234,0.7001613809210637,48.53301789408666,-0.003939599706412741,-0.21143161152452483,0.9958365706816987,RECONSTRUCTED - approximate only,-0.003939599706412741,-0.3186689970109141,484.83
2026-06-11,FCX,Pullback50,signal,64.1,64.1,64,0.5455086160882495,0.015302785441719563,0.5455086160882495,0.031203006308223875,81.10085787602124,188.7818459988021,1.1003710304996113,1.1003710304996113,1.04948065409555,38.458270758962456,0.03527289865026182,0.528353860946634,2.0106981282259184,0.37983821360285314,0.05743149530160836,0.536644397649431,179.06095346366808,0.05251463783434131,0.3134038565790765,0.9708457341615887,RECONSTRUCTED - approximate only,0.05251463783434131,0.2506213105527056,484.84
2026-06-11,NI,Pullback50,signal,47.04,47.04,47,0.1839319271643722,0.005575773441510499,0.1839319271643722,0.012655516218477913,25.737463176176647,-19.077159936422376,-0.2537056901578962,-0.2537056901578962,1.3380399858448169,14.670623949318218,0.01372800095048315,0.5333840852836393,0.521293143808748,0.5152818243993441,0.023595073230815455,0.6512225262825116,59.75062028438396,-0.005758167227088468,0.4277531676753599,1.2875699904024824,RECONSTRUCTED - approximate only,-0.005758167227088468,0.38021642274734435,484.85
2026-06-11,NDSN,Pullback50,signal,282.25,282.25,282,0.2658841519497719,0.011810198720921759,0.2658841519497719,0.009032603281296557,63.7634210978657,169.07302220912672,0.5121719140291973,0.5121719140291973,0.8855037526271843,616.2633414595263,0.03896120454996684,0.5273136718087708,4.407376854745451,0.0962887254467441,0.025452479294346485,0.2606567490014802,325.3873621438783,0.013375504602214696,1.5802145783084984,0.8038560597895302,RECONSTRUCTED - approximate only,0.013375504602214696,1.5713912218529689,484.87
2026-06-11,NSC,Pullback50,signal,309.27,309.27,309,0.24460799073059333,0.00016190823724703443,0.24460799073059333,0.01088463239010532,113.01018879378252,36.23269410387059,0.19375448358631006,0.19375448358631006,-0.2092234181420373,-463.12037560736496,-0.03365218255276648,0.5283123926498663,4.464629583515006,0.21715764111772382,0.000901680289819209,0.37477379090236473,-134.68627674425176,0.005016466236831529,-0.9835768053591002,-0.34998097064012146,RECONSTRUCTED - approximate only,0.005016466236831529,-0.996217265919827,484.87
2026-06-11,O,Pullback50,signal,62.44,62.44,62,0.1998100766672525,0.004186094332284881,0.1998100766672525,0.013083530532828362,39.44844348964331,-35.775640300668904,-0.27083292930517916,-0.27083292930517916,0.004252605917572744,-99.10643464401592,-0.026974611097743684,0.6194575127407531,0.9649169167140101,0.4621633347569101,0.0041996175444033905,0.5497894965583986,-10.55934508509162,-0.007375326156010172,-0.9617110027526866,-0.08410771885982575,RECONSTRUCTED - approximate only,-0.007375326156010172,-0.9859067017027887,484.87
2026-06-11,SO,Pullback50,signal,94.65,94.65,95,0.22031899599479798,0.005637166854020432,0.22031899599479798,0.007826775846548307,16.363968819672916,-58.345362634174734,-0.4784241104043273,-0.4784241104043273,0.2707988182430481,-71.71950327496879,-0.0019298843320925785,0.4703898019470526,1.0287658032395157,0.08147449798165327,0.011150433718865758,0.28600061369448454,14.878255525386319,-0.013537878026198638,-0.6152681106175186,0.11247296814461198,RECONSTRUCTED - approximate only,-0.013537878026198638,-0.7272879743130064,484.88
2026-06-11,SBUX,Pullback50,signal,100.26,100.26,100,0.3128341506278416,0.00202508043657502,0.3128341506278416,0.007430603688903303,7.6637738853364015,197.70981369435506,1.200113860680425,1.200113860680425,-0.38756432451370354,-163.50700686108138,-0.015936617841922643,0.5413089880118376,1.913356897722302,-0.0059532699024577316,-0.005866234662514907,0.1545772794236639,-90.88071197106404,0.03354890587650727,-0.7871172336138418,-0.5232591185482717,RECONSTRUCTED - approximate only,0.03354890587650727,-0.8654326459931185,484.9
2026-06-11,ADC,Pullback50,signal,75.83,75.83,76,0.15161425837899994,0.001853560067669589,0.15161425837899994,0.014041228522305216,50.004043491157574,-38.67584437646003,-0.5636384469189192,-0.5636384469189192,-0.32646111780784104,-62.40859877470139,-0.020460000057133738,0.47986750677377726,0.5881731154082743,0.8679084409166214,-0.0006685667715886974,1.0234325691061819,-25.423218162549777,-0.011761588624085497,-0.9883747376562138,-0.4875660953359313,RECONSTRUCTED - approximate only,-0.011761588624085497,-0.9978492199562592,484.88
2026-06-11,AM,Pullback50,signal,21.75,21.75,22,0.20218703108453248,0.006979973016652511,0.20218703108453248,0.014513083196830515,9.14897937714616,-10.217683597622635,-0.5348600881027622,-0.5348600881027622,-0.17473067356269684,1.8680824525588624,0.016385695885770536,0.3594523389742609,0.14664418804680057,0.5488396401249971,0.004213490169296831,0.8553048613302401,-5.200649466857869,-0.012938945803797633,0.3326723500823058,-0.41188805794121897,RECONSTRUCTED - approximate only,-0.012938945803797633,0.16567048885335234,484.87
2026-06-11,BC,Pullback50,signal,79.14,79.14,79,0.4415087558463373,0.0050839034612026185,0.4415087558463373,0.01151672115143469,13.553727874449118,130.42203140665356,0.7858607923899635,0.7858607923899635,-0.08426971506223976,10.418104046506727,0.023891164942699623,0.5299772619419931,2.0372502470505296,0.012483165745310115,0.0071060301659257715,0.1820112306873286,-37.981959764300775,0.03211938362057405,0.16580970283982627,-0.22417396071362417,RECONSTRUCTED - approximate only,0.03211938362057405,0.09606484492300899,484.83
2026-06-11,BKH,Pullback50,signal,73.63,73.63,74,0.32423194819869816,0.016541489736269423,0.32423194819869816,0.02396212385001065,74.51918740560984,-63.760580670857124,-0.453179397414373,-0.453179397414373,0.6085248949192592,-22.309296128654587,0.013513530749500338,0.47296114379602305,1.1773454409673505,0.5997994770553176,0.024101468185488036,0.7831412740039645,54.98872661141744,-0.01846025604845756,-0.08257507366377628,0.46829390184591957,RECONSTRUCTED - approximate only,-0.01846025604845756,-0.19393247194775534,484.82
2026-06-11,FCFS,Pullback50,signal,215.88,215.88,216,0.367997315450027,0.013602252590221475,0.367997315450027,0.02971614319842952,306.9137515747192,164.83999927423517,0.49991701177577663,0.49991701177577663,-0.08141309129621253,360.0834398427978,0.03960627013283391,0.5133192823047483,4.431331609777416,0.6917417328275189,0.0064560609043683315,0.83740319286198,-79.88631456428134,0.017659909954587664,0.9637040383917467,-0.22902621534754197,RECONSTRUCTED - approximate only,0.017659909954587664,0.9324442940990392,484.77
2026-06-11,FLR,Pullback50,signal,48.1,48.1,48,0.6710674530779193,0.011101632281590461,0.6710674530779193,0.012163445206268244,-1.6380228174094225,155.00613890446425,0.9927561471772746,0.9927561471772746,-0.09533392121128681,143.0321377110318,0.06998999431180353,0.53155485919193,1.8539050987567087,-0.07209253596944298,0.009970089427454653,0.10334389302919152,-36.629355036284224,0.0589104915450007,0.9247687847658257,-0.23833909644569456,RECONSTRUCTED - approximate only,0.0589104915450007,0.8936786553411621,484.71
2026-06-11,GBCI,Pullback50,signal,48.15,48.15,48,0.25943433407248023,0.004802663294375468,0.25943433407248023,0.023355856537063093,58.52047951338192,32.014613624880624,0.548526307515794,0.548526307515794,0.23987823366070513,-58.657090161576406,-0.007785311563690554,0.5523093777692021,0.7911330858872212,0.7931201759002199,0.011882769924993253,0.901196571966821,8.817351828278886,0.01433920317377746,-0.6578939576100182,0.13176204717248427,RECONSTRUCTED - approximate only,0.01433920317377746,-0.7476051848222934,484.72
2026-06-11,GEF,Pullback50,signal,65.83,65.83,66,0.2597039146180455,0.011626067984018662,0.2597039146180455,0.019528921102236224,55.913227505853605,100.74967598363804,1.3084107305424157,1.3084107305424157,2.8757202241404127,119.99244979633502,0.03636669057883511,0.4892035263188746,0.8928307217154696,0.6134745922050243,0.05426364060699273,0.7797969585512317,233.68717228409565,0.02788844062592827,1.5352796194496843,2.8564683777029063,RECONSTRUCTED - approximate only,0.02788844062592827,1.517325784344369,484.71
2026-06-11,IDA,Pullback50,signal,143.28,143.28,143,0.21283285723006215,0.007130319866890354,0.21283285723006215,0.010031069464786862,51.133401109291114,-72.03655135641662,-0.286837199563445,-0.286837199563445,0.3068280890991414,-50.24364489617893,0.005721938206861583,0.545237767244553,1.8989915802751511,0.2520849900711557,0.011090755519184725,0.395907173237115,35.06316018741091,-0.007710683269860224,-0.16603676118673313,0.19982543256819663,RECONSTRUCTED - approximate only,-0.007710683269860224,-0.24712827976674628,484.75
2026-06-11,JHG,Pullback50,signal,51.84,51.84,52,0.15,0.0013534356761808893,0.016739243797638956,0.00019290606173994937,-7.954366309757442,-3.281285385409282,0.04997489104769655,0.04997489104769655,-0.3127077195055485,-23.298887445820455,0.0009646775090520857,0.46342711035792106,0.3772163032996865,-0.29004074586646444,-0.00019297966191611876,-0.08042860712871759,-16.278215779686903,0.0007723675385252008,-0.5086213276011654,-0.48187000046180045,RECONSTRUCTED - approximate only,0.0007723675385252008,-0.628517973697264,484.74
2026-06-11,LECO,Pullback50,signal,257.55,257.55,258,0.2907555001831874,0.012874219058168393,0.2907555001831874,0.0019398642095053346,-48.348352503495306,21.888567452888708,0.16571239823345915,0.16571239823345915,2.852262714007578,1198.2163528403316,0.06781769538827595,0.5002362116338981,4.037936330496123,-0.20725600506054997,0.06126094488815471,-0.017385089945619072,1052.4598842110527,0.004951610103212187,3.2322287391186766,2.8353921057880056,RECONSTRUCTED - approximate only,0.004951610103212187,3.2316738543223766,484.71
2026-06-11,NJR,Pullback50,signal,55.75,55.75,56,0.20210663347780433,0.006144882100831553,0.20210663347780433,0.011196780753983884,20.416055762877683,-42.16673071098297,-0.7058968944120475,-0.7058968944120475,-0.054010615583212476,-1.9318930873107087,0.011563896354786454,0.45556816342777484,0.5303221127863118,0.3284699184941901,0.004955955580622766,0.5363031902646083,-9.324308385916085,-0.021375941545706885,0.0927207689921302,-0.23199751987101194,RECONSTRUCTED - approximate only,-0.021375941545706885,-0.016296499696847783,484.67
2026-06-11,NWE,Pullback50,signal,71.03,71.03,71,0.3277785816705165,0.0081755142874734,0.3277785816705165,0.022890958138066055,72.28347899150705,-52.036443071226486,-0.2948175500174064,-0.2948175500174064,0.646103370893647,-6.455253536683557,0.015623932738461157,0.5211848425702328,1.3349002119833884,0.5380910953326851,0.02550694091462706,0.6855034858229674,67.28693292323166,-0.011808248972028946,0.06461155995895988,0.5434568074272008,RECONSTRUCTED - approximate only,-0.011808248972028946,-0.013976236571785948,484.6
2026-06-11,OGE,Pullback50,signal,48.01,48.01,48,0.23123435861025565,0.005247691083185064,0.23123435861025565,0.010143692843024884,14.795442337164566,-31.97712734037773,-0.3982254189540786,-0.3982254189540786,0.28216163647991493,-37.376466799306314,-0.0004226639453224572,0.5209193653659995,0.6413593967111524,0.20653654525882678,0.011622976344201136,0.3694297229767521,9.478272642928498,-0.01190226982854015,-0.4868421173149276,0.1584816767182728,RECONSTRUCTED - approximate only,-0.01190226982854015,-0.5890250800342417,484.57
2026-06-11,OHI,Pullback50,signal,46.25,46.25,46,0.2325220975554397,0.0032707742953623727,0.2325220975554397,0.010821592130670235,17.975206885419947,-42.74311182669229,-0.4757352914833635,-0.4757352914833635,-0.011236173266711069,-68.31785229039782,-0.01656360468682076,0.5848044984896806,0.7508510269746651,0.25562847696815905,0.004858684333792759,0.3754857550467736,-9.609996032221312,-0.01586610669130757,-0.8342721845332262,-0.11692997068482608,RECONSTRUCTED - approximate only,-0.01586610669130757,-0.899085027741034,484.55
2026-06-11,RBC,Pullback50,signal,587.07,587.07,587,0.3457003148894878,0.014911462299673162,0.3457003148894878,-0.006288491729568833,-370.78242141273813,1284.6063632733562,1.279788890469168,1.279788890469168,0.4748051884566225,1735.0802947769855,0.05221737983697768,0.5185272080512005,11.52452950165673,-0.4100418647116812,0.02242122053227164,-0.2322160117226225,403.2858131646952,0.03778999231612318,1.6912443739447642,0.3588466440672933,RECONSTRUCTED - approximate only,0.03778999231612318,1.6821345538081218,484.54
2026-06-11,ROIV,Pullback50,signal,28.98,28.98,29,0.527535434307032,0.008095724867005903,0.527535434307032,0.010427224287393882,-0.27471778421955695,54.73182875525613,0.800608343058655,0.800608343058655,0.21174254047421615,69.85309001357727,0.0571813248945505,0.5160371998750191,0.8482243586694267,-0.06447973212842063,0.0228725299578202,0.11798673069281822,7.280248569999549,0.0380586653567408,0.9882605479421691,0.07447747266657528,RECONSTRUCTED - approximate only,0.0380586653567408,0.9564468984000607,484.59
2026-06-11,RRX,Pullback50,signal,205.0,205.0,205,0.6105787642286769,0.01681222463099726,0.6105787642286769,0.005065290842668121,-68.81044417387027,357.01365341047074,0.6434220291162216,0.6434220291162216,0.8005953029580262,723.2102807626216,0.07356557887722505,0.5213804222977655,7.008567300800564,-0.17846098340868286,0.053446283812457904,0.0038677907730402003,461.66180283317794,0.036404660496073084,1.1934205059958896,0.7002676636277719,RECONSTRUCTED - approximate only,0.036404660496073084,1.1698549010833583,484.54
2026-06-11,SMG,Pullback50,signal,60.81,60.81,61,0.37607409566560496,0.006399414728572859,0.37607409566560496,-0.003393711951277415,-31.91990654122022,114.52672242188599,1.1212846070768974,1.1212846070768974,0.301467205102941,123.47371021763419,0.045410493290035166,0.4938375751512276,1.2000028720396543,-0.35644165356152063,0.019392384328153718,-0.16333187067316465,21.06731491478663,0.03547528122700992,1.199766768325842,0.1575431186376727,RECONSTRUCTED - approximate only,0.03547528122700992,1.170698080626586,484.51
2026-06-11,STAG,Pullback50,signal,38.27,38.27,38,0.20985264203988707,0.006054212478929547,0.20985264203988707,0.020526283665707235,45.15638402860334,-19.472875461367035,-0.20735193293826779,-0.20735193293826779,0.35847918769258624,-39.210515940631396,-0.005263177972090871,0.6145328966077721,0.6119136008418522,0.8362323107617254,0.011842125340511924,0.9044193917966621,13.419901595525562,-0.005756180368302921,-0.5468845668558653,0.29087864140447717,RECONSTRUCTED - approximate only,-0.005756180368302921,-0.6230548664570069,484.49
2026-06-11,SWX,Pullback50,signal,89.67,89.67,90,0.20364601418271505,0.007772048331759559,0.20364601418271505,0.011247506599877246,34.546369325626095,-59.546232525351236,-0.5813082386146184,-0.5813082386146184,-0.2669291115724513,-35.48811255626217,0.005226161456612866,0.46726314377768696,0.8930145360353734,0.3301392565436041,0.000568087408144106,0.5277985010514541,-32.875445149248414,-0.016206600624268142,-0.29772565638703974,-0.4365049249475684,RECONSTRUCTED - approximate only,-0.016206600624268142,-0.41792630393070895,484.45
2026-06-11,TEX,Pullback50,signal,60.96,60.96,61,0.5032339701197411,0.02251722719513206,0.5032339701197411,0.016247220095519342,22.355429995935527,92.50100421647136,0.6848862556741864,0.6848862556741864,0.5387037399650042,194.73712146332844,0.06435172019881634,0.5156314529501924,1.7034845497617397,0.0730574181053484,0.0347244400695128,0.2514367914083681,68.84413680566139,0.03171734352625483,1.3166323172281904,0.42077591445729123,RECONSTRUCTED - approximate only,0.03171734352625483,1.296706266196926,484.45
2026-06-11,TTC,Pullback50,signal,92.44,92.44,92,0.2294048377360618,0.010191816138520724,0.2294048377360618,-0.01594195407132265,-90.85703709741912,-14.15528680716681,0.01201893598362668,0.01201893598362668,-0.5799771330835373,-14.890338341641451,0.008766325396664465,0.5777935098297889,1.451229960667078,-0.6809221462397614,-0.011820735684560544,-0.5443276576254413,-95.7719178497703,0.0003254369624382468,0.006687331218617128,-0.6954466908875293,RECONSTRUCTED - approximate only,0.0003254369624382468,-0.050706488751763514,484.37
2026-06-11,KDP,VolumeSpike,signal,31.46,31.46,31,0.17391843036262028,-0.008832816830093187,0.17391843036262028,0.015369814360705513,29.643988603804473,-20.08762245492246,-0.22094743251340998,-0.22094743251340998,1.0711916151848673,-50.070807605385056,-0.015049597080425406,0.7464707339026007,0.6062477819818248,0.6142121853831104,0.02465580794245881,0.6425454466063284,54.3312385546004,-0.006047120738264077,-0.7415472345222351,1.0669908631156886,RECONSTRUCTED - approximate only,-0.006047120738264077,-0.7940476272620867,486.18
2026-06-11,ORCL,GapDown,signal,183.88,183.88,184,0.6878011435807433,-0.10727415744392911,0.6878011435807433,0.0001629482797518611,-120.27892649446184,174.4871100568189,0.36915934264036865,0.36915934264036865,0.09896342861676252,-376.7783793277221,0.0010319781440439586,0.5202747194792521,7.011812747352238,-0.25772001281766194,0.022976619159700753,-0.07335110316724174,-5.496389595336125,0.024656358767281426,-0.458414757551005,-0.04424228074508544,RECONSTRUCTED - approximate only,0.024656358767281426,-0.5649817589741115,486.16
2026-06-11,GOOG,Pullback50,signal,354.7,354.7,355,0.39363201158372935,-0.0007642350437353542,0.39363201158372935,0.004487340460149893,-55.45416508159359,104.88776376858944,0.24981790395681258,0.24981790395681258,1.0293231478054297,278.5262892140734,0.030569873152114242,0.511702381677285,7.7324748225575775,-0.15264222365857644,0.040778574838677764,0.03154240793494636,677.5007076191378,0.009941962574668879,0.48619422512188754,0.9428757314502039,RECONSTRUCTED - approximate only,0.009941962574668879,0.42903788981972063,486.16
2026-06-11,XYZ,Pullback50,signal,69.28,69.28,69,0.4270232961666098,-0.0034518345643075083,0.4270232961666098,0.0062237708491519874,-8.007708981624095,159.64112891176316,1.0417365455373362,1.0417365455373362,2.2969224230304466,379.46102569219255,0.08235638649593784,0.5454861726898456,1.8090392837582314,-0.09689611122776312,0.08090902103897583,0.0662327932153259,375.35578218810355,0.04051196912944819,2.320809737089737,2.279349049353779,RECONSTRUCTED - approximate only,0.04051196912944819,2.3193214602636982,486.13
2026-06-11,BA,Pullback50,signal,221.44,221.44,221,0.3631423751340238,0.004019121233926435,0.3631423751340238,-0.011641031332462727,-200.03622922520805,809.8315382633266,1.8955460706881642,1.8955460706881642,0.578249315348099,-192.68402679180497,0.004918090122621094,0.5333774404455642,4.76920527897957,-0.5007140625129837,0.026440466007524813,-0.3333760252107068,212.99796750602934,0.05618570697045406,-0.31714866655553553,0.47819822283843455,RECONSTRUCTED - approximate only,0.05618570697045406,-0.41252463612374035,486.12
2026-06-11,BMY,Pullback50,signal,57.2,57.2,57,0.3055048678641118,0.006115110825877864,0.3055048678641118,0.004042171108408867,-6.839308502999729,46.28779015049499,0.5623572561447716,0.5623572561447716,-0.6288007089454878,-115.68856962658978,-0.05096663353444631,0.5503746806092965,1.0958883712677157,-0.10644326218977149,-0.01722325712922652,0.05205654298154004,-77.72294526661142,0.017161296437922347,-0.9934712006082184,-0.7470269188257253,RECONSTRUCTED - approximate only,0.017161296437922347,-0.9989702211370409,485.95
2026-06-11,GLW,Pullback50,signal,176.85,176.85,177,0.8986683803412303,0.007908674826282354,0.8986683803412303,0.015009877375688839,-13.658541980349003,322.98214657344477,0.49386110838714403,0.49386110838714403,-0.19519502916544237,850.900284729324,0.10404981478138015,0.5251639821652893,8.784133512271751,-0.09383884174964113,0.004927754755871911,0.09045351100117821,-252.03015884921493,0.04159293835845317,1.1264827580303793,-0.3463483068572875,RECONSTRUCTED - approximate only,0.04159293835845317,1.0974525263161172,485.88
2026-06-11,DE,Pullback50,signal,570.74,570.74,571,0.3641132346282445,0.0029818461682987935,0.3641132346282445,0.015545803307172854,284.875990344263,257.9938519357032,0.3401256488435969,0.3401256488435969,0.6875286823343391,798.6468631885842,0.03622674285184356,0.51403850179608,11.6213063938701,0.19291397177181543,0.02928032313941205,0.3644748801945661,641.535175899507,0.012319383867820177,0.8298368857816039,0.5817752518446346,RECONSTRUCTED - approximate only,0.012319383867820177,0.7929163711318051,485.8
2026-06-11,SATS,Pullback50,signal,126.88,126.88,127,0.5589371695376245,0.02160712894239734,0.5589371695376245,-0.10965427703376679,-394.7231916389628,719.8512032980485,2.0427991773204464,2.0427991773204464,-0.843531232463239,-412.6737132310256,-0.14797475994173245,0.5155060035561135,3.9178963496762265,-0.9862108802725355,-0.055880772568906896,-0.9517573409851228,-354.44141746479545,0.08833773234804217,-0.9999854823139337,-0.9234290138683939,RECONSTRUCTED - approximate only,0.08833773234804217,-0.9999998880113187,485.74
2026-06-11,SATS,RSIRecovery,signal,126.88,126.88,127,0.5589371695376245,0.02160712894239734,0.5589371695376245,-0.10965427703376679,-394.7231916389628,719.8512032980485,2.0427991773204464,2.0427991773204464,-0.843531232463239,-412.6737132310256,-0.14797475994173245,0.5155060035561135,3.9178963496762265,-0.9862108802725355,-0.055880772568906896,-0.9517573409851228,-354.44141746479545,0.08833773234804217,-0.9999854823139337,-0.9234290138683939,RECONSTRUCTED - approximate only,0.08833773234804217,-0.9999998880113187,485.77
2026-06-11,EA,Pullback50,signal,203.15,203.15,203,0.15,-0.0008366051746969925,0.03556924552895197,0.0010834829716650943,-21.664258272969104,-18.877340275108512,0.005785778780185448,0.005785778780185448,-0.2523303266210735,-140.3107305080716,-0.004432450833522143,0.5366932167523848,1.859966920336376,-0.17557280575548653,-0.00014774084632359377,-0.009986533406712466,-64.48564495208643,9.852865380097392e-05,-0.6814555904089973,-0.38862424462560646,RECONSTRUCTED - approximate only,9.852865380097392e-05,-0.7723709225564214,485.78
2026-06-11,GEV,RSIRecovery,signal,915.94,915.94,916,0.41765961932809387,0.024195862152289763,0.41765961932809387,0.03735149091604565,1732.4283520328026,863.0899884996782,0.5277949298307988,0.5277949298307988,2.612451187809448,17284.00489993462,0.22442572895888416,0.5176936504635246,21.534101311519805,0.8163369112444694,0.08388040885539078,0.9527455702161766,5127.753899105247,0.021079386251911417,8.554679052335292,2.5937177668816327,RECONSTRUCTED - approximate only,0.021079386251911417,8.554679052329401,485.74
2026-06-11,KEYS,Pullback50,signal,337.53,337.53,338,0.36189099647679246,0.021512349446614582,0.36189099647679246,0.03129139983717616,516.864136398848,468.82433439411597,0.8464810972632062,0.8464810972632062,0.732425247899679,1493.0823950663248,0.06952332068730652,0.506552895242494,6.676413159083751,0.7763826683820507,0.030173837021610733,0.9222226839979308,396.483356905809,0.027374074765622657,2.461369741756443,0.6244213416947739,RECONSTRUCTED - approximate only,0.027374074765622657,2.4585808378730283,485.66
2026-06-11,LMT,Pullback50,signal,550.1,550.1,550,0.18797269281377396,0.006856834886318509,0.18797269281377396,-0.015218297910256693,-421.7485498960464,1451.429132600202,2.6418890144525977,2.6418890144525977,-0.8911227614117397,-634.2857141451252,-0.06876500140774205,0.5226621174382656,6.0284355955705,-0.7684650838941648,-0.02320110198782523,-0.6288865463310134,-571.9315925728779,0.0379478599823806,-0.9999999591588602,-0.9528883958881227,RECONSTRUCTED - approximate only,0.0379478599823806,-0.9999999999850667,485.63
2026-06-11,MRNA,Pullback50,signal,49.9,49.9,50,0.6255402868308336,0.009567267028715902,0.6255402868308336,0.005439171254703436,-17.24736583195453,197.87239005405968,1.3392781420424678,1.3392781420424678,2.4068335388345874,1179.6349653567306,0.288477032048683,0.5124740177509806,1.6989675985994914,-0.1816599732101423,0.11603549973918044,0.006457854664826111,370.17788279574404,0.06913631409377402,7.42199738073881,2.376806482020615,RECONSTRUCTED - approximate only,0.06913631409377402,7.421997373469423,485.65
2026-06-11,NVDA,Pullback50,signal,205.26,205.26,205,0.4562759630732996,0.005338825137184067,0.4562759630732996,0.0015620019126554032,-76.83283453830755,133.96678025280752,0.3689874937340241,0.3689874937340241,0.030026609802660385,85.93217782255634,0.028408295323527746,0.5266408698858446,5.399049883792642,-0.21891383016155452,0.012398148120562833,-0.04200024695192706,-39.88955824218108,0.016774974102316504,0.2753363134549749,-0.1078375905643315,RECONSTRUCTED - approximate only,0.016774974102316504,0.21088665226495543,485.63
2026-06-11,PCAR,Pullback50,signal,117.72,117.72,118,0.2969313833854679,0.005790013812423712,0.2969313833854679,0.007994512649883729,13.51258673790129,155.6751192185266,0.9983919510678605,0.9983919510678605,0.9674195355537524,-34.38753298707052,0.01165159972659282,0.4944570858273749,1.8500911499157056,-0.0012216160597095552,0.029426765016079607,0.18954114910031797,150.23144899428107,0.02555604244378853,-0.08299233477782712,0.8678412215228243,RECONSTRUCTED - approximate only,0.02555604244378853,-0.18301569235819323,485.66
2026-06-11,PH,Pullback50,signal,901.5,901.5,902,0.2803885177435059,0.010095965168972447,0.2803885177435059,0.0012300778589367327,-192.4755472124618,920.7549613330351,0.7914676836374556,0.7914676836374556,1.6323620297925423,3322.7961853929082,0.05640704443796616,0.5118987714390008,14.144240287161153,-0.21969447607304454,0.04005010676772794,-0.037012011384623886,2050.6670717056527,0.020272706601111818,2.5790960009207264,1.5820965916545426,RECONSTRUCTED - approximate only,0.020272706601111818,2.5774342913497033,485.68
2026-06-11,PFE,Pullback50,signal,26.29,26.29,26,0.15569198538190895,0.0074218957510308065,0.15569198538190895,0.001528429807493351,-4.220115344967161,24.48949167717851,0.7571123057291544,0.7571123057291544,-0.35093038263097986,-44.911472243710215,-0.03668326285909737,0.7155616543309847,0.41645883000056116,-0.04393259598142832,-0.004967487978128097,0.03145500676783969,-19.348653673409594,0.014734360111550679,-0.9970501941370632,-0.4242807328125649,RECONSTRUCTED - approximate only,0.014734360111550679,-0.9995968600635824,485.67
2026-06-11,PCG,Pullback50,signal,16.86,16.86,17,0.27898689695904166,0.0023923993522771544,0.27898689695904166,0.009529472226778855,2.0530409142554538,-2.069768584259495,0.0654667483993824,0.0654667483993824,-0.4129236815500133,-21.1472758871816,-0.01846345183962005,0.4325447198974329,0.20360699132109783,0.040787379614716256,-0.0029780310710369753,0.27861264500943195,-11.323114015545766,0.0017900170785086764,-0.920824857029099,-0.5907636012382081,RECONSTRUCTED - approximate only,0.0017900170785086764,-0.9692535811666239,485.6
2026-06-11,PWR,Pullback50,signal,678.98,678.98,679,0.5954278489404995,0.014210656060434295,0.5954278489404995,0.03578277597107214,1017.3489752257927,1133.9968529350576,0.6332104362682327,0.6332104362682327,0.813653997267088,-107.05213622640085,0.02774813414854083,0.5209351345603239,22.63577004432574,0.41721678064643086,0.05268626960391238,0.5789656549095605,1522.0223534462455,0.035021275907259695,0.05608522495273024,0.7142655610423428,RECONSTRUCTED - approximate only,0.035021275907259695,-0.02760452015567368,485.6
2026-06-11,RTX,Pullback50,signal,184.0,184.0,184,0.25347995958175207,0.0034383664830612047,0.25347995958175207,-0.0036914820573594933,-79.16152257324717,395.35333564100006,1.6722547641656555,1.6722547641656555,0.3396770587225343,-70.24982147666395,0.007545732256595154,0.517893868216786,2.664531356260113,-0.38010004764353983,0.013897168803485177,-0.20233126111243954,58.03730296439692,0.034771386882635986,-0.16712530275745893,0.21705814272209736,RECONSTRUCTED - approximate only,0.034771386882635986,-0.2602888693152862,485.59
2026-06-11,TDY,Pullback50,signal,625.29,625.29,625,0.2892581920643075,0.009146088340056827,0.2892581920643075,0.003671523149775442,-62.124683023055034,972.3829066719393,1.0874036826817484,1.0874036826817484,0.11047247045980986,-747.9024621314397,-0.006653461447832666,0.522148834321204,10.435669332211035,-0.13161352057461492,0.010164697952636569,0.04391013865723843,3.864453020837101,0.027815779124839204,-0.6478244530107152,-0.02318494705119818,RECONSTRUCTED - approximate only,0.027815779124839204,-0.7450229305787587,485.64
2026-06-11,TT,Pullback50,signal,461.17,461.17,461,0.3126144779948292,0.012468841655679196,0.3126144779948292,-0.0041074772640269834,-232.92738716480355,216.2240845948652,0.38217807920280056,0.38217807920280056,1.0418417972854856,1378.981014888135,0.05054978595117029,0.5208599872241679,8.268702876124365,-0.3668747551312556,0.03303338376486649,-0.189605705978409,734.4075964784581,0.011919452439268698,1.8624037951379235,0.9644688737623112,RECONSTRUCTED - approximate only,0.011919452439268698,1.856269960305499,485.7
2026-06-11,WAB,Pullback50,signal,262.92,262.92,263,0.2713330991606172,0.014306929615293148,0.2713330991606172,0.01186621356250142,100.7934898233966,59.27715693623563,0.2636311889514588,0.2636311889514588,1.595412040748694,696.6532218423429,0.04479373649667886,0.5144428158845116,4.026407850653499,0.2036347194216773,0.038269292683594226,0.372168139653122,568.6949802537429,0.007302332444200065,1.9299357424667793,1.5450618853006413,RECONSTRUCTED - approximate only,0.007302332444200065,1.9240524731350632,485.67
2026-06-11,WY,Pullback50,signal,24.3,24.3,24,0.260828963439773,-0.0012417502829049614,0.260828963439773,0.021372809675063206,28.57081126568626,6.613661242030202,0.26157576181318065,0.26157576181318065,0.5255588078072885,-22.04315999489917,-0.0004110246162431002,0.6511853593762958,0.53291734125286,0.6319906575691187,0.018906740372534273,0.6952788468779001,19.978369827696273,0.008288469535657421,-0.30446089436552365,0.48240487547961014,RECONSTRUCTED - approximate only,0.008288469535657421,-0.35867101632254994,485.62
2026-06-11,AA,Pullback50,signal,68.66,68.66,69,0.6211884650243312,0.011899294324685134,0.6211884650243312,-0.003044457866731583,-50.26371697532928,129.8300625505932,0.7253755619296806,0.7253755619296806,-0.9429750659634585,-234.99313804670808,-0.1393158010637132,0.49869853295927014,2.2259133004267397,-0.3212890849244893,-0.08857645879535428,-0.1262856391810153,-222.96230342765767,0.03995177827114451,-0.9998687304142609,-0.9815325972780928,RECONSTRUCTED - approximate only,0.03995177827114451,-0.9999970229213241,485.63
2026-06-11,CYTK,Pullback50,signal,69.39,69.39,69,0.6266317854005458,0.006411216745673615,0.6266317854005458,0.012703983332740414,3.6248474255530363,77.11729801673955,0.41928837227640164,0.41928837227640164,1.5002131854859362,666.7340155442212,0.13728890713296107,0.5475164186472898,2.6285954263476015,-0.03877248355040122,0.0857514469361652,0.12498490689297642,347.0421299384202,0.026222172489872686,2.7804321607942923,1.4536761520908106,RECONSTRUCTED - approximate only,0.026222172489872686,2.7797657816996137,485.67
2026-06-11,ESAB,RSIRecovery,signal,88.86,88.86,89,0.4298209822378724,0.008321303143306936,0.4298209822378724,0.027145239792764595,100.1198849888639,372.0656019986465,1.991845890524543,1.991845890524543,5.344300197973367,1383.4587517814352,0.19125064644462092,0.5077484370115025,2.0832185960306333,0.45234988188745595,0.14974759669797413,0.6177286950011389,1035.5356417825833,0.06626002721068572,7.1023243118527,5.343728309861515,RECONSTRUCTED - approximate only,0.06626002721068572,7.102324305748118,485.65
2026-06-11,FOUR,MomReversal,signal,38.98,38.98,39,0.6159031149373949,-0.0022453502289193016,0.6159031149373949,0.04385296600200685,76.93493969267051,284.1785324362275,2.3572614864580643,2.3572614864580643,0.6409246188626405,-76.85059719657791,-0.0012674077590264002,0.51909211187754,1.3343869511023634,0.5665704058912078,0.04689476396307296,0.7224197332757747,66.60406805377984,0.10970468662663685,-0.4907179730040003,0.5288070414793571,RECONSTRUCTED - approximate only,0.10970468662663685,-0.5968311116704692,485.61
2026-06-11,FOUR,RSIRecovery,signal,38.98,38.98,39,0.6159031149373949,-0.0022453502289193016,0.6159031149373949,0.04385296600200685,76.93493969267051,284.1785324362275,2.3572614864580643,2.3572614864580643,0.6409246188626405,-76.85059719657791,-0.0012674077590264002,0.51909211187754,1.3343869511023634,0.5665704058912078,0.04689476396307296,0.7224197332757747,66.60406805377984,0.10970468662663685,-0.4907179730040003,0.5288070414793571,RECONSTRUCTED - approximate only,0.10970468662663685,-0.5968311116704692,485.52
2026-06-11,HL,RSIRecovery,signal,14.86,14.86,15,0.76285119045842,0.0028469723352320614,0.76285119045842,0.020013355257875703,3.359192421731618,47.545359790035995,1.0107641368679485,1.0107641368679485,1.8986611963611046,25.095144267464985,0.0647098253395405,0.48928414902737477,0.5678201282381936,-0.01360219168393572,0.11541024473993575,0.19163581063468402,95.44111289748928,0.06387506094987315,0.5945794220612312,1.8322956425774553,RECONSTRUCTED - approximate only,0.06387506094987315,0.524820450874717,485.65
2026-06-11,RNR,Pullback50,signal,298.06,298.06,298,0.2692804970472692,0.006830072958398787,0.2692804970472692,0.009156491705090758,67.4779089539867,-28.332931770644276,0.04348866034637167,0.04348866034637167,0.11509649922369469,-176.97552875934915,0.0047903615919944785,0.5198424479155825,4.606385933132174,0.09286987077054291,0.009626641449885644,0.262431488881076,3.003135691472804,0.0012761691803503657,-0.2961830342062961,-0.019313526636399264,RECONSTRUCTED - approximate only,0.0012761691803503657,-0.39492938076624623,485.49
2026-06-11,SON,Pullback50,signal,50.74,50.74,51,0.3223936323171169,0.008573140529813856,0.3223936323171169,0.0007916270827960697,-14.193001589574216,53.0710663303856,0.8171918491215001,0.8171918491215001,0.17442648293592244,-44.03000189739691,0.002968563813628367,0.4718272391836392,0.8039105897219159,-0.2712783905673594,0.01365530295023394,-0.06355636997463765,3.9821072949938543,0.0226674546720005,-0.4542387312548987,0.010388553325763836,RECONSTRUCTED - approximate only,0.0226674546720005,-0.5744194671293135,485.55
2026-06-12,KLAC,GapDown,signal,246.22,246.22,246,0.6930537000605589,-0.01477830579887635,0.6930537000605589,0.0073859518786432874,-71.99215660150067,1008.2343065246798,1.2070510013227322,1.2070510013227322,-0.80786351988534,439.50823210994264,0.05743698735601818,0.5268259411708727,9.64493933580107,-0.1520687179397529,-0.062112037304964715,0.02811099152867262,-837.969884243589,0.07129624051961056,0.5863534470337597,-0.8976716797952077,RECONSTRUCTED - approximate only,0.07129624051961056,0.5364959635855207,486.55
2026-06-12,AEE,Pullback50,signal,109.3,109.3,109,0.21432782617346535,0.004157015688149538,0.21432782617346535,0.005229354998387328,6.120333158584369,0.10371058114414633,0.11508699655275918,0.11508699655275918,-0.2537267828405005,-33.104005818702376,0.006421990350845757,0.5555706877612937,1.5040862710100598,0.007610282472645755,-0.0007339617527952982,0.15719420174231385,-52.59542492260563,0.0027599177569495223,-0.11731650064645884,-0.3824961567556471,RECONSTRUCTED - approximate only,0.0027599177569495223,-0.19125344221860444,486.54
2026-06-12,BG,Pullback50,signal,125.78,125.78,126,0.2956712760974385,0.002713952511159695,0.2956712760974385,-0.032790738609632365,-167.49967097042693,61.188791108408125,0.43315818232099046,0.43315818232099046,-0.9992119081525057,-211.93618976241873,-0.12384996639754707,0.500483596685923,2.0060589503013304,-0.8790332485792152,-0.08673428432894624,-0.7668299680219007,-211.7859987047288,0.012338762844084198,-0.9999999998991425,-0.9999634701487806,RECONSTRUCTED - approximate only,0.012338762844084198,-0.9999999999999971,486.55
2026-06-12,CNP,Pullback50,signal,42.94,42.94,43,0.20834613875246064,0.00470037054114104,0.20834613875246064,0.003962661139831502,-1.398761145857318,1.3487445852994007,0.16274850049371176,0.16274850049371176,-0.506895485538122,-18.04210954759678,0.005128144479742002,0.4997071903611129,0.4850196709276844,-0.08410482851651013,-0.006293716740331521,0.10311975821151172,-29.506353460367578,0.003508807622898392,-0.2580885629599872,-0.6505278846914837,RECONSTRUCTED - approximate only,0.003508807622898392,-0.3628869866504092,486.54
2026-06-12,CVX,Pullback50,signal,187.58,187.58,188,0.26194856409716727,-0.003982377914090278,0.26194856409716727,-0.036427770963311915,-237.3649741377972,87.30183371339457,0.46424800550255535,0.46424800550255535,-0.9831412636392339,-274.07731286663943,-0.06495034495686511,0.4931855948535012,2.598022973416761,-0.9351662638362529,-0.05149022180746802,-0.8511927664885685,-269.93147069379546,0.011562564126198133,-0.9999388225412171,-0.9967758021428287,RECONSTRUCTED - approximate only,0.011562564126198133,-0.9999990661758839,486.52
2026-06-12,ED,Pullback50,signal,108.11,108.11,108,0.1994700639024318,0.002246401173630001,0.1994700639024318,-0.00018560092317516797,-24.414960326125456,22.277450445523616,0.296175986505782,0.296175986505782,-0.49580000357809345,-104.54102657232634,-0.00761091248452647,0.5340193869355078,1.2999843473373076,-0.25097622157619365,-0.006497094506418032,-0.08190476635936882,-75.53040665919683,0.006163578832919255,-0.7307066369383173,-0.6290267662989882,RECONSTRUCTED - approximate only,0.006163578832919255,-0.8176111176170334,486.54
2026-06-12,DE,Pullback50,signal,573.77,573.77,574,0.3662400250049376,0.001582659249653146,0.3662400250049376,-0.0034806570506451875,-298.9221347331896,313.06750714104896,0.38651157622808985,0.38651157622808985,0.31108233577698585,814.6251993471509,0.03655546010371369,0.5145038294309516,11.765867604610378,-0.3428259030586784,0.019030945844138603,-0.1610040381521781,228.7559137579679,0.013941080078183815,0.8352294126188645,0.18192207232642874,RECONSTRUCTED - approximate only,0.013941080078183815,0.7987111652811417,486.52
2026-06-12,DUK,Pullback50,signal,125.27,125.27,125,0.188537461031512,0.0040260889779425175,0.188537461031512,0.0024805757827134783,-9.42140552676306,-1.1478887962687134,0.10632568513374555,0.10632568513374555,-0.6061208237771001,-134.41207931913908,-0.011602821184869319,0.5526739047127986,1.506945428605249,-0.10672368861345281,-0.009922364180661522,0.048533512874871475,-103.14159972052062,0.002245559177276067,-0.8245513899376864,-0.7256397653258757,RECONSTRUCTED - approximate only,0.002245559177276067,-0.8944873419578344,486.54
2026-06-12,ETN,Pullback50,signal,397.96,397.96,398,0.5010609145983715,0.007392472909874689,0.5010609145983715,0.04003674678372076,768.1704237120368,-349.8536713816591,-0.2228782885108917,-0.2228782885108917,0.8753534055662175,3119.8758371606646,0.11341624075599444,0.5187694541497772,11.181111239475683,0.6836562646809046,0.04662868064325273,0.8296713582224923,816.6941487467697,-0.013012163165732272,3.043654682024561,0.7810278032295768,RECONSTRUCTED - approximate only,-0.013012163165732272,3.0429425697729964,486.54
2026-06-12,EOG,Pullback50,signal,137.91,137.91,138,0.31479173421680323,-0.0071046746456883,0.31479173421680323,-0.034174887504809896,-198.91968627827185,32.23905961788013,0.25120343897609926,0.25120343897609926,-0.7640453998497915,-239.52723396071192,-0.027954571796932698,0.5114991777043526,2.4190903991953263,-0.8687841850390697,-0.024881039504911735,-0.754649817938559,-201.07891866792184,0.008040693106530123,-0.9313475843732728,-0.8665611159654704,RECONSTRUCTED - approximate only,0.008040693106530123,-0.9720625458477632,486.55
2026-06-12,EXC,Pullback50,signal,46.08,46.08,46,0.22117078185550115,0.0024170646980559295,0.22117078185550115,-0.0006491837241121067,-13.35455018738798,27.661520612668777,0.5918688549430219,0.5918688549430219,-0.6727201095960365,-46.21032860664889,-0.0058429011710237535,0.5411586647557493,0.6264992653426589,-0.2629377885640217,-0.014066170180904653,-0.09727499177588333,-47.60356482552582,0.012932927803633228,-0.6493112323306983,-0.7870546361337334,RECONSTRUCTED - approximate only,0.012932927803633228,-0.7417625586785276,486.55
2026-06-12,FE,Pullback50,signal,47.31,47.31,47,0.19879480489036364,0.007070963016970377,0.19879480489036364,0.006591566688015345,7.43041825430515,-6.672690396520618,0.02610111193754316,0.02610111193754316,-0.7614315491408503,-47.58736553030121,-0.005741026254981088,0.6130941510519393,0.7144160445705268,0.12228952366665483,-0.018924078519011678,0.23389848211152017,-60.12215742280468,0.0006382718999335107,-0.5767419990970165,-0.8496724936239437,RECONSTRUCTED - approximate only,0.0006382718999335107,-0.6537397444413151,486.53
2026-06-12,FTV,Pullback50,signal,60.31,60.31,60,0.2433150014314363,-0.003509322988236523,0.2433150014314363,0.0023278965165426115,-9.435982929923924,19.37253059677121,0.32173779100911526,0.32173779100911526,0.14872241234371908,77.38830827544872,0.026449727333755307,0.5785733537723374,1.0052244094308946,-0.12253363368649169,0.008979074772881835,0.020066335399516605,2.8501988218395793,0.008552713607209774,0.92925626239542,0.049348036853211784,RECONSTRUCTED - approximate only,0.008552713607209774,0.9160425308573161,486.53
2026-06-12,HAL,Pullback50,signal,39.94,39.94,40,0.33231420581473475,-0.010060305031879492,0.33231420581473475,-0.03585854100154302,-60.427112297050584,3.754170941757552,0.17888525771533176,0.17888525771533176,-0.9971668668796069,-77.1765135582294,-0.11186869888570376,0.5044792611565723,0.7226335504769068,-0.8708295471700038,-0.08510098640753953,-0.7560179926243282,-76.98202768072768,0.006097506606908246,-0.9999998653777042,-0.9997562166720562,RECONSTRUCTED - approximate only,0.006097506606908246,-0.9999999999099554,486.55
2026-06-12,KMI,Pullback50,signal,31.96,31.96,32,0.24389654048784196,0.0,0.24389654048784196,-0.015028222966782216,-27.334283101868717,28.642876788820015,0.8450647747279909,0.8450647747279909,-0.7648963078181072,-8.305148950668805,0.009705681301158103,0.5032898111224682,0.42604418475536043,-0.6971058431415997,-0.01909832811997354,-0.5379684483298345,-36.51900611679493,0.01849489516637967,-0.06781374972549388,-0.8682511350667166,RECONSTRUCTED - approximate only,0.01849489516637967,-0.16184352885187786,486.54
2026-06-12,LITE,Pullback50,signal,904.1,904.1,904,1.0004514893618737,-0.00018552260874976493,1.0004514893618737,0.038716950356249245,1089.7244972141434,1298.7598338872472,0.3768422236802073,0.3768422236802073,-0.6632108141511895,-3861.9604618544868,-0.029981775419951163,0.5306855387353827,50.38989407054663,0.15686356075345478,-0.05597032990417343,0.3331752939204527,-3680.0155944998137,0.0361300955186398,-0.7012186164174112,-0.7841736245047967,RECONSTRUCTED - approximate only,0.0361300955186398,-0.7953579476637075,486.59
2026-06-12,NI,Pullback50,signal,47.26,47.26,47,0.18319771783694744,0.004933495227496129,0.18319771783694744,0.0055073531301122886,4.826034092867383,15.084493174776771,0.37276307205209797,0.37276307205209797,-0.5552707075634842,1.2187675808716503,0.008896462439896903,0.6056230600215433,0.6447416992691792,0.08808261804296895,-0.009320030401222772,0.20527928756604247,-41.75800404983542,0.007684111463747836,0.14638558411068794,-0.6645288650209134,RECONSTRUCTED - approximate only,0.007684111463747836,0.10790723635207466,486.57
2026-06-12,PFE,Pullback50,signal,26.41,26.41,26,0.16699877238174154,0.004585435188519583,0.16699877238174154,-0.00801217442991305,-22.5538811641376,-12.187268148449059,-0.11561337022175258,-0.11561337022175258,-0.5079738972082446,-55.66194532315037,-0.043113285014803236,0.7671719504277125,0.5188546904124287,-0.40390704232750674,-0.011064441751564666,-0.3259270558967655,-31.52718762561426,-0.003043051664841784,-0.9976101782732878,-0.5744265481685501,RECONSTRUCTED - approximate only,-0.003043051664841784,-0.9996822257748645,486.55
2026-06-12,O,Pullback50,signal,62.64,62.64,63,0.19968826415884974,0.004361176844276121,0.19968826415884974,-0.009247477993722292,-31.79681345251275,18.963795778829105,0.49086470475487537,0.49086470475487537,-0.9753045303598333,-59.29611801792964,-0.03411988756374656,0.43694204148224064,0.55316975566679,-0.6655561629630075,-0.03427936039595,-0.47506337963778317,-58.08504958885484,0.008684479139225652,-0.9983500576984289,-0.9948572154680644,RECONSTRUCTED - approximate only,0.008684479139225652,-0.9998843712695467,486.55
2026-06-12,SRE,Pullback50,signal,92.59,92.59,93,0.2327881555177743,0.001966403179002286,0.2327881555177743,-0.003900739659368207,-35.4137697146316,15.748214383711758,0.27794266005653834,0.27794266005653834,-0.8452675409635627,-87.42363680357282,-0.007259716859802583,0.463670078235112,1.0392367710294153,-0.44417114683082165,-0.02210427466149421,-0.24027149098984515,-95.14351315335412,0.006214562660685577,-0.7670737562757929,-0.9288636537259022,RECONSTRUCTED - approximate only,0.006214562660685577,-0.8600257947585547,486.56
2026-06-12,SO,Pullback50,signal,94.36,94.36,94,0.2197638068919725,0.0034308963904954443,0.2197638068919725,-0.001914896863572141,-33.32389410087005,8.300153641439156,0.1783844982956075,0.1783844982956075,-0.6900942179995632,-96.95524411426862,-0.006063826540683178,0.5684083939254905,1.3820076095876814,-0.29074233594183957,-0.015638310858543884,-0.13865273647214915,-105.7230448536232,0.00438084921628939,-0.623312646956577,-0.7965569720281905,RECONSTRUCTED - approximate only,0.00438084921628939,-0.7106652345882964,486.56
2026-06-12,VTR,Pullback50,signal,84.75,84.75,85,0.26731775091100834,0.007986627414709298,0.26731775091100834,-0.01347517033345054,-66.26300336199832,-11.14291068604093,0.016734607621595125,0.016734607621595125,-0.8722589414041003,-112.80801722946917,-0.0184396877864123,0.4859784503652964,1.1703522292998088,-0.6517494524363093,-0.028959775324247018,-0.4790234106284394,-109.9842909699012,0.00047304773749107677,-0.8976559403306752,-0.9438626791155896,RECONSTRUCTED - approximate only,0.00047304773749107677,-0.9529325644010738,486.54
2026-06-12,VRSN,Pullback50,signal,280.64,280.64,281,0.31298464174370433,0.0016095492279730814,0.31298464174370433,-0.0247598086057625,-338.17677894424236,-55.610413165150526,-0.01364241812486767,-0.01364241812486767,-0.9659708919419743,-506.13164989689596,-0.11504523391974823,0.505672157357557,4.807920526274614,-0.7756754473560805,-0.05348529935770145,-0.6322846734242353,-490.5887767821497,-0.00046416102540461514,-0.9999999882607339,-0.9910164578068169,RECONSTRUCTED - approximate only,-0.00046416102540461514,-0.9999999999978263,486.55
2026-06-12,VZ,Pullback50,signal,47.6,47.6,48,0.21804726253175283,0.010012808573788348,0.21804726253175283,-0.02161714617196601,-35.48758310648162,28.268879537370367,0.8538821305443836,0.8538821305443836,-0.9941952801338071,-44.95531595196283,-0.05716067273148813,0.4089391270667298,0.4157673996020037,-0.8878021078398363,-0.04718354664238455,-0.7602912270863578,-44.7263026962128,0.01476483368893457,-0.999993391896076,-0.9994008876326078,RECONSTRUCTED - approximate only,0.01476483368893457,-0.9999999719122245,486.55
2026-06-12,WEC,Pullback50,signal,114.28,114.28,114,0.20077952837915383,0.0027416428710571594,0.20077952837915383,0.004936508696594912,6.133806645527019,-12.789413958047923,0.022968155770009258,0.022968155770009258,-0.5254823117274638,-95.70233130744722,-0.0035261064639478834,0.55433269842427,1.4696056435492721,0.008484186095648837,-0.00793372273016102,0.15850914032014524,-89.3599746709926,0.0005292396316976655,-0.5709105863791236,-0.6507313519899415,RECONSTRUCTED - approximate only,0.0005292396316976655,-0.6626660095889082,486.5
2026-06-12,XEL,Pullback50,signal,79.12,79.12,79,0.2625331437411099,0.0019164713717770047,0.2625331437411099,0.00919530928124149,18.26685599351178,31.410085978474644,0.3814646044504716,0.3814646044504716,-0.6410480861012543,-57.128391595409255,0.0023274277256356084,0.53438658909312,1.2466143780343302,0.11147909934376617,-0.014842227647000262,0.2704841827955012,-89.68442108913852,0.010201518368239617,-0.36614748063673425,-0.7613338148070011,RECONSTRUCTED - approximate only,0.010201518368239617,-0.46186016911415423,486.5
2026-06-12,ADC,Pullback50,signal,75.69,75.69,76,0.1531604715836515,0.005081637991651128,0.1531604715836515,-0.017934861895184617,-47.08405754656837,27.293117905224573,0.6733162397991308,0.6733162397991308,-0.9752805107342444,-56.919985158546126,-0.03217726997874072,0.44555981461598976,0.5298451818393701,-0.9108272785545118,-0.026638589261297953,-0.80431847911394,-55.68948137605975,0.008914291329167146,-0.9997266543221278,-0.9947819778023329,RECONSTRUCTED - approximate only,0.008914291329167146,-0.9999918867487395,486.48
2026-06-12,AM,Pullback50,signal,21.8,21.8,22,0.199857923979658,-0.001404526488214086,0.199857923979658,-0.015689900848677718,-13.46510787882999,13.643499250802883,1.0721129277620431,1.0721129277620431,-0.7807770598531762,-6.6574497235373205,0.008306428451409833,0.3891717995727838,0.16269331287662503,-0.839049730641141,-0.01292112070418572,-0.6818236920895993,-14.994517744896749,0.015939997834224846,-0.24136576384187838,-0.8959117075969182,RECONSTRUCTED - approximate only,0.015939997834224846,-0.4007335565820483,486.48
2026-06-12,BKH,Pullback50,signal,73.11,73.11,73,0.32249683601847645,0.0026470109311432784,0.32249683601847645,0.00408167417357568,-9.270344738686253,76.62437560044133,0.6941626884041162,0.6941626884041162,-0.6711272702068656,-100.78773291307633,-0.007891181374893707,0.5308932990176828,1.3928633710376843,-0.12568261529561933,-0.019863933122076956,0.04502870316291547,-104.03354994806394,0.021258840535586243,-0.646597588534155,-0.7881933264621518,RECONSTRUCTED - approximate only,0.021258840535586243,-0.742053775526187,486.47
2026-06-12,CHH,Pullback50,signal,110.68,110.68,111,0.6366380512802504,0.013592766359691455,0.6366380512802504,0.02227092456899073,63.78197333587633,-4.332787615855037,0.09683887277450419,0.09683887277450419,0.43195083613833785,-199.38730503292658,0.0029207712847299015,0.5088608330924768,3.789529878354003,0.10070993998727885,0.03860901288055749,0.286043736364039,116.30930817145132,0.006337786301134094,-0.4449711966548224,0.29931833324419643,RECONSTRUCTED - approximate only,0.006337786301134094,-0.5550684430967702,486.37
2026-06-12,CRUS,Pullback50,signal,165.51,165.51,166,0.43708790076984166,-0.0009206033463884815,0.43708790076984166,0.011274338136409802,26.135344635035185,26.8044195279466,0.18236702738563826,0.18236702738563826,-0.6528288867501826,-155.24641299470966,0.00804441071167202,0.49891039603652637,3.836850173465379,-0.010421549882260791,-0.02327985953247047,0.1805314348315426,-277.62513133486544,0.008047656766295305,-0.3170855095215492,-0.780269976428374,RECONSTRUCTED - approximate only,0.008047656766295305,-0.4271475597180699,486.35
2026-06-12,GLPI,Pullback50,signal,47.55,47.55,48,0.17069017984778784,0.0063761794245523005,0.17069017984778784,-0.015378123519363908,-23.62156775482604,0.33917674484195803,0.16758980531869744,0.16758980531869744,-0.9993643075745591,-30.36817132301745,-0.06909632419734657,0.36463663462755874,0.27683972689239766,-0.8842420103847349,-0.046555779278262835,-0.7434729456297328,-30.35145275654433,0.002534376989423097,-0.9999999999739805,-0.9999790741149204,RECONSTRUCTED - approximate only,0.002534376989423097,-1.0,486.35
2026-06-12,GTLS,Pullback50,signal,206.67,206.67,207,0.15,-9.687767896155996e-05,0.029066095814041376,-0.00019345661954892057,-32.99003986408882,-5.321479326161192,0.07958005051547502,0.07958005051547502,-0.2278436601394128,37.227280940709164,0.01088376165288273,0.4919187179782035,1.6482180564409958,-0.28927749316007884,0.0008223198009898986,-0.09712472742591541,-53.45810385971162,0.001259236234313866,0.35131696376517013,-0.38506689497440916,RECONSTRUCTED - approximate only,0.001259236234313866,0.2804885083630902,486.32
2026-06-12,IDA,Pullback50,signal,143.97,143.97,144,0.21121748713180533,0.0048742755955519705,0.21121748713180533,-0.0002797124585807319,-33.37338139934366,20.02100633227749,0.23470131098363164,0.23470131098363164,-0.5201724930853818,-109.57948698752972,-0.0018183977801438731,0.5160668963102876,1.7338909760925532,-0.2687524178078526,-0.007203796405614867,-0.08945181882574936,-104.32153697929496,0.005131780158446836,-0.5520930941814628,-0.6575114759145474,RECONSTRUCTED - approximate only,0.005131780158446836,-0.6547648318772358,486.3
2026-06-12,KEX,Pullback50,signal,143.22,143.22,143,0.221818002787584,0.0034919484663569382,0.221818002787584,-0.009900977458335963,-97.17988608951849,143.7516954750693,0.8934414762705845,0.8934414762705845,-0.8239926726497473,-177.5068518815774,-0.014642245652888823,0.5384856290706478,1.9372011596505985,-0.5751877468256434,-0.022312069370358435,-0.4157265977685684,-172.31476989157122,0.018535620024178263,-0.8522052794610615,-0.9073601628416122,RECONSTRUCTED - approximate only,0.018535620024178263,-0.917444692301705,486.28
2026-06-12,MUR,Pullback50,signal,39.33,39.33,39,0.4551027720114694,-0.015328660089873828,0.4551027720114694,-0.06153448455867715,-105.08684137671992,46.732149004086544,0.5342187364729555,0.5342187364729555,-0.9803215351683052,-125.04795491232417,-0.11380025659830167,0.571588340114348,1.178680482813384,-0.9090483317223736,-0.09191554276001596,-0.8216148918000402,-122.85796156466473,0.02480207358480273,-0.9998794746527073,-0.9955084534073215,RECONSTRUCTED - approximate only,0.02480207358480273,-0.9999970707864971,486.28
2026-06-12,NWE,Pullback50,signal,70.74,70.74,71,0.32548336820988066,0.0014396832461663644,0.32548336820988066,0.005541229514025597,-3.5860634946088252,70.09077331811275,0.742112070462604,0.742112070462604,-0.6412538427825919,-87.34032709407464,-0.005967686405239414,0.4850110107328749,1.1800001689114978,-0.11502563493660749,-0.01619788206808394,0.08487008771302816,-84.98456775498249,0.02142043624870685,-0.6622686420856805,-0.7733553745502556,RECONSTRUCTED - approximate only,0.02142043624870685,-0.7669624655766902,486.27
2026-06-12,OGE,Pullback50,signal,47.88,47.88,48,0.23156693262394465,0.002535903057030047,0.23156693262394465,0.002719687660882665,-5.47108138100949,11.370202069334844,0.3365230759832052,0.3365230759832052,-0.5906716920434182,-39.97901178789248,-0.0023012680357173783,0.4871883106798408,0.5767127706377586,-0.16780519575556818,-0.0096234119626514,0.02913146455361978,-39.42867897166458,0.00758854596907345,-0.600716513847033,-0.7292339895039608,RECONSTRUCTED - approximate only,0.00758854596907345,-0.7094027704206659,486.3
2026-06-12,OVV,Pullback50,signal,57.68,57.68,58,0.3561165472151013,-0.01751282857122934,0.3561165472151013,-0.04969378961961829,-94.17672601263168,102.97186676495721,1.1919997696156357,1.1919997696156357,-0.9739382745247512,-105.8528232162816,-0.0442695105239585,0.4728605373340237,1.0099950491110867,-0.9435160126608444,-0.06194227158374345,-0.8627116340231361,-104.84886985504123,0.034389625781913305,-0.9844016229615784,-0.9941404338446642,RECONSTRUCTED - approximate only,0.034389625781913305,-0.9967540231467789,486.3
2026-06-12,POR,Pullback50,signal,50.69,50.69,51,0.2525925500392769,0.004595335551898323,0.2525925500392769,-0.005126157007448115,-22.52502842268212,13.829729207382824,0.37692425517145134,0.37692425517145134,-0.7727341838963697,-53.38331815990797,-0.01044957330421244,0.44852260987812015,0.586246279068483,-0.4852823314432732,-0.018138808815384613,-0.2758417800721398,-50.198654092420256,0.00875104319985435,-0.8299162605332254,-0.8819582389764163,RECONSTRUCTED - approximate only,0.00875104319985435,-0.9099691232729102,486.29
2026-06-12,SWX,Pullback50,signal,88.93,88.93,89,0.20466518245116844,0.0034083510929268437,0.20466518245116844,-0.006628513123526846,-44.59711608881991,25.69309259558287,0.3857263395697479,0.3857263395697479,-0.8518243091388753,-77.17431023988709,-0.005167948246632151,0.5080751477716297,1.0131020232269066,-0.5206290054042673,-0.021458303744180347,-0.34460181747343754,-93.41458867940243,0.007812527669728762,-0.6830848382425356,-0.9292228766785127,RECONSTRUCTED - approximate only,0.007812527669728762,-0.7800034805860463,486.3
2026-06-12,ADBE,GapDown,signal,204.75,204.75,205,0.4723342415550994,-0.07495433695855098,0.4723342415550994,0.011469445588118158,28.61972673586911,28.9458045309014,0.16515302796130135,0.16515302796130135,-0.773744870757616,-531.396057689061,-0.04470154977448749,0.5114520849105436,5.316039080483947,-0.01880503094080347,-0.03793748324221962,0.16450735967510569,-445.21989807563074,0.00800400407524272,-0.9443827189527568,-0.8742119386462612,RECONSTRUCTED - approximate only,0.00800400407524272,-0.9792217293751078,486.17
2026-06-12,LEN,VolumeSpike,signal,90.97,90.97,91,0.3953687488639255,-0.018536014359171817,0.3953687488639255,-0.006090842006312712,-61.818346345568536,-129.6294111672621,-0.5651476957884514,-0.5651476957884514,-0.8586793024980353,-195.844980933381,-0.031672209453993905,0.5155020347302485,2.0149374068191435,-0.3914559878301362,-0.042303428191853835,-0.21089317655728126,-185.81695353933435,-0.03101190378727097,-0.9110671249375751,-0.9332437005040217,RECONSTRUCTED - approximate only,-0.03101190378727097,-0.9598871139334143,486.19
2026-06-12,STZ,Pullback50,signal,149.07,149.07,149,0.31459069995710637,0.0005589843053668464,0.31459069995710637,-0.0025586804799588524,-65.88905712189616,327.6648296541891,1.3893796834273386,1.3893796834273386,-0.9845418728511585,-282.0026605981375,-0.0471348748159693,0.5217612461816692,2.696630416101982,-0.324282112885115,-0.06430535415937386,-0.14686068071130248,-280.486132385382,0.03708098932790467,-0.990461651392478,-0.9970365636382706,RECONSTRUCTED - approximate only,0.03708098932790467,-0.9982864355386514,486.18
2026-06-12,L,Pullback50,signal,108.11,108.11,108,0.2462005400660759,0.0031665859103412225,0.2462005400660759,0.0014798004869630995,-19.952345683450822,4.498311240925558,0.14393663697990003,0.14393663697990003,-0.38012179109740013,-85.06572256939445,9.243901759199182e-05,0.5299044395965741,1.5782095795734392,-0.1904359233632322,-0.004069574826385765,-0.019143944571018503,-74.07372174661481,0.003806551532767403,-0.4534360538647102,-0.5197524419151154,RECONSTRUCTED - approximate only,0.003806551532767403,-0.5526236620374618,486.2
2026-06-12,MRNA,Pullback50,signal,50.03,50.03,50,0.6573228227028697,0.006849318226599168,0.6573228227028697,0.04448008870948202,98.94498168492493,-23.31461190175722,-0.019724361597714582,-0.019724361597714582,5.459879239813544,706.6672752350228,0.18904030058377633,0.5249726074877644,1.8540471704824704,0.5193371309152314,0.23822880036063449,0.6744020397555112,941.8325255916423,-0.0014005541309592146,4.124733226608148,5.459388082217115,RECONSTRUCTED - approximate only,-0.0014005541309592146,4.1246725779986315,486.27
2026-06-12,PCAR,Pullback50,signal,118.28,118.28,118,0.3094851146236863,0.005698232339781744,0.3094851146236863,0.0183091955771397,90.71621668250546,-9.403698271209182,0.06686480082090356,0.06686480082090356,-0.4874683477524691,-16.264126859351755,0.01349988313224634,0.5394714244101511,2.221503563325342,0.3994977990011334,-0.009956128405314235,0.5412704506774753,-126.391739429594,0.002283269708806818,0.03435752108383016,-0.6201730908707354,RECONSTRUCTED - approximate only,0.002283269708806818,-0.0376832258578506,486.29
2026-06-12,PCG,Pullback50,signal,16.95,16.95,17,0.2786214021480853,0.004169129899182032,0.2786214021480853,-0.02182895708432011,-18.534106576793025,0.6775884377516206,0.19035102286861627,0.19035102286861627,-0.8710989526149434,-24.5130838241946,-0.018879149720896955,0.4871585816935679,0.244649697154534,-0.7831140515254398,-0.03008850772425524,-0.6362527740141396,-23.99233599168872,0.005338087148860071,-0.8935046869992307,-0.9430825713485751,RECONSTRUCTED - approximate only,0.005338087148860071,-0.9502270271240073,486.33
2026-06-12,WBD,Pullback50,signal,26.91,26.91,27,0.15,-0.00297840364438501,0.14113003764791257,-0.005559659787816298,-10.565868934852517,6.888001812342732,0.5526034254205855,0.5526034254205855,-0.9789303331013884,-14.747267518530155,-0.001111889540617407,0.4585105904855708,0.1926709912304556,-0.5925515497919759,-0.027427716222148856,-0.4009649039906595,-21.144800286603996,0.007468216970231616,-0.6294098901941215,-0.995773592907576,RECONSTRUCTED - approximate only,0.007468216970231616,-0.742786491704511,486.3
2026-06-12,COKE,Pullback50,signal,187.9,187.9,188,0.621737679024393,0.002415442516751701,0.621737679024393,-0.013092802820045771,-226.0589564662275,-8.10729761424912,0.09422402053062674,0.09422402053062674,-0.538797605801358,-624.6208795052185,-0.04784717399737964,0.519145130996431,6.491065560383319,-0.43901844509361193,-0.02261961793499345,-0.2592199505051673,-398.46086099208065,0.006104414402401272,-0.9055527635911863,-0.6763316319976661,RECONSTRUCTED - approximate only,0.006104414402401272,-0.9564128417141917,486.27
2026-06-12,DTM,Pullback50,signal,142.08,142.08,142,0.2614172031135079,0.0021377745046006614,0.2614172031135079,-0.0053026017184261524,-73.46120810222305,72.60358733463688,0.46538370413297425,0.46538370413297425,-0.367065889703378,137.7192756382328,0.02545242351942065,0.523980370568729,2.1602002617887166,-0.42014829291733374,-0.003747163250484497,-0.24636704865146544,-98.23090656582698,0.012017367437443707,0.7826822018958769,-0.5094873531165772,RECONSTRUCTED - approximate only,0.012017367437443707,0.7489887651033041,486.3
2026-06-12,IPGP,Pullback50,signal,115.58,115.58,116,1.1349843548243186,0.0003597528073481518,1.1349843548243186,0.046750985948671775,175.56893568683944,117.7574063421492,0.2818672571233264,0.2818672571233264,-0.3236205685407028,-213.51848920191253,0.029219349581647663,0.5245642903117962,7.096301058170859,0.18450013611181756,-0.00880943848921354,0.3676221326797887,-290.4313639649269,0.03074708321252716,-0.20953166484353986,-0.47639570051936525,RECONSTRUCTED - approximate only,0.03074708321252716,-0.31422749749805007,486.28
2026-06-12,NXT,Pullback50,signal,123.53,123.53,124,0.9015423905354287,0.02615305185023973,0.9015423905354287,0.03240896510215458,110.64898009633212,-105.89848997991932,-0.07874787203010797,-0.07874787203010797,-0.12653408350501652,117.28436618407184,0.05899253554995585,0.5158293824579201,5.983536623214505,0.11613945156439186,0.011732854753864697,0.3022052660505694,-133.06189189217417,-0.007572675870562327,0.3138783239330339,-0.28224236437958783,RECONSTRUCTED - approximate only,-0.007572675870562327,0.23830908871199233,486.35
2026-06-12,PBF,Pullback50,signal,41.73,41.73,42,0.5758339344767596,-0.009968388931794829,0.5758339344767596,-0.05323465205844309,-96.0219186196007,50.19408318362679,0.5498692456546502,0.5498692456546502,-0.9730254271265005,-125.90882974484222,-0.062067283647743075,0.4884410247666372,1.2191533040208498,-0.8423031033050906,-0.09835280477236939,-0.7125772435431551,-126.18691365607782,0.028732763601943472,-0.9706244172978074,-0.9937050793698241,RECONSTRUCTED - approximate only,0.028732763601943472,-0.9918193189289628,486.39
2026-06-12,PNFP,Pullback50,signal,95.66,95.66,96,0.22735335950531782,0.008854297524744054,0.22735335950531782,-0.0029057573425004305,-32.99985266694549,89.44088509954936,0.9871173405890616,0.9871173405890616,-0.5639206674330547,-63.10369046641871,0.0011415588382607958,0.47349440370154333,1.0831350923073089,-0.40343786381983765,-0.008094632361522452,-0.20280797932716094,-70.15756601961267,0.01892778810726072,-0.4953684414550404,-0.7098587921080506,RECONSTRUCTED - approximate only,0.01892778810726072,-0.6130324922355465,486.37
2026-06-12,RGA,Pullback50,signal,209.53,209.53,210,0.23031979752726844,0.0074692433777682,0.23031979752726844,-0.00028509175321349956,-49.48854197756228,122.79700767201608,0.6204466692206577,0.6204466692206577,0.015119557541951252,-198.31016858696793,-0.0061772538399111196,0.49033217770707266,2.535570845274947,-0.28918004112368945,0.006557400346039904,-0.09478954867246024,-23.013721069550787,0.013142671439898721,-0.712616276295949,-0.14052575430349493,RECONSTRUCTED - approximate only,0.013142671439898721,-0.8098300134774389,486.42
2026-06-16,AEE,Pullback50,signal,109.94,109.94,110,0.20649393316817574,0.003103075369463719,0.20649393316817574,-0.014120249281205123,-83.29249004973798,15.582399631565881,0.24444999672219145,0.24444999672219145,-0.5245557822231492,133.67855046077807,0.02570597620924484,0.511468447337736,1.2767692067944552,-0.7225851092575227,-0.007060159168998196,-0.5707234166841771,-77.69267571685161,0.005186058373508377,1.2180929781899683,-0.6629411464766857,RECONSTRUCTED - approximate only,0.005186058373508377,1.1979358648333478,484.52
2026-06-16,ED,Pullback50,signal,107.87,107.87,108,0.18645828475833587,-0.0002784884789911181,0.18645828475833587,-0.012272785801849909,-70.83694133672141,23.293988518671004,0.3410154841600238,0.3410154841600238,-0.7385744702225105,100.39633308556543,0.02168495353475676,0.5013573427064997,1.098118919000207,-0.7173330554057358,-0.013380128641571449,-0.5613019935470244,-89.33023607998199,0.006314423713991157,1.080100853674351,-0.8482391182890734,RECONSTRUCTED - approximate only,0.006314423713991157,1.0521963356678974,484.5
2026-06-16,DUK,Pullback50,signal,125.27,125.27,125,0.17466867938413255,-0.0020753682851522774,0.17466867938413255,-0.018483216300057084,-111.87759578850437,46.163918035636726,0.4591387395192443,0.4591387395192443,-0.8572969969262771,-44.65601316634574,0.0037283930652518412,0.5560402307789518,1.4118526843678865,-0.8347127045067606,-0.02014914298524185,-0.719167539017318,-130.40434815271365,0.00831867655937121,-0.21798521710542382,-0.9289788268805304,RECONSTRUCTED - approximate only,0.00831867655937121,-0.2975009913175211,484.56
2026-06-16,EA,Pullback50,signal,203.09,203.09,203,0.15,-0.0005415548099442355,0.03520877035037988,0.0,-32.78437031533435,-19.07371925702358,0.002911708895168171,0.002911708895168171,-0.26229640127091136,-7.549301480737901,0.0073884344814954305,0.5310406929209999,1.8279348605379084,-0.24595366248745335,-0.00024629618119161506,-0.07604222203243115,-65.12811849466927,4.9306762700606554e-05,0.06927603260378717,-0.40121242246290595,RECONSTRUCTED - approximate only,4.9306762700606554e-05,-0.0017269452800839462,484.57
2026-06-16,EME,Pullback50,signal,856.15,856.15,856,0.3388613740788032,0.009937071397945673,0.3388613740788032,-0.008709008902035494,-623.2002276457777,-834.8090319364608,-0.4262384483537561,-0.4262384483537561,1.2734099236013101,-146.5501927669154,0.014854346812633767,0.5189949559692606,16.507531078729585,-0.466659791779892,0.04086153617581564,-0.29130239479291753,1830.6058087447766,-0.018691106655147522,0.012641833103377208,1.2074820182188857,RECONSTRUCTED - approximate only,-0.018691106655147522,-0.07050931719931754,484.63
2026-06-16,FTV,Pullback50,signal,60.65,60.65,61,0.22172566876285635,0.004147273396307661,0.22172566876285635,-0.012208974398660739,-37.86580110856482,38.838087117476206,0.8001735726725542,0.8001735726725542,-0.08776081485169496,-60.98611326969559,-0.015962406995566916,0.4440069288758636,0.6080009324929279,-0.7071146110053081,0.004894803313393844,-0.5278002947971178,-12.449081765215407,0.014868685677005729,-0.9280820936446914,-0.27340463704030676,RECONSTRUCTED - approximate only,0.014868685677005729,-0.9726507260272099,484.66
2026-06-16,HUBB,Pullback50,signal,504.89,504.89,505,0.2730012852420672,0.014130199814014331,0.2730012852420672,0.012374418176127683,209.84996851173264,255.63054527939317,0.451986072382693,0.451986072382693,3.7565342775867583,692.5738153141026,0.03089624782228709,0.5153573192243049,7.8002691560396045,0.2231934224053187,0.07309265134402719,0.3902060493552169,2704.385262050827,0.012080942461967625,1.0416327564217165,3.7528591846215686,RECONSTRUCTED - approximate only,0.012080942461967625,1.015651828967712,484.64
2026-06-16,PCG,Pullback50,signal,16.82,16.82,17,0.282661758719711,0.0018094503488273776,0.282661758719711,-0.017921101622602242,-13.956423549819352,2.415306966641727,0.31097525927445346,0.31097525927445346,-0.5312233546117252,4.3018068754382455,0.02270018359085389,0.4098755510212971,0.1901127552701114,-0.7715628187504853,-0.006571123766760656,-0.5955078706532622,-12.795399435562434,0.007826559662230502,0.4154285020281627,-0.7027858018099491,RECONSTRUCTED - approximate only,0.007826559662230502,0.2934609981336936,484.63
2026-06-16,PSX,Pullback50,signal,171.85,171.85,172,0.31889237218745015,-0.015064069566552972,0.31889237218745015,-0.028081405994503997,-225.59429153446564,38.75029964208436,0.24418323201338143,0.24418323201338143,-0.7052462870607507,-278.80021846731324,-0.019534887269485827,0.5095888640464961,3.034709736301849,-0.8071426065545182,-0.020872071731922237,-0.6727330089957436,-234.96778587724745,0.007910964850866233,-0.857285219069488,-0.8207127251981128,RECONSTRUCTED - approximate only,0.007910964850866233,-0.9238604125007455,484.59
2026-06-16,SRE,Pullback50,signal,92.2,92.2,92,0.2200748800686362,0.001087699349364214,0.2200748800686362,-0.016563086843944683,-85.08566007263693,-27.07065213363472,-0.10846764699272379,-0.10846764699272379,-0.29378442777184943,-3.9857674463110158,0.010461082041851026,0.5469478447120867,1.2692134978022906,-0.7293642296885661,-0.0016344132406228052,-0.5896193958136998,-49.41527528937749,-0.002825188956635743,0.08298854741674308,-0.4268361621186676,RECONSTRUCTED - approximate only,-0.002825188956635743,0.018661665031693066,484.58
2026-06-16,TDY,Pullback50,signal,635.41,635.41,635,0.2970748621635087,0.004185542437615855,0.2970748621635087,-0.02336253363462622,-755.4899483813027,-155.1678200340563,-0.042828396404123434,-0.042828396404123434,-0.7242569184878587,-1086.0725811573886,-0.02840958021487219,0.5237499535721696,10.936891514068236,-0.7617248479688146,-0.02129919335019331,-0.6206141676411923,-863.1752529931143,-0.0014263172903511885,-0.9387865827776659,-0.8334180244013718,RECONSTRUCTED - approximate only,-0.0014263172903511885,-0.9758126095312528,484.58
2026-06-16,DINO,Pullback50,signal,66.75,66.75,67,0.4032968980029746,-0.012788113165078996,0.4032968980029746,-0.010063054228286421,-54.823086794296934,-6.179686560127494,0.06852376065622161,0.06852376065622161,-0.49478201497769503,-112.60394882871175,-0.012316005891753357,0.49128779412605594,1.398093750751702,-0.4862950337312997,-0.011114530982468436,-0.2977147635223777,-80.9973436043588,0.0028619135886884086,-0.7327496816280088,-0.6437648613135213,RECONSTRUCTED - approximate only,0.0028619135886884086,-0.8276797030040924,484.54
2026-06-16,GTLS,Pullback50,signal,207.28,207.28,207,0.15,0.00024192293370351898,0.02933264579281111,-0.001929614806486833,-54.52115945891881,9.662271098659481,0.16397072140752975,0.16397072140752975,0.31935068414177026,-14.085419179940983,0.006753467804507606,0.548400385557528,1.9655444792759198,-0.34122566607284266,0.008104161365409129,-0.17975849236722632,38.67586275318605,0.0027087043809344707,0.0367918710793751,0.21628839851884488,RECONSTRUCTED - approximate only,0.0027087043809344707,-0.029017491402293556,484.51
2026-06-16,IDA,Pullback50,signal,143.11,143.11,143,0.20060818892618631,-0.0007695579157181964,0.20060818892618631,-0.008244308630719621,-82.74247510553403,-2.840633723944129,0.09578648346272775,0.09578648346272775,-0.36368405591771497,228.2154147103224,0.028924748469323792,0.530324311110984,1.7112751113800186,-0.5594030592039922,-0.002864554238260978,-0.3957020030757041,-77.53728107708403,0.002100420415261695,1.5170476908004826,-0.503035690935656,RECONSTRUCTED - approximate only,0.002100420415261695,1.5081753430810207,484.45
2026-06-16,NOV,Pullback50,signal,20.39,20.39,20,0.39288807069266585,-0.01218323559566069,0.39288807069266585,-0.03306612613652565,-45.41434126350603,-25.851162749196998,-0.2788947811228602,-0.2788947811228602,-0.9225946725540288,-71.6882123778734,-0.08066126136525652,0.655338857552789,0.6727266726745231,-0.6983668511384455,-0.06412819829699369,-0.5850045330504388,-66.98940093472397,-0.015293604651709867,-0.996118103532532,-0.9657922592995257,RECONSTRUCTED - approximate only,-0.015293604651709867,-0.9994420152970441,484.37
2026-06-16,NWE,Pullback50,signal,71.16,71.16,71,0.3302731060072589,0.0021195638405276432,0.3302731060072589,-0.018707479315430493,-81.8434031573467,-33.10499762715798,-0.13159472920622517,-0.13159472920622517,-0.4437398829827218,1.8028523326361634,0.016865114549048273,0.5370677166873439,1.4134612649154477,-0.6487391264201131,-0.008503380029496866,-0.49455893658893446,-75.0194805971026,-0.005076150869236779,0.12837069137453627,-0.5794623093717682,RECONSTRUCTED - approximate only,-0.005076150869236779,0.0611569785273812,484.5
2026-06-16,POR,Pullback50,signal,50.67,50.67,51,0.21633137814739462,0.00257626156241095,0.21633137814739462,-0.019492038140408383,-38.41352083760513,2.6587664016760506,0.19262073030049282,0.19262073030049282,-0.7051403583164226,45.445682552509474,0.025398776172948122,0.4326234607550213,0.4770190394857501,-0.8524859325753015,-0.011813400154705342,-0.7137159772295201,-38.02490115539757,0.003953365533429832,1.1367939262948192,-0.835212153834683,RECONSTRUCTED - approximate only,0.003953365533429832,1.0785218205093725,484.48
2026-06-16,BALL,Pullback50,signal,57.95,57.95,58,0.3109379135459708,0.002092462942892351,0.3109379135459708,-0.008076944786008853,-39.4371460370761,27.806259478605835,0.4122068324381739,0.4122068324381739,-0.25007873306770695,155.68345732035985,0.047946399404909835,0.5094820876999213,0.998169058795213,-0.47607121971904337,0.0001718875488317645,-0.2969168525536726,-34.9956716809869,0.012528230219464235,1.7607517055681974,-0.4008783583631607,RECONSTRUCTED - approximate only,0.012528230219464235,1.7515333490252833,483.04
2026-06-16,ETR,Pullback50,signal,112.14,112.14,112,0.24544421930201835,0.0007202181286993944,0.24544421930201835,-0.013613300005389928,-93.93975967520647,52.501477252254595,0.44937751026513845,0.44937751026513845,-0.29919774972781954,71.1107306107694,0.02046448139735155,0.5326601223508809,1.645764948762796,-0.6430948207829241,-0.0016905635949647489,-0.4872609238310567,-64.53652056644911,0.011065092542438678,0.5684023306717881,-0.43863468144038126,RECONSTRUCTED - approximate only,0.011065092542438678,0.527523968283521,483.06
2026-06-16,EXC,Pullback50,signal,46.44,46.44,46,0.21396309052843165,0.0036812076184906256,0.21396309052843165,-0.022107722170498053,-61.69110499391869,5.9118504737255675,0.19762521563746313,0.19762521563746313,-0.6044595200384975,-9.835741585107748,0.006653817820899841,0.6437340693506607,0.821919924352045,-0.7760914379018982,-0.013951524441941887,-0.6681647919659457,-56.7168449269924,0.0051780299108488345,-0.004053952884660973,-0.7022706890071144,RECONSTRUCTED - approximate only,0.0051780299108488345,-0.04058817256564445,483.15
2026-06-16,FE,Pullback50,signal,47.58,47.58,48,0.1782299408665542,0.0021123462990869303,0.1782299408665542,-0.03270443078279906,-32.07249942053956,6.116444219529517,0.359715477881851,0.359715477881851,-0.9172998572849538,-20.798784265349042,0.0025157008378498577,0.38023033529893957,0.3068073181401445,-0.9883051309730178,-0.01970654981910578,-0.9505168948614805,-31.10433255007517,0.00548065227143759,-0.5637246678589165,-0.9735874234385629,RECONSTRUCTED - approximate only,0.00548065227143759,-0.7079755675694321,483.16
2026-06-16,HSY,MomReversal,signal,181.95,181.95,182,0.29531256537704914,0.0008281922366456108,0.29531256537704914,-0.039502556131350314,-270.9271072838598,34.303762701286445,0.22895268535012755,0.22895268535012755,-0.9890366035617293,-142.60185747927426,0.0028489425898525042,0.5148279950411261,3.0299772114691876,-0.9210071454551593,-0.06371906974893307,-0.8314369816076391,-316.2918172742798,0.006951394702693101,-0.38562765403478044,-0.998214611772115,RECONSTRUCTED - approximate only,0.006951394702693101,-0.48940577992198564,483.17
2026-06-16,SO,Pullback50,signal,94.1,94.1,94,0.19734728280975924,0.0008527161726168815,0.19734728280975924,-0.018873913957965928,-86.03153487910096,9.58101097685663,0.207277826558927,0.207277826558927,-0.5886390860468981,40.25925580887748,0.015586907631821639,0.5349251979497387,1.122749886373235,-0.8147820036326426,-0.009330901030627598,-0.6891354025409425,-75.31247322626234,0.00436630485678798,0.49490100683087707,-0.7144314140127863,RECONSTRUCTED - approximate only,0.00436630485678798,0.4516298207926972,483.21
2026-06-16,TFC,Pullback50,signal,49.16,49.16,49,0.3257203443261137,0.009694744743007981,0.3257203443261137,-0.019540054514530673,-59.15143288907407,-1.5442343550568938,0.10266642752330067,0.10266642752330067,-0.416962672282754,-9.875281660070867,0.013433743803446427,0.5462068784835656,0.9900480913408742,-0.659555104938295,-0.007531095838346286,-0.5098205504523876,-50.4177252095322,0.003677227831874955,0.014089685083597125,-0.5502591336378861,RECONSTRUCTED - approximate only,0.003677227831874955,-0.05662982227770481,483.21
2026-06-16,VLO,Pullback50,signal,244.32,244.32,244,0.3944286410114171,-0.013028002803824056,0.3944286410114171,-0.017859339381263085,-285.4985934865804,-47.70179081265252,0.018023798212450315,0.018023798212450315,-0.2731394979342284,-377.83412574971607,-0.006963552914551783,0.5274496505469555,5.598847871762331,-0.5928983391818899,-0.001433687365400395,-0.4290546536414352,-202.56879590443558,0.0007788900529009713,-0.6026533999286715,-0.4166333902485375,RECONSTRUCTED - approximate only,0.0007788900529009713,-0.7017237256281358,483.22
2026-06-16,WEC,Pullback50,signal,114.23,114.23,114,0.18103787588765397,0.001228064821477522,0.18103787588765397,-0.018575017767767002,-103.25477927481926,15.162649052465326,0.2366996385591051,0.2366996385591051,-0.7342661510966926,-7.804641630985119,0.008197457542654949,0.5521815994391942,1.3184394605029013,-0.8271470946048683,-0.014214679335884049,-0.7087356907770659,-106.4525140761882,0.004643409691002167,0.05333061646504573,-0.8364652594052494,RECONSTRUCTED - approximate only,0.004643409691002167,-0.01026448228099124,483.35
2026-06-16,KNF,Pullback50,signal,82.09,82.09,82,0.5499294520558642,0.012373175003414914,0.5499294520558642,0.01681283165975578,29.82368458309964,-13.822031563379122,0.05409667897447041,0.05409667897447041,1.273211413814014,568.0329639502742,0.10623782926627497,0.5259422836204914,2.5761174374982616,0.059608278773970576,0.0659112562381546,0.2324381568621128,284.5333274760865,0.0031777332828188216,2.4316239365856216,1.2055950757018186,RECONSTRUCTED - approximate only,0.0031777332828188216,2.429257305900792,483.43
2026-06-16,NVST,Pullback50,signal,24.83,24.83,25,0.422576406557215,0.0048621932901516205,0.422576406557215,0.004444469105113636,-5.5669258511824955,-8.622812674613439,-0.045521858033899444,-0.045521858033899444,0.5909251358629266,55.16405461361305,0.05212124911221591,0.47171897393237916,0.5112062243414357,-0.193491888710046,0.030707079954821654,0.017402316572474576,22.28597547601462,-0.0020160983305930577,1.2679220640586146,0.4455859406217799,RECONSTRUCTED - approximate only,-0.0020160983305930577,1.231765754373986,483.57
2026-06-16,RNR,Pullback50,signal,299.16,299.16,299,0.25407606797987153,0.004707760688335672,0.25407606797987153,0.008017044607786008,53.16106119275358,51.65713460717453,0.23129472217695446,0.23129472217695446,-0.20739385709013983,462.6863710437693,0.03150261695275353,0.5239420168294374,4.423046919678967,0.06734341731785536,0.001064526595297566,0.23487388524066868,-132.67518146926355,0.0061248630421790766,1.2094945061737912,-0.35033776446084086,RECONSTRUCTED - approximate only,0.0061248630421790766,1.1918303072201224,483.59
