=== 09:01:27 ET — after hours (exit summary) [elapsed=1.3s reconcile=0.46s] ===
=== options_morning_bot (PAPER) 2026-09-22T09:01:27.017985-04:00 ===

[Run context]
After hours (09:01 ET) — exit summary only.
Paper auth OK — equity $997383.89, account PA33P8KT02IL
  reconcile: layout changed controlled:100:c000_s173_w1_0928_1005_r1 -> controlled:1164:live_1to1+variations

[Exit summary]
========================================================
OPTIONS EXIT SUMMARY — 2026-09-22
========================================================
Account equity: $997,383.89
Open broker positions: 15  unrealized $-77.00

No closed trades today.
========================================================

[Portfolio snapshot]
========================================================
OPTIONS TRIAL STATS
========================================================
Account equity: $997,383.89
Active buckets: 1164 of 1164 profiles ($500 virtual each) — paper unlimited mode

P&L summary
  Reflected (ex-S203,S207,S212,S360,S405,S407): $+12,903.88 all-time  |  $+0.00 today
  Raw (incl dropped):     $+8,040.88 all-time  |  $+0.00 today
  Open (not sold yet): $+215.00 unrealized (virtual lots)
                       $-77.00 unrealized (broker total)
  Premium deployed:    $2,387.00 in open positions
  Combined P&L:        $+13,118.88 (reflected realized + open virtual)

Ledger (master)
  Total events:     14465
  Today entries:    0
  Today exits (reflected): 0
  All-time exits (reflected): 2946  wins 42%
  Avg return/trade: +31.5%  median -30.4%

Open virtual lots (by bucket)
  b0 lab0000_s200_w1_0928_1005_r1  prem=$   294  real=$ +0.00  open=$ +0.00  lots=4  [ORPHAN:BACx3, ORPHAN:NFLXx1, ORPHAN:CELHx1, ORPHAN:AXPx1]
       buy: ask-0.01  sell: bid-0.01  tp=+50% sl=-50%
  b16 lab0016_s202_w1_0928_1005_r1  prem=$    32  real=$-47.00  open=$+14.15  lots=1  [S202:NFLXx1]
       buy: ask-0.01  sell: bid-0.01  tp=+50% sl=-50%
  b17 lab0017_s202_w1_0928_1005_r2  prem=$    32  real=$-56.00  open=$+14.15  lots=1  [S202:NFLXx1]
       buy: ask-0.01  sell: bid-0.01  tp=+50% sl=-50%
  b18 lab0018_s202_w2_1005_1045_r1  prem=$     0  real=$-29.00  open=$ +0.00  lots=0  [-]
       buy: ask-0.01  sell: bid-0.01  tp=+50% sl=-50%
  b19 lab0019_s202_w2_1005_1045_r2  prem=$     0  real=$-43.00  open=$ +0.00  lots=0  [-]
       buy: ask-0.01  sell: bid-0.01  tp=+50% sl=-50%
  b20 lab0020_s202_w3_1045_1120_r1  prem=$     0  real=$ -6.00  open=$ +0.00  lots=0  [-]
       buy: ask-0.01  sell: bid-0.01  tp=+50% sl=-50%
  b21 lab0021_s202_w3_1045_1120_r2  prem=$     0  real=$-24.00  open=$ +0.00  lots=0  [-]
       buy: ask-0.01  sell: bid-0.01  tp=+50% sl=-50%
  b73 lab0073_s209_w1_0928_1005_r2  prem=$     0  real=$-11.00  open=$ +0.00  lots=0  [-]
       buy: ask-0.01  sell: bid-0.01  tp=+50% sl=-50%
  b74 lab0074_s209_w2_1005_1045_r1  prem=$     0  real=$-39.00  open=$ +0.00  lots=0  [-]
       buy: ask-0.01  sell: bid-0.01  tp=+50% sl=-50%
  b75 lab0075_s209_w2_1005_1045_r2  prem=$     0  real=$-68.00  open=$ +0.00  lots=0  [-]
       buy: ask-0.01  sell: bid-0.01  tp=+50% sl=-50%
  b77 lab0077_s209_w3_1045_1120_r2  prem=$     0  real=$-39.00  open=$ +0.00  lots=0  [-]
       buy: ask-0.01  sell: bid-0.01  tp=+50% sl=-50%
  b79 lab0079_s209_w4_1120_1135_r2  prem=$     0  real=$-53.00  open=$ +0.00  lots=0  [-]
       buy: ask-0.01  sell: bid-0.01  tp=+50% sl=-50%
  b80 lab0080_s210_w1_0928_1005_r1  prem=$     0  real=$+57.00  open=$ +0.00  lots=0  [-]
       buy: ask-0.01  sell: bid-0.01  tp=+50% sl=-50%
  b81 lab0081_s210_w1_0928_1005_r2  prem=$     0  real=$+47.00  open=$ +0.00  lots=0  [-]
       buy: ask-0.01  sell: bid-0.01  tp=+50% sl=-50%
  b82 lab0082_s210_w2_1005_1045_r1  prem=$     0  real=$-70.00  open=$ +0.00  lots=0  [-]
       buy: ask-0.01  sell: bid-0.01  tp=+50% sl=-50%
  b83 lab0083_s210_w2_1005_1045_r2  prem=$     0  real=$+14.00  open=$ +0.00  lots=0  [-]
       buy: ask-0.01  sell: bid-0.01  tp=+50% sl=-50%
  b84 lab0084_s210_w3_1045_1120_r1  prem=$     0  real=$-240.00  open=$ +0.00  lots=0  [-]
       buy: ask-0.01  sell: bid-0.01  tp=+50% sl=-50%
  b85 lab0085_s210_w3_1045_1120_r2  prem=$     0  real=$+25.00  open=$ +0.00  lots=0  [-]
       buy: ask-0.01  sell: bid-0.01  tp=+50% sl=-50%
  b86 lab0086_s210_w4_1120_1135_r1  prem=$     0  real=$+67.00  open=$ +0.00  lots=0  [-]
       buy: ask-0.01  sell: bid-0.01  tp=+50% sl=-50%
  b87 lab0087_s210_w4_1120_1135_r2  prem=$     0  real=$-21.00  open=$ +0.00  lots=0  [-]
       buy: ask-0.01  sell: bid-0.01  tp=+50% sl=-50%
  (291 more active bucket(s) omitted)
  (853 quiet bucket profile(s) — no trades yet)

Alpaca option positions
  AXP260925C00325000  qty=2  cost=$76.00  return=-13.2%  open P&L=$-10.00
  BAC260925C00058000  qty=7  cost=$469.00  return=-11.9%  open P&L=$-56.00
  BAC260925C00059000  qty=2  cost=$80.00  return=-42.5%  open P&L=$-34.00
  CELH260925C00029000  qty=2  cost=$106.00  return=-58.5%  open P&L=$-62.00
  CELH260925C00029500  qty=2  cost=$70.00  return=-62.9%  open P&L=$-44.00
  MARA260925C00011500  qty=-1  cost=$16.00  return=-1125.0%  open P&L=$-180.00
  MARA260925C00012000  qty=-1  cost=$29.00  return=-386.2%  open P&L=$-112.00
  MARA260925C00012500  qty=3  cost=$149.00  return=+95.3%  open P&L=$+142.00
  MDT260925C00094000  qty=4  cost=$276.00  return=-82.6%  open P&L=$-228.00
  NFLX260925C00074000  qty=7  cost=$356.00  return=+57.3%  open P&L=$+204.00
  NFLX260925C00075000  qty=14  cost=$466.00  return=+44.2%  open P&L=$+206.00
  NFLX260925C00076000  qty=4  cost=$80.00  return=+40.0%  open P&L=$+32.00
  NFLX261002C00076000  qty=2  cost=$110.00  return=+30.9%  open P&L=$+34.00
  NFLX261002C00077000  qty=1  cost=$41.00  return=+22.0%  open P&L=$+9.00
  NFLX261009C00078000  qty=2  cost=$108.00  return=+20.4%  open P&L=$+22.00

Per-bucket exit stats (all time)
  b0|c000_s173_w1_0928_1005_r1  n= 22  avg=+24.8%  med=+34.9%  realized=$+283.00
  b0|orphan_reconcile     n=397  avg=+3.7%  med=-50.3%  realized=$+433.21
  b100|lab0100_s211_w4_1120_1135_r1  n=  1  avg=+73.6%  med=+73.6%  realized=$+39.00
  b101|lab0101_s211_w4_1120_1135_r2  n=  2  avg=+652.3%  med=+1385.7%  realized=$+54.00
  b104|c104_s164_w1_0928_1005_r4  n=  1  avg=-88.9%  med=-88.9%  realized=$-8.00
  b1052|lab1052_s165_w1_0928_1005_r1  n=  2  avg=+170.4%  med=+194.7%  realized=$+110.00
  b1053|lab1053_s165_w1_0928_1005_r2  n=  2  avg=+165.7%  med=+189.5%  realized=$+107.00
  b1054|lab1054_s165_w2_1005_1045_r1  n=  1  avg=+93.5%  med=+93.5%  realized=$+58.00
  b1055|lab1055_s165_w2_1005_1045_r2  n=  1  avg=+526.3%  med=+526.3%  realized=$+100.00
  b1057|lab1057_s165_w3_1045_1120_r2  n=  1  avg=-53.3%  med=-53.3%  realized=$-32.00
  b1058|lab1058_s165_w4_1120_1135_r1  n=  1  avg=+390.5%  med=+390.5%  realized=$+82.00
  b1059|lab1059_s165_w4_1120_1135_r2  n=  1  avg=+342.9%  med=+342.9%  realized=$+72.00
  b108|c108_s202_w3_1045_1120_r1  n=  1  avg=-33.3%  med=-33.3%  realized=$-1.00
  b1094|lab1094_s167_w1_0928_1005_r1  n=  3  avg=+75.9%  med=+126.0%  realized=$+73.00
  b1095|lab1095_s167_w1_0928_1005_r2  n=  3  avg=+58.7%  med=+106.0%  realized=$+57.00
  b1096|lab1096_s167_w2_1005_1045_r1  n=  2  avg=+238.1%  med=+531.6%  realized=$+70.00
  b1097|lab1097_s167_w2_1005_1045_r2  n=  2  avg=+227.6%  med=+510.5%  realized=$+66.00
  b109|c109_s202_w3_1045_1120_r2  n=  1  avg=-66.7%  med=-66.7%  realized=$-2.00
  b10|c010_s165_w3_1045_1120_r1  n=  8  avg=-37.2%  med=-18.9%  realized=$-205.00
  b1100|lab1100_s167_w4_1120_1135_r1  n=  1  avg=+328.6%  med=+328.6%  realized=$+69.00
  b1101|lab1101_s167_w4_1120_1135_r2  n=  1  avg=+323.8%  med=+323.8%  realized=$+68.00
  b1108|lab1108_s166_w1_0928_1005_r1  n=  1  avg=+160.9%  med=+160.9%  realized=$+74.00
  b1109|lab1109_s166_w1_0928_1005_r2  n=  1  avg=+77.6%  med=+77.6%  realized=$+45.00
  b1110|lab1110_s166_w2_1005_1045_r1  n=  1  avg=+67.2%  med=+67.2%  realized=$+41.00
  b1111|lab1111_s166_w2_1005_1045_r2  n=  1  avg=+72.9%  med=+72.9%  realized=$+43.00
  b1112|lab1112_s166_w3_1045_1120_r1  n=  1  avg=+273.0%  med=+273.0%  realized=$+101.00
  b1113|lab1113_s166_w3_1045_1120_r2  n=  2  avg=+100.9%  med=+135.1%  realized=$+92.00
  b1115|lab1115_s166_w4_1120_1135_r2  n=  1  avg=+55.6%  med=+55.6%  realized=$+40.00
  b1122|lab1122_s168_w1_0928_1005_r1  n=  3  avg=+72.4%  med=+50.0%  realized=$+46.00
  b1123|lab1123_s168_w1_0928_1005_r2  n=  3  avg=+55.9%  med=+53.3%  realized=$+36.00
  b1124|lab1124_s168_w2_1005_1045_r1  n=  2  avg=+91.2%  med=+248.6%  realized=$+50.00
  b1125|lab1125_s168_w2_1005_1045_r2  n=  2  avg=+75.5%  med=+217.1%  realized=$+39.00
  b1126|lab1126_s168_w3_1045_1120_r1  n=  3  avg=+66.9%  med=+116.2%  realized=$+67.00
  b1127|lab1127_s168_w3_1045_1120_r2  n=  3  avg=+49.1%  med=+102.7%  realized=$+47.00
  b1128|lab1128_s168_w4_1120_1135_r1  n=  2  avg=+120.5%  med=+272.2%  realized=$+83.00
  b1129|lab1129_s168_w4_1120_1135_r2  n=  2  avg=+101.7%  med=+255.6%  realized=$+67.00
  b1136|lab1136_s163_w1_0928_1005_r1  n=  3  avg=-8.7%  med=-51.4%  realized=$+6.00
  b1137|lab1137_s163_w1_0928_1005_r2  n=  3  avg=-19.2%  med=-61.9%  realized=$-7.00
  b1138|lab1138_s163_w2_1005_1045_r1  n=  2  avg=+133.6%  med=+200.0%  realized=$+111.00
  b1139|lab1139_s163_w2_1005_1045_r2  n=  2  avg=+138.1%  med=+205.7%  realized=$+115.00
  b1140|lab1140_s163_w3_1045_1120_r1  n=  4  avg=+34.6%  med=+73.0%  realized=$+59.00
  b1141|lab1141_s163_w3_1045_1120_r2  n=  4  avg=+35.5%  med=+74.6%  realized=$+64.00
  b1142|lab1142_s163_w4_1120_1135_r1  n=  1  avg=-72.9%  med=-72.9%  realized=$-35.00
  b1143|lab1143_s163_w4_1120_1135_r2  n=  2  avg=+27.6%  med=+128.1%  realized=$+6.00
  b1150|lab1150_s164_w1_0928_1005_r1  n=  3  avg=+77.6%  med=+156.0%  realized=$+80.00
  b1151|lab1151_s164_w1_0928_1005_r2  n=  3  avg=+70.4%  med=+124.0%  realized=$+66.00
  b1152|lab1152_s164_w2_1005_1045_r1  n=  2  avg=+216.7%  med=+531.6%  realized=$+46.00
  b1153|lab1153_s164_w2_1005_1045_r2  n=  2  avg=+242.5%  med=+542.1%  realized=$+71.00
  b1154|lab1154_s164_w3_1045_1120_r1  n=  1  avg=-50.0%  med=-50.0%  realized=$-30.00
  b1155|lab1155_s164_w3_1045_1120_r2  n=  1  avg=-48.1%  med=-48.1%  realized=$-25.00
  b1156|lab1156_s164_w4_1120_1135_r1  n=  1  avg=+342.9%  med=+342.9%  realized=$+72.00
  b1157|lab1157_s164_w4_1120_1135_r2  n=  1  avg=+323.8%  med=+323.8%  realized=$+68.00
  b132|c132_s164_w1_0928_1005_r5  n=  2  avg=-65.7%  med=-53.6%  realized=$-37.00
  b135|c135_s164_w4_1120_1135_r5  n=  1  avg=-50.0%  med=-50.0%  realized=$-4.00
  b164|lab0164_s216_w1_0928_1005_r1  n=  7  avg=+7.9%  med=-37.0%  realized=$-37.00
  b165|lab0165_s216_w1_0928_1005_r2  n= 10  avg=+14.1%  med=-37.0%  realized=$+14.00
  b166|lab0166_s216_w2_1005_1045_r1  n=  8  avg=+27.3%  med=-63.4%  realized=$-191.00
  b167|lab0167_s216_w2_1005_1045_r2  n= 11  avg=+3.0%  med=-63.2%  realized=$-191.00
  b168|lab0168_s216_w3_1045_1120_r1  n=  6  avg=-76.4%  med=-72.0%  realized=$-181.00
  b169|lab0169_s216_w3_1045_1120_r2  n=  8  avg=-37.5%  med=-52.3%  realized=$-124.00
  b16|lab0016_s202_w1_0928_1005_r1  n=  2  avg=-51.0%  med=-38.1%  realized=$-47.00
  b170|lab0170_s216_w4_1120_1135_r1  n=  2  avg=-64.0%  med=-63.6%  realized=$-71.00
  b171|lab0171_s216_w4_1120_1135_r2  n=  4  avg=-41.7%  med=-47.5%  realized=$-71.00
  b178|lab0178_s217_w1_0928_1005_r1  n=  2  avg=+85.4%  med=+104.8%  realized=$+97.00
  b179|lab0179_s217_w1_0928_1005_r2  n=  2  avg=+70.8%  med=+90.5%  realized=$+81.00
  b17|lab0017_s202_w1_0928_1005_r2  n=  2  avg=-70.9%  med=-65.6%  realized=$-56.00
  b180|lab0180_s217_w2_1005_1045_r1  n= 15  avg=+86.7%  med=+53.9%  realized=$+362.00
  b181|lab0181_s217_w2_1005_1045_r2  n= 17  avg=+65.8%  med=-46.1%  realized=$+239.00
  b182|lab0182_s217_w3_1045_1120_r1  n=  8  avg=-39.7%  med=-43.8%  realized=$-134.00
  b183|lab0183_s217_w3_1045_1120_r2  n= 12  avg=-34.3%  med=-54.4%  realized=$-153.00
  b184|lab0184_s217_w4_1120_1135_r1  n=  2  avg=-77.5%  med=-77.5%  realized=$-62.00
  b185|lab0185_s217_w4_1120_1135_r2  n=  3  avg=-16.3%  med=-52.2%  realized=$-7.00
  b18|lab0018_s202_w2_1005_1045_r1  n=  1  avg=-74.4%  med=-74.4%  realized=$-29.00
  b192|lab0192_s218_w1_0928_1005_r1  n=  9  avg=+20.6%  med=+50.0%  realized=$+114.00
  b193|lab0193_s218_w1_0928_1005_r2  n= 11  avg=+29.4%  med=+36.4%  realized=$+177.00
  b194|lab0194_s218_w2_1005_1045_r1  n= 19  avg=-7.5%  med=-37.5%  realized=$-118.00
  b195|lab0195_s218_w2_1005_1045_r2  n= 20  avg=+35.9%  med=+58.8%  realized=$+243.00
  b196|lab0196_s218_w3_1045_1120_r1  n=  8  avg=+139.1%  med=+52.2%  realized=$+165.00
  b197|lab0197_s218_w3_1045_1120_r2  n=  8  avg=+140.6%  med=+47.8%  realized=$+283.00
  b198|lab0198_s218_w4_1120_1135_r1  n=  3  avg=+108.5%  med=+108.5%  realized=$+150.00
  b199|lab0199_s218_w4_1120_1135_r2  n=  4  avg=+72.4%  med=+112.8%  realized=$+124.00
  b19|lab0019_s202_w2_1005_1045_r2  n=  2  avg=-51.5%  med=-46.7%  realized=$-43.00
  b1|c001_s173_w2_1005_1045_r1  n= 10  avg=-65.0%  med=-64.9%  realized=$-406.00
  b20|c020_s164_w1_0928_1005_r1  n=  9  avg=-11.2%  med=-14.3%  realized=$-19.00
  b20|c020_s173_w1_0928_1005_r2  n= 21  avg=+1.0%  med=-3.6%  realized=$+6.00
  b20|lab0020_s202_w3_1045_1120_r1  n=  1  avg=-42.9%  med=-42.9%  realized=$-6.00
  b21|c021_s164_w2_1005_1045_r1  n=  8  avg=-61.7%  med=-56.1%  realized=$-308.00
  b21|c021_s173_w2_1005_1045_r2  n= 23  avg=-55.2%  med=-72.1%  realized=$-863.00
  b21|lab0021_s202_w3_1045_1120_r2  n=  2  avg=-53.6%  med=-50.0%  realized=$-24.00
  b222|lab0222_s400_w2_1005_1045_r1  n=  1  avg=-50.0%  med=-50.0%  realized=$-4.00
  b223|lab0223_s400_w2_1005_1045_r2  n=  1  avg=-50.0%  med=-50.0%  realized=$-4.00
  b224|lab0224_s400_w3_1045_1120_r1  n=  1  avg=-66.7%  med=-66.7%  realized=$-10.00
  b225|lab0225_s400_w3_1045_1120_r2  n=  2  avg=-7.3%  med=+52.1%  realized=$+15.00
  b227|lab0227_s400_w4_1120_1135_r2  n=  1  avg=-22.2%  med=-22.2%  realized=$-2.00
  b22|c022_s164_w3_1045_1120_r1  n=  6  avg=-28.3%  med=-55.7%  realized=$-115.00
  b22|c022_s173_w3_1045_1120_r2  n= 11  avg=-35.9%  med=-54.2%  realized=$-224.00
  b234|lab0234_s401_w1_0928_1005_r1  n= 12  avg=+58.7%  med=-36.6%  realized=$-138.00
  b235|lab0235_s401_w1_0928_1005_r2  n= 15  avg=+133.1%  med=-23.7%  realized=$+107.00
  b236|c236_s218_w3_1045_1120_r1  n=  1  avg=-33.3%  med=-33.3%  realized=$-1.00
  b236|lab0236_s401_w2_1005_1045_r1  n= 15  avg=-15.8%  med=-38.1%  realized=$-183.00
  b237|c237_s218_w3_1045_1120_r2  n=  1  avg=-66.7%  med=-66.7%  realized=$-2.00
  b237|lab0237_s401_w2_1005_1045_r2  n= 18  avg=+22.4%  med=+50.0%  realized=$+97.00
  b238|lab0238_s401_w3_1045_1120_r1  n= 18  avg=+171.5%  med=+109.5%  realized=$+1,058.00
  b239|lab0239_s401_w3_1045_1120_r2  n= 16  avg=+113.1%  med=+38.5%  realized=$+313.00
  b23|c023_s164_w4_1120_1135_r1  n=  2  avg=-67.7%  med=-67.7%  realized=$-84.00
  b23|c023_s173_w4_1120_1135_r2  n=  3  avg=-25.0%  med=-61.5%  realized=$-41.00
  b240|lab0240_s401_w4_1120_1135_r1  n= 12  avg=+38.8%  med=+21.1%  realized=$+136.00
  b241|lab0241_s401_w4_1120_1135_r2  n=  9  avg=-22.4%  med=-17.5%  realized=$-118.00
  b25|c025_s168_w2_1005_1045_r1  n=  2  avg=-20.7%  med=-19.6%  realized=$-19.00
  b25|c025_s174_w2_1005_1045_r2  n= 18  avg=-33.0%  med=-21.7%  realized=$-333.00
  b262|lab0262_s403_w1_0928_1005_r1  n=  3  avg=+40.1%  med=+65.4%  realized=$+63.00
  b263|lab0263_s403_w1_0928_1005_r2  n=  9  avg=+58.2%  med=+51.7%  realized=$+221.00
  b264|lab0264_s403_w2_1005_1045_r1  n=  9  avg=+28.1%  med=+46.0%  realized=$+103.00
  b265|lab0265_s403_w2_1005_1045_r2  n= 11  avg=+21.5%  med=+49.0%  realized=$+110.00
  b266|lab0266_s403_w3_1045_1120_r1  n=  5  avg=+46.0%  med=+66.7%  realized=$+75.00
  b267|lab0267_s403_w3_1045_1120_r2  n=  7  avg=+31.2%  med=+57.1%  realized=$+73.00
  b268|lab0268_s403_w4_1120_1135_r1  n=  4  avg=+158.4%  med=+320.0%  realized=$+152.00
  b269|lab0269_s403_w4_1120_1135_r2  n=  7  avg=+96.9%  med=+57.6%  realized=$+211.00
  b26|c026_s174_w3_1045_1120_r2  n=  1  avg=-53.1%  med=-53.1%  realized=$-26.00
  b276|lab0276_s350_w1_0928_1005_r1  n= 10  avg=+61.5%  med=+102.9%  realized=$+227.00
  b277|lab0277_s350_w1_0928_1005_r2  n=  8  avg=+94.3%  med=+157.9%  realized=$+266.00
  b278|lab0278_s350_w2_1005_1045_r1  n= 13  avg=+37.3%  med=+0.0%  realized=$+58.00
  b279|lab0279_s350_w2_1005_1045_r2  n= 14  avg=+56.2%  med=-28.3%  realized=$+163.00
  b280|lab0280_s351_w1_0928_1005_r1  n=  9  avg=+122.7%  med=+171.9%  realized=$+322.00
  b281|lab0281_s351_w1_0928_1005_r2  n=  9  avg=+103.1%  med=+110.5%  realized=$+347.00
  b282|lab0282_s351_w2_1005_1045_r1  n= 11  avg=-7.6%  med=-61.9%  realized=$-114.00
  b283|lab0283_s351_w2_1005_1045_r2  n= 12  avg=-5.4%  med=-50.0%  realized=$-97.00
  b284|lab0284_s351_w3_1045_1120_r1  n=  3  avg=-54.1%  med=-52.2%  realized=$-59.00
  b285|lab0285_s351_w3_1045_1120_r2  n=  5  avg=+55.0%  med=-33.3%  realized=$+4.00
  b286|lab0286_s351_w4_1120_1135_r1  n=  6  avg=-14.7%  med=-75.5%  realized=$-99.00
  b287|lab0287_s351_w4_1120_1135_r2  n=  9  avg=-16.6%  med=-48.7%  realized=$-108.00
  b288|lab0288_s352_w1_0928_1005_r1  n=  5  avg=+107.9%  med=+100.0%  realized=$+85.00
  b289|lab0289_s352_w1_0928_1005_r2  n=  5  avg=+80.9%  med=+93.8%  realized=$+67.00
  b28|c028_s165_w1_0928_1005_r2  n= 17  avg=+49.5%  med=+80.0%  realized=$+448.00
  b28|c028_s173_w1_0928_1005_r2  n=  5  avg=+51.6%  med=+80.0%  realized=$+142.00
  b290|lab0290_s352_w2_1005_1045_r1  n=  7  avg=+62.6%  med=-17.6%  realized=$+73.00
  b291|lab0291_s352_w2_1005_1045_r2  n=  8  avg=+75.9%  med=-48.2%  realized=$+116.00
  b292|lab0292_s352_w3_1045_1120_r1  n=  8  avg=+50.1%  med=+13.0%  realized=$-6.00
  b293|lab0293_s352_w3_1045_1120_r2  n=  9  avg=+67.7%  med=+39.1%  realized=$+46.00
  b294|lab0294_s352_w4_1120_1135_r1  n=  4  avg=+17.7%  med=-71.4%  realized=$-72.00
  b295|lab0295_s352_w4_1120_1135_r2  n=  4  avg=+18.9%  med=-75.0%  realized=$-72.00
  b296|lab0296_s353_w1_0928_1005_r1  n=  5  avg=+110.2%  med=+123.7%  realized=$+118.00
  b297|lab0297_s353_w1_0928_1005_r2  n=  5  avg=+81.5%  med=+79.0%  realized=$+83.00
  b298|lab0298_s353_w2_1005_1045_r1  n= 11  avg=+11.2%  med=-34.7%  realized=$-53.00
  b299|lab0299_s353_w2_1005_1045_r2  n=  7  avg=-32.4%  med=-72.7%  realized=$-142.00
  b29|c029_s165_w2_1005_1045_r2  n=  9  avg=-23.3%  med=-50.0%  realized=$-221.00
  b29|c029_s173_w2_1005_1045_r2  n=  2  avg=-69.3%  med=-48.5%  realized=$-78.00
  b2|c002_s173_w3_1045_1120_r1  n= 15  avg=+67.7%  med=+32.8%  realized=$+707.00
  b300|lab0300_s353_w3_1045_1120_r1  n=  3  avg=+184.9%  med=-94.1%  realized=$-44.00
  b301|lab0301_s353_w3_1045_1120_r2  n=  1  avg=+942.9%  med=+942.9%  realized=$+66.00
  b302|lab0302_s353_w4_1120_1135_r1  n=  2  avg=+214.9%  med=+333.3%  realized=$+98.00
  b303|lab0303_s353_w4_1120_1135_r2  n=  3  avg=+158.5%  med=+93.1%  realized=$+121.00
  b304|lab0304_s354_w1_0928_1005_r1  n=  5  avg=+19.8%  med=+24.0%  realized=$+47.00
  b305|lab0305_s354_w1_0928_1005_r2  n=  5  avg=+2.5%  med=-51.6%  realized=$+2.00
  b306|lab0306_s354_w2_1005_1045_r1  n=  9  avg=-17.2%  med=-70.6%  realized=$-108.00
  b307|lab0307_s354_w2_1005_1045_r2  n= 10  avg=-18.9%  med=-68.6%  realized=$-50.00
  b308|lab0308_s354_w3_1045_1120_r1  n=  9  avg=+3.0%  med=-50.8%  realized=$-4.00
  b309|lab0309_s354_w3_1045_1120_r2  n=  9  avg=-5.5%  med=-52.3%  realized=$-49.00
  b30|c030_s165_w3_1045_1120_r2  n=  9  avg=+38.8%  med=+0.0%  realized=$+260.00
  b30|c030_s173_w3_1045_1120_r2  n=  2  avg=-9.5%  med=+0.0%  realized=$-14.00
  b310|lab0310_s354_w4_1120_1135_r1  n=  5  avg=+12.6%  med=-33.3%  realized=$+74.00
  b311|lab0311_s354_w4_1120_1135_r2  n=  5  avg=+32.1%  med=-72.9%  realized=$+107.00
  b312|lab0312_s355_w1_0928_1005_r1  n=  8  avg=-25.6%  med=-53.5%  realized=$-95.00
  b313|lab0313_s355_w1_0928_1005_r2  n=  7  avg=-6.9%  med=-48.8%  realized=$-31.00
  b314|lab0314_s355_w2_1005_1045_r1  n= 12  avg=-7.9%  med=-63.4%  realized=$-59.00
  b315|lab0315_s355_w2_1005_1045_r2  n= 13  avg=-10.4%  med=-41.3%  realized=$-69.00
  b316|lab0316_s355_w3_1045_1120_r1  n=  5  avg=+6.7%  med=-50.0%  realized=$+33.00
  b317|lab0317_s355_w3_1045_1120_r2  n= 10  avg=+70.5%  med=+57.1%  realized=$+320.00
  b318|lab0318_s355_w4_1120_1135_r1  n=  6  avg=+57.7%  med=+84.6%  realized=$+119.00
  b319|lab0319_s355_w4_1120_1135_r2  n=  6  avg=+60.7%  med=+59.4%  realized=$+133.00
  b31|c031_s165_w4_1120_1135_r2  n=  2  avg=+145.5%  med=+175.8%  realized=$+192.00
  b320|lab0320_s356_w1_0928_1005_r1  n=  4  avg=+18.8%  med=+37.9%  realized=$+34.00
  b321|lab0321_s356_w1_0928_1005_r2  n=  4  avg=+28.1%  med=+58.6%  realized=$+56.00
  b322|lab0322_s356_w2_1005_1045_r1  n=  3  avg=-12.4%  med=-21.6%  realized=$-21.00
  b323|lab0323_s356_w2_1005_1045_r2  n=  3  avg=-9.0%  med=-18.9%  realized=$-16.00
  b324|lab0324_s356_w3_1045_1120_r1  n=  4  avg=-5.4%  med=-25.0%  realized=$-12.00
  b325|lab0325_s356_w3_1045_1120_r2  n=  4  avg=-1.7%  med=-19.4%  realized=$-6.00
  b326|lab0326_s356_w4_1120_1135_r1  n=  2  avg=+76.1%  med=+100.0%  realized=$+68.00
  b327|lab0327_s356_w4_1120_1135_r2  n=  3  avg=+19.3%  med=+52.0%  realized=$+20.00
  b328|lab0328_s357_w1_0928_1005_r1  n=  3  avg=+3.8%  med=+47.1%  realized=$+7.00
  b329|lab0329_s357_w1_0928_1005_r2  n=  3  avg=+3.8%  med=+47.1%  realized=$+7.00
  b330|lab0330_s357_w2_1005_1045_r1  n=  2  avg=+34.9%  med=+131.4%  realized=$+27.00
  b331|lab0331_s357_w2_1005_1045_r2  n=  3  avg=-10.7%  med=-56.9%  realized=$-19.00
  b332|lab0332_s357_w3_1045_1120_r1  n=  5  avg=+66.7%  med=+73.7%  realized=$+190.00
  b333|lab0333_s357_w3_1045_1120_r2  n=  6  avg=+66.3%  med=+71.9%  realized=$+228.00
  b334|lab0334_s357_w4_1120_1135_r1  n=  1  avg=+81.2%  med=+81.2%  realized=$+39.00
  b335|lab0335_s357_w4_1120_1135_r2  n=  2  avg=+54.6%  med=+57.1%  realized=$+53.00
  b340|lab0340_s358_w3_1045_1120_r1  n=  1  avg=-51.4%  med=-51.4%  realized=$-37.00
  b341|lab0341_s358_w3_1045_1120_r2  n=  1  avg=-51.4%  med=-51.4%  realized=$-37.00
  b342|lab0342_s358_w4_1120_1135_r1  n=  1  avg=+53.1%  med=+53.1%  realized=$+26.00
  b343|lab0343_s358_w4_1120_1135_r2  n=  1  avg=+55.1%  med=+55.1%  realized=$+27.00
  b344|lab0344_s359_w1_0928_1005_r1  n=  5  avg=+37.9%  med=+46.7%  realized=$-33.00
  b345|lab0345_s359_w1_0928_1005_r2  n=  7  avg=+22.2%  med=-50.0%  realized=$-14.00
  b346|lab0346_s359_w2_1005_1045_r1  n= 12  avg=+62.3%  med=-46.7%  realized=$-60.00
  b347|lab0347_s359_w2_1005_1045_r2  n= 11  avg=+69.0%  med=-44.4%  realized=$-16.00
  b362|lab0362_s361_w1_0928_1005_r1  n=  6  avg=-13.8%  med=-30.4%  realized=$-71.00
  b363|lab0363_s361_w1_0928_1005_r2  n=  7  avg=-12.8%  med=-30.4%  realized=$-76.00
  b364|lab0364_s361_w2_1005_1045_r1  n=  9  avg=+126.2%  med=+81.8%  realized=$+88.00
  b365|lab0365_s361_w2_1005_1045_r2  n= 12  avg=+173.8%  med=+82.8%  realized=$+310.00
  b366|lab0366_s361_w3_1045_1120_r1  n=  3  avg=+351.3%  med=+61.1%  realized=$+59.00
  b367|lab0367_s361_w3_1045_1120_r2  n= 11  avg=+67.9%  med=-50.0%  realized=$-90.00
  b368|lab0368_s361_w4_1120_1135_r1  n=  3  avg=+103.8%  med=+71.4%  realized=$+37.00
  b369|lab0369_s361_w4_1120_1135_r2  n=  4  avg=+110.2%  med=+100.0%  realized=$+60.00
  b376|lab0376_s362_w1_0928_1005_r1  n=  8  avg=+1.2%  med=+8.7%  realized=$-21.00
  b377|lab0377_s362_w1_0928_1005_r2  n=  9  avg=+10.8%  med=+13.0%  realized=$+10.00
  b378|lab0378_s362_w2_1005_1045_r1  n=  5  avg=+239.7%  med=+70.6%  realized=$+163.00
  b379|lab0379_s362_w2_1005_1045_r2  n=  9  avg=+132.5%  med=+60.5%  realized=$+219.00
  b380|lab0380_s362_w3_1045_1120_r1  n=  7  avg=+183.1%  med=+103.3%  realized=$+226.00
  b381|lab0381_s362_w3_1045_1120_r2  n=  7  avg=+182.6%  med=+108.3%  realized=$+245.00
  b382|lab0382_s362_w4_1120_1135_r1  n=  3  avg=+463.7%  med=+323.8%  realized=$+376.00
  b383|lab0383_s362_w4_1120_1135_r2  n=  3  avg=+490.7%  med=+309.5%  realized=$+402.00
  b390|lab0390_s363_w1_0928_1005_r1  n=  3  avg=-13.7%  med=-49.1%  realized=$-60.00
  b391|lab0391_s363_w1_0928_1005_r2  n=  2  avg=+26.2%  med=+103.2%  realized=$+4.00
  b392|lab0392_s363_w2_1005_1045_r1  n=  8  avg=-41.2%  med=-65.4%  realized=$-222.00
  b393|lab0393_s363_w2_1005_1045_r2  n=  8  avg=-39.0%  med=-53.9%  realized=$-210.00
  b394|lab0394_s363_w3_1045_1120_r1  n=  5  avg=-46.4%  med=-81.0%  realized=$-150.00
  b395|lab0395_s363_w3_1045_1120_r2  n=  5  avg=-44.5%  med=-82.5%  realized=$-149.00
  b396|lab0396_s363_w4_1120_1135_r1  n=  2  avg=-15.1%  med=+44.7%  realized=$-19.00
  b397|lab0397_s363_w4_1120_1135_r2  n=  5  avg=-33.2%  med=-77.1%  realized=$-75.00
  b3|c003_s173_w4_1120_1135_r1  n= 17  avg=+131.0%  med=-50.0%  realized=$+1,311.00
  b404|lab0404_s364_w1_0928_1005_r1  n=  4  avg=-15.3%  med=-2.9%  realized=$-61.00
  b405|lab0405_s364_w1_0928_1005_r2  n=  5  avg=-6.0%  med=-5.9%  realized=$-44.00
  b406|lab0406_s364_w2_1005_1045_r1  n= 10  avg=-17.6%  med=-44.2%  realized=$-159.00
  b407|lab0407_s364_w2_1005_1045_r2  n= 11  avg=-12.3%  med=-42.3%  realized=$-90.00
  b408|lab0408_s364_w3_1045_1120_r1  n=  8  avg=+2.4%  med=+66.7%  realized=$-41.00
  b409|lab0409_s364_w3_1045_1120_r2  n= 10  avg=+0.0%  med=+53.1%  realized=$-54.00
  b40|c040_s166_w1_0928_1005_r2  n=  6  avg=-37.2%  med=-12.7%  realized=$-142.00
  b40|c040_s173_w1_0928_1005_r3  n= 23  avg=+12.9%  med=-15.4%  realized=$-90.00
  b410|lab0410_s364_w4_1120_1135_r1  n=  7  avg=+72.6%  med=+39.5%  realized=$+171.00
  b411|lab0411_s364_w4_1120_1135_r2  n=  4  avg=+137.5%  med=+188.9%  realized=$+189.00
  b418|lab0418_s365_w1_0928_1005_r1  n=  3  avg=+20.9%  med=+67.3%  realized=$+24.00
  b419|lab0419_s365_w1_0928_1005_r2  n=  4  avg=+17.6%  med=+56.1%  realized=$+28.00
  b41|c041_s166_w2_1005_1045_r2  n=  3  avg=-62.0%  med=-61.4%  realized=$-106.00
  b41|c041_s173_w2_1005_1045_r3  n= 13  avg=-48.5%  med=-66.7%  realized=$-452.00
  b420|lab0420_s365_w2_1005_1045_r1  n=  2  avg=+2.8%  med=+54.0%  realized=$-2.00
  b421|lab0421_s365_w2_1005_1045_r2  n=  3  avg=-21.3%  med=-48.3%  realized=$-40.00
  b422|lab0422_s365_w3_1045_1120_r1  n=  3  avg=+33.1%  med=+63.6%  realized=$+25.00
  b423|lab0423_s365_w3_1045_1120_r2  n=  3  avg=+28.9%  med=+63.6%  realized=$+20.00
  b424|lab0424_s365_w4_1120_1135_r1  n=  5  avg=-10.7%  med=+0.0%  realized=$-24.00
  b425|lab0425_s365_w4_1120_1135_r2  n=  3  avg=+109.8%  med=+54.8%  realized=$+124.00
  b42|c042_s166_w3_1045_1120_r2  n=  6  avg=+115.7%  med=+21.4%  realized=$+489.00
  b42|c042_s173_w3_1045_1120_r3  n= 13  avg=+31.1%  med=-8.3%  realized=$+262.00
  b432|lab0432_s366_w1_0928_1005_r1  n=  1  avg=-56.9%  med=-56.9%  realized=$-37.00
  b433|lab0433_s366_w1_0928_1005_r2  n=  1  avg=-56.9%  med=-56.9%  realized=$-37.00
  b434|lab0434_s366_w2_1005_1045_r1  n=  2  avg=+19.6%  med=+96.1%  realized=$+12.00
  b435|lab0435_s366_w2_1005_1045_r2  n=  3  avg=+20.7%  med=+49.0%  realized=$+23.00
  b436|lab0436_s366_w3_1045_1120_r1  n=  1  avg=-51.7%  med=-51.7%  realized=$-30.00
  b437|lab0437_s366_w3_1045_1120_r2  n=  1  avg=-53.5%  med=-53.5%  realized=$-31.00
  b438|lab0438_s366_w4_1120_1135_r1  n=  2  avg=+22.6%  med=+94.3%  realized=$+22.00
  b439|lab0439_s366_w4_1120_1135_r2  n=  2  avg=+26.4%  med=+101.9%  realized=$+26.00
  b43|c043_s166_w4_1120_1135_r2  n=  7  avg=+62.0%  med=+41.9%  realized=$+281.00
  b43|c043_s173_w4_1120_1135_r3  n=  8  avg=+58.7%  med=+53.2%  realized=$+241.00
  b449|lab0449_s367_w2_1005_1045_r2  n=  1  avg=-48.9%  med=-48.9%  realized=$-22.00
  b450|lab0450_s367_w3_1045_1120_r1  n=  1  avg=-51.4%  med=-51.4%  realized=$-37.00
  b451|lab0451_s367_w3_1045_1120_r2  n=  1  avg=-25.0%  med=-25.0%  realized=$-18.00
  b46|c046_s174_w3_1045_1120_r3  n=  3  avg=-89.7%  med=-89.7%  realized=$-156.00
  b47|c047_s163_w4_1120_1135_r2  n=  3  avg=-79.7%  med=-78.0%  realized=$-141.00
  b47|c047_s174_w4_1120_1135_r3  n= 25  avg=-73.4%  med=-78.0%  realized=$-1,155.00
  b48|c048_s164_w1_0928_1005_r2  n=  5  avg=-33.1%  med=-49.1%  realized=$-91.00
  b48|c048_s165_w1_0928_1005_r3  n= 16  avg=-35.9%  med=-49.1%  realized=$-344.00
  b49|c049_s164_w2_1005_1045_r2  n=  4  avg=-51.8%  med=-44.0%  realized=$-133.00
  b49|c049_s165_w2_1005_1045_r3  n= 15  avg=-49.3%  med=-49.1%  realized=$-458.00
  b50|c050_s164_w3_1045_1120_r2  n=  4  avg=-39.6%  med=-16.7%  realized=$-115.00
  b50|c050_s165_w3_1045_1120_r3  n=  9  avg=-23.6%  med=-23.1%  realized=$-142.00
  b51|c051_s165_w4_1120_1135_r3  n=  1  avg=+263.6%  med=+263.6%  realized=$+174.00
  b56|g056_lim_tp20_sl65  n=  1  avg=+47.7%  med=+47.7%  realized=$+20.52
  b57|g057_mid_tp20_sl65  n=  1  avg=+47.7%  med=+47.7%  realized=$+20.52
  b58|g058_eod_tp20_sl65  n=  1  avg=+59.1%  med=+59.1%  realized=$+25.41
  b60|c060_s167_w1_0928_1005_r3  n=  3  avg=-55.8%  med=-62.8%  realized=$-98.00
  b60|c060_s173_w1_0928_1005_r4  n= 13  avg=-5.1%  med=-13.6%  realized=$-99.00
  b61|c061_s167_w2_1005_1045_r3  n=  5  avg=-54.6%  med=-50.9%  realized=$-160.00
  b61|c061_s173_w2_1005_1045_r4  n=  8  avg=-37.3%  med=-50.0%  realized=$-208.00
  b62|c062_s167_w3_1045_1120_r3  n=  8  avg=-51.8%  med=-64.2%  realized=$-286.00
  b62|c062_s173_w3_1045_1120_r4  n= 20  avg=+182.8%  med=-58.3%  realized=$-183.00
  b63|c063_s167_w4_1120_1135_r3  n=  2  avg=-54.8%  med=-54.8%  realized=$-68.00
  b63|c063_s173_w4_1120_1135_r4  n=  1  avg=-46.1%  med=-46.1%  realized=$-24.00
  b63|g063_mid_tp20_sl65  n=  1  avg=+23.3%  med=+23.3%  realized=$+18.63
  b64|c064_s174_w1_0928_1005_r4  n=  3  avg=-93.3%  med=-93.3%  realized=$-168.00
  b64|g064_eod_tp20_sl65  n=  1  avg=+34.2%  med=+34.2%  realized=$+27.40
  b65|c065_s174_w2_1005_1045_r4  n=  8  avg=-45.7%  med=-45.2%  realized=$-238.00
  b65|g065_lim_tp20_sl65  n=  1  avg=+23.3%  med=+23.3%  realized=$+18.63
  b66|c066_s174_w3_1045_1120_r4  n=  1  avg=-52.5%  med=-52.5%  realized=$-31.00
  b66|g066_mid_tp20_sl65  n=  1  avg=+23.3%  med=+23.3%  realized=$+18.63
  b67|c067_s174_w4_1120_1135_r4  n=  1  avg=-45.8%  med=-45.8%  realized=$-27.00
  b67|g067_eod_tp20_sl65  n=  1  avg=+34.2%  med=+34.2%  realized=$+27.40
  b68|c068_s165_w1_0928_1005_r4  n= 16  avg=-51.3%  med=-49.1%  realized=$-446.00
  b68|c068_s166_w1_0928_1005_r3  n=  4  avg=-52.7%  med=-49.1%  realized=$-116.00
  b69|c069_s165_w2_1005_1045_r4  n= 11  avg=+19.0%  med=-43.6%  realized=$-179.00
  b69|c069_s166_w2_1005_1045_r3  n=  4  avg=+10.1%  med=-40.0%  realized=$-87.00
  b70|c070_s165_w3_1045_1120_r4  n= 11  avg=-2.1%  med=-16.9%  realized=$-6.00
  b70|c070_s166_w3_1045_1120_r3  n=  4  avg=-42.5%  med=-27.0%  realized=$-124.00
  b70|g070_eod_tp30_sl20  n=  1  avg=+59.1%  med=+59.1%  realized=$+27.77
  b71|g071_lim_tp30_sl20  n=  1  avg=+36.5%  med=+36.5%  realized=$+23.73
  b72|g072_mid_tp30_sl20  n=  1  avg=+36.5%  med=+36.5%  realized=$+23.73
  b73|g073_eod_tp30_sl20  n=  1  avg=+55.6%  med=+55.6%  realized=$+36.11
  b73|lab0073_s209_w1_0928_1005_r2  n=  1  avg=-64.7%  med=-64.7%  realized=$-11.00
  b74|g074_lim_tp30_sl20  n=  1  avg=+36.5%  med=+36.5%  realized=$+23.73
  b74|lab0074_s209_w2_1005_1045_r1  n=  1  avg=-58.2%  med=-58.2%  realized=$-39.00
  b75|g075_mid_tp30_sl20  n=  1  avg=+36.5%  med=+36.5%  realized=$+23.73
  b75|lab0075_s209_w2_1005_1045_r2  n=  2  avg=-50.8%  med=-50.8%  realized=$-68.00
  b768|lab0768_s396_w1_0928_1005_r1  n=  2  avg=+89.0%  med=+93.1%  realized=$+118.00
  b769|lab0769_s396_w1_0928_1005_r2  n=  2  avg=+106.2%  med=+116.7%  realized=$+139.00
  b76|c076_s164_w1_0928_1005_r3  n=  1  avg=-50.0%  med=-50.0%  realized=$-2.00
  b76|g076_eod_tp30_sl20  n=  1  avg=+34.2%  med=+34.2%  realized=$+27.40
  b771|lab0771_s396_w2_1005_1045_r2  n=  1  avg=-82.2%  med=-82.2%  realized=$-60.00
  b775|lab0775_s396_w4_1120_1135_r2  n=  1  avg=+74.6%  med=+74.6%  realized=$+44.00
  b776|lab0776_s397_w1_0928_1005_r1  n=  3  avg=-38.5%  med=-64.9%  realized=$-74.00
  b777|lab0777_s397_w1_0928_1005_r2  n=  6  avg=+22.9%  med=+38.6%  realized=$+72.00
  b778|lab0778_s397_w2_1005_1045_r1  n=  8  avg=+67.0%  med=+73.0%  realized=$+342.00
  b779|lab0779_s397_w2_1005_1045_r2  n=  7  avg=+64.7%  med=+61.9%  realized=$+306.00
  b77|g077_lim_tp30_sl20  n=  1  avg=-23.3%  med=-23.3%  realized=$-18.63
  b77|lab0077_s209_w3_1045_1120_r2  n=  1  avg=-70.9%  med=-70.9%  realized=$-39.00
  b780|lab0780_s397_w3_1045_1120_r1  n=  3  avg=+43.8%  med=+74.3%  realized=$+81.00
  b781|lab0781_s397_w3_1045_1120_r2  n=  6  avg=+24.3%  med=+71.8%  realized=$+136.00
  b782|lab0782_s397_w4_1120_1135_r1  n=  1  avg=-54.0%  med=-54.0%  realized=$-34.00
  b783|lab0783_s397_w4_1120_1135_r2  n=  3  avg=+66.9%  med=+105.1%  realized=$+123.00
  b784|lab0784_s398_w1_0928_1005_r1  n=  5  avg=+37.3%  med=+49.0%  realized=$+70.00
  b785|lab0785_s398_w1_0928_1005_r2  n=  6  avg=+9.2%  med=+49.0%  realized=$+37.00
  b786|lab0786_s398_w2_1005_1045_r1  n= 10  avg=+1.1%  med=+3.3%  realized=$-27.00
  b787|lab0787_s398_w2_1005_1045_r2  n=  5  avg=+36.0%  med=+61.3%  realized=$+57.00
  b788|lab0788_s398_w3_1045_1120_r1  n= 10  avg=+3.6%  med=-18.4%  realized=$+31.00
  b789|lab0789_s398_w3_1045_1120_r2  n=  9  avg=-11.4%  med=-54.3%  realized=$-10.00
  b78|g078_mid_tp30_sl20  n=  1  avg=-23.3%  med=-23.3%  realized=$-18.63
  b790|lab0790_s398_w4_1120_1135_r1  n=  5  avg=+179.6%  med=+140.3%  realized=$+338.00
  b791|lab0791_s398_w4_1120_1135_r2  n=  7  avg=+124.0%  med=+155.6%  realized=$+293.00
  b792|lab0792_s399_w1_0928_1005_r1  n=  4  avg=+100.0%  med=+140.0%  realized=$+80.00
  b793|lab0793_s399_w1_0928_1005_r2  n= 11  avg=+34.3%  med=+57.9%  realized=$+127.00
  b794|lab0794_s399_w2_1005_1045_r1  n= 11  avg=+74.8%  med=-17.2%  realized=$-78.00
  b795|lab0795_s399_w2_1005_1045_r2  n= 13  avg=+43.5%  med=-51.7%  realized=$-61.00
  b796|lab0796_s399_w3_1045_1120_r1  n=  3  avg=+266.6%  med=-74.0%  realized=$-5.00
  b797|lab0797_s399_w3_1045_1120_r2  n= 15  avg=+23.0%  med=-52.8%  realized=$-146.00
  b798|lab0798_s399_w4_1120_1135_r1  n=  5  avg=+12.3%  med=-53.1%  realized=$+61.00
  b799|lab0799_s399_w4_1120_1135_r2  n=  8  avg=+26.4%  med=+53.3%  realized=$+49.00
  b79|g079_eod_tp30_sl20  n=  1  avg=+34.2%  med=+34.2%  realized=$+27.40
  b79|lab0079_s209_w4_1120_1135_r2  n=  1  avg=-94.6%  med=-94.6%  realized=$-53.00
  b7|c007_s174_w4_1120_1135_r1  n=  5  avg=-7.5%  med=-1.4%  realized=$-58.00
  b800|lab0800_s404_w1_0928_1005_r1  n=  6  avg=+23.0%  med=+38.6%  realized=$+65.00
  b801|lab0801_s404_w1_0928_1005_r2  n=  6  avg=+1.7%  med=+31.6%  realized=$+24.00
  b802|lab0802_s404_w2_1005_1045_r1  n= 12  avg=+30.0%  med=+60.9%  realized=$+236.00
  b803|lab0803_s404_w2_1005_1045_r2  n= 10  avg=+55.7%  med=+58.9%  realized=$+347.00
  b804|lab0804_s404_w3_1045_1120_r1  n=  7  avg=+14.7%  med=+68.5%  realized=$+107.00
  b805|lab0805_s404_w3_1045_1120_r2  n=  8  avg=-7.4%  med=+57.5%  realized=$+11.00
  b806|lab0806_s404_w4_1120_1135_r1  n=  4  avg=+64.7%  med=+91.5%  realized=$+160.00
  b807|lab0807_s404_w4_1120_1135_r2  n=  5  avg=+54.4%  med=+53.2%  realized=$+168.00
  b80|c080_s168_w1_0928_1005_r3  n=  8  avg=+3.6%  med=-11.1%  realized=$-45.00
  b80|c080_s173_w1_0928_1005_r5  n= 45  avg=+52.6%  med=+59.1%  realized=$+503.00
  b80|g080_lim_tp30_sl30  n=  1  avg=+36.5%  med=+36.5%  realized=$+23.73
  b80|lab0080_s210_w1_0928_1005_r1  n= 12  avg=+12.9%  med=-8.5%  realized=$+57.00
  b81|c081_s168_w2_1005_1045_r3  n=  5  avg=-26.9%  med=-33.8%  realized=$-83.00
  b81|c081_s173_w2_1005_1045_r5  n= 20  avg=-39.1%  med=-38.4%  realized=$-559.00
  b81|g081_mid_tp30_sl30  n=  1  avg=+36.5%  med=+36.5%  realized=$+23.73
  b81|lab0081_s210_w1_0928_1005_r2  n= 12  avg=+8.1%  med=+46.7%  realized=$+47.00
  b828|lab0828_s406_w1_0928_1005_r1  n=  4  avg=-15.8%  med=+10.0%  realized=$+1.00
  b829|lab0829_s406_w1_0928_1005_r2  n=  3  avg=-11.0%  med=-50.0%  realized=$-13.00
  b82|c082_s168_w3_1045_1120_r3  n=  5  avg=-1.6%  med=-40.0%  realized=$-2.00
  b82|c082_s173_w3_1045_1120_r5  n=  9  avg=-10.7%  med=-12.5%  realized=$-48.00
  b82|g082_eod_tp30_sl30  n=  1  avg=+55.6%  med=+55.6%  realized=$+36.11
  b82|lab0082_s210_w2_1005_1045_r1  n= 12  avg=-16.7%  med=-6.2%  realized=$-70.00
  b830|lab0830_s406_w2_1005_1045_r1  n= 13  avg=+66.4%  med=+61.3%  realized=$+59.00
  b831|lab0831_s406_w2_1005_1045_r2  n= 16  avg=+70.3%  med=+81.8%  realized=$+127.00
  b832|lab0832_s406_w3_1045_1120_r1  n= 15  avg=+305.6%  med=+55.3%  realized=$+1,461.00
  b833|lab0833_s406_w3_1045_1120_r2  n= 18  avg=+284.9%  med=+73.1%  realized=$+1,443.00
  b834|lab0834_s406_w4_1120_1135_r1  n=  7  avg=+407.3%  med=+105.3%  realized=$+135.00
  b835|lab0835_s406_w4_1120_1135_r2  n=  7  avg=+174.8%  med=+66.7%  realized=$+195.00
  b83|c083_s168_w4_1120_1135_r3  n=  8  avg=+84.0%  med=+62.9%  realized=$+429.00
  b83|c083_s173_w4_1120_1135_r5  n= 20  avg=-20.6%  med=-68.2%  realized=$-271.00
  b83|g083_lim_tp30_sl30  n=  1  avg=+30.1%  med=+30.1%  realized=$+24.11
  b83|lab0083_s210_w2_1005_1045_r2  n=  7  avg=+9.9%  med=+7.0%  realized=$+14.00
  b84|g084_mid_tp30_sl30  n=  1  avg=+30.1%  med=+30.1%  realized=$+24.11
  b84|lab0084_s210_w3_1045_1120_r1  n= 12  avg=-45.0%  med=-64.4%  realized=$-240.00
  b856|lab0856_s408_w1_0928_1005_r1  n=  3  avg=-28.1%  med=-58.7%  realized=$-32.00
  b857|lab0857_s408_w1_0928_1005_r2  n=  4  avg=-23.5%  med=-33.3%  realized=$-37.00
  b858|lab0858_s408_w2_1005_1045_r1  n=  6  avg=+26.6%  med=-52.6%  realized=$-1.00
  b859|lab0859_s408_w2_1005_1045_r2  n=  8  avg=-31.0%  med=-42.9%  realized=$-36.00
  b85|c085_s174_w2_1005_1045_r5  n=  7  avg=-9.4%  med=-32.7%  realized=$-42.00
  b85|g085_eod_tp30_sl30  n=  1  avg=+34.2%  med=+34.2%  realized=$+27.40
  b85|lab0085_s210_w3_1045_1120_r2  n= 15  avg=+56.9%  med=-44.4%  realized=$+25.00
  b860|lab0860_s408_w3_1045_1120_r1  n=  9  avg=+484.2%  med=+33.3%  realized=$+807.00
  b861|lab0861_s408_w3_1045_1120_r2  n= 12  avg=+218.5%  med=+100.0%  realized=$+471.00
  b862|lab0862_s408_w4_1120_1135_r1  n=  6  avg=-4.0%  med=+60.0%  realized=$-55.00
  b863|lab0863_s408_w4_1120_1135_r2  n=  9  avg=+1.7%  med=+0.0%  realized=$-12.00
  b86|c086_s174_w3_1045_1120_r5  n=  4  avg=+26.1%  med=+39.7%  realized=$+64.00
  b86|g086_lim_tp30_sl30  n=  1  avg=+30.1%  med=+30.1%  realized=$+24.11
  b86|lab0086_s210_w4_1120_1135_r1  n=  6  avg=+31.1%  med=+16.7%  realized=$+67.00
  b87|c087_s174_w4_1120_1135_r5  n=  4  avg=-23.5%  med=+37.5%  realized=$-114.00
  b87|g087_mid_tp30_sl30  n=  1  avg=+30.1%  med=+30.1%  realized=$+24.11
  b87|lab0087_s210_w4_1120_1135_r2  n=  8  avg=-0.2%  med=+19.4%  realized=$-21.00
  b884|lab0884_s410_w1_0928_1005_r1  n=  2  avg=+80.6%  med=+83.3%  realized=$+106.00
  b885|lab0885_s410_w1_0928_1005_r2  n=  3  avg=+72.8%  med=+65.3%  realized=$+145.00
  b886|lab0886_s410_w2_1005_1045_r1  n=  1  avg=+101.5%  med=+101.5%  realized=$+68.00
  b887|lab0887_s410_w2_1005_1045_r2  n=  1  avg=-48.4%  med=-48.4%  realized=$-31.00
  b888|lab0888_s410_w3_1045_1120_r1  n=  1  avg=-78.1%  med=-78.1%  realized=$-57.00
  b889|lab0889_s410_w3_1045_1120_r2  n=  1  avg=-68.5%  med=-68.5%  realized=$-50.00
  b88|c088_s165_w1_0928_1005_r5  n= 21  avg=-5.0%  med=-2.7%  realized=$-63.00
  b88|c088_s167_w1_0928_1005_r4  n=  4  avg=-12.7%  med=+30.9%  realized=$-28.00
  b88|g088_eod_tp30_sl30  n=  2  avg=+36.0%  med=+37.7%  realized=$+65.09
  b898|lab0898_s411_w1_0928_1005_r1  n=  2  avg=-54.5%  med=-51.4%  realized=$-79.00
  b899|lab0899_s411_w1_0928_1005_r2  n=  2  avg=-48.9%  med=-48.6%  realized=$-69.00
  b89|c089_s165_w2_1005_1045_r5  n=  7  avg=+113.1%  med=+30.9%  realized=$+67.00
  b89|c089_s167_w2_1005_1045_r4  n=  2  avg=-16.2%  med=+30.9%  realized=$-22.00
  b89|g089_lim_tp30_sl30  n=  1  avg=+30.1%  med=+30.1%  realized=$+24.11
  b8|c008_s165_w1_0928_1005_r1  n= 23  avg=-19.6%  med=-35.3%  realized=$-250.00
  b900|lab0900_s411_w2_1005_1045_r1  n= 11  avg=-2.4%  med=+7.7%  realized=$+1.00
  b901|lab0901_s411_w2_1005_1045_r2  n=  9  avg=+9.0%  med=+23.9%  realized=$+49.00
  b902|lab0902_s411_w3_1045_1120_r1  n=  7  avg=-0.6%  med=+8.1%  realized=$-13.00
  b903|lab0903_s411_w3_1045_1120_r2  n=  9  avg=+8.0%  med=+10.4%  realized=$+28.00
  b904|lab0904_s411_w4_1120_1135_r1  n=  2  avg=-52.8%  med=-52.2%  realized=$-60.00
  b905|lab0905_s411_w4_1120_1135_r2  n=  4  avg=-11.7%  med=+13.1%  realized=$-17.00
  b90|c090_s165_w3_1045_1120_r5  n= 13  avg=+7.7%  med=+0.0%  realized=$+47.00
  b90|c090_s167_w3_1045_1120_r4  n=  4  avg=-41.6%  med=-18.9%  realized=$-123.00
  b90|g090_mid_tp30_sl30  n=  1  avg=+30.1%  med=+30.1%  realized=$+24.11
  b90|live_1to1           n= 18  avg=+11.6%  med=-10.0%  realized=$+84.00
  b912|lab0912_s412_w1_0928_1005_r1  n=  6  avg=+75.0%  med=+66.7%  realized=$+27.00
  b913|lab0913_s412_w1_0928_1005_r2  n=  6  avg=+69.9%  med=+66.7%  realized=$+23.00
  b914|lab0914_s412_w2_1005_1045_r1  n=  7  avg=+91.8%  med=+68.2%  realized=$+168.00
  b915|lab0915_s412_w2_1005_1045_r2  n=  7  avg=+80.5%  med=+43.2%  realized=$+133.00
  b916|lab0916_s412_w3_1045_1120_r1  n= 14  avg=+1.8%  med=-10.7%  realized=$+8.00
  b917|lab0917_s412_w3_1045_1120_r2  n=  7  avg=+106.9%  med=-3.6%  realized=$-8.00
  b918|lab0918_s412_w4_1120_1135_r1  n=  4  avg=-45.8%  med=-38.1%  realized=$-94.00
  b919|lab0919_s412_w4_1120_1135_r2  n=  5  avg=+33.9%  med=-2.2%  realized=$+8.00
  b91|c091_s165_w4_1120_1135_r5  n=  2  avg=+222.0%  med=+247.0%  realized=$+293.00
  b91|g091_eod_tp30_sl30  n=  2  avg=+19.8%  med=+55.6%  realized=$+25.00
  b92|g092_lim_tp30_sl40  n=  2  avg=+53.6%  med=+70.8%  realized=$+94.51
  b93|g093_mid_tp30_sl40  n=  2  avg=+53.6%  med=+70.8%  realized=$+94.51
  b94|g094_eod_tp30_sl40  n=  2  avg=+46.6%  med=+55.6%  realized=$+73.80
  b94|lab0094_s211_w1_0928_1005_r1  n=  8  avg=-4.1%  med=-5.7%  realized=$-34.00
  b95|g095_lim_tp30_sl40  n=  2  avg=+50.5%  med=+70.8%  realized=$+94.89
  b95|lab0095_s211_w1_0928_1005_r2  n=  9  avg=-27.7%  med=-42.1%  realized=$-143.00
  b96|g096_mid_tp30_sl40  n=  2  avg=+50.5%  med=+70.8%  realized=$+94.89
  b96|lab0096_s211_w2_1005_1045_r1  n=  6  avg=-44.0%  med=-38.1%  realized=$-83.00
  b97|g097_eod_tp30_sl40  n=  2  avg=+36.0%  med=+37.7%  realized=$+65.09
  b97|lab0097_s211_w2_1005_1045_r2  n=  7  avg=-54.0%  med=-46.1%  realized=$-125.00
  b98|g098_lim_tp30_sl40  n=  2  avg=+50.5%  med=+70.8%  realized=$+94.89
  b98|lab0098_s211_w3_1045_1120_r1  n=  7  avg=+190.8%  med=-48.7%  realized=$-61.00
  b99|g099_mid_tp30_sl40  n=  2  avg=+50.5%  med=+70.8%  realized=$+94.89
  b99|lab0099_s211_w3_1045_1120_r2  n=  8  avg=+84.6%  med=+107.7%  realized=$+149.00
  b9|c009_s165_w2_1005_1045_r1  n=  7  avg=-74.4%  med=-66.2%  realized=$-301.00
========================================================
+========================================================================+
|[OPTIONS BOT DAILY VITALS (MATRIX EXPERIMENT)]                          |
+========================================================================+
|-- ACCOUNT STATUS (after_hours) --                                      |
|Equity       : $997,383.89                                              |
|Open Risk    : 50 lots (15 broker pos)                                  |
|Today's Run  : 0 signals -> 0 orders submitted                          |
|                                                                        |
|-- SYSTEM HEALTH --                                                     |
|Zombies      : 0 (Ledger is clean)                                      |
|Lab Status   : 50 Active Lots | 0 Pending Orders                        |
|Auto-Matrix  : (Pending EOD report generation)                          |
+========================================================================+
+========================================================================+
|[DATA QUALITY: CLEAN vs ERRORS vs KEEP-ONLY]                            |
+========================================================================+
|  CLEAN              n=1367  win= 49.2%  med= -12.5%  $+17,587          |
|  TAINTED            n=1882  win= 33.3%  med= -38.9%  $-9,546           |
|  KEEP-only          n=751   win= 61.9%  med= +51.4%  $+12,368          |
|  KEEP recent        n=557   win= 60.1%  med= +53.6%  $+8,146           |
|  KEEP(25): S163,S167,S168,S173,S174,S210,S218,S350...                  |
|  KILL(18): ORPHAN,S164,S202,S203,S207,S211,S212,S216...                |
+========================================================================+
+========================================================================+
|[+++ OVERPERFORMING STRATEGIES (n>=10)]                                 |
+========================================================================+
|  BKT  PROFILE                   WIN%   MED%   TOTAL TRADES             |
|  ---------------------------------------------------------             |
|  b238 lab0238_s401_w3_1045..  83%  +107.1%    18                       |
|  b276 lab0276_s350_w1_0928..  70%  +102.9%    10                       |
|  b861 lab0861_s408_w3_1045..  67%  +83.3%    12                        |
|  b365 lab0365_s361_w2_1005..  92%  +82.8%    12                        |
+========================================================================+
|[--- UNDERPERFORMING STRATEGIES (n>=10)]                                |
+========================================================================+
|  BKT  PROFILE                   WIN%   MED%   TOTAL TRADES             |
|  ---------------------------------------------------------             |
|  b47  lab0047_s205_w4_1120..   4%  -78.0%    28                        |
|  b307 lab0307_s354_w2_1005..  30%  -69.9%    10                        |
|  b1   lab0001_s200_w1_0928..   0%  -65.8%    10                        |
|  b41  lab0041_s205_w1_0928..  12%  -65.3%    16                        |
+========================================================================+
+========================================================================+
|[OPEN OPTIONS (15)]                                                     |
+========================================================================+
|  SYMBOL                      QTY    RET%        OPEN P&L               |
|  ---------------------------------------------------------             |
|  MDT260925C00094000            4    -82.6%   $   -228.00               |
|  NFLX260925C00075000          14    +44.2%   $   +206.00               |
|  NFLX260925C00074000           7    +57.3%   $   +204.00               |
|  MARA260925C00011500          -1  -1125.0%   $   -180.00               |
|  MARA260925C00012500           3    +95.3%   $   +142.00               |
|  MARA260925C00012000          -1   -386.2%   $   -112.00               |
|  CELH260925C00029000           2    -58.5%   $    -62.00               |
|  BAC260925C00058000            7    -11.9%   $    -56.00               |
|  ... 7 more position(s)                                                |
+========================================================================+
Full detail: logs/options_trial/runs/2026-09-22.log
elapsed=1.3s reconcile=0.46s

=== 09:06:11 ET — after hours (exit summary) [elapsed=1.1s reconcile=0.45s] ===
=== options_morning_bot (PAPER) 2026-09-22T09:06:11.564800-04:00 ===

[Run context]
After hours (09:06 ET) — exit summary only.
Paper auth OK — equity $997357.89, account PA33P8KT02IL
  reconcile: layout changed controlled:100:c000_s173_w1_0928_1005_r1 -> controlled:1164:live_1to1+variations

[Exit summary]
========================================================
OPTIONS EXIT SUMMARY — 2026-09-22
========================================================
Account equity: $997,357.89
Open broker positions: 15  unrealized $-77.00

No closed trades today.
========================================================

[Portfolio snapshot]
========================================================
OPTIONS TRIAL STATS
========================================================
Account equity: $997,357.89
Active buckets: 1164 of 1164 profiles ($500 virtual each) — paper unlimited mode

P&L summary
  Reflected (ex-S203,S207,S212,S360,S405,S407): $+12,903.88 all-time  |  $+0.00 today
  Raw (incl dropped):     $+8,040.88 all-time  |  $+0.00 today
  Open (not sold yet): $+215.00 unrealized (virtual lots)
                       $-77.00 unrealized (broker total)
  Premium deployed:    $2,387.00 in open positions
  Combined P&L:        $+13,118.88 (reflected realized + open virtual)

Ledger (master)
  Total events:     14465
  Today entries:    0
  Today exits (reflected): 0
  All-time exits (reflected): 2946  wins 42%
  Avg return/trade: +31.5%  median -30.4%

Open virtual lots (by bucket)
  b0 lab0000_s200_w1_0928_1005_r1  prem=$   294  real=$ +0.00  open=$ +0.00  lots=4  [ORPHAN:BACx3, ORPHAN:NFLXx1, ORPHAN:CELHx1, ORPHAN:AXPx1]
       buy: ask-0.01  sell: bid-0.01  tp=+50% sl=-50%
  b16 lab0016_s202_w1_0928_1005_r1  prem=$    32  real=$-47.00  open=$+14.15  lots=1  [S202:NFLXx1]
       buy: ask-0.01  sell: bid-0.01  tp=+50% sl=-50%
  b17 lab0017_s202_w1_0928_1005_r2  prem=$    32  real=$-56.00  open=$+14.15  lots=1  [S202:NFLXx1]
       buy: ask-0.01  sell: bid-0.01  tp=+50% sl=-50%
  b18 lab0018_s202_w2_1005_1045_r1  prem=$     0  real=$-29.00  open=$ +0.00  lots=0  [-]
       buy: ask-0.01  sell: bid-0.01  tp=+50% sl=-50%
  b19 lab0019_s202_w2_1005_1045_r2  prem=$     0  real=$-43.00  open=$ +0.00  lots=0  [-]
       buy: ask-0.01  sell: bid-0.01  tp=+50% sl=-50%
  b20 lab0020_s202_w3_1045_1120_r1  prem=$     0  real=$ -6.00  open=$ +0.00  lots=0  [-]
       buy: ask-0.01  sell: bid-0.01  tp=+50% sl=-50%
  b21 lab0021_s202_w3_1045_1120_r2  prem=$     0  real=$-24.00  open=$ +0.00  lots=0  [-]
       buy: ask-0.01  sell: bid-0.01  tp=+50% sl=-50%
  b73 lab0073_s209_w1_0928_1005_r2  prem=$     0  real=$-11.00  open=$ +0.00  lots=0  [-]
       buy: ask-0.01  sell: bid-0.01  tp=+50% sl=-50%
  b74 lab0074_s209_w2_1005_1045_r1  prem=$     0  real=$-39.00  open=$ +0.00  lots=0  [-]
       buy: ask-0.01  sell: bid-0.01  tp=+50% sl=-50%
  b75 lab0075_s209_w2_1005_1045_r2  prem=$     0  real=$-68.00  open=$ +0.00  lots=0  [-]
       buy: ask-0.01  sell: bid-0.01  tp=+50% sl=-50%
  b77 lab0077_s209_w3_1045_1120_r2  prem=$     0  real=$-39.00  open=$ +0.00  lots=0  [-]
       buy: ask-0.01  sell: bid-0.01  tp=+50% sl=-50%
  b79 lab0079_s209_w4_1120_1135_r2  prem=$     0  real=$-53.00  open=$ +0.00  lots=0  [-]
       buy: ask-0.01  sell: bid-0.01  tp=+50% sl=-50%
  b80 lab0080_s210_w1_0928_1005_r1  prem=$     0  real=$+57.00  open=$ +0.00  lots=0  [-]
       buy: ask-0.01  sell: bid-0.01  tp=+50% sl=-50%
  b81 lab0081_s210_w1_0928_1005_r2  prem=$     0  real=$+47.00  open=$ +0.00  lots=0  [-]
       buy: ask-0.01  sell: bid-0.01  tp=+50% sl=-50%
  b82 lab0082_s210_w2_1005_1045_r1  prem=$     0  real=$-70.00  open=$ +0.00  lots=0  [-]
       buy: ask-0.01  sell: bid-0.01  tp=+50% sl=-50%
  b83 lab0083_s210_w2_1005_1045_r2  prem=$     0  real=$+14.00  open=$ +0.00  lots=0  [-]
       buy: ask-0.01  sell: bid-0.01  tp=+50% sl=-50%
  b84 lab0084_s210_w3_1045_1120_r1  prem=$     0  real=$-240.00  open=$ +0.00  lots=0  [-]
       buy: ask-0.01  sell: bid-0.01  tp=+50% sl=-50%
  b85 lab0085_s210_w3_1045_1120_r2  prem=$     0  real=$+25.00  open=$ +0.00  lots=0  [-]
       buy: ask-0.01  sell: bid-0.01  tp=+50% sl=-50%
  b86 lab0086_s210_w4_1120_1135_r1  prem=$     0  real=$+67.00  open=$ +0.00  lots=0  [-]
       buy: ask-0.01  sell: bid-0.01  tp=+50% sl=-50%
  b87 lab0087_s210_w4_1120_1135_r2  prem=$     0  real=$-21.00  open=$ +0.00  lots=0  [-]
       buy: ask-0.01  sell: bid-0.01  tp=+50% sl=-50%
  (291 more active bucket(s) omitted)
  (853 quiet bucket profile(s) — no trades yet)

Alpaca option positions
  AXP260925C00325000  qty=2  cost=$76.00  return=-13.2%  open P&L=$-10.00
  BAC260925C00058000  qty=7  cost=$469.00  return=-11.9%  open P&L=$-56.00
  BAC260925C00059000  qty=2  cost=$80.00  return=-42.5%  open P&L=$-34.00
  CELH260925C00029000  qty=2  cost=$106.00  return=-58.5%  open P&L=$-62.00
  CELH260925C00029500  qty=2  cost=$70.00  return=-62.9%  open P&L=$-44.00
  MARA260925C00011500  qty=-1  cost=$16.00  return=-1125.0%  open P&L=$-180.00
  MARA260925C00012000  qty=-1  cost=$29.00  return=-386.2%  open P&L=$-112.00
  MARA260925C00012500  qty=3  cost=$149.00  return=+95.3%  open P&L=$+142.00
  MDT260925C00094000  qty=4  cost=$276.00  return=-82.6%  open P&L=$-228.00
  NFLX260925C00074000  qty=7  cost=$356.00  return=+57.3%  open P&L=$+204.00
  NFLX260925C00075000  qty=14  cost=$466.00  return=+44.2%  open P&L=$+206.00
  NFLX260925C00076000  qty=4  cost=$80.00  return=+40.0%  open P&L=$+32.00
  NFLX261002C00076000  qty=2  cost=$110.00  return=+30.9%  open P&L=$+34.00
  NFLX261002C00077000  qty=1  cost=$41.00  return=+22.0%  open P&L=$+9.00
  NFLX261009C00078000  qty=2  cost=$108.00  return=+20.4%  open P&L=$+22.00

Per-bucket exit stats (all time)
  b0|c000_s173_w1_0928_1005_r1  n= 22  avg=+24.8%  med=+34.9%  realized=$+283.00
  b0|orphan_reconcile     n=397  avg=+3.7%  med=-50.3%  realized=$+433.21
  b100|lab0100_s211_w4_1120_1135_r1  n=  1  avg=+73.6%  med=+73.6%  realized=$+39.00
  b101|lab0101_s211_w4_1120_1135_r2  n=  2  avg=+652.3%  med=+1385.7%  realized=$+54.00
  b104|c104_s164_w1_0928_1005_r4  n=  1  avg=-88.9%  med=-88.9%  realized=$-8.00
  b1052|lab1052_s165_w1_0928_1005_r1  n=  2  avg=+170.4%  med=+194.7%  realized=$+110.00
  b1053|lab1053_s165_w1_0928_1005_r2  n=  2  avg=+165.7%  med=+189.5%  realized=$+107.00
  b1054|lab1054_s165_w2_1005_1045_r1  n=  1  avg=+93.5%  med=+93.5%  realized=$+58.00
  b1055|lab1055_s165_w2_1005_1045_r2  n=  1  avg=+526.3%  med=+526.3%  realized=$+100.00
  b1057|lab1057_s165_w3_1045_1120_r2  n=  1  avg=-53.3%  med=-53.3%  realized=$-32.00
  b1058|lab1058_s165_w4_1120_1135_r1  n=  1  avg=+390.5%  med=+390.5%  realized=$+82.00
  b1059|lab1059_s165_w4_1120_1135_r2  n=  1  avg=+342.9%  med=+342.9%  realized=$+72.00
  b108|c108_s202_w3_1045_1120_r1  n=  1  avg=-33.3%  med=-33.3%  realized=$-1.00
  b1094|lab1094_s167_w1_0928_1005_r1  n=  3  avg=+75.9%  med=+126.0%  realized=$+73.00
  b1095|lab1095_s167_w1_0928_1005_r2  n=  3  avg=+58.7%  med=+106.0%  realized=$+57.00
  b1096|lab1096_s167_w2_1005_1045_r1  n=  2  avg=+238.1%  med=+531.6%  realized=$+70.00
  b1097|lab1097_s167_w2_1005_1045_r2  n=  2  avg=+227.6%  med=+510.5%  realized=$+66.00
  b109|c109_s202_w3_1045_1120_r2  n=  1  avg=-66.7%  med=-66.7%  realized=$-2.00
  b10|c010_s165_w3_1045_1120_r1  n=  8  avg=-37.2%  med=-18.9%  realized=$-205.00
  b1100|lab1100_s167_w4_1120_1135_r1  n=  1  avg=+328.6%  med=+328.6%  realized=$+69.00
  b1101|lab1101_s167_w4_1120_1135_r2  n=  1  avg=+323.8%  med=+323.8%  realized=$+68.00
  b1108|lab1108_s166_w1_0928_1005_r1  n=  1  avg=+160.9%  med=+160.9%  realized=$+74.00
  b1109|lab1109_s166_w1_0928_1005_r2  n=  1  avg=+77.6%  med=+77.6%  realized=$+45.00
  b1110|lab1110_s166_w2_1005_1045_r1  n=  1  avg=+67.2%  med=+67.2%  realized=$+41.00
  b1111|lab1111_s166_w2_1005_1045_r2  n=  1  avg=+72.9%  med=+72.9%  realized=$+43.00
  b1112|lab1112_s166_w3_1045_1120_r1  n=  1  avg=+273.0%  med=+273.0%  realized=$+101.00
  b1113|lab1113_s166_w3_1045_1120_r2  n=  2  avg=+100.9%  med=+135.1%  realized=$+92.00
  b1115|lab1115_s166_w4_1120_1135_r2  n=  1  avg=+55.6%  med=+55.6%  realized=$+40.00
  b1122|lab1122_s168_w1_0928_1005_r1  n=  3  avg=+72.4%  med=+50.0%  realized=$+46.00
  b1123|lab1123_s168_w1_0928_1005_r2  n=  3  avg=+55.9%  med=+53.3%  realized=$+36.00
  b1124|lab1124_s168_w2_1005_1045_r1  n=  2  avg=+91.2%  med=+248.6%  realized=$+50.00
  b1125|lab1125_s168_w2_1005_1045_r2  n=  2  avg=+75.5%  med=+217.1%  realized=$+39.00
  b1126|lab1126_s168_w3_1045_1120_r1  n=  3  avg=+66.9%  med=+116.2%  realized=$+67.00
  b1127|lab1127_s168_w3_1045_1120_r2  n=  3  avg=+49.1%  med=+102.7%  realized=$+47.00
  b1128|lab1128_s168_w4_1120_1135_r1  n=  2  avg=+120.5%  med=+272.2%  realized=$+83.00
  b1129|lab1129_s168_w4_1120_1135_r2  n=  2  avg=+101.7%  med=+255.6%  realized=$+67.00
  b1136|lab1136_s163_w1_0928_1005_r1  n=  3  avg=-8.7%  med=-51.4%  realized=$+6.00
  b1137|lab1137_s163_w1_0928_1005_r2  n=  3  avg=-19.2%  med=-61.9%  realized=$-7.00
  b1138|lab1138_s163_w2_1005_1045_r1  n=  2  avg=+133.6%  med=+200.0%  realized=$+111.00
  b1139|lab1139_s163_w2_1005_1045_r2  n=  2  avg=+138.1%  med=+205.7%  realized=$+115.00
  b1140|lab1140_s163_w3_1045_1120_r1  n=  4  avg=+34.6%  med=+73.0%  realized=$+59.00
  b1141|lab1141_s163_w3_1045_1120_r2  n=  4  avg=+35.5%  med=+74.6%  realized=$+64.00
  b1142|lab1142_s163_w4_1120_1135_r1  n=  1  avg=-72.9%  med=-72.9%  realized=$-35.00
  b1143|lab1143_s163_w4_1120_1135_r2  n=  2  avg=+27.6%  med=+128.1%  realized=$+6.00
  b1150|lab1150_s164_w1_0928_1005_r1  n=  3  avg=+77.6%  med=+156.0%  realized=$+80.00
  b1151|lab1151_s164_w1_0928_1005_r2  n=  3  avg=+70.4%  med=+124.0%  realized=$+66.00
  b1152|lab1152_s164_w2_1005_1045_r1  n=  2  avg=+216.7%  med=+531.6%  realized=$+46.00
  b1153|lab1153_s164_w2_1005_1045_r2  n=  2  avg=+242.5%  med=+542.1%  realized=$+71.00
  b1154|lab1154_s164_w3_1045_1120_r1  n=  1  avg=-50.0%  med=-50.0%  realized=$-30.00
  b1155|lab1155_s164_w3_1045_1120_r2  n=  1  avg=-48.1%  med=-48.1%  realized=$-25.00
  b1156|lab1156_s164_w4_1120_1135_r1  n=  1  avg=+342.9%  med=+342.9%  realized=$+72.00
  b1157|lab1157_s164_w4_1120_1135_r2  n=  1  avg=+323.8%  med=+323.8%  realized=$+68.00
  b132|c132_s164_w1_0928_1005_r5  n=  2  avg=-65.7%  med=-53.6%  realized=$-37.00
  b135|c135_s164_w4_1120_1135_r5  n=  1  avg=-50.0%  med=-50.0%  realized=$-4.00
  b164|lab0164_s216_w1_0928_1005_r1  n=  7  avg=+7.9%  med=-37.0%  realized=$-37.00
  b165|lab0165_s216_w1_0928_1005_r2  n= 10  avg=+14.1%  med=-37.0%  realized=$+14.00
  b166|lab0166_s216_w2_1005_1045_r1  n=  8  avg=+27.3%  med=-63.4%  realized=$-191.00
  b167|lab0167_s216_w2_1005_1045_r2  n= 11  avg=+3.0%  med=-63.2%  realized=$-191.00
  b168|lab0168_s216_w3_1045_1120_r1  n=  6  avg=-76.4%  med=-72.0%  realized=$-181.00
  b169|lab0169_s216_w3_1045_1120_r2  n=  8  avg=-37.5%  med=-52.3%  realized=$-124.00
  b16|lab0016_s202_w1_0928_1005_r1  n=  2  avg=-51.0%  med=-38.1%  realized=$-47.00
  b170|lab0170_s216_w4_1120_1135_r1  n=  2  avg=-64.0%  med=-63.6%  realized=$-71.00
  b171|lab0171_s216_w4_1120_1135_r2  n=  4  avg=-41.7%  med=-47.5%  realized=$-71.00
  b178|lab0178_s217_w1_0928_1005_r1  n=  2  avg=+85.4%  med=+104.8%  realized=$+97.00
  b179|lab0179_s217_w1_0928_1005_r2  n=  2  avg=+70.8%  med=+90.5%  realized=$+81.00
  b17|lab0017_s202_w1_0928_1005_r2  n=  2  avg=-70.9%  med=-65.6%  realized=$-56.00
  b180|lab0180_s217_w2_1005_1045_r1  n= 15  avg=+86.7%  med=+53.9%  realized=$+362.00
  b181|lab0181_s217_w2_1005_1045_r2  n= 17  avg=+65.8%  med=-46.1%  realized=$+239.00
  b182|lab0182_s217_w3_1045_1120_r1  n=  8  avg=-39.7%  med=-43.8%  realized=$-134.00
  b183|lab0183_s217_w3_1045_1120_r2  n= 12  avg=-34.3%  med=-54.4%  realized=$-153.00
  b184|lab0184_s217_w4_1120_1135_r1  n=  2  avg=-77.5%  med=-77.5%  realized=$-62.00
  b185|lab0185_s217_w4_1120_1135_r2  n=  3  avg=-16.3%  med=-52.2%  realized=$-7.00
  b18|lab0018_s202_w2_1005_1045_r1  n=  1  avg=-74.4%  med=-74.4%  realized=$-29.00
  b192|lab0192_s218_w1_0928_1005_r1  n=  9  avg=+20.6%  med=+50.0%  realized=$+114.00
  b193|lab0193_s218_w1_0928_1005_r2  n= 11  avg=+29.4%  med=+36.4%  realized=$+177.00
  b194|lab0194_s218_w2_1005_1045_r1  n= 19  avg=-7.5%  med=-37.5%  realized=$-118.00
  b195|lab0195_s218_w2_1005_1045_r2  n= 20  avg=+35.9%  med=+58.8%  realized=$+243.00
  b196|lab0196_s218_w3_1045_1120_r1  n=  8  avg=+139.1%  med=+52.2%  realized=$+165.00
  b197|lab0197_s218_w3_1045_1120_r2  n=  8  avg=+140.6%  med=+47.8%  realized=$+283.00
  b198|lab0198_s218_w4_1120_1135_r1  n=  3  avg=+108.5%  med=+108.5%  realized=$+150.00
  b199|lab0199_s218_w4_1120_1135_r2  n=  4  avg=+72.4%  med=+112.8%  realized=$+124.00
  b19|lab0019_s202_w2_1005_1045_r2  n=  2  avg=-51.5%  med=-46.7%  realized=$-43.00
  b1|c001_s173_w2_1005_1045_r1  n= 10  avg=-65.0%  med=-64.9%  realized=$-406.00
  b20|c020_s164_w1_0928_1005_r1  n=  9  avg=-11.2%  med=-14.3%  realized=$-19.00
  b20|c020_s173_w1_0928_1005_r2  n= 21  avg=+1.0%  med=-3.6%  realized=$+6.00
  b20|lab0020_s202_w3_1045_1120_r1  n=  1  avg=-42.9%  med=-42.9%  realized=$-6.00
  b21|c021_s164_w2_1005_1045_r1  n=  8  avg=-61.7%  med=-56.1%  realized=$-308.00
  b21|c021_s173_w2_1005_1045_r2  n= 23  avg=-55.2%  med=-72.1%  realized=$-863.00
  b21|lab0021_s202_w3_1045_1120_r2  n=  2  avg=-53.6%  med=-50.0%  realized=$-24.00
  b222|lab0222_s400_w2_1005_1045_r1  n=  1  avg=-50.0%  med=-50.0%  realized=$-4.00
  b223|lab0223_s400_w2_1005_1045_r2  n=  1  avg=-50.0%  med=-50.0%  realized=$-4.00
  b224|lab0224_s400_w3_1045_1120_r1  n=  1  avg=-66.7%  med=-66.7%  realized=$-10.00
  b225|lab0225_s400_w3_1045_1120_r2  n=  2  avg=-7.3%  med=+52.1%  realized=$+15.00
  b227|lab0227_s400_w4_1120_1135_r2  n=  1  avg=-22.2%  med=-22.2%  realized=$-2.00
  b22|c022_s164_w3_1045_1120_r1  n=  6  avg=-28.3%  med=-55.7%  realized=$-115.00
  b22|c022_s173_w3_1045_1120_r2  n= 11  avg=-35.9%  med=-54.2%  realized=$-224.00
  b234|lab0234_s401_w1_0928_1005_r1  n= 12  avg=+58.7%  med=-36.6%  realized=$-138.00
  b235|lab0235_s401_w1_0928_1005_r2  n= 15  avg=+133.1%  med=-23.7%  realized=$+107.00
  b236|c236_s218_w3_1045_1120_r1  n=  1  avg=-33.3%  med=-33.3%  realized=$-1.00
  b236|lab0236_s401_w2_1005_1045_r1  n= 15  avg=-15.8%  med=-38.1%  realized=$-183.00
  b237|c237_s218_w3_1045_1120_r2  n=  1  avg=-66.7%  med=-66.7%  realized=$-2.00
  b237|lab0237_s401_w2_1005_1045_r2  n= 18  avg=+22.4%  med=+50.0%  realized=$+97.00
  b238|lab0238_s401_w3_1045_1120_r1  n= 18  avg=+171.5%  med=+109.5%  realized=$+1,058.00
  b239|lab0239_s401_w3_1045_1120_r2  n= 16  avg=+113.1%  med=+38.5%  realized=$+313.00
  b23|c023_s164_w4_1120_1135_r1  n=  2  avg=-67.7%  med=-67.7%  realized=$-84.00
  b23|c023_s173_w4_1120_1135_r2  n=  3  avg=-25.0%  med=-61.5%  realized=$-41.00
  b240|lab0240_s401_w4_1120_1135_r1  n= 12  avg=+38.8%  med=+21.1%  realized=$+136.00
  b241|lab0241_s401_w4_1120_1135_r2  n=  9  avg=-22.4%  med=-17.5%  realized=$-118.00
  b25|c025_s168_w2_1005_1045_r1  n=  2  avg=-20.7%  med=-19.6%  realized=$-19.00
  b25|c025_s174_w2_1005_1045_r2  n= 18  avg=-33.0%  med=-21.7%  realized=$-333.00
  b262|lab0262_s403_w1_0928_1005_r1  n=  3  avg=+40.1%  med=+65.4%  realized=$+63.00
  b263|lab0263_s403_w1_0928_1005_r2  n=  9  avg=+58.2%  med=+51.7%  realized=$+221.00
  b264|lab0264_s403_w2_1005_1045_r1  n=  9  avg=+28.1%  med=+46.0%  realized=$+103.00
  b265|lab0265_s403_w2_1005_1045_r2  n= 11  avg=+21.5%  med=+49.0%  realized=$+110.00
  b266|lab0266_s403_w3_1045_1120_r1  n=  5  avg=+46.0%  med=+66.7%  realized=$+75.00
  b267|lab0267_s403_w3_1045_1120_r2  n=  7  avg=+31.2%  med=+57.1%  realized=$+73.00
  b268|lab0268_s403_w4_1120_1135_r1  n=  4  avg=+158.4%  med=+320.0%  realized=$+152.00
  b269|lab0269_s403_w4_1120_1135_r2  n=  7  avg=+96.9%  med=+57.6%  realized=$+211.00
  b26|c026_s174_w3_1045_1120_r2  n=  1  avg=-53.1%  med=-53.1%  realized=$-26.00
  b276|lab0276_s350_w1_0928_1005_r1  n= 10  avg=+61.5%  med=+102.9%  realized=$+227.00
  b277|lab0277_s350_w1_0928_1005_r2  n=  8  avg=+94.3%  med=+157.9%  realized=$+266.00
  b278|lab0278_s350_w2_1005_1045_r1  n= 13  avg=+37.3%  med=+0.0%  realized=$+58.00
  b279|lab0279_s350_w2_1005_1045_r2  n= 14  avg=+56.2%  med=-28.3%  realized=$+163.00
  b280|lab0280_s351_w1_0928_1005_r1  n=  9  avg=+122.7%  med=+171.9%  realized=$+322.00
  b281|lab0281_s351_w1_0928_1005_r2  n=  9  avg=+103.1%  med=+110.5%  realized=$+347.00
  b282|lab0282_s351_w2_1005_1045_r1  n= 11  avg=-7.6%  med=-61.9%  realized=$-114.00
  b283|lab0283_s351_w2_1005_1045_r2  n= 12  avg=-5.4%  med=-50.0%  realized=$-97.00
  b284|lab0284_s351_w3_1045_1120_r1  n=  3  avg=-54.1%  med=-52.2%  realized=$-59.00
  b285|lab0285_s351_w3_1045_1120_r2  n=  5  avg=+55.0%  med=-33.3%  realized=$+4.00
  b286|lab0286_s351_w4_1120_1135_r1  n=  6  avg=-14.7%  med=-75.5%  realized=$-99.00
  b287|lab0287_s351_w4_1120_1135_r2  n=  9  avg=-16.6%  med=-48.7%  realized=$-108.00
  b288|lab0288_s352_w1_0928_1005_r1  n=  5  avg=+107.9%  med=+100.0%  realized=$+85.00
  b289|lab0289_s352_w1_0928_1005_r2  n=  5  avg=+80.9%  med=+93.8%  realized=$+67.00
  b28|c028_s165_w1_0928_1005_r2  n= 17  avg=+49.5%  med=+80.0%  realized=$+448.00
  b28|c028_s173_w1_0928_1005_r2  n=  5  avg=+51.6%  med=+80.0%  realized=$+142.00
  b290|lab0290_s352_w2_1005_1045_r1  n=  7  avg=+62.6%  med=-17.6%  realized=$+73.00
  b291|lab0291_s352_w2_1005_1045_r2  n=  8  avg=+75.9%  med=-48.2%  realized=$+116.00
  b292|lab0292_s352_w3_1045_1120_r1  n=  8  avg=+50.1%  med=+13.0%  realized=$-6.00
  b293|lab0293_s352_w3_1045_1120_r2  n=  9  avg=+67.7%  med=+39.1%  realized=$+46.00
  b294|lab0294_s352_w4_1120_1135_r1  n=  4  avg=+17.7%  med=-71.4%  realized=$-72.00
  b295|lab0295_s352_w4_1120_1135_r2  n=  4  avg=+18.9%  med=-75.0%  realized=$-72.00
  b296|lab0296_s353_w1_0928_1005_r1  n=  5  avg=+110.2%  med=+123.7%  realized=$+118.00
  b297|lab0297_s353_w1_0928_1005_r2  n=  5  avg=+81.5%  med=+79.0%  realized=$+83.00
  b298|lab0298_s353_w2_1005_1045_r1  n= 11  avg=+11.2%  med=-34.7%  realized=$-53.00
  b299|lab0299_s353_w2_1005_1045_r2  n=  7  avg=-32.4%  med=-72.7%  realized=$-142.00
  b29|c029_s165_w2_1005_1045_r2  n=  9  avg=-23.3%  med=-50.0%  realized=$-221.00
  b29|c029_s173_w2_1005_1045_r2  n=  2  avg=-69.3%  med=-48.5%  realized=$-78.00
  b2|c002_s173_w3_1045_1120_r1  n= 15  avg=+67.7%  med=+32.8%  realized=$+707.00
  b300|lab0300_s353_w3_1045_1120_r1  n=  3  avg=+184.9%  med=-94.1%  realized=$-44.00
  b301|lab0301_s353_w3_1045_1120_r2  n=  1  avg=+942.9%  med=+942.9%  realized=$+66.00
  b302|lab0302_s353_w4_1120_1135_r1  n=  2  avg=+214.9%  med=+333.3%  realized=$+98.00
  b303|lab0303_s353_w4_1120_1135_r2  n=  3  avg=+158.5%  med=+93.1%  realized=$+121.00
  b304|lab0304_s354_w1_0928_1005_r1  n=  5  avg=+19.8%  med=+24.0%  realized=$+47.00
  b305|lab0305_s354_w1_0928_1005_r2  n=  5  avg=+2.5%  med=-51.6%  realized=$+2.00
  b306|lab0306_s354_w2_1005_1045_r1  n=  9  avg=-17.2%  med=-70.6%  realized=$-108.00
  b307|lab0307_s354_w2_1005_1045_r2  n= 10  avg=-18.9%  med=-68.6%  realized=$-50.00
  b308|lab0308_s354_w3_1045_1120_r1  n=  9  avg=+3.0%  med=-50.8%  realized=$-4.00
  b309|lab0309_s354_w3_1045_1120_r2  n=  9  avg=-5.5%  med=-52.3%  realized=$-49.00
  b30|c030_s165_w3_1045_1120_r2  n=  9  avg=+38.8%  med=+0.0%  realized=$+260.00
  b30|c030_s173_w3_1045_1120_r2  n=  2  avg=-9.5%  med=+0.0%  realized=$-14.00
  b310|lab0310_s354_w4_1120_1135_r1  n=  5  avg=+12.6%  med=-33.3%  realized=$+74.00
  b311|lab0311_s354_w4_1120_1135_r2  n=  5  avg=+32.1%  med=-72.9%  realized=$+107.00
  b312|lab0312_s355_w1_0928_1005_r1  n=  8  avg=-25.6%  med=-53.5%  realized=$-95.00
  b313|lab0313_s355_w1_0928_1005_r2  n=  7  avg=-6.9%  med=-48.8%  realized=$-31.00
  b314|lab0314_s355_w2_1005_1045_r1  n= 12  avg=-7.9%  med=-63.4%  realized=$-59.00
  b315|lab0315_s355_w2_1005_1045_r2  n= 13  avg=-10.4%  med=-41.3%  realized=$-69.00
  b316|lab0316_s355_w3_1045_1120_r1  n=  5  avg=+6.7%  med=-50.0%  realized=$+33.00
  b317|lab0317_s355_w3_1045_1120_r2  n= 10  avg=+70.5%  med=+57.1%  realized=$+320.00
  b318|lab0318_s355_w4_1120_1135_r1  n=  6  avg=+57.7%  med=+84.6%  realized=$+119.00
  b319|lab0319_s355_w4_1120_1135_r2  n=  6  avg=+60.7%  med=+59.4%  realized=$+133.00
  b31|c031_s165_w4_1120_1135_r2  n=  2  avg=+145.5%  med=+175.8%  realized=$+192.00
  b320|lab0320_s356_w1_0928_1005_r1  n=  4  avg=+18.8%  med=+37.9%  realized=$+34.00
  b321|lab0321_s356_w1_0928_1005_r2  n=  4  avg=+28.1%  med=+58.6%  realized=$+56.00
  b322|lab0322_s356_w2_1005_1045_r1  n=  3  avg=-12.4%  med=-21.6%  realized=$-21.00
  b323|lab0323_s356_w2_1005_1045_r2  n=  3  avg=-9.0%  med=-18.9%  realized=$-16.00
  b324|lab0324_s356_w3_1045_1120_r1  n=  4  avg=-5.4%  med=-25.0%  realized=$-12.00
  b325|lab0325_s356_w3_1045_1120_r2  n=  4  avg=-1.7%  med=-19.4%  realized=$-6.00
  b326|lab0326_s356_w4_1120_1135_r1  n=  2  avg=+76.1%  med=+100.0%  realized=$+68.00
  b327|lab0327_s356_w4_1120_1135_r2  n=  3  avg=+19.3%  med=+52.0%  realized=$+20.00
  b328|lab0328_s357_w1_0928_1005_r1  n=  3  avg=+3.8%  med=+47.1%  realized=$+7.00
  b329|lab0329_s357_w1_0928_1005_r2  n=  3  avg=+3.8%  med=+47.1%  realized=$+7.00
  b330|lab0330_s357_w2_1005_1045_r1  n=  2  avg=+34.9%  med=+131.4%  realized=$+27.00
  b331|lab0331_s357_w2_1005_1045_r2  n=  3  avg=-10.7%  med=-56.9%  realized=$-19.00
  b332|lab0332_s357_w3_1045_1120_r1  n=  5  avg=+66.7%  med=+73.7%  realized=$+190.00
  b333|lab0333_s357_w3_1045_1120_r2  n=  6  avg=+66.3%  med=+71.9%  realized=$+228.00
  b334|lab0334_s357_w4_1120_1135_r1  n=  1  avg=+81.2%  med=+81.2%  realized=$+39.00
  b335|lab0335_s357_w4_1120_1135_r2  n=  2  avg=+54.6%  med=+57.1%  realized=$+53.00
  b340|lab0340_s358_w3_1045_1120_r1  n=  1  avg=-51.4%  med=-51.4%  realized=$-37.00
  b341|lab0341_s358_w3_1045_1120_r2  n=  1  avg=-51.4%  med=-51.4%  realized=$-37.00
  b342|lab0342_s358_w4_1120_1135_r1  n=  1  avg=+53.1%  med=+53.1%  realized=$+26.00
  b343|lab0343_s358_w4_1120_1135_r2  n=  1  avg=+55.1%  med=+55.1%  realized=$+27.00
  b344|lab0344_s359_w1_0928_1005_r1  n=  5  avg=+37.9%  med=+46.7%  realized=$-33.00
  b345|lab0345_s359_w1_0928_1005_r2  n=  7  avg=+22.2%  med=-50.0%  realized=$-14.00
  b346|lab0346_s359_w2_1005_1045_r1  n= 12  avg=+62.3%  med=-46.7%  realized=$-60.00
  b347|lab0347_s359_w2_1005_1045_r2  n= 11  avg=+69.0%  med=-44.4%  realized=$-16.00
  b362|lab0362_s361_w1_0928_1005_r1  n=  6  avg=-13.8%  med=-30.4%  realized=$-71.00
  b363|lab0363_s361_w1_0928_1005_r2  n=  7  avg=-12.8%  med=-30.4%  realized=$-76.00
  b364|lab0364_s361_w2_1005_1045_r1  n=  9  avg=+126.2%  med=+81.8%  realized=$+88.00
  b365|lab0365_s361_w2_1005_1045_r2  n= 12  avg=+173.8%  med=+82.8%  realized=$+310.00
  b366|lab0366_s361_w3_1045_1120_r1  n=  3  avg=+351.3%  med=+61.1%  realized=$+59.00
  b367|lab0367_s361_w3_1045_1120_r2  n= 11  avg=+67.9%  med=-50.0%  realized=$-90.00
  b368|lab0368_s361_w4_1120_1135_r1  n=  3  avg=+103.8%  med=+71.4%  realized=$+37.00
  b369|lab0369_s361_w4_1120_1135_r2  n=  4  avg=+110.2%  med=+100.0%  realized=$+60.00
  b376|lab0376_s362_w1_0928_1005_r1  n=  8  avg=+1.2%  med=+8.7%  realized=$-21.00
  b377|lab0377_s362_w1_0928_1005_r2  n=  9  avg=+10.8%  med=+13.0%  realized=$+10.00
  b378|lab0378_s362_w2_1005_1045_r1  n=  5  avg=+239.7%  med=+70.6%  realized=$+163.00
  b379|lab0379_s362_w2_1005_1045_r2  n=  9  avg=+132.5%  med=+60.5%  realized=$+219.00
  b380|lab0380_s362_w3_1045_1120_r1  n=  7  avg=+183.1%  med=+103.3%  realized=$+226.00
  b381|lab0381_s362_w3_1045_1120_r2  n=  7  avg=+182.6%  med=+108.3%  realized=$+245.00
  b382|lab0382_s362_w4_1120_1135_r1  n=  3  avg=+463.7%  med=+323.8%  realized=$+376.00
  b383|lab0383_s362_w4_1120_1135_r2  n=  3  avg=+490.7%  med=+309.5%  realized=$+402.00
  b390|lab0390_s363_w1_0928_1005_r1  n=  3  avg=-13.7%  med=-49.1%  realized=$-60.00
  b391|lab0391_s363_w1_0928_1005_r2  n=  2  avg=+26.2%  med=+103.2%  realized=$+4.00
  b392|lab0392_s363_w2_1005_1045_r1  n=  8  avg=-41.2%  med=-65.4%  realized=$-222.00
  b393|lab0393_s363_w2_1005_1045_r2  n=  8  avg=-39.0%  med=-53.9%  realized=$-210.00
  b394|lab0394_s363_w3_1045_1120_r1  n=  5  avg=-46.4%  med=-81.0%  realized=$-150.00
  b395|lab0395_s363_w3_1045_1120_r2  n=  5  avg=-44.5%  med=-82.5%  realized=$-149.00
  b396|lab0396_s363_w4_1120_1135_r1  n=  2  avg=-15.1%  med=+44.7%  realized=$-19.00
  b397|lab0397_s363_w4_1120_1135_r2  n=  5  avg=-33.2%  med=-77.1%  realized=$-75.00
  b3|c003_s173_w4_1120_1135_r1  n= 17  avg=+131.0%  med=-50.0%  realized=$+1,311.00
  b404|lab0404_s364_w1_0928_1005_r1  n=  4  avg=-15.3%  med=-2.9%  realized=$-61.00
  b405|lab0405_s364_w1_0928_1005_r2  n=  5  avg=-6.0%  med=-5.9%  realized=$-44.00
  b406|lab0406_s364_w2_1005_1045_r1  n= 10  avg=-17.6%  med=-44.2%  realized=$-159.00
  b407|lab0407_s364_w2_1005_1045_r2  n= 11  avg=-12.3%  med=-42.3%  realized=$-90.00
  b408|lab0408_s364_w3_1045_1120_r1  n=  8  avg=+2.4%  med=+66.7%  realized=$-41.00
  b409|lab0409_s364_w3_1045_1120_r2  n= 10  avg=+0.0%  med=+53.1%  realized=$-54.00
  b40|c040_s166_w1_0928_1005_r2  n=  6  avg=-37.2%  med=-12.7%  realized=$-142.00
  b40|c040_s173_w1_0928_1005_r3  n= 23  avg=+12.9%  med=-15.4%  realized=$-90.00
  b410|lab0410_s364_w4_1120_1135_r1  n=  7  avg=+72.6%  med=+39.5%  realized=$+171.00
  b411|lab0411_s364_w4_1120_1135_r2  n=  4  avg=+137.5%  med=+188.9%  realized=$+189.00
  b418|lab0418_s365_w1_0928_1005_r1  n=  3  avg=+20.9%  med=+67.3%  realized=$+24.00
  b419|lab0419_s365_w1_0928_1005_r2  n=  4  avg=+17.6%  med=+56.1%  realized=$+28.00
  b41|c041_s166_w2_1005_1045_r2  n=  3  avg=-62.0%  med=-61.4%  realized=$-106.00
  b41|c041_s173_w2_1005_1045_r3  n= 13  avg=-48.5%  med=-66.7%  realized=$-452.00
  b420|lab0420_s365_w2_1005_1045_r1  n=  2  avg=+2.8%  med=+54.0%  realized=$-2.00
  b421|lab0421_s365_w2_1005_1045_r2  n=  3  avg=-21.3%  med=-48.3%  realized=$-40.00
  b422|lab0422_s365_w3_1045_1120_r1  n=  3  avg=+33.1%  med=+63.6%  realized=$+25.00
  b423|lab0423_s365_w3_1045_1120_r2  n=  3  avg=+28.9%  med=+63.6%  realized=$+20.00
  b424|lab0424_s365_w4_1120_1135_r1  n=  5  avg=-10.7%  med=+0.0%  realized=$-24.00
  b425|lab0425_s365_w4_1120_1135_r2  n=  3  avg=+109.8%  med=+54.8%  realized=$+124.00
  b42|c042_s166_w3_1045_1120_r2  n=  6  avg=+115.7%  med=+21.4%  realized=$+489.00
  b42|c042_s173_w3_1045_1120_r3  n= 13  avg=+31.1%  med=-8.3%  realized=$+262.00
  b432|lab0432_s366_w1_0928_1005_r1  n=  1  avg=-56.9%  med=-56.9%  realized=$-37.00
  b433|lab0433_s366_w1_0928_1005_r2  n=  1  avg=-56.9%  med=-56.9%  realized=$-37.00
  b434|lab0434_s366_w2_1005_1045_r1  n=  2  avg=+19.6%  med=+96.1%  realized=$+12.00
  b435|lab0435_s366_w2_1005_1045_r2  n=  3  avg=+20.7%  med=+49.0%  realized=$+23.00
  b436|lab0436_s366_w3_1045_1120_r1  n=  1  avg=-51.7%  med=-51.7%  realized=$-30.00
  b437|lab0437_s366_w3_1045_1120_r2  n=  1  avg=-53.5%  med=-53.5%  realized=$-31.00
  b438|lab0438_s366_w4_1120_1135_r1  n=  2  avg=+22.6%  med=+94.3%  realized=$+22.00
  b439|lab0439_s366_w4_1120_1135_r2  n=  2  avg=+26.4%  med=+101.9%  realized=$+26.00
  b43|c043_s166_w4_1120_1135_r2  n=  7  avg=+62.0%  med=+41.9%  realized=$+281.00
  b43|c043_s173_w4_1120_1135_r3  n=  8  avg=+58.7%  med=+53.2%  realized=$+241.00
  b449|lab0449_s367_w2_1005_1045_r2  n=  1  avg=-48.9%  med=-48.9%  realized=$-22.00
  b450|lab0450_s367_w3_1045_1120_r1  n=  1  avg=-51.4%  med=-51.4%  realized=$-37.00
  b451|lab0451_s367_w3_1045_1120_r2  n=  1  avg=-25.0%  med=-25.0%  realized=$-18.00
  b46|c046_s174_w3_1045_1120_r3  n=  3  avg=-89.7%  med=-89.7%  realized=$-156.00
  b47|c047_s163_w4_1120_1135_r2  n=  3  avg=-79.7%  med=-78.0%  realized=$-141.00
  b47|c047_s174_w4_1120_1135_r3  n= 25  avg=-73.4%  med=-78.0%  realized=$-1,155.00
  b48|c048_s164_w1_0928_1005_r2  n=  5  avg=-33.1%  med=-49.1%  realized=$-91.00
  b48|c048_s165_w1_0928_1005_r3  n= 16  avg=-35.9%  med=-49.1%  realized=$-344.00
  b49|c049_s164_w2_1005_1045_r2  n=  4  avg=-51.8%  med=-44.0%  realized=$-133.00
  b49|c049_s165_w2_1005_1045_r3  n= 15  avg=-49.3%  med=-49.1%  realized=$-458.00
  b50|c050_s164_w3_1045_1120_r2  n=  4  avg=-39.6%  med=-16.7%  realized=$-115.00
  b50|c050_s165_w3_1045_1120_r3  n=  9  avg=-23.6%  med=-23.1%  realized=$-142.00
  b51|c051_s165_w4_1120_1135_r3  n=  1  avg=+263.6%  med=+263.6%  realized=$+174.00
  b56|g056_lim_tp20_sl65  n=  1  avg=+47.7%  med=+47.7%  realized=$+20.52
  b57|g057_mid_tp20_sl65  n=  1  avg=+47.7%  med=+47.7%  realized=$+20.52
  b58|g058_eod_tp20_sl65  n=  1  avg=+59.1%  med=+59.1%  realized=$+25.41
  b60|c060_s167_w1_0928_1005_r3  n=  3  avg=-55.8%  med=-62.8%  realized=$-98.00
  b60|c060_s173_w1_0928_1005_r4  n= 13  avg=-5.1%  med=-13.6%  realized=$-99.00
  b61|c061_s167_w2_1005_1045_r3  n=  5  avg=-54.6%  med=-50.9%  realized=$-160.00
  b61|c061_s173_w2_1005_1045_r4  n=  8  avg=-37.3%  med=-50.0%  realized=$-208.00
  b62|c062_s167_w3_1045_1120_r3  n=  8  avg=-51.8%  med=-64.2%  realized=$-286.00
  b62|c062_s173_w3_1045_1120_r4  n= 20  avg=+182.8%  med=-58.3%  realized=$-183.00
  b63|c063_s167_w4_1120_1135_r3  n=  2  avg=-54.8%  med=-54.8%  realized=$-68.00
  b63|c063_s173_w4_1120_1135_r4  n=  1  avg=-46.1%  med=-46.1%  realized=$-24.00
  b63|g063_mid_tp20_sl65  n=  1  avg=+23.3%  med=+23.3%  realized=$+18.63
  b64|c064_s174_w1_0928_1005_r4  n=  3  avg=-93.3%  med=-93.3%  realized=$-168.00
  b64|g064_eod_tp20_sl65  n=  1  avg=+34.2%  med=+34.2%  realized=$+27.40
  b65|c065_s174_w2_1005_1045_r4  n=  8  avg=-45.7%  med=-45.2%  realized=$-238.00
  b65|g065_lim_tp20_sl65  n=  1  avg=+23.3%  med=+23.3%  realized=$+18.63
  b66|c066_s174_w3_1045_1120_r4  n=  1  avg=-52.5%  med=-52.5%  realized=$-31.00
  b66|g066_mid_tp20_sl65  n=  1  avg=+23.3%  med=+23.3%  realized=$+18.63
  b67|c067_s174_w4_1120_1135_r4  n=  1  avg=-45.8%  med=-45.8%  realized=$-27.00
  b67|g067_eod_tp20_sl65  n=  1  avg=+34.2%  med=+34.2%  realized=$+27.40
  b68|c068_s165_w1_0928_1005_r4  n= 16  avg=-51.3%  med=-49.1%  realized=$-446.00
  b68|c068_s166_w1_0928_1005_r3  n=  4  avg=-52.7%  med=-49.1%  realized=$-116.00
  b69|c069_s165_w2_1005_1045_r4  n= 11  avg=+19.0%  med=-43.6%  realized=$-179.00
  b69|c069_s166_w2_1005_1045_r3  n=  4  avg=+10.1%  med=-40.0%  realized=$-87.00
  b70|c070_s165_w3_1045_1120_r4  n= 11  avg=-2.1%  med=-16.9%  realized=$-6.00
  b70|c070_s166_w3_1045_1120_r3  n=  4  avg=-42.5%  med=-27.0%  realized=$-124.00
  b70|g070_eod_tp30_sl20  n=  1  avg=+59.1%  med=+59.1%  realized=$+27.77
  b71|g071_lim_tp30_sl20  n=  1  avg=+36.5%  med=+36.5%  realized=$+23.73
  b72|g072_mid_tp30_sl20  n=  1  avg=+36.5%  med=+36.5%  realized=$+23.73
  b73|g073_eod_tp30_sl20  n=  1  avg=+55.6%  med=+55.6%  realized=$+36.11
  b73|lab0073_s209_w1_0928_1005_r2  n=  1  avg=-64.7%  med=-64.7%  realized=$-11.00
  b74|g074_lim_tp30_sl20  n=  1  avg=+36.5%  med=+36.5%  realized=$+23.73
  b74|lab0074_s209_w2_1005_1045_r1  n=  1  avg=-58.2%  med=-58.2%  realized=$-39.00
  b75|g075_mid_tp30_sl20  n=  1  avg=+36.5%  med=+36.5%  realized=$+23.73
  b75|lab0075_s209_w2_1005_1045_r2  n=  2  avg=-50.8%  med=-50.8%  realized=$-68.00
  b768|lab0768_s396_w1_0928_1005_r1  n=  2  avg=+89.0%  med=+93.1%  realized=$+118.00
  b769|lab0769_s396_w1_0928_1005_r2  n=  2  avg=+106.2%  med=+116.7%  realized=$+139.00
  b76|c076_s164_w1_0928_1005_r3  n=  1  avg=-50.0%  med=-50.0%  realized=$-2.00
  b76|g076_eod_tp30_sl20  n=  1  avg=+34.2%  med=+34.2%  realized=$+27.40
  b771|lab0771_s396_w2_1005_1045_r2  n=  1  avg=-82.2%  med=-82.2%  realized=$-60.00
  b775|lab0775_s396_w4_1120_1135_r2  n=  1  avg=+74.6%  med=+74.6%  realized=$+44.00
  b776|lab0776_s397_w1_0928_1005_r1  n=  3  avg=-38.5%  med=-64.9%  realized=$-74.00
  b777|lab0777_s397_w1_0928_1005_r2  n=  6  avg=+22.9%  med=+38.6%  realized=$+72.00
  b778|lab0778_s397_w2_1005_1045_r1  n=  8  avg=+67.0%  med=+73.0%  realized=$+342.00
  b779|lab0779_s397_w2_1005_1045_r2  n=  7  avg=+64.7%  med=+61.9%  realized=$+306.00
  b77|g077_lim_tp30_sl20  n=  1  avg=-23.3%  med=-23.3%  realized=$-18.63
  b77|lab0077_s209_w3_1045_1120_r2  n=  1  avg=-70.9%  med=-70.9%  realized=$-39.00
  b780|lab0780_s397_w3_1045_1120_r1  n=  3  avg=+43.8%  med=+74.3%  realized=$+81.00
  b781|lab0781_s397_w3_1045_1120_r2  n=  6  avg=+24.3%  med=+71.8%  realized=$+136.00
  b782|lab0782_s397_w4_1120_1135_r1  n=  1  avg=-54.0%  med=-54.0%  realized=$-34.00
  b783|lab0783_s397_w4_1120_1135_r2  n=  3  avg=+66.9%  med=+105.1%  realized=$+123.00
  b784|lab0784_s398_w1_0928_1005_r1  n=  5  avg=+37.3%  med=+49.0%  realized=$+70.00
  b785|lab0785_s398_w1_0928_1005_r2  n=  6  avg=+9.2%  med=+49.0%  realized=$+37.00
  b786|lab0786_s398_w2_1005_1045_r1  n= 10  avg=+1.1%  med=+3.3%  realized=$-27.00
  b787|lab0787_s398_w2_1005_1045_r2  n=  5  avg=+36.0%  med=+61.3%  realized=$+57.00
  b788|lab0788_s398_w3_1045_1120_r1  n= 10  avg=+3.6%  med=-18.4%  realized=$+31.00
  b789|lab0789_s398_w3_1045_1120_r2  n=  9  avg=-11.4%  med=-54.3%  realized=$-10.00
  b78|g078_mid_tp30_sl20  n=  1  avg=-23.3%  med=-23.3%  realized=$-18.63
  b790|lab0790_s398_w4_1120_1135_r1  n=  5  avg=+179.6%  med=+140.3%  realized=$+338.00
  b791|lab0791_s398_w4_1120_1135_r2  n=  7  avg=+124.0%  med=+155.6%  realized=$+293.00
  b792|lab0792_s399_w1_0928_1005_r1  n=  4  avg=+100.0%  med=+140.0%  realized=$+80.00
  b793|lab0793_s399_w1_0928_1005_r2  n= 11  avg=+34.3%  med=+57.9%  realized=$+127.00
  b794|lab0794_s399_w2_1005_1045_r1  n= 11  avg=+74.8%  med=-17.2%  realized=$-78.00
  b795|lab0795_s399_w2_1005_1045_r2  n= 13  avg=+43.5%  med=-51.7%  realized=$-61.00
  b796|lab0796_s399_w3_1045_1120_r1  n=  3  avg=+266.6%  med=-74.0%  realized=$-5.00
  b797|lab0797_s399_w3_1045_1120_r2  n= 15  avg=+23.0%  med=-52.8%  realized=$-146.00
  b798|lab0798_s399_w4_1120_1135_r1  n=  5  avg=+12.3%  med=-53.1%  realized=$+61.00
  b799|lab0799_s399_w4_1120_1135_r2  n=  8  avg=+26.4%  med=+53.3%  realized=$+49.00
  b79|g079_eod_tp30_sl20  n=  1  avg=+34.2%  med=+34.2%  realized=$+27.40
  b79|lab0079_s209_w4_1120_1135_r2  n=  1  avg=-94.6%  med=-94.6%  realized=$-53.00
  b7|c007_s174_w4_1120_1135_r1  n=  5  avg=-7.5%  med=-1.4%  realized=$-58.00
  b800|lab0800_s404_w1_0928_1005_r1  n=  6  avg=+23.0%  med=+38.6%  realized=$+65.00
  b801|lab0801_s404_w1_0928_1005_r2  n=  6  avg=+1.7%  med=+31.6%  realized=$+24.00
  b802|lab0802_s404_w2_1005_1045_r1  n= 12  avg=+30.0%  med=+60.9%  realized=$+236.00
  b803|lab0803_s404_w2_1005_1045_r2  n= 10  avg=+55.7%  med=+58.9%  realized=$+347.00
  b804|lab0804_s404_w3_1045_1120_r1  n=  7  avg=+14.7%  med=+68.5%  realized=$+107.00
  b805|lab0805_s404_w3_1045_1120_r2  n=  8  avg=-7.4%  med=+57.5%  realized=$+11.00
  b806|lab0806_s404_w4_1120_1135_r1  n=  4  avg=+64.7%  med=+91.5%  realized=$+160.00
  b807|lab0807_s404_w4_1120_1135_r2  n=  5  avg=+54.4%  med=+53.2%  realized=$+168.00
  b80|c080_s168_w1_0928_1005_r3  n=  8  avg=+3.6%  med=-11.1%  realized=$-45.00
  b80|c080_s173_w1_0928_1005_r5  n= 45  avg=+52.6%  med=+59.1%  realized=$+503.00
  b80|g080_lim_tp30_sl30  n=  1  avg=+36.5%  med=+36.5%  realized=$+23.73
  b80|lab0080_s210_w1_0928_1005_r1  n= 12  avg=+12.9%  med=-8.5%  realized=$+57.00
  b81|c081_s168_w2_1005_1045_r3  n=  5  avg=-26.9%  med=-33.8%  realized=$-83.00
  b81|c081_s173_w2_1005_1045_r5  n= 20  avg=-39.1%  med=-38.4%  realized=$-559.00
  b81|g081_mid_tp30_sl30  n=  1  avg=+36.5%  med=+36.5%  realized=$+23.73
  b81|lab0081_s210_w1_0928_1005_r2  n= 12  avg=+8.1%  med=+46.7%  realized=$+47.00
  b828|lab0828_s406_w1_0928_1005_r1  n=  4  avg=-15.8%  med=+10.0%  realized=$+1.00
  b829|lab0829_s406_w1_0928_1005_r2  n=  3  avg=-11.0%  med=-50.0%  realized=$-13.00
  b82|c082_s168_w3_1045_1120_r3  n=  5  avg=-1.6%  med=-40.0%  realized=$-2.00
  b82|c082_s173_w3_1045_1120_r5  n=  9  avg=-10.7%  med=-12.5%  realized=$-48.00
  b82|g082_eod_tp30_sl30  n=  1  avg=+55.6%  med=+55.6%  realized=$+36.11
  b82|lab0082_s210_w2_1005_1045_r1  n= 12  avg=-16.7%  med=-6.2%  realized=$-70.00
  b830|lab0830_s406_w2_1005_1045_r1  n= 13  avg=+66.4%  med=+61.3%  realized=$+59.00
  b831|lab0831_s406_w2_1005_1045_r2  n= 16  avg=+70.3%  med=+81.8%  realized=$+127.00
  b832|lab0832_s406_w3_1045_1120_r1  n= 15  avg=+305.6%  med=+55.3%  realized=$+1,461.00
  b833|lab0833_s406_w3_1045_1120_r2  n= 18  avg=+284.9%  med=+73.1%  realized=$+1,443.00
  b834|lab0834_s406_w4_1120_1135_r1  n=  7  avg=+407.3%  med=+105.3%  realized=$+135.00
  b835|lab0835_s406_w4_1120_1135_r2  n=  7  avg=+174.8%  med=+66.7%  realized=$+195.00
  b83|c083_s168_w4_1120_1135_r3  n=  8  avg=+84.0%  med=+62.9%  realized=$+429.00
  b83|c083_s173_w4_1120_1135_r5  n= 20  avg=-20.6%  med=-68.2%  realized=$-271.00
  b83|g083_lim_tp30_sl30  n=  1  avg=+30.1%  med=+30.1%  realized=$+24.11
  b83|lab0083_s210_w2_1005_1045_r2  n=  7  avg=+9.9%  med=+7.0%  realized=$+14.00
  b84|g084_mid_tp30_sl30  n=  1  avg=+30.1%  med=+30.1%  realized=$+24.11
  b84|lab0084_s210_w3_1045_1120_r1  n= 12  avg=-45.0%  med=-64.4%  realized=$-240.00
  b856|lab0856_s408_w1_0928_1005_r1  n=  3  avg=-28.1%  med=-58.7%  realized=$-32.00
  b857|lab0857_s408_w1_0928_1005_r2  n=  4  avg=-23.5%  med=-33.3%  realized=$-37.00
  b858|lab0858_s408_w2_1005_1045_r1  n=  6  avg=+26.6%  med=-52.6%  realized=$-1.00
  b859|lab0859_s408_w2_1005_1045_r2  n=  8  avg=-31.0%  med=-42.9%  realized=$-36.00
  b85|c085_s174_w2_1005_1045_r5  n=  7  avg=-9.4%  med=-32.7%  realized=$-42.00
  b85|g085_eod_tp30_sl30  n=  1  avg=+34.2%  med=+34.2%  realized=$+27.40
  b85|lab0085_s210_w3_1045_1120_r2  n= 15  avg=+56.9%  med=-44.4%  realized=$+25.00
  b860|lab0860_s408_w3_1045_1120_r1  n=  9  avg=+484.2%  med=+33.3%  realized=$+807.00
  b861|lab0861_s408_w3_1045_1120_r2  n= 12  avg=+218.5%  med=+100.0%  realized=$+471.00
  b862|lab0862_s408_w4_1120_1135_r1  n=  6  avg=-4.0%  med=+60.0%  realized=$-55.00
  b863|lab0863_s408_w4_1120_1135_r2  n=  9  avg=+1.7%  med=+0.0%  realized=$-12.00
  b86|c086_s174_w3_1045_1120_r5  n=  4  avg=+26.1%  med=+39.7%  realized=$+64.00
  b86|g086_lim_tp30_sl30  n=  1  avg=+30.1%  med=+30.1%  realized=$+24.11
  b86|lab0086_s210_w4_1120_1135_r1  n=  6  avg=+31.1%  med=+16.7%  realized=$+67.00
  b87|c087_s174_w4_1120_1135_r5  n=  4  avg=-23.5%  med=+37.5%  realized=$-114.00
  b87|g087_mid_tp30_sl30  n=  1  avg=+30.1%  med=+30.1%  realized=$+24.11
  b87|lab0087_s210_w4_1120_1135_r2  n=  8  avg=-0.2%  med=+19.4%  realized=$-21.00
  b884|lab0884_s410_w1_0928_1005_r1  n=  2  avg=+80.6%  med=+83.3%  realized=$+106.00
  b885|lab0885_s410_w1_0928_1005_r2  n=  3  avg=+72.8%  med=+65.3%  realized=$+145.00
  b886|lab0886_s410_w2_1005_1045_r1  n=  1  avg=+101.5%  med=+101.5%  realized=$+68.00
  b887|lab0887_s410_w2_1005_1045_r2  n=  1  avg=-48.4%  med=-48.4%  realized=$-31.00
  b888|lab0888_s410_w3_1045_1120_r1  n=  1  avg=-78.1%  med=-78.1%  realized=$-57.00
  b889|lab0889_s410_w3_1045_1120_r2  n=  1  avg=-68.5%  med=-68.5%  realized=$-50.00
  b88|c088_s165_w1_0928_1005_r5  n= 21  avg=-5.0%  med=-2.7%  realized=$-63.00
  b88|c088_s167_w1_0928_1005_r4  n=  4  avg=-12.7%  med=+30.9%  realized=$-28.00
  b88|g088_eod_tp30_sl30  n=  2  avg=+36.0%  med=+37.7%  realized=$+65.09
  b898|lab0898_s411_w1_0928_1005_r1  n=  2  avg=-54.5%  med=-51.4%  realized=$-79.00
  b899|lab0899_s411_w1_0928_1005_r2  n=  2  avg=-48.9%  med=-48.6%  realized=$-69.00
  b89|c089_s165_w2_1005_1045_r5  n=  7  avg=+113.1%  med=+30.9%  realized=$+67.00
  b89|c089_s167_w2_1005_1045_r4  n=  2  avg=-16.2%  med=+30.9%  realized=$-22.00
  b89|g089_lim_tp30_sl30  n=  1  avg=+30.1%  med=+30.1%  realized=$+24.11
  b8|c008_s165_w1_0928_1005_r1  n= 23  avg=-19.6%  med=-35.3%  realized=$-250.00
  b900|lab0900_s411_w2_1005_1045_r1  n= 11  avg=-2.4%  med=+7.7%  realized=$+1.00
  b901|lab0901_s411_w2_1005_1045_r2  n=  9  avg=+9.0%  med=+23.9%  realized=$+49.00
  b902|lab0902_s411_w3_1045_1120_r1  n=  7  avg=-0.6%  med=+8.1%  realized=$-13.00
  b903|lab0903_s411_w3_1045_1120_r2  n=  9  avg=+8.0%  med=+10.4%  realized=$+28.00
  b904|lab0904_s411_w4_1120_1135_r1  n=  2  avg=-52.8%  med=-52.2%  realized=$-60.00
  b905|lab0905_s411_w4_1120_1135_r2  n=  4  avg=-11.7%  med=+13.1%  realized=$-17.00
  b90|c090_s165_w3_1045_1120_r5  n= 13  avg=+7.7%  med=+0.0%  realized=$+47.00
  b90|c090_s167_w3_1045_1120_r4  n=  4  avg=-41.6%  med=-18.9%  realized=$-123.00
  b90|g090_mid_tp30_sl30  n=  1  avg=+30.1%  med=+30.1%  realized=$+24.11
  b90|live_1to1           n= 18  avg=+11.6%  med=-10.0%  realized=$+84.00
  b912|lab0912_s412_w1_0928_1005_r1  n=  6  avg=+75.0%  med=+66.7%  realized=$+27.00
  b913|lab0913_s412_w1_0928_1005_r2  n=  6  avg=+69.9%  med=+66.7%  realized=$+23.00
  b914|lab0914_s412_w2_1005_1045_r1  n=  7  avg=+91.8%  med=+68.2%  realized=$+168.00
  b915|lab0915_s412_w2_1005_1045_r2  n=  7  avg=+80.5%  med=+43.2%  realized=$+133.00
  b916|lab0916_s412_w3_1045_1120_r1  n= 14  avg=+1.8%  med=-10.7%  realized=$+8.00
  b917|lab0917_s412_w3_1045_1120_r2  n=  7  avg=+106.9%  med=-3.6%  realized=$-8.00
  b918|lab0918_s412_w4_1120_1135_r1  n=  4  avg=-45.8%  med=-38.1%  realized=$-94.00
  b919|lab0919_s412_w4_1120_1135_r2  n=  5  avg=+33.9%  med=-2.2%  realized=$+8.00
  b91|c091_s165_w4_1120_1135_r5  n=  2  avg=+222.0%  med=+247.0%  realized=$+293.00
  b91|g091_eod_tp30_sl30  n=  2  avg=+19.8%  med=+55.6%  realized=$+25.00
  b92|g092_lim_tp30_sl40  n=  2  avg=+53.6%  med=+70.8%  realized=$+94.51
  b93|g093_mid_tp30_sl40  n=  2  avg=+53.6%  med=+70.8%  realized=$+94.51
  b94|g094_eod_tp30_sl40  n=  2  avg=+46.6%  med=+55.6%  realized=$+73.80
  b94|lab0094_s211_w1_0928_1005_r1  n=  8  avg=-4.1%  med=-5.7%  realized=$-34.00
  b95|g095_lim_tp30_sl40  n=  2  avg=+50.5%  med=+70.8%  realized=$+94.89
  b95|lab0095_s211_w1_0928_1005_r2  n=  9  avg=-27.7%  med=-42.1%  realized=$-143.00
  b96|g096_mid_tp30_sl40  n=  2  avg=+50.5%  med=+70.8%  realized=$+94.89
  b96|lab0096_s211_w2_1005_1045_r1  n=  6  avg=-44.0%  med=-38.1%  realized=$-83.00
  b97|g097_eod_tp30_sl40  n=  2  avg=+36.0%  med=+37.7%  realized=$+65.09
  b97|lab0097_s211_w2_1005_1045_r2  n=  7  avg=-54.0%  med=-46.1%  realized=$-125.00
  b98|g098_lim_tp30_sl40  n=  2  avg=+50.5%  med=+70.8%  realized=$+94.89
  b98|lab0098_s211_w3_1045_1120_r1  n=  7  avg=+190.8%  med=-48.7%  realized=$-61.00
  b99|g099_mid_tp30_sl40  n=  2  avg=+50.5%  med=+70.8%  realized=$+94.89
  b99|lab0099_s211_w3_1045_1120_r2  n=  8  avg=+84.6%  med=+107.7%  realized=$+149.00
  b9|c009_s165_w2_1005_1045_r1  n=  7  avg=-74.4%  med=-66.2%  realized=$-301.00
========================================================
+========================================================================+
|[OPTIONS BOT DAILY VITALS (MATRIX EXPERIMENT)]                          |
+========================================================================+
|-- ACCOUNT STATUS (after_hours) --                                      |
|Equity       : $997,357.89                                              |
|Open Risk    : 50 lots (15 broker pos)                                  |
|Today's Run  : 0 signals -> 0 orders submitted                          |
|                                                                        |
|-- SYSTEM HEALTH --                                                     |
|Zombies      : 0 (Ledger is clean)                                      |
|Lab Status   : 50 Active Lots | 0 Pending Orders                        |
|Auto-Matrix  : (Pending EOD report generation)                          |
+========================================================================+
+========================================================================+
|[DATA QUALITY: CLEAN vs ERRORS vs KEEP-ONLY]                            |
+========================================================================+
|  CLEAN              n=1367  win= 49.2%  med= -12.5%  $+17,587          |
|  TAINTED            n=1882  win= 33.3%  med= -38.9%  $-9,546           |
|  KEEP-only          n=751   win= 61.9%  med= +51.4%  $+12,368          |
|  KEEP recent        n=557   win= 60.1%  med= +53.6%  $+8,146           |
|  KEEP(25): S163,S167,S168,S173,S174,S210,S218,S350...                  |
|  KILL(18): ORPHAN,S164,S202,S203,S207,S211,S212,S216...                |
+========================================================================+
+========================================================================+
|[+++ OVERPERFORMING STRATEGIES (n>=10)]                                 |
+========================================================================+
|  BKT  PROFILE                   WIN%   MED%   TOTAL TRADES             |
|  ---------------------------------------------------------             |
|  b238 lab0238_s401_w3_1045..  83%  +107.1%    18                       |
|  b276 lab0276_s350_w1_0928..  70%  +102.9%    10                       |
|  b861 lab0861_s408_w3_1045..  67%  +83.3%    12                        |
|  b365 lab0365_s361_w2_1005..  92%  +82.8%    12                        |
+========================================================================+
|[--- UNDERPERFORMING STRATEGIES (n>=10)]                                |
+========================================================================+
|  BKT  PROFILE                   WIN%   MED%   TOTAL TRADES             |
|  ---------------------------------------------------------             |
|  b47  lab0047_s205_w4_1120..   4%  -78.0%    28                        |
|  b307 lab0307_s354_w2_1005..  30%  -69.9%    10                        |
|  b1   lab0001_s200_w1_0928..   0%  -65.8%    10                        |
|  b41  lab0041_s205_w1_0928..  12%  -65.3%    16                        |
+========================================================================+
+========================================================================+
|[OPEN OPTIONS (15)]                                                     |
+========================================================================+
|  SYMBOL                      QTY    RET%        OPEN P&L               |
|  ---------------------------------------------------------             |
|  MDT260925C00094000            4    -82.6%   $   -228.00               |
|  NFLX260925C00075000          14    +44.2%   $   +206.00               |
|  NFLX260925C00074000           7    +57.3%   $   +204.00               |
|  MARA260925C00011500          -1  -1125.0%   $   -180.00               |
|  MARA260925C00012500           3    +95.3%   $   +142.00               |
|  MARA260925C00012000          -1   -386.2%   $   -112.00               |
|  CELH260925C00029000           2    -58.5%   $    -62.00               |
|  BAC260925C00058000            7    -11.9%   $    -56.00               |
|  ... 7 more position(s)                                                |
+========================================================================+
Full detail: logs/options_trial/runs/2026-09-22.log
elapsed=1.1s reconcile=0.45s

=== 09:11:21 ET — after hours (exit summary) [elapsed=1.4s reconcile=0.55s] ===
=== options_morning_bot (PAPER) 2026-09-22T09:11:21.544499-04:00 ===

[Run context]
After hours (09:11 ET) — exit summary only.
Paper auth OK — equity $997390.89, account PA33P8KT02IL
  reconcile: layout changed controlled:100:c000_s173_w1_0928_1005_r1 -> controlled:1164:live_1to1+variations

[Exit summary]
========================================================
OPTIONS EXIT SUMMARY — 2026-09-22
========================================================
Account equity: $997,390.89
Open broker positions: 15  unrealized $-77.00

No closed trades today.
========================================================

[Portfolio snapshot]
========================================================
OPTIONS TRIAL STATS
========================================================
Account equity: $997,390.89
Active buckets: 1164 of 1164 profiles ($500 virtual each) — paper unlimited mode

P&L summary
  Reflected (ex-S203,S207,S212,S360,S405,S407): $+12,903.88 all-time  |  $+0.00 today
  Raw (incl dropped):     $+8,040.88 all-time  |  $+0.00 today
  Open (not sold yet): $+215.00 unrealized (virtual lots)
                       $-77.00 unrealized (broker total)
  Premium deployed:    $2,387.00 in open positions
  Combined P&L:        $+13,118.88 (reflected realized + open virtual)

Ledger (master)
  Total events:     14465
  Today entries:    0
  Today exits (reflected): 0
  All-time exits (reflected): 2946  wins 42%
  Avg return/trade: +31.5%  median -30.4%

Open virtual lots (by bucket)
  b0 lab0000_s200_w1_0928_1005_r1  prem=$   294  real=$ +0.00  open=$ +0.00  lots=4  [ORPHAN:BACx3, ORPHAN:NFLXx1, ORPHAN:CELHx1, ORPHAN:AXPx1]
       buy: ask-0.01  sell: bid-0.01  tp=+50% sl=-50%
  b16 lab0016_s202_w1_0928_1005_r1  prem=$    32  real=$-47.00  open=$+14.15  lots=1  [S202:NFLXx1]
       buy: ask-0.01  sell: bid-0.01  tp=+50% sl=-50%
  b17 lab0017_s202_w1_0928_1005_r2  prem=$    32  real=$-56.00  open=$+14.15  lots=1  [S202:NFLXx1]
       buy: ask-0.01  sell: bid-0.01  tp=+50% sl=-50%
  b18 lab0018_s202_w2_1005_1045_r1  prem=$     0  real=$-29.00  open=$ +0.00  lots=0  [-]
       buy: ask-0.01  sell: bid-0.01  tp=+50% sl=-50%
  b19 lab0019_s202_w2_1005_1045_r2  prem=$     0  real=$-43.00  open=$ +0.00  lots=0  [-]
       buy: ask-0.01  sell: bid-0.01  tp=+50% sl=-50%
  b20 lab0020_s202_w3_1045_1120_r1  prem=$     0  real=$ -6.00  open=$ +0.00  lots=0  [-]
       buy: ask-0.01  sell: bid-0.01  tp=+50% sl=-50%
  b21 lab0021_s202_w3_1045_1120_r2  prem=$     0  real=$-24.00  open=$ +0.00  lots=0  [-]
       buy: ask-0.01  sell: bid-0.01  tp=+50% sl=-50%
  b73 lab0073_s209_w1_0928_1005_r2  prem=$     0  real=$-11.00  open=$ +0.00  lots=0  [-]
       buy: ask-0.01  sell: bid-0.01  tp=+50% sl=-50%
  b74 lab0074_s209_w2_1005_1045_r1  prem=$     0  real=$-39.00  open=$ +0.00  lots=0  [-]
       buy: ask-0.01  sell: bid-0.01  tp=+50% sl=-50%
  b75 lab0075_s209_w2_1005_1045_r2  prem=$     0  real=$-68.00  open=$ +0.00  lots=0  [-]
       buy: ask-0.01  sell: bid-0.01  tp=+50% sl=-50%
  b77 lab0077_s209_w3_1045_1120_r2  prem=$     0  real=$-39.00  open=$ +0.00  lots=0  [-]
       buy: ask-0.01  sell: bid-0.01  tp=+50% sl=-50%
  b79 lab0079_s209_w4_1120_1135_r2  prem=$     0  real=$-53.00  open=$ +0.00  lots=0  [-]
       buy: ask-0.01  sell: bid-0.01  tp=+50% sl=-50%
  b80 lab0080_s210_w1_0928_1005_r1  prem=$     0  real=$+57.00  open=$ +0.00  lots=0  [-]
       buy: ask-0.01  sell: bid-0.01  tp=+50% sl=-50%
  b81 lab0081_s210_w1_0928_1005_r2  prem=$     0  real=$+47.00  open=$ +0.00  lots=0  [-]
       buy: ask-0.01  sell: bid-0.01  tp=+50% sl=-50%
  b82 lab0082_s210_w2_1005_1045_r1  prem=$     0  real=$-70.00  open=$ +0.00  lots=0  [-]
       buy: ask-0.01  sell: bid-0.01  tp=+50% sl=-50%
  b83 lab0083_s210_w2_1005_1045_r2  prem=$     0  real=$+14.00  open=$ +0.00  lots=0  [-]
       buy: ask-0.01  sell: bid-0.01  tp=+50% sl=-50%
  b84 lab0084_s210_w3_1045_1120_r1  prem=$     0  real=$-240.00  open=$ +0.00  lots=0  [-]
       buy: ask-0.01  sell: bid-0.01  tp=+50% sl=-50%
  b85 lab0085_s210_w3_1045_1120_r2  prem=$     0  real=$+25.00  open=$ +0.00  lots=0  [-]
       buy: ask-0.01  sell: bid-0.01  tp=+50% sl=-50%
  b86 lab0086_s210_w4_1120_1135_r1  prem=$     0  real=$+67.00  open=$ +0.00  lots=0  [-]
       buy: ask-0.01  sell: bid-0.01  tp=+50% sl=-50%
  b87 lab0087_s210_w4_1120_1135_r2  prem=$     0  real=$-21.00  open=$ +0.00  lots=0  [-]
       buy: ask-0.01  sell: bid-0.01  tp=+50% sl=-50%
  (291 more active bucket(s) omitted)
  (853 quiet bucket profile(s) — no trades yet)

Alpaca option positions
  AXP260925C00325000  qty=2  cost=$76.00  return=-13.2%  open P&L=$-10.00
  BAC260925C00058000  qty=7  cost=$469.00  return=-11.9%  open P&L=$-56.00
  BAC260925C00059000  qty=2  cost=$80.00  return=-42.5%  open P&L=$-34.00
  CELH260925C00029000  qty=2  cost=$106.00  return=-58.5%  open P&L=$-62.00
  CELH260925C00029500  qty=2  cost=$70.00  return=-62.9%  open P&L=$-44.00
  MARA260925C00011500  qty=-1  cost=$16.00  return=-1125.0%  open P&L=$-180.00
  MARA260925C00012000  qty=-1  cost=$29.00  return=-386.2%  open P&L=$-112.00
  MARA260925C00012500  qty=3  cost=$149.00  return=+95.3%  open P&L=$+142.00
  MDT260925C00094000  qty=4  cost=$276.00  return=-82.6%  open P&L=$-228.00
  NFLX260925C00074000  qty=7  cost=$356.00  return=+57.3%  open P&L=$+204.00
  NFLX260925C00075000  qty=14  cost=$466.00  return=+44.2%  open P&L=$+206.00
  NFLX260925C00076000  qty=4  cost=$80.00  return=+40.0%  open P&L=$+32.00
  NFLX261002C00076000  qty=2  cost=$110.00  return=+30.9%  open P&L=$+34.00
  NFLX261002C00077000  qty=1  cost=$41.00  return=+22.0%  open P&L=$+9.00
  NFLX261009C00078000  qty=2  cost=$108.00  return=+20.4%  open P&L=$+22.00

Per-bucket exit stats (all time)
  b0|c000_s173_w1_0928_1005_r1  n= 22  avg=+24.8%  med=+34.9%  realized=$+283.00
  b0|orphan_reconcile     n=397  avg=+3.7%  med=-50.3%  realized=$+433.21
  b100|lab0100_s211_w4_1120_1135_r1  n=  1  avg=+73.6%  med=+73.6%  realized=$+39.00
  b101|lab0101_s211_w4_1120_1135_r2  n=  2  avg=+652.3%  med=+1385.7%  realized=$+54.00
  b104|c104_s164_w1_0928_1005_r4  n=  1  avg=-88.9%  med=-88.9%  realized=$-8.00
  b1052|lab1052_s165_w1_0928_1005_r1  n=  2  avg=+170.4%  med=+194.7%  realized=$+110.00
  b1053|lab1053_s165_w1_0928_1005_r2  n=  2  avg=+165.7%  med=+189.5%  realized=$+107.00
  b1054|lab1054_s165_w2_1005_1045_r1  n=  1  avg=+93.5%  med=+93.5%  realized=$+58.00
  b1055|lab1055_s165_w2_1005_1045_r2  n=  1  avg=+526.3%  med=+526.3%  realized=$+100.00
  b1057|lab1057_s165_w3_1045_1120_r2  n=  1  avg=-53.3%  med=-53.3%  realized=$-32.00
  b1058|lab1058_s165_w4_1120_1135_r1  n=  1  avg=+390.5%  med=+390.5%  realized=$+82.00
  b1059|lab1059_s165_w4_1120_1135_r2  n=  1  avg=+342.9%  med=+342.9%  realized=$+72.00
  b108|c108_s202_w3_1045_1120_r1  n=  1  avg=-33.3%  med=-33.3%  realized=$-1.00
  b1094|lab1094_s167_w1_0928_1005_r1  n=  3  avg=+75.9%  med=+126.0%  realized=$+73.00
  b1095|lab1095_s167_w1_0928_1005_r2  n=  3  avg=+58.7%  med=+106.0%  realized=$+57.00
  b1096|lab1096_s167_w2_1005_1045_r1  n=  2  avg=+238.1%  med=+531.6%  realized=$+70.00
  b1097|lab1097_s167_w2_1005_1045_r2  n=  2  avg=+227.6%  med=+510.5%  realized=$+66.00
  b109|c109_s202_w3_1045_1120_r2  n=  1  avg=-66.7%  med=-66.7%  realized=$-2.00
  b10|c010_s165_w3_1045_1120_r1  n=  8  avg=-37.2%  med=-18.9%  realized=$-205.00
  b1100|lab1100_s167_w4_1120_1135_r1  n=  1  avg=+328.6%  med=+328.6%  realized=$+69.00
  b1101|lab1101_s167_w4_1120_1135_r2  n=  1  avg=+323.8%  med=+323.8%  realized=$+68.00
  b1108|lab1108_s166_w1_0928_1005_r1  n=  1  avg=+160.9%  med=+160.9%  realized=$+74.00
  b1109|lab1109_s166_w1_0928_1005_r2  n=  1  avg=+77.6%  med=+77.6%  realized=$+45.00
  b1110|lab1110_s166_w2_1005_1045_r1  n=  1  avg=+67.2%  med=+67.2%  realized=$+41.00
  b1111|lab1111_s166_w2_1005_1045_r2  n=  1  avg=+72.9%  med=+72.9%  realized=$+43.00
  b1112|lab1112_s166_w3_1045_1120_r1  n=  1  avg=+273.0%  med=+273.0%  realized=$+101.00
  b1113|lab1113_s166_w3_1045_1120_r2  n=  2  avg=+100.9%  med=+135.1%  realized=$+92.00
  b1115|lab1115_s166_w4_1120_1135_r2  n=  1  avg=+55.6%  med=+55.6%  realized=$+40.00
  b1122|lab1122_s168_w1_0928_1005_r1  n=  3  avg=+72.4%  med=+50.0%  realized=$+46.00
  b1123|lab1123_s168_w1_0928_1005_r2  n=  3  avg=+55.9%  med=+53.3%  realized=$+36.00
  b1124|lab1124_s168_w2_1005_1045_r1  n=  2  avg=+91.2%  med=+248.6%  realized=$+50.00
  b1125|lab1125_s168_w2_1005_1045_r2  n=  2  avg=+75.5%  med=+217.1%  realized=$+39.00
  b1126|lab1126_s168_w3_1045_1120_r1  n=  3  avg=+66.9%  med=+116.2%  realized=$+67.00
  b1127|lab1127_s168_w3_1045_1120_r2  n=  3  avg=+49.1%  med=+102.7%  realized=$+47.00
  b1128|lab1128_s168_w4_1120_1135_r1  n=  2  avg=+120.5%  med=+272.2%  realized=$+83.00
  b1129|lab1129_s168_w4_1120_1135_r2  n=  2  avg=+101.7%  med=+255.6%  realized=$+67.00
  b1136|lab1136_s163_w1_0928_1005_r1  n=  3  avg=-8.7%  med=-51.4%  realized=$+6.00
  b1137|lab1137_s163_w1_0928_1005_r2  n=  3  avg=-19.2%  med=-61.9%  realized=$-7.00
  b1138|lab1138_s163_w2_1005_1045_r1  n=  2  avg=+133.6%  med=+200.0%  realized=$+111.00
  b1139|lab1139_s163_w2_1005_1045_r2  n=  2  avg=+138.1%  med=+205.7%  realized=$+115.00
  b1140|lab1140_s163_w3_1045_1120_r1  n=  4  avg=+34.6%  med=+73.0%  realized=$+59.00
  b1141|lab1141_s163_w3_1045_1120_r2  n=  4  avg=+35.5%  med=+74.6%  realized=$+64.00
  b1142|lab1142_s163_w4_1120_1135_r1  n=  1  avg=-72.9%  med=-72.9%  realized=$-35.00
  b1143|lab1143_s163_w4_1120_1135_r2  n=  2  avg=+27.6%  med=+128.1%  realized=$+6.00
  b1150|lab1150_s164_w1_0928_1005_r1  n=  3  avg=+77.6%  med=+156.0%  realized=$+80.00
  b1151|lab1151_s164_w1_0928_1005_r2  n=  3  avg=+70.4%  med=+124.0%  realized=$+66.00
  b1152|lab1152_s164_w2_1005_1045_r1  n=  2  avg=+216.7%  med=+531.6%  realized=$+46.00
  b1153|lab1153_s164_w2_1005_1045_r2  n=  2  avg=+242.5%  med=+542.1%  realized=$+71.00
  b1154|lab1154_s164_w3_1045_1120_r1  n=  1  avg=-50.0%  med=-50.0%  realized=$-30.00
  b1155|lab1155_s164_w3_1045_1120_r2  n=  1  avg=-48.1%  med=-48.1%  realized=$-25.00
  b1156|lab1156_s164_w4_1120_1135_r1  n=  1  avg=+342.9%  med=+342.9%  realized=$+72.00
  b1157|lab1157_s164_w4_1120_1135_r2  n=  1  avg=+323.8%  med=+323.8%  realized=$+68.00
  b132|c132_s164_w1_0928_1005_r5  n=  2  avg=-65.7%  med=-53.6%  realized=$-37.00
  b135|c135_s164_w4_1120_1135_r5  n=  1  avg=-50.0%  med=-50.0%  realized=$-4.00
  b164|lab0164_s216_w1_0928_1005_r1  n=  7  avg=+7.9%  med=-37.0%  realized=$-37.00
  b165|lab0165_s216_w1_0928_1005_r2  n= 10  avg=+14.1%  med=-37.0%  realized=$+14.00
  b166|lab0166_s216_w2_1005_1045_r1  n=  8  avg=+27.3%  med=-63.4%  realized=$-191.00
  b167|lab0167_s216_w2_1005_1045_r2  n= 11  avg=+3.0%  med=-63.2%  realized=$-191.00
  b168|lab0168_s216_w3_1045_1120_r1  n=  6  avg=-76.4%  med=-72.0%  realized=$-181.00
  b169|lab0169_s216_w3_1045_1120_r2  n=  8  avg=-37.5%  med=-52.3%  realized=$-124.00
  b16|lab0016_s202_w1_0928_1005_r1  n=  2  avg=-51.0%  med=-38.1%  realized=$-47.00
  b170|lab0170_s216_w4_1120_1135_r1  n=  2  avg=-64.0%  med=-63.6%  realized=$-71.00
  b171|lab0171_s216_w4_1120_1135_r2  n=  4  avg=-41.7%  med=-47.5%  realized=$-71.00
  b178|lab0178_s217_w1_0928_1005_r1  n=  2  avg=+85.4%  med=+104.8%  realized=$+97.00
  b179|lab0179_s217_w1_0928_1005_r2  n=  2  avg=+70.8%  med=+90.5%  realized=$+81.00
  b17|lab0017_s202_w1_0928_1005_r2  n=  2  avg=-70.9%  med=-65.6%  realized=$-56.00
  b180|lab0180_s217_w2_1005_1045_r1  n= 15  avg=+86.7%  med=+53.9%  realized=$+362.00
  b181|lab0181_s217_w2_1005_1045_r2  n= 17  avg=+65.8%  med=-46.1%  realized=$+239.00
  b182|lab0182_s217_w3_1045_1120_r1  n=  8  avg=-39.7%  med=-43.8%  realized=$-134.00
  b183|lab0183_s217_w3_1045_1120_r2  n= 12  avg=-34.3%  med=-54.4%  realized=$-153.00
  b184|lab0184_s217_w4_1120_1135_r1  n=  2  avg=-77.5%  med=-77.5%  realized=$-62.00
  b185|lab0185_s217_w4_1120_1135_r2  n=  3  avg=-16.3%  med=-52.2%  realized=$-7.00
  b18|lab0018_s202_w2_1005_1045_r1  n=  1  avg=-74.4%  med=-74.4%  realized=$-29.00
  b192|lab0192_s218_w1_0928_1005_r1  n=  9  avg=+20.6%  med=+50.0%  realized=$+114.00
  b193|lab0193_s218_w1_0928_1005_r2  n= 11  avg=+29.4%  med=+36.4%  realized=$+177.00
  b194|lab0194_s218_w2_1005_1045_r1  n= 19  avg=-7.5%  med=-37.5%  realized=$-118.00
  b195|lab0195_s218_w2_1005_1045_r2  n= 20  avg=+35.9%  med=+58.8%  realized=$+243.00
  b196|lab0196_s218_w3_1045_1120_r1  n=  8  avg=+139.1%  med=+52.2%  realized=$+165.00
  b197|lab0197_s218_w3_1045_1120_r2  n=  8  avg=+140.6%  med=+47.8%  realized=$+283.00
  b198|lab0198_s218_w4_1120_1135_r1  n=  3  avg=+108.5%  med=+108.5%  realized=$+150.00
  b199|lab0199_s218_w4_1120_1135_r2  n=  4  avg=+72.4%  med=+112.8%  realized=$+124.00
  b19|lab0019_s202_w2_1005_1045_r2  n=  2  avg=-51.5%  med=-46.7%  realized=$-43.00
  b1|c001_s173_w2_1005_1045_r1  n= 10  avg=-65.0%  med=-64.9%  realized=$-406.00
  b20|c020_s164_w1_0928_1005_r1  n=  9  avg=-11.2%  med=-14.3%  realized=$-19.00
  b20|c020_s173_w1_0928_1005_r2  n= 21  avg=+1.0%  med=-3.6%  realized=$+6.00
  b20|lab0020_s202_w3_1045_1120_r1  n=  1  avg=-42.9%  med=-42.9%  realized=$-6.00
  b21|c021_s164_w2_1005_1045_r1  n=  8  avg=-61.7%  med=-56.1%  realized=$-308.00
  b21|c021_s173_w2_1005_1045_r2  n= 23  avg=-55.2%  med=-72.1%  realized=$-863.00
  b21|lab0021_s202_w3_1045_1120_r2  n=  2  avg=-53.6%  med=-50.0%  realized=$-24.00
  b222|lab0222_s400_w2_1005_1045_r1  n=  1  avg=-50.0%  med=-50.0%  realized=$-4.00
  b223|lab0223_s400_w2_1005_1045_r2  n=  1  avg=-50.0%  med=-50.0%  realized=$-4.00
  b224|lab0224_s400_w3_1045_1120_r1  n=  1  avg=-66.7%  med=-66.7%  realized=$-10.00
  b225|lab0225_s400_w3_1045_1120_r2  n=  2  avg=-7.3%  med=+52.1%  realized=$+15.00
  b227|lab0227_s400_w4_1120_1135_r2  n=  1  avg=-22.2%  med=-22.2%  realized=$-2.00
  b22|c022_s164_w3_1045_1120_r1  n=  6  avg=-28.3%  med=-55.7%  realized=$-115.00
  b22|c022_s173_w3_1045_1120_r2  n= 11  avg=-35.9%  med=-54.2%  realized=$-224.00
  b234|lab0234_s401_w1_0928_1005_r1  n= 12  avg=+58.7%  med=-36.6%  realized=$-138.00
  b235|lab0235_s401_w1_0928_1005_r2  n= 15  avg=+133.1%  med=-23.7%  realized=$+107.00
  b236|c236_s218_w3_1045_1120_r1  n=  1  avg=-33.3%  med=-33.3%  realized=$-1.00
  b236|lab0236_s401_w2_1005_1045_r1  n= 15  avg=-15.8%  med=-38.1%  realized=$-183.00
  b237|c237_s218_w3_1045_1120_r2  n=  1  avg=-66.7%  med=-66.7%  realized=$-2.00
  b237|lab0237_s401_w2_1005_1045_r2  n= 18  avg=+22.4%  med=+50.0%  realized=$+97.00
  b238|lab0238_s401_w3_1045_1120_r1  n= 18  avg=+171.5%  med=+109.5%  realized=$+1,058.00
  b239|lab0239_s401_w3_1045_1120_r2  n= 16  avg=+113.1%  med=+38.5%  realized=$+313.00
  b23|c023_s164_w4_1120_1135_r1  n=  2  avg=-67.7%  med=-67.7%  realized=$-84.00
  b23|c023_s173_w4_1120_1135_r2  n=  3  avg=-25.0%  med=-61.5%  realized=$-41.00
  b240|lab0240_s401_w4_1120_1135_r1  n= 12  avg=+38.8%  med=+21.1%  realized=$+136.00
  b241|lab0241_s401_w4_1120_1135_r2  n=  9  avg=-22.4%  med=-17.5%  realized=$-118.00
  b25|c025_s168_w2_1005_1045_r1  n=  2  avg=-20.7%  med=-19.6%  realized=$-19.00
  b25|c025_s174_w2_1005_1045_r2  n= 18  avg=-33.0%  med=-21.7%  realized=$-333.00
  b262|lab0262_s403_w1_0928_1005_r1  n=  3  avg=+40.1%  med=+65.4%  realized=$+63.00
  b263|lab0263_s403_w1_0928_1005_r2  n=  9  avg=+58.2%  med=+51.7%  realized=$+221.00
  b264|lab0264_s403_w2_1005_1045_r1  n=  9  avg=+28.1%  med=+46.0%  realized=$+103.00
  b265|lab0265_s403_w2_1005_1045_r2  n= 11  avg=+21.5%  med=+49.0%  realized=$+110.00
  b266|lab0266_s403_w3_1045_1120_r1  n=  5  avg=+46.0%  med=+66.7%  realized=$+75.00
  b267|lab0267_s403_w3_1045_1120_r2  n=  7  avg=+31.2%  med=+57.1%  realized=$+73.00
  b268|lab0268_s403_w4_1120_1135_r1  n=  4  avg=+158.4%  med=+320.0%  realized=$+152.00
  b269|lab0269_s403_w4_1120_1135_r2  n=  7  avg=+96.9%  med=+57.6%  realized=$+211.00
  b26|c026_s174_w3_1045_1120_r2  n=  1  avg=-53.1%  med=-53.1%  realized=$-26.00
  b276|lab0276_s350_w1_0928_1005_r1  n= 10  avg=+61.5%  med=+102.9%  realized=$+227.00
  b277|lab0277_s350_w1_0928_1005_r2  n=  8  avg=+94.3%  med=+157.9%  realized=$+266.00
  b278|lab0278_s350_w2_1005_1045_r1  n= 13  avg=+37.3%  med=+0.0%  realized=$+58.00
  b279|lab0279_s350_w2_1005_1045_r2  n= 14  avg=+56.2%  med=-28.3%  realized=$+163.00
  b280|lab0280_s351_w1_0928_1005_r1  n=  9  avg=+122.7%  med=+171.9%  realized=$+322.00
  b281|lab0281_s351_w1_0928_1005_r2  n=  9  avg=+103.1%  med=+110.5%  realized=$+347.00
  b282|lab0282_s351_w2_1005_1045_r1  n= 11  avg=-7.6%  med=-61.9%  realized=$-114.00
  b283|lab0283_s351_w2_1005_1045_r2  n= 12  avg=-5.4%  med=-50.0%  realized=$-97.00
  b284|lab0284_s351_w3_1045_1120_r1  n=  3  avg=-54.1%  med=-52.2%  realized=$-59.00
  b285|lab0285_s351_w3_1045_1120_r2  n=  5  avg=+55.0%  med=-33.3%  realized=$+4.00
  b286|lab0286_s351_w4_1120_1135_r1  n=  6  avg=-14.7%  med=-75.5%  realized=$-99.00
  b287|lab0287_s351_w4_1120_1135_r2  n=  9  avg=-16.6%  med=-48.7%  realized=$-108.00
  b288|lab0288_s352_w1_0928_1005_r1  n=  5  avg=+107.9%  med=+100.0%  realized=$+85.00
  b289|lab0289_s352_w1_0928_1005_r2  n=  5  avg=+80.9%  med=+93.8%  realized=$+67.00
  b28|c028_s165_w1_0928_1005_r2  n= 17  avg=+49.5%  med=+80.0%  realized=$+448.00
  b28|c028_s173_w1_0928_1005_r2  n=  5  avg=+51.6%  med=+80.0%  realized=$+142.00
  b290|lab0290_s352_w2_1005_1045_r1  n=  7  avg=+62.6%  med=-17.6%  realized=$+73.00
  b291|lab0291_s352_w2_1005_1045_r2  n=  8  avg=+75.9%  med=-48.2%  realized=$+116.00
  b292|lab0292_s352_w3_1045_1120_r1  n=  8  avg=+50.1%  med=+13.0%  realized=$-6.00
  b293|lab0293_s352_w3_1045_1120_r2  n=  9  avg=+67.7%  med=+39.1%  realized=$+46.00
  b294|lab0294_s352_w4_1120_1135_r1  n=  4  avg=+17.7%  med=-71.4%  realized=$-72.00
  b295|lab0295_s352_w4_1120_1135_r2  n=  4  avg=+18.9%  med=-75.0%  realized=$-72.00
  b296|lab0296_s353_w1_0928_1005_r1  n=  5  avg=+110.2%  med=+123.7%  realized=$+118.00
  b297|lab0297_s353_w1_0928_1005_r2  n=  5  avg=+81.5%  med=+79.0%  realized=$+83.00
  b298|lab0298_s353_w2_1005_1045_r1  n= 11  avg=+11.2%  med=-34.7%  realized=$-53.00
  b299|lab0299_s353_w2_1005_1045_r2  n=  7  avg=-32.4%  med=-72.7%  realized=$-142.00
  b29|c029_s165_w2_1005_1045_r2  n=  9  avg=-23.3%  med=-50.0%  realized=$-221.00
  b29|c029_s173_w2_1005_1045_r2  n=  2  avg=-69.3%  med=-48.5%  realized=$-78.00
  b2|c002_s173_w3_1045_1120_r1  n= 15  avg=+67.7%  med=+32.8%  realized=$+707.00
  b300|lab0300_s353_w3_1045_1120_r1  n=  3  avg=+184.9%  med=-94.1%  realized=$-44.00
  b301|lab0301_s353_w3_1045_1120_r2  n=  1  avg=+942.9%  med=+942.9%  realized=$+66.00
  b302|lab0302_s353_w4_1120_1135_r1  n=  2  avg=+214.9%  med=+333.3%  realized=$+98.00
  b303|lab0303_s353_w4_1120_1135_r2  n=  3  avg=+158.5%  med=+93.1%  realized=$+121.00
  b304|lab0304_s354_w1_0928_1005_r1  n=  5  avg=+19.8%  med=+24.0%  realized=$+47.00
  b305|lab0305_s354_w1_0928_1005_r2  n=  5  avg=+2.5%  med=-51.6%  realized=$+2.00
  b306|lab0306_s354_w2_1005_1045_r1  n=  9  avg=-17.2%  med=-70.6%  realized=$-108.00
  b307|lab0307_s354_w2_1005_1045_r2  n= 10  avg=-18.9%  med=-68.6%  realized=$-50.00
  b308|lab0308_s354_w3_1045_1120_r1  n=  9  avg=+3.0%  med=-50.8%  realized=$-4.00
  b309|lab0309_s354_w3_1045_1120_r2  n=  9  avg=-5.5%  med=-52.3%  realized=$-49.00
  b30|c030_s165_w3_1045_1120_r2  n=  9  avg=+38.8%  med=+0.0%  realized=$+260.00
  b30|c030_s173_w3_1045_1120_r2  n=  2  avg=-9.5%  med=+0.0%  realized=$-14.00
  b310|lab0310_s354_w4_1120_1135_r1  n=  5  avg=+12.6%  med=-33.3%  realized=$+74.00
  b311|lab0311_s354_w4_1120_1135_r2  n=  5  avg=+32.1%  med=-72.9%  realized=$+107.00
  b312|lab0312_s355_w1_0928_1005_r1  n=  8  avg=-25.6%  med=-53.5%  realized=$-95.00
  b313|lab0313_s355_w1_0928_1005_r2  n=  7  avg=-6.9%  med=-48.8%  realized=$-31.00
  b314|lab0314_s355_w2_1005_1045_r1  n= 12  avg=-7.9%  med=-63.4%  realized=$-59.00
  b315|lab0315_s355_w2_1005_1045_r2  n= 13  avg=-10.4%  med=-41.3%  realized=$-69.00
  b316|lab0316_s355_w3_1045_1120_r1  n=  5  avg=+6.7%  med=-50.0%  realized=$+33.00
  b317|lab0317_s355_w3_1045_1120_r2  n= 10  avg=+70.5%  med=+57.1%  realized=$+320.00
  b318|lab0318_s355_w4_1120_1135_r1  n=  6  avg=+57.7%  med=+84.6%  realized=$+119.00
  b319|lab0319_s355_w4_1120_1135_r2  n=  6  avg=+60.7%  med=+59.4%  realized=$+133.00
  b31|c031_s165_w4_1120_1135_r2  n=  2  avg=+145.5%  med=+175.8%  realized=$+192.00
  b320|lab0320_s356_w1_0928_1005_r1  n=  4  avg=+18.8%  med=+37.9%  realized=$+34.00
  b321|lab0321_s356_w1_0928_1005_r2  n=  4  avg=+28.1%  med=+58.6%  realized=$+56.00
  b322|lab0322_s356_w2_1005_1045_r1  n=  3  avg=-12.4%  med=-21.6%  realized=$-21.00
  b323|lab0323_s356_w2_1005_1045_r2  n=  3  avg=-9.0%  med=-18.9%  realized=$-16.00
  b324|lab0324_s356_w3_1045_1120_r1  n=  4  avg=-5.4%  med=-25.0%  realized=$-12.00
  b325|lab0325_s356_w3_1045_1120_r2  n=  4  avg=-1.7%  med=-19.4%  realized=$-6.00
  b326|lab0326_s356_w4_1120_1135_r1  n=  2  avg=+76.1%  med=+100.0%  realized=$+68.00
  b327|lab0327_s356_w4_1120_1135_r2  n=  3  avg=+19.3%  med=+52.0%  realized=$+20.00
  b328|lab0328_s357_w1_0928_1005_r1  n=  3  avg=+3.8%  med=+47.1%  realized=$+7.00
  b329|lab0329_s357_w1_0928_1005_r2  n=  3  avg=+3.8%  med=+47.1%  realized=$+7.00
  b330|lab0330_s357_w2_1005_1045_r1  n=  2  avg=+34.9%  med=+131.4%  realized=$+27.00
  b331|lab0331_s357_w2_1005_1045_r2  n=  3  avg=-10.7%  med=-56.9%  realized=$-19.00
  b332|lab0332_s357_w3_1045_1120_r1  n=  5  avg=+66.7%  med=+73.7%  realized=$+190.00
  b333|lab0333_s357_w3_1045_1120_r2  n=  6  avg=+66.3%  med=+71.9%  realized=$+228.00
  b334|lab0334_s357_w4_1120_1135_r1  n=  1  avg=+81.2%  med=+81.2%  realized=$+39.00
  b335|lab0335_s357_w4_1120_1135_r2  n=  2  avg=+54.6%  med=+57.1%  realized=$+53.00
  b340|lab0340_s358_w3_1045_1120_r1  n=  1  avg=-51.4%  med=-51.4%  realized=$-37.00
  b341|lab0341_s358_w3_1045_1120_r2  n=  1  avg=-51.4%  med=-51.4%  realized=$-37.00
  b342|lab0342_s358_w4_1120_1135_r1  n=  1  avg=+53.1%  med=+53.1%  realized=$+26.00
  b343|lab0343_s358_w4_1120_1135_r2  n=  1  avg=+55.1%  med=+55.1%  realized=$+27.00
  b344|lab0344_s359_w1_0928_1005_r1  n=  5  avg=+37.9%  med=+46.7%  realized=$-33.00
  b345|lab0345_s359_w1_0928_1005_r2  n=  7  avg=+22.2%  med=-50.0%  realized=$-14.00
  b346|lab0346_s359_w2_1005_1045_r1  n= 12  avg=+62.3%  med=-46.7%  realized=$-60.00
  b347|lab0347_s359_w2_1005_1045_r2  n= 11  avg=+69.0%  med=-44.4%  realized=$-16.00
  b362|lab0362_s361_w1_0928_1005_r1  n=  6  avg=-13.8%  med=-30.4%  realized=$-71.00
  b363|lab0363_s361_w1_0928_1005_r2  n=  7  avg=-12.8%  med=-30.4%  realized=$-76.00
  b364|lab0364_s361_w2_1005_1045_r1  n=  9  avg=+126.2%  med=+81.8%  realized=$+88.00
  b365|lab0365_s361_w2_1005_1045_r2  n= 12  avg=+173.8%  med=+82.8%  realized=$+310.00
  b366|lab0366_s361_w3_1045_1120_r1  n=  3  avg=+351.3%  med=+61.1%  realized=$+59.00
  b367|lab0367_s361_w3_1045_1120_r2  n= 11  avg=+67.9%  med=-50.0%  realized=$-90.00
  b368|lab0368_s361_w4_1120_1135_r1  n=  3  avg=+103.8%  med=+71.4%  realized=$+37.00
  b369|lab0369_s361_w4_1120_1135_r2  n=  4  avg=+110.2%  med=+100.0%  realized=$+60.00
  b376|lab0376_s362_w1_0928_1005_r1  n=  8  avg=+1.2%  med=+8.7%  realized=$-21.00
  b377|lab0377_s362_w1_0928_1005_r2  n=  9  avg=+10.8%  med=+13.0%  realized=$+10.00
  b378|lab0378_s362_w2_1005_1045_r1  n=  5  avg=+239.7%  med=+70.6%  realized=$+163.00
  b379|lab0379_s362_w2_1005_1045_r2  n=  9  avg=+132.5%  med=+60.5%  realized=$+219.00
  b380|lab0380_s362_w3_1045_1120_r1  n=  7  avg=+183.1%  med=+103.3%  realized=$+226.00
  b381|lab0381_s362_w3_1045_1120_r2  n=  7  avg=+182.6%  med=+108.3%  realized=$+245.00
  b382|lab0382_s362_w4_1120_1135_r1  n=  3  avg=+463.7%  med=+323.8%  realized=$+376.00
  b383|lab0383_s362_w4_1120_1135_r2  n=  3  avg=+490.7%  med=+309.5%  realized=$+402.00
  b390|lab0390_s363_w1_0928_1005_r1  n=  3  avg=-13.7%  med=-49.1%  realized=$-60.00
  b391|lab0391_s363_w1_0928_1005_r2  n=  2  avg=+26.2%  med=+103.2%  realized=$+4.00
  b392|lab0392_s363_w2_1005_1045_r1  n=  8  avg=-41.2%  med=-65.4%  realized=$-222.00
  b393|lab0393_s363_w2_1005_1045_r2  n=  8  avg=-39.0%  med=-53.9%  realized=$-210.00
  b394|lab0394_s363_w3_1045_1120_r1  n=  5  avg=-46.4%  med=-81.0%  realized=$-150.00
  b395|lab0395_s363_w3_1045_1120_r2  n=  5  avg=-44.5%  med=-82.5%  realized=$-149.00
  b396|lab0396_s363_w4_1120_1135_r1  n=  2  avg=-15.1%  med=+44.7%  realized=$-19.00
  b397|lab0397_s363_w4_1120_1135_r2  n=  5  avg=-33.2%  med=-77.1%  realized=$-75.00
  b3|c003_s173_w4_1120_1135_r1  n= 17  avg=+131.0%  med=-50.0%  realized=$+1,311.00
  b404|lab0404_s364_w1_0928_1005_r1  n=  4  avg=-15.3%  med=-2.9%  realized=$-61.00
  b405|lab0405_s364_w1_0928_1005_r2  n=  5  avg=-6.0%  med=-5.9%  realized=$-44.00
  b406|lab0406_s364_w2_1005_1045_r1  n= 10  avg=-17.6%  med=-44.2%  realized=$-159.00
  b407|lab0407_s364_w2_1005_1045_r2  n= 11  avg=-12.3%  med=-42.3%  realized=$-90.00
  b408|lab0408_s364_w3_1045_1120_r1  n=  8  avg=+2.4%  med=+66.7%  realized=$-41.00
  b409|lab0409_s364_w3_1045_1120_r2  n= 10  avg=+0.0%  med=+53.1%  realized=$-54.00
  b40|c040_s166_w1_0928_1005_r2  n=  6  avg=-37.2%  med=-12.7%  realized=$-142.00
  b40|c040_s173_w1_0928_1005_r3  n= 23  avg=+12.9%  med=-15.4%  realized=$-90.00
  b410|lab0410_s364_w4_1120_1135_r1  n=  7  avg=+72.6%  med=+39.5%  realized=$+171.00
  b411|lab0411_s364_w4_1120_1135_r2  n=  4  avg=+137.5%  med=+188.9%  realized=$+189.00
  b418|lab0418_s365_w1_0928_1005_r1  n=  3  avg=+20.9%  med=+67.3%  realized=$+24.00
  b419|lab0419_s365_w1_0928_1005_r2  n=  4  avg=+17.6%  med=+56.1%  realized=$+28.00
  b41|c041_s166_w2_1005_1045_r2  n=  3  avg=-62.0%  med=-61.4%  realized=$-106.00
  b41|c041_s173_w2_1005_1045_r3  n= 13  avg=-48.5%  med=-66.7%  realized=$-452.00
  b420|lab0420_s365_w2_1005_1045_r1  n=  2  avg=+2.8%  med=+54.0%  realized=$-2.00
  b421|lab0421_s365_w2_1005_1045_r2  n=  3  avg=-21.3%  med=-48.3%  realized=$-40.00
  b422|lab0422_s365_w3_1045_1120_r1  n=  3  avg=+33.1%  med=+63.6%  realized=$+25.00
  b423|lab0423_s365_w3_1045_1120_r2  n=  3  avg=+28.9%  med=+63.6%  realized=$+20.00
  b424|lab0424_s365_w4_1120_1135_r1  n=  5  avg=-10.7%  med=+0.0%  realized=$-24.00
  b425|lab0425_s365_w4_1120_1135_r2  n=  3  avg=+109.8%  med=+54.8%  realized=$+124.00
  b42|c042_s166_w3_1045_1120_r2  n=  6  avg=+115.7%  med=+21.4%  realized=$+489.00
  b42|c042_s173_w3_1045_1120_r3  n= 13  avg=+31.1%  med=-8.3%  realized=$+262.00
  b432|lab0432_s366_w1_0928_1005_r1  n=  1  avg=-56.9%  med=-56.9%  realized=$-37.00
  b433|lab0433_s366_w1_0928_1005_r2  n=  1  avg=-56.9%  med=-56.9%  realized=$-37.00
  b434|lab0434_s366_w2_1005_1045_r1  n=  2  avg=+19.6%  med=+96.1%  realized=$+12.00
  b435|lab0435_s366_w2_1005_1045_r2  n=  3  avg=+20.7%  med=+49.0%  realized=$+23.00
  b436|lab0436_s366_w3_1045_1120_r1  n=  1  avg=-51.7%  med=-51.7%  realized=$-30.00
  b437|lab0437_s366_w3_1045_1120_r2  n=  1  avg=-53.5%  med=-53.5%  realized=$-31.00
  b438|lab0438_s366_w4_1120_1135_r1  n=  2  avg=+22.6%  med=+94.3%  realized=$+22.00
  b439|lab0439_s366_w4_1120_1135_r2  n=  2  avg=+26.4%  med=+101.9%  realized=$+26.00
  b43|c043_s166_w4_1120_1135_r2  n=  7  avg=+62.0%  med=+41.9%  realized=$+281.00
  b43|c043_s173_w4_1120_1135_r3  n=  8  avg=+58.7%  med=+53.2%  realized=$+241.00
  b449|lab0449_s367_w2_1005_1045_r2  n=  1  avg=-48.9%  med=-48.9%  realized=$-22.00
  b450|lab0450_s367_w3_1045_1120_r1  n=  1  avg=-51.4%  med=-51.4%  realized=$-37.00
  b451|lab0451_s367_w3_1045_1120_r2  n=  1  avg=-25.0%  med=-25.0%  realized=$-18.00
  b46|c046_s174_w3_1045_1120_r3  n=  3  avg=-89.7%  med=-89.7%  realized=$-156.00
  b47|c047_s163_w4_1120_1135_r2  n=  3  avg=-79.7%  med=-78.0%  realized=$-141.00
  b47|c047_s174_w4_1120_1135_r3  n= 25  avg=-73.4%  med=-78.0%  realized=$-1,155.00
  b48|c048_s164_w1_0928_1005_r2  n=  5  avg=-33.1%  med=-49.1%  realized=$-91.00
  b48|c048_s165_w1_0928_1005_r3  n= 16  avg=-35.9%  med=-49.1%  realized=$-344.00
  b49|c049_s164_w2_1005_1045_r2  n=  4  avg=-51.8%  med=-44.0%  realized=$-133.00
  b49|c049_s165_w2_1005_1045_r3  n= 15  avg=-49.3%  med=-49.1%  realized=$-458.00
  b50|c050_s164_w3_1045_1120_r2  n=  4  avg=-39.6%  med=-16.7%  realized=$-115.00
  b50|c050_s165_w3_1045_1120_r3  n=  9  avg=-23.6%  med=-23.1%  realized=$-142.00
  b51|c051_s165_w4_1120_1135_r3  n=  1  avg=+263.6%  med=+263.6%  realized=$+174.00
  b56|g056_lim_tp20_sl65  n=  1  avg=+47.7%  med=+47.7%  realized=$+20.52
  b57|g057_mid_tp20_sl65  n=  1  avg=+47.7%  med=+47.7%  realized=$+20.52
  b58|g058_eod_tp20_sl65  n=  1  avg=+59.1%  med=+59.1%  realized=$+25.41
  b60|c060_s167_w1_0928_1005_r3  n=  3  avg=-55.8%  med=-62.8%  realized=$-98.00
  b60|c060_s173_w1_0928_1005_r4  n= 13  avg=-5.1%  med=-13.6%  realized=$-99.00
  b61|c061_s167_w2_1005_1045_r3  n=  5  avg=-54.6%  med=-50.9%  realized=$-160.00
  b61|c061_s173_w2_1005_1045_r4  n=  8  avg=-37.3%  med=-50.0%  realized=$-208.00
  b62|c062_s167_w3_1045_1120_r3  n=  8  avg=-51.8%  med=-64.2%  realized=$-286.00
  b62|c062_s173_w3_1045_1120_r4  n= 20  avg=+182.8%  med=-58.3%  realized=$-183.00
  b63|c063_s167_w4_1120_1135_r3  n=  2  avg=-54.8%  med=-54.8%  realized=$-68.00
  b63|c063_s173_w4_1120_1135_r4  n=  1  avg=-46.1%  med=-46.1%  realized=$-24.00
  b63|g063_mid_tp20_sl65  n=  1  avg=+23.3%  med=+23.3%  realized=$+18.63
  b64|c064_s174_w1_0928_1005_r4  n=  3  avg=-93.3%  med=-93.3%  realized=$-168.00
  b64|g064_eod_tp20_sl65  n=  1  avg=+34.2%  med=+34.2%  realized=$+27.40
  b65|c065_s174_w2_1005_1045_r4  n=  8  avg=-45.7%  med=-45.2%  realized=$-238.00
  b65|g065_lim_tp20_sl65  n=  1  avg=+23.3%  med=+23.3%  realized=$+18.63
  b66|c066_s174_w3_1045_1120_r4  n=  1  avg=-52.5%  med=-52.5%  realized=$-31.00
  b66|g066_mid_tp20_sl65  n=  1  avg=+23.3%  med=+23.3%  realized=$+18.63
  b67|c067_s174_w4_1120_1135_r4  n=  1  avg=-45.8%  med=-45.8%  realized=$-27.00
  b67|g067_eod_tp20_sl65  n=  1  avg=+34.2%  med=+34.2%  realized=$+27.40
  b68|c068_s165_w1_0928_1005_r4  n= 16  avg=-51.3%  med=-49.1%  realized=$-446.00
  b68|c068_s166_w1_0928_1005_r3  n=  4  avg=-52.7%  med=-49.1%  realized=$-116.00
  b69|c069_s165_w2_1005_1045_r4  n= 11  avg=+19.0%  med=-43.6%  realized=$-179.00
  b69|c069_s166_w2_1005_1045_r3  n=  4  avg=+10.1%  med=-40.0%  realized=$-87.00
  b70|c070_s165_w3_1045_1120_r4  n= 11  avg=-2.1%  med=-16.9%  realized=$-6.00
  b70|c070_s166_w3_1045_1120_r3  n=  4  avg=-42.5%  med=-27.0%  realized=$-124.00
  b70|g070_eod_tp30_sl20  n=  1  avg=+59.1%  med=+59.1%  realized=$+27.77
  b71|g071_lim_tp30_sl20  n=  1  avg=+36.5%  med=+36.5%  realized=$+23.73
  b72|g072_mid_tp30_sl20  n=  1  avg=+36.5%  med=+36.5%  realized=$+23.73
  b73|g073_eod_tp30_sl20  n=  1  avg=+55.6%  med=+55.6%  realized=$+36.11
  b73|lab0073_s209_w1_0928_1005_r2  n=  1  avg=-64.7%  med=-64.7%  realized=$-11.00
  b74|g074_lim_tp30_sl20  n=  1  avg=+36.5%  med=+36.5%  realized=$+23.73
  b74|lab0074_s209_w2_1005_1045_r1  n=  1  avg=-58.2%  med=-58.2%  realized=$-39.00
  b75|g075_mid_tp30_sl20  n=  1  avg=+36.5%  med=+36.5%  realized=$+23.73
  b75|lab0075_s209_w2_1005_1045_r2  n=  2  avg=-50.8%  med=-50.8%  realized=$-68.00
  b768|lab0768_s396_w1_0928_1005_r1  n=  2  avg=+89.0%  med=+93.1%  realized=$+118.00
  b769|lab0769_s396_w1_0928_1005_r2  n=  2  avg=+106.2%  med=+116.7%  realized=$+139.00
  b76|c076_s164_w1_0928_1005_r3  n=  1  avg=-50.0%  med=-50.0%  realized=$-2.00
  b76|g076_eod_tp30_sl20  n=  1  avg=+34.2%  med=+34.2%  realized=$+27.40
  b771|lab0771_s396_w2_1005_1045_r2  n=  1  avg=-82.2%  med=-82.2%  realized=$-60.00
  b775|lab0775_s396_w4_1120_1135_r2  n=  1  avg=+74.6%  med=+74.6%  realized=$+44.00
  b776|lab0776_s397_w1_0928_1005_r1  n=  3  avg=-38.5%  med=-64.9%  realized=$-74.00
  b777|lab0777_s397_w1_0928_1005_r2  n=  6  avg=+22.9%  med=+38.6%  realized=$+72.00
  b778|lab0778_s397_w2_1005_1045_r1  n=  8  avg=+67.0%  med=+73.0%  realized=$+342.00
  b779|lab0779_s397_w2_1005_1045_r2  n=  7  avg=+64.7%  med=+61.9%  realized=$+306.00
  b77|g077_lim_tp30_sl20  n=  1  avg=-23.3%  med=-23.3%  realized=$-18.63
  b77|lab0077_s209_w3_1045_1120_r2  n=  1  avg=-70.9%  med=-70.9%  realized=$-39.00
  b780|lab0780_s397_w3_1045_1120_r1  n=  3  avg=+43.8%  med=+74.3%  realized=$+81.00
  b781|lab0781_s397_w3_1045_1120_r2  n=  6  avg=+24.3%  med=+71.8%  realized=$+136.00
  b782|lab0782_s397_w4_1120_1135_r1  n=  1  avg=-54.0%  med=-54.0%  realized=$-34.00
  b783|lab0783_s397_w4_1120_1135_r2  n=  3  avg=+66.9%  med=+105.1%  realized=$+123.00
  b784|lab0784_s398_w1_0928_1005_r1  n=  5  avg=+37.3%  med=+49.0%  realized=$+70.00
  b785|lab0785_s398_w1_0928_1005_r2  n=  6  avg=+9.2%  med=+49.0%  realized=$+37.00
  b786|lab0786_s398_w2_1005_1045_r1  n= 10  avg=+1.1%  med=+3.3%  realized=$-27.00
  b787|lab0787_s398_w2_1005_1045_r2  n=  5  avg=+36.0%  med=+61.3%  realized=$+57.00
  b788|lab0788_s398_w3_1045_1120_r1  n= 10  avg=+3.6%  med=-18.4%  realized=$+31.00
  b789|lab0789_s398_w3_1045_1120_r2  n=  9  avg=-11.4%  med=-54.3%  realized=$-10.00
  b78|g078_mid_tp30_sl20  n=  1  avg=-23.3%  med=-23.3%  realized=$-18.63
  b790|lab0790_s398_w4_1120_1135_r1  n=  5  avg=+179.6%  med=+140.3%  realized=$+338.00
  b791|lab0791_s398_w4_1120_1135_r2  n=  7  avg=+124.0%  med=+155.6%  realized=$+293.00
  b792|lab0792_s399_w1_0928_1005_r1  n=  4  avg=+100.0%  med=+140.0%  realized=$+80.00
  b793|lab0793_s399_w1_0928_1005_r2  n= 11  avg=+34.3%  med=+57.9%  realized=$+127.00
  b794|lab0794_s399_w2_1005_1045_r1  n= 11  avg=+74.8%  med=-17.2%  realized=$-78.00
  b795|lab0795_s399_w2_1005_1045_r2  n= 13  avg=+43.5%  med=-51.7%  realized=$-61.00
  b796|lab0796_s399_w3_1045_1120_r1  n=  3  avg=+266.6%  med=-74.0%  realized=$-5.00
  b797|lab0797_s399_w3_1045_1120_r2  n= 15  avg=+23.0%  med=-52.8%  realized=$-146.00
  b798|lab0798_s399_w4_1120_1135_r1  n=  5  avg=+12.3%  med=-53.1%  realized=$+61.00
  b799|lab0799_s399_w4_1120_1135_r2  n=  8  avg=+26.4%  med=+53.3%  realized=$+49.00
  b79|g079_eod_tp30_sl20  n=  1  avg=+34.2%  med=+34.2%  realized=$+27.40
  b79|lab0079_s209_w4_1120_1135_r2  n=  1  avg=-94.6%  med=-94.6%  realized=$-53.00
  b7|c007_s174_w4_1120_1135_r1  n=  5  avg=-7.5%  med=-1.4%  realized=$-58.00
  b800|lab0800_s404_w1_0928_1005_r1  n=  6  avg=+23.0%  med=+38.6%  realized=$+65.00
  b801|lab0801_s404_w1_0928_1005_r2  n=  6  avg=+1.7%  med=+31.6%  realized=$+24.00
  b802|lab0802_s404_w2_1005_1045_r1  n= 12  avg=+30.0%  med=+60.9%  realized=$+236.00
  b803|lab0803_s404_w2_1005_1045_r2  n= 10  avg=+55.7%  med=+58.9%  realized=$+347.00
  b804|lab0804_s404_w3_1045_1120_r1  n=  7  avg=+14.7%  med=+68.5%  realized=$+107.00
  b805|lab0805_s404_w3_1045_1120_r2  n=  8  avg=-7.4%  med=+57.5%  realized=$+11.00
  b806|lab0806_s404_w4_1120_1135_r1  n=  4  avg=+64.7%  med=+91.5%  realized=$+160.00
  b807|lab0807_s404_w4_1120_1135_r2  n=  5  avg=+54.4%  med=+53.2%  realized=$+168.00
  b80|c080_s168_w1_0928_1005_r3  n=  8  avg=+3.6%  med=-11.1%  realized=$-45.00
  b80|c080_s173_w1_0928_1005_r5  n= 45  avg=+52.6%  med=+59.1%  realized=$+503.00
  b80|g080_lim_tp30_sl30  n=  1  avg=+36.5%  med=+36.5%  realized=$+23.73
  b80|lab0080_s210_w1_0928_1005_r1  n= 12  avg=+12.9%  med=-8.5%  realized=$+57.00
  b81|c081_s168_w2_1005_1045_r3  n=  5  avg=-26.9%  med=-33.8%  realized=$-83.00
  b81|c081_s173_w2_1005_1045_r5  n= 20  avg=-39.1%  med=-38.4%  realized=$-559.00
  b81|g081_mid_tp30_sl30  n=  1  avg=+36.5%  med=+36.5%  realized=$+23.73
  b81|lab0081_s210_w1_0928_1005_r2  n= 12  avg=+8.1%  med=+46.7%  realized=$+47.00
  b828|lab0828_s406_w1_0928_1005_r1  n=  4  avg=-15.8%  med=+10.0%  realized=$+1.00
  b829|lab0829_s406_w1_0928_1005_r2  n=  3  avg=-11.0%  med=-50.0%  realized=$-13.00
  b82|c082_s168_w3_1045_1120_r3  n=  5  avg=-1.6%  med=-40.0%  realized=$-2.00
  b82|c082_s173_w3_1045_1120_r5  n=  9  avg=-10.7%  med=-12.5%  realized=$-48.00
  b82|g082_eod_tp30_sl30  n=  1  avg=+55.6%  med=+55.6%  realized=$+36.11
  b82|lab0082_s210_w2_1005_1045_r1  n= 12  avg=-16.7%  med=-6.2%  realized=$-70.00
  b830|lab0830_s406_w2_1005_1045_r1  n= 13  avg=+66.4%  med=+61.3%  realized=$+59.00
  b831|lab0831_s406_w2_1005_1045_r2  n= 16  avg=+70.3%  med=+81.8%  realized=$+127.00
  b832|lab0832_s406_w3_1045_1120_r1  n= 15  avg=+305.6%  med=+55.3%  realized=$+1,461.00
  b833|lab0833_s406_w3_1045_1120_r2  n= 18  avg=+284.9%  med=+73.1%  realized=$+1,443.00
  b834|lab0834_s406_w4_1120_1135_r1  n=  7  avg=+407.3%  med=+105.3%  realized=$+135.00
  b835|lab0835_s406_w4_1120_1135_r2  n=  7  avg=+174.8%  med=+66.7%  realized=$+195.00
  b83|c083_s168_w4_1120_1135_r3  n=  8  avg=+84.0%  med=+62.9%  realized=$+429.00
  b83|c083_s173_w4_1120_1135_r5  n= 20  avg=-20.6%  med=-68.2%  realized=$-271.00
  b83|g083_lim_tp30_sl30  n=  1  avg=+30.1%  med=+30.1%  realized=$+24.11
  b83|lab0083_s210_w2_1005_1045_r2  n=  7  avg=+9.9%  med=+7.0%  realized=$+14.00
  b84|g084_mid_tp30_sl30  n=  1  avg=+30.1%  med=+30.1%  realized=$+24.11
  b84|lab0084_s210_w3_1045_1120_r1  n= 12  avg=-45.0%  med=-64.4%  realized=$-240.00
  b856|lab0856_s408_w1_0928_1005_r1  n=  3  avg=-28.1%  med=-58.7%  realized=$-32.00
  b857|lab0857_s408_w1_0928_1005_r2  n=  4  avg=-23.5%  med=-33.3%  realized=$-37.00
  b858|lab0858_s408_w2_1005_1045_r1  n=  6  avg=+26.6%  med=-52.6%  realized=$-1.00
  b859|lab0859_s408_w2_1005_1045_r2  n=  8  avg=-31.0%  med=-42.9%  realized=$-36.00
  b85|c085_s174_w2_1005_1045_r5  n=  7  avg=-9.4%  med=-32.7%  realized=$-42.00
  b85|g085_eod_tp30_sl30  n=  1  avg=+34.2%  med=+34.2%  realized=$+27.40
  b85|lab0085_s210_w3_1045_1120_r2  n= 15  avg=+56.9%  med=-44.4%  realized=$+25.00
  b860|lab0860_s408_w3_1045_1120_r1  n=  9  avg=+484.2%  med=+33.3%  realized=$+807.00
  b861|lab0861_s408_w3_1045_1120_r2  n= 12  avg=+218.5%  med=+100.0%  realized=$+471.00
  b862|lab0862_s408_w4_1120_1135_r1  n=  6  avg=-4.0%  med=+60.0%  realized=$-55.00
  b863|lab0863_s408_w4_1120_1135_r2  n=  9  avg=+1.7%  med=+0.0%  realized=$-12.00
  b86|c086_s174_w3_1045_1120_r5  n=  4  avg=+26.1%  med=+39.7%  realized=$+64.00
  b86|g086_lim_tp30_sl30  n=  1  avg=+30.1%  med=+30.1%  realized=$+24.11
  b86|lab0086_s210_w4_1120_1135_r1  n=  6  avg=+31.1%  med=+16.7%  realized=$+67.00
  b87|c087_s174_w4_1120_1135_r5  n=  4  avg=-23.5%  med=+37.5%  realized=$-114.00
  b87|g087_mid_tp30_sl30  n=  1  avg=+30.1%  med=+30.1%  realized=$+24.11
  b87|lab0087_s210_w4_1120_1135_r2  n=  8  avg=-0.2%  med=+19.4%  realized=$-21.00
  b884|lab0884_s410_w1_0928_1005_r1  n=  2  avg=+80.6%  med=+83.3%  realized=$+106.00
  b885|lab0885_s410_w1_0928_1005_r2  n=  3  avg=+72.8%  med=+65.3%  realized=$+145.00
  b886|lab0886_s410_w2_1005_1045_r1  n=  1  avg=+101.5%  med=+101.5%  realized=$+68.00
  b887|lab0887_s410_w2_1005_1045_r2  n=  1  avg=-48.4%  med=-48.4%  realized=$-31.00
  b888|lab0888_s410_w3_1045_1120_r1  n=  1  avg=-78.1%  med=-78.1%  realized=$-57.00
  b889|lab0889_s410_w3_1045_1120_r2  n=  1  avg=-68.5%  med=-68.5%  realized=$-50.00
  b88|c088_s165_w1_0928_1005_r5  n= 21  avg=-5.0%  med=-2.7%  realized=$-63.00
  b88|c088_s167_w1_0928_1005_r4  n=  4  avg=-12.7%  med=+30.9%  realized=$-28.00
  b88|g088_eod_tp30_sl30  n=  2  avg=+36.0%  med=+37.7%  realized=$+65.09
  b898|lab0898_s411_w1_0928_1005_r1  n=  2  avg=-54.5%  med=-51.4%  realized=$-79.00
  b899|lab0899_s411_w1_0928_1005_r2  n=  2  avg=-48.9%  med=-48.6%  realized=$-69.00
  b89|c089_s165_w2_1005_1045_r5  n=  7  avg=+113.1%  med=+30.9%  realized=$+67.00
  b89|c089_s167_w2_1005_1045_r4  n=  2  avg=-16.2%  med=+30.9%  realized=$-22.00
  b89|g089_lim_tp30_sl30  n=  1  avg=+30.1%  med=+30.1%  realized=$+24.11
  b8|c008_s165_w1_0928_1005_r1  n= 23  avg=-19.6%  med=-35.3%  realized=$-250.00
  b900|lab0900_s411_w2_1005_1045_r1  n= 11  avg=-2.4%  med=+7.7%  realized=$+1.00
  b901|lab0901_s411_w2_1005_1045_r2  n=  9  avg=+9.0%  med=+23.9%  realized=$+49.00
  b902|lab0902_s411_w3_1045_1120_r1  n=  7  avg=-0.6%  med=+8.1%  realized=$-13.00
  b903|lab0903_s411_w3_1045_1120_r2  n=  9  avg=+8.0%  med=+10.4%  realized=$+28.00
  b904|lab0904_s411_w4_1120_1135_r1  n=  2  avg=-52.8%  med=-52.2%  realized=$-60.00
  b905|lab0905_s411_w4_1120_1135_r2  n=  4  avg=-11.7%  med=+13.1%  realized=$-17.00
  b90|c090_s165_w3_1045_1120_r5  n= 13  avg=+7.7%  med=+0.0%  realized=$+47.00
  b90|c090_s167_w3_1045_1120_r4  n=  4  avg=-41.6%  med=-18.9%  realized=$-123.00
  b90|g090_mid_tp30_sl30  n=  1  avg=+30.1%  med=+30.1%  realized=$+24.11
  b90|live_1to1           n= 18  avg=+11.6%  med=-10.0%  realized=$+84.00
  b912|lab0912_s412_w1_0928_1005_r1  n=  6  avg=+75.0%  med=+66.7%  realized=$+27.00
  b913|lab0913_s412_w1_0928_1005_r2  n=  6  avg=+69.9%  med=+66.7%  realized=$+23.00
  b914|lab0914_s412_w2_1005_1045_r1  n=  7  avg=+91.8%  med=+68.2%  realized=$+168.00
  b915|lab0915_s412_w2_1005_1045_r2  n=  7  avg=+80.5%  med=+43.2%  realized=$+133.00
  b916|lab0916_s412_w3_1045_1120_r1  n= 14  avg=+1.8%  med=-10.7%  realized=$+8.00
  b917|lab0917_s412_w3_1045_1120_r2  n=  7  avg=+106.9%  med=-3.6%  realized=$-8.00
  b918|lab0918_s412_w4_1120_1135_r1  n=  4  avg=-45.8%  med=-38.1%  realized=$-94.00
  b919|lab0919_s412_w4_1120_1135_r2  n=  5  avg=+33.9%  med=-2.2%  realized=$+8.00
  b91|c091_s165_w4_1120_1135_r5  n=  2  avg=+222.0%  med=+247.0%  realized=$+293.00
  b91|g091_eod_tp30_sl30  n=  2  avg=+19.8%  med=+55.6%  realized=$+25.00
  b92|g092_lim_tp30_sl40  n=  2  avg=+53.6%  med=+70.8%  realized=$+94.51
  b93|g093_mid_tp30_sl40  n=  2  avg=+53.6%  med=+70.8%  realized=$+94.51
  b94|g094_eod_tp30_sl40  n=  2  avg=+46.6%  med=+55.6%  realized=$+73.80
  b94|lab0094_s211_w1_0928_1005_r1  n=  8  avg=-4.1%  med=-5.7%  realized=$-34.00
  b95|g095_lim_tp30_sl40  n=  2  avg=+50.5%  med=+70.8%  realized=$+94.89
  b95|lab0095_s211_w1_0928_1005_r2  n=  9  avg=-27.7%  med=-42.1%  realized=$-143.00
  b96|g096_mid_tp30_sl40  n=  2  avg=+50.5%  med=+70.8%  realized=$+94.89
  b96|lab0096_s211_w2_1005_1045_r1  n=  6  avg=-44.0%  med=-38.1%  realized=$-83.00
  b97|g097_eod_tp30_sl40  n=  2  avg=+36.0%  med=+37.7%  realized=$+65.09
  b97|lab0097_s211_w2_1005_1045_r2  n=  7  avg=-54.0%  med=-46.1%  realized=$-125.00
  b98|g098_lim_tp30_sl40  n=  2  avg=+50.5%  med=+70.8%  realized=$+94.89
  b98|lab0098_s211_w3_1045_1120_r1  n=  7  avg=+190.8%  med=-48.7%  realized=$-61.00
  b99|g099_mid_tp30_sl40  n=  2  avg=+50.5%  med=+70.8%  realized=$+94.89
  b99|lab0099_s211_w3_1045_1120_r2  n=  8  avg=+84.6%  med=+107.7%  realized=$+149.00
  b9|c009_s165_w2_1005_1045_r1  n=  7  avg=-74.4%  med=-66.2%  realized=$-301.00
========================================================
+========================================================================+
|[OPTIONS BOT DAILY VITALS (MATRIX EXPERIMENT)]                          |
+========================================================================+
|-- ACCOUNT STATUS (after_hours) --                                      |
|Equity       : $997,390.89                                              |
|Open Risk    : 50 lots (15 broker pos)                                  |
|Today's Run  : 0 signals -> 0 orders submitted                          |
|                                                                        |
|-- SYSTEM HEALTH --                                                     |
|Zombies      : 0 (Ledger is clean)                                      |
|Lab Status   : 50 Active Lots | 0 Pending Orders                        |
|Auto-Matrix  : (Pending EOD report generation)                          |
+========================================================================+
+========================================================================+
|[DATA QUALITY: CLEAN vs ERRORS vs KEEP-ONLY]                            |
+========================================================================+
|  CLEAN              n=1367  win= 49.2%  med= -12.5%  $+17,587          |
|  TAINTED            n=1882  win= 33.3%  med= -38.9%  $-9,546           |
|  KEEP-only          n=751   win= 61.9%  med= +51.4%  $+12,368          |
|  KEEP recent        n=557   win= 60.1%  med= +53.6%  $+8,146           |
|  KEEP(25): S163,S167,S168,S173,S174,S210,S218,S350...                  |
|  KILL(18): ORPHAN,S164,S202,S203,S207,S211,S212,S216...                |
+========================================================================+
+========================================================================+
|[+++ OVERPERFORMING STRATEGIES (n>=10)]                                 |
+========================================================================+
|  BKT  PROFILE                   WIN%   MED%   TOTAL TRADES             |
|  ---------------------------------------------------------             |
|  b238 lab0238_s401_w3_1045..  83%  +107.1%    18                       |
|  b276 lab0276_s350_w1_0928..  70%  +102.9%    10                       |
|  b861 lab0861_s408_w3_1045..  67%  +83.3%    12                        |
|  b365 lab0365_s361_w2_1005..  92%  +82.8%    12                        |
+========================================================================+
|[--- UNDERPERFORMING STRATEGIES (n>=10)]                                |
+========================================================================+
|  BKT  PROFILE                   WIN%   MED%   TOTAL TRADES             |
|  ---------------------------------------------------------             |
|  b47  lab0047_s205_w4_1120..   4%  -78.0%    28                        |
|  b307 lab0307_s354_w2_1005..  30%  -69.9%    10                        |
|  b1   lab0001_s200_w1_0928..   0%  -65.8%    10                        |
|  b41  lab0041_s205_w1_0928..  12%  -65.3%    16                        |
+========================================================================+
+========================================================================+
|[OPEN OPTIONS (15)]                                                     |
+========================================================================+
|  SYMBOL                      QTY    RET%        OPEN P&L               |
|  ---------------------------------------------------------             |
|  MDT260925C00094000            4    -82.6%   $   -228.00               |
|  NFLX260925C00075000          14    +44.2%   $   +206.00               |
|  NFLX260925C00074000           7    +57.3%   $   +204.00               |
|  MARA260925C00011500          -1  -1125.0%   $   -180.00               |
|  MARA260925C00012500           3    +95.3%   $   +142.00               |
|  MARA260925C00012000          -1   -386.2%   $   -112.00               |
|  CELH260925C00029000           2    -58.5%   $    -62.00               |
|  BAC260925C00058000            7    -11.9%   $    -56.00               |
|  ... 7 more position(s)                                                |
+========================================================================+
Full detail: logs/options_trial/runs/2026-09-22.log
elapsed=1.4s reconcile=0.55s

=== 09:16:22 ET — after hours (exit summary) [elapsed=1.5s reconcile=0.51s] ===
=== options_morning_bot (PAPER) 2026-09-22T09:16:22.440445-04:00 ===

[Run context]
After hours (09:16 ET) — exit summary only.
Paper auth OK — equity $997429.89, account PA33P8KT02IL
  reconcile: layout changed controlled:100:c000_s173_w1_0928_1005_r1 -> controlled:1164:live_1to1+variations

[Exit summary]
========================================================
OPTIONS EXIT SUMMARY — 2026-09-22
========================================================
Account equity: $997,429.89
Open broker positions: 15  unrealized $-77.00

No closed trades today.
========================================================

[Portfolio snapshot]
========================================================
OPTIONS TRIAL STATS
========================================================
Account equity: $997,429.89
Active buckets: 1164 of 1164 profiles ($500 virtual each) — paper unlimited mode

P&L summary
  Reflected (ex-S203,S207,S212,S360,S405,S407): $+12,903.88 all-time  |  $+0.00 today
  Raw (incl dropped):     $+8,040.88 all-time  |  $+0.00 today
  Open (not sold yet): $+215.00 unrealized (virtual lots)
                       $-77.00 unrealized (broker total)
  Premium deployed:    $2,387.00 in open positions
  Combined P&L:        $+13,118.88 (reflected realized + open virtual)

Ledger (master)
  Total events:     14465
  Today entries:    0
  Today exits (reflected): 0
  All-time exits (reflected): 2946  wins 42%
  Avg return/trade: +31.5%  median -30.4%

Open virtual lots (by bucket)
  b0 lab0000_s200_w1_0928_1005_r1  prem=$   294  real=$ +0.00  open=$ +0.00  lots=4  [ORPHAN:BACx3, ORPHAN:NFLXx1, ORPHAN:CELHx1, ORPHAN:AXPx1]
       buy: ask-0.01  sell: bid-0.01  tp=+50% sl=-50%
  b16 lab0016_s202_w1_0928_1005_r1  prem=$    32  real=$-47.00  open=$+14.15  lots=1  [S202:NFLXx1]
       buy: ask-0.01  sell: bid-0.01  tp=+50% sl=-50%
  b17 lab0017_s202_w1_0928_1005_r2  prem=$    32  real=$-56.00  open=$+14.15  lots=1  [S202:NFLXx1]
       buy: ask-0.01  sell: bid-0.01  tp=+50% sl=-50%
  b18 lab0018_s202_w2_1005_1045_r1  prem=$     0  real=$-29.00  open=$ +0.00  lots=0  [-]
       buy: ask-0.01  sell: bid-0.01  tp=+50% sl=-50%
  b19 lab0019_s202_w2_1005_1045_r2  prem=$     0  real=$-43.00  open=$ +0.00  lots=0  [-]
       buy: ask-0.01  sell: bid-0.01  tp=+50% sl=-50%
  b20 lab0020_s202_w3_1045_1120_r1  prem=$     0  real=$ -6.00  open=$ +0.00  lots=0  [-]
       buy: ask-0.01  sell: bid-0.01  tp=+50% sl=-50%
  b21 lab0021_s202_w3_1045_1120_r2  prem=$     0  real=$-24.00  open=$ +0.00  lots=0  [-]
       buy: ask-0.01  sell: bid-0.01  tp=+50% sl=-50%
  b73 lab0073_s209_w1_0928_1005_r2  prem=$     0  real=$-11.00  open=$ +0.00  lots=0  [-]
       buy: ask-0.01  sell: bid-0.01  tp=+50% sl=-50%
  b74 lab0074_s209_w2_1005_1045_r1  prem=$     0  real=$-39.00  open=$ +0.00  lots=0  [-]
       buy: ask-0.01  sell: bid-0.01  tp=+50% sl=-50%
  b75 lab0075_s209_w2_1005_1045_r2  prem=$     0  real=$-68.00  open=$ +0.00  lots=0  [-]
       buy: ask-0.01  sell: bid-0.01  tp=+50% sl=-50%
  b77 lab0077_s209_w3_1045_1120_r2  prem=$     0  real=$-39.00  open=$ +0.00  lots=0  [-]
       buy: ask-0.01  sell: bid-0.01  tp=+50% sl=-50%
  b79 lab0079_s209_w4_1120_1135_r2  prem=$     0  real=$-53.00  open=$ +0.00  lots=0  [-]
       buy: ask-0.01  sell: bid-0.01  tp=+50% sl=-50%
  b80 lab0080_s210_w1_0928_1005_r1  prem=$     0  real=$+57.00  open=$ +0.00  lots=0  [-]
       buy: ask-0.01  sell: bid-0.01  tp=+50% sl=-50%
  b81 lab0081_s210_w1_0928_1005_r2  prem=$     0  real=$+47.00  open=$ +0.00  lots=0  [-]
       buy: ask-0.01  sell: bid-0.01  tp=+50% sl=-50%
  b82 lab0082_s210_w2_1005_1045_r1  prem=$     0  real=$-70.00  open=$ +0.00  lots=0  [-]
       buy: ask-0.01  sell: bid-0.01  tp=+50% sl=-50%
  b83 lab0083_s210_w2_1005_1045_r2  prem=$     0  real=$+14.00  open=$ +0.00  lots=0  [-]
       buy: ask-0.01  sell: bid-0.01  tp=+50% sl=-50%
  b84 lab0084_s210_w3_1045_1120_r1  prem=$     0  real=$-240.00  open=$ +0.00  lots=0  [-]
       buy: ask-0.01  sell: bid-0.01  tp=+50% sl=-50%
  b85 lab0085_s210_w3_1045_1120_r2  prem=$     0  real=$+25.00  open=$ +0.00  lots=0  [-]
       buy: ask-0.01  sell: bid-0.01  tp=+50% sl=-50%
  b86 lab0086_s210_w4_1120_1135_r1  prem=$     0  real=$+67.00  open=$ +0.00  lots=0  [-]
       buy: ask-0.01  sell: bid-0.01  tp=+50% sl=-50%
  b87 lab0087_s210_w4_1120_1135_r2  prem=$     0  real=$-21.00  open=$ +0.00  lots=0  [-]
       buy: ask-0.01  sell: bid-0.01  tp=+50% sl=-50%
  (291 more active bucket(s) omitted)
  (853 quiet bucket profile(s) — no trades yet)

Alpaca option positions
  AXP260925C00325000  qty=2  cost=$76.00  return=-13.2%  open P&L=$-10.00
  BAC260925C00058000  qty=7  cost=$469.00  return=-11.9%  open P&L=$-56.00
  BAC260925C00059000  qty=2  cost=$80.00  return=-42.5%  open P&L=$-34.00
  CELH260925C00029000  qty=2  cost=$106.00  return=-58.5%  open P&L=$-62.00
  CELH260925C00029500  qty=2  cost=$70.00  return=-62.9%  open P&L=$-44.00
  MARA260925C00011500  qty=-1  cost=$16.00  return=-1125.0%  open P&L=$-180.00
  MARA260925C00012000  qty=-1  cost=$29.00  return=-386.2%  open P&L=$-112.00
  MARA260925C00012500  qty=3  cost=$149.00  return=+95.3%  open P&L=$+142.00
  MDT260925C00094000  qty=4  cost=$276.00  return=-82.6%  open P&L=$-228.00
  NFLX260925C00074000  qty=7  cost=$356.00  return=+57.3%  open P&L=$+204.00
  NFLX260925C00075000  qty=14  cost=$466.00  return=+44.2%  open P&L=$+206.00
  NFLX260925C00076000  qty=4  cost=$80.00  return=+40.0%  open P&L=$+32.00
  NFLX261002C00076000  qty=2  cost=$110.00  return=+30.9%  open P&L=$+34.00
  NFLX261002C00077000  qty=1  cost=$41.00  return=+22.0%  open P&L=$+9.00
  NFLX261009C00078000  qty=2  cost=$108.00  return=+20.4%  open P&L=$+22.00

Per-bucket exit stats (all time)
  b0|c000_s173_w1_0928_1005_r1  n= 22  avg=+24.8%  med=+34.9%  realized=$+283.00
  b0|orphan_reconcile     n=397  avg=+3.7%  med=-50.3%  realized=$+433.21
  b100|lab0100_s211_w4_1120_1135_r1  n=  1  avg=+73.6%  med=+73.6%  realized=$+39.00
  b101|lab0101_s211_w4_1120_1135_r2  n=  2  avg=+652.3%  med=+1385.7%  realized=$+54.00
  b104|c104_s164_w1_0928_1005_r4  n=  1  avg=-88.9%  med=-88.9%  realized=$-8.00
  b1052|lab1052_s165_w1_0928_1005_r1  n=  2  avg=+170.4%  med=+194.7%  realized=$+110.00
  b1053|lab1053_s165_w1_0928_1005_r2  n=  2  avg=+165.7%  med=+189.5%  realized=$+107.00
  b1054|lab1054_s165_w2_1005_1045_r1  n=  1  avg=+93.5%  med=+93.5%  realized=$+58.00
  b1055|lab1055_s165_w2_1005_1045_r2  n=  1  avg=+526.3%  med=+526.3%  realized=$+100.00
  b1057|lab1057_s165_w3_1045_1120_r2  n=  1  avg=-53.3%  med=-53.3%  realized=$-32.00
  b1058|lab1058_s165_w4_1120_1135_r1  n=  1  avg=+390.5%  med=+390.5%  realized=$+82.00
  b1059|lab1059_s165_w4_1120_1135_r2  n=  1  avg=+342.9%  med=+342.9%  realized=$+72.00
  b108|c108_s202_w3_1045_1120_r1  n=  1  avg=-33.3%  med=-33.3%  realized=$-1.00
  b1094|lab1094_s167_w1_0928_1005_r1  n=  3  avg=+75.9%  med=+126.0%  realized=$+73.00
  b1095|lab1095_s167_w1_0928_1005_r2  n=  3  avg=+58.7%  med=+106.0%  realized=$+57.00
  b1096|lab1096_s167_w2_1005_1045_r1  n=  2  avg=+238.1%  med=+531.6%  realized=$+70.00
  b1097|lab1097_s167_w2_1005_1045_r2  n=  2  avg=+227.6%  med=+510.5%  realized=$+66.00
  b109|c109_s202_w3_1045_1120_r2  n=  1  avg=-66.7%  med=-66.7%  realized=$-2.00
  b10|c010_s165_w3_1045_1120_r1  n=  8  avg=-37.2%  med=-18.9%  realized=$-205.00
  b1100|lab1100_s167_w4_1120_1135_r1  n=  1  avg=+328.6%  med=+328.6%  realized=$+69.00
  b1101|lab1101_s167_w4_1120_1135_r2  n=  1  avg=+323.8%  med=+323.8%  realized=$+68.00
  b1108|lab1108_s166_w1_0928_1005_r1  n=  1  avg=+160.9%  med=+160.9%  realized=$+74.00
  b1109|lab1109_s166_w1_0928_1005_r2  n=  1  avg=+77.6%  med=+77.6%  realized=$+45.00
  b1110|lab1110_s166_w2_1005_1045_r1  n=  1  avg=+67.2%  med=+67.2%  realized=$+41.00
  b1111|lab1111_s166_w2_1005_1045_r2  n=  1  avg=+72.9%  med=+72.9%  realized=$+43.00
  b1112|lab1112_s166_w3_1045_1120_r1  n=  1  avg=+273.0%  med=+273.0%  realized=$+101.00
  b1113|lab1113_s166_w3_1045_1120_r2  n=  2  avg=+100.9%  med=+135.1%  realized=$+92.00
  b1115|lab1115_s166_w4_1120_1135_r2  n=  1  avg=+55.6%  med=+55.6%  realized=$+40.00
  b1122|lab1122_s168_w1_0928_1005_r1  n=  3  avg=+72.4%  med=+50.0%  realized=$+46.00
  b1123|lab1123_s168_w1_0928_1005_r2  n=  3  avg=+55.9%  med=+53.3%  realized=$+36.00
  b1124|lab1124_s168_w2_1005_1045_r1  n=  2  avg=+91.2%  med=+248.6%  realized=$+50.00
  b1125|lab1125_s168_w2_1005_1045_r2  n=  2  avg=+75.5%  med=+217.1%  realized=$+39.00
  b1126|lab1126_s168_w3_1045_1120_r1  n=  3  avg=+66.9%  med=+116.2%  realized=$+67.00
  b1127|lab1127_s168_w3_1045_1120_r2  n=  3  avg=+49.1%  med=+102.7%  realized=$+47.00
  b1128|lab1128_s168_w4_1120_1135_r1  n=  2  avg=+120.5%  med=+272.2%  realized=$+83.00
  b1129|lab1129_s168_w4_1120_1135_r2  n=  2  avg=+101.7%  med=+255.6%  realized=$+67.00
  b1136|lab1136_s163_w1_0928_1005_r1  n=  3  avg=-8.7%  med=-51.4%  realized=$+6.00
  b1137|lab1137_s163_w1_0928_1005_r2  n=  3  avg=-19.2%  med=-61.9%  realized=$-7.00
  b1138|lab1138_s163_w2_1005_1045_r1  n=  2  avg=+133.6%  med=+200.0%  realized=$+111.00
  b1139|lab1139_s163_w2_1005_1045_r2  n=  2  avg=+138.1%  med=+205.7%  realized=$+115.00
  b1140|lab1140_s163_w3_1045_1120_r1  n=  4  avg=+34.6%  med=+73.0%  realized=$+59.00
  b1141|lab1141_s163_w3_1045_1120_r2  n=  4  avg=+35.5%  med=+74.6%  realized=$+64.00
  b1142|lab1142_s163_w4_1120_1135_r1  n=  1  avg=-72.9%  med=-72.9%  realized=$-35.00
  b1143|lab1143_s163_w4_1120_1135_r2  n=  2  avg=+27.6%  med=+128.1%  realized=$+6.00
  b1150|lab1150_s164_w1_0928_1005_r1  n=  3  avg=+77.6%  med=+156.0%  realized=$+80.00
  b1151|lab1151_s164_w1_0928_1005_r2  n=  3  avg=+70.4%  med=+124.0%  realized=$+66.00
  b1152|lab1152_s164_w2_1005_1045_r1  n=  2  avg=+216.7%  med=+531.6%  realized=$+46.00
  b1153|lab1153_s164_w2_1005_1045_r2  n=  2  avg=+242.5%  med=+542.1%  realized=$+71.00
  b1154|lab1154_s164_w3_1045_1120_r1  n=  1  avg=-50.0%  med=-50.0%  realized=$-30.00
  b1155|lab1155_s164_w3_1045_1120_r2  n=  1  avg=-48.1%  med=-48.1%  realized=$-25.00
  b1156|lab1156_s164_w4_1120_1135_r1  n=  1  avg=+342.9%  med=+342.9%  realized=$+72.00
  b1157|lab1157_s164_w4_1120_1135_r2  n=  1  avg=+323.8%  med=+323.8%  realized=$+68.00
  b132|c132_s164_w1_0928_1005_r5  n=  2  avg=-65.7%  med=-53.6%  realized=$-37.00
  b135|c135_s164_w4_1120_1135_r5  n=  1  avg=-50.0%  med=-50.0%  realized=$-4.00
  b164|lab0164_s216_w1_0928_1005_r1  n=  7  avg=+7.9%  med=-37.0%  realized=$-37.00
  b165|lab0165_s216_w1_0928_1005_r2  n= 10  avg=+14.1%  med=-37.0%  realized=$+14.00
  b166|lab0166_s216_w2_1005_1045_r1  n=  8  avg=+27.3%  med=-63.4%  realized=$-191.00
  b167|lab0167_s216_w2_1005_1045_r2  n= 11  avg=+3.0%  med=-63.2%  realized=$-191.00
  b168|lab0168_s216_w3_1045_1120_r1  n=  6  avg=-76.4%  med=-72.0%  realized=$-181.00
  b169|lab0169_s216_w3_1045_1120_r2  n=  8  avg=-37.5%  med=-52.3%  realized=$-124.00
  b16|lab0016_s202_w1_0928_1005_r1  n=  2  avg=-51.0%  med=-38.1%  realized=$-47.00
  b170|lab0170_s216_w4_1120_1135_r1  n=  2  avg=-64.0%  med=-63.6%  realized=$-71.00
  b171|lab0171_s216_w4_1120_1135_r2  n=  4  avg=-41.7%  med=-47.5%  realized=$-71.00
  b178|lab0178_s217_w1_0928_1005_r1  n=  2  avg=+85.4%  med=+104.8%  realized=$+97.00
  b179|lab0179_s217_w1_0928_1005_r2  n=  2  avg=+70.8%  med=+90.5%  realized=$+81.00
  b17|lab0017_s202_w1_0928_1005_r2  n=  2  avg=-70.9%  med=-65.6%  realized=$-56.00
  b180|lab0180_s217_w2_1005_1045_r1  n= 15  avg=+86.7%  med=+53.9%  realized=$+362.00
  b181|lab0181_s217_w2_1005_1045_r2  n= 17  avg=+65.8%  med=-46.1%  realized=$+239.00
  b182|lab0182_s217_w3_1045_1120_r1  n=  8  avg=-39.7%  med=-43.8%  realized=$-134.00
  b183|lab0183_s217_w3_1045_1120_r2  n= 12  avg=-34.3%  med=-54.4%  realized=$-153.00
  b184|lab0184_s217_w4_1120_1135_r1  n=  2  avg=-77.5%  med=-77.5%  realized=$-62.00
  b185|lab0185_s217_w4_1120_1135_r2  n=  3  avg=-16.3%  med=-52.2%  realized=$-7.00
  b18|lab0018_s202_w2_1005_1045_r1  n=  1  avg=-74.4%  med=-74.4%  realized=$-29.00
  b192|lab0192_s218_w1_0928_1005_r1  n=  9  avg=+20.6%  med=+50.0%  realized=$+114.00
  b193|lab0193_s218_w1_0928_1005_r2  n= 11  avg=+29.4%  med=+36.4%  realized=$+177.00
  b194|lab0194_s218_w2_1005_1045_r1  n= 19  avg=-7.5%  med=-37.5%  realized=$-118.00
  b195|lab0195_s218_w2_1005_1045_r2  n= 20  avg=+35.9%  med=+58.8%  realized=$+243.00
  b196|lab0196_s218_w3_1045_1120_r1  n=  8  avg=+139.1%  med=+52.2%  realized=$+165.00
  b197|lab0197_s218_w3_1045_1120_r2  n=  8  avg=+140.6%  med=+47.8%  realized=$+283.00
  b198|lab0198_s218_w4_1120_1135_r1  n=  3  avg=+108.5%  med=+108.5%  realized=$+150.00
  b199|lab0199_s218_w4_1120_1135_r2  n=  4  avg=+72.4%  med=+112.8%  realized=$+124.00
  b19|lab0019_s202_w2_1005_1045_r2  n=  2  avg=-51.5%  med=-46.7%  realized=$-43.00
  b1|c001_s173_w2_1005_1045_r1  n= 10  avg=-65.0%  med=-64.9%  realized=$-406.00
  b20|c020_s164_w1_0928_1005_r1  n=  9  avg=-11.2%  med=-14.3%  realized=$-19.00
  b20|c020_s173_w1_0928_1005_r2  n= 21  avg=+1.0%  med=-3.6%  realized=$+6.00
  b20|lab0020_s202_w3_1045_1120_r1  n=  1  avg=-42.9%  med=-42.9%  realized=$-6.00
  b21|c021_s164_w2_1005_1045_r1  n=  8  avg=-61.7%  med=-56.1%  realized=$-308.00
  b21|c021_s173_w2_1005_1045_r2  n= 23  avg=-55.2%  med=-72.1%  realized=$-863.00
  b21|lab0021_s202_w3_1045_1120_r2  n=  2  avg=-53.6%  med=-50.0%  realized=$-24.00
  b222|lab0222_s400_w2_1005_1045_r1  n=  1  avg=-50.0%  med=-50.0%  realized=$-4.00
  b223|lab0223_s400_w2_1005_1045_r2  n=  1  avg=-50.0%  med=-50.0%  realized=$-4.00
  b224|lab0224_s400_w3_1045_1120_r1  n=  1  avg=-66.7%  med=-66.7%  realized=$-10.00
  b225|lab0225_s400_w3_1045_1120_r2  n=  2  avg=-7.3%  med=+52.1%  realized=$+15.00
  b227|lab0227_s400_w4_1120_1135_r2  n=  1  avg=-22.2%  med=-22.2%  realized=$-2.00
  b22|c022_s164_w3_1045_1120_r1  n=  6  avg=-28.3%  med=-55.7%  realized=$-115.00
  b22|c022_s173_w3_1045_1120_r2  n= 11  avg=-35.9%  med=-54.2%  realized=$-224.00
  b234|lab0234_s401_w1_0928_1005_r1  n= 12  avg=+58.7%  med=-36.6%  realized=$-138.00
  b235|lab0235_s401_w1_0928_1005_r2  n= 15  avg=+133.1%  med=-23.7%  realized=$+107.00
  b236|c236_s218_w3_1045_1120_r1  n=  1  avg=-33.3%  med=-33.3%  realized=$-1.00
  b236|lab0236_s401_w2_1005_1045_r1  n= 15  avg=-15.8%  med=-38.1%  realized=$-183.00
  b237|c237_s218_w3_1045_1120_r2  n=  1  avg=-66.7%  med=-66.7%  realized=$-2.00
  b237|lab0237_s401_w2_1005_1045_r2  n= 18  avg=+22.4%  med=+50.0%  realized=$+97.00
  b238|lab0238_s401_w3_1045_1120_r1  n= 18  avg=+171.5%  med=+109.5%  realized=$+1,058.00
  b239|lab0239_s401_w3_1045_1120_r2  n= 16  avg=+113.1%  med=+38.5%  realized=$+313.00
  b23|c023_s164_w4_1120_1135_r1  n=  2  avg=-67.7%  med=-67.7%  realized=$-84.00
  b23|c023_s173_w4_1120_1135_r2  n=  3  avg=-25.0%  med=-61.5%  realized=$-41.00
  b240|lab0240_s401_w4_1120_1135_r1  n= 12  avg=+38.8%  med=+21.1%  realized=$+136.00
  b241|lab0241_s401_w4_1120_1135_r2  n=  9  avg=-22.4%  med=-17.5%  realized=$-118.00
  b25|c025_s168_w2_1005_1045_r1  n=  2  avg=-20.7%  med=-19.6%  realized=$-19.00
  b25|c025_s174_w2_1005_1045_r2  n= 18  avg=-33.0%  med=-21.7%  realized=$-333.00
  b262|lab0262_s403_w1_0928_1005_r1  n=  3  avg=+40.1%  med=+65.4%  realized=$+63.00
  b263|lab0263_s403_w1_0928_1005_r2  n=  9  avg=+58.2%  med=+51.7%  realized=$+221.00
  b264|lab0264_s403_w2_1005_1045_r1  n=  9  avg=+28.1%  med=+46.0%  realized=$+103.00
  b265|lab0265_s403_w2_1005_1045_r2  n= 11  avg=+21.5%  med=+49.0%  realized=$+110.00
  b266|lab0266_s403_w3_1045_1120_r1  n=  5  avg=+46.0%  med=+66.7%  realized=$+75.00
  b267|lab0267_s403_w3_1045_1120_r2  n=  7  avg=+31.2%  med=+57.1%  realized=$+73.00
  b268|lab0268_s403_w4_1120_1135_r1  n=  4  avg=+158.4%  med=+320.0%  realized=$+152.00
  b269|lab0269_s403_w4_1120_1135_r2  n=  7  avg=+96.9%  med=+57.6%  realized=$+211.00
  b26|c026_s174_w3_1045_1120_r2  n=  1  avg=-53.1%  med=-53.1%  realized=$-26.00
  b276|lab0276_s350_w1_0928_1005_r1  n= 10  avg=+61.5%  med=+102.9%  realized=$+227.00
  b277|lab0277_s350_w1_0928_1005_r2  n=  8  avg=+94.3%  med=+157.9%  realized=$+266.00
  b278|lab0278_s350_w2_1005_1045_r1  n= 13  avg=+37.3%  med=+0.0%  realized=$+58.00
  b279|lab0279_s350_w2_1005_1045_r2  n= 14  avg=+56.2%  med=-28.3%  realized=$+163.00
  b280|lab0280_s351_w1_0928_1005_r1  n=  9  avg=+122.7%  med=+171.9%  realized=$+322.00
  b281|lab0281_s351_w1_0928_1005_r2  n=  9  avg=+103.1%  med=+110.5%  realized=$+347.00
  b282|lab0282_s351_w2_1005_1045_r1  n= 11  avg=-7.6%  med=-61.9%  realized=$-114.00
  b283|lab0283_s351_w2_1005_1045_r2  n= 12  avg=-5.4%  med=-50.0%  realized=$-97.00
  b284|lab0284_s351_w3_1045_1120_r1  n=  3  avg=-54.1%  med=-52.2%  realized=$-59.00
  b285|lab0285_s351_w3_1045_1120_r2  n=  5  avg=+55.0%  med=-33.3%  realized=$+4.00
  b286|lab0286_s351_w4_1120_1135_r1  n=  6  avg=-14.7%  med=-75.5%  realized=$-99.00
  b287|lab0287_s351_w4_1120_1135_r2  n=  9  avg=-16.6%  med=-48.7%  realized=$-108.00
  b288|lab0288_s352_w1_0928_1005_r1  n=  5  avg=+107.9%  med=+100.0%  realized=$+85.00
  b289|lab0289_s352_w1_0928_1005_r2  n=  5  avg=+80.9%  med=+93.8%  realized=$+67.00
  b28|c028_s165_w1_0928_1005_r2  n= 17  avg=+49.5%  med=+80.0%  realized=$+448.00
  b28|c028_s173_w1_0928_1005_r2  n=  5  avg=+51.6%  med=+80.0%  realized=$+142.00
  b290|lab0290_s352_w2_1005_1045_r1  n=  7  avg=+62.6%  med=-17.6%  realized=$+73.00
  b291|lab0291_s352_w2_1005_1045_r2  n=  8  avg=+75.9%  med=-48.2%  realized=$+116.00
  b292|lab0292_s352_w3_1045_1120_r1  n=  8  avg=+50.1%  med=+13.0%  realized=$-6.00
  b293|lab0293_s352_w3_1045_1120_r2  n=  9  avg=+67.7%  med=+39.1%  realized=$+46.00
  b294|lab0294_s352_w4_1120_1135_r1  n=  4  avg=+17.7%  med=-71.4%  realized=$-72.00
  b295|lab0295_s352_w4_1120_1135_r2  n=  4  avg=+18.9%  med=-75.0%  realized=$-72.00
  b296|lab0296_s353_w1_0928_1005_r1  n=  5  avg=+110.2%  med=+123.7%  realized=$+118.00
  b297|lab0297_s353_w1_0928_1005_r2  n=  5  avg=+81.5%  med=+79.0%  realized=$+83.00
  b298|lab0298_s353_w2_1005_1045_r1  n= 11  avg=+11.2%  med=-34.7%  realized=$-53.00
  b299|lab0299_s353_w2_1005_1045_r2  n=  7  avg=-32.4%  med=-72.7%  realized=$-142.00
  b29|c029_s165_w2_1005_1045_r2  n=  9  avg=-23.3%  med=-50.0%  realized=$-221.00
  b29|c029_s173_w2_1005_1045_r2  n=  2  avg=-69.3%  med=-48.5%  realized=$-78.00
  b2|c002_s173_w3_1045_1120_r1  n= 15  avg=+67.7%  med=+32.8%  realized=$+707.00
  b300|lab0300_s353_w3_1045_1120_r1  n=  3  avg=+184.9%  med=-94.1%  realized=$-44.00
  b301|lab0301_s353_w3_1045_1120_r2  n=  1  avg=+942.9%  med=+942.9%  realized=$+66.00
  b302|lab0302_s353_w4_1120_1135_r1  n=  2  avg=+214.9%  med=+333.3%  realized=$+98.00
  b303|lab0303_s353_w4_1120_1135_r2  n=  3  avg=+158.5%  med=+93.1%  realized=$+121.00
  b304|lab0304_s354_w1_0928_1005_r1  n=  5  avg=+19.8%  med=+24.0%  realized=$+47.00
  b305|lab0305_s354_w1_0928_1005_r2  n=  5  avg=+2.5%  med=-51.6%  realized=$+2.00
  b306|lab0306_s354_w2_1005_1045_r1  n=  9  avg=-17.2%  med=-70.6%  realized=$-108.00
  b307|lab0307_s354_w2_1005_1045_r2  n= 10  avg=-18.9%  med=-68.6%  realized=$-50.00
  b308|lab0308_s354_w3_1045_1120_r1  n=  9  avg=+3.0%  med=-50.8%  realized=$-4.00
  b309|lab0309_s354_w3_1045_1120_r2  n=  9  avg=-5.5%  med=-52.3%  realized=$-49.00
  b30|c030_s165_w3_1045_1120_r2  n=  9  avg=+38.8%  med=+0.0%  realized=$+260.00
  b30|c030_s173_w3_1045_1120_r2  n=  2  avg=-9.5%  med=+0.0%  realized=$-14.00
  b310|lab0310_s354_w4_1120_1135_r1  n=  5  avg=+12.6%  med=-33.3%  realized=$+74.00
  b311|lab0311_s354_w4_1120_1135_r2  n=  5  avg=+32.1%  med=-72.9%  realized=$+107.00
  b312|lab0312_s355_w1_0928_1005_r1  n=  8  avg=-25.6%  med=-53.5%  realized=$-95.00
  b313|lab0313_s355_w1_0928_1005_r2  n=  7  avg=-6.9%  med=-48.8%  realized=$-31.00
  b314|lab0314_s355_w2_1005_1045_r1  n= 12  avg=-7.9%  med=-63.4%  realized=$-59.00
  b315|lab0315_s355_w2_1005_1045_r2  n= 13  avg=-10.4%  med=-41.3%  realized=$-69.00
  b316|lab0316_s355_w3_1045_1120_r1  n=  5  avg=+6.7%  med=-50.0%  realized=$+33.00
  b317|lab0317_s355_w3_1045_1120_r2  n= 10  avg=+70.5%  med=+57.1%  realized=$+320.00
  b318|lab0318_s355_w4_1120_1135_r1  n=  6  avg=+57.7%  med=+84.6%  realized=$+119.00
  b319|lab0319_s355_w4_1120_1135_r2  n=  6  avg=+60.7%  med=+59.4%  realized=$+133.00
  b31|c031_s165_w4_1120_1135_r2  n=  2  avg=+145.5%  med=+175.8%  realized=$+192.00
  b320|lab0320_s356_w1_0928_1005_r1  n=  4  avg=+18.8%  med=+37.9%  realized=$+34.00
  b321|lab0321_s356_w1_0928_1005_r2  n=  4  avg=+28.1%  med=+58.6%  realized=$+56.00
  b322|lab0322_s356_w2_1005_1045_r1  n=  3  avg=-12.4%  med=-21.6%  realized=$-21.00
  b323|lab0323_s356_w2_1005_1045_r2  n=  3  avg=-9.0%  med=-18.9%  realized=$-16.00
  b324|lab0324_s356_w3_1045_1120_r1  n=  4  avg=-5.4%  med=-25.0%  realized=$-12.00
  b325|lab0325_s356_w3_1045_1120_r2  n=  4  avg=-1.7%  med=-19.4%  realized=$-6.00
  b326|lab0326_s356_w4_1120_1135_r1  n=  2  avg=+76.1%  med=+100.0%  realized=$+68.00
  b327|lab0327_s356_w4_1120_1135_r2  n=  3  avg=+19.3%  med=+52.0%  realized=$+20.00
  b328|lab0328_s357_w1_0928_1005_r1  n=  3  avg=+3.8%  med=+47.1%  realized=$+7.00
  b329|lab0329_s357_w1_0928_1005_r2  n=  3  avg=+3.8%  med=+47.1%  realized=$+7.00
  b330|lab0330_s357_w2_1005_1045_r1  n=  2  avg=+34.9%  med=+131.4%  realized=$+27.00
  b331|lab0331_s357_w2_1005_1045_r2  n=  3  avg=-10.7%  med=-56.9%  realized=$-19.00
  b332|lab0332_s357_w3_1045_1120_r1  n=  5  avg=+66.7%  med=+73.7%  realized=$+190.00
  b333|lab0333_s357_w3_1045_1120_r2  n=  6  avg=+66.3%  med=+71.9%  realized=$+228.00
  b334|lab0334_s357_w4_1120_1135_r1  n=  1  avg=+81.2%  med=+81.2%  realized=$+39.00
  b335|lab0335_s357_w4_1120_1135_r2  n=  2  avg=+54.6%  med=+57.1%  realized=$+53.00
  b340|lab0340_s358_w3_1045_1120_r1  n=  1  avg=-51.4%  med=-51.4%  realized=$-37.00
  b341|lab0341_s358_w3_1045_1120_r2  n=  1  avg=-51.4%  med=-51.4%  realized=$-37.00
  b342|lab0342_s358_w4_1120_1135_r1  n=  1  avg=+53.1%  med=+53.1%  realized=$+26.00
  b343|lab0343_s358_w4_1120_1135_r2  n=  1  avg=+55.1%  med=+55.1%  realized=$+27.00
  b344|lab0344_s359_w1_0928_1005_r1  n=  5  avg=+37.9%  med=+46.7%  realized=$-33.00
  b345|lab0345_s359_w1_0928_1005_r2  n=  7  avg=+22.2%  med=-50.0%  realized=$-14.00
  b346|lab0346_s359_w2_1005_1045_r1  n= 12  avg=+62.3%  med=-46.7%  realized=$-60.00
  b347|lab0347_s359_w2_1005_1045_r2  n= 11  avg=+69.0%  med=-44.4%  realized=$-16.00
  b362|lab0362_s361_w1_0928_1005_r1  n=  6  avg=-13.8%  med=-30.4%  realized=$-71.00
  b363|lab0363_s361_w1_0928_1005_r2  n=  7  avg=-12.8%  med=-30.4%  realized=$-76.00
  b364|lab0364_s361_w2_1005_1045_r1  n=  9  avg=+126.2%  med=+81.8%  realized=$+88.00
  b365|lab0365_s361_w2_1005_1045_r2  n= 12  avg=+173.8%  med=+82.8%  realized=$+310.00
  b366|lab0366_s361_w3_1045_1120_r1  n=  3  avg=+351.3%  med=+61.1%  realized=$+59.00
  b367|lab0367_s361_w3_1045_1120_r2  n= 11  avg=+67.9%  med=-50.0%  realized=$-90.00
  b368|lab0368_s361_w4_1120_1135_r1  n=  3  avg=+103.8%  med=+71.4%  realized=$+37.00
  b369|lab0369_s361_w4_1120_1135_r2  n=  4  avg=+110.2%  med=+100.0%  realized=$+60.00
  b376|lab0376_s362_w1_0928_1005_r1  n=  8  avg=+1.2%  med=+8.7%  realized=$-21.00
  b377|lab0377_s362_w1_0928_1005_r2  n=  9  avg=+10.8%  med=+13.0%  realized=$+10.00
  b378|lab0378_s362_w2_1005_1045_r1  n=  5  avg=+239.7%  med=+70.6%  realized=$+163.00
  b379|lab0379_s362_w2_1005_1045_r2  n=  9  avg=+132.5%  med=+60.5%  realized=$+219.00
  b380|lab0380_s362_w3_1045_1120_r1  n=  7  avg=+183.1%  med=+103.3%  realized=$+226.00
  b381|lab0381_s362_w3_1045_1120_r2  n=  7  avg=+182.6%  med=+108.3%  realized=$+245.00
  b382|lab0382_s362_w4_1120_1135_r1  n=  3  avg=+463.7%  med=+323.8%  realized=$+376.00
  b383|lab0383_s362_w4_1120_1135_r2  n=  3  avg=+490.7%  med=+309.5%  realized=$+402.00
  b390|lab0390_s363_w1_0928_1005_r1  n=  3  avg=-13.7%  med=-49.1%  realized=$-60.00
  b391|lab0391_s363_w1_0928_1005_r2  n=  2  avg=+26.2%  med=+103.2%  realized=$+4.00
  b392|lab0392_s363_w2_1005_1045_r1  n=  8  avg=-41.2%  med=-65.4%  realized=$-222.00
  b393|lab0393_s363_w2_1005_1045_r2  n=  8  avg=-39.0%  med=-53.9%  realized=$-210.00
  b394|lab0394_s363_w3_1045_1120_r1  n=  5  avg=-46.4%  med=-81.0%  realized=$-150.00
  b395|lab0395_s363_w3_1045_1120_r2  n=  5  avg=-44.5%  med=-82.5%  realized=$-149.00
  b396|lab0396_s363_w4_1120_1135_r1  n=  2  avg=-15.1%  med=+44.7%  realized=$-19.00
  b397|lab0397_s363_w4_1120_1135_r2  n=  5  avg=-33.2%  med=-77.1%  realized=$-75.00
  b3|c003_s173_w4_1120_1135_r1  n= 17  avg=+131.0%  med=-50.0%  realized=$+1,311.00
  b404|lab0404_s364_w1_0928_1005_r1  n=  4  avg=-15.3%  med=-2.9%  realized=$-61.00
  b405|lab0405_s364_w1_0928_1005_r2  n=  5  avg=-6.0%  med=-5.9%  realized=$-44.00
  b406|lab0406_s364_w2_1005_1045_r1  n= 10  avg=-17.6%  med=-44.2%  realized=$-159.00
  b407|lab0407_s364_w2_1005_1045_r2  n= 11  avg=-12.3%  med=-42.3%  realized=$-90.00
  b408|lab0408_s364_w3_1045_1120_r1  n=  8  avg=+2.4%  med=+66.7%  realized=$-41.00
  b409|lab0409_s364_w3_1045_1120_r2  n= 10  avg=+0.0%  med=+53.1%  realized=$-54.00
  b40|c040_s166_w1_0928_1005_r2  n=  6  avg=-37.2%  med=-12.7%  realized=$-142.00
  b40|c040_s173_w1_0928_1005_r3  n= 23  avg=+12.9%  med=-15.4%  realized=$-90.00
  b410|lab0410_s364_w4_1120_1135_r1  n=  7  avg=+72.6%  med=+39.5%  realized=$+171.00
  b411|lab0411_s364_w4_1120_1135_r2  n=  4  avg=+137.5%  med=+188.9%  realized=$+189.00
  b418|lab0418_s365_w1_0928_1005_r1  n=  3  avg=+20.9%  med=+67.3%  realized=$+24.00
  b419|lab0419_s365_w1_0928_1005_r2  n=  4  avg=+17.6%  med=+56.1%  realized=$+28.00
  b41|c041_s166_w2_1005_1045_r2  n=  3  avg=-62.0%  med=-61.4%  realized=$-106.00
  b41|c041_s173_w2_1005_1045_r3  n= 13  avg=-48.5%  med=-66.7%  realized=$-452.00
  b420|lab0420_s365_w2_1005_1045_r1  n=  2  avg=+2.8%  med=+54.0%  realized=$-2.00
  b421|lab0421_s365_w2_1005_1045_r2  n=  3  avg=-21.3%  med=-48.3%  realized=$-40.00
  b422|lab0422_s365_w3_1045_1120_r1  n=  3  avg=+33.1%  med=+63.6%  realized=$+25.00
  b423|lab0423_s365_w3_1045_1120_r2  n=  3  avg=+28.9%  med=+63.6%  realized=$+20.00
  b424|lab0424_s365_w4_1120_1135_r1  n=  5  avg=-10.7%  med=+0.0%  realized=$-24.00
  b425|lab0425_s365_w4_1120_1135_r2  n=  3  avg=+109.8%  med=+54.8%  realized=$+124.00
  b42|c042_s166_w3_1045_1120_r2  n=  6  avg=+115.7%  med=+21.4%  realized=$+489.00
  b42|c042_s173_w3_1045_1120_r3  n= 13  avg=+31.1%  med=-8.3%  realized=$+262.00
  b432|lab0432_s366_w1_0928_1005_r1  n=  1  avg=-56.9%  med=-56.9%  realized=$-37.00
  b433|lab0433_s366_w1_0928_1005_r2  n=  1  avg=-56.9%  med=-56.9%  realized=$-37.00
  b434|lab0434_s366_w2_1005_1045_r1  n=  2  avg=+19.6%  med=+96.1%  realized=$+12.00
  b435|lab0435_s366_w2_1005_1045_r2  n=  3  avg=+20.7%  med=+49.0%  realized=$+23.00
  b436|lab0436_s366_w3_1045_1120_r1  n=  1  avg=-51.7%  med=-51.7%  realized=$-30.00
  b437|lab0437_s366_w3_1045_1120_r2  n=  1  avg=-53.5%  med=-53.5%  realized=$-31.00
  b438|lab0438_s366_w4_1120_1135_r1  n=  2  avg=+22.6%  med=+94.3%  realized=$+22.00
  b439|lab0439_s366_w4_1120_1135_r2  n=  2  avg=+26.4%  med=+101.9%  realized=$+26.00
  b43|c043_s166_w4_1120_1135_r2  n=  7  avg=+62.0%  med=+41.9%  realized=$+281.00
  b43|c043_s173_w4_1120_1135_r3  n=  8  avg=+58.7%  med=+53.2%  realized=$+241.00
  b449|lab0449_s367_w2_1005_1045_r2  n=  1  avg=-48.9%  med=-48.9%  realized=$-22.00
  b450|lab0450_s367_w3_1045_1120_r1  n=  1  avg=-51.4%  med=-51.4%  realized=$-37.00
  b451|lab0451_s367_w3_1045_1120_r2  n=  1  avg=-25.0%  med=-25.0%  realized=$-18.00
  b46|c046_s174_w3_1045_1120_r3  n=  3  avg=-89.7%  med=-89.7%  realized=$-156.00
  b47|c047_s163_w4_1120_1135_r2  n=  3  avg=-79.7%  med=-78.0%  realized=$-141.00
  b47|c047_s174_w4_1120_1135_r3  n= 25  avg=-73.4%  med=-78.0%  realized=$-1,155.00
  b48|c048_s164_w1_0928_1005_r2  n=  5  avg=-33.1%  med=-49.1%  realized=$-91.00
  b48|c048_s165_w1_0928_1005_r3  n= 16  avg=-35.9%  med=-49.1%  realized=$-344.00
  b49|c049_s164_w2_1005_1045_r2  n=  4  avg=-51.8%  med=-44.0%  realized=$-133.00
  b49|c049_s165_w2_1005_1045_r3  n= 15  avg=-49.3%  med=-49.1%  realized=$-458.00
  b50|c050_s164_w3_1045_1120_r2  n=  4  avg=-39.6%  med=-16.7%  realized=$-115.00
  b50|c050_s165_w3_1045_1120_r3  n=  9  avg=-23.6%  med=-23.1%  realized=$-142.00
  b51|c051_s165_w4_1120_1135_r3  n=  1  avg=+263.6%  med=+263.6%  realized=$+174.00
  b56|g056_lim_tp20_sl65  n=  1  avg=+47.7%  med=+47.7%  realized=$+20.52
  b57|g057_mid_tp20_sl65  n=  1  avg=+47.7%  med=+47.7%  realized=$+20.52
  b58|g058_eod_tp20_sl65  n=  1  avg=+59.1%  med=+59.1%  realized=$+25.41
  b60|c060_s167_w1_0928_1005_r3  n=  3  avg=-55.8%  med=-62.8%  realized=$-98.00
  b60|c060_s173_w1_0928_1005_r4  n= 13  avg=-5.1%  med=-13.6%  realized=$-99.00
  b61|c061_s167_w2_1005_1045_r3  n=  5  avg=-54.6%  med=-50.9%  realized=$-160.00
  b61|c061_s173_w2_1005_1045_r4  n=  8  avg=-37.3%  med=-50.0%  realized=$-208.00
  b62|c062_s167_w3_1045_1120_r3  n=  8  avg=-51.8%  med=-64.2%  realized=$-286.00
  b62|c062_s173_w3_1045_1120_r4  n= 20  avg=+182.8%  med=-58.3%  realized=$-183.00
  b63|c063_s167_w4_1120_1135_r3  n=  2  avg=-54.8%  med=-54.8%  realized=$-68.00
  b63|c063_s173_w4_1120_1135_r4  n=  1  avg=-46.1%  med=-46.1%  realized=$-24.00
  b63|g063_mid_tp20_sl65  n=  1  avg=+23.3%  med=+23.3%  realized=$+18.63
  b64|c064_s174_w1_0928_1005_r4  n=  3  avg=-93.3%  med=-93.3%  realized=$-168.00
  b64|g064_eod_tp20_sl65  n=  1  avg=+34.2%  med=+34.2%  realized=$+27.40
  b65|c065_s174_w2_1005_1045_r4  n=  8  avg=-45.7%  med=-45.2%  realized=$-238.00
  b65|g065_lim_tp20_sl65  n=  1  avg=+23.3%  med=+23.3%  realized=$+18.63
  b66|c066_s174_w3_1045_1120_r4  n=  1  avg=-52.5%  med=-52.5%  realized=$-31.00
  b66|g066_mid_tp20_sl65  n=  1  avg=+23.3%  med=+23.3%  realized=$+18.63
  b67|c067_s174_w4_1120_1135_r4  n=  1  avg=-45.8%  med=-45.8%  realized=$-27.00
  b67|g067_eod_tp20_sl65  n=  1  avg=+34.2%  med=+34.2%  realized=$+27.40
  b68|c068_s165_w1_0928_1005_r4  n= 16  avg=-51.3%  med=-49.1%  realized=$-446.00
  b68|c068_s166_w1_0928_1005_r3  n=  4  avg=-52.7%  med=-49.1%  realized=$-116.00
  b69|c069_s165_w2_1005_1045_r4  n= 11  avg=+19.0%  med=-43.6%  realized=$-179.00
  b69|c069_s166_w2_1005_1045_r3  n=  4  avg=+10.1%  med=-40.0%  realized=$-87.00
  b70|c070_s165_w3_1045_1120_r4  n= 11  avg=-2.1%  med=-16.9%  realized=$-6.00
  b70|c070_s166_w3_1045_1120_r3  n=  4  avg=-42.5%  med=-27.0%  realized=$-124.00
  b70|g070_eod_tp30_sl20  n=  1  avg=+59.1%  med=+59.1%  realized=$+27.77
  b71|g071_lim_tp30_sl20  n=  1  avg=+36.5%  med=+36.5%  realized=$+23.73
  b72|g072_mid_tp30_sl20  n=  1  avg=+36.5%  med=+36.5%  realized=$+23.73
  b73|g073_eod_tp30_sl20  n=  1  avg=+55.6%  med=+55.6%  realized=$+36.11
  b73|lab0073_s209_w1_0928_1005_r2  n=  1  avg=-64.7%  med=-64.7%  realized=$-11.00
  b74|g074_lim_tp30_sl20  n=  1  avg=+36.5%  med=+36.5%  realized=$+23.73
  b74|lab0074_s209_w2_1005_1045_r1  n=  1  avg=-58.2%  med=-58.2%  realized=$-39.00
  b75|g075_mid_tp30_sl20  n=  1  avg=+36.5%  med=+36.5%  realized=$+23.73
  b75|lab0075_s209_w2_1005_1045_r2  n=  2  avg=-50.8%  med=-50.8%  realized=$-68.00
  b768|lab0768_s396_w1_0928_1005_r1  n=  2  avg=+89.0%  med=+93.1%  realized=$+118.00
  b769|lab0769_s396_w1_0928_1005_r2  n=  2  avg=+106.2%  med=+116.7%  realized=$+139.00
  b76|c076_s164_w1_0928_1005_r3  n=  1  avg=-50.0%  med=-50.0%  realized=$-2.00
  b76|g076_eod_tp30_sl20  n=  1  avg=+34.2%  med=+34.2%  realized=$+27.40
  b771|lab0771_s396_w2_1005_1045_r2  n=  1  avg=-82.2%  med=-82.2%  realized=$-60.00
  b775|lab0775_s396_w4_1120_1135_r2  n=  1  avg=+74.6%  med=+74.6%  realized=$+44.00
  b776|lab0776_s397_w1_0928_1005_r1  n=  3  avg=-38.5%  med=-64.9%  realized=$-74.00
  b777|lab0777_s397_w1_0928_1005_r2  n=  6  avg=+22.9%  med=+38.6%  realized=$+72.00
  b778|lab0778_s397_w2_1005_1045_r1  n=  8  avg=+67.0%  med=+73.0%  realized=$+342.00
  b779|lab0779_s397_w2_1005_1045_r2  n=  7  avg=+64.7%  med=+61.9%  realized=$+306.00
  b77|g077_lim_tp30_sl20  n=  1  avg=-23.3%  med=-23.3%  realized=$-18.63
  b77|lab0077_s209_w3_1045_1120_r2  n=  1  avg=-70.9%  med=-70.9%  realized=$-39.00
  b780|lab0780_s397_w3_1045_1120_r1  n=  3  avg=+43.8%  med=+74.3%  realized=$+81.00
  b781|lab0781_s397_w3_1045_1120_r2  n=  6  avg=+24.3%  med=+71.8%  realized=$+136.00
  b782|lab0782_s397_w4_1120_1135_r1  n=  1  avg=-54.0%  med=-54.0%  realized=$-34.00
  b783|lab0783_s397_w4_1120_1135_r2  n=  3  avg=+66.9%  med=+105.1%  realized=$+123.00
  b784|lab0784_s398_w1_0928_1005_r1  n=  5  avg=+37.3%  med=+49.0%  realized=$+70.00
  b785|lab0785_s398_w1_0928_1005_r2  n=  6  avg=+9.2%  med=+49.0%  realized=$+37.00
  b786|lab0786_s398_w2_1005_1045_r1  n= 10  avg=+1.1%  med=+3.3%  realized=$-27.00
  b787|lab0787_s398_w2_1005_1045_r2  n=  5  avg=+36.0%  med=+61.3%  realized=$+57.00
  b788|lab0788_s398_w3_1045_1120_r1  n= 10  avg=+3.6%  med=-18.4%  realized=$+31.00
  b789|lab0789_s398_w3_1045_1120_r2  n=  9  avg=-11.4%  med=-54.3%  realized=$-10.00
  b78|g078_mid_tp30_sl20  n=  1  avg=-23.3%  med=-23.3%  realized=$-18.63
  b790|lab0790_s398_w4_1120_1135_r1  n=  5  avg=+179.6%  med=+140.3%  realized=$+338.00
  b791|lab0791_s398_w4_1120_1135_r2  n=  7  avg=+124.0%  med=+155.6%  realized=$+293.00
  b792|lab0792_s399_w1_0928_1005_r1  n=  4  avg=+100.0%  med=+140.0%  realized=$+80.00
  b793|lab0793_s399_w1_0928_1005_r2  n= 11  avg=+34.3%  med=+57.9%  realized=$+127.00
  b794|lab0794_s399_w2_1005_1045_r1  n= 11  avg=+74.8%  med=-17.2%  realized=$-78.00
  b795|lab0795_s399_w2_1005_1045_r2  n= 13  avg=+43.5%  med=-51.7%  realized=$-61.00
  b796|lab0796_s399_w3_1045_1120_r1  n=  3  avg=+266.6%  med=-74.0%  realized=$-5.00
  b797|lab0797_s399_w3_1045_1120_r2  n= 15  avg=+23.0%  med=-52.8%  realized=$-146.00
  b798|lab0798_s399_w4_1120_1135_r1  n=  5  avg=+12.3%  med=-53.1%  realized=$+61.00
  b799|lab0799_s399_w4_1120_1135_r2  n=  8  avg=+26.4%  med=+53.3%  realized=$+49.00
  b79|g079_eod_tp30_sl20  n=  1  avg=+34.2%  med=+34.2%  realized=$+27.40
  b79|lab0079_s209_w4_1120_1135_r2  n=  1  avg=-94.6%  med=-94.6%  realized=$-53.00
  b7|c007_s174_w4_1120_1135_r1  n=  5  avg=-7.5%  med=-1.4%  realized=$-58.00
  b800|lab0800_s404_w1_0928_1005_r1  n=  6  avg=+23.0%  med=+38.6%  realized=$+65.00
  b801|lab0801_s404_w1_0928_1005_r2  n=  6  avg=+1.7%  med=+31.6%  realized=$+24.00
  b802|lab0802_s404_w2_1005_1045_r1  n= 12  avg=+30.0%  med=+60.9%  realized=$+236.00
  b803|lab0803_s404_w2_1005_1045_r2  n= 10  avg=+55.7%  med=+58.9%  realized=$+347.00
  b804|lab0804_s404_w3_1045_1120_r1  n=  7  avg=+14.7%  med=+68.5%  realized=$+107.00
  b805|lab0805_s404_w3_1045_1120_r2  n=  8  avg=-7.4%  med=+57.5%  realized=$+11.00
  b806|lab0806_s404_w4_1120_1135_r1  n=  4  avg=+64.7%  med=+91.5%  realized=$+160.00
  b807|lab0807_s404_w4_1120_1135_r2  n=  5  avg=+54.4%  med=+53.2%  realized=$+168.00
  b80|c080_s168_w1_0928_1005_r3  n=  8  avg=+3.6%  med=-11.1%  realized=$-45.00
  b80|c080_s173_w1_0928_1005_r5  n= 45  avg=+52.6%  med=+59.1%  realized=$+503.00
  b80|g080_lim_tp30_sl30  n=  1  avg=+36.5%  med=+36.5%  realized=$+23.73
  b80|lab0080_s210_w1_0928_1005_r1  n= 12  avg=+12.9%  med=-8.5%  realized=$+57.00
  b81|c081_s168_w2_1005_1045_r3  n=  5  avg=-26.9%  med=-33.8%  realized=$-83.00
  b81|c081_s173_w2_1005_1045_r5  n= 20  avg=-39.1%  med=-38.4%  realized=$-559.00
  b81|g081_mid_tp30_sl30  n=  1  avg=+36.5%  med=+36.5%  realized=$+23.73
  b81|lab0081_s210_w1_0928_1005_r2  n= 12  avg=+8.1%  med=+46.7%  realized=$+47.00
  b828|lab0828_s406_w1_0928_1005_r1  n=  4  avg=-15.8%  med=+10.0%  realized=$+1.00
  b829|lab0829_s406_w1_0928_1005_r2  n=  3  avg=-11.0%  med=-50.0%  realized=$-13.00
  b82|c082_s168_w3_1045_1120_r3  n=  5  avg=-1.6%  med=-40.0%  realized=$-2.00
  b82|c082_s173_w3_1045_1120_r5  n=  9  avg=-10.7%  med=-12.5%  realized=$-48.00
  b82|g082_eod_tp30_sl30  n=  1  avg=+55.6%  med=+55.6%  realized=$+36.11
  b82|lab0082_s210_w2_1005_1045_r1  n= 12  avg=-16.7%  med=-6.2%  realized=$-70.00
  b830|lab0830_s406_w2_1005_1045_r1  n= 13  avg=+66.4%  med=+61.3%  realized=$+59.00
  b831|lab0831_s406_w2_1005_1045_r2  n= 16  avg=+70.3%  med=+81.8%  realized=$+127.00
  b832|lab0832_s406_w3_1045_1120_r1  n= 15  avg=+305.6%  med=+55.3%  realized=$+1,461.00
  b833|lab0833_s406_w3_1045_1120_r2  n= 18  avg=+284.9%  med=+73.1%  realized=$+1,443.00
  b834|lab0834_s406_w4_1120_1135_r1  n=  7  avg=+407.3%  med=+105.3%  realized=$+135.00
  b835|lab0835_s406_w4_1120_1135_r2  n=  7  avg=+174.8%  med=+66.7%  realized=$+195.00
  b83|c083_s168_w4_1120_1135_r3  n=  8  avg=+84.0%  med=+62.9%  realized=$+429.00
  b83|c083_s173_w4_1120_1135_r5  n= 20  avg=-20.6%  med=-68.2%  realized=$-271.00
  b83|g083_lim_tp30_sl30  n=  1  avg=+30.1%  med=+30.1%  realized=$+24.11
  b83|lab0083_s210_w2_1005_1045_r2  n=  7  avg=+9.9%  med=+7.0%  realized=$+14.00
  b84|g084_mid_tp30_sl30  n=  1  avg=+30.1%  med=+30.1%  realized=$+24.11
  b84|lab0084_s210_w3_1045_1120_r1  n= 12  avg=-45.0%  med=-64.4%  realized=$-240.00
  b856|lab0856_s408_w1_0928_1005_r1  n=  3  avg=-28.1%  med=-58.7%  realized=$-32.00
  b857|lab0857_s408_w1_0928_1005_r2  n=  4  avg=-23.5%  med=-33.3%  realized=$-37.00
  b858|lab0858_s408_w2_1005_1045_r1  n=  6  avg=+26.6%  med=-52.6%  realized=$-1.00
  b859|lab0859_s408_w2_1005_1045_r2  n=  8  avg=-31.0%  med=-42.9%  realized=$-36.00
  b85|c085_s174_w2_1005_1045_r5  n=  7  avg=-9.4%  med=-32.7%  realized=$-42.00
  b85|g085_eod_tp30_sl30  n=  1  avg=+34.2%  med=+34.2%  realized=$+27.40
  b85|lab0085_s210_w3_1045_1120_r2  n= 15  avg=+56.9%  med=-44.4%  realized=$+25.00
  b860|lab0860_s408_w3_1045_1120_r1  n=  9  avg=+484.2%  med=+33.3%  realized=$+807.00
  b861|lab0861_s408_w3_1045_1120_r2  n= 12  avg=+218.5%  med=+100.0%  realized=$+471.00
  b862|lab0862_s408_w4_1120_1135_r1  n=  6  avg=-4.0%  med=+60.0%  realized=$-55.00
  b863|lab0863_s408_w4_1120_1135_r2  n=  9  avg=+1.7%  med=+0.0%  realized=$-12.00
  b86|c086_s174_w3_1045_1120_r5  n=  4  avg=+26.1%  med=+39.7%  realized=$+64.00
  b86|g086_lim_tp30_sl30  n=  1  avg=+30.1%  med=+30.1%  realized=$+24.11
  b86|lab0086_s210_w4_1120_1135_r1  n=  6  avg=+31.1%  med=+16.7%  realized=$+67.00
  b87|c087_s174_w4_1120_1135_r5  n=  4  avg=-23.5%  med=+37.5%  realized=$-114.00
  b87|g087_mid_tp30_sl30  n=  1  avg=+30.1%  med=+30.1%  realized=$+24.11
  b87|lab0087_s210_w4_1120_1135_r2  n=  8  avg=-0.2%  med=+19.4%  realized=$-21.00
  b884|lab0884_s410_w1_0928_1005_r1  n=  2  avg=+80.6%  med=+83.3%  realized=$+106.00
  b885|lab0885_s410_w1_0928_1005_r2  n=  3  avg=+72.8%  med=+65.3%  realized=$+145.00
  b886|lab0886_s410_w2_1005_1045_r1  n=  1  avg=+101.5%  med=+101.5%  realized=$+68.00
  b887|lab0887_s410_w2_1005_1045_r2  n=  1  avg=-48.4%  med=-48.4%  realized=$-31.00
  b888|lab0888_s410_w3_1045_1120_r1  n=  1  avg=-78.1%  med=-78.1%  realized=$-57.00
  b889|lab0889_s410_w3_1045_1120_r2  n=  1  avg=-68.5%  med=-68.5%  realized=$-50.00
  b88|c088_s165_w1_0928_1005_r5  n= 21  avg=-5.0%  med=-2.7%  realized=$-63.00
  b88|c088_s167_w1_0928_1005_r4  n=  4  avg=-12.7%  med=+30.9%  realized=$-28.00
  b88|g088_eod_tp30_sl30  n=  2  avg=+36.0%  med=+37.7%  realized=$+65.09
  b898|lab0898_s411_w1_0928_1005_r1  n=  2  avg=-54.5%  med=-51.4%  realized=$-79.00
  b899|lab0899_s411_w1_0928_1005_r2  n=  2  avg=-48.9%  med=-48.6%  realized=$-69.00
  b89|c089_s165_w2_1005_1045_r5  n=  7  avg=+113.1%  med=+30.9%  realized=$+67.00
  b89|c089_s167_w2_1005_1045_r4  n=  2  avg=-16.2%  med=+30.9%  realized=$-22.00
  b89|g089_lim_tp30_sl30  n=  1  avg=+30.1%  med=+30.1%  realized=$+24.11
  b8|c008_s165_w1_0928_1005_r1  n= 23  avg=-19.6%  med=-35.3%  realized=$-250.00
  b900|lab0900_s411_w2_1005_1045_r1  n= 11  avg=-2.4%  med=+7.7%  realized=$+1.00
  b901|lab0901_s411_w2_1005_1045_r2  n=  9  avg=+9.0%  med=+23.9%  realized=$+49.00
  b902|lab0902_s411_w3_1045_1120_r1  n=  7  avg=-0.6%  med=+8.1%  realized=$-13.00
  b903|lab0903_s411_w3_1045_1120_r2  n=  9  avg=+8.0%  med=+10.4%  realized=$+28.00
  b904|lab0904_s411_w4_1120_1135_r1  n=  2  avg=-52.8%  med=-52.2%  realized=$-60.00
  b905|lab0905_s411_w4_1120_1135_r2  n=  4  avg=-11.7%  med=+13.1%  realized=$-17.00
  b90|c090_s165_w3_1045_1120_r5  n= 13  avg=+7.7%  med=+0.0%  realized=$+47.00
  b90|c090_s167_w3_1045_1120_r4  n=  4  avg=-41.6%  med=-18.9%  realized=$-123.00
  b90|g090_mid_tp30_sl30  n=  1  avg=+30.1%  med=+30.1%  realized=$+24.11
  b90|live_1to1           n= 18  avg=+11.6%  med=-10.0%  realized=$+84.00
  b912|lab0912_s412_w1_0928_1005_r1  n=  6  avg=+75.0%  med=+66.7%  realized=$+27.00
  b913|lab0913_s412_w1_0928_1005_r2  n=  6  avg=+69.9%  med=+66.7%  realized=$+23.00
  b914|lab0914_s412_w2_1005_1045_r1  n=  7  avg=+91.8%  med=+68.2%  realized=$+168.00
  b915|lab0915_s412_w2_1005_1045_r2  n=  7  avg=+80.5%  med=+43.2%  realized=$+133.00
  b916|lab0916_s412_w3_1045_1120_r1  n= 14  avg=+1.8%  med=-10.7%  realized=$+8.00
  b917|lab0917_s412_w3_1045_1120_r2  n=  7  avg=+106.9%  med=-3.6%  realized=$-8.00
  b918|lab0918_s412_w4_1120_1135_r1  n=  4  avg=-45.8%  med=-38.1%  realized=$-94.00
  b919|lab0919_s412_w4_1120_1135_r2  n=  5  avg=+33.9%  med=-2.2%  realized=$+8.00
  b91|c091_s165_w4_1120_1135_r5  n=  2  avg=+222.0%  med=+247.0%  realized=$+293.00
  b91|g091_eod_tp30_sl30  n=  2  avg=+19.8%  med=+55.6%  realized=$+25.00
  b92|g092_lim_tp30_sl40  n=  2  avg=+53.6%  med=+70.8%  realized=$+94.51
  b93|g093_mid_tp30_sl40  n=  2  avg=+53.6%  med=+70.8%  realized=$+94.51
  b94|g094_eod_tp30_sl40  n=  2  avg=+46.6%  med=+55.6%  realized=$+73.80
  b94|lab0094_s211_w1_0928_1005_r1  n=  8  avg=-4.1%  med=-5.7%  realized=$-34.00
  b95|g095_lim_tp30_sl40  n=  2  avg=+50.5%  med=+70.8%  realized=$+94.89
  b95|lab0095_s211_w1_0928_1005_r2  n=  9  avg=-27.7%  med=-42.1%  realized=$-143.00
  b96|g096_mid_tp30_sl40  n=  2  avg=+50.5%  med=+70.8%  realized=$+94.89
  b96|lab0096_s211_w2_1005_1045_r1  n=  6  avg=-44.0%  med=-38.1%  realized=$-83.00
  b97|g097_eod_tp30_sl40  n=  2  avg=+36.0%  med=+37.7%  realized=$+65.09
  b97|lab0097_s211_w2_1005_1045_r2  n=  7  avg=-54.0%  med=-46.1%  realized=$-125.00
  b98|g098_lim_tp30_sl40  n=  2  avg=+50.5%  med=+70.8%  realized=$+94.89
  b98|lab0098_s211_w3_1045_1120_r1  n=  7  avg=+190.8%  med=-48.7%  realized=$-61.00
  b99|g099_mid_tp30_sl40  n=  2  avg=+50.5%  med=+70.8%  realized=$+94.89
  b99|lab0099_s211_w3_1045_1120_r2  n=  8  avg=+84.6%  med=+107.7%  realized=$+149.00
  b9|c009_s165_w2_1005_1045_r1  n=  7  avg=-74.4%  med=-66.2%  realized=$-301.00
========================================================
+========================================================================+
|[OPTIONS BOT DAILY VITALS (MATRIX EXPERIMENT)]                          |
+========================================================================+
|-- ACCOUNT STATUS (after_hours) --                                      |
|Equity       : $997,429.89                                              |
|Open Risk    : 50 lots (15 broker pos)                                  |
|Today's Run  : 0 signals -> 0 orders submitted                          |
|                                                                        |
|-- SYSTEM HEALTH --                                                     |
|Zombies      : 0 (Ledger is clean)                                      |
|Lab Status   : 50 Active Lots | 0 Pending Orders                        |
|Auto-Matrix  : (Pending EOD report generation)                          |
+========================================================================+
+========================================================================+
|[DATA QUALITY: CLEAN vs ERRORS vs KEEP-ONLY]                            |
+========================================================================+
|  CLEAN              n=1367  win= 49.2%  med= -12.5%  $+17,587          |
|  TAINTED            n=1882  win= 33.3%  med= -38.9%  $-9,546           |
|  KEEP-only          n=751   win= 61.9%  med= +51.4%  $+12,368          |
|  KEEP recent        n=557   win= 60.1%  med= +53.6%  $+8,146           |
|  KEEP(25): S163,S167,S168,S173,S174,S210,S218,S350...                  |
|  KILL(18): ORPHAN,S164,S202,S203,S207,S211,S212,S216...                |
+========================================================================+
+========================================================================+
|[+++ OVERPERFORMING STRATEGIES (n>=10)]                                 |
+========================================================================+
|  BKT  PROFILE                   WIN%   MED%   TOTAL TRADES             |
|  ---------------------------------------------------------             |
|  b238 lab0238_s401_w3_1045..  83%  +107.1%    18                       |
|  b276 lab0276_s350_w1_0928..  70%  +102.9%    10                       |
|  b861 lab0861_s408_w3_1045..  67%  +83.3%    12                        |
|  b365 lab0365_s361_w2_1005..  92%  +82.8%    12                        |
+========================================================================+
|[--- UNDERPERFORMING STRATEGIES (n>=10)]                                |
+========================================================================+
|  BKT  PROFILE                   WIN%   MED%   TOTAL TRADES             |
|  ---------------------------------------------------------             |
|  b47  lab0047_s205_w4_1120..   4%  -78.0%    28                        |
|  b307 lab0307_s354_w2_1005..  30%  -69.9%    10                        |
|  b1   lab0001_s200_w1_0928..   0%  -65.8%    10                        |
|  b41  lab0041_s205_w1_0928..  12%  -65.3%    16                        |
+========================================================================+
+========================================================================+
|[OPEN OPTIONS (15)]                                                     |
+========================================================================+
|  SYMBOL                      QTY    RET%        OPEN P&L               |
|  ---------------------------------------------------------             |
|  MDT260925C00094000            4    -82.6%   $   -228.00               |
|  NFLX260925C00075000          14    +44.2%   $   +206.00               |
|  NFLX260925C00074000           7    +57.3%   $   +204.00               |
|  MARA260925C00011500          -1  -1125.0%   $   -180.00               |
|  MARA260925C00012500           3    +95.3%   $   +142.00               |
|  MARA260925C00012000          -1   -386.2%   $   -112.00               |
|  CELH260925C00029000           2    -58.5%   $    -62.00               |
|  BAC260925C00058000            7    -11.9%   $    -56.00               |
|  ... 7 more position(s)                                                |
+========================================================================+
Full detail: logs/options_trial/runs/2026-09-22.log
elapsed=1.5s reconcile=0.51s

=== 09:21:22 ET — after hours (exit summary) [elapsed=1.3s reconcile=0.45s] ===
=== options_morning_bot (PAPER) 2026-09-22T09:21:22.684980-04:00 ===

[Run context]
After hours (09:21 ET) — exit summary only.
Paper auth OK — equity $997446.89, account PA33P8KT02IL
  reconcile: layout changed controlled:100:c000_s173_w1_0928_1005_r1 -> controlled:1164:live_1to1+variations

[Exit summary]
========================================================
OPTIONS EXIT SUMMARY — 2026-09-22
========================================================
Account equity: $997,446.89
Open broker positions: 15  unrealized $-77.00

No closed trades today.
========================================================

[Portfolio snapshot]
========================================================
OPTIONS TRIAL STATS
========================================================
Account equity: $997,446.89
Active buckets: 1164 of 1164 profiles ($500 virtual each) — paper unlimited mode

P&L summary
  Reflected (ex-S203,S207,S212,S360,S405,S407): $+12,903.88 all-time  |  $+0.00 today
  Raw (incl dropped):     $+8,040.88 all-time  |  $+0.00 today
  Open (not sold yet): $+215.00 unrealized (virtual lots)
                       $-77.00 unrealized (broker total)
  Premium deployed:    $2,387.00 in open positions
  Combined P&L:        $+13,118.88 (reflected realized + open virtual)

Ledger (master)
  Total events:     14465
  Today entries:    0
  Today exits (reflected): 0
  All-time exits (reflected): 2946  wins 42%
  Avg return/trade: +31.5%  median -30.4%

Open virtual lots (by bucket)
  b0 lab0000_s200_w1_0928_1005_r1  prem=$   294  real=$ +0.00  open=$ +0.00  lots=4  [ORPHAN:BACx3, ORPHAN:NFLXx1, ORPHAN:CELHx1, ORPHAN:AXPx1]
       buy: ask-0.01  sell: bid-0.01  tp=+50% sl=-50%
  b16 lab0016_s202_w1_0928_1005_r1  prem=$    32  real=$-47.00  open=$+14.15  lots=1  [S202:NFLXx1]
       buy: ask-0.01  sell: bid-0.01  tp=+50% sl=-50%
  b17 lab0017_s202_w1_0928_1005_r2  prem=$    32  real=$-56.00  open=$+14.15  lots=1  [S202:NFLXx1]
       buy: ask-0.01  sell: bid-0.01  tp=+50% sl=-50%
  b18 lab0018_s202_w2_1005_1045_r1  prem=$     0  real=$-29.00  open=$ +0.00  lots=0  [-]
       buy: ask-0.01  sell: bid-0.01  tp=+50% sl=-50%
  b19 lab0019_s202_w2_1005_1045_r2  prem=$     0  real=$-43.00  open=$ +0.00  lots=0  [-]
       buy: ask-0.01  sell: bid-0.01  tp=+50% sl=-50%
  b20 lab0020_s202_w3_1045_1120_r1  prem=$     0  real=$ -6.00  open=$ +0.00  lots=0  [-]
       buy: ask-0.01  sell: bid-0.01  tp=+50% sl=-50%
  b21 lab0021_s202_w3_1045_1120_r2  prem=$     0  real=$-24.00  open=$ +0.00  lots=0  [-]
       buy: ask-0.01  sell: bid-0.01  tp=+50% sl=-50%
  b73 lab0073_s209_w1_0928_1005_r2  prem=$     0  real=$-11.00  open=$ +0.00  lots=0  [-]
       buy: ask-0.01  sell: bid-0.01  tp=+50% sl=-50%
  b74 lab0074_s209_w2_1005_1045_r1  prem=$     0  real=$-39.00  open=$ +0.00  lots=0  [-]
       buy: ask-0.01  sell: bid-0.01  tp=+50% sl=-50%
  b75 lab0075_s209_w2_1005_1045_r2  prem=$     0  real=$-68.00  open=$ +0.00  lots=0  [-]
       buy: ask-0.01  sell: bid-0.01  tp=+50% sl=-50%
  b77 lab0077_s209_w3_1045_1120_r2  prem=$     0  real=$-39.00  open=$ +0.00  lots=0  [-]
       buy: ask-0.01  sell: bid-0.01  tp=+50% sl=-50%
  b79 lab0079_s209_w4_1120_1135_r2  prem=$     0  real=$-53.00  open=$ +0.00  lots=0  [-]
       buy: ask-0.01  sell: bid-0.01  tp=+50% sl=-50%
  b80 lab0080_s210_w1_0928_1005_r1  prem=$     0  real=$+57.00  open=$ +0.00  lots=0  [-]
       buy: ask-0.01  sell: bid-0.01  tp=+50% sl=-50%
  b81 lab0081_s210_w1_0928_1005_r2  prem=$     0  real=$+47.00  open=$ +0.00  lots=0  [-]
       buy: ask-0.01  sell: bid-0.01  tp=+50% sl=-50%
  b82 lab0082_s210_w2_1005_1045_r1  prem=$     0  real=$-70.00  open=$ +0.00  lots=0  [-]
       buy: ask-0.01  sell: bid-0.01  tp=+50% sl=-50%
  b83 lab0083_s210_w2_1005_1045_r2  prem=$     0  real=$+14.00  open=$ +0.00  lots=0  [-]
       buy: ask-0.01  sell: bid-0.01  tp=+50% sl=-50%
  b84 lab0084_s210_w3_1045_1120_r1  prem=$     0  real=$-240.00  open=$ +0.00  lots=0  [-]
       buy: ask-0.01  sell: bid-0.01  tp=+50% sl=-50%
  b85 lab0085_s210_w3_1045_1120_r2  prem=$     0  real=$+25.00  open=$ +0.00  lots=0  [-]
       buy: ask-0.01  sell: bid-0.01  tp=+50% sl=-50%
  b86 lab0086_s210_w4_1120_1135_r1  prem=$     0  real=$+67.00  open=$ +0.00  lots=0  [-]
       buy: ask-0.01  sell: bid-0.01  tp=+50% sl=-50%
  b87 lab0087_s210_w4_1120_1135_r2  prem=$     0  real=$-21.00  open=$ +0.00  lots=0  [-]
       buy: ask-0.01  sell: bid-0.01  tp=+50% sl=-50%
  (291 more active bucket(s) omitted)
  (853 quiet bucket profile(s) — no trades yet)

Alpaca option positions
  AXP260925C00325000  qty=2  cost=$76.00  return=-13.2%  open P&L=$-10.00
  BAC260925C00058000  qty=7  cost=$469.00  return=-11.9%  open P&L=$-56.00
  BAC260925C00059000  qty=2  cost=$80.00  return=-42.5%  open P&L=$-34.00
  CELH260925C00029000  qty=2  cost=$106.00  return=-58.5%  open P&L=$-62.00
  CELH260925C00029500  qty=2  cost=$70.00  return=-62.9%  open P&L=$-44.00
  MARA260925C00011500  qty=-1  cost=$16.00  return=-1125.0%  open P&L=$-180.00
  MARA260925C00012000  qty=-1  cost=$29.00  return=-386.2%  open P&L=$-112.00
  MARA260925C00012500  qty=3  cost=$149.00  return=+95.3%  open P&L=$+142.00
  MDT260925C00094000  qty=4  cost=$276.00  return=-82.6%  open P&L=$-228.00
  NFLX260925C00074000  qty=7  cost=$356.00  return=+57.3%  open P&L=$+204.00
  NFLX260925C00075000  qty=14  cost=$466.00  return=+44.2%  open P&L=$+206.00
  NFLX260925C00076000  qty=4  cost=$80.00  return=+40.0%  open P&L=$+32.00
  NFLX261002C00076000  qty=2  cost=$110.00  return=+30.9%  open P&L=$+34.00
  NFLX261002C00077000  qty=1  cost=$41.00  return=+22.0%  open P&L=$+9.00
  NFLX261009C00078000  qty=2  cost=$108.00  return=+20.4%  open P&L=$+22.00

Per-bucket exit stats (all time)
  b0|c000_s173_w1_0928_1005_r1  n= 22  avg=+24.8%  med=+34.9%  realized=$+283.00
  b0|orphan_reconcile     n=397  avg=+3.7%  med=-50.3%  realized=$+433.21
  b100|lab0100_s211_w4_1120_1135_r1  n=  1  avg=+73.6%  med=+73.6%  realized=$+39.00
  b101|lab0101_s211_w4_1120_1135_r2  n=  2  avg=+652.3%  med=+1385.7%  realized=$+54.00
  b104|c104_s164_w1_0928_1005_r4  n=  1  avg=-88.9%  med=-88.9%  realized=$-8.00
  b1052|lab1052_s165_w1_0928_1005_r1  n=  2  avg=+170.4%  med=+194.7%  realized=$+110.00
  b1053|lab1053_s165_w1_0928_1005_r2  n=  2  avg=+165.7%  med=+189.5%  realized=$+107.00
  b1054|lab1054_s165_w2_1005_1045_r1  n=  1  avg=+93.5%  med=+93.5%  realized=$+58.00
  b1055|lab1055_s165_w2_1005_1045_r2  n=  1  avg=+526.3%  med=+526.3%  realized=$+100.00
  b1057|lab1057_s165_w3_1045_1120_r2  n=  1  avg=-53.3%  med=-53.3%  realized=$-32.00
  b1058|lab1058_s165_w4_1120_1135_r1  n=  1  avg=+390.5%  med=+390.5%  realized=$+82.00
  b1059|lab1059_s165_w4_1120_1135_r2  n=  1  avg=+342.9%  med=+342.9%  realized=$+72.00
  b108|c108_s202_w3_1045_1120_r1  n=  1  avg=-33.3%  med=-33.3%  realized=$-1.00
  b1094|lab1094_s167_w1_0928_1005_r1  n=  3  avg=+75.9%  med=+126.0%  realized=$+73.00
  b1095|lab1095_s167_w1_0928_1005_r2  n=  3  avg=+58.7%  med=+106.0%  realized=$+57.00
  b1096|lab1096_s167_w2_1005_1045_r1  n=  2  avg=+238.1%  med=+531.6%  realized=$+70.00
  b1097|lab1097_s167_w2_1005_1045_r2  n=  2  avg=+227.6%  med=+510.5%  realized=$+66.00
  b109|c109_s202_w3_1045_1120_r2  n=  1  avg=-66.7%  med=-66.7%  realized=$-2.00
  b10|c010_s165_w3_1045_1120_r1  n=  8  avg=-37.2%  med=-18.9%  realized=$-205.00
  b1100|lab1100_s167_w4_1120_1135_r1  n=  1  avg=+328.6%  med=+328.6%  realized=$+69.00
  b1101|lab1101_s167_w4_1120_1135_r2  n=  1  avg=+323.8%  med=+323.8%  realized=$+68.00
  b1108|lab1108_s166_w1_0928_1005_r1  n=  1  avg=+160.9%  med=+160.9%  realized=$+74.00
  b1109|lab1109_s166_w1_0928_1005_r2  n=  1  avg=+77.6%  med=+77.6%  realized=$+45.00
  b1110|lab1110_s166_w2_1005_1045_r1  n=  1  avg=+67.2%  med=+67.2%  realized=$+41.00
  b1111|lab1111_s166_w2_1005_1045_r2  n=  1  avg=+72.9%  med=+72.9%  realized=$+43.00
  b1112|lab1112_s166_w3_1045_1120_r1  n=  1  avg=+273.0%  med=+273.0%  realized=$+101.00
  b1113|lab1113_s166_w3_1045_1120_r2  n=  2  avg=+100.9%  med=+135.1%  realized=$+92.00
  b1115|lab1115_s166_w4_1120_1135_r2  n=  1  avg=+55.6%  med=+55.6%  realized=$+40.00
  b1122|lab1122_s168_w1_0928_1005_r1  n=  3  avg=+72.4%  med=+50.0%  realized=$+46.00
  b1123|lab1123_s168_w1_0928_1005_r2  n=  3  avg=+55.9%  med=+53.3%  realized=$+36.00
  b1124|lab1124_s168_w2_1005_1045_r1  n=  2  avg=+91.2%  med=+248.6%  realized=$+50.00
  b1125|lab1125_s168_w2_1005_1045_r2  n=  2  avg=+75.5%  med=+217.1%  realized=$+39.00
  b1126|lab1126_s168_w3_1045_1120_r1  n=  3  avg=+66.9%  med=+116.2%  realized=$+67.00
  b1127|lab1127_s168_w3_1045_1120_r2  n=  3  avg=+49.1%  med=+102.7%  realized=$+47.00
  b1128|lab1128_s168_w4_1120_1135_r1  n=  2  avg=+120.5%  med=+272.2%  realized=$+83.00
  b1129|lab1129_s168_w4_1120_1135_r2  n=  2  avg=+101.7%  med=+255.6%  realized=$+67.00
  b1136|lab1136_s163_w1_0928_1005_r1  n=  3  avg=-8.7%  med=-51.4%  realized=$+6.00
  b1137|lab1137_s163_w1_0928_1005_r2  n=  3  avg=-19.2%  med=-61.9%  realized=$-7.00
  b1138|lab1138_s163_w2_1005_1045_r1  n=  2  avg=+133.6%  med=+200.0%  realized=$+111.00
  b1139|lab1139_s163_w2_1005_1045_r2  n=  2  avg=+138.1%  med=+205.7%  realized=$+115.00
  b1140|lab1140_s163_w3_1045_1120_r1  n=  4  avg=+34.6%  med=+73.0%  realized=$+59.00
  b1141|lab1141_s163_w3_1045_1120_r2  n=  4  avg=+35.5%  med=+74.6%  realized=$+64.00
  b1142|lab1142_s163_w4_1120_1135_r1  n=  1  avg=-72.9%  med=-72.9%  realized=$-35.00
  b1143|lab1143_s163_w4_1120_1135_r2  n=  2  avg=+27.6%  med=+128.1%  realized=$+6.00
  b1150|lab1150_s164_w1_0928_1005_r1  n=  3  avg=+77.6%  med=+156.0%  realized=$+80.00
  b1151|lab1151_s164_w1_0928_1005_r2  n=  3  avg=+70.4%  med=+124.0%  realized=$+66.00
  b1152|lab1152_s164_w2_1005_1045_r1  n=  2  avg=+216.7%  med=+531.6%  realized=$+46.00
  b1153|lab1153_s164_w2_1005_1045_r2  n=  2  avg=+242.5%  med=+542.1%  realized=$+71.00
  b1154|lab1154_s164_w3_1045_1120_r1  n=  1  avg=-50.0%  med=-50.0%  realized=$-30.00
  b1155|lab1155_s164_w3_1045_1120_r2  n=  1  avg=-48.1%  med=-48.1%  realized=$-25.00
  b1156|lab1156_s164_w4_1120_1135_r1  n=  1  avg=+342.9%  med=+342.9%  realized=$+72.00
  b1157|lab1157_s164_w4_1120_1135_r2  n=  1  avg=+323.8%  med=+323.8%  realized=$+68.00
  b132|c132_s164_w1_0928_1005_r5  n=  2  avg=-65.7%  med=-53.6%  realized=$-37.00
  b135|c135_s164_w4_1120_1135_r5  n=  1  avg=-50.0%  med=-50.0%  realized=$-4.00
  b164|lab0164_s216_w1_0928_1005_r1  n=  7  avg=+7.9%  med=-37.0%  realized=$-37.00
  b165|lab0165_s216_w1_0928_1005_r2  n= 10  avg=+14.1%  med=-37.0%  realized=$+14.00
  b166|lab0166_s216_w2_1005_1045_r1  n=  8  avg=+27.3%  med=-63.4%  realized=$-191.00
  b167|lab0167_s216_w2_1005_1045_r2  n= 11  avg=+3.0%  med=-63.2%  realized=$-191.00
  b168|lab0168_s216_w3_1045_1120_r1  n=  6  avg=-76.4%  med=-72.0%  realized=$-181.00
  b169|lab0169_s216_w3_1045_1120_r2  n=  8  avg=-37.5%  med=-52.3%  realized=$-124.00
  b16|lab0016_s202_w1_0928_1005_r1  n=  2  avg=-51.0%  med=-38.1%  realized=$-47.00
  b170|lab0170_s216_w4_1120_1135_r1  n=  2  avg=-64.0%  med=-63.6%  realized=$-71.00
  b171|lab0171_s216_w4_1120_1135_r2  n=  4  avg=-41.7%  med=-47.5%  realized=$-71.00
  b178|lab0178_s217_w1_0928_1005_r1  n=  2  avg=+85.4%  med=+104.8%  realized=$+97.00
  b179|lab0179_s217_w1_0928_1005_r2  n=  2  avg=+70.8%  med=+90.5%  realized=$+81.00
  b17|lab0017_s202_w1_0928_1005_r2  n=  2  avg=-70.9%  med=-65.6%  realized=$-56.00
  b180|lab0180_s217_w2_1005_1045_r1  n= 15  avg=+86.7%  med=+53.9%  realized=$+362.00
  b181|lab0181_s217_w2_1005_1045_r2  n= 17  avg=+65.8%  med=-46.1%  realized=$+239.00
  b182|lab0182_s217_w3_1045_1120_r1  n=  8  avg=-39.7%  med=-43.8%  realized=$-134.00
  b183|lab0183_s217_w3_1045_1120_r2  n= 12  avg=-34.3%  med=-54.4%  realized=$-153.00
  b184|lab0184_s217_w4_1120_1135_r1  n=  2  avg=-77.5%  med=-77.5%  realized=$-62.00
  b185|lab0185_s217_w4_1120_1135_r2  n=  3  avg=-16.3%  med=-52.2%  realized=$-7.00
  b18|lab0018_s202_w2_1005_1045_r1  n=  1  avg=-74.4%  med=-74.4%  realized=$-29.00
  b192|lab0192_s218_w1_0928_1005_r1  n=  9  avg=+20.6%  med=+50.0%  realized=$+114.00
  b193|lab0193_s218_w1_0928_1005_r2  n= 11  avg=+29.4%  med=+36.4%  realized=$+177.00
  b194|lab0194_s218_w2_1005_1045_r1  n= 19  avg=-7.5%  med=-37.5%  realized=$-118.00
  b195|lab0195_s218_w2_1005_1045_r2  n= 20  avg=+35.9%  med=+58.8%  realized=$+243.00
  b196|lab0196_s218_w3_1045_1120_r1  n=  8  avg=+139.1%  med=+52.2%  realized=$+165.00
  b197|lab0197_s218_w3_1045_1120_r2  n=  8  avg=+140.6%  med=+47.8%  realized=$+283.00
  b198|lab0198_s218_w4_1120_1135_r1  n=  3  avg=+108.5%  med=+108.5%  realized=$+150.00
  b199|lab0199_s218_w4_1120_1135_r2  n=  4  avg=+72.4%  med=+112.8%  realized=$+124.00
  b19|lab0019_s202_w2_1005_1045_r2  n=  2  avg=-51.5%  med=-46.7%  realized=$-43.00
  b1|c001_s173_w2_1005_1045_r1  n= 10  avg=-65.0%  med=-64.9%  realized=$-406.00
  b20|c020_s164_w1_0928_1005_r1  n=  9  avg=-11.2%  med=-14.3%  realized=$-19.00
  b20|c020_s173_w1_0928_1005_r2  n= 21  avg=+1.0%  med=-3.6%  realized=$+6.00
  b20|lab0020_s202_w3_1045_1120_r1  n=  1  avg=-42.9%  med=-42.9%  realized=$-6.00
  b21|c021_s164_w2_1005_1045_r1  n=  8  avg=-61.7%  med=-56.1%  realized=$-308.00
  b21|c021_s173_w2_1005_1045_r2  n= 23  avg=-55.2%  med=-72.1%  realized=$-863.00
  b21|lab0021_s202_w3_1045_1120_r2  n=  2  avg=-53.6%  med=-50.0%  realized=$-24.00
  b222|lab0222_s400_w2_1005_1045_r1  n=  1  avg=-50.0%  med=-50.0%  realized=$-4.00
  b223|lab0223_s400_w2_1005_1045_r2  n=  1  avg=-50.0%  med=-50.0%  realized=$-4.00
  b224|lab0224_s400_w3_1045_1120_r1  n=  1  avg=-66.7%  med=-66.7%  realized=$-10.00
  b225|lab0225_s400_w3_1045_1120_r2  n=  2  avg=-7.3%  med=+52.1%  realized=$+15.00
  b227|lab0227_s400_w4_1120_1135_r2  n=  1  avg=-22.2%  med=-22.2%  realized=$-2.00
  b22|c022_s164_w3_1045_1120_r1  n=  6  avg=-28.3%  med=-55.7%  realized=$-115.00
  b22|c022_s173_w3_1045_1120_r2  n= 11  avg=-35.9%  med=-54.2%  realized=$-224.00
  b234|lab0234_s401_w1_0928_1005_r1  n= 12  avg=+58.7%  med=-36.6%  realized=$-138.00
  b235|lab0235_s401_w1_0928_1005_r2  n= 15  avg=+133.1%  med=-23.7%  realized=$+107.00
  b236|c236_s218_w3_1045_1120_r1  n=  1  avg=-33.3%  med=-33.3%  realized=$-1.00
  b236|lab0236_s401_w2_1005_1045_r1  n= 15  avg=-15.8%  med=-38.1%  realized=$-183.00
  b237|c237_s218_w3_1045_1120_r2  n=  1  avg=-66.7%  med=-66.7%  realized=$-2.00
  b237|lab0237_s401_w2_1005_1045_r2  n= 18  avg=+22.4%  med=+50.0%  realized=$+97.00
  b238|lab0238_s401_w3_1045_1120_r1  n= 18  avg=+171.5%  med=+109.5%  realized=$+1,058.00
  b239|lab0239_s401_w3_1045_1120_r2  n= 16  avg=+113.1%  med=+38.5%  realized=$+313.00
  b23|c023_s164_w4_1120_1135_r1  n=  2  avg=-67.7%  med=-67.7%  realized=$-84.00
  b23|c023_s173_w4_1120_1135_r2  n=  3  avg=-25.0%  med=-61.5%  realized=$-41.00
  b240|lab0240_s401_w4_1120_1135_r1  n= 12  avg=+38.8%  med=+21.1%  realized=$+136.00
  b241|lab0241_s401_w4_1120_1135_r2  n=  9  avg=-22.4%  med=-17.5%  realized=$-118.00
  b25|c025_s168_w2_1005_1045_r1  n=  2  avg=-20.7%  med=-19.6%  realized=$-19.00
  b25|c025_s174_w2_1005_1045_r2  n= 18  avg=-33.0%  med=-21.7%  realized=$-333.00
  b262|lab0262_s403_w1_0928_1005_r1  n=  3  avg=+40.1%  med=+65.4%  realized=$+63.00
  b263|lab0263_s403_w1_0928_1005_r2  n=  9  avg=+58.2%  med=+51.7%  realized=$+221.00
  b264|lab0264_s403_w2_1005_1045_r1  n=  9  avg=+28.1%  med=+46.0%  realized=$+103.00
  b265|lab0265_s403_w2_1005_1045_r2  n= 11  avg=+21.5%  med=+49.0%  realized=$+110.00
  b266|lab0266_s403_w3_1045_1120_r1  n=  5  avg=+46.0%  med=+66.7%  realized=$+75.00
  b267|lab0267_s403_w3_1045_1120_r2  n=  7  avg=+31.2%  med=+57.1%  realized=$+73.00
  b268|lab0268_s403_w4_1120_1135_r1  n=  4  avg=+158.4%  med=+320.0%  realized=$+152.00
  b269|lab0269_s403_w4_1120_1135_r2  n=  7  avg=+96.9%  med=+57.6%  realized=$+211.00
  b26|c026_s174_w3_1045_1120_r2  n=  1  avg=-53.1%  med=-53.1%  realized=$-26.00
  b276|lab0276_s350_w1_0928_1005_r1  n= 10  avg=+61.5%  med=+102.9%  realized=$+227.00
  b277|lab0277_s350_w1_0928_1005_r2  n=  8  avg=+94.3%  med=+157.9%  realized=$+266.00
  b278|lab0278_s350_w2_1005_1045_r1  n= 13  avg=+37.3%  med=+0.0%  realized=$+58.00
  b279|lab0279_s350_w2_1005_1045_r2  n= 14  avg=+56.2%  med=-28.3%  realized=$+163.00
  b280|lab0280_s351_w1_0928_1005_r1  n=  9  avg=+122.7%  med=+171.9%  realized=$+322.00
  b281|lab0281_s351_w1_0928_1005_r2  n=  9  avg=+103.1%  med=+110.5%  realized=$+347.00
  b282|lab0282_s351_w2_1005_1045_r1  n= 11  avg=-7.6%  med=-61.9%  realized=$-114.00
  b283|lab0283_s351_w2_1005_1045_r2  n= 12  avg=-5.4%  med=-50.0%  realized=$-97.00
  b284|lab0284_s351_w3_1045_1120_r1  n=  3  avg=-54.1%  med=-52.2%  realized=$-59.00
  b285|lab0285_s351_w3_1045_1120_r2  n=  5  avg=+55.0%  med=-33.3%  realized=$+4.00
  b286|lab0286_s351_w4_1120_1135_r1  n=  6  avg=-14.7%  med=-75.5%  realized=$-99.00
  b287|lab0287_s351_w4_1120_1135_r2  n=  9  avg=-16.6%  med=-48.7%  realized=$-108.00
  b288|lab0288_s352_w1_0928_1005_r1  n=  5  avg=+107.9%  med=+100.0%  realized=$+85.00
  b289|lab0289_s352_w1_0928_1005_r2  n=  5  avg=+80.9%  med=+93.8%  realized=$+67.00
  b28|c028_s165_w1_0928_1005_r2  n= 17  avg=+49.5%  med=+80.0%  realized=$+448.00
  b28|c028_s173_w1_0928_1005_r2  n=  5  avg=+51.6%  med=+80.0%  realized=$+142.00
  b290|lab0290_s352_w2_1005_1045_r1  n=  7  avg=+62.6%  med=-17.6%  realized=$+73.00
  b291|lab0291_s352_w2_1005_1045_r2  n=  8  avg=+75.9%  med=-48.2%  realized=$+116.00
  b292|lab0292_s352_w3_1045_1120_r1  n=  8  avg=+50.1%  med=+13.0%  realized=$-6.00
  b293|lab0293_s352_w3_1045_1120_r2  n=  9  avg=+67.7%  med=+39.1%  realized=$+46.00
  b294|lab0294_s352_w4_1120_1135_r1  n=  4  avg=+17.7%  med=-71.4%  realized=$-72.00
  b295|lab0295_s352_w4_1120_1135_r2  n=  4  avg=+18.9%  med=-75.0%  realized=$-72.00
  b296|lab0296_s353_w1_0928_1005_r1  n=  5  avg=+110.2%  med=+123.7%  realized=$+118.00
  b297|lab0297_s353_w1_0928_1005_r2  n=  5  avg=+81.5%  med=+79.0%  realized=$+83.00
  b298|lab0298_s353_w2_1005_1045_r1  n= 11  avg=+11.2%  med=-34.7%  realized=$-53.00
  b299|lab0299_s353_w2_1005_1045_r2  n=  7  avg=-32.4%  med=-72.7%  realized=$-142.00
  b29|c029_s165_w2_1005_1045_r2  n=  9  avg=-23.3%  med=-50.0%  realized=$-221.00
  b29|c029_s173_w2_1005_1045_r2  n=  2  avg=-69.3%  med=-48.5%  realized=$-78.00
  b2|c002_s173_w3_1045_1120_r1  n= 15  avg=+67.7%  med=+32.8%  realized=$+707.00
  b300|lab0300_s353_w3_1045_1120_r1  n=  3  avg=+184.9%  med=-94.1%  realized=$-44.00
  b301|lab0301_s353_w3_1045_1120_r2  n=  1  avg=+942.9%  med=+942.9%  realized=$+66.00
  b302|lab0302_s353_w4_1120_1135_r1  n=  2  avg=+214.9%  med=+333.3%  realized=$+98.00
  b303|lab0303_s353_w4_1120_1135_r2  n=  3  avg=+158.5%  med=+93.1%  realized=$+121.00
  b304|lab0304_s354_w1_0928_1005_r1  n=  5  avg=+19.8%  med=+24.0%  realized=$+47.00
  b305|lab0305_s354_w1_0928_1005_r2  n=  5  avg=+2.5%  med=-51.6%  realized=$+2.00
  b306|lab0306_s354_w2_1005_1045_r1  n=  9  avg=-17.2%  med=-70.6%  realized=$-108.00
  b307|lab0307_s354_w2_1005_1045_r2  n= 10  avg=-18.9%  med=-68.6%  realized=$-50.00
  b308|lab0308_s354_w3_1045_1120_r1  n=  9  avg=+3.0%  med=-50.8%  realized=$-4.00
  b309|lab0309_s354_w3_1045_1120_r2  n=  9  avg=-5.5%  med=-52.3%  realized=$-49.00
  b30|c030_s165_w3_1045_1120_r2  n=  9  avg=+38.8%  med=+0.0%  realized=$+260.00
  b30|c030_s173_w3_1045_1120_r2  n=  2  avg=-9.5%  med=+0.0%  realized=$-14.00
  b310|lab0310_s354_w4_1120_1135_r1  n=  5  avg=+12.6%  med=-33.3%  realized=$+74.00
  b311|lab0311_s354_w4_1120_1135_r2  n=  5  avg=+32.1%  med=-72.9%  realized=$+107.00
  b312|lab0312_s355_w1_0928_1005_r1  n=  8  avg=-25.6%  med=-53.5%  realized=$-95.00
  b313|lab0313_s355_w1_0928_1005_r2  n=  7  avg=-6.9%  med=-48.8%  realized=$-31.00
  b314|lab0314_s355_w2_1005_1045_r1  n= 12  avg=-7.9%  med=-63.4%  realized=$-59.00
  b315|lab0315_s355_w2_1005_1045_r2  n= 13  avg=-10.4%  med=-41.3%  realized=$-69.00
  b316|lab0316_s355_w3_1045_1120_r1  n=  5  avg=+6.7%  med=-50.0%  realized=$+33.00
  b317|lab0317_s355_w3_1045_1120_r2  n= 10  avg=+70.5%  med=+57.1%  realized=$+320.00
  b318|lab0318_s355_w4_1120_1135_r1  n=  6  avg=+57.7%  med=+84.6%  realized=$+119.00
  b319|lab0319_s355_w4_1120_1135_r2  n=  6  avg=+60.7%  med=+59.4%  realized=$+133.00
  b31|c031_s165_w4_1120_1135_r2  n=  2  avg=+145.5%  med=+175.8%  realized=$+192.00
  b320|lab0320_s356_w1_0928_1005_r1  n=  4  avg=+18.8%  med=+37.9%  realized=$+34.00
  b321|lab0321_s356_w1_0928_1005_r2  n=  4  avg=+28.1%  med=+58.6%  realized=$+56.00
  b322|lab0322_s356_w2_1005_1045_r1  n=  3  avg=-12.4%  med=-21.6%  realized=$-21.00
  b323|lab0323_s356_w2_1005_1045_r2  n=  3  avg=-9.0%  med=-18.9%  realized=$-16.00
  b324|lab0324_s356_w3_1045_1120_r1  n=  4  avg=-5.4%  med=-25.0%  realized=$-12.00
  b325|lab0325_s356_w3_1045_1120_r2  n=  4  avg=-1.7%  med=-19.4%  realized=$-6.00
  b326|lab0326_s356_w4_1120_1135_r1  n=  2  avg=+76.1%  med=+100.0%  realized=$+68.00
  b327|lab0327_s356_w4_1120_1135_r2  n=  3  avg=+19.3%  med=+52.0%  realized=$+20.00
  b328|lab0328_s357_w1_0928_1005_r1  n=  3  avg=+3.8%  med=+47.1%  realized=$+7.00
  b329|lab0329_s357_w1_0928_1005_r2  n=  3  avg=+3.8%  med=+47.1%  realized=$+7.00
  b330|lab0330_s357_w2_1005_1045_r1  n=  2  avg=+34.9%  med=+131.4%  realized=$+27.00
  b331|lab0331_s357_w2_1005_1045_r2  n=  3  avg=-10.7%  med=-56.9%  realized=$-19.00
  b332|lab0332_s357_w3_1045_1120_r1  n=  5  avg=+66.7%  med=+73.7%  realized=$+190.00
  b333|lab0333_s357_w3_1045_1120_r2  n=  6  avg=+66.3%  med=+71.9%  realized=$+228.00
  b334|lab0334_s357_w4_1120_1135_r1  n=  1  avg=+81.2%  med=+81.2%  realized=$+39.00
  b335|lab0335_s357_w4_1120_1135_r2  n=  2  avg=+54.6%  med=+57.1%  realized=$+53.00
  b340|lab0340_s358_w3_1045_1120_r1  n=  1  avg=-51.4%  med=-51.4%  realized=$-37.00
  b341|lab0341_s358_w3_1045_1120_r2  n=  1  avg=-51.4%  med=-51.4%  realized=$-37.00
  b342|lab0342_s358_w4_1120_1135_r1  n=  1  avg=+53.1%  med=+53.1%  realized=$+26.00
  b343|lab0343_s358_w4_1120_1135_r2  n=  1  avg=+55.1%  med=+55.1%  realized=$+27.00
  b344|lab0344_s359_w1_0928_1005_r1  n=  5  avg=+37.9%  med=+46.7%  realized=$-33.00
  b345|lab0345_s359_w1_0928_1005_r2  n=  7  avg=+22.2%  med=-50.0%  realized=$-14.00
  b346|lab0346_s359_w2_1005_1045_r1  n= 12  avg=+62.3%  med=-46.7%  realized=$-60.00
  b347|lab0347_s359_w2_1005_1045_r2  n= 11  avg=+69.0%  med=-44.4%  realized=$-16.00
  b362|lab0362_s361_w1_0928_1005_r1  n=  6  avg=-13.8%  med=-30.4%  realized=$-71.00
  b363|lab0363_s361_w1_0928_1005_r2  n=  7  avg=-12.8%  med=-30.4%  realized=$-76.00
  b364|lab0364_s361_w2_1005_1045_r1  n=  9  avg=+126.2%  med=+81.8%  realized=$+88.00
  b365|lab0365_s361_w2_1005_1045_r2  n= 12  avg=+173.8%  med=+82.8%  realized=$+310.00
  b366|lab0366_s361_w3_1045_1120_r1  n=  3  avg=+351.3%  med=+61.1%  realized=$+59.00
  b367|lab0367_s361_w3_1045_1120_r2  n= 11  avg=+67.9%  med=-50.0%  realized=$-90.00
  b368|lab0368_s361_w4_1120_1135_r1  n=  3  avg=+103.8%  med=+71.4%  realized=$+37.00
  b369|lab0369_s361_w4_1120_1135_r2  n=  4  avg=+110.2%  med=+100.0%  realized=$+60.00
  b376|lab0376_s362_w1_0928_1005_r1  n=  8  avg=+1.2%  med=+8.7%  realized=$-21.00
  b377|lab0377_s362_w1_0928_1005_r2  n=  9  avg=+10.8%  med=+13.0%  realized=$+10.00
  b378|lab0378_s362_w2_1005_1045_r1  n=  5  avg=+239.7%  med=+70.6%  realized=$+163.00
  b379|lab0379_s362_w2_1005_1045_r2  n=  9  avg=+132.5%  med=+60.5%  realized=$+219.00
  b380|lab0380_s362_w3_1045_1120_r1  n=  7  avg=+183.1%  med=+103.3%  realized=$+226.00
  b381|lab0381_s362_w3_1045_1120_r2  n=  7  avg=+182.6%  med=+108.3%  realized=$+245.00
  b382|lab0382_s362_w4_1120_1135_r1  n=  3  avg=+463.7%  med=+323.8%  realized=$+376.00
  b383|lab0383_s362_w4_1120_1135_r2  n=  3  avg=+490.7%  med=+309.5%  realized=$+402.00
  b390|lab0390_s363_w1_0928_1005_r1  n=  3  avg=-13.7%  med=-49.1%  realized=$-60.00
  b391|lab0391_s363_w1_0928_1005_r2  n=  2  avg=+26.2%  med=+103.2%  realized=$+4.00
  b392|lab0392_s363_w2_1005_1045_r1  n=  8  avg=-41.2%  med=-65.4%  realized=$-222.00
  b393|lab0393_s363_w2_1005_1045_r2  n=  8  avg=-39.0%  med=-53.9%  realized=$-210.00
  b394|lab0394_s363_w3_1045_1120_r1  n=  5  avg=-46.4%  med=-81.0%  realized=$-150.00
  b395|lab0395_s363_w3_1045_1120_r2  n=  5  avg=-44.5%  med=-82.5%  realized=$-149.00
  b396|lab0396_s363_w4_1120_1135_r1  n=  2  avg=-15.1%  med=+44.7%  realized=$-19.00
  b397|lab0397_s363_w4_1120_1135_r2  n=  5  avg=-33.2%  med=-77.1%  realized=$-75.00
  b3|c003_s173_w4_1120_1135_r1  n= 17  avg=+131.0%  med=-50.0%  realized=$+1,311.00
  b404|lab0404_s364_w1_0928_1005_r1  n=  4  avg=-15.3%  med=-2.9%  realized=$-61.00
  b405|lab0405_s364_w1_0928_1005_r2  n=  5  avg=-6.0%  med=-5.9%  realized=$-44.00
  b406|lab0406_s364_w2_1005_1045_r1  n= 10  avg=-17.6%  med=-44.2%  realized=$-159.00
  b407|lab0407_s364_w2_1005_1045_r2  n= 11  avg=-12.3%  med=-42.3%  realized=$-90.00
  b408|lab0408_s364_w3_1045_1120_r1  n=  8  avg=+2.4%  med=+66.7%  realized=$-41.00
  b409|lab0409_s364_w3_1045_1120_r2  n= 10  avg=+0.0%  med=+53.1%  realized=$-54.00
  b40|c040_s166_w1_0928_1005_r2  n=  6  avg=-37.2%  med=-12.7%  realized=$-142.00
  b40|c040_s173_w1_0928_1005_r3  n= 23  avg=+12.9%  med=-15.4%  realized=$-90.00
  b410|lab0410_s364_w4_1120_1135_r1  n=  7  avg=+72.6%  med=+39.5%  realized=$+171.00
  b411|lab0411_s364_w4_1120_1135_r2  n=  4  avg=+137.5%  med=+188.9%  realized=$+189.00
  b418|lab0418_s365_w1_0928_1005_r1  n=  3  avg=+20.9%  med=+67.3%  realized=$+24.00
  b419|lab0419_s365_w1_0928_1005_r2  n=  4  avg=+17.6%  med=+56.1%  realized=$+28.00
  b41|c041_s166_w2_1005_1045_r2  n=  3  avg=-62.0%  med=-61.4%  realized=$-106.00
  b41|c041_s173_w2_1005_1045_r3  n= 13  avg=-48.5%  med=-66.7%  realized=$-452.00
  b420|lab0420_s365_w2_1005_1045_r1  n=  2  avg=+2.8%  med=+54.0%  realized=$-2.00
  b421|lab0421_s365_w2_1005_1045_r2  n=  3  avg=-21.3%  med=-48.3%  realized=$-40.00
  b422|lab0422_s365_w3_1045_1120_r1  n=  3  avg=+33.1%  med=+63.6%  realized=$+25.00
  b423|lab0423_s365_w3_1045_1120_r2  n=  3  avg=+28.9%  med=+63.6%  realized=$+20.00
  b424|lab0424_s365_w4_1120_1135_r1  n=  5  avg=-10.7%  med=+0.0%  realized=$-24.00
  b425|lab0425_s365_w4_1120_1135_r2  n=  3  avg=+109.8%  med=+54.8%  realized=$+124.00
  b42|c042_s166_w3_1045_1120_r2  n=  6  avg=+115.7%  med=+21.4%  realized=$+489.00
  b42|c042_s173_w3_1045_1120_r3  n= 13  avg=+31.1%  med=-8.3%  realized=$+262.00
  b432|lab0432_s366_w1_0928_1005_r1  n=  1  avg=-56.9%  med=-56.9%  realized=$-37.00
  b433|lab0433_s366_w1_0928_1005_r2  n=  1  avg=-56.9%  med=-56.9%  realized=$-37.00
  b434|lab0434_s366_w2_1005_1045_r1  n=  2  avg=+19.6%  med=+96.1%  realized=$+12.00
  b435|lab0435_s366_w2_1005_1045_r2  n=  3  avg=+20.7%  med=+49.0%  realized=$+23.00
  b436|lab0436_s366_w3_1045_1120_r1  n=  1  avg=-51.7%  med=-51.7%  realized=$-30.00
  b437|lab0437_s366_w3_1045_1120_r2  n=  1  avg=-53.5%  med=-53.5%  realized=$-31.00
  b438|lab0438_s366_w4_1120_1135_r1  n=  2  avg=+22.6%  med=+94.3%  realized=$+22.00
  b439|lab0439_s366_w4_1120_1135_r2  n=  2  avg=+26.4%  med=+101.9%  realized=$+26.00
  b43|c043_s166_w4_1120_1135_r2  n=  7  avg=+62.0%  med=+41.9%  realized=$+281.00
  b43|c043_s173_w4_1120_1135_r3  n=  8  avg=+58.7%  med=+53.2%  realized=$+241.00
  b449|lab0449_s367_w2_1005_1045_r2  n=  1  avg=-48.9%  med=-48.9%  realized=$-22.00
  b450|lab0450_s367_w3_1045_1120_r1  n=  1  avg=-51.4%  med=-51.4%  realized=$-37.00
  b451|lab0451_s367_w3_1045_1120_r2  n=  1  avg=-25.0%  med=-25.0%  realized=$-18.00
  b46|c046_s174_w3_1045_1120_r3  n=  3  avg=-89.7%  med=-89.7%  realized=$-156.00
  b47|c047_s163_w4_1120_1135_r2  n=  3  avg=-79.7%  med=-78.0%  realized=$-141.00
  b47|c047_s174_w4_1120_1135_r3  n= 25  avg=-73.4%  med=-78.0%  realized=$-1,155.00
  b48|c048_s164_w1_0928_1005_r2  n=  5  avg=-33.1%  med=-49.1%  realized=$-91.00
  b48|c048_s165_w1_0928_1005_r3  n= 16  avg=-35.9%  med=-49.1%  realized=$-344.00
  b49|c049_s164_w2_1005_1045_r2  n=  4  avg=-51.8%  med=-44.0%  realized=$-133.00
  b49|c049_s165_w2_1005_1045_r3  n= 15  avg=-49.3%  med=-49.1%  realized=$-458.00
  b50|c050_s164_w3_1045_1120_r2  n=  4  avg=-39.6%  med=-16.7%  realized=$-115.00
  b50|c050_s165_w3_1045_1120_r3  n=  9  avg=-23.6%  med=-23.1%  realized=$-142.00
  b51|c051_s165_w4_1120_1135_r3  n=  1  avg=+263.6%  med=+263.6%  realized=$+174.00
  b56|g056_lim_tp20_sl65  n=  1  avg=+47.7%  med=+47.7%  realized=$+20.52
  b57|g057_mid_tp20_sl65  n=  1  avg=+47.7%  med=+47.7%  realized=$+20.52
  b58|g058_eod_tp20_sl65  n=  1  avg=+59.1%  med=+59.1%  realized=$+25.41
  b60|c060_s167_w1_0928_1005_r3  n=  3  avg=-55.8%  med=-62.8%  realized=$-98.00
  b60|c060_s173_w1_0928_1005_r4  n= 13  avg=-5.1%  med=-13.6%  realized=$-99.00
  b61|c061_s167_w2_1005_1045_r3  n=  5  avg=-54.6%  med=-50.9%  realized=$-160.00
  b61|c061_s173_w2_1005_1045_r4  n=  8  avg=-37.3%  med=-50.0%  realized=$-208.00
  b62|c062_s167_w3_1045_1120_r3  n=  8  avg=-51.8%  med=-64.2%  realized=$-286.00
  b62|c062_s173_w3_1045_1120_r4  n= 20  avg=+182.8%  med=-58.3%  realized=$-183.00
  b63|c063_s167_w4_1120_1135_r3  n=  2  avg=-54.8%  med=-54.8%  realized=$-68.00
  b63|c063_s173_w4_1120_1135_r4  n=  1  avg=-46.1%  med=-46.1%  realized=$-24.00
  b63|g063_mid_tp20_sl65  n=  1  avg=+23.3%  med=+23.3%  realized=$+18.63
  b64|c064_s174_w1_0928_1005_r4  n=  3  avg=-93.3%  med=-93.3%  realized=$-168.00
  b64|g064_eod_tp20_sl65  n=  1  avg=+34.2%  med=+34.2%  realized=$+27.40
  b65|c065_s174_w2_1005_1045_r4  n=  8  avg=-45.7%  med=-45.2%  realized=$-238.00
  b65|g065_lim_tp20_sl65  n=  1  avg=+23.3%  med=+23.3%  realized=$+18.63
  b66|c066_s174_w3_1045_1120_r4  n=  1  avg=-52.5%  med=-52.5%  realized=$-31.00
  b66|g066_mid_tp20_sl65  n=  1  avg=+23.3%  med=+23.3%  realized=$+18.63
  b67|c067_s174_w4_1120_1135_r4  n=  1  avg=-45.8%  med=-45.8%  realized=$-27.00
  b67|g067_eod_tp20_sl65  n=  1  avg=+34.2%  med=+34.2%  realized=$+27.40
  b68|c068_s165_w1_0928_1005_r4  n= 16  avg=-51.3%  med=-49.1%  realized=$-446.00
  b68|c068_s166_w1_0928_1005_r3  n=  4  avg=-52.7%  med=-49.1%  realized=$-116.00
  b69|c069_s165_w2_1005_1045_r4  n= 11  avg=+19.0%  med=-43.6%  realized=$-179.00
  b69|c069_s166_w2_1005_1045_r3  n=  4  avg=+10.1%  med=-40.0%  realized=$-87.00
  b70|c070_s165_w3_1045_1120_r4  n= 11  avg=-2.1%  med=-16.9%  realized=$-6.00
  b70|c070_s166_w3_1045_1120_r3  n=  4  avg=-42.5%  med=-27.0%  realized=$-124.00
  b70|g070_eod_tp30_sl20  n=  1  avg=+59.1%  med=+59.1%  realized=$+27.77
  b71|g071_lim_tp30_sl20  n=  1  avg=+36.5%  med=+36.5%  realized=$+23.73
  b72|g072_mid_tp30_sl20  n=  1  avg=+36.5%  med=+36.5%  realized=$+23.73
  b73|g073_eod_tp30_sl20  n=  1  avg=+55.6%  med=+55.6%  realized=$+36.11
  b73|lab0073_s209_w1_0928_1005_r2  n=  1  avg=-64.7%  med=-64.7%  realized=$-11.00
  b74|g074_lim_tp30_sl20  n=  1  avg=+36.5%  med=+36.5%  realized=$+23.73
  b74|lab0074_s209_w2_1005_1045_r1  n=  1  avg=-58.2%  med=-58.2%  realized=$-39.00
  b75|g075_mid_tp30_sl20  n=  1  avg=+36.5%  med=+36.5%  realized=$+23.73
  b75|lab0075_s209_w2_1005_1045_r2  n=  2  avg=-50.8%  med=-50.8%  realized=$-68.00
  b768|lab0768_s396_w1_0928_1005_r1  n=  2  avg=+89.0%  med=+93.1%  realized=$+118.00
  b769|lab0769_s396_w1_0928_1005_r2  n=  2  avg=+106.2%  med=+116.7%  realized=$+139.00
  b76|c076_s164_w1_0928_1005_r3  n=  1  avg=-50.0%  med=-50.0%  realized=$-2.00
  b76|g076_eod_tp30_sl20  n=  1  avg=+34.2%  med=+34.2%  realized=$+27.40
  b771|lab0771_s396_w2_1005_1045_r2  n=  1  avg=-82.2%  med=-82.2%  realized=$-60.00
  b775|lab0775_s396_w4_1120_1135_r2  n=  1  avg=+74.6%  med=+74.6%  realized=$+44.00
  b776|lab0776_s397_w1_0928_1005_r1  n=  3  avg=-38.5%  med=-64.9%  realized=$-74.00
  b777|lab0777_s397_w1_0928_1005_r2  n=  6  avg=+22.9%  med=+38.6%  realized=$+72.00
  b778|lab0778_s397_w2_1005_1045_r1  n=  8  avg=+67.0%  med=+73.0%  realized=$+342.00
  b779|lab0779_s397_w2_1005_1045_r2  n=  7  avg=+64.7%  med=+61.9%  realized=$+306.00
  b77|g077_lim_tp30_sl20  n=  1  avg=-23.3%  med=-23.3%  realized=$-18.63
  b77|lab0077_s209_w3_1045_1120_r2  n=  1  avg=-70.9%  med=-70.9%  realized=$-39.00
  b780|lab0780_s397_w3_1045_1120_r1  n=  3  avg=+43.8%  med=+74.3%  realized=$+81.00
  b781|lab0781_s397_w3_1045_1120_r2  n=  6  avg=+24.3%  med=+71.8%  realized=$+136.00
  b782|lab0782_s397_w4_1120_1135_r1  n=  1  avg=-54.0%  med=-54.0%  realized=$-34.00
  b783|lab0783_s397_w4_1120_1135_r2  n=  3  avg=+66.9%  med=+105.1%  realized=$+123.00
  b784|lab0784_s398_w1_0928_1005_r1  n=  5  avg=+37.3%  med=+49.0%  realized=$+70.00
  b785|lab0785_s398_w1_0928_1005_r2  n=  6  avg=+9.2%  med=+49.0%  realized=$+37.00
  b786|lab0786_s398_w2_1005_1045_r1  n= 10  avg=+1.1%  med=+3.3%  realized=$-27.00
  b787|lab0787_s398_w2_1005_1045_r2  n=  5  avg=+36.0%  med=+61.3%  realized=$+57.00
  b788|lab0788_s398_w3_1045_1120_r1  n= 10  avg=+3.6%  med=-18.4%  realized=$+31.00
  b789|lab0789_s398_w3_1045_1120_r2  n=  9  avg=-11.4%  med=-54.3%  realized=$-10.00
  b78|g078_mid_tp30_sl20  n=  1  avg=-23.3%  med=-23.3%  realized=$-18.63
  b790|lab0790_s398_w4_1120_1135_r1  n=  5  avg=+179.6%  med=+140.3%  realized=$+338.00
  b791|lab0791_s398_w4_1120_1135_r2  n=  7  avg=+124.0%  med=+155.6%  realized=$+293.00
  b792|lab0792_s399_w1_0928_1005_r1  n=  4  avg=+100.0%  med=+140.0%  realized=$+80.00
  b793|lab0793_s399_w1_0928_1005_r2  n= 11  avg=+34.3%  med=+57.9%  realized=$+127.00
  b794|lab0794_s399_w2_1005_1045_r1  n= 11  avg=+74.8%  med=-17.2%  realized=$-78.00
  b795|lab0795_s399_w2_1005_1045_r2  n= 13  avg=+43.5%  med=-51.7%  realized=$-61.00
  b796|lab0796_s399_w3_1045_1120_r1  n=  3  avg=+266.6%  med=-74.0%  realized=$-5.00
  b797|lab0797_s399_w3_1045_1120_r2  n= 15  avg=+23.0%  med=-52.8%  realized=$-146.00
  b798|lab0798_s399_w4_1120_1135_r1  n=  5  avg=+12.3%  med=-53.1%  realized=$+61.00
  b799|lab0799_s399_w4_1120_1135_r2  n=  8  avg=+26.4%  med=+53.3%  realized=$+49.00
  b79|g079_eod_tp30_sl20  n=  1  avg=+34.2%  med=+34.2%  realized=$+27.40
  b79|lab0079_s209_w4_1120_1135_r2  n=  1  avg=-94.6%  med=-94.6%  realized=$-53.00
  b7|c007_s174_w4_1120_1135_r1  n=  5  avg=-7.5%  med=-1.4%  realized=$-58.00
  b800|lab0800_s404_w1_0928_1005_r1  n=  6  avg=+23.0%  med=+38.6%  realized=$+65.00
  b801|lab0801_s404_w1_0928_1005_r2  n=  6  avg=+1.7%  med=+31.6%  realized=$+24.00
  b802|lab0802_s404_w2_1005_1045_r1  n= 12  avg=+30.0%  med=+60.9%  realized=$+236.00
  b803|lab0803_s404_w2_1005_1045_r2  n= 10  avg=+55.7%  med=+58.9%  realized=$+347.00
  b804|lab0804_s404_w3_1045_1120_r1  n=  7  avg=+14.7%  med=+68.5%  realized=$+107.00
  b805|lab0805_s404_w3_1045_1120_r2  n=  8  avg=-7.4%  med=+57.5%  realized=$+11.00
  b806|lab0806_s404_w4_1120_1135_r1  n=  4  avg=+64.7%  med=+91.5%  realized=$+160.00
  b807|lab0807_s404_w4_1120_1135_r2  n=  5  avg=+54.4%  med=+53.2%  realized=$+168.00
  b80|c080_s168_w1_0928_1005_r3  n=  8  avg=+3.6%  med=-11.1%  realized=$-45.00
  b80|c080_s173_w1_0928_1005_r5  n= 45  avg=+52.6%  med=+59.1%  realized=$+503.00
  b80|g080_lim_tp30_sl30  n=  1  avg=+36.5%  med=+36.5%  realized=$+23.73
  b80|lab0080_s210_w1_0928_1005_r1  n= 12  avg=+12.9%  med=-8.5%  realized=$+57.00
  b81|c081_s168_w2_1005_1045_r3  n=  5  avg=-26.9%  med=-33.8%  realized=$-83.00
  b81|c081_s173_w2_1005_1045_r5  n= 20  avg=-39.1%  med=-38.4%  realized=$-559.00
  b81|g081_mid_tp30_sl30  n=  1  avg=+36.5%  med=+36.5%  realized=$+23.73
  b81|lab0081_s210_w1_0928_1005_r2  n= 12  avg=+8.1%  med=+46.7%  realized=$+47.00
  b828|lab0828_s406_w1_0928_1005_r1  n=  4  avg=-15.8%  med=+10.0%  realized=$+1.00
  b829|lab0829_s406_w1_0928_1005_r2  n=  3  avg=-11.0%  med=-50.0%  realized=$-13.00
  b82|c082_s168_w3_1045_1120_r3  n=  5  avg=-1.6%  med=-40.0%  realized=$-2.00
  b82|c082_s173_w3_1045_1120_r5  n=  9  avg=-10.7%  med=-12.5%  realized=$-48.00
  b82|g082_eod_tp30_sl30  n=  1  avg=+55.6%  med=+55.6%  realized=$+36.11
  b82|lab0082_s210_w2_1005_1045_r1  n= 12  avg=-16.7%  med=-6.2%  realized=$-70.00
  b830|lab0830_s406_w2_1005_1045_r1  n= 13  avg=+66.4%  med=+61.3%  realized=$+59.00
  b831|lab0831_s406_w2_1005_1045_r2  n= 16  avg=+70.3%  med=+81.8%  realized=$+127.00
  b832|lab0832_s406_w3_1045_1120_r1  n= 15  avg=+305.6%  med=+55.3%  realized=$+1,461.00
  b833|lab0833_s406_w3_1045_1120_r2  n= 18  avg=+284.9%  med=+73.1%  realized=$+1,443.00
  b834|lab0834_s406_w4_1120_1135_r1  n=  7  avg=+407.3%  med=+105.3%  realized=$+135.00
  b835|lab0835_s406_w4_1120_1135_r2  n=  7  avg=+174.8%  med=+66.7%  realized=$+195.00
  b83|c083_s168_w4_1120_1135_r3  n=  8  avg=+84.0%  med=+62.9%  realized=$+429.00
  b83|c083_s173_w4_1120_1135_r5  n= 20  avg=-20.6%  med=-68.2%  realized=$-271.00
  b83|g083_lim_tp30_sl30  n=  1  avg=+30.1%  med=+30.1%  realized=$+24.11
  b83|lab0083_s210_w2_1005_1045_r2  n=  7  avg=+9.9%  med=+7.0%  realized=$+14.00
  b84|g084_mid_tp30_sl30  n=  1  avg=+30.1%  med=+30.1%  realized=$+24.11
  b84|lab0084_s210_w3_1045_1120_r1  n= 12  avg=-45.0%  med=-64.4%  realized=$-240.00
  b856|lab0856_s408_w1_0928_1005_r1  n=  3  avg=-28.1%  med=-58.7%  realized=$-32.00
  b857|lab0857_s408_w1_0928_1005_r2  n=  4  avg=-23.5%  med=-33.3%  realized=$-37.00
  b858|lab0858_s408_w2_1005_1045_r1  n=  6  avg=+26.6%  med=-52.6%  realized=$-1.00
  b859|lab0859_s408_w2_1005_1045_r2  n=  8  avg=-31.0%  med=-42.9%  realized=$-36.00
  b85|c085_s174_w2_1005_1045_r5  n=  7  avg=-9.4%  med=-32.7%  realized=$-42.00
  b85|g085_eod_tp30_sl30  n=  1  avg=+34.2%  med=+34.2%  realized=$+27.40
  b85|lab0085_s210_w3_1045_1120_r2  n= 15  avg=+56.9%  med=-44.4%  realized=$+25.00
  b860|lab0860_s408_w3_1045_1120_r1  n=  9  avg=+484.2%  med=+33.3%  realized=$+807.00
  b861|lab0861_s408_w3_1045_1120_r2  n= 12  avg=+218.5%  med=+100.0%  realized=$+471.00
  b862|lab0862_s408_w4_1120_1135_r1  n=  6  avg=-4.0%  med=+60.0%  realized=$-55.00
  b863|lab0863_s408_w4_1120_1135_r2  n=  9  avg=+1.7%  med=+0.0%  realized=$-12.00
  b86|c086_s174_w3_1045_1120_r5  n=  4  avg=+26.1%  med=+39.7%  realized=$+64.00
  b86|g086_lim_tp30_sl30  n=  1  avg=+30.1%  med=+30.1%  realized=$+24.11
  b86|lab0086_s210_w4_1120_1135_r1  n=  6  avg=+31.1%  med=+16.7%  realized=$+67.00
  b87|c087_s174_w4_1120_1135_r5  n=  4  avg=-23.5%  med=+37.5%  realized=$-114.00
  b87|g087_mid_tp30_sl30  n=  1  avg=+30.1%  med=+30.1%  realized=$+24.11
  b87|lab0087_s210_w4_1120_1135_r2  n=  8  avg=-0.2%  med=+19.4%  realized=$-21.00
  b884|lab0884_s410_w1_0928_1005_r1  n=  2  avg=+80.6%  med=+83.3%  realized=$+106.00
  b885|lab0885_s410_w1_0928_1005_r2  n=  3  avg=+72.8%  med=+65.3%  realized=$+145.00
  b886|lab0886_s410_w2_1005_1045_r1  n=  1  avg=+101.5%  med=+101.5%  realized=$+68.00
  b887|lab0887_s410_w2_1005_1045_r2  n=  1  avg=-48.4%  med=-48.4%  realized=$-31.00
  b888|lab0888_s410_w3_1045_1120_r1  n=  1  avg=-78.1%  med=-78.1%  realized=$-57.00
  b889|lab0889_s410_w3_1045_1120_r2  n=  1  avg=-68.5%  med=-68.5%  realized=$-50.00
  b88|c088_s165_w1_0928_1005_r5  n= 21  avg=-5.0%  med=-2.7%  realized=$-63.00
  b88|c088_s167_w1_0928_1005_r4  n=  4  avg=-12.7%  med=+30.9%  realized=$-28.00
  b88|g088_eod_tp30_sl30  n=  2  avg=+36.0%  med=+37.7%  realized=$+65.09
  b898|lab0898_s411_w1_0928_1005_r1  n=  2  avg=-54.5%  med=-51.4%  realized=$-79.00
  b899|lab0899_s411_w1_0928_1005_r2  n=  2  avg=-48.9%  med=-48.6%  realized=$-69.00
  b89|c089_s165_w2_1005_1045_r5  n=  7  avg=+113.1%  med=+30.9%  realized=$+67.00
  b89|c089_s167_w2_1005_1045_r4  n=  2  avg=-16.2%  med=+30.9%  realized=$-22.00
  b89|g089_lim_tp30_sl30  n=  1  avg=+30.1%  med=+30.1%  realized=$+24.11
  b8|c008_s165_w1_0928_1005_r1  n= 23  avg=-19.6%  med=-35.3%  realized=$-250.00
  b900|lab0900_s411_w2_1005_1045_r1  n= 11  avg=-2.4%  med=+7.7%  realized=$+1.00
  b901|lab0901_s411_w2_1005_1045_r2  n=  9  avg=+9.0%  med=+23.9%  realized=$+49.00
  b902|lab0902_s411_w3_1045_1120_r1  n=  7  avg=-0.6%  med=+8.1%  realized=$-13.00
  b903|lab0903_s411_w3_1045_1120_r2  n=  9  avg=+8.0%  med=+10.4%  realized=$+28.00
  b904|lab0904_s411_w4_1120_1135_r1  n=  2  avg=-52.8%  med=-52.2%  realized=$-60.00
  b905|lab0905_s411_w4_1120_1135_r2  n=  4  avg=-11.7%  med=+13.1%  realized=$-17.00
  b90|c090_s165_w3_1045_1120_r5  n= 13  avg=+7.7%  med=+0.0%  realized=$+47.00
  b90|c090_s167_w3_1045_1120_r4  n=  4  avg=-41.6%  med=-18.9%  realized=$-123.00
  b90|g090_mid_tp30_sl30  n=  1  avg=+30.1%  med=+30.1%  realized=$+24.11
  b90|live_1to1           n= 18  avg=+11.6%  med=-10.0%  realized=$+84.00
  b912|lab0912_s412_w1_0928_1005_r1  n=  6  avg=+75.0%  med=+66.7%  realized=$+27.00
  b913|lab0913_s412_w1_0928_1005_r2  n=  6  avg=+69.9%  med=+66.7%  realized=$+23.00
  b914|lab0914_s412_w2_1005_1045_r1  n=  7  avg=+91.8%  med=+68.2%  realized=$+168.00
  b915|lab0915_s412_w2_1005_1045_r2  n=  7  avg=+80.5%  med=+43.2%  realized=$+133.00
  b916|lab0916_s412_w3_1045_1120_r1  n= 14  avg=+1.8%  med=-10.7%  realized=$+8.00
  b917|lab0917_s412_w3_1045_1120_r2  n=  7  avg=+106.9%  med=-3.6%  realized=$-8.00
  b918|lab0918_s412_w4_1120_1135_r1  n=  4  avg=-45.8%  med=-38.1%  realized=$-94.00
  b919|lab0919_s412_w4_1120_1135_r2  n=  5  avg=+33.9%  med=-2.2%  realized=$+8.00
  b91|c091_s165_w4_1120_1135_r5  n=  2  avg=+222.0%  med=+247.0%  realized=$+293.00
  b91|g091_eod_tp30_sl30  n=  2  avg=+19.8%  med=+55.6%  realized=$+25.00
  b92|g092_lim_tp30_sl40  n=  2  avg=+53.6%  med=+70.8%  realized=$+94.51
  b93|g093_mid_tp30_sl40  n=  2  avg=+53.6%  med=+70.8%  realized=$+94.51
  b94|g094_eod_tp30_sl40  n=  2  avg=+46.6%  med=+55.6%  realized=$+73.80
  b94|lab0094_s211_w1_0928_1005_r1  n=  8  avg=-4.1%  med=-5.7%  realized=$-34.00
  b95|g095_lim_tp30_sl40  n=  2  avg=+50.5%  med=+70.8%  realized=$+94.89
  b95|lab0095_s211_w1_0928_1005_r2  n=  9  avg=-27.7%  med=-42.1%  realized=$-143.00
  b96|g096_mid_tp30_sl40  n=  2  avg=+50.5%  med=+70.8%  realized=$+94.89
  b96|lab0096_s211_w2_1005_1045_r1  n=  6  avg=-44.0%  med=-38.1%  realized=$-83.00
  b97|g097_eod_tp30_sl40  n=  2  avg=+36.0%  med=+37.7%  realized=$+65.09
  b97|lab0097_s211_w2_1005_1045_r2  n=  7  avg=-54.0%  med=-46.1%  realized=$-125.00
  b98|g098_lim_tp30_sl40  n=  2  avg=+50.5%  med=+70.8%  realized=$+94.89
  b98|lab0098_s211_w3_1045_1120_r1  n=  7  avg=+190.8%  med=-48.7%  realized=$-61.00
  b99|g099_mid_tp30_sl40  n=  2  avg=+50.5%  med=+70.8%  realized=$+94.89
  b99|lab0099_s211_w3_1045_1120_r2  n=  8  avg=+84.6%  med=+107.7%  realized=$+149.00
  b9|c009_s165_w2_1005_1045_r1  n=  7  avg=-74.4%  med=-66.2%  realized=$-301.00
========================================================
+========================================================================+
|[OPTIONS BOT DAILY VITALS (MATRIX EXPERIMENT)]                          |
+========================================================================+
|-- ACCOUNT STATUS (after_hours) --                                      |
|Equity       : $997,446.89                                              |
|Open Risk    : 50 lots (15 broker pos)                                  |
|Today's Run  : 0 signals -> 0 orders submitted                          |
|                                                                        |
|-- SYSTEM HEALTH --                                                     |
|Zombies      : 0 (Ledger is clean)                                      |
|Lab Status   : 50 Active Lots | 0 Pending Orders                        |
|Auto-Matrix  : (Pending EOD report generation)                          |
+========================================================================+
+========================================================================+
|[DATA QUALITY: CLEAN vs ERRORS vs KEEP-ONLY]                            |
+========================================================================+
|  CLEAN              n=1367  win= 49.2%  med= -12.5%  $+17,587          |
|  TAINTED            n=1882  win= 33.3%  med= -38.9%  $-9,546           |
|  KEEP-only          n=751   win= 61.9%  med= +51.4%  $+12,368          |
|  KEEP recent        n=557   win= 60.1%  med= +53.6%  $+8,146           |
|  KEEP(25): S163,S167,S168,S173,S174,S210,S218,S350...                  |
|  KILL(18): ORPHAN,S164,S202,S203,S207,S211,S212,S216...                |
+========================================================================+
+========================================================================+
|[+++ OVERPERFORMING STRATEGIES (n>=10)]                                 |
+========================================================================+
|  BKT  PROFILE                   WIN%   MED%   TOTAL TRADES             |
|  ---------------------------------------------------------             |
|  b238 lab0238_s401_w3_1045..  83%  +107.1%    18                       |
|  b276 lab0276_s350_w1_0928..  70%  +102.9%    10                       |
|  b861 lab0861_s408_w3_1045..  67%  +83.3%    12                        |
|  b365 lab0365_s361_w2_1005..  92%  +82.8%    12                        |
+========================================================================+
|[--- UNDERPERFORMING STRATEGIES (n>=10)]                                |
+========================================================================+
|  BKT  PROFILE                   WIN%   MED%   TOTAL TRADES             |
|  ---------------------------------------------------------             |
|  b47  lab0047_s205_w4_1120..   4%  -78.0%    28                        |
|  b307 lab0307_s354_w2_1005..  30%  -69.9%    10                        |
|  b1   lab0001_s200_w1_0928..   0%  -65.8%    10                        |
|  b41  lab0041_s205_w1_0928..  12%  -65.3%    16                        |
+========================================================================+
+========================================================================+
|[OPEN OPTIONS (15)]                                                     |
+========================================================================+
|  SYMBOL                      QTY    RET%        OPEN P&L               |
|  ---------------------------------------------------------             |
|  MDT260925C00094000            4    -82.6%   $   -228.00               |
|  NFLX260925C00075000          14    +44.2%   $   +206.00               |
|  NFLX260925C00074000           7    +57.3%   $   +204.00               |
|  MARA260925C00011500          -1  -1125.0%   $   -180.00               |
|  MARA260925C00012500           3    +95.3%   $   +142.00               |
|  MARA260925C00012000          -1   -386.2%   $   -112.00               |
|  CELH260925C00029000           2    -58.5%   $    -62.00               |
|  BAC260925C00058000            7    -11.9%   $    -56.00               |
|  ... 7 more position(s)                                                |
+========================================================================+
Full detail: logs/options_trial/runs/2026-09-22.log
elapsed=1.3s reconcile=0.45s

=== 09:26:16 ET — after hours (exit summary) [elapsed=0.9s reconcile=0.24s] ===
=== options_morning_bot (PAPER) 2026-09-22T09:26:16.263253-04:00 ===

[Run context]
After hours (09:26 ET) — exit summary only.
Paper auth OK — equity $997314.89, account PA33P8KT02IL
  reconcile: layout changed controlled:100:c000_s173_w1_0928_1005_r1 -> controlled:1164:live_1to1+variations

[Exit summary]
========================================================
OPTIONS EXIT SUMMARY — 2026-09-22
========================================================
Account equity: $997,314.89
Open broker positions: 15  unrealized $-77.00

No closed trades today.
========================================================

[Portfolio snapshot]
========================================================
OPTIONS TRIAL STATS
========================================================
Account equity: $997,314.89
Active buckets: 1164 of 1164 profiles ($500 virtual each) — paper unlimited mode

P&L summary
  Reflected (ex-S203,S207,S212,S360,S405,S407): $+12,903.88 all-time  |  $+0.00 today
  Raw (incl dropped):     $+8,040.88 all-time  |  $+0.00 today
  Open (not sold yet): $+215.00 unrealized (virtual lots)
                       $-77.00 unrealized (broker total)
  Premium deployed:    $2,387.00 in open positions
  Combined P&L:        $+13,118.88 (reflected realized + open virtual)

Ledger (master)
  Total events:     14465
  Today entries:    0
  Today exits (reflected): 0
  All-time exits (reflected): 2946  wins 42%
  Avg return/trade: +31.5%  median -30.4%

Open virtual lots (by bucket)
  b0 lab0000_s200_w1_0928_1005_r1  prem=$   294  real=$ +0.00  open=$ +0.00  lots=4  [ORPHAN:BACx3, ORPHAN:NFLXx1, ORPHAN:CELHx1, ORPHAN:AXPx1]
       buy: ask-0.01  sell: bid-0.01  tp=+50% sl=-50%
  b16 lab0016_s202_w1_0928_1005_r1  prem=$    32  real=$-47.00  open=$+14.15  lots=1  [S202:NFLXx1]
       buy: ask-0.01  sell: bid-0.01  tp=+50% sl=-50%
  b17 lab0017_s202_w1_0928_1005_r2  prem=$    32  real=$-56.00  open=$+14.15  lots=1  [S202:NFLXx1]
       buy: ask-0.01  sell: bid-0.01  tp=+50% sl=-50%
  b18 lab0018_s202_w2_1005_1045_r1  prem=$     0  real=$-29.00  open=$ +0.00  lots=0  [-]
       buy: ask-0.01  sell: bid-0.01  tp=+50% sl=-50%
  b19 lab0019_s202_w2_1005_1045_r2  prem=$     0  real=$-43.00  open=$ +0.00  lots=0  [-]
       buy: ask-0.01  sell: bid-0.01  tp=+50% sl=-50%
  b20 lab0020_s202_w3_1045_1120_r1  prem=$     0  real=$ -6.00  open=$ +0.00  lots=0  [-]
       buy: ask-0.01  sell: bid-0.01  tp=+50% sl=-50%
  b21 lab0021_s202_w3_1045_1120_r2  prem=$     0  real=$-24.00  open=$ +0.00  lots=0  [-]
       buy: ask-0.01  sell: bid-0.01  tp=+50% sl=-50%
  b73 lab0073_s209_w1_0928_1005_r2  prem=$     0  real=$-11.00  open=$ +0.00  lots=0  [-]
       buy: ask-0.01  sell: bid-0.01  tp=+50% sl=-50%
  b74 lab0074_s209_w2_1005_1045_r1  prem=$     0  real=$-39.00  open=$ +0.00  lots=0  [-]
       buy: ask-0.01  sell: bid-0.01  tp=+50% sl=-50%
  b75 lab0075_s209_w2_1005_1045_r2  prem=$     0  real=$-68.00  open=$ +0.00  lots=0  [-]
       buy: ask-0.01  sell: bid-0.01  tp=+50% sl=-50%
  b77 lab0077_s209_w3_1045_1120_r2  prem=$     0  real=$-39.00  open=$ +0.00  lots=0  [-]
       buy: ask-0.01  sell: bid-0.01  tp=+50% sl=-50%
  b79 lab0079_s209_w4_1120_1135_r2  prem=$     0  real=$-53.00  open=$ +0.00  lots=0  [-]
       buy: ask-0.01  sell: bid-0.01  tp=+50% sl=-50%
  b80 lab0080_s210_w1_0928_1005_r1  prem=$     0  real=$+57.00  open=$ +0.00  lots=0  [-]
       buy: ask-0.01  sell: bid-0.01  tp=+50% sl=-50%
  b81 lab0081_s210_w1_0928_1005_r2  prem=$     0  real=$+47.00  open=$ +0.00  lots=0  [-]
       buy: ask-0.01  sell: bid-0.01  tp=+50% sl=-50%
  b82 lab0082_s210_w2_1005_1045_r1  prem=$     0  real=$-70.00  open=$ +0.00  lots=0  [-]
       buy: ask-0.01  sell: bid-0.01  tp=+50% sl=-50%
  b83 lab0083_s210_w2_1005_1045_r2  prem=$     0  real=$+14.00  open=$ +0.00  lots=0  [-]
       buy: ask-0.01  sell: bid-0.01  tp=+50% sl=-50%
  b84 lab0084_s210_w3_1045_1120_r1  prem=$     0  real=$-240.00  open=$ +0.00  lots=0  [-]
       buy: ask-0.01  sell: bid-0.01  tp=+50% sl=-50%
  b85 lab0085_s210_w3_1045_1120_r2  prem=$     0  real=$+25.00  open=$ +0.00  lots=0  [-]
       buy: ask-0.01  sell: bid-0.01  tp=+50% sl=-50%
  b86 lab0086_s210_w4_1120_1135_r1  prem=$     0  real=$+67.00  open=$ +0.00  lots=0  [-]
       buy: ask-0.01  sell: bid-0.01  tp=+50% sl=-50%
  b87 lab0087_s210_w4_1120_1135_r2  prem=$     0  real=$-21.00  open=$ +0.00  lots=0  [-]
       buy: ask-0.01  sell: bid-0.01  tp=+50% sl=-50%
  (291 more active bucket(s) omitted)
  (853 quiet bucket profile(s) — no trades yet)

Alpaca option positions
  AXP260925C00325000  qty=2  cost=$76.00  return=-13.2%  open P&L=$-10.00
  BAC260925C00058000  qty=7  cost=$469.00  return=-11.9%  open P&L=$-56.00
  BAC260925C00059000  qty=2  cost=$80.00  return=-42.5%  open P&L=$-34.00
  CELH260925C00029000  qty=2  cost=$106.00  return=-58.5%  open P&L=$-62.00
  CELH260925C00029500  qty=2  cost=$70.00  return=-62.9%  open P&L=$-44.00
  MARA260925C00011500  qty=-1  cost=$16.00  return=-1125.0%  open P&L=$-180.00
  MARA260925C00012000  qty=-1  cost=$29.00  return=-386.2%  open P&L=$-112.00
  MARA260925C00012500  qty=3  cost=$149.00  return=+95.3%  open P&L=$+142.00
  MDT260925C00094000  qty=4  cost=$276.00  return=-82.6%  open P&L=$-228.00
  NFLX260925C00074000  qty=7  cost=$356.00  return=+57.3%  open P&L=$+204.00
  NFLX260925C00075000  qty=14  cost=$466.00  return=+44.2%  open P&L=$+206.00
  NFLX260925C00076000  qty=4  cost=$80.00  return=+40.0%  open P&L=$+32.00
  NFLX261002C00076000  qty=2  cost=$110.00  return=+30.9%  open P&L=$+34.00
  NFLX261002C00077000  qty=1  cost=$41.00  return=+22.0%  open P&L=$+9.00
  NFLX261009C00078000  qty=2  cost=$108.00  return=+20.4%  open P&L=$+22.00

Per-bucket exit stats (all time)
  b0|c000_s173_w1_0928_1005_r1  n= 22  avg=+24.8%  med=+34.9%  realized=$+283.00
  b0|orphan_reconcile     n=397  avg=+3.7%  med=-50.3%  realized=$+433.21
  b100|lab0100_s211_w4_1120_1135_r1  n=  1  avg=+73.6%  med=+73.6%  realized=$+39.00
  b101|lab0101_s211_w4_1120_1135_r2  n=  2  avg=+652.3%  med=+1385.7%  realized=$+54.00
  b104|c104_s164_w1_0928_1005_r4  n=  1  avg=-88.9%  med=-88.9%  realized=$-8.00
  b1052|lab1052_s165_w1_0928_1005_r1  n=  2  avg=+170.4%  med=+194.7%  realized=$+110.00
  b1053|lab1053_s165_w1_0928_1005_r2  n=  2  avg=+165.7%  med=+189.5%  realized=$+107.00
  b1054|lab1054_s165_w2_1005_1045_r1  n=  1  avg=+93.5%  med=+93.5%  realized=$+58.00
  b1055|lab1055_s165_w2_1005_1045_r2  n=  1  avg=+526.3%  med=+526.3%  realized=$+100.00
  b1057|lab1057_s165_w3_1045_1120_r2  n=  1  avg=-53.3%  med=-53.3%  realized=$-32.00
  b1058|lab1058_s165_w4_1120_1135_r1  n=  1  avg=+390.5%  med=+390.5%  realized=$+82.00
  b1059|lab1059_s165_w4_1120_1135_r2  n=  1  avg=+342.9%  med=+342.9%  realized=$+72.00
  b108|c108_s202_w3_1045_1120_r1  n=  1  avg=-33.3%  med=-33.3%  realized=$-1.00
  b1094|lab1094_s167_w1_0928_1005_r1  n=  3  avg=+75.9%  med=+126.0%  realized=$+73.00
  b1095|lab1095_s167_w1_0928_1005_r2  n=  3  avg=+58.7%  med=+106.0%  realized=$+57.00
  b1096|lab1096_s167_w2_1005_1045_r1  n=  2  avg=+238.1%  med=+531.6%  realized=$+70.00
  b1097|lab1097_s167_w2_1005_1045_r2  n=  2  avg=+227.6%  med=+510.5%  realized=$+66.00
  b109|c109_s202_w3_1045_1120_r2  n=  1  avg=-66.7%  med=-66.7%  realized=$-2.00
  b10|c010_s165_w3_1045_1120_r1  n=  8  avg=-37.2%  med=-18.9%  realized=$-205.00
  b1100|lab1100_s167_w4_1120_1135_r1  n=  1  avg=+328.6%  med=+328.6%  realized=$+69.00
  b1101|lab1101_s167_w4_1120_1135_r2  n=  1  avg=+323.8%  med=+323.8%  realized=$+68.00
  b1108|lab1108_s166_w1_0928_1005_r1  n=  1  avg=+160.9%  med=+160.9%  realized=$+74.00
  b1109|lab1109_s166_w1_0928_1005_r2  n=  1  avg=+77.6%  med=+77.6%  realized=$+45.00
  b1110|lab1110_s166_w2_1005_1045_r1  n=  1  avg=+67.2%  med=+67.2%  realized=$+41.00
  b1111|lab1111_s166_w2_1005_1045_r2  n=  1  avg=+72.9%  med=+72.9%  realized=$+43.00
  b1112|lab1112_s166_w3_1045_1120_r1  n=  1  avg=+273.0%  med=+273.0%  realized=$+101.00
  b1113|lab1113_s166_w3_1045_1120_r2  n=  2  avg=+100.9%  med=+135.1%  realized=$+92.00
  b1115|lab1115_s166_w4_1120_1135_r2  n=  1  avg=+55.6%  med=+55.6%  realized=$+40.00
  b1122|lab1122_s168_w1_0928_1005_r1  n=  3  avg=+72.4%  med=+50.0%  realized=$+46.00
  b1123|lab1123_s168_w1_0928_1005_r2  n=  3  avg=+55.9%  med=+53.3%  realized=$+36.00
  b1124|lab1124_s168_w2_1005_1045_r1  n=  2  avg=+91.2%  med=+248.6%  realized=$+50.00
  b1125|lab1125_s168_w2_1005_1045_r2  n=  2  avg=+75.5%  med=+217.1%  realized=$+39.00
  b1126|lab1126_s168_w3_1045_1120_r1  n=  3  avg=+66.9%  med=+116.2%  realized=$+67.00
  b1127|lab1127_s168_w3_1045_1120_r2  n=  3  avg=+49.1%  med=+102.7%  realized=$+47.00
  b1128|lab1128_s168_w4_1120_1135_r1  n=  2  avg=+120.5%  med=+272.2%  realized=$+83.00
  b1129|lab1129_s168_w4_1120_1135_r2  n=  2  avg=+101.7%  med=+255.6%  realized=$+67.00
  b1136|lab1136_s163_w1_0928_1005_r1  n=  3  avg=-8.7%  med=-51.4%  realized=$+6.00
  b1137|lab1137_s163_w1_0928_1005_r2  n=  3  avg=-19.2%  med=-61.9%  realized=$-7.00
  b1138|lab1138_s163_w2_1005_1045_r1  n=  2  avg=+133.6%  med=+200.0%  realized=$+111.00
  b1139|lab1139_s163_w2_1005_1045_r2  n=  2  avg=+138.1%  med=+205.7%  realized=$+115.00
  b1140|lab1140_s163_w3_1045_1120_r1  n=  4  avg=+34.6%  med=+73.0%  realized=$+59.00
  b1141|lab1141_s163_w3_1045_1120_r2  n=  4  avg=+35.5%  med=+74.6%  realized=$+64.00
  b1142|lab1142_s163_w4_1120_1135_r1  n=  1  avg=-72.9%  med=-72.9%  realized=$-35.00
  b1143|lab1143_s163_w4_1120_1135_r2  n=  2  avg=+27.6%  med=+128.1%  realized=$+6.00
  b1150|lab1150_s164_w1_0928_1005_r1  n=  3  avg=+77.6%  med=+156.0%  realized=$+80.00
  b1151|lab1151_s164_w1_0928_1005_r2  n=  3  avg=+70.4%  med=+124.0%  realized=$+66.00
  b1152|lab1152_s164_w2_1005_1045_r1  n=  2  avg=+216.7%  med=+531.6%  realized=$+46.00
  b1153|lab1153_s164_w2_1005_1045_r2  n=  2  avg=+242.5%  med=+542.1%  realized=$+71.00
  b1154|lab1154_s164_w3_1045_1120_r1  n=  1  avg=-50.0%  med=-50.0%  realized=$-30.00
  b1155|lab1155_s164_w3_1045_1120_r2  n=  1  avg=-48.1%  med=-48.1%  realized=$-25.00
  b1156|lab1156_s164_w4_1120_1135_r1  n=  1  avg=+342.9%  med=+342.9%  realized=$+72.00
  b1157|lab1157_s164_w4_1120_1135_r2  n=  1  avg=+323.8%  med=+323.8%  realized=$+68.00
  b132|c132_s164_w1_0928_1005_r5  n=  2  avg=-65.7%  med=-53.6%  realized=$-37.00
  b135|c135_s164_w4_1120_1135_r5  n=  1  avg=-50.0%  med=-50.0%  realized=$-4.00
  b164|lab0164_s216_w1_0928_1005_r1  n=  7  avg=+7.9%  med=-37.0%  realized=$-37.00
  b165|lab0165_s216_w1_0928_1005_r2  n= 10  avg=+14.1%  med=-37.0%  realized=$+14.00
  b166|lab0166_s216_w2_1005_1045_r1  n=  8  avg=+27.3%  med=-63.4%  realized=$-191.00
  b167|lab0167_s216_w2_1005_1045_r2  n= 11  avg=+3.0%  med=-63.2%  realized=$-191.00
  b168|lab0168_s216_w3_1045_1120_r1  n=  6  avg=-76.4%  med=-72.0%  realized=$-181.00
  b169|lab0169_s216_w3_1045_1120_r2  n=  8  avg=-37.5%  med=-52.3%  realized=$-124.00
  b16|lab0016_s202_w1_0928_1005_r1  n=  2  avg=-51.0%  med=-38.1%  realized=$-47.00
  b170|lab0170_s216_w4_1120_1135_r1  n=  2  avg=-64.0%  med=-63.6%  realized=$-71.00
  b171|lab0171_s216_w4_1120_1135_r2  n=  4  avg=-41.7%  med=-47.5%  realized=$-71.00
  b178|lab0178_s217_w1_0928_1005_r1  n=  2  avg=+85.4%  med=+104.8%  realized=$+97.00
  b179|lab0179_s217_w1_0928_1005_r2  n=  2  avg=+70.8%  med=+90.5%  realized=$+81.00
  b17|lab0017_s202_w1_0928_1005_r2  n=  2  avg=-70.9%  med=-65.6%  realized=$-56.00
  b180|lab0180_s217_w2_1005_1045_r1  n= 15  avg=+86.7%  med=+53.9%  realized=$+362.00
  b181|lab0181_s217_w2_1005_1045_r2  n= 17  avg=+65.8%  med=-46.1%  realized=$+239.00
  b182|lab0182_s217_w3_1045_1120_r1  n=  8  avg=-39.7%  med=-43.8%  realized=$-134.00
  b183|lab0183_s217_w3_1045_1120_r2  n= 12  avg=-34.3%  med=-54.4%  realized=$-153.00
  b184|lab0184_s217_w4_1120_1135_r1  n=  2  avg=-77.5%  med=-77.5%  realized=$-62.00
  b185|lab0185_s217_w4_1120_1135_r2  n=  3  avg=-16.3%  med=-52.2%  realized=$-7.00
  b18|lab0018_s202_w2_1005_1045_r1  n=  1  avg=-74.4%  med=-74.4%  realized=$-29.00
  b192|lab0192_s218_w1_0928_1005_r1  n=  9  avg=+20.6%  med=+50.0%  realized=$+114.00
  b193|lab0193_s218_w1_0928_1005_r2  n= 11  avg=+29.4%  med=+36.4%  realized=$+177.00
  b194|lab0194_s218_w2_1005_1045_r1  n= 19  avg=-7.5%  med=-37.5%  realized=$-118.00
  b195|lab0195_s218_w2_1005_1045_r2  n= 20  avg=+35.9%  med=+58.8%  realized=$+243.00
  b196|lab0196_s218_w3_1045_1120_r1  n=  8  avg=+139.1%  med=+52.2%  realized=$+165.00
  b197|lab0197_s218_w3_1045_1120_r2  n=  8  avg=+140.6%  med=+47.8%  realized=$+283.00
  b198|lab0198_s218_w4_1120_1135_r1  n=  3  avg=+108.5%  med=+108.5%  realized=$+150.00
  b199|lab0199_s218_w4_1120_1135_r2  n=  4  avg=+72.4%  med=+112.8%  realized=$+124.00
  b19|lab0019_s202_w2_1005_1045_r2  n=  2  avg=-51.5%  med=-46.7%  realized=$-43.00
  b1|c001_s173_w2_1005_1045_r1  n= 10  avg=-65.0%  med=-64.9%  realized=$-406.00
  b20|c020_s164_w1_0928_1005_r1  n=  9  avg=-11.2%  med=-14.3%  realized=$-19.00
  b20|c020_s173_w1_0928_1005_r2  n= 21  avg=+1.0%  med=-3.6%  realized=$+6.00
  b20|lab0020_s202_w3_1045_1120_r1  n=  1  avg=-42.9%  med=-42.9%  realized=$-6.00
  b21|c021_s164_w2_1005_1045_r1  n=  8  avg=-61.7%  med=-56.1%  realized=$-308.00
  b21|c021_s173_w2_1005_1045_r2  n= 23  avg=-55.2%  med=-72.1%  realized=$-863.00
  b21|lab0021_s202_w3_1045_1120_r2  n=  2  avg=-53.6%  med=-50.0%  realized=$-24.00
  b222|lab0222_s400_w2_1005_1045_r1  n=  1  avg=-50.0%  med=-50.0%  realized=$-4.00
  b223|lab0223_s400_w2_1005_1045_r2  n=  1  avg=-50.0%  med=-50.0%  realized=$-4.00
  b224|lab0224_s400_w3_1045_1120_r1  n=  1  avg=-66.7%  med=-66.7%  realized=$-10.00
  b225|lab0225_s400_w3_1045_1120_r2  n=  2  avg=-7.3%  med=+52.1%  realized=$+15.00
  b227|lab0227_s400_w4_1120_1135_r2  n=  1  avg=-22.2%  med=-22.2%  realized=$-2.00
  b22|c022_s164_w3_1045_1120_r1  n=  6  avg=-28.3%  med=-55.7%  realized=$-115.00
  b22|c022_s173_w3_1045_1120_r2  n= 11  avg=-35.9%  med=-54.2%  realized=$-224.00
  b234|lab0234_s401_w1_0928_1005_r1  n= 12  avg=+58.7%  med=-36.6%  realized=$-138.00
  b235|lab0235_s401_w1_0928_1005_r2  n= 15  avg=+133.1%  med=-23.7%  realized=$+107.00
  b236|c236_s218_w3_1045_1120_r1  n=  1  avg=-33.3%  med=-33.3%  realized=$-1.00
  b236|lab0236_s401_w2_1005_1045_r1  n= 15  avg=-15.8%  med=-38.1%  realized=$-183.00
  b237|c237_s218_w3_1045_1120_r2  n=  1  avg=-66.7%  med=-66.7%  realized=$-2.00
  b237|lab0237_s401_w2_1005_1045_r2  n= 18  avg=+22.4%  med=+50.0%  realized=$+97.00
  b238|lab0238_s401_w3_1045_1120_r1  n= 18  avg=+171.5%  med=+109.5%  realized=$+1,058.00
  b239|lab0239_s401_w3_1045_1120_r2  n= 16  avg=+113.1%  med=+38.5%  realized=$+313.00
  b23|c023_s164_w4_1120_1135_r1  n=  2  avg=-67.7%  med=-67.7%  realized=$-84.00
  b23|c023_s173_w4_1120_1135_r2  n=  3  avg=-25.0%  med=-61.5%  realized=$-41.00
  b240|lab0240_s401_w4_1120_1135_r1  n= 12  avg=+38.8%  med=+21.1%  realized=$+136.00
  b241|lab0241_s401_w4_1120_1135_r2  n=  9  avg=-22.4%  med=-17.5%  realized=$-118.00
  b25|c025_s168_w2_1005_1045_r1  n=  2  avg=-20.7%  med=-19.6%  realized=$-19.00
  b25|c025_s174_w2_1005_1045_r2  n= 18  avg=-33.0%  med=-21.7%  realized=$-333.00
  b262|lab0262_s403_w1_0928_1005_r1  n=  3  avg=+40.1%  med=+65.4%  realized=$+63.00
  b263|lab0263_s403_w1_0928_1005_r2  n=  9  avg=+58.2%  med=+51.7%  realized=$+221.00
  b264|lab0264_s403_w2_1005_1045_r1  n=  9  avg=+28.1%  med=+46.0%  realized=$+103.00
  b265|lab0265_s403_w2_1005_1045_r2  n= 11  avg=+21.5%  med=+49.0%  realized=$+110.00
  b266|lab0266_s403_w3_1045_1120_r1  n=  5  avg=+46.0%  med=+66.7%  realized=$+75.00
  b267|lab0267_s403_w3_1045_1120_r2  n=  7  avg=+31.2%  med=+57.1%  realized=$+73.00
  b268|lab0268_s403_w4_1120_1135_r1  n=  4  avg=+158.4%  med=+320.0%  realized=$+152.00
  b269|lab0269_s403_w4_1120_1135_r2  n=  7  avg=+96.9%  med=+57.6%  realized=$+211.00
  b26|c026_s174_w3_1045_1120_r2  n=  1  avg=-53.1%  med=-53.1%  realized=$-26.00
  b276|lab0276_s350_w1_0928_1005_r1  n= 10  avg=+61.5%  med=+102.9%  realized=$+227.00
  b277|lab0277_s350_w1_0928_1005_r2  n=  8  avg=+94.3%  med=+157.9%  realized=$+266.00
  b278|lab0278_s350_w2_1005_1045_r1  n= 13  avg=+37.3%  med=+0.0%  realized=$+58.00
  b279|lab0279_s350_w2_1005_1045_r2  n= 14  avg=+56.2%  med=-28.3%  realized=$+163.00
  b280|lab0280_s351_w1_0928_1005_r1  n=  9  avg=+122.7%  med=+171.9%  realized=$+322.00
  b281|lab0281_s351_w1_0928_1005_r2  n=  9  avg=+103.1%  med=+110.5%  realized=$+347.00
  b282|lab0282_s351_w2_1005_1045_r1  n= 11  avg=-7.6%  med=-61.9%  realized=$-114.00
  b283|lab0283_s351_w2_1005_1045_r2  n= 12  avg=-5.4%  med=-50.0%  realized=$-97.00
  b284|lab0284_s351_w3_1045_1120_r1  n=  3  avg=-54.1%  med=-52.2%  realized=$-59.00
  b285|lab0285_s351_w3_1045_1120_r2  n=  5  avg=+55.0%  med=-33.3%  realized=$+4.00
  b286|lab0286_s351_w4_1120_1135_r1  n=  6  avg=-14.7%  med=-75.5%  realized=$-99.00
  b287|lab0287_s351_w4_1120_1135_r2  n=  9  avg=-16.6%  med=-48.7%  realized=$-108.00
  b288|lab0288_s352_w1_0928_1005_r1  n=  5  avg=+107.9%  med=+100.0%  realized=$+85.00
  b289|lab0289_s352_w1_0928_1005_r2  n=  5  avg=+80.9%  med=+93.8%  realized=$+67.00
  b28|c028_s165_w1_0928_1005_r2  n= 17  avg=+49.5%  med=+80.0%  realized=$+448.00
  b28|c028_s173_w1_0928_1005_r2  n=  5  avg=+51.6%  med=+80.0%  realized=$+142.00
  b290|lab0290_s352_w2_1005_1045_r1  n=  7  avg=+62.6%  med=-17.6%  realized=$+73.00
  b291|lab0291_s352_w2_1005_1045_r2  n=  8  avg=+75.9%  med=-48.2%  realized=$+116.00
  b292|lab0292_s352_w3_1045_1120_r1  n=  8  avg=+50.1%  med=+13.0%  realized=$-6.00
  b293|lab0293_s352_w3_1045_1120_r2  n=  9  avg=+67.7%  med=+39.1%  realized=$+46.00
  b294|lab0294_s352_w4_1120_1135_r1  n=  4  avg=+17.7%  med=-71.4%  realized=$-72.00
  b295|lab0295_s352_w4_1120_1135_r2  n=  4  avg=+18.9%  med=-75.0%  realized=$-72.00
  b296|lab0296_s353_w1_0928_1005_r1  n=  5  avg=+110.2%  med=+123.7%  realized=$+118.00
  b297|lab0297_s353_w1_0928_1005_r2  n=  5  avg=+81.5%  med=+79.0%  realized=$+83.00
  b298|lab0298_s353_w2_1005_1045_r1  n= 11  avg=+11.2%  med=-34.7%  realized=$-53.00
  b299|lab0299_s353_w2_1005_1045_r2  n=  7  avg=-32.4%  med=-72.7%  realized=$-142.00
  b29|c029_s165_w2_1005_1045_r2  n=  9  avg=-23.3%  med=-50.0%  realized=$-221.00
  b29|c029_s173_w2_1005_1045_r2  n=  2  avg=-69.3%  med=-48.5%  realized=$-78.00
  b2|c002_s173_w3_1045_1120_r1  n= 15  avg=+67.7%  med=+32.8%  realized=$+707.00
  b300|lab0300_s353_w3_1045_1120_r1  n=  3  avg=+184.9%  med=-94.1%  realized=$-44.00
  b301|lab0301_s353_w3_1045_1120_r2  n=  1  avg=+942.9%  med=+942.9%  realized=$+66.00
  b302|lab0302_s353_w4_1120_1135_r1  n=  2  avg=+214.9%  med=+333.3%  realized=$+98.00
  b303|lab0303_s353_w4_1120_1135_r2  n=  3  avg=+158.5%  med=+93.1%  realized=$+121.00
  b304|lab0304_s354_w1_0928_1005_r1  n=  5  avg=+19.8%  med=+24.0%  realized=$+47.00
  b305|lab0305_s354_w1_0928_1005_r2  n=  5  avg=+2.5%  med=-51.6%  realized=$+2.00
  b306|lab0306_s354_w2_1005_1045_r1  n=  9  avg=-17.2%  med=-70.6%  realized=$-108.00
  b307|lab0307_s354_w2_1005_1045_r2  n= 10  avg=-18.9%  med=-68.6%  realized=$-50.00
  b308|lab0308_s354_w3_1045_1120_r1  n=  9  avg=+3.0%  med=-50.8%  realized=$-4.00
  b309|lab0309_s354_w3_1045_1120_r2  n=  9  avg=-5.5%  med=-52.3%  realized=$-49.00
  b30|c030_s165_w3_1045_1120_r2  n=  9  avg=+38.8%  med=+0.0%  realized=$+260.00
  b30|c030_s173_w3_1045_1120_r2  n=  2  avg=-9.5%  med=+0.0%  realized=$-14.00
  b310|lab0310_s354_w4_1120_1135_r1  n=  5  avg=+12.6%  med=-33.3%  realized=$+74.00
  b311|lab0311_s354_w4_1120_1135_r2  n=  5  avg=+32.1%  med=-72.9%  realized=$+107.00
  b312|lab0312_s355_w1_0928_1005_r1  n=  8  avg=-25.6%  med=-53.5%  realized=$-95.00
  b313|lab0313_s355_w1_0928_1005_r2  n=  7  avg=-6.9%  med=-48.8%  realized=$-31.00
  b314|lab0314_s355_w2_1005_1045_r1  n= 12  avg=-7.9%  med=-63.4%  realized=$-59.00
  b315|lab0315_s355_w2_1005_1045_r2  n= 13  avg=-10.4%  med=-41.3%  realized=$-69.00
  b316|lab0316_s355_w3_1045_1120_r1  n=  5  avg=+6.7%  med=-50.0%  realized=$+33.00
  b317|lab0317_s355_w3_1045_1120_r2  n= 10  avg=+70.5%  med=+57.1%  realized=$+320.00
  b318|lab0318_s355_w4_1120_1135_r1  n=  6  avg=+57.7%  med=+84.6%  realized=$+119.00
  b319|lab0319_s355_w4_1120_1135_r2  n=  6  avg=+60.7%  med=+59.4%  realized=$+133.00
  b31|c031_s165_w4_1120_1135_r2  n=  2  avg=+145.5%  med=+175.8%  realized=$+192.00
  b320|lab0320_s356_w1_0928_1005_r1  n=  4  avg=+18.8%  med=+37.9%  realized=$+34.00
  b321|lab0321_s356_w1_0928_1005_r2  n=  4  avg=+28.1%  med=+58.6%  realized=$+56.00
  b322|lab0322_s356_w2_1005_1045_r1  n=  3  avg=-12.4%  med=-21.6%  realized=$-21.00
  b323|lab0323_s356_w2_1005_1045_r2  n=  3  avg=-9.0%  med=-18.9%  realized=$-16.00
  b324|lab0324_s356_w3_1045_1120_r1  n=  4  avg=-5.4%  med=-25.0%  realized=$-12.00
  b325|lab0325_s356_w3_1045_1120_r2  n=  4  avg=-1.7%  med=-19.4%  realized=$-6.00
  b326|lab0326_s356_w4_1120_1135_r1  n=  2  avg=+76.1%  med=+100.0%  realized=$+68.00
  b327|lab0327_s356_w4_1120_1135_r2  n=  3  avg=+19.3%  med=+52.0%  realized=$+20.00
  b328|lab0328_s357_w1_0928_1005_r1  n=  3  avg=+3.8%  med=+47.1%  realized=$+7.00
  b329|lab0329_s357_w1_0928_1005_r2  n=  3  avg=+3.8%  med=+47.1%  realized=$+7.00
  b330|lab0330_s357_w2_1005_1045_r1  n=  2  avg=+34.9%  med=+131.4%  realized=$+27.00
  b331|lab0331_s357_w2_1005_1045_r2  n=  3  avg=-10.7%  med=-56.9%  realized=$-19.00
  b332|lab0332_s357_w3_1045_1120_r1  n=  5  avg=+66.7%  med=+73.7%  realized=$+190.00
  b333|lab0333_s357_w3_1045_1120_r2  n=  6  avg=+66.3%  med=+71.9%  realized=$+228.00
  b334|lab0334_s357_w4_1120_1135_r1  n=  1  avg=+81.2%  med=+81.2%  realized=$+39.00
  b335|lab0335_s357_w4_1120_1135_r2  n=  2  avg=+54.6%  med=+57.1%  realized=$+53.00
  b340|lab0340_s358_w3_1045_1120_r1  n=  1  avg=-51.4%  med=-51.4%  realized=$-37.00
  b341|lab0341_s358_w3_1045_1120_r2  n=  1  avg=-51.4%  med=-51.4%  realized=$-37.00
  b342|lab0342_s358_w4_1120_1135_r1  n=  1  avg=+53.1%  med=+53.1%  realized=$+26.00
  b343|lab0343_s358_w4_1120_1135_r2  n=  1  avg=+55.1%  med=+55.1%  realized=$+27.00
  b344|lab0344_s359_w1_0928_1005_r1  n=  5  avg=+37.9%  med=+46.7%  realized=$-33.00
  b345|lab0345_s359_w1_0928_1005_r2  n=  7  avg=+22.2%  med=-50.0%  realized=$-14.00
  b346|lab0346_s359_w2_1005_1045_r1  n= 12  avg=+62.3%  med=-46.7%  realized=$-60.00
  b347|lab0347_s359_w2_1005_1045_r2  n= 11  avg=+69.0%  med=-44.4%  realized=$-16.00
  b362|lab0362_s361_w1_0928_1005_r1  n=  6  avg=-13.8%  med=-30.4%  realized=$-71.00
  b363|lab0363_s361_w1_0928_1005_r2  n=  7  avg=-12.8%  med=-30.4%  realized=$-76.00
  b364|lab0364_s361_w2_1005_1045_r1  n=  9  avg=+126.2%  med=+81.8%  realized=$+88.00
  b365|lab0365_s361_w2_1005_1045_r2  n= 12  avg=+173.8%  med=+82.8%  realized=$+310.00
  b366|lab0366_s361_w3_1045_1120_r1  n=  3  avg=+351.3%  med=+61.1%  realized=$+59.00
  b367|lab0367_s361_w3_1045_1120_r2  n= 11  avg=+67.9%  med=-50.0%  realized=$-90.00
  b368|lab0368_s361_w4_1120_1135_r1  n=  3  avg=+103.8%  med=+71.4%  realized=$+37.00
  b369|lab0369_s361_w4_1120_1135_r2  n=  4  avg=+110.2%  med=+100.0%  realized=$+60.00
  b376|lab0376_s362_w1_0928_1005_r1  n=  8  avg=+1.2%  med=+8.7%  realized=$-21.00
  b377|lab0377_s362_w1_0928_1005_r2  n=  9  avg=+10.8%  med=+13.0%  realized=$+10.00
  b378|lab0378_s362_w2_1005_1045_r1  n=  5  avg=+239.7%  med=+70.6%  realized=$+163.00
  b379|lab0379_s362_w2_1005_1045_r2  n=  9  avg=+132.5%  med=+60.5%  realized=$+219.00
  b380|lab0380_s362_w3_1045_1120_r1  n=  7  avg=+183.1%  med=+103.3%  realized=$+226.00
  b381|lab0381_s362_w3_1045_1120_r2  n=  7  avg=+182.6%  med=+108.3%  realized=$+245.00
  b382|lab0382_s362_w4_1120_1135_r1  n=  3  avg=+463.7%  med=+323.8%  realized=$+376.00
  b383|lab0383_s362_w4_1120_1135_r2  n=  3  avg=+490.7%  med=+309.5%  realized=$+402.00
  b390|lab0390_s363_w1_0928_1005_r1  n=  3  avg=-13.7%  med=-49.1%  realized=$-60.00
  b391|lab0391_s363_w1_0928_1005_r2  n=  2  avg=+26.2%  med=+103.2%  realized=$+4.00
  b392|lab0392_s363_w2_1005_1045_r1  n=  8  avg=-41.2%  med=-65.4%  realized=$-222.00
  b393|lab0393_s363_w2_1005_1045_r2  n=  8  avg=-39.0%  med=-53.9%  realized=$-210.00
  b394|lab0394_s363_w3_1045_1120_r1  n=  5  avg=-46.4%  med=-81.0%  realized=$-150.00
  b395|lab0395_s363_w3_1045_1120_r2  n=  5  avg=-44.5%  med=-82.5%  realized=$-149.00
  b396|lab0396_s363_w4_1120_1135_r1  n=  2  avg=-15.1%  med=+44.7%  realized=$-19.00
  b397|lab0397_s363_w4_1120_1135_r2  n=  5  avg=-33.2%  med=-77.1%  realized=$-75.00
  b3|c003_s173_w4_1120_1135_r1  n= 17  avg=+131.0%  med=-50.0%  realized=$+1,311.00
  b404|lab0404_s364_w1_0928_1005_r1  n=  4  avg=-15.3%  med=-2.9%  realized=$-61.00
  b405|lab0405_s364_w1_0928_1005_r2  n=  5  avg=-6.0%  med=-5.9%  realized=$-44.00
  b406|lab0406_s364_w2_1005_1045_r1  n= 10  avg=-17.6%  med=-44.2%  realized=$-159.00
  b407|lab0407_s364_w2_1005_1045_r2  n= 11  avg=-12.3%  med=-42.3%  realized=$-90.00
  b408|lab0408_s364_w3_1045_1120_r1  n=  8  avg=+2.4%  med=+66.7%  realized=$-41.00
  b409|lab0409_s364_w3_1045_1120_r2  n= 10  avg=+0.0%  med=+53.1%  realized=$-54.00
  b40|c040_s166_w1_0928_1005_r2  n=  6  avg=-37.2%  med=-12.7%  realized=$-142.00
  b40|c040_s173_w1_0928_1005_r3  n= 23  avg=+12.9%  med=-15.4%  realized=$-90.00
  b410|lab0410_s364_w4_1120_1135_r1  n=  7  avg=+72.6%  med=+39.5%  realized=$+171.00
  b411|lab0411_s364_w4_1120_1135_r2  n=  4  avg=+137.5%  med=+188.9%  realized=$+189.00
  b418|lab0418_s365_w1_0928_1005_r1  n=  3  avg=+20.9%  med=+67.3%  realized=$+24.00
  b419|lab0419_s365_w1_0928_1005_r2  n=  4  avg=+17.6%  med=+56.1%  realized=$+28.00
  b41|c041_s166_w2_1005_1045_r2  n=  3  avg=-62.0%  med=-61.4%  realized=$-106.00
  b41|c041_s173_w2_1005_1045_r3  n= 13  avg=-48.5%  med=-66.7%  realized=$-452.00
  b420|lab0420_s365_w2_1005_1045_r1  n=  2  avg=+2.8%  med=+54.0%  realized=$-2.00
  b421|lab0421_s365_w2_1005_1045_r2  n=  3  avg=-21.3%  med=-48.3%  realized=$-40.00
  b422|lab0422_s365_w3_1045_1120_r1  n=  3  avg=+33.1%  med=+63.6%  realized=$+25.00
  b423|lab0423_s365_w3_1045_1120_r2  n=  3  avg=+28.9%  med=+63.6%  realized=$+20.00
  b424|lab0424_s365_w4_1120_1135_r1  n=  5  avg=-10.7%  med=+0.0%  realized=$-24.00
  b425|lab0425_s365_w4_1120_1135_r2  n=  3  avg=+109.8%  med=+54.8%  realized=$+124.00
  b42|c042_s166_w3_1045_1120_r2  n=  6  avg=+115.7%  med=+21.4%  realized=$+489.00
  b42|c042_s173_w3_1045_1120_r3  n= 13  avg=+31.1%  med=-8.3%  realized=$+262.00
  b432|lab0432_s366_w1_0928_1005_r1  n=  1  avg=-56.9%  med=-56.9%  realized=$-37.00
  b433|lab0433_s366_w1_0928_1005_r2  n=  1  avg=-56.9%  med=-56.9%  realized=$-37.00
  b434|lab0434_s366_w2_1005_1045_r1  n=  2  avg=+19.6%  med=+96.1%  realized=$+12.00
  b435|lab0435_s366_w2_1005_1045_r2  n=  3  avg=+20.7%  med=+49.0%  realized=$+23.00
  b436|lab0436_s366_w3_1045_1120_r1  n=  1  avg=-51.7%  med=-51.7%  realized=$-30.00
  b437|lab0437_s366_w3_1045_1120_r2  n=  1  avg=-53.5%  med=-53.5%  realized=$-31.00
  b438|lab0438_s366_w4_1120_1135_r1  n=  2  avg=+22.6%  med=+94.3%  realized=$+22.00
  b439|lab0439_s366_w4_1120_1135_r2  n=  2  avg=+26.4%  med=+101.9%  realized=$+26.00
  b43|c043_s166_w4_1120_1135_r2  n=  7  avg=+62.0%  med=+41.9%  realized=$+281.00
  b43|c043_s173_w4_1120_1135_r3  n=  8  avg=+58.7%  med=+53.2%  realized=$+241.00
  b449|lab0449_s367_w2_1005_1045_r2  n=  1  avg=-48.9%  med=-48.9%  realized=$-22.00
  b450|lab0450_s367_w3_1045_1120_r1  n=  1  avg=-51.4%  med=-51.4%  realized=$-37.00
  b451|lab0451_s367_w3_1045_1120_r2  n=  1  avg=-25.0%  med=-25.0%  realized=$-18.00
  b46|c046_s174_w3_1045_1120_r3  n=  3  avg=-89.7%  med=-89.7%  realized=$-156.00
  b47|c047_s163_w4_1120_1135_r2  n=  3  avg=-79.7%  med=-78.0%  realized=$-141.00
  b47|c047_s174_w4_1120_1135_r3  n= 25  avg=-73.4%  med=-78.0%  realized=$-1,155.00
  b48|c048_s164_w1_0928_1005_r2  n=  5  avg=-33.1%  med=-49.1%  realized=$-91.00
  b48|c048_s165_w1_0928_1005_r3  n= 16  avg=-35.9%  med=-49.1%  realized=$-344.00
  b49|c049_s164_w2_1005_1045_r2  n=  4  avg=-51.8%  med=-44.0%  realized=$-133.00
  b49|c049_s165_w2_1005_1045_r3  n= 15  avg=-49.3%  med=-49.1%  realized=$-458.00
  b50|c050_s164_w3_1045_1120_r2  n=  4  avg=-39.6%  med=-16.7%  realized=$-115.00
  b50|c050_s165_w3_1045_1120_r3  n=  9  avg=-23.6%  med=-23.1%  realized=$-142.00
  b51|c051_s165_w4_1120_1135_r3  n=  1  avg=+263.6%  med=+263.6%  realized=$+174.00
  b56|g056_lim_tp20_sl65  n=  1  avg=+47.7%  med=+47.7%  realized=$+20.52
  b57|g057_mid_tp20_sl65  n=  1  avg=+47.7%  med=+47.7%  realized=$+20.52
  b58|g058_eod_tp20_sl65  n=  1  avg=+59.1%  med=+59.1%  realized=$+25.41
  b60|c060_s167_w1_0928_1005_r3  n=  3  avg=-55.8%  med=-62.8%  realized=$-98.00
  b60|c060_s173_w1_0928_1005_r4  n= 13  avg=-5.1%  med=-13.6%  realized=$-99.00
  b61|c061_s167_w2_1005_1045_r3  n=  5  avg=-54.6%  med=-50.9%  realized=$-160.00
  b61|c061_s173_w2_1005_1045_r4  n=  8  avg=-37.3%  med=-50.0%  realized=$-208.00
  b62|c062_s167_w3_1045_1120_r3  n=  8  avg=-51.8%  med=-64.2%  realized=$-286.00
  b62|c062_s173_w3_1045_1120_r4  n= 20  avg=+182.8%  med=-58.3%  realized=$-183.00
  b63|c063_s167_w4_1120_1135_r3  n=  2  avg=-54.8%  med=-54.8%  realized=$-68.00
  b63|c063_s173_w4_1120_1135_r4  n=  1  avg=-46.1%  med=-46.1%  realized=$-24.00
  b63|g063_mid_tp20_sl65  n=  1  avg=+23.3%  med=+23.3%  realized=$+18.63
  b64|c064_s174_w1_0928_1005_r4  n=  3  avg=-93.3%  med=-93.3%  realized=$-168.00
  b64|g064_eod_tp20_sl65  n=  1  avg=+34.2%  med=+34.2%  realized=$+27.40
  b65|c065_s174_w2_1005_1045_r4  n=  8  avg=-45.7%  med=-45.2%  realized=$-238.00
  b65|g065_lim_tp20_sl65  n=  1  avg=+23.3%  med=+23.3%  realized=$+18.63
  b66|c066_s174_w3_1045_1120_r4  n=  1  avg=-52.5%  med=-52.5%  realized=$-31.00
  b66|g066_mid_tp20_sl65  n=  1  avg=+23.3%  med=+23.3%  realized=$+18.63
  b67|c067_s174_w4_1120_1135_r4  n=  1  avg=-45.8%  med=-45.8%  realized=$-27.00
  b67|g067_eod_tp20_sl65  n=  1  avg=+34.2%  med=+34.2%  realized=$+27.40
  b68|c068_s165_w1_0928_1005_r4  n= 16  avg=-51.3%  med=-49.1%  realized=$-446.00
  b68|c068_s166_w1_0928_1005_r3  n=  4  avg=-52.7%  med=-49.1%  realized=$-116.00
  b69|c069_s165_w2_1005_1045_r4  n= 11  avg=+19.0%  med=-43.6%  realized=$-179.00
  b69|c069_s166_w2_1005_1045_r3  n=  4  avg=+10.1%  med=-40.0%  realized=$-87.00
  b70|c070_s165_w3_1045_1120_r4  n= 11  avg=-2.1%  med=-16.9%  realized=$-6.00
  b70|c070_s166_w3_1045_1120_r3  n=  4  avg=-42.5%  med=-27.0%  realized=$-124.00
  b70|g070_eod_tp30_sl20  n=  1  avg=+59.1%  med=+59.1%  realized=$+27.77
  b71|g071_lim_tp30_sl20  n=  1  avg=+36.5%  med=+36.5%  realized=$+23.73
  b72|g072_mid_tp30_sl20  n=  1  avg=+36.5%  med=+36.5%  realized=$+23.73
  b73|g073_eod_tp30_sl20  n=  1  avg=+55.6%  med=+55.6%  realized=$+36.11
  b73|lab0073_s209_w1_0928_1005_r2  n=  1  avg=-64.7%  med=-64.7%  realized=$-11.00
  b74|g074_lim_tp30_sl20  n=  1  avg=+36.5%  med=+36.5%  realized=$+23.73
  b74|lab0074_s209_w2_1005_1045_r1  n=  1  avg=-58.2%  med=-58.2%  realized=$-39.00
  b75|g075_mid_tp30_sl20  n=  1  avg=+36.5%  med=+36.5%  realized=$+23.73
  b75|lab0075_s209_w2_1005_1045_r2  n=  2  avg=-50.8%  med=-50.8%  realized=$-68.00
  b768|lab0768_s396_w1_0928_1005_r1  n=  2  avg=+89.0%  med=+93.1%  realized=$+118.00
  b769|lab0769_s396_w1_0928_1005_r2  n=  2  avg=+106.2%  med=+116.7%  realized=$+139.00
  b76|c076_s164_w1_0928_1005_r3  n=  1  avg=-50.0%  med=-50.0%  realized=$-2.00
  b76|g076_eod_tp30_sl20  n=  1  avg=+34.2%  med=+34.2%  realized=$+27.40
  b771|lab0771_s396_w2_1005_1045_r2  n=  1  avg=-82.2%  med=-82.2%  realized=$-60.00
  b775|lab0775_s396_w4_1120_1135_r2  n=  1  avg=+74.6%  med=+74.6%  realized=$+44.00
  b776|lab0776_s397_w1_0928_1005_r1  n=  3  avg=-38.5%  med=-64.9%  realized=$-74.00
  b777|lab0777_s397_w1_0928_1005_r2  n=  6  avg=+22.9%  med=+38.6%  realized=$+72.00
  b778|lab0778_s397_w2_1005_1045_r1  n=  8  avg=+67.0%  med=+73.0%  realized=$+342.00
  b779|lab0779_s397_w2_1005_1045_r2  n=  7  avg=+64.7%  med=+61.9%  realized=$+306.00
  b77|g077_lim_tp30_sl20  n=  1  avg=-23.3%  med=-23.3%  realized=$-18.63
  b77|lab0077_s209_w3_1045_1120_r2  n=  1  avg=-70.9%  med=-70.9%  realized=$-39.00
  b780|lab0780_s397_w3_1045_1120_r1  n=  3  avg=+43.8%  med=+74.3%  realized=$+81.00
  b781|lab0781_s397_w3_1045_1120_r2  n=  6  avg=+24.3%  med=+71.8%  realized=$+136.00
  b782|lab0782_s397_w4_1120_1135_r1  n=  1  avg=-54.0%  med=-54.0%  realized=$-34.00
  b783|lab0783_s397_w4_1120_1135_r2  n=  3  avg=+66.9%  med=+105.1%  realized=$+123.00
  b784|lab0784_s398_w1_0928_1005_r1  n=  5  avg=+37.3%  med=+49.0%  realized=$+70.00
  b785|lab0785_s398_w1_0928_1005_r2  n=  6  avg=+9.2%  med=+49.0%  realized=$+37.00
  b786|lab0786_s398_w2_1005_1045_r1  n= 10  avg=+1.1%  med=+3.3%  realized=$-27.00
  b787|lab0787_s398_w2_1005_1045_r2  n=  5  avg=+36.0%  med=+61.3%  realized=$+57.00
  b788|lab0788_s398_w3_1045_1120_r1  n= 10  avg=+3.6%  med=-18.4%  realized=$+31.00
  b789|lab0789_s398_w3_1045_1120_r2  n=  9  avg=-11.4%  med=-54.3%  realized=$-10.00
  b78|g078_mid_tp30_sl20  n=  1  avg=-23.3%  med=-23.3%  realized=$-18.63
  b790|lab0790_s398_w4_1120_1135_r1  n=  5  avg=+179.6%  med=+140.3%  realized=$+338.00
  b791|lab0791_s398_w4_1120_1135_r2  n=  7  avg=+124.0%  med=+155.6%  realized=$+293.00
  b792|lab0792_s399_w1_0928_1005_r1  n=  4  avg=+100.0%  med=+140.0%  realized=$+80.00
  b793|lab0793_s399_w1_0928_1005_r2  n= 11  avg=+34.3%  med=+57.9%  realized=$+127.00
  b794|lab0794_s399_w2_1005_1045_r1  n= 11  avg=+74.8%  med=-17.2%  realized=$-78.00
  b795|lab0795_s399_w2_1005_1045_r2  n= 13  avg=+43.5%  med=-51.7%  realized=$-61.00
  b796|lab0796_s399_w3_1045_1120_r1  n=  3  avg=+266.6%  med=-74.0%  realized=$-5.00
  b797|lab0797_s399_w3_1045_1120_r2  n= 15  avg=+23.0%  med=-52.8%  realized=$-146.00
  b798|lab0798_s399_w4_1120_1135_r1  n=  5  avg=+12.3%  med=-53.1%  realized=$+61.00
  b799|lab0799_s399_w4_1120_1135_r2  n=  8  avg=+26.4%  med=+53.3%  realized=$+49.00
  b79|g079_eod_tp30_sl20  n=  1  avg=+34.2%  med=+34.2%  realized=$+27.40
  b79|lab0079_s209_w4_1120_1135_r2  n=  1  avg=-94.6%  med=-94.6%  realized=$-53.00
  b7|c007_s174_w4_1120_1135_r1  n=  5  avg=-7.5%  med=-1.4%  realized=$-58.00
  b800|lab0800_s404_w1_0928_1005_r1  n=  6  avg=+23.0%  med=+38.6%  realized=$+65.00
  b801|lab0801_s404_w1_0928_1005_r2  n=  6  avg=+1.7%  med=+31.6%  realized=$+24.00
  b802|lab0802_s404_w2_1005_1045_r1  n= 12  avg=+30.0%  med=+60.9%  realized=$+236.00
  b803|lab0803_s404_w2_1005_1045_r2  n= 10  avg=+55.7%  med=+58.9%  realized=$+347.00
  b804|lab0804_s404_w3_1045_1120_r1  n=  7  avg=+14.7%  med=+68.5%  realized=$+107.00
  b805|lab0805_s404_w3_1045_1120_r2  n=  8  avg=-7.4%  med=+57.5%  realized=$+11.00
  b806|lab0806_s404_w4_1120_1135_r1  n=  4  avg=+64.7%  med=+91.5%  realized=$+160.00
  b807|lab0807_s404_w4_1120_1135_r2  n=  5  avg=+54.4%  med=+53.2%  realized=$+168.00
  b80|c080_s168_w1_0928_1005_r3  n=  8  avg=+3.6%  med=-11.1%  realized=$-45.00
  b80|c080_s173_w1_0928_1005_r5  n= 45  avg=+52.6%  med=+59.1%  realized=$+503.00
  b80|g080_lim_tp30_sl30  n=  1  avg=+36.5%  med=+36.5%  realized=$+23.73
  b80|lab0080_s210_w1_0928_1005_r1  n= 12  avg=+12.9%  med=-8.5%  realized=$+57.00
  b81|c081_s168_w2_1005_1045_r3  n=  5  avg=-26.9%  med=-33.8%  realized=$-83.00
  b81|c081_s173_w2_1005_1045_r5  n= 20  avg=-39.1%  med=-38.4%  realized=$-559.00
  b81|g081_mid_tp30_sl30  n=  1  avg=+36.5%  med=+36.5%  realized=$+23.73
  b81|lab0081_s210_w1_0928_1005_r2  n= 12  avg=+8.1%  med=+46.7%  realized=$+47.00
  b828|lab0828_s406_w1_0928_1005_r1  n=  4  avg=-15.8%  med=+10.0%  realized=$+1.00
  b829|lab0829_s406_w1_0928_1005_r2  n=  3  avg=-11.0%  med=-50.0%  realized=$-13.00
  b82|c082_s168_w3_1045_1120_r3  n=  5  avg=-1.6%  med=-40.0%  realized=$-2.00
  b82|c082_s173_w3_1045_1120_r5  n=  9  avg=-10.7%  med=-12.5%  realized=$-48.00
  b82|g082_eod_tp30_sl30  n=  1  avg=+55.6%  med=+55.6%  realized=$+36.11
  b82|lab0082_s210_w2_1005_1045_r1  n= 12  avg=-16.7%  med=-6.2%  realized=$-70.00
  b830|lab0830_s406_w2_1005_1045_r1  n= 13  avg=+66.4%  med=+61.3%  realized=$+59.00
  b831|lab0831_s406_w2_1005_1045_r2  n= 16  avg=+70.3%  med=+81.8%  realized=$+127.00
  b832|lab0832_s406_w3_1045_1120_r1  n= 15  avg=+305.6%  med=+55.3%  realized=$+1,461.00
  b833|lab0833_s406_w3_1045_1120_r2  n= 18  avg=+284.9%  med=+73.1%  realized=$+1,443.00
  b834|lab0834_s406_w4_1120_1135_r1  n=  7  avg=+407.3%  med=+105.3%  realized=$+135.00
  b835|lab0835_s406_w4_1120_1135_r2  n=  7  avg=+174.8%  med=+66.7%  realized=$+195.00
  b83|c083_s168_w4_1120_1135_r3  n=  8  avg=+84.0%  med=+62.9%  realized=$+429.00
  b83|c083_s173_w4_1120_1135_r5  n= 20  avg=-20.6%  med=-68.2%  realized=$-271.00
  b83|g083_lim_tp30_sl30  n=  1  avg=+30.1%  med=+30.1%  realized=$+24.11
  b83|lab0083_s210_w2_1005_1045_r2  n=  7  avg=+9.9%  med=+7.0%  realized=$+14.00
  b84|g084_mid_tp30_sl30  n=  1  avg=+30.1%  med=+30.1%  realized=$+24.11
  b84|lab0084_s210_w3_1045_1120_r1  n= 12  avg=-45.0%  med=-64.4%  realized=$-240.00
  b856|lab0856_s408_w1_0928_1005_r1  n=  3  avg=-28.1%  med=-58.7%  realized=$-32.00
  b857|lab0857_s408_w1_0928_1005_r2  n=  4  avg=-23.5%  med=-33.3%  realized=$-37.00
  b858|lab0858_s408_w2_1005_1045_r1  n=  6  avg=+26.6%  med=-52.6%  realized=$-1.00
  b859|lab0859_s408_w2_1005_1045_r2  n=  8  avg=-31.0%  med=-42.9%  realized=$-36.00
  b85|c085_s174_w2_1005_1045_r5  n=  7  avg=-9.4%  med=-32.7%  realized=$-42.00
  b85|g085_eod_tp30_sl30  n=  1  avg=+34.2%  med=+34.2%  realized=$+27.40
  b85|lab0085_s210_w3_1045_1120_r2  n= 15  avg=+56.9%  med=-44.4%  realized=$+25.00
  b860|lab0860_s408_w3_1045_1120_r1  n=  9  avg=+484.2%  med=+33.3%  realized=$+807.00
  b861|lab0861_s408_w3_1045_1120_r2  n= 12  avg=+218.5%  med=+100.0%  realized=$+471.00
  b862|lab0862_s408_w4_1120_1135_r1  n=  6  avg=-4.0%  med=+60.0%  realized=$-55.00
  b863|lab0863_s408_w4_1120_1135_r2  n=  9  avg=+1.7%  med=+0.0%  realized=$-12.00
  b86|c086_s174_w3_1045_1120_r5  n=  4  avg=+26.1%  med=+39.7%  realized=$+64.00
  b86|g086_lim_tp30_sl30  n=  1  avg=+30.1%  med=+30.1%  realized=$+24.11
  b86|lab0086_s210_w4_1120_1135_r1  n=  6  avg=+31.1%  med=+16.7%  realized=$+67.00
  b87|c087_s174_w4_1120_1135_r5  n=  4  avg=-23.5%  med=+37.5%  realized=$-114.00
  b87|g087_mid_tp30_sl30  n=  1  avg=+30.1%  med=+30.1%  realized=$+24.11
  b87|lab0087_s210_w4_1120_1135_r2  n=  8  avg=-0.2%  med=+19.4%  realized=$-21.00
  b884|lab0884_s410_w1_0928_1005_r1  n=  2  avg=+80.6%  med=+83.3%  realized=$+106.00
  b885|lab0885_s410_w1_0928_1005_r2  n=  3  avg=+72.8%  med=+65.3%  realized=$+145.00
  b886|lab0886_s410_w2_1005_1045_r1  n=  1  avg=+101.5%  med=+101.5%  realized=$+68.00
  b887|lab0887_s410_w2_1005_1045_r2  n=  1  avg=-48.4%  med=-48.4%  realized=$-31.00
  b888|lab0888_s410_w3_1045_1120_r1  n=  1  avg=-78.1%  med=-78.1%  realized=$-57.00
  b889|lab0889_s410_w3_1045_1120_r2  n=  1  avg=-68.5%  med=-68.5%  realized=$-50.00
  b88|c088_s165_w1_0928_1005_r5  n= 21  avg=-5.0%  med=-2.7%  realized=$-63.00
  b88|c088_s167_w1_0928_1005_r4  n=  4  avg=-12.7%  med=+30.9%  realized=$-28.00
  b88|g088_eod_tp30_sl30  n=  2  avg=+36.0%  med=+37.7%  realized=$+65.09
  b898|lab0898_s411_w1_0928_1005_r1  n=  2  avg=-54.5%  med=-51.4%  realized=$-79.00
  b899|lab0899_s411_w1_0928_1005_r2  n=  2  avg=-48.9%  med=-48.6%  realized=$-69.00
  b89|c089_s165_w2_1005_1045_r5  n=  7  avg=+113.1%  med=+30.9%  realized=$+67.00
  b89|c089_s167_w2_1005_1045_r4  n=  2  avg=-16.2%  med=+30.9%  realized=$-22.00
  b89|g089_lim_tp30_sl30  n=  1  avg=+30.1%  med=+30.1%  realized=$+24.11
  b8|c008_s165_w1_0928_1005_r1  n= 23  avg=-19.6%  med=-35.3%  realized=$-250.00
  b900|lab0900_s411_w2_1005_1045_r1  n= 11  avg=-2.4%  med=+7.7%  realized=$+1.00
  b901|lab0901_s411_w2_1005_1045_r2  n=  9  avg=+9.0%  med=+23.9%  realized=$+49.00
  b902|lab0902_s411_w3_1045_1120_r1  n=  7  avg=-0.6%  med=+8.1%  realized=$-13.00
  b903|lab0903_s411_w3_1045_1120_r2  n=  9  avg=+8.0%  med=+10.4%  realized=$+28.00
  b904|lab0904_s411_w4_1120_1135_r1  n=  2  avg=-52.8%  med=-52.2%  realized=$-60.00
  b905|lab0905_s411_w4_1120_1135_r2  n=  4  avg=-11.7%  med=+13.1%  realized=$-17.00
  b90|c090_s165_w3_1045_1120_r5  n= 13  avg=+7.7%  med=+0.0%  realized=$+47.00
  b90|c090_s167_w3_1045_1120_r4  n=  4  avg=-41.6%  med=-18.9%  realized=$-123.00
  b90|g090_mid_tp30_sl30  n=  1  avg=+30.1%  med=+30.1%  realized=$+24.11
  b90|live_1to1           n= 18  avg=+11.6%  med=-10.0%  realized=$+84.00
  b912|lab0912_s412_w1_0928_1005_r1  n=  6  avg=+75.0%  med=+66.7%  realized=$+27.00
  b913|lab0913_s412_w1_0928_1005_r2  n=  6  avg=+69.9%  med=+66.7%  realized=$+23.00
  b914|lab0914_s412_w2_1005_1045_r1  n=  7  avg=+91.8%  med=+68.2%  realized=$+168.00
  b915|lab0915_s412_w2_1005_1045_r2  n=  7  avg=+80.5%  med=+43.2%  realized=$+133.00
  b916|lab0916_s412_w3_1045_1120_r1  n= 14  avg=+1.8%  med=-10.7%  realized=$+8.00
  b917|lab0917_s412_w3_1045_1120_r2  n=  7  avg=+106.9%  med=-3.6%  realized=$-8.00
  b918|lab0918_s412_w4_1120_1135_r1  n=  4  avg=-45.8%  med=-38.1%  realized=$-94.00
  b919|lab0919_s412_w4_1120_1135_r2  n=  5  avg=+33.9%  med=-2.2%  realized=$+8.00
  b91|c091_s165_w4_1120_1135_r5  n=  2  avg=+222.0%  med=+247.0%  realized=$+293.00
  b91|g091_eod_tp30_sl30  n=  2  avg=+19.8%  med=+55.6%  realized=$+25.00
  b92|g092_lim_tp30_sl40  n=  2  avg=+53.6%  med=+70.8%  realized=$+94.51
  b93|g093_mid_tp30_sl40  n=  2  avg=+53.6%  med=+70.8%  realized=$+94.51
  b94|g094_eod_tp30_sl40  n=  2  avg=+46.6%  med=+55.6%  realized=$+73.80
  b94|lab0094_s211_w1_0928_1005_r1  n=  8  avg=-4.1%  med=-5.7%  realized=$-34.00
  b95|g095_lim_tp30_sl40  n=  2  avg=+50.5%  med=+70.8%  realized=$+94.89
  b95|lab0095_s211_w1_0928_1005_r2  n=  9  avg=-27.7%  med=-42.1%  realized=$-143.00
  b96|g096_mid_tp30_sl40  n=  2  avg=+50.5%  med=+70.8%  realized=$+94.89
  b96|lab0096_s211_w2_1005_1045_r1  n=  6  avg=-44.0%  med=-38.1%  realized=$-83.00
  b97|g097_eod_tp30_sl40  n=  2  avg=+36.0%  med=+37.7%  realized=$+65.09
  b97|lab0097_s211_w2_1005_1045_r2  n=  7  avg=-54.0%  med=-46.1%  realized=$-125.00
  b98|g098_lim_tp30_sl40  n=  2  avg=+50.5%  med=+70.8%  realized=$+94.89
  b98|lab0098_s211_w3_1045_1120_r1  n=  7  avg=+190.8%  med=-48.7%  realized=$-61.00
  b99|g099_mid_tp30_sl40  n=  2  avg=+50.5%  med=+70.8%  realized=$+94.89
  b99|lab0099_s211_w3_1045_1120_r2  n=  8  avg=+84.6%  med=+107.7%  realized=$+149.00
  b9|c009_s165_w2_1005_1045_r1  n=  7  avg=-74.4%  med=-66.2%  realized=$-301.00
========================================================
+========================================================================+
|[OPTIONS BOT DAILY VITALS (MATRIX EXPERIMENT)]                          |
+========================================================================+
|-- ACCOUNT STATUS (after_hours) --                                      |
|Equity       : $997,314.89                                              |
|Open Risk    : 50 lots (15 broker pos)                                  |
|Today's Run  : 0 signals -> 0 orders submitted                          |
|                                                                        |
|-- SYSTEM HEALTH --                                                     |
|Zombies      : 0 (Ledger is clean)                                      |
|Lab Status   : 50 Active Lots | 0 Pending Orders                        |
|Auto-Matrix  : (Pending EOD report generation)                          |
+========================================================================+
+========================================================================+
|[DATA QUALITY: CLEAN vs ERRORS vs KEEP-ONLY]                            |
+========================================================================+
|  CLEAN              n=1367  win= 49.2%  med= -12.5%  $+17,587          |
|  TAINTED            n=1882  win= 33.3%  med= -38.9%  $-9,546           |
|  KEEP-only          n=751   win= 61.9%  med= +51.4%  $+12,368          |
|  KEEP recent        n=557   win= 60.1%  med= +53.6%  $+8,146           |
|  KEEP(25): S163,S167,S168,S173,S174,S210,S218,S350...                  |
|  KILL(18): ORPHAN,S164,S202,S203,S207,S211,S212,S216...                |
+========================================================================+
+========================================================================+
|[+++ OVERPERFORMING STRATEGIES (n>=10)]                                 |
+========================================================================+
|  BKT  PROFILE                   WIN%   MED%   TOTAL TRADES             |
|  ---------------------------------------------------------             |
|  b238 lab0238_s401_w3_1045..  83%  +107.1%    18                       |
|  b276 lab0276_s350_w1_0928..  70%  +102.9%    10                       |
|  b861 lab0861_s408_w3_1045..  67%  +83.3%    12                        |
|  b365 lab0365_s361_w2_1005..  92%  +82.8%    12                        |
+========================================================================+
|[--- UNDERPERFORMING STRATEGIES (n>=10)]                                |
+========================================================================+
|  BKT  PROFILE                   WIN%   MED%   TOTAL TRADES             |
|  ---------------------------------------------------------             |
|  b47  lab0047_s205_w4_1120..   4%  -78.0%    28                        |
|  b307 lab0307_s354_w2_1005..  30%  -69.9%    10                        |
|  b1   lab0001_s200_w1_0928..   0%  -65.8%    10                        |
|  b41  lab0041_s205_w1_0928..  12%  -65.3%    16                        |
+========================================================================+
+========================================================================+
|[OPEN OPTIONS (15)]                                                     |
+========================================================================+
|  SYMBOL                      QTY    RET%        OPEN P&L               |
|  ---------------------------------------------------------             |
|  MDT260925C00094000            4    -82.6%   $   -228.00               |
|  NFLX260925C00075000          14    +44.2%   $   +206.00               |
|  NFLX260925C00074000           7    +57.3%   $   +204.00               |
|  MARA260925C00011500          -1  -1125.0%   $   -180.00               |
|  MARA260925C00012500           3    +95.3%   $   +142.00               |
|  MARA260925C00012000          -1   -386.2%   $   -112.00               |
|  CELH260925C00029000           2    -58.5%   $    -62.00               |
|  BAC260925C00058000            7    -11.9%   $    -56.00               |
|  ... 7 more position(s)                                                |
+========================================================================+
Full detail: logs/options_trial/runs/2026-09-22.log
elapsed=0.9s reconcile=0.24s

=== 10:03:24 ET — entry+manage (4 new) [elapsed=57.1s reconcile=0.44s cancel=0.12s manage=4.4s scan=39.23s entries=8.76s] ===
=== options_morning_bot (PAPER) 2026-09-22T10:03:24.693484-04:00 ===

[Run context]
Paper auth OK — equity $996478.85, account PA33P8KT02IL
  reconcile: layout changed controlled:100:c000_s173_w1_0928_1005_r1 -> controlled:1164:live_1to1+variations
  reconcile: exit fill b166|S216 CELH -14.3%
  reconcile: exit fill b239|S401 MDT -84.3%

[Setup]
LIVE 1:1 bucket b90 live_1to1 — S218, S404, S406 | TP+50%/SL-40% | stop-mkt | min $20
Variation study: 1163 lab/promising bucket(s) | cohort: all paper strategies | max 400 new entries/run
Dropped (no new entries; ex-reflected P&L): S203, S207, S212, S360, S405, S407
  EXIT [b238|lab0238_s401_w3_1045_1120_r1|S401] stop_loss (-84.1%) SELL 1 MDT260925C00094000 @<= 0.08  id=aeeaca1e-6591-4edf-aa2f-0a1541f9492b
  EXIT [b434|lab0434_s366_w2_1005_1045_r1|S366] take_profit (+127.5%) SELL failed MARA260925C00012500: {"code":40310000,"message":"account not eligible to trade uncovered option contracts"}
  EXIT [b433|lab0433_s366_w1_0928_1005_r2|S366] take_profit (+127.5%) SELL failed MARA260925C00012500: {"code":40310000,"message":"account not eligible to trade uncovered option contracts"}
  EXIT [b432|lab0432_s366_w1_0928_1005_r1|S366] take_profit (+127.5%) SELL failed MARA260925C00012500: {"code":40310000,"message":"account not eligible to trade uncovered option contracts"}
  cancelled protective stop AXP260925C00325000 id=33fa40bd-6043-4e25-8795-96557d5227de
  EXIT [b0|orphan_reconcile|ORPHAN] stop_loss (-47.4%) SELL 1 AXP260925C00325000 @<= 0.17  id=822ae21e-7a93-4a1b-a44e-36601288343f
  PROT STOP failed MARA260925C00012500: {"code":40310000,"message":"account not eligible to trade uncovered option contracts"}
  PROT STOP-MKT CELH260925C00029500 x1 stop=0.21 tif=gtc sl=-40% id=d9e3ec5f-8e15-4139-9725-4882afa45dee
  PROT STOP failed MDT260925C00094000: {"code":40310000,"message":"account not eligible to trade uncovered option contracts"}
  PROT STOP failed AXP260925C00325000: {"code":40310000,"message":"account not eligible to trade uncovered option contracts"}
Protective stops: placed=1 upgraded=0 already=6 failed=3 (market-first)

[Scan + entries]
Scanning 117 symbols for [S165, S164, S168, S167, S166, S163, S169, S170, S171, S172, S175, S200, S201, S202, S204, S205, S206, S208, S209, S210, S211, S213, S214, S215, S216, S217, S218, S219, S220, S221, S400, S401, S402, S403, S350, S351, S352, S353, S354, S355, S356, S357, S358, S359, S361, S362, S363, S364, S365, S366, S367, S368, S369, S370, S371, S372, S373, S374, S375, S376, S377, S378, S379, S380, S381, S382, S383, S384, S385, S386, S387, S388, S389, S390, S391, S392, S393, S394, S413, S414, S415, S416, S417, S418, S395, S396, S397, S398, S399, S404, S406, S408, S409, S410, S411, S412, S413, S414, S415, S416, S417, S418, S419] …
  Daily bars disk cache hit (options_daily_bars_2026-09-22.parquet)
Fetched daily bars for 113/117 symbols
Found 56 signal(s); top: ['S211:AMD', 'S401:AMD', 'S210:COIN', 'S401:COIN', 'S401:META', 'S401:AMZN', 'S401:MARA', 'S401:MSTR']
Paper lab: $996479 broker equity -> 1164 bucket(s) ($500 virtual each, unlimited paper)
  ENTRY [b94|lab0094_s211_w1_0928_1005_r1|S211] BUY 1x AMD260923C00652500 (MA21 crossed above MA50|fast) limit=0.54 (ask=0.55 off=-0.01) tp=+75% sl=-75% pending id=3e521aa8-9b03-4617-9ee8-6ad28a9d749f
  ENTRY [b95|lab0095_s211_w1_0928_1005_r2|S211] BUY 1x AMD260923C00652500 (MA21 crossed above MA50|fast) limit=0.54 (ask=0.55 off=-0.01) tp=+75% sl=-75% pending id=923226d2-e35f-4670-9b8c-1e571f8ff9be
  ENTRY [b234|lab0234_s401_w1_0928_1005_r1|S401] BUY 1x AMD260923C00652500 (gap -1.45% green|fast) limit=0.54 (ask=0.55 off=-0.01) tp=+75% sl=-75% pending id=e4bab1b8-5bd6-427d-bd7b-cf6df1056f40
  ENTRY [b235|lab0235_s401_w1_0928_1005_r2|S401] BUY 1x AMD260923C00652500 (gap -1.45% green|fast) limit=0.54 (ask=0.55 off=-0.01) tp=+75% sl=-75% pending id=1c9dbcd4-cb02-48a2-ae8a-48d8f219674c
  [b80|lab0080_s210_w1_0928_1005_r1] S210 COIN (tier: fast): no tradeable call
  [b81|lab0081_s210_w1_0928_1005_r2] S210 COIN (tier: fast): no tradeable call
  [b1052|lab1052_s165_w1_0928_1005_r1] S165 MPC (tier: neutral): no tradeable call
  [b1053|lab1053_s165_w1_0928_1005_r2] S165 MPC (tier: neutral): no tradeable call
  [b1150|lab1150_s164_w1_0928_1005_r1] S164 MPC (tier: neutral): no tradeable call
  [b1151|lab1151_s164_w1_0928_1005_r2] S164 MPC (tier: neutral): no tradeable call
  [b1122|lab1122_s168_w1_0928_1005_r1] S168 MPC (tier: neutral): no tradeable call
  [b1123|lab1123_s168_w1_0928_1005_r2] S168 MPC (tier: neutral): no tradeable call
  [b1094|lab1094_s167_w1_0928_1005_r1] S167 MPC (tier: neutral): no tradeable call
  [b1095|lab1095_s167_w1_0928_1005_r2] S167 MPC (tier: neutral): no tradeable call
  [b1136|lab1136_s163_w1_0928_1005_r1] S163 MPC (tier: neutral): no tradeable call
  [b1137|lab1137_s163_w1_0928_1005_r2] S163 MPC (tier: neutral): no tradeable call
  [b276|lab0276_s350_w1_0928_1005_r1] S350 MPC (tier: neutral): no tradeable call
  [b277|lab0277_s350_w1_0928_1005_r2] S350 MPC (tier: neutral): no tradeable call
  [b280|lab0280_s351_w1_0928_1005_r1] S351 MPC (tier: neutral): no tradeable call
  [b281|lab0281_s351_w1_0928_1005_r2] S351 MPC (tier: neutral): no tradeable call
  [b288|lab0288_s352_w1_0928_1005_r1] S352 MPC (tier: neutral): no tradeable call
  [b289|lab0289_s352_w1_0928_1005_r2] S352 MPC (tier: neutral): no tradeable call
  [b296|lab0296_s353_w1_0928_1005_r1] S353 MPC (tier: neutral): no tradeable call
  [b297|lab0297_s353_w1_0928_1005_r2] S353 MPC (tier: neutral): no tradeable call
  [b304|lab0304_s354_w1_0928_1005_r1] S354 MPC (tier: neutral): no tradeable call
  [b305|lab0305_s354_w1_0928_1005_r2] S354 MPC (tier: neutral): no tradeable call
  [b312|lab0312_s355_w1_0928_1005_r1] S355 MPC (tier: neutral): no tradeable call
  [b313|lab0313_s355_w1_0928_1005_r2] S355 MPC (tier: neutral): no tradeable call
  [b336|lab0336_s358_w1_0928_1005_r1] S358 MPC (tier: neutral): no tradeable call
  [b337|lab0337_s358_w1_0928_1005_r2] S358 MPC (tier: neutral): no tradeable call
  [b760|lab0760_s395_w1_0928_1005_r1] S395 MPC (tier: neutral): no tradeable call
  [b761|lab0761_s395_w1_0928_1005_r2] S395 MPC (tier: neutral): no tradeable call
  [b768|lab0768_s396_w1_0928_1005_r1] S396 MPC (tier: neutral): no tradeable call
  [b769|lab0769_s396_w1_0928_1005_r2] S396 MPC (tier: neutral): no tradeable call
  [b784|lab0784_s398_w1_0928_1005_r1] S398 MPC (tier: neutral): no tradeable call
  [b785|lab0785_s398_w1_0928_1005_r2] S398 MPC (tier: neutral): no tradeable call
  [b792|lab0792_s399_w1_0928_1005_r1] S399 MPC (tier: neutral): no tradeable call
  [b793|lab0793_s399_w1_0928_1005_r2] S399 MPC (tier: neutral): no tradeable call
  [b344|lab0344_s359_w1_0928_1005_r1] S359 LLY (tier: neutral): no tradeable call
  [b345|lab0345_s359_w1_0928_1005_r2] S359 LLY (tier: neutral): no tradeable call
  [b362|lab0362_s361_w1_0928_1005_r1] S361 LLY (tier: neutral): no tradeable call
  [b363|lab0363_s361_w1_0928_1005_r2] S361 LLY (tier: neutral): no tradeable call
  [b376|lab0376_s362_w1_0928_1005_r1] S362 LLY (tier: neutral): no tradeable call
  [b377|lab0377_s362_w1_0928_1005_r2] S362 LLY (tier: neutral): no tradeable call
  [b390|lab0390_s363_w1_0928_1005_r1] S363 LLY (tier: neutral): no tradeable call
  [b391|lab0391_s363_w1_0928_1005_r2] S363 LLY (tier: neutral): no tradeable call
  [b404|lab0404_s364_w1_0928_1005_r1] S364 LLY (tier: neutral): no tradeable call
  [b405|lab0405_s364_w1_0928_1005_r2] S364 LLY (tier: neutral): no tradeable call
  [b418|lab0418_s365_w1_0928_1005_r1] S365 LLY (tier: neutral): no tradeable call
  [b446|lab0446_s367_w1_0928_1005_r1] S367 LLY (tier: neutral): no tradeable call
  [b447|lab0447_s367_w1_0928_1005_r2] S367 LLY (tier: neutral): no tradeable call
  [b90|live_1to1] S406 LLY (tier: neutral): no tradeable call
  [b828|lab0828_s406_w1_0928_1005_r1] S406 LLY (tier: neutral): no tradeable call
  [b829|lab0829_s406_w1_0928_1005_r2] S406 LLY (tier: neutral): no tradeable call
  [b856|lab0856_s408_w1_0928_1005_r1] S408 LLY (tier: neutral): no tradeable call
  [b857|lab0857_s408_w1_0928_1005_r2] S408 LLY (tier: neutral): no tradeable call
  [b870|lab0870_s409_w1_0928_1005_r1] S409 LLY (tier: neutral): no tradeable call
  [b871|lab0871_s409_w1_0928_1005_r2] S409 LLY (tier: neutral): no tradeable call
  [b884|lab0884_s410_w1_0928_1005_r1] S410 LLY (tier: neutral): no tradeable call
  [b885|lab0885_s410_w1_0928_1005_r2] S410 LLY (tier: neutral): no tradeable call
  [b912|lab0912_s412_w1_0928_1005_r1] S412 LLY (tier: neutral): no tradeable call
  [b913|lab0913_s412_w1_0928_1005_r2] S412 LLY (tier: neutral): no tradeable call
  [b262|lab0262_s403_w1_0928_1005_r1] S403 KO (tier: slow): no tradeable call
  [b263|lab0263_s403_w1_0928_1005_r2] S403 KO (tier: slow): no tradeable call
  [b192|lab0192_s218_w1_0928_1005_r1] S218 D (tier: slow): no tradeable call
  [b192|lab0192_s218_w1_0928_1005_r1] S218 WEC (tier: slow): no tradeable call
  Skipped: 62 no tradeable call, 24 pending order
Placed 4 new entry order(s).
  reconcile: layout changed controlled:100:c000_s173_w1_0928_1005_r1 -> controlled:1164:live_1to1+variations
  reconcile: entry fill b235|S401 AMD x1 @ 0.53
  reconcile: entry fill b234|S401 AMD x1 @ 0.53
  reconcile: entry fill b95|S211 AMD x1 @ 0.53
  reconcile: entry fill b94|S211 AMD x1 @ 0.53
  reconcile: exit fill b0|ORPHAN AXP -47.4%
  reconcile: exit fill b238|S401 MDT -84.3%
  PROT STOP failed MARA260925C00012500: {"code":40310000,"message":"account not eligible to trade uncovered option contracts"}
  PROT STOP-LIMIT MDT260925C00094000 x2 stop=0.34 lim=0.31 tif=gtc sl=-50% entry=0.68 id=8189f311-2005-4e7c-9d02-1bf986af17dc
  PROT STOP-MKT AXP260925C00325000 x1 stop=0.19 tif=gtc sl=-50% id=57e78247-465d-4f51-9a50-a90d709a70f8
  PROT STOP-MKT AMD260923C00652500 x4 stop=0.27 tif=gtc sl=-50% id=e08d1bc3-58a8-4957-a692-b60cbc9b5d40
Protective stops: placed=3 upgraded=0 already=7 failed=1 (market-first)

[Portfolio snapshot]
========================================================
OPTIONS TRIAL STATS
========================================================
Account equity: $996,478.85
Active buckets: 1164 of 1164 profiles ($500 virtual each) — paper unlimited mode

P&L summary
  Reflected (ex-S203,S207,S212,S360,S405,S407): $+12,762.88 all-time  |  $-141.00 today
  Raw (incl dropped):     $+7,899.88 all-time  |  $-141.00 today
  Open (not sold yet): $-207.32 unrealized (virtual lots)
                       $-539.00 unrealized (broker total)
  Premium deployed:    $1,760.00 in open positions
  Combined P&L:        $+12,555.56 (reflected realized + open virtual)

Ledger (master)
  Total events:     14493
  Today entries:    4
  Today exits (reflected): 4
  All-time exits (reflected): 2950  wins 42%
  Avg return/trade: +31.4%  median -30.4%

Open virtual lots (by bucket)
  b0 lab0000_s200_w1_0928_1005_r1  prem=$   236  real=$ +0.00  open=$ +0.00  lots=2  [ORPHAN:BACx3, ORPHAN:CELHx1]
       buy: ask-0.01  sell: bid-0.01  tp=+50% sl=-50%
  b16 lab0016_s202_w1_0928_1005_r1  prem=$     0  real=$-47.00  open=$ +0.00  lots=0  [-]
       buy: ask-0.01  sell: bid-0.01  tp=+50% sl=-50%
  b17 lab0017_s202_w1_0928_1005_r2  prem=$     0  real=$-56.00  open=$ +0.00  lots=0  [-]
       buy: ask-0.01  sell: bid-0.01  tp=+50% sl=-50%
  b18 lab0018_s202_w2_1005_1045_r1  prem=$     0  real=$-29.00  open=$ +0.00  lots=0  [-]
       buy: ask-0.01  sell: bid-0.01  tp=+50% sl=-50%
  b19 lab0019_s202_w2_1005_1045_r2  prem=$     0  real=$-43.00  open=$ +0.00  lots=0  [-]
       buy: ask-0.01  sell: bid-0.01  tp=+50% sl=-50%
  b20 lab0020_s202_w3_1045_1120_r1  prem=$     0  real=$ -6.00  open=$ +0.00  lots=0  [-]
       buy: ask-0.01  sell: bid-0.01  tp=+50% sl=-50%
  b21 lab0021_s202_w3_1045_1120_r2  prem=$     0  real=$-24.00  open=$ +0.00  lots=0  [-]
       buy: ask-0.01  sell: bid-0.01  tp=+50% sl=-50%
  b73 lab0073_s209_w1_0928_1005_r2  prem=$     0  real=$-11.00  open=$ +0.00  lots=0  [-]
       buy: ask-0.01  sell: bid-0.01  tp=+50% sl=-50%
  b74 lab0074_s209_w2_1005_1045_r1  prem=$     0  real=$-39.00  open=$ +0.00  lots=0  [-]
       buy: ask-0.01  sell: bid-0.01  tp=+50% sl=-50%
  b75 lab0075_s209_w2_1005_1045_r2  prem=$     0  real=$-68.00  open=$ +0.00  lots=0  [-]
       buy: ask-0.01  sell: bid-0.01  tp=+50% sl=-50%
  b77 lab0077_s209_w3_1045_1120_r2  prem=$     0  real=$-39.00  open=$ +0.00  lots=0  [-]
       buy: ask-0.01  sell: bid-0.01  tp=+50% sl=-50%
  b79 lab0079_s209_w4_1120_1135_r2  prem=$     0  real=$-53.00  open=$ +0.00  lots=0  [-]
       buy: ask-0.01  sell: bid-0.01  tp=+50% sl=-50%
  b80 lab0080_s210_w1_0928_1005_r1  prem=$     0  real=$+57.00  open=$ +0.00  lots=0  [-]
       buy: ask-0.01  sell: bid-0.01  tp=+50% sl=-50%
  b81 lab0081_s210_w1_0928_1005_r2  prem=$     0  real=$+47.00  open=$ +0.00  lots=0  [-]
       buy: ask-0.01  sell: bid-0.01  tp=+50% sl=-50%
  b82 lab0082_s210_w2_1005_1045_r1  prem=$     0  real=$-70.00  open=$ +0.00  lots=0  [-]
       buy: ask-0.01  sell: bid-0.01  tp=+50% sl=-50%
  b83 lab0083_s210_w2_1005_1045_r2  prem=$     0  real=$+14.00  open=$ +0.00  lots=0  [-]
       buy: ask-0.01  sell: bid-0.01  tp=+50% sl=-50%
  b84 lab0084_s210_w3_1045_1120_r1  prem=$     0  real=$-240.00  open=$ +0.00  lots=0  [-]
       buy: ask-0.01  sell: bid-0.01  tp=+50% sl=-50%
  b85 lab0085_s210_w3_1045_1120_r2  prem=$     0  real=$+25.00  open=$ +0.00  lots=0  [-]
       buy: ask-0.01  sell: bid-0.01  tp=+50% sl=-50%
  b86 lab0086_s210_w4_1120_1135_r1  prem=$     0  real=$+67.00  open=$ +0.00  lots=0  [-]
       buy: ask-0.01  sell: bid-0.01  tp=+50% sl=-50%
  b87 lab0087_s210_w4_1120_1135_r2  prem=$     0  real=$-21.00  open=$ +0.00  lots=0  [-]
       buy: ask-0.01  sell: bid-0.01  tp=+50% sl=-50%
  (291 more active bucket(s) omitted)
  (853 quiet bucket profile(s) — no trades yet)

Alpaca option positions
  AMD260923C00652500  qty=4  cost=$212.00  return=-9.4%  open P&L=$-20.00
  AXP260925C00325000  qty=1  cost=$38.00  return=-47.4%  open P&L=$-18.00
  BAC260925C00058000  qty=7  cost=$469.00  return=-23.9%  open P&L=$-112.00
  CELH260925C00029000  qty=2  cost=$106.00  return=+32.1%  open P&L=$+34.00
  CELH260925C00029500  qty=1  cost=$35.00  return=+25.7%  open P&L=$+9.00
  MARA260925C00011500  qty=-1  cost=$16.00  return=-1218.8%  open P&L=$-195.00
  MARA260925C00012000  qty=-1  cost=$29.00  return=-465.5%  open P&L=$-135.00
  MARA260925C00012500  qty=3  cost=$149.00  return=+127.5%  open P&L=$+190.00
  MDT260925C00094000  qty=2  cost=$138.00  return=-84.1%  open P&L=$-116.00
  NFLX260925C00074000  qty=7  cost=$356.00  return=-31.2%  open P&L=$-111.00
  NFLX261002C00076000  qty=2  cost=$110.00  return=-25.5%  open P&L=$-28.00
  NFLX261002C00077000  qty=1  cost=$41.00  return=-31.7%  open P&L=$-13.00
  NFLX261009C00078000  qty=2  cost=$108.00  return=-22.2%  open P&L=$-24.00

Per-bucket exit stats (all time)
  b0|c000_s173_w1_0928_1005_r1  n= 22  avg=+24.8%  med=+34.9%  realized=$+283.00
  b0|orphan_reconcile     n=398  avg=+3.6%  med=-49.9%  realized=$+415.21
  b100|lab0100_s211_w4_1120_1135_r1  n=  1  avg=+73.6%  med=+73.6%  realized=$+39.00
  b101|lab0101_s211_w4_1120_1135_r2  n=  2  avg=+652.3%  med=+1385.7%  realized=$+54.00
  b104|c104_s164_w1_0928_1005_r4  n=  1  avg=-88.9%  med=-88.9%  realized=$-8.00
  b1052|lab1052_s165_w1_0928_1005_r1  n=  2  avg=+170.4%  med=+194.7%  realized=$+110.00
  b1053|lab1053_s165_w1_0928_1005_r2  n=  2  avg=+165.7%  med=+189.5%  realized=$+107.00
  b1054|lab1054_s165_w2_1005_1045_r1  n=  1  avg=+93.5%  med=+93.5%  realized=$+58.00
  b1055|lab1055_s165_w2_1005_1045_r2  n=  1  avg=+526.3%  med=+526.3%  realized=$+100.00
  b1057|lab1057_s165_w3_1045_1120_r2  n=  1  avg=-53.3%  med=-53.3%  realized=$-32.00
  b1058|lab1058_s165_w4_1120_1135_r1  n=  1  avg=+390.5%  med=+390.5%  realized=$+82.00
  b1059|lab1059_s165_w4_1120_1135_r2  n=  1  avg=+342.9%  med=+342.9%  realized=$+72.00
  b108|c108_s202_w3_1045_1120_r1  n=  1  avg=-33.3%  med=-33.3%  realized=$-1.00
  b1094|lab1094_s167_w1_0928_1005_r1  n=  3  avg=+75.9%  med=+126.0%  realized=$+73.00
  b1095|lab1095_s167_w1_0928_1005_r2  n=  3  avg=+58.7%  med=+106.0%  realized=$+57.00
  b1096|lab1096_s167_w2_1005_1045_r1  n=  2  avg=+238.1%  med=+531.6%  realized=$+70.00
  b1097|lab1097_s167_w2_1005_1045_r2  n=  2  avg=+227.6%  med=+510.5%  realized=$+66.00
  b109|c109_s202_w3_1045_1120_r2  n=  1  avg=-66.7%  med=-66.7%  realized=$-2.00
  b10|c010_s165_w3_1045_1120_r1  n=  8  avg=-37.2%  med=-18.9%  realized=$-205.00
  b1100|lab1100_s167_w4_1120_1135_r1  n=  1  avg=+328.6%  med=+328.6%  realized=$+69.00
  b1101|lab1101_s167_w4_1120_1135_r2  n=  1  avg=+323.8%  med=+323.8%  realized=$+68.00
  b1108|lab1108_s166_w1_0928_1005_r1  n=  1  avg=+160.9%  med=+160.9%  realized=$+74.00
  b1109|lab1109_s166_w1_0928_1005_r2  n=  1  avg=+77.6%  med=+77.6%  realized=$+45.00
  b1110|lab1110_s166_w2_1005_1045_r1  n=  1  avg=+67.2%  med=+67.2%  realized=$+41.00
  b1111|lab1111_s166_w2_1005_1045_r2  n=  1  avg=+72.9%  med=+72.9%  realized=$+43.00
  b1112|lab1112_s166_w3_1045_1120_r1  n=  1  avg=+273.0%  med=+273.0%  realized=$+101.00
  b1113|lab1113_s166_w3_1045_1120_r2  n=  2  avg=+100.9%  med=+135.1%  realized=$+92.00
  b1115|lab1115_s166_w4_1120_1135_r2  n=  1  avg=+55.6%  med=+55.6%  realized=$+40.00
  b1122|lab1122_s168_w1_0928_1005_r1  n=  3  avg=+72.4%  med=+50.0%  realized=$+46.00
  b1123|lab1123_s168_w1_0928_1005_r2  n=  3  avg=+55.9%  med=+53.3%  realized=$+36.00
  b1124|lab1124_s168_w2_1005_1045_r1  n=  2  avg=+91.2%  med=+248.6%  realized=$+50.00
  b1125|lab1125_s168_w2_1005_1045_r2  n=  2  avg=+75.5%  med=+217.1%  realized=$+39.00
  b1126|lab1126_s168_w3_1045_1120_r1  n=  3  avg=+66.9%  med=+116.2%  realized=$+67.00
  b1127|lab1127_s168_w3_1045_1120_r2  n=  3  avg=+49.1%  med=+102.7%  realized=$+47.00
  b1128|lab1128_s168_w4_1120_1135_r1  n=  2  avg=+120.5%  med=+272.2%  realized=$+83.00
  b1129|lab1129_s168_w4_1120_1135_r2  n=  2  avg=+101.7%  med=+255.6%  realized=$+67.00
  b1136|lab1136_s163_w1_0928_1005_r1  n=  3  avg=-8.7%  med=-51.4%  realized=$+6.00
  b1137|lab1137_s163_w1_0928_1005_r2  n=  3  avg=-19.2%  med=-61.9%  realized=$-7.00
  b1138|lab1138_s163_w2_1005_1045_r1  n=  2  avg=+133.6%  med=+200.0%  realized=$+111.00
  b1139|lab1139_s163_w2_1005_1045_r2  n=  2  avg=+138.1%  med=+205.7%  realized=$+115.00
  b1140|lab1140_s163_w3_1045_1120_r1  n=  4  avg=+34.6%  med=+73.0%  realized=$+59.00
  b1141|lab1141_s163_w3_1045_1120_r2  n=  4  avg=+35.5%  med=+74.6%  realized=$+64.00
  b1142|lab1142_s163_w4_1120_1135_r1  n=  1  avg=-72.9%  med=-72.9%  realized=$-35.00
  b1143|lab1143_s163_w4_1120_1135_r2  n=  2  avg=+27.6%  med=+128.1%  realized=$+6.00
  b1150|lab1150_s164_w1_0928_1005_r1  n=  3  avg=+77.6%  med=+156.0%  realized=$+80.00
  b1151|lab1151_s164_w1_0928_1005_r2  n=  3  avg=+70.4%  med=+124.0%  realized=$+66.00
  b1152|lab1152_s164_w2_1005_1045_r1  n=  2  avg=+216.7%  med=+531.6%  realized=$+46.00
  b1153|lab1153_s164_w2_1005_1045_r2  n=  2  avg=+242.5%  med=+542.1%  realized=$+71.00
  b1154|lab1154_s164_w3_1045_1120_r1  n=  1  avg=-50.0%  med=-50.0%  realized=$-30.00
  b1155|lab1155_s164_w3_1045_1120_r2  n=  1  avg=-48.1%  med=-48.1%  realized=$-25.00
  b1156|lab1156_s164_w4_1120_1135_r1  n=  1  avg=+342.9%  med=+342.9%  realized=$+72.00
  b1157|lab1157_s164_w4_1120_1135_r2  n=  1  avg=+323.8%  med=+323.8%  realized=$+68.00
  b132|c132_s164_w1_0928_1005_r5  n=  2  avg=-65.7%  med=-53.6%  realized=$-37.00
  b135|c135_s164_w4_1120_1135_r5  n=  1  avg=-50.0%  med=-50.0%  realized=$-4.00
  b164|lab0164_s216_w1_0928_1005_r1  n=  7  avg=+7.9%  med=-37.0%  realized=$-37.00
  b165|lab0165_s216_w1_0928_1005_r2  n= 10  avg=+14.1%  med=-37.0%  realized=$+14.00
  b166|lab0166_s216_w2_1005_1045_r1  n=  9  avg=+22.7%  med=-63.4%  realized=$-196.00
  b167|lab0167_s216_w2_1005_1045_r2  n= 11  avg=+3.0%  med=-63.2%  realized=$-191.00
  b168|lab0168_s216_w3_1045_1120_r1  n=  6  avg=-76.4%  med=-72.0%  realized=$-181.00
  b169|lab0169_s216_w3_1045_1120_r2  n=  8  avg=-37.5%  med=-52.3%  realized=$-124.00
  b16|lab0016_s202_w1_0928_1005_r1  n=  2  avg=-51.0%  med=-38.1%  realized=$-47.00
  b170|lab0170_s216_w4_1120_1135_r1  n=  2  avg=-64.0%  med=-63.6%  realized=$-71.00
  b171|lab0171_s216_w4_1120_1135_r2  n=  4  avg=-41.7%  med=-47.5%  realized=$-71.00
  b178|lab0178_s217_w1_0928_1005_r1  n=  2  avg=+85.4%  med=+104.8%  realized=$+97.00
  b179|lab0179_s217_w1_0928_1005_r2  n=  2  avg=+70.8%  med=+90.5%  realized=$+81.00
  b17|lab0017_s202_w1_0928_1005_r2  n=  2  avg=-70.9%  med=-65.6%  realized=$-56.00
  b180|lab0180_s217_w2_1005_1045_r1  n= 15  avg=+86.7%  med=+53.9%  realized=$+362.00
  b181|lab0181_s217_w2_1005_1045_r2  n= 17  avg=+65.8%  med=-46.1%  realized=$+239.00
  b182|lab0182_s217_w3_1045_1120_r1  n=  8  avg=-39.7%  med=-43.8%  realized=$-134.00
  b183|lab0183_s217_w3_1045_1120_r2  n= 12  avg=-34.3%  med=-54.4%  realized=$-153.00
  b184|lab0184_s217_w4_1120_1135_r1  n=  2  avg=-77.5%  med=-77.5%  realized=$-62.00
  b185|lab0185_s217_w4_1120_1135_r2  n=  3  avg=-16.3%  med=-52.2%  realized=$-7.00
  b18|lab0018_s202_w2_1005_1045_r1  n=  1  avg=-74.4%  med=-74.4%  realized=$-29.00
  b192|lab0192_s218_w1_0928_1005_r1  n=  9  avg=+20.6%  med=+50.0%  realized=$+114.00
  b193|lab0193_s218_w1_0928_1005_r2  n= 11  avg=+29.4%  med=+36.4%  realized=$+177.00
  b194|lab0194_s218_w2_1005_1045_r1  n= 19  avg=-7.5%  med=-37.5%  realized=$-118.00
  b195|lab0195_s218_w2_1005_1045_r2  n= 20  avg=+35.9%  med=+58.8%  realized=$+243.00
  b196|lab0196_s218_w3_1045_1120_r1  n=  8  avg=+139.1%  med=+52.2%  realized=$+165.00
  b197|lab0197_s218_w3_1045_1120_r2  n=  8  avg=+140.6%  med=+47.8%  realized=$+283.00
  b198|lab0198_s218_w4_1120_1135_r1  n=  3  avg=+108.5%  med=+108.5%  realized=$+150.00
  b199|lab0199_s218_w4_1120_1135_r2  n=  4  avg=+72.4%  med=+112.8%  realized=$+124.00
  b19|lab0019_s202_w2_1005_1045_r2  n=  2  avg=-51.5%  med=-46.7%  realized=$-43.00
  b1|c001_s173_w2_1005_1045_r1  n= 10  avg=-65.0%  med=-64.9%  realized=$-406.00
  b20|c020_s164_w1_0928_1005_r1  n=  9  avg=-11.2%  med=-14.3%  realized=$-19.00
  b20|c020_s173_w1_0928_1005_r2  n= 21  avg=+1.0%  med=-3.6%  realized=$+6.00
  b20|lab0020_s202_w3_1045_1120_r1  n=  1  avg=-42.9%  med=-42.9%  realized=$-6.00
  b21|c021_s164_w2_1005_1045_r1  n=  8  avg=-61.7%  med=-56.1%  realized=$-308.00
  b21|c021_s173_w2_1005_1045_r2  n= 23  avg=-55.2%  med=-72.1%  realized=$-863.00
  b21|lab0021_s202_w3_1045_1120_r2  n=  2  avg=-53.6%  med=-50.0%  realized=$-24.00
  b222|lab0222_s400_w2_1005_1045_r1  n=  1  avg=-50.0%  med=-50.0%  realized=$-4.00
  b223|lab0223_s400_w2_1005_1045_r2  n=  1  avg=-50.0%  med=-50.0%  realized=$-4.00
  b224|lab0224_s400_w3_1045_1120_r1  n=  1  avg=-66.7%  med=-66.7%  realized=$-10.00
  b225|lab0225_s400_w3_1045_1120_r2  n=  2  avg=-7.3%  med=+52.1%  realized=$+15.00
  b227|lab0227_s400_w4_1120_1135_r2  n=  1  avg=-22.2%  med=-22.2%  realized=$-2.00
  b22|c022_s164_w3_1045_1120_r1  n=  6  avg=-28.3%  med=-55.7%  realized=$-115.00
  b22|c022_s173_w3_1045_1120_r2  n= 11  avg=-35.9%  med=-54.2%  realized=$-224.00
  b234|lab0234_s401_w1_0928_1005_r1  n= 12  avg=+58.7%  med=-36.6%  realized=$-138.00
  b235|lab0235_s401_w1_0928_1005_r2  n= 15  avg=+133.1%  med=-23.7%  realized=$+107.00
  b236|c236_s218_w3_1045_1120_r1  n=  1  avg=-33.3%  med=-33.3%  realized=$-1.00
  b236|lab0236_s401_w2_1005_1045_r1  n= 15  avg=-15.8%  med=-38.1%  realized=$-183.00
  b237|c237_s218_w3_1045_1120_r2  n=  1  avg=-66.7%  med=-66.7%  realized=$-2.00
  b237|lab0237_s401_w2_1005_1045_r2  n= 18  avg=+22.4%  med=+50.0%  realized=$+97.00
  b238|lab0238_s401_w3_1045_1120_r1  n= 19  avg=+158.1%  med=+104.7%  realized=$+999.00
  b239|lab0239_s401_w3_1045_1120_r2  n= 17  avg=+101.5%  med=+30.2%  realized=$+254.00
  b23|c023_s164_w4_1120_1135_r1  n=  2  avg=-67.7%  med=-67.7%  realized=$-84.00
  b23|c023_s173_w4_1120_1135_r2  n=  3  avg=-25.0%  med=-61.5%  realized=$-41.00
  b240|lab0240_s401_w4_1120_1135_r1  n= 12  avg=+38.8%  med=+21.1%  realized=$+136.00
  b241|lab0241_s401_w4_1120_1135_r2  n=  9  avg=-22.4%  med=-17.5%  realized=$-118.00
  b25|c025_s168_w2_1005_1045_r1  n=  2  avg=-20.7%  med=-19.6%  realized=$-19.00
  b25|c025_s174_w2_1005_1045_r2  n= 18  avg=-33.0%  med=-21.7%  realized=$-333.00
  b262|lab0262_s403_w1_0928_1005_r1  n=  3  avg=+40.1%  med=+65.4%  realized=$+63.00
  b263|lab0263_s403_w1_0928_1005_r2  n=  9  avg=+58.2%  med=+51.7%  realized=$+221.00
  b264|lab0264_s403_w2_1005_1045_r1  n=  9  avg=+28.1%  med=+46.0%  realized=$+103.00
  b265|lab0265_s403_w2_1005_1045_r2  n= 11  avg=+21.5%  med=+49.0%  realized=$+110.00
  b266|lab0266_s403_w3_1045_1120_r1  n=  5  avg=+46.0%  med=+66.7%  realized=$+75.00
  b267|lab0267_s403_w3_1045_1120_r2  n=  7  avg=+31.2%  med=+57.1%  realized=$+73.00
  b268|lab0268_s403_w4_1120_1135_r1  n=  4  avg=+158.4%  med=+320.0%  realized=$+152.00
  b269|lab0269_s403_w4_1120_1135_r2  n=  7  avg=+96.9%  med=+57.6%  realized=$+211.00
  b26|c026_s174_w3_1045_1120_r2  n=  1  avg=-53.1%  med=-53.1%  realized=$-26.00
  b276|lab0276_s350_w1_0928_1005_r1  n= 10  avg=+61.5%  med=+102.9%  realized=$+227.00
  b277|lab0277_s350_w1_0928_1005_r2  n=  8  avg=+94.3%  med=+157.9%  realized=$+266.00
  b278|lab0278_s350_w2_1005_1045_r1  n= 13  avg=+37.3%  med=+0.0%  realized=$+58.00
  b279|lab0279_s350_w2_1005_1045_r2  n= 14  avg=+56.2%  med=-28.3%  realized=$+163.00
  b280|lab0280_s351_w1_0928_1005_r1  n=  9  avg=+122.7%  med=+171.9%  realized=$+322.00
  b281|lab0281_s351_w1_0928_1005_r2  n=  9  avg=+103.1%  med=+110.5%  realized=$+347.00
  b282|lab0282_s351_w2_1005_1045_r1  n= 11  avg=-7.6%  med=-61.9%  realized=$-114.00
  b283|lab0283_s351_w2_1005_1045_r2  n= 12  avg=-5.4%  med=-50.0%  realized=$-97.00
  b284|lab0284_s351_w3_1045_1120_r1  n=  3  avg=-54.1%  med=-52.2%  realized=$-59.00
  b285|lab0285_s351_w3_1045_1120_r2  n=  5  avg=+55.0%  med=-33.3%  realized=$+4.00
  b286|lab0286_s351_w4_1120_1135_r1  n=  6  avg=-14.7%  med=-75.5%  realized=$-99.00
  b287|lab0287_s351_w4_1120_1135_r2  n=  9  avg=-16.6%  med=-48.7%  realized=$-108.00
  b288|lab0288_s352_w1_0928_1005_r1  n=  5  avg=+107.9%  med=+100.0%  realized=$+85.00
  b289|lab0289_s352_w1_0928_1005_r2  n=  5  avg=+80.9%  med=+93.8%  realized=$+67.00
  b28|c028_s165_w1_0928_1005_r2  n= 17  avg=+49.5%  med=+80.0%  realized=$+448.00
  b28|c028_s173_w1_0928_1005_r2  n=  5  avg=+51.6%  med=+80.0%  realized=$+142.00
  b290|lab0290_s352_w2_1005_1045_r1  n=  7  avg=+62.6%  med=-17.6%  realized=$+73.00
  b291|lab0291_s352_w2_1005_1045_r2  n=  8  avg=+75.9%  med=-48.2%  realized=$+116.00
  b292|lab0292_s352_w3_1045_1120_r1  n=  8  avg=+50.1%  med=+13.0%  realized=$-6.00
  b293|lab0293_s352_w3_1045_1120_r2  n=  9  avg=+67.7%  med=+39.1%  realized=$+46.00
  b294|lab0294_s352_w4_1120_1135_r1  n=  4  avg=+17.7%  med=-71.4%  realized=$-72.00
  b295|lab0295_s352_w4_1120_1135_r2  n=  4  avg=+18.9%  med=-75.0%  realized=$-72.00
  b296|lab0296_s353_w1_0928_1005_r1  n=  5  avg=+110.2%  med=+123.7%  realized=$+118.00
  b297|lab0297_s353_w1_0928_1005_r2  n=  5  avg=+81.5%  med=+79.0%  realized=$+83.00
  b298|lab0298_s353_w2_1005_1045_r1  n= 11  avg=+11.2%  med=-34.7%  realized=$-53.00
  b299|lab0299_s353_w2_1005_1045_r2  n=  7  avg=-32.4%  med=-72.7%  realized=$-142.00
  b29|c029_s165_w2_1005_1045_r2  n=  9  avg=-23.3%  med=-50.0%  realized=$-221.00
  b29|c029_s173_w2_1005_1045_r2  n=  2  avg=-69.3%  med=-48.5%  realized=$-78.00
  b2|c002_s173_w3_1045_1120_r1  n= 15  avg=+67.7%  med=+32.8%  realized=$+707.00
  b300|lab0300_s353_w3_1045_1120_r1  n=  3  avg=+184.9%  med=-94.1%  realized=$-44.00
  b301|lab0301_s353_w3_1045_1120_r2  n=  1  avg=+942.9%  med=+942.9%  realized=$+66.00
  b302|lab0302_s353_w4_1120_1135_r1  n=  2  avg=+214.9%  med=+333.3%  realized=$+98.00
  b303|lab0303_s353_w4_1120_1135_r2  n=  3  avg=+158.5%  med=+93.1%  realized=$+121.00
  b304|lab0304_s354_w1_0928_1005_r1  n=  5  avg=+19.8%  med=+24.0%  realized=$+47.00
  b305|lab0305_s354_w1_0928_1005_r2  n=  5  avg=+2.5%  med=-51.6%  realized=$+2.00
  b306|lab0306_s354_w2_1005_1045_r1  n=  9  avg=-17.2%  med=-70.6%  realized=$-108.00
  b307|lab0307_s354_w2_1005_1045_r2  n= 10  avg=-18.9%  med=-68.6%  realized=$-50.00
  b308|lab0308_s354_w3_1045_1120_r1  n=  9  avg=+3.0%  med=-50.8%  realized=$-4.00
  b309|lab0309_s354_w3_1045_1120_r2  n=  9  avg=-5.5%  med=-52.3%  realized=$-49.00
  b30|c030_s165_w3_1045_1120_r2  n=  9  avg=+38.8%  med=+0.0%  realized=$+260.00
  b30|c030_s173_w3_1045_1120_r2  n=  2  avg=-9.5%  med=+0.0%  realized=$-14.00
  b310|lab0310_s354_w4_1120_1135_r1  n=  5  avg=+12.6%  med=-33.3%  realized=$+74.00
  b311|lab0311_s354_w4_1120_1135_r2  n=  5  avg=+32.1%  med=-72.9%  realized=$+107.00
  b312|lab0312_s355_w1_0928_1005_r1  n=  8  avg=-25.6%  med=-53.5%  realized=$-95.00
  b313|lab0313_s355_w1_0928_1005_r2  n=  7  avg=-6.9%  med=-48.8%  realized=$-31.00
  b314|lab0314_s355_w2_1005_1045_r1  n= 12  avg=-7.9%  med=-63.4%  realized=$-59.00
  b315|lab0315_s355_w2_1005_1045_r2  n= 13  avg=-10.4%  med=-41.3%  realized=$-69.00
  b316|lab0316_s355_w3_1045_1120_r1  n=  5  avg=+6.7%  med=-50.0%  realized=$+33.00
  b317|lab0317_s355_w3_1045_1120_r2  n= 10  avg=+70.5%  med=+57.1%  realized=$+320.00
  b318|lab0318_s355_w4_1120_1135_r1  n=  6  avg=+57.7%  med=+84.6%  realized=$+119.00
  b319|lab0319_s355_w4_1120_1135_r2  n=  6  avg=+60.7%  med=+59.4%  realized=$+133.00
  b31|c031_s165_w4_1120_1135_r2  n=  2  avg=+145.5%  med=+175.8%  realized=$+192.00
  b320|lab0320_s356_w1_0928_1005_r1  n=  4  avg=+18.8%  med=+37.9%  realized=$+34.00
  b321|lab0321_s356_w1_0928_1005_r2  n=  4  avg=+28.1%  med=+58.6%  realized=$+56.00
  b322|lab0322_s356_w2_1005_1045_r1  n=  3  avg=-12.4%  med=-21.6%  realized=$-21.00
  b323|lab0323_s356_w2_1005_1045_r2  n=  3  avg=-9.0%  med=-18.9%  realized=$-16.00
  b324|lab0324_s356_w3_1045_1120_r1  n=  4  avg=-5.4%  med=-25.0%  realized=$-12.00
  b325|lab0325_s356_w3_1045_1120_r2  n=  4  avg=-1.7%  med=-19.4%  realized=$-6.00
  b326|lab0326_s356_w4_1120_1135_r1  n=  2  avg=+76.1%  med=+100.0%  realized=$+68.00
  b327|lab0327_s356_w4_1120_1135_r2  n=  3  avg=+19.3%  med=+52.0%  realized=$+20.00
  b328|lab0328_s357_w1_0928_1005_r1  n=  3  avg=+3.8%  med=+47.1%  realized=$+7.00
  b329|lab0329_s357_w1_0928_1005_r2  n=  3  avg=+3.8%  med=+47.1%  realized=$+7.00
  b330|lab0330_s357_w2_1005_1045_r1  n=  2  avg=+34.9%  med=+131.4%  realized=$+27.00
  b331|lab0331_s357_w2_1005_1045_r2  n=  3  avg=-10.7%  med=-56.9%  realized=$-19.00
  b332|lab0332_s357_w3_1045_1120_r1  n=  5  avg=+66.7%  med=+73.7%  realized=$+190.00
  b333|lab0333_s357_w3_1045_1120_r2  n=  6  avg=+66.3%  med=+71.9%  realized=$+228.00
  b334|lab0334_s357_w4_1120_1135_r1  n=  1  avg=+81.2%  med=+81.2%  realized=$+39.00
  b335|lab0335_s357_w4_1120_1135_r2  n=  2  avg=+54.6%  med=+57.1%  realized=$+53.00
  b340|lab0340_s358_w3_1045_1120_r1  n=  1  avg=-51.4%  med=-51.4%  realized=$-37.00
  b341|lab0341_s358_w3_1045_1120_r2  n=  1  avg=-51.4%  med=-51.4%  realized=$-37.00
  b342|lab0342_s358_w4_1120_1135_r1  n=  1  avg=+53.1%  med=+53.1%  realized=$+26.00
  b343|lab0343_s358_w4_1120_1135_r2  n=  1  avg=+55.1%  med=+55.1%  realized=$+27.00
  b344|lab0344_s359_w1_0928_1005_r1  n=  5  avg=+37.9%  med=+46.7%  realized=$-33.00
  b345|lab0345_s359_w1_0928_1005_r2  n=  7  avg=+22.2%  med=-50.0%  realized=$-14.00
  b346|lab0346_s359_w2_1005_1045_r1  n= 12  avg=+62.3%  med=-46.7%  realized=$-60.00
  b347|lab0347_s359_w2_1005_1045_r2  n= 11  avg=+69.0%  med=-44.4%  realized=$-16.00
  b362|lab0362_s361_w1_0928_1005_r1  n=  6  avg=-13.8%  med=-30.4%  realized=$-71.00
  b363|lab0363_s361_w1_0928_1005_r2  n=  7  avg=-12.8%  med=-30.4%  realized=$-76.00
  b364|lab0364_s361_w2_1005_1045_r1  n=  9  avg=+126.2%  med=+81.8%  realized=$+88.00
  b365|lab0365_s361_w2_1005_1045_r2  n= 12  avg=+173.8%  med=+82.8%  realized=$+310.00
  b366|lab0366_s361_w3_1045_1120_r1  n=  3  avg=+351.3%  med=+61.1%  realized=$+59.00
  b367|lab0367_s361_w3_1045_1120_r2  n= 11  avg=+67.9%  med=-50.0%  realized=$-90.00
  b368|lab0368_s361_w4_1120_1135_r1  n=  3  avg=+103.8%  med=+71.4%  realized=$+37.00
  b369|lab0369_s361_w4_1120_1135_r2  n=  4  avg=+110.2%  med=+100.0%  realized=$+60.00
  b376|lab0376_s362_w1_0928_1005_r1  n=  8  avg=+1.2%  med=+8.7%  realized=$-21.00
  b377|lab0377_s362_w1_0928_1005_r2  n=  9  avg=+10.8%  med=+13.0%  realized=$+10.00
  b378|lab0378_s362_w2_1005_1045_r1  n=  5  avg=+239.7%  med=+70.6%  realized=$+163.00
  b379|lab0379_s362_w2_1005_1045_r2  n=  9  avg=+132.5%  med=+60.5%  realized=$+219.00
  b380|lab0380_s362_w3_1045_1120_r1  n=  7  avg=+183.1%  med=+103.3%  realized=$+226.00
  b381|lab0381_s362_w3_1045_1120_r2  n=  7  avg=+182.6%  med=+108.3%  realized=$+245.00
  b382|lab0382_s362_w4_1120_1135_r1  n=  3  avg=+463.7%  med=+323.8%  realized=$+376.00
  b383|lab0383_s362_w4_1120_1135_r2  n=  3  avg=+490.7%  med=+309.5%  realized=$+402.00
  b390|lab0390_s363_w1_0928_1005_r1  n=  3  avg=-13.7%  med=-49.1%  realized=$-60.00
  b391|lab0391_s363_w1_0928_1005_r2  n=  2  avg=+26.2%  med=+103.2%  realized=$+4.00
  b392|lab0392_s363_w2_1005_1045_r1  n=  8  avg=-41.2%  med=-65.4%  realized=$-222.00
  b393|lab0393_s363_w2_1005_1045_r2  n=  8  avg=-39.0%  med=-53.9%  realized=$-210.00
  b394|lab0394_s363_w3_1045_1120_r1  n=  5  avg=-46.4%  med=-81.0%  realized=$-150.00
  b395|lab0395_s363_w3_1045_1120_r2  n=  5  avg=-44.5%  med=-82.5%  realized=$-149.00
  b396|lab0396_s363_w4_1120_1135_r1  n=  2  avg=-15.1%  med=+44.7%  realized=$-19.00
  b397|lab0397_s363_w4_1120_1135_r2  n=  5  avg=-33.2%  med=-77.1%  realized=$-75.00
  b3|c003_s173_w4_1120_1135_r1  n= 17  avg=+131.0%  med=-50.0%  realized=$+1,311.00
  b404|lab0404_s364_w1_0928_1005_r1  n=  4  avg=-15.3%  med=-2.9%  realized=$-61.00
  b405|lab0405_s364_w1_0928_1005_r2  n=  5  avg=-6.0%  med=-5.9%  realized=$-44.00
  b406|lab0406_s364_w2_1005_1045_r1  n= 10  avg=-17.6%  med=-44.2%  realized=$-159.00
  b407|lab0407_s364_w2_1005_1045_r2  n= 11  avg=-12.3%  med=-42.3%  realized=$-90.00
  b408|lab0408_s364_w3_1045_1120_r1  n=  8  avg=+2.4%  med=+66.7%  realized=$-41.00
  b409|lab0409_s364_w3_1045_1120_r2  n= 10  avg=+0.0%  med=+53.1%  realized=$-54.00
  b40|c040_s166_w1_0928_1005_r2  n=  6  avg=-37.2%  med=-12.7%  realized=$-142.00
  b40|c040_s173_w1_0928_1005_r3  n= 23  avg=+12.9%  med=-15.4%  realized=$-90.00
  b410|lab0410_s364_w4_1120_1135_r1  n=  7  avg=+72.6%  med=+39.5%  realized=$+171.00
  b411|lab0411_s364_w4_1120_1135_r2  n=  4  avg=+137.5%  med=+188.9%  realized=$+189.00
  b418|lab0418_s365_w1_0928_1005_r1  n=  3  avg=+20.9%  med=+67.3%  realized=$+24.00
  b419|lab0419_s365_w1_0928_1005_r2  n=  4  avg=+17.6%  med=+56.1%  realized=$+28.00
  b41|c041_s166_w2_1005_1045_r2  n=  3  avg=-62.0%  med=-61.4%  realized=$-106.00
  b41|c041_s173_w2_1005_1045_r3  n= 13  avg=-48.5%  med=-66.7%  realized=$-452.00
  b420|lab0420_s365_w2_1005_1045_r1  n=  2  avg=+2.8%  med=+54.0%  realized=$-2.00
  b421|lab0421_s365_w2_1005_1045_r2  n=  3  avg=-21.3%  med=-48.3%  realized=$-40.00
  b422|lab0422_s365_w3_1045_1120_r1  n=  3  avg=+33.1%  med=+63.6%  realized=$+25.00
  b423|lab0423_s365_w3_1045_1120_r2  n=  3  avg=+28.9%  med=+63.6%  realized=$+20.00
  b424|lab0424_s365_w4_1120_1135_r1  n=  5  avg=-10.7%  med=+0.0%  realized=$-24.00
  b425|lab0425_s365_w4_1120_1135_r2  n=  3  avg=+109.8%  med=+54.8%  realized=$+124.00
  b42|c042_s166_w3_1045_1120_r2  n=  6  avg=+115.7%  med=+21.4%  realized=$+489.00
  b42|c042_s173_w3_1045_1120_r3  n= 13  avg=+31.1%  med=-8.3%  realized=$+262.00
  b432|lab0432_s366_w1_0928_1005_r1  n=  1  avg=-56.9%  med=-56.9%  realized=$-37.00
  b433|lab0433_s366_w1_0928_1005_r2  n=  1  avg=-56.9%  med=-56.9%  realized=$-37.00
  b434|lab0434_s366_w2_1005_1045_r1  n=  2  avg=+19.6%  med=+96.1%  realized=$+12.00
  b435|lab0435_s366_w2_1005_1045_r2  n=  3  avg=+20.7%  med=+49.0%  realized=$+23.00
  b436|lab0436_s366_w3_1045_1120_r1  n=  1  avg=-51.7%  med=-51.7%  realized=$-30.00
  b437|lab0437_s366_w3_1045_1120_r2  n=  1  avg=-53.5%  med=-53.5%  realized=$-31.00
  b438|lab0438_s366_w4_1120_1135_r1  n=  2  avg=+22.6%  med=+94.3%  realized=$+22.00
  b439|lab0439_s366_w4_1120_1135_r2  n=  2  avg=+26.4%  med=+101.9%  realized=$+26.00
  b43|c043_s166_w4_1120_1135_r2  n=  7  avg=+62.0%  med=+41.9%  realized=$+281.00
  b43|c043_s173_w4_1120_1135_r3  n=  8  avg=+58.7%  med=+53.2%  realized=$+241.00
  b449|lab0449_s367_w2_1005_1045_r2  n=  1  avg=-48.9%  med=-48.9%  realized=$-22.00
  b450|lab0450_s367_w3_1045_1120_r1  n=  1  avg=-51.4%  med=-51.4%  realized=$-37.00
  b451|lab0451_s367_w3_1045_1120_r2  n=  1  avg=-25.0%  med=-25.0%  realized=$-18.00
  b46|c046_s174_w3_1045_1120_r3  n=  3  avg=-89.7%  med=-89.7%  realized=$-156.00
  b47|c047_s163_w4_1120_1135_r2  n=  3  avg=-79.7%  med=-78.0%  realized=$-141.00
  b47|c047_s174_w4_1120_1135_r3  n= 25  avg=-73.4%  med=-78.0%  realized=$-1,155.00
  b48|c048_s164_w1_0928_1005_r2  n=  5  avg=-33.1%  med=-49.1%  realized=$-91.00
  b48|c048_s165_w1_0928_1005_r3  n= 16  avg=-35.9%  med=-49.1%  realized=$-344.00
  b49|c049_s164_w2_1005_1045_r2  n=  4  avg=-51.8%  med=-44.0%  realized=$-133.00
  b49|c049_s165_w2_1005_1045_r3  n= 15  avg=-49.3%  med=-49.1%  realized=$-458.00
  b50|c050_s164_w3_1045_1120_r2  n=  4  avg=-39.6%  med=-16.7%  realized=$-115.00
  b50|c050_s165_w3_1045_1120_r3  n=  9  avg=-23.6%  med=-23.1%  realized=$-142.00
  b51|c051_s165_w4_1120_1135_r3  n=  1  avg=+263.6%  med=+263.6%  realized=$+174.00
  b56|g056_lim_tp20_sl65  n=  1  avg=+47.7%  med=+47.7%  realized=$+20.52
  b57|g057_mid_tp20_sl65  n=  1  avg=+47.7%  med=+47.7%  realized=$+20.52
  b58|g058_eod_tp20_sl65  n=  1  avg=+59.1%  med=+59.1%  realized=$+25.41
  b60|c060_s167_w1_0928_1005_r3  n=  3  avg=-55.8%  med=-62.8%  realized=$-98.00
  b60|c060_s173_w1_0928_1005_r4  n= 13  avg=-5.1%  med=-13.6%  realized=$-99.00
  b61|c061_s167_w2_1005_1045_r3  n=  5  avg=-54.6%  med=-50.9%  realized=$-160.00
  b61|c061_s173_w2_1005_1045_r4  n=  8  avg=-37.3%  med=-50.0%  realized=$-208.00
  b62|c062_s167_w3_1045_1120_r3  n=  8  avg=-51.8%  med=-64.2%  realized=$-286.00
  b62|c062_s173_w3_1045_1120_r4  n= 20  avg=+182.8%  med=-58.3%  realized=$-183.00
  b63|c063_s167_w4_1120_1135_r3  n=  2  avg=-54.8%  med=-54.8%  realized=$-68.00
  b63|c063_s173_w4_1120_1135_r4  n=  1  avg=-46.1%  med=-46.1%  realized=$-24.00
  b63|g063_mid_tp20_sl65  n=  1  avg=+23.3%  med=+23.3%  realized=$+18.63
  b64|c064_s174_w1_0928_1005_r4  n=  3  avg=-93.3%  med=-93.3%  realized=$-168.00
  b64|g064_eod_tp20_sl65  n=  1  avg=+34.2%  med=+34.2%  realized=$+27.40
  b65|c065_s174_w2_1005_1045_r4  n=  8  avg=-45.7%  med=-45.2%  realized=$-238.00
  b65|g065_lim_tp20_sl65  n=  1  avg=+23.3%  med=+23.3%  realized=$+18.63
  b66|c066_s174_w3_1045_1120_r4  n=  1  avg=-52.5%  med=-52.5%  realized=$-31.00
  b66|g066_mid_tp20_sl65  n=  1  avg=+23.3%  med=+23.3%  realized=$+18.63
  b67|c067_s174_w4_1120_1135_r4  n=  1  avg=-45.8%  med=-45.8%  realized=$-27.00
  b67|g067_eod_tp20_sl65  n=  1  avg=+34.2%  med=+34.2%  realized=$+27.40
  b68|c068_s165_w1_0928_1005_r4  n= 16  avg=-51.3%  med=-49.1%  realized=$-446.00
  b68|c068_s166_w1_0928_1005_r3  n=  4  avg=-52.7%  med=-49.1%  realized=$-116.00
  b69|c069_s165_w2_1005_1045_r4  n= 11  avg=+19.0%  med=-43.6%  realized=$-179.00
  b69|c069_s166_w2_1005_1045_r3  n=  4  avg=+10.1%  med=-40.0%  realized=$-87.00
  b70|c070_s165_w3_1045_1120_r4  n= 11  avg=-2.1%  med=-16.9%  realized=$-6.00
  b70|c070_s166_w3_1045_1120_r3  n=  4  avg=-42.5%  med=-27.0%  realized=$-124.00
  b70|g070_eod_tp30_sl20  n=  1  avg=+59.1%  med=+59.1%  realized=$+27.77
  b71|g071_lim_tp30_sl20  n=  1  avg=+36.5%  med=+36.5%  realized=$+23.73
  b72|g072_mid_tp30_sl20  n=  1  avg=+36.5%  med=+36.5%  realized=$+23.73
  b73|g073_eod_tp30_sl20  n=  1  avg=+55.6%  med=+55.6%  realized=$+36.11
  b73|lab0073_s209_w1_0928_1005_r2  n=  1  avg=-64.7%  med=-64.7%  realized=$-11.00
  b74|g074_lim_tp30_sl20  n=  1  avg=+36.5%  med=+36.5%  realized=$+23.73
  b74|lab0074_s209_w2_1005_1045_r1  n=  1  avg=-58.2%  med=-58.2%  realized=$-39.00
  b75|g075_mid_tp30_sl20  n=  1  avg=+36.5%  med=+36.5%  realized=$+23.73
  b75|lab0075_s209_w2_1005_1045_r2  n=  2  avg=-50.8%  med=-50.8%  realized=$-68.00
  b768|lab0768_s396_w1_0928_1005_r1  n=  2  avg=+89.0%  med=+93.1%  realized=$+118.00
  b769|lab0769_s396_w1_0928_1005_r2  n=  2  avg=+106.2%  med=+116.7%  realized=$+139.00
  b76|c076_s164_w1_0928_1005_r3  n=  1  avg=-50.0%  med=-50.0%  realized=$-2.00
  b76|g076_eod_tp30_sl20  n=  1  avg=+34.2%  med=+34.2%  realized=$+27.40
  b771|lab0771_s396_w2_1005_1045_r2  n=  1  avg=-82.2%  med=-82.2%  realized=$-60.00
  b775|lab0775_s396_w4_1120_1135_r2  n=  1  avg=+74.6%  med=+74.6%  realized=$+44.00
  b776|lab0776_s397_w1_0928_1005_r1  n=  3  avg=-38.5%  med=-64.9%  realized=$-74.00
  b777|lab0777_s397_w1_0928_1005_r2  n=  6  avg=+22.9%  med=+38.6%  realized=$+72.00
  b778|lab0778_s397_w2_1005_1045_r1  n=  8  avg=+67.0%  med=+73.0%  realized=$+342.00
  b779|lab0779_s397_w2_1005_1045_r2  n=  7  avg=+64.7%  med=+61.9%  realized=$+306.00
  b77|g077_lim_tp30_sl20  n=  1  avg=-23.3%  med=-23.3%  realized=$-18.63
  b77|lab0077_s209_w3_1045_1120_r2  n=  1  avg=-70.9%  med=-70.9%  realized=$-39.00
  b780|lab0780_s397_w3_1045_1120_r1  n=  3  avg=+43.8%  med=+74.3%  realized=$+81.00
  b781|lab0781_s397_w3_1045_1120_r2  n=  6  avg=+24.3%  med=+71.8%  realized=$+136.00
  b782|lab0782_s397_w4_1120_1135_r1  n=  1  avg=-54.0%  med=-54.0%  realized=$-34.00
  b783|lab0783_s397_w4_1120_1135_r2  n=  3  avg=+66.9%  med=+105.1%  realized=$+123.00
  b784|lab0784_s398_w1_0928_1005_r1  n=  5  avg=+37.3%  med=+49.0%  realized=$+70.00
  b785|lab0785_s398_w1_0928_1005_r2  n=  6  avg=+9.2%  med=+49.0%  realized=$+37.00
  b786|lab0786_s398_w2_1005_1045_r1  n= 10  avg=+1.1%  med=+3.3%  realized=$-27.00
  b787|lab0787_s398_w2_1005_1045_r2  n=  5  avg=+36.0%  med=+61.3%  realized=$+57.00
  b788|lab0788_s398_w3_1045_1120_r1  n= 10  avg=+3.6%  med=-18.4%  realized=$+31.00
  b789|lab0789_s398_w3_1045_1120_r2  n=  9  avg=-11.4%  med=-54.3%  realized=$-10.00
  b78|g078_mid_tp30_sl20  n=  1  avg=-23.3%  med=-23.3%  realized=$-18.63
  b790|lab0790_s398_w4_1120_1135_r1  n=  5  avg=+179.6%  med=+140.3%  realized=$+338.00
  b791|lab0791_s398_w4_1120_1135_r2  n=  7  avg=+124.0%  med=+155.6%  realized=$+293.00
  b792|lab0792_s399_w1_0928_1005_r1  n=  4  avg=+100.0%  med=+140.0%  realized=$+80.00
  b793|lab0793_s399_w1_0928_1005_r2  n= 11  avg=+34.3%  med=+57.9%  realized=$+127.00
  b794|lab0794_s399_w2_1005_1045_r1  n= 11  avg=+74.8%  med=-17.2%  realized=$-78.00
  b795|lab0795_s399_w2_1005_1045_r2  n= 13  avg=+43.5%  med=-51.7%  realized=$-61.00
  b796|lab0796_s399_w3_1045_1120_r1  n=  3  avg=+266.6%  med=-74.0%  realized=$-5.00
  b797|lab0797_s399_w3_1045_1120_r2  n= 15  avg=+23.0%  med=-52.8%  realized=$-146.00
  b798|lab0798_s399_w4_1120_1135_r1  n=  5  avg=+12.3%  med=-53.1%  realized=$+61.00
  b799|lab0799_s399_w4_1120_1135_r2  n=  8  avg=+26.4%  med=+53.3%  realized=$+49.00
  b79|g079_eod_tp30_sl20  n=  1  avg=+34.2%  med=+34.2%  realized=$+27.40
  b79|lab0079_s209_w4_1120_1135_r2  n=  1  avg=-94.6%  med=-94.6%  realized=$-53.00
  b7|c007_s174_w4_1120_1135_r1  n=  5  avg=-7.5%  med=-1.4%  realized=$-58.00
  b800|lab0800_s404_w1_0928_1005_r1  n=  6  avg=+23.0%  med=+38.6%  realized=$+65.00
  b801|lab0801_s404_w1_0928_1005_r2  n=  6  avg=+1.7%  med=+31.6%  realized=$+24.00
  b802|lab0802_s404_w2_1005_1045_r1  n= 12  avg=+30.0%  med=+60.9%  realized=$+236.00
  b803|lab0803_s404_w2_1005_1045_r2  n= 10  avg=+55.7%  med=+58.9%  realized=$+347.00
  b804|lab0804_s404_w3_1045_1120_r1  n=  7  avg=+14.7%  med=+68.5%  realized=$+107.00
  b805|lab0805_s404_w3_1045_1120_r2  n=  8  avg=-7.4%  med=+57.5%  realized=$+11.00
  b806|lab0806_s404_w4_1120_1135_r1  n=  4  avg=+64.7%  med=+91.5%  realized=$+160.00
  b807|lab0807_s404_w4_1120_1135_r2  n=  5  avg=+54.4%  med=+53.2%  realized=$+168.00
  b80|c080_s168_w1_0928_1005_r3  n=  8  avg=+3.6%  med=-11.1%  realized=$-45.00
  b80|c080_s173_w1_0928_1005_r5  n= 45  avg=+52.6%  med=+59.1%  realized=$+503.00
  b80|g080_lim_tp30_sl30  n=  1  avg=+36.5%  med=+36.5%  realized=$+23.73
  b80|lab0080_s210_w1_0928_1005_r1  n= 12  avg=+12.9%  med=-8.5%  realized=$+57.00
  b81|c081_s168_w2_1005_1045_r3  n=  5  avg=-26.9%  med=-33.8%  realized=$-83.00
  b81|c081_s173_w2_1005_1045_r5  n= 20  avg=-39.1%  med=-38.4%  realized=$-559.00
  b81|g081_mid_tp30_sl30  n=  1  avg=+36.5%  med=+36.5%  realized=$+23.73
  b81|lab0081_s210_w1_0928_1005_r2  n= 12  avg=+8.1%  med=+46.7%  realized=$+47.00
  b828|lab0828_s406_w1_0928_1005_r1  n=  4  avg=-15.8%  med=+10.0%  realized=$+1.00
  b829|lab0829_s406_w1_0928_1005_r2  n=  3  avg=-11.0%  med=-50.0%  realized=$-13.00
  b82|c082_s168_w3_1045_1120_r3  n=  5  avg=-1.6%  med=-40.0%  realized=$-2.00
  b82|c082_s173_w3_1045_1120_r5  n=  9  avg=-10.7%  med=-12.5%  realized=$-48.00
  b82|g082_eod_tp30_sl30  n=  1  avg=+55.6%  med=+55.6%  realized=$+36.11
  b82|lab0082_s210_w2_1005_1045_r1  n= 12  avg=-16.7%  med=-6.2%  realized=$-70.00
  b830|lab0830_s406_w2_1005_1045_r1  n= 13  avg=+66.4%  med=+61.3%  realized=$+59.00
  b831|lab0831_s406_w2_1005_1045_r2  n= 16  avg=+70.3%  med=+81.8%  realized=$+127.00
  b832|lab0832_s406_w3_1045_1120_r1  n= 15  avg=+305.6%  med=+55.3%  realized=$+1,461.00
  b833|lab0833_s406_w3_1045_1120_r2  n= 18  avg=+284.9%  med=+73.1%  realized=$+1,443.00
  b834|lab0834_s406_w4_1120_1135_r1  n=  7  avg=+407.3%  med=+105.3%  realized=$+135.00
  b835|lab0835_s406_w4_1120_1135_r2  n=  7  avg=+174.8%  med=+66.7%  realized=$+195.00
  b83|c083_s168_w4_1120_1135_r3  n=  8  avg=+84.0%  med=+62.9%  realized=$+429.00
  b83|c083_s173_w4_1120_1135_r5  n= 20  avg=-20.6%  med=-68.2%  realized=$-271.00
  b83|g083_lim_tp30_sl30  n=  1  avg=+30.1%  med=+30.1%  realized=$+24.11
  b83|lab0083_s210_w2_1005_1045_r2  n=  7  avg=+9.9%  med=+7.0%  realized=$+14.00
  b84|g084_mid_tp30_sl30  n=  1  avg=+30.1%  med=+30.1%  realized=$+24.11
  b84|lab0084_s210_w3_1045_1120_r1  n= 12  avg=-45.0%  med=-64.4%  realized=$-240.00
  b856|lab0856_s408_w1_0928_1005_r1  n=  3  avg=-28.1%  med=-58.7%  realized=$-32.00
  b857|lab0857_s408_w1_0928_1005_r2  n=  4  avg=-23.5%  med=-33.3%  realized=$-37.00
  b858|lab0858_s408_w2_1005_1045_r1  n=  6  avg=+26.6%  med=-52.6%  realized=$-1.00
  b859|lab0859_s408_w2_1005_1045_r2  n=  8  avg=-31.0%  med=-42.9%  realized=$-36.00
  b85|c085_s174_w2_1005_1045_r5  n=  7  avg=-9.4%  med=-32.7%  realized=$-42.00
  b85|g085_eod_tp30_sl30  n=  1  avg=+34.2%  med=+34.2%  realized=$+27.40
  b85|lab0085_s210_w3_1045_1120_r2  n= 15  avg=+56.9%  med=-44.4%  realized=$+25.00
  b860|lab0860_s408_w3_1045_1120_r1  n=  9  avg=+484.2%  med=+33.3%  realized=$+807.00
  b861|lab0861_s408_w3_1045_1120_r2  n= 12  avg=+218.5%  med=+100.0%  realized=$+471.00
  b862|lab0862_s408_w4_1120_1135_r1  n=  6  avg=-4.0%  med=+60.0%  realized=$-55.00
  b863|lab0863_s408_w4_1120_1135_r2  n=  9  avg=+1.7%  med=+0.0%  realized=$-12.00
  b86|c086_s174_w3_1045_1120_r5  n=  4  avg=+26.1%  med=+39.7%  realized=$+64.00
  b86|g086_lim_tp30_sl30  n=  1  avg=+30.1%  med=+30.1%  realized=$+24.11
  b86|lab0086_s210_w4_1120_1135_r1  n=  6  avg=+31.1%  med=+16.7%  realized=$+67.00
  b87|c087_s174_w4_1120_1135_r5  n=  4  avg=-23.5%  med=+37.5%  realized=$-114.00
  b87|g087_mid_tp30_sl30  n=  1  avg=+30.1%  med=+30.1%  realized=$+24.11
  b87|lab0087_s210_w4_1120_1135_r2  n=  8  avg=-0.2%  med=+19.4%  realized=$-21.00
  b884|lab0884_s410_w1_0928_1005_r1  n=  2  avg=+80.6%  med=+83.3%  realized=$+106.00
  b885|lab0885_s410_w1_0928_1005_r2  n=  3  avg=+72.8%  med=+65.3%  realized=$+145.00
  b886|lab0886_s410_w2_1005_1045_r1  n=  1  avg=+101.5%  med=+101.5%  realized=$+68.00
  b887|lab0887_s410_w2_1005_1045_r2  n=  1  avg=-48.4%  med=-48.4%  realized=$-31.00
  b888|lab0888_s410_w3_1045_1120_r1  n=  1  avg=-78.1%  med=-78.1%  realized=$-57.00
  b889|lab0889_s410_w3_1045_1120_r2  n=  1  avg=-68.5%  med=-68.5%  realized=$-50.00
  b88|c088_s165_w1_0928_1005_r5  n= 21  avg=-5.0%  med=-2.7%  realized=$-63.00
  b88|c088_s167_w1_0928_1005_r4  n=  4  avg=-12.7%  med=+30.9%  realized=$-28.00
  b88|g088_eod_tp30_sl30  n=  2  avg=+36.0%  med=+37.7%  realized=$+65.09
  b898|lab0898_s411_w1_0928_1005_r1  n=  2  avg=-54.5%  med=-51.4%  realized=$-79.00
  b899|lab0899_s411_w1_0928_1005_r2  n=  2  avg=-48.9%  med=-48.6%  realized=$-69.00
  b89|c089_s165_w2_1005_1045_r5  n=  7  avg=+113.1%  med=+30.9%  realized=$+67.00
  b89|c089_s167_w2_1005_1045_r4  n=  2  avg=-16.2%  med=+30.9%  realized=$-22.00
  b89|g089_lim_tp30_sl30  n=  1  avg=+30.1%  med=+30.1%  realized=$+24.11
  b8|c008_s165_w1_0928_1005_r1  n= 23  avg=-19.6%  med=-35.3%  realized=$-250.00
  b900|lab0900_s411_w2_1005_1045_r1  n= 11  avg=-2.4%  med=+7.7%  realized=$+1.00
  b901|lab0901_s411_w2_1005_1045_r2  n=  9  avg=+9.0%  med=+23.9%  realized=$+49.00
  b902|lab0902_s411_w3_1045_1120_r1  n=  7  avg=-0.6%  med=+8.1%  realized=$-13.00
  b903|lab0903_s411_w3_1045_1120_r2  n=  9  avg=+8.0%  med=+10.4%  realized=$+28.00
  b904|lab0904_s411_w4_1120_1135_r1  n=  2  avg=-52.8%  med=-52.2%  realized=$-60.00
  b905|lab0905_s411_w4_1120_1135_r2  n=  4  avg=-11.7%  med=+13.1%  realized=$-17.00
  b90|c090_s165_w3_1045_1120_r5  n= 13  avg=+7.7%  med=+0.0%  realized=$+47.00
  b90|c090_s167_w3_1045_1120_r4  n=  4  avg=-41.6%  med=-18.9%  realized=$-123.00
  b90|g090_mid_tp30_sl30  n=  1  avg=+30.1%  med=+30.1%  realized=$+24.11
  b90|live_1to1           n= 18  avg=+11.6%  med=-10.0%  realized=$+84.00
  b912|lab0912_s412_w1_0928_1005_r1  n=  6  avg=+75.0%  med=+66.7%  realized=$+27.00
  b913|lab0913_s412_w1_0928_1005_r2  n=  6  avg=+69.9%  med=+66.7%  realized=$+23.00
  b914|lab0914_s412_w2_1005_1045_r1  n=  7  avg=+91.8%  med=+68.2%  realized=$+168.00
  b915|lab0915_s412_w2_1005_1045_r2  n=  7  avg=+80.5%  med=+43.2%  realized=$+133.00
  b916|lab0916_s412_w3_1045_1120_r1  n= 14  avg=+1.8%  med=-10.7%  realized=$+8.00
  b917|lab0917_s412_w3_1045_1120_r2  n=  7  avg=+106.9%  med=-3.6%  realized=$-8.00
  b918|lab0918_s412_w4_1120_1135_r1  n=  4  avg=-45.8%  med=-38.1%  realized=$-94.00
  b919|lab0919_s412_w4_1120_1135_r2  n=  5  avg=+33.9%  med=-2.2%  realized=$+8.00
  b91|c091_s165_w4_1120_1135_r5  n=  2  avg=+222.0%  med=+247.0%  realized=$+293.00
  b91|g091_eod_tp30_sl30  n=  2  avg=+19.8%  med=+55.6%  realized=$+25.00
  b92|g092_lim_tp30_sl40  n=  2  avg=+53.6%  med=+70.8%  realized=$+94.51
  b93|g093_mid_tp30_sl40  n=  2  avg=+53.6%  med=+70.8%  realized=$+94.51
  b94|g094_eod_tp30_sl40  n=  2  avg=+46.6%  med=+55.6%  realized=$+73.80
  b94|lab0094_s211_w1_0928_1005_r1  n=  8  avg=-4.1%  med=-5.7%  realized=$-34.00
  b95|g095_lim_tp30_sl40  n=  2  avg=+50.5%  med=+70.8%  realized=$+94.89
  b95|lab0095_s211_w1_0928_1005_r2  n=  9  avg=-27.7%  med=-42.1%  realized=$-143.00
  b96|g096_mid_tp30_sl40  n=  2  avg=+50.5%  med=+70.8%  realized=$+94.89
  b96|lab0096_s211_w2_1005_1045_r1  n=  6  avg=-44.0%  med=-38.1%  realized=$-83.00
  b97|g097_eod_tp30_sl40  n=  2  avg=+36.0%  med=+37.7%  realized=$+65.09
  b97|lab0097_s211_w2_1005_1045_r2  n=  7  avg=-54.0%  med=-46.1%  realized=$-125.00
  b98|g098_lim_tp30_sl40  n=  2  avg=+50.5%  med=+70.8%  realized=$+94.89
  b98|lab0098_s211_w3_1045_1120_r1  n=  7  avg=+190.8%  med=-48.7%  realized=$-61.00
  b99|g099_mid_tp30_sl40  n=  2  avg=+50.5%  med=+70.8%  realized=$+94.89
  b99|lab0099_s211_w3_1045_1120_r2  n=  8  avg=+84.6%  med=+107.7%  realized=$+149.00
  b9|c009_s165_w2_1005_1045_r1  n=  7  avg=-74.4%  med=-66.2%  realized=$-301.00
========================================================
+========================================================================+
|[OPTIONS BOT DAILY VITALS (MATRIX EXPERIMENT)]                          |
+========================================================================+
|-- ACCOUNT STATUS (entry+manage) --                                     |
|Equity       : $996,478.85                                              |
|Open Risk    : 30 lots (13 broker pos)                                  |
|Today's Run  : 56 signals -> 4 orders submitted                         |
|                                                                        |
|-- SYSTEM HEALTH --                                                     |
|Zombies      : 0 (Ledger is clean)                                      |
|Lab Status   : 30 Active Lots | 0 Pending Orders                        |
|Auto-Matrix  : (Pending EOD report generation)                          |
+========================================================================+
+========================================================================+
|[DATA QUALITY: CLEAN vs ERRORS vs KEEP-ONLY]                            |
+========================================================================+
|  CLEAN              n=1371  win= 49.1%  med= -15.9%  $+17,446          |
|  TAINTED            n=1882  win= 33.3%  med= -38.9%  $-9,546           |
|  KEEP-only          n=753   win= 61.8%  med= +51.0%  $+12,250          |
|  KEEP recent        n=559   win= 59.9%  med= +53.3%  $+8,028           |
|  KEEP(25): S163,S167,S168,S173,S174,S210,S218,S350...                  |
|  KILL(18): ORPHAN,S164,S202,S203,S207,S211,S212,S216...                |
+========================================================================+
+========================================================================+
|[+++ OVERPERFORMING STRATEGIES (n>=10)]                                 |
+========================================================================+
|  BKT  PROFILE                   WIN%   MED%   TOTAL TRADES             |
|  ---------------------------------------------------------             |
|  b238 lab0238_s401_w3_1045..  79%  +104.7%    19                       |
|  b276 lab0276_s350_w1_0928..  70%  +102.9%    10                       |
|  b861 lab0861_s408_w3_1045..  67%  +83.3%    12                        |
|  b365 lab0365_s361_w2_1005..  92%  +82.8%    12                        |
+========================================================================+
|[--- UNDERPERFORMING STRATEGIES (n>=10)]                                |
+========================================================================+
|  BKT  PROFILE                   WIN%   MED%   TOTAL TRADES             |
|  ---------------------------------------------------------             |
|  b47  lab0047_s205_w4_1120..   4%  -78.0%    28                        |
|  b307 lab0307_s354_w2_1005..  30%  -69.9%    10                        |
|  b1   lab0001_s200_w1_0928..   0%  -65.8%    10                        |
|  b41  lab0041_s205_w1_0928..  12%  -65.3%    16                        |
+========================================================================+
+========================================================================+
|[OPEN OPTIONS (13)]                                                     |
+========================================================================+
|  SYMBOL                      QTY    RET%        OPEN P&L               |
|  ---------------------------------------------------------             |
|  MARA260925C00011500          -1  -1218.8%   $   -195.00               |
|  MARA260925C00012500           3   +127.5%   $   +190.00               |
|  MARA260925C00012000          -1   -465.5%   $   -135.00               |
|  MDT260925C00094000            2    -84.1%   $   -116.00               |
|  BAC260925C00058000            7    -23.9%   $   -112.00               |
|  NFLX260925C00074000           7    -31.2%   $   -111.00               |
|  CELH260925C00029000           2    +32.1%   $    +34.00               |
|  NFLX261002C00076000           2    -25.5%   $    -28.00               |
|  ... 5 more position(s)                                                |
+========================================================================+
Full detail: logs/options_trial/runs/2026-09-22.log
elapsed=57.1s reconcile=0.44s cancel=0.12s manage=4.4s scan=39.23s entries=8.76s

=== 10:06:15 ET — entry+manage (4 new) [elapsed=60.4s reconcile=0.14s cancel=0.03s manage=3.17s scan=52.41s entries=3.09s] ===
=== options_morning_bot (PAPER) 2026-09-22T10:06:15.009249-04:00 ===

[Run context]
Paper auth OK — equity $996596.19, account PA33P8KT02IL
  reconcile: layout changed controlled:100:c000_s173_w1_0928_1005_r1 -> controlled:1164:live_1to1+variations

[Setup]
LIVE 1:1 bucket b90 live_1to1 — S218, S404, S406 | TP+50%/SL-40% | stop-mkt | min $20
Variation study: 1163 lab/promising bucket(s) | cohort: all paper strategies | max 400 new entries/run
Dropped (no new entries; ex-reflected P&L): S203, S207, S212, S360, S405, S407
  cancelled protective stop MDT260925C00094000 id=8189f311-2005-4e7c-9d02-1bf986af17dc
  EXIT [b241|lab0241_s401_w4_1120_1135_r2|S401] stop_loss (-84.1%) SELL 1 MDT260925C00094000 @<= 0.12  id=558ded13-11c6-496e-aecb-98cd5d715daf
  EXIT [b434|lab0434_s366_w2_1005_1045_r1|S366] take_profit (+133.6%) SELL failed MARA260925C00012500: {"code":40310000,"message":"account not eligible to trade uncovered option contracts"}
  EXIT [b433|lab0433_s366_w1_0928_1005_r2|S366] take_profit (+133.6%) SELL failed MARA260925C00012500: {"code":40310000,"message":"account not eligible to trade uncovered option contracts"}
  EXIT [b432|lab0432_s366_w1_0928_1005_r1|S366] take_profit (+133.6%) SELL failed MARA260925C00012500: {"code":40310000,"message":"account not eligible to trade uncovered option contracts"}
  cancelled protective stop CELH260925C00029000 id=243e814c-aa21-44eb-9b80-68c4d63c17f2
  EXIT [b165|lab0165_s216_w1_0928_1005_r2|S216] take_profit (+62.3%) SELL 1 CELH260925C00029000 @<= 0.83  id=72023c23-0a28-4bc9-b1f3-d0109e807b05
  PROT STOP failed MARA260925C00012500: {"code":40310000,"message":"account not eligible to trade uncovered option contracts"}
  PROT STOP failed CELH260925C00029000: {"code":40310000,"message":"account not eligible to trade uncovered option contracts"}
Protective stops: placed=0 upgraded=0 already=9 failed=2 (market-first)

[Scan + entries]
Scanning 117 symbols for [S165, S164, S168, S167, S166, S163, S169, S170, S171, S172, S175, S200, S201, S202, S204, S205, S206, S208, S209, S210, S211, S213, S214, S215, S216, S217, S218, S219, S220, S221, S400, S401, S402, S403, S350, S351, S352, S353, S354, S355, S356, S357, S358, S359, S361, S362, S363, S364, S365, S366, S367, S368, S369, S370, S371, S372, S373, S374, S375, S376, S377, S378, S379, S380, S381, S382, S383, S384, S385, S386, S387, S388, S389, S390, S391, S392, S393, S394, S413, S414, S415, S416, S417, S418, S395, S396, S397, S398, S399, S404, S406, S408, S409, S410, S411, S412, S413, S414, S415, S416, S417, S418, S419] …
  Daily bars disk cache hit (options_daily_bars_2026-09-22.parquet)
Fetched daily bars for 113/117 symbols
Found 56 signal(s); top: ['S211:AMD', 'S401:AMD', 'S210:COIN', 'S401:COIN', 'S401:META', 'S401:AMZN', 'S401:MARA', 'S401:MSTR']
Paper lab: $996596 broker equity -> 1164 bucket(s) ($500 virtual each, unlimited paper)
  ENTRY [b96|lab0096_s211_w2_1005_1045_r1|S211] BUY 1x AMD260923C00657500 (MA21 crossed above MA50|fast) limit=0.48 (ask=0.49 off=-0.01) tp=+75% sl=-75% pending id=f03cdd79-723b-43e8-af9d-9ce7a8bc3c72
  ENTRY [b97|lab0097_s211_w2_1005_1045_r2|S211] BUY 1x AMD260923C00657500 (MA21 crossed above MA50|fast) limit=0.48 (ask=0.49 off=-0.01) tp=+75% sl=-75% pending id=3b95dd33-98b1-4964-be6b-24143a7126f5
  ENTRY [b236|lab0236_s401_w2_1005_1045_r1|S401] BUY 1x AMD260923C00657500 (gap -1.45% green|fast) limit=0.48 (ask=0.49 off=-0.01) tp=+75% sl=-75% pending id=18826b04-2a5d-4726-b775-3bde8f0dab4f
  ENTRY [b237|lab0237_s401_w2_1005_1045_r2|S401] BUY 1x AMD260923C00657500 (gap -1.45% green|fast) limit=0.48 (ask=0.49 off=-0.01) tp=+75% sl=-75% pending id=ce75e819-9835-4e6e-9d3f-a92393b35185
  [b82|lab0082_s210_w2_1005_1045_r1] S210 COIN (tier: fast): no tradeable call
  [b83|lab0083_s210_w2_1005_1045_r2] S210 COIN (tier: fast): no tradeable call
  [b166|lab0166_s216_w2_1005_1045_r1] S216 MCD (tier: neutral): no tradeable call
  [b167|lab0167_s216_w2_1005_1045_r2] S216 MCD (tier: neutral): no tradeable call
  [b1054|lab1054_s165_w2_1005_1045_r1] S165 MPC (tier: neutral): no tradeable call
  [b1055|lab1055_s165_w2_1005_1045_r2] S165 MPC (tier: neutral): no tradeable call
  [b1152|lab1152_s164_w2_1005_1045_r1] S164 MPC (tier: neutral): no tradeable call
  [b1153|lab1153_s164_w2_1005_1045_r2] S164 MPC (tier: neutral): no tradeable call
  [b1124|lab1124_s168_w2_1005_1045_r1] S168 MPC (tier: neutral): no tradeable call
  [b1125|lab1125_s168_w2_1005_1045_r2] S168 MPC (tier: neutral): no tradeable call
  [b1096|lab1096_s167_w2_1005_1045_r1] S167 MPC (tier: neutral): no tradeable call
  [b1097|lab1097_s167_w2_1005_1045_r2] S167 MPC (tier: neutral): no tradeable call
  [b1138|lab1138_s163_w2_1005_1045_r1] S163 MPC (tier: neutral): no tradeable call
  [b1139|lab1139_s163_w2_1005_1045_r2] S163 MPC (tier: neutral): no tradeable call
  [b278|lab0278_s350_w2_1005_1045_r1] S350 MPC (tier: neutral): no tradeable call
  [b279|lab0279_s350_w2_1005_1045_r2] S350 MPC (tier: neutral): no tradeable call
  [b282|lab0282_s351_w2_1005_1045_r1] S351 MPC (tier: neutral): no tradeable call
  [b283|lab0283_s351_w2_1005_1045_r2] S351 MPC (tier: neutral): no tradeable call
  [b290|lab0290_s352_w2_1005_1045_r1] S352 MPC (tier: neutral): no tradeable call
  [b291|lab0291_s352_w2_1005_1045_r2] S352 MPC (tier: neutral): no tradeable call
  [b298|lab0298_s353_w2_1005_1045_r1] S353 MPC (tier: neutral): no tradeable call
  [b299|lab0299_s353_w2_1005_1045_r2] S353 MPC (tier: neutral): no tradeable call
  [b306|lab0306_s354_w2_1005_1045_r1] S354 MPC (tier: neutral): no tradeable call
  [b307|lab0307_s354_w2_1005_1045_r2] S354 MPC (tier: neutral): no tradeable call
  [b314|lab0314_s355_w2_1005_1045_r1] S355 MPC (tier: neutral): no tradeable call
  [b315|lab0315_s355_w2_1005_1045_r2] S355 MPC (tier: neutral): no tradeable call
  [b322|lab0322_s356_w2_1005_1045_r1] S356 MPC (tier: neutral): no tradeable call
  [b323|lab0323_s356_w2_1005_1045_r2] S356 MPC (tier: neutral): no tradeable call
  [b330|lab0330_s357_w2_1005_1045_r1] S357 MPC (tier: neutral): no tradeable call
  [b331|lab0331_s357_w2_1005_1045_r2] S357 MPC (tier: neutral): no tradeable call
  [b338|lab0338_s358_w2_1005_1045_r1] S358 MPC (tier: neutral): no tradeable call
  [b339|lab0339_s358_w2_1005_1045_r2] S358 MPC (tier: neutral): no tradeable call
  [b762|lab0762_s395_w2_1005_1045_r1] S395 MPC (tier: neutral): no tradeable call
  [b763|lab0763_s395_w2_1005_1045_r2] S395 MPC (tier: neutral): no tradeable call
  [b770|lab0770_s396_w2_1005_1045_r1] S396 MPC (tier: neutral): no tradeable call
  [b771|lab0771_s396_w2_1005_1045_r2] S396 MPC (tier: neutral): no tradeable call
  [b778|lab0778_s397_w2_1005_1045_r1] S397 MPC (tier: neutral): no tradeable call
  [b779|lab0779_s397_w2_1005_1045_r2] S397 MPC (tier: neutral): no tradeable call
  [b786|lab0786_s398_w2_1005_1045_r1] S398 MPC (tier: neutral): no tradeable call
  [b787|lab0787_s398_w2_1005_1045_r2] S398 MPC (tier: neutral): no tradeable call
  [b794|lab0794_s399_w2_1005_1045_r1] S399 MPC (tier: neutral): no tradeable call
  [b795|lab0795_s399_w2_1005_1045_r2] S399 MPC (tier: neutral): no tradeable call
  [b802|lab0802_s404_w2_1005_1045_r1] S404 MPC (tier: neutral): no tradeable call
  [b803|lab0803_s404_w2_1005_1045_r2] S404 MPC (tier: neutral): no tradeable call
  [b180|lab0180_s217_w2_1005_1045_r1] S217 UNP (tier: neutral): no tradeable call
  [b181|lab0181_s217_w2_1005_1045_r2] S217 UNP (tier: neutral): no tradeable call
  [b346|lab0346_s359_w2_1005_1045_r1] S359 LLY (tier: neutral): no tradeable call
  [b347|lab0347_s359_w2_1005_1045_r2] S359 LLY (tier: neutral): no tradeable call
  [b364|lab0364_s361_w2_1005_1045_r1] S361 LLY (tier: neutral): no tradeable call
  [b365|lab0365_s361_w2_1005_1045_r2] S361 LLY (tier: neutral): no tradeable call
  [b378|lab0378_s362_w2_1005_1045_r1] S362 LLY (tier: neutral): no tradeable call
  [b379|lab0379_s362_w2_1005_1045_r2] S362 LLY (tier: neutral): no tradeable call
  [b392|lab0392_s363_w2_1005_1045_r1] S363 LLY (tier: neutral): no tradeable call
  [b393|lab0393_s363_w2_1005_1045_r2] S363 LLY (tier: neutral): no tradeable call
  [b406|lab0406_s364_w2_1005_1045_r1] S364 LLY (tier: neutral): no tradeable call
  [b407|lab0407_s364_w2_1005_1045_r2] S364 LLY (tier: neutral): no tradeable call
  [b420|lab0420_s365_w2_1005_1045_r1] S365 LLY (tier: neutral): no tradeable call
  [b421|lab0421_s365_w2_1005_1045_r2] S365 LLY (tier: neutral): no tradeable call
  [b435|lab0435_s366_w2_1005_1045_r2] S366 LLY (tier: neutral): no tradeable call
  [b448|lab0448_s367_w2_1005_1045_r1] S367 LLY (tier: neutral): no tradeable call
  [b449|lab0449_s367_w2_1005_1045_r2] S367 LLY (tier: neutral): no tradeable call
  [b90|live_1to1] S406 LLY (tier: neutral): no tradeable call
  [b830|lab0830_s406_w2_1005_1045_r1] S406 LLY (tier: neutral): no tradeable call
  [b831|lab0831_s406_w2_1005_1045_r2] S406 LLY (tier: neutral): no tradeable call
  [b858|lab0858_s408_w2_1005_1045_r1] S408 LLY (tier: neutral): no tradeable call
  [b859|lab0859_s408_w2_1005_1045_r2] S408 LLY (tier: neutral): no tradeable call
  [b872|lab0872_s409_w2_1005_1045_r1] S409 LLY (tier: neutral): no tradeable call
  [b873|lab0873_s409_w2_1005_1045_r2] S409 LLY (tier: neutral): no tradeable call
  [b886|lab0886_s410_w2_1005_1045_r1] S410 LLY (tier: neutral): no tradeable call
  [b887|lab0887_s410_w2_1005_1045_r2] S410 LLY (tier: neutral): no tradeable call
  [b900|lab0900_s411_w2_1005_1045_r1] S411 LLY (tier: neutral): no tradeable call
  [b901|lab0901_s411_w2_1005_1045_r2] S411 LLY (tier: neutral): no tradeable call
  [b914|lab0914_s412_w2_1005_1045_r1] S412 LLY (tier: neutral): no tradeable call
  [b915|lab0915_s412_w2_1005_1045_r2] S412 LLY (tier: neutral): no tradeable call
  [b264|lab0264_s403_w2_1005_1045_r1] S403 KO (tier: slow): no tradeable call
  [b265|lab0265_s403_w2_1005_1045_r2] S403 KO (tier: slow): no tradeable call
  [b180|lab0180_s217_w2_1005_1045_r1] S217 PEP (tier: slow): no tradeable call
  [b181|lab0181_s217_w2_1005_1045_r2] S217 PEP (tier: slow): no tradeable call
  [b166|lab0166_s216_w2_1005_1045_r1] S216 CL (tier: slow): no tradeable call
  [b167|lab0167_s216_w2_1005_1045_r2] S216 CL (tier: slow): no tradeable call
  [b194|lab0194_s218_w2_1005_1045_r1] S218 D (tier: slow): no tradeable call
  [b195|lab0195_s218_w2_1005_1045_r2] S218 D (tier: slow): no tradeable call
  [b194|lab0194_s218_w2_1005_1045_r1] S218 WEC (tier: slow): no tradeable call
  [b195|lab0195_s218_w2_1005_1045_r2] S218 WEC (tier: slow): no tradeable call
  Skipped: 84 no tradeable call, 24 pending order
Placed 4 new entry order(s).
  reconcile: layout changed controlled:100:c000_s173_w1_0928_1005_r1 -> controlled:1164:live_1to1+variations
  reconcile: entry fill b237|S401 AMD x1 @ 0.47
  reconcile: entry fill b236|S401 AMD x1 @ 0.47
  reconcile: entry fill b97|S211 AMD x1 @ 0.47
  reconcile: entry fill b96|S211 AMD x1 @ 0.47
  reconcile: exit fill b165|S216 CELH +62.3%
  reconcile: exit fill b241|S401 MDT -82.4%
  PROT STOP failed MARA260925C00012500: {"code":40310000,"message":"account not eligible to trade uncovered option contracts"}
  PROT STOP-MKT CELH260925C00029000 x1 stop=0.27 tif=gtc sl=-50% id=3cc80230-29a5-4bff-9e51-d1951495e096
  PROT STOP-LIMIT MDT260925C00094000 x1 stop=0.34 lim=0.31 tif=gtc sl=-50% entry=0.68 id=add9bd51-71d8-4181-a09d-ba1cec9e0853
  PROT STOP-MKT AMD260923C00657500 x4 stop=0.23 tif=gtc sl=-50% id=f51007e7-649e-4682-a427-b3e3b24639d8
Protective stops: placed=3 upgraded=0 already=8 failed=1 (market-first)

[Portfolio snapshot]
========================================================
OPTIONS TRIAL STATS
========================================================
Account equity: $996,596.19
Active buckets: 1164 of 1164 profiles ($500 virtual each) — paper unlimited mode

P&L summary
  Reflected (ex-S203,S207,S212,S360,S405,S407): $+12,739.88 all-time  |  $-164.00 today
  Raw (incl dropped):     $+7,876.88 all-time  |  $-164.00 today
  Open (not sold yet): $-75.16 unrealized (virtual lots)
                       $-423.00 unrealized (broker total)
  Premium deployed:    $1,827.00 in open positions
  Combined P&L:        $+12,664.72 (reflected realized + open virtual)

Ledger (master)
  Total events:     14499
  Today entries:    8
  Today exits (reflected): 6
  All-time exits (reflected): 2952  wins 42%
  Avg return/trade: +31.3%  median -30.4%

Open virtual lots (by bucket)
  b0 lab0000_s200_w1_0928_1005_r1  prem=$   236  real=$ +0.00  open=$ +0.00  lots=2  [ORPHAN:BACx3, ORPHAN:CELHx1]
       buy: ask-0.01  sell: bid-0.01  tp=+50% sl=-50%
  b16 lab0016_s202_w1_0928_1005_r1  prem=$     0  real=$-47.00  open=$ +0.00  lots=0  [-]
       buy: ask-0.01  sell: bid-0.01  tp=+50% sl=-50%
  b17 lab0017_s202_w1_0928_1005_r2  prem=$     0  real=$-56.00  open=$ +0.00  lots=0  [-]
       buy: ask-0.01  sell: bid-0.01  tp=+50% sl=-50%
  b18 lab0018_s202_w2_1005_1045_r1  prem=$     0  real=$-29.00  open=$ +0.00  lots=0  [-]
       buy: ask-0.01  sell: bid-0.01  tp=+50% sl=-50%
  b19 lab0019_s202_w2_1005_1045_r2  prem=$     0  real=$-43.00  open=$ +0.00  lots=0  [-]
       buy: ask-0.01  sell: bid-0.01  tp=+50% sl=-50%
  b20 lab0020_s202_w3_1045_1120_r1  prem=$     0  real=$ -6.00  open=$ +0.00  lots=0  [-]
       buy: ask-0.01  sell: bid-0.01  tp=+50% sl=-50%
  b21 lab0021_s202_w3_1045_1120_r2  prem=$     0  real=$-24.00  open=$ +0.00  lots=0  [-]
       buy: ask-0.01  sell: bid-0.01  tp=+50% sl=-50%
  b73 lab0073_s209_w1_0928_1005_r2  prem=$     0  real=$-11.00  open=$ +0.00  lots=0  [-]
       buy: ask-0.01  sell: bid-0.01  tp=+50% sl=-50%
  b74 lab0074_s209_w2_1005_1045_r1  prem=$     0  real=$-39.00  open=$ +0.00  lots=0  [-]
       buy: ask-0.01  sell: bid-0.01  tp=+50% sl=-50%
  b75 lab0075_s209_w2_1005_1045_r2  prem=$     0  real=$-68.00  open=$ +0.00  lots=0  [-]
       buy: ask-0.01  sell: bid-0.01  tp=+50% sl=-50%
  b77 lab0077_s209_w3_1045_1120_r2  prem=$     0  real=$-39.00  open=$ +0.00  lots=0  [-]
       buy: ask-0.01  sell: bid-0.01  tp=+50% sl=-50%
  b79 lab0079_s209_w4_1120_1135_r2  prem=$     0  real=$-53.00  open=$ +0.00  lots=0  [-]
       buy: ask-0.01  sell: bid-0.01  tp=+50% sl=-50%
  b80 lab0080_s210_w1_0928_1005_r1  prem=$     0  real=$+57.00  open=$ +0.00  lots=0  [-]
       buy: ask-0.01  sell: bid-0.01  tp=+50% sl=-50%
  b81 lab0081_s210_w1_0928_1005_r2  prem=$     0  real=$+47.00  open=$ +0.00  lots=0  [-]
       buy: ask-0.01  sell: bid-0.01  tp=+50% sl=-50%
  b82 lab0082_s210_w2_1005_1045_r1  prem=$     0  real=$-70.00  open=$ +0.00  lots=0  [-]
       buy: ask-0.01  sell: bid-0.01  tp=+50% sl=-50%
  b83 lab0083_s210_w2_1005_1045_r2  prem=$     0  real=$+14.00  open=$ +0.00  lots=0  [-]
       buy: ask-0.01  sell: bid-0.01  tp=+50% sl=-50%
  b84 lab0084_s210_w3_1045_1120_r1  prem=$     0  real=$-240.00  open=$ +0.00  lots=0  [-]
       buy: ask-0.01  sell: bid-0.01  tp=+50% sl=-50%
  b85 lab0085_s210_w3_1045_1120_r2  prem=$     0  real=$+25.00  open=$ +0.00  lots=0  [-]
       buy: ask-0.01  sell: bid-0.01  tp=+50% sl=-50%
  b86 lab0086_s210_w4_1120_1135_r1  prem=$     0  real=$+67.00  open=$ +0.00  lots=0  [-]
       buy: ask-0.01  sell: bid-0.01  tp=+50% sl=-50%
  b87 lab0087_s210_w4_1120_1135_r2  prem=$     0  real=$-21.00  open=$ +0.00  lots=0  [-]
       buy: ask-0.01  sell: bid-0.01  tp=+50% sl=-50%
  (291 more active bucket(s) omitted)
  (853 quiet bucket profile(s) — no trades yet)

Alpaca option positions
  AMD260923C00652500  qty=4  cost=$212.00  return=+22.6%  open P&L=$+48.00
  AMD260923C00657500  qty=4  cost=$188.00  return=-6.4%  open P&L=$-12.00
  AXP260925C00325000  qty=1  cost=$38.00  return=-47.4%  open P&L=$-18.00
  BAC260925C00058000  qty=7  cost=$469.00  return=-28.4%  open P&L=$-133.00
  CELH260925C00029000  qty=1  cost=$53.00  return=+62.3%  open P&L=$+33.00
  CELH260925C00029500  qty=1  cost=$35.00  return=+57.1%  open P&L=$+20.00
  MARA260925C00011500  qty=-1  cost=$16.00  return=-1275.0%  open P&L=$-204.00
  MARA260925C00012000  qty=-1  cost=$29.00  return=-493.1%  open P&L=$-143.00
  MARA260925C00012500  qty=3  cost=$149.00  return=+141.6%  open P&L=$+211.00
  MDT260925C00094000  qty=1  cost=$69.00  return=-84.1%  open P&L=$-58.00
  NFLX260925C00074000  qty=7  cost=$356.00  return=-29.2%  open P&L=$-104.00
  NFLX261002C00076000  qty=2  cost=$110.00  return=-23.6%  open P&L=$-26.00
  NFLX261002C00077000  qty=1  cost=$41.00  return=-31.7%  open P&L=$-13.00
  NFLX261009C00078000  qty=2  cost=$108.00  return=-22.2%  open P&L=$-24.00

Per-bucket exit stats (all time)
  b0|c000_s173_w1_0928_1005_r1  n= 22  avg=+24.8%  med=+34.9%  realized=$+283.00
  b0|orphan_reconcile     n=398  avg=+3.6%  med=-49.9%  realized=$+415.21
  b100|lab0100_s211_w4_1120_1135_r1  n=  1  avg=+73.6%  med=+73.6%  realized=$+39.00
  b101|lab0101_s211_w4_1120_1135_r2  n=  2  avg=+652.3%  med=+1385.7%  realized=$+54.00
  b104|c104_s164_w1_0928_1005_r4  n=  1  avg=-88.9%  med=-88.9%  realized=$-8.00
  b1052|lab1052_s165_w1_0928_1005_r1  n=  2  avg=+170.4%  med=+194.7%  realized=$+110.00
  b1053|lab1053_s165_w1_0928_1005_r2  n=  2  avg=+165.7%  med=+189.5%  realized=$+107.00
  b1054|lab1054_s165_w2_1005_1045_r1  n=  1  avg=+93.5%  med=+93.5%  realized=$+58.00
  b1055|lab1055_s165_w2_1005_1045_r2  n=  1  avg=+526.3%  med=+526.3%  realized=$+100.00
  b1057|lab1057_s165_w3_1045_1120_r2  n=  1  avg=-53.3%  med=-53.3%  realized=$-32.00
  b1058|lab1058_s165_w4_1120_1135_r1  n=  1  avg=+390.5%  med=+390.5%  realized=$+82.00
  b1059|lab1059_s165_w4_1120_1135_r2  n=  1  avg=+342.9%  med=+342.9%  realized=$+72.00
  b108|c108_s202_w3_1045_1120_r1  n=  1  avg=-33.3%  med=-33.3%  realized=$-1.00
  b1094|lab1094_s167_w1_0928_1005_r1  n=  3  avg=+75.9%  med=+126.0%  realized=$+73.00
  b1095|lab1095_s167_w1_0928_1005_r2  n=  3  avg=+58.7%  med=+106.0%  realized=$+57.00
  b1096|lab1096_s167_w2_1005_1045_r1  n=  2  avg=+238.1%  med=+531.6%  realized=$+70.00
  b1097|lab1097_s167_w2_1005_1045_r2  n=  2  avg=+227.6%  med=+510.5%  realized=$+66.00
  b109|c109_s202_w3_1045_1120_r2  n=  1  avg=-66.7%  med=-66.7%  realized=$-2.00
  b10|c010_s165_w3_1045_1120_r1  n=  8  avg=-37.2%  med=-18.9%  realized=$-205.00
  b1100|lab1100_s167_w4_1120_1135_r1  n=  1  avg=+328.6%  med=+328.6%  realized=$+69.00
  b1101|lab1101_s167_w4_1120_1135_r2  n=  1  avg=+323.8%  med=+323.8%  realized=$+68.00
  b1108|lab1108_s166_w1_0928_1005_r1  n=  1  avg=+160.9%  med=+160.9%  realized=$+74.00
  b1109|lab1109_s166_w1_0928_1005_r2  n=  1  avg=+77.6%  med=+77.6%  realized=$+45.00
  b1110|lab1110_s166_w2_1005_1045_r1  n=  1  avg=+67.2%  med=+67.2%  realized=$+41.00
  b1111|lab1111_s166_w2_1005_1045_r2  n=  1  avg=+72.9%  med=+72.9%  realized=$+43.00
  b1112|lab1112_s166_w3_1045_1120_r1  n=  1  avg=+273.0%  med=+273.0%  realized=$+101.00
  b1113|lab1113_s166_w3_1045_1120_r2  n=  2  avg=+100.9%  med=+135.1%  realized=$+92.00
  b1115|lab1115_s166_w4_1120_1135_r2  n=  1  avg=+55.6%  med=+55.6%  realized=$+40.00
  b1122|lab1122_s168_w1_0928_1005_r1  n=  3  avg=+72.4%  med=+50.0%  realized=$+46.00
  b1123|lab1123_s168_w1_0928_1005_r2  n=  3  avg=+55.9%  med=+53.3%  realized=$+36.00
  b1124|lab1124_s168_w2_1005_1045_r1  n=  2  avg=+91.2%  med=+248.6%  realized=$+50.00
  b1125|lab1125_s168_w2_1005_1045_r2  n=  2  avg=+75.5%  med=+217.1%  realized=$+39.00
  b1126|lab1126_s168_w3_1045_1120_r1  n=  3  avg=+66.9%  med=+116.2%  realized=$+67.00
  b1127|lab1127_s168_w3_1045_1120_r2  n=  3  avg=+49.1%  med=+102.7%  realized=$+47.00
  b1128|lab1128_s168_w4_1120_1135_r1  n=  2  avg=+120.5%  med=+272.2%  realized=$+83.00
  b1129|lab1129_s168_w4_1120_1135_r2  n=  2  avg=+101.7%  med=+255.6%  realized=$+67.00
  b1136|lab1136_s163_w1_0928_1005_r1  n=  3  avg=-8.7%  med=-51.4%  realized=$+6.00
  b1137|lab1137_s163_w1_0928_1005_r2  n=  3  avg=-19.2%  med=-61.9%  realized=$-7.00
  b1138|lab1138_s163_w2_1005_1045_r1  n=  2  avg=+133.6%  med=+200.0%  realized=$+111.00
  b1139|lab1139_s163_w2_1005_1045_r2  n=  2  avg=+138.1%  med=+205.7%  realized=$+115.00
  b1140|lab1140_s163_w3_1045_1120_r1  n=  4  avg=+34.6%  med=+73.0%  realized=$+59.00
  b1141|lab1141_s163_w3_1045_1120_r2  n=  4  avg=+35.5%  med=+74.6%  realized=$+64.00
  b1142|lab1142_s163_w4_1120_1135_r1  n=  1  avg=-72.9%  med=-72.9%  realized=$-35.00
  b1143|lab1143_s163_w4_1120_1135_r2  n=  2  avg=+27.6%  med=+128.1%  realized=$+6.00
  b1150|lab1150_s164_w1_0928_1005_r1  n=  3  avg=+77.6%  med=+156.0%  realized=$+80.00
  b1151|lab1151_s164_w1_0928_1005_r2  n=  3  avg=+70.4%  med=+124.0%  realized=$+66.00
  b1152|lab1152_s164_w2_1005_1045_r1  n=  2  avg=+216.7%  med=+531.6%  realized=$+46.00
  b1153|lab1153_s164_w2_1005_1045_r2  n=  2  avg=+242.5%  med=+542.1%  realized=$+71.00
  b1154|lab1154_s164_w3_1045_1120_r1  n=  1  avg=-50.0%  med=-50.0%  realized=$-30.00
  b1155|lab1155_s164_w3_1045_1120_r2  n=  1  avg=-48.1%  med=-48.1%  realized=$-25.00
  b1156|lab1156_s164_w4_1120_1135_r1  n=  1  avg=+342.9%  med=+342.9%  realized=$+72.00
  b1157|lab1157_s164_w4_1120_1135_r2  n=  1  avg=+323.8%  med=+323.8%  realized=$+68.00
  b132|c132_s164_w1_0928_1005_r5  n=  2  avg=-65.7%  med=-53.6%  realized=$-37.00
  b135|c135_s164_w4_1120_1135_r5  n=  1  avg=-50.0%  med=-50.0%  realized=$-4.00
  b164|lab0164_s216_w1_0928_1005_r1  n=  7  avg=+7.9%  med=-37.0%  realized=$-37.00
  b165|lab0165_s216_w1_0928_1005_r2  n= 11  avg=+18.5%  med=-37.0%  realized=$+47.00
  b166|lab0166_s216_w2_1005_1045_r1  n=  9  avg=+22.7%  med=-63.4%  realized=$-196.00
  b167|lab0167_s216_w2_1005_1045_r2  n= 11  avg=+3.0%  med=-63.2%  realized=$-191.00
  b168|lab0168_s216_w3_1045_1120_r1  n=  6  avg=-76.4%  med=-72.0%  realized=$-181.00
  b169|lab0169_s216_w3_1045_1120_r2  n=  8  avg=-37.5%  med=-52.3%  realized=$-124.00
  b16|lab0016_s202_w1_0928_1005_r1  n=  2  avg=-51.0%  med=-38.1%  realized=$-47.00
  b170|lab0170_s216_w4_1120_1135_r1  n=  2  avg=-64.0%  med=-63.6%  realized=$-71.00
  b171|lab0171_s216_w4_1120_1135_r2  n=  4  avg=-41.7%  med=-47.5%  realized=$-71.00
  b178|lab0178_s217_w1_0928_1005_r1  n=  2  avg=+85.4%  med=+104.8%  realized=$+97.00
  b179|lab0179_s217_w1_0928_1005_r2  n=  2  avg=+70.8%  med=+90.5%  realized=$+81.00
  b17|lab0017_s202_w1_0928_1005_r2  n=  2  avg=-70.9%  med=-65.6%  realized=$-56.00
  b180|lab0180_s217_w2_1005_1045_r1  n= 15  avg=+86.7%  med=+53.9%  realized=$+362.00
  b181|lab0181_s217_w2_1005_1045_r2  n= 17  avg=+65.8%  med=-46.1%  realized=$+239.00
  b182|lab0182_s217_w3_1045_1120_r1  n=  8  avg=-39.7%  med=-43.8%  realized=$-134.00
  b183|lab0183_s217_w3_1045_1120_r2  n= 12  avg=-34.3%  med=-54.4%  realized=$-153.00
  b184|lab0184_s217_w4_1120_1135_r1  n=  2  avg=-77.5%  med=-77.5%  realized=$-62.00
  b185|lab0185_s217_w4_1120_1135_r2  n=  3  avg=-16.3%  med=-52.2%  realized=$-7.00
  b18|lab0018_s202_w2_1005_1045_r1  n=  1  avg=-74.4%  med=-74.4%  realized=$-29.00
  b192|lab0192_s218_w1_0928_1005_r1  n=  9  avg=+20.6%  med=+50.0%  realized=$+114.00
  b193|lab0193_s218_w1_0928_1005_r2  n= 11  avg=+29.4%  med=+36.4%  realized=$+177.00
  b194|lab0194_s218_w2_1005_1045_r1  n= 19  avg=-7.5%  med=-37.5%  realized=$-118.00
  b195|lab0195_s218_w2_1005_1045_r2  n= 20  avg=+35.9%  med=+58.8%  realized=$+243.00
  b196|lab0196_s218_w3_1045_1120_r1  n=  8  avg=+139.1%  med=+52.2%  realized=$+165.00
  b197|lab0197_s218_w3_1045_1120_r2  n=  8  avg=+140.6%  med=+47.8%  realized=$+283.00
  b198|lab0198_s218_w4_1120_1135_r1  n=  3  avg=+108.5%  med=+108.5%  realized=$+150.00
  b199|lab0199_s218_w4_1120_1135_r2  n=  4  avg=+72.4%  med=+112.8%  realized=$+124.00
  b19|lab0019_s202_w2_1005_1045_r2  n=  2  avg=-51.5%  med=-46.7%  realized=$-43.00
  b1|c001_s173_w2_1005_1045_r1  n= 10  avg=-65.0%  med=-64.9%  realized=$-406.00
  b20|c020_s164_w1_0928_1005_r1  n=  9  avg=-11.2%  med=-14.3%  realized=$-19.00
  b20|c020_s173_w1_0928_1005_r2  n= 21  avg=+1.0%  med=-3.6%  realized=$+6.00
  b20|lab0020_s202_w3_1045_1120_r1  n=  1  avg=-42.9%  med=-42.9%  realized=$-6.00
  b21|c021_s164_w2_1005_1045_r1  n=  8  avg=-61.7%  med=-56.1%  realized=$-308.00
  b21|c021_s173_w2_1005_1045_r2  n= 23  avg=-55.2%  med=-72.1%  realized=$-863.00
  b21|lab0021_s202_w3_1045_1120_r2  n=  2  avg=-53.6%  med=-50.0%  realized=$-24.00
  b222|lab0222_s400_w2_1005_1045_r1  n=  1  avg=-50.0%  med=-50.0%  realized=$-4.00
  b223|lab0223_s400_w2_1005_1045_r2  n=  1  avg=-50.0%  med=-50.0%  realized=$-4.00
  b224|lab0224_s400_w3_1045_1120_r1  n=  1  avg=-66.7%  med=-66.7%  realized=$-10.00
  b225|lab0225_s400_w3_1045_1120_r2  n=  2  avg=-7.3%  med=+52.1%  realized=$+15.00
  b227|lab0227_s400_w4_1120_1135_r2  n=  1  avg=-22.2%  med=-22.2%  realized=$-2.00
  b22|c022_s164_w3_1045_1120_r1  n=  6  avg=-28.3%  med=-55.7%  realized=$-115.00
  b22|c022_s173_w3_1045_1120_r2  n= 11  avg=-35.9%  med=-54.2%  realized=$-224.00
  b234|lab0234_s401_w1_0928_1005_r1  n= 12  avg=+58.7%  med=-36.6%  realized=$-138.00
  b235|lab0235_s401_w1_0928_1005_r2  n= 15  avg=+133.1%  med=-23.7%  realized=$+107.00
  b236|c236_s218_w3_1045_1120_r1  n=  1  avg=-33.3%  med=-33.3%  realized=$-1.00
  b236|lab0236_s401_w2_1005_1045_r1  n= 15  avg=-15.8%  med=-38.1%  realized=$-183.00
  b237|c237_s218_w3_1045_1120_r2  n=  1  avg=-66.7%  med=-66.7%  realized=$-2.00
  b237|lab0237_s401_w2_1005_1045_r2  n= 18  avg=+22.4%  med=+50.0%  realized=$+97.00
  b238|lab0238_s401_w3_1045_1120_r1  n= 19  avg=+158.1%  med=+104.7%  realized=$+999.00
  b239|lab0239_s401_w3_1045_1120_r2  n= 17  avg=+101.5%  med=+30.2%  realized=$+254.00
  b23|c023_s164_w4_1120_1135_r1  n=  2  avg=-67.7%  med=-67.7%  realized=$-84.00
  b23|c023_s173_w4_1120_1135_r2  n=  3  avg=-25.0%  med=-61.5%  realized=$-41.00
  b240|lab0240_s401_w4_1120_1135_r1  n= 12  avg=+38.8%  med=+21.1%  realized=$+136.00
  b241|lab0241_s401_w4_1120_1135_r2  n= 10  avg=-28.4%  med=-17.5%  realized=$-174.00
  b25|c025_s168_w2_1005_1045_r1  n=  2  avg=-20.7%  med=-19.6%  realized=$-19.00
  b25|c025_s174_w2_1005_1045_r2  n= 18  avg=-33.0%  med=-21.7%  realized=$-333.00
  b262|lab0262_s403_w1_0928_1005_r1  n=  3  avg=+40.1%  med=+65.4%  realized=$+63.00
  b263|lab0263_s403_w1_0928_1005_r2  n=  9  avg=+58.2%  med=+51.7%  realized=$+221.00
  b264|lab0264_s403_w2_1005_1045_r1  n=  9  avg=+28.1%  med=+46.0%  realized=$+103.00
  b265|lab0265_s403_w2_1005_1045_r2  n= 11  avg=+21.5%  med=+49.0%  realized=$+110.00
  b266|lab0266_s403_w3_1045_1120_r1  n=  5  avg=+46.0%  med=+66.7%  realized=$+75.00
  b267|lab0267_s403_w3_1045_1120_r2  n=  7  avg=+31.2%  med=+57.1%  realized=$+73.00
  b268|lab0268_s403_w4_1120_1135_r1  n=  4  avg=+158.4%  med=+320.0%  realized=$+152.00
  b269|lab0269_s403_w4_1120_1135_r2  n=  7  avg=+96.9%  med=+57.6%  realized=$+211.00
  b26|c026_s174_w3_1045_1120_r2  n=  1  avg=-53.1%  med=-53.1%  realized=$-26.00
  b276|lab0276_s350_w1_0928_1005_r1  n= 10  avg=+61.5%  med=+102.9%  realized=$+227.00
  b277|lab0277_s350_w1_0928_1005_r2  n=  8  avg=+94.3%  med=+157.9%  realized=$+266.00
  b278|lab0278_s350_w2_1005_1045_r1  n= 13  avg=+37.3%  med=+0.0%  realized=$+58.00
  b279|lab0279_s350_w2_1005_1045_r2  n= 14  avg=+56.2%  med=-28.3%  realized=$+163.00
  b280|lab0280_s351_w1_0928_1005_r1  n=  9  avg=+122.7%  med=+171.9%  realized=$+322.00
  b281|lab0281_s351_w1_0928_1005_r2  n=  9  avg=+103.1%  med=+110.5%  realized=$+347.00
  b282|lab0282_s351_w2_1005_1045_r1  n= 11  avg=-7.6%  med=-61.9%  realized=$-114.00
  b283|lab0283_s351_w2_1005_1045_r2  n= 12  avg=-5.4%  med=-50.0%  realized=$-97.00
  b284|lab0284_s351_w3_1045_1120_r1  n=  3  avg=-54.1%  med=-52.2%  realized=$-59.00
  b285|lab0285_s351_w3_1045_1120_r2  n=  5  avg=+55.0%  med=-33.3%  realized=$+4.00
  b286|lab0286_s351_w4_1120_1135_r1  n=  6  avg=-14.7%  med=-75.5%  realized=$-99.00
  b287|lab0287_s351_w4_1120_1135_r2  n=  9  avg=-16.6%  med=-48.7%  realized=$-108.00
  b288|lab0288_s352_w1_0928_1005_r1  n=  5  avg=+107.9%  med=+100.0%  realized=$+85.00
  b289|lab0289_s352_w1_0928_1005_r2  n=  5  avg=+80.9%  med=+93.8%  realized=$+67.00
  b28|c028_s165_w1_0928_1005_r2  n= 17  avg=+49.5%  med=+80.0%  realized=$+448.00
  b28|c028_s173_w1_0928_1005_r2  n=  5  avg=+51.6%  med=+80.0%  realized=$+142.00
  b290|lab0290_s352_w2_1005_1045_r1  n=  7  avg=+62.6%  med=-17.6%  realized=$+73.00
  b291|lab0291_s352_w2_1005_1045_r2  n=  8  avg=+75.9%  med=-48.2%  realized=$+116.00
  b292|lab0292_s352_w3_1045_1120_r1  n=  8  avg=+50.1%  med=+13.0%  realized=$-6.00
  b293|lab0293_s352_w3_1045_1120_r2  n=  9  avg=+67.7%  med=+39.1%  realized=$+46.00
  b294|lab0294_s352_w4_1120_1135_r1  n=  4  avg=+17.7%  med=-71.4%  realized=$-72.00
  b295|lab0295_s352_w4_1120_1135_r2  n=  4  avg=+18.9%  med=-75.0%  realized=$-72.00
  b296|lab0296_s353_w1_0928_1005_r1  n=  5  avg=+110.2%  med=+123.7%  realized=$+118.00
  b297|lab0297_s353_w1_0928_1005_r2  n=  5  avg=+81.5%  med=+79.0%  realized=$+83.00
  b298|lab0298_s353_w2_1005_1045_r1  n= 11  avg=+11.2%  med=-34.7%  realized=$-53.00
  b299|lab0299_s353_w2_1005_1045_r2  n=  7  avg=-32.4%  med=-72.7%  realized=$-142.00
  b29|c029_s165_w2_1005_1045_r2  n=  9  avg=-23.3%  med=-50.0%  realized=$-221.00
  b29|c029_s173_w2_1005_1045_r2  n=  2  avg=-69.3%  med=-48.5%  realized=$-78.00
  b2|c002_s173_w3_1045_1120_r1  n= 15  avg=+67.7%  med=+32.8%  realized=$+707.00
  b300|lab0300_s353_w3_1045_1120_r1  n=  3  avg=+184.9%  med=-94.1%  realized=$-44.00
  b301|lab0301_s353_w3_1045_1120_r2  n=  1  avg=+942.9%  med=+942.9%  realized=$+66.00
  b302|lab0302_s353_w4_1120_1135_r1  n=  2  avg=+214.9%  med=+333.3%  realized=$+98.00
  b303|lab0303_s353_w4_1120_1135_r2  n=  3  avg=+158.5%  med=+93.1%  realized=$+121.00
  b304|lab0304_s354_w1_0928_1005_r1  n=  5  avg=+19.8%  med=+24.0%  realized=$+47.00
  b305|lab0305_s354_w1_0928_1005_r2  n=  5  avg=+2.5%  med=-51.6%  realized=$+2.00
  b306|lab0306_s354_w2_1005_1045_r1  n=  9  avg=-17.2%  med=-70.6%  realized=$-108.00
  b307|lab0307_s354_w2_1005_1045_r2  n= 10  avg=-18.9%  med=-68.6%  realized=$-50.00
  b308|lab0308_s354_w3_1045_1120_r1  n=  9  avg=+3.0%  med=-50.8%  realized=$-4.00
  b309|lab0309_s354_w3_1045_1120_r2  n=  9  avg=-5.5%  med=-52.3%  realized=$-49.00
  b30|c030_s165_w3_1045_1120_r2  n=  9  avg=+38.8%  med=+0.0%  realized=$+260.00
  b30|c030_s173_w3_1045_1120_r2  n=  2  avg=-9.5%  med=+0.0%  realized=$-14.00
  b310|lab0310_s354_w4_1120_1135_r1  n=  5  avg=+12.6%  med=-33.3%  realized=$+74.00
  b311|lab0311_s354_w4_1120_1135_r2  n=  5  avg=+32.1%  med=-72.9%  realized=$+107.00
  b312|lab0312_s355_w1_0928_1005_r1  n=  8  avg=-25.6%  med=-53.5%  realized=$-95.00
  b313|lab0313_s355_w1_0928_1005_r2  n=  7  avg=-6.9%  med=-48.8%  realized=$-31.00
  b314|lab0314_s355_w2_1005_1045_r1  n= 12  avg=-7.9%  med=-63.4%  realized=$-59.00
  b315|lab0315_s355_w2_1005_1045_r2  n= 13  avg=-10.4%  med=-41.3%  realized=$-69.00
  b316|lab0316_s355_w3_1045_1120_r1  n=  5  avg=+6.7%  med=-50.0%  realized=$+33.00
  b317|lab0317_s355_w3_1045_1120_r2  n= 10  avg=+70.5%  med=+57.1%  realized=$+320.00
  b318|lab0318_s355_w4_1120_1135_r1  n=  6  avg=+57.7%  med=+84.6%  realized=$+119.00
  b319|lab0319_s355_w4_1120_1135_r2  n=  6  avg=+60.7%  med=+59.4%  realized=$+133.00
  b31|c031_s165_w4_1120_1135_r2  n=  2  avg=+145.5%  med=+175.8%  realized=$+192.00
  b320|lab0320_s356_w1_0928_1005_r1  n=  4  avg=+18.8%  med=+37.9%  realized=$+34.00
  b321|lab0321_s356_w1_0928_1005_r2  n=  4  avg=+28.1%  med=+58.6%  realized=$+56.00
  b322|lab0322_s356_w2_1005_1045_r1  n=  3  avg=-12.4%  med=-21.6%  realized=$-21.00
  b323|lab0323_s356_w2_1005_1045_r2  n=  3  avg=-9.0%  med=-18.9%  realized=$-16.00
  b324|lab0324_s356_w3_1045_1120_r1  n=  4  avg=-5.4%  med=-25.0%  realized=$-12.00
  b325|lab0325_s356_w3_1045_1120_r2  n=  4  avg=-1.7%  med=-19.4%  realized=$-6.00
  b326|lab0326_s356_w4_1120_1135_r1  n=  2  avg=+76.1%  med=+100.0%  realized=$+68.00
  b327|lab0327_s356_w4_1120_1135_r2  n=  3  avg=+19.3%  med=+52.0%  realized=$+20.00
  b328|lab0328_s357_w1_0928_1005_r1  n=  3  avg=+3.8%  med=+47.1%  realized=$+7.00
  b329|lab0329_s357_w1_0928_1005_r2  n=  3  avg=+3.8%  med=+47.1%  realized=$+7.00
  b330|lab0330_s357_w2_1005_1045_r1  n=  2  avg=+34.9%  med=+131.4%  realized=$+27.00
  b331|lab0331_s357_w2_1005_1045_r2  n=  3  avg=-10.7%  med=-56.9%  realized=$-19.00
  b332|lab0332_s357_w3_1045_1120_r1  n=  5  avg=+66.7%  med=+73.7%  realized=$+190.00
  b333|lab0333_s357_w3_1045_1120_r2  n=  6  avg=+66.3%  med=+71.9%  realized=$+228.00
  b334|lab0334_s357_w4_1120_1135_r1  n=  1  avg=+81.2%  med=+81.2%  realized=$+39.00
  b335|lab0335_s357_w4_1120_1135_r2  n=  2  avg=+54.6%  med=+57.1%  realized=$+53.00
  b340|lab0340_s358_w3_1045_1120_r1  n=  1  avg=-51.4%  med=-51.4%  realized=$-37.00
  b341|lab0341_s358_w3_1045_1120_r2  n=  1  avg=-51.4%  med=-51.4%  realized=$-37.00
  b342|lab0342_s358_w4_1120_1135_r1  n=  1  avg=+53.1%  med=+53.1%  realized=$+26.00
  b343|lab0343_s358_w4_1120_1135_r2  n=  1  avg=+55.1%  med=+55.1%  realized=$+27.00
  b344|lab0344_s359_w1_0928_1005_r1  n=  5  avg=+37.9%  med=+46.7%  realized=$-33.00
  b345|lab0345_s359_w1_0928_1005_r2  n=  7  avg=+22.2%  med=-50.0%  realized=$-14.00
  b346|lab0346_s359_w2_1005_1045_r1  n= 12  avg=+62.3%  med=-46.7%  realized=$-60.00
  b347|lab0347_s359_w2_1005_1045_r2  n= 11  avg=+69.0%  med=-44.4%  realized=$-16.00
  b362|lab0362_s361_w1_0928_1005_r1  n=  6  avg=-13.8%  med=-30.4%  realized=$-71.00
  b363|lab0363_s361_w1_0928_1005_r2  n=  7  avg=-12.8%  med=-30.4%  realized=$-76.00
  b364|lab0364_s361_w2_1005_1045_r1  n=  9  avg=+126.2%  med=+81.8%  realized=$+88.00
  b365|lab0365_s361_w2_1005_1045_r2  n= 12  avg=+173.8%  med=+82.8%  realized=$+310.00
  b366|lab0366_s361_w3_1045_1120_r1  n=  3  avg=+351.3%  med=+61.1%  realized=$+59.00
  b367|lab0367_s361_w3_1045_1120_r2  n= 11  avg=+67.9%  med=-50.0%  realized=$-90.00
  b368|lab0368_s361_w4_1120_1135_r1  n=  3  avg=+103.8%  med=+71.4%  realized=$+37.00
  b369|lab0369_s361_w4_1120_1135_r2  n=  4  avg=+110.2%  med=+100.0%  realized=$+60.00
  b376|lab0376_s362_w1_0928_1005_r1  n=  8  avg=+1.2%  med=+8.7%  realized=$-21.00
  b377|lab0377_s362_w1_0928_1005_r2  n=  9  avg=+10.8%  med=+13.0%  realized=$+10.00
  b378|lab0378_s362_w2_1005_1045_r1  n=  5  avg=+239.7%  med=+70.6%  realized=$+163.00
  b379|lab0379_s362_w2_1005_1045_r2  n=  9  avg=+132.5%  med=+60.5%  realized=$+219.00
  b380|lab0380_s362_w3_1045_1120_r1  n=  7  avg=+183.1%  med=+103.3%  realized=$+226.00
  b381|lab0381_s362_w3_1045_1120_r2  n=  7  avg=+182.6%  med=+108.3%  realized=$+245.00
  b382|lab0382_s362_w4_1120_1135_r1  n=  3  avg=+463.7%  med=+323.8%  realized=$+376.00
  b383|lab0383_s362_w4_1120_1135_r2  n=  3  avg=+490.7%  med=+309.5%  realized=$+402.00
  b390|lab0390_s363_w1_0928_1005_r1  n=  3  avg=-13.7%  med=-49.1%  realized=$-60.00
  b391|lab0391_s363_w1_0928_1005_r2  n=  2  avg=+26.2%  med=+103.2%  realized=$+4.00
  b392|lab0392_s363_w2_1005_1045_r1  n=  8  avg=-41.2%  med=-65.4%  realized=$-222.00
  b393|lab0393_s363_w2_1005_1045_r2  n=  8  avg=-39.0%  med=-53.9%  realized=$-210.00
  b394|lab0394_s363_w3_1045_1120_r1  n=  5  avg=-46.4%  med=-81.0%  realized=$-150.00
  b395|lab0395_s363_w3_1045_1120_r2  n=  5  avg=-44.5%  med=-82.5%  realized=$-149.00
  b396|lab0396_s363_w4_1120_1135_r1  n=  2  avg=-15.1%  med=+44.7%  realized=$-19.00
  b397|lab0397_s363_w4_1120_1135_r2  n=  5  avg=-33.2%  med=-77.1%  realized=$-75.00
  b3|c003_s173_w4_1120_1135_r1  n= 17  avg=+131.0%  med=-50.0%  realized=$+1,311.00
  b404|lab0404_s364_w1_0928_1005_r1  n=  4  avg=-15.3%  med=-2.9%  realized=$-61.00
  b405|lab0405_s364_w1_0928_1005_r2  n=  5  avg=-6.0%  med=-5.9%  realized=$-44.00
  b406|lab0406_s364_w2_1005_1045_r1  n= 10  avg=-17.6%  med=-44.2%  realized=$-159.00
  b407|lab0407_s364_w2_1005_1045_r2  n= 11  avg=-12.3%  med=-42.3%  realized=$-90.00
  b408|lab0408_s364_w3_1045_1120_r1  n=  8  avg=+2.4%  med=+66.7%  realized=$-41.00
  b409|lab0409_s364_w3_1045_1120_r2  n= 10  avg=+0.0%  med=+53.1%  realized=$-54.00
  b40|c040_s166_w1_0928_1005_r2  n=  6  avg=-37.2%  med=-12.7%  realized=$-142.00
  b40|c040_s173_w1_0928_1005_r3  n= 23  avg=+12.9%  med=-15.4%  realized=$-90.00
  b410|lab0410_s364_w4_1120_1135_r1  n=  7  avg=+72.6%  med=+39.5%  realized=$+171.00
  b411|lab0411_s364_w4_1120_1135_r2  n=  4  avg=+137.5%  med=+188.9%  realized=$+189.00
  b418|lab0418_s365_w1_0928_1005_r1  n=  3  avg=+20.9%  med=+67.3%  realized=$+24.00
  b419|lab0419_s365_w1_0928_1005_r2  n=  4  avg=+17.6%  med=+56.1%  realized=$+28.00
  b41|c041_s166_w2_1005_1045_r2  n=  3  avg=-62.0%  med=-61.4%  realized=$-106.00
  b41|c041_s173_w2_1005_1045_r3  n= 13  avg=-48.5%  med=-66.7%  realized=$-452.00
  b420|lab0420_s365_w2_1005_1045_r1  n=  2  avg=+2.8%  med=+54.0%  realized=$-2.00
  b421|lab0421_s365_w2_1005_1045_r2  n=  3  avg=-21.3%  med=-48.3%  realized=$-40.00
  b422|lab0422_s365_w3_1045_1120_r1  n=  3  avg=+33.1%  med=+63.6%  realized=$+25.00
  b423|lab0423_s365_w3_1045_1120_r2  n=  3  avg=+28.9%  med=+63.6%  realized=$+20.00
  b424|lab0424_s365_w4_1120_1135_r1  n=  5  avg=-10.7%  med=+0.0%  realized=$-24.00
  b425|lab0425_s365_w4_1120_1135_r2  n=  3  avg=+109.8%  med=+54.8%  realized=$+124.00
  b42|c042_s166_w3_1045_1120_r2  n=  6  avg=+115.7%  med=+21.4%  realized=$+489.00
  b42|c042_s173_w3_1045_1120_r3  n= 13  avg=+31.1%  med=-8.3%  realized=$+262.00
  b432|lab0432_s366_w1_0928_1005_r1  n=  1  avg=-56.9%  med=-56.9%  realized=$-37.00
  b433|lab0433_s366_w1_0928_1005_r2  n=  1  avg=-56.9%  med=-56.9%  realized=$-37.00
  b434|lab0434_s366_w2_1005_1045_r1  n=  2  avg=+19.6%  med=+96.1%  realized=$+12.00
  b435|lab0435_s366_w2_1005_1045_r2  n=  3  avg=+20.7%  med=+49.0%  realized=$+23.00
  b436|lab0436_s366_w3_1045_1120_r1  n=  1  avg=-51.7%  med=-51.7%  realized=$-30.00
  b437|lab0437_s366_w3_1045_1120_r2  n=  1  avg=-53.5%  med=-53.5%  realized=$-31.00
  b438|lab0438_s366_w4_1120_1135_r1  n=  2  avg=+22.6%  med=+94.3%  realized=$+22.00
  b439|lab0439_s366_w4_1120_1135_r2  n=  2  avg=+26.4%  med=+101.9%  realized=$+26.00
  b43|c043_s166_w4_1120_1135_r2  n=  7  avg=+62.0%  med=+41.9%  realized=$+281.00
  b43|c043_s173_w4_1120_1135_r3  n=  8  avg=+58.7%  med=+53.2%  realized=$+241.00
  b449|lab0449_s367_w2_1005_1045_r2  n=  1  avg=-48.9%  med=-48.9%  realized=$-22.00
  b450|lab0450_s367_w3_1045_1120_r1  n=  1  avg=-51.4%  med=-51.4%  realized=$-37.00
  b451|lab0451_s367_w3_1045_1120_r2  n=  1  avg=-25.0%  med=-25.0%  realized=$-18.00
  b46|c046_s174_w3_1045_1120_r3  n=  3  avg=-89.7%  med=-89.7%  realized=$-156.00
  b47|c047_s163_w4_1120_1135_r2  n=  3  avg=-79.7%  med=-78.0%  realized=$-141.00
  b47|c047_s174_w4_1120_1135_r3  n= 25  avg=-73.4%  med=-78.0%  realized=$-1,155.00
  b48|c048_s164_w1_0928_1005_r2  n=  5  avg=-33.1%  med=-49.1%  realized=$-91.00
  b48|c048_s165_w1_0928_1005_r3  n= 16  avg=-35.9%  med=-49.1%  realized=$-344.00
  b49|c049_s164_w2_1005_1045_r2  n=  4  avg=-51.8%  med=-44.0%  realized=$-133.00
  b49|c049_s165_w2_1005_1045_r3  n= 15  avg=-49.3%  med=-49.1%  realized=$-458.00
  b50|c050_s164_w3_1045_1120_r2  n=  4  avg=-39.6%  med=-16.7%  realized=$-115.00
  b50|c050_s165_w3_1045_1120_r3  n=  9  avg=-23.6%  med=-23.1%  realized=$-142.00
  b51|c051_s165_w4_1120_1135_r3  n=  1  avg=+263.6%  med=+263.6%  realized=$+174.00
  b56|g056_lim_tp20_sl65  n=  1  avg=+47.7%  med=+47.7%  realized=$+20.52
  b57|g057_mid_tp20_sl65  n=  1  avg=+47.7%  med=+47.7%  realized=$+20.52
  b58|g058_eod_tp20_sl65  n=  1  avg=+59.1%  med=+59.1%  realized=$+25.41
  b60|c060_s167_w1_0928_1005_r3  n=  3  avg=-55.8%  med=-62.8%  realized=$-98.00
  b60|c060_s173_w1_0928_1005_r4  n= 13  avg=-5.1%  med=-13.6%  realized=$-99.00
  b61|c061_s167_w2_1005_1045_r3  n=  5  avg=-54.6%  med=-50.9%  realized=$-160.00
  b61|c061_s173_w2_1005_1045_r4  n=  8  avg=-37.3%  med=-50.0%  realized=$-208.00
  b62|c062_s167_w3_1045_1120_r3  n=  8  avg=-51.8%  med=-64.2%  realized=$-286.00
  b62|c062_s173_w3_1045_1120_r4  n= 20  avg=+182.8%  med=-58.3%  realized=$-183.00
  b63|c063_s167_w4_1120_1135_r3  n=  2  avg=-54.8%  med=-54.8%  realized=$-68.00
  b63|c063_s173_w4_1120_1135_r4  n=  1  avg=-46.1%  med=-46.1%  realized=$-24.00
  b63|g063_mid_tp20_sl65  n=  1  avg=+23.3%  med=+23.3%  realized=$+18.63
  b64|c064_s174_w1_0928_1005_r4  n=  3  avg=-93.3%  med=-93.3%  realized=$-168.00
  b64|g064_eod_tp20_sl65  n=  1  avg=+34.2%  med=+34.2%  realized=$+27.40
  b65|c065_s174_w2_1005_1045_r4  n=  8  avg=-45.7%  med=-45.2%  realized=$-238.00
  b65|g065_lim_tp20_sl65  n=  1  avg=+23.3%  med=+23.3%  realized=$+18.63
  b66|c066_s174_w3_1045_1120_r4  n=  1  avg=-52.5%  med=-52.5%  realized=$-31.00
  b66|g066_mid_tp20_sl65  n=  1  avg=+23.3%  med=+23.3%  realized=$+18.63
  b67|c067_s174_w4_1120_1135_r4  n=  1  avg=-45.8%  med=-45.8%  realized=$-27.00
  b67|g067_eod_tp20_sl65  n=  1  avg=+34.2%  med=+34.2%  realized=$+27.40
  b68|c068_s165_w1_0928_1005_r4  n= 16  avg=-51.3%  med=-49.1%  realized=$-446.00
  b68|c068_s166_w1_0928_1005_r3  n=  4  avg=-52.7%  med=-49.1%  realized=$-116.00
  b69|c069_s165_w2_1005_1045_r4  n= 11  avg=+19.0%  med=-43.6%  realized=$-179.00
  b69|c069_s166_w2_1005_1045_r3  n=  4  avg=+10.1%  med=-40.0%  realized=$-87.00
  b70|c070_s165_w3_1045_1120_r4  n= 11  avg=-2.1%  med=-16.9%  realized=$-6.00
  b70|c070_s166_w3_1045_1120_r3  n=  4  avg=-42.5%  med=-27.0%  realized=$-124.00
  b70|g070_eod_tp30_sl20  n=  1  avg=+59.1%  med=+59.1%  realized=$+27.77
  b71|g071_lim_tp30_sl20  n=  1  avg=+36.5%  med=+36.5%  realized=$+23.73
  b72|g072_mid_tp30_sl20  n=  1  avg=+36.5%  med=+36.5%  realized=$+23.73
  b73|g073_eod_tp30_sl20  n=  1  avg=+55.6%  med=+55.6%  realized=$+36.11
  b73|lab0073_s209_w1_0928_1005_r2  n=  1  avg=-64.7%  med=-64.7%  realized=$-11.00
  b74|g074_lim_tp30_sl20  n=  1  avg=+36.5%  med=+36.5%  realized=$+23.73
  b74|lab0074_s209_w2_1005_1045_r1  n=  1  avg=-58.2%  med=-58.2%  realized=$-39.00
  b75|g075_mid_tp30_sl20  n=  1  avg=+36.5%  med=+36.5%  realized=$+23.73
  b75|lab0075_s209_w2_1005_1045_r2  n=  2  avg=-50.8%  med=-50.8%  realized=$-68.00
  b768|lab0768_s396_w1_0928_1005_r1  n=  2  avg=+89.0%  med=+93.1%  realized=$+118.00
  b769|lab0769_s396_w1_0928_1005_r2  n=  2  avg=+106.2%  med=+116.7%  realized=$+139.00
  b76|c076_s164_w1_0928_1005_r3  n=  1  avg=-50.0%  med=-50.0%  realized=$-2.00
  b76|g076_eod_tp30_sl20  n=  1  avg=+34.2%  med=+34.2%  realized=$+27.40
  b771|lab0771_s396_w2_1005_1045_r2  n=  1  avg=-82.2%  med=-82.2%  realized=$-60.00
  b775|lab0775_s396_w4_1120_1135_r2  n=  1  avg=+74.6%  med=+74.6%  realized=$+44.00
  b776|lab0776_s397_w1_0928_1005_r1  n=  3  avg=-38.5%  med=-64.9%  realized=$-74.00
  b777|lab0777_s397_w1_0928_1005_r2  n=  6  avg=+22.9%  med=+38.6%  realized=$+72.00
  b778|lab0778_s397_w2_1005_1045_r1  n=  8  avg=+67.0%  med=+73.0%  realized=$+342.00
  b779|lab0779_s397_w2_1005_1045_r2  n=  7  avg=+64.7%  med=+61.9%  realized=$+306.00
  b77|g077_lim_tp30_sl20  n=  1  avg=-23.3%  med=-23.3%  realized=$-18.63
  b77|lab0077_s209_w3_1045_1120_r2  n=  1  avg=-70.9%  med=-70.9%  realized=$-39.00
  b780|lab0780_s397_w3_1045_1120_r1  n=  3  avg=+43.8%  med=+74.3%  realized=$+81.00
  b781|lab0781_s397_w3_1045_1120_r2  n=  6  avg=+24.3%  med=+71.8%  realized=$+136.00
  b782|lab0782_s397_w4_1120_1135_r1  n=  1  avg=-54.0%  med=-54.0%  realized=$-34.00
  b783|lab0783_s397_w4_1120_1135_r2  n=  3  avg=+66.9%  med=+105.1%  realized=$+123.00
  b784|lab0784_s398_w1_0928_1005_r1  n=  5  avg=+37.3%  med=+49.0%  realized=$+70.00
  b785|lab0785_s398_w1_0928_1005_r2  n=  6  avg=+9.2%  med=+49.0%  realized=$+37.00
  b786|lab0786_s398_w2_1005_1045_r1  n= 10  avg=+1.1%  med=+3.3%  realized=$-27.00
  b787|lab0787_s398_w2_1005_1045_r2  n=  5  avg=+36.0%  med=+61.3%  realized=$+57.00
  b788|lab0788_s398_w3_1045_1120_r1  n= 10  avg=+3.6%  med=-18.4%  realized=$+31.00
  b789|lab0789_s398_w3_1045_1120_r2  n=  9  avg=-11.4%  med=-54.3%  realized=$-10.00
  b78|g078_mid_tp30_sl20  n=  1  avg=-23.3%  med=-23.3%  realized=$-18.63
  b790|lab0790_s398_w4_1120_1135_r1  n=  5  avg=+179.6%  med=+140.3%  realized=$+338.00
  b791|lab0791_s398_w4_1120_1135_r2  n=  7  avg=+124.0%  med=+155.6%  realized=$+293.00
  b792|lab0792_s399_w1_0928_1005_r1  n=  4  avg=+100.0%  med=+140.0%  realized=$+80.00
  b793|lab0793_s399_w1_0928_1005_r2  n= 11  avg=+34.3%  med=+57.9%  realized=$+127.00
  b794|lab0794_s399_w2_1005_1045_r1  n= 11  avg=+74.8%  med=-17.2%  realized=$-78.00
  b795|lab0795_s399_w2_1005_1045_r2  n= 13  avg=+43.5%  med=-51.7%  realized=$-61.00
  b796|lab0796_s399_w3_1045_1120_r1  n=  3  avg=+266.6%  med=-74.0%  realized=$-5.00
  b797|lab0797_s399_w3_1045_1120_r2  n= 15  avg=+23.0%  med=-52.8%  realized=$-146.00
  b798|lab0798_s399_w4_1120_1135_r1  n=  5  avg=+12.3%  med=-53.1%  realized=$+61.00
  b799|lab0799_s399_w4_1120_1135_r2  n=  8  avg=+26.4%  med=+53.3%  realized=$+49.00
  b79|g079_eod_tp30_sl20  n=  1  avg=+34.2%  med=+34.2%  realized=$+27.40
  b79|lab0079_s209_w4_1120_1135_r2  n=  1  avg=-94.6%  med=-94.6%  realized=$-53.00
  b7|c007_s174_w4_1120_1135_r1  n=  5  avg=-7.5%  med=-1.4%  realized=$-58.00
  b800|lab0800_s404_w1_0928_1005_r1  n=  6  avg=+23.0%  med=+38.6%  realized=$+65.00
  b801|lab0801_s404_w1_0928_1005_r2  n=  6  avg=+1.7%  med=+31.6%  realized=$+24.00
  b802|lab0802_s404_w2_1005_1045_r1  n= 12  avg=+30.0%  med=+60.9%  realized=$+236.00
  b803|lab0803_s404_w2_1005_1045_r2  n= 10  avg=+55.7%  med=+58.9%  realized=$+347.00
  b804|lab0804_s404_w3_1045_1120_r1  n=  7  avg=+14.7%  med=+68.5%  realized=$+107.00
  b805|lab0805_s404_w3_1045_1120_r2  n=  8  avg=-7.4%  med=+57.5%  realized=$+11.00
  b806|lab0806_s404_w4_1120_1135_r1  n=  4  avg=+64.7%  med=+91.5%  realized=$+160.00
  b807|lab0807_s404_w4_1120_1135_r2  n=  5  avg=+54.4%  med=+53.2%  realized=$+168.00
  b80|c080_s168_w1_0928_1005_r3  n=  8  avg=+3.6%  med=-11.1%  realized=$-45.00
  b80|c080_s173_w1_0928_1005_r5  n= 45  avg=+52.6%  med=+59.1%  realized=$+503.00
  b80|g080_lim_tp30_sl30  n=  1  avg=+36.5%  med=+36.5%  realized=$+23.73
  b80|lab0080_s210_w1_0928_1005_r1  n= 12  avg=+12.9%  med=-8.5%  realized=$+57.00
  b81|c081_s168_w2_1005_1045_r3  n=  5  avg=-26.9%  med=-33.8%  realized=$-83.00
  b81|c081_s173_w2_1005_1045_r5  n= 20  avg=-39.1%  med=-38.4%  realized=$-559.00
  b81|g081_mid_tp30_sl30  n=  1  avg=+36.5%  med=+36.5%  realized=$+23.73
  b81|lab0081_s210_w1_0928_1005_r2  n= 12  avg=+8.1%  med=+46.7%  realized=$+47.00
  b828|lab0828_s406_w1_0928_1005_r1  n=  4  avg=-15.8%  med=+10.0%  realized=$+1.00
  b829|lab0829_s406_w1_0928_1005_r2  n=  3  avg=-11.0%  med=-50.0%  realized=$-13.00
  b82|c082_s168_w3_1045_1120_r3  n=  5  avg=-1.6%  med=-40.0%  realized=$-2.00
  b82|c082_s173_w3_1045_1120_r5  n=  9  avg=-10.7%  med=-12.5%  realized=$-48.00
  b82|g082_eod_tp30_sl30  n=  1  avg=+55.6%  med=+55.6%  realized=$+36.11
  b82|lab0082_s210_w2_1005_1045_r1  n= 12  avg=-16.7%  med=-6.2%  realized=$-70.00
  b830|lab0830_s406_w2_1005_1045_r1  n= 13  avg=+66.4%  med=+61.3%  realized=$+59.00
  b831|lab0831_s406_w2_1005_1045_r2  n= 16  avg=+70.3%  med=+81.8%  realized=$+127.00
  b832|lab0832_s406_w3_1045_1120_r1  n= 15  avg=+305.6%  med=+55.3%  realized=$+1,461.00
  b833|lab0833_s406_w3_1045_1120_r2  n= 18  avg=+284.9%  med=+73.1%  realized=$+1,443.00
  b834|lab0834_s406_w4_1120_1135_r1  n=  7  avg=+407.3%  med=+105.3%  realized=$+135.00
  b835|lab0835_s406_w4_1120_1135_r2  n=  7  avg=+174.8%  med=+66.7%  realized=$+195.00
  b83|c083_s168_w4_1120_1135_r3  n=  8  avg=+84.0%  med=+62.9%  realized=$+429.00
  b83|c083_s173_w4_1120_1135_r5  n= 20  avg=-20.6%  med=-68.2%  realized=$-271.00
  b83|g083_lim_tp30_sl30  n=  1  avg=+30.1%  med=+30.1%  realized=$+24.11
  b83|lab0083_s210_w2_1005_1045_r2  n=  7  avg=+9.9%  med=+7.0%  realized=$+14.00
  b84|g084_mid_tp30_sl30  n=  1  avg=+30.1%  med=+30.1%  realized=$+24.11
  b84|lab0084_s210_w3_1045_1120_r1  n= 12  avg=-45.0%  med=-64.4%  realized=$-240.00
  b856|lab0856_s408_w1_0928_1005_r1  n=  3  avg=-28.1%  med=-58.7%  realized=$-32.00
  b857|lab0857_s408_w1_0928_1005_r2  n=  4  avg=-23.5%  med=-33.3%  realized=$-37.00
  b858|lab0858_s408_w2_1005_1045_r1  n=  6  avg=+26.6%  med=-52.6%  realized=$-1.00
  b859|lab0859_s408_w2_1005_1045_r2  n=  8  avg=-31.0%  med=-42.9%  realized=$-36.00
  b85|c085_s174_w2_1005_1045_r5  n=  7  avg=-9.4%  med=-32.7%  realized=$-42.00
  b85|g085_eod_tp30_sl30  n=  1  avg=+34.2%  med=+34.2%  realized=$+27.40
  b85|lab0085_s210_w3_1045_1120_r2  n= 15  avg=+56.9%  med=-44.4%  realized=$+25.00
  b860|lab0860_s408_w3_1045_1120_r1  n=  9  avg=+484.2%  med=+33.3%  realized=$+807.00
  b861|lab0861_s408_w3_1045_1120_r2  n= 12  avg=+218.5%  med=+100.0%  realized=$+471.00
  b862|lab0862_s408_w4_1120_1135_r1  n=  6  avg=-4.0%  med=+60.0%  realized=$-55.00
  b863|lab0863_s408_w4_1120_1135_r2  n=  9  avg=+1.7%  med=+0.0%  realized=$-12.00
  b86|c086_s174_w3_1045_1120_r5  n=  4  avg=+26.1%  med=+39.7%  realized=$+64.00
  b86|g086_lim_tp30_sl30  n=  1  avg=+30.1%  med=+30.1%  realized=$+24.11
  b86|lab0086_s210_w4_1120_1135_r1  n=  6  avg=+31.1%  med=+16.7%  realized=$+67.00
  b87|c087_s174_w4_1120_1135_r5  n=  4  avg=-23.5%  med=+37.5%  realized=$-114.00
  b87|g087_mid_tp30_sl30  n=  1  avg=+30.1%  med=+30.1%  realized=$+24.11
  b87|lab0087_s210_w4_1120_1135_r2  n=  8  avg=-0.2%  med=+19.4%  realized=$-21.00
  b884|lab0884_s410_w1_0928_1005_r1  n=  2  avg=+80.6%  med=+83.3%  realized=$+106.00
  b885|lab0885_s410_w1_0928_1005_r2  n=  3  avg=+72.8%  med=+65.3%  realized=$+145.00
  b886|lab0886_s410_w2_1005_1045_r1  n=  1  avg=+101.5%  med=+101.5%  realized=$+68.00
  b887|lab0887_s410_w2_1005_1045_r2  n=  1  avg=-48.4%  med=-48.4%  realized=$-31.00
  b888|lab0888_s410_w3_1045_1120_r1  n=  1  avg=-78.1%  med=-78.1%  realized=$-57.00
  b889|lab0889_s410_w3_1045_1120_r2  n=  1  avg=-68.5%  med=-68.5%  realized=$-50.00
  b88|c088_s165_w1_0928_1005_r5  n= 21  avg=-5.0%  med=-2.7%  realized=$-63.00
  b88|c088_s167_w1_0928_1005_r4  n=  4  avg=-12.7%  med=+30.9%  realized=$-28.00
  b88|g088_eod_tp30_sl30  n=  2  avg=+36.0%  med=+37.7%  realized=$+65.09
  b898|lab0898_s411_w1_0928_1005_r1  n=  2  avg=-54.5%  med=-51.4%  realized=$-79.00
  b899|lab0899_s411_w1_0928_1005_r2  n=  2  avg=-48.9%  med=-48.6%  realized=$-69.00
  b89|c089_s165_w2_1005_1045_r5  n=  7  avg=+113.1%  med=+30.9%  realized=$+67.00
  b89|c089_s167_w2_1005_1045_r4  n=  2  avg=-16.2%  med=+30.9%  realized=$-22.00
  b89|g089_lim_tp30_sl30  n=  1  avg=+30.1%  med=+30.1%  realized=$+24.11
  b8|c008_s165_w1_0928_1005_r1  n= 23  avg=-19.6%  med=-35.3%  realized=$-250.00
  b900|lab0900_s411_w2_1005_1045_r1  n= 11  avg=-2.4%  med=+7.7%  realized=$+1.00
  b901|lab0901_s411_w2_1005_1045_r2  n=  9  avg=+9.0%  med=+23.9%  realized=$+49.00
  b902|lab0902_s411_w3_1045_1120_r1  n=  7  avg=-0.6%  med=+8.1%  realized=$-13.00
  b903|lab0903_s411_w3_1045_1120_r2  n=  9  avg=+8.0%  med=+10.4%  realized=$+28.00
  b904|lab0904_s411_w4_1120_1135_r1  n=  2  avg=-52.8%  med=-52.2%  realized=$-60.00
  b905|lab0905_s411_w4_1120_1135_r2  n=  4  avg=-11.7%  med=+13.1%  realized=$-17.00
  b90|c090_s165_w3_1045_1120_r5  n= 13  avg=+7.7%  med=+0.0%  realized=$+47.00
  b90|c090_s167_w3_1045_1120_r4  n=  4  avg=-41.6%  med=-18.9%  realized=$-123.00
  b90|g090_mid_tp30_sl30  n=  1  avg=+30.1%  med=+30.1%  realized=$+24.11
  b90|live_1to1           n= 18  avg=+11.6%  med=-10.0%  realized=$+84.00
  b912|lab0912_s412_w1_0928_1005_r1  n=  6  avg=+75.0%  med=+66.7%  realized=$+27.00
  b913|lab0913_s412_w1_0928_1005_r2  n=  6  avg=+69.9%  med=+66.7%  realized=$+23.00
  b914|lab0914_s412_w2_1005_1045_r1  n=  7  avg=+91.8%  med=+68.2%  realized=$+168.00
  b915|lab0915_s412_w2_1005_1045_r2  n=  7  avg=+80.5%  med=+43.2%  realized=$+133.00
  b916|lab0916_s412_w3_1045_1120_r1  n= 14  avg=+1.8%  med=-10.7%  realized=$+8.00
  b917|lab0917_s412_w3_1045_1120_r2  n=  7  avg=+106.9%  med=-3.6%  realized=$-8.00
  b918|lab0918_s412_w4_1120_1135_r1  n=  4  avg=-45.8%  med=-38.1%  realized=$-94.00
  b919|lab0919_s412_w4_1120_1135_r2  n=  5  avg=+33.9%  med=-2.2%  realized=$+8.00
  b91|c091_s165_w4_1120_1135_r5  n=  2  avg=+222.0%  med=+247.0%  realized=$+293.00
  b91|g091_eod_tp30_sl30  n=  2  avg=+19.8%  med=+55.6%  realized=$+25.00
  b92|g092_lim_tp30_sl40  n=  2  avg=+53.6%  med=+70.8%  realized=$+94.51
  b93|g093_mid_tp30_sl40  n=  2  avg=+53.6%  med=+70.8%  realized=$+94.51
  b94|g094_eod_tp30_sl40  n=  2  avg=+46.6%  med=+55.6%  realized=$+73.80
  b94|lab0094_s211_w1_0928_1005_r1  n=  8  avg=-4.1%  med=-5.7%  realized=$-34.00
  b95|g095_lim_tp30_sl40  n=  2  avg=+50.5%  med=+70.8%  realized=$+94.89
  b95|lab0095_s211_w1_0928_1005_r2  n=  9  avg=-27.7%  med=-42.1%  realized=$-143.00
  b96|g096_mid_tp30_sl40  n=  2  avg=+50.5%  med=+70.8%  realized=$+94.89
  b96|lab0096_s211_w2_1005_1045_r1  n=  6  avg=-44.0%  med=-38.1%  realized=$-83.00
  b97|g097_eod_tp30_sl40  n=  2  avg=+36.0%  med=+37.7%  realized=$+65.09
  b97|lab0097_s211_w2_1005_1045_r2  n=  7  avg=-54.0%  med=-46.1%  realized=$-125.00
  b98|g098_lim_tp30_sl40  n=  2  avg=+50.5%  med=+70.8%  realized=$+94.89
  b98|lab0098_s211_w3_1045_1120_r1  n=  7  avg=+190.8%  med=-48.7%  realized=$-61.00
  b99|g099_mid_tp30_sl40  n=  2  avg=+50.5%  med=+70.8%  realized=$+94.89
  b99|lab0099_s211_w3_1045_1120_r2  n=  8  avg=+84.6%  med=+107.7%  realized=$+149.00
  b9|c009_s165_w2_1005_1045_r1  n=  7  avg=-74.4%  med=-66.2%  realized=$-301.00
========================================================
+========================================================================+
|[OPTIONS BOT DAILY VITALS (MATRIX EXPERIMENT)]                          |
+========================================================================+
|-- ACCOUNT STATUS (entry+manage) --                                     |
|Equity       : $996,596.19                                              |
|Open Risk    : 32 lots (14 broker pos)                                  |
|Today's Run  : 56 signals -> 4 orders submitted                         |
|                                                                        |
|-- SYSTEM HEALTH --                                                     |
|Zombies      : 0 (Ledger is clean)                                      |
|Lab Status   : 32 Active Lots | 0 Pending Orders                        |
|Auto-Matrix  : (Pending EOD report generation)                          |
+========================================================================+
+========================================================================+
|[DATA QUALITY: CLEAN vs ERRORS vs KEEP-ONLY]                            |
+========================================================================+
|  CLEAN              n=1373  win= 49.1%  med= -15.9%  $+17,423          |
|  TAINTED            n=1882  win= 33.3%  med= -38.9%  $-9,546           |
|  KEEP-only          n=754   win= 61.7%  med= +51.0%  $+12,194          |
|  KEEP recent        n=560   win= 59.8%  med= +53.3%  $+7,972           |
|  KEEP(25): S163,S167,S168,S173,S174,S210,S218,S350...                  |
|  KILL(18): ORPHAN,S164,S202,S203,S207,S211,S212,S216...                |
+========================================================================+
+========================================================================+
|[+++ OVERPERFORMING STRATEGIES (n>=10)]                                 |
+========================================================================+
|  BKT  PROFILE                   WIN%   MED%   TOTAL TRADES             |
|  ---------------------------------------------------------             |
|  b238 lab0238_s401_w3_1045..  79%  +104.7%    19                       |
|  b276 lab0276_s350_w1_0928..  70%  +102.9%    10                       |
|  b861 lab0861_s408_w3_1045..  67%  +83.3%    12                        |
|  b365 lab0365_s361_w2_1005..  92%  +82.8%    12                        |
+========================================================================+
|[--- UNDERPERFORMING STRATEGIES (n>=10)]                                |
+========================================================================+
|  BKT  PROFILE                   WIN%   MED%   TOTAL TRADES             |
|  ---------------------------------------------------------             |
|  b47  lab0047_s205_w4_1120..   4%  -78.0%    28                        |
|  b307 lab0307_s354_w2_1005..  30%  -69.9%    10                        |
|  b1   lab0001_s200_w1_0928..   0%  -65.8%    10                        |
|  b41  lab0041_s205_w1_0928..  12%  -65.3%    16                        |
+========================================================================+
+========================================================================+
|[OPEN OPTIONS (14)]                                                     |
+========================================================================+
|  SYMBOL                      QTY    RET%        OPEN P&L               |
|  ---------------------------------------------------------             |
|  MARA260925C00012500           3   +141.6%   $   +211.00               |
|  MARA260925C00011500          -1  -1275.0%   $   -204.00               |
|  MARA260925C00012000          -1   -493.1%   $   -143.00               |
|  BAC260925C00058000            7    -28.4%   $   -133.00               |
|  NFLX260925C00074000           7    -29.2%   $   -104.00               |
|  MDT260925C00094000            1    -84.1%   $    -58.00               |
|  AMD260923C00652500            4    +22.6%   $    +48.00               |
|  CELH260925C00029000           1    +62.3%   $    +33.00               |
|  ... 6 more position(s)                                                |
+========================================================================+
Full detail: logs/options_trial/runs/2026-09-22.log
elapsed=60.4s reconcile=0.14s cancel=0.03s manage=3.17s scan=52.41s entries=3.09s

=== 10:11:15 ET — entry+manage (2 new) [elapsed=42.7s reconcile=0.25s cancel=0.02s manage=4.1s scan=35.07s entries=1.95s] ===
=== options_morning_bot (PAPER) 2026-09-22T10:11:15.000016-04:00 ===

[Run context]
Paper auth OK — equity $996420.53, account PA33P8KT02IL
  reconcile: layout changed controlled:100:c000_s173_w1_0928_1005_r1 -> controlled:1164:live_1to1+variations

[Setup]
LIVE 1:1 bucket b90 live_1to1 — S218, S404, S406 | TP+50%/SL-40% | stop-mkt | min $20
Variation study: 1163 lab/promising bucket(s) | cohort: all paper strategies | max 400 new entries/run
Dropped (no new entries; ex-reflected P&L): S203, S207, S212, S360, S405, S407
  cancelled protective stop CELH260925C00029500 id=d9e3ec5f-8e15-4139-9725-4882afa45dee
  EXIT [b0|orphan_reconcile|ORPHAN] take_profit (+57.1%) SELL 1 CELH260925C00029500 @<= 0.56  id=b9604526-d04a-4bb9-ba1a-03696bca2a8b
  EXIT [b434|lab0434_s366_w2_1005_1045_r1|S366] take_profit (+171.8%) SELL failed MARA260925C00012500: {"code":40310000,"message":"account not eligible to trade uncovered option contracts"}
  EXIT [b433|lab0433_s366_w1_0928_1005_r2|S366] take_profit (+171.8%) SELL failed MARA260925C00012500: {"code":40310000,"message":"account not eligible to trade uncovered option contracts"}
  EXIT [b432|lab0432_s366_w1_0928_1005_r1|S366] take_profit (+171.8%) SELL failed MARA260925C00012500: {"code":40310000,"message":"account not eligible to trade uncovered option contracts"}
  cancelled protective stop BAC260925C00058000 id=bcf55895-4371-4874-904e-2ea4306e7886
  EXIT [b90|live_1to1|S218] stop_loss (-46.3%) SELL failed BAC260925C00058000: {"code":40310000,"message":"account not eligible to trade uncovered option contracts"}
  cancelled protective stop BAC260925C00058000 id=bcf55895-4371-4874-904e-2ea4306e7886
  EXIT [b0|orphan_reconcile|ORPHAN] stop_loss (-46.3%) SELL 3 BAC260925C00058000 @<= 0.37  id=a697a914-230e-49e2-94cf-5d30fedcf926
  cancelled protective stop MDT260925C00094000 id=add9bd51-71d8-4181-a09d-ba1cec9e0853
  EXIT [b240|lab0240_s401_w4_1120_1135_r1|S401] stop_loss (-84.1%) SELL 1 MDT260925C00094000 @<= 0.08  id=3118c4da-8abf-4843-85e1-3fad82599903
  cancelled protective stop CELH260925C00029000 id=3cc80230-29a5-4bff-9e51-d1951495e096
  EXIT [b164|lab0164_s216_w1_0928_1005_r1|S216] take_profit (+62.3%) SELL 1 CELH260925C00029000 @<= 0.83  id=4b3ccb9a-d058-4b0f-8980-62992ef22e43
  cancelled protective stop AXP260925C00325000 id=57e78247-465d-4f51-9a50-a90d709a70f8
  EXIT [b196|lab0196_s218_w3_1045_1120_r1|S218] stop_loss (-55.3%) SELL 1 AXP260925C00325000 @<= 0.18  id=6ea250bb-393a-45af-971d-4339a424eb54
  PROT STOP failed MARA260925C00012500: {"code":40310000,"message":"account not eligible to trade uncovered option contracts"}
  PROT STOP failed CELH260925C00029000: {"code":40310000,"message":"account not eligible to trade uncovered option contracts"}
  PROT STOP failed MDT260925C00094000: {"code":40310000,"message":"account not eligible to trade uncovered option contracts"}
Protective stops: placed=0 upgraded=0 already=9 failed=3 (market-first)

[Scan + entries]
Scanning 117 symbols for [S165, S164, S168, S167, S166, S163, S169, S170, S171, S172, S175, S200, S201, S202, S204, S205, S206, S208, S209, S210, S211, S213, S214, S215, S216, S217, S218, S219, S220, S221, S400, S401, S402, S403, S350, S351, S352, S353, S354, S355, S356, S357, S358, S359, S361, S362, S363, S364, S365, S366, S367, S368, S369, S370, S371, S372, S373, S374, S375, S376, S377, S378, S379, S380, S381, S382, S383, S384, S385, S386, S387, S388, S389, S390, S391, S392, S393, S394, S413, S414, S415, S416, S417, S418, S395, S396, S397, S398, S399, S404, S406, S408, S409, S410, S411, S412, S413, S414, S415, S416, S417, S418, S419] …
  Daily bars disk cache hit (options_daily_bars_2026-09-22.parquet)
Fetched daily bars for 113/117 symbols
Found 56 signal(s); top: ['S211:AMD', 'S401:AMD', 'S210:COIN', 'S401:COIN', 'S401:META', 'S401:AMZN', 'S401:MARA', 'S401:MSTR']
Paper lab: $996421 broker equity -> 1164 bucket(s) ($500 virtual each, unlimited paper)
  [b82|lab0082_s210_w2_1005_1045_r1] S210 COIN (tier: fast): no tradeable call
  [b83|lab0083_s210_w2_1005_1045_r2] S210 COIN (tier: fast): no tradeable call
  ENTRY [b166|lab0166_s216_w2_1005_1045_r1|S216] BUY 1x MCD260925C00272500 (RSI crossed 30: 19.7 -> 31.4|neutral) limit=0.05 (ask=0.06 off=-0.01) tp=+50% sl=-50% pending id=fa1dfa1e-1d64-45e6-8ba7-cda5a6706423
  ENTRY [b167|lab0167_s216_w2_1005_1045_r2|S216] BUY 1x MCD260925C00272500 (RSI crossed 30: 19.7 -> 31.4|neutral) limit=0.05 (ask=0.06 off=-0.01) tp=+50% sl=-50% pending id=ec0428f5-d633-4d58-a1a5-02cfd59fc234
  [b1054|lab1054_s165_w2_1005_1045_r1] S165 MPC (tier: neutral): no tradeable call
  [b1055|lab1055_s165_w2_1005_1045_r2] S165 MPC (tier: neutral): no tradeable call
  [b1152|lab1152_s164_w2_1005_1045_r1] S164 MPC (tier: neutral): no tradeable call
  [b1153|lab1153_s164_w2_1005_1045_r2] S164 MPC (tier: neutral): no tradeable call
  [b1124|lab1124_s168_w2_1005_1045_r1] S168 MPC (tier: neutral): no tradeable call
  [b1125|lab1125_s168_w2_1005_1045_r2] S168 MPC (tier: neutral): no tradeable call
  [b1096|lab1096_s167_w2_1005_1045_r1] S167 MPC (tier: neutral): no tradeable call
  [b1097|lab1097_s167_w2_1005_1045_r2] S167 MPC (tier: neutral): no tradeable call
  [b1138|lab1138_s163_w2_1005_1045_r1] S163 MPC (tier: neutral): no tradeable call
  [b1139|lab1139_s163_w2_1005_1045_r2] S163 MPC (tier: neutral): no tradeable call
  [b278|lab0278_s350_w2_1005_1045_r1] S350 MPC (tier: neutral): no tradeable call
  [b279|lab0279_s350_w2_1005_1045_r2] S350 MPC (tier: neutral): no tradeable call
  [b282|lab0282_s351_w2_1005_1045_r1] S351 MPC (tier: neutral): no tradeable call
  [b283|lab0283_s351_w2_1005_1045_r2] S351 MPC (tier: neutral): no tradeable call
  [b290|lab0290_s352_w2_1005_1045_r1] S352 MPC (tier: neutral): no tradeable call
  [b291|lab0291_s352_w2_1005_1045_r2] S352 MPC (tier: neutral): no tradeable call
  [b298|lab0298_s353_w2_1005_1045_r1] S353 MPC (tier: neutral): no tradeable call
  [b299|lab0299_s353_w2_1005_1045_r2] S353 MPC (tier: neutral): no tradeable call
  [b306|lab0306_s354_w2_1005_1045_r1] S354 MPC (tier: neutral): no tradeable call
  [b307|lab0307_s354_w2_1005_1045_r2] S354 MPC (tier: neutral): no tradeable call
  [b314|lab0314_s355_w2_1005_1045_r1] S355 MPC (tier: neutral): no tradeable call
  [b315|lab0315_s355_w2_1005_1045_r2] S355 MPC (tier: neutral): no tradeable call
  [b322|lab0322_s356_w2_1005_1045_r1] S356 MPC (tier: neutral): no tradeable call
  [b323|lab0323_s356_w2_1005_1045_r2] S356 MPC (tier: neutral): no tradeable call
  [b330|lab0330_s357_w2_1005_1045_r1] S357 MPC (tier: neutral): no tradeable call
  [b331|lab0331_s357_w2_1005_1045_r2] S357 MPC (tier: neutral): no tradeable call
  [b338|lab0338_s358_w2_1005_1045_r1] S358 MPC (tier: neutral): no tradeable call
  [b339|lab0339_s358_w2_1005_1045_r2] S358 MPC (tier: neutral): no tradeable call
  [b762|lab0762_s395_w2_1005_1045_r1] S395 MPC (tier: neutral): no tradeable call
  [b763|lab0763_s395_w2_1005_1045_r2] S395 MPC (tier: neutral): no tradeable call
  [b770|lab0770_s396_w2_1005_1045_r1] S396 MPC (tier: neutral): no tradeable call
  [b771|lab0771_s396_w2_1005_1045_r2] S396 MPC (tier: neutral): no tradeable call
  [b778|lab0778_s397_w2_1005_1045_r1] S397 MPC (tier: neutral): no tradeable call
  [b779|lab0779_s397_w2_1005_1045_r2] S397 MPC (tier: neutral): no tradeable call
  [b786|lab0786_s398_w2_1005_1045_r1] S398 MPC (tier: neutral): no tradeable call
  [b787|lab0787_s398_w2_1005_1045_r2] S398 MPC (tier: neutral): no tradeable call
  [b794|lab0794_s399_w2_1005_1045_r1] S399 MPC (tier: neutral): no tradeable call
  [b795|lab0795_s399_w2_1005_1045_r2] S399 MPC (tier: neutral): no tradeable call
  [b802|lab0802_s404_w2_1005_1045_r1] S404 MPC (tier: neutral): no tradeable call
  [b803|lab0803_s404_w2_1005_1045_r2] S404 MPC (tier: neutral): no tradeable call
  [b180|lab0180_s217_w2_1005_1045_r1] S217 UNP (tier: neutral): no tradeable call
  [b181|lab0181_s217_w2_1005_1045_r2] S217 UNP (tier: neutral): no tradeable call
  [b346|lab0346_s359_w2_1005_1045_r1] S359 LLY (tier: neutral): no tradeable call
  [b347|lab0347_s359_w2_1005_1045_r2] S359 LLY (tier: neutral): no tradeable call
  [b364|lab0364_s361_w2_1005_1045_r1] S361 LLY (tier: neutral): no tradeable call
  [b365|lab0365_s361_w2_1005_1045_r2] S361 LLY (tier: neutral): no tradeable call
  [b378|lab0378_s362_w2_1005_1045_r1] S362 LLY (tier: neutral): no tradeable call
  [b379|lab0379_s362_w2_1005_1045_r2] S362 LLY (tier: neutral): no tradeable call
  [b392|lab0392_s363_w2_1005_1045_r1] S363 LLY (tier: neutral): no tradeable call
  [b393|lab0393_s363_w2_1005_1045_r2] S363 LLY (tier: neutral): no tradeable call
  [b406|lab0406_s364_w2_1005_1045_r1] S364 LLY (tier: neutral): no tradeable call
  [b407|lab0407_s364_w2_1005_1045_r2] S364 LLY (tier: neutral): no tradeable call
  [b420|lab0420_s365_w2_1005_1045_r1] S365 LLY (tier: neutral): no tradeable call
  [b421|lab0421_s365_w2_1005_1045_r2] S365 LLY (tier: neutral): no tradeable call
  [b435|lab0435_s366_w2_1005_1045_r2] S366 LLY (tier: neutral): no tradeable call
  [b448|lab0448_s367_w2_1005_1045_r1] S367 LLY (tier: neutral): no tradeable call
  [b449|lab0449_s367_w2_1005_1045_r2] S367 LLY (tier: neutral): no tradeable call
  [b90|live_1to1] S406 LLY (tier: neutral): no tradeable call
  [b830|lab0830_s406_w2_1005_1045_r1] S406 LLY (tier: neutral): no tradeable call
  [b831|lab0831_s406_w2_1005_1045_r2] S406 LLY (tier: neutral): no tradeable call
  [b858|lab0858_s408_w2_1005_1045_r1] S408 LLY (tier: neutral): no tradeable call
  [b859|lab0859_s408_w2_1005_1045_r2] S408 LLY (tier: neutral): no tradeable call
  [b872|lab0872_s409_w2_1005_1045_r1] S409 LLY (tier: neutral): no tradeable call
  [b873|lab0873_s409_w2_1005_1045_r2] S409 LLY (tier: neutral): no tradeable call
  [b886|lab0886_s410_w2_1005_1045_r1] S410 LLY (tier: neutral): no tradeable call
  [b887|lab0887_s410_w2_1005_1045_r2] S410 LLY (tier: neutral): no tradeable call
  [b900|lab0900_s411_w2_1005_1045_r1] S411 LLY (tier: neutral): no tradeable call
  [b901|lab0901_s411_w2_1005_1045_r2] S411 LLY (tier: neutral): no tradeable call
  [b914|lab0914_s412_w2_1005_1045_r1] S412 LLY (tier: neutral): no tradeable call
  [b915|lab0915_s412_w2_1005_1045_r2] S412 LLY (tier: neutral): no tradeable call
  [b264|lab0264_s403_w2_1005_1045_r1] S403 KO (tier: slow): no tradeable call
  [b265|lab0265_s403_w2_1005_1045_r2] S403 KO (tier: slow): no tradeable call
  [b180|lab0180_s217_w2_1005_1045_r1] S217 PEP (tier: slow): no tradeable call
  [b181|lab0181_s217_w2_1005_1045_r2] S217 PEP (tier: slow): no tradeable call
  [b194|lab0194_s218_w2_1005_1045_r1] S218 D (tier: slow): no tradeable call
  [b195|lab0195_s218_w2_1005_1045_r2] S218 D (tier: slow): no tradeable call
  [b194|lab0194_s218_w2_1005_1045_r1] S218 WEC (tier: slow): no tradeable call
  [b195|lab0195_s218_w2_1005_1045_r2] S218 WEC (tier: slow): no tradeable call
  Skipped: 80 no tradeable call, 2 pending order
Placed 2 new entry order(s).
  reconcile: layout changed controlled:100:c000_s173_w1_0928_1005_r1 -> controlled:1164:live_1to1+variations
  reconcile: entry fill b167|S216 MCD x1 @ 0.04
  reconcile: entry fill b166|S216 MCD x1 @ 0.04
  reconcile: exit fill b164|S216 CELH +62.3%
  reconcile: exit fill b240|S401 MDT -83.8%
  reconcile: exit fill b0|ORPHAN BAC -44.8%
  reconcile: exit fill b0|ORPHAN CELH +60.0%
  PROT STOP failed MARA260925C00012500: {"code":40310000,"message":"account not eligible to trade uncovered option contracts"}
  PROT STOP-MKT BAC260925C00058000 x4 stop=0.34 tif=gtc sl=-50% id=f7b3ed3b-3e01-4f94-b045-3b2a4c56d046
  PROT STOP-LIMIT MCD260925C00272500 x2 stop=0.02 lim=0.02 tif=gtc sl=-50% entry=0.04 id=b57e0b62-cd79-4da5-83fb-16ba83a4506e
Protective stops: placed=2 upgraded=0 already=7 failed=1 (market-first)

[Portfolio snapshot]
========================================================
OPTIONS TRIAL STATS
========================================================
Account equity: $996,420.53
Active buckets: 1164 of 1164 profiles ($500 virtual each) — paper unlimited mode

P&L summary
  Reflected (ex-S203,S207,S212,S360,S405,S407): $+12,646.88 all-time  |  $-257.00 today
  Raw (incl dropped):     $+7,783.88 all-time  |  $-257.00 today
  Open (not sold yet): $+89.00 unrealized (virtual lots)
                       $-308.00 unrealized (broker total)
  Premium deployed:    $1,478.00 in open positions
  Combined P&L:        $+12,735.88 (reflected realized + open virtual)

Ledger (master)
  Total events:     14505
  Today entries:    10
  Today exits (reflected): 10
  All-time exits (reflected): 2956  wins 42%
  Avg return/trade: +31.3%  median -30.4%

Open virtual lots (by bucket)
  b16 lab0016_s202_w1_0928_1005_r1  prem=$     0  real=$-47.00  open=$ +0.00  lots=0  [-]
       buy: ask-0.01  sell: bid-0.01  tp=+50% sl=-50%
  b17 lab0017_s202_w1_0928_1005_r2  prem=$     0  real=$-56.00  open=$ +0.00  lots=0  [-]
       buy: ask-0.01  sell: bid-0.01  tp=+50% sl=-50%
  b18 lab0018_s202_w2_1005_1045_r1  prem=$     0  real=$-29.00  open=$ +0.00  lots=0  [-]
       buy: ask-0.01  sell: bid-0.01  tp=+50% sl=-50%
  b19 lab0019_s202_w2_1005_1045_r2  prem=$     0  real=$-43.00  open=$ +0.00  lots=0  [-]
       buy: ask-0.01  sell: bid-0.01  tp=+50% sl=-50%
  b20 lab0020_s202_w3_1045_1120_r1  prem=$     0  real=$ -6.00  open=$ +0.00  lots=0  [-]
       buy: ask-0.01  sell: bid-0.01  tp=+50% sl=-50%
  b21 lab0021_s202_w3_1045_1120_r2  prem=$     0  real=$-24.00  open=$ +0.00  lots=0  [-]
       buy: ask-0.01  sell: bid-0.01  tp=+50% sl=-50%
  b73 lab0073_s209_w1_0928_1005_r2  prem=$     0  real=$-11.00  open=$ +0.00  lots=0  [-]
       buy: ask-0.01  sell: bid-0.01  tp=+50% sl=-50%
  b74 lab0074_s209_w2_1005_1045_r1  prem=$     0  real=$-39.00  open=$ +0.00  lots=0  [-]
       buy: ask-0.01  sell: bid-0.01  tp=+50% sl=-50%
  b75 lab0075_s209_w2_1005_1045_r2  prem=$     0  real=$-68.00  open=$ +0.00  lots=0  [-]
       buy: ask-0.01  sell: bid-0.01  tp=+50% sl=-50%
  b77 lab0077_s209_w3_1045_1120_r2  prem=$     0  real=$-39.00  open=$ +0.00  lots=0  [-]
       buy: ask-0.01  sell: bid-0.01  tp=+50% sl=-50%
  b79 lab0079_s209_w4_1120_1135_r2  prem=$     0  real=$-53.00  open=$ +0.00  lots=0  [-]
       buy: ask-0.01  sell: bid-0.01  tp=+50% sl=-50%
  b80 lab0080_s210_w1_0928_1005_r1  prem=$     0  real=$+57.00  open=$ +0.00  lots=0  [-]
       buy: ask-0.01  sell: bid-0.01  tp=+50% sl=-50%
  b81 lab0081_s210_w1_0928_1005_r2  prem=$     0  real=$+47.00  open=$ +0.00  lots=0  [-]
       buy: ask-0.01  sell: bid-0.01  tp=+50% sl=-50%
  b82 lab0082_s210_w2_1005_1045_r1  prem=$     0  real=$-70.00  open=$ +0.00  lots=0  [-]
       buy: ask-0.01  sell: bid-0.01  tp=+50% sl=-50%
  b83 lab0083_s210_w2_1005_1045_r2  prem=$     0  real=$+14.00  open=$ +0.00  lots=0  [-]
       buy: ask-0.01  sell: bid-0.01  tp=+50% sl=-50%
  b84 lab0084_s210_w3_1045_1120_r1  prem=$     0  real=$-240.00  open=$ +0.00  lots=0  [-]
       buy: ask-0.01  sell: bid-0.01  tp=+50% sl=-50%
  b85 lab0085_s210_w3_1045_1120_r2  prem=$     0  real=$+25.00  open=$ +0.00  lots=0  [-]
       buy: ask-0.01  sell: bid-0.01  tp=+50% sl=-50%
  b86 lab0086_s210_w4_1120_1135_r1  prem=$     0  real=$+67.00  open=$ +0.00  lots=0  [-]
       buy: ask-0.01  sell: bid-0.01  tp=+50% sl=-50%
  b87 lab0087_s210_w4_1120_1135_r2  prem=$     0  real=$-21.00  open=$ +0.00  lots=0  [-]
       buy: ask-0.01  sell: bid-0.01  tp=+50% sl=-50%
  b90 live_1to1               prem=$   117  real=$+84.00  open=$-46.57  lots=2  [S218:BACx1, S404:NFLXx1]
       buy: ask-0.01  sell: bid-0.01  tp=+50% sl=-40%
  (290 more active bucket(s) omitted)
  (854 quiet bucket profile(s) — no trades yet)

Alpaca option positions
  AMD260923C00652500  qty=4  cost=$212.00  return=+54.7%  open P&L=$+116.00
  AMD260923C00657500  qty=4  cost=$188.00  return=+19.1%  open P&L=$+36.00
  AXP260925C00325000  qty=1  cost=$38.00  return=-55.3%  open P&L=$-21.00
  BAC260925C00058000  qty=4  cost=$268.00  return=-44.8%  open P&L=$-120.00
  MARA260925C00011500  qty=-1  cost=$16.00  return=-1431.2%  open P&L=$-229.00
  MARA260925C00012000  qty=-1  cost=$29.00  return=-579.3%  open P&L=$-168.00
  MARA260925C00012500  qty=3  cost=$149.00  return=+183.9%  open P&L=$+274.00
  MCD260925C00272500  qty=2  cost=$8.00  return=-100.0%  open P&L=$-8.00
  NFLX260925C00074000  qty=7  cost=$356.00  return=-33.1%  open P&L=$-118.00
  NFLX261002C00076000  qty=2  cost=$110.00  return=-27.3%  open P&L=$-30.00
  NFLX261002C00077000  qty=1  cost=$41.00  return=-34.1%  open P&L=$-14.00
  NFLX261009C00078000  qty=2  cost=$108.00  return=-24.1%  open P&L=$-26.00

Per-bucket exit stats (all time)
  b0|c000_s173_w1_0928_1005_r1  n= 22  avg=+24.8%  med=+34.9%  realized=$+283.00
  b0|orphan_reconcile     n=400  avg=+3.6%  med=-49.5%  realized=$+346.21
  b100|lab0100_s211_w4_1120_1135_r1  n=  1  avg=+73.6%  med=+73.6%  realized=$+39.00
  b101|lab0101_s211_w4_1120_1135_r2  n=  2  avg=+652.3%  med=+1385.7%  realized=$+54.00
  b104|c104_s164_w1_0928_1005_r4  n=  1  avg=-88.9%  med=-88.9%  realized=$-8.00
  b1052|lab1052_s165_w1_0928_1005_r1  n=  2  avg=+170.4%  med=+194.7%  realized=$+110.00
  b1053|lab1053_s165_w1_0928_1005_r2  n=  2  avg=+165.7%  med=+189.5%  realized=$+107.00
  b1054|lab1054_s165_w2_1005_1045_r1  n=  1  avg=+93.5%  med=+93.5%  realized=$+58.00
  b1055|lab1055_s165_w2_1005_1045_r2  n=  1  avg=+526.3%  med=+526.3%  realized=$+100.00
  b1057|lab1057_s165_w3_1045_1120_r2  n=  1  avg=-53.3%  med=-53.3%  realized=$-32.00
  b1058|lab1058_s165_w4_1120_1135_r1  n=  1  avg=+390.5%  med=+390.5%  realized=$+82.00
  b1059|lab1059_s165_w4_1120_1135_r2  n=  1  avg=+342.9%  med=+342.9%  realized=$+72.00
  b108|c108_s202_w3_1045_1120_r1  n=  1  avg=-33.3%  med=-33.3%  realized=$-1.00
  b1094|lab1094_s167_w1_0928_1005_r1  n=  3  avg=+75.9%  med=+126.0%  realized=$+73.00
  b1095|lab1095_s167_w1_0928_1005_r2  n=  3  avg=+58.7%  med=+106.0%  realized=$+57.00
  b1096|lab1096_s167_w2_1005_1045_r1  n=  2  avg=+238.1%  med=+531.6%  realized=$+70.00
  b1097|lab1097_s167_w2_1005_1045_r2  n=  2  avg=+227.6%  med=+510.5%  realized=$+66.00
  b109|c109_s202_w3_1045_1120_r2  n=  1  avg=-66.7%  med=-66.7%  realized=$-2.00
  b10|c010_s165_w3_1045_1120_r1  n=  8  avg=-37.2%  med=-18.9%  realized=$-205.00
  b1100|lab1100_s167_w4_1120_1135_r1  n=  1  avg=+328.6%  med=+328.6%  realized=$+69.00
  b1101|lab1101_s167_w4_1120_1135_r2  n=  1  avg=+323.8%  med=+323.8%  realized=$+68.00
  b1108|lab1108_s166_w1_0928_1005_r1  n=  1  avg=+160.9%  med=+160.9%  realized=$+74.00
  b1109|lab1109_s166_w1_0928_1005_r2  n=  1  avg=+77.6%  med=+77.6%  realized=$+45.00
  b1110|lab1110_s166_w2_1005_1045_r1  n=  1  avg=+67.2%  med=+67.2%  realized=$+41.00
  b1111|lab1111_s166_w2_1005_1045_r2  n=  1  avg=+72.9%  med=+72.9%  realized=$+43.00
  b1112|lab1112_s166_w3_1045_1120_r1  n=  1  avg=+273.0%  med=+273.0%  realized=$+101.00
  b1113|lab1113_s166_w3_1045_1120_r2  n=  2  avg=+100.9%  med=+135.1%  realized=$+92.00
  b1115|lab1115_s166_w4_1120_1135_r2  n=  1  avg=+55.6%  med=+55.6%  realized=$+40.00
  b1122|lab1122_s168_w1_0928_1005_r1  n=  3  avg=+72.4%  med=+50.0%  realized=$+46.00
  b1123|lab1123_s168_w1_0928_1005_r2  n=  3  avg=+55.9%  med=+53.3%  realized=$+36.00
  b1124|lab1124_s168_w2_1005_1045_r1  n=  2  avg=+91.2%  med=+248.6%  realized=$+50.00
  b1125|lab1125_s168_w2_1005_1045_r2  n=  2  avg=+75.5%  med=+217.1%  realized=$+39.00
  b1126|lab1126_s168_w3_1045_1120_r1  n=  3  avg=+66.9%  med=+116.2%  realized=$+67.00
  b1127|lab1127_s168_w3_1045_1120_r2  n=  3  avg=+49.1%  med=+102.7%  realized=$+47.00
  b1128|lab1128_s168_w4_1120_1135_r1  n=  2  avg=+120.5%  med=+272.2%  realized=$+83.00
  b1129|lab1129_s168_w4_1120_1135_r2  n=  2  avg=+101.7%  med=+255.6%  realized=$+67.00
  b1136|lab1136_s163_w1_0928_1005_r1  n=  3  avg=-8.7%  med=-51.4%  realized=$+6.00
  b1137|lab1137_s163_w1_0928_1005_r2  n=  3  avg=-19.2%  med=-61.9%  realized=$-7.00
  b1138|lab1138_s163_w2_1005_1045_r1  n=  2  avg=+133.6%  med=+200.0%  realized=$+111.00
  b1139|lab1139_s163_w2_1005_1045_r2  n=  2  avg=+138.1%  med=+205.7%  realized=$+115.00
  b1140|lab1140_s163_w3_1045_1120_r1  n=  4  avg=+34.6%  med=+73.0%  realized=$+59.00
  b1141|lab1141_s163_w3_1045_1120_r2  n=  4  avg=+35.5%  med=+74.6%  realized=$+64.00
  b1142|lab1142_s163_w4_1120_1135_r1  n=  1  avg=-72.9%  med=-72.9%  realized=$-35.00
  b1143|lab1143_s163_w4_1120_1135_r2  n=  2  avg=+27.6%  med=+128.1%  realized=$+6.00
  b1150|lab1150_s164_w1_0928_1005_r1  n=  3  avg=+77.6%  med=+156.0%  realized=$+80.00
  b1151|lab1151_s164_w1_0928_1005_r2  n=  3  avg=+70.4%  med=+124.0%  realized=$+66.00
  b1152|lab1152_s164_w2_1005_1045_r1  n=  2  avg=+216.7%  med=+531.6%  realized=$+46.00
  b1153|lab1153_s164_w2_1005_1045_r2  n=  2  avg=+242.5%  med=+542.1%  realized=$+71.00
  b1154|lab1154_s164_w3_1045_1120_r1  n=  1  avg=-50.0%  med=-50.0%  realized=$-30.00
  b1155|lab1155_s164_w3_1045_1120_r2  n=  1  avg=-48.1%  med=-48.1%  realized=$-25.00
  b1156|lab1156_s164_w4_1120_1135_r1  n=  1  avg=+342.9%  med=+342.9%  realized=$+72.00
  b1157|lab1157_s164_w4_1120_1135_r2  n=  1  avg=+323.8%  med=+323.8%  realized=$+68.00
  b132|c132_s164_w1_0928_1005_r5  n=  2  avg=-65.7%  med=-53.6%  realized=$-37.00
  b135|c135_s164_w4_1120_1135_r5  n=  1  avg=-50.0%  med=-50.0%  realized=$-4.00
  b164|lab0164_s216_w1_0928_1005_r1  n=  8  avg=+14.7%  med=-37.0%  realized=$-4.00
  b165|lab0165_s216_w1_0928_1005_r2  n= 11  avg=+18.5%  med=-37.0%  realized=$+47.00
  b166|lab0166_s216_w2_1005_1045_r1  n=  9  avg=+22.7%  med=-63.4%  realized=$-196.00
  b167|lab0167_s216_w2_1005_1045_r2  n= 11  avg=+3.0%  med=-63.2%  realized=$-191.00
  b168|lab0168_s216_w3_1045_1120_r1  n=  6  avg=-76.4%  med=-72.0%  realized=$-181.00
  b169|lab0169_s216_w3_1045_1120_r2  n=  8  avg=-37.5%  med=-52.3%  realized=$-124.00
  b16|lab0016_s202_w1_0928_1005_r1  n=  2  avg=-51.0%  med=-38.1%  realized=$-47.00
  b170|lab0170_s216_w4_1120_1135_r1  n=  2  avg=-64.0%  med=-63.6%  realized=$-71.00
  b171|lab0171_s216_w4_1120_1135_r2  n=  4  avg=-41.7%  med=-47.5%  realized=$-71.00
  b178|lab0178_s217_w1_0928_1005_r1  n=  2  avg=+85.4%  med=+104.8%  realized=$+97.00
  b179|lab0179_s217_w1_0928_1005_r2  n=  2  avg=+70.8%  med=+90.5%  realized=$+81.00
  b17|lab0017_s202_w1_0928_1005_r2  n=  2  avg=-70.9%  med=-65.6%  realized=$-56.00
  b180|lab0180_s217_w2_1005_1045_r1  n= 15  avg=+86.7%  med=+53.9%  realized=$+362.00
  b181|lab0181_s217_w2_1005_1045_r2  n= 17  avg=+65.8%  med=-46.1%  realized=$+239.00
  b182|lab0182_s217_w3_1045_1120_r1  n=  8  avg=-39.7%  med=-43.8%  realized=$-134.00
  b183|lab0183_s217_w3_1045_1120_r2  n= 12  avg=-34.3%  med=-54.4%  realized=$-153.00
  b184|lab0184_s217_w4_1120_1135_r1  n=  2  avg=-77.5%  med=-77.5%  realized=$-62.00
  b185|lab0185_s217_w4_1120_1135_r2  n=  3  avg=-16.3%  med=-52.2%  realized=$-7.00
  b18|lab0018_s202_w2_1005_1045_r1  n=  1  avg=-74.4%  med=-74.4%  realized=$-29.00
  b192|lab0192_s218_w1_0928_1005_r1  n=  9  avg=+20.6%  med=+50.0%  realized=$+114.00
  b193|lab0193_s218_w1_0928_1005_r2  n= 11  avg=+29.4%  med=+36.4%  realized=$+177.00
  b194|lab0194_s218_w2_1005_1045_r1  n= 19  avg=-7.5%  med=-37.5%  realized=$-118.00
  b195|lab0195_s218_w2_1005_1045_r2  n= 20  avg=+35.9%  med=+58.8%  realized=$+243.00
  b196|lab0196_s218_w3_1045_1120_r1  n=  8  avg=+139.1%  med=+52.2%  realized=$+165.00
  b197|lab0197_s218_w3_1045_1120_r2  n=  8  avg=+140.6%  med=+47.8%  realized=$+283.00
  b198|lab0198_s218_w4_1120_1135_r1  n=  3  avg=+108.5%  med=+108.5%  realized=$+150.00
  b199|lab0199_s218_w4_1120_1135_r2  n=  4  avg=+72.4%  med=+112.8%  realized=$+124.00
  b19|lab0019_s202_w2_1005_1045_r2  n=  2  avg=-51.5%  med=-46.7%  realized=$-43.00
  b1|c001_s173_w2_1005_1045_r1  n= 10  avg=-65.0%  med=-64.9%  realized=$-406.00
  b20|c020_s164_w1_0928_1005_r1  n=  9  avg=-11.2%  med=-14.3%  realized=$-19.00
  b20|c020_s173_w1_0928_1005_r2  n= 21  avg=+1.0%  med=-3.6%  realized=$+6.00
  b20|lab0020_s202_w3_1045_1120_r1  n=  1  avg=-42.9%  med=-42.9%  realized=$-6.00
  b21|c021_s164_w2_1005_1045_r1  n=  8  avg=-61.7%  med=-56.1%  realized=$-308.00
  b21|c021_s173_w2_1005_1045_r2  n= 23  avg=-55.2%  med=-72.1%  realized=$-863.00
  b21|lab0021_s202_w3_1045_1120_r2  n=  2  avg=-53.6%  med=-50.0%  realized=$-24.00
  b222|lab0222_s400_w2_1005_1045_r1  n=  1  avg=-50.0%  med=-50.0%  realized=$-4.00
  b223|lab0223_s400_w2_1005_1045_r2  n=  1  avg=-50.0%  med=-50.0%  realized=$-4.00
  b224|lab0224_s400_w3_1045_1120_r1  n=  1  avg=-66.7%  med=-66.7%  realized=$-10.00
  b225|lab0225_s400_w3_1045_1120_r2  n=  2  avg=-7.3%  med=+52.1%  realized=$+15.00
  b227|lab0227_s400_w4_1120_1135_r2  n=  1  avg=-22.2%  med=-22.2%  realized=$-2.00
  b22|c022_s164_w3_1045_1120_r1  n=  6  avg=-28.3%  med=-55.7%  realized=$-115.00
  b22|c022_s173_w3_1045_1120_r2  n= 11  avg=-35.9%  med=-54.2%  realized=$-224.00
  b234|lab0234_s401_w1_0928_1005_r1  n= 12  avg=+58.7%  med=-36.6%  realized=$-138.00
  b235|lab0235_s401_w1_0928_1005_r2  n= 15  avg=+133.1%  med=-23.7%  realized=$+107.00
  b236|c236_s218_w3_1045_1120_r1  n=  1  avg=-33.3%  med=-33.3%  realized=$-1.00
  b236|lab0236_s401_w2_1005_1045_r1  n= 15  avg=-15.8%  med=-38.1%  realized=$-183.00
  b237|c237_s218_w3_1045_1120_r2  n=  1  avg=-66.7%  med=-66.7%  realized=$-2.00
  b237|lab0237_s401_w2_1005_1045_r2  n= 18  avg=+22.4%  med=+50.0%  realized=$+97.00
  b238|lab0238_s401_w3_1045_1120_r1  n= 19  avg=+158.1%  med=+104.7%  realized=$+999.00
  b239|lab0239_s401_w3_1045_1120_r2  n= 17  avg=+101.5%  med=+30.2%  realized=$+254.00
  b23|c023_s164_w4_1120_1135_r1  n=  2  avg=-67.7%  med=-67.7%  realized=$-84.00
  b23|c023_s173_w4_1120_1135_r2  n=  3  avg=-25.0%  med=-61.5%  realized=$-41.00
  b240|lab0240_s401_w4_1120_1135_r1  n= 13  avg=+29.4%  med=+9.6%  realized=$+79.00
  b241|lab0241_s401_w4_1120_1135_r2  n= 10  avg=-28.4%  med=-17.5%  realized=$-174.00
  b25|c025_s168_w2_1005_1045_r1  n=  2  avg=-20.7%  med=-19.6%  realized=$-19.00
  b25|c025_s174_w2_1005_1045_r2  n= 18  avg=-33.0%  med=-21.7%  realized=$-333.00
  b262|lab0262_s403_w1_0928_1005_r1  n=  3  avg=+40.1%  med=+65.4%  realized=$+63.00
  b263|lab0263_s403_w1_0928_1005_r2  n=  9  avg=+58.2%  med=+51.7%  realized=$+221.00
  b264|lab0264_s403_w2_1005_1045_r1  n=  9  avg=+28.1%  med=+46.0%  realized=$+103.00
  b265|lab0265_s403_w2_1005_1045_r2  n= 11  avg=+21.5%  med=+49.0%  realized=$+110.00
  b266|lab0266_s403_w3_1045_1120_r1  n=  5  avg=+46.0%  med=+66.7%  realized=$+75.00
  b267|lab0267_s403_w3_1045_1120_r2  n=  7  avg=+31.2%  med=+57.1%  realized=$+73.00
  b268|lab0268_s403_w4_1120_1135_r1  n=  4  avg=+158.4%  med=+320.0%  realized=$+152.00
  b269|lab0269_s403_w4_1120_1135_r2  n=  7  avg=+96.9%  med=+57.6%  realized=$+211.00
  b26|c026_s174_w3_1045_1120_r2  n=  1  avg=-53.1%  med=-53.1%  realized=$-26.00
  b276|lab0276_s350_w1_0928_1005_r1  n= 10  avg=+61.5%  med=+102.9%  realized=$+227.00
  b277|lab0277_s350_w1_0928_1005_r2  n=  8  avg=+94.3%  med=+157.9%  realized=$+266.00
  b278|lab0278_s350_w2_1005_1045_r1  n= 13  avg=+37.3%  med=+0.0%  realized=$+58.00
  b279|lab0279_s350_w2_1005_1045_r2  n= 14  avg=+56.2%  med=-28.3%  realized=$+163.00
  b280|lab0280_s351_w1_0928_1005_r1  n=  9  avg=+122.7%  med=+171.9%  realized=$+322.00
  b281|lab0281_s351_w1_0928_1005_r2  n=  9  avg=+103.1%  med=+110.5%  realized=$+347.00
  b282|lab0282_s351_w2_1005_1045_r1  n= 11  avg=-7.6%  med=-61.9%  realized=$-114.00
  b283|lab0283_s351_w2_1005_1045_r2  n= 12  avg=-5.4%  med=-50.0%  realized=$-97.00
  b284|lab0284_s351_w3_1045_1120_r1  n=  3  avg=-54.1%  med=-52.2%  realized=$-59.00
  b285|lab0285_s351_w3_1045_1120_r2  n=  5  avg=+55.0%  med=-33.3%  realized=$+4.00
  b286|lab0286_s351_w4_1120_1135_r1  n=  6  avg=-14.7%  med=-75.5%  realized=$-99.00
  b287|lab0287_s351_w4_1120_1135_r2  n=  9  avg=-16.6%  med=-48.7%  realized=$-108.00
  b288|lab0288_s352_w1_0928_1005_r1  n=  5  avg=+107.9%  med=+100.0%  realized=$+85.00
  b289|lab0289_s352_w1_0928_1005_r2  n=  5  avg=+80.9%  med=+93.8%  realized=$+67.00
  b28|c028_s165_w1_0928_1005_r2  n= 17  avg=+49.5%  med=+80.0%  realized=$+448.00
  b28|c028_s173_w1_0928_1005_r2  n=  5  avg=+51.6%  med=+80.0%  realized=$+142.00
  b290|lab0290_s352_w2_1005_1045_r1  n=  7  avg=+62.6%  med=-17.6%  realized=$+73.00
  b291|lab0291_s352_w2_1005_1045_r2  n=  8  avg=+75.9%  med=-48.2%  realized=$+116.00
  b292|lab0292_s352_w3_1045_1120_r1  n=  8  avg=+50.1%  med=+13.0%  realized=$-6.00
  b293|lab0293_s352_w3_1045_1120_r2  n=  9  avg=+67.7%  med=+39.1%  realized=$+46.00
  b294|lab0294_s352_w4_1120_1135_r1  n=  4  avg=+17.7%  med=-71.4%  realized=$-72.00
  b295|lab0295_s352_w4_1120_1135_r2  n=  4  avg=+18.9%  med=-75.0%  realized=$-72.00
  b296|lab0296_s353_w1_0928_1005_r1  n=  5  avg=+110.2%  med=+123.7%  realized=$+118.00
  b297|lab0297_s353_w1_0928_1005_r2  n=  5  avg=+81.5%  med=+79.0%  realized=$+83.00
  b298|lab0298_s353_w2_1005_1045_r1  n= 11  avg=+11.2%  med=-34.7%  realized=$-53.00
  b299|lab0299_s353_w2_1005_1045_r2  n=  7  avg=-32.4%  med=-72.7%  realized=$-142.00
  b29|c029_s165_w2_1005_1045_r2  n=  9  avg=-23.3%  med=-50.0%  realized=$-221.00
  b29|c029_s173_w2_1005_1045_r2  n=  2  avg=-69.3%  med=-48.5%  realized=$-78.00
  b2|c002_s173_w3_1045_1120_r1  n= 15  avg=+67.7%  med=+32.8%  realized=$+707.00
  b300|lab0300_s353_w3_1045_1120_r1  n=  3  avg=+184.9%  med=-94.1%  realized=$-44.00
  b301|lab0301_s353_w3_1045_1120_r2  n=  1  avg=+942.9%  med=+942.9%  realized=$+66.00
  b302|lab0302_s353_w4_1120_1135_r1  n=  2  avg=+214.9%  med=+333.3%  realized=$+98.00
  b303|lab0303_s353_w4_1120_1135_r2  n=  3  avg=+158.5%  med=+93.1%  realized=$+121.00
  b304|lab0304_s354_w1_0928_1005_r1  n=  5  avg=+19.8%  med=+24.0%  realized=$+47.00
  b305|lab0305_s354_w1_0928_1005_r2  n=  5  avg=+2.5%  med=-51.6%  realized=$+2.00
  b306|lab0306_s354_w2_1005_1045_r1  n=  9  avg=-17.2%  med=-70.6%  realized=$-108.00
  b307|lab0307_s354_w2_1005_1045_r2  n= 10  avg=-18.9%  med=-68.6%  realized=$-50.00
  b308|lab0308_s354_w3_1045_1120_r1  n=  9  avg=+3.0%  med=-50.8%  realized=$-4.00
  b309|lab0309_s354_w3_1045_1120_r2  n=  9  avg=-5.5%  med=-52.3%  realized=$-49.00
  b30|c030_s165_w3_1045_1120_r2  n=  9  avg=+38.8%  med=+0.0%  realized=$+260.00
  b30|c030_s173_w3_1045_1120_r2  n=  2  avg=-9.5%  med=+0.0%  realized=$-14.00
  b310|lab0310_s354_w4_1120_1135_r1  n=  5  avg=+12.6%  med=-33.3%  realized=$+74.00
  b311|lab0311_s354_w4_1120_1135_r2  n=  5  avg=+32.1%  med=-72.9%  realized=$+107.00
  b312|lab0312_s355_w1_0928_1005_r1  n=  8  avg=-25.6%  med=-53.5%  realized=$-95.00
  b313|lab0313_s355_w1_0928_1005_r2  n=  7  avg=-6.9%  med=-48.8%  realized=$-31.00
  b314|lab0314_s355_w2_1005_1045_r1  n= 12  avg=-7.9%  med=-63.4%  realized=$-59.00
  b315|lab0315_s355_w2_1005_1045_r2  n= 13  avg=-10.4%  med=-41.3%  realized=$-69.00
  b316|lab0316_s355_w3_1045_1120_r1  n=  5  avg=+6.7%  med=-50.0%  realized=$+33.00
  b317|lab0317_s355_w3_1045_1120_r2  n= 10  avg=+70.5%  med=+57.1%  realized=$+320.00
  b318|lab0318_s355_w4_1120_1135_r1  n=  6  avg=+57.7%  med=+84.6%  realized=$+119.00
  b319|lab0319_s355_w4_1120_1135_r2  n=  6  avg=+60.7%  med=+59.4%  realized=$+133.00
  b31|c031_s165_w4_1120_1135_r2  n=  2  avg=+145.5%  med=+175.8%  realized=$+192.00
  b320|lab0320_s356_w1_0928_1005_r1  n=  4  avg=+18.8%  med=+37.9%  realized=$+34.00
  b321|lab0321_s356_w1_0928_1005_r2  n=  4  avg=+28.1%  med=+58.6%  realized=$+56.00
  b322|lab0322_s356_w2_1005_1045_r1  n=  3  avg=-12.4%  med=-21.6%  realized=$-21.00
  b323|lab0323_s356_w2_1005_1045_r2  n=  3  avg=-9.0%  med=-18.9%  realized=$-16.00
  b324|lab0324_s356_w3_1045_1120_r1  n=  4  avg=-5.4%  med=-25.0%  realized=$-12.00
  b325|lab0325_s356_w3_1045_1120_r2  n=  4  avg=-1.7%  med=-19.4%  realized=$-6.00
  b326|lab0326_s356_w4_1120_1135_r1  n=  2  avg=+76.1%  med=+100.0%  realized=$+68.00
  b327|lab0327_s356_w4_1120_1135_r2  n=  3  avg=+19.3%  med=+52.0%  realized=$+20.00
  b328|lab0328_s357_w1_0928_1005_r1  n=  3  avg=+3.8%  med=+47.1%  realized=$+7.00
  b329|lab0329_s357_w1_0928_1005_r2  n=  3  avg=+3.8%  med=+47.1%  realized=$+7.00
  b330|lab0330_s357_w2_1005_1045_r1  n=  2  avg=+34.9%  med=+131.4%  realized=$+27.00
  b331|lab0331_s357_w2_1005_1045_r2  n=  3  avg=-10.7%  med=-56.9%  realized=$-19.00
  b332|lab0332_s357_w3_1045_1120_r1  n=  5  avg=+66.7%  med=+73.7%  realized=$+190.00
  b333|lab0333_s357_w3_1045_1120_r2  n=  6  avg=+66.3%  med=+71.9%  realized=$+228.00
  b334|lab0334_s357_w4_1120_1135_r1  n=  1  avg=+81.2%  med=+81.2%  realized=$+39.00
  b335|lab0335_s357_w4_1120_1135_r2  n=  2  avg=+54.6%  med=+57.1%  realized=$+53.00
  b340|lab0340_s358_w3_1045_1120_r1  n=  1  avg=-51.4%  med=-51.4%  realized=$-37.00
  b341|lab0341_s358_w3_1045_1120_r2  n=  1  avg=-51.4%  med=-51.4%  realized=$-37.00
  b342|lab0342_s358_w4_1120_1135_r1  n=  1  avg=+53.1%  med=+53.1%  realized=$+26.00
  b343|lab0343_s358_w4_1120_1135_r2  n=  1  avg=+55.1%  med=+55.1%  realized=$+27.00
  b344|lab0344_s359_w1_0928_1005_r1  n=  5  avg=+37.9%  med=+46.7%  realized=$-33.00
  b345|lab0345_s359_w1_0928_1005_r2  n=  7  avg=+22.2%  med=-50.0%  realized=$-14.00
  b346|lab0346_s359_w2_1005_1045_r1  n= 12  avg=+62.3%  med=-46.7%  realized=$-60.00
  b347|lab0347_s359_w2_1005_1045_r2  n= 11  avg=+69.0%  med=-44.4%  realized=$-16.00
  b362|lab0362_s361_w1_0928_1005_r1  n=  6  avg=-13.8%  med=-30.4%  realized=$-71.00
  b363|lab0363_s361_w1_0928_1005_r2  n=  7  avg=-12.8%  med=-30.4%  realized=$-76.00
  b364|lab0364_s361_w2_1005_1045_r1  n=  9  avg=+126.2%  med=+81.8%  realized=$+88.00
  b365|lab0365_s361_w2_1005_1045_r2  n= 12  avg=+173.8%  med=+82.8%  realized=$+310.00
  b366|lab0366_s361_w3_1045_1120_r1  n=  3  avg=+351.3%  med=+61.1%  realized=$+59.00
  b367|lab0367_s361_w3_1045_1120_r2  n= 11  avg=+67.9%  med=-50.0%  realized=$-90.00
  b368|lab0368_s361_w4_1120_1135_r1  n=  3  avg=+103.8%  med=+71.4%  realized=$+37.00
  b369|lab0369_s361_w4_1120_1135_r2  n=  4  avg=+110.2%  med=+100.0%  realized=$+60.00
  b376|lab0376_s362_w1_0928_1005_r1  n=  8  avg=+1.2%  med=+8.7%  realized=$-21.00
  b377|lab0377_s362_w1_0928_1005_r2  n=  9  avg=+10.8%  med=+13.0%  realized=$+10.00
  b378|lab0378_s362_w2_1005_1045_r1  n=  5  avg=+239.7%  med=+70.6%  realized=$+163.00
  b379|lab0379_s362_w2_1005_1045_r2  n=  9  avg=+132.5%  med=+60.5%  realized=$+219.00
  b380|lab0380_s362_w3_1045_1120_r1  n=  7  avg=+183.1%  med=+103.3%  realized=$+226.00
  b381|lab0381_s362_w3_1045_1120_r2  n=  7  avg=+182.6%  med=+108.3%  realized=$+245.00
  b382|lab0382_s362_w4_1120_1135_r1  n=  3  avg=+463.7%  med=+323.8%  realized=$+376.00
  b383|lab0383_s362_w4_1120_1135_r2  n=  3  avg=+490.7%  med=+309.5%  realized=$+402.00
  b390|lab0390_s363_w1_0928_1005_r1  n=  3  avg=-13.7%  med=-49.1%  realized=$-60.00
  b391|lab0391_s363_w1_0928_1005_r2  n=  2  avg=+26.2%  med=+103.2%  realized=$+4.00
  b392|lab0392_s363_w2_1005_1045_r1  n=  8  avg=-41.2%  med=-65.4%  realized=$-222.00
  b393|lab0393_s363_w2_1005_1045_r2  n=  8  avg=-39.0%  med=-53.9%  realized=$-210.00
  b394|lab0394_s363_w3_1045_1120_r1  n=  5  avg=-46.4%  med=-81.0%  realized=$-150.00
  b395|lab0395_s363_w3_1045_1120_r2  n=  5  avg=-44.5%  med=-82.5%  realized=$-149.00
  b396|lab0396_s363_w4_1120_1135_r1  n=  2  avg=-15.1%  med=+44.7%  realized=$-19.00
  b397|lab0397_s363_w4_1120_1135_r2  n=  5  avg=-33.2%  med=-77.1%  realized=$-75.00
  b3|c003_s173_w4_1120_1135_r1  n= 17  avg=+131.0%  med=-50.0%  realized=$+1,311.00
  b404|lab0404_s364_w1_0928_1005_r1  n=  4  avg=-15.3%  med=-2.9%  realized=$-61.00
  b405|lab0405_s364_w1_0928_1005_r2  n=  5  avg=-6.0%  med=-5.9%  realized=$-44.00
  b406|lab0406_s364_w2_1005_1045_r1  n= 10  avg=-17.6%  med=-44.2%  realized=$-159.00
  b407|lab0407_s364_w2_1005_1045_r2  n= 11  avg=-12.3%  med=-42.3%  realized=$-90.00
  b408|lab0408_s364_w3_1045_1120_r1  n=  8  avg=+2.4%  med=+66.7%  realized=$-41.00
  b409|lab0409_s364_w3_1045_1120_r2  n= 10  avg=+0.0%  med=+53.1%  realized=$-54.00
  b40|c040_s166_w1_0928_1005_r2  n=  6  avg=-37.2%  med=-12.7%  realized=$-142.00
  b40|c040_s173_w1_0928_1005_r3  n= 23  avg=+12.9%  med=-15.4%  realized=$-90.00
  b410|lab0410_s364_w4_1120_1135_r1  n=  7  avg=+72.6%  med=+39.5%  realized=$+171.00
  b411|lab0411_s364_w4_1120_1135_r2  n=  4  avg=+137.5%  med=+188.9%  realized=$+189.00
  b418|lab0418_s365_w1_0928_1005_r1  n=  3  avg=+20.9%  med=+67.3%  realized=$+24.00
  b419|lab0419_s365_w1_0928_1005_r2  n=  4  avg=+17.6%  med=+56.1%  realized=$+28.00
  b41|c041_s166_w2_1005_1045_r2  n=  3  avg=-62.0%  med=-61.4%  realized=$-106.00
  b41|c041_s173_w2_1005_1045_r3  n= 13  avg=-48.5%  med=-66.7%  realized=$-452.00
  b420|lab0420_s365_w2_1005_1045_r1  n=  2  avg=+2.8%  med=+54.0%  realized=$-2.00
  b421|lab0421_s365_w2_1005_1045_r2  n=  3  avg=-21.3%  med=-48.3%  realized=$-40.00
  b422|lab0422_s365_w3_1045_1120_r1  n=  3  avg=+33.1%  med=+63.6%  realized=$+25.00
  b423|lab0423_s365_w3_1045_1120_r2  n=  3  avg=+28.9%  med=+63.6%  realized=$+20.00
  b424|lab0424_s365_w4_1120_1135_r1  n=  5  avg=-10.7%  med=+0.0%  realized=$-24.00
  b425|lab0425_s365_w4_1120_1135_r2  n=  3  avg=+109.8%  med=+54.8%  realized=$+124.00
  b42|c042_s166_w3_1045_1120_r2  n=  6  avg=+115.7%  med=+21.4%  realized=$+489.00
  b42|c042_s173_w3_1045_1120_r3  n= 13  avg=+31.1%  med=-8.3%  realized=$+262.00
  b432|lab0432_s366_w1_0928_1005_r1  n=  1  avg=-56.9%  med=-56.9%  realized=$-37.00
  b433|lab0433_s366_w1_0928_1005_r2  n=  1  avg=-56.9%  med=-56.9%  realized=$-37.00
  b434|lab0434_s366_w2_1005_1045_r1  n=  2  avg=+19.6%  med=+96.1%  realized=$+12.00
  b435|lab0435_s366_w2_1005_1045_r2  n=  3  avg=+20.7%  med=+49.0%  realized=$+23.00
  b436|lab0436_s366_w3_1045_1120_r1  n=  1  avg=-51.7%  med=-51.7%  realized=$-30.00
  b437|lab0437_s366_w3_1045_1120_r2  n=  1  avg=-53.5%  med=-53.5%  realized=$-31.00
  b438|lab0438_s366_w4_1120_1135_r1  n=  2  avg=+22.6%  med=+94.3%  realized=$+22.00
  b439|lab0439_s366_w4_1120_1135_r2  n=  2  avg=+26.4%  med=+101.9%  realized=$+26.00
  b43|c043_s166_w4_1120_1135_r2  n=  7  avg=+62.0%  med=+41.9%  realized=$+281.00
  b43|c043_s173_w4_1120_1135_r3  n=  8  avg=+58.7%  med=+53.2%  realized=$+241.00
  b449|lab0449_s367_w2_1005_1045_r2  n=  1  avg=-48.9%  med=-48.9%  realized=$-22.00
  b450|lab0450_s367_w3_1045_1120_r1  n=  1  avg=-51.4%  med=-51.4%  realized=$-37.00
  b451|lab0451_s367_w3_1045_1120_r2  n=  1  avg=-25.0%  med=-25.0%  realized=$-18.00
  b46|c046_s174_w3_1045_1120_r3  n=  3  avg=-89.7%  med=-89.7%  realized=$-156.00
  b47|c047_s163_w4_1120_1135_r2  n=  3  avg=-79.7%  med=-78.0%  realized=$-141.00
  b47|c047_s174_w4_1120_1135_r3  n= 25  avg=-73.4%  med=-78.0%  realized=$-1,155.00
  b48|c048_s164_w1_0928_1005_r2  n=  5  avg=-33.1%  med=-49.1%  realized=$-91.00
  b48|c048_s165_w1_0928_1005_r3  n= 16  avg=-35.9%  med=-49.1%  realized=$-344.00
  b49|c049_s164_w2_1005_1045_r2  n=  4  avg=-51.8%  med=-44.0%  realized=$-133.00
  b49|c049_s165_w2_1005_1045_r3  n= 15  avg=-49.3%  med=-49.1%  realized=$-458.00
  b50|c050_s164_w3_1045_1120_r2  n=  4  avg=-39.6%  med=-16.7%  realized=$-115.00
  b50|c050_s165_w3_1045_1120_r3  n=  9  avg=-23.6%  med=-23.1%  realized=$-142.00
  b51|c051_s165_w4_1120_1135_r3  n=  1  avg=+263.6%  med=+263.6%  realized=$+174.00
  b56|g056_lim_tp20_sl65  n=  1  avg=+47.7%  med=+47.7%  realized=$+20.52
  b57|g057_mid_tp20_sl65  n=  1  avg=+47.7%  med=+47.7%  realized=$+20.52
  b58|g058_eod_tp20_sl65  n=  1  avg=+59.1%  med=+59.1%  realized=$+25.41
  b60|c060_s167_w1_0928_1005_r3  n=  3  avg=-55.8%  med=-62.8%  realized=$-98.00
  b60|c060_s173_w1_0928_1005_r4  n= 13  avg=-5.1%  med=-13.6%  realized=$-99.00
  b61|c061_s167_w2_1005_1045_r3  n=  5  avg=-54.6%  med=-50.9%  realized=$-160.00
  b61|c061_s173_w2_1005_1045_r4  n=  8  avg=-37.3%  med=-50.0%  realized=$-208.00
  b62|c062_s167_w3_1045_1120_r3  n=  8  avg=-51.8%  med=-64.2%  realized=$-286.00
  b62|c062_s173_w3_1045_1120_r4  n= 20  avg=+182.8%  med=-58.3%  realized=$-183.00
  b63|c063_s167_w4_1120_1135_r3  n=  2  avg=-54.8%  med=-54.8%  realized=$-68.00
  b63|c063_s173_w4_1120_1135_r4  n=  1  avg=-46.1%  med=-46.1%  realized=$-24.00
  b63|g063_mid_tp20_sl65  n=  1  avg=+23.3%  med=+23.3%  realized=$+18.63
  b64|c064_s174_w1_0928_1005_r4  n=  3  avg=-93.3%  med=-93.3%  realized=$-168.00
  b64|g064_eod_tp20_sl65  n=  1  avg=+34.2%  med=+34.2%  realized=$+27.40
  b65|c065_s174_w2_1005_1045_r4  n=  8  avg=-45.7%  med=-45.2%  realized=$-238.00
  b65|g065_lim_tp20_sl65  n=  1  avg=+23.3%  med=+23.3%  realized=$+18.63
  b66|c066_s174_w3_1045_1120_r4  n=  1  avg=-52.5%  med=-52.5%  realized=$-31.00
  b66|g066_mid_tp20_sl65  n=  1  avg=+23.3%  med=+23.3%  realized=$+18.63
  b67|c067_s174_w4_1120_1135_r4  n=  1  avg=-45.8%  med=-45.8%  realized=$-27.00
  b67|g067_eod_tp20_sl65  n=  1  avg=+34.2%  med=+34.2%  realized=$+27.40
  b68|c068_s165_w1_0928_1005_r4  n= 16  avg=-51.3%  med=-49.1%  realized=$-446.00
  b68|c068_s166_w1_0928_1005_r3  n=  4  avg=-52.7%  med=-49.1%  realized=$-116.00
  b69|c069_s165_w2_1005_1045_r4  n= 11  avg=+19.0%  med=-43.6%  realized=$-179.00
  b69|c069_s166_w2_1005_1045_r3  n=  4  avg=+10.1%  med=-40.0%  realized=$-87.00
  b70|c070_s165_w3_1045_1120_r4  n= 11  avg=-2.1%  med=-16.9%  realized=$-6.00
  b70|c070_s166_w3_1045_1120_r3  n=  4  avg=-42.5%  med=-27.0%  realized=$-124.00
  b70|g070_eod_tp30_sl20  n=  1  avg=+59.1%  med=+59.1%  realized=$+27.77
  b71|g071_lim_tp30_sl20  n=  1  avg=+36.5%  med=+36.5%  realized=$+23.73
  b72|g072_mid_tp30_sl20  n=  1  avg=+36.5%  med=+36.5%  realized=$+23.73
  b73|g073_eod_tp30_sl20  n=  1  avg=+55.6%  med=+55.6%  realized=$+36.11
  b73|lab0073_s209_w1_0928_1005_r2  n=  1  avg=-64.7%  med=-64.7%  realized=$-11.00
  b74|g074_lim_tp30_sl20  n=  1  avg=+36.5%  med=+36.5%  realized=$+23.73
  b74|lab0074_s209_w2_1005_1045_r1  n=  1  avg=-58.2%  med=-58.2%  realized=$-39.00
  b75|g075_mid_tp30_sl20  n=  1  avg=+36.5%  med=+36.5%  realized=$+23.73
  b75|lab0075_s209_w2_1005_1045_r2  n=  2  avg=-50.8%  med=-50.8%  realized=$-68.00
  b768|lab0768_s396_w1_0928_1005_r1  n=  2  avg=+89.0%  med=+93.1%  realized=$+118.00
  b769|lab0769_s396_w1_0928_1005_r2  n=  2  avg=+106.2%  med=+116.7%  realized=$+139.00
  b76|c076_s164_w1_0928_1005_r3  n=  1  avg=-50.0%  med=-50.0%  realized=$-2.00
  b76|g076_eod_tp30_sl20  n=  1  avg=+34.2%  med=+34.2%  realized=$+27.40
  b771|lab0771_s396_w2_1005_1045_r2  n=  1  avg=-82.2%  med=-82.2%  realized=$-60.00
  b775|lab0775_s396_w4_1120_1135_r2  n=  1  avg=+74.6%  med=+74.6%  realized=$+44.00
  b776|lab0776_s397_w1_0928_1005_r1  n=  3  avg=-38.5%  med=-64.9%  realized=$-74.00
  b777|lab0777_s397_w1_0928_1005_r2  n=  6  avg=+22.9%  med=+38.6%  realized=$+72.00
  b778|lab0778_s397_w2_1005_1045_r1  n=  8  avg=+67.0%  med=+73.0%  realized=$+342.00
  b779|lab0779_s397_w2_1005_1045_r2  n=  7  avg=+64.7%  med=+61.9%  realized=$+306.00
  b77|g077_lim_tp30_sl20  n=  1  avg=-23.3%  med=-23.3%  realized=$-18.63
  b77|lab0077_s209_w3_1045_1120_r2  n=  1  avg=-70.9%  med=-70.9%  realized=$-39.00
  b780|lab0780_s397_w3_1045_1120_r1  n=  3  avg=+43.8%  med=+74.3%  realized=$+81.00
  b781|lab0781_s397_w3_1045_1120_r2  n=  6  avg=+24.3%  med=+71.8%  realized=$+136.00
  b782|lab0782_s397_w4_1120_1135_r1  n=  1  avg=-54.0%  med=-54.0%  realized=$-34.00
  b783|lab0783_s397_w4_1120_1135_r2  n=  3  avg=+66.9%  med=+105.1%  realized=$+123.00
  b784|lab0784_s398_w1_0928_1005_r1  n=  5  avg=+37.3%  med=+49.0%  realized=$+70.00
  b785|lab0785_s398_w1_0928_1005_r2  n=  6  avg=+9.2%  med=+49.0%  realized=$+37.00
  b786|lab0786_s398_w2_1005_1045_r1  n= 10  avg=+1.1%  med=+3.3%  realized=$-27.00
  b787|lab0787_s398_w2_1005_1045_r2  n=  5  avg=+36.0%  med=+61.3%  realized=$+57.00
  b788|lab0788_s398_w3_1045_1120_r1  n= 10  avg=+3.6%  med=-18.4%  realized=$+31.00
  b789|lab0789_s398_w3_1045_1120_r2  n=  9  avg=-11.4%  med=-54.3%  realized=$-10.00
  b78|g078_mid_tp30_sl20  n=  1  avg=-23.3%  med=-23.3%  realized=$-18.63
  b790|lab0790_s398_w4_1120_1135_r1  n=  5  avg=+179.6%  med=+140.3%  realized=$+338.00
  b791|lab0791_s398_w4_1120_1135_r2  n=  7  avg=+124.0%  med=+155.6%  realized=$+293.00
  b792|lab0792_s399_w1_0928_1005_r1  n=  4  avg=+100.0%  med=+140.0%  realized=$+80.00
  b793|lab0793_s399_w1_0928_1005_r2  n= 11  avg=+34.3%  med=+57.9%  realized=$+127.00
  b794|lab0794_s399_w2_1005_1045_r1  n= 11  avg=+74.8%  med=-17.2%  realized=$-78.00
  b795|lab0795_s399_w2_1005_1045_r2  n= 13  avg=+43.5%  med=-51.7%  realized=$-61.00
  b796|lab0796_s399_w3_1045_1120_r1  n=  3  avg=+266.6%  med=-74.0%  realized=$-5.00
  b797|lab0797_s399_w3_1045_1120_r2  n= 15  avg=+23.0%  med=-52.8%  realized=$-146.00
  b798|lab0798_s399_w4_1120_1135_r1  n=  5  avg=+12.3%  med=-53.1%  realized=$+61.00
  b799|lab0799_s399_w4_1120_1135_r2  n=  8  avg=+26.4%  med=+53.3%  realized=$+49.00
  b79|g079_eod_tp30_sl20  n=  1  avg=+34.2%  med=+34.2%  realized=$+27.40
  b79|lab0079_s209_w4_1120_1135_r2  n=  1  avg=-94.6%  med=-94.6%  realized=$-53.00
  b7|c007_s174_w4_1120_1135_r1  n=  5  avg=-7.5%  med=-1.4%  realized=$-58.00
  b800|lab0800_s404_w1_0928_1005_r1  n=  6  avg=+23.0%  med=+38.6%  realized=$+65.00
  b801|lab0801_s404_w1_0928_1005_r2  n=  6  avg=+1.7%  med=+31.6%  realized=$+24.00
  b802|lab0802_s404_w2_1005_1045_r1  n= 12  avg=+30.0%  med=+60.9%  realized=$+236.00
  b803|lab0803_s404_w2_1005_1045_r2  n= 10  avg=+55.7%  med=+58.9%  realized=$+347.00
  b804|lab0804_s404_w3_1045_1120_r1  n=  7  avg=+14.7%  med=+68.5%  realized=$+107.00
  b805|lab0805_s404_w3_1045_1120_r2  n=  8  avg=-7.4%  med=+57.5%  realized=$+11.00
  b806|lab0806_s404_w4_1120_1135_r1  n=  4  avg=+64.7%  med=+91.5%  realized=$+160.00
  b807|lab0807_s404_w4_1120_1135_r2  n=  5  avg=+54.4%  med=+53.2%  realized=$+168.00
  b80|c080_s168_w1_0928_1005_r3  n=  8  avg=+3.6%  med=-11.1%  realized=$-45.00
  b80|c080_s173_w1_0928_1005_r5  n= 45  avg=+52.6%  med=+59.1%  realized=$+503.00
  b80|g080_lim_tp30_sl30  n=  1  avg=+36.5%  med=+36.5%  realized=$+23.73
  b80|lab0080_s210_w1_0928_1005_r1  n= 12  avg=+12.9%  med=-8.5%  realized=$+57.00
  b81|c081_s168_w2_1005_1045_r3  n=  5  avg=-26.9%  med=-33.8%  realized=$-83.00
  b81|c081_s173_w2_1005_1045_r5  n= 20  avg=-39.1%  med=-38.4%  realized=$-559.00
  b81|g081_mid_tp30_sl30  n=  1  avg=+36.5%  med=+36.5%  realized=$+23.73
  b81|lab0081_s210_w1_0928_1005_r2  n= 12  avg=+8.1%  med=+46.7%  realized=$+47.00
  b828|lab0828_s406_w1_0928_1005_r1  n=  4  avg=-15.8%  med=+10.0%  realized=$+1.00
  b829|lab0829_s406_w1_0928_1005_r2  n=  3  avg=-11.0%  med=-50.0%  realized=$-13.00
  b82|c082_s168_w3_1045_1120_r3  n=  5  avg=-1.6%  med=-40.0%  realized=$-2.00
  b82|c082_s173_w3_1045_1120_r5  n=  9  avg=-10.7%  med=-12.5%  realized=$-48.00
  b82|g082_eod_tp30_sl30  n=  1  avg=+55.6%  med=+55.6%  realized=$+36.11
  b82|lab0082_s210_w2_1005_1045_r1  n= 12  avg=-16.7%  med=-6.2%  realized=$-70.00
  b830|lab0830_s406_w2_1005_1045_r1  n= 13  avg=+66.4%  med=+61.3%  realized=$+59.00
  b831|lab0831_s406_w2_1005_1045_r2  n= 16  avg=+70.3%  med=+81.8%  realized=$+127.00
  b832|lab0832_s406_w3_1045_1120_r1  n= 15  avg=+305.6%  med=+55.3%  realized=$+1,461.00
  b833|lab0833_s406_w3_1045_1120_r2  n= 18  avg=+284.9%  med=+73.1%  realized=$+1,443.00
  b834|lab0834_s406_w4_1120_1135_r1  n=  7  avg=+407.3%  med=+105.3%  realized=$+135.00
  b835|lab0835_s406_w4_1120_1135_r2  n=  7  avg=+174.8%  med=+66.7%  realized=$+195.00
  b83|c083_s168_w4_1120_1135_r3  n=  8  avg=+84.0%  med=+62.9%  realized=$+429.00
  b83|c083_s173_w4_1120_1135_r5  n= 20  avg=-20.6%  med=-68.2%  realized=$-271.00
  b83|g083_lim_tp30_sl30  n=  1  avg=+30.1%  med=+30.1%  realized=$+24.11
  b83|lab0083_s210_w2_1005_1045_r2  n=  7  avg=+9.9%  med=+7.0%  realized=$+14.00
  b84|g084_mid_tp30_sl30  n=  1  avg=+30.1%  med=+30.1%  realized=$+24.11
  b84|lab0084_s210_w3_1045_1120_r1  n= 12  avg=-45.0%  med=-64.4%  realized=$-240.00
  b856|lab0856_s408_w1_0928_1005_r1  n=  3  avg=-28.1%  med=-58.7%  realized=$-32.00
  b857|lab0857_s408_w1_0928_1005_r2  n=  4  avg=-23.5%  med=-33.3%  realized=$-37.00
  b858|lab0858_s408_w2_1005_1045_r1  n=  6  avg=+26.6%  med=-52.6%  realized=$-1.00
  b859|lab0859_s408_w2_1005_1045_r2  n=  8  avg=-31.0%  med=-42.9%  realized=$-36.00
  b85|c085_s174_w2_1005_1045_r5  n=  7  avg=-9.4%  med=-32.7%  realized=$-42.00
  b85|g085_eod_tp30_sl30  n=  1  avg=+34.2%  med=+34.2%  realized=$+27.40
  b85|lab0085_s210_w3_1045_1120_r2  n= 15  avg=+56.9%  med=-44.4%  realized=$+25.00
  b860|lab0860_s408_w3_1045_1120_r1  n=  9  avg=+484.2%  med=+33.3%  realized=$+807.00
  b861|lab0861_s408_w3_1045_1120_r2  n= 12  avg=+218.5%  med=+100.0%  realized=$+471.00
  b862|lab0862_s408_w4_1120_1135_r1  n=  6  avg=-4.0%  med=+60.0%  realized=$-55.00
  b863|lab0863_s408_w4_1120_1135_r2  n=  9  avg=+1.7%  med=+0.0%  realized=$-12.00
  b86|c086_s174_w3_1045_1120_r5  n=  4  avg=+26.1%  med=+39.7%  realized=$+64.00
  b86|g086_lim_tp30_sl30  n=  1  avg=+30.1%  med=+30.1%  realized=$+24.11
  b86|lab0086_s210_w4_1120_1135_r1  n=  6  avg=+31.1%  med=+16.7%  realized=$+67.00
  b87|c087_s174_w4_1120_1135_r5  n=  4  avg=-23.5%  med=+37.5%  realized=$-114.00
  b87|g087_mid_tp30_sl30  n=  1  avg=+30.1%  med=+30.1%  realized=$+24.11
  b87|lab0087_s210_w4_1120_1135_r2  n=  8  avg=-0.2%  med=+19.4%  realized=$-21.00
  b884|lab0884_s410_w1_0928_1005_r1  n=  2  avg=+80.6%  med=+83.3%  realized=$+106.00
  b885|lab0885_s410_w1_0928_1005_r2  n=  3  avg=+72.8%  med=+65.3%  realized=$+145.00
  b886|lab0886_s410_w2_1005_1045_r1  n=  1  avg=+101.5%  med=+101.5%  realized=$+68.00
  b887|lab0887_s410_w2_1005_1045_r2  n=  1  avg=-48.4%  med=-48.4%  realized=$-31.00
  b888|lab0888_s410_w3_1045_1120_r1  n=  1  avg=-78.1%  med=-78.1%  realized=$-57.00
  b889|lab0889_s410_w3_1045_1120_r2  n=  1  avg=-68.5%  med=-68.5%  realized=$-50.00
  b88|c088_s165_w1_0928_1005_r5  n= 21  avg=-5.0%  med=-2.7%  realized=$-63.00
  b88|c088_s167_w1_0928_1005_r4  n=  4  avg=-12.7%  med=+30.9%  realized=$-28.00
  b88|g088_eod_tp30_sl30  n=  2  avg=+36.0%  med=+37.7%  realized=$+65.09
  b898|lab0898_s411_w1_0928_1005_r1  n=  2  avg=-54.5%  med=-51.4%  realized=$-79.00
  b899|lab0899_s411_w1_0928_1005_r2  n=  2  avg=-48.9%  med=-48.6%  realized=$-69.00
  b89|c089_s165_w2_1005_1045_r5  n=  7  avg=+113.1%  med=+30.9%  realized=$+67.00
  b89|c089_s167_w2_1005_1045_r4  n=  2  avg=-16.2%  med=+30.9%  realized=$-22.00
  b89|g089_lim_tp30_sl30  n=  1  avg=+30.1%  med=+30.1%  realized=$+24.11
  b8|c008_s165_w1_0928_1005_r1  n= 23  avg=-19.6%  med=-35.3%  realized=$-250.00
  b900|lab0900_s411_w2_1005_1045_r1  n= 11  avg=-2.4%  med=+7.7%  realized=$+1.00
  b901|lab0901_s411_w2_1005_1045_r2  n=  9  avg=+9.0%  med=+23.9%  realized=$+49.00
  b902|lab0902_s411_w3_1045_1120_r1  n=  7  avg=-0.6%  med=+8.1%  realized=$-13.00
  b903|lab0903_s411_w3_1045_1120_r2  n=  9  avg=+8.0%  med=+10.4%  realized=$+28.00
  b904|lab0904_s411_w4_1120_1135_r1  n=  2  avg=-52.8%  med=-52.2%  realized=$-60.00
  b905|lab0905_s411_w4_1120_1135_r2  n=  4  avg=-11.7%  med=+13.1%  realized=$-17.00
  b90|c090_s165_w3_1045_1120_r5  n= 13  avg=+7.7%  med=+0.0%  realized=$+47.00
  b90|c090_s167_w3_1045_1120_r4  n=  4  avg=-41.6%  med=-18.9%  realized=$-123.00
  b90|g090_mid_tp30_sl30  n=  1  avg=+30.1%  med=+30.1%  realized=$+24.11
  b90|live_1to1           n= 18  avg=+11.6%  med=-10.0%  realized=$+84.00
  b912|lab0912_s412_w1_0928_1005_r1  n=  6  avg=+75.0%  med=+66.7%  realized=$+27.00
  b913|lab0913_s412_w1_0928_1005_r2  n=  6  avg=+69.9%  med=+66.7%  realized=$+23.00
  b914|lab0914_s412_w2_1005_1045_r1  n=  7  avg=+91.8%  med=+68.2%  realized=$+168.00
  b915|lab0915_s412_w2_1005_1045_r2  n=  7  avg=+80.5%  med=+43.2%  realized=$+133.00
  b916|lab0916_s412_w3_1045_1120_r1  n= 14  avg=+1.8%  med=-10.7%  realized=$+8.00
  b917|lab0917_s412_w3_1045_1120_r2  n=  7  avg=+106.9%  med=-3.6%  realized=$-8.00
  b918|lab0918_s412_w4_1120_1135_r1  n=  4  avg=-45.8%  med=-38.1%  realized=$-94.00
  b919|lab0919_s412_w4_1120_1135_r2  n=  5  avg=+33.9%  med=-2.2%  realized=$+8.00
  b91|c091_s165_w4_1120_1135_r5  n=  2  avg=+222.0%  med=+247.0%  realized=$+293.00
  b91|g091_eod_tp30_sl30  n=  2  avg=+19.8%  med=+55.6%  realized=$+25.00
  b92|g092_lim_tp30_sl40  n=  2  avg=+53.6%  med=+70.8%  realized=$+94.51
  b93|g093_mid_tp30_sl40  n=  2  avg=+53.6%  med=+70.8%  realized=$+94.51
  b94|g094_eod_tp30_sl40  n=  2  avg=+46.6%  med=+55.6%  realized=$+73.80
  b94|lab0094_s211_w1_0928_1005_r1  n=  8  avg=-4.1%  med=-5.7%  realized=$-34.00
  b95|g095_lim_tp30_sl40  n=  2  avg=+50.5%  med=+70.8%  realized=$+94.89
  b95|lab0095_s211_w1_0928_1005_r2  n=  9  avg=-27.7%  med=-42.1%  realized=$-143.00
  b96|g096_mid_tp30_sl40  n=  2  avg=+50.5%  med=+70.8%  realized=$+94.89
  b96|lab0096_s211_w2_1005_1045_r1  n=  6  avg=-44.0%  med=-38.1%  realized=$-83.00
  b97|g097_eod_tp30_sl40  n=  2  avg=+36.0%  med=+37.7%  realized=$+65.09
  b97|lab0097_s211_w2_1005_1045_r2  n=  7  avg=-54.0%  med=-46.1%  realized=$-125.00
  b98|g098_lim_tp30_sl40  n=  2  avg=+50.5%  med=+70.8%  realized=$+94.89
  b98|lab0098_s211_w3_1045_1120_r1  n=  7  avg=+190.8%  med=-48.7%  realized=$-61.00
  b99|g099_mid_tp30_sl40  n=  2  avg=+50.5%  med=+70.8%  realized=$+94.89
  b99|lab0099_s211_w3_1045_1120_r2  n=  8  avg=+84.6%  med=+107.7%  realized=$+149.00
  b9|c009_s165_w2_1005_1045_r1  n=  7  avg=-74.4%  med=-66.2%  realized=$-301.00
========================================================
+========================================================================+
|[OPTIONS BOT DAILY VITALS (MATRIX EXPERIMENT)]                          |
+========================================================================+
|-- ACCOUNT STATUS (entry+manage) --                                     |
|Equity       : $996,420.53                                              |
|Open Risk    : 30 lots (12 broker pos)                                  |
|Today's Run  : 56 signals -> 2 orders submitted                         |
|                                                                        |
|-- SYSTEM HEALTH --                                                     |
|Zombies      : 0 (Ledger is clean)                                      |
|Lab Status   : 30 Active Lots | 0 Pending Orders                        |
|Auto-Matrix  : (Pending EOD report generation)                          |
+========================================================================+
+========================================================================+
|[DATA QUALITY: CLEAN vs ERRORS vs KEEP-ONLY]                            |
+========================================================================+
|  CLEAN              n=1377  win= 49.1%  med= -15.9%  $+17,330          |
|  TAINTED            n=1882  win= 33.3%  med= -38.9%  $-9,546           |
|  KEEP-only          n=713   win= 62.3%  med= +51.6%  $+11,733          |
|  KEEP recent        n=520   win= 60.4%  med= +54.0%  $+7,488           |
|  KEEP(24): S163,S167,S168,S173,S174,S210,S218,S350...                  |
|  KILL(18): ORPHAN,S164,S202,S203,S207,S211,S212,S216...                |
+========================================================================+
+========================================================================+
|[+++ OVERPERFORMING STRATEGIES (n>=10)]                                 |
+========================================================================+
|  BKT  PROFILE                   WIN%   MED%   TOTAL TRADES             |
|  ---------------------------------------------------------             |
|  b238 lab0238_s401_w3_1045..  79%  +104.7%    19                       |
|  b276 lab0276_s350_w1_0928..  70%  +102.9%    10                       |
|  b861 lab0861_s408_w3_1045..  67%  +83.3%    12                        |
|  b365 lab0365_s361_w2_1005..  92%  +82.8%    12                        |
+========================================================================+
|[--- UNDERPERFORMING STRATEGIES (n>=10)]                                |
+========================================================================+
|  BKT  PROFILE                   WIN%   MED%   TOTAL TRADES             |
|  ---------------------------------------------------------             |
|  b47  lab0047_s205_w4_1120..   4%  -78.0%    28                        |
|  b307 lab0307_s354_w2_1005..  30%  -69.9%    10                        |
|  b1   lab0001_s200_w1_0928..   0%  -65.8%    10                        |
|  b41  lab0041_s205_w1_0928..  12%  -65.3%    16                        |
+========================================================================+
+========================================================================+
|[PENDING EXITS (1)]                                                     |
+========================================================================+
|  b196 S218 AXP260925C00325000 x1 stop_loss (-55.3%)                    |
+========================================================================+
+========================================================================+
|[OPEN OPTIONS (12)]                                                     |
+========================================================================+
|  SYMBOL                      QTY    RET%        OPEN P&L               |
|  ---------------------------------------------------------             |
|  MARA260925C00012500           3   +183.9%   $   +274.00               |
|  MARA260925C00011500          -1  -1431.2%   $   -229.00               |
|  MARA260925C00012000          -1   -579.3%   $   -168.00               |
|  BAC260925C00058000            4    -44.8%   $   -120.00               |
|  NFLX260925C00074000           7    -33.1%   $   -118.00               |
|  AMD260923C00652500            4    +54.7%   $   +116.00               |
|  AMD260923C00657500            4    +19.1%   $    +36.00               |
|  NFLX261002C00076000           2    -27.3%   $    -30.00               |
|  ... 4 more position(s)                                                |
+========================================================================+
Full detail: logs/options_trial/runs/2026-09-22.log
elapsed=42.7s reconcile=0.25s cancel=0.02s manage=4.1s scan=35.07s entries=1.95s

=== 10:16:25 ET — entry+manage (7 new) [elapsed=66.6s reconcile=0.24s cancel=0.07s manage=4.59s scan=53.32s entries=6.36s] ===
=== options_morning_bot (PAPER) 2026-09-22T10:16:25.827872-04:00 ===

[Run context]
Paper auth OK — equity $996257.74, account PA33P8KT02IL
  reconcile: layout changed controlled:100:c000_s173_w1_0928_1005_r1 -> controlled:1164:live_1to1+variations

[Setup]
LIVE 1:1 bucket b90 live_1to1 — S218, S404, S406 | TP+50%/SL-40% | stop-mkt | min $20
Variation study: 1163 lab/promising bucket(s) | cohort: all paper strategies | max 400 new entries/run
Dropped (no new entries; ex-reflected P&L): S203, S207, S212, S360, S405, S407
  cancelled protective stop MCD260925C00272500 id=b57e0b62-cd79-4da5-83fb-16ba83a4506e
  EXIT [b167|lab0167_s216_w2_1005_1045_r2|S216] stop_loss (-100.0%) SELL 1 MCD260925C00272500 @<= 0.01  id=b95ebc65-56d0-4061-846b-ed198da39dc8
  EXIT skip AXP260925C00325000: open sell already pending
  EXIT [b434|lab0434_s366_w2_1005_1045_r1|S366] take_profit (+189.9%) SELL failed MARA260925C00012500: {"code":40310000,"message":"account not eligible to trade uncovered option contracts"}
  EXIT [b433|lab0433_s366_w1_0928_1005_r2|S366] take_profit (+189.9%) SELL failed MARA260925C00012500: {"code":40310000,"message":"account not eligible to trade uncovered option contracts"}
  EXIT [b432|lab0432_s366_w1_0928_1005_r1|S366] take_profit (+189.9%) SELL failed MARA260925C00012500: {"code":40310000,"message":"account not eligible to trade uncovered option contracts"}
  PROT STOP failed MARA260925C00012500: {"code":40310000,"message":"account not eligible to trade uncovered option contracts"}
Protective stops: placed=0 upgraded=0 already=8 failed=1 (market-first)

[Scan + entries]
Scanning 117 symbols for [S165, S164, S168, S167, S166, S163, S169, S170, S171, S172, S175, S200, S201, S202, S204, S205, S206, S208, S209, S210, S211, S213, S214, S215, S216, S217, S218, S219, S220, S221, S400, S401, S402, S403, S350, S351, S352, S353, S354, S355, S356, S357, S358, S359, S361, S362, S363, S364, S365, S366, S367, S368, S369, S370, S371, S372, S373, S374, S375, S376, S377, S378, S379, S380, S381, S382, S383, S384, S385, S386, S387, S388, S389, S390, S391, S392, S393, S394, S413, S414, S415, S416, S417, S418, S395, S396, S397, S398, S399, S404, S406, S408, S409, S410, S411, S412, S413, S414, S415, S416, S417, S418, S419] …
  Daily bars disk cache hit (options_daily_bars_2026-09-22.parquet)
Fetched daily bars for 113/117 symbols
Found 56 signal(s); top: ['S211:AMD', 'S401:AMD', 'S210:COIN', 'S401:COIN', 'S401:META', 'S401:AMZN', 'S401:MARA', 'S401:MSTR']
Paper lab: $996258 broker equity -> 1164 bucket(s) ($500 virtual each, unlimited paper)
  [b82|lab0082_s210_w2_1005_1045_r1] S210 COIN (tier: fast): no tradeable call
  [b83|lab0083_s210_w2_1005_1045_r2] S210 COIN (tier: fast): no tradeable call
  [b1054|lab1054_s165_w2_1005_1045_r1] S165 MPC (tier: neutral): no tradeable call
  [b1055|lab1055_s165_w2_1005_1045_r2] S165 MPC (tier: neutral): no tradeable call
  [b1152|lab1152_s164_w2_1005_1045_r1] S164 MPC (tier: neutral): no tradeable call
  [b1153|lab1153_s164_w2_1005_1045_r2] S164 MPC (tier: neutral): no tradeable call
  [b1124|lab1124_s168_w2_1005_1045_r1] S168 MPC (tier: neutral): no tradeable call
  [b1125|lab1125_s168_w2_1005_1045_r2] S168 MPC (tier: neutral): no tradeable call
  [b1096|lab1096_s167_w2_1005_1045_r1] S167 MPC (tier: neutral): no tradeable call
  [b1097|lab1097_s167_w2_1005_1045_r2] S167 MPC (tier: neutral): no tradeable call
  [b1138|lab1138_s163_w2_1005_1045_r1] S163 MPC (tier: neutral): no tradeable call
  [b1139|lab1139_s163_w2_1005_1045_r2] S163 MPC (tier: neutral): no tradeable call
  [b278|lab0278_s350_w2_1005_1045_r1] S350 MPC (tier: neutral): no tradeable call
  [b279|lab0279_s350_w2_1005_1045_r2] S350 MPC (tier: neutral): no tradeable call
  [b282|lab0282_s351_w2_1005_1045_r1] S351 MPC (tier: neutral): no tradeable call
  [b283|lab0283_s351_w2_1005_1045_r2] S351 MPC (tier: neutral): no tradeable call
  [b290|lab0290_s352_w2_1005_1045_r1] S352 MPC (tier: neutral): no tradeable call
  [b291|lab0291_s352_w2_1005_1045_r2] S352 MPC (tier: neutral): no tradeable call
  [b298|lab0298_s353_w2_1005_1045_r1] S353 MPC (tier: neutral): no tradeable call
  [b299|lab0299_s353_w2_1005_1045_r2] S353 MPC (tier: neutral): no tradeable call
  [b306|lab0306_s354_w2_1005_1045_r1] S354 MPC (tier: neutral): no tradeable call
  [b307|lab0307_s354_w2_1005_1045_r2] S354 MPC (tier: neutral): no tradeable call
  [b314|lab0314_s355_w2_1005_1045_r1] S355 MPC (tier: neutral): no tradeable call
  [b315|lab0315_s355_w2_1005_1045_r2] S355 MPC (tier: neutral): no tradeable call
  [b322|lab0322_s356_w2_1005_1045_r1] S356 MPC (tier: neutral): no tradeable call
  [b323|lab0323_s356_w2_1005_1045_r2] S356 MPC (tier: neutral): no tradeable call
  [b330|lab0330_s357_w2_1005_1045_r1] S357 MPC (tier: neutral): no tradeable call
  [b331|lab0331_s357_w2_1005_1045_r2] S357 MPC (tier: neutral): no tradeable call
  [b338|lab0338_s358_w2_1005_1045_r1] S358 MPC (tier: neutral): no tradeable call
  [b339|lab0339_s358_w2_1005_1045_r2] S358 MPC (tier: neutral): no tradeable call
  [b762|lab0762_s395_w2_1005_1045_r1] S395 MPC (tier: neutral): no tradeable call
  [b763|lab0763_s395_w2_1005_1045_r2] S395 MPC (tier: neutral): no tradeable call
  [b770|lab0770_s396_w2_1005_1045_r1] S396 MPC (tier: neutral): no tradeable call
  [b771|lab0771_s396_w2_1005_1045_r2] S396 MPC (tier: neutral): no tradeable call
  [b778|lab0778_s397_w2_1005_1045_r1] S397 MPC (tier: neutral): no tradeable call
  [b779|lab0779_s397_w2_1005_1045_r2] S397 MPC (tier: neutral): no tradeable call
  [b786|lab0786_s398_w2_1005_1045_r1] S398 MPC (tier: neutral): no tradeable call
  [b787|lab0787_s398_w2_1005_1045_r2] S398 MPC (tier: neutral): no tradeable call
  [b794|lab0794_s399_w2_1005_1045_r1] S399 MPC (tier: neutral): no tradeable call
  [b795|lab0795_s399_w2_1005_1045_r2] S399 MPC (tier: neutral): no tradeable call
  [b802|lab0802_s404_w2_1005_1045_r1] S404 MPC (tier: neutral): no tradeable call
  [b803|lab0803_s404_w2_1005_1045_r2] S404 MPC (tier: neutral): no tradeable call
  [b180|lab0180_s217_w2_1005_1045_r1] S217 UNP (tier: neutral): no tradeable call
  [b181|lab0181_s217_w2_1005_1045_r2] S217 UNP (tier: neutral): no tradeable call
  [b346|lab0346_s359_w2_1005_1045_r1] S359 LLY (tier: neutral): no tradeable call
  [b347|lab0347_s359_w2_1005_1045_r2] S359 LLY (tier: neutral): no tradeable call
  ENTRY [b364|lab0364_s361_w2_1005_1045_r1|S361] BUY 1x LLY260925C01250000 (RB gap -1.6% reclaim|neutral) limit=0.40 (ask=0.41 off=-0.01) tp=+50% sl=-50% pending id=3f5d49e7-bab9-4f49-bfd6-1b291afb01b7
  ENTRY [b365|lab0365_s361_w2_1005_1045_r2|S361] BUY 1x LLY260925C01250000 (RB gap -1.6% reclaim|neutral) limit=0.40 (ask=0.41 off=-0.01) tp=+50% sl=-50% pending id=1cbbc569-a98d-458c-b2d8-e4fbd3ae5c81
  ENTRY [b378|lab0378_s362_w2_1005_1045_r1|S362] BUY 1x LLY260925C01250000 (RB gap -1.6% reclaim|neutral) limit=0.40 (ask=0.41 off=-0.01) tp=+50% sl=-50% pending id=9d171142-a3ea-42b3-987d-2de290377077
  ENTRY [b379|lab0379_s362_w2_1005_1045_r2|S362] BUY 1x LLY260925C01250000 (RB gap -1.6% reclaim|neutral) limit=0.40 (ask=0.41 off=-0.01) tp=+50% sl=-50% pending id=b27f6716-19d5-4a4f-af29-f9bd54934089
  [b392|lab0392_s363_w2_1005_1045_r1] S363 LLY (tier: neutral): no tradeable call
  [b393|lab0393_s363_w2_1005_1045_r2] S363 LLY (tier: neutral): no tradeable call
  [b406|lab0406_s364_w2_1005_1045_r1] S364 LLY (tier: neutral): no tradeable call
  [b407|lab0407_s364_w2_1005_1045_r2] S364 LLY (tier: neutral): no tradeable call
  [b420|lab0420_s365_w2_1005_1045_r1] S365 LLY (tier: neutral): no tradeable call
  [b421|lab0421_s365_w2_1005_1045_r2] S365 LLY (tier: neutral): no tradeable call
  [b435|lab0435_s366_w2_1005_1045_r2] S366 LLY (tier: neutral): no tradeable call
  [b448|lab0448_s367_w2_1005_1045_r1] S367 LLY (tier: neutral): no tradeable call
  [b449|lab0449_s367_w2_1005_1045_r2] S367 LLY (tier: neutral): no tradeable call
  ENTRY [b90|live_1to1|S406] BUY 1x LLY260925C01250000 (RB gap -1.6% reclaim|neutral) limit=0.40 (ask=0.41 off=-0.01) tp=+50% sl=-40% pending id=98974791-d8ca-44b3-83aa-edf6ba98741b
  [b830|lab0830_s406_w2_1005_1045_r1] S406 LLY (tier: neutral): no tradeable call
  [b831|lab0831_s406_w2_1005_1045_r2] S406 LLY (tier: neutral): no tradeable call
  [b858|lab0858_s408_w2_1005_1045_r1] S408 LLY (tier: neutral): no tradeable call
  [b859|lab0859_s408_w2_1005_1045_r2] S408 LLY (tier: neutral): no tradeable call
  [b872|lab0872_s409_w2_1005_1045_r1] S409 LLY (tier: neutral): no tradeable call
  [b873|lab0873_s409_w2_1005_1045_r2] S409 LLY (tier: neutral): no tradeable call
  [b886|lab0886_s410_w2_1005_1045_r1] S410 LLY (tier: neutral): no tradeable call
  [b887|lab0887_s410_w2_1005_1045_r2] S410 LLY (tier: neutral): no tradeable call
  [b900|lab0900_s411_w2_1005_1045_r1] S411 LLY (tier: neutral): no tradeable call
  [b901|lab0901_s411_w2_1005_1045_r2] S411 LLY (tier: neutral): no tradeable call
  ENTRY [b914|lab0914_s412_w2_1005_1045_r1|S412] BUY 1x LLY260925C01250000 (RB gap -1.6% reclaim|neutral) limit=0.40 (ask=0.41 off=-0.01) tp=+50% sl=-50% pending id=fb6d5c41-32a9-436e-b4cd-2d9b02302a43
  ENTRY [b915|lab0915_s412_w2_1005_1045_r2|S412] BUY 1x LLY260925C01250000 (RB gap -1.6% reclaim|neutral) limit=0.40 (ask=0.41 off=-0.01) tp=+50% sl=-50% pending id=7880cf3b-6e33-4488-850d-f7366c5145d3
  [b264|lab0264_s403_w2_1005_1045_r1] S403 KO (tier: slow): no tradeable call
  [b265|lab0265_s403_w2_1005_1045_r2] S403 KO (tier: slow): no tradeable call
  [b180|lab0180_s217_w2_1005_1045_r1] S217 PEP (tier: slow): no tradeable call
  [b181|lab0181_s217_w2_1005_1045_r2] S217 PEP (tier: slow): no tradeable call
  [b90|live_1to1] S218 D (tier: slow): no tradeable call
  [b194|lab0194_s218_w2_1005_1045_r1] S218 D (tier: slow): no tradeable call
  [b195|lab0195_s218_w2_1005_1045_r2] S218 D (tier: slow): no tradeable call
  [b90|live_1to1] S218 WEC (tier: slow): no tradeable call
  [b194|lab0194_s218_w2_1005_1045_r1] S218 WEC (tier: slow): no tradeable call
  [b195|lab0195_s218_w2_1005_1045_r2] S218 WEC (tier: slow): no tradeable call
  Skipped: 75 no tradeable call
Placed 7 new entry order(s).
  reconcile: layout changed controlled:100:c000_s173_w1_0928_1005_r1 -> controlled:1164:live_1to1+variations
  reconcile: entry fill b915|S412 LLY x1 @ 0.39
  reconcile: entry fill b914|S412 LLY x1 @ 0.39
  reconcile: entry fill b90|S406 LLY x1 @ 0.39
  reconcile: entry fill b379|S362 LLY x1 @ 0.39
  reconcile: entry fill b378|S362 LLY x1 @ 0.39
  reconcile: entry fill b365|S361 LLY x1 @ 0.39
  reconcile: entry fill b364|S361 LLY x1 @ 0.39
  PROT STOP failed MARA260925C00012500: {"code":40310000,"message":"account not eligible to trade uncovered option contracts"}
  PROT STOP-MKT LLY260925C01250000 x7 stop=0.20 tif=gtc sl=-50% id=3033be63-801a-4454-ac09-87b0aa7611d4
Protective stops: placed=1 upgraded=0 already=8 failed=1 (market-first)

[Portfolio snapshot]
========================================================
OPTIONS TRIAL STATS
========================================================
Account equity: $996,257.74
Active buckets: 1164 of 1164 profiles ($500 virtual each) — paper unlimited mode

P&L summary
  Reflected (ex-S203,S207,S212,S360,S405,S407): $+12,646.88 all-time  |  $-257.00 today
  Raw (incl dropped):     $+7,783.88 all-time  |  $-257.00 today
  Open (not sold yet): $-38.00 unrealized (virtual lots)
                       $-437.00 unrealized (broker total)
  Premium deployed:    $1,483.00 in open positions
  Combined P&L:        $+12,608.88 (reflected realized + open virtual)

Ledger (master)
  Total events:     14516
  Today entries:    17
  Today exits (reflected): 10
  All-time exits (reflected): 2956  wins 42%
  Avg return/trade: +31.3%  median -30.4%

Open virtual lots (by bucket)
  b16 lab0016_s202_w1_0928_1005_r1  prem=$     0  real=$-47.00  open=$ +0.00  lots=0  [-]
       buy: ask-0.01  sell: bid-0.01  tp=+50% sl=-50%
  b17 lab0017_s202_w1_0928_1005_r2  prem=$     0  real=$-56.00  open=$ +0.00  lots=0  [-]
       buy: ask-0.01  sell: bid-0.01  tp=+50% sl=-50%
  b18 lab0018_s202_w2_1005_1045_r1  prem=$     0  real=$-29.00  open=$ +0.00  lots=0  [-]
       buy: ask-0.01  sell: bid-0.01  tp=+50% sl=-50%
  b19 lab0019_s202_w2_1005_1045_r2  prem=$     0  real=$-43.00  open=$ +0.00  lots=0  [-]
       buy: ask-0.01  sell: bid-0.01  tp=+50% sl=-50%
  b20 lab0020_s202_w3_1045_1120_r1  prem=$     0  real=$ -6.00  open=$ +0.00  lots=0  [-]
       buy: ask-0.01  sell: bid-0.01  tp=+50% sl=-50%
  b21 lab0021_s202_w3_1045_1120_r2  prem=$     0  real=$-24.00  open=$ +0.00  lots=0  [-]
       buy: ask-0.01  sell: bid-0.01  tp=+50% sl=-50%
  b73 lab0073_s209_w1_0928_1005_r2  prem=$     0  real=$-11.00  open=$ +0.00  lots=0  [-]
       buy: ask-0.01  sell: bid-0.01  tp=+50% sl=-50%
  b74 lab0074_s209_w2_1005_1045_r1  prem=$     0  real=$-39.00  open=$ +0.00  lots=0  [-]
       buy: ask-0.01  sell: bid-0.01  tp=+50% sl=-50%
  b75 lab0075_s209_w2_1005_1045_r2  prem=$     0  real=$-68.00  open=$ +0.00  lots=0  [-]
       buy: ask-0.01  sell: bid-0.01  tp=+50% sl=-50%
  b77 lab0077_s209_w3_1045_1120_r2  prem=$     0  real=$-39.00  open=$ +0.00  lots=0  [-]
       buy: ask-0.01  sell: bid-0.01  tp=+50% sl=-50%
  b79 lab0079_s209_w4_1120_1135_r2  prem=$     0  real=$-53.00  open=$ +0.00  lots=0  [-]
       buy: ask-0.01  sell: bid-0.01  tp=+50% sl=-50%
  b80 lab0080_s210_w1_0928_1005_r1  prem=$     0  real=$+57.00  open=$ +0.00  lots=0  [-]
       buy: ask-0.01  sell: bid-0.01  tp=+50% sl=-50%
  b81 lab0081_s210_w1_0928_1005_r2  prem=$     0  real=$+47.00  open=$ +0.00  lots=0  [-]
       buy: ask-0.01  sell: bid-0.01  tp=+50% sl=-50%
  b82 lab0082_s210_w2_1005_1045_r1  prem=$     0  real=$-70.00  open=$ +0.00  lots=0  [-]
       buy: ask-0.01  sell: bid-0.01  tp=+50% sl=-50%
  b83 lab0083_s210_w2_1005_1045_r2  prem=$     0  real=$+14.00  open=$ +0.00  lots=0  [-]
       buy: ask-0.01  sell: bid-0.01  tp=+50% sl=-50%
  b84 lab0084_s210_w3_1045_1120_r1  prem=$     0  real=$-240.00  open=$ +0.00  lots=0  [-]
       buy: ask-0.01  sell: bid-0.01  tp=+50% sl=-50%
  b85 lab0085_s210_w3_1045_1120_r2  prem=$     0  real=$+25.00  open=$ +0.00  lots=0  [-]
       buy: ask-0.01  sell: bid-0.01  tp=+50% sl=-50%
  b86 lab0086_s210_w4_1120_1135_r1  prem=$     0  real=$+67.00  open=$ +0.00  lots=0  [-]
       buy: ask-0.01  sell: bid-0.01  tp=+50% sl=-50%
  b87 lab0087_s210_w4_1120_1135_r2  prem=$     0  real=$-21.00  open=$ +0.00  lots=0  [-]
       buy: ask-0.01  sell: bid-0.01  tp=+50% sl=-50%
  b90 live_1to1               prem=$    89  real=$+84.00  open=$-28.52  lots=2  [S404:NFLXx1, S406:LLYx1]
       buy: ask-0.01  sell: bid-0.01  tp=+50% sl=-40%
  (290 more active bucket(s) omitted)
  (854 quiet bucket profile(s) — no trades yet)

Alpaca option positions
  AMD260923C00652500  qty=4  cost=$212.00  return=+11.3%  open P&L=$+24.00
  AMD260923C00657500  qty=4  cost=$188.00  return=-19.1%  open P&L=$-36.00
  AXP260925C00325000  qty=1  cost=$38.00  return=-63.2%  open P&L=$-24.00
  LLY260925C01250000  qty=7  cost=$273.00  return=-23.1%  open P&L=$-63.00
  MARA260925C00011500  qty=-1  cost=$16.00  return=-1437.5%  open P&L=$-230.00
  MARA260925C00012000  qty=-1  cost=$29.00  return=-582.8%  open P&L=$-169.00
  MARA260925C00012500  qty=3  cost=$149.00  return=+189.9%  open P&L=$+283.00
  MCD260925C00272500  qty=2  cost=$8.00  return=-100.0%  open P&L=$-8.00
  NFLX260925C00074000  qty=7  cost=$356.00  return=-39.0%  open P&L=$-139.00
  NFLX261002C00076000  qty=2  cost=$110.00  return=-30.9%  open P&L=$-34.00
  NFLX261002C00077000  qty=1  cost=$41.00  return=-36.6%  open P&L=$-15.00
  NFLX261009C00078000  qty=2  cost=$108.00  return=-24.1%  open P&L=$-26.00

Per-bucket exit stats (all time)
  b0|c000_s173_w1_0928_1005_r1  n= 22  avg=+24.8%  med=+34.9%  realized=$+283.00
  b0|orphan_reconcile     n=400  avg=+3.6%  med=-49.5%  realized=$+346.21
  b100|lab0100_s211_w4_1120_1135_r1  n=  1  avg=+73.6%  med=+73.6%  realized=$+39.00
  b101|lab0101_s211_w4_1120_1135_r2  n=  2  avg=+652.3%  med=+1385.7%  realized=$+54.00
  b104|c104_s164_w1_0928_1005_r4  n=  1  avg=-88.9%  med=-88.9%  realized=$-8.00
  b1052|lab1052_s165_w1_0928_1005_r1  n=  2  avg=+170.4%  med=+194.7%  realized=$+110.00
  b1053|lab1053_s165_w1_0928_1005_r2  n=  2  avg=+165.7%  med=+189.5%  realized=$+107.00
  b1054|lab1054_s165_w2_1005_1045_r1  n=  1  avg=+93.5%  med=+93.5%  realized=$+58.00
  b1055|lab1055_s165_w2_1005_1045_r2  n=  1  avg=+526.3%  med=+526.3%  realized=$+100.00
  b1057|lab1057_s165_w3_1045_1120_r2  n=  1  avg=-53.3%  med=-53.3%  realized=$-32.00
  b1058|lab1058_s165_w4_1120_1135_r1  n=  1  avg=+390.5%  med=+390.5%  realized=$+82.00
  b1059|lab1059_s165_w4_1120_1135_r2  n=  1  avg=+342.9%  med=+342.9%  realized=$+72.00
  b108|c108_s202_w3_1045_1120_r1  n=  1  avg=-33.3%  med=-33.3%  realized=$-1.00
  b1094|lab1094_s167_w1_0928_1005_r1  n=  3  avg=+75.9%  med=+126.0%  realized=$+73.00
  b1095|lab1095_s167_w1_0928_1005_r2  n=  3  avg=+58.7%  med=+106.0%  realized=$+57.00
  b1096|lab1096_s167_w2_1005_1045_r1  n=  2  avg=+238.1%  med=+531.6%  realized=$+70.00
  b1097|lab1097_s167_w2_1005_1045_r2  n=  2  avg=+227.6%  med=+510.5%  realized=$+66.00
  b109|c109_s202_w3_1045_1120_r2  n=  1  avg=-66.7%  med=-66.7%  realized=$-2.00
  b10|c010_s165_w3_1045_1120_r1  n=  8  avg=-37.2%  med=-18.9%  realized=$-205.00
  b1100|lab1100_s167_w4_1120_1135_r1  n=  1  avg=+328.6%  med=+328.6%  realized=$+69.00
  b1101|lab1101_s167_w4_1120_1135_r2  n=  1  avg=+323.8%  med=+323.8%  realized=$+68.00
  b1108|lab1108_s166_w1_0928_1005_r1  n=  1  avg=+160.9%  med=+160.9%  realized=$+74.00
  b1109|lab1109_s166_w1_0928_1005_r2  n=  1  avg=+77.6%  med=+77.6%  realized=$+45.00
  b1110|lab1110_s166_w2_1005_1045_r1  n=  1  avg=+67.2%  med=+67.2%  realized=$+41.00
  b1111|lab1111_s166_w2_1005_1045_r2  n=  1  avg=+72.9%  med=+72.9%  realized=$+43.00
  b1112|lab1112_s166_w3_1045_1120_r1  n=  1  avg=+273.0%  med=+273.0%  realized=$+101.00
  b1113|lab1113_s166_w3_1045_1120_r2  n=  2  avg=+100.9%  med=+135.1%  realized=$+92.00
  b1115|lab1115_s166_w4_1120_1135_r2  n=  1  avg=+55.6%  med=+55.6%  realized=$+40.00
  b1122|lab1122_s168_w1_0928_1005_r1  n=  3  avg=+72.4%  med=+50.0%  realized=$+46.00
  b1123|lab1123_s168_w1_0928_1005_r2  n=  3  avg=+55.9%  med=+53.3%  realized=$+36.00
  b1124|lab1124_s168_w2_1005_1045_r1  n=  2  avg=+91.2%  med=+248.6%  realized=$+50.00
  b1125|lab1125_s168_w2_1005_1045_r2  n=  2  avg=+75.5%  med=+217.1%  realized=$+39.00
  b1126|lab1126_s168_w3_1045_1120_r1  n=  3  avg=+66.9%  med=+116.2%  realized=$+67.00
  b1127|lab1127_s168_w3_1045_1120_r2  n=  3  avg=+49.1%  med=+102.7%  realized=$+47.00
  b1128|lab1128_s168_w4_1120_1135_r1  n=  2  avg=+120.5%  med=+272.2%  realized=$+83.00
  b1129|lab1129_s168_w4_1120_1135_r2  n=  2  avg=+101.7%  med=+255.6%  realized=$+67.00
  b1136|lab1136_s163_w1_0928_1005_r1  n=  3  avg=-8.7%  med=-51.4%  realized=$+6.00
  b1137|lab1137_s163_w1_0928_1005_r2  n=  3  avg=-19.2%  med=-61.9%  realized=$-7.00
  b1138|lab1138_s163_w2_1005_1045_r1  n=  2  avg=+133.6%  med=+200.0%  realized=$+111.00
  b1139|lab1139_s163_w2_1005_1045_r2  n=  2  avg=+138.1%  med=+205.7%  realized=$+115.00
  b1140|lab1140_s163_w3_1045_1120_r1  n=  4  avg=+34.6%  med=+73.0%  realized=$+59.00
  b1141|lab1141_s163_w3_1045_1120_r2  n=  4  avg=+35.5%  med=+74.6%  realized=$+64.00
  b1142|lab1142_s163_w4_1120_1135_r1  n=  1  avg=-72.9%  med=-72.9%  realized=$-35.00
  b1143|lab1143_s163_w4_1120_1135_r2  n=  2  avg=+27.6%  med=+128.1%  realized=$+6.00
  b1150|lab1150_s164_w1_0928_1005_r1  n=  3  avg=+77.6%  med=+156.0%  realized=$+80.00
  b1151|lab1151_s164_w1_0928_1005_r2  n=  3  avg=+70.4%  med=+124.0%  realized=$+66.00
  b1152|lab1152_s164_w2_1005_1045_r1  n=  2  avg=+216.7%  med=+531.6%  realized=$+46.00
  b1153|lab1153_s164_w2_1005_1045_r2  n=  2  avg=+242.5%  med=+542.1%  realized=$+71.00
  b1154|lab1154_s164_w3_1045_1120_r1  n=  1  avg=-50.0%  med=-50.0%  realized=$-30.00
  b1155|lab1155_s164_w3_1045_1120_r2  n=  1  avg=-48.1%  med=-48.1%  realized=$-25.00
  b1156|lab1156_s164_w4_1120_1135_r1  n=  1  avg=+342.9%  med=+342.9%  realized=$+72.00
  b1157|lab1157_s164_w4_1120_1135_r2  n=  1  avg=+323.8%  med=+323.8%  realized=$+68.00
  b132|c132_s164_w1_0928_1005_r5  n=  2  avg=-65.7%  med=-53.6%  realized=$-37.00
  b135|c135_s164_w4_1120_1135_r5  n=  1  avg=-50.0%  med=-50.0%  realized=$-4.00
  b164|lab0164_s216_w1_0928_1005_r1  n=  8  avg=+14.7%  med=-37.0%  realized=$-4.00
  b165|lab0165_s216_w1_0928_1005_r2  n= 11  avg=+18.5%  med=-37.0%  realized=$+47.00
  b166|lab0166_s216_w2_1005_1045_r1  n=  9  avg=+22.7%  med=-63.4%  realized=$-196.00
  b167|lab0167_s216_w2_1005_1045_r2  n= 11  avg=+3.0%  med=-63.2%  realized=$-191.00
  b168|lab0168_s216_w3_1045_1120_r1  n=  6  avg=-76.4%  med=-72.0%  realized=$-181.00
  b169|lab0169_s216_w3_1045_1120_r2  n=  8  avg=-37.5%  med=-52.3%  realized=$-124.00
  b16|lab0016_s202_w1_0928_1005_r1  n=  2  avg=-51.0%  med=-38.1%  realized=$-47.00
  b170|lab0170_s216_w4_1120_1135_r1  n=  2  avg=-64.0%  med=-63.6%  realized=$-71.00
  b171|lab0171_s216_w4_1120_1135_r2  n=  4  avg=-41.7%  med=-47.5%  realized=$-71.00
  b178|lab0178_s217_w1_0928_1005_r1  n=  2  avg=+85.4%  med=+104.8%  realized=$+97.00
  b179|lab0179_s217_w1_0928_1005_r2  n=  2  avg=+70.8%  med=+90.5%  realized=$+81.00
  b17|lab0017_s202_w1_0928_1005_r2  n=  2  avg=-70.9%  med=-65.6%  realized=$-56.00
  b180|lab0180_s217_w2_1005_1045_r1  n= 15  avg=+86.7%  med=+53.9%  realized=$+362.00
  b181|lab0181_s217_w2_1005_1045_r2  n= 17  avg=+65.8%  med=-46.1%  realized=$+239.00
  b182|lab0182_s217_w3_1045_1120_r1  n=  8  avg=-39.7%  med=-43.8%  realized=$-134.00
  b183|lab0183_s217_w3_1045_1120_r2  n= 12  avg=-34.3%  med=-54.4%  realized=$-153.00
  b184|lab0184_s217_w4_1120_1135_r1  n=  2  avg=-77.5%  med=-77.5%  realized=$-62.00
  b185|lab0185_s217_w4_1120_1135_r2  n=  3  avg=-16.3%  med=-52.2%  realized=$-7.00
  b18|lab0018_s202_w2_1005_1045_r1  n=  1  avg=-74.4%  med=-74.4%  realized=$-29.00
  b192|lab0192_s218_w1_0928_1005_r1  n=  9  avg=+20.6%  med=+50.0%  realized=$+114.00
  b193|lab0193_s218_w1_0928_1005_r2  n= 11  avg=+29.4%  med=+36.4%  realized=$+177.00
  b194|lab0194_s218_w2_1005_1045_r1  n= 19  avg=-7.5%  med=-37.5%  realized=$-118.00
  b195|lab0195_s218_w2_1005_1045_r2  n= 20  avg=+35.9%  med=+58.8%  realized=$+243.00
  b196|lab0196_s218_w3_1045_1120_r1  n=  8  avg=+139.1%  med=+52.2%  realized=$+165.00
  b197|lab0197_s218_w3_1045_1120_r2  n=  8  avg=+140.6%  med=+47.8%  realized=$+283.00
  b198|lab0198_s218_w4_1120_1135_r1  n=  3  avg=+108.5%  med=+108.5%  realized=$+150.00
  b199|lab0199_s218_w4_1120_1135_r2  n=  4  avg=+72.4%  med=+112.8%  realized=$+124.00
  b19|lab0019_s202_w2_1005_1045_r2  n=  2  avg=-51.5%  med=-46.7%  realized=$-43.00
  b1|c001_s173_w2_1005_1045_r1  n= 10  avg=-65.0%  med=-64.9%  realized=$-406.00
  b20|c020_s164_w1_0928_1005_r1  n=  9  avg=-11.2%  med=-14.3%  realized=$-19.00
  b20|c020_s173_w1_0928_1005_r2  n= 21  avg=+1.0%  med=-3.6%  realized=$+6.00
  b20|lab0020_s202_w3_1045_1120_r1  n=  1  avg=-42.9%  med=-42.9%  realized=$-6.00
  b21|c021_s164_w2_1005_1045_r1  n=  8  avg=-61.7%  med=-56.1%  realized=$-308.00
  b21|c021_s173_w2_1005_1045_r2  n= 23  avg=-55.2%  med=-72.1%  realized=$-863.00
  b21|lab0021_s202_w3_1045_1120_r2  n=  2  avg=-53.6%  med=-50.0%  realized=$-24.00
  b222|lab0222_s400_w2_1005_1045_r1  n=  1  avg=-50.0%  med=-50.0%  realized=$-4.00
  b223|lab0223_s400_w2_1005_1045_r2  n=  1  avg=-50.0%  med=-50.0%  realized=$-4.00
  b224|lab0224_s400_w3_1045_1120_r1  n=  1  avg=-66.7%  med=-66.7%  realized=$-10.00
  b225|lab0225_s400_w3_1045_1120_r2  n=  2  avg=-7.3%  med=+52.1%  realized=$+15.00
  b227|lab0227_s400_w4_1120_1135_r2  n=  1  avg=-22.2%  med=-22.2%  realized=$-2.00
  b22|c022_s164_w3_1045_1120_r1  n=  6  avg=-28.3%  med=-55.7%  realized=$-115.00
  b22|c022_s173_w3_1045_1120_r2  n= 11  avg=-35.9%  med=-54.2%  realized=$-224.00
  b234|lab0234_s401_w1_0928_1005_r1  n= 12  avg=+58.7%  med=-36.6%  realized=$-138.00
  b235|lab0235_s401_w1_0928_1005_r2  n= 15  avg=+133.1%  med=-23.7%  realized=$+107.00
  b236|c236_s218_w3_1045_1120_r1  n=  1  avg=-33.3%  med=-33.3%  realized=$-1.00
  b236|lab0236_s401_w2_1005_1045_r1  n= 15  avg=-15.8%  med=-38.1%  realized=$-183.00
  b237|c237_s218_w3_1045_1120_r2  n=  1  avg=-66.7%  med=-66.7%  realized=$-2.00
  b237|lab0237_s401_w2_1005_1045_r2  n= 18  avg=+22.4%  med=+50.0%  realized=$+97.00
  b238|lab0238_s401_w3_1045_1120_r1  n= 19  avg=+158.1%  med=+104.7%  realized=$+999.00
  b239|lab0239_s401_w3_1045_1120_r2  n= 17  avg=+101.5%  med=+30.2%  realized=$+254.00
  b23|c023_s164_w4_1120_1135_r1  n=  2  avg=-67.7%  med=-67.7%  realized=$-84.00
  b23|c023_s173_w4_1120_1135_r2  n=  3  avg=-25.0%  med=-61.5%  realized=$-41.00
  b240|lab0240_s401_w4_1120_1135_r1  n= 13  avg=+29.4%  med=+9.6%  realized=$+79.00
  b241|lab0241_s401_w4_1120_1135_r2  n= 10  avg=-28.4%  med=-17.5%  realized=$-174.00
  b25|c025_s168_w2_1005_1045_r1  n=  2  avg=-20.7%  med=-19.6%  realized=$-19.00
  b25|c025_s174_w2_1005_1045_r2  n= 18  avg=-33.0%  med=-21.7%  realized=$-333.00
  b262|lab0262_s403_w1_0928_1005_r1  n=  3  avg=+40.1%  med=+65.4%  realized=$+63.00
  b263|lab0263_s403_w1_0928_1005_r2  n=  9  avg=+58.2%  med=+51.7%  realized=$+221.00
  b264|lab0264_s403_w2_1005_1045_r1  n=  9  avg=+28.1%  med=+46.0%  realized=$+103.00
  b265|lab0265_s403_w2_1005_1045_r2  n= 11  avg=+21.5%  med=+49.0%  realized=$+110.00
  b266|lab0266_s403_w3_1045_1120_r1  n=  5  avg=+46.0%  med=+66.7%  realized=$+75.00
  b267|lab0267_s403_w3_1045_1120_r2  n=  7  avg=+31.2%  med=+57.1%  realized=$+73.00
  b268|lab0268_s403_w4_1120_1135_r1  n=  4  avg=+158.4%  med=+320.0%  realized=$+152.00
  b269|lab0269_s403_w4_1120_1135_r2  n=  7  avg=+96.9%  med=+57.6%  realized=$+211.00
  b26|c026_s174_w3_1045_1120_r2  n=  1  avg=-53.1%  med=-53.1%  realized=$-26.00
  b276|lab0276_s350_w1_0928_1005_r1  n= 10  avg=+61.5%  med=+102.9%  realized=$+227.00
  b277|lab0277_s350_w1_0928_1005_r2  n=  8  avg=+94.3%  med=+157.9%  realized=$+266.00
  b278|lab0278_s350_w2_1005_1045_r1  n= 13  avg=+37.3%  med=+0.0%  realized=$+58.00
  b279|lab0279_s350_w2_1005_1045_r2  n= 14  avg=+56.2%  med=-28.3%  realized=$+163.00
  b280|lab0280_s351_w1_0928_1005_r1  n=  9  avg=+122.7%  med=+171.9%  realized=$+322.00
  b281|lab0281_s351_w1_0928_1005_r2  n=  9  avg=+103.1%  med=+110.5%  realized=$+347.00
  b282|lab0282_s351_w2_1005_1045_r1  n= 11  avg=-7.6%  med=-61.9%  realized=$-114.00
  b283|lab0283_s351_w2_1005_1045_r2  n= 12  avg=-5.4%  med=-50.0%  realized=$-97.00
  b284|lab0284_s351_w3_1045_1120_r1  n=  3  avg=-54.1%  med=-52.2%  realized=$-59.00
  b285|lab0285_s351_w3_1045_1120_r2  n=  5  avg=+55.0%  med=-33.3%  realized=$+4.00
  b286|lab0286_s351_w4_1120_1135_r1  n=  6  avg=-14.7%  med=-75.5%  realized=$-99.00
  b287|lab0287_s351_w4_1120_1135_r2  n=  9  avg=-16.6%  med=-48.7%  realized=$-108.00
  b288|lab0288_s352_w1_0928_1005_r1  n=  5  avg=+107.9%  med=+100.0%  realized=$+85.00
  b289|lab0289_s352_w1_0928_1005_r2  n=  5  avg=+80.9%  med=+93.8%  realized=$+67.00
  b28|c028_s165_w1_0928_1005_r2  n= 17  avg=+49.5%  med=+80.0%  realized=$+448.00
  b28|c028_s173_w1_0928_1005_r2  n=  5  avg=+51.6%  med=+80.0%  realized=$+142.00
  b290|lab0290_s352_w2_1005_1045_r1  n=  7  avg=+62.6%  med=-17.6%  realized=$+73.00
  b291|lab0291_s352_w2_1005_1045_r2  n=  8  avg=+75.9%  med=-48.2%  realized=$+116.00
  b292|lab0292_s352_w3_1045_1120_r1  n=  8  avg=+50.1%  med=+13.0%  realized=$-6.00
  b293|lab0293_s352_w3_1045_1120_r2  n=  9  avg=+67.7%  med=+39.1%  realized=$+46.00
  b294|lab0294_s352_w4_1120_1135_r1  n=  4  avg=+17.7%  med=-71.4%  realized=$-72.00
  b295|lab0295_s352_w4_1120_1135_r2  n=  4  avg=+18.9%  med=-75.0%  realized=$-72.00
  b296|lab0296_s353_w1_0928_1005_r1  n=  5  avg=+110.2%  med=+123.7%  realized=$+118.00
  b297|lab0297_s353_w1_0928_1005_r2  n=  5  avg=+81.5%  med=+79.0%  realized=$+83.00
  b298|lab0298_s353_w2_1005_1045_r1  n= 11  avg=+11.2%  med=-34.7%  realized=$-53.00
  b299|lab0299_s353_w2_1005_1045_r2  n=  7  avg=-32.4%  med=-72.7%  realized=$-142.00
  b29|c029_s165_w2_1005_1045_r2  n=  9  avg=-23.3%  med=-50.0%  realized=$-221.00
  b29|c029_s173_w2_1005_1045_r2  n=  2  avg=-69.3%  med=-48.5%  realized=$-78.00
  b2|c002_s173_w3_1045_1120_r1  n= 15  avg=+67.7%  med=+32.8%  realized=$+707.00
  b300|lab0300_s353_w3_1045_1120_r1  n=  3  avg=+184.9%  med=-94.1%  realized=$-44.00
  b301|lab0301_s353_w3_1045_1120_r2  n=  1  avg=+942.9%  med=+942.9%  realized=$+66.00
  b302|lab0302_s353_w4_1120_1135_r1  n=  2  avg=+214.9%  med=+333.3%  realized=$+98.00
  b303|lab0303_s353_w4_1120_1135_r2  n=  3  avg=+158.5%  med=+93.1%  realized=$+121.00
  b304|lab0304_s354_w1_0928_1005_r1  n=  5  avg=+19.8%  med=+24.0%  realized=$+47.00
  b305|lab0305_s354_w1_0928_1005_r2  n=  5  avg=+2.5%  med=-51.6%  realized=$+2.00
  b306|lab0306_s354_w2_1005_1045_r1  n=  9  avg=-17.2%  med=-70.6%  realized=$-108.00
  b307|lab0307_s354_w2_1005_1045_r2  n= 10  avg=-18.9%  med=-68.6%  realized=$-50.00
  b308|lab0308_s354_w3_1045_1120_r1  n=  9  avg=+3.0%  med=-50.8%  realized=$-4.00
  b309|lab0309_s354_w3_1045_1120_r2  n=  9  avg=-5.5%  med=-52.3%  realized=$-49.00
  b30|c030_s165_w3_1045_1120_r2  n=  9  avg=+38.8%  med=+0.0%  realized=$+260.00
  b30|c030_s173_w3_1045_1120_r2  n=  2  avg=-9.5%  med=+0.0%  realized=$-14.00
  b310|lab0310_s354_w4_1120_1135_r1  n=  5  avg=+12.6%  med=-33.3%  realized=$+74.00
  b311|lab0311_s354_w4_1120_1135_r2  n=  5  avg=+32.1%  med=-72.9%  realized=$+107.00
  b312|lab0312_s355_w1_0928_1005_r1  n=  8  avg=-25.6%  med=-53.5%  realized=$-95.00
  b313|lab0313_s355_w1_0928_1005_r2  n=  7  avg=-6.9%  med=-48.8%  realized=$-31.00
  b314|lab0314_s355_w2_1005_1045_r1  n= 12  avg=-7.9%  med=-63.4%  realized=$-59.00
  b315|lab0315_s355_w2_1005_1045_r2  n= 13  avg=-10.4%  med=-41.3%  realized=$-69.00
  b316|lab0316_s355_w3_1045_1120_r1  n=  5  avg=+6.7%  med=-50.0%  realized=$+33.00
  b317|lab0317_s355_w3_1045_1120_r2  n= 10  avg=+70.5%  med=+57.1%  realized=$+320.00
  b318|lab0318_s355_w4_1120_1135_r1  n=  6  avg=+57.7%  med=+84.6%  realized=$+119.00
  b319|lab0319_s355_w4_1120_1135_r2  n=  6  avg=+60.7%  med=+59.4%  realized=$+133.00
  b31|c031_s165_w4_1120_1135_r2  n=  2  avg=+145.5%  med=+175.8%  realized=$+192.00
  b320|lab0320_s356_w1_0928_1005_r1  n=  4  avg=+18.8%  med=+37.9%  realized=$+34.00
  b321|lab0321_s356_w1_0928_1005_r2  n=  4  avg=+28.1%  med=+58.6%  realized=$+56.00
  b322|lab0322_s356_w2_1005_1045_r1  n=  3  avg=-12.4%  med=-21.6%  realized=$-21.00
  b323|lab0323_s356_w2_1005_1045_r2  n=  3  avg=-9.0%  med=-18.9%  realized=$-16.00
  b324|lab0324_s356_w3_1045_1120_r1  n=  4  avg=-5.4%  med=-25.0%  realized=$-12.00
  b325|lab0325_s356_w3_1045_1120_r2  n=  4  avg=-1.7%  med=-19.4%  realized=$-6.00
  b326|lab0326_s356_w4_1120_1135_r1  n=  2  avg=+76.1%  med=+100.0%  realized=$+68.00
  b327|lab0327_s356_w4_1120_1135_r2  n=  3  avg=+19.3%  med=+52.0%  realized=$+20.00
  b328|lab0328_s357_w1_0928_1005_r1  n=  3  avg=+3.8%  med=+47.1%  realized=$+7.00
  b329|lab0329_s357_w1_0928_1005_r2  n=  3  avg=+3.8%  med=+47.1%  realized=$+7.00
  b330|lab0330_s357_w2_1005_1045_r1  n=  2  avg=+34.9%  med=+131.4%  realized=$+27.00
  b331|lab0331_s357_w2_1005_1045_r2  n=  3  avg=-10.7%  med=-56.9%  realized=$-19.00
  b332|lab0332_s357_w3_1045_1120_r1  n=  5  avg=+66.7%  med=+73.7%  realized=$+190.00
  b333|lab0333_s357_w3_1045_1120_r2  n=  6  avg=+66.3%  med=+71.9%  realized=$+228.00
  b334|lab0334_s357_w4_1120_1135_r1  n=  1  avg=+81.2%  med=+81.2%  realized=$+39.00
  b335|lab0335_s357_w4_1120_1135_r2  n=  2  avg=+54.6%  med=+57.1%  realized=$+53.00
  b340|lab0340_s358_w3_1045_1120_r1  n=  1  avg=-51.4%  med=-51.4%  realized=$-37.00
  b341|lab0341_s358_w3_1045_1120_r2  n=  1  avg=-51.4%  med=-51.4%  realized=$-37.00
  b342|lab0342_s358_w4_1120_1135_r1  n=  1  avg=+53.1%  med=+53.1%  realized=$+26.00
  b343|lab0343_s358_w4_1120_1135_r2  n=  1  avg=+55.1%  med=+55.1%  realized=$+27.00
  b344|lab0344_s359_w1_0928_1005_r1  n=  5  avg=+37.9%  med=+46.7%  realized=$-33.00
  b345|lab0345_s359_w1_0928_1005_r2  n=  7  avg=+22.2%  med=-50.0%  realized=$-14.00
  b346|lab0346_s359_w2_1005_1045_r1  n= 12  avg=+62.3%  med=-46.7%  realized=$-60.00
  b347|lab0347_s359_w2_1005_1045_r2  n= 11  avg=+69.0%  med=-44.4%  realized=$-16.00
  b362|lab0362_s361_w1_0928_1005_r1  n=  6  avg=-13.8%  med=-30.4%  realized=$-71.00
  b363|lab0363_s361_w1_0928_1005_r2  n=  7  avg=-12.8%  med=-30.4%  realized=$-76.00
  b364|lab0364_s361_w2_1005_1045_r1  n=  9  avg=+126.2%  med=+81.8%  realized=$+88.00
  b365|lab0365_s361_w2_1005_1045_r2  n= 12  avg=+173.8%  med=+82.8%  realized=$+310.00
  b366|lab0366_s361_w3_1045_1120_r1  n=  3  avg=+351.3%  med=+61.1%  realized=$+59.00
  b367|lab0367_s361_w3_1045_1120_r2  n= 11  avg=+67.9%  med=-50.0%  realized=$-90.00
  b368|lab0368_s361_w4_1120_1135_r1  n=  3  avg=+103.8%  med=+71.4%  realized=$+37.00
  b369|lab0369_s361_w4_1120_1135_r2  n=  4  avg=+110.2%  med=+100.0%  realized=$+60.00
  b376|lab0376_s362_w1_0928_1005_r1  n=  8  avg=+1.2%  med=+8.7%  realized=$-21.00
  b377|lab0377_s362_w1_0928_1005_r2  n=  9  avg=+10.8%  med=+13.0%  realized=$+10.00
  b378|lab0378_s362_w2_1005_1045_r1  n=  5  avg=+239.7%  med=+70.6%  realized=$+163.00
  b379|lab0379_s362_w2_1005_1045_r2  n=  9  avg=+132.5%  med=+60.5%  realized=$+219.00
  b380|lab0380_s362_w3_1045_1120_r1  n=  7  avg=+183.1%  med=+103.3%  realized=$+226.00
  b381|lab0381_s362_w3_1045_1120_r2  n=  7  avg=+182.6%  med=+108.3%  realized=$+245.00
  b382|lab0382_s362_w4_1120_1135_r1  n=  3  avg=+463.7%  med=+323.8%  realized=$+376.00
  b383|lab0383_s362_w4_1120_1135_r2  n=  3  avg=+490.7%  med=+309.5%  realized=$+402.00
  b390|lab0390_s363_w1_0928_1005_r1  n=  3  avg=-13.7%  med=-49.1%  realized=$-60.00
  b391|lab0391_s363_w1_0928_1005_r2  n=  2  avg=+26.2%  med=+103.2%  realized=$+4.00
  b392|lab0392_s363_w2_1005_1045_r1  n=  8  avg=-41.2%  med=-65.4%  realized=$-222.00
  b393|lab0393_s363_w2_1005_1045_r2  n=  8  avg=-39.0%  med=-53.9%  realized=$-210.00
  b394|lab0394_s363_w3_1045_1120_r1  n=  5  avg=-46.4%  med=-81.0%  realized=$-150.00
  b395|lab0395_s363_w3_1045_1120_r2  n=  5  avg=-44.5%  med=-82.5%  realized=$-149.00
  b396|lab0396_s363_w4_1120_1135_r1  n=  2  avg=-15.1%  med=+44.7%  realized=$-19.00
  b397|lab0397_s363_w4_1120_1135_r2  n=  5  avg=-33.2%  med=-77.1%  realized=$-75.00
  b3|c003_s173_w4_1120_1135_r1  n= 17  avg=+131.0%  med=-50.0%  realized=$+1,311.00
  b404|lab0404_s364_w1_0928_1005_r1  n=  4  avg=-15.3%  med=-2.9%  realized=$-61.00
  b405|lab0405_s364_w1_0928_1005_r2  n=  5  avg=-6.0%  med=-5.9%  realized=$-44.00
  b406|lab0406_s364_w2_1005_1045_r1  n= 10  avg=-17.6%  med=-44.2%  realized=$-159.00
  b407|lab0407_s364_w2_1005_1045_r2  n= 11  avg=-12.3%  med=-42.3%  realized=$-90.00
  b408|lab0408_s364_w3_1045_1120_r1  n=  8  avg=+2.4%  med=+66.7%  realized=$-41.00
  b409|lab0409_s364_w3_1045_1120_r2  n= 10  avg=+0.0%  med=+53.1%  realized=$-54.00
  b40|c040_s166_w1_0928_1005_r2  n=  6  avg=-37.2%  med=-12.7%  realized=$-142.00
  b40|c040_s173_w1_0928_1005_r3  n= 23  avg=+12.9%  med=-15.4%  realized=$-90.00
  b410|lab0410_s364_w4_1120_1135_r1  n=  7  avg=+72.6%  med=+39.5%  realized=$+171.00
  b411|lab0411_s364_w4_1120_1135_r2  n=  4  avg=+137.5%  med=+188.9%  realized=$+189.00
  b418|lab0418_s365_w1_0928_1005_r1  n=  3  avg=+20.9%  med=+67.3%  realized=$+24.00
  b419|lab0419_s365_w1_0928_1005_r2  n=  4  avg=+17.6%  med=+56.1%  realized=$+28.00
  b41|c041_s166_w2_1005_1045_r2  n=  3  avg=-62.0%  med=-61.4%  realized=$-106.00
  b41|c041_s173_w2_1005_1045_r3  n= 13  avg=-48.5%  med=-66.7%  realized=$-452.00
  b420|lab0420_s365_w2_1005_1045_r1  n=  2  avg=+2.8%  med=+54.0%  realized=$-2.00
  b421|lab0421_s365_w2_1005_1045_r2  n=  3  avg=-21.3%  med=-48.3%  realized=$-40.00
  b422|lab0422_s365_w3_1045_1120_r1  n=  3  avg=+33.1%  med=+63.6%  realized=$+25.00
  b423|lab0423_s365_w3_1045_1120_r2  n=  3  avg=+28.9%  med=+63.6%  realized=$+20.00
  b424|lab0424_s365_w4_1120_1135_r1  n=  5  avg=-10.7%  med=+0.0%  realized=$-24.00
  b425|lab0425_s365_w4_1120_1135_r2  n=  3  avg=+109.8%  med=+54.8%  realized=$+124.00
  b42|c042_s166_w3_1045_1120_r2  n=  6  avg=+115.7%  med=+21.4%  realized=$+489.00
  b42|c042_s173_w3_1045_1120_r3  n= 13  avg=+31.1%  med=-8.3%  realized=$+262.00
  b432|lab0432_s366_w1_0928_1005_r1  n=  1  avg=-56.9%  med=-56.9%  realized=$-37.00
  b433|lab0433_s366_w1_0928_1005_r2  n=  1  avg=-56.9%  med=-56.9%  realized=$-37.00
  b434|lab0434_s366_w2_1005_1045_r1  n=  2  avg=+19.6%  med=+96.1%  realized=$+12.00
  b435|lab0435_s366_w2_1005_1045_r2  n=  3  avg=+20.7%  med=+49.0%  realized=$+23.00
  b436|lab0436_s366_w3_1045_1120_r1  n=  1  avg=-51.7%  med=-51.7%  realized=$-30.00
  b437|lab0437_s366_w3_1045_1120_r2  n=  1  avg=-53.5%  med=-53.5%  realized=$-31.00
  b438|lab0438_s366_w4_1120_1135_r1  n=  2  avg=+22.6%  med=+94.3%  realized=$+22.00
  b439|lab0439_s366_w4_1120_1135_r2  n=  2  avg=+26.4%  med=+101.9%  realized=$+26.00
  b43|c043_s166_w4_1120_1135_r2  n=  7  avg=+62.0%  med=+41.9%  realized=$+281.00
  b43|c043_s173_w4_1120_1135_r3  n=  8  avg=+58.7%  med=+53.2%  realized=$+241.00
  b449|lab0449_s367_w2_1005_1045_r2  n=  1  avg=-48.9%  med=-48.9%  realized=$-22.00
  b450|lab0450_s367_w3_1045_1120_r1  n=  1  avg=-51.4%  med=-51.4%  realized=$-37.00
  b451|lab0451_s367_w3_1045_1120_r2  n=  1  avg=-25.0%  med=-25.0%  realized=$-18.00
  b46|c046_s174_w3_1045_1120_r3  n=  3  avg=-89.7%  med=-89.7%  realized=$-156.00
  b47|c047_s163_w4_1120_1135_r2  n=  3  avg=-79.7%  med=-78.0%  realized=$-141.00
  b47|c047_s174_w4_1120_1135_r3  n= 25  avg=-73.4%  med=-78.0%  realized=$-1,155.00
  b48|c048_s164_w1_0928_1005_r2  n=  5  avg=-33.1%  med=-49.1%  realized=$-91.00
  b48|c048_s165_w1_0928_1005_r3  n= 16  avg=-35.9%  med=-49.1%  realized=$-344.00
  b49|c049_s164_w2_1005_1045_r2  n=  4  avg=-51.8%  med=-44.0%  realized=$-133.00
  b49|c049_s165_w2_1005_1045_r3  n= 15  avg=-49.3%  med=-49.1%  realized=$-458.00
  b50|c050_s164_w3_1045_1120_r2  n=  4  avg=-39.6%  med=-16.7%  realized=$-115.00
  b50|c050_s165_w3_1045_1120_r3  n=  9  avg=-23.6%  med=-23.1%  realized=$-142.00
  b51|c051_s165_w4_1120_1135_r3  n=  1  avg=+263.6%  med=+263.6%  realized=$+174.00
  b56|g056_lim_tp20_sl65  n=  1  avg=+47.7%  med=+47.7%  realized=$+20.52
  b57|g057_mid_tp20_sl65  n=  1  avg=+47.7%  med=+47.7%  realized=$+20.52
  b58|g058_eod_tp20_sl65  n=  1  avg=+59.1%  med=+59.1%  realized=$+25.41
  b60|c060_s167_w1_0928_1005_r3  n=  3  avg=-55.8%  med=-62.8%  realized=$-98.00
  b60|c060_s173_w1_0928_1005_r4  n= 13  avg=-5.1%  med=-13.6%  realized=$-99.00
  b61|c061_s167_w2_1005_1045_r3  n=  5  avg=-54.6%  med=-50.9%  realized=$-160.00
  b61|c061_s173_w2_1005_1045_r4  n=  8  avg=-37.3%  med=-50.0%  realized=$-208.00
  b62|c062_s167_w3_1045_1120_r3  n=  8  avg=-51.8%  med=-64.2%  realized=$-286.00
  b62|c062_s173_w3_1045_1120_r4  n= 20  avg=+182.8%  med=-58.3%  realized=$-183.00
  b63|c063_s167_w4_1120_1135_r3  n=  2  avg=-54.8%  med=-54.8%  realized=$-68.00
  b63|c063_s173_w4_1120_1135_r4  n=  1  avg=-46.1%  med=-46.1%  realized=$-24.00
  b63|g063_mid_tp20_sl65  n=  1  avg=+23.3%  med=+23.3%  realized=$+18.63
  b64|c064_s174_w1_0928_1005_r4  n=  3  avg=-93.3%  med=-93.3%  realized=$-168.00
  b64|g064_eod_tp20_sl65  n=  1  avg=+34.2%  med=+34.2%  realized=$+27.40
  b65|c065_s174_w2_1005_1045_r4  n=  8  avg=-45.7%  med=-45.2%  realized=$-238.00
  b65|g065_lim_tp20_sl65  n=  1  avg=+23.3%  med=+23.3%  realized=$+18.63
  b66|c066_s174_w3_1045_1120_r4  n=  1  avg=-52.5%  med=-52.5%  realized=$-31.00
  b66|g066_mid_tp20_sl65  n=  1  avg=+23.3%  med=+23.3%  realized=$+18.63
  b67|c067_s174_w4_1120_1135_r4  n=  1  avg=-45.8%  med=-45.8%  realized=$-27.00
  b67|g067_eod_tp20_sl65  n=  1  avg=+34.2%  med=+34.2%  realized=$+27.40
  b68|c068_s165_w1_0928_1005_r4  n= 16  avg=-51.3%  med=-49.1%  realized=$-446.00
  b68|c068_s166_w1_0928_1005_r3  n=  4  avg=-52.7%  med=-49.1%  realized=$-116.00
  b69|c069_s165_w2_1005_1045_r4  n= 11  avg=+19.0%  med=-43.6%  realized=$-179.00
  b69|c069_s166_w2_1005_1045_r3  n=  4  avg=+10.1%  med=-40.0%  realized=$-87.00
  b70|c070_s165_w3_1045_1120_r4  n= 11  avg=-2.1%  med=-16.9%  realized=$-6.00
  b70|c070_s166_w3_1045_1120_r3  n=  4  avg=-42.5%  med=-27.0%  realized=$-124.00
  b70|g070_eod_tp30_sl20  n=  1  avg=+59.1%  med=+59.1%  realized=$+27.77
  b71|g071_lim_tp30_sl20  n=  1  avg=+36.5%  med=+36.5%  realized=$+23.73
  b72|g072_mid_tp30_sl20  n=  1  avg=+36.5%  med=+36.5%  realized=$+23.73
  b73|g073_eod_tp30_sl20  n=  1  avg=+55.6%  med=+55.6%  realized=$+36.11
  b73|lab0073_s209_w1_0928_1005_r2  n=  1  avg=-64.7%  med=-64.7%  realized=$-11.00
  b74|g074_lim_tp30_sl20  n=  1  avg=+36.5%  med=+36.5%  realized=$+23.73
  b74|lab0074_s209_w2_1005_1045_r1  n=  1  avg=-58.2%  med=-58.2%  realized=$-39.00
  b75|g075_mid_tp30_sl20  n=  1  avg=+36.5%  med=+36.5%  realized=$+23.73
  b75|lab0075_s209_w2_1005_1045_r2  n=  2  avg=-50.8%  med=-50.8%  realized=$-68.00
  b768|lab0768_s396_w1_0928_1005_r1  n=  2  avg=+89.0%  med=+93.1%  realized=$+118.00
  b769|lab0769_s396_w1_0928_1005_r2  n=  2  avg=+106.2%  med=+116.7%  realized=$+139.00
  b76|c076_s164_w1_0928_1005_r3  n=  1  avg=-50.0%  med=-50.0%  realized=$-2.00
  b76|g076_eod_tp30_sl20  n=  1  avg=+34.2%  med=+34.2%  realized=$+27.40
  b771|lab0771_s396_w2_1005_1045_r2  n=  1  avg=-82.2%  med=-82.2%  realized=$-60.00
  b775|lab0775_s396_w4_1120_1135_r2  n=  1  avg=+74.6%  med=+74.6%  realized=$+44.00
  b776|lab0776_s397_w1_0928_1005_r1  n=  3  avg=-38.5%  med=-64.9%  realized=$-74.00
  b777|lab0777_s397_w1_0928_1005_r2  n=  6  avg=+22.9%  med=+38.6%  realized=$+72.00
  b778|lab0778_s397_w2_1005_1045_r1  n=  8  avg=+67.0%  med=+73.0%  realized=$+342.00
  b779|lab0779_s397_w2_1005_1045_r2  n=  7  avg=+64.7%  med=+61.9%  realized=$+306.00
  b77|g077_lim_tp30_sl20  n=  1  avg=-23.3%  med=-23.3%  realized=$-18.63
  b77|lab0077_s209_w3_1045_1120_r2  n=  1  avg=-70.9%  med=-70.9%  realized=$-39.00
  b780|lab0780_s397_w3_1045_1120_r1  n=  3  avg=+43.8%  med=+74.3%  realized=$+81.00
  b781|lab0781_s397_w3_1045_1120_r2  n=  6  avg=+24.3%  med=+71.8%  realized=$+136.00
  b782|lab0782_s397_w4_1120_1135_r1  n=  1  avg=-54.0%  med=-54.0%  realized=$-34.00
  b783|lab0783_s397_w4_1120_1135_r2  n=  3  avg=+66.9%  med=+105.1%  realized=$+123.00
  b784|lab0784_s398_w1_0928_1005_r1  n=  5  avg=+37.3%  med=+49.0%  realized=$+70.00
  b785|lab0785_s398_w1_0928_1005_r2  n=  6  avg=+9.2%  med=+49.0%  realized=$+37.00
  b786|lab0786_s398_w2_1005_1045_r1  n= 10  avg=+1.1%  med=+3.3%  realized=$-27.00
  b787|lab0787_s398_w2_1005_1045_r2  n=  5  avg=+36.0%  med=+61.3%  realized=$+57.00
  b788|lab0788_s398_w3_1045_1120_r1  n= 10  avg=+3.6%  med=-18.4%  realized=$+31.00
  b789|lab0789_s398_w3_1045_1120_r2  n=  9  avg=-11.4%  med=-54.3%  realized=$-10.00
  b78|g078_mid_tp30_sl20  n=  1  avg=-23.3%  med=-23.3%  realized=$-18.63
  b790|lab0790_s398_w4_1120_1135_r1  n=  5  avg=+179.6%  med=+140.3%  realized=$+338.00
  b791|lab0791_s398_w4_1120_1135_r2  n=  7  avg=+124.0%  med=+155.6%  realized=$+293.00
  b792|lab0792_s399_w1_0928_1005_r1  n=  4  avg=+100.0%  med=+140.0%  realized=$+80.00
  b793|lab0793_s399_w1_0928_1005_r2  n= 11  avg=+34.3%  med=+57.9%  realized=$+127.00
  b794|lab0794_s399_w2_1005_1045_r1  n= 11  avg=+74.8%  med=-17.2%  realized=$-78.00
  b795|lab0795_s399_w2_1005_1045_r2  n= 13  avg=+43.5%  med=-51.7%  realized=$-61.00
  b796|lab0796_s399_w3_1045_1120_r1  n=  3  avg=+266.6%  med=-74.0%  realized=$-5.00
  b797|lab0797_s399_w3_1045_1120_r2  n= 15  avg=+23.0%  med=-52.8%  realized=$-146.00
  b798|lab0798_s399_w4_1120_1135_r1  n=  5  avg=+12.3%  med=-53.1%  realized=$+61.00
  b799|lab0799_s399_w4_1120_1135_r2  n=  8  avg=+26.4%  med=+53.3%  realized=$+49.00
  b79|g079_eod_tp30_sl20  n=  1  avg=+34.2%  med=+34.2%  realized=$+27.40
  b79|lab0079_s209_w4_1120_1135_r2  n=  1  avg=-94.6%  med=-94.6%  realized=$-53.00
  b7|c007_s174_w4_1120_1135_r1  n=  5  avg=-7.5%  med=-1.4%  realized=$-58.00
  b800|lab0800_s404_w1_0928_1005_r1  n=  6  avg=+23.0%  med=+38.6%  realized=$+65.00
  b801|lab0801_s404_w1_0928_1005_r2  n=  6  avg=+1.7%  med=+31.6%  realized=$+24.00
  b802|lab0802_s404_w2_1005_1045_r1  n= 12  avg=+30.0%  med=+60.9%  realized=$+236.00
  b803|lab0803_s404_w2_1005_1045_r2  n= 10  avg=+55.7%  med=+58.9%  realized=$+347.00
  b804|lab0804_s404_w3_1045_1120_r1  n=  7  avg=+14.7%  med=+68.5%  realized=$+107.00
  b805|lab0805_s404_w3_1045_1120_r2  n=  8  avg=-7.4%  med=+57.5%  realized=$+11.00
  b806|lab0806_s404_w4_1120_1135_r1  n=  4  avg=+64.7%  med=+91.5%  realized=$+160.00
  b807|lab0807_s404_w4_1120_1135_r2  n=  5  avg=+54.4%  med=+53.2%  realized=$+168.00
  b80|c080_s168_w1_0928_1005_r3  n=  8  avg=+3.6%  med=-11.1%  realized=$-45.00
  b80|c080_s173_w1_0928_1005_r5  n= 45  avg=+52.6%  med=+59.1%  realized=$+503.00
  b80|g080_lim_tp30_sl30  n=  1  avg=+36.5%  med=+36.5%  realized=$+23.73
  b80|lab0080_s210_w1_0928_1005_r1  n= 12  avg=+12.9%  med=-8.5%  realized=$+57.00
  b81|c081_s168_w2_1005_1045_r3  n=  5  avg=-26.9%  med=-33.8%  realized=$-83.00
  b81|c081_s173_w2_1005_1045_r5  n= 20  avg=-39.1%  med=-38.4%  realized=$-559.00
  b81|g081_mid_tp30_sl30  n=  1  avg=+36.5%  med=+36.5%  realized=$+23.73
  b81|lab0081_s210_w1_0928_1005_r2  n= 12  avg=+8.1%  med=+46.7%  realized=$+47.00
  b828|lab0828_s406_w1_0928_1005_r1  n=  4  avg=-15.8%  med=+10.0%  realized=$+1.00
  b829|lab0829_s406_w1_0928_1005_r2  n=  3  avg=-11.0%  med=-50.0%  realized=$-13.00
  b82|c082_s168_w3_1045_1120_r3  n=  5  avg=-1.6%  med=-40.0%  realized=$-2.00
  b82|c082_s173_w3_1045_1120_r5  n=  9  avg=-10.7%  med=-12.5%  realized=$-48.00
  b82|g082_eod_tp30_sl30  n=  1  avg=+55.6%  med=+55.6%  realized=$+36.11
  b82|lab0082_s210_w2_1005_1045_r1  n= 12  avg=-16.7%  med=-6.2%  realized=$-70.00
  b830|lab0830_s406_w2_1005_1045_r1  n= 13  avg=+66.4%  med=+61.3%  realized=$+59.00
  b831|lab0831_s406_w2_1005_1045_r2  n= 16  avg=+70.3%  med=+81.8%  realized=$+127.00
  b832|lab0832_s406_w3_1045_1120_r1  n= 15  avg=+305.6%  med=+55.3%  realized=$+1,461.00
  b833|lab0833_s406_w3_1045_1120_r2  n= 18  avg=+284.9%  med=+73.1%  realized=$+1,443.00
  b834|lab0834_s406_w4_1120_1135_r1  n=  7  avg=+407.3%  med=+105.3%  realized=$+135.00
  b835|lab0835_s406_w4_1120_1135_r2  n=  7  avg=+174.8%  med=+66.7%  realized=$+195.00
  b83|c083_s168_w4_1120_1135_r3  n=  8  avg=+84.0%  med=+62.9%  realized=$+429.00
  b83|c083_s173_w4_1120_1135_r5  n= 20  avg=-20.6%  med=-68.2%  realized=$-271.00
  b83|g083_lim_tp30_sl30  n=  1  avg=+30.1%  med=+30.1%  realized=$+24.11
  b83|lab0083_s210_w2_1005_1045_r2  n=  7  avg=+9.9%  med=+7.0%  realized=$+14.00
  b84|g084_mid_tp30_sl30  n=  1  avg=+30.1%  med=+30.1%  realized=$+24.11
  b84|lab0084_s210_w3_1045_1120_r1  n= 12  avg=-45.0%  med=-64.4%  realized=$-240.00
  b856|lab0856_s408_w1_0928_1005_r1  n=  3  avg=-28.1%  med=-58.7%  realized=$-32.00
  b857|lab0857_s408_w1_0928_1005_r2  n=  4  avg=-23.5%  med=-33.3%  realized=$-37.00
  b858|lab0858_s408_w2_1005_1045_r1  n=  6  avg=+26.6%  med=-52.6%  realized=$-1.00
  b859|lab0859_s408_w2_1005_1045_r2  n=  8  avg=-31.0%  med=-42.9%  realized=$-36.00
  b85|c085_s174_w2_1005_1045_r5  n=  7  avg=-9.4%  med=-32.7%  realized=$-42.00
  b85|g085_eod_tp30_sl30  n=  1  avg=+34.2%  med=+34.2%  realized=$+27.40
  b85|lab0085_s210_w3_1045_1120_r2  n= 15  avg=+56.9%  med=-44.4%  realized=$+25.00
  b860|lab0860_s408_w3_1045_1120_r1  n=  9  avg=+484.2%  med=+33.3%  realized=$+807.00
  b861|lab0861_s408_w3_1045_1120_r2  n= 12  avg=+218.5%  med=+100.0%  realized=$+471.00
  b862|lab0862_s408_w4_1120_1135_r1  n=  6  avg=-4.0%  med=+60.0%  realized=$-55.00
  b863|lab0863_s408_w4_1120_1135_r2  n=  9  avg=+1.7%  med=+0.0%  realized=$-12.00
  b86|c086_s174_w3_1045_1120_r5  n=  4  avg=+26.1%  med=+39.7%  realized=$+64.00
  b86|g086_lim_tp30_sl30  n=  1  avg=+30.1%  med=+30.1%  realized=$+24.11
  b86|lab0086_s210_w4_1120_1135_r1  n=  6  avg=+31.1%  med=+16.7%  realized=$+67.00
  b87|c087_s174_w4_1120_1135_r5  n=  4  avg=-23.5%  med=+37.5%  realized=$-114.00
  b87|g087_mid_tp30_sl30  n=  1  avg=+30.1%  med=+30.1%  realized=$+24.11
  b87|lab0087_s210_w4_1120_1135_r2  n=  8  avg=-0.2%  med=+19.4%  realized=$-21.00
  b884|lab0884_s410_w1_0928_1005_r1  n=  2  avg=+80.6%  med=+83.3%  realized=$+106.00
  b885|lab0885_s410_w1_0928_1005_r2  n=  3  avg=+72.8%  med=+65.3%  realized=$+145.00
  b886|lab0886_s410_w2_1005_1045_r1  n=  1  avg=+101.5%  med=+101.5%  realized=$+68.00
  b887|lab0887_s410_w2_1005_1045_r2  n=  1  avg=-48.4%  med=-48.4%  realized=$-31.00
  b888|lab0888_s410_w3_1045_1120_r1  n=  1  avg=-78.1%  med=-78.1%  realized=$-57.00
  b889|lab0889_s410_w3_1045_1120_r2  n=  1  avg=-68.5%  med=-68.5%  realized=$-50.00
  b88|c088_s165_w1_0928_1005_r5  n= 21  avg=-5.0%  med=-2.7%  realized=$-63.00
  b88|c088_s167_w1_0928_1005_r4  n=  4  avg=-12.7%  med=+30.9%  realized=$-28.00
  b88|g088_eod_tp30_sl30  n=  2  avg=+36.0%  med=+37.7%  realized=$+65.09
  b898|lab0898_s411_w1_0928_1005_r1  n=  2  avg=-54.5%  med=-51.4%  realized=$-79.00
  b899|lab0899_s411_w1_0928_1005_r2  n=  2  avg=-48.9%  med=-48.6%  realized=$-69.00
  b89|c089_s165_w2_1005_1045_r5  n=  7  avg=+113.1%  med=+30.9%  realized=$+67.00
  b89|c089_s167_w2_1005_1045_r4  n=  2  avg=-16.2%  med=+30.9%  realized=$-22.00
  b89|g089_lim_tp30_sl30  n=  1  avg=+30.1%  med=+30.1%  realized=$+24.11
  b8|c008_s165_w1_0928_1005_r1  n= 23  avg=-19.6%  med=-35.3%  realized=$-250.00
  b900|lab0900_s411_w2_1005_1045_r1  n= 11  avg=-2.4%  med=+7.7%  realized=$+1.00
  b901|lab0901_s411_w2_1005_1045_r2  n=  9  avg=+9.0%  med=+23.9%  realized=$+49.00
  b902|lab0902_s411_w3_1045_1120_r1  n=  7  avg=-0.6%  med=+8.1%  realized=$-13.00
  b903|lab0903_s411_w3_1045_1120_r2  n=  9  avg=+8.0%  med=+10.4%  realized=$+28.00
  b904|lab0904_s411_w4_1120_1135_r1  n=  2  avg=-52.8%  med=-52.2%  realized=$-60.00
  b905|lab0905_s411_w4_1120_1135_r2  n=  4  avg=-11.7%  med=+13.1%  realized=$-17.00
  b90|c090_s165_w3_1045_1120_r5  n= 13  avg=+7.7%  med=+0.0%  realized=$+47.00
  b90|c090_s167_w3_1045_1120_r4  n=  4  avg=-41.6%  med=-18.9%  realized=$-123.00
  b90|g090_mid_tp30_sl30  n=  1  avg=+30.1%  med=+30.1%  realized=$+24.11
  b90|live_1to1           n= 18  avg=+11.6%  med=-10.0%  realized=$+84.00
  b912|lab0912_s412_w1_0928_1005_r1  n=  6  avg=+75.0%  med=+66.7%  realized=$+27.00
  b913|lab0913_s412_w1_0928_1005_r2  n=  6  avg=+69.9%  med=+66.7%  realized=$+23.00
  b914|lab0914_s412_w2_1005_1045_r1  n=  7  avg=+91.8%  med=+68.2%  realized=$+168.00
  b915|lab0915_s412_w2_1005_1045_r2  n=  7  avg=+80.5%  med=+43.2%  realized=$+133.00
  b916|lab0916_s412_w3_1045_1120_r1  n= 14  avg=+1.8%  med=-10.7%  realized=$+8.00
  b917|lab0917_s412_w3_1045_1120_r2  n=  7  avg=+106.9%  med=-3.6%  realized=$-8.00
  b918|lab0918_s412_w4_1120_1135_r1  n=  4  avg=-45.8%  med=-38.1%  realized=$-94.00
  b919|lab0919_s412_w4_1120_1135_r2  n=  5  avg=+33.9%  med=-2.2%  realized=$+8.00
  b91|c091_s165_w4_1120_1135_r5  n=  2  avg=+222.0%  med=+247.0%  realized=$+293.00
  b91|g091_eod_tp30_sl30  n=  2  avg=+19.8%  med=+55.6%  realized=$+25.00
  b92|g092_lim_tp30_sl40  n=  2  avg=+53.6%  med=+70.8%  realized=$+94.51
  b93|g093_mid_tp30_sl40  n=  2  avg=+53.6%  med=+70.8%  realized=$+94.51
  b94|g094_eod_tp30_sl40  n=  2  avg=+46.6%  med=+55.6%  realized=$+73.80
  b94|lab0094_s211_w1_0928_1005_r1  n=  8  avg=-4.1%  med=-5.7%  realized=$-34.00
  b95|g095_lim_tp30_sl40  n=  2  avg=+50.5%  med=+70.8%  realized=$+94.89
  b95|lab0095_s211_w1_0928_1005_r2  n=  9  avg=-27.7%  med=-42.1%  realized=$-143.00
  b96|g096_mid_tp30_sl40  n=  2  avg=+50.5%  med=+70.8%  realized=$+94.89
  b96|lab0096_s211_w2_1005_1045_r1  n=  6  avg=-44.0%  med=-38.1%  realized=$-83.00
  b97|g097_eod_tp30_sl40  n=  2  avg=+36.0%  med=+37.7%  realized=$+65.09
  b97|lab0097_s211_w2_1005_1045_r2  n=  7  avg=-54.0%  med=-46.1%  realized=$-125.00
  b98|g098_lim_tp30_sl40  n=  2  avg=+50.5%  med=+70.8%  realized=$+94.89
  b98|lab0098_s211_w3_1045_1120_r1  n=  7  avg=+190.8%  med=-48.7%  realized=$-61.00
  b99|g099_mid_tp30_sl40  n=  2  avg=+50.5%  med=+70.8%  realized=$+94.89
  b99|lab0099_s211_w3_1045_1120_r2  n=  8  avg=+84.6%  med=+107.7%  realized=$+149.00
  b9|c009_s165_w2_1005_1045_r1  n=  7  avg=-74.4%  med=-66.2%  realized=$-301.00
========================================================
+========================================================================+
|[OPTIONS BOT DAILY VITALS (MATRIX EXPERIMENT)]                          |
+========================================================================+
|-- ACCOUNT STATUS (entry+manage) --                                     |
|Equity       : $996,257.74                                              |
|Open Risk    : 33 lots (12 broker pos)                                  |
|Today's Run  : 56 signals -> 7 orders submitted                         |
|                                                                        |
|-- SYSTEM HEALTH --                                                     |
|Zombies      : 0 (Ledger is clean)                                      |
|Lab Status   : 33 Active Lots | 0 Pending Orders                        |
|Auto-Matrix  : (Pending EOD report generation)                          |
+========================================================================+
+========================================================================+
|[DATA QUALITY: CLEAN vs ERRORS vs KEEP-ONLY]                            |
+========================================================================+
|  CLEAN              n=1377  win= 49.1%  med= -15.9%  $+17,330          |
|  TAINTED            n=1882  win= 33.3%  med= -38.9%  $-9,546           |
|  KEEP-only          n=713   win= 62.3%  med= +51.6%  $+11,733          |
|  KEEP recent        n=520   win= 60.4%  med= +54.0%  $+7,488           |
|  KEEP(24): S163,S167,S168,S173,S174,S210,S218,S350...                  |
|  KILL(18): ORPHAN,S164,S202,S203,S207,S211,S212,S216...                |
+========================================================================+
+========================================================================+
|[+++ OVERPERFORMING STRATEGIES (n>=10)]                                 |
+========================================================================+
|  BKT  PROFILE                   WIN%   MED%   TOTAL TRADES             |
|  ---------------------------------------------------------             |
|  b238 lab0238_s401_w3_1045..  79%  +104.7%    19                       |
|  b276 lab0276_s350_w1_0928..  70%  +102.9%    10                       |
|  b861 lab0861_s408_w3_1045..  67%  +83.3%    12                        |
|  b365 lab0365_s361_w2_1005..  92%  +82.8%    12                        |
+========================================================================+
|[--- UNDERPERFORMING STRATEGIES (n>=10)]                                |
+========================================================================+
|  BKT  PROFILE                   WIN%   MED%   TOTAL TRADES             |
|  ---------------------------------------------------------             |
|  b47  lab0047_s205_w4_1120..   4%  -78.0%    28                        |
|  b307 lab0307_s354_w2_1005..  30%  -69.9%    10                        |
|  b1   lab0001_s200_w1_0928..   0%  -65.8%    10                        |
|  b41  lab0041_s205_w1_0928..  12%  -65.3%    16                        |
+========================================================================+
+========================================================================+
|[PENDING EXITS (2)]                                                     |
+========================================================================+
|  b196 S218 AXP260925C00325000 x1 stop_loss (-55.3%)                    |
|  b167 S216 MCD260925C00272500 x1 stop_loss (-100.0%)                   |
+========================================================================+
+========================================================================+
|[OPEN OPTIONS (12)]                                                     |
+========================================================================+
|  SYMBOL                      QTY    RET%        OPEN P&L               |
|  ---------------------------------------------------------             |
|  MARA260925C00012500           3   +189.9%   $   +283.00               |
|  MARA260925C00011500          -1  -1437.5%   $   -230.00               |
|  MARA260925C00012000          -1   -582.8%   $   -169.00               |
|  NFLX260925C00074000           7    -39.0%   $   -139.00               |
|  LLY260925C01250000            7    -23.1%   $    -63.00               |
|  AMD260923C00657500            4    -19.1%   $    -36.00               |
|  NFLX261002C00076000           2    -30.9%   $    -34.00               |
|  NFLX261009C00078000           2    -24.1%   $    -26.00               |
|  ... 4 more position(s)                                                |
+========================================================================+
Full detail: logs/options_trial/runs/2026-09-22.log
elapsed=66.6s reconcile=0.24s cancel=0.07s manage=4.59s scan=53.32s entries=6.36s

=== 10:21:18 ET — entry+manage (0 new) [elapsed=54.1s reconcile=0.39s cancel=0.13s manage=6.61s scan=35.23s entries=10.39s] ===
=== options_morning_bot (PAPER) 2026-09-22T10:21:18.920282-04:00 ===

[Run context]
Paper auth OK — equity $996108.53, account PA33P8KT02IL
  reconcile: layout changed controlled:100:c000_s173_w1_0928_1005_r1 -> controlled:1164:live_1to1+variations

[Setup]
LIVE 1:1 bucket b90 live_1to1 — S218, S404, S406 | TP+50%/SL-40% | stop-mkt | min $20
Variation study: 1163 lab/promising bucket(s) | cohort: all paper strategies | max 400 new entries/run
Dropped (no new entries; ex-reflected P&L): S203, S207, S212, S360, S405, S407
  EXIT [b434|lab0434_s366_w2_1005_1045_r1|S366] take_profit (+189.9%) SELL failed MARA260925C00012500: {"code":40310000,"message":"account not eligible to trade uncovered option contracts"}
  EXIT [b433|lab0433_s366_w1_0928_1005_r2|S366] take_profit (+189.9%) SELL failed MARA260925C00012500: {"code":40310000,"message":"account not eligible to trade uncovered option contracts"}
  EXIT [b432|lab0432_s366_w1_0928_1005_r1|S366] take_profit (+189.9%) SELL failed MARA260925C00012500: {"code":40310000,"message":"account not eligible to trade uncovered option contracts"}
  EXIT skip MCD260925C00272500: open sell already pending
  EXIT skip AXP260925C00325000: open sell already pending
  PROT STOP failed MARA260925C00012500: {"code":40310000,"message":"account not eligible to trade uncovered option contracts"}
Protective stops: placed=0 upgraded=0 already=9 failed=1 (market-first)

[Scan + entries]
Scanning 117 symbols for [S165, S164, S168, S167, S166, S163, S169, S170, S171, S172, S175, S200, S201, S202, S204, S205, S206, S208, S209, S210, S211, S213, S214, S215, S216, S217, S218, S219, S220, S221, S400, S401, S402, S403, S350, S351, S352, S353, S354, S355, S356, S357, S358, S359, S361, S362, S363, S364, S365, S366, S367, S368, S369, S370, S371, S372, S373, S374, S375, S376, S377, S378, S379, S380, S381, S382, S383, S384, S385, S386, S387, S388, S389, S390, S391, S392, S393, S394, S413, S414, S415, S416, S417, S418, S395, S396, S397, S398, S399, S404, S406, S408, S409, S410, S411, S412, S413, S414, S415, S416, S417, S418, S419] …
  Daily bars disk cache hit (options_daily_bars_2026-09-22.parquet)
Fetched daily bars for 113/117 symbols
Found 56 signal(s); top: ['S211:AMD', 'S401:AMD', 'S210:COIN', 'S401:COIN', 'S401:META', 'S401:AMZN', 'S401:MARA', 'S401:MSTR']
Paper lab: $996109 broker equity -> 1164 bucket(s) ($500 virtual each, unlimited paper)
  [b82|lab0082_s210_w2_1005_1045_r1] S210 COIN (tier: fast): no tradeable call
  [b83|lab0083_s210_w2_1005_1045_r2] S210 COIN (tier: fast): no tradeable call
  [b1054|lab1054_s165_w2_1005_1045_r1] S165 MPC (tier: neutral): no tradeable call
  [b1055|lab1055_s165_w2_1005_1045_r2] S165 MPC (tier: neutral): no tradeable call
  [b1152|lab1152_s164_w2_1005_1045_r1] S164 MPC (tier: neutral): no tradeable call
  [b1153|lab1153_s164_w2_1005_1045_r2] S164 MPC (tier: neutral): no tradeable call
  [b1124|lab1124_s168_w2_1005_1045_r1] S168 MPC (tier: neutral): no tradeable call
  [b1125|lab1125_s168_w2_1005_1045_r2] S168 MPC (tier: neutral): no tradeable call
  [b1096|lab1096_s167_w2_1005_1045_r1] S167 MPC (tier: neutral): no tradeable call
  [b1097|lab1097_s167_w2_1005_1045_r2] S167 MPC (tier: neutral): no tradeable call
  [b1138|lab1138_s163_w2_1005_1045_r1] S163 MPC (tier: neutral): no tradeable call
  [b1139|lab1139_s163_w2_1005_1045_r2] S163 MPC (tier: neutral): no tradeable call
  [b278|lab0278_s350_w2_1005_1045_r1] S350 MPC (tier: neutral): no tradeable call
  [b279|lab0279_s350_w2_1005_1045_r2] S350 MPC (tier: neutral): no tradeable call
  [b282|lab0282_s351_w2_1005_1045_r1] S351 MPC (tier: neutral): no tradeable call
  [b283|lab0283_s351_w2_1005_1045_r2] S351 MPC (tier: neutral): no tradeable call
  [b290|lab0290_s352_w2_1005_1045_r1] S352 MPC (tier: neutral): no tradeable call
  [b291|lab0291_s352_w2_1005_1045_r2] S352 MPC (tier: neutral): no tradeable call
  [b298|lab0298_s353_w2_1005_1045_r1] S353 MPC (tier: neutral): no tradeable call
  [b299|lab0299_s353_w2_1005_1045_r2] S353 MPC (tier: neutral): no tradeable call
  [b306|lab0306_s354_w2_1005_1045_r1] S354 MPC (tier: neutral): no tradeable call
  [b307|lab0307_s354_w2_1005_1045_r2] S354 MPC (tier: neutral): no tradeable call
  [b314|lab0314_s355_w2_1005_1045_r1] S355 MPC (tier: neutral): no tradeable call
  [b315|lab0315_s355_w2_1005_1045_r2] S355 MPC (tier: neutral): no tradeable call
  [b322|lab0322_s356_w2_1005_1045_r1] S356 MPC (tier: neutral): no tradeable call
  [b323|lab0323_s356_w2_1005_1045_r2] S356 MPC (tier: neutral): no tradeable call
  [b330|lab0330_s357_w2_1005_1045_r1] S357 MPC (tier: neutral): no tradeable call
  [b331|lab0331_s357_w2_1005_1045_r2] S357 MPC (tier: neutral): no tradeable call
  [b338|lab0338_s358_w2_1005_1045_r1] S358 MPC (tier: neutral): no tradeable call
  [b339|lab0339_s358_w2_1005_1045_r2] S358 MPC (tier: neutral): no tradeable call
  [b762|lab0762_s395_w2_1005_1045_r1] S395 MPC (tier: neutral): no tradeable call
  [b763|lab0763_s395_w2_1005_1045_r2] S395 MPC (tier: neutral): no tradeable call
  [b770|lab0770_s396_w2_1005_1045_r1] S396 MPC (tier: neutral): no tradeable call
  [b771|lab0771_s396_w2_1005_1045_r2] S396 MPC (tier: neutral): no tradeable call
  [b778|lab0778_s397_w2_1005_1045_r1] S397 MPC (tier: neutral): no tradeable call
  [b779|lab0779_s397_w2_1005_1045_r2] S397 MPC (tier: neutral): no tradeable call
  [b786|lab0786_s398_w2_1005_1045_r1] S398 MPC (tier: neutral): no tradeable call
  [b787|lab0787_s398_w2_1005_1045_r2] S398 MPC (tier: neutral): no tradeable call
  [b794|lab0794_s399_w2_1005_1045_r1] S399 MPC (tier: neutral): no tradeable call
  [b795|lab0795_s399_w2_1005_1045_r2] S399 MPC (tier: neutral): no tradeable call
  [b802|lab0802_s404_w2_1005_1045_r1] S404 MPC (tier: neutral): no tradeable call
  [b803|lab0803_s404_w2_1005_1045_r2] S404 MPC (tier: neutral): no tradeable call
  [b180|lab0180_s217_w2_1005_1045_r1] S217 UNP (tier: neutral): no tradeable call
  [b181|lab0181_s217_w2_1005_1045_r2] S217 UNP (tier: neutral): no tradeable call
  [b346|lab0346_s359_w2_1005_1045_r1] S359 LLY (tier: neutral): no tradeable call
  [b347|lab0347_s359_w2_1005_1045_r2] S359 LLY (tier: neutral): no tradeable call
  [b392|lab0392_s363_w2_1005_1045_r1] S363 LLY (tier: neutral): no tradeable call
  [b393|lab0393_s363_w2_1005_1045_r2] S363 LLY (tier: neutral): no tradeable call
  [b406|lab0406_s364_w2_1005_1045_r1] S364 LLY (tier: neutral): no tradeable call
  [b407|lab0407_s364_w2_1005_1045_r2] S364 LLY (tier: neutral): no tradeable call
  [b420|lab0420_s365_w2_1005_1045_r1] S365 LLY (tier: neutral): no tradeable call
  [b421|lab0421_s365_w2_1005_1045_r2] S365 LLY (tier: neutral): no tradeable call
  [b435|lab0435_s366_w2_1005_1045_r2] S366 LLY (tier: neutral): no tradeable call
  [b448|lab0448_s367_w2_1005_1045_r1] S367 LLY (tier: neutral): no tradeable call
  [b449|lab0449_s367_w2_1005_1045_r2] S367 LLY (tier: neutral): no tradeable call
  [b830|lab0830_s406_w2_1005_1045_r1] S406 LLY (tier: neutral): no tradeable call
  [b831|lab0831_s406_w2_1005_1045_r2] S406 LLY (tier: neutral): no tradeable call
  [b858|lab0858_s408_w2_1005_1045_r1] S408 LLY (tier: neutral): no tradeable call
  [b859|lab0859_s408_w2_1005_1045_r2] S408 LLY (tier: neutral): no tradeable call
  [b872|lab0872_s409_w2_1005_1045_r1] S409 LLY (tier: neutral): no tradeable call
  [b873|lab0873_s409_w2_1005_1045_r2] S409 LLY (tier: neutral): no tradeable call
  [b886|lab0886_s410_w2_1005_1045_r1] S410 LLY (tier: neutral): no tradeable call
  [b887|lab0887_s410_w2_1005_1045_r2] S410 LLY (tier: neutral): no tradeable call
  [b900|lab0900_s411_w2_1005_1045_r1] S411 LLY (tier: neutral): no tradeable call
  [b901|lab0901_s411_w2_1005_1045_r2] S411 LLY (tier: neutral): no tradeable call
  [b264|lab0264_s403_w2_1005_1045_r1] S403 KO (tier: slow): no tradeable call
  [b265|lab0265_s403_w2_1005_1045_r2] S403 KO (tier: slow): no tradeable call
  [b180|lab0180_s217_w2_1005_1045_r1] S217 PEP (tier: slow): no tradeable call
  [b181|lab0181_s217_w2_1005_1045_r2] S217 PEP (tier: slow): no tradeable call
  [b90|live_1to1] S218 D (tier: slow): no tradeable call
  [b194|lab0194_s218_w2_1005_1045_r1] S218 D (tier: slow): no tradeable call
  [b195|lab0195_s218_w2_1005_1045_r2] S218 D (tier: slow): no tradeable call
  [b90|live_1to1] S218 WEC (tier: slow): no tradeable call
  [b194|lab0194_s218_w2_1005_1045_r1] S218 WEC (tier: slow): no tradeable call
  [b195|lab0195_s218_w2_1005_1045_r2] S218 WEC (tier: slow): no tradeable call
  Skipped: 75 no tradeable call
Placed 0 new entry order(s).

[Portfolio snapshot]
========================================================
OPTIONS TRIAL STATS
========================================================
Account equity: $996,108.53
Active buckets: 1164 of 1164 profiles ($500 virtual each) — paper unlimited mode

P&L summary
  Reflected (ex-S203,S207,S212,S360,S405,S407): $+12,646.88 all-time  |  $-257.00 today
  Raw (incl dropped):     $+7,783.88 all-time  |  $-257.00 today
  Open (not sold yet): $-125.00 unrealized (virtual lots)
                       $-528.00 unrealized (broker total)
  Premium deployed:    $1,483.00 in open positions
  Combined P&L:        $+12,521.88 (reflected realized + open virtual)

Ledger (master)
  Total events:     14516
  Today entries:    17
  Today exits (reflected): 10
  All-time exits (reflected): 2956  wins 42%
  Avg return/trade: +31.3%  median -30.4%

Open virtual lots (by bucket)
  b16 lab0016_s202_w1_0928_1005_r1  prem=$     0  real=$-47.00  open=$ +0.00  lots=0  [-]
       buy: ask-0.01  sell: bid-0.01  tp=+50% sl=-50%
  b17 lab0017_s202_w1_0928_1005_r2  prem=$     0  real=$-56.00  open=$ +0.00  lots=0  [-]
       buy: ask-0.01  sell: bid-0.01  tp=+50% sl=-50%
  b18 lab0018_s202_w2_1005_1045_r1  prem=$     0  real=$-29.00  open=$ +0.00  lots=0  [-]
       buy: ask-0.01  sell: bid-0.01  tp=+50% sl=-50%
  b19 lab0019_s202_w2_1005_1045_r2  prem=$     0  real=$-43.00  open=$ +0.00  lots=0  [-]
       buy: ask-0.01  sell: bid-0.01  tp=+50% sl=-50%
  b20 lab0020_s202_w3_1045_1120_r1  prem=$     0  real=$ -6.00  open=$ +0.00  lots=0  [-]
       buy: ask-0.01  sell: bid-0.01  tp=+50% sl=-50%
  b21 lab0021_s202_w3_1045_1120_r2  prem=$     0  real=$-24.00  open=$ +0.00  lots=0  [-]
       buy: ask-0.01  sell: bid-0.01  tp=+50% sl=-50%
  b73 lab0073_s209_w1_0928_1005_r2  prem=$     0  real=$-11.00  open=$ +0.00  lots=0  [-]
       buy: ask-0.01  sell: bid-0.01  tp=+50% sl=-50%
  b74 lab0074_s209_w2_1005_1045_r1  prem=$     0  real=$-39.00  open=$ +0.00  lots=0  [-]
       buy: ask-0.01  sell: bid-0.01  tp=+50% sl=-50%
  b75 lab0075_s209_w2_1005_1045_r2  prem=$     0  real=$-68.00  open=$ +0.00  lots=0  [-]
       buy: ask-0.01  sell: bid-0.01  tp=+50% sl=-50%
  b77 lab0077_s209_w3_1045_1120_r2  prem=$     0  real=$-39.00  open=$ +0.00  lots=0  [-]
       buy: ask-0.01  sell: bid-0.01  tp=+50% sl=-50%
  b79 lab0079_s209_w4_1120_1135_r2  prem=$     0  real=$-53.00  open=$ +0.00  lots=0  [-]
       buy: ask-0.01  sell: bid-0.01  tp=+50% sl=-50%
  b80 lab0080_s210_w1_0928_1005_r1  prem=$     0  real=$+57.00  open=$ +0.00  lots=0  [-]
       buy: ask-0.01  sell: bid-0.01  tp=+50% sl=-50%
  b81 lab0081_s210_w1_0928_1005_r2  prem=$     0  real=$+47.00  open=$ +0.00  lots=0  [-]
       buy: ask-0.01  sell: bid-0.01  tp=+50% sl=-50%
  b82 lab0082_s210_w2_1005_1045_r1  prem=$     0  real=$-70.00  open=$ +0.00  lots=0  [-]
       buy: ask-0.01  sell: bid-0.01  tp=+50% sl=-50%
  b83 lab0083_s210_w2_1005_1045_r2  prem=$     0  real=$+14.00  open=$ +0.00  lots=0  [-]
       buy: ask-0.01  sell: bid-0.01  tp=+50% sl=-50%
  b84 lab0084_s210_w3_1045_1120_r1  prem=$     0  real=$-240.00  open=$ +0.00  lots=0  [-]
       buy: ask-0.01  sell: bid-0.01  tp=+50% sl=-50%
  b85 lab0085_s210_w3_1045_1120_r2  prem=$     0  real=$+25.00  open=$ +0.00  lots=0  [-]
       buy: ask-0.01  sell: bid-0.01  tp=+50% sl=-50%
  b86 lab0086_s210_w4_1120_1135_r1  prem=$     0  real=$+67.00  open=$ +0.00  lots=0  [-]
       buy: ask-0.01  sell: bid-0.01  tp=+50% sl=-50%
  b87 lab0087_s210_w4_1120_1135_r2  prem=$     0  real=$-21.00  open=$ +0.00  lots=0  [-]
       buy: ask-0.01  sell: bid-0.01  tp=+50% sl=-50%
  b90 live_1to1               prem=$    89  real=$+84.00  open=$-28.52  lots=2  [S404:NFLXx1, S406:LLYx1]
       buy: ask-0.01  sell: bid-0.01  tp=+50% sl=-40%
  (290 more active bucket(s) omitted)
  (854 quiet bucket profile(s) — no trades yet)

Alpaca option positions
  AMD260923C00652500  qty=4  cost=$212.00  return=-15.1%  open P&L=$-32.00
  AMD260923C00657500  qty=4  cost=$188.00  return=-36.2%  open P&L=$-68.00
  AXP260925C00325000  qty=1  cost=$38.00  return=-63.2%  open P&L=$-24.00
  LLY260925C01250000  qty=7  cost=$273.00  return=-23.1%  open P&L=$-63.00
  MARA260925C00011500  qty=-1  cost=$16.00  return=-1456.2%  open P&L=$-233.00
  MARA260925C00012000  qty=-1  cost=$29.00  return=-586.2%  open P&L=$-170.00
  MARA260925C00012500  qty=3  cost=$149.00  return=+191.9%  open P&L=$+286.00
  MCD260925C00272500  qty=2  cost=$8.00  return=-100.0%  open P&L=$-8.00
  NFLX260925C00074000  qty=7  cost=$356.00  return=-39.0%  open P&L=$-139.00
  NFLX261002C00076000  qty=2  cost=$110.00  return=-30.9%  open P&L=$-34.00
  NFLX261002C00077000  qty=1  cost=$41.00  return=-36.6%  open P&L=$-15.00
  NFLX261009C00078000  qty=2  cost=$108.00  return=-25.9%  open P&L=$-28.00

Per-bucket exit stats (all time)
  b0|c000_s173_w1_0928_1005_r1  n= 22  avg=+24.8%  med=+34.9%  realized=$+283.00
  b0|orphan_reconcile     n=400  avg=+3.6%  med=-49.5%  realized=$+346.21
  b100|lab0100_s211_w4_1120_1135_r1  n=  1  avg=+73.6%  med=+73.6%  realized=$+39.00
  b101|lab0101_s211_w4_1120_1135_r2  n=  2  avg=+652.3%  med=+1385.7%  realized=$+54.00
  b104|c104_s164_w1_0928_1005_r4  n=  1  avg=-88.9%  med=-88.9%  realized=$-8.00
  b1052|lab1052_s165_w1_0928_1005_r1  n=  2  avg=+170.4%  med=+194.7%  realized=$+110.00
  b1053|lab1053_s165_w1_0928_1005_r2  n=  2  avg=+165.7%  med=+189.5%  realized=$+107.00
  b1054|lab1054_s165_w2_1005_1045_r1  n=  1  avg=+93.5%  med=+93.5%  realized=$+58.00
  b1055|lab1055_s165_w2_1005_1045_r2  n=  1  avg=+526.3%  med=+526.3%  realized=$+100.00
  b1057|lab1057_s165_w3_1045_1120_r2  n=  1  avg=-53.3%  med=-53.3%  realized=$-32.00
  b1058|lab1058_s165_w4_1120_1135_r1  n=  1  avg=+390.5%  med=+390.5%  realized=$+82.00
  b1059|lab1059_s165_w4_1120_1135_r2  n=  1  avg=+342.9%  med=+342.9%  realized=$+72.00
  b108|c108_s202_w3_1045_1120_r1  n=  1  avg=-33.3%  med=-33.3%  realized=$-1.00
  b1094|lab1094_s167_w1_0928_1005_r1  n=  3  avg=+75.9%  med=+126.0%  realized=$+73.00
  b1095|lab1095_s167_w1_0928_1005_r2  n=  3  avg=+58.7%  med=+106.0%  realized=$+57.00
  b1096|lab1096_s167_w2_1005_1045_r1  n=  2  avg=+238.1%  med=+531.6%  realized=$+70.00
  b1097|lab1097_s167_w2_1005_1045_r2  n=  2  avg=+227.6%  med=+510.5%  realized=$+66.00
  b109|c109_s202_w3_1045_1120_r2  n=  1  avg=-66.7%  med=-66.7%  realized=$-2.00
  b10|c010_s165_w3_1045_1120_r1  n=  8  avg=-37.2%  med=-18.9%  realized=$-205.00
  b1100|lab1100_s167_w4_1120_1135_r1  n=  1  avg=+328.6%  med=+328.6%  realized=$+69.00
  b1101|lab1101_s167_w4_1120_1135_r2  n=  1  avg=+323.8%  med=+323.8%  realized=$+68.00
  b1108|lab1108_s166_w1_0928_1005_r1  n=  1  avg=+160.9%  med=+160.9%  realized=$+74.00
  b1109|lab1109_s166_w1_0928_1005_r2  n=  1  avg=+77.6%  med=+77.6%  realized=$+45.00
  b1110|lab1110_s166_w2_1005_1045_r1  n=  1  avg=+67.2%  med=+67.2%  realized=$+41.00
  b1111|lab1111_s166_w2_1005_1045_r2  n=  1  avg=+72.9%  med=+72.9%  realized=$+43.00
  b1112|lab1112_s166_w3_1045_1120_r1  n=  1  avg=+273.0%  med=+273.0%  realized=$+101.00
  b1113|lab1113_s166_w3_1045_1120_r2  n=  2  avg=+100.9%  med=+135.1%  realized=$+92.00
  b1115|lab1115_s166_w4_1120_1135_r2  n=  1  avg=+55.6%  med=+55.6%  realized=$+40.00
  b1122|lab1122_s168_w1_0928_1005_r1  n=  3  avg=+72.4%  med=+50.0%  realized=$+46.00
  b1123|lab1123_s168_w1_0928_1005_r2  n=  3  avg=+55.9%  med=+53.3%  realized=$+36.00
  b1124|lab1124_s168_w2_1005_1045_r1  n=  2  avg=+91.2%  med=+248.6%  realized=$+50.00
  b1125|lab1125_s168_w2_1005_1045_r2  n=  2  avg=+75.5%  med=+217.1%  realized=$+39.00
  b1126|lab1126_s168_w3_1045_1120_r1  n=  3  avg=+66.9%  med=+116.2%  realized=$+67.00
  b1127|lab1127_s168_w3_1045_1120_r2  n=  3  avg=+49.1%  med=+102.7%  realized=$+47.00
  b1128|lab1128_s168_w4_1120_1135_r1  n=  2  avg=+120.5%  med=+272.2%  realized=$+83.00
  b1129|lab1129_s168_w4_1120_1135_r2  n=  2  avg=+101.7%  med=+255.6%  realized=$+67.00
  b1136|lab1136_s163_w1_0928_1005_r1  n=  3  avg=-8.7%  med=-51.4%  realized=$+6.00
  b1137|lab1137_s163_w1_0928_1005_r2  n=  3  avg=-19.2%  med=-61.9%  realized=$-7.00
  b1138|lab1138_s163_w2_1005_1045_r1  n=  2  avg=+133.6%  med=+200.0%  realized=$+111.00
  b1139|lab1139_s163_w2_1005_1045_r2  n=  2  avg=+138.1%  med=+205.7%  realized=$+115.00
  b1140|lab1140_s163_w3_1045_1120_r1  n=  4  avg=+34.6%  med=+73.0%  realized=$+59.00
  b1141|lab1141_s163_w3_1045_1120_r2  n=  4  avg=+35.5%  med=+74.6%  realized=$+64.00
  b1142|lab1142_s163_w4_1120_1135_r1  n=  1  avg=-72.9%  med=-72.9%  realized=$-35.00
  b1143|lab1143_s163_w4_1120_1135_r2  n=  2  avg=+27.6%  med=+128.1%  realized=$+6.00
  b1150|lab1150_s164_w1_0928_1005_r1  n=  3  avg=+77.6%  med=+156.0%  realized=$+80.00
  b1151|lab1151_s164_w1_0928_1005_r2  n=  3  avg=+70.4%  med=+124.0%  realized=$+66.00
  b1152|lab1152_s164_w2_1005_1045_r1  n=  2  avg=+216.7%  med=+531.6%  realized=$+46.00
  b1153|lab1153_s164_w2_1005_1045_r2  n=  2  avg=+242.5%  med=+542.1%  realized=$+71.00
  b1154|lab1154_s164_w3_1045_1120_r1  n=  1  avg=-50.0%  med=-50.0%  realized=$-30.00
  b1155|lab1155_s164_w3_1045_1120_r2  n=  1  avg=-48.1%  med=-48.1%  realized=$-25.00
  b1156|lab1156_s164_w4_1120_1135_r1  n=  1  avg=+342.9%  med=+342.9%  realized=$+72.00
  b1157|lab1157_s164_w4_1120_1135_r2  n=  1  avg=+323.8%  med=+323.8%  realized=$+68.00
  b132|c132_s164_w1_0928_1005_r5  n=  2  avg=-65.7%  med=-53.6%  realized=$-37.00
  b135|c135_s164_w4_1120_1135_r5  n=  1  avg=-50.0%  med=-50.0%  realized=$-4.00
  b164|lab0164_s216_w1_0928_1005_r1  n=  8  avg=+14.7%  med=-37.0%  realized=$-4.00
  b165|lab0165_s216_w1_0928_1005_r2  n= 11  avg=+18.5%  med=-37.0%  realized=$+47.00
  b166|lab0166_s216_w2_1005_1045_r1  n=  9  avg=+22.7%  med=-63.4%  realized=$-196.00
  b167|lab0167_s216_w2_1005_1045_r2  n= 11  avg=+3.0%  med=-63.2%  realized=$-191.00
  b168|lab0168_s216_w3_1045_1120_r1  n=  6  avg=-76.4%  med=-72.0%  realized=$-181.00
  b169|lab0169_s216_w3_1045_1120_r2  n=  8  avg=-37.5%  med=-52.3%  realized=$-124.00
  b16|lab0016_s202_w1_0928_1005_r1  n=  2  avg=-51.0%  med=-38.1%  realized=$-47.00
  b170|lab0170_s216_w4_1120_1135_r1  n=  2  avg=-64.0%  med=-63.6%  realized=$-71.00
  b171|lab0171_s216_w4_1120_1135_r2  n=  4  avg=-41.7%  med=-47.5%  realized=$-71.00
  b178|lab0178_s217_w1_0928_1005_r1  n=  2  avg=+85.4%  med=+104.8%  realized=$+97.00
  b179|lab0179_s217_w1_0928_1005_r2  n=  2  avg=+70.8%  med=+90.5%  realized=$+81.00
  b17|lab0017_s202_w1_0928_1005_r2  n=  2  avg=-70.9%  med=-65.6%  realized=$-56.00
  b180|lab0180_s217_w2_1005_1045_r1  n= 15  avg=+86.7%  med=+53.9%  realized=$+362.00
  b181|lab0181_s217_w2_1005_1045_r2  n= 17  avg=+65.8%  med=-46.1%  realized=$+239.00
  b182|lab0182_s217_w3_1045_1120_r1  n=  8  avg=-39.7%  med=-43.8%  realized=$-134.00
  b183|lab0183_s217_w3_1045_1120_r2  n= 12  avg=-34.3%  med=-54.4%  realized=$-153.00
  b184|lab0184_s217_w4_1120_1135_r1  n=  2  avg=-77.5%  med=-77.5%  realized=$-62.00
  b185|lab0185_s217_w4_1120_1135_r2  n=  3  avg=-16.3%  med=-52.2%  realized=$-7.00
  b18|lab0018_s202_w2_1005_1045_r1  n=  1  avg=-74.4%  med=-74.4%  realized=$-29.00
  b192|lab0192_s218_w1_0928_1005_r1  n=  9  avg=+20.6%  med=+50.0%  realized=$+114.00
  b193|lab0193_s218_w1_0928_1005_r2  n= 11  avg=+29.4%  med=+36.4%  realized=$+177.00
  b194|lab0194_s218_w2_1005_1045_r1  n= 19  avg=-7.5%  med=-37.5%  realized=$-118.00
  b195|lab0195_s218_w2_1005_1045_r2  n= 20  avg=+35.9%  med=+58.8%  realized=$+243.00
  b196|lab0196_s218_w3_1045_1120_r1  n=  8  avg=+139.1%  med=+52.2%  realized=$+165.00
  b197|lab0197_s218_w3_1045_1120_r2  n=  8  avg=+140.6%  med=+47.8%  realized=$+283.00
  b198|lab0198_s218_w4_1120_1135_r1  n=  3  avg=+108.5%  med=+108.5%  realized=$+150.00
  b199|lab0199_s218_w4_1120_1135_r2  n=  4  avg=+72.4%  med=+112.8%  realized=$+124.00
  b19|lab0019_s202_w2_1005_1045_r2  n=  2  avg=-51.5%  med=-46.7%  realized=$-43.00
  b1|c001_s173_w2_1005_1045_r1  n= 10  avg=-65.0%  med=-64.9%  realized=$-406.00
  b20|c020_s164_w1_0928_1005_r1  n=  9  avg=-11.2%  med=-14.3%  realized=$-19.00
  b20|c020_s173_w1_0928_1005_r2  n= 21  avg=+1.0%  med=-3.6%  realized=$+6.00
  b20|lab0020_s202_w3_1045_1120_r1  n=  1  avg=-42.9%  med=-42.9%  realized=$-6.00
  b21|c021_s164_w2_1005_1045_r1  n=  8  avg=-61.7%  med=-56.1%  realized=$-308.00
  b21|c021_s173_w2_1005_1045_r2  n= 23  avg=-55.2%  med=-72.1%  realized=$-863.00
  b21|lab0021_s202_w3_1045_1120_r2  n=  2  avg=-53.6%  med=-50.0%  realized=$-24.00
  b222|lab0222_s400_w2_1005_1045_r1  n=  1  avg=-50.0%  med=-50.0%  realized=$-4.00
  b223|lab0223_s400_w2_1005_1045_r2  n=  1  avg=-50.0%  med=-50.0%  realized=$-4.00
  b224|lab0224_s400_w3_1045_1120_r1  n=  1  avg=-66.7%  med=-66.7%  realized=$-10.00
  b225|lab0225_s400_w3_1045_1120_r2  n=  2  avg=-7.3%  med=+52.1%  realized=$+15.00
  b227|lab0227_s400_w4_1120_1135_r2  n=  1  avg=-22.2%  med=-22.2%  realized=$-2.00
  b22|c022_s164_w3_1045_1120_r1  n=  6  avg=-28.3%  med=-55.7%  realized=$-115.00
  b22|c022_s173_w3_1045_1120_r2  n= 11  avg=-35.9%  med=-54.2%  realized=$-224.00
  b234|lab0234_s401_w1_0928_1005_r1  n= 12  avg=+58.7%  med=-36.6%  realized=$-138.00
  b235|lab0235_s401_w1_0928_1005_r2  n= 15  avg=+133.1%  med=-23.7%  realized=$+107.00
  b236|c236_s218_w3_1045_1120_r1  n=  1  avg=-33.3%  med=-33.3%  realized=$-1.00
  b236|lab0236_s401_w2_1005_1045_r1  n= 15  avg=-15.8%  med=-38.1%  realized=$-183.00
  b237|c237_s218_w3_1045_1120_r2  n=  1  avg=-66.7%  med=-66.7%  realized=$-2.00
  b237|lab0237_s401_w2_1005_1045_r2  n= 18  avg=+22.4%  med=+50.0%  realized=$+97.00
  b238|lab0238_s401_w3_1045_1120_r1  n= 19  avg=+158.1%  med=+104.7%  realized=$+999.00
  b239|lab0239_s401_w3_1045_1120_r2  n= 17  avg=+101.5%  med=+30.2%  realized=$+254.00
  b23|c023_s164_w4_1120_1135_r1  n=  2  avg=-67.7%  med=-67.7%  realized=$-84.00
  b23|c023_s173_w4_1120_1135_r2  n=  3  avg=-25.0%  med=-61.5%  realized=$-41.00
  b240|lab0240_s401_w4_1120_1135_r1  n= 13  avg=+29.4%  med=+9.6%  realized=$+79.00
  b241|lab0241_s401_w4_1120_1135_r2  n= 10  avg=-28.4%  med=-17.5%  realized=$-174.00
  b25|c025_s168_w2_1005_1045_r1  n=  2  avg=-20.7%  med=-19.6%  realized=$-19.00
  b25|c025_s174_w2_1005_1045_r2  n= 18  avg=-33.0%  med=-21.7%  realized=$-333.00
  b262|lab0262_s403_w1_0928_1005_r1  n=  3  avg=+40.1%  med=+65.4%  realized=$+63.00
  b263|lab0263_s403_w1_0928_1005_r2  n=  9  avg=+58.2%  med=+51.7%  realized=$+221.00
  b264|lab0264_s403_w2_1005_1045_r1  n=  9  avg=+28.1%  med=+46.0%  realized=$+103.00
  b265|lab0265_s403_w2_1005_1045_r2  n= 11  avg=+21.5%  med=+49.0%  realized=$+110.00
  b266|lab0266_s403_w3_1045_1120_r1  n=  5  avg=+46.0%  med=+66.7%  realized=$+75.00
  b267|lab0267_s403_w3_1045_1120_r2  n=  7  avg=+31.2%  med=+57.1%  realized=$+73.00
  b268|lab0268_s403_w4_1120_1135_r1  n=  4  avg=+158.4%  med=+320.0%  realized=$+152.00
  b269|lab0269_s403_w4_1120_1135_r2  n=  7  avg=+96.9%  med=+57.6%  realized=$+211.00
  b26|c026_s174_w3_1045_1120_r2  n=  1  avg=-53.1%  med=-53.1%  realized=$-26.00
  b276|lab0276_s350_w1_0928_1005_r1  n= 10  avg=+61.5%  med=+102.9%  realized=$+227.00
  b277|lab0277_s350_w1_0928_1005_r2  n=  8  avg=+94.3%  med=+157.9%  realized=$+266.00
  b278|lab0278_s350_w2_1005_1045_r1  n= 13  avg=+37.3%  med=+0.0%  realized=$+58.00
  b279|lab0279_s350_w2_1005_1045_r2  n= 14  avg=+56.2%  med=-28.3%  realized=$+163.00
  b280|lab0280_s351_w1_0928_1005_r1  n=  9  avg=+122.7%  med=+171.9%  realized=$+322.00
  b281|lab0281_s351_w1_0928_1005_r2  n=  9  avg=+103.1%  med=+110.5%  realized=$+347.00
  b282|lab0282_s351_w2_1005_1045_r1  n= 11  avg=-7.6%  med=-61.9%  realized=$-114.00
  b283|lab0283_s351_w2_1005_1045_r2  n= 12  avg=-5.4%  med=-50.0%  realized=$-97.00
  b284|lab0284_s351_w3_1045_1120_r1  n=  3  avg=-54.1%  med=-52.2%  realized=$-59.00
  b285|lab0285_s351_w3_1045_1120_r2  n=  5  avg=+55.0%  med=-33.3%  realized=$+4.00
  b286|lab0286_s351_w4_1120_1135_r1  n=  6  avg=-14.7%  med=-75.5%  realized=$-99.00
  b287|lab0287_s351_w4_1120_1135_r2  n=  9  avg=-16.6%  med=-48.7%  realized=$-108.00
  b288|lab0288_s352_w1_0928_1005_r1  n=  5  avg=+107.9%  med=+100.0%  realized=$+85.00
  b289|lab0289_s352_w1_0928_1005_r2  n=  5  avg=+80.9%  med=+93.8%  realized=$+67.00
  b28|c028_s165_w1_0928_1005_r2  n= 17  avg=+49.5%  med=+80.0%  realized=$+448.00
  b28|c028_s173_w1_0928_1005_r2  n=  5  avg=+51.6%  med=+80.0%  realized=$+142.00
  b290|lab0290_s352_w2_1005_1045_r1  n=  7  avg=+62.6%  med=-17.6%  realized=$+73.00
  b291|lab0291_s352_w2_1005_1045_r2  n=  8  avg=+75.9%  med=-48.2%  realized=$+116.00
  b292|lab0292_s352_w3_1045_1120_r1  n=  8  avg=+50.1%  med=+13.0%  realized=$-6.00
  b293|lab0293_s352_w3_1045_1120_r2  n=  9  avg=+67.7%  med=+39.1%  realized=$+46.00
  b294|lab0294_s352_w4_1120_1135_r1  n=  4  avg=+17.7%  med=-71.4%  realized=$-72.00
  b295|lab0295_s352_w4_1120_1135_r2  n=  4  avg=+18.9%  med=-75.0%  realized=$-72.00
  b296|lab0296_s353_w1_0928_1005_r1  n=  5  avg=+110.2%  med=+123.7%  realized=$+118.00
  b297|lab0297_s353_w1_0928_1005_r2  n=  5  avg=+81.5%  med=+79.0%  realized=$+83.00
  b298|lab0298_s353_w2_1005_1045_r1  n= 11  avg=+11.2%  med=-34.7%  realized=$-53.00
  b299|lab0299_s353_w2_1005_1045_r2  n=  7  avg=-32.4%  med=-72.7%  realized=$-142.00
  b29|c029_s165_w2_1005_1045_r2  n=  9  avg=-23.3%  med=-50.0%  realized=$-221.00
  b29|c029_s173_w2_1005_1045_r2  n=  2  avg=-69.3%  med=-48.5%  realized=$-78.00
  b2|c002_s173_w3_1045_1120_r1  n= 15  avg=+67.7%  med=+32.8%  realized=$+707.00
  b300|lab0300_s353_w3_1045_1120_r1  n=  3  avg=+184.9%  med=-94.1%  realized=$-44.00
  b301|lab0301_s353_w3_1045_1120_r2  n=  1  avg=+942.9%  med=+942.9%  realized=$+66.00
  b302|lab0302_s353_w4_1120_1135_r1  n=  2  avg=+214.9%  med=+333.3%  realized=$+98.00
  b303|lab0303_s353_w4_1120_1135_r2  n=  3  avg=+158.5%  med=+93.1%  realized=$+121.00
  b304|lab0304_s354_w1_0928_1005_r1  n=  5  avg=+19.8%  med=+24.0%  realized=$+47.00
  b305|lab0305_s354_w1_0928_1005_r2  n=  5  avg=+2.5%  med=-51.6%  realized=$+2.00
  b306|lab0306_s354_w2_1005_1045_r1  n=  9  avg=-17.2%  med=-70.6%  realized=$-108.00
  b307|lab0307_s354_w2_1005_1045_r2  n= 10  avg=-18.9%  med=-68.6%  realized=$-50.00
  b308|lab0308_s354_w3_1045_1120_r1  n=  9  avg=+3.0%  med=-50.8%  realized=$-4.00
  b309|lab0309_s354_w3_1045_1120_r2  n=  9  avg=-5.5%  med=-52.3%  realized=$-49.00
  b30|c030_s165_w3_1045_1120_r2  n=  9  avg=+38.8%  med=+0.0%  realized=$+260.00
  b30|c030_s173_w3_1045_1120_r2  n=  2  avg=-9.5%  med=+0.0%  realized=$-14.00
  b310|lab0310_s354_w4_1120_1135_r1  n=  5  avg=+12.6%  med=-33.3%  realized=$+74.00
  b311|lab0311_s354_w4_1120_1135_r2  n=  5  avg=+32.1%  med=-72.9%  realized=$+107.00
  b312|lab0312_s355_w1_0928_1005_r1  n=  8  avg=-25.6%  med=-53.5%  realized=$-95.00
  b313|lab0313_s355_w1_0928_1005_r2  n=  7  avg=-6.9%  med=-48.8%  realized=$-31.00
  b314|lab0314_s355_w2_1005_1045_r1  n= 12  avg=-7.9%  med=-63.4%  realized=$-59.00
  b315|lab0315_s355_w2_1005_1045_r2  n= 13  avg=-10.4%  med=-41.3%  realized=$-69.00
  b316|lab0316_s355_w3_1045_1120_r1  n=  5  avg=+6.7%  med=-50.0%  realized=$+33.00
  b317|lab0317_s355_w3_1045_1120_r2  n= 10  avg=+70.5%  med=+57.1%  realized=$+320.00
  b318|lab0318_s355_w4_1120_1135_r1  n=  6  avg=+57.7%  med=+84.6%  realized=$+119.00
  b319|lab0319_s355_w4_1120_1135_r2  n=  6  avg=+60.7%  med=+59.4%  realized=$+133.00
  b31|c031_s165_w4_1120_1135_r2  n=  2  avg=+145.5%  med=+175.8%  realized=$+192.00
  b320|lab0320_s356_w1_0928_1005_r1  n=  4  avg=+18.8%  med=+37.9%  realized=$+34.00
  b321|lab0321_s356_w1_0928_1005_r2  n=  4  avg=+28.1%  med=+58.6%  realized=$+56.00
  b322|lab0322_s356_w2_1005_1045_r1  n=  3  avg=-12.4%  med=-21.6%  realized=$-21.00
  b323|lab0323_s356_w2_1005_1045_r2  n=  3  avg=-9.0%  med=-18.9%  realized=$-16.00
  b324|lab0324_s356_w3_1045_1120_r1  n=  4  avg=-5.4%  med=-25.0%  realized=$-12.00
  b325|lab0325_s356_w3_1045_1120_r2  n=  4  avg=-1.7%  med=-19.4%  realized=$-6.00
  b326|lab0326_s356_w4_1120_1135_r1  n=  2  avg=+76.1%  med=+100.0%  realized=$+68.00
  b327|lab0327_s356_w4_1120_1135_r2  n=  3  avg=+19.3%  med=+52.0%  realized=$+20.00
  b328|lab0328_s357_w1_0928_1005_r1  n=  3  avg=+3.8%  med=+47.1%  realized=$+7.00
  b329|lab0329_s357_w1_0928_1005_r2  n=  3  avg=+3.8%  med=+47.1%  realized=$+7.00
  b330|lab0330_s357_w2_1005_1045_r1  n=  2  avg=+34.9%  med=+131.4%  realized=$+27.00
  b331|lab0331_s357_w2_1005_1045_r2  n=  3  avg=-10.7%  med=-56.9%  realized=$-19.00
  b332|lab0332_s357_w3_1045_1120_r1  n=  5  avg=+66.7%  med=+73.7%  realized=$+190.00
  b333|lab0333_s357_w3_1045_1120_r2  n=  6  avg=+66.3%  med=+71.9%  realized=$+228.00
  b334|lab0334_s357_w4_1120_1135_r1  n=  1  avg=+81.2%  med=+81.2%  realized=$+39.00
  b335|lab0335_s357_w4_1120_1135_r2  n=  2  avg=+54.6%  med=+57.1%  realized=$+53.00
  b340|lab0340_s358_w3_1045_1120_r1  n=  1  avg=-51.4%  med=-51.4%  realized=$-37.00
  b341|lab0341_s358_w3_1045_1120_r2  n=  1  avg=-51.4%  med=-51.4%  realized=$-37.00
  b342|lab0342_s358_w4_1120_1135_r1  n=  1  avg=+53.1%  med=+53.1%  realized=$+26.00
  b343|lab0343_s358_w4_1120_1135_r2  n=  1  avg=+55.1%  med=+55.1%  realized=$+27.00
  b344|lab0344_s359_w1_0928_1005_r1  n=  5  avg=+37.9%  med=+46.7%  realized=$-33.00
  b345|lab0345_s359_w1_0928_1005_r2  n=  7  avg=+22.2%  med=-50.0%  realized=$-14.00
  b346|lab0346_s359_w2_1005_1045_r1  n= 12  avg=+62.3%  med=-46.7%  realized=$-60.00
  b347|lab0347_s359_w2_1005_1045_r2  n= 11  avg=+69.0%  med=-44.4%  realized=$-16.00
  b362|lab0362_s361_w1_0928_1005_r1  n=  6  avg=-13.8%  med=-30.4%  realized=$-71.00
  b363|lab0363_s361_w1_0928_1005_r2  n=  7  avg=-12.8%  med=-30.4%  realized=$-76.00
  b364|lab0364_s361_w2_1005_1045_r1  n=  9  avg=+126.2%  med=+81.8%  realized=$+88.00
  b365|lab0365_s361_w2_1005_1045_r2  n= 12  avg=+173.8%  med=+82.8%  realized=$+310.00
  b366|lab0366_s361_w3_1045_1120_r1  n=  3  avg=+351.3%  med=+61.1%  realized=$+59.00
  b367|lab0367_s361_w3_1045_1120_r2  n= 11  avg=+67.9%  med=-50.0%  realized=$-90.00
  b368|lab0368_s361_w4_1120_1135_r1  n=  3  avg=+103.8%  med=+71.4%  realized=$+37.00
  b369|lab0369_s361_w4_1120_1135_r2  n=  4  avg=+110.2%  med=+100.0%  realized=$+60.00
  b376|lab0376_s362_w1_0928_1005_r1  n=  8  avg=+1.2%  med=+8.7%  realized=$-21.00
  b377|lab0377_s362_w1_0928_1005_r2  n=  9  avg=+10.8%  med=+13.0%  realized=$+10.00
  b378|lab0378_s362_w2_1005_1045_r1  n=  5  avg=+239.7%  med=+70.6%  realized=$+163.00
  b379|lab0379_s362_w2_1005_1045_r2  n=  9  avg=+132.5%  med=+60.5%  realized=$+219.00
  b380|lab0380_s362_w3_1045_1120_r1  n=  7  avg=+183.1%  med=+103.3%  realized=$+226.00
  b381|lab0381_s362_w3_1045_1120_r2  n=  7  avg=+182.6%  med=+108.3%  realized=$+245.00
  b382|lab0382_s362_w4_1120_1135_r1  n=  3  avg=+463.7%  med=+323.8%  realized=$+376.00
  b383|lab0383_s362_w4_1120_1135_r2  n=  3  avg=+490.7%  med=+309.5%  realized=$+402.00
  b390|lab0390_s363_w1_0928_1005_r1  n=  3  avg=-13.7%  med=-49.1%  realized=$-60.00
  b391|lab0391_s363_w1_0928_1005_r2  n=  2  avg=+26.2%  med=+103.2%  realized=$+4.00
  b392|lab0392_s363_w2_1005_1045_r1  n=  8  avg=-41.2%  med=-65.4%  realized=$-222.00
  b393|lab0393_s363_w2_1005_1045_r2  n=  8  avg=-39.0%  med=-53.9%  realized=$-210.00
  b394|lab0394_s363_w3_1045_1120_r1  n=  5  avg=-46.4%  med=-81.0%  realized=$-150.00
  b395|lab0395_s363_w3_1045_1120_r2  n=  5  avg=-44.5%  med=-82.5%  realized=$-149.00
  b396|lab0396_s363_w4_1120_1135_r1  n=  2  avg=-15.1%  med=+44.7%  realized=$-19.00
  b397|lab0397_s363_w4_1120_1135_r2  n=  5  avg=-33.2%  med=-77.1%  realized=$-75.00
  b3|c003_s173_w4_1120_1135_r1  n= 17  avg=+131.0%  med=-50.0%  realized=$+1,311.00
  b404|lab0404_s364_w1_0928_1005_r1  n=  4  avg=-15.3%  med=-2.9%  realized=$-61.00
  b405|lab0405_s364_w1_0928_1005_r2  n=  5  avg=-6.0%  med=-5.9%  realized=$-44.00
  b406|lab0406_s364_w2_1005_1045_r1  n= 10  avg=-17.6%  med=-44.2%  realized=$-159.00
  b407|lab0407_s364_w2_1005_1045_r2  n= 11  avg=-12.3%  med=-42.3%  realized=$-90.00
  b408|lab0408_s364_w3_1045_1120_r1  n=  8  avg=+2.4%  med=+66.7%  realized=$-41.00
  b409|lab0409_s364_w3_1045_1120_r2  n= 10  avg=+0.0%  med=+53.1%  realized=$-54.00
  b40|c040_s166_w1_0928_1005_r2  n=  6  avg=-37.2%  med=-12.7%  realized=$-142.00
  b40|c040_s173_w1_0928_1005_r3  n= 23  avg=+12.9%  med=-15.4%  realized=$-90.00
  b410|lab0410_s364_w4_1120_1135_r1  n=  7  avg=+72.6%  med=+39.5%  realized=$+171.00
  b411|lab0411_s364_w4_1120_1135_r2  n=  4  avg=+137.5%  med=+188.9%  realized=$+189.00
  b418|lab0418_s365_w1_0928_1005_r1  n=  3  avg=+20.9%  med=+67.3%  realized=$+24.00
  b419|lab0419_s365_w1_0928_1005_r2  n=  4  avg=+17.6%  med=+56.1%  realized=$+28.00
  b41|c041_s166_w2_1005_1045_r2  n=  3  avg=-62.0%  med=-61.4%  realized=$-106.00
  b41|c041_s173_w2_1005_1045_r3  n= 13  avg=-48.5%  med=-66.7%  realized=$-452.00
  b420|lab0420_s365_w2_1005_1045_r1  n=  2  avg=+2.8%  med=+54.0%  realized=$-2.00
  b421|lab0421_s365_w2_1005_1045_r2  n=  3  avg=-21.3%  med=-48.3%  realized=$-40.00
  b422|lab0422_s365_w3_1045_1120_r1  n=  3  avg=+33.1%  med=+63.6%  realized=$+25.00
  b423|lab0423_s365_w3_1045_1120_r2  n=  3  avg=+28.9%  med=+63.6%  realized=$+20.00
  b424|lab0424_s365_w4_1120_1135_r1  n=  5  avg=-10.7%  med=+0.0%  realized=$-24.00
  b425|lab0425_s365_w4_1120_1135_r2  n=  3  avg=+109.8%  med=+54.8%  realized=$+124.00
  b42|c042_s166_w3_1045_1120_r2  n=  6  avg=+115.7%  med=+21.4%  realized=$+489.00
  b42|c042_s173_w3_1045_1120_r3  n= 13  avg=+31.1%  med=-8.3%  realized=$+262.00
  b432|lab0432_s366_w1_0928_1005_r1  n=  1  avg=-56.9%  med=-56.9%  realized=$-37.00
  b433|lab0433_s366_w1_0928_1005_r2  n=  1  avg=-56.9%  med=-56.9%  realized=$-37.00
  b434|lab0434_s366_w2_1005_1045_r1  n=  2  avg=+19.6%  med=+96.1%  realized=$+12.00
  b435|lab0435_s366_w2_1005_1045_r2  n=  3  avg=+20.7%  med=+49.0%  realized=$+23.00
  b436|lab0436_s366_w3_1045_1120_r1  n=  1  avg=-51.7%  med=-51.7%  realized=$-30.00
  b437|lab0437_s366_w3_1045_1120_r2  n=  1  avg=-53.5%  med=-53.5%  realized=$-31.00
  b438|lab0438_s366_w4_1120_1135_r1  n=  2  avg=+22.6%  med=+94.3%  realized=$+22.00
  b439|lab0439_s366_w4_1120_1135_r2  n=  2  avg=+26.4%  med=+101.9%  realized=$+26.00
  b43|c043_s166_w4_1120_1135_r2  n=  7  avg=+62.0%  med=+41.9%  realized=$+281.00
  b43|c043_s173_w4_1120_1135_r3  n=  8  avg=+58.7%  med=+53.2%  realized=$+241.00
  b449|lab0449_s367_w2_1005_1045_r2  n=  1  avg=-48.9%  med=-48.9%  realized=$-22.00
  b450|lab0450_s367_w3_1045_1120_r1  n=  1  avg=-51.4%  med=-51.4%  realized=$-37.00
  b451|lab0451_s367_w3_1045_1120_r2  n=  1  avg=-25.0%  med=-25.0%  realized=$-18.00
  b46|c046_s174_w3_1045_1120_r3  n=  3  avg=-89.7%  med=-89.7%  realized=$-156.00
  b47|c047_s163_w4_1120_1135_r2  n=  3  avg=-79.7%  med=-78.0%  realized=$-141.00
  b47|c047_s174_w4_1120_1135_r3  n= 25  avg=-73.4%  med=-78.0%  realized=$-1,155.00
  b48|c048_s164_w1_0928_1005_r2  n=  5  avg=-33.1%  med=-49.1%  realized=$-91.00
  b48|c048_s165_w1_0928_1005_r3  n= 16  avg=-35.9%  med=-49.1%  realized=$-344.00
  b49|c049_s164_w2_1005_1045_r2  n=  4  avg=-51.8%  med=-44.0%  realized=$-133.00
  b49|c049_s165_w2_1005_1045_r3  n= 15  avg=-49.3%  med=-49.1%  realized=$-458.00
  b50|c050_s164_w3_1045_1120_r2  n=  4  avg=-39.6%  med=-16.7%  realized=$-115.00
  b50|c050_s165_w3_1045_1120_r3  n=  9  avg=-23.6%  med=-23.1%  realized=$-142.00
  b51|c051_s165_w4_1120_1135_r3  n=  1  avg=+263.6%  med=+263.6%  realized=$+174.00
  b56|g056_lim_tp20_sl65  n=  1  avg=+47.7%  med=+47.7%  realized=$+20.52
  b57|g057_mid_tp20_sl65  n=  1  avg=+47.7%  med=+47.7%  realized=$+20.52
  b58|g058_eod_tp20_sl65  n=  1  avg=+59.1%  med=+59.1%  realized=$+25.41
  b60|c060_s167_w1_0928_1005_r3  n=  3  avg=-55.8%  med=-62.8%  realized=$-98.00
  b60|c060_s173_w1_0928_1005_r4  n= 13  avg=-5.1%  med=-13.6%  realized=$-99.00
  b61|c061_s167_w2_1005_1045_r3  n=  5  avg=-54.6%  med=-50.9%  realized=$-160.00
  b61|c061_s173_w2_1005_1045_r4  n=  8  avg=-37.3%  med=-50.0%  realized=$-208.00
  b62|c062_s167_w3_1045_1120_r3  n=  8  avg=-51.8%  med=-64.2%  realized=$-286.00
  b62|c062_s173_w3_1045_1120_r4  n= 20  avg=+182.8%  med=-58.3%  realized=$-183.00
  b63|c063_s167_w4_1120_1135_r3  n=  2  avg=-54.8%  med=-54.8%  realized=$-68.00
  b63|c063_s173_w4_1120_1135_r4  n=  1  avg=-46.1%  med=-46.1%  realized=$-24.00
  b63|g063_mid_tp20_sl65  n=  1  avg=+23.3%  med=+23.3%  realized=$+18.63
  b64|c064_s174_w1_0928_1005_r4  n=  3  avg=-93.3%  med=-93.3%  realized=$-168.00
  b64|g064_eod_tp20_sl65  n=  1  avg=+34.2%  med=+34.2%  realized=$+27.40
  b65|c065_s174_w2_1005_1045_r4  n=  8  avg=-45.7%  med=-45.2%  realized=$-238.00
  b65|g065_lim_tp20_sl65  n=  1  avg=+23.3%  med=+23.3%  realized=$+18.63
  b66|c066_s174_w3_1045_1120_r4  n=  1  avg=-52.5%  med=-52.5%  realized=$-31.00
  b66|g066_mid_tp20_sl65  n=  1  avg=+23.3%  med=+23.3%  realized=$+18.63
  b67|c067_s174_w4_1120_1135_r4  n=  1  avg=-45.8%  med=-45.8%  realized=$-27.00
  b67|g067_eod_tp20_sl65  n=  1  avg=+34.2%  med=+34.2%  realized=$+27.40
  b68|c068_s165_w1_0928_1005_r4  n= 16  avg=-51.3%  med=-49.1%  realized=$-446.00
  b68|c068_s166_w1_0928_1005_r3  n=  4  avg=-52.7%  med=-49.1%  realized=$-116.00
  b69|c069_s165_w2_1005_1045_r4  n= 11  avg=+19.0%  med=-43.6%  realized=$-179.00
  b69|c069_s166_w2_1005_1045_r3  n=  4  avg=+10.1%  med=-40.0%  realized=$-87.00
  b70|c070_s165_w3_1045_1120_r4  n= 11  avg=-2.1%  med=-16.9%  realized=$-6.00
  b70|c070_s166_w3_1045_1120_r3  n=  4  avg=-42.5%  med=-27.0%  realized=$-124.00
  b70|g070_eod_tp30_sl20  n=  1  avg=+59.1%  med=+59.1%  realized=$+27.77
  b71|g071_lim_tp30_sl20  n=  1  avg=+36.5%  med=+36.5%  realized=$+23.73
  b72|g072_mid_tp30_sl20  n=  1  avg=+36.5%  med=+36.5%  realized=$+23.73
  b73|g073_eod_tp30_sl20  n=  1  avg=+55.6%  med=+55.6%  realized=$+36.11
  b73|lab0073_s209_w1_0928_1005_r2  n=  1  avg=-64.7%  med=-64.7%  realized=$-11.00
  b74|g074_lim_tp30_sl20  n=  1  avg=+36.5%  med=+36.5%  realized=$+23.73
  b74|lab0074_s209_w2_1005_1045_r1  n=  1  avg=-58.2%  med=-58.2%  realized=$-39.00
  b75|g075_mid_tp30_sl20  n=  1  avg=+36.5%  med=+36.5%  realized=$+23.73
  b75|lab0075_s209_w2_1005_1045_r2  n=  2  avg=-50.8%  med=-50.8%  realized=$-68.00
  b768|lab0768_s396_w1_0928_1005_r1  n=  2  avg=+89.0%  med=+93.1%  realized=$+118.00
  b769|lab0769_s396_w1_0928_1005_r2  n=  2  avg=+106.2%  med=+116.7%  realized=$+139.00
  b76|c076_s164_w1_0928_1005_r3  n=  1  avg=-50.0%  med=-50.0%  realized=$-2.00
  b76|g076_eod_tp30_sl20  n=  1  avg=+34.2%  med=+34.2%  realized=$+27.40
  b771|lab0771_s396_w2_1005_1045_r2  n=  1  avg=-82.2%  med=-82.2%  realized=$-60.00
  b775|lab0775_s396_w4_1120_1135_r2  n=  1  avg=+74.6%  med=+74.6%  realized=$+44.00
  b776|lab0776_s397_w1_0928_1005_r1  n=  3  avg=-38.5%  med=-64.9%  realized=$-74.00
  b777|lab0777_s397_w1_0928_1005_r2  n=  6  avg=+22.9%  med=+38.6%  realized=$+72.00
  b778|lab0778_s397_w2_1005_1045_r1  n=  8  avg=+67.0%  med=+73.0%  realized=$+342.00
  b779|lab0779_s397_w2_1005_1045_r2  n=  7  avg=+64.7%  med=+61.9%  realized=$+306.00
  b77|g077_lim_tp30_sl20  n=  1  avg=-23.3%  med=-23.3%  realized=$-18.63
  b77|lab0077_s209_w3_1045_1120_r2  n=  1  avg=-70.9%  med=-70.9%  realized=$-39.00
  b780|lab0780_s397_w3_1045_1120_r1  n=  3  avg=+43.8%  med=+74.3%  realized=$+81.00
  b781|lab0781_s397_w3_1045_1120_r2  n=  6  avg=+24.3%  med=+71.8%  realized=$+136.00
  b782|lab0782_s397_w4_1120_1135_r1  n=  1  avg=-54.0%  med=-54.0%  realized=$-34.00
  b783|lab0783_s397_w4_1120_1135_r2  n=  3  avg=+66.9%  med=+105.1%  realized=$+123.00
  b784|lab0784_s398_w1_0928_1005_r1  n=  5  avg=+37.3%  med=+49.0%  realized=$+70.00
  b785|lab0785_s398_w1_0928_1005_r2  n=  6  avg=+9.2%  med=+49.0%  realized=$+37.00
  b786|lab0786_s398_w2_1005_1045_r1  n= 10  avg=+1.1%  med=+3.3%  realized=$-27.00
  b787|lab0787_s398_w2_1005_1045_r2  n=  5  avg=+36.0%  med=+61.3%  realized=$+57.00
  b788|lab0788_s398_w3_1045_1120_r1  n= 10  avg=+3.6%  med=-18.4%  realized=$+31.00
  b789|lab0789_s398_w3_1045_1120_r2  n=  9  avg=-11.4%  med=-54.3%  realized=$-10.00
  b78|g078_mid_tp30_sl20  n=  1  avg=-23.3%  med=-23.3%  realized=$-18.63
  b790|lab0790_s398_w4_1120_1135_r1  n=  5  avg=+179.6%  med=+140.3%  realized=$+338.00
  b791|lab0791_s398_w4_1120_1135_r2  n=  7  avg=+124.0%  med=+155.6%  realized=$+293.00
  b792|lab0792_s399_w1_0928_1005_r1  n=  4  avg=+100.0%  med=+140.0%  realized=$+80.00
  b793|lab0793_s399_w1_0928_1005_r2  n= 11  avg=+34.3%  med=+57.9%  realized=$+127.00
  b794|lab0794_s399_w2_1005_1045_r1  n= 11  avg=+74.8%  med=-17.2%  realized=$-78.00
  b795|lab0795_s399_w2_1005_1045_r2  n= 13  avg=+43.5%  med=-51.7%  realized=$-61.00
  b796|lab0796_s399_w3_1045_1120_r1  n=  3  avg=+266.6%  med=-74.0%  realized=$-5.00
  b797|lab0797_s399_w3_1045_1120_r2  n= 15  avg=+23.0%  med=-52.8%  realized=$-146.00
  b798|lab0798_s399_w4_1120_1135_r1  n=  5  avg=+12.3%  med=-53.1%  realized=$+61.00
  b799|lab0799_s399_w4_1120_1135_r2  n=  8  avg=+26.4%  med=+53.3%  realized=$+49.00
  b79|g079_eod_tp30_sl20  n=  1  avg=+34.2%  med=+34.2%  realized=$+27.40
  b79|lab0079_s209_w4_1120_1135_r2  n=  1  avg=-94.6%  med=-94.6%  realized=$-53.00
  b7|c007_s174_w4_1120_1135_r1  n=  5  avg=-7.5%  med=-1.4%  realized=$-58.00
  b800|lab0800_s404_w1_0928_1005_r1  n=  6  avg=+23.0%  med=+38.6%  realized=$+65.00
  b801|lab0801_s404_w1_0928_1005_r2  n=  6  avg=+1.7%  med=+31.6%  realized=$+24.00
  b802|lab0802_s404_w2_1005_1045_r1  n= 12  avg=+30.0%  med=+60.9%  realized=$+236.00
  b803|lab0803_s404_w2_1005_1045_r2  n= 10  avg=+55.7%  med=+58.9%  realized=$+347.00
  b804|lab0804_s404_w3_1045_1120_r1  n=  7  avg=+14.7%  med=+68.5%  realized=$+107.00
  b805|lab0805_s404_w3_1045_1120_r2  n=  8  avg=-7.4%  med=+57.5%  realized=$+11.00
  b806|lab0806_s404_w4_1120_1135_r1  n=  4  avg=+64.7%  med=+91.5%  realized=$+160.00
  b807|lab0807_s404_w4_1120_1135_r2  n=  5  avg=+54.4%  med=+53.2%  realized=$+168.00
  b80|c080_s168_w1_0928_1005_r3  n=  8  avg=+3.6%  med=-11.1%  realized=$-45.00
  b80|c080_s173_w1_0928_1005_r5  n= 45  avg=+52.6%  med=+59.1%  realized=$+503.00
  b80|g080_lim_tp30_sl30  n=  1  avg=+36.5%  med=+36.5%  realized=$+23.73
  b80|lab0080_s210_w1_0928_1005_r1  n= 12  avg=+12.9%  med=-8.5%  realized=$+57.00
  b81|c081_s168_w2_1005_1045_r3  n=  5  avg=-26.9%  med=-33.8%  realized=$-83.00
  b81|c081_s173_w2_1005_1045_r5  n= 20  avg=-39.1%  med=-38.4%  realized=$-559.00
  b81|g081_mid_tp30_sl30  n=  1  avg=+36.5%  med=+36.5%  realized=$+23.73
  b81|lab0081_s210_w1_0928_1005_r2  n= 12  avg=+8.1%  med=+46.7%  realized=$+47.00
  b828|lab0828_s406_w1_0928_1005_r1  n=  4  avg=-15.8%  med=+10.0%  realized=$+1.00
  b829|lab0829_s406_w1_0928_1005_r2  n=  3  avg=-11.0%  med=-50.0%  realized=$-13.00
  b82|c082_s168_w3_1045_1120_r3  n=  5  avg=-1.6%  med=-40.0%  realized=$-2.00
  b82|c082_s173_w3_1045_1120_r5  n=  9  avg=-10.7%  med=-12.5%  realized=$-48.00
  b82|g082_eod_tp30_sl30  n=  1  avg=+55.6%  med=+55.6%  realized=$+36.11
  b82|lab0082_s210_w2_1005_1045_r1  n= 12  avg=-16.7%  med=-6.2%  realized=$-70.00
  b830|lab0830_s406_w2_1005_1045_r1  n= 13  avg=+66.4%  med=+61.3%  realized=$+59.00
  b831|lab0831_s406_w2_1005_1045_r2  n= 16  avg=+70.3%  med=+81.8%  realized=$+127.00
  b832|lab0832_s406_w3_1045_1120_r1  n= 15  avg=+305.6%  med=+55.3%  realized=$+1,461.00
  b833|lab0833_s406_w3_1045_1120_r2  n= 18  avg=+284.9%  med=+73.1%  realized=$+1,443.00
  b834|lab0834_s406_w4_1120_1135_r1  n=  7  avg=+407.3%  med=+105.3%  realized=$+135.00
  b835|lab0835_s406_w4_1120_1135_r2  n=  7  avg=+174.8%  med=+66.7%  realized=$+195.00
  b83|c083_s168_w4_1120_1135_r3  n=  8  avg=+84.0%  med=+62.9%  realized=$+429.00
  b83|c083_s173_w4_1120_1135_r5  n= 20  avg=-20.6%  med=-68.2%  realized=$-271.00
  b83|g083_lim_tp30_sl30  n=  1  avg=+30.1%  med=+30.1%  realized=$+24.11
  b83|lab0083_s210_w2_1005_1045_r2  n=  7  avg=+9.9%  med=+7.0%  realized=$+14.00
  b84|g084_mid_tp30_sl30  n=  1  avg=+30.1%  med=+30.1%  realized=$+24.11
  b84|lab0084_s210_w3_1045_1120_r1  n= 12  avg=-45.0%  med=-64.4%  realized=$-240.00
  b856|lab0856_s408_w1_0928_1005_r1  n=  3  avg=-28.1%  med=-58.7%  realized=$-32.00
  b857|lab0857_s408_w1_0928_1005_r2  n=  4  avg=-23.5%  med=-33.3%  realized=$-37.00
  b858|lab0858_s408_w2_1005_1045_r1  n=  6  avg=+26.6%  med=-52.6%  realized=$-1.00
  b859|lab0859_s408_w2_1005_1045_r2  n=  8  avg=-31.0%  med=-42.9%  realized=$-36.00
  b85|c085_s174_w2_1005_1045_r5  n=  7  avg=-9.4%  med=-32.7%  realized=$-42.00
  b85|g085_eod_tp30_sl30  n=  1  avg=+34.2%  med=+34.2%  realized=$+27.40
  b85|lab0085_s210_w3_1045_1120_r2  n= 15  avg=+56.9%  med=-44.4%  realized=$+25.00
  b860|lab0860_s408_w3_1045_1120_r1  n=  9  avg=+484.2%  med=+33.3%  realized=$+807.00
  b861|lab0861_s408_w3_1045_1120_r2  n= 12  avg=+218.5%  med=+100.0%  realized=$+471.00
  b862|lab0862_s408_w4_1120_1135_r1  n=  6  avg=-4.0%  med=+60.0%  realized=$-55.00
  b863|lab0863_s408_w4_1120_1135_r2  n=  9  avg=+1.7%  med=+0.0%  realized=$-12.00
  b86|c086_s174_w3_1045_1120_r5  n=  4  avg=+26.1%  med=+39.7%  realized=$+64.00
  b86|g086_lim_tp30_sl30  n=  1  avg=+30.1%  med=+30.1%  realized=$+24.11
  b86|lab0086_s210_w4_1120_1135_r1  n=  6  avg=+31.1%  med=+16.7%  realized=$+67.00
  b87|c087_s174_w4_1120_1135_r5  n=  4  avg=-23.5%  med=+37.5%  realized=$-114.00
  b87|g087_mid_tp30_sl30  n=  1  avg=+30.1%  med=+30.1%  realized=$+24.11
  b87|lab0087_s210_w4_1120_1135_r2  n=  8  avg=-0.2%  med=+19.4%  realized=$-21.00
  b884|lab0884_s410_w1_0928_1005_r1  n=  2  avg=+80.6%  med=+83.3%  realized=$+106.00
  b885|lab0885_s410_w1_0928_1005_r2  n=  3  avg=+72.8%  med=+65.3%  realized=$+145.00
  b886|lab0886_s410_w2_1005_1045_r1  n=  1  avg=+101.5%  med=+101.5%  realized=$+68.00
  b887|lab0887_s410_w2_1005_1045_r2  n=  1  avg=-48.4%  med=-48.4%  realized=$-31.00
  b888|lab0888_s410_w3_1045_1120_r1  n=  1  avg=-78.1%  med=-78.1%  realized=$-57.00
  b889|lab0889_s410_w3_1045_1120_r2  n=  1  avg=-68.5%  med=-68.5%  realized=$-50.00
  b88|c088_s165_w1_0928_1005_r5  n= 21  avg=-5.0%  med=-2.7%  realized=$-63.00
  b88|c088_s167_w1_0928_1005_r4  n=  4  avg=-12.7%  med=+30.9%  realized=$-28.00
  b88|g088_eod_tp30_sl30  n=  2  avg=+36.0%  med=+37.7%  realized=$+65.09
  b898|lab0898_s411_w1_0928_1005_r1  n=  2  avg=-54.5%  med=-51.4%  realized=$-79.00
  b899|lab0899_s411_w1_0928_1005_r2  n=  2  avg=-48.9%  med=-48.6%  realized=$-69.00
  b89|c089_s165_w2_1005_1045_r5  n=  7  avg=+113.1%  med=+30.9%  realized=$+67.00
  b89|c089_s167_w2_1005_1045_r4  n=  2  avg=-16.2%  med=+30.9%  realized=$-22.00
  b89|g089_lim_tp30_sl30  n=  1  avg=+30.1%  med=+30.1%  realized=$+24.11
  b8|c008_s165_w1_0928_1005_r1  n= 23  avg=-19.6%  med=-35.3%  realized=$-250.00
  b900|lab0900_s411_w2_1005_1045_r1  n= 11  avg=-2.4%  med=+7.7%  realized=$+1.00
  b901|lab0901_s411_w2_1005_1045_r2  n=  9  avg=+9.0%  med=+23.9%  realized=$+49.00
  b902|lab0902_s411_w3_1045_1120_r1  n=  7  avg=-0.6%  med=+8.1%  realized=$-13.00
  b903|lab0903_s411_w3_1045_1120_r2  n=  9  avg=+8.0%  med=+10.4%  realized=$+28.00
  b904|lab0904_s411_w4_1120_1135_r1  n=  2  avg=-52.8%  med=-52.2%  realized=$-60.00
  b905|lab0905_s411_w4_1120_1135_r2  n=  4  avg=-11.7%  med=+13.1%  realized=$-17.00
  b90|c090_s165_w3_1045_1120_r5  n= 13  avg=+7.7%  med=+0.0%  realized=$+47.00
  b90|c090_s167_w3_1045_1120_r4  n=  4  avg=-41.6%  med=-18.9%  realized=$-123.00
  b90|g090_mid_tp30_sl30  n=  1  avg=+30.1%  med=+30.1%  realized=$+24.11
  b90|live_1to1           n= 18  avg=+11.6%  med=-10.0%  realized=$+84.00
  b912|lab0912_s412_w1_0928_1005_r1  n=  6  avg=+75.0%  med=+66.7%  realized=$+27.00
  b913|lab0913_s412_w1_0928_1005_r2  n=  6  avg=+69.9%  med=+66.7%  realized=$+23.00
  b914|lab0914_s412_w2_1005_1045_r1  n=  7  avg=+91.8%  med=+68.2%  realized=$+168.00
  b915|lab0915_s412_w2_1005_1045_r2  n=  7  avg=+80.5%  med=+43.2%  realized=$+133.00
  b916|lab0916_s412_w3_1045_1120_r1  n= 14  avg=+1.8%  med=-10.7%  realized=$+8.00
  b917|lab0917_s412_w3_1045_1120_r2  n=  7  avg=+106.9%  med=-3.6%  realized=$-8.00
  b918|lab0918_s412_w4_1120_1135_r1  n=  4  avg=-45.8%  med=-38.1%  realized=$-94.00
  b919|lab0919_s412_w4_1120_1135_r2  n=  5  avg=+33.9%  med=-2.2%  realized=$+8.00
  b91|c091_s165_w4_1120_1135_r5  n=  2  avg=+222.0%  med=+247.0%  realized=$+293.00
  b91|g091_eod_tp30_sl30  n=  2  avg=+19.8%  med=+55.6%  realized=$+25.00
  b92|g092_lim_tp30_sl40  n=  2  avg=+53.6%  med=+70.8%  realized=$+94.51
  b93|g093_mid_tp30_sl40  n=  2  avg=+53.6%  med=+70.8%  realized=$+94.51
  b94|g094_eod_tp30_sl40  n=  2  avg=+46.6%  med=+55.6%  realized=$+73.80
  b94|lab0094_s211_w1_0928_1005_r1  n=  8  avg=-4.1%  med=-5.7%  realized=$-34.00
  b95|g095_lim_tp30_sl40  n=  2  avg=+50.5%  med=+70.8%  realized=$+94.89
  b95|lab0095_s211_w1_0928_1005_r2  n=  9  avg=-27.7%  med=-42.1%  realized=$-143.00
  b96|g096_mid_tp30_sl40  n=  2  avg=+50.5%  med=+70.8%  realized=$+94.89
  b96|lab0096_s211_w2_1005_1045_r1  n=  6  avg=-44.0%  med=-38.1%  realized=$-83.00
  b97|g097_eod_tp30_sl40  n=  2  avg=+36.0%  med=+37.7%  realized=$+65.09
  b97|lab0097_s211_w2_1005_1045_r2  n=  7  avg=-54.0%  med=-46.1%  realized=$-125.00
  b98|g098_lim_tp30_sl40  n=  2  avg=+50.5%  med=+70.8%  realized=$+94.89
  b98|lab0098_s211_w3_1045_1120_r1  n=  7  avg=+190.8%  med=-48.7%  realized=$-61.00
  b99|g099_mid_tp30_sl40  n=  2  avg=+50.5%  med=+70.8%  realized=$+94.89
  b99|lab0099_s211_w3_1045_1120_r2  n=  8  avg=+84.6%  med=+107.7%  realized=$+149.00
  b9|c009_s165_w2_1005_1045_r1  n=  7  avg=-74.4%  med=-66.2%  realized=$-301.00
========================================================
+========================================================================+
|[OPTIONS BOT DAILY VITALS (MATRIX EXPERIMENT)]                          |
+========================================================================+
|-- ACCOUNT STATUS (entry+manage) --                                     |
|Equity       : $996,108.53                                              |
|Open Risk    : 33 lots (12 broker pos)                                  |
|Today's Run  : 56 signals -> 0 orders submitted                         |
|                                                                        |
|-- SYSTEM HEALTH --                                                     |
|Zombies      : 0 (Ledger is clean)                                      |
|Lab Status   : 33 Active Lots | 0 Pending Orders                        |
|Auto-Matrix  : (Pending EOD report generation)                          |
+========================================================================+
+========================================================================+
|[DATA QUALITY: CLEAN vs ERRORS vs KEEP-ONLY]                            |
+========================================================================+
|  CLEAN              n=1377  win= 49.1%  med= -15.9%  $+17,330          |
|  TAINTED            n=1882  win= 33.3%  med= -38.9%  $-9,546           |
|  KEEP-only          n=713   win= 62.3%  med= +51.6%  $+11,733          |
|  KEEP recent        n=520   win= 60.4%  med= +54.0%  $+7,488           |
|  KEEP(24): S163,S167,S168,S173,S174,S210,S218,S350...                  |
|  KILL(18): ORPHAN,S164,S202,S203,S207,S211,S212,S216...                |
+========================================================================+
+========================================================================+
|[+++ OVERPERFORMING STRATEGIES (n>=10)]                                 |
+========================================================================+
|  BKT  PROFILE                   WIN%   MED%   TOTAL TRADES             |
|  ---------------------------------------------------------             |
|  b238 lab0238_s401_w3_1045..  79%  +104.7%    19                       |
|  b276 lab0276_s350_w1_0928..  70%  +102.9%    10                       |
|  b861 lab0861_s408_w3_1045..  67%  +83.3%    12                        |
|  b365 lab0365_s361_w2_1005..  92%  +82.8%    12                        |
+========================================================================+
|[--- UNDERPERFORMING STRATEGIES (n>=10)]                                |
+========================================================================+
|  BKT  PROFILE                   WIN%   MED%   TOTAL TRADES             |
|  ---------------------------------------------------------             |
|  b47  lab0047_s205_w4_1120..   4%  -78.0%    28                        |
|  b307 lab0307_s354_w2_1005..  30%  -69.9%    10                        |
|  b1   lab0001_s200_w1_0928..   0%  -65.8%    10                        |
|  b41  lab0041_s205_w1_0928..  12%  -65.3%    16                        |
+========================================================================+
+========================================================================+
|[PENDING EXITS (2)]                                                     |
+========================================================================+
|  b196 S218 AXP260925C00325000 x1 stop_loss (-55.3%)                    |
|  b167 S216 MCD260925C00272500 x1 stop_loss (-100.0%)                   |
+========================================================================+
+========================================================================+
|[OPEN OPTIONS (12)]                                                     |
+========================================================================+
|  SYMBOL                      QTY    RET%        OPEN P&L               |
|  ---------------------------------------------------------             |
|  MARA260925C00012500           3   +191.9%   $   +286.00               |
|  MARA260925C00011500          -1  -1456.2%   $   -233.00               |
|  MARA260925C00012000          -1   -586.2%   $   -170.00               |
|  NFLX260925C00074000           7    -39.0%   $   -139.00               |
|  AMD260923C00657500            4    -36.2%   $    -68.00               |
|  LLY260925C01250000            7    -23.1%   $    -63.00               |
|  NFLX261002C00076000           2    -30.9%   $    -34.00               |
|  AMD260923C00652500            4    -15.1%   $    -32.00               |
|  ... 4 more position(s)                                                |
+========================================================================+
Full detail: logs/options_trial/runs/2026-09-22.log
elapsed=54.1s reconcile=0.39s cancel=0.13s manage=6.61s scan=35.23s entries=10.39s

=== 10:26:20 ET — entry+manage (0 new) [elapsed=53.5s reconcile=0.39s cancel=0.12s manage=6.02s scan=34.78s entries=10.52s] ===
=== options_morning_bot (PAPER) 2026-09-22T10:26:20.113277-04:00 ===

[Run context]
Paper auth OK — equity $996042.03, account PA33P8KT02IL
  reconcile: layout changed controlled:100:c000_s173_w1_0928_1005_r1 -> controlled:1164:live_1to1+variations

[Setup]
LIVE 1:1 bucket b90 live_1to1 — S218, S404, S406 | TP+50%/SL-40% | stop-mkt | min $20
Variation study: 1163 lab/promising bucket(s) | cohort: all paper strategies | max 400 new entries/run
Dropped (no new entries; ex-reflected P&L): S203, S207, S212, S360, S405, S407
  EXIT [b434|lab0434_s366_w2_1005_1045_r1|S366] take_profit (+183.9%) SELL failed MARA260925C00012500: {"code":40310000,"message":"account not eligible to trade uncovered option contracts"}
  EXIT [b433|lab0433_s366_w1_0928_1005_r2|S366] take_profit (+183.9%) SELL failed MARA260925C00012500: {"code":40310000,"message":"account not eligible to trade uncovered option contracts"}
  EXIT [b432|lab0432_s366_w1_0928_1005_r1|S366] take_profit (+183.9%) SELL failed MARA260925C00012500: {"code":40310000,"message":"account not eligible to trade uncovered option contracts"}
  cancelled protective stop NFLX260925C00074000 id=e193b126-b8a9-4445-93c5-56bcc1bd1086
  EXIT [b90|live_1to1|S404] stop_loss (-43.0%) SELL 1 NFLX260925C00074000 @<= 0.25  id=20a58a5b-d127-4b8f-9b25-e81fe1b95452
  EXIT skip AXP260925C00325000: open sell already pending
  EXIT skip MCD260925C00272500: open sell already pending
  PROT STOP failed MARA260925C00012500: {"code":40310000,"message":"account not eligible to trade uncovered option contracts"}
  PROT STOP failed NFLX260925C00074000: {"code":40310000,"message":"account not eligible to trade uncovered option contracts"}
Protective stops: placed=0 upgraded=0 already=8 failed=2 (market-first)

[Scan + entries]
Scanning 117 symbols for [S165, S164, S168, S167, S166, S163, S169, S170, S171, S172, S175, S200, S201, S202, S204, S205, S206, S208, S209, S210, S211, S213, S214, S215, S216, S217, S218, S219, S220, S221, S400, S401, S402, S403, S350, S351, S352, S353, S354, S355, S356, S357, S358, S359, S361, S362, S363, S364, S365, S366, S367, S368, S369, S370, S371, S372, S373, S374, S375, S376, S377, S378, S379, S380, S381, S382, S383, S384, S385, S386, S387, S388, S389, S390, S391, S392, S393, S394, S413, S414, S415, S416, S417, S418, S395, S396, S397, S398, S399, S404, S406, S408, S409, S410, S411, S412, S413, S414, S415, S416, S417, S418, S419] …
  Daily bars disk cache hit (options_daily_bars_2026-09-22.parquet)
Fetched daily bars for 113/117 symbols
Found 56 signal(s); top: ['S211:AMD', 'S401:AMD', 'S210:COIN', 'S401:COIN', 'S401:META', 'S401:AMZN', 'S401:MARA', 'S401:MSTR']
Paper lab: $996042 broker equity -> 1164 bucket(s) ($500 virtual each, unlimited paper)
  [b82|lab0082_s210_w2_1005_1045_r1] S210 COIN (tier: fast): no tradeable call
  [b83|lab0083_s210_w2_1005_1045_r2] S210 COIN (tier: fast): no tradeable call
  [b1054|lab1054_s165_w2_1005_1045_r1] S165 MPC (tier: neutral): no tradeable call
  [b1055|lab1055_s165_w2_1005_1045_r2] S165 MPC (tier: neutral): no tradeable call
  [b1152|lab1152_s164_w2_1005_1045_r1] S164 MPC (tier: neutral): no tradeable call
  [b1153|lab1153_s164_w2_1005_1045_r2] S164 MPC (tier: neutral): no tradeable call
  [b1124|lab1124_s168_w2_1005_1045_r1] S168 MPC (tier: neutral): no tradeable call
  [b1125|lab1125_s168_w2_1005_1045_r2] S168 MPC (tier: neutral): no tradeable call
  [b1096|lab1096_s167_w2_1005_1045_r1] S167 MPC (tier: neutral): no tradeable call
  [b1097|lab1097_s167_w2_1005_1045_r2] S167 MPC (tier: neutral): no tradeable call
  [b1138|lab1138_s163_w2_1005_1045_r1] S163 MPC (tier: neutral): no tradeable call
  [b1139|lab1139_s163_w2_1005_1045_r2] S163 MPC (tier: neutral): no tradeable call
  [b278|lab0278_s350_w2_1005_1045_r1] S350 MPC (tier: neutral): no tradeable call
  [b279|lab0279_s350_w2_1005_1045_r2] S350 MPC (tier: neutral): no tradeable call
  [b282|lab0282_s351_w2_1005_1045_r1] S351 MPC (tier: neutral): no tradeable call
  [b283|lab0283_s351_w2_1005_1045_r2] S351 MPC (tier: neutral): no tradeable call
  [b290|lab0290_s352_w2_1005_1045_r1] S352 MPC (tier: neutral): no tradeable call
  [b291|lab0291_s352_w2_1005_1045_r2] S352 MPC (tier: neutral): no tradeable call
  [b298|lab0298_s353_w2_1005_1045_r1] S353 MPC (tier: neutral): no tradeable call
  [b299|lab0299_s353_w2_1005_1045_r2] S353 MPC (tier: neutral): no tradeable call
  [b306|lab0306_s354_w2_1005_1045_r1] S354 MPC (tier: neutral): no tradeable call
  [b307|lab0307_s354_w2_1005_1045_r2] S354 MPC (tier: neutral): no tradeable call
  [b314|lab0314_s355_w2_1005_1045_r1] S355 MPC (tier: neutral): no tradeable call
  [b315|lab0315_s355_w2_1005_1045_r2] S355 MPC (tier: neutral): no tradeable call
  [b322|lab0322_s356_w2_1005_1045_r1] S356 MPC (tier: neutral): no tradeable call
  [b323|lab0323_s356_w2_1005_1045_r2] S356 MPC (tier: neutral): no tradeable call
  [b330|lab0330_s357_w2_1005_1045_r1] S357 MPC (tier: neutral): no tradeable call
  [b331|lab0331_s357_w2_1005_1045_r2] S357 MPC (tier: neutral): no tradeable call
  [b338|lab0338_s358_w2_1005_1045_r1] S358 MPC (tier: neutral): no tradeable call
  [b339|lab0339_s358_w2_1005_1045_r2] S358 MPC (tier: neutral): no tradeable call
  [b762|lab0762_s395_w2_1005_1045_r1] S395 MPC (tier: neutral): no tradeable call
  [b763|lab0763_s395_w2_1005_1045_r2] S395 MPC (tier: neutral): no tradeable call
  [b770|lab0770_s396_w2_1005_1045_r1] S396 MPC (tier: neutral): no tradeable call
  [b771|lab0771_s396_w2_1005_1045_r2] S396 MPC (tier: neutral): no tradeable call
  [b778|lab0778_s397_w2_1005_1045_r1] S397 MPC (tier: neutral): no tradeable call
  [b779|lab0779_s397_w2_1005_1045_r2] S397 MPC (tier: neutral): no tradeable call
  [b786|lab0786_s398_w2_1005_1045_r1] S398 MPC (tier: neutral): no tradeable call
  [b787|lab0787_s398_w2_1005_1045_r2] S398 MPC (tier: neutral): no tradeable call
  [b794|lab0794_s399_w2_1005_1045_r1] S399 MPC (tier: neutral): no tradeable call
  [b795|lab0795_s399_w2_1005_1045_r2] S399 MPC (tier: neutral): no tradeable call
  [b802|lab0802_s404_w2_1005_1045_r1] S404 MPC (tier: neutral): no tradeable call
  [b803|lab0803_s404_w2_1005_1045_r2] S404 MPC (tier: neutral): no tradeable call
  [b180|lab0180_s217_w2_1005_1045_r1] S217 UNP (tier: neutral): no tradeable call
  [b181|lab0181_s217_w2_1005_1045_r2] S217 UNP (tier: neutral): no tradeable call
  [b346|lab0346_s359_w2_1005_1045_r1] S359 LLY (tier: neutral): no tradeable call
  [b347|lab0347_s359_w2_1005_1045_r2] S359 LLY (tier: neutral): no tradeable call
  [b392|lab0392_s363_w2_1005_1045_r1] S363 LLY (tier: neutral): no tradeable call
  [b393|lab0393_s363_w2_1005_1045_r2] S363 LLY (tier: neutral): no tradeable call
  [b406|lab0406_s364_w2_1005_1045_r1] S364 LLY (tier: neutral): no tradeable call
  [b407|lab0407_s364_w2_1005_1045_r2] S364 LLY (tier: neutral): no tradeable call
  [b420|lab0420_s365_w2_1005_1045_r1] S365 LLY (tier: neutral): no tradeable call
  [b421|lab0421_s365_w2_1005_1045_r2] S365 LLY (tier: neutral): no tradeable call
  [b435|lab0435_s366_w2_1005_1045_r2] S366 LLY (tier: neutral): no tradeable call
  [b448|lab0448_s367_w2_1005_1045_r1] S367 LLY (tier: neutral): no tradeable call
  [b449|lab0449_s367_w2_1005_1045_r2] S367 LLY (tier: neutral): no tradeable call
  [b830|lab0830_s406_w2_1005_1045_r1] S406 LLY (tier: neutral): no tradeable call
  [b831|lab0831_s406_w2_1005_1045_r2] S406 LLY (tier: neutral): no tradeable call
  [b858|lab0858_s408_w2_1005_1045_r1] S408 LLY (tier: neutral): no tradeable call
  [b859|lab0859_s408_w2_1005_1045_r2] S408 LLY (tier: neutral): no tradeable call
  [b872|lab0872_s409_w2_1005_1045_r1] S409 LLY (tier: neutral): no tradeable call
  [b873|lab0873_s409_w2_1005_1045_r2] S409 LLY (tier: neutral): no tradeable call
  [b886|lab0886_s410_w2_1005_1045_r1] S410 LLY (tier: neutral): no tradeable call
  [b887|lab0887_s410_w2_1005_1045_r2] S410 LLY (tier: neutral): no tradeable call
  [b900|lab0900_s411_w2_1005_1045_r1] S411 LLY (tier: neutral): no tradeable call
  [b901|lab0901_s411_w2_1005_1045_r2] S411 LLY (tier: neutral): no tradeable call
  [b264|lab0264_s403_w2_1005_1045_r1] S403 KO (tier: slow): no tradeable call
  [b265|lab0265_s403_w2_1005_1045_r2] S403 KO (tier: slow): no tradeable call
  [b180|lab0180_s217_w2_1005_1045_r1] S217 PEP (tier: slow): no tradeable call
  [b181|lab0181_s217_w2_1005_1045_r2] S217 PEP (tier: slow): no tradeable call
  [b90|live_1to1] S218 D (tier: slow): no tradeable call
  [b194|lab0194_s218_w2_1005_1045_r1] S218 D (tier: slow): no tradeable call
  [b195|lab0195_s218_w2_1005_1045_r2] S218 D (tier: slow): no tradeable call
  [b90|live_1to1] S218 WEC (tier: slow): no tradeable call
  [b194|lab0194_s218_w2_1005_1045_r1] S218 WEC (tier: slow): no tradeable call
  [b195|lab0195_s218_w2_1005_1045_r2] S218 WEC (tier: slow): no tradeable call
  Skipped: 75 no tradeable call
Placed 0 new entry order(s).

[Portfolio snapshot]
========================================================
OPTIONS TRIAL STATS
========================================================
Account equity: $996,042.03
Active buckets: 1164 of 1164 profiles ($500 virtual each) — paper unlimited mode

P&L summary
  Reflected (ex-S203,S207,S212,S360,S405,S407): $+12,646.88 all-time  |  $-257.00 today
  Raw (incl dropped):     $+7,783.88 all-time  |  $-257.00 today
  Open (not sold yet): $-99.00 unrealized (virtual lots)
                       $-467.14 unrealized (broker total)
  Premium deployed:    $1,483.00 in open positions
  Combined P&L:        $+12,547.88 (reflected realized + open virtual)

Ledger (master)
  Total events:     14516
  Today entries:    17
  Today exits (reflected): 10
  All-time exits (reflected): 2956  wins 42%
  Avg return/trade: +31.3%  median -30.4%

Open virtual lots (by bucket)
  b16 lab0016_s202_w1_0928_1005_r1  prem=$     0  real=$-47.00  open=$ +0.00  lots=0  [-]
       buy: ask-0.01  sell: bid-0.01  tp=+50% sl=-50%
  b17 lab0017_s202_w1_0928_1005_r2  prem=$     0  real=$-56.00  open=$ +0.00  lots=0  [-]
       buy: ask-0.01  sell: bid-0.01  tp=+50% sl=-50%
  b18 lab0018_s202_w2_1005_1045_r1  prem=$     0  real=$-29.00  open=$ +0.00  lots=0  [-]
       buy: ask-0.01  sell: bid-0.01  tp=+50% sl=-50%
  b19 lab0019_s202_w2_1005_1045_r2  prem=$     0  real=$-43.00  open=$ +0.00  lots=0  [-]
       buy: ask-0.01  sell: bid-0.01  tp=+50% sl=-50%
  b20 lab0020_s202_w3_1045_1120_r1  prem=$     0  real=$ -6.00  open=$ +0.00  lots=0  [-]
       buy: ask-0.01  sell: bid-0.01  tp=+50% sl=-50%
  b21 lab0021_s202_w3_1045_1120_r2  prem=$     0  real=$-24.00  open=$ +0.00  lots=0  [-]
       buy: ask-0.01  sell: bid-0.01  tp=+50% sl=-50%
  b73 lab0073_s209_w1_0928_1005_r2  prem=$     0  real=$-11.00  open=$ +0.00  lots=0  [-]
       buy: ask-0.01  sell: bid-0.01  tp=+50% sl=-50%
  b74 lab0074_s209_w2_1005_1045_r1  prem=$     0  real=$-39.00  open=$ +0.00  lots=0  [-]
       buy: ask-0.01  sell: bid-0.01  tp=+50% sl=-50%
  b75 lab0075_s209_w2_1005_1045_r2  prem=$     0  real=$-68.00  open=$ +0.00  lots=0  [-]
       buy: ask-0.01  sell: bid-0.01  tp=+50% sl=-50%
  b77 lab0077_s209_w3_1045_1120_r2  prem=$     0  real=$-39.00  open=$ +0.00  lots=0  [-]
       buy: ask-0.01  sell: bid-0.01  tp=+50% sl=-50%
  b79 lab0079_s209_w4_1120_1135_r2  prem=$     0  real=$-53.00  open=$ +0.00  lots=0  [-]
       buy: ask-0.01  sell: bid-0.01  tp=+50% sl=-50%
  b80 lab0080_s210_w1_0928_1005_r1  prem=$     0  real=$+57.00  open=$ +0.00  lots=0  [-]
       buy: ask-0.01  sell: bid-0.01  tp=+50% sl=-50%
  b81 lab0081_s210_w1_0928_1005_r2  prem=$     0  real=$+47.00  open=$ +0.00  lots=0  [-]
       buy: ask-0.01  sell: bid-0.01  tp=+50% sl=-50%
  b82 lab0082_s210_w2_1005_1045_r1  prem=$     0  real=$-70.00  open=$ +0.00  lots=0  [-]
       buy: ask-0.01  sell: bid-0.01  tp=+50% sl=-50%
  b83 lab0083_s210_w2_1005_1045_r2  prem=$     0  real=$+14.00  open=$ +0.00  lots=0  [-]
       buy: ask-0.01  sell: bid-0.01  tp=+50% sl=-50%
  b84 lab0084_s210_w3_1045_1120_r1  prem=$     0  real=$-240.00  open=$ +0.00  lots=0  [-]
       buy: ask-0.01  sell: bid-0.01  tp=+50% sl=-50%
  b85 lab0085_s210_w3_1045_1120_r2  prem=$     0  real=$+25.00  open=$ +0.00  lots=0  [-]
       buy: ask-0.01  sell: bid-0.01  tp=+50% sl=-50%
  b86 lab0086_s210_w4_1120_1135_r1  prem=$     0  real=$+67.00  open=$ +0.00  lots=0  [-]
       buy: ask-0.01  sell: bid-0.01  tp=+50% sl=-50%
  b87 lab0087_s210_w4_1120_1135_r2  prem=$     0  real=$-21.00  open=$ +0.00  lots=0  [-]
       buy: ask-0.01  sell: bid-0.01  tp=+50% sl=-50%
  b90 live_1to1               prem=$    89  real=$+84.00  open=$-31.47  lots=2  [S404:NFLXx1, S406:LLYx1]
       buy: ask-0.01  sell: bid-0.01  tp=+50% sl=-40%
  (290 more active bucket(s) omitted)
  (854 quiet bucket profile(s) — no trades yet)

Alpaca option positions
  AMD260923C00652500  qty=4  cost=$212.00  return=+5.7%  open P&L=$+12.00
  AMD260923C00657500  qty=4  cost=$188.00  return=-21.3%  open P&L=$-40.00
  AXP260925C00325000  qty=1  cost=$38.00  return=-60.5%  open P&L=$-23.00
  LLY260925C01250000  qty=7  cost=$273.00  return=-23.1%  open P&L=$-63.00
  MARA260925C00011500  qty=-1  cost=$16.00  return=-1412.5%  open P&L=$-226.00
  MARA260925C00012000  qty=-1  cost=$29.00  return=-569.0%  open P&L=$-165.00
  MARA260925C00012500  qty=3  cost=$149.00  return=+183.9%  open P&L=$+274.00
  MCD260925C00272500  qty=2  cost=$8.00  return=-100.0%  open P&L=$-8.00
  NFLX260925C00074000  qty=6  cost=$305.14  return=-44.9%  open P&L=$-137.14
  NFLX261002C00076000  qty=2  cost=$110.00  return=-36.4%  open P&L=$-40.00
  NFLX261002C00077000  qty=1  cost=$41.00  return=-41.5%  open P&L=$-17.00
  NFLX261009C00078000  qty=2  cost=$108.00  return=-31.5%  open P&L=$-34.00

Per-bucket exit stats (all time)
  b0|c000_s173_w1_0928_1005_r1  n= 22  avg=+24.8%  med=+34.9%  realized=$+283.00
  b0|orphan_reconcile     n=400  avg=+3.6%  med=-49.5%  realized=$+346.21
  b100|lab0100_s211_w4_1120_1135_r1  n=  1  avg=+73.6%  med=+73.6%  realized=$+39.00
  b101|lab0101_s211_w4_1120_1135_r2  n=  2  avg=+652.3%  med=+1385.7%  realized=$+54.00
  b104|c104_s164_w1_0928_1005_r4  n=  1  avg=-88.9%  med=-88.9%  realized=$-8.00
  b1052|lab1052_s165_w1_0928_1005_r1  n=  2  avg=+170.4%  med=+194.7%  realized=$+110.00
  b1053|lab1053_s165_w1_0928_1005_r2  n=  2  avg=+165.7%  med=+189.5%  realized=$+107.00
  b1054|lab1054_s165_w2_1005_1045_r1  n=  1  avg=+93.5%  med=+93.5%  realized=$+58.00
  b1055|lab1055_s165_w2_1005_1045_r2  n=  1  avg=+526.3%  med=+526.3%  realized=$+100.00
  b1057|lab1057_s165_w3_1045_1120_r2  n=  1  avg=-53.3%  med=-53.3%  realized=$-32.00
  b1058|lab1058_s165_w4_1120_1135_r1  n=  1  avg=+390.5%  med=+390.5%  realized=$+82.00
  b1059|lab1059_s165_w4_1120_1135_r2  n=  1  avg=+342.9%  med=+342.9%  realized=$+72.00
  b108|c108_s202_w3_1045_1120_r1  n=  1  avg=-33.3%  med=-33.3%  realized=$-1.00
  b1094|lab1094_s167_w1_0928_1005_r1  n=  3  avg=+75.9%  med=+126.0%  realized=$+73.00
  b1095|lab1095_s167_w1_0928_1005_r2  n=  3  avg=+58.7%  med=+106.0%  realized=$+57.00
  b1096|lab1096_s167_w2_1005_1045_r1  n=  2  avg=+238.1%  med=+531.6%  realized=$+70.00
  b1097|lab1097_s167_w2_1005_1045_r2  n=  2  avg=+227.6%  med=+510.5%  realized=$+66.00
  b109|c109_s202_w3_1045_1120_r2  n=  1  avg=-66.7%  med=-66.7%  realized=$-2.00
  b10|c010_s165_w3_1045_1120_r1  n=  8  avg=-37.2%  med=-18.9%  realized=$-205.00
  b1100|lab1100_s167_w4_1120_1135_r1  n=  1  avg=+328.6%  med=+328.6%  realized=$+69.00
  b1101|lab1101_s167_w4_1120_1135_r2  n=  1  avg=+323.8%  med=+323.8%  realized=$+68.00
  b1108|lab1108_s166_w1_0928_1005_r1  n=  1  avg=+160.9%  med=+160.9%  realized=$+74.00
  b1109|lab1109_s166_w1_0928_1005_r2  n=  1  avg=+77.6%  med=+77.6%  realized=$+45.00
  b1110|lab1110_s166_w2_1005_1045_r1  n=  1  avg=+67.2%  med=+67.2%  realized=$+41.00
  b1111|lab1111_s166_w2_1005_1045_r2  n=  1  avg=+72.9%  med=+72.9%  realized=$+43.00
  b1112|lab1112_s166_w3_1045_1120_r1  n=  1  avg=+273.0%  med=+273.0%  realized=$+101.00
  b1113|lab1113_s166_w3_1045_1120_r2  n=  2  avg=+100.9%  med=+135.1%  realized=$+92.00
  b1115|lab1115_s166_w4_1120_1135_r2  n=  1  avg=+55.6%  med=+55.6%  realized=$+40.00
  b1122|lab1122_s168_w1_0928_1005_r1  n=  3  avg=+72.4%  med=+50.0%  realized=$+46.00
  b1123|lab1123_s168_w1_0928_1005_r2  n=  3  avg=+55.9%  med=+53.3%  realized=$+36.00
  b1124|lab1124_s168_w2_1005_1045_r1  n=  2  avg=+91.2%  med=+248.6%  realized=$+50.00
  b1125|lab1125_s168_w2_1005_1045_r2  n=  2  avg=+75.5%  med=+217.1%  realized=$+39.00
  b1126|lab1126_s168_w3_1045_1120_r1  n=  3  avg=+66.9%  med=+116.2%  realized=$+67.00
  b1127|lab1127_s168_w3_1045_1120_r2  n=  3  avg=+49.1%  med=+102.7%  realized=$+47.00
  b1128|lab1128_s168_w4_1120_1135_r1  n=  2  avg=+120.5%  med=+272.2%  realized=$+83.00
  b1129|lab1129_s168_w4_1120_1135_r2  n=  2  avg=+101.7%  med=+255.6%  realized=$+67.00
  b1136|lab1136_s163_w1_0928_1005_r1  n=  3  avg=-8.7%  med=-51.4%  realized=$+6.00
  b1137|lab1137_s163_w1_0928_1005_r2  n=  3  avg=-19.2%  med=-61.9%  realized=$-7.00
  b1138|lab1138_s163_w2_1005_1045_r1  n=  2  avg=+133.6%  med=+200.0%  realized=$+111.00
  b1139|lab1139_s163_w2_1005_1045_r2  n=  2  avg=+138.1%  med=+205.7%  realized=$+115.00
  b1140|lab1140_s163_w3_1045_1120_r1  n=  4  avg=+34.6%  med=+73.0%  realized=$+59.00
  b1141|lab1141_s163_w3_1045_1120_r2  n=  4  avg=+35.5%  med=+74.6%  realized=$+64.00
  b1142|lab1142_s163_w4_1120_1135_r1  n=  1  avg=-72.9%  med=-72.9%  realized=$-35.00
  b1143|lab1143_s163_w4_1120_1135_r2  n=  2  avg=+27.6%  med=+128.1%  realized=$+6.00
  b1150|lab1150_s164_w1_0928_1005_r1  n=  3  avg=+77.6%  med=+156.0%  realized=$+80.00
  b1151|lab1151_s164_w1_0928_1005_r2  n=  3  avg=+70.4%  med=+124.0%  realized=$+66.00
  b1152|lab1152_s164_w2_1005_1045_r1  n=  2  avg=+216.7%  med=+531.6%  realized=$+46.00
  b1153|lab1153_s164_w2_1005_1045_r2  n=  2  avg=+242.5%  med=+542.1%  realized=$+71.00
  b1154|lab1154_s164_w3_1045_1120_r1  n=  1  avg=-50.0%  med=-50.0%  realized=$-30.00
  b1155|lab1155_s164_w3_1045_1120_r2  n=  1  avg=-48.1%  med=-48.1%  realized=$-25.00
  b1156|lab1156_s164_w4_1120_1135_r1  n=  1  avg=+342.9%  med=+342.9%  realized=$+72.00
  b1157|lab1157_s164_w4_1120_1135_r2  n=  1  avg=+323.8%  med=+323.8%  realized=$+68.00
  b132|c132_s164_w1_0928_1005_r5  n=  2  avg=-65.7%  med=-53.6%  realized=$-37.00
  b135|c135_s164_w4_1120_1135_r5  n=  1  avg=-50.0%  med=-50.0%  realized=$-4.00
  b164|lab0164_s216_w1_0928_1005_r1  n=  8  avg=+14.7%  med=-37.0%  realized=$-4.00
  b165|lab0165_s216_w1_0928_1005_r2  n= 11  avg=+18.5%  med=-37.0%  realized=$+47.00
  b166|lab0166_s216_w2_1005_1045_r1  n=  9  avg=+22.7%  med=-63.4%  realized=$-196.00
  b167|lab0167_s216_w2_1005_1045_r2  n= 11  avg=+3.0%  med=-63.2%  realized=$-191.00
  b168|lab0168_s216_w3_1045_1120_r1  n=  6  avg=-76.4%  med=-72.0%  realized=$-181.00
  b169|lab0169_s216_w3_1045_1120_r2  n=  8  avg=-37.5%  med=-52.3%  realized=$-124.00
  b16|lab0016_s202_w1_0928_1005_r1  n=  2  avg=-51.0%  med=-38.1%  realized=$-47.00
  b170|lab0170_s216_w4_1120_1135_r1  n=  2  avg=-64.0%  med=-63.6%  realized=$-71.00
  b171|lab0171_s216_w4_1120_1135_r2  n=  4  avg=-41.7%  med=-47.5%  realized=$-71.00
  b178|lab0178_s217_w1_0928_1005_r1  n=  2  avg=+85.4%  med=+104.8%  realized=$+97.00
  b179|lab0179_s217_w1_0928_1005_r2  n=  2  avg=+70.8%  med=+90.5%  realized=$+81.00
  b17|lab0017_s202_w1_0928_1005_r2  n=  2  avg=-70.9%  med=-65.6%  realized=$-56.00
  b180|lab0180_s217_w2_1005_1045_r1  n= 15  avg=+86.7%  med=+53.9%  realized=$+362.00
  b181|lab0181_s217_w2_1005_1045_r2  n= 17  avg=+65.8%  med=-46.1%  realized=$+239.00
  b182|lab0182_s217_w3_1045_1120_r1  n=  8  avg=-39.7%  med=-43.8%  realized=$-134.00
  b183|lab0183_s217_w3_1045_1120_r2  n= 12  avg=-34.3%  med=-54.4%  realized=$-153.00
  b184|lab0184_s217_w4_1120_1135_r1  n=  2  avg=-77.5%  med=-77.5%  realized=$-62.00
  b185|lab0185_s217_w4_1120_1135_r2  n=  3  avg=-16.3%  med=-52.2%  realized=$-7.00
  b18|lab0018_s202_w2_1005_1045_r1  n=  1  avg=-74.4%  med=-74.4%  realized=$-29.00
  b192|lab0192_s218_w1_0928_1005_r1  n=  9  avg=+20.6%  med=+50.0%  realized=$+114.00
  b193|lab0193_s218_w1_0928_1005_r2  n= 11  avg=+29.4%  med=+36.4%  realized=$+177.00
  b194|lab0194_s218_w2_1005_1045_r1  n= 19  avg=-7.5%  med=-37.5%  realized=$-118.00
  b195|lab0195_s218_w2_1005_1045_r2  n= 20  avg=+35.9%  med=+58.8%  realized=$+243.00
  b196|lab0196_s218_w3_1045_1120_r1  n=  8  avg=+139.1%  med=+52.2%  realized=$+165.00
  b197|lab0197_s218_w3_1045_1120_r2  n=  8  avg=+140.6%  med=+47.8%  realized=$+283.00
  b198|lab0198_s218_w4_1120_1135_r1  n=  3  avg=+108.5%  med=+108.5%  realized=$+150.00
  b199|lab0199_s218_w4_1120_1135_r2  n=  4  avg=+72.4%  med=+112.8%  realized=$+124.00
  b19|lab0019_s202_w2_1005_1045_r2  n=  2  avg=-51.5%  med=-46.7%  realized=$-43.00
  b1|c001_s173_w2_1005_1045_r1  n= 10  avg=-65.0%  med=-64.9%  realized=$-406.00
  b20|c020_s164_w1_0928_1005_r1  n=  9  avg=-11.2%  med=-14.3%  realized=$-19.00
  b20|c020_s173_w1_0928_1005_r2  n= 21  avg=+1.0%  med=-3.6%  realized=$+6.00
  b20|lab0020_s202_w3_1045_1120_r1  n=  1  avg=-42.9%  med=-42.9%  realized=$-6.00
  b21|c021_s164_w2_1005_1045_r1  n=  8  avg=-61.7%  med=-56.1%  realized=$-308.00
  b21|c021_s173_w2_1005_1045_r2  n= 23  avg=-55.2%  med=-72.1%  realized=$-863.00
  b21|lab0021_s202_w3_1045_1120_r2  n=  2  avg=-53.6%  med=-50.0%  realized=$-24.00
  b222|lab0222_s400_w2_1005_1045_r1  n=  1  avg=-50.0%  med=-50.0%  realized=$-4.00
  b223|lab0223_s400_w2_1005_1045_r2  n=  1  avg=-50.0%  med=-50.0%  realized=$-4.00
  b224|lab0224_s400_w3_1045_1120_r1  n=  1  avg=-66.7%  med=-66.7%  realized=$-10.00
  b225|lab0225_s400_w3_1045_1120_r2  n=  2  avg=-7.3%  med=+52.1%  realized=$+15.00
  b227|lab0227_s400_w4_1120_1135_r2  n=  1  avg=-22.2%  med=-22.2%  realized=$-2.00
  b22|c022_s164_w3_1045_1120_r1  n=  6  avg=-28.3%  med=-55.7%  realized=$-115.00
  b22|c022_s173_w3_1045_1120_r2  n= 11  avg=-35.9%  med=-54.2%  realized=$-224.00
  b234|lab0234_s401_w1_0928_1005_r1  n= 12  avg=+58.7%  med=-36.6%  realized=$-138.00
  b235|lab0235_s401_w1_0928_1005_r2  n= 15  avg=+133.1%  med=-23.7%  realized=$+107.00
  b236|c236_s218_w3_1045_1120_r1  n=  1  avg=-33.3%  med=-33.3%  realized=$-1.00
  b236|lab0236_s401_w2_1005_1045_r1  n= 15  avg=-15.8%  med=-38.1%  realized=$-183.00
  b237|c237_s218_w3_1045_1120_r2  n=  1  avg=-66.7%  med=-66.7%  realized=$-2.00
  b237|lab0237_s401_w2_1005_1045_r2  n= 18  avg=+22.4%  med=+50.0%  realized=$+97.00
  b238|lab0238_s401_w3_1045_1120_r1  n= 19  avg=+158.1%  med=+104.7%  realized=$+999.00
  b239|lab0239_s401_w3_1045_1120_r2  n= 17  avg=+101.5%  med=+30.2%  realized=$+254.00
  b23|c023_s164_w4_1120_1135_r1  n=  2  avg=-67.7%  med=-67.7%  realized=$-84.00
  b23|c023_s173_w4_1120_1135_r2  n=  3  avg=-25.0%  med=-61.5%  realized=$-41.00
  b240|lab0240_s401_w4_1120_1135_r1  n= 13  avg=+29.4%  med=+9.6%  realized=$+79.00
  b241|lab0241_s401_w4_1120_1135_r2  n= 10  avg=-28.4%  med=-17.5%  realized=$-174.00
  b25|c025_s168_w2_1005_1045_r1  n=  2  avg=-20.7%  med=-19.6%  realized=$-19.00
  b25|c025_s174_w2_1005_1045_r2  n= 18  avg=-33.0%  med=-21.7%  realized=$-333.00
  b262|lab0262_s403_w1_0928_1005_r1  n=  3  avg=+40.1%  med=+65.4%  realized=$+63.00
  b263|lab0263_s403_w1_0928_1005_r2  n=  9  avg=+58.2%  med=+51.7%  realized=$+221.00
  b264|lab0264_s403_w2_1005_1045_r1  n=  9  avg=+28.1%  med=+46.0%  realized=$+103.00
  b265|lab0265_s403_w2_1005_1045_r2  n= 11  avg=+21.5%  med=+49.0%  realized=$+110.00
  b266|lab0266_s403_w3_1045_1120_r1  n=  5  avg=+46.0%  med=+66.7%  realized=$+75.00
  b267|lab0267_s403_w3_1045_1120_r2  n=  7  avg=+31.2%  med=+57.1%  realized=$+73.00
  b268|lab0268_s403_w4_1120_1135_r1  n=  4  avg=+158.4%  med=+320.0%  realized=$+152.00
  b269|lab0269_s403_w4_1120_1135_r2  n=  7  avg=+96.9%  med=+57.6%  realized=$+211.00
  b26|c026_s174_w3_1045_1120_r2  n=  1  avg=-53.1%  med=-53.1%  realized=$-26.00
  b276|lab0276_s350_w1_0928_1005_r1  n= 10  avg=+61.5%  med=+102.9%  realized=$+227.00
  b277|lab0277_s350_w1_0928_1005_r2  n=  8  avg=+94.3%  med=+157.9%  realized=$+266.00
  b278|lab0278_s350_w2_1005_1045_r1  n= 13  avg=+37.3%  med=+0.0%  realized=$+58.00
  b279|lab0279_s350_w2_1005_1045_r2  n= 14  avg=+56.2%  med=-28.3%  realized=$+163.00
  b280|lab0280_s351_w1_0928_1005_r1  n=  9  avg=+122.7%  med=+171.9%  realized=$+322.00
  b281|lab0281_s351_w1_0928_1005_r2  n=  9  avg=+103.1%  med=+110.5%  realized=$+347.00
  b282|lab0282_s351_w2_1005_1045_r1  n= 11  avg=-7.6%  med=-61.9%  realized=$-114.00
  b283|lab0283_s351_w2_1005_1045_r2  n= 12  avg=-5.4%  med=-50.0%  realized=$-97.00
  b284|lab0284_s351_w3_1045_1120_r1  n=  3  avg=-54.1%  med=-52.2%  realized=$-59.00
  b285|lab0285_s351_w3_1045_1120_r2  n=  5  avg=+55.0%  med=-33.3%  realized=$+4.00
  b286|lab0286_s351_w4_1120_1135_r1  n=  6  avg=-14.7%  med=-75.5%  realized=$-99.00
  b287|lab0287_s351_w4_1120_1135_r2  n=  9  avg=-16.6%  med=-48.7%  realized=$-108.00
  b288|lab0288_s352_w1_0928_1005_r1  n=  5  avg=+107.9%  med=+100.0%  realized=$+85.00
  b289|lab0289_s352_w1_0928_1005_r2  n=  5  avg=+80.9%  med=+93.8%  realized=$+67.00
  b28|c028_s165_w1_0928_1005_r2  n= 17  avg=+49.5%  med=+80.0%  realized=$+448.00
  b28|c028_s173_w1_0928_1005_r2  n=  5  avg=+51.6%  med=+80.0%  realized=$+142.00
  b290|lab0290_s352_w2_1005_1045_r1  n=  7  avg=+62.6%  med=-17.6%  realized=$+73.00
  b291|lab0291_s352_w2_1005_1045_r2  n=  8  avg=+75.9%  med=-48.2%  realized=$+116.00
  b292|lab0292_s352_w3_1045_1120_r1  n=  8  avg=+50.1%  med=+13.0%  realized=$-6.00
  b293|lab0293_s352_w3_1045_1120_r2  n=  9  avg=+67.7%  med=+39.1%  realized=$+46.00
  b294|lab0294_s352_w4_1120_1135_r1  n=  4  avg=+17.7%  med=-71.4%  realized=$-72.00
  b295|lab0295_s352_w4_1120_1135_r2  n=  4  avg=+18.9%  med=-75.0%  realized=$-72.00
  b296|lab0296_s353_w1_0928_1005_r1  n=  5  avg=+110.2%  med=+123.7%  realized=$+118.00
  b297|lab0297_s353_w1_0928_1005_r2  n=  5  avg=+81.5%  med=+79.0%  realized=$+83.00
  b298|lab0298_s353_w2_1005_1045_r1  n= 11  avg=+11.2%  med=-34.7%  realized=$-53.00
  b299|lab0299_s353_w2_1005_1045_r2  n=  7  avg=-32.4%  med=-72.7%  realized=$-142.00
  b29|c029_s165_w2_1005_1045_r2  n=  9  avg=-23.3%  med=-50.0%  realized=$-221.00
  b29|c029_s173_w2_1005_1045_r2  n=  2  avg=-69.3%  med=-48.5%  realized=$-78.00
  b2|c002_s173_w3_1045_1120_r1  n= 15  avg=+67.7%  med=+32.8%  realized=$+707.00
  b300|lab0300_s353_w3_1045_1120_r1  n=  3  avg=+184.9%  med=-94.1%  realized=$-44.00
  b301|lab0301_s353_w3_1045_1120_r2  n=  1  avg=+942.9%  med=+942.9%  realized=$+66.00
  b302|lab0302_s353_w4_1120_1135_r1  n=  2  avg=+214.9%  med=+333.3%  realized=$+98.00
  b303|lab0303_s353_w4_1120_1135_r2  n=  3  avg=+158.5%  med=+93.1%  realized=$+121.00
  b304|lab0304_s354_w1_0928_1005_r1  n=  5  avg=+19.8%  med=+24.0%  realized=$+47.00
  b305|lab0305_s354_w1_0928_1005_r2  n=  5  avg=+2.5%  med=-51.6%  realized=$+2.00
  b306|lab0306_s354_w2_1005_1045_r1  n=  9  avg=-17.2%  med=-70.6%  realized=$-108.00
  b307|lab0307_s354_w2_1005_1045_r2  n= 10  avg=-18.9%  med=-68.6%  realized=$-50.00
  b308|lab0308_s354_w3_1045_1120_r1  n=  9  avg=+3.0%  med=-50.8%  realized=$-4.00
  b309|lab0309_s354_w3_1045_1120_r2  n=  9  avg=-5.5%  med=-52.3%  realized=$-49.00
  b30|c030_s165_w3_1045_1120_r2  n=  9  avg=+38.8%  med=+0.0%  realized=$+260.00
  b30|c030_s173_w3_1045_1120_r2  n=  2  avg=-9.5%  med=+0.0%  realized=$-14.00
  b310|lab0310_s354_w4_1120_1135_r1  n=  5  avg=+12.6%  med=-33.3%  realized=$+74.00
  b311|lab0311_s354_w4_1120_1135_r2  n=  5  avg=+32.1%  med=-72.9%  realized=$+107.00
  b312|lab0312_s355_w1_0928_1005_r1  n=  8  avg=-25.6%  med=-53.5%  realized=$-95.00
  b313|lab0313_s355_w1_0928_1005_r2  n=  7  avg=-6.9%  med=-48.8%  realized=$-31.00
  b314|lab0314_s355_w2_1005_1045_r1  n= 12  avg=-7.9%  med=-63.4%  realized=$-59.00
  b315|lab0315_s355_w2_1005_1045_r2  n= 13  avg=-10.4%  med=-41.3%  realized=$-69.00
  b316|lab0316_s355_w3_1045_1120_r1  n=  5  avg=+6.7%  med=-50.0%  realized=$+33.00
  b317|lab0317_s355_w3_1045_1120_r2  n= 10  avg=+70.5%  med=+57.1%  realized=$+320.00
  b318|lab0318_s355_w4_1120_1135_r1  n=  6  avg=+57.7%  med=+84.6%  realized=$+119.00
  b319|lab0319_s355_w4_1120_1135_r2  n=  6  avg=+60.7%  med=+59.4%  realized=$+133.00
  b31|c031_s165_w4_1120_1135_r2  n=  2  avg=+145.5%  med=+175.8%  realized=$+192.00
  b320|lab0320_s356_w1_0928_1005_r1  n=  4  avg=+18.8%  med=+37.9%  realized=$+34.00
  b321|lab0321_s356_w1_0928_1005_r2  n=  4  avg=+28.1%  med=+58.6%  realized=$+56.00
  b322|lab0322_s356_w2_1005_1045_r1  n=  3  avg=-12.4%  med=-21.6%  realized=$-21.00
  b323|lab0323_s356_w2_1005_1045_r2  n=  3  avg=-9.0%  med=-18.9%  realized=$-16.00
  b324|lab0324_s356_w3_1045_1120_r1  n=  4  avg=-5.4%  med=-25.0%  realized=$-12.00
  b325|lab0325_s356_w3_1045_1120_r2  n=  4  avg=-1.7%  med=-19.4%  realized=$-6.00
  b326|lab0326_s356_w4_1120_1135_r1  n=  2  avg=+76.1%  med=+100.0%  realized=$+68.00
  b327|lab0327_s356_w4_1120_1135_r2  n=  3  avg=+19.3%  med=+52.0%  realized=$+20.00
  b328|lab0328_s357_w1_0928_1005_r1  n=  3  avg=+3.8%  med=+47.1%  realized=$+7.00
  b329|lab0329_s357_w1_0928_1005_r2  n=  3  avg=+3.8%  med=+47.1%  realized=$+7.00
  b330|lab0330_s357_w2_1005_1045_r1  n=  2  avg=+34.9%  med=+131.4%  realized=$+27.00
  b331|lab0331_s357_w2_1005_1045_r2  n=  3  avg=-10.7%  med=-56.9%  realized=$-19.00
  b332|lab0332_s357_w3_1045_1120_r1  n=  5  avg=+66.7%  med=+73.7%  realized=$+190.00
  b333|lab0333_s357_w3_1045_1120_r2  n=  6  avg=+66.3%  med=+71.9%  realized=$+228.00
  b334|lab0334_s357_w4_1120_1135_r1  n=  1  avg=+81.2%  med=+81.2%  realized=$+39.00
  b335|lab0335_s357_w4_1120_1135_r2  n=  2  avg=+54.6%  med=+57.1%  realized=$+53.00
  b340|lab0340_s358_w3_1045_1120_r1  n=  1  avg=-51.4%  med=-51.4%  realized=$-37.00
  b341|lab0341_s358_w3_1045_1120_r2  n=  1  avg=-51.4%  med=-51.4%  realized=$-37.00
  b342|lab0342_s358_w4_1120_1135_r1  n=  1  avg=+53.1%  med=+53.1%  realized=$+26.00
  b343|lab0343_s358_w4_1120_1135_r2  n=  1  avg=+55.1%  med=+55.1%  realized=$+27.00
  b344|lab0344_s359_w1_0928_1005_r1  n=  5  avg=+37.9%  med=+46.7%  realized=$-33.00
  b345|lab0345_s359_w1_0928_1005_r2  n=  7  avg=+22.2%  med=-50.0%  realized=$-14.00
  b346|lab0346_s359_w2_1005_1045_r1  n= 12  avg=+62.3%  med=-46.7%  realized=$-60.00
  b347|lab0347_s359_w2_1005_1045_r2  n= 11  avg=+69.0%  med=-44.4%  realized=$-16.00
  b362|lab0362_s361_w1_0928_1005_r1  n=  6  avg=-13.8%  med=-30.4%  realized=$-71.00
  b363|lab0363_s361_w1_0928_1005_r2  n=  7  avg=-12.8%  med=-30.4%  realized=$-76.00
  b364|lab0364_s361_w2_1005_1045_r1  n=  9  avg=+126.2%  med=+81.8%  realized=$+88.00
  b365|lab0365_s361_w2_1005_1045_r2  n= 12  avg=+173.8%  med=+82.8%  realized=$+310.00
  b366|lab0366_s361_w3_1045_1120_r1  n=  3  avg=+351.3%  med=+61.1%  realized=$+59.00
  b367|lab0367_s361_w3_1045_1120_r2  n= 11  avg=+67.9%  med=-50.0%  realized=$-90.00
  b368|lab0368_s361_w4_1120_1135_r1  n=  3  avg=+103.8%  med=+71.4%  realized=$+37.00
  b369|lab0369_s361_w4_1120_1135_r2  n=  4  avg=+110.2%  med=+100.0%  realized=$+60.00
  b376|lab0376_s362_w1_0928_1005_r1  n=  8  avg=+1.2%  med=+8.7%  realized=$-21.00
  b377|lab0377_s362_w1_0928_1005_r2  n=  9  avg=+10.8%  med=+13.0%  realized=$+10.00
  b378|lab0378_s362_w2_1005_1045_r1  n=  5  avg=+239.7%  med=+70.6%  realized=$+163.00
  b379|lab0379_s362_w2_1005_1045_r2  n=  9  avg=+132.5%  med=+60.5%  realized=$+219.00
  b380|lab0380_s362_w3_1045_1120_r1  n=  7  avg=+183.1%  med=+103.3%  realized=$+226.00
  b381|lab0381_s362_w3_1045_1120_r2  n=  7  avg=+182.6%  med=+108.3%  realized=$+245.00
  b382|lab0382_s362_w4_1120_1135_r1  n=  3  avg=+463.7%  med=+323.8%  realized=$+376.00
  b383|lab0383_s362_w4_1120_1135_r2  n=  3  avg=+490.7%  med=+309.5%  realized=$+402.00
  b390|lab0390_s363_w1_0928_1005_r1  n=  3  avg=-13.7%  med=-49.1%  realized=$-60.00
  b391|lab0391_s363_w1_0928_1005_r2  n=  2  avg=+26.2%  med=+103.2%  realized=$+4.00
  b392|lab0392_s363_w2_1005_1045_r1  n=  8  avg=-41.2%  med=-65.4%  realized=$-222.00
  b393|lab0393_s363_w2_1005_1045_r2  n=  8  avg=-39.0%  med=-53.9%  realized=$-210.00
  b394|lab0394_s363_w3_1045_1120_r1  n=  5  avg=-46.4%  med=-81.0%  realized=$-150.00
  b395|lab0395_s363_w3_1045_1120_r2  n=  5  avg=-44.5%  med=-82.5%  realized=$-149.00
  b396|lab0396_s363_w4_1120_1135_r1  n=  2  avg=-15.1%  med=+44.7%  realized=$-19.00
  b397|lab0397_s363_w4_1120_1135_r2  n=  5  avg=-33.2%  med=-77.1%  realized=$-75.00
  b3|c003_s173_w4_1120_1135_r1  n= 17  avg=+131.0%  med=-50.0%  realized=$+1,311.00
  b404|lab0404_s364_w1_0928_1005_r1  n=  4  avg=-15.3%  med=-2.9%  realized=$-61.00
  b405|lab0405_s364_w1_0928_1005_r2  n=  5  avg=-6.0%  med=-5.9%  realized=$-44.00
  b406|lab0406_s364_w2_1005_1045_r1  n= 10  avg=-17.6%  med=-44.2%  realized=$-159.00
  b407|lab0407_s364_w2_1005_1045_r2  n= 11  avg=-12.3%  med=-42.3%  realized=$-90.00
  b408|lab0408_s364_w3_1045_1120_r1  n=  8  avg=+2.4%  med=+66.7%  realized=$-41.00
  b409|lab0409_s364_w3_1045_1120_r2  n= 10  avg=+0.0%  med=+53.1%  realized=$-54.00
  b40|c040_s166_w1_0928_1005_r2  n=  6  avg=-37.2%  med=-12.7%  realized=$-142.00
  b40|c040_s173_w1_0928_1005_r3  n= 23  avg=+12.9%  med=-15.4%  realized=$-90.00
  b410|lab0410_s364_w4_1120_1135_r1  n=  7  avg=+72.6%  med=+39.5%  realized=$+171.00
  b411|lab0411_s364_w4_1120_1135_r2  n=  4  avg=+137.5%  med=+188.9%  realized=$+189.00
  b418|lab0418_s365_w1_0928_1005_r1  n=  3  avg=+20.9%  med=+67.3%  realized=$+24.00
  b419|lab0419_s365_w1_0928_1005_r2  n=  4  avg=+17.6%  med=+56.1%  realized=$+28.00
  b41|c041_s166_w2_1005_1045_r2  n=  3  avg=-62.0%  med=-61.4%  realized=$-106.00
  b41|c041_s173_w2_1005_1045_r3  n= 13  avg=-48.5%  med=-66.7%  realized=$-452.00
  b420|lab0420_s365_w2_1005_1045_r1  n=  2  avg=+2.8%  med=+54.0%  realized=$-2.00
  b421|lab0421_s365_w2_1005_1045_r2  n=  3  avg=-21.3%  med=-48.3%  realized=$-40.00
  b422|lab0422_s365_w3_1045_1120_r1  n=  3  avg=+33.1%  med=+63.6%  realized=$+25.00
  b423|lab0423_s365_w3_1045_1120_r2  n=  3  avg=+28.9%  med=+63.6%  realized=$+20.00
  b424|lab0424_s365_w4_1120_1135_r1  n=  5  avg=-10.7%  med=+0.0%  realized=$-24.00
  b425|lab0425_s365_w4_1120_1135_r2  n=  3  avg=+109.8%  med=+54.8%  realized=$+124.00
  b42|c042_s166_w3_1045_1120_r2  n=  6  avg=+115.7%  med=+21.4%  realized=$+489.00
  b42|c042_s173_w3_1045_1120_r3  n= 13  avg=+31.1%  med=-8.3%  realized=$+262.00
  b432|lab0432_s366_w1_0928_1005_r1  n=  1  avg=-56.9%  med=-56.9%  realized=$-37.00
  b433|lab0433_s366_w1_0928_1005_r2  n=  1  avg=-56.9%  med=-56.9%  realized=$-37.00
  b434|lab0434_s366_w2_1005_1045_r1  n=  2  avg=+19.6%  med=+96.1%  realized=$+12.00
  b435|lab0435_s366_w2_1005_1045_r2  n=  3  avg=+20.7%  med=+49.0%  realized=$+23.00
  b436|lab0436_s366_w3_1045_1120_r1  n=  1  avg=-51.7%  med=-51.7%  realized=$-30.00
  b437|lab0437_s366_w3_1045_1120_r2  n=  1  avg=-53.5%  med=-53.5%  realized=$-31.00
  b438|lab0438_s366_w4_1120_1135_r1  n=  2  avg=+22.6%  med=+94.3%  realized=$+22.00
  b439|lab0439_s366_w4_1120_1135_r2  n=  2  avg=+26.4%  med=+101.9%  realized=$+26.00
  b43|c043_s166_w4_1120_1135_r2  n=  7  avg=+62.0%  med=+41.9%  realized=$+281.00
  b43|c043_s173_w4_1120_1135_r3  n=  8  avg=+58.7%  med=+53.2%  realized=$+241.00
  b449|lab0449_s367_w2_1005_1045_r2  n=  1  avg=-48.9%  med=-48.9%  realized=$-22.00
  b450|lab0450_s367_w3_1045_1120_r1  n=  1  avg=-51.4%  med=-51.4%  realized=$-37.00
  b451|lab0451_s367_w3_1045_1120_r2  n=  1  avg=-25.0%  med=-25.0%  realized=$-18.00
  b46|c046_s174_w3_1045_1120_r3  n=  3  avg=-89.7%  med=-89.7%  realized=$-156.00
  b47|c047_s163_w4_1120_1135_r2  n=  3  avg=-79.7%  med=-78.0%  realized=$-141.00
  b47|c047_s174_w4_1120_1135_r3  n= 25  avg=-73.4%  med=-78.0%  realized=$-1,155.00
  b48|c048_s164_w1_0928_1005_r2  n=  5  avg=-33.1%  med=-49.1%  realized=$-91.00
  b48|c048_s165_w1_0928_1005_r3  n= 16  avg=-35.9%  med=-49.1%  realized=$-344.00
  b49|c049_s164_w2_1005_1045_r2  n=  4  avg=-51.8%  med=-44.0%  realized=$-133.00
  b49|c049_s165_w2_1005_1045_r3  n= 15  avg=-49.3%  med=-49.1%  realized=$-458.00
  b50|c050_s164_w3_1045_1120_r2  n=  4  avg=-39.6%  med=-16.7%  realized=$-115.00
  b50|c050_s165_w3_1045_1120_r3  n=  9  avg=-23.6%  med=-23.1%  realized=$-142.00
  b51|c051_s165_w4_1120_1135_r3  n=  1  avg=+263.6%  med=+263.6%  realized=$+174.00
  b56|g056_lim_tp20_sl65  n=  1  avg=+47.7%  med=+47.7%  realized=$+20.52
  b57|g057_mid_tp20_sl65  n=  1  avg=+47.7%  med=+47.7%  realized=$+20.52
  b58|g058_eod_tp20_sl65  n=  1  avg=+59.1%  med=+59.1%  realized=$+25.41
  b60|c060_s167_w1_0928_1005_r3  n=  3  avg=-55.8%  med=-62.8%  realized=$-98.00
  b60|c060_s173_w1_0928_1005_r4  n= 13  avg=-5.1%  med=-13.6%  realized=$-99.00
  b61|c061_s167_w2_1005_1045_r3  n=  5  avg=-54.6%  med=-50.9%  realized=$-160.00
  b61|c061_s173_w2_1005_1045_r4  n=  8  avg=-37.3%  med=-50.0%  realized=$-208.00
  b62|c062_s167_w3_1045_1120_r3  n=  8  avg=-51.8%  med=-64.2%  realized=$-286.00
  b62|c062_s173_w3_1045_1120_r4  n= 20  avg=+182.8%  med=-58.3%  realized=$-183.00
  b63|c063_s167_w4_1120_1135_r3  n=  2  avg=-54.8%  med=-54.8%  realized=$-68.00
  b63|c063_s173_w4_1120_1135_r4  n=  1  avg=-46.1%  med=-46.1%  realized=$-24.00
  b63|g063_mid_tp20_sl65  n=  1  avg=+23.3%  med=+23.3%  realized=$+18.63
  b64|c064_s174_w1_0928_1005_r4  n=  3  avg=-93.3%  med=-93.3%  realized=$-168.00
  b64|g064_eod_tp20_sl65  n=  1  avg=+34.2%  med=+34.2%  realized=$+27.40
  b65|c065_s174_w2_1005_1045_r4  n=  8  avg=-45.7%  med=-45.2%  realized=$-238.00
  b65|g065_lim_tp20_sl65  n=  1  avg=+23.3%  med=+23.3%  realized=$+18.63
  b66|c066_s174_w3_1045_1120_r4  n=  1  avg=-52.5%  med=-52.5%  realized=$-31.00
  b66|g066_mid_tp20_sl65  n=  1  avg=+23.3%  med=+23.3%  realized=$+18.63
  b67|c067_s174_w4_1120_1135_r4  n=  1  avg=-45.8%  med=-45.8%  realized=$-27.00
  b67|g067_eod_tp20_sl65  n=  1  avg=+34.2%  med=+34.2%  realized=$+27.40
  b68|c068_s165_w1_0928_1005_r4  n= 16  avg=-51.3%  med=-49.1%  realized=$-446.00
  b68|c068_s166_w1_0928_1005_r3  n=  4  avg=-52.7%  med=-49.1%  realized=$-116.00
  b69|c069_s165_w2_1005_1045_r4  n= 11  avg=+19.0%  med=-43.6%  realized=$-179.00
  b69|c069_s166_w2_1005_1045_r3  n=  4  avg=+10.1%  med=-40.0%  realized=$-87.00
  b70|c070_s165_w3_1045_1120_r4  n= 11  avg=-2.1%  med=-16.9%  realized=$-6.00
  b70|c070_s166_w3_1045_1120_r3  n=  4  avg=-42.5%  med=-27.0%  realized=$-124.00
  b70|g070_eod_tp30_sl20  n=  1  avg=+59.1%  med=+59.1%  realized=$+27.77
  b71|g071_lim_tp30_sl20  n=  1  avg=+36.5%  med=+36.5%  realized=$+23.73
  b72|g072_mid_tp30_sl20  n=  1  avg=+36.5%  med=+36.5%  realized=$+23.73
  b73|g073_eod_tp30_sl20  n=  1  avg=+55.6%  med=+55.6%  realized=$+36.11
  b73|lab0073_s209_w1_0928_1005_r2  n=  1  avg=-64.7%  med=-64.7%  realized=$-11.00
  b74|g074_lim_tp30_sl20  n=  1  avg=+36.5%  med=+36.5%  realized=$+23.73
  b74|lab0074_s209_w2_1005_1045_r1  n=  1  avg=-58.2%  med=-58.2%  realized=$-39.00
  b75|g075_mid_tp30_sl20  n=  1  avg=+36.5%  med=+36.5%  realized=$+23.73
  b75|lab0075_s209_w2_1005_1045_r2  n=  2  avg=-50.8%  med=-50.8%  realized=$-68.00
  b768|lab0768_s396_w1_0928_1005_r1  n=  2  avg=+89.0%  med=+93.1%  realized=$+118.00
  b769|lab0769_s396_w1_0928_1005_r2  n=  2  avg=+106.2%  med=+116.7%  realized=$+139.00
  b76|c076_s164_w1_0928_1005_r3  n=  1  avg=-50.0%  med=-50.0%  realized=$-2.00
  b76|g076_eod_tp30_sl20  n=  1  avg=+34.2%  med=+34.2%  realized=$+27.40
  b771|lab0771_s396_w2_1005_1045_r2  n=  1  avg=-82.2%  med=-82.2%  realized=$-60.00
  b775|lab0775_s396_w4_1120_1135_r2  n=  1  avg=+74.6%  med=+74.6%  realized=$+44.00
  b776|lab0776_s397_w1_0928_1005_r1  n=  3  avg=-38.5%  med=-64.9%  realized=$-74.00
  b777|lab0777_s397_w1_0928_1005_r2  n=  6  avg=+22.9%  med=+38.6%  realized=$+72.00
  b778|lab0778_s397_w2_1005_1045_r1  n=  8  avg=+67.0%  med=+73.0%  realized=$+342.00
  b779|lab0779_s397_w2_1005_1045_r2  n=  7  avg=+64.7%  med=+61.9%  realized=$+306.00
  b77|g077_lim_tp30_sl20  n=  1  avg=-23.3%  med=-23.3%  realized=$-18.63
  b77|lab0077_s209_w3_1045_1120_r2  n=  1  avg=-70.9%  med=-70.9%  realized=$-39.00
  b780|lab0780_s397_w3_1045_1120_r1  n=  3  avg=+43.8%  med=+74.3%  realized=$+81.00
  b781|lab0781_s397_w3_1045_1120_r2  n=  6  avg=+24.3%  med=+71.8%  realized=$+136.00
  b782|lab0782_s397_w4_1120_1135_r1  n=  1  avg=-54.0%  med=-54.0%  realized=$-34.00
  b783|lab0783_s397_w4_1120_1135_r2  n=  3  avg=+66.9%  med=+105.1%  realized=$+123.00
  b784|lab0784_s398_w1_0928_1005_r1  n=  5  avg=+37.3%  med=+49.0%  realized=$+70.00
  b785|lab0785_s398_w1_0928_1005_r2  n=  6  avg=+9.2%  med=+49.0%  realized=$+37.00
  b786|lab0786_s398_w2_1005_1045_r1  n= 10  avg=+1.1%  med=+3.3%  realized=$-27.00
  b787|lab0787_s398_w2_1005_1045_r2  n=  5  avg=+36.0%  med=+61.3%  realized=$+57.00
  b788|lab0788_s398_w3_1045_1120_r1  n= 10  avg=+3.6%  med=-18.4%  realized=$+31.00
  b789|lab0789_s398_w3_1045_1120_r2  n=  9  avg=-11.4%  med=-54.3%  realized=$-10.00
  b78|g078_mid_tp30_sl20  n=  1  avg=-23.3%  med=-23.3%  realized=$-18.63
  b790|lab0790_s398_w4_1120_1135_r1  n=  5  avg=+179.6%  med=+140.3%  realized=$+338.00
  b791|lab0791_s398_w4_1120_1135_r2  n=  7  avg=+124.0%  med=+155.6%  realized=$+293.00
  b792|lab0792_s399_w1_0928_1005_r1  n=  4  avg=+100.0%  med=+140.0%  realized=$+80.00
  b793|lab0793_s399_w1_0928_1005_r2  n= 11  avg=+34.3%  med=+57.9%  realized=$+127.00
  b794|lab0794_s399_w2_1005_1045_r1  n= 11  avg=+74.8%  med=-17.2%  realized=$-78.00
  b795|lab0795_s399_w2_1005_1045_r2  n= 13  avg=+43.5%  med=-51.7%  realized=$-61.00
  b796|lab0796_s399_w3_1045_1120_r1  n=  3  avg=+266.6%  med=-74.0%  realized=$-5.00
  b797|lab0797_s399_w3_1045_1120_r2  n= 15  avg=+23.0%  med=-52.8%  realized=$-146.00
  b798|lab0798_s399_w4_1120_1135_r1  n=  5  avg=+12.3%  med=-53.1%  realized=$+61.00
  b799|lab0799_s399_w4_1120_1135_r2  n=  8  avg=+26.4%  med=+53.3%  realized=$+49.00
  b79|g079_eod_tp30_sl20  n=  1  avg=+34.2%  med=+34.2%  realized=$+27.40
  b79|lab0079_s209_w4_1120_1135_r2  n=  1  avg=-94.6%  med=-94.6%  realized=$-53.00
  b7|c007_s174_w4_1120_1135_r1  n=  5  avg=-7.5%  med=-1.4%  realized=$-58.00
  b800|lab0800_s404_w1_0928_1005_r1  n=  6  avg=+23.0%  med=+38.6%  realized=$+65.00
  b801|lab0801_s404_w1_0928_1005_r2  n=  6  avg=+1.7%  med=+31.6%  realized=$+24.00
  b802|lab0802_s404_w2_1005_1045_r1  n= 12  avg=+30.0%  med=+60.9%  realized=$+236.00
  b803|lab0803_s404_w2_1005_1045_r2  n= 10  avg=+55.7%  med=+58.9%  realized=$+347.00
  b804|lab0804_s404_w3_1045_1120_r1  n=  7  avg=+14.7%  med=+68.5%  realized=$+107.00
  b805|lab0805_s404_w3_1045_1120_r2  n=  8  avg=-7.4%  med=+57.5%  realized=$+11.00
  b806|lab0806_s404_w4_1120_1135_r1  n=  4  avg=+64.7%  med=+91.5%  realized=$+160.00
  b807|lab0807_s404_w4_1120_1135_r2  n=  5  avg=+54.4%  med=+53.2%  realized=$+168.00
  b80|c080_s168_w1_0928_1005_r3  n=  8  avg=+3.6%  med=-11.1%  realized=$-45.00
  b80|c080_s173_w1_0928_1005_r5  n= 45  avg=+52.6%  med=+59.1%  realized=$+503.00
  b80|g080_lim_tp30_sl30  n=  1  avg=+36.5%  med=+36.5%  realized=$+23.73
  b80|lab0080_s210_w1_0928_1005_r1  n= 12  avg=+12.9%  med=-8.5%  realized=$+57.00
  b81|c081_s168_w2_1005_1045_r3  n=  5  avg=-26.9%  med=-33.8%  realized=$-83.00
  b81|c081_s173_w2_1005_1045_r5  n= 20  avg=-39.1%  med=-38.4%  realized=$-559.00
  b81|g081_mid_tp30_sl30  n=  1  avg=+36.5%  med=+36.5%  realized=$+23.73
  b81|lab0081_s210_w1_0928_1005_r2  n= 12  avg=+8.1%  med=+46.7%  realized=$+47.00
  b828|lab0828_s406_w1_0928_1005_r1  n=  4  avg=-15.8%  med=+10.0%  realized=$+1.00
  b829|lab0829_s406_w1_0928_1005_r2  n=  3  avg=-11.0%  med=-50.0%  realized=$-13.00
  b82|c082_s168_w3_1045_1120_r3  n=  5  avg=-1.6%  med=-40.0%  realized=$-2.00
  b82|c082_s173_w3_1045_1120_r5  n=  9  avg=-10.7%  med=-12.5%  realized=$-48.00
  b82|g082_eod_tp30_sl30  n=  1  avg=+55.6%  med=+55.6%  realized=$+36.11
  b82|lab0082_s210_w2_1005_1045_r1  n= 12  avg=-16.7%  med=-6.2%  realized=$-70.00
  b830|lab0830_s406_w2_1005_1045_r1  n= 13  avg=+66.4%  med=+61.3%  realized=$+59.00
  b831|lab0831_s406_w2_1005_1045_r2  n= 16  avg=+70.3%  med=+81.8%  realized=$+127.00
  b832|lab0832_s406_w3_1045_1120_r1  n= 15  avg=+305.6%  med=+55.3%  realized=$+1,461.00
  b833|lab0833_s406_w3_1045_1120_r2  n= 18  avg=+284.9%  med=+73.1%  realized=$+1,443.00
  b834|lab0834_s406_w4_1120_1135_r1  n=  7  avg=+407.3%  med=+105.3%  realized=$+135.00
  b835|lab0835_s406_w4_1120_1135_r2  n=  7  avg=+174.8%  med=+66.7%  realized=$+195.00
  b83|c083_s168_w4_1120_1135_r3  n=  8  avg=+84.0%  med=+62.9%  realized=$+429.00
  b83|c083_s173_w4_1120_1135_r5  n= 20  avg=-20.6%  med=-68.2%  realized=$-271.00
  b83|g083_lim_tp30_sl30  n=  1  avg=+30.1%  med=+30.1%  realized=$+24.11
  b83|lab0083_s210_w2_1005_1045_r2  n=  7  avg=+9.9%  med=+7.0%  realized=$+14.00
  b84|g084_mid_tp30_sl30  n=  1  avg=+30.1%  med=+30.1%  realized=$+24.11
  b84|lab0084_s210_w3_1045_1120_r1  n= 12  avg=-45.0%  med=-64.4%  realized=$-240.00
  b856|lab0856_s408_w1_0928_1005_r1  n=  3  avg=-28.1%  med=-58.7%  realized=$-32.00
  b857|lab0857_s408_w1_0928_1005_r2  n=  4  avg=-23.5%  med=-33.3%  realized=$-37.00
  b858|lab0858_s408_w2_1005_1045_r1  n=  6  avg=+26.6%  med=-52.6%  realized=$-1.00
  b859|lab0859_s408_w2_1005_1045_r2  n=  8  avg=-31.0%  med=-42.9%  realized=$-36.00
  b85|c085_s174_w2_1005_1045_r5  n=  7  avg=-9.4%  med=-32.7%  realized=$-42.00
  b85|g085_eod_tp30_sl30  n=  1  avg=+34.2%  med=+34.2%  realized=$+27.40
  b85|lab0085_s210_w3_1045_1120_r2  n= 15  avg=+56.9%  med=-44.4%  realized=$+25.00
  b860|lab0860_s408_w3_1045_1120_r1  n=  9  avg=+484.2%  med=+33.3%  realized=$+807.00
  b861|lab0861_s408_w3_1045_1120_r2  n= 12  avg=+218.5%  med=+100.0%  realized=$+471.00
  b862|lab0862_s408_w4_1120_1135_r1  n=  6  avg=-4.0%  med=+60.0%  realized=$-55.00
  b863|lab0863_s408_w4_1120_1135_r2  n=  9  avg=+1.7%  med=+0.0%  realized=$-12.00
  b86|c086_s174_w3_1045_1120_r5  n=  4  avg=+26.1%  med=+39.7%  realized=$+64.00
  b86|g086_lim_tp30_sl30  n=  1  avg=+30.1%  med=+30.1%  realized=$+24.11
  b86|lab0086_s210_w4_1120_1135_r1  n=  6  avg=+31.1%  med=+16.7%  realized=$+67.00
  b87|c087_s174_w4_1120_1135_r5  n=  4  avg=-23.5%  med=+37.5%  realized=$-114.00
  b87|g087_mid_tp30_sl30  n=  1  avg=+30.1%  med=+30.1%  realized=$+24.11
  b87|lab0087_s210_w4_1120_1135_r2  n=  8  avg=-0.2%  med=+19.4%  realized=$-21.00
  b884|lab0884_s410_w1_0928_1005_r1  n=  2  avg=+80.6%  med=+83.3%  realized=$+106.00
  b885|lab0885_s410_w1_0928_1005_r2  n=  3  avg=+72.8%  med=+65.3%  realized=$+145.00
  b886|lab0886_s410_w2_1005_1045_r1  n=  1  avg=+101.5%  med=+101.5%  realized=$+68.00
  b887|lab0887_s410_w2_1005_1045_r2  n=  1  avg=-48.4%  med=-48.4%  realized=$-31.00
  b888|lab0888_s410_w3_1045_1120_r1  n=  1  avg=-78.1%  med=-78.1%  realized=$-57.00
  b889|lab0889_s410_w3_1045_1120_r2  n=  1  avg=-68.5%  med=-68.5%  realized=$-50.00
  b88|c088_s165_w1_0928_1005_r5  n= 21  avg=-5.0%  med=-2.7%  realized=$-63.00
  b88|c088_s167_w1_0928_1005_r4  n=  4  avg=-12.7%  med=+30.9%  realized=$-28.00
  b88|g088_eod_tp30_sl30  n=  2  avg=+36.0%  med=+37.7%  realized=$+65.09
  b898|lab0898_s411_w1_0928_1005_r1  n=  2  avg=-54.5%  med=-51.4%  realized=$-79.00
  b899|lab0899_s411_w1_0928_1005_r2  n=  2  avg=-48.9%  med=-48.6%  realized=$-69.00
  b89|c089_s165_w2_1005_1045_r5  n=  7  avg=+113.1%  med=+30.9%  realized=$+67.00
  b89|c089_s167_w2_1005_1045_r4  n=  2  avg=-16.2%  med=+30.9%  realized=$-22.00
  b89|g089_lim_tp30_sl30  n=  1  avg=+30.1%  med=+30.1%  realized=$+24.11
  b8|c008_s165_w1_0928_1005_r1  n= 23  avg=-19.6%  med=-35.3%  realized=$-250.00
  b900|lab0900_s411_w2_1005_1045_r1  n= 11  avg=-2.4%  med=+7.7%  realized=$+1.00
  b901|lab0901_s411_w2_1005_1045_r2  n=  9  avg=+9.0%  med=+23.9%  realized=$+49.00
  b902|lab0902_s411_w3_1045_1120_r1  n=  7  avg=-0.6%  med=+8.1%  realized=$-13.00
  b903|lab0903_s411_w3_1045_1120_r2  n=  9  avg=+8.0%  med=+10.4%  realized=$+28.00
  b904|lab0904_s411_w4_1120_1135_r1  n=  2  avg=-52.8%  med=-52.2%  realized=$-60.00
  b905|lab0905_s411_w4_1120_1135_r2  n=  4  avg=-11.7%  med=+13.1%  realized=$-17.00
  b90|c090_s165_w3_1045_1120_r5  n= 13  avg=+7.7%  med=+0.0%  realized=$+47.00
  b90|c090_s167_w3_1045_1120_r4  n=  4  avg=-41.6%  med=-18.9%  realized=$-123.00
  b90|g090_mid_tp30_sl30  n=  1  avg=+30.1%  med=+30.1%  realized=$+24.11
  b90|live_1to1           n= 18  avg=+11.6%  med=-10.0%  realized=$+84.00
  b912|lab0912_s412_w1_0928_1005_r1  n=  6  avg=+75.0%  med=+66.7%  realized=$+27.00
  b913|lab0913_s412_w1_0928_1005_r2  n=  6  avg=+69.9%  med=+66.7%  realized=$+23.00
  b914|lab0914_s412_w2_1005_1045_r1  n=  7  avg=+91.8%  med=+68.2%  realized=$+168.00
  b915|lab0915_s412_w2_1005_1045_r2  n=  7  avg=+80.5%  med=+43.2%  realized=$+133.00
  b916|lab0916_s412_w3_1045_1120_r1  n= 14  avg=+1.8%  med=-10.7%  realized=$+8.00
  b917|lab0917_s412_w3_1045_1120_r2  n=  7  avg=+106.9%  med=-3.6%  realized=$-8.00
  b918|lab0918_s412_w4_1120_1135_r1  n=  4  avg=-45.8%  med=-38.1%  realized=$-94.00
  b919|lab0919_s412_w4_1120_1135_r2  n=  5  avg=+33.9%  med=-2.2%  realized=$+8.00
  b91|c091_s165_w4_1120_1135_r5  n=  2  avg=+222.0%  med=+247.0%  realized=$+293.00
  b91|g091_eod_tp30_sl30  n=  2  avg=+19.8%  med=+55.6%  realized=$+25.00
  b92|g092_lim_tp30_sl40  n=  2  avg=+53.6%  med=+70.8%  realized=$+94.51
  b93|g093_mid_tp30_sl40  n=  2  avg=+53.6%  med=+70.8%  realized=$+94.51
  b94|g094_eod_tp30_sl40  n=  2  avg=+46.6%  med=+55.6%  realized=$+73.80
  b94|lab0094_s211_w1_0928_1005_r1  n=  8  avg=-4.1%  med=-5.7%  realized=$-34.00
  b95|g095_lim_tp30_sl40  n=  2  avg=+50.5%  med=+70.8%  realized=$+94.89
  b95|lab0095_s211_w1_0928_1005_r2  n=  9  avg=-27.7%  med=-42.1%  realized=$-143.00
  b96|g096_mid_tp30_sl40  n=  2  avg=+50.5%  med=+70.8%  realized=$+94.89
  b96|lab0096_s211_w2_1005_1045_r1  n=  6  avg=-44.0%  med=-38.1%  realized=$-83.00
  b97|g097_eod_tp30_sl40  n=  2  avg=+36.0%  med=+37.7%  realized=$+65.09
  b97|lab0097_s211_w2_1005_1045_r2  n=  7  avg=-54.0%  med=-46.1%  realized=$-125.00
  b98|g098_lim_tp30_sl40  n=  2  avg=+50.5%  med=+70.8%  realized=$+94.89
  b98|lab0098_s211_w3_1045_1120_r1  n=  7  avg=+190.8%  med=-48.7%  realized=$-61.00
  b99|g099_mid_tp30_sl40  n=  2  avg=+50.5%  med=+70.8%  realized=$+94.89
  b99|lab0099_s211_w3_1045_1120_r2  n=  8  avg=+84.6%  med=+107.7%  realized=$+149.00
  b9|c009_s165_w2_1005_1045_r1  n=  7  avg=-74.4%  med=-66.2%  realized=$-301.00
========================================================
+========================================================================+
|[OPTIONS BOT DAILY VITALS (MATRIX EXPERIMENT)]                          |
+========================================================================+
|-- ACCOUNT STATUS (entry+manage) --                                     |
|Equity       : $996,042.03                                              |
|Open Risk    : 33 lots (12 broker pos)                                  |
|Today's Run  : 56 signals -> 0 orders submitted                         |
|                                                                        |
|-- SYSTEM HEALTH --                                                     |
|Zombies      : 0 (Ledger is clean)                                      |
|Lab Status   : 33 Active Lots | 0 Pending Orders                        |
|Auto-Matrix  : (Pending EOD report generation)                          |
+========================================================================+
+========================================================================+
|[DATA QUALITY: CLEAN vs ERRORS vs KEEP-ONLY]                            |
+========================================================================+
|  CLEAN              n=1377  win= 49.1%  med= -15.9%  $+17,330          |
|  TAINTED            n=1882  win= 33.3%  med= -38.9%  $-9,546           |
|  KEEP-only          n=713   win= 62.3%  med= +51.6%  $+11,733          |
|  KEEP recent        n=520   win= 60.4%  med= +54.0%  $+7,488           |
|  KEEP(24): S163,S167,S168,S173,S174,S210,S218,S350...                  |
|  KILL(18): ORPHAN,S164,S202,S203,S207,S211,S212,S216...                |
+========================================================================+
+========================================================================+
|[+++ OVERPERFORMING STRATEGIES (n>=10)]                                 |
+========================================================================+
|  BKT  PROFILE                   WIN%   MED%   TOTAL TRADES             |
|  ---------------------------------------------------------             |
|  b238 lab0238_s401_w3_1045..  79%  +104.7%    19                       |
|  b276 lab0276_s350_w1_0928..  70%  +102.9%    10                       |
|  b861 lab0861_s408_w3_1045..  67%  +83.3%    12                        |
|  b365 lab0365_s361_w2_1005..  92%  +82.8%    12                        |
+========================================================================+
|[--- UNDERPERFORMING STRATEGIES (n>=10)]                                |
+========================================================================+
|  BKT  PROFILE                   WIN%   MED%   TOTAL TRADES             |
|  ---------------------------------------------------------             |
|  b47  lab0047_s205_w4_1120..   4%  -78.0%    28                        |
|  b307 lab0307_s354_w2_1005..  30%  -69.9%    10                        |
|  b1   lab0001_s200_w1_0928..   0%  -65.8%    10                        |
|  b41  lab0041_s205_w1_0928..  12%  -65.3%    16                        |
+========================================================================+
+========================================================================+
|[PENDING EXITS (3)]                                                     |
+========================================================================+
|  b196 S218 AXP260925C00325000 x1 stop_loss (-55.3%)                    |
|  b167 S216 MCD260925C00272500 x1 stop_loss (-100.0%)                   |
|  b90  S404 NFLX260925C00074000 x1 stop_loss (-43.0%)                   |
+========================================================================+
+========================================================================+
|[OPEN OPTIONS (12)]                                                     |
+========================================================================+
|  SYMBOL                      QTY    RET%        OPEN P&L               |
|  ---------------------------------------------------------             |
|  MARA260925C00012500           3   +183.9%   $   +274.00               |
|  MARA260925C00011500          -1  -1412.5%   $   -226.00               |
|  MARA260925C00012000          -1   -569.0%   $   -165.00               |
|  NFLX260925C00074000           6    -44.9%   $   -137.14               |
|  LLY260925C01250000            7    -23.1%   $    -63.00               |
|  AMD260923C00657500            4    -21.3%   $    -40.00               |
|  NFLX261002C00076000           2    -36.4%   $    -40.00               |
|  NFLX261009C00078000           2    -31.5%   $    -34.00               |
|  ... 4 more position(s)                                                |
+========================================================================+
Full detail: logs/options_trial/runs/2026-09-22.log
elapsed=53.5s reconcile=0.39s cancel=0.12s manage=6.02s scan=34.78s entries=10.52s

=== 10:31:22 ET — entry+manage (0 new) [elapsed=60.6s reconcile=0.16s cancel=0.02s manage=3.76s scan=54.07s entries=1.92s] ===
=== options_morning_bot (PAPER) 2026-09-22T10:31:22.726947-04:00 ===

[Run context]
Paper auth OK — equity $996015.51, account PA33P8KT02IL
  reconcile: layout changed controlled:100:c000_s173_w1_0928_1005_r1 -> controlled:1164:live_1to1+variations
  reconcile: exit fill b90|S404 NFLX -44.0%

[Setup]
LIVE 1:1 bucket b90 live_1to1 — S218, S404, S406 | TP+50%/SL-40% | stop-mkt | min $20
Variation study: 1163 lab/promising bucket(s) | cohort: all paper strategies | max 400 new entries/run
Dropped (no new entries; ex-reflected P&L): S203, S207, S212, S360, S405, S407
  EXIT skip MCD260925C00272500: open sell already pending
  EXIT [b434|lab0434_s366_w2_1005_1045_r1|S366] take_profit (+189.9%) SELL failed MARA260925C00012500: {"code":40310000,"message":"account not eligible to trade uncovered option contracts"}
  EXIT [b433|lab0433_s366_w1_0928_1005_r2|S366] take_profit (+189.9%) SELL failed MARA260925C00012500: {"code":40310000,"message":"account not eligible to trade uncovered option contracts"}
  EXIT [b432|lab0432_s366_w1_0928_1005_r1|S366] take_profit (+189.9%) SELL failed MARA260925C00012500: {"code":40310000,"message":"account not eligible to trade uncovered option contracts"}
  EXIT skip AXP260925C00325000: open sell already pending
  PROT STOP failed MARA260925C00012500: {"code":40310000,"message":"account not eligible to trade uncovered option contracts"}
  PROT STOP-LIMIT NFLX260925C00074000 x6 stop=0.27 lim=0.25 tif=gtc sl=-50% entry=0.53 id=e97ef5d3-b996-4a1e-baf3-334f92301084
Protective stops: placed=1 upgraded=0 already=8 failed=1 (market-first)

[Scan + entries]
Scanning 117 symbols for [S165, S164, S168, S167, S166, S163, S169, S170, S171, S172, S175, S200, S201, S202, S204, S205, S206, S208, S209, S210, S211, S213, S214, S215, S216, S217, S218, S219, S220, S221, S400, S401, S402, S403, S350, S351, S352, S353, S354, S355, S356, S357, S358, S359, S361, S362, S363, S364, S365, S366, S367, S368, S369, S370, S371, S372, S373, S374, S375, S376, S377, S378, S379, S380, S381, S382, S383, S384, S385, S386, S387, S388, S389, S390, S391, S392, S393, S394, S413, S414, S415, S416, S417, S418, S395, S396, S397, S398, S399, S404, S406, S408, S409, S410, S411, S412, S413, S414, S415, S416, S417, S418, S419] …
  Daily bars disk cache hit (options_daily_bars_2026-09-22.parquet)
Fetched daily bars for 113/117 symbols
Found 56 signal(s); top: ['S211:AMD', 'S401:AMD', 'S210:COIN', 'S401:COIN', 'S401:META', 'S401:AMZN', 'S401:MARA', 'S401:MSTR']
Paper lab: $996016 broker equity -> 1164 bucket(s) ($500 virtual each, unlimited paper)
  [b82|lab0082_s210_w2_1005_1045_r1] S210 COIN (tier: fast): no tradeable call
  [b83|lab0083_s210_w2_1005_1045_r2] S210 COIN (tier: fast): no tradeable call
  [b1054|lab1054_s165_w2_1005_1045_r1] S165 MPC (tier: neutral): no tradeable call
  [b1055|lab1055_s165_w2_1005_1045_r2] S165 MPC (tier: neutral): no tradeable call
  [b1152|lab1152_s164_w2_1005_1045_r1] S164 MPC (tier: neutral): no tradeable call
  [b1153|lab1153_s164_w2_1005_1045_r2] S164 MPC (tier: neutral): no tradeable call
  [b1124|lab1124_s168_w2_1005_1045_r1] S168 MPC (tier: neutral): no tradeable call
  [b1125|lab1125_s168_w2_1005_1045_r2] S168 MPC (tier: neutral): no tradeable call
  [b1096|lab1096_s167_w2_1005_1045_r1] S167 MPC (tier: neutral): no tradeable call
  [b1097|lab1097_s167_w2_1005_1045_r2] S167 MPC (tier: neutral): no tradeable call
  [b1138|lab1138_s163_w2_1005_1045_r1] S163 MPC (tier: neutral): no tradeable call
  [b1139|lab1139_s163_w2_1005_1045_r2] S163 MPC (tier: neutral): no tradeable call
  [b278|lab0278_s350_w2_1005_1045_r1] S350 MPC (tier: neutral): no tradeable call
  [b279|lab0279_s350_w2_1005_1045_r2] S350 MPC (tier: neutral): no tradeable call
  [b282|lab0282_s351_w2_1005_1045_r1] S351 MPC (tier: neutral): no tradeable call
  [b283|lab0283_s351_w2_1005_1045_r2] S351 MPC (tier: neutral): no tradeable call
  [b290|lab0290_s352_w2_1005_1045_r1] S352 MPC (tier: neutral): no tradeable call
  [b291|lab0291_s352_w2_1005_1045_r2] S352 MPC (tier: neutral): no tradeable call
  [b298|lab0298_s353_w2_1005_1045_r1] S353 MPC (tier: neutral): no tradeable call
  [b299|lab0299_s353_w2_1005_1045_r2] S353 MPC (tier: neutral): no tradeable call
  [b306|lab0306_s354_w2_1005_1045_r1] S354 MPC (tier: neutral): no tradeable call
  [b307|lab0307_s354_w2_1005_1045_r2] S354 MPC (tier: neutral): no tradeable call
  [b314|lab0314_s355_w2_1005_1045_r1] S355 MPC (tier: neutral): no tradeable call
  [b315|lab0315_s355_w2_1005_1045_r2] S355 MPC (tier: neutral): no tradeable call
  [b322|lab0322_s356_w2_1005_1045_r1] S356 MPC (tier: neutral): no tradeable call
  [b323|lab0323_s356_w2_1005_1045_r2] S356 MPC (tier: neutral): no tradeable call
  [b330|lab0330_s357_w2_1005_1045_r1] S357 MPC (tier: neutral): no tradeable call
  [b331|lab0331_s357_w2_1005_1045_r2] S357 MPC (tier: neutral): no tradeable call
  [b338|lab0338_s358_w2_1005_1045_r1] S358 MPC (tier: neutral): no tradeable call
  [b339|lab0339_s358_w2_1005_1045_r2] S358 MPC (tier: neutral): no tradeable call
  [b762|lab0762_s395_w2_1005_1045_r1] S395 MPC (tier: neutral): no tradeable call
  [b763|lab0763_s395_w2_1005_1045_r2] S395 MPC (tier: neutral): no tradeable call
  [b770|lab0770_s396_w2_1005_1045_r1] S396 MPC (tier: neutral): no tradeable call
  [b771|lab0771_s396_w2_1005_1045_r2] S396 MPC (tier: neutral): no tradeable call
  [b778|lab0778_s397_w2_1005_1045_r1] S397 MPC (tier: neutral): no tradeable call
  [b779|lab0779_s397_w2_1005_1045_r2] S397 MPC (tier: neutral): no tradeable call
  [b786|lab0786_s398_w2_1005_1045_r1] S398 MPC (tier: neutral): no tradeable call
  [b787|lab0787_s398_w2_1005_1045_r2] S398 MPC (tier: neutral): no tradeable call
  [b794|lab0794_s399_w2_1005_1045_r1] S399 MPC (tier: neutral): no tradeable call
  [b795|lab0795_s399_w2_1005_1045_r2] S399 MPC (tier: neutral): no tradeable call
  [b90|live_1to1] S404 MPC (tier: neutral): no tradeable call
  [b802|lab0802_s404_w2_1005_1045_r1] S404 MPC (tier: neutral): no tradeable call
  [b803|lab0803_s404_w2_1005_1045_r2] S404 MPC (tier: neutral): no tradeable call
  [b180|lab0180_s217_w2_1005_1045_r1] S217 UNP (tier: neutral): no tradeable call
  [b181|lab0181_s217_w2_1005_1045_r2] S217 UNP (tier: neutral): no tradeable call
  [b346|lab0346_s359_w2_1005_1045_r1] S359 LLY (tier: neutral): no tradeable call
  [b347|lab0347_s359_w2_1005_1045_r2] S359 LLY (tier: neutral): no tradeable call
  [b392|lab0392_s363_w2_1005_1045_r1] S363 LLY (tier: neutral): no tradeable call
  [b393|lab0393_s363_w2_1005_1045_r2] S363 LLY (tier: neutral): no tradeable call
  [b406|lab0406_s364_w2_1005_1045_r1] S364 LLY (tier: neutral): no tradeable call
  [b407|lab0407_s364_w2_1005_1045_r2] S364 LLY (tier: neutral): no tradeable call
  [b420|lab0420_s365_w2_1005_1045_r1] S365 LLY (tier: neutral): no tradeable call
  [b421|lab0421_s365_w2_1005_1045_r2] S365 LLY (tier: neutral): no tradeable call
  [b435|lab0435_s366_w2_1005_1045_r2] S366 LLY (tier: neutral): no tradeable call
  [b448|lab0448_s367_w2_1005_1045_r1] S367 LLY (tier: neutral): no tradeable call
  [b449|lab0449_s367_w2_1005_1045_r2] S367 LLY (tier: neutral): no tradeable call
  [b830|lab0830_s406_w2_1005_1045_r1] S406 LLY (tier: neutral): no tradeable call
  [b831|lab0831_s406_w2_1005_1045_r2] S406 LLY (tier: neutral): no tradeable call
  [b858|lab0858_s408_w2_1005_1045_r1] S408 LLY (tier: neutral): no tradeable call
  [b859|lab0859_s408_w2_1005_1045_r2] S408 LLY (tier: neutral): no tradeable call
  [b872|lab0872_s409_w2_1005_1045_r1] S409 LLY (tier: neutral): no tradeable call
  [b873|lab0873_s409_w2_1005_1045_r2] S409 LLY (tier: neutral): no tradeable call
  [b886|lab0886_s410_w2_1005_1045_r1] S410 LLY (tier: neutral): no tradeable call
  [b887|lab0887_s410_w2_1005_1045_r2] S410 LLY (tier: neutral): no tradeable call
  [b900|lab0900_s411_w2_1005_1045_r1] S411 LLY (tier: neutral): no tradeable call
  [b901|lab0901_s411_w2_1005_1045_r2] S411 LLY (tier: neutral): no tradeable call
  [b264|lab0264_s403_w2_1005_1045_r1] S403 KO (tier: slow): no tradeable call
  [b265|lab0265_s403_w2_1005_1045_r2] S403 KO (tier: slow): no tradeable call
  [b180|lab0180_s217_w2_1005_1045_r1] S217 PEP (tier: slow): no tradeable call
  [b181|lab0181_s217_w2_1005_1045_r2] S217 PEP (tier: slow): no tradeable call
  [b90|live_1to1] S218 D (tier: slow): no tradeable call
  [b194|lab0194_s218_w2_1005_1045_r1] S218 D (tier: slow): no tradeable call
  [b195|lab0195_s218_w2_1005_1045_r2] S218 D (tier: slow): no tradeable call
  [b90|live_1to1] S218 WEC (tier: slow): no tradeable call
  [b194|lab0194_s218_w2_1005_1045_r1] S218 WEC (tier: slow): no tradeable call
  [b195|lab0195_s218_w2_1005_1045_r2] S218 WEC (tier: slow): no tradeable call
  Skipped: 76 no tradeable call
Placed 0 new entry order(s).

[Portfolio snapshot]
========================================================
OPTIONS TRIAL STATS
========================================================
Account equity: $996,015.51
Active buckets: 1164 of 1164 profiles ($500 virtual each) — paper unlimited mode

P&L summary
  Reflected (ex-S203,S207,S212,S360,S405,S407): $+12,624.88 all-time  |  $-279.00 today
  Raw (incl dropped):     $+7,761.88 all-time  |  $-279.00 today
  Open (not sold yet): $+98.00 unrealized (virtual lots)
                       $-303.00 unrealized (broker total)
  Premium deployed:    $1,433.00 in open positions
  Combined P&L:        $+12,722.88 (reflected realized + open virtual)

Ledger (master)
  Total events:     14517
  Today entries:    17
  Today exits (reflected): 11
  All-time exits (reflected): 2957  wins 42%
  Avg return/trade: +31.3%  median -30.4%

Open virtual lots (by bucket)
  b16 lab0016_s202_w1_0928_1005_r1  prem=$     0  real=$-47.00  open=$ +0.00  lots=0  [-]
       buy: ask-0.01  sell: bid-0.01  tp=+50% sl=-50%
  b17 lab0017_s202_w1_0928_1005_r2  prem=$     0  real=$-56.00  open=$ +0.00  lots=0  [-]
       buy: ask-0.01  sell: bid-0.01  tp=+50% sl=-50%
  b18 lab0018_s202_w2_1005_1045_r1  prem=$     0  real=$-29.00  open=$ +0.00  lots=0  [-]
       buy: ask-0.01  sell: bid-0.01  tp=+50% sl=-50%
  b19 lab0019_s202_w2_1005_1045_r2  prem=$     0  real=$-43.00  open=$ +0.00  lots=0  [-]
       buy: ask-0.01  sell: bid-0.01  tp=+50% sl=-50%
  b20 lab0020_s202_w3_1045_1120_r1  prem=$     0  real=$ -6.00  open=$ +0.00  lots=0  [-]
       buy: ask-0.01  sell: bid-0.01  tp=+50% sl=-50%
  b21 lab0021_s202_w3_1045_1120_r2  prem=$     0  real=$-24.00  open=$ +0.00  lots=0  [-]
       buy: ask-0.01  sell: bid-0.01  tp=+50% sl=-50%
  b73 lab0073_s209_w1_0928_1005_r2  prem=$     0  real=$-11.00  open=$ +0.00  lots=0  [-]
       buy: ask-0.01  sell: bid-0.01  tp=+50% sl=-50%
  b74 lab0074_s209_w2_1005_1045_r1  prem=$     0  real=$-39.00  open=$ +0.00  lots=0  [-]
       buy: ask-0.01  sell: bid-0.01  tp=+50% sl=-50%
  b75 lab0075_s209_w2_1005_1045_r2  prem=$     0  real=$-68.00  open=$ +0.00  lots=0  [-]
       buy: ask-0.01  sell: bid-0.01  tp=+50% sl=-50%
  b77 lab0077_s209_w3_1045_1120_r2  prem=$     0  real=$-39.00  open=$ +0.00  lots=0  [-]
       buy: ask-0.01  sell: bid-0.01  tp=+50% sl=-50%
  b79 lab0079_s209_w4_1120_1135_r2  prem=$     0  real=$-53.00  open=$ +0.00  lots=0  [-]
       buy: ask-0.01  sell: bid-0.01  tp=+50% sl=-50%
  b80 lab0080_s210_w1_0928_1005_r1  prem=$     0  real=$+57.00  open=$ +0.00  lots=0  [-]
       buy: ask-0.01  sell: bid-0.01  tp=+50% sl=-50%
  b81 lab0081_s210_w1_0928_1005_r2  prem=$     0  real=$+47.00  open=$ +0.00  lots=0  [-]
       buy: ask-0.01  sell: bid-0.01  tp=+50% sl=-50%
  b82 lab0082_s210_w2_1005_1045_r1  prem=$     0  real=$-70.00  open=$ +0.00  lots=0  [-]
       buy: ask-0.01  sell: bid-0.01  tp=+50% sl=-50%
  b83 lab0083_s210_w2_1005_1045_r2  prem=$     0  real=$+14.00  open=$ +0.00  lots=0  [-]
       buy: ask-0.01  sell: bid-0.01  tp=+50% sl=-50%
  b84 lab0084_s210_w3_1045_1120_r1  prem=$     0  real=$-240.00  open=$ +0.00  lots=0  [-]
       buy: ask-0.01  sell: bid-0.01  tp=+50% sl=-50%
  b85 lab0085_s210_w3_1045_1120_r2  prem=$     0  real=$+25.00  open=$ +0.00  lots=0  [-]
       buy: ask-0.01  sell: bid-0.01  tp=+50% sl=-50%
  b86 lab0086_s210_w4_1120_1135_r1  prem=$     0  real=$+67.00  open=$ +0.00  lots=0  [-]
       buy: ask-0.01  sell: bid-0.01  tp=+50% sl=-50%
  b87 lab0087_s210_w4_1120_1135_r2  prem=$     0  real=$-21.00  open=$ +0.00  lots=0  [-]
       buy: ask-0.01  sell: bid-0.01  tp=+50% sl=-50%
  b90 live_1to1               prem=$    39  real=$+62.00  open=$ -9.00  lots=1  [S406:LLYx1]
       buy: ask-0.01  sell: bid-0.01  tp=+50% sl=-40%
  (290 more active bucket(s) omitted)
  (854 quiet bucket profile(s) — no trades yet)

Alpaca option positions
  AMD260923C00652500  qty=4  cost=$212.00  return=+15.1%  open P&L=$+32.00
  AMD260923C00657500  qty=4  cost=$188.00  return=-14.9%  open P&L=$-28.00
  AXP260925C00325000  qty=1  cost=$38.00  return=-68.4%  open P&L=$-26.00
  LLY260925C01250000  qty=7  cost=$273.00  return=-23.1%  open P&L=$-63.00
  MARA260925C00011500  qty=-1  cost=$16.00  return=-1443.8%  open P&L=$-231.00
  MARA260925C00012000  qty=-1  cost=$29.00  return=-586.2%  open P&L=$-170.00
  MARA260925C00012500  qty=3  cost=$149.00  return=+189.9%  open P&L=$+283.00
  MCD260925C00272500  qty=2  cost=$8.00  return=-100.0%  open P&L=$-8.00
  NFLX261002C00076000  qty=2  cost=$110.00  return=-36.4%  open P&L=$-40.00
  NFLX261002C00077000  qty=1  cost=$41.00  return=-43.9%  open P&L=$-18.00
  NFLX261009C00078000  qty=2  cost=$108.00  return=-31.5%  open P&L=$-34.00

Per-bucket exit stats (all time)
  b0|c000_s173_w1_0928_1005_r1  n= 22  avg=+24.8%  med=+34.9%  realized=$+283.00
  b0|orphan_reconcile     n=400  avg=+3.6%  med=-49.5%  realized=$+346.21
  b100|lab0100_s211_w4_1120_1135_r1  n=  1  avg=+73.6%  med=+73.6%  realized=$+39.00
  b101|lab0101_s211_w4_1120_1135_r2  n=  2  avg=+652.3%  med=+1385.7%  realized=$+54.00
  b104|c104_s164_w1_0928_1005_r4  n=  1  avg=-88.9%  med=-88.9%  realized=$-8.00
  b1052|lab1052_s165_w1_0928_1005_r1  n=  2  avg=+170.4%  med=+194.7%  realized=$+110.00
  b1053|lab1053_s165_w1_0928_1005_r2  n=  2  avg=+165.7%  med=+189.5%  realized=$+107.00
  b1054|lab1054_s165_w2_1005_1045_r1  n=  1  avg=+93.5%  med=+93.5%  realized=$+58.00
  b1055|lab1055_s165_w2_1005_1045_r2  n=  1  avg=+526.3%  med=+526.3%  realized=$+100.00
  b1057|lab1057_s165_w3_1045_1120_r2  n=  1  avg=-53.3%  med=-53.3%  realized=$-32.00
  b1058|lab1058_s165_w4_1120_1135_r1  n=  1  avg=+390.5%  med=+390.5%  realized=$+82.00
  b1059|lab1059_s165_w4_1120_1135_r2  n=  1  avg=+342.9%  med=+342.9%  realized=$+72.00
  b108|c108_s202_w3_1045_1120_r1  n=  1  avg=-33.3%  med=-33.3%  realized=$-1.00
  b1094|lab1094_s167_w1_0928_1005_r1  n=  3  avg=+75.9%  med=+126.0%  realized=$+73.00
  b1095|lab1095_s167_w1_0928_1005_r2  n=  3  avg=+58.7%  med=+106.0%  realized=$+57.00
  b1096|lab1096_s167_w2_1005_1045_r1  n=  2  avg=+238.1%  med=+531.6%  realized=$+70.00
  b1097|lab1097_s167_w2_1005_1045_r2  n=  2  avg=+227.6%  med=+510.5%  realized=$+66.00
  b109|c109_s202_w3_1045_1120_r2  n=  1  avg=-66.7%  med=-66.7%  realized=$-2.00
  b10|c010_s165_w3_1045_1120_r1  n=  8  avg=-37.2%  med=-18.9%  realized=$-205.00
  b1100|lab1100_s167_w4_1120_1135_r1  n=  1  avg=+328.6%  med=+328.6%  realized=$+69.00
  b1101|lab1101_s167_w4_1120_1135_r2  n=  1  avg=+323.8%  med=+323.8%  realized=$+68.00
  b1108|lab1108_s166_w1_0928_1005_r1  n=  1  avg=+160.9%  med=+160.9%  realized=$+74.00
  b1109|lab1109_s166_w1_0928_1005_r2  n=  1  avg=+77.6%  med=+77.6%  realized=$+45.00
  b1110|lab1110_s166_w2_1005_1045_r1  n=  1  avg=+67.2%  med=+67.2%  realized=$+41.00
  b1111|lab1111_s166_w2_1005_1045_r2  n=  1  avg=+72.9%  med=+72.9%  realized=$+43.00
  b1112|lab1112_s166_w3_1045_1120_r1  n=  1  avg=+273.0%  med=+273.0%  realized=$+101.00
  b1113|lab1113_s166_w3_1045_1120_r2  n=  2  avg=+100.9%  med=+135.1%  realized=$+92.00
  b1115|lab1115_s166_w4_1120_1135_r2  n=  1  avg=+55.6%  med=+55.6%  realized=$+40.00
  b1122|lab1122_s168_w1_0928_1005_r1  n=  3  avg=+72.4%  med=+50.0%  realized=$+46.00
  b1123|lab1123_s168_w1_0928_1005_r2  n=  3  avg=+55.9%  med=+53.3%  realized=$+36.00
  b1124|lab1124_s168_w2_1005_1045_r1  n=  2  avg=+91.2%  med=+248.6%  realized=$+50.00
  b1125|lab1125_s168_w2_1005_1045_r2  n=  2  avg=+75.5%  med=+217.1%  realized=$+39.00
  b1126|lab1126_s168_w3_1045_1120_r1  n=  3  avg=+66.9%  med=+116.2%  realized=$+67.00
  b1127|lab1127_s168_w3_1045_1120_r2  n=  3  avg=+49.1%  med=+102.7%  realized=$+47.00
  b1128|lab1128_s168_w4_1120_1135_r1  n=  2  avg=+120.5%  med=+272.2%  realized=$+83.00
  b1129|lab1129_s168_w4_1120_1135_r2  n=  2  avg=+101.7%  med=+255.6%  realized=$+67.00
  b1136|lab1136_s163_w1_0928_1005_r1  n=  3  avg=-8.7%  med=-51.4%  realized=$+6.00
  b1137|lab1137_s163_w1_0928_1005_r2  n=  3  avg=-19.2%  med=-61.9%  realized=$-7.00
  b1138|lab1138_s163_w2_1005_1045_r1  n=  2  avg=+133.6%  med=+200.0%  realized=$+111.00
  b1139|lab1139_s163_w2_1005_1045_r2  n=  2  avg=+138.1%  med=+205.7%  realized=$+115.00
  b1140|lab1140_s163_w3_1045_1120_r1  n=  4  avg=+34.6%  med=+73.0%  realized=$+59.00
  b1141|lab1141_s163_w3_1045_1120_r2  n=  4  avg=+35.5%  med=+74.6%  realized=$+64.00
  b1142|lab1142_s163_w4_1120_1135_r1  n=  1  avg=-72.9%  med=-72.9%  realized=$-35.00
  b1143|lab1143_s163_w4_1120_1135_r2  n=  2  avg=+27.6%  med=+128.1%  realized=$+6.00
  b1150|lab1150_s164_w1_0928_1005_r1  n=  3  avg=+77.6%  med=+156.0%  realized=$+80.00
  b1151|lab1151_s164_w1_0928_1005_r2  n=  3  avg=+70.4%  med=+124.0%  realized=$+66.00
  b1152|lab1152_s164_w2_1005_1045_r1  n=  2  avg=+216.7%  med=+531.6%  realized=$+46.00
  b1153|lab1153_s164_w2_1005_1045_r2  n=  2  avg=+242.5%  med=+542.1%  realized=$+71.00
  b1154|lab1154_s164_w3_1045_1120_r1  n=  1  avg=-50.0%  med=-50.0%  realized=$-30.00
  b1155|lab1155_s164_w3_1045_1120_r2  n=  1  avg=-48.1%  med=-48.1%  realized=$-25.00
  b1156|lab1156_s164_w4_1120_1135_r1  n=  1  avg=+342.9%  med=+342.9%  realized=$+72.00
  b1157|lab1157_s164_w4_1120_1135_r2  n=  1  avg=+323.8%  med=+323.8%  realized=$+68.00
  b132|c132_s164_w1_0928_1005_r5  n=  2  avg=-65.7%  med=-53.6%  realized=$-37.00
  b135|c135_s164_w4_1120_1135_r5  n=  1  avg=-50.0%  med=-50.0%  realized=$-4.00
  b164|lab0164_s216_w1_0928_1005_r1  n=  8  avg=+14.7%  med=-37.0%  realized=$-4.00
  b165|lab0165_s216_w1_0928_1005_r2  n= 11  avg=+18.5%  med=-37.0%  realized=$+47.00
  b166|lab0166_s216_w2_1005_1045_r1  n=  9  avg=+22.7%  med=-63.4%  realized=$-196.00
  b167|lab0167_s216_w2_1005_1045_r2  n= 11  avg=+3.0%  med=-63.2%  realized=$-191.00
  b168|lab0168_s216_w3_1045_1120_r1  n=  6  avg=-76.4%  med=-72.0%  realized=$-181.00
  b169|lab0169_s216_w3_1045_1120_r2  n=  8  avg=-37.5%  med=-52.3%  realized=$-124.00
  b16|lab0016_s202_w1_0928_1005_r1  n=  2  avg=-51.0%  med=-38.1%  realized=$-47.00
  b170|lab0170_s216_w4_1120_1135_r1  n=  2  avg=-64.0%  med=-63.6%  realized=$-71.00
  b171|lab0171_s216_w4_1120_1135_r2  n=  4  avg=-41.7%  med=-47.5%  realized=$-71.00
  b178|lab0178_s217_w1_0928_1005_r1  n=  2  avg=+85.4%  med=+104.8%  realized=$+97.00
  b179|lab0179_s217_w1_0928_1005_r2  n=  2  avg=+70.8%  med=+90.5%  realized=$+81.00
  b17|lab0017_s202_w1_0928_1005_r2  n=  2  avg=-70.9%  med=-65.6%  realized=$-56.00
  b180|lab0180_s217_w2_1005_1045_r1  n= 15  avg=+86.7%  med=+53.9%  realized=$+362.00
  b181|lab0181_s217_w2_1005_1045_r2  n= 17  avg=+65.8%  med=-46.1%  realized=$+239.00
  b182|lab0182_s217_w3_1045_1120_r1  n=  8  avg=-39.7%  med=-43.8%  realized=$-134.00
  b183|lab0183_s217_w3_1045_1120_r2  n= 12  avg=-34.3%  med=-54.4%  realized=$-153.00
  b184|lab0184_s217_w4_1120_1135_r1  n=  2  avg=-77.5%  med=-77.5%  realized=$-62.00
  b185|lab0185_s217_w4_1120_1135_r2  n=  3  avg=-16.3%  med=-52.2%  realized=$-7.00
  b18|lab0018_s202_w2_1005_1045_r1  n=  1  avg=-74.4%  med=-74.4%  realized=$-29.00
  b192|lab0192_s218_w1_0928_1005_r1  n=  9  avg=+20.6%  med=+50.0%  realized=$+114.00
  b193|lab0193_s218_w1_0928_1005_r2  n= 11  avg=+29.4%  med=+36.4%  realized=$+177.00
  b194|lab0194_s218_w2_1005_1045_r1  n= 19  avg=-7.5%  med=-37.5%  realized=$-118.00
  b195|lab0195_s218_w2_1005_1045_r2  n= 20  avg=+35.9%  med=+58.8%  realized=$+243.00
  b196|lab0196_s218_w3_1045_1120_r1  n=  8  avg=+139.1%  med=+52.2%  realized=$+165.00
  b197|lab0197_s218_w3_1045_1120_r2  n=  8  avg=+140.6%  med=+47.8%  realized=$+283.00
  b198|lab0198_s218_w4_1120_1135_r1  n=  3  avg=+108.5%  med=+108.5%  realized=$+150.00
  b199|lab0199_s218_w4_1120_1135_r2  n=  4  avg=+72.4%  med=+112.8%  realized=$+124.00
  b19|lab0019_s202_w2_1005_1045_r2  n=  2  avg=-51.5%  med=-46.7%  realized=$-43.00
  b1|c001_s173_w2_1005_1045_r1  n= 10  avg=-65.0%  med=-64.9%  realized=$-406.00
  b20|c020_s164_w1_0928_1005_r1  n=  9  avg=-11.2%  med=-14.3%  realized=$-19.00
  b20|c020_s173_w1_0928_1005_r2  n= 21  avg=+1.0%  med=-3.6%  realized=$+6.00
  b20|lab0020_s202_w3_1045_1120_r1  n=  1  avg=-42.9%  med=-42.9%  realized=$-6.00
  b21|c021_s164_w2_1005_1045_r1  n=  8  avg=-61.7%  med=-56.1%  realized=$-308.00
  b21|c021_s173_w2_1005_1045_r2  n= 23  avg=-55.2%  med=-72.1%  realized=$-863.00
  b21|lab0021_s202_w3_1045_1120_r2  n=  2  avg=-53.6%  med=-50.0%  realized=$-24.00
  b222|lab0222_s400_w2_1005_1045_r1  n=  1  avg=-50.0%  med=-50.0%  realized=$-4.00
  b223|lab0223_s400_w2_1005_1045_r2  n=  1  avg=-50.0%  med=-50.0%  realized=$-4.00
  b224|lab0224_s400_w3_1045_1120_r1  n=  1  avg=-66.7%  med=-66.7%  realized=$-10.00
  b225|lab0225_s400_w3_1045_1120_r2  n=  2  avg=-7.3%  med=+52.1%  realized=$+15.00
  b227|lab0227_s400_w4_1120_1135_r2  n=  1  avg=-22.2%  med=-22.2%  realized=$-2.00
  b22|c022_s164_w3_1045_1120_r1  n=  6  avg=-28.3%  med=-55.7%  realized=$-115.00
  b22|c022_s173_w3_1045_1120_r2  n= 11  avg=-35.9%  med=-54.2%  realized=$-224.00
  b234|lab0234_s401_w1_0928_1005_r1  n= 12  avg=+58.7%  med=-36.6%  realized=$-138.00
  b235|lab0235_s401_w1_0928_1005_r2  n= 15  avg=+133.1%  med=-23.7%  realized=$+107.00
  b236|c236_s218_w3_1045_1120_r1  n=  1  avg=-33.3%  med=-33.3%  realized=$-1.00
  b236|lab0236_s401_w2_1005_1045_r1  n= 15  avg=-15.8%  med=-38.1%  realized=$-183.00
  b237|c237_s218_w3_1045_1120_r2  n=  1  avg=-66.7%  med=-66.7%  realized=$-2.00
  b237|lab0237_s401_w2_1005_1045_r2  n= 18  avg=+22.4%  med=+50.0%  realized=$+97.00
  b238|lab0238_s401_w3_1045_1120_r1  n= 19  avg=+158.1%  med=+104.7%  realized=$+999.00
  b239|lab0239_s401_w3_1045_1120_r2  n= 17  avg=+101.5%  med=+30.2%  realized=$+254.00
  b23|c023_s164_w4_1120_1135_r1  n=  2  avg=-67.7%  med=-67.7%  realized=$-84.00
  b23|c023_s173_w4_1120_1135_r2  n=  3  avg=-25.0%  med=-61.5%  realized=$-41.00
  b240|lab0240_s401_w4_1120_1135_r1  n= 13  avg=+29.4%  med=+9.6%  realized=$+79.00
  b241|lab0241_s401_w4_1120_1135_r2  n= 10  avg=-28.4%  med=-17.5%  realized=$-174.00
  b25|c025_s168_w2_1005_1045_r1  n=  2  avg=-20.7%  med=-19.6%  realized=$-19.00
  b25|c025_s174_w2_1005_1045_r2  n= 18  avg=-33.0%  med=-21.7%  realized=$-333.00
  b262|lab0262_s403_w1_0928_1005_r1  n=  3  avg=+40.1%  med=+65.4%  realized=$+63.00
  b263|lab0263_s403_w1_0928_1005_r2  n=  9  avg=+58.2%  med=+51.7%  realized=$+221.00
  b264|lab0264_s403_w2_1005_1045_r1  n=  9  avg=+28.1%  med=+46.0%  realized=$+103.00
  b265|lab0265_s403_w2_1005_1045_r2  n= 11  avg=+21.5%  med=+49.0%  realized=$+110.00
  b266|lab0266_s403_w3_1045_1120_r1  n=  5  avg=+46.0%  med=+66.7%  realized=$+75.00
  b267|lab0267_s403_w3_1045_1120_r2  n=  7  avg=+31.2%  med=+57.1%  realized=$+73.00
  b268|lab0268_s403_w4_1120_1135_r1  n=  4  avg=+158.4%  med=+320.0%  realized=$+152.00
  b269|lab0269_s403_w4_1120_1135_r2  n=  7  avg=+96.9%  med=+57.6%  realized=$+211.00
  b26|c026_s174_w3_1045_1120_r2  n=  1  avg=-53.1%  med=-53.1%  realized=$-26.00
  b276|lab0276_s350_w1_0928_1005_r1  n= 10  avg=+61.5%  med=+102.9%  realized=$+227.00
  b277|lab0277_s350_w1_0928_1005_r2  n=  8  avg=+94.3%  med=+157.9%  realized=$+266.00
  b278|lab0278_s350_w2_1005_1045_r1  n= 13  avg=+37.3%  med=+0.0%  realized=$+58.00
  b279|lab0279_s350_w2_1005_1045_r2  n= 14  avg=+56.2%  med=-28.3%  realized=$+163.00
  b280|lab0280_s351_w1_0928_1005_r1  n=  9  avg=+122.7%  med=+171.9%  realized=$+322.00
  b281|lab0281_s351_w1_0928_1005_r2  n=  9  avg=+103.1%  med=+110.5%  realized=$+347.00
  b282|lab0282_s351_w2_1005_1045_r1  n= 11  avg=-7.6%  med=-61.9%  realized=$-114.00
  b283|lab0283_s351_w2_1005_1045_r2  n= 12  avg=-5.4%  med=-50.0%  realized=$-97.00
  b284|lab0284_s351_w3_1045_1120_r1  n=  3  avg=-54.1%  med=-52.2%  realized=$-59.00
  b285|lab0285_s351_w3_1045_1120_r2  n=  5  avg=+55.0%  med=-33.3%  realized=$+4.00
  b286|lab0286_s351_w4_1120_1135_r1  n=  6  avg=-14.7%  med=-75.5%  realized=$-99.00
  b287|lab0287_s351_w4_1120_1135_r2  n=  9  avg=-16.6%  med=-48.7%  realized=$-108.00
  b288|lab0288_s352_w1_0928_1005_r1  n=  5  avg=+107.9%  med=+100.0%  realized=$+85.00
  b289|lab0289_s352_w1_0928_1005_r2  n=  5  avg=+80.9%  med=+93.8%  realized=$+67.00
  b28|c028_s165_w1_0928_1005_r2  n= 17  avg=+49.5%  med=+80.0%  realized=$+448.00
  b28|c028_s173_w1_0928_1005_r2  n=  5  avg=+51.6%  med=+80.0%  realized=$+142.00
  b290|lab0290_s352_w2_1005_1045_r1  n=  7  avg=+62.6%  med=-17.6%  realized=$+73.00
  b291|lab0291_s352_w2_1005_1045_r2  n=  8  avg=+75.9%  med=-48.2%  realized=$+116.00
  b292|lab0292_s352_w3_1045_1120_r1  n=  8  avg=+50.1%  med=+13.0%  realized=$-6.00
  b293|lab0293_s352_w3_1045_1120_r2  n=  9  avg=+67.7%  med=+39.1%  realized=$+46.00
  b294|lab0294_s352_w4_1120_1135_r1  n=  4  avg=+17.7%  med=-71.4%  realized=$-72.00
  b295|lab0295_s352_w4_1120_1135_r2  n=  4  avg=+18.9%  med=-75.0%  realized=$-72.00
  b296|lab0296_s353_w1_0928_1005_r1  n=  5  avg=+110.2%  med=+123.7%  realized=$+118.00
  b297|lab0297_s353_w1_0928_1005_r2  n=  5  avg=+81.5%  med=+79.0%  realized=$+83.00
  b298|lab0298_s353_w2_1005_1045_r1  n= 11  avg=+11.2%  med=-34.7%  realized=$-53.00
  b299|lab0299_s353_w2_1005_1045_r2  n=  7  avg=-32.4%  med=-72.7%  realized=$-142.00
  b29|c029_s165_w2_1005_1045_r2  n=  9  avg=-23.3%  med=-50.0%  realized=$-221.00
  b29|c029_s173_w2_1005_1045_r2  n=  2  avg=-69.3%  med=-48.5%  realized=$-78.00
  b2|c002_s173_w3_1045_1120_r1  n= 15  avg=+67.7%  med=+32.8%  realized=$+707.00
  b300|lab0300_s353_w3_1045_1120_r1  n=  3  avg=+184.9%  med=-94.1%  realized=$-44.00
  b301|lab0301_s353_w3_1045_1120_r2  n=  1  avg=+942.9%  med=+942.9%  realized=$+66.00
  b302|lab0302_s353_w4_1120_1135_r1  n=  2  avg=+214.9%  med=+333.3%  realized=$+98.00
  b303|lab0303_s353_w4_1120_1135_r2  n=  3  avg=+158.5%  med=+93.1%  realized=$+121.00
  b304|lab0304_s354_w1_0928_1005_r1  n=  5  avg=+19.8%  med=+24.0%  realized=$+47.00
  b305|lab0305_s354_w1_0928_1005_r2  n=  5  avg=+2.5%  med=-51.6%  realized=$+2.00
  b306|lab0306_s354_w2_1005_1045_r1  n=  9  avg=-17.2%  med=-70.6%  realized=$-108.00
  b307|lab0307_s354_w2_1005_1045_r2  n= 10  avg=-18.9%  med=-68.6%  realized=$-50.00
  b308|lab0308_s354_w3_1045_1120_r1  n=  9  avg=+3.0%  med=-50.8%  realized=$-4.00
  b309|lab0309_s354_w3_1045_1120_r2  n=  9  avg=-5.5%  med=-52.3%  realized=$-49.00
  b30|c030_s165_w3_1045_1120_r2  n=  9  avg=+38.8%  med=+0.0%  realized=$+260.00
  b30|c030_s173_w3_1045_1120_r2  n=  2  avg=-9.5%  med=+0.0%  realized=$-14.00
  b310|lab0310_s354_w4_1120_1135_r1  n=  5  avg=+12.6%  med=-33.3%  realized=$+74.00
  b311|lab0311_s354_w4_1120_1135_r2  n=  5  avg=+32.1%  med=-72.9%  realized=$+107.00
  b312|lab0312_s355_w1_0928_1005_r1  n=  8  avg=-25.6%  med=-53.5%  realized=$-95.00
  b313|lab0313_s355_w1_0928_1005_r2  n=  7  avg=-6.9%  med=-48.8%  realized=$-31.00
  b314|lab0314_s355_w2_1005_1045_r1  n= 12  avg=-7.9%  med=-63.4%  realized=$-59.00
  b315|lab0315_s355_w2_1005_1045_r2  n= 13  avg=-10.4%  med=-41.3%  realized=$-69.00
  b316|lab0316_s355_w3_1045_1120_r1  n=  5  avg=+6.7%  med=-50.0%  realized=$+33.00
  b317|lab0317_s355_w3_1045_1120_r2  n= 10  avg=+70.5%  med=+57.1%  realized=$+320.00
  b318|lab0318_s355_w4_1120_1135_r1  n=  6  avg=+57.7%  med=+84.6%  realized=$+119.00
  b319|lab0319_s355_w4_1120_1135_r2  n=  6  avg=+60.7%  med=+59.4%  realized=$+133.00
  b31|c031_s165_w4_1120_1135_r2  n=  2  avg=+145.5%  med=+175.8%  realized=$+192.00
  b320|lab0320_s356_w1_0928_1005_r1  n=  4  avg=+18.8%  med=+37.9%  realized=$+34.00
  b321|lab0321_s356_w1_0928_1005_r2  n=  4  avg=+28.1%  med=+58.6%  realized=$+56.00
  b322|lab0322_s356_w2_1005_1045_r1  n=  3  avg=-12.4%  med=-21.6%  realized=$-21.00
  b323|lab0323_s356_w2_1005_1045_r2  n=  3  avg=-9.0%  med=-18.9%  realized=$-16.00
  b324|lab0324_s356_w3_1045_1120_r1  n=  4  avg=-5.4%  med=-25.0%  realized=$-12.00
  b325|lab0325_s356_w3_1045_1120_r2  n=  4  avg=-1.7%  med=-19.4%  realized=$-6.00
  b326|lab0326_s356_w4_1120_1135_r1  n=  2  avg=+76.1%  med=+100.0%  realized=$+68.00
  b327|lab0327_s356_w4_1120_1135_r2  n=  3  avg=+19.3%  med=+52.0%  realized=$+20.00
  b328|lab0328_s357_w1_0928_1005_r1  n=  3  avg=+3.8%  med=+47.1%  realized=$+7.00
  b329|lab0329_s357_w1_0928_1005_r2  n=  3  avg=+3.8%  med=+47.1%  realized=$+7.00
  b330|lab0330_s357_w2_1005_1045_r1  n=  2  avg=+34.9%  med=+131.4%  realized=$+27.00
  b331|lab0331_s357_w2_1005_1045_r2  n=  3  avg=-10.7%  med=-56.9%  realized=$-19.00
  b332|lab0332_s357_w3_1045_1120_r1  n=  5  avg=+66.7%  med=+73.7%  realized=$+190.00
  b333|lab0333_s357_w3_1045_1120_r2  n=  6  avg=+66.3%  med=+71.9%  realized=$+228.00
  b334|lab0334_s357_w4_1120_1135_r1  n=  1  avg=+81.2%  med=+81.2%  realized=$+39.00
  b335|lab0335_s357_w4_1120_1135_r2  n=  2  avg=+54.6%  med=+57.1%  realized=$+53.00
  b340|lab0340_s358_w3_1045_1120_r1  n=  1  avg=-51.4%  med=-51.4%  realized=$-37.00
  b341|lab0341_s358_w3_1045_1120_r2  n=  1  avg=-51.4%  med=-51.4%  realized=$-37.00
  b342|lab0342_s358_w4_1120_1135_r1  n=  1  avg=+53.1%  med=+53.1%  realized=$+26.00
  b343|lab0343_s358_w4_1120_1135_r2  n=  1  avg=+55.1%  med=+55.1%  realized=$+27.00
  b344|lab0344_s359_w1_0928_1005_r1  n=  5  avg=+37.9%  med=+46.7%  realized=$-33.00
  b345|lab0345_s359_w1_0928_1005_r2  n=  7  avg=+22.2%  med=-50.0%  realized=$-14.00
  b346|lab0346_s359_w2_1005_1045_r1  n= 12  avg=+62.3%  med=-46.7%  realized=$-60.00
  b347|lab0347_s359_w2_1005_1045_r2  n= 11  avg=+69.0%  med=-44.4%  realized=$-16.00
  b362|lab0362_s361_w1_0928_1005_r1  n=  6  avg=-13.8%  med=-30.4%  realized=$-71.00
  b363|lab0363_s361_w1_0928_1005_r2  n=  7  avg=-12.8%  med=-30.4%  realized=$-76.00
  b364|lab0364_s361_w2_1005_1045_r1  n=  9  avg=+126.2%  med=+81.8%  realized=$+88.00
  b365|lab0365_s361_w2_1005_1045_r2  n= 12  avg=+173.8%  med=+82.8%  realized=$+310.00
  b366|lab0366_s361_w3_1045_1120_r1  n=  3  avg=+351.3%  med=+61.1%  realized=$+59.00
  b367|lab0367_s361_w3_1045_1120_r2  n= 11  avg=+67.9%  med=-50.0%  realized=$-90.00
  b368|lab0368_s361_w4_1120_1135_r1  n=  3  avg=+103.8%  med=+71.4%  realized=$+37.00
  b369|lab0369_s361_w4_1120_1135_r2  n=  4  avg=+110.2%  med=+100.0%  realized=$+60.00
  b376|lab0376_s362_w1_0928_1005_r1  n=  8  avg=+1.2%  med=+8.7%  realized=$-21.00
  b377|lab0377_s362_w1_0928_1005_r2  n=  9  avg=+10.8%  med=+13.0%  realized=$+10.00
  b378|lab0378_s362_w2_1005_1045_r1  n=  5  avg=+239.7%  med=+70.6%  realized=$+163.00
  b379|lab0379_s362_w2_1005_1045_r2  n=  9  avg=+132.5%  med=+60.5%  realized=$+219.00
  b380|lab0380_s362_w3_1045_1120_r1  n=  7  avg=+183.1%  med=+103.3%  realized=$+226.00
  b381|lab0381_s362_w3_1045_1120_r2  n=  7  avg=+182.6%  med=+108.3%  realized=$+245.00
  b382|lab0382_s362_w4_1120_1135_r1  n=  3  avg=+463.7%  med=+323.8%  realized=$+376.00
  b383|lab0383_s362_w4_1120_1135_r2  n=  3  avg=+490.7%  med=+309.5%  realized=$+402.00
  b390|lab0390_s363_w1_0928_1005_r1  n=  3  avg=-13.7%  med=-49.1%  realized=$-60.00
  b391|lab0391_s363_w1_0928_1005_r2  n=  2  avg=+26.2%  med=+103.2%  realized=$+4.00
  b392|lab0392_s363_w2_1005_1045_r1  n=  8  avg=-41.2%  med=-65.4%  realized=$-222.00
  b393|lab0393_s363_w2_1005_1045_r2  n=  8  avg=-39.0%  med=-53.9%  realized=$-210.00
  b394|lab0394_s363_w3_1045_1120_r1  n=  5  avg=-46.4%  med=-81.0%  realized=$-150.00
  b395|lab0395_s363_w3_1045_1120_r2  n=  5  avg=-44.5%  med=-82.5%  realized=$-149.00
  b396|lab0396_s363_w4_1120_1135_r1  n=  2  avg=-15.1%  med=+44.7%  realized=$-19.00
  b397|lab0397_s363_w4_1120_1135_r2  n=  5  avg=-33.2%  med=-77.1%  realized=$-75.00
  b3|c003_s173_w4_1120_1135_r1  n= 17  avg=+131.0%  med=-50.0%  realized=$+1,311.00
  b404|lab0404_s364_w1_0928_1005_r1  n=  4  avg=-15.3%  med=-2.9%  realized=$-61.00
  b405|lab0405_s364_w1_0928_1005_r2  n=  5  avg=-6.0%  med=-5.9%  realized=$-44.00
  b406|lab0406_s364_w2_1005_1045_r1  n= 10  avg=-17.6%  med=-44.2%  realized=$-159.00
  b407|lab0407_s364_w2_1005_1045_r2  n= 11  avg=-12.3%  med=-42.3%  realized=$-90.00
  b408|lab0408_s364_w3_1045_1120_r1  n=  8  avg=+2.4%  med=+66.7%  realized=$-41.00
  b409|lab0409_s364_w3_1045_1120_r2  n= 10  avg=+0.0%  med=+53.1%  realized=$-54.00
  b40|c040_s166_w1_0928_1005_r2  n=  6  avg=-37.2%  med=-12.7%  realized=$-142.00
  b40|c040_s173_w1_0928_1005_r3  n= 23  avg=+12.9%  med=-15.4%  realized=$-90.00
  b410|lab0410_s364_w4_1120_1135_r1  n=  7  avg=+72.6%  med=+39.5%  realized=$+171.00
  b411|lab0411_s364_w4_1120_1135_r2  n=  4  avg=+137.5%  med=+188.9%  realized=$+189.00
  b418|lab0418_s365_w1_0928_1005_r1  n=  3  avg=+20.9%  med=+67.3%  realized=$+24.00
  b419|lab0419_s365_w1_0928_1005_r2  n=  4  avg=+17.6%  med=+56.1%  realized=$+28.00
  b41|c041_s166_w2_1005_1045_r2  n=  3  avg=-62.0%  med=-61.4%  realized=$-106.00
  b41|c041_s173_w2_1005_1045_r3  n= 13  avg=-48.5%  med=-66.7%  realized=$-452.00
  b420|lab0420_s365_w2_1005_1045_r1  n=  2  avg=+2.8%  med=+54.0%  realized=$-2.00
  b421|lab0421_s365_w2_1005_1045_r2  n=  3  avg=-21.3%  med=-48.3%  realized=$-40.00
  b422|lab0422_s365_w3_1045_1120_r1  n=  3  avg=+33.1%  med=+63.6%  realized=$+25.00
  b423|lab0423_s365_w3_1045_1120_r2  n=  3  avg=+28.9%  med=+63.6%  realized=$+20.00
  b424|lab0424_s365_w4_1120_1135_r1  n=  5  avg=-10.7%  med=+0.0%  realized=$-24.00
  b425|lab0425_s365_w4_1120_1135_r2  n=  3  avg=+109.8%  med=+54.8%  realized=$+124.00
  b42|c042_s166_w3_1045_1120_r2  n=  6  avg=+115.7%  med=+21.4%  realized=$+489.00
  b42|c042_s173_w3_1045_1120_r3  n= 13  avg=+31.1%  med=-8.3%  realized=$+262.00
  b432|lab0432_s366_w1_0928_1005_r1  n=  1  avg=-56.9%  med=-56.9%  realized=$-37.00
  b433|lab0433_s366_w1_0928_1005_r2  n=  1  avg=-56.9%  med=-56.9%  realized=$-37.00
  b434|lab0434_s366_w2_1005_1045_r1  n=  2  avg=+19.6%  med=+96.1%  realized=$+12.00
  b435|lab0435_s366_w2_1005_1045_r2  n=  3  avg=+20.7%  med=+49.0%  realized=$+23.00
  b436|lab0436_s366_w3_1045_1120_r1  n=  1  avg=-51.7%  med=-51.7%  realized=$-30.00
  b437|lab0437_s366_w3_1045_1120_r2  n=  1  avg=-53.5%  med=-53.5%  realized=$-31.00
  b438|lab0438_s366_w4_1120_1135_r1  n=  2  avg=+22.6%  med=+94.3%  realized=$+22.00
  b439|lab0439_s366_w4_1120_1135_r2  n=  2  avg=+26.4%  med=+101.9%  realized=$+26.00
  b43|c043_s166_w4_1120_1135_r2  n=  7  avg=+62.0%  med=+41.9%  realized=$+281.00
  b43|c043_s173_w4_1120_1135_r3  n=  8  avg=+58.7%  med=+53.2%  realized=$+241.00
  b449|lab0449_s367_w2_1005_1045_r2  n=  1  avg=-48.9%  med=-48.9%  realized=$-22.00
  b450|lab0450_s367_w3_1045_1120_r1  n=  1  avg=-51.4%  med=-51.4%  realized=$-37.00
  b451|lab0451_s367_w3_1045_1120_r2  n=  1  avg=-25.0%  med=-25.0%  realized=$-18.00
  b46|c046_s174_w3_1045_1120_r3  n=  3  avg=-89.7%  med=-89.7%  realized=$-156.00
  b47|c047_s163_w4_1120_1135_r2  n=  3  avg=-79.7%  med=-78.0%  realized=$-141.00
  b47|c047_s174_w4_1120_1135_r3  n= 25  avg=-73.4%  med=-78.0%  realized=$-1,155.00
  b48|c048_s164_w1_0928_1005_r2  n=  5  avg=-33.1%  med=-49.1%  realized=$-91.00
  b48|c048_s165_w1_0928_1005_r3  n= 16  avg=-35.9%  med=-49.1%  realized=$-344.00
  b49|c049_s164_w2_1005_1045_r2  n=  4  avg=-51.8%  med=-44.0%  realized=$-133.00
  b49|c049_s165_w2_1005_1045_r3  n= 15  avg=-49.3%  med=-49.1%  realized=$-458.00
  b50|c050_s164_w3_1045_1120_r2  n=  4  avg=-39.6%  med=-16.7%  realized=$-115.00
  b50|c050_s165_w3_1045_1120_r3  n=  9  avg=-23.6%  med=-23.1%  realized=$-142.00
  b51|c051_s165_w4_1120_1135_r3  n=  1  avg=+263.6%  med=+263.6%  realized=$+174.00
  b56|g056_lim_tp20_sl65  n=  1  avg=+47.7%  med=+47.7%  realized=$+20.52
  b57|g057_mid_tp20_sl65  n=  1  avg=+47.7%  med=+47.7%  realized=$+20.52
  b58|g058_eod_tp20_sl65  n=  1  avg=+59.1%  med=+59.1%  realized=$+25.41
  b60|c060_s167_w1_0928_1005_r3  n=  3  avg=-55.8%  med=-62.8%  realized=$-98.00
  b60|c060_s173_w1_0928_1005_r4  n= 13  avg=-5.1%  med=-13.6%  realized=$-99.00
  b61|c061_s167_w2_1005_1045_r3  n=  5  avg=-54.6%  med=-50.9%  realized=$-160.00
  b61|c061_s173_w2_1005_1045_r4  n=  8  avg=-37.3%  med=-50.0%  realized=$-208.00
  b62|c062_s167_w3_1045_1120_r3  n=  8  avg=-51.8%  med=-64.2%  realized=$-286.00
  b62|c062_s173_w3_1045_1120_r4  n= 20  avg=+182.8%  med=-58.3%  realized=$-183.00
  b63|c063_s167_w4_1120_1135_r3  n=  2  avg=-54.8%  med=-54.8%  realized=$-68.00
  b63|c063_s173_w4_1120_1135_r4  n=  1  avg=-46.1%  med=-46.1%  realized=$-24.00
  b63|g063_mid_tp20_sl65  n=  1  avg=+23.3%  med=+23.3%  realized=$+18.63
  b64|c064_s174_w1_0928_1005_r4  n=  3  avg=-93.3%  med=-93.3%  realized=$-168.00
  b64|g064_eod_tp20_sl65  n=  1  avg=+34.2%  med=+34.2%  realized=$+27.40
  b65|c065_s174_w2_1005_1045_r4  n=  8  avg=-45.7%  med=-45.2%  realized=$-238.00
  b65|g065_lim_tp20_sl65  n=  1  avg=+23.3%  med=+23.3%  realized=$+18.63
  b66|c066_s174_w3_1045_1120_r4  n=  1  avg=-52.5%  med=-52.5%  realized=$-31.00
  b66|g066_mid_tp20_sl65  n=  1  avg=+23.3%  med=+23.3%  realized=$+18.63
  b67|c067_s174_w4_1120_1135_r4  n=  1  avg=-45.8%  med=-45.8%  realized=$-27.00
  b67|g067_eod_tp20_sl65  n=  1  avg=+34.2%  med=+34.2%  realized=$+27.40
  b68|c068_s165_w1_0928_1005_r4  n= 16  avg=-51.3%  med=-49.1%  realized=$-446.00
  b68|c068_s166_w1_0928_1005_r3  n=  4  avg=-52.7%  med=-49.1%  realized=$-116.00
  b69|c069_s165_w2_1005_1045_r4  n= 11  avg=+19.0%  med=-43.6%  realized=$-179.00
  b69|c069_s166_w2_1005_1045_r3  n=  4  avg=+10.1%  med=-40.0%  realized=$-87.00
  b70|c070_s165_w3_1045_1120_r4  n= 11  avg=-2.1%  med=-16.9%  realized=$-6.00
  b70|c070_s166_w3_1045_1120_r3  n=  4  avg=-42.5%  med=-27.0%  realized=$-124.00
  b70|g070_eod_tp30_sl20  n=  1  avg=+59.1%  med=+59.1%  realized=$+27.77
  b71|g071_lim_tp30_sl20  n=  1  avg=+36.5%  med=+36.5%  realized=$+23.73
  b72|g072_mid_tp30_sl20  n=  1  avg=+36.5%  med=+36.5%  realized=$+23.73
  b73|g073_eod_tp30_sl20  n=  1  avg=+55.6%  med=+55.6%  realized=$+36.11
  b73|lab0073_s209_w1_0928_1005_r2  n=  1  avg=-64.7%  med=-64.7%  realized=$-11.00
  b74|g074_lim_tp30_sl20  n=  1  avg=+36.5%  med=+36.5%  realized=$+23.73
  b74|lab0074_s209_w2_1005_1045_r1  n=  1  avg=-58.2%  med=-58.2%  realized=$-39.00
  b75|g075_mid_tp30_sl20  n=  1  avg=+36.5%  med=+36.5%  realized=$+23.73
  b75|lab0075_s209_w2_1005_1045_r2  n=  2  avg=-50.8%  med=-50.8%  realized=$-68.00
  b768|lab0768_s396_w1_0928_1005_r1  n=  2  avg=+89.0%  med=+93.1%  realized=$+118.00
  b769|lab0769_s396_w1_0928_1005_r2  n=  2  avg=+106.2%  med=+116.7%  realized=$+139.00
  b76|c076_s164_w1_0928_1005_r3  n=  1  avg=-50.0%  med=-50.0%  realized=$-2.00
  b76|g076_eod_tp30_sl20  n=  1  avg=+34.2%  med=+34.2%  realized=$+27.40
  b771|lab0771_s396_w2_1005_1045_r2  n=  1  avg=-82.2%  med=-82.2%  realized=$-60.00
  b775|lab0775_s396_w4_1120_1135_r2  n=  1  avg=+74.6%  med=+74.6%  realized=$+44.00
  b776|lab0776_s397_w1_0928_1005_r1  n=  3  avg=-38.5%  med=-64.9%  realized=$-74.00
  b777|lab0777_s397_w1_0928_1005_r2  n=  6  avg=+22.9%  med=+38.6%  realized=$+72.00
  b778|lab0778_s397_w2_1005_1045_r1  n=  8  avg=+67.0%  med=+73.0%  realized=$+342.00
  b779|lab0779_s397_w2_1005_1045_r2  n=  7  avg=+64.7%  med=+61.9%  realized=$+306.00
  b77|g077_lim_tp30_sl20  n=  1  avg=-23.3%  med=-23.3%  realized=$-18.63
  b77|lab0077_s209_w3_1045_1120_r2  n=  1  avg=-70.9%  med=-70.9%  realized=$-39.00
  b780|lab0780_s397_w3_1045_1120_r1  n=  3  avg=+43.8%  med=+74.3%  realized=$+81.00
  b781|lab0781_s397_w3_1045_1120_r2  n=  6  avg=+24.3%  med=+71.8%  realized=$+136.00
  b782|lab0782_s397_w4_1120_1135_r1  n=  1  avg=-54.0%  med=-54.0%  realized=$-34.00
  b783|lab0783_s397_w4_1120_1135_r2  n=  3  avg=+66.9%  med=+105.1%  realized=$+123.00
  b784|lab0784_s398_w1_0928_1005_r1  n=  5  avg=+37.3%  med=+49.0%  realized=$+70.00
  b785|lab0785_s398_w1_0928_1005_r2  n=  6  avg=+9.2%  med=+49.0%  realized=$+37.00
  b786|lab0786_s398_w2_1005_1045_r1  n= 10  avg=+1.1%  med=+3.3%  realized=$-27.00
  b787|lab0787_s398_w2_1005_1045_r2  n=  5  avg=+36.0%  med=+61.3%  realized=$+57.00
  b788|lab0788_s398_w3_1045_1120_r1  n= 10  avg=+3.6%  med=-18.4%  realized=$+31.00
  b789|lab0789_s398_w3_1045_1120_r2  n=  9  avg=-11.4%  med=-54.3%  realized=$-10.00
  b78|g078_mid_tp30_sl20  n=  1  avg=-23.3%  med=-23.3%  realized=$-18.63
  b790|lab0790_s398_w4_1120_1135_r1  n=  5  avg=+179.6%  med=+140.3%  realized=$+338.00
  b791|lab0791_s398_w4_1120_1135_r2  n=  7  avg=+124.0%  med=+155.6%  realized=$+293.00
  b792|lab0792_s399_w1_0928_1005_r1  n=  4  avg=+100.0%  med=+140.0%  realized=$+80.00
  b793|lab0793_s399_w1_0928_1005_r2  n= 11  avg=+34.3%  med=+57.9%  realized=$+127.00
  b794|lab0794_s399_w2_1005_1045_r1  n= 11  avg=+74.8%  med=-17.2%  realized=$-78.00
  b795|lab0795_s399_w2_1005_1045_r2  n= 13  avg=+43.5%  med=-51.7%  realized=$-61.00
  b796|lab0796_s399_w3_1045_1120_r1  n=  3  avg=+266.6%  med=-74.0%  realized=$-5.00
  b797|lab0797_s399_w3_1045_1120_r2  n= 15  avg=+23.0%  med=-52.8%  realized=$-146.00
  b798|lab0798_s399_w4_1120_1135_r1  n=  5  avg=+12.3%  med=-53.1%  realized=$+61.00
  b799|lab0799_s399_w4_1120_1135_r2  n=  8  avg=+26.4%  med=+53.3%  realized=$+49.00
  b79|g079_eod_tp30_sl20  n=  1  avg=+34.2%  med=+34.2%  realized=$+27.40
  b79|lab0079_s209_w4_1120_1135_r2  n=  1  avg=-94.6%  med=-94.6%  realized=$-53.00
  b7|c007_s174_w4_1120_1135_r1  n=  5  avg=-7.5%  med=-1.4%  realized=$-58.00
  b800|lab0800_s404_w1_0928_1005_r1  n=  6  avg=+23.0%  med=+38.6%  realized=$+65.00
  b801|lab0801_s404_w1_0928_1005_r2  n=  6  avg=+1.7%  med=+31.6%  realized=$+24.00
  b802|lab0802_s404_w2_1005_1045_r1  n= 12  avg=+30.0%  med=+60.9%  realized=$+236.00
  b803|lab0803_s404_w2_1005_1045_r2  n= 10  avg=+55.7%  med=+58.9%  realized=$+347.00
  b804|lab0804_s404_w3_1045_1120_r1  n=  7  avg=+14.7%  med=+68.5%  realized=$+107.00
  b805|lab0805_s404_w3_1045_1120_r2  n=  8  avg=-7.4%  med=+57.5%  realized=$+11.00
  b806|lab0806_s404_w4_1120_1135_r1  n=  4  avg=+64.7%  med=+91.5%  realized=$+160.00
  b807|lab0807_s404_w4_1120_1135_r2  n=  5  avg=+54.4%  med=+53.2%  realized=$+168.00
  b80|c080_s168_w1_0928_1005_r3  n=  8  avg=+3.6%  med=-11.1%  realized=$-45.00
  b80|c080_s173_w1_0928_1005_r5  n= 45  avg=+52.6%  med=+59.1%  realized=$+503.00
  b80|g080_lim_tp30_sl30  n=  1  avg=+36.5%  med=+36.5%  realized=$+23.73
  b80|lab0080_s210_w1_0928_1005_r1  n= 12  avg=+12.9%  med=-8.5%  realized=$+57.00
  b81|c081_s168_w2_1005_1045_r3  n=  5  avg=-26.9%  med=-33.8%  realized=$-83.00
  b81|c081_s173_w2_1005_1045_r5  n= 20  avg=-39.1%  med=-38.4%  realized=$-559.00
  b81|g081_mid_tp30_sl30  n=  1  avg=+36.5%  med=+36.5%  realized=$+23.73
  b81|lab0081_s210_w1_0928_1005_r2  n= 12  avg=+8.1%  med=+46.7%  realized=$+47.00
  b828|lab0828_s406_w1_0928_1005_r1  n=  4  avg=-15.8%  med=+10.0%  realized=$+1.00
  b829|lab0829_s406_w1_0928_1005_r2  n=  3  avg=-11.0%  med=-50.0%  realized=$-13.00
  b82|c082_s168_w3_1045_1120_r3  n=  5  avg=-1.6%  med=-40.0%  realized=$-2.00
  b82|c082_s173_w3_1045_1120_r5  n=  9  avg=-10.7%  med=-12.5%  realized=$-48.00
  b82|g082_eod_tp30_sl30  n=  1  avg=+55.6%  med=+55.6%  realized=$+36.11
  b82|lab0082_s210_w2_1005_1045_r1  n= 12  avg=-16.7%  med=-6.2%  realized=$-70.00
  b830|lab0830_s406_w2_1005_1045_r1  n= 13  avg=+66.4%  med=+61.3%  realized=$+59.00
  b831|lab0831_s406_w2_1005_1045_r2  n= 16  avg=+70.3%  med=+81.8%  realized=$+127.00
  b832|lab0832_s406_w3_1045_1120_r1  n= 15  avg=+305.6%  med=+55.3%  realized=$+1,461.00
  b833|lab0833_s406_w3_1045_1120_r2  n= 18  avg=+284.9%  med=+73.1%  realized=$+1,443.00
  b834|lab0834_s406_w4_1120_1135_r1  n=  7  avg=+407.3%  med=+105.3%  realized=$+135.00
  b835|lab0835_s406_w4_1120_1135_r2  n=  7  avg=+174.8%  med=+66.7%  realized=$+195.00
  b83|c083_s168_w4_1120_1135_r3  n=  8  avg=+84.0%  med=+62.9%  realized=$+429.00
  b83|c083_s173_w4_1120_1135_r5  n= 20  avg=-20.6%  med=-68.2%  realized=$-271.00
  b83|g083_lim_tp30_sl30  n=  1  avg=+30.1%  med=+30.1%  realized=$+24.11
  b83|lab0083_s210_w2_1005_1045_r2  n=  7  avg=+9.9%  med=+7.0%  realized=$+14.00
  b84|g084_mid_tp30_sl30  n=  1  avg=+30.1%  med=+30.1%  realized=$+24.11
  b84|lab0084_s210_w3_1045_1120_r1  n= 12  avg=-45.0%  med=-64.4%  realized=$-240.00
  b856|lab0856_s408_w1_0928_1005_r1  n=  3  avg=-28.1%  med=-58.7%  realized=$-32.00
  b857|lab0857_s408_w1_0928_1005_r2  n=  4  avg=-23.5%  med=-33.3%  realized=$-37.00
  b858|lab0858_s408_w2_1005_1045_r1  n=  6  avg=+26.6%  med=-52.6%  realized=$-1.00
  b859|lab0859_s408_w2_1005_1045_r2  n=  8  avg=-31.0%  med=-42.9%  realized=$-36.00
  b85|c085_s174_w2_1005_1045_r5  n=  7  avg=-9.4%  med=-32.7%  realized=$-42.00
  b85|g085_eod_tp30_sl30  n=  1  avg=+34.2%  med=+34.2%  realized=$+27.40
  b85|lab0085_s210_w3_1045_1120_r2  n= 15  avg=+56.9%  med=-44.4%  realized=$+25.00
  b860|lab0860_s408_w3_1045_1120_r1  n=  9  avg=+484.2%  med=+33.3%  realized=$+807.00
  b861|lab0861_s408_w3_1045_1120_r2  n= 12  avg=+218.5%  med=+100.0%  realized=$+471.00
  b862|lab0862_s408_w4_1120_1135_r1  n=  6  avg=-4.0%  med=+60.0%  realized=$-55.00
  b863|lab0863_s408_w4_1120_1135_r2  n=  9  avg=+1.7%  med=+0.0%  realized=$-12.00
  b86|c086_s174_w3_1045_1120_r5  n=  4  avg=+26.1%  med=+39.7%  realized=$+64.00
  b86|g086_lim_tp30_sl30  n=  1  avg=+30.1%  med=+30.1%  realized=$+24.11
  b86|lab0086_s210_w4_1120_1135_r1  n=  6  avg=+31.1%  med=+16.7%  realized=$+67.00
  b87|c087_s174_w4_1120_1135_r5  n=  4  avg=-23.5%  med=+37.5%  realized=$-114.00
  b87|g087_mid_tp30_sl30  n=  1  avg=+30.1%  med=+30.1%  realized=$+24.11
  b87|lab0087_s210_w4_1120_1135_r2  n=  8  avg=-0.2%  med=+19.4%  realized=$-21.00
  b884|lab0884_s410_w1_0928_1005_r1  n=  2  avg=+80.6%  med=+83.3%  realized=$+106.00
  b885|lab0885_s410_w1_0928_1005_r2  n=  3  avg=+72.8%  med=+65.3%  realized=$+145.00
  b886|lab0886_s410_w2_1005_1045_r1  n=  1  avg=+101.5%  med=+101.5%  realized=$+68.00
  b887|lab0887_s410_w2_1005_1045_r2  n=  1  avg=-48.4%  med=-48.4%  realized=$-31.00
  b888|lab0888_s410_w3_1045_1120_r1  n=  1  avg=-78.1%  med=-78.1%  realized=$-57.00
  b889|lab0889_s410_w3_1045_1120_r2  n=  1  avg=-68.5%  med=-68.5%  realized=$-50.00
  b88|c088_s165_w1_0928_1005_r5  n= 21  avg=-5.0%  med=-2.7%  realized=$-63.00
  b88|c088_s167_w1_0928_1005_r4  n=  4  avg=-12.7%  med=+30.9%  realized=$-28.00
  b88|g088_eod_tp30_sl30  n=  2  avg=+36.0%  med=+37.7%  realized=$+65.09
  b898|lab0898_s411_w1_0928_1005_r1  n=  2  avg=-54.5%  med=-51.4%  realized=$-79.00
  b899|lab0899_s411_w1_0928_1005_r2  n=  2  avg=-48.9%  med=-48.6%  realized=$-69.00
  b89|c089_s165_w2_1005_1045_r5  n=  7  avg=+113.1%  med=+30.9%  realized=$+67.00
  b89|c089_s167_w2_1005_1045_r4  n=  2  avg=-16.2%  med=+30.9%  realized=$-22.00
  b89|g089_lim_tp30_sl30  n=  1  avg=+30.1%  med=+30.1%  realized=$+24.11
  b8|c008_s165_w1_0928_1005_r1  n= 23  avg=-19.6%  med=-35.3%  realized=$-250.00
  b900|lab0900_s411_w2_1005_1045_r1  n= 11  avg=-2.4%  med=+7.7%  realized=$+1.00
  b901|lab0901_s411_w2_1005_1045_r2  n=  9  avg=+9.0%  med=+23.9%  realized=$+49.00
  b902|lab0902_s411_w3_1045_1120_r1  n=  7  avg=-0.6%  med=+8.1%  realized=$-13.00
  b903|lab0903_s411_w3_1045_1120_r2  n=  9  avg=+8.0%  med=+10.4%  realized=$+28.00
  b904|lab0904_s411_w4_1120_1135_r1  n=  2  avg=-52.8%  med=-52.2%  realized=$-60.00
  b905|lab0905_s411_w4_1120_1135_r2  n=  4  avg=-11.7%  med=+13.1%  realized=$-17.00
  b90|c090_s165_w3_1045_1120_r5  n= 13  avg=+7.7%  med=+0.0%  realized=$+47.00
  b90|c090_s167_w3_1045_1120_r4  n=  4  avg=-41.6%  med=-18.9%  realized=$-123.00
  b90|g090_mid_tp30_sl30  n=  1  avg=+30.1%  med=+30.1%  realized=$+24.11
  b90|live_1to1           n= 19  avg=+8.7%  med=-35.6%  realized=$+62.00
  b912|lab0912_s412_w1_0928_1005_r1  n=  6  avg=+75.0%  med=+66.7%  realized=$+27.00
  b913|lab0913_s412_w1_0928_1005_r2  n=  6  avg=+69.9%  med=+66.7%  realized=$+23.00
  b914|lab0914_s412_w2_1005_1045_r1  n=  7  avg=+91.8%  med=+68.2%  realized=$+168.00
  b915|lab0915_s412_w2_1005_1045_r2  n=  7  avg=+80.5%  med=+43.2%  realized=$+133.00
  b916|lab0916_s412_w3_1045_1120_r1  n= 14  avg=+1.8%  med=-10.7%  realized=$+8.00
  b917|lab0917_s412_w3_1045_1120_r2  n=  7  avg=+106.9%  med=-3.6%  realized=$-8.00
  b918|lab0918_s412_w4_1120_1135_r1  n=  4  avg=-45.8%  med=-38.1%  realized=$-94.00
  b919|lab0919_s412_w4_1120_1135_r2  n=  5  avg=+33.9%  med=-2.2%  realized=$+8.00
  b91|c091_s165_w4_1120_1135_r5  n=  2  avg=+222.0%  med=+247.0%  realized=$+293.00
  b91|g091_eod_tp30_sl30  n=  2  avg=+19.8%  med=+55.6%  realized=$+25.00
  b92|g092_lim_tp30_sl40  n=  2  avg=+53.6%  med=+70.8%  realized=$+94.51
  b93|g093_mid_tp30_sl40  n=  2  avg=+53.6%  med=+70.8%  realized=$+94.51
  b94|g094_eod_tp30_sl40  n=  2  avg=+46.6%  med=+55.6%  realized=$+73.80
  b94|lab0094_s211_w1_0928_1005_r1  n=  8  avg=-4.1%  med=-5.7%  realized=$-34.00
  b95|g095_lim_tp30_sl40  n=  2  avg=+50.5%  med=+70.8%  realized=$+94.89
  b95|lab0095_s211_w1_0928_1005_r2  n=  9  avg=-27.7%  med=-42.1%  realized=$-143.00
  b96|g096_mid_tp30_sl40  n=  2  avg=+50.5%  med=+70.8%  realized=$+94.89
  b96|lab0096_s211_w2_1005_1045_r1  n=  6  avg=-44.0%  med=-38.1%  realized=$-83.00
  b97|g097_eod_tp30_sl40  n=  2  avg=+36.0%  med=+37.7%  realized=$+65.09
  b97|lab0097_s211_w2_1005_1045_r2  n=  7  avg=-54.0%  med=-46.1%  realized=$-125.00
  b98|g098_lim_tp30_sl40  n=  2  avg=+50.5%  med=+70.8%  realized=$+94.89
  b98|lab0098_s211_w3_1045_1120_r1  n=  7  avg=+190.8%  med=-48.7%  realized=$-61.00
  b99|g099_mid_tp30_sl40  n=  2  avg=+50.5%  med=+70.8%  realized=$+94.89
  b99|lab0099_s211_w3_1045_1120_r2  n=  8  avg=+84.6%  med=+107.7%  realized=$+149.00
  b9|c009_s165_w2_1005_1045_r1  n=  7  avg=-74.4%  med=-66.2%  realized=$-301.00
========================================================
+========================================================================+
|[OPTIONS BOT DAILY VITALS (MATRIX EXPERIMENT)]                          |
+========================================================================+
|-- ACCOUNT STATUS (entry+manage) --                                     |
|Equity       : $996,015.51                                              |
|Open Risk    : 32 lots (11 broker pos)                                  |
|Today's Run  : 56 signals -> 0 orders submitted                         |
|                                                                        |
|-- SYSTEM HEALTH --                                                     |
|Zombies      : 0 (Ledger is clean)                                      |
|Lab Status   : 32 Active Lots | 0 Pending Orders                        |
|Auto-Matrix  : (Pending EOD report generation)                          |
+========================================================================+
+========================================================================+
|[DATA QUALITY: CLEAN vs ERRORS vs KEEP-ONLY]                            |
+========================================================================+
|  CLEAN              n=1378  win= 49.1%  med= -15.9%  $+17,308          |
|  TAINTED            n=1882  win= 33.3%  med= -38.9%  $-9,546           |
|  KEEP-only          n=714   win= 62.2%  med= +51.6%  $+11,711          |
|  KEEP recent        n=521   win= 60.3%  med= +54.0%  $+7,466           |
|  KEEP(24): S163,S167,S168,S173,S174,S210,S218,S350...                  |
|  KILL(18): ORPHAN,S164,S202,S203,S207,S211,S212,S216...                |
+========================================================================+
+========================================================================+
|[+++ OVERPERFORMING STRATEGIES (n>=10)]                                 |
+========================================================================+
|  BKT  PROFILE                   WIN%   MED%   TOTAL TRADES             |
|  ---------------------------------------------------------             |
|  b238 lab0238_s401_w3_1045..  79%  +104.7%    19                       |
|  b276 lab0276_s350_w1_0928..  70%  +102.9%    10                       |
|  b861 lab0861_s408_w3_1045..  67%  +83.3%    12                        |
|  b365 lab0365_s361_w2_1005..  92%  +82.8%    12                        |
+========================================================================+
|[--- UNDERPERFORMING STRATEGIES (n>=10)]                                |
+========================================================================+
|  BKT  PROFILE                   WIN%   MED%   TOTAL TRADES             |
|  ---------------------------------------------------------             |
|  b47  lab0047_s205_w4_1120..   4%  -78.0%    28                        |
|  b307 lab0307_s354_w2_1005..  30%  -69.9%    10                        |
|  b1   lab0001_s200_w1_0928..   0%  -65.8%    10                        |
|  b41  lab0041_s205_w1_0928..  12%  -65.3%    16                        |
+========================================================================+
+========================================================================+
|[PENDING EXITS (2)]                                                     |
+========================================================================+
|  b196 S218 AXP260925C00325000 x1 stop_loss (-55.3%)                    |
|  b167 S216 MCD260925C00272500 x1 stop_loss (-100.0%)                   |
+========================================================================+
+========================================================================+
|[OPEN OPTIONS (11)]                                                     |
+========================================================================+
|  SYMBOL                      QTY    RET%        OPEN P&L               |
|  ---------------------------------------------------------             |
|  MARA260925C00012500           3   +189.9%   $   +283.00               |
|  MARA260925C00011500          -1  -1443.8%   $   -231.00               |
|  MARA260925C00012000          -1   -586.2%   $   -170.00               |
|  LLY260925C01250000            7    -23.1%   $    -63.00               |
|  NFLX261002C00076000           2    -36.4%   $    -40.00               |
|  NFLX261009C00078000           2    -31.5%   $    -34.00               |
|  AMD260923C00652500            4    +15.1%   $    +32.00               |
|  AMD260923C00657500            4    -14.9%   $    -28.00               |
|  ... 3 more position(s)                                                |
+========================================================================+
Full detail: logs/options_trial/runs/2026-09-22.log
elapsed=60.6s reconcile=0.16s cancel=0.02s manage=3.76s scan=54.07s entries=1.92s

