=== 00:48:58 ET — after hours (exit summary) [elapsed=1.4s reconcile=0.56s] ===
=== options_morning_bot (PAPER) 2026-08-04T00:48:58.935159-04:00 ===

[Run context]
After hours (00:48 ET) — exit summary only.
Paper auth OK — equity $136039.67, account PA36KS87UPRS
  reconcile: layout changed controlled:100:c000_s173_w1_0928_1005_r1 -> controlled:1024:lab0000_s200_w1_0928_1005_r1

[Exit summary]
========================================================
OPTIONS EXIT SUMMARY — 2026-08-04
========================================================
Account equity: $136,039.67
Open broker positions: 20  unrealized $-899.50

No closed trades today.
========================================================

[Portfolio snapshot]
========================================================
OPTIONS TRIAL STATS
========================================================
Account equity: $136,039.67
Active buckets: 1024 of 1024 profiles ($500 virtual each) — paper unlimited mode

P&L summary
  Reflected (ex-S173,S174): $+9,411.13 all-time  |  $+0.00 today
  Raw (incl dropped):     $+7,815.58 all-time  |  $+0.00 today
  Open (not sold yet): $-895.61 unrealized (virtual lots)
                       $-899.50 unrealized (broker total)
  Premium deployed:    $5,059.37 in open positions
  Combined P&L:        $+8,515.52 (reflected realized + open virtual)

Ledger (master)
  Total events:     6691
  Today entries:    0
  Today exits (reflected): 0
  All-time exits (reflected): 456  wins 47%
  Avg return/trade: +27.0%  median -7.7%

Open virtual lots (by bucket)
  b0 lab0000_s200_w1_0928_1005_r1  prem=$   312  real=$ +0.00  open=$ +0.00  lots=6  [ORPHAN:OXYx2, ORPHAN:OXYx1, ORPHAN:NVDAx1, ORPHAN:NVDAx1 +2 more]
       buy: ask-0.01  sell: bid-0.01  tp=+50% sl=-50%
  b16 lab0016_s202_w1_0928_1005_r1  prem=$     0  real=$-39.00  open=$ +0.00  lots=0  [-]
       buy: ask-0.01  sell: bid-0.01  tp=+50% sl=-50%
  b17 lab0017_s202_w1_0928_1005_r2  prem=$     0  real=$-40.00  open=$ +0.00  lots=0  [-]
       buy: ask-0.01  sell: bid-0.01  tp=+50% sl=-50%
  b18 lab0018_s202_w2_1005_1045_r1  prem=$     0  real=$-29.00  open=$ +0.00  lots=0  [-]
       buy: ask-0.01  sell: bid-0.01  tp=+50% sl=-50%
  b19 lab0019_s202_w2_1005_1045_r2  prem=$     0  real=$-22.00  open=$ +0.00  lots=0  [-]
       buy: ask-0.01  sell: bid-0.01  tp=+50% sl=-50%
  b26 lab0026_s203_w2_1005_1045_r1  prem=$     0  real=$-24.00  open=$ +0.00  lots=0  [-]
       buy: ask-0.01  sell: bid-0.01  tp=+50% sl=-50%
  b27 lab0027_s203_w2_1005_1045_r2  prem=$     0  real=$-24.00  open=$ +0.00  lots=0  [-]
       buy: ask-0.01  sell: bid-0.01  tp=+50% sl=-50%
  b28 lab0028_s203_w3_1045_1120_r1  prem=$    51  real=$-29.00  open=$ +0.00  lots=1  [S203:TTDx1]
       buy: ask-0.01  sell: bid-0.01  tp=+50% sl=-50%
  b29 lab0029_s203_w3_1045_1120_r2  prem=$    51  real=$-29.00  open=$ +0.00  lots=1  [S203:TTDx1]
       buy: ask-0.01  sell: bid-0.01  tp=+50% sl=-50%
  b30 lab0030_s203_w4_1120_1135_r1  prem=$    59  real=$-21.00  open=$ +0.00  lots=1  [S203:TTDx1]
       buy: ask-0.01  sell: bid-0.01  tp=+50% sl=-50%
  b31 lab0031_s203_w4_1120_1135_r2  prem=$    59  real=$-19.00  open=$ +0.00  lots=1  [S203:TTDx1]
       buy: ask-0.01  sell: bid-0.01  tp=+50% sl=-50%
  b58 lab0058_s207_w2_1005_1045_r1  prem=$    68  real=$ +0.00  open=$-17.36  lots=1  [S207:OXYx1]
       buy: ask-0.01  sell: bid-0.01  tp=+50% sl=-50%
  b59 lab0059_s207_w2_1005_1045_r2  prem=$    68  real=$ +0.00  open=$-17.36  lots=1  [S207:OXYx1]
       buy: ask-0.01  sell: bid-0.01  tp=+50% sl=-50%
  b60 lab0060_s207_w3_1045_1120_r1  prem=$    70  real=$ +0.00  open=$-17.87  lots=1  [S207:OXYx1]
       buy: ask-0.01  sell: bid-0.01  tp=+50% sl=-50%
  b61 lab0061_s207_w3_1045_1120_r2  prem=$    70  real=$ +0.00  open=$-17.87  lots=1  [S207:OXYx1]
       buy: ask-0.01  sell: bid-0.01  tp=+50% sl=-50%
  b62 lab0062_s207_w4_1120_1135_r1  prem=$    72  real=$ +0.00  open=$-18.38  lots=1  [S207:OXYx1]
       buy: ask-0.01  sell: bid-0.01  tp=+50% sl=-50%
  b63 lab0063_s207_w4_1120_1135_r2  prem=$    72  real=$ +0.00  open=$-18.38  lots=1  [S207:OXYx1]
       buy: ask-0.01  sell: bid-0.01  tp=+50% sl=-50%
  b80 lab0080_s210_w1_0928_1005_r1  prem=$    28  real=$ +0.00  open=$ -2.07  lots=1  [S210:PATHx1]
       buy: ask-0.01  sell: bid-0.01  tp=+50% sl=-50%
  b81 lab0081_s210_w1_0928_1005_r2  prem=$    28  real=$ +0.00  open=$ -2.07  lots=1  [S210:PATHx1]
       buy: ask-0.01  sell: bid-0.01  tp=+50% sl=-50%
  b82 lab0082_s210_w2_1005_1045_r1  prem=$    28  real=$ +0.00  open=$ -2.07  lots=1  [S210:PATHx1]
       buy: ask-0.01  sell: bid-0.01  tp=+50% sl=-50%
  (205 more active bucket(s) omitted)
  (799 quiet bucket profile(s) — no trades yet)

Alpaca option positions
  AAPL260814C00330000  qty=6  cost=$358.50  return=-29.7%  open P&L=$-106.50
  AAPL260821C00335000  qty=4  cost=$256.00  return=-14.1%  open P&L=$-36.00
  DKNG260807C00025500  qty=4  cost=$170.00  return=-17.6%  open P&L=$-30.00
  MSFT260807C00520000  qty=1  cost=$53.00  return=-3.8%  open P&L=$-2.00
  NVDA260805C00217500  qty=18  cost=$511.00  return=-22.5%  open P&L=$-115.00
  NVDA260805C00220000  qty=4  cost=$74.00  return=-35.1%  open P&L=$-26.00
  NVDA260805C00222500  qty=2  cost=$30.00  return=-53.3%  open P&L=$-16.00
  NVDA260807C00217500  qty=2  cost=$138.00  return=-8.7%  open P&L=$-12.00
  NVDA260807C00220000  qty=2  cost=$98.00  return=-22.4%  open P&L=$-22.00
  NVDA260807C00222500  qty=2  cost=$68.00  return=-35.3%  open P&L=$-24.00
  NVDA260810C00225000  qty=4  cost=$138.00  return=-24.6%  open P&L=$-34.00
  OXY260807C00058000  qty=23  cost=$1,575.00  return=-25.5%  open P&L=$-402.00
  OXY260807C00059000  qty=4  cost=$190.00  return=-30.5%  open P&L=$-58.00
  OXY260807C00060000  qty=4  cost=$100.00  return=-24.0%  open P&L=$-24.00
  PATH260807C00013500  qty=8  cost=$216.00  return=-7.4%  open P&L=$-16.00
  T260807C00023000  qty=6  cost=$378.00  return=+11.1%  open P&L=$+42.00
  TSLA260805C00350000  qty=2  cost=$90.00  return=-31.1%  open P&L=$-28.00
  TTD260807P00017000  qty=4  cost=$220.00  return=+0.0%  open P&L=$+0.00
  UBER260807C00077000  qty=2  cost=$110.00  return=+16.4%  open P&L=$+18.00
  UBER260807C00078000  qty=6  cost=$302.00  return=-2.6%  open P&L=$-8.00

Per-bucket exit stats (all time)
  b0|orphan_reconcile     n= 26  avg=+27.8%  med=-57.5%  realized=$+6,460.91
  b104|c104_s164_w1_0928_1005_r4  n=  1  avg=-88.9%  med=-88.9%  realized=$-8.00
  b108|c108_s202_w3_1045_1120_r1  n=  1  avg=-33.3%  med=-33.3%  realized=$-1.00
  b109|c109_s202_w3_1045_1120_r2  n=  1  avg=-66.7%  med=-66.7%  realized=$-2.00
  b10|c010_s165_w3_1045_1120_r1  n=  8  avg=-37.2%  med=-18.9%  realized=$-205.00
  b112|lab0112_s212_w3_1045_1120_r1  n=  1  avg=-58.7%  med=-58.7%  realized=$-37.00
  b113|lab0113_s212_w3_1045_1120_r2  n=  1  avg=-71.4%  med=-71.4%  realized=$-45.00
  b114|lab0114_s212_w4_1120_1135_r1  n=  1  avg=-59.0%  med=-59.0%  realized=$-36.00
  b115|lab0115_s212_w4_1120_1135_r2  n=  1  avg=-54.1%  med=-54.1%  realized=$-33.00
  b132|c132_s164_w1_0928_1005_r5  n=  2  avg=-65.7%  med=-53.6%  realized=$-37.00
  b135|c135_s164_w4_1120_1135_r5  n=  1  avg=-50.0%  med=-50.0%  realized=$-4.00
  b16|lab0016_s202_w1_0928_1005_r1  n=  1  avg=-63.9%  med=-63.9%  realized=$-39.00
  b178|lab0178_s217_w1_0928_1005_r1  n=  1  avg=+66.0%  med=+66.0%  realized=$+31.00
  b179|lab0179_s217_w1_0928_1005_r2  n=  1  avg=+51.1%  med=+51.1%  realized=$+24.00
  b17|lab0017_s202_w1_0928_1005_r2  n=  1  avg=-65.6%  med=-65.6%  realized=$-40.00
  b180|lab0180_s217_w2_1005_1045_r1  n=  2  avg=+469.8%  med=+885.7%  realized=$+152.00
  b181|lab0181_s217_w2_1005_1045_r2  n=  2  avg=+538.4%  med=+1007.1%  realized=$+173.00
  b183|lab0183_s217_w3_1045_1120_r2  n=  1  avg=-55.0%  med=-55.0%  realized=$-22.00
  b18|lab0018_s202_w2_1005_1045_r1  n=  1  avg=-74.4%  med=-74.4%  realized=$-29.00
  b194|lab0194_s218_w2_1005_1045_r1  n=  1  avg=+235.7%  med=+235.7%  realized=$+33.00
  b195|lab0195_s218_w2_1005_1045_r2  n=  2  avg=+97.8%  med=+121.4%  realized=$+40.00
  b196|lab0196_s218_w3_1045_1120_r1  n=  1  avg=+906.2%  med=+906.2%  realized=$+145.00
  b197|lab0197_s218_w3_1045_1120_r2  n=  1  avg=+737.5%  med=+737.5%  realized=$+118.00
  b19|lab0019_s202_w2_1005_1045_r2  n=  1  avg=-56.4%  med=-56.4%  realized=$-22.00
  b20|c020_s164_w1_0928_1005_r1  n=  1  avg=-88.9%  med=-88.9%  realized=$-8.00
  b222|lab0222_s400_w2_1005_1045_r1  n=  1  avg=-50.0%  med=-50.0%  realized=$-4.00
  b223|lab0223_s400_w2_1005_1045_r2  n=  1  avg=-50.0%  med=-50.0%  realized=$-4.00
  b224|lab0224_s400_w3_1045_1120_r1  n=  1  avg=-66.7%  med=-66.7%  realized=$-10.00
  b225|lab0225_s400_w3_1045_1120_r2  n=  1  avg=-66.7%  med=-66.7%  realized=$-10.00
  b227|lab0227_s400_w4_1120_1135_r2  n=  1  avg=-22.2%  med=-22.2%  realized=$-2.00
  b234|lab0234_s401_w1_0928_1005_r1  n=  1  avg=+8.3%  med=+8.3%  realized=$+6.00
  b235|lab0235_s401_w1_0928_1005_r2  n=  2  avg=+67.3%  med=+80.6%  realized=$+85.00
  b236|c236_s218_w3_1045_1120_r1  n=  1  avg=-33.3%  med=-33.3%  realized=$-1.00
  b237|c237_s218_w3_1045_1120_r2  n=  1  avg=-66.7%  med=-66.7%  realized=$-2.00
  b238|lab0238_s401_w3_1045_1120_r1  n=  1  avg=+273.1%  med=+273.1%  realized=$+71.00
  b239|lab0239_s401_w3_1045_1120_r2  n=  1  avg=-39.0%  med=-39.0%  realized=$-23.00
  b240|lab0240_s401_w4_1120_1135_r1  n=  1  avg=+53.3%  med=+53.3%  realized=$+16.00
  b241|lab0241_s401_w4_1120_1135_r2  n=  1  avg=+66.7%  med=+66.7%  realized=$+20.00
  b262|lab0262_s403_w1_0928_1005_r1  n=  1  avg=+65.4%  med=+65.4%  realized=$+34.00
  b263|lab0263_s403_w1_0928_1005_r2  n=  1  avg=+50.0%  med=+50.0%  realized=$+26.00
  b269|lab0269_s403_w4_1120_1135_r2  n=  1  avg=+57.6%  med=+57.6%  realized=$+38.00
  b26|lab0026_s203_w2_1005_1045_r1  n=  1  avg=-53.3%  med=-53.3%  realized=$-24.00
  b276|lab0276_s350_w1_0928_1005_r1  n=  2  avg=+22.9%  med=+112.5%  realized=$+52.00
  b277|lab0277_s350_w1_0928_1005_r2  n=  2  avg=+47.9%  med=+162.5%  realized=$+76.00
  b278|lab0278_s350_w2_1005_1045_r1  n=  3  avg=+22.3%  med=+53.3%  realized=$-3.00
  b279|lab0279_s350_w2_1005_1045_r2  n=  3  avg=+46.6%  med=+94.1%  realized=$+34.00
  b27|lab0027_s203_w2_1005_1045_r2  n=  1  avg=-53.3%  med=-53.3%  realized=$-24.00
  b280|lab0280_s351_w1_0928_1005_r1  n=  1  avg=-91.7%  med=-91.7%  realized=$-44.00
  b281|lab0281_s351_w1_0928_1005_r2  n=  2  avg=+72.0%  med=+197.9%  realized=$+88.00
  b282|lab0282_s351_w2_1005_1045_r1  n=  1  avg=-58.8%  med=-58.8%  realized=$-30.00
  b283|lab0283_s351_w2_1005_1045_r2  n=  2  avg=-48.3%  med=-43.8%  realized=$-34.00
  b285|lab0285_s351_w3_1045_1120_r2  n=  1  avg=-33.3%  med=-33.3%  realized=$-1.00
  b286|lab0286_s351_w4_1120_1135_r1  n=  1  avg=-94.9%  med=-94.9%  realized=$-37.00
  b287|lab0287_s351_w4_1120_1135_r2  n=  2  avg=-44.4%  med=-40.0%  realized=$-21.00
  b288|lab0288_s352_w1_0928_1005_r1  n=  1  avg=+52.4%  med=+52.4%  realized=$+22.00
  b289|lab0289_s352_w1_0928_1005_r2  n=  1  avg=+47.6%  med=+47.6%  realized=$+20.00
  b28|c028_s165_w1_0928_1005_r2  n= 17  avg=+49.5%  med=+80.0%  realized=$+448.00
  b28|c028_s173_w1_0928_1005_r2  n=  5  avg=+51.6%  med=+80.0%  realized=$+142.00
  b28|lab0028_s203_w3_1045_1120_r1  n=  1  avg=-52.7%  med=-52.7%  realized=$-29.00
  b290|lab0290_s352_w2_1005_1045_r1  n=  1  avg=+38.9%  med=+38.9%  realized=$+14.00
  b291|lab0291_s352_w2_1005_1045_r2  n=  1  avg=+194.4%  med=+194.4%  realized=$+70.00
  b293|lab0293_s352_w3_1045_1120_r2  n=  1  avg=+90.0%  med=+90.0%  realized=$+18.00
  b296|lab0296_s353_w1_0928_1005_r1  n=  1  avg=+123.7%  med=+123.7%  realized=$+47.00
  b297|lab0297_s353_w1_0928_1005_r2  n=  1  avg=+79.0%  med=+79.0%  realized=$+30.00
  b298|lab0298_s353_w2_1005_1045_r1  n=  1  avg=-69.7%  med=-69.7%  realized=$-23.00
  b299|lab0299_s353_w2_1005_1045_r2  n=  1  avg=-72.7%  med=-72.7%  realized=$-24.00
  b29|c029_s165_w2_1005_1045_r2  n=  9  avg=-23.3%  med=-50.0%  realized=$-221.00
  b29|c029_s173_w2_1005_1045_r2  n=  2  avg=-69.3%  med=-48.5%  realized=$-78.00
  b29|lab0029_s203_w3_1045_1120_r2  n=  1  avg=-52.7%  med=-52.7%  realized=$-29.00
  b304|lab0304_s354_w1_0928_1005_r1  n=  1  avg=+93.6%  med=+93.6%  realized=$+44.00
  b305|lab0305_s354_w1_0928_1005_r2  n=  1  avg=+100.0%  med=+100.0%  realized=$+47.00
  b306|lab0306_s354_w2_1005_1045_r1  n=  1  avg=+138.6%  med=+138.6%  realized=$+61.00
  b307|lab0307_s354_w2_1005_1045_r2  n=  1  avg=+143.2%  med=+143.2%  realized=$+63.00
  b308|lab0308_s354_w3_1045_1120_r1  n=  1  avg=+220.8%  med=+220.8%  realized=$+106.00
  b309|lab0309_s354_w3_1045_1120_r2  n=  1  avg=+175.0%  med=+175.0%  realized=$+84.00
  b30|c030_s165_w3_1045_1120_r2  n=  9  avg=+38.8%  med=+0.0%  realized=$+260.00
  b30|c030_s173_w3_1045_1120_r2  n=  2  avg=-9.5%  med=+0.0%  realized=$-14.00
  b30|lab0030_s203_w4_1120_1135_r1  n=  1  avg=-51.2%  med=-51.2%  realized=$-21.00
  b310|lab0310_s354_w4_1120_1135_r1  n=  1  avg=+116.7%  med=+116.7%  realized=$+84.00
  b311|lab0311_s354_w4_1120_1135_r2  n=  1  avg=+290.5%  med=+290.5%  realized=$+122.00
  b312|lab0312_s355_w1_0928_1005_r1  n=  1  avg=+91.5%  med=+91.5%  realized=$+43.00
  b313|lab0313_s355_w1_0928_1005_r2  n=  1  avg=+85.1%  med=+85.1%  realized=$+40.00
  b314|lab0314_s355_w2_1005_1045_r1  n=  1  avg=+138.6%  med=+138.6%  realized=$+61.00
  b315|lab0315_s355_w2_1005_1045_r2  n=  1  avg=+95.5%  med=+95.5%  realized=$+42.00
  b316|lab0316_s355_w3_1045_1120_r1  n=  1  avg=+193.8%  med=+193.8%  realized=$+93.00
  b317|lab0317_s355_w3_1045_1120_r2  n=  1  avg=+187.5%  med=+187.5%  realized=$+90.00
  b318|lab0318_s355_w4_1120_1135_r1  n=  1  avg=+292.9%  med=+292.9%  realized=$+123.00
  b319|lab0319_s355_w4_1120_1135_r2  n=  1  avg=+328.6%  med=+328.6%  realized=$+138.00
  b31|c031_s165_w4_1120_1135_r2  n=  2  avg=+145.5%  med=+175.8%  realized=$+192.00
  b31|lab0031_s203_w4_1120_1135_r2  n=  1  avg=-46.3%  med=-46.3%  realized=$-19.00
  b320|lab0320_s356_w1_0928_1005_r1  n=  1  avg=+37.9%  med=+37.9%  realized=$+22.00
  b321|lab0321_s356_w1_0928_1005_r2  n=  1  avg=+58.6%  med=+58.6%  realized=$+34.00
  b328|lab0328_s357_w1_0928_1005_r1  n=  1  avg=+47.1%  med=+47.1%  realized=$+32.00
  b329|lab0329_s357_w1_0928_1005_r2  n=  1  avg=+47.1%  med=+47.1%  realized=$+32.00
  b344|lab0344_s359_w1_0928_1005_r1  n=  1  avg=+142.9%  med=+142.9%  realized=$+20.00
  b345|lab0345_s359_w1_0928_1005_r2  n=  1  avg=+228.6%  med=+228.6%  realized=$+32.00
  b346|lab0346_s359_w2_1005_1045_r1  n=  1  avg=+63.6%  med=+63.6%  realized=$+7.00
  b347|lab0347_s359_w2_1005_1045_r2  n=  1  avg=+54.5%  med=+54.5%  realized=$+6.00
  b350|lab0350_s360_w2_1005_1045_r1  n=  1  avg=+63.6%  med=+63.6%  realized=$+7.00
  b351|lab0351_s360_w2_1005_1045_r2  n=  1  avg=+54.5%  med=+54.5%  realized=$+6.00
  b352|lab0352_s360_w3_1045_1120_r1  n=  1  avg=-50.0%  med=-50.0%  realized=$-6.00
  b353|lab0353_s360_w3_1045_1120_r2  n=  1  avg=-50.0%  med=-50.0%  realized=$-6.00
  b354|lab0354_s360_w4_1120_1135_r1  n=  1  avg=-33.3%  med=-33.3%  realized=$-6.00
  b355|lab0355_s360_w4_1120_1135_r2  n=  2  avg=-55.2%  med=-54.8%  realized=$-33.00
  b364|lab0364_s361_w2_1005_1045_r1  n=  1  avg=+81.8%  med=+81.8%  realized=$+27.00
  b365|lab0365_s361_w2_1005_1045_r2  n=  1  avg=+55.9%  med=+55.9%  realized=$+19.00
  b376|lab0376_s362_w1_0928_1005_r1  n=  1  avg=+114.3%  med=+114.3%  realized=$+40.00
  b377|lab0377_s362_w1_0928_1005_r2  n=  1  avg=+122.9%  med=+122.9%  realized=$+43.00
  b378|lab0378_s362_w2_1005_1045_r1  n=  1  avg=+70.6%  med=+70.6%  realized=$+24.00
  b379|lab0379_s362_w2_1005_1045_r2  n=  1  avg=+38.2%  med=+38.2%  realized=$+13.00
  b390|lab0390_s363_w1_0928_1005_r1  n=  1  avg=+106.5%  med=+106.5%  realized=$+33.00
  b391|lab0391_s363_w1_0928_1005_r2  n=  1  avg=+103.2%  med=+103.2%  realized=$+32.00
  b392|lab0392_s363_w2_1005_1045_r1  n=  1  avg=+64.3%  med=+64.3%  realized=$+18.00
  b393|lab0393_s363_w2_1005_1045_r2  n=  1  avg=+60.7%  med=+60.7%  realized=$+17.00
  b405|lab0405_s364_w1_0928_1005_r2  n=  1  avg=+50.0%  med=+50.0%  realized=$+25.00
  b406|lab0406_s364_w2_1005_1045_r1  n=  1  avg=+60.0%  med=+60.0%  realized=$+30.00
  b407|lab0407_s364_w2_1005_1045_r2  n=  1  avg=+56.0%  med=+56.0%  realized=$+28.00
  b410|lab0410_s364_w4_1120_1135_r1  n=  1  avg=+233.3%  med=+233.3%  realized=$+84.00
  b411|lab0411_s364_w4_1120_1135_r2  n=  1  avg=+188.9%  med=+188.9%  realized=$+68.00
  b48|c048_s164_w1_0928_1005_r2  n=  5  avg=-33.1%  med=-49.1%  realized=$-91.00
  b48|c048_s165_w1_0928_1005_r3  n= 16  avg=-35.9%  med=-49.1%  realized=$-344.00
  b49|c049_s164_w2_1005_1045_r2  n=  4  avg=-51.8%  med=-44.0%  realized=$-133.00
  b49|c049_s165_w2_1005_1045_r3  n= 15  avg=-49.3%  med=-49.1%  realized=$-458.00
  b50|c050_s164_w3_1045_1120_r2  n=  4  avg=-39.6%  med=-16.7%  realized=$-115.00
  b50|c050_s165_w3_1045_1120_r3  n=  9  avg=-23.6%  med=-23.1%  realized=$-142.00
  b51|c051_s165_w4_1120_1135_r3  n=  1  avg=+263.6%  med=+263.6%  realized=$+174.00
  b56|g056_lim_tp20_sl65  n=  1  avg=+47.7%  med=+47.7%  realized=$+20.52
  b57|g057_mid_tp20_sl65  n=  1  avg=+47.7%  med=+47.7%  realized=$+20.52
  b58|g058_eod_tp20_sl65  n=  1  avg=+59.1%  med=+59.1%  realized=$+25.41
  b68|c068_s165_w1_0928_1005_r4  n= 16  avg=-51.3%  med=-49.1%  realized=$-446.00
  b68|c068_s166_w1_0928_1005_r3  n=  4  avg=-52.7%  med=-49.1%  realized=$-116.00
  b69|c069_s165_w2_1005_1045_r4  n= 11  avg=+19.0%  med=-43.6%  realized=$-179.00
  b69|c069_s166_w2_1005_1045_r3  n=  4  avg=+10.1%  med=-40.0%  realized=$-87.00
  b70|c070_s165_w3_1045_1120_r4  n= 11  avg=-2.1%  med=-16.9%  realized=$-6.00
  b70|c070_s166_w3_1045_1120_r3  n=  4  avg=-42.5%  med=-27.0%  realized=$-124.00
  b70|g070_eod_tp30_sl20  n=  1  avg=+59.1%  med=+59.1%  realized=$+27.77
  b76|c076_s164_w1_0928_1005_r3  n=  1  avg=-50.0%  med=-50.0%  realized=$-2.00
  b776|lab0776_s397_w1_0928_1005_r1  n=  1  avg=+40.4%  med=+40.4%  realized=$+23.00
  b777|lab0777_s397_w1_0928_1005_r2  n=  1  avg=+38.6%  med=+38.6%  realized=$+22.00
  b778|lab0778_s397_w2_1005_1045_r1  n=  1  avg=+51.4%  med=+51.4%  realized=$+37.00
  b779|lab0779_s397_w2_1005_1045_r2  n=  1  avg=+43.7%  med=+43.7%  realized=$+31.00
  b780|lab0780_s397_w3_1045_1120_r1  n=  1  avg=+114.8%  med=+114.8%  realized=$+70.00
  b781|lab0781_s397_w3_1045_1120_r2  n=  1  avg=+116.4%  med=+116.4%  realized=$+71.00
  b783|lab0783_s397_w4_1120_1135_r2  n=  1  avg=+151.6%  med=+151.6%  realized=$+94.00
  b784|lab0784_s398_w1_0928_1005_r1  n=  1  avg=+49.0%  med=+49.0%  realized=$+24.00
  b785|lab0785_s398_w1_0928_1005_r2  n=  1  avg=+49.0%  med=+49.0%  realized=$+24.00
  b786|lab0786_s398_w2_1005_1045_r1  n=  1  avg=+66.1%  med=+66.1%  realized=$+37.00
  b787|lab0787_s398_w2_1005_1045_r2  n=  1  avg=+78.6%  med=+78.6%  realized=$+44.00
  b788|lab0788_s398_w3_1045_1120_r1  n=  1  avg=+175.6%  med=+175.6%  realized=$+79.00
  b789|lab0789_s398_w3_1045_1120_r2  n=  1  avg=+157.8%  med=+157.8%  realized=$+71.00
  b790|lab0790_s398_w4_1120_1135_r1  n=  1  avg=+311.9%  med=+311.9%  realized=$+131.00
  b791|lab0791_s398_w4_1120_1135_r2  n=  1  avg=+338.1%  med=+338.1%  realized=$+142.00
  b792|lab0792_s399_w1_0928_1005_r1  n=  1  avg=+140.0%  med=+140.0%  realized=$+35.00
  b793|lab0793_s399_w1_0928_1005_r2  n=  1  avg=+52.6%  med=+52.6%  realized=$+20.00
  b794|lab0794_s399_w2_1005_1045_r1  n=  1  avg=+84.0%  med=+84.0%  realized=$+21.00
  b795|lab0795_s399_w2_1005_1045_r2  n=  1  avg=+92.0%  med=+92.0%  realized=$+23.00
  b798|lab0798_s399_w4_1120_1135_r1  n=  1  avg=+134.0%  med=+134.0%  realized=$+67.00
  b799|lab0799_s399_w4_1120_1135_r2  n=  1  avg=+186.5%  med=+186.5%  realized=$+69.00
  b800|lab0800_s404_w1_0928_1005_r1  n=  1  avg=+38.6%  med=+38.6%  realized=$+22.00
  b801|lab0801_s404_w1_0928_1005_r2  n=  1  avg=+31.6%  med=+31.6%  realized=$+18.00
  b802|lab0802_s404_w2_1005_1045_r1  n=  1  avg=+45.1%  med=+45.1%  realized=$+32.00
  b803|lab0803_s404_w2_1005_1045_r2  n=  1  avg=+46.3%  med=+46.3%  realized=$+31.00
  b804|lab0804_s404_w3_1045_1120_r1  n=  1  avg=+106.6%  med=+106.6%  realized=$+65.00
  b805|lab0805_s404_w3_1045_1120_r2  n=  1  avg=+86.9%  med=+86.9%  realized=$+53.00
  b806|lab0806_s404_w4_1120_1135_r1  n=  1  avg=+145.2%  med=+145.2%  realized=$+90.00
  b807|lab0807_s404_w4_1120_1135_r2  n=  1  avg=+124.2%  med=+124.2%  realized=$+77.00
  b814|lab0814_s405_w1_0928_1005_r1  n=  1  avg=+53.1%  med=+53.1%  realized=$+26.00
  b815|lab0815_s405_w1_0928_1005_r2  n=  1  avg=+46.9%  med=+46.9%  realized=$+23.00
  b816|lab0816_s405_w2_1005_1045_r1  n=  1  avg=+69.6%  med=+69.6%  realized=$+39.00
  b817|lab0817_s405_w2_1005_1045_r2  n=  1  avg=+57.1%  med=+57.1%  realized=$+32.00
  b818|lab0818_s405_w3_1045_1120_r1  n=  1  avg=+142.2%  med=+142.2%  realized=$+64.00
  b819|lab0819_s405_w3_1045_1120_r2  n=  1  avg=+122.2%  med=+122.2%  realized=$+55.00
  b820|lab0820_s405_w4_1120_1135_r1  n=  1  avg=+254.8%  med=+254.8%  realized=$+107.00
  b821|lab0821_s405_w4_1120_1135_r2  n=  1  avg=+242.9%  med=+242.9%  realized=$+102.00
  b828|lab0828_s406_w1_0928_1005_r1  n=  1  avg=+72.5%  med=+72.5%  realized=$+37.00
  b829|lab0829_s406_w1_0928_1005_r2  n=  1  avg=+68.6%  med=+68.6%  realized=$+35.00
  b834|lab0834_s406_w4_1120_1135_r1  n=  1  avg=+44.0%  med=+44.0%  realized=$+11.00
  b835|lab0835_s406_w4_1120_1135_r2  n=  1  avg=-56.0%  med=-56.0%  realized=$-14.00
  b842|lab0842_s407_w1_0928_1005_r1  n=  1  avg=+140.0%  med=+140.0%  realized=$+28.00
  b843|lab0843_s407_w1_0928_1005_r2  n=  1  avg=+125.0%  med=+125.0%  realized=$+25.00
  b844|lab0844_s407_w2_1005_1045_r1  n=  1  avg=+44.9%  med=+44.9%  realized=$+22.00
  b845|lab0845_s407_w2_1005_1045_r2  n=  1  avg=+38.8%  med=+38.8%  realized=$+19.00
  b848|lab0848_s407_w4_1120_1135_r1  n=  1  avg=-95.9%  med=-95.9%  realized=$-47.00
  b849|lab0849_s407_w4_1120_1135_r2  n=  1  avg=-66.7%  med=-66.7%  realized=$-2.00
  b858|lab0858_s408_w2_1005_1045_r1  n=  1  avg=+41.9%  med=+41.9%  realized=$+13.00
  b859|lab0859_s408_w2_1005_1045_r2  n=  1  avg=+45.2%  med=+45.2%  realized=$+14.00
  b88|c088_s165_w1_0928_1005_r5  n= 21  avg=-5.0%  med=-2.7%  realized=$-63.00
  b88|c088_s167_w1_0928_1005_r4  n=  4  avg=-12.7%  med=+30.9%  realized=$-28.00
  b89|c089_s165_w2_1005_1045_r5  n=  7  avg=+113.1%  med=+30.9%  realized=$+67.00
  b89|c089_s167_w2_1005_1045_r4  n=  2  avg=-16.2%  med=+30.9%  realized=$-22.00
  b8|c008_s165_w1_0928_1005_r1  n= 23  avg=-19.6%  med=-35.3%  realized=$-250.00
  b901|lab0901_s411_w2_1005_1045_r2  n=  1  avg=+36.1%  med=+36.1%  realized=$+22.00
  b902|lab0902_s411_w3_1045_1120_r1  n=  1  avg=+61.7%  med=+61.7%  realized=$+29.00
  b903|lab0903_s411_w3_1045_1120_r2  n=  1  avg=+57.5%  med=+57.5%  realized=$+27.00
  b905|lab0905_s411_w4_1120_1135_r2  n=  1  avg=+13.1%  med=+13.1%  realized=$+8.00
  b90|c090_s165_w3_1045_1120_r5  n= 13  avg=+7.7%  med=+0.0%  realized=$+47.00
  b90|c090_s167_w3_1045_1120_r4  n=  4  avg=-41.6%  med=-18.9%  realized=$-123.00
  b914|lab0914_s412_w2_1005_1045_r1  n=  1  avg=+117.7%  med=+117.7%  realized=$+40.00
  b915|lab0915_s412_w2_1005_1045_r2  n=  1  avg=+85.3%  med=+85.3%  realized=$+29.00
  b91|c091_s165_w4_1120_1135_r5  n=  2  avg=+222.0%  med=+247.0%  realized=$+293.00
  b94|lab0094_s211_w1_0928_1005_r1  n=  1  avg=-51.5%  med=-51.5%  realized=$-35.00
  b95|lab0095_s211_w1_0928_1005_r2  n=  1  avg=-57.4%  med=-57.4%  realized=$-39.00
  b97|lab0097_s211_w2_1005_1045_r2  n=  1  avg=-46.1%  med=-46.1%  realized=$-30.00
  b99|lab0099_s211_w3_1045_1120_r2  n=  1  avg=+52.8%  med=+52.8%  realized=$+28.00
  b9|c009_s165_w2_1005_1045_r1  n=  7  avg=-74.4%  med=-66.2%  realized=$-301.00
========================================================
+========================================================================+
|  OPTIONS BOT SUMMARY                                                   |
+------------------------------------------------------------------------+
|  Mode                          after_hours                             |
|  Equity                        $136,039.67                             |
|  Signals this run              0                                       |
|  Orders submitted (session)    0                                       |
|  Orders filled today (ledger)  0                                       |
|  Entries placed this run       0                                       |
|  Open virtual lots             105                                     |
|  Broker option positions       20                                      |
|  Unattributed contracts        1 (orphan reconcile)                    |
|  Pending orders                0                                       |
+========================================================================+
+========================================================================+
|  BUCKET LEADERBOARD (reflected ex-S173,S174)                           |
+------------------------------------------------------------------------+
|  Reflected trades=456  buckets=188  win=47%                            |
|  Returns   avg=+27.0%  med=-7.7%  p10=-64.9%  p90=+142.5%              |
|  Realized  $+9,411.13                                                  |
|  Raw incl dropped  trades=990  real=$+7,815.58                         |
+------------------------------------------------------------------------+
|  BKT PROFILE               N  WIN  AVG%   MED%   BEST%  REAL$          |
+------------------------------------------------------------------------+
|  b196 lab0196_s218_w3_10  1 100% +906.2 +906.2 +906.2 $   +145         |
|  b197 lab0197_s218_w3_10  1 100% +737.5 +737.5 +737.5 $   +118         |
|  b181 lab0181_s217_w2_10  2 100% +538.4 +538.4 +1007.1 $   +173        |
|  b180 lab0180_s217_w2_10  2 100% +469.8 +469.8 +885.7 $   +152         |
|  b791 lab0791_s398_w4_11  1 100% +338.1 +338.1 +338.1 $   +142         |
|  b319 lab0319_s355_w4_11  1 100% +328.6 +328.6 +328.6 $   +138         |
|  b790 lab0790_s398_w4_11  1 100% +311.9 +311.9 +311.9 $   +131         |
|  b318 lab0318_s355_w4_11  1 100% +292.9 +292.9 +292.9 $   +123         |
|  ... 180 more bucket(s) with exits                                     |
+------------------------------------------------------------------------+
|  Low  b848 lab0848_s407_w4_11  1   0% -95.9 -95.9 -95.9 $    -47       |
+========================================================================+
+========================================================================+
|  PENDING EXITS (1)                                                     |
+------------------------------------------------------------------------+
|  b863 S408 NVDA260805C00222500 x1 stop_loss (-53.3%)                   |
+========================================================================+
+========================================================================+
|  OPEN OPTIONS (20)                                                     |
+------------------------------------------------------------------------+
|  SYMBOL                      QTY    RET%        OPEN P&L               |
|------------------------------------------------------------------------|
|  OXY260807C00058000           23    -25.5%   $   -402.00               |
|  NVDA260805C00217500          18    -22.5%   $   -115.00               |
|  AAPL260814C00330000           6    -29.7%   $   -106.50               |
|  OXY260807C00059000            4    -30.5%   $    -58.00               |
|  T260807C00023000              6    +11.1%   $    +42.00               |
|  AAPL260821C00335000           4    -14.1%   $    -36.00               |
|  NVDA260810C00225000           4    -24.6%   $    -34.00               |
|  DKNG260807C00025500           4    -17.6%   $    -30.00               |
|  ... 12 more position(s)                                               |
+========================================================================+
Full detail: logs/options_trial/runs/2026-08-04.log
elapsed=1.4s reconcile=0.56s

=== 09:00:59 ET — after hours (exit summary) [elapsed=1.2s reconcile=0.63s] ===
=== options_morning_bot (PAPER) 2026-08-04T09:00:59.722535-04:00 ===

[Run context]
After hours (09:00 ET) — exit summary only.
Paper auth OK — equity $139924.97, account PA36KS87UPRS
  reconcile: layout changed controlled:100:c000_s173_w1_0928_1005_r1 -> controlled:1024:lab0000_s200_w1_0928_1005_r1

[Exit summary]
========================================================
OPTIONS EXIT SUMMARY — 2026-08-04
========================================================
Account equity: $139,924.97
Open broker positions: 20  unrealized $-834.83

No closed trades today.
========================================================

[Portfolio snapshot]
========================================================
OPTIONS TRIAL STATS
========================================================
Account equity: $139,924.97
Active buckets: 1024 of 1024 profiles ($500 virtual each) — paper unlimited mode

P&L summary
  Reflected (ex-S173,S174): $+9,411.13 all-time  |  $+0.00 today
  Raw (incl dropped):     $+7,815.58 all-time  |  $+0.00 today
  Open (not sold yet): $-819.12 unrealized (virtual lots)
                       $-834.83 unrealized (broker total)
  Premium deployed:    $5,059.37 in open positions
  Combined P&L:        $+8,592.01 (reflected realized + open virtual)

Ledger (master)
  Total events:     6691
  Today entries:    0
  Today exits (reflected): 0
  All-time exits (reflected): 456  wins 47%
  Avg return/trade: +27.0%  median -7.7%

Open virtual lots (by bucket)
  b0 lab0000_s200_w1_0928_1005_r1  prem=$   312  real=$ +0.00  open=$ +0.00  lots=6  [ORPHAN:OXYx2, ORPHAN:OXYx1, ORPHAN:NVDAx1, ORPHAN:NVDAx1 +2 more]
       buy: ask-0.01  sell: bid-0.01  tp=+50% sl=-50%
  b16 lab0016_s202_w1_0928_1005_r1  prem=$     0  real=$-39.00  open=$ +0.00  lots=0  [-]
       buy: ask-0.01  sell: bid-0.01  tp=+50% sl=-50%
  b17 lab0017_s202_w1_0928_1005_r2  prem=$     0  real=$-40.00  open=$ +0.00  lots=0  [-]
       buy: ask-0.01  sell: bid-0.01  tp=+50% sl=-50%
  b18 lab0018_s202_w2_1005_1045_r1  prem=$     0  real=$-29.00  open=$ +0.00  lots=0  [-]
       buy: ask-0.01  sell: bid-0.01  tp=+50% sl=-50%
  b19 lab0019_s202_w2_1005_1045_r2  prem=$     0  real=$-22.00  open=$ +0.00  lots=0  [-]
       buy: ask-0.01  sell: bid-0.01  tp=+50% sl=-50%
  b26 lab0026_s203_w2_1005_1045_r1  prem=$     0  real=$-24.00  open=$ +0.00  lots=0  [-]
       buy: ask-0.01  sell: bid-0.01  tp=+50% sl=-50%
  b27 lab0027_s203_w2_1005_1045_r2  prem=$     0  real=$-24.00  open=$ +0.00  lots=0  [-]
       buy: ask-0.01  sell: bid-0.01  tp=+50% sl=-50%
  b28 lab0028_s203_w3_1045_1120_r1  prem=$    51  real=$-29.00  open=$ +0.00  lots=1  [S203:TTDx1]
       buy: ask-0.01  sell: bid-0.01  tp=+50% sl=-50%
  b29 lab0029_s203_w3_1045_1120_r2  prem=$    51  real=$-29.00  open=$ +0.00  lots=1  [S203:TTDx1]
       buy: ask-0.01  sell: bid-0.01  tp=+50% sl=-50%
  b30 lab0030_s203_w4_1120_1135_r1  prem=$    59  real=$-21.00  open=$ +0.00  lots=1  [S203:TTDx1]
       buy: ask-0.01  sell: bid-0.01  tp=+50% sl=-50%
  b31 lab0031_s203_w4_1120_1135_r2  prem=$    59  real=$-19.00  open=$ +0.00  lots=1  [S203:TTDx1]
       buy: ask-0.01  sell: bid-0.01  tp=+50% sl=-50%
  b58 lab0058_s207_w2_1005_1045_r1  prem=$    68  real=$ +0.00  open=$-17.36  lots=1  [S207:OXYx1]
       buy: ask-0.01  sell: bid-0.01  tp=+50% sl=-50%
  b59 lab0059_s207_w2_1005_1045_r2  prem=$    68  real=$ +0.00  open=$-17.36  lots=1  [S207:OXYx1]
       buy: ask-0.01  sell: bid-0.01  tp=+50% sl=-50%
  b60 lab0060_s207_w3_1045_1120_r1  prem=$    70  real=$ +0.00  open=$-17.87  lots=1  [S207:OXYx1]
       buy: ask-0.01  sell: bid-0.01  tp=+50% sl=-50%
  b61 lab0061_s207_w3_1045_1120_r2  prem=$    70  real=$ +0.00  open=$-17.87  lots=1  [S207:OXYx1]
       buy: ask-0.01  sell: bid-0.01  tp=+50% sl=-50%
  b62 lab0062_s207_w4_1120_1135_r1  prem=$    72  real=$ +0.00  open=$-18.38  lots=1  [S207:OXYx1]
       buy: ask-0.01  sell: bid-0.01  tp=+50% sl=-50%
  b63 lab0063_s207_w4_1120_1135_r2  prem=$    72  real=$ +0.00  open=$-18.38  lots=1  [S207:OXYx1]
       buy: ask-0.01  sell: bid-0.01  tp=+50% sl=-50%
  b80 lab0080_s210_w1_0928_1005_r1  prem=$    28  real=$ +0.00  open=$ -2.07  lots=1  [S210:PATHx1]
       buy: ask-0.01  sell: bid-0.01  tp=+50% sl=-50%
  b81 lab0081_s210_w1_0928_1005_r2  prem=$    28  real=$ +0.00  open=$ -2.07  lots=1  [S210:PATHx1]
       buy: ask-0.01  sell: bid-0.01  tp=+50% sl=-50%
  b82 lab0082_s210_w2_1005_1045_r1  prem=$    28  real=$ +0.00  open=$ -2.07  lots=1  [S210:PATHx1]
       buy: ask-0.01  sell: bid-0.01  tp=+50% sl=-50%
  (205 more active bucket(s) omitted)
  (799 quiet bucket profile(s) — no trades yet)

Alpaca option positions
  AAPL260814C00330000  qty=6  cost=$358.50  return=-29.7%  open P&L=$-106.50
  AAPL260821C00335000  qty=4  cost=$256.00  return=-14.1%  open P&L=$-36.00
  DKNG260807C00025500  qty=4  cost=$170.00  return=-17.6%  open P&L=$-30.00
  MSFT260807C00520000  qty=1  cost=$53.00  return=-3.8%  open P&L=$-2.00
  NVDA260805C00217500  qty=18  cost=$511.00  return=-22.5%  open P&L=$-115.00
  NVDA260805C00220000  qty=4  cost=$74.00  return=-35.1%  open P&L=$-26.00
  NVDA260805C00222500  qty=2  cost=$30.00  return=-53.3%  open P&L=$-16.00
  NVDA260807C00217500  qty=2  cost=$99.33  return=+26.8%  open P&L=$+26.67
  NVDA260807C00220000  qty=2  cost=$72.00  return=+5.6%  open P&L=$+4.00
  NVDA260807C00222500  qty=2  cost=$68.00  return=-35.3%  open P&L=$-24.00
  NVDA260810C00225000  qty=4  cost=$138.00  return=-24.6%  open P&L=$-34.00
  OXY260807C00058000  qty=23  cost=$1,575.00  return=-25.5%  open P&L=$-402.00
  OXY260807C00059000  qty=4  cost=$190.00  return=-30.5%  open P&L=$-58.00
  OXY260807C00060000  qty=4  cost=$100.00  return=-24.0%  open P&L=$-24.00
  PATH260807C00013500  qty=8  cost=$216.00  return=-7.4%  open P&L=$-16.00
  T260807C00023000  qty=6  cost=$378.00  return=+11.1%  open P&L=$+42.00
  TSLA260805C00350000  qty=2  cost=$90.00  return=-31.1%  open P&L=$-28.00
  TTD260807P00017000  qty=4  cost=$220.00  return=+0.0%  open P&L=$+0.00
  UBER260807C00077000  qty=2  cost=$110.00  return=+16.4%  open P&L=$+18.00
  UBER260807C00078000  qty=6  cost=$302.00  return=-2.6%  open P&L=$-8.00

Per-bucket exit stats (all time)
  b0|orphan_reconcile     n= 26  avg=+27.8%  med=-57.5%  realized=$+6,460.91
  b104|c104_s164_w1_0928_1005_r4  n=  1  avg=-88.9%  med=-88.9%  realized=$-8.00
  b108|c108_s202_w3_1045_1120_r1  n=  1  avg=-33.3%  med=-33.3%  realized=$-1.00
  b109|c109_s202_w3_1045_1120_r2  n=  1  avg=-66.7%  med=-66.7%  realized=$-2.00
  b10|c010_s165_w3_1045_1120_r1  n=  8  avg=-37.2%  med=-18.9%  realized=$-205.00
  b112|lab0112_s212_w3_1045_1120_r1  n=  1  avg=-58.7%  med=-58.7%  realized=$-37.00
  b113|lab0113_s212_w3_1045_1120_r2  n=  1  avg=-71.4%  med=-71.4%  realized=$-45.00
  b114|lab0114_s212_w4_1120_1135_r1  n=  1  avg=-59.0%  med=-59.0%  realized=$-36.00
  b115|lab0115_s212_w4_1120_1135_r2  n=  1  avg=-54.1%  med=-54.1%  realized=$-33.00
  b132|c132_s164_w1_0928_1005_r5  n=  2  avg=-65.7%  med=-53.6%  realized=$-37.00
  b135|c135_s164_w4_1120_1135_r5  n=  1  avg=-50.0%  med=-50.0%  realized=$-4.00
  b16|lab0016_s202_w1_0928_1005_r1  n=  1  avg=-63.9%  med=-63.9%  realized=$-39.00
  b178|lab0178_s217_w1_0928_1005_r1  n=  1  avg=+66.0%  med=+66.0%  realized=$+31.00
  b179|lab0179_s217_w1_0928_1005_r2  n=  1  avg=+51.1%  med=+51.1%  realized=$+24.00
  b17|lab0017_s202_w1_0928_1005_r2  n=  1  avg=-65.6%  med=-65.6%  realized=$-40.00
  b180|lab0180_s217_w2_1005_1045_r1  n=  2  avg=+469.8%  med=+885.7%  realized=$+152.00
  b181|lab0181_s217_w2_1005_1045_r2  n=  2  avg=+538.4%  med=+1007.1%  realized=$+173.00
  b183|lab0183_s217_w3_1045_1120_r2  n=  1  avg=-55.0%  med=-55.0%  realized=$-22.00
  b18|lab0018_s202_w2_1005_1045_r1  n=  1  avg=-74.4%  med=-74.4%  realized=$-29.00
  b194|lab0194_s218_w2_1005_1045_r1  n=  1  avg=+235.7%  med=+235.7%  realized=$+33.00
  b195|lab0195_s218_w2_1005_1045_r2  n=  2  avg=+97.8%  med=+121.4%  realized=$+40.00
  b196|lab0196_s218_w3_1045_1120_r1  n=  1  avg=+906.2%  med=+906.2%  realized=$+145.00
  b197|lab0197_s218_w3_1045_1120_r2  n=  1  avg=+737.5%  med=+737.5%  realized=$+118.00
  b19|lab0019_s202_w2_1005_1045_r2  n=  1  avg=-56.4%  med=-56.4%  realized=$-22.00
  b20|c020_s164_w1_0928_1005_r1  n=  1  avg=-88.9%  med=-88.9%  realized=$-8.00
  b222|lab0222_s400_w2_1005_1045_r1  n=  1  avg=-50.0%  med=-50.0%  realized=$-4.00
  b223|lab0223_s400_w2_1005_1045_r2  n=  1  avg=-50.0%  med=-50.0%  realized=$-4.00
  b224|lab0224_s400_w3_1045_1120_r1  n=  1  avg=-66.7%  med=-66.7%  realized=$-10.00
  b225|lab0225_s400_w3_1045_1120_r2  n=  1  avg=-66.7%  med=-66.7%  realized=$-10.00
  b227|lab0227_s400_w4_1120_1135_r2  n=  1  avg=-22.2%  med=-22.2%  realized=$-2.00
  b234|lab0234_s401_w1_0928_1005_r1  n=  1  avg=+8.3%  med=+8.3%  realized=$+6.00
  b235|lab0235_s401_w1_0928_1005_r2  n=  2  avg=+67.3%  med=+80.6%  realized=$+85.00
  b236|c236_s218_w3_1045_1120_r1  n=  1  avg=-33.3%  med=-33.3%  realized=$-1.00
  b237|c237_s218_w3_1045_1120_r2  n=  1  avg=-66.7%  med=-66.7%  realized=$-2.00
  b238|lab0238_s401_w3_1045_1120_r1  n=  1  avg=+273.1%  med=+273.1%  realized=$+71.00
  b239|lab0239_s401_w3_1045_1120_r2  n=  1  avg=-39.0%  med=-39.0%  realized=$-23.00
  b240|lab0240_s401_w4_1120_1135_r1  n=  1  avg=+53.3%  med=+53.3%  realized=$+16.00
  b241|lab0241_s401_w4_1120_1135_r2  n=  1  avg=+66.7%  med=+66.7%  realized=$+20.00
  b262|lab0262_s403_w1_0928_1005_r1  n=  1  avg=+65.4%  med=+65.4%  realized=$+34.00
  b263|lab0263_s403_w1_0928_1005_r2  n=  1  avg=+50.0%  med=+50.0%  realized=$+26.00
  b269|lab0269_s403_w4_1120_1135_r2  n=  1  avg=+57.6%  med=+57.6%  realized=$+38.00
  b26|lab0026_s203_w2_1005_1045_r1  n=  1  avg=-53.3%  med=-53.3%  realized=$-24.00
  b276|lab0276_s350_w1_0928_1005_r1  n=  2  avg=+22.9%  med=+112.5%  realized=$+52.00
  b277|lab0277_s350_w1_0928_1005_r2  n=  2  avg=+47.9%  med=+162.5%  realized=$+76.00
  b278|lab0278_s350_w2_1005_1045_r1  n=  3  avg=+22.3%  med=+53.3%  realized=$-3.00
  b279|lab0279_s350_w2_1005_1045_r2  n=  3  avg=+46.6%  med=+94.1%  realized=$+34.00
  b27|lab0027_s203_w2_1005_1045_r2  n=  1  avg=-53.3%  med=-53.3%  realized=$-24.00
  b280|lab0280_s351_w1_0928_1005_r1  n=  1  avg=-91.7%  med=-91.7%  realized=$-44.00
  b281|lab0281_s351_w1_0928_1005_r2  n=  2  avg=+72.0%  med=+197.9%  realized=$+88.00
  b282|lab0282_s351_w2_1005_1045_r1  n=  1  avg=-58.8%  med=-58.8%  realized=$-30.00
  b283|lab0283_s351_w2_1005_1045_r2  n=  2  avg=-48.3%  med=-43.8%  realized=$-34.00
  b285|lab0285_s351_w3_1045_1120_r2  n=  1  avg=-33.3%  med=-33.3%  realized=$-1.00
  b286|lab0286_s351_w4_1120_1135_r1  n=  1  avg=-94.9%  med=-94.9%  realized=$-37.00
  b287|lab0287_s351_w4_1120_1135_r2  n=  2  avg=-44.4%  med=-40.0%  realized=$-21.00
  b288|lab0288_s352_w1_0928_1005_r1  n=  1  avg=+52.4%  med=+52.4%  realized=$+22.00
  b289|lab0289_s352_w1_0928_1005_r2  n=  1  avg=+47.6%  med=+47.6%  realized=$+20.00
  b28|c028_s165_w1_0928_1005_r2  n= 17  avg=+49.5%  med=+80.0%  realized=$+448.00
  b28|c028_s173_w1_0928_1005_r2  n=  5  avg=+51.6%  med=+80.0%  realized=$+142.00
  b28|lab0028_s203_w3_1045_1120_r1  n=  1  avg=-52.7%  med=-52.7%  realized=$-29.00
  b290|lab0290_s352_w2_1005_1045_r1  n=  1  avg=+38.9%  med=+38.9%  realized=$+14.00
  b291|lab0291_s352_w2_1005_1045_r2  n=  1  avg=+194.4%  med=+194.4%  realized=$+70.00
  b293|lab0293_s352_w3_1045_1120_r2  n=  1  avg=+90.0%  med=+90.0%  realized=$+18.00
  b296|lab0296_s353_w1_0928_1005_r1  n=  1  avg=+123.7%  med=+123.7%  realized=$+47.00
  b297|lab0297_s353_w1_0928_1005_r2  n=  1  avg=+79.0%  med=+79.0%  realized=$+30.00
  b298|lab0298_s353_w2_1005_1045_r1  n=  1  avg=-69.7%  med=-69.7%  realized=$-23.00
  b299|lab0299_s353_w2_1005_1045_r2  n=  1  avg=-72.7%  med=-72.7%  realized=$-24.00
  b29|c029_s165_w2_1005_1045_r2  n=  9  avg=-23.3%  med=-50.0%  realized=$-221.00
  b29|c029_s173_w2_1005_1045_r2  n=  2  avg=-69.3%  med=-48.5%  realized=$-78.00
  b29|lab0029_s203_w3_1045_1120_r2  n=  1  avg=-52.7%  med=-52.7%  realized=$-29.00
  b304|lab0304_s354_w1_0928_1005_r1  n=  1  avg=+93.6%  med=+93.6%  realized=$+44.00
  b305|lab0305_s354_w1_0928_1005_r2  n=  1  avg=+100.0%  med=+100.0%  realized=$+47.00
  b306|lab0306_s354_w2_1005_1045_r1  n=  1  avg=+138.6%  med=+138.6%  realized=$+61.00
  b307|lab0307_s354_w2_1005_1045_r2  n=  1  avg=+143.2%  med=+143.2%  realized=$+63.00
  b308|lab0308_s354_w3_1045_1120_r1  n=  1  avg=+220.8%  med=+220.8%  realized=$+106.00
  b309|lab0309_s354_w3_1045_1120_r2  n=  1  avg=+175.0%  med=+175.0%  realized=$+84.00
  b30|c030_s165_w3_1045_1120_r2  n=  9  avg=+38.8%  med=+0.0%  realized=$+260.00
  b30|c030_s173_w3_1045_1120_r2  n=  2  avg=-9.5%  med=+0.0%  realized=$-14.00
  b30|lab0030_s203_w4_1120_1135_r1  n=  1  avg=-51.2%  med=-51.2%  realized=$-21.00
  b310|lab0310_s354_w4_1120_1135_r1  n=  1  avg=+116.7%  med=+116.7%  realized=$+84.00
  b311|lab0311_s354_w4_1120_1135_r2  n=  1  avg=+290.5%  med=+290.5%  realized=$+122.00
  b312|lab0312_s355_w1_0928_1005_r1  n=  1  avg=+91.5%  med=+91.5%  realized=$+43.00
  b313|lab0313_s355_w1_0928_1005_r2  n=  1  avg=+85.1%  med=+85.1%  realized=$+40.00
  b314|lab0314_s355_w2_1005_1045_r1  n=  1  avg=+138.6%  med=+138.6%  realized=$+61.00
  b315|lab0315_s355_w2_1005_1045_r2  n=  1  avg=+95.5%  med=+95.5%  realized=$+42.00
  b316|lab0316_s355_w3_1045_1120_r1  n=  1  avg=+193.8%  med=+193.8%  realized=$+93.00
  b317|lab0317_s355_w3_1045_1120_r2  n=  1  avg=+187.5%  med=+187.5%  realized=$+90.00
  b318|lab0318_s355_w4_1120_1135_r1  n=  1  avg=+292.9%  med=+292.9%  realized=$+123.00
  b319|lab0319_s355_w4_1120_1135_r2  n=  1  avg=+328.6%  med=+328.6%  realized=$+138.00
  b31|c031_s165_w4_1120_1135_r2  n=  2  avg=+145.5%  med=+175.8%  realized=$+192.00
  b31|lab0031_s203_w4_1120_1135_r2  n=  1  avg=-46.3%  med=-46.3%  realized=$-19.00
  b320|lab0320_s356_w1_0928_1005_r1  n=  1  avg=+37.9%  med=+37.9%  realized=$+22.00
  b321|lab0321_s356_w1_0928_1005_r2  n=  1  avg=+58.6%  med=+58.6%  realized=$+34.00
  b328|lab0328_s357_w1_0928_1005_r1  n=  1  avg=+47.1%  med=+47.1%  realized=$+32.00
  b329|lab0329_s357_w1_0928_1005_r2  n=  1  avg=+47.1%  med=+47.1%  realized=$+32.00
  b344|lab0344_s359_w1_0928_1005_r1  n=  1  avg=+142.9%  med=+142.9%  realized=$+20.00
  b345|lab0345_s359_w1_0928_1005_r2  n=  1  avg=+228.6%  med=+228.6%  realized=$+32.00
  b346|lab0346_s359_w2_1005_1045_r1  n=  1  avg=+63.6%  med=+63.6%  realized=$+7.00
  b347|lab0347_s359_w2_1005_1045_r2  n=  1  avg=+54.5%  med=+54.5%  realized=$+6.00
  b350|lab0350_s360_w2_1005_1045_r1  n=  1  avg=+63.6%  med=+63.6%  realized=$+7.00
  b351|lab0351_s360_w2_1005_1045_r2  n=  1  avg=+54.5%  med=+54.5%  realized=$+6.00
  b352|lab0352_s360_w3_1045_1120_r1  n=  1  avg=-50.0%  med=-50.0%  realized=$-6.00
  b353|lab0353_s360_w3_1045_1120_r2  n=  1  avg=-50.0%  med=-50.0%  realized=$-6.00
  b354|lab0354_s360_w4_1120_1135_r1  n=  1  avg=-33.3%  med=-33.3%  realized=$-6.00
  b355|lab0355_s360_w4_1120_1135_r2  n=  2  avg=-55.2%  med=-54.8%  realized=$-33.00
  b364|lab0364_s361_w2_1005_1045_r1  n=  1  avg=+81.8%  med=+81.8%  realized=$+27.00
  b365|lab0365_s361_w2_1005_1045_r2  n=  1  avg=+55.9%  med=+55.9%  realized=$+19.00
  b376|lab0376_s362_w1_0928_1005_r1  n=  1  avg=+114.3%  med=+114.3%  realized=$+40.00
  b377|lab0377_s362_w1_0928_1005_r2  n=  1  avg=+122.9%  med=+122.9%  realized=$+43.00
  b378|lab0378_s362_w2_1005_1045_r1  n=  1  avg=+70.6%  med=+70.6%  realized=$+24.00
  b379|lab0379_s362_w2_1005_1045_r2  n=  1  avg=+38.2%  med=+38.2%  realized=$+13.00
  b390|lab0390_s363_w1_0928_1005_r1  n=  1  avg=+106.5%  med=+106.5%  realized=$+33.00
  b391|lab0391_s363_w1_0928_1005_r2  n=  1  avg=+103.2%  med=+103.2%  realized=$+32.00
  b392|lab0392_s363_w2_1005_1045_r1  n=  1  avg=+64.3%  med=+64.3%  realized=$+18.00
  b393|lab0393_s363_w2_1005_1045_r2  n=  1  avg=+60.7%  med=+60.7%  realized=$+17.00
  b405|lab0405_s364_w1_0928_1005_r2  n=  1  avg=+50.0%  med=+50.0%  realized=$+25.00
  b406|lab0406_s364_w2_1005_1045_r1  n=  1  avg=+60.0%  med=+60.0%  realized=$+30.00
  b407|lab0407_s364_w2_1005_1045_r2  n=  1  avg=+56.0%  med=+56.0%  realized=$+28.00
  b410|lab0410_s364_w4_1120_1135_r1  n=  1  avg=+233.3%  med=+233.3%  realized=$+84.00
  b411|lab0411_s364_w4_1120_1135_r2  n=  1  avg=+188.9%  med=+188.9%  realized=$+68.00
  b48|c048_s164_w1_0928_1005_r2  n=  5  avg=-33.1%  med=-49.1%  realized=$-91.00
  b48|c048_s165_w1_0928_1005_r3  n= 16  avg=-35.9%  med=-49.1%  realized=$-344.00
  b49|c049_s164_w2_1005_1045_r2  n=  4  avg=-51.8%  med=-44.0%  realized=$-133.00
  b49|c049_s165_w2_1005_1045_r3  n= 15  avg=-49.3%  med=-49.1%  realized=$-458.00
  b50|c050_s164_w3_1045_1120_r2  n=  4  avg=-39.6%  med=-16.7%  realized=$-115.00
  b50|c050_s165_w3_1045_1120_r3  n=  9  avg=-23.6%  med=-23.1%  realized=$-142.00
  b51|c051_s165_w4_1120_1135_r3  n=  1  avg=+263.6%  med=+263.6%  realized=$+174.00
  b56|g056_lim_tp20_sl65  n=  1  avg=+47.7%  med=+47.7%  realized=$+20.52
  b57|g057_mid_tp20_sl65  n=  1  avg=+47.7%  med=+47.7%  realized=$+20.52
  b58|g058_eod_tp20_sl65  n=  1  avg=+59.1%  med=+59.1%  realized=$+25.41
  b68|c068_s165_w1_0928_1005_r4  n= 16  avg=-51.3%  med=-49.1%  realized=$-446.00
  b68|c068_s166_w1_0928_1005_r3  n=  4  avg=-52.7%  med=-49.1%  realized=$-116.00
  b69|c069_s165_w2_1005_1045_r4  n= 11  avg=+19.0%  med=-43.6%  realized=$-179.00
  b69|c069_s166_w2_1005_1045_r3  n=  4  avg=+10.1%  med=-40.0%  realized=$-87.00
  b70|c070_s165_w3_1045_1120_r4  n= 11  avg=-2.1%  med=-16.9%  realized=$-6.00
  b70|c070_s166_w3_1045_1120_r3  n=  4  avg=-42.5%  med=-27.0%  realized=$-124.00
  b70|g070_eod_tp30_sl20  n=  1  avg=+59.1%  med=+59.1%  realized=$+27.77
  b76|c076_s164_w1_0928_1005_r3  n=  1  avg=-50.0%  med=-50.0%  realized=$-2.00
  b776|lab0776_s397_w1_0928_1005_r1  n=  1  avg=+40.4%  med=+40.4%  realized=$+23.00
  b777|lab0777_s397_w1_0928_1005_r2  n=  1  avg=+38.6%  med=+38.6%  realized=$+22.00
  b778|lab0778_s397_w2_1005_1045_r1  n=  1  avg=+51.4%  med=+51.4%  realized=$+37.00
  b779|lab0779_s397_w2_1005_1045_r2  n=  1  avg=+43.7%  med=+43.7%  realized=$+31.00
  b780|lab0780_s397_w3_1045_1120_r1  n=  1  avg=+114.8%  med=+114.8%  realized=$+70.00
  b781|lab0781_s397_w3_1045_1120_r2  n=  1  avg=+116.4%  med=+116.4%  realized=$+71.00
  b783|lab0783_s397_w4_1120_1135_r2  n=  1  avg=+151.6%  med=+151.6%  realized=$+94.00
  b784|lab0784_s398_w1_0928_1005_r1  n=  1  avg=+49.0%  med=+49.0%  realized=$+24.00
  b785|lab0785_s398_w1_0928_1005_r2  n=  1  avg=+49.0%  med=+49.0%  realized=$+24.00
  b786|lab0786_s398_w2_1005_1045_r1  n=  1  avg=+66.1%  med=+66.1%  realized=$+37.00
  b787|lab0787_s398_w2_1005_1045_r2  n=  1  avg=+78.6%  med=+78.6%  realized=$+44.00
  b788|lab0788_s398_w3_1045_1120_r1  n=  1  avg=+175.6%  med=+175.6%  realized=$+79.00
  b789|lab0789_s398_w3_1045_1120_r2  n=  1  avg=+157.8%  med=+157.8%  realized=$+71.00
  b790|lab0790_s398_w4_1120_1135_r1  n=  1  avg=+311.9%  med=+311.9%  realized=$+131.00
  b791|lab0791_s398_w4_1120_1135_r2  n=  1  avg=+338.1%  med=+338.1%  realized=$+142.00
  b792|lab0792_s399_w1_0928_1005_r1  n=  1  avg=+140.0%  med=+140.0%  realized=$+35.00
  b793|lab0793_s399_w1_0928_1005_r2  n=  1  avg=+52.6%  med=+52.6%  realized=$+20.00
  b794|lab0794_s399_w2_1005_1045_r1  n=  1  avg=+84.0%  med=+84.0%  realized=$+21.00
  b795|lab0795_s399_w2_1005_1045_r2  n=  1  avg=+92.0%  med=+92.0%  realized=$+23.00
  b798|lab0798_s399_w4_1120_1135_r1  n=  1  avg=+134.0%  med=+134.0%  realized=$+67.00
  b799|lab0799_s399_w4_1120_1135_r2  n=  1  avg=+186.5%  med=+186.5%  realized=$+69.00
  b800|lab0800_s404_w1_0928_1005_r1  n=  1  avg=+38.6%  med=+38.6%  realized=$+22.00
  b801|lab0801_s404_w1_0928_1005_r2  n=  1  avg=+31.6%  med=+31.6%  realized=$+18.00
  b802|lab0802_s404_w2_1005_1045_r1  n=  1  avg=+45.1%  med=+45.1%  realized=$+32.00
  b803|lab0803_s404_w2_1005_1045_r2  n=  1  avg=+46.3%  med=+46.3%  realized=$+31.00
  b804|lab0804_s404_w3_1045_1120_r1  n=  1  avg=+106.6%  med=+106.6%  realized=$+65.00
  b805|lab0805_s404_w3_1045_1120_r2  n=  1  avg=+86.9%  med=+86.9%  realized=$+53.00
  b806|lab0806_s404_w4_1120_1135_r1  n=  1  avg=+145.2%  med=+145.2%  realized=$+90.00
  b807|lab0807_s404_w4_1120_1135_r2  n=  1  avg=+124.2%  med=+124.2%  realized=$+77.00
  b814|lab0814_s405_w1_0928_1005_r1  n=  1  avg=+53.1%  med=+53.1%  realized=$+26.00
  b815|lab0815_s405_w1_0928_1005_r2  n=  1  avg=+46.9%  med=+46.9%  realized=$+23.00
  b816|lab0816_s405_w2_1005_1045_r1  n=  1  avg=+69.6%  med=+69.6%  realized=$+39.00
  b817|lab0817_s405_w2_1005_1045_r2  n=  1  avg=+57.1%  med=+57.1%  realized=$+32.00
  b818|lab0818_s405_w3_1045_1120_r1  n=  1  avg=+142.2%  med=+142.2%  realized=$+64.00
  b819|lab0819_s405_w3_1045_1120_r2  n=  1  avg=+122.2%  med=+122.2%  realized=$+55.00
  b820|lab0820_s405_w4_1120_1135_r1  n=  1  avg=+254.8%  med=+254.8%  realized=$+107.00
  b821|lab0821_s405_w4_1120_1135_r2  n=  1  avg=+242.9%  med=+242.9%  realized=$+102.00
  b828|lab0828_s406_w1_0928_1005_r1  n=  1  avg=+72.5%  med=+72.5%  realized=$+37.00
  b829|lab0829_s406_w1_0928_1005_r2  n=  1  avg=+68.6%  med=+68.6%  realized=$+35.00
  b834|lab0834_s406_w4_1120_1135_r1  n=  1  avg=+44.0%  med=+44.0%  realized=$+11.00
  b835|lab0835_s406_w4_1120_1135_r2  n=  1  avg=-56.0%  med=-56.0%  realized=$-14.00
  b842|lab0842_s407_w1_0928_1005_r1  n=  1  avg=+140.0%  med=+140.0%  realized=$+28.00
  b843|lab0843_s407_w1_0928_1005_r2  n=  1  avg=+125.0%  med=+125.0%  realized=$+25.00
  b844|lab0844_s407_w2_1005_1045_r1  n=  1  avg=+44.9%  med=+44.9%  realized=$+22.00
  b845|lab0845_s407_w2_1005_1045_r2  n=  1  avg=+38.8%  med=+38.8%  realized=$+19.00
  b848|lab0848_s407_w4_1120_1135_r1  n=  1  avg=-95.9%  med=-95.9%  realized=$-47.00
  b849|lab0849_s407_w4_1120_1135_r2  n=  1  avg=-66.7%  med=-66.7%  realized=$-2.00
  b858|lab0858_s408_w2_1005_1045_r1  n=  1  avg=+41.9%  med=+41.9%  realized=$+13.00
  b859|lab0859_s408_w2_1005_1045_r2  n=  1  avg=+45.2%  med=+45.2%  realized=$+14.00
  b88|c088_s165_w1_0928_1005_r5  n= 21  avg=-5.0%  med=-2.7%  realized=$-63.00
  b88|c088_s167_w1_0928_1005_r4  n=  4  avg=-12.7%  med=+30.9%  realized=$-28.00
  b89|c089_s165_w2_1005_1045_r5  n=  7  avg=+113.1%  med=+30.9%  realized=$+67.00
  b89|c089_s167_w2_1005_1045_r4  n=  2  avg=-16.2%  med=+30.9%  realized=$-22.00
  b8|c008_s165_w1_0928_1005_r1  n= 23  avg=-19.6%  med=-35.3%  realized=$-250.00
  b901|lab0901_s411_w2_1005_1045_r2  n=  1  avg=+36.1%  med=+36.1%  realized=$+22.00
  b902|lab0902_s411_w3_1045_1120_r1  n=  1  avg=+61.7%  med=+61.7%  realized=$+29.00
  b903|lab0903_s411_w3_1045_1120_r2  n=  1  avg=+57.5%  med=+57.5%  realized=$+27.00
  b905|lab0905_s411_w4_1120_1135_r2  n=  1  avg=+13.1%  med=+13.1%  realized=$+8.00
  b90|c090_s165_w3_1045_1120_r5  n= 13  avg=+7.7%  med=+0.0%  realized=$+47.00
  b90|c090_s167_w3_1045_1120_r4  n=  4  avg=-41.6%  med=-18.9%  realized=$-123.00
  b914|lab0914_s412_w2_1005_1045_r1  n=  1  avg=+117.7%  med=+117.7%  realized=$+40.00
  b915|lab0915_s412_w2_1005_1045_r2  n=  1  avg=+85.3%  med=+85.3%  realized=$+29.00
  b91|c091_s165_w4_1120_1135_r5  n=  2  avg=+222.0%  med=+247.0%  realized=$+293.00
  b94|lab0094_s211_w1_0928_1005_r1  n=  1  avg=-51.5%  med=-51.5%  realized=$-35.00
  b95|lab0095_s211_w1_0928_1005_r2  n=  1  avg=-57.4%  med=-57.4%  realized=$-39.00
  b97|lab0097_s211_w2_1005_1045_r2  n=  1  avg=-46.1%  med=-46.1%  realized=$-30.00
  b99|lab0099_s211_w3_1045_1120_r2  n=  1  avg=+52.8%  med=+52.8%  realized=$+28.00
  b9|c009_s165_w2_1005_1045_r1  n=  7  avg=-74.4%  med=-66.2%  realized=$-301.00
========================================================
+========================================================================+
|  OPTIONS BOT SUMMARY                                                   |
+------------------------------------------------------------------------+
|  Mode                          after_hours                             |
|  Equity                        $139,924.97                             |
|  Signals this run              0                                       |
|  Orders submitted (session)    0                                       |
|  Orders filled today (ledger)  0                                       |
|  Entries placed this run       0                                       |
|  Open virtual lots             105                                     |
|  Broker option positions       20                                      |
|  Unattributed contracts        1 (orphan reconcile)                    |
|  Pending orders                0                                       |
+========================================================================+
+========================================================================+
|  BUCKET LEADERBOARD (reflected ex-S173,S174)                           |
+------------------------------------------------------------------------+
|  Reflected trades=456  buckets=188  win=47%                            |
|  Returns   avg=+27.0%  med=-7.7%  p10=-64.9%  p90=+142.5%              |
|  Realized  $+9,411.13                                                  |
|  Raw incl dropped  trades=990  real=$+7,815.58                         |
+------------------------------------------------------------------------+
|  BKT PROFILE               N  WIN  AVG%   MED%   BEST%  REAL$          |
+------------------------------------------------------------------------+
|  b196 lab0196_s218_w3_10  1 100% +906.2 +906.2 +906.2 $   +145         |
|  b197 lab0197_s218_w3_10  1 100% +737.5 +737.5 +737.5 $   +118         |
|  b181 lab0181_s217_w2_10  2 100% +538.4 +538.4 +1007.1 $   +173        |
|  b180 lab0180_s217_w2_10  2 100% +469.8 +469.8 +885.7 $   +152         |
|  b791 lab0791_s398_w4_11  1 100% +338.1 +338.1 +338.1 $   +142         |
|  b319 lab0319_s355_w4_11  1 100% +328.6 +328.6 +328.6 $   +138         |
|  b790 lab0790_s398_w4_11  1 100% +311.9 +311.9 +311.9 $   +131         |
|  b318 lab0318_s355_w4_11  1 100% +292.9 +292.9 +292.9 $   +123         |
|  ... 180 more bucket(s) with exits                                     |
+------------------------------------------------------------------------+
|  Low  b848 lab0848_s407_w4_11  1   0% -95.9 -95.9 -95.9 $    -47       |
+========================================================================+
+========================================================================+
|  PENDING EXITS (1)                                                     |
+------------------------------------------------------------------------+
|  b863 S408 NVDA260805C00222500 x1 stop_loss (-53.3%)                   |
+========================================================================+
+========================================================================+
|  OPEN OPTIONS (20)                                                     |
+------------------------------------------------------------------------+
|  SYMBOL                      QTY    RET%        OPEN P&L               |
|------------------------------------------------------------------------|
|  OXY260807C00058000           23    -25.5%   $   -402.00               |
|  NVDA260805C00217500          18    -22.5%   $   -115.00               |
|  AAPL260814C00330000           6    -29.7%   $   -106.50               |
|  OXY260807C00059000            4    -30.5%   $    -58.00               |
|  T260807C00023000              6    +11.1%   $    +42.00               |
|  AAPL260821C00335000           4    -14.1%   $    -36.00               |
|  NVDA260810C00225000           4    -24.6%   $    -34.00               |
|  DKNG260807C00025500           4    -17.6%   $    -30.00               |
|  ... 12 more position(s)                                               |
+========================================================================+
Full detail: logs/options_trial/runs/2026-08-04.log
elapsed=1.2s reconcile=0.63s

=== 09:05:54 ET — after hours (exit summary) [elapsed=1.1s reconcile=0.6s] ===
=== options_morning_bot (PAPER) 2026-08-04T09:05:54.351117-04:00 ===

[Run context]
After hours (09:05 ET) — exit summary only.
Paper auth OK — equity $139962.53, account PA36KS87UPRS
  reconcile: layout changed controlled:100:c000_s173_w1_0928_1005_r1 -> controlled:1024:lab0000_s200_w1_0928_1005_r1

[Exit summary]
========================================================
OPTIONS EXIT SUMMARY — 2026-08-04
========================================================
Account equity: $139,962.53
Open broker positions: 20  unrealized $-834.83

No closed trades today.
========================================================

[Portfolio snapshot]
========================================================
OPTIONS TRIAL STATS
========================================================
Account equity: $139,962.53
Active buckets: 1024 of 1024 profiles ($500 virtual each) — paper unlimited mode

P&L summary
  Reflected (ex-S173,S174): $+9,411.13 all-time  |  $+0.00 today
  Raw (incl dropped):     $+7,815.58 all-time  |  $+0.00 today
  Open (not sold yet): $-819.12 unrealized (virtual lots)
                       $-834.83 unrealized (broker total)
  Premium deployed:    $5,059.37 in open positions
  Combined P&L:        $+8,592.01 (reflected realized + open virtual)

Ledger (master)
  Total events:     6691
  Today entries:    0
  Today exits (reflected): 0
  All-time exits (reflected): 456  wins 47%
  Avg return/trade: +27.0%  median -7.7%

Open virtual lots (by bucket)
  b0 lab0000_s200_w1_0928_1005_r1  prem=$   312  real=$ +0.00  open=$ +0.00  lots=6  [ORPHAN:OXYx2, ORPHAN:OXYx1, ORPHAN:NVDAx1, ORPHAN:NVDAx1 +2 more]
       buy: ask-0.01  sell: bid-0.01  tp=+50% sl=-50%
  b16 lab0016_s202_w1_0928_1005_r1  prem=$     0  real=$-39.00  open=$ +0.00  lots=0  [-]
       buy: ask-0.01  sell: bid-0.01  tp=+50% sl=-50%
  b17 lab0017_s202_w1_0928_1005_r2  prem=$     0  real=$-40.00  open=$ +0.00  lots=0  [-]
       buy: ask-0.01  sell: bid-0.01  tp=+50% sl=-50%
  b18 lab0018_s202_w2_1005_1045_r1  prem=$     0  real=$-29.00  open=$ +0.00  lots=0  [-]
       buy: ask-0.01  sell: bid-0.01  tp=+50% sl=-50%
  b19 lab0019_s202_w2_1005_1045_r2  prem=$     0  real=$-22.00  open=$ +0.00  lots=0  [-]
       buy: ask-0.01  sell: bid-0.01  tp=+50% sl=-50%
  b26 lab0026_s203_w2_1005_1045_r1  prem=$     0  real=$-24.00  open=$ +0.00  lots=0  [-]
       buy: ask-0.01  sell: bid-0.01  tp=+50% sl=-50%
  b27 lab0027_s203_w2_1005_1045_r2  prem=$     0  real=$-24.00  open=$ +0.00  lots=0  [-]
       buy: ask-0.01  sell: bid-0.01  tp=+50% sl=-50%
  b28 lab0028_s203_w3_1045_1120_r1  prem=$    51  real=$-29.00  open=$ +0.00  lots=1  [S203:TTDx1]
       buy: ask-0.01  sell: bid-0.01  tp=+50% sl=-50%
  b29 lab0029_s203_w3_1045_1120_r2  prem=$    51  real=$-29.00  open=$ +0.00  lots=1  [S203:TTDx1]
       buy: ask-0.01  sell: bid-0.01  tp=+50% sl=-50%
  b30 lab0030_s203_w4_1120_1135_r1  prem=$    59  real=$-21.00  open=$ +0.00  lots=1  [S203:TTDx1]
       buy: ask-0.01  sell: bid-0.01  tp=+50% sl=-50%
  b31 lab0031_s203_w4_1120_1135_r2  prem=$    59  real=$-19.00  open=$ +0.00  lots=1  [S203:TTDx1]
       buy: ask-0.01  sell: bid-0.01  tp=+50% sl=-50%
  b58 lab0058_s207_w2_1005_1045_r1  prem=$    68  real=$ +0.00  open=$-17.36  lots=1  [S207:OXYx1]
       buy: ask-0.01  sell: bid-0.01  tp=+50% sl=-50%
  b59 lab0059_s207_w2_1005_1045_r2  prem=$    68  real=$ +0.00  open=$-17.36  lots=1  [S207:OXYx1]
       buy: ask-0.01  sell: bid-0.01  tp=+50% sl=-50%
  b60 lab0060_s207_w3_1045_1120_r1  prem=$    70  real=$ +0.00  open=$-17.87  lots=1  [S207:OXYx1]
       buy: ask-0.01  sell: bid-0.01  tp=+50% sl=-50%
  b61 lab0061_s207_w3_1045_1120_r2  prem=$    70  real=$ +0.00  open=$-17.87  lots=1  [S207:OXYx1]
       buy: ask-0.01  sell: bid-0.01  tp=+50% sl=-50%
  b62 lab0062_s207_w4_1120_1135_r1  prem=$    72  real=$ +0.00  open=$-18.38  lots=1  [S207:OXYx1]
       buy: ask-0.01  sell: bid-0.01  tp=+50% sl=-50%
  b63 lab0063_s207_w4_1120_1135_r2  prem=$    72  real=$ +0.00  open=$-18.38  lots=1  [S207:OXYx1]
       buy: ask-0.01  sell: bid-0.01  tp=+50% sl=-50%
  b80 lab0080_s210_w1_0928_1005_r1  prem=$    28  real=$ +0.00  open=$ -2.07  lots=1  [S210:PATHx1]
       buy: ask-0.01  sell: bid-0.01  tp=+50% sl=-50%
  b81 lab0081_s210_w1_0928_1005_r2  prem=$    28  real=$ +0.00  open=$ -2.07  lots=1  [S210:PATHx1]
       buy: ask-0.01  sell: bid-0.01  tp=+50% sl=-50%
  b82 lab0082_s210_w2_1005_1045_r1  prem=$    28  real=$ +0.00  open=$ -2.07  lots=1  [S210:PATHx1]
       buy: ask-0.01  sell: bid-0.01  tp=+50% sl=-50%
  (205 more active bucket(s) omitted)
  (799 quiet bucket profile(s) — no trades yet)

Alpaca option positions
  AAPL260814C00330000  qty=6  cost=$358.50  return=-29.7%  open P&L=$-106.50
  AAPL260821C00335000  qty=4  cost=$256.00  return=-14.1%  open P&L=$-36.00
  DKNG260807C00025500  qty=4  cost=$170.00  return=-17.6%  open P&L=$-30.00
  MSFT260807C00520000  qty=1  cost=$53.00  return=-3.8%  open P&L=$-2.00
  NVDA260805C00217500  qty=18  cost=$511.00  return=-22.5%  open P&L=$-115.00
  NVDA260805C00220000  qty=4  cost=$74.00  return=-35.1%  open P&L=$-26.00
  NVDA260805C00222500  qty=2  cost=$30.00  return=-53.3%  open P&L=$-16.00
  NVDA260807C00217500  qty=2  cost=$99.33  return=+26.8%  open P&L=$+26.67
  NVDA260807C00220000  qty=2  cost=$72.00  return=+5.6%  open P&L=$+4.00
  NVDA260807C00222500  qty=2  cost=$68.00  return=-35.3%  open P&L=$-24.00
  NVDA260810C00225000  qty=4  cost=$138.00  return=-24.6%  open P&L=$-34.00
  OXY260807C00058000  qty=23  cost=$1,575.00  return=-25.5%  open P&L=$-402.00
  OXY260807C00059000  qty=4  cost=$190.00  return=-30.5%  open P&L=$-58.00
  OXY260807C00060000  qty=4  cost=$100.00  return=-24.0%  open P&L=$-24.00
  PATH260807C00013500  qty=8  cost=$216.00  return=-7.4%  open P&L=$-16.00
  T260807C00023000  qty=6  cost=$378.00  return=+11.1%  open P&L=$+42.00
  TSLA260805C00350000  qty=2  cost=$90.00  return=-31.1%  open P&L=$-28.00
  TTD260807P00017000  qty=4  cost=$220.00  return=+0.0%  open P&L=$+0.00
  UBER260807C00077000  qty=2  cost=$110.00  return=+16.4%  open P&L=$+18.00
  UBER260807C00078000  qty=6  cost=$302.00  return=-2.6%  open P&L=$-8.00

Per-bucket exit stats (all time)
  b0|orphan_reconcile     n= 26  avg=+27.8%  med=-57.5%  realized=$+6,460.91
  b104|c104_s164_w1_0928_1005_r4  n=  1  avg=-88.9%  med=-88.9%  realized=$-8.00
  b108|c108_s202_w3_1045_1120_r1  n=  1  avg=-33.3%  med=-33.3%  realized=$-1.00
  b109|c109_s202_w3_1045_1120_r2  n=  1  avg=-66.7%  med=-66.7%  realized=$-2.00
  b10|c010_s165_w3_1045_1120_r1  n=  8  avg=-37.2%  med=-18.9%  realized=$-205.00
  b112|lab0112_s212_w3_1045_1120_r1  n=  1  avg=-58.7%  med=-58.7%  realized=$-37.00
  b113|lab0113_s212_w3_1045_1120_r2  n=  1  avg=-71.4%  med=-71.4%  realized=$-45.00
  b114|lab0114_s212_w4_1120_1135_r1  n=  1  avg=-59.0%  med=-59.0%  realized=$-36.00
  b115|lab0115_s212_w4_1120_1135_r2  n=  1  avg=-54.1%  med=-54.1%  realized=$-33.00
  b132|c132_s164_w1_0928_1005_r5  n=  2  avg=-65.7%  med=-53.6%  realized=$-37.00
  b135|c135_s164_w4_1120_1135_r5  n=  1  avg=-50.0%  med=-50.0%  realized=$-4.00
  b16|lab0016_s202_w1_0928_1005_r1  n=  1  avg=-63.9%  med=-63.9%  realized=$-39.00
  b178|lab0178_s217_w1_0928_1005_r1  n=  1  avg=+66.0%  med=+66.0%  realized=$+31.00
  b179|lab0179_s217_w1_0928_1005_r2  n=  1  avg=+51.1%  med=+51.1%  realized=$+24.00
  b17|lab0017_s202_w1_0928_1005_r2  n=  1  avg=-65.6%  med=-65.6%  realized=$-40.00
  b180|lab0180_s217_w2_1005_1045_r1  n=  2  avg=+469.8%  med=+885.7%  realized=$+152.00
  b181|lab0181_s217_w2_1005_1045_r2  n=  2  avg=+538.4%  med=+1007.1%  realized=$+173.00
  b183|lab0183_s217_w3_1045_1120_r2  n=  1  avg=-55.0%  med=-55.0%  realized=$-22.00
  b18|lab0018_s202_w2_1005_1045_r1  n=  1  avg=-74.4%  med=-74.4%  realized=$-29.00
  b194|lab0194_s218_w2_1005_1045_r1  n=  1  avg=+235.7%  med=+235.7%  realized=$+33.00
  b195|lab0195_s218_w2_1005_1045_r2  n=  2  avg=+97.8%  med=+121.4%  realized=$+40.00
  b196|lab0196_s218_w3_1045_1120_r1  n=  1  avg=+906.2%  med=+906.2%  realized=$+145.00
  b197|lab0197_s218_w3_1045_1120_r2  n=  1  avg=+737.5%  med=+737.5%  realized=$+118.00
  b19|lab0019_s202_w2_1005_1045_r2  n=  1  avg=-56.4%  med=-56.4%  realized=$-22.00
  b20|c020_s164_w1_0928_1005_r1  n=  1  avg=-88.9%  med=-88.9%  realized=$-8.00
  b222|lab0222_s400_w2_1005_1045_r1  n=  1  avg=-50.0%  med=-50.0%  realized=$-4.00
  b223|lab0223_s400_w2_1005_1045_r2  n=  1  avg=-50.0%  med=-50.0%  realized=$-4.00
  b224|lab0224_s400_w3_1045_1120_r1  n=  1  avg=-66.7%  med=-66.7%  realized=$-10.00
  b225|lab0225_s400_w3_1045_1120_r2  n=  1  avg=-66.7%  med=-66.7%  realized=$-10.00
  b227|lab0227_s400_w4_1120_1135_r2  n=  1  avg=-22.2%  med=-22.2%  realized=$-2.00
  b234|lab0234_s401_w1_0928_1005_r1  n=  1  avg=+8.3%  med=+8.3%  realized=$+6.00
  b235|lab0235_s401_w1_0928_1005_r2  n=  2  avg=+67.3%  med=+80.6%  realized=$+85.00
  b236|c236_s218_w3_1045_1120_r1  n=  1  avg=-33.3%  med=-33.3%  realized=$-1.00
  b237|c237_s218_w3_1045_1120_r2  n=  1  avg=-66.7%  med=-66.7%  realized=$-2.00
  b238|lab0238_s401_w3_1045_1120_r1  n=  1  avg=+273.1%  med=+273.1%  realized=$+71.00
  b239|lab0239_s401_w3_1045_1120_r2  n=  1  avg=-39.0%  med=-39.0%  realized=$-23.00
  b240|lab0240_s401_w4_1120_1135_r1  n=  1  avg=+53.3%  med=+53.3%  realized=$+16.00
  b241|lab0241_s401_w4_1120_1135_r2  n=  1  avg=+66.7%  med=+66.7%  realized=$+20.00
  b262|lab0262_s403_w1_0928_1005_r1  n=  1  avg=+65.4%  med=+65.4%  realized=$+34.00
  b263|lab0263_s403_w1_0928_1005_r2  n=  1  avg=+50.0%  med=+50.0%  realized=$+26.00
  b269|lab0269_s403_w4_1120_1135_r2  n=  1  avg=+57.6%  med=+57.6%  realized=$+38.00
  b26|lab0026_s203_w2_1005_1045_r1  n=  1  avg=-53.3%  med=-53.3%  realized=$-24.00
  b276|lab0276_s350_w1_0928_1005_r1  n=  2  avg=+22.9%  med=+112.5%  realized=$+52.00
  b277|lab0277_s350_w1_0928_1005_r2  n=  2  avg=+47.9%  med=+162.5%  realized=$+76.00
  b278|lab0278_s350_w2_1005_1045_r1  n=  3  avg=+22.3%  med=+53.3%  realized=$-3.00
  b279|lab0279_s350_w2_1005_1045_r2  n=  3  avg=+46.6%  med=+94.1%  realized=$+34.00
  b27|lab0027_s203_w2_1005_1045_r2  n=  1  avg=-53.3%  med=-53.3%  realized=$-24.00
  b280|lab0280_s351_w1_0928_1005_r1  n=  1  avg=-91.7%  med=-91.7%  realized=$-44.00
  b281|lab0281_s351_w1_0928_1005_r2  n=  2  avg=+72.0%  med=+197.9%  realized=$+88.00
  b282|lab0282_s351_w2_1005_1045_r1  n=  1  avg=-58.8%  med=-58.8%  realized=$-30.00
  b283|lab0283_s351_w2_1005_1045_r2  n=  2  avg=-48.3%  med=-43.8%  realized=$-34.00
  b285|lab0285_s351_w3_1045_1120_r2  n=  1  avg=-33.3%  med=-33.3%  realized=$-1.00
  b286|lab0286_s351_w4_1120_1135_r1  n=  1  avg=-94.9%  med=-94.9%  realized=$-37.00
  b287|lab0287_s351_w4_1120_1135_r2  n=  2  avg=-44.4%  med=-40.0%  realized=$-21.00
  b288|lab0288_s352_w1_0928_1005_r1  n=  1  avg=+52.4%  med=+52.4%  realized=$+22.00
  b289|lab0289_s352_w1_0928_1005_r2  n=  1  avg=+47.6%  med=+47.6%  realized=$+20.00
  b28|c028_s165_w1_0928_1005_r2  n= 17  avg=+49.5%  med=+80.0%  realized=$+448.00
  b28|c028_s173_w1_0928_1005_r2  n=  5  avg=+51.6%  med=+80.0%  realized=$+142.00
  b28|lab0028_s203_w3_1045_1120_r1  n=  1  avg=-52.7%  med=-52.7%  realized=$-29.00
  b290|lab0290_s352_w2_1005_1045_r1  n=  1  avg=+38.9%  med=+38.9%  realized=$+14.00
  b291|lab0291_s352_w2_1005_1045_r2  n=  1  avg=+194.4%  med=+194.4%  realized=$+70.00
  b293|lab0293_s352_w3_1045_1120_r2  n=  1  avg=+90.0%  med=+90.0%  realized=$+18.00
  b296|lab0296_s353_w1_0928_1005_r1  n=  1  avg=+123.7%  med=+123.7%  realized=$+47.00
  b297|lab0297_s353_w1_0928_1005_r2  n=  1  avg=+79.0%  med=+79.0%  realized=$+30.00
  b298|lab0298_s353_w2_1005_1045_r1  n=  1  avg=-69.7%  med=-69.7%  realized=$-23.00
  b299|lab0299_s353_w2_1005_1045_r2  n=  1  avg=-72.7%  med=-72.7%  realized=$-24.00
  b29|c029_s165_w2_1005_1045_r2  n=  9  avg=-23.3%  med=-50.0%  realized=$-221.00
  b29|c029_s173_w2_1005_1045_r2  n=  2  avg=-69.3%  med=-48.5%  realized=$-78.00
  b29|lab0029_s203_w3_1045_1120_r2  n=  1  avg=-52.7%  med=-52.7%  realized=$-29.00
  b304|lab0304_s354_w1_0928_1005_r1  n=  1  avg=+93.6%  med=+93.6%  realized=$+44.00
  b305|lab0305_s354_w1_0928_1005_r2  n=  1  avg=+100.0%  med=+100.0%  realized=$+47.00
  b306|lab0306_s354_w2_1005_1045_r1  n=  1  avg=+138.6%  med=+138.6%  realized=$+61.00
  b307|lab0307_s354_w2_1005_1045_r2  n=  1  avg=+143.2%  med=+143.2%  realized=$+63.00
  b308|lab0308_s354_w3_1045_1120_r1  n=  1  avg=+220.8%  med=+220.8%  realized=$+106.00
  b309|lab0309_s354_w3_1045_1120_r2  n=  1  avg=+175.0%  med=+175.0%  realized=$+84.00
  b30|c030_s165_w3_1045_1120_r2  n=  9  avg=+38.8%  med=+0.0%  realized=$+260.00
  b30|c030_s173_w3_1045_1120_r2  n=  2  avg=-9.5%  med=+0.0%  realized=$-14.00
  b30|lab0030_s203_w4_1120_1135_r1  n=  1  avg=-51.2%  med=-51.2%  realized=$-21.00
  b310|lab0310_s354_w4_1120_1135_r1  n=  1  avg=+116.7%  med=+116.7%  realized=$+84.00
  b311|lab0311_s354_w4_1120_1135_r2  n=  1  avg=+290.5%  med=+290.5%  realized=$+122.00
  b312|lab0312_s355_w1_0928_1005_r1  n=  1  avg=+91.5%  med=+91.5%  realized=$+43.00
  b313|lab0313_s355_w1_0928_1005_r2  n=  1  avg=+85.1%  med=+85.1%  realized=$+40.00
  b314|lab0314_s355_w2_1005_1045_r1  n=  1  avg=+138.6%  med=+138.6%  realized=$+61.00
  b315|lab0315_s355_w2_1005_1045_r2  n=  1  avg=+95.5%  med=+95.5%  realized=$+42.00
  b316|lab0316_s355_w3_1045_1120_r1  n=  1  avg=+193.8%  med=+193.8%  realized=$+93.00
  b317|lab0317_s355_w3_1045_1120_r2  n=  1  avg=+187.5%  med=+187.5%  realized=$+90.00
  b318|lab0318_s355_w4_1120_1135_r1  n=  1  avg=+292.9%  med=+292.9%  realized=$+123.00
  b319|lab0319_s355_w4_1120_1135_r2  n=  1  avg=+328.6%  med=+328.6%  realized=$+138.00
  b31|c031_s165_w4_1120_1135_r2  n=  2  avg=+145.5%  med=+175.8%  realized=$+192.00
  b31|lab0031_s203_w4_1120_1135_r2  n=  1  avg=-46.3%  med=-46.3%  realized=$-19.00
  b320|lab0320_s356_w1_0928_1005_r1  n=  1  avg=+37.9%  med=+37.9%  realized=$+22.00
  b321|lab0321_s356_w1_0928_1005_r2  n=  1  avg=+58.6%  med=+58.6%  realized=$+34.00
  b328|lab0328_s357_w1_0928_1005_r1  n=  1  avg=+47.1%  med=+47.1%  realized=$+32.00
  b329|lab0329_s357_w1_0928_1005_r2  n=  1  avg=+47.1%  med=+47.1%  realized=$+32.00
  b344|lab0344_s359_w1_0928_1005_r1  n=  1  avg=+142.9%  med=+142.9%  realized=$+20.00
  b345|lab0345_s359_w1_0928_1005_r2  n=  1  avg=+228.6%  med=+228.6%  realized=$+32.00
  b346|lab0346_s359_w2_1005_1045_r1  n=  1  avg=+63.6%  med=+63.6%  realized=$+7.00
  b347|lab0347_s359_w2_1005_1045_r2  n=  1  avg=+54.5%  med=+54.5%  realized=$+6.00
  b350|lab0350_s360_w2_1005_1045_r1  n=  1  avg=+63.6%  med=+63.6%  realized=$+7.00
  b351|lab0351_s360_w2_1005_1045_r2  n=  1  avg=+54.5%  med=+54.5%  realized=$+6.00
  b352|lab0352_s360_w3_1045_1120_r1  n=  1  avg=-50.0%  med=-50.0%  realized=$-6.00
  b353|lab0353_s360_w3_1045_1120_r2  n=  1  avg=-50.0%  med=-50.0%  realized=$-6.00
  b354|lab0354_s360_w4_1120_1135_r1  n=  1  avg=-33.3%  med=-33.3%  realized=$-6.00
  b355|lab0355_s360_w4_1120_1135_r2  n=  2  avg=-55.2%  med=-54.8%  realized=$-33.00
  b364|lab0364_s361_w2_1005_1045_r1  n=  1  avg=+81.8%  med=+81.8%  realized=$+27.00
  b365|lab0365_s361_w2_1005_1045_r2  n=  1  avg=+55.9%  med=+55.9%  realized=$+19.00
  b376|lab0376_s362_w1_0928_1005_r1  n=  1  avg=+114.3%  med=+114.3%  realized=$+40.00
  b377|lab0377_s362_w1_0928_1005_r2  n=  1  avg=+122.9%  med=+122.9%  realized=$+43.00
  b378|lab0378_s362_w2_1005_1045_r1  n=  1  avg=+70.6%  med=+70.6%  realized=$+24.00
  b379|lab0379_s362_w2_1005_1045_r2  n=  1  avg=+38.2%  med=+38.2%  realized=$+13.00
  b390|lab0390_s363_w1_0928_1005_r1  n=  1  avg=+106.5%  med=+106.5%  realized=$+33.00
  b391|lab0391_s363_w1_0928_1005_r2  n=  1  avg=+103.2%  med=+103.2%  realized=$+32.00
  b392|lab0392_s363_w2_1005_1045_r1  n=  1  avg=+64.3%  med=+64.3%  realized=$+18.00
  b393|lab0393_s363_w2_1005_1045_r2  n=  1  avg=+60.7%  med=+60.7%  realized=$+17.00
  b405|lab0405_s364_w1_0928_1005_r2  n=  1  avg=+50.0%  med=+50.0%  realized=$+25.00
  b406|lab0406_s364_w2_1005_1045_r1  n=  1  avg=+60.0%  med=+60.0%  realized=$+30.00
  b407|lab0407_s364_w2_1005_1045_r2  n=  1  avg=+56.0%  med=+56.0%  realized=$+28.00
  b410|lab0410_s364_w4_1120_1135_r1  n=  1  avg=+233.3%  med=+233.3%  realized=$+84.00
  b411|lab0411_s364_w4_1120_1135_r2  n=  1  avg=+188.9%  med=+188.9%  realized=$+68.00
  b48|c048_s164_w1_0928_1005_r2  n=  5  avg=-33.1%  med=-49.1%  realized=$-91.00
  b48|c048_s165_w1_0928_1005_r3  n= 16  avg=-35.9%  med=-49.1%  realized=$-344.00
  b49|c049_s164_w2_1005_1045_r2  n=  4  avg=-51.8%  med=-44.0%  realized=$-133.00
  b49|c049_s165_w2_1005_1045_r3  n= 15  avg=-49.3%  med=-49.1%  realized=$-458.00
  b50|c050_s164_w3_1045_1120_r2  n=  4  avg=-39.6%  med=-16.7%  realized=$-115.00
  b50|c050_s165_w3_1045_1120_r3  n=  9  avg=-23.6%  med=-23.1%  realized=$-142.00
  b51|c051_s165_w4_1120_1135_r3  n=  1  avg=+263.6%  med=+263.6%  realized=$+174.00
  b56|g056_lim_tp20_sl65  n=  1  avg=+47.7%  med=+47.7%  realized=$+20.52
  b57|g057_mid_tp20_sl65  n=  1  avg=+47.7%  med=+47.7%  realized=$+20.52
  b58|g058_eod_tp20_sl65  n=  1  avg=+59.1%  med=+59.1%  realized=$+25.41
  b68|c068_s165_w1_0928_1005_r4  n= 16  avg=-51.3%  med=-49.1%  realized=$-446.00
  b68|c068_s166_w1_0928_1005_r3  n=  4  avg=-52.7%  med=-49.1%  realized=$-116.00
  b69|c069_s165_w2_1005_1045_r4  n= 11  avg=+19.0%  med=-43.6%  realized=$-179.00
  b69|c069_s166_w2_1005_1045_r3  n=  4  avg=+10.1%  med=-40.0%  realized=$-87.00
  b70|c070_s165_w3_1045_1120_r4  n= 11  avg=-2.1%  med=-16.9%  realized=$-6.00
  b70|c070_s166_w3_1045_1120_r3  n=  4  avg=-42.5%  med=-27.0%  realized=$-124.00
  b70|g070_eod_tp30_sl20  n=  1  avg=+59.1%  med=+59.1%  realized=$+27.77
  b76|c076_s164_w1_0928_1005_r3  n=  1  avg=-50.0%  med=-50.0%  realized=$-2.00
  b776|lab0776_s397_w1_0928_1005_r1  n=  1  avg=+40.4%  med=+40.4%  realized=$+23.00
  b777|lab0777_s397_w1_0928_1005_r2  n=  1  avg=+38.6%  med=+38.6%  realized=$+22.00
  b778|lab0778_s397_w2_1005_1045_r1  n=  1  avg=+51.4%  med=+51.4%  realized=$+37.00
  b779|lab0779_s397_w2_1005_1045_r2  n=  1  avg=+43.7%  med=+43.7%  realized=$+31.00
  b780|lab0780_s397_w3_1045_1120_r1  n=  1  avg=+114.8%  med=+114.8%  realized=$+70.00
  b781|lab0781_s397_w3_1045_1120_r2  n=  1  avg=+116.4%  med=+116.4%  realized=$+71.00
  b783|lab0783_s397_w4_1120_1135_r2  n=  1  avg=+151.6%  med=+151.6%  realized=$+94.00
  b784|lab0784_s398_w1_0928_1005_r1  n=  1  avg=+49.0%  med=+49.0%  realized=$+24.00
  b785|lab0785_s398_w1_0928_1005_r2  n=  1  avg=+49.0%  med=+49.0%  realized=$+24.00
  b786|lab0786_s398_w2_1005_1045_r1  n=  1  avg=+66.1%  med=+66.1%  realized=$+37.00
  b787|lab0787_s398_w2_1005_1045_r2  n=  1  avg=+78.6%  med=+78.6%  realized=$+44.00
  b788|lab0788_s398_w3_1045_1120_r1  n=  1  avg=+175.6%  med=+175.6%  realized=$+79.00
  b789|lab0789_s398_w3_1045_1120_r2  n=  1  avg=+157.8%  med=+157.8%  realized=$+71.00
  b790|lab0790_s398_w4_1120_1135_r1  n=  1  avg=+311.9%  med=+311.9%  realized=$+131.00
  b791|lab0791_s398_w4_1120_1135_r2  n=  1  avg=+338.1%  med=+338.1%  realized=$+142.00
  b792|lab0792_s399_w1_0928_1005_r1  n=  1  avg=+140.0%  med=+140.0%  realized=$+35.00
  b793|lab0793_s399_w1_0928_1005_r2  n=  1  avg=+52.6%  med=+52.6%  realized=$+20.00
  b794|lab0794_s399_w2_1005_1045_r1  n=  1  avg=+84.0%  med=+84.0%  realized=$+21.00
  b795|lab0795_s399_w2_1005_1045_r2  n=  1  avg=+92.0%  med=+92.0%  realized=$+23.00
  b798|lab0798_s399_w4_1120_1135_r1  n=  1  avg=+134.0%  med=+134.0%  realized=$+67.00
  b799|lab0799_s399_w4_1120_1135_r2  n=  1  avg=+186.5%  med=+186.5%  realized=$+69.00
  b800|lab0800_s404_w1_0928_1005_r1  n=  1  avg=+38.6%  med=+38.6%  realized=$+22.00
  b801|lab0801_s404_w1_0928_1005_r2  n=  1  avg=+31.6%  med=+31.6%  realized=$+18.00
  b802|lab0802_s404_w2_1005_1045_r1  n=  1  avg=+45.1%  med=+45.1%  realized=$+32.00
  b803|lab0803_s404_w2_1005_1045_r2  n=  1  avg=+46.3%  med=+46.3%  realized=$+31.00
  b804|lab0804_s404_w3_1045_1120_r1  n=  1  avg=+106.6%  med=+106.6%  realized=$+65.00
  b805|lab0805_s404_w3_1045_1120_r2  n=  1  avg=+86.9%  med=+86.9%  realized=$+53.00
  b806|lab0806_s404_w4_1120_1135_r1  n=  1  avg=+145.2%  med=+145.2%  realized=$+90.00
  b807|lab0807_s404_w4_1120_1135_r2  n=  1  avg=+124.2%  med=+124.2%  realized=$+77.00
  b814|lab0814_s405_w1_0928_1005_r1  n=  1  avg=+53.1%  med=+53.1%  realized=$+26.00
  b815|lab0815_s405_w1_0928_1005_r2  n=  1  avg=+46.9%  med=+46.9%  realized=$+23.00
  b816|lab0816_s405_w2_1005_1045_r1  n=  1  avg=+69.6%  med=+69.6%  realized=$+39.00
  b817|lab0817_s405_w2_1005_1045_r2  n=  1  avg=+57.1%  med=+57.1%  realized=$+32.00
  b818|lab0818_s405_w3_1045_1120_r1  n=  1  avg=+142.2%  med=+142.2%  realized=$+64.00
  b819|lab0819_s405_w3_1045_1120_r2  n=  1  avg=+122.2%  med=+122.2%  realized=$+55.00
  b820|lab0820_s405_w4_1120_1135_r1  n=  1  avg=+254.8%  med=+254.8%  realized=$+107.00
  b821|lab0821_s405_w4_1120_1135_r2  n=  1  avg=+242.9%  med=+242.9%  realized=$+102.00
  b828|lab0828_s406_w1_0928_1005_r1  n=  1  avg=+72.5%  med=+72.5%  realized=$+37.00
  b829|lab0829_s406_w1_0928_1005_r2  n=  1  avg=+68.6%  med=+68.6%  realized=$+35.00
  b834|lab0834_s406_w4_1120_1135_r1  n=  1  avg=+44.0%  med=+44.0%  realized=$+11.00
  b835|lab0835_s406_w4_1120_1135_r2  n=  1  avg=-56.0%  med=-56.0%  realized=$-14.00
  b842|lab0842_s407_w1_0928_1005_r1  n=  1  avg=+140.0%  med=+140.0%  realized=$+28.00
  b843|lab0843_s407_w1_0928_1005_r2  n=  1  avg=+125.0%  med=+125.0%  realized=$+25.00
  b844|lab0844_s407_w2_1005_1045_r1  n=  1  avg=+44.9%  med=+44.9%  realized=$+22.00
  b845|lab0845_s407_w2_1005_1045_r2  n=  1  avg=+38.8%  med=+38.8%  realized=$+19.00
  b848|lab0848_s407_w4_1120_1135_r1  n=  1  avg=-95.9%  med=-95.9%  realized=$-47.00
  b849|lab0849_s407_w4_1120_1135_r2  n=  1  avg=-66.7%  med=-66.7%  realized=$-2.00
  b858|lab0858_s408_w2_1005_1045_r1  n=  1  avg=+41.9%  med=+41.9%  realized=$+13.00
  b859|lab0859_s408_w2_1005_1045_r2  n=  1  avg=+45.2%  med=+45.2%  realized=$+14.00
  b88|c088_s165_w1_0928_1005_r5  n= 21  avg=-5.0%  med=-2.7%  realized=$-63.00
  b88|c088_s167_w1_0928_1005_r4  n=  4  avg=-12.7%  med=+30.9%  realized=$-28.00
  b89|c089_s165_w2_1005_1045_r5  n=  7  avg=+113.1%  med=+30.9%  realized=$+67.00
  b89|c089_s167_w2_1005_1045_r4  n=  2  avg=-16.2%  med=+30.9%  realized=$-22.00
  b8|c008_s165_w1_0928_1005_r1  n= 23  avg=-19.6%  med=-35.3%  realized=$-250.00
  b901|lab0901_s411_w2_1005_1045_r2  n=  1  avg=+36.1%  med=+36.1%  realized=$+22.00
  b902|lab0902_s411_w3_1045_1120_r1  n=  1  avg=+61.7%  med=+61.7%  realized=$+29.00
  b903|lab0903_s411_w3_1045_1120_r2  n=  1  avg=+57.5%  med=+57.5%  realized=$+27.00
  b905|lab0905_s411_w4_1120_1135_r2  n=  1  avg=+13.1%  med=+13.1%  realized=$+8.00
  b90|c090_s165_w3_1045_1120_r5  n= 13  avg=+7.7%  med=+0.0%  realized=$+47.00
  b90|c090_s167_w3_1045_1120_r4  n=  4  avg=-41.6%  med=-18.9%  realized=$-123.00
  b914|lab0914_s412_w2_1005_1045_r1  n=  1  avg=+117.7%  med=+117.7%  realized=$+40.00
  b915|lab0915_s412_w2_1005_1045_r2  n=  1  avg=+85.3%  med=+85.3%  realized=$+29.00
  b91|c091_s165_w4_1120_1135_r5  n=  2  avg=+222.0%  med=+247.0%  realized=$+293.00
  b94|lab0094_s211_w1_0928_1005_r1  n=  1  avg=-51.5%  med=-51.5%  realized=$-35.00
  b95|lab0095_s211_w1_0928_1005_r2  n=  1  avg=-57.4%  med=-57.4%  realized=$-39.00
  b97|lab0097_s211_w2_1005_1045_r2  n=  1  avg=-46.1%  med=-46.1%  realized=$-30.00
  b99|lab0099_s211_w3_1045_1120_r2  n=  1  avg=+52.8%  med=+52.8%  realized=$+28.00
  b9|c009_s165_w2_1005_1045_r1  n=  7  avg=-74.4%  med=-66.2%  realized=$-301.00
========================================================
+========================================================================+
|  OPTIONS BOT SUMMARY                                                   |
+------------------------------------------------------------------------+
|  Mode                          after_hours                             |
|  Equity                        $139,962.53                             |
|  Signals this run              0                                       |
|  Orders submitted (session)    0                                       |
|  Orders filled today (ledger)  0                                       |
|  Entries placed this run       0                                       |
|  Open virtual lots             105                                     |
|  Broker option positions       20                                      |
|  Unattributed contracts        1 (orphan reconcile)                    |
|  Pending orders                0                                       |
+========================================================================+
+========================================================================+
|  BUCKET LEADERBOARD (reflected ex-S173,S174)                           |
+------------------------------------------------------------------------+
|  Reflected trades=456  buckets=188  win=47%                            |
|  Returns   avg=+27.0%  med=-7.7%  p10=-64.9%  p90=+142.5%              |
|  Realized  $+9,411.13                                                  |
|  Raw incl dropped  trades=990  real=$+7,815.58                         |
+------------------------------------------------------------------------+
|  BKT PROFILE               N  WIN  AVG%   MED%   BEST%  REAL$          |
+------------------------------------------------------------------------+
|  b196 lab0196_s218_w3_10  1 100% +906.2 +906.2 +906.2 $   +145         |
|  b197 lab0197_s218_w3_10  1 100% +737.5 +737.5 +737.5 $   +118         |
|  b181 lab0181_s217_w2_10  2 100% +538.4 +538.4 +1007.1 $   +173        |
|  b180 lab0180_s217_w2_10  2 100% +469.8 +469.8 +885.7 $   +152         |
|  b791 lab0791_s398_w4_11  1 100% +338.1 +338.1 +338.1 $   +142         |
|  b319 lab0319_s355_w4_11  1 100% +328.6 +328.6 +328.6 $   +138         |
|  b790 lab0790_s398_w4_11  1 100% +311.9 +311.9 +311.9 $   +131         |
|  b318 lab0318_s355_w4_11  1 100% +292.9 +292.9 +292.9 $   +123         |
|  ... 180 more bucket(s) with exits                                     |
+------------------------------------------------------------------------+
|  Low  b848 lab0848_s407_w4_11  1   0% -95.9 -95.9 -95.9 $    -47       |
+========================================================================+
+========================================================================+
|  PENDING EXITS (1)                                                     |
+------------------------------------------------------------------------+
|  b863 S408 NVDA260805C00222500 x1 stop_loss (-53.3%)                   |
+========================================================================+
+========================================================================+
|  OPEN OPTIONS (20)                                                     |
+------------------------------------------------------------------------+
|  SYMBOL                      QTY    RET%        OPEN P&L               |
|------------------------------------------------------------------------|
|  OXY260807C00058000           23    -25.5%   $   -402.00               |
|  NVDA260805C00217500          18    -22.5%   $   -115.00               |
|  AAPL260814C00330000           6    -29.7%   $   -106.50               |
|  OXY260807C00059000            4    -30.5%   $    -58.00               |
|  T260807C00023000              6    +11.1%   $    +42.00               |
|  AAPL260821C00335000           4    -14.1%   $    -36.00               |
|  NVDA260810C00225000           4    -24.6%   $    -34.00               |
|  DKNG260807C00025500           4    -17.6%   $    -30.00               |
|  ... 12 more position(s)                                               |
+========================================================================+
Full detail: logs/options_trial/runs/2026-08-04.log
elapsed=1.1s reconcile=0.6s

=== 09:10:46 ET — after hours (exit summary) [elapsed=1.0s reconcile=0.5s] ===
=== options_morning_bot (PAPER) 2026-08-04T09:10:46.630035-04:00 ===

[Run context]
After hours (09:10 ET) — exit summary only.
Paper auth OK — equity $140061.81, account PA36KS87UPRS
  reconcile: layout changed controlled:100:c000_s173_w1_0928_1005_r1 -> controlled:1024:lab0000_s200_w1_0928_1005_r1

[Exit summary]
========================================================
OPTIONS EXIT SUMMARY — 2026-08-04
========================================================
Account equity: $140,061.81
Open broker positions: 20  unrealized $-834.83

No closed trades today.
========================================================

[Portfolio snapshot]
========================================================
OPTIONS TRIAL STATS
========================================================
Account equity: $140,061.81
Active buckets: 1024 of 1024 profiles ($500 virtual each) — paper unlimited mode

P&L summary
  Reflected (ex-S173,S174): $+9,411.13 all-time  |  $+0.00 today
  Raw (incl dropped):     $+7,815.58 all-time  |  $+0.00 today
  Open (not sold yet): $-819.12 unrealized (virtual lots)
                       $-834.83 unrealized (broker total)
  Premium deployed:    $5,059.37 in open positions
  Combined P&L:        $+8,592.01 (reflected realized + open virtual)

Ledger (master)
  Total events:     6691
  Today entries:    0
  Today exits (reflected): 0
  All-time exits (reflected): 456  wins 47%
  Avg return/trade: +27.0%  median -7.7%

Open virtual lots (by bucket)
  b0 lab0000_s200_w1_0928_1005_r1  prem=$   312  real=$ +0.00  open=$ +0.00  lots=6  [ORPHAN:OXYx2, ORPHAN:OXYx1, ORPHAN:NVDAx1, ORPHAN:NVDAx1 +2 more]
       buy: ask-0.01  sell: bid-0.01  tp=+50% sl=-50%
  b16 lab0016_s202_w1_0928_1005_r1  prem=$     0  real=$-39.00  open=$ +0.00  lots=0  [-]
       buy: ask-0.01  sell: bid-0.01  tp=+50% sl=-50%
  b17 lab0017_s202_w1_0928_1005_r2  prem=$     0  real=$-40.00  open=$ +0.00  lots=0  [-]
       buy: ask-0.01  sell: bid-0.01  tp=+50% sl=-50%
  b18 lab0018_s202_w2_1005_1045_r1  prem=$     0  real=$-29.00  open=$ +0.00  lots=0  [-]
       buy: ask-0.01  sell: bid-0.01  tp=+50% sl=-50%
  b19 lab0019_s202_w2_1005_1045_r2  prem=$     0  real=$-22.00  open=$ +0.00  lots=0  [-]
       buy: ask-0.01  sell: bid-0.01  tp=+50% sl=-50%
  b26 lab0026_s203_w2_1005_1045_r1  prem=$     0  real=$-24.00  open=$ +0.00  lots=0  [-]
       buy: ask-0.01  sell: bid-0.01  tp=+50% sl=-50%
  b27 lab0027_s203_w2_1005_1045_r2  prem=$     0  real=$-24.00  open=$ +0.00  lots=0  [-]
       buy: ask-0.01  sell: bid-0.01  tp=+50% sl=-50%
  b28 lab0028_s203_w3_1045_1120_r1  prem=$    51  real=$-29.00  open=$ +0.00  lots=1  [S203:TTDx1]
       buy: ask-0.01  sell: bid-0.01  tp=+50% sl=-50%
  b29 lab0029_s203_w3_1045_1120_r2  prem=$    51  real=$-29.00  open=$ +0.00  lots=1  [S203:TTDx1]
       buy: ask-0.01  sell: bid-0.01  tp=+50% sl=-50%
  b30 lab0030_s203_w4_1120_1135_r1  prem=$    59  real=$-21.00  open=$ +0.00  lots=1  [S203:TTDx1]
       buy: ask-0.01  sell: bid-0.01  tp=+50% sl=-50%
  b31 lab0031_s203_w4_1120_1135_r2  prem=$    59  real=$-19.00  open=$ +0.00  lots=1  [S203:TTDx1]
       buy: ask-0.01  sell: bid-0.01  tp=+50% sl=-50%
  b58 lab0058_s207_w2_1005_1045_r1  prem=$    68  real=$ +0.00  open=$-17.36  lots=1  [S207:OXYx1]
       buy: ask-0.01  sell: bid-0.01  tp=+50% sl=-50%
  b59 lab0059_s207_w2_1005_1045_r2  prem=$    68  real=$ +0.00  open=$-17.36  lots=1  [S207:OXYx1]
       buy: ask-0.01  sell: bid-0.01  tp=+50% sl=-50%
  b60 lab0060_s207_w3_1045_1120_r1  prem=$    70  real=$ +0.00  open=$-17.87  lots=1  [S207:OXYx1]
       buy: ask-0.01  sell: bid-0.01  tp=+50% sl=-50%
  b61 lab0061_s207_w3_1045_1120_r2  prem=$    70  real=$ +0.00  open=$-17.87  lots=1  [S207:OXYx1]
       buy: ask-0.01  sell: bid-0.01  tp=+50% sl=-50%
  b62 lab0062_s207_w4_1120_1135_r1  prem=$    72  real=$ +0.00  open=$-18.38  lots=1  [S207:OXYx1]
       buy: ask-0.01  sell: bid-0.01  tp=+50% sl=-50%
  b63 lab0063_s207_w4_1120_1135_r2  prem=$    72  real=$ +0.00  open=$-18.38  lots=1  [S207:OXYx1]
       buy: ask-0.01  sell: bid-0.01  tp=+50% sl=-50%
  b80 lab0080_s210_w1_0928_1005_r1  prem=$    28  real=$ +0.00  open=$ -2.07  lots=1  [S210:PATHx1]
       buy: ask-0.01  sell: bid-0.01  tp=+50% sl=-50%
  b81 lab0081_s210_w1_0928_1005_r2  prem=$    28  real=$ +0.00  open=$ -2.07  lots=1  [S210:PATHx1]
       buy: ask-0.01  sell: bid-0.01  tp=+50% sl=-50%
  b82 lab0082_s210_w2_1005_1045_r1  prem=$    28  real=$ +0.00  open=$ -2.07  lots=1  [S210:PATHx1]
       buy: ask-0.01  sell: bid-0.01  tp=+50% sl=-50%
  (205 more active bucket(s) omitted)
  (799 quiet bucket profile(s) — no trades yet)

Alpaca option positions
  AAPL260814C00330000  qty=6  cost=$358.50  return=-29.7%  open P&L=$-106.50
  AAPL260821C00335000  qty=4  cost=$256.00  return=-14.1%  open P&L=$-36.00
  DKNG260807C00025500  qty=4  cost=$170.00  return=-17.6%  open P&L=$-30.00
  MSFT260807C00520000  qty=1  cost=$53.00  return=-3.8%  open P&L=$-2.00
  NVDA260805C00217500  qty=18  cost=$511.00  return=-22.5%  open P&L=$-115.00
  NVDA260805C00220000  qty=4  cost=$74.00  return=-35.1%  open P&L=$-26.00
  NVDA260805C00222500  qty=2  cost=$30.00  return=-53.3%  open P&L=$-16.00
  NVDA260807C00217500  qty=2  cost=$99.33  return=+26.8%  open P&L=$+26.67
  NVDA260807C00220000  qty=2  cost=$72.00  return=+5.6%  open P&L=$+4.00
  NVDA260807C00222500  qty=2  cost=$68.00  return=-35.3%  open P&L=$-24.00
  NVDA260810C00225000  qty=4  cost=$138.00  return=-24.6%  open P&L=$-34.00
  OXY260807C00058000  qty=23  cost=$1,575.00  return=-25.5%  open P&L=$-402.00
  OXY260807C00059000  qty=4  cost=$190.00  return=-30.5%  open P&L=$-58.00
  OXY260807C00060000  qty=4  cost=$100.00  return=-24.0%  open P&L=$-24.00
  PATH260807C00013500  qty=8  cost=$216.00  return=-7.4%  open P&L=$-16.00
  T260807C00023000  qty=6  cost=$378.00  return=+11.1%  open P&L=$+42.00
  TSLA260805C00350000  qty=2  cost=$90.00  return=-31.1%  open P&L=$-28.00
  TTD260807P00017000  qty=4  cost=$220.00  return=+0.0%  open P&L=$+0.00
  UBER260807C00077000  qty=2  cost=$110.00  return=+16.4%  open P&L=$+18.00
  UBER260807C00078000  qty=6  cost=$302.00  return=-2.6%  open P&L=$-8.00

Per-bucket exit stats (all time)
  b0|orphan_reconcile     n= 26  avg=+27.8%  med=-57.5%  realized=$+6,460.91
  b104|c104_s164_w1_0928_1005_r4  n=  1  avg=-88.9%  med=-88.9%  realized=$-8.00
  b108|c108_s202_w3_1045_1120_r1  n=  1  avg=-33.3%  med=-33.3%  realized=$-1.00
  b109|c109_s202_w3_1045_1120_r2  n=  1  avg=-66.7%  med=-66.7%  realized=$-2.00
  b10|c010_s165_w3_1045_1120_r1  n=  8  avg=-37.2%  med=-18.9%  realized=$-205.00
  b112|lab0112_s212_w3_1045_1120_r1  n=  1  avg=-58.7%  med=-58.7%  realized=$-37.00
  b113|lab0113_s212_w3_1045_1120_r2  n=  1  avg=-71.4%  med=-71.4%  realized=$-45.00
  b114|lab0114_s212_w4_1120_1135_r1  n=  1  avg=-59.0%  med=-59.0%  realized=$-36.00
  b115|lab0115_s212_w4_1120_1135_r2  n=  1  avg=-54.1%  med=-54.1%  realized=$-33.00
  b132|c132_s164_w1_0928_1005_r5  n=  2  avg=-65.7%  med=-53.6%  realized=$-37.00
  b135|c135_s164_w4_1120_1135_r5  n=  1  avg=-50.0%  med=-50.0%  realized=$-4.00
  b16|lab0016_s202_w1_0928_1005_r1  n=  1  avg=-63.9%  med=-63.9%  realized=$-39.00
  b178|lab0178_s217_w1_0928_1005_r1  n=  1  avg=+66.0%  med=+66.0%  realized=$+31.00
  b179|lab0179_s217_w1_0928_1005_r2  n=  1  avg=+51.1%  med=+51.1%  realized=$+24.00
  b17|lab0017_s202_w1_0928_1005_r2  n=  1  avg=-65.6%  med=-65.6%  realized=$-40.00
  b180|lab0180_s217_w2_1005_1045_r1  n=  2  avg=+469.8%  med=+885.7%  realized=$+152.00
  b181|lab0181_s217_w2_1005_1045_r2  n=  2  avg=+538.4%  med=+1007.1%  realized=$+173.00
  b183|lab0183_s217_w3_1045_1120_r2  n=  1  avg=-55.0%  med=-55.0%  realized=$-22.00
  b18|lab0018_s202_w2_1005_1045_r1  n=  1  avg=-74.4%  med=-74.4%  realized=$-29.00
  b194|lab0194_s218_w2_1005_1045_r1  n=  1  avg=+235.7%  med=+235.7%  realized=$+33.00
  b195|lab0195_s218_w2_1005_1045_r2  n=  2  avg=+97.8%  med=+121.4%  realized=$+40.00
  b196|lab0196_s218_w3_1045_1120_r1  n=  1  avg=+906.2%  med=+906.2%  realized=$+145.00
  b197|lab0197_s218_w3_1045_1120_r2  n=  1  avg=+737.5%  med=+737.5%  realized=$+118.00
  b19|lab0019_s202_w2_1005_1045_r2  n=  1  avg=-56.4%  med=-56.4%  realized=$-22.00
  b20|c020_s164_w1_0928_1005_r1  n=  1  avg=-88.9%  med=-88.9%  realized=$-8.00
  b222|lab0222_s400_w2_1005_1045_r1  n=  1  avg=-50.0%  med=-50.0%  realized=$-4.00
  b223|lab0223_s400_w2_1005_1045_r2  n=  1  avg=-50.0%  med=-50.0%  realized=$-4.00
  b224|lab0224_s400_w3_1045_1120_r1  n=  1  avg=-66.7%  med=-66.7%  realized=$-10.00
  b225|lab0225_s400_w3_1045_1120_r2  n=  1  avg=-66.7%  med=-66.7%  realized=$-10.00
  b227|lab0227_s400_w4_1120_1135_r2  n=  1  avg=-22.2%  med=-22.2%  realized=$-2.00
  b234|lab0234_s401_w1_0928_1005_r1  n=  1  avg=+8.3%  med=+8.3%  realized=$+6.00
  b235|lab0235_s401_w1_0928_1005_r2  n=  2  avg=+67.3%  med=+80.6%  realized=$+85.00
  b236|c236_s218_w3_1045_1120_r1  n=  1  avg=-33.3%  med=-33.3%  realized=$-1.00
  b237|c237_s218_w3_1045_1120_r2  n=  1  avg=-66.7%  med=-66.7%  realized=$-2.00
  b238|lab0238_s401_w3_1045_1120_r1  n=  1  avg=+273.1%  med=+273.1%  realized=$+71.00
  b239|lab0239_s401_w3_1045_1120_r2  n=  1  avg=-39.0%  med=-39.0%  realized=$-23.00
  b240|lab0240_s401_w4_1120_1135_r1  n=  1  avg=+53.3%  med=+53.3%  realized=$+16.00
  b241|lab0241_s401_w4_1120_1135_r2  n=  1  avg=+66.7%  med=+66.7%  realized=$+20.00
  b262|lab0262_s403_w1_0928_1005_r1  n=  1  avg=+65.4%  med=+65.4%  realized=$+34.00
  b263|lab0263_s403_w1_0928_1005_r2  n=  1  avg=+50.0%  med=+50.0%  realized=$+26.00
  b269|lab0269_s403_w4_1120_1135_r2  n=  1  avg=+57.6%  med=+57.6%  realized=$+38.00
  b26|lab0026_s203_w2_1005_1045_r1  n=  1  avg=-53.3%  med=-53.3%  realized=$-24.00
  b276|lab0276_s350_w1_0928_1005_r1  n=  2  avg=+22.9%  med=+112.5%  realized=$+52.00
  b277|lab0277_s350_w1_0928_1005_r2  n=  2  avg=+47.9%  med=+162.5%  realized=$+76.00
  b278|lab0278_s350_w2_1005_1045_r1  n=  3  avg=+22.3%  med=+53.3%  realized=$-3.00
  b279|lab0279_s350_w2_1005_1045_r2  n=  3  avg=+46.6%  med=+94.1%  realized=$+34.00
  b27|lab0027_s203_w2_1005_1045_r2  n=  1  avg=-53.3%  med=-53.3%  realized=$-24.00
  b280|lab0280_s351_w1_0928_1005_r1  n=  1  avg=-91.7%  med=-91.7%  realized=$-44.00
  b281|lab0281_s351_w1_0928_1005_r2  n=  2  avg=+72.0%  med=+197.9%  realized=$+88.00
  b282|lab0282_s351_w2_1005_1045_r1  n=  1  avg=-58.8%  med=-58.8%  realized=$-30.00
  b283|lab0283_s351_w2_1005_1045_r2  n=  2  avg=-48.3%  med=-43.8%  realized=$-34.00
  b285|lab0285_s351_w3_1045_1120_r2  n=  1  avg=-33.3%  med=-33.3%  realized=$-1.00
  b286|lab0286_s351_w4_1120_1135_r1  n=  1  avg=-94.9%  med=-94.9%  realized=$-37.00
  b287|lab0287_s351_w4_1120_1135_r2  n=  2  avg=-44.4%  med=-40.0%  realized=$-21.00
  b288|lab0288_s352_w1_0928_1005_r1  n=  1  avg=+52.4%  med=+52.4%  realized=$+22.00
  b289|lab0289_s352_w1_0928_1005_r2  n=  1  avg=+47.6%  med=+47.6%  realized=$+20.00
  b28|c028_s165_w1_0928_1005_r2  n= 17  avg=+49.5%  med=+80.0%  realized=$+448.00
  b28|c028_s173_w1_0928_1005_r2  n=  5  avg=+51.6%  med=+80.0%  realized=$+142.00
  b28|lab0028_s203_w3_1045_1120_r1  n=  1  avg=-52.7%  med=-52.7%  realized=$-29.00
  b290|lab0290_s352_w2_1005_1045_r1  n=  1  avg=+38.9%  med=+38.9%  realized=$+14.00
  b291|lab0291_s352_w2_1005_1045_r2  n=  1  avg=+194.4%  med=+194.4%  realized=$+70.00
  b293|lab0293_s352_w3_1045_1120_r2  n=  1  avg=+90.0%  med=+90.0%  realized=$+18.00
  b296|lab0296_s353_w1_0928_1005_r1  n=  1  avg=+123.7%  med=+123.7%  realized=$+47.00
  b297|lab0297_s353_w1_0928_1005_r2  n=  1  avg=+79.0%  med=+79.0%  realized=$+30.00
  b298|lab0298_s353_w2_1005_1045_r1  n=  1  avg=-69.7%  med=-69.7%  realized=$-23.00
  b299|lab0299_s353_w2_1005_1045_r2  n=  1  avg=-72.7%  med=-72.7%  realized=$-24.00
  b29|c029_s165_w2_1005_1045_r2  n=  9  avg=-23.3%  med=-50.0%  realized=$-221.00
  b29|c029_s173_w2_1005_1045_r2  n=  2  avg=-69.3%  med=-48.5%  realized=$-78.00
  b29|lab0029_s203_w3_1045_1120_r2  n=  1  avg=-52.7%  med=-52.7%  realized=$-29.00
  b304|lab0304_s354_w1_0928_1005_r1  n=  1  avg=+93.6%  med=+93.6%  realized=$+44.00
  b305|lab0305_s354_w1_0928_1005_r2  n=  1  avg=+100.0%  med=+100.0%  realized=$+47.00
  b306|lab0306_s354_w2_1005_1045_r1  n=  1  avg=+138.6%  med=+138.6%  realized=$+61.00
  b307|lab0307_s354_w2_1005_1045_r2  n=  1  avg=+143.2%  med=+143.2%  realized=$+63.00
  b308|lab0308_s354_w3_1045_1120_r1  n=  1  avg=+220.8%  med=+220.8%  realized=$+106.00
  b309|lab0309_s354_w3_1045_1120_r2  n=  1  avg=+175.0%  med=+175.0%  realized=$+84.00
  b30|c030_s165_w3_1045_1120_r2  n=  9  avg=+38.8%  med=+0.0%  realized=$+260.00
  b30|c030_s173_w3_1045_1120_r2  n=  2  avg=-9.5%  med=+0.0%  realized=$-14.00
  b30|lab0030_s203_w4_1120_1135_r1  n=  1  avg=-51.2%  med=-51.2%  realized=$-21.00
  b310|lab0310_s354_w4_1120_1135_r1  n=  1  avg=+116.7%  med=+116.7%  realized=$+84.00
  b311|lab0311_s354_w4_1120_1135_r2  n=  1  avg=+290.5%  med=+290.5%  realized=$+122.00
  b312|lab0312_s355_w1_0928_1005_r1  n=  1  avg=+91.5%  med=+91.5%  realized=$+43.00
  b313|lab0313_s355_w1_0928_1005_r2  n=  1  avg=+85.1%  med=+85.1%  realized=$+40.00
  b314|lab0314_s355_w2_1005_1045_r1  n=  1  avg=+138.6%  med=+138.6%  realized=$+61.00
  b315|lab0315_s355_w2_1005_1045_r2  n=  1  avg=+95.5%  med=+95.5%  realized=$+42.00
  b316|lab0316_s355_w3_1045_1120_r1  n=  1  avg=+193.8%  med=+193.8%  realized=$+93.00
  b317|lab0317_s355_w3_1045_1120_r2  n=  1  avg=+187.5%  med=+187.5%  realized=$+90.00
  b318|lab0318_s355_w4_1120_1135_r1  n=  1  avg=+292.9%  med=+292.9%  realized=$+123.00
  b319|lab0319_s355_w4_1120_1135_r2  n=  1  avg=+328.6%  med=+328.6%  realized=$+138.00
  b31|c031_s165_w4_1120_1135_r2  n=  2  avg=+145.5%  med=+175.8%  realized=$+192.00
  b31|lab0031_s203_w4_1120_1135_r2  n=  1  avg=-46.3%  med=-46.3%  realized=$-19.00
  b320|lab0320_s356_w1_0928_1005_r1  n=  1  avg=+37.9%  med=+37.9%  realized=$+22.00
  b321|lab0321_s356_w1_0928_1005_r2  n=  1  avg=+58.6%  med=+58.6%  realized=$+34.00
  b328|lab0328_s357_w1_0928_1005_r1  n=  1  avg=+47.1%  med=+47.1%  realized=$+32.00
  b329|lab0329_s357_w1_0928_1005_r2  n=  1  avg=+47.1%  med=+47.1%  realized=$+32.00
  b344|lab0344_s359_w1_0928_1005_r1  n=  1  avg=+142.9%  med=+142.9%  realized=$+20.00
  b345|lab0345_s359_w1_0928_1005_r2  n=  1  avg=+228.6%  med=+228.6%  realized=$+32.00
  b346|lab0346_s359_w2_1005_1045_r1  n=  1  avg=+63.6%  med=+63.6%  realized=$+7.00
  b347|lab0347_s359_w2_1005_1045_r2  n=  1  avg=+54.5%  med=+54.5%  realized=$+6.00
  b350|lab0350_s360_w2_1005_1045_r1  n=  1  avg=+63.6%  med=+63.6%  realized=$+7.00
  b351|lab0351_s360_w2_1005_1045_r2  n=  1  avg=+54.5%  med=+54.5%  realized=$+6.00
  b352|lab0352_s360_w3_1045_1120_r1  n=  1  avg=-50.0%  med=-50.0%  realized=$-6.00
  b353|lab0353_s360_w3_1045_1120_r2  n=  1  avg=-50.0%  med=-50.0%  realized=$-6.00
  b354|lab0354_s360_w4_1120_1135_r1  n=  1  avg=-33.3%  med=-33.3%  realized=$-6.00
  b355|lab0355_s360_w4_1120_1135_r2  n=  2  avg=-55.2%  med=-54.8%  realized=$-33.00
  b364|lab0364_s361_w2_1005_1045_r1  n=  1  avg=+81.8%  med=+81.8%  realized=$+27.00
  b365|lab0365_s361_w2_1005_1045_r2  n=  1  avg=+55.9%  med=+55.9%  realized=$+19.00
  b376|lab0376_s362_w1_0928_1005_r1  n=  1  avg=+114.3%  med=+114.3%  realized=$+40.00
  b377|lab0377_s362_w1_0928_1005_r2  n=  1  avg=+122.9%  med=+122.9%  realized=$+43.00
  b378|lab0378_s362_w2_1005_1045_r1  n=  1  avg=+70.6%  med=+70.6%  realized=$+24.00
  b379|lab0379_s362_w2_1005_1045_r2  n=  1  avg=+38.2%  med=+38.2%  realized=$+13.00
  b390|lab0390_s363_w1_0928_1005_r1  n=  1  avg=+106.5%  med=+106.5%  realized=$+33.00
  b391|lab0391_s363_w1_0928_1005_r2  n=  1  avg=+103.2%  med=+103.2%  realized=$+32.00
  b392|lab0392_s363_w2_1005_1045_r1  n=  1  avg=+64.3%  med=+64.3%  realized=$+18.00
  b393|lab0393_s363_w2_1005_1045_r2  n=  1  avg=+60.7%  med=+60.7%  realized=$+17.00
  b405|lab0405_s364_w1_0928_1005_r2  n=  1  avg=+50.0%  med=+50.0%  realized=$+25.00
  b406|lab0406_s364_w2_1005_1045_r1  n=  1  avg=+60.0%  med=+60.0%  realized=$+30.00
  b407|lab0407_s364_w2_1005_1045_r2  n=  1  avg=+56.0%  med=+56.0%  realized=$+28.00
  b410|lab0410_s364_w4_1120_1135_r1  n=  1  avg=+233.3%  med=+233.3%  realized=$+84.00
  b411|lab0411_s364_w4_1120_1135_r2  n=  1  avg=+188.9%  med=+188.9%  realized=$+68.00
  b48|c048_s164_w1_0928_1005_r2  n=  5  avg=-33.1%  med=-49.1%  realized=$-91.00
  b48|c048_s165_w1_0928_1005_r3  n= 16  avg=-35.9%  med=-49.1%  realized=$-344.00
  b49|c049_s164_w2_1005_1045_r2  n=  4  avg=-51.8%  med=-44.0%  realized=$-133.00
  b49|c049_s165_w2_1005_1045_r3  n= 15  avg=-49.3%  med=-49.1%  realized=$-458.00
  b50|c050_s164_w3_1045_1120_r2  n=  4  avg=-39.6%  med=-16.7%  realized=$-115.00
  b50|c050_s165_w3_1045_1120_r3  n=  9  avg=-23.6%  med=-23.1%  realized=$-142.00
  b51|c051_s165_w4_1120_1135_r3  n=  1  avg=+263.6%  med=+263.6%  realized=$+174.00
  b56|g056_lim_tp20_sl65  n=  1  avg=+47.7%  med=+47.7%  realized=$+20.52
  b57|g057_mid_tp20_sl65  n=  1  avg=+47.7%  med=+47.7%  realized=$+20.52
  b58|g058_eod_tp20_sl65  n=  1  avg=+59.1%  med=+59.1%  realized=$+25.41
  b68|c068_s165_w1_0928_1005_r4  n= 16  avg=-51.3%  med=-49.1%  realized=$-446.00
  b68|c068_s166_w1_0928_1005_r3  n=  4  avg=-52.7%  med=-49.1%  realized=$-116.00
  b69|c069_s165_w2_1005_1045_r4  n= 11  avg=+19.0%  med=-43.6%  realized=$-179.00
  b69|c069_s166_w2_1005_1045_r3  n=  4  avg=+10.1%  med=-40.0%  realized=$-87.00
  b70|c070_s165_w3_1045_1120_r4  n= 11  avg=-2.1%  med=-16.9%  realized=$-6.00
  b70|c070_s166_w3_1045_1120_r3  n=  4  avg=-42.5%  med=-27.0%  realized=$-124.00
  b70|g070_eod_tp30_sl20  n=  1  avg=+59.1%  med=+59.1%  realized=$+27.77
  b76|c076_s164_w1_0928_1005_r3  n=  1  avg=-50.0%  med=-50.0%  realized=$-2.00
  b776|lab0776_s397_w1_0928_1005_r1  n=  1  avg=+40.4%  med=+40.4%  realized=$+23.00
  b777|lab0777_s397_w1_0928_1005_r2  n=  1  avg=+38.6%  med=+38.6%  realized=$+22.00
  b778|lab0778_s397_w2_1005_1045_r1  n=  1  avg=+51.4%  med=+51.4%  realized=$+37.00
  b779|lab0779_s397_w2_1005_1045_r2  n=  1  avg=+43.7%  med=+43.7%  realized=$+31.00
  b780|lab0780_s397_w3_1045_1120_r1  n=  1  avg=+114.8%  med=+114.8%  realized=$+70.00
  b781|lab0781_s397_w3_1045_1120_r2  n=  1  avg=+116.4%  med=+116.4%  realized=$+71.00
  b783|lab0783_s397_w4_1120_1135_r2  n=  1  avg=+151.6%  med=+151.6%  realized=$+94.00
  b784|lab0784_s398_w1_0928_1005_r1  n=  1  avg=+49.0%  med=+49.0%  realized=$+24.00
  b785|lab0785_s398_w1_0928_1005_r2  n=  1  avg=+49.0%  med=+49.0%  realized=$+24.00
  b786|lab0786_s398_w2_1005_1045_r1  n=  1  avg=+66.1%  med=+66.1%  realized=$+37.00
  b787|lab0787_s398_w2_1005_1045_r2  n=  1  avg=+78.6%  med=+78.6%  realized=$+44.00
  b788|lab0788_s398_w3_1045_1120_r1  n=  1  avg=+175.6%  med=+175.6%  realized=$+79.00
  b789|lab0789_s398_w3_1045_1120_r2  n=  1  avg=+157.8%  med=+157.8%  realized=$+71.00
  b790|lab0790_s398_w4_1120_1135_r1  n=  1  avg=+311.9%  med=+311.9%  realized=$+131.00
  b791|lab0791_s398_w4_1120_1135_r2  n=  1  avg=+338.1%  med=+338.1%  realized=$+142.00
  b792|lab0792_s399_w1_0928_1005_r1  n=  1  avg=+140.0%  med=+140.0%  realized=$+35.00
  b793|lab0793_s399_w1_0928_1005_r2  n=  1  avg=+52.6%  med=+52.6%  realized=$+20.00
  b794|lab0794_s399_w2_1005_1045_r1  n=  1  avg=+84.0%  med=+84.0%  realized=$+21.00
  b795|lab0795_s399_w2_1005_1045_r2  n=  1  avg=+92.0%  med=+92.0%  realized=$+23.00
  b798|lab0798_s399_w4_1120_1135_r1  n=  1  avg=+134.0%  med=+134.0%  realized=$+67.00
  b799|lab0799_s399_w4_1120_1135_r2  n=  1  avg=+186.5%  med=+186.5%  realized=$+69.00
  b800|lab0800_s404_w1_0928_1005_r1  n=  1  avg=+38.6%  med=+38.6%  realized=$+22.00
  b801|lab0801_s404_w1_0928_1005_r2  n=  1  avg=+31.6%  med=+31.6%  realized=$+18.00
  b802|lab0802_s404_w2_1005_1045_r1  n=  1  avg=+45.1%  med=+45.1%  realized=$+32.00
  b803|lab0803_s404_w2_1005_1045_r2  n=  1  avg=+46.3%  med=+46.3%  realized=$+31.00
  b804|lab0804_s404_w3_1045_1120_r1  n=  1  avg=+106.6%  med=+106.6%  realized=$+65.00
  b805|lab0805_s404_w3_1045_1120_r2  n=  1  avg=+86.9%  med=+86.9%  realized=$+53.00
  b806|lab0806_s404_w4_1120_1135_r1  n=  1  avg=+145.2%  med=+145.2%  realized=$+90.00
  b807|lab0807_s404_w4_1120_1135_r2  n=  1  avg=+124.2%  med=+124.2%  realized=$+77.00
  b814|lab0814_s405_w1_0928_1005_r1  n=  1  avg=+53.1%  med=+53.1%  realized=$+26.00
  b815|lab0815_s405_w1_0928_1005_r2  n=  1  avg=+46.9%  med=+46.9%  realized=$+23.00
  b816|lab0816_s405_w2_1005_1045_r1  n=  1  avg=+69.6%  med=+69.6%  realized=$+39.00
  b817|lab0817_s405_w2_1005_1045_r2  n=  1  avg=+57.1%  med=+57.1%  realized=$+32.00
  b818|lab0818_s405_w3_1045_1120_r1  n=  1  avg=+142.2%  med=+142.2%  realized=$+64.00
  b819|lab0819_s405_w3_1045_1120_r2  n=  1  avg=+122.2%  med=+122.2%  realized=$+55.00
  b820|lab0820_s405_w4_1120_1135_r1  n=  1  avg=+254.8%  med=+254.8%  realized=$+107.00
  b821|lab0821_s405_w4_1120_1135_r2  n=  1  avg=+242.9%  med=+242.9%  realized=$+102.00
  b828|lab0828_s406_w1_0928_1005_r1  n=  1  avg=+72.5%  med=+72.5%  realized=$+37.00
  b829|lab0829_s406_w1_0928_1005_r2  n=  1  avg=+68.6%  med=+68.6%  realized=$+35.00
  b834|lab0834_s406_w4_1120_1135_r1  n=  1  avg=+44.0%  med=+44.0%  realized=$+11.00
  b835|lab0835_s406_w4_1120_1135_r2  n=  1  avg=-56.0%  med=-56.0%  realized=$-14.00
  b842|lab0842_s407_w1_0928_1005_r1  n=  1  avg=+140.0%  med=+140.0%  realized=$+28.00
  b843|lab0843_s407_w1_0928_1005_r2  n=  1  avg=+125.0%  med=+125.0%  realized=$+25.00
  b844|lab0844_s407_w2_1005_1045_r1  n=  1  avg=+44.9%  med=+44.9%  realized=$+22.00
  b845|lab0845_s407_w2_1005_1045_r2  n=  1  avg=+38.8%  med=+38.8%  realized=$+19.00
  b848|lab0848_s407_w4_1120_1135_r1  n=  1  avg=-95.9%  med=-95.9%  realized=$-47.00
  b849|lab0849_s407_w4_1120_1135_r2  n=  1  avg=-66.7%  med=-66.7%  realized=$-2.00
  b858|lab0858_s408_w2_1005_1045_r1  n=  1  avg=+41.9%  med=+41.9%  realized=$+13.00
  b859|lab0859_s408_w2_1005_1045_r2  n=  1  avg=+45.2%  med=+45.2%  realized=$+14.00
  b88|c088_s165_w1_0928_1005_r5  n= 21  avg=-5.0%  med=-2.7%  realized=$-63.00
  b88|c088_s167_w1_0928_1005_r4  n=  4  avg=-12.7%  med=+30.9%  realized=$-28.00
  b89|c089_s165_w2_1005_1045_r5  n=  7  avg=+113.1%  med=+30.9%  realized=$+67.00
  b89|c089_s167_w2_1005_1045_r4  n=  2  avg=-16.2%  med=+30.9%  realized=$-22.00
  b8|c008_s165_w1_0928_1005_r1  n= 23  avg=-19.6%  med=-35.3%  realized=$-250.00
  b901|lab0901_s411_w2_1005_1045_r2  n=  1  avg=+36.1%  med=+36.1%  realized=$+22.00
  b902|lab0902_s411_w3_1045_1120_r1  n=  1  avg=+61.7%  med=+61.7%  realized=$+29.00
  b903|lab0903_s411_w3_1045_1120_r2  n=  1  avg=+57.5%  med=+57.5%  realized=$+27.00
  b905|lab0905_s411_w4_1120_1135_r2  n=  1  avg=+13.1%  med=+13.1%  realized=$+8.00
  b90|c090_s165_w3_1045_1120_r5  n= 13  avg=+7.7%  med=+0.0%  realized=$+47.00
  b90|c090_s167_w3_1045_1120_r4  n=  4  avg=-41.6%  med=-18.9%  realized=$-123.00
  b914|lab0914_s412_w2_1005_1045_r1  n=  1  avg=+117.7%  med=+117.7%  realized=$+40.00
  b915|lab0915_s412_w2_1005_1045_r2  n=  1  avg=+85.3%  med=+85.3%  realized=$+29.00
  b91|c091_s165_w4_1120_1135_r5  n=  2  avg=+222.0%  med=+247.0%  realized=$+293.00
  b94|lab0094_s211_w1_0928_1005_r1  n=  1  avg=-51.5%  med=-51.5%  realized=$-35.00
  b95|lab0095_s211_w1_0928_1005_r2  n=  1  avg=-57.4%  med=-57.4%  realized=$-39.00
  b97|lab0097_s211_w2_1005_1045_r2  n=  1  avg=-46.1%  med=-46.1%  realized=$-30.00
  b99|lab0099_s211_w3_1045_1120_r2  n=  1  avg=+52.8%  med=+52.8%  realized=$+28.00
  b9|c009_s165_w2_1005_1045_r1  n=  7  avg=-74.4%  med=-66.2%  realized=$-301.00
========================================================
+========================================================================+
|  OPTIONS BOT SUMMARY                                                   |
+------------------------------------------------------------------------+
|  Mode                          after_hours                             |
|  Equity                        $140,061.81                             |
|  Signals this run              0                                       |
|  Orders submitted (session)    0                                       |
|  Orders filled today (ledger)  0                                       |
|  Entries placed this run       0                                       |
|  Open virtual lots             105                                     |
|  Broker option positions       20                                      |
|  Unattributed contracts        1 (orphan reconcile)                    |
|  Pending orders                0                                       |
+========================================================================+
+========================================================================+
|  BUCKET LEADERBOARD (reflected ex-S173,S174)                           |
+------------------------------------------------------------------------+
|  Reflected trades=456  buckets=188  win=47%                            |
|  Returns   avg=+27.0%  med=-7.7%  p10=-64.9%  p90=+142.5%              |
|  Realized  $+9,411.13                                                  |
|  Raw incl dropped  trades=990  real=$+7,815.58                         |
+------------------------------------------------------------------------+
|  BKT PROFILE               N  WIN  AVG%   MED%   BEST%  REAL$          |
+------------------------------------------------------------------------+
|  b196 lab0196_s218_w3_10  1 100% +906.2 +906.2 +906.2 $   +145         |
|  b197 lab0197_s218_w3_10  1 100% +737.5 +737.5 +737.5 $   +118         |
|  b181 lab0181_s217_w2_10  2 100% +538.4 +538.4 +1007.1 $   +173        |
|  b180 lab0180_s217_w2_10  2 100% +469.8 +469.8 +885.7 $   +152         |
|  b791 lab0791_s398_w4_11  1 100% +338.1 +338.1 +338.1 $   +142         |
|  b319 lab0319_s355_w4_11  1 100% +328.6 +328.6 +328.6 $   +138         |
|  b790 lab0790_s398_w4_11  1 100% +311.9 +311.9 +311.9 $   +131         |
|  b318 lab0318_s355_w4_11  1 100% +292.9 +292.9 +292.9 $   +123         |
|  ... 180 more bucket(s) with exits                                     |
+------------------------------------------------------------------------+
|  Low  b848 lab0848_s407_w4_11  1   0% -95.9 -95.9 -95.9 $    -47       |
+========================================================================+
+========================================================================+
|  PENDING EXITS (1)                                                     |
+------------------------------------------------------------------------+
|  b863 S408 NVDA260805C00222500 x1 stop_loss (-53.3%)                   |
+========================================================================+
+========================================================================+
|  OPEN OPTIONS (20)                                                     |
+------------------------------------------------------------------------+
|  SYMBOL                      QTY    RET%        OPEN P&L               |
|------------------------------------------------------------------------|
|  OXY260807C00058000           23    -25.5%   $   -402.00               |
|  NVDA260805C00217500          18    -22.5%   $   -115.00               |
|  AAPL260814C00330000           6    -29.7%   $   -106.50               |
|  OXY260807C00059000            4    -30.5%   $    -58.00               |
|  T260807C00023000              6    +11.1%   $    +42.00               |
|  AAPL260821C00335000           4    -14.1%   $    -36.00               |
|  NVDA260810C00225000           4    -24.6%   $    -34.00               |
|  DKNG260807C00025500           4    -17.6%   $    -30.00               |
|  ... 12 more position(s)                                               |
+========================================================================+
Full detail: logs/options_trial/runs/2026-08-04.log
elapsed=1.0s reconcile=0.5s

=== 09:15:51 ET — after hours (exit summary) [elapsed=0.5s reconcile=0.12s] ===
=== options_morning_bot (PAPER) 2026-08-04T09:15:51.645983-04:00 ===

[Run context]
After hours (09:15 ET) — exit summary only.
Paper auth OK — equity $140278.89, account PA36KS87UPRS
  reconcile: layout changed controlled:100:c000_s173_w1_0928_1005_r1 -> controlled:1024:lab0000_s200_w1_0928_1005_r1

[Exit summary]
========================================================
OPTIONS EXIT SUMMARY — 2026-08-04
========================================================
Account equity: $140,278.89
Open broker positions: 20  unrealized $-834.83

No closed trades today.
========================================================

[Portfolio snapshot]
========================================================
OPTIONS TRIAL STATS
========================================================
Account equity: $140,278.89
Active buckets: 1024 of 1024 profiles ($500 virtual each) — paper unlimited mode

P&L summary
  Reflected (ex-S173,S174): $+9,411.13 all-time  |  $+0.00 today
  Raw (incl dropped):     $+7,815.58 all-time  |  $+0.00 today
  Open (not sold yet): $-819.12 unrealized (virtual lots)
                       $-834.83 unrealized (broker total)
  Premium deployed:    $5,059.37 in open positions
  Combined P&L:        $+8,592.01 (reflected realized + open virtual)

Ledger (master)
  Total events:     6691
  Today entries:    0
  Today exits (reflected): 0
  All-time exits (reflected): 456  wins 47%
  Avg return/trade: +27.0%  median -7.7%

Open virtual lots (by bucket)
  b0 lab0000_s200_w1_0928_1005_r1  prem=$   312  real=$ +0.00  open=$ +0.00  lots=6  [ORPHAN:OXYx2, ORPHAN:OXYx1, ORPHAN:NVDAx1, ORPHAN:NVDAx1 +2 more]
       buy: ask-0.01  sell: bid-0.01  tp=+50% sl=-50%
  b16 lab0016_s202_w1_0928_1005_r1  prem=$     0  real=$-39.00  open=$ +0.00  lots=0  [-]
       buy: ask-0.01  sell: bid-0.01  tp=+50% sl=-50%
  b17 lab0017_s202_w1_0928_1005_r2  prem=$     0  real=$-40.00  open=$ +0.00  lots=0  [-]
       buy: ask-0.01  sell: bid-0.01  tp=+50% sl=-50%
  b18 lab0018_s202_w2_1005_1045_r1  prem=$     0  real=$-29.00  open=$ +0.00  lots=0  [-]
       buy: ask-0.01  sell: bid-0.01  tp=+50% sl=-50%
  b19 lab0019_s202_w2_1005_1045_r2  prem=$     0  real=$-22.00  open=$ +0.00  lots=0  [-]
       buy: ask-0.01  sell: bid-0.01  tp=+50% sl=-50%
  b26 lab0026_s203_w2_1005_1045_r1  prem=$     0  real=$-24.00  open=$ +0.00  lots=0  [-]
       buy: ask-0.01  sell: bid-0.01  tp=+50% sl=-50%
  b27 lab0027_s203_w2_1005_1045_r2  prem=$     0  real=$-24.00  open=$ +0.00  lots=0  [-]
       buy: ask-0.01  sell: bid-0.01  tp=+50% sl=-50%
  b28 lab0028_s203_w3_1045_1120_r1  prem=$    51  real=$-29.00  open=$ +0.00  lots=1  [S203:TTDx1]
       buy: ask-0.01  sell: bid-0.01  tp=+50% sl=-50%
  b29 lab0029_s203_w3_1045_1120_r2  prem=$    51  real=$-29.00  open=$ +0.00  lots=1  [S203:TTDx1]
       buy: ask-0.01  sell: bid-0.01  tp=+50% sl=-50%
  b30 lab0030_s203_w4_1120_1135_r1  prem=$    59  real=$-21.00  open=$ +0.00  lots=1  [S203:TTDx1]
       buy: ask-0.01  sell: bid-0.01  tp=+50% sl=-50%
  b31 lab0031_s203_w4_1120_1135_r2  prem=$    59  real=$-19.00  open=$ +0.00  lots=1  [S203:TTDx1]
       buy: ask-0.01  sell: bid-0.01  tp=+50% sl=-50%
  b58 lab0058_s207_w2_1005_1045_r1  prem=$    68  real=$ +0.00  open=$-17.36  lots=1  [S207:OXYx1]
       buy: ask-0.01  sell: bid-0.01  tp=+50% sl=-50%
  b59 lab0059_s207_w2_1005_1045_r2  prem=$    68  real=$ +0.00  open=$-17.36  lots=1  [S207:OXYx1]
       buy: ask-0.01  sell: bid-0.01  tp=+50% sl=-50%
  b60 lab0060_s207_w3_1045_1120_r1  prem=$    70  real=$ +0.00  open=$-17.87  lots=1  [S207:OXYx1]
       buy: ask-0.01  sell: bid-0.01  tp=+50% sl=-50%
  b61 lab0061_s207_w3_1045_1120_r2  prem=$    70  real=$ +0.00  open=$-17.87  lots=1  [S207:OXYx1]
       buy: ask-0.01  sell: bid-0.01  tp=+50% sl=-50%
  b62 lab0062_s207_w4_1120_1135_r1  prem=$    72  real=$ +0.00  open=$-18.38  lots=1  [S207:OXYx1]
       buy: ask-0.01  sell: bid-0.01  tp=+50% sl=-50%
  b63 lab0063_s207_w4_1120_1135_r2  prem=$    72  real=$ +0.00  open=$-18.38  lots=1  [S207:OXYx1]
       buy: ask-0.01  sell: bid-0.01  tp=+50% sl=-50%
  b80 lab0080_s210_w1_0928_1005_r1  prem=$    28  real=$ +0.00  open=$ -2.07  lots=1  [S210:PATHx1]
       buy: ask-0.01  sell: bid-0.01  tp=+50% sl=-50%
  b81 lab0081_s210_w1_0928_1005_r2  prem=$    28  real=$ +0.00  open=$ -2.07  lots=1  [S210:PATHx1]
       buy: ask-0.01  sell: bid-0.01  tp=+50% sl=-50%
  b82 lab0082_s210_w2_1005_1045_r1  prem=$    28  real=$ +0.00  open=$ -2.07  lots=1  [S210:PATHx1]
       buy: ask-0.01  sell: bid-0.01  tp=+50% sl=-50%
  (205 more active bucket(s) omitted)
  (799 quiet bucket profile(s) — no trades yet)

Alpaca option positions
  AAPL260814C00330000  qty=6  cost=$358.50  return=-29.7%  open P&L=$-106.50
  AAPL260821C00335000  qty=4  cost=$256.00  return=-14.1%  open P&L=$-36.00
  DKNG260807C00025500  qty=4  cost=$170.00  return=-17.6%  open P&L=$-30.00
  MSFT260807C00520000  qty=1  cost=$53.00  return=-3.8%  open P&L=$-2.00
  NVDA260805C00217500  qty=18  cost=$511.00  return=-22.5%  open P&L=$-115.00
  NVDA260805C00220000  qty=4  cost=$74.00  return=-35.1%  open P&L=$-26.00
  NVDA260805C00222500  qty=2  cost=$30.00  return=-53.3%  open P&L=$-16.00
  NVDA260807C00217500  qty=2  cost=$99.33  return=+26.8%  open P&L=$+26.67
  NVDA260807C00220000  qty=2  cost=$72.00  return=+5.6%  open P&L=$+4.00
  NVDA260807C00222500  qty=2  cost=$68.00  return=-35.3%  open P&L=$-24.00
  NVDA260810C00225000  qty=4  cost=$138.00  return=-24.6%  open P&L=$-34.00
  OXY260807C00058000  qty=23  cost=$1,575.00  return=-25.5%  open P&L=$-402.00
  OXY260807C00059000  qty=4  cost=$190.00  return=-30.5%  open P&L=$-58.00
  OXY260807C00060000  qty=4  cost=$100.00  return=-24.0%  open P&L=$-24.00
  PATH260807C00013500  qty=8  cost=$216.00  return=-7.4%  open P&L=$-16.00
  T260807C00023000  qty=6  cost=$378.00  return=+11.1%  open P&L=$+42.00
  TSLA260805C00350000  qty=2  cost=$90.00  return=-31.1%  open P&L=$-28.00
  TTD260807P00017000  qty=4  cost=$220.00  return=+0.0%  open P&L=$+0.00
  UBER260807C00077000  qty=2  cost=$110.00  return=+16.4%  open P&L=$+18.00
  UBER260807C00078000  qty=6  cost=$302.00  return=-2.6%  open P&L=$-8.00

Per-bucket exit stats (all time)
  b0|orphan_reconcile     n= 26  avg=+27.8%  med=-57.5%  realized=$+6,460.91
  b104|c104_s164_w1_0928_1005_r4  n=  1  avg=-88.9%  med=-88.9%  realized=$-8.00
  b108|c108_s202_w3_1045_1120_r1  n=  1  avg=-33.3%  med=-33.3%  realized=$-1.00
  b109|c109_s202_w3_1045_1120_r2  n=  1  avg=-66.7%  med=-66.7%  realized=$-2.00
  b10|c010_s165_w3_1045_1120_r1  n=  8  avg=-37.2%  med=-18.9%  realized=$-205.00
  b112|lab0112_s212_w3_1045_1120_r1  n=  1  avg=-58.7%  med=-58.7%  realized=$-37.00
  b113|lab0113_s212_w3_1045_1120_r2  n=  1  avg=-71.4%  med=-71.4%  realized=$-45.00
  b114|lab0114_s212_w4_1120_1135_r1  n=  1  avg=-59.0%  med=-59.0%  realized=$-36.00
  b115|lab0115_s212_w4_1120_1135_r2  n=  1  avg=-54.1%  med=-54.1%  realized=$-33.00
  b132|c132_s164_w1_0928_1005_r5  n=  2  avg=-65.7%  med=-53.6%  realized=$-37.00
  b135|c135_s164_w4_1120_1135_r5  n=  1  avg=-50.0%  med=-50.0%  realized=$-4.00
  b16|lab0016_s202_w1_0928_1005_r1  n=  1  avg=-63.9%  med=-63.9%  realized=$-39.00
  b178|lab0178_s217_w1_0928_1005_r1  n=  1  avg=+66.0%  med=+66.0%  realized=$+31.00
  b179|lab0179_s217_w1_0928_1005_r2  n=  1  avg=+51.1%  med=+51.1%  realized=$+24.00
  b17|lab0017_s202_w1_0928_1005_r2  n=  1  avg=-65.6%  med=-65.6%  realized=$-40.00
  b180|lab0180_s217_w2_1005_1045_r1  n=  2  avg=+469.8%  med=+885.7%  realized=$+152.00
  b181|lab0181_s217_w2_1005_1045_r2  n=  2  avg=+538.4%  med=+1007.1%  realized=$+173.00
  b183|lab0183_s217_w3_1045_1120_r2  n=  1  avg=-55.0%  med=-55.0%  realized=$-22.00
  b18|lab0018_s202_w2_1005_1045_r1  n=  1  avg=-74.4%  med=-74.4%  realized=$-29.00
  b194|lab0194_s218_w2_1005_1045_r1  n=  1  avg=+235.7%  med=+235.7%  realized=$+33.00
  b195|lab0195_s218_w2_1005_1045_r2  n=  2  avg=+97.8%  med=+121.4%  realized=$+40.00
  b196|lab0196_s218_w3_1045_1120_r1  n=  1  avg=+906.2%  med=+906.2%  realized=$+145.00
  b197|lab0197_s218_w3_1045_1120_r2  n=  1  avg=+737.5%  med=+737.5%  realized=$+118.00
  b19|lab0019_s202_w2_1005_1045_r2  n=  1  avg=-56.4%  med=-56.4%  realized=$-22.00
  b20|c020_s164_w1_0928_1005_r1  n=  1  avg=-88.9%  med=-88.9%  realized=$-8.00
  b222|lab0222_s400_w2_1005_1045_r1  n=  1  avg=-50.0%  med=-50.0%  realized=$-4.00
  b223|lab0223_s400_w2_1005_1045_r2  n=  1  avg=-50.0%  med=-50.0%  realized=$-4.00
  b224|lab0224_s400_w3_1045_1120_r1  n=  1  avg=-66.7%  med=-66.7%  realized=$-10.00
  b225|lab0225_s400_w3_1045_1120_r2  n=  1  avg=-66.7%  med=-66.7%  realized=$-10.00
  b227|lab0227_s400_w4_1120_1135_r2  n=  1  avg=-22.2%  med=-22.2%  realized=$-2.00
  b234|lab0234_s401_w1_0928_1005_r1  n=  1  avg=+8.3%  med=+8.3%  realized=$+6.00
  b235|lab0235_s401_w1_0928_1005_r2  n=  2  avg=+67.3%  med=+80.6%  realized=$+85.00
  b236|c236_s218_w3_1045_1120_r1  n=  1  avg=-33.3%  med=-33.3%  realized=$-1.00
  b237|c237_s218_w3_1045_1120_r2  n=  1  avg=-66.7%  med=-66.7%  realized=$-2.00
  b238|lab0238_s401_w3_1045_1120_r1  n=  1  avg=+273.1%  med=+273.1%  realized=$+71.00
  b239|lab0239_s401_w3_1045_1120_r2  n=  1  avg=-39.0%  med=-39.0%  realized=$-23.00
  b240|lab0240_s401_w4_1120_1135_r1  n=  1  avg=+53.3%  med=+53.3%  realized=$+16.00
  b241|lab0241_s401_w4_1120_1135_r2  n=  1  avg=+66.7%  med=+66.7%  realized=$+20.00
  b262|lab0262_s403_w1_0928_1005_r1  n=  1  avg=+65.4%  med=+65.4%  realized=$+34.00
  b263|lab0263_s403_w1_0928_1005_r2  n=  1  avg=+50.0%  med=+50.0%  realized=$+26.00
  b269|lab0269_s403_w4_1120_1135_r2  n=  1  avg=+57.6%  med=+57.6%  realized=$+38.00
  b26|lab0026_s203_w2_1005_1045_r1  n=  1  avg=-53.3%  med=-53.3%  realized=$-24.00
  b276|lab0276_s350_w1_0928_1005_r1  n=  2  avg=+22.9%  med=+112.5%  realized=$+52.00
  b277|lab0277_s350_w1_0928_1005_r2  n=  2  avg=+47.9%  med=+162.5%  realized=$+76.00
  b278|lab0278_s350_w2_1005_1045_r1  n=  3  avg=+22.3%  med=+53.3%  realized=$-3.00
  b279|lab0279_s350_w2_1005_1045_r2  n=  3  avg=+46.6%  med=+94.1%  realized=$+34.00
  b27|lab0027_s203_w2_1005_1045_r2  n=  1  avg=-53.3%  med=-53.3%  realized=$-24.00
  b280|lab0280_s351_w1_0928_1005_r1  n=  1  avg=-91.7%  med=-91.7%  realized=$-44.00
  b281|lab0281_s351_w1_0928_1005_r2  n=  2  avg=+72.0%  med=+197.9%  realized=$+88.00
  b282|lab0282_s351_w2_1005_1045_r1  n=  1  avg=-58.8%  med=-58.8%  realized=$-30.00
  b283|lab0283_s351_w2_1005_1045_r2  n=  2  avg=-48.3%  med=-43.8%  realized=$-34.00
  b285|lab0285_s351_w3_1045_1120_r2  n=  1  avg=-33.3%  med=-33.3%  realized=$-1.00
  b286|lab0286_s351_w4_1120_1135_r1  n=  1  avg=-94.9%  med=-94.9%  realized=$-37.00
  b287|lab0287_s351_w4_1120_1135_r2  n=  2  avg=-44.4%  med=-40.0%  realized=$-21.00
  b288|lab0288_s352_w1_0928_1005_r1  n=  1  avg=+52.4%  med=+52.4%  realized=$+22.00
  b289|lab0289_s352_w1_0928_1005_r2  n=  1  avg=+47.6%  med=+47.6%  realized=$+20.00
  b28|c028_s165_w1_0928_1005_r2  n= 17  avg=+49.5%  med=+80.0%  realized=$+448.00
  b28|c028_s173_w1_0928_1005_r2  n=  5  avg=+51.6%  med=+80.0%  realized=$+142.00
  b28|lab0028_s203_w3_1045_1120_r1  n=  1  avg=-52.7%  med=-52.7%  realized=$-29.00
  b290|lab0290_s352_w2_1005_1045_r1  n=  1  avg=+38.9%  med=+38.9%  realized=$+14.00
  b291|lab0291_s352_w2_1005_1045_r2  n=  1  avg=+194.4%  med=+194.4%  realized=$+70.00
  b293|lab0293_s352_w3_1045_1120_r2  n=  1  avg=+90.0%  med=+90.0%  realized=$+18.00
  b296|lab0296_s353_w1_0928_1005_r1  n=  1  avg=+123.7%  med=+123.7%  realized=$+47.00
  b297|lab0297_s353_w1_0928_1005_r2  n=  1  avg=+79.0%  med=+79.0%  realized=$+30.00
  b298|lab0298_s353_w2_1005_1045_r1  n=  1  avg=-69.7%  med=-69.7%  realized=$-23.00
  b299|lab0299_s353_w2_1005_1045_r2  n=  1  avg=-72.7%  med=-72.7%  realized=$-24.00
  b29|c029_s165_w2_1005_1045_r2  n=  9  avg=-23.3%  med=-50.0%  realized=$-221.00
  b29|c029_s173_w2_1005_1045_r2  n=  2  avg=-69.3%  med=-48.5%  realized=$-78.00
  b29|lab0029_s203_w3_1045_1120_r2  n=  1  avg=-52.7%  med=-52.7%  realized=$-29.00
  b304|lab0304_s354_w1_0928_1005_r1  n=  1  avg=+93.6%  med=+93.6%  realized=$+44.00
  b305|lab0305_s354_w1_0928_1005_r2  n=  1  avg=+100.0%  med=+100.0%  realized=$+47.00
  b306|lab0306_s354_w2_1005_1045_r1  n=  1  avg=+138.6%  med=+138.6%  realized=$+61.00
  b307|lab0307_s354_w2_1005_1045_r2  n=  1  avg=+143.2%  med=+143.2%  realized=$+63.00
  b308|lab0308_s354_w3_1045_1120_r1  n=  1  avg=+220.8%  med=+220.8%  realized=$+106.00
  b309|lab0309_s354_w3_1045_1120_r2  n=  1  avg=+175.0%  med=+175.0%  realized=$+84.00
  b30|c030_s165_w3_1045_1120_r2  n=  9  avg=+38.8%  med=+0.0%  realized=$+260.00
  b30|c030_s173_w3_1045_1120_r2  n=  2  avg=-9.5%  med=+0.0%  realized=$-14.00
  b30|lab0030_s203_w4_1120_1135_r1  n=  1  avg=-51.2%  med=-51.2%  realized=$-21.00
  b310|lab0310_s354_w4_1120_1135_r1  n=  1  avg=+116.7%  med=+116.7%  realized=$+84.00
  b311|lab0311_s354_w4_1120_1135_r2  n=  1  avg=+290.5%  med=+290.5%  realized=$+122.00
  b312|lab0312_s355_w1_0928_1005_r1  n=  1  avg=+91.5%  med=+91.5%  realized=$+43.00
  b313|lab0313_s355_w1_0928_1005_r2  n=  1  avg=+85.1%  med=+85.1%  realized=$+40.00
  b314|lab0314_s355_w2_1005_1045_r1  n=  1  avg=+138.6%  med=+138.6%  realized=$+61.00
  b315|lab0315_s355_w2_1005_1045_r2  n=  1  avg=+95.5%  med=+95.5%  realized=$+42.00
  b316|lab0316_s355_w3_1045_1120_r1  n=  1  avg=+193.8%  med=+193.8%  realized=$+93.00
  b317|lab0317_s355_w3_1045_1120_r2  n=  1  avg=+187.5%  med=+187.5%  realized=$+90.00
  b318|lab0318_s355_w4_1120_1135_r1  n=  1  avg=+292.9%  med=+292.9%  realized=$+123.00
  b319|lab0319_s355_w4_1120_1135_r2  n=  1  avg=+328.6%  med=+328.6%  realized=$+138.00
  b31|c031_s165_w4_1120_1135_r2  n=  2  avg=+145.5%  med=+175.8%  realized=$+192.00
  b31|lab0031_s203_w4_1120_1135_r2  n=  1  avg=-46.3%  med=-46.3%  realized=$-19.00
  b320|lab0320_s356_w1_0928_1005_r1  n=  1  avg=+37.9%  med=+37.9%  realized=$+22.00
  b321|lab0321_s356_w1_0928_1005_r2  n=  1  avg=+58.6%  med=+58.6%  realized=$+34.00
  b328|lab0328_s357_w1_0928_1005_r1  n=  1  avg=+47.1%  med=+47.1%  realized=$+32.00
  b329|lab0329_s357_w1_0928_1005_r2  n=  1  avg=+47.1%  med=+47.1%  realized=$+32.00
  b344|lab0344_s359_w1_0928_1005_r1  n=  1  avg=+142.9%  med=+142.9%  realized=$+20.00
  b345|lab0345_s359_w1_0928_1005_r2  n=  1  avg=+228.6%  med=+228.6%  realized=$+32.00
  b346|lab0346_s359_w2_1005_1045_r1  n=  1  avg=+63.6%  med=+63.6%  realized=$+7.00
  b347|lab0347_s359_w2_1005_1045_r2  n=  1  avg=+54.5%  med=+54.5%  realized=$+6.00
  b350|lab0350_s360_w2_1005_1045_r1  n=  1  avg=+63.6%  med=+63.6%  realized=$+7.00
  b351|lab0351_s360_w2_1005_1045_r2  n=  1  avg=+54.5%  med=+54.5%  realized=$+6.00
  b352|lab0352_s360_w3_1045_1120_r1  n=  1  avg=-50.0%  med=-50.0%  realized=$-6.00
  b353|lab0353_s360_w3_1045_1120_r2  n=  1  avg=-50.0%  med=-50.0%  realized=$-6.00
  b354|lab0354_s360_w4_1120_1135_r1  n=  1  avg=-33.3%  med=-33.3%  realized=$-6.00
  b355|lab0355_s360_w4_1120_1135_r2  n=  2  avg=-55.2%  med=-54.8%  realized=$-33.00
  b364|lab0364_s361_w2_1005_1045_r1  n=  1  avg=+81.8%  med=+81.8%  realized=$+27.00
  b365|lab0365_s361_w2_1005_1045_r2  n=  1  avg=+55.9%  med=+55.9%  realized=$+19.00
  b376|lab0376_s362_w1_0928_1005_r1  n=  1  avg=+114.3%  med=+114.3%  realized=$+40.00
  b377|lab0377_s362_w1_0928_1005_r2  n=  1  avg=+122.9%  med=+122.9%  realized=$+43.00
  b378|lab0378_s362_w2_1005_1045_r1  n=  1  avg=+70.6%  med=+70.6%  realized=$+24.00
  b379|lab0379_s362_w2_1005_1045_r2  n=  1  avg=+38.2%  med=+38.2%  realized=$+13.00
  b390|lab0390_s363_w1_0928_1005_r1  n=  1  avg=+106.5%  med=+106.5%  realized=$+33.00
  b391|lab0391_s363_w1_0928_1005_r2  n=  1  avg=+103.2%  med=+103.2%  realized=$+32.00
  b392|lab0392_s363_w2_1005_1045_r1  n=  1  avg=+64.3%  med=+64.3%  realized=$+18.00
  b393|lab0393_s363_w2_1005_1045_r2  n=  1  avg=+60.7%  med=+60.7%  realized=$+17.00
  b405|lab0405_s364_w1_0928_1005_r2  n=  1  avg=+50.0%  med=+50.0%  realized=$+25.00
  b406|lab0406_s364_w2_1005_1045_r1  n=  1  avg=+60.0%  med=+60.0%  realized=$+30.00
  b407|lab0407_s364_w2_1005_1045_r2  n=  1  avg=+56.0%  med=+56.0%  realized=$+28.00
  b410|lab0410_s364_w4_1120_1135_r1  n=  1  avg=+233.3%  med=+233.3%  realized=$+84.00
  b411|lab0411_s364_w4_1120_1135_r2  n=  1  avg=+188.9%  med=+188.9%  realized=$+68.00
  b48|c048_s164_w1_0928_1005_r2  n=  5  avg=-33.1%  med=-49.1%  realized=$-91.00
  b48|c048_s165_w1_0928_1005_r3  n= 16  avg=-35.9%  med=-49.1%  realized=$-344.00
  b49|c049_s164_w2_1005_1045_r2  n=  4  avg=-51.8%  med=-44.0%  realized=$-133.00
  b49|c049_s165_w2_1005_1045_r3  n= 15  avg=-49.3%  med=-49.1%  realized=$-458.00
  b50|c050_s164_w3_1045_1120_r2  n=  4  avg=-39.6%  med=-16.7%  realized=$-115.00
  b50|c050_s165_w3_1045_1120_r3  n=  9  avg=-23.6%  med=-23.1%  realized=$-142.00
  b51|c051_s165_w4_1120_1135_r3  n=  1  avg=+263.6%  med=+263.6%  realized=$+174.00
  b56|g056_lim_tp20_sl65  n=  1  avg=+47.7%  med=+47.7%  realized=$+20.52
  b57|g057_mid_tp20_sl65  n=  1  avg=+47.7%  med=+47.7%  realized=$+20.52
  b58|g058_eod_tp20_sl65  n=  1  avg=+59.1%  med=+59.1%  realized=$+25.41
  b68|c068_s165_w1_0928_1005_r4  n= 16  avg=-51.3%  med=-49.1%  realized=$-446.00
  b68|c068_s166_w1_0928_1005_r3  n=  4  avg=-52.7%  med=-49.1%  realized=$-116.00
  b69|c069_s165_w2_1005_1045_r4  n= 11  avg=+19.0%  med=-43.6%  realized=$-179.00
  b69|c069_s166_w2_1005_1045_r3  n=  4  avg=+10.1%  med=-40.0%  realized=$-87.00
  b70|c070_s165_w3_1045_1120_r4  n= 11  avg=-2.1%  med=-16.9%  realized=$-6.00
  b70|c070_s166_w3_1045_1120_r3  n=  4  avg=-42.5%  med=-27.0%  realized=$-124.00
  b70|g070_eod_tp30_sl20  n=  1  avg=+59.1%  med=+59.1%  realized=$+27.77
  b76|c076_s164_w1_0928_1005_r3  n=  1  avg=-50.0%  med=-50.0%  realized=$-2.00
  b776|lab0776_s397_w1_0928_1005_r1  n=  1  avg=+40.4%  med=+40.4%  realized=$+23.00
  b777|lab0777_s397_w1_0928_1005_r2  n=  1  avg=+38.6%  med=+38.6%  realized=$+22.00
  b778|lab0778_s397_w2_1005_1045_r1  n=  1  avg=+51.4%  med=+51.4%  realized=$+37.00
  b779|lab0779_s397_w2_1005_1045_r2  n=  1  avg=+43.7%  med=+43.7%  realized=$+31.00
  b780|lab0780_s397_w3_1045_1120_r1  n=  1  avg=+114.8%  med=+114.8%  realized=$+70.00
  b781|lab0781_s397_w3_1045_1120_r2  n=  1  avg=+116.4%  med=+116.4%  realized=$+71.00
  b783|lab0783_s397_w4_1120_1135_r2  n=  1  avg=+151.6%  med=+151.6%  realized=$+94.00
  b784|lab0784_s398_w1_0928_1005_r1  n=  1  avg=+49.0%  med=+49.0%  realized=$+24.00
  b785|lab0785_s398_w1_0928_1005_r2  n=  1  avg=+49.0%  med=+49.0%  realized=$+24.00
  b786|lab0786_s398_w2_1005_1045_r1  n=  1  avg=+66.1%  med=+66.1%  realized=$+37.00
  b787|lab0787_s398_w2_1005_1045_r2  n=  1  avg=+78.6%  med=+78.6%  realized=$+44.00
  b788|lab0788_s398_w3_1045_1120_r1  n=  1  avg=+175.6%  med=+175.6%  realized=$+79.00
  b789|lab0789_s398_w3_1045_1120_r2  n=  1  avg=+157.8%  med=+157.8%  realized=$+71.00
  b790|lab0790_s398_w4_1120_1135_r1  n=  1  avg=+311.9%  med=+311.9%  realized=$+131.00
  b791|lab0791_s398_w4_1120_1135_r2  n=  1  avg=+338.1%  med=+338.1%  realized=$+142.00
  b792|lab0792_s399_w1_0928_1005_r1  n=  1  avg=+140.0%  med=+140.0%  realized=$+35.00
  b793|lab0793_s399_w1_0928_1005_r2  n=  1  avg=+52.6%  med=+52.6%  realized=$+20.00
  b794|lab0794_s399_w2_1005_1045_r1  n=  1  avg=+84.0%  med=+84.0%  realized=$+21.00
  b795|lab0795_s399_w2_1005_1045_r2  n=  1  avg=+92.0%  med=+92.0%  realized=$+23.00
  b798|lab0798_s399_w4_1120_1135_r1  n=  1  avg=+134.0%  med=+134.0%  realized=$+67.00
  b799|lab0799_s399_w4_1120_1135_r2  n=  1  avg=+186.5%  med=+186.5%  realized=$+69.00
  b800|lab0800_s404_w1_0928_1005_r1  n=  1  avg=+38.6%  med=+38.6%  realized=$+22.00
  b801|lab0801_s404_w1_0928_1005_r2  n=  1  avg=+31.6%  med=+31.6%  realized=$+18.00
  b802|lab0802_s404_w2_1005_1045_r1  n=  1  avg=+45.1%  med=+45.1%  realized=$+32.00
  b803|lab0803_s404_w2_1005_1045_r2  n=  1  avg=+46.3%  med=+46.3%  realized=$+31.00
  b804|lab0804_s404_w3_1045_1120_r1  n=  1  avg=+106.6%  med=+106.6%  realized=$+65.00
  b805|lab0805_s404_w3_1045_1120_r2  n=  1  avg=+86.9%  med=+86.9%  realized=$+53.00
  b806|lab0806_s404_w4_1120_1135_r1  n=  1  avg=+145.2%  med=+145.2%  realized=$+90.00
  b807|lab0807_s404_w4_1120_1135_r2  n=  1  avg=+124.2%  med=+124.2%  realized=$+77.00
  b814|lab0814_s405_w1_0928_1005_r1  n=  1  avg=+53.1%  med=+53.1%  realized=$+26.00
  b815|lab0815_s405_w1_0928_1005_r2  n=  1  avg=+46.9%  med=+46.9%  realized=$+23.00
  b816|lab0816_s405_w2_1005_1045_r1  n=  1  avg=+69.6%  med=+69.6%  realized=$+39.00
  b817|lab0817_s405_w2_1005_1045_r2  n=  1  avg=+57.1%  med=+57.1%  realized=$+32.00
  b818|lab0818_s405_w3_1045_1120_r1  n=  1  avg=+142.2%  med=+142.2%  realized=$+64.00
  b819|lab0819_s405_w3_1045_1120_r2  n=  1  avg=+122.2%  med=+122.2%  realized=$+55.00
  b820|lab0820_s405_w4_1120_1135_r1  n=  1  avg=+254.8%  med=+254.8%  realized=$+107.00
  b821|lab0821_s405_w4_1120_1135_r2  n=  1  avg=+242.9%  med=+242.9%  realized=$+102.00
  b828|lab0828_s406_w1_0928_1005_r1  n=  1  avg=+72.5%  med=+72.5%  realized=$+37.00
  b829|lab0829_s406_w1_0928_1005_r2  n=  1  avg=+68.6%  med=+68.6%  realized=$+35.00
  b834|lab0834_s406_w4_1120_1135_r1  n=  1  avg=+44.0%  med=+44.0%  realized=$+11.00
  b835|lab0835_s406_w4_1120_1135_r2  n=  1  avg=-56.0%  med=-56.0%  realized=$-14.00
  b842|lab0842_s407_w1_0928_1005_r1  n=  1  avg=+140.0%  med=+140.0%  realized=$+28.00
  b843|lab0843_s407_w1_0928_1005_r2  n=  1  avg=+125.0%  med=+125.0%  realized=$+25.00
  b844|lab0844_s407_w2_1005_1045_r1  n=  1  avg=+44.9%  med=+44.9%  realized=$+22.00
  b845|lab0845_s407_w2_1005_1045_r2  n=  1  avg=+38.8%  med=+38.8%  realized=$+19.00
  b848|lab0848_s407_w4_1120_1135_r1  n=  1  avg=-95.9%  med=-95.9%  realized=$-47.00
  b849|lab0849_s407_w4_1120_1135_r2  n=  1  avg=-66.7%  med=-66.7%  realized=$-2.00
  b858|lab0858_s408_w2_1005_1045_r1  n=  1  avg=+41.9%  med=+41.9%  realized=$+13.00
  b859|lab0859_s408_w2_1005_1045_r2  n=  1  avg=+45.2%  med=+45.2%  realized=$+14.00
  b88|c088_s165_w1_0928_1005_r5  n= 21  avg=-5.0%  med=-2.7%  realized=$-63.00
  b88|c088_s167_w1_0928_1005_r4  n=  4  avg=-12.7%  med=+30.9%  realized=$-28.00
  b89|c089_s165_w2_1005_1045_r5  n=  7  avg=+113.1%  med=+30.9%  realized=$+67.00
  b89|c089_s167_w2_1005_1045_r4  n=  2  avg=-16.2%  med=+30.9%  realized=$-22.00
  b8|c008_s165_w1_0928_1005_r1  n= 23  avg=-19.6%  med=-35.3%  realized=$-250.00
  b901|lab0901_s411_w2_1005_1045_r2  n=  1  avg=+36.1%  med=+36.1%  realized=$+22.00
  b902|lab0902_s411_w3_1045_1120_r1  n=  1  avg=+61.7%  med=+61.7%  realized=$+29.00
  b903|lab0903_s411_w3_1045_1120_r2  n=  1  avg=+57.5%  med=+57.5%  realized=$+27.00
  b905|lab0905_s411_w4_1120_1135_r2  n=  1  avg=+13.1%  med=+13.1%  realized=$+8.00
  b90|c090_s165_w3_1045_1120_r5  n= 13  avg=+7.7%  med=+0.0%  realized=$+47.00
  b90|c090_s167_w3_1045_1120_r4  n=  4  avg=-41.6%  med=-18.9%  realized=$-123.00
  b914|lab0914_s412_w2_1005_1045_r1  n=  1  avg=+117.7%  med=+117.7%  realized=$+40.00
  b915|lab0915_s412_w2_1005_1045_r2  n=  1  avg=+85.3%  med=+85.3%  realized=$+29.00
  b91|c091_s165_w4_1120_1135_r5  n=  2  avg=+222.0%  med=+247.0%  realized=$+293.00
  b94|lab0094_s211_w1_0928_1005_r1  n=  1  avg=-51.5%  med=-51.5%  realized=$-35.00
  b95|lab0095_s211_w1_0928_1005_r2  n=  1  avg=-57.4%  med=-57.4%  realized=$-39.00
  b97|lab0097_s211_w2_1005_1045_r2  n=  1  avg=-46.1%  med=-46.1%  realized=$-30.00
  b99|lab0099_s211_w3_1045_1120_r2  n=  1  avg=+52.8%  med=+52.8%  realized=$+28.00
  b9|c009_s165_w2_1005_1045_r1  n=  7  avg=-74.4%  med=-66.2%  realized=$-301.00
========================================================
+========================================================================+
|  OPTIONS BOT SUMMARY                                                   |
+------------------------------------------------------------------------+
|  Mode                          after_hours                             |
|  Equity                        $140,278.89                             |
|  Signals this run              0                                       |
|  Orders submitted (session)    0                                       |
|  Orders filled today (ledger)  0                                       |
|  Entries placed this run       0                                       |
|  Open virtual lots             105                                     |
|  Broker option positions       20                                      |
|  Unattributed contracts        1 (orphan reconcile)                    |
|  Pending orders                0                                       |
+========================================================================+
+========================================================================+
|  BUCKET LEADERBOARD (reflected ex-S173,S174)                           |
+------------------------------------------------------------------------+
|  Reflected trades=456  buckets=188  win=47%                            |
|  Returns   avg=+27.0%  med=-7.7%  p10=-64.9%  p90=+142.5%              |
|  Realized  $+9,411.13                                                  |
|  Raw incl dropped  trades=990  real=$+7,815.58                         |
+------------------------------------------------------------------------+
|  BKT PROFILE               N  WIN  AVG%   MED%   BEST%  REAL$          |
+------------------------------------------------------------------------+
|  b196 lab0196_s218_w3_10  1 100% +906.2 +906.2 +906.2 $   +145         |
|  b197 lab0197_s218_w3_10  1 100% +737.5 +737.5 +737.5 $   +118         |
|  b181 lab0181_s217_w2_10  2 100% +538.4 +538.4 +1007.1 $   +173        |
|  b180 lab0180_s217_w2_10  2 100% +469.8 +469.8 +885.7 $   +152         |
|  b791 lab0791_s398_w4_11  1 100% +338.1 +338.1 +338.1 $   +142         |
|  b319 lab0319_s355_w4_11  1 100% +328.6 +328.6 +328.6 $   +138         |
|  b790 lab0790_s398_w4_11  1 100% +311.9 +311.9 +311.9 $   +131         |
|  b318 lab0318_s355_w4_11  1 100% +292.9 +292.9 +292.9 $   +123         |
|  ... 180 more bucket(s) with exits                                     |
+------------------------------------------------------------------------+
|  Low  b848 lab0848_s407_w4_11  1   0% -95.9 -95.9 -95.9 $    -47       |
+========================================================================+
+========================================================================+
|  PENDING EXITS (1)                                                     |
+------------------------------------------------------------------------+
|  b863 S408 NVDA260805C00222500 x1 stop_loss (-53.3%)                   |
+========================================================================+
+========================================================================+
|  OPEN OPTIONS (20)                                                     |
+------------------------------------------------------------------------+
|  SYMBOL                      QTY    RET%        OPEN P&L               |
|------------------------------------------------------------------------|
|  OXY260807C00058000           23    -25.5%   $   -402.00               |
|  NVDA260805C00217500          18    -22.5%   $   -115.00               |
|  AAPL260814C00330000           6    -29.7%   $   -106.50               |
|  OXY260807C00059000            4    -30.5%   $    -58.00               |
|  T260807C00023000              6    +11.1%   $    +42.00               |
|  AAPL260821C00335000           4    -14.1%   $    -36.00               |
|  NVDA260810C00225000           4    -24.6%   $    -34.00               |
|  DKNG260807C00025500           4    -17.6%   $    -30.00               |
|  ... 12 more position(s)                                               |
+========================================================================+
Full detail: logs/options_trial/runs/2026-08-04.log
elapsed=0.5s reconcile=0.12s

=== 09:20:53 ET — after hours (exit summary) [elapsed=0.4s reconcile=0.1s] ===
=== options_morning_bot (PAPER) 2026-08-04T09:20:53.374006-04:00 ===

[Run context]
After hours (09:20 ET) — exit summary only.
Paper auth OK — equity $140606.53, account PA36KS87UPRS
  reconcile: layout changed controlled:100:c000_s173_w1_0928_1005_r1 -> controlled:1024:lab0000_s200_w1_0928_1005_r1

[Exit summary]
========================================================
OPTIONS EXIT SUMMARY — 2026-08-04
========================================================
Account equity: $140,606.53
Open broker positions: 20  unrealized $-834.83

No closed trades today.
========================================================

[Portfolio snapshot]
========================================================
OPTIONS TRIAL STATS
========================================================
Account equity: $140,606.53
Active buckets: 1024 of 1024 profiles ($500 virtual each) — paper unlimited mode

P&L summary
  Reflected (ex-S173,S174): $+9,411.13 all-time  |  $+0.00 today
  Raw (incl dropped):     $+7,815.58 all-time  |  $+0.00 today
  Open (not sold yet): $-819.12 unrealized (virtual lots)
                       $-834.83 unrealized (broker total)
  Premium deployed:    $5,059.37 in open positions
  Combined P&L:        $+8,592.01 (reflected realized + open virtual)

Ledger (master)
  Total events:     6691
  Today entries:    0
  Today exits (reflected): 0
  All-time exits (reflected): 456  wins 47%
  Avg return/trade: +27.0%  median -7.7%

Open virtual lots (by bucket)
  b0 lab0000_s200_w1_0928_1005_r1  prem=$   312  real=$ +0.00  open=$ +0.00  lots=6  [ORPHAN:OXYx2, ORPHAN:OXYx1, ORPHAN:NVDAx1, ORPHAN:NVDAx1 +2 more]
       buy: ask-0.01  sell: bid-0.01  tp=+50% sl=-50%
  b16 lab0016_s202_w1_0928_1005_r1  prem=$     0  real=$-39.00  open=$ +0.00  lots=0  [-]
       buy: ask-0.01  sell: bid-0.01  tp=+50% sl=-50%
  b17 lab0017_s202_w1_0928_1005_r2  prem=$     0  real=$-40.00  open=$ +0.00  lots=0  [-]
       buy: ask-0.01  sell: bid-0.01  tp=+50% sl=-50%
  b18 lab0018_s202_w2_1005_1045_r1  prem=$     0  real=$-29.00  open=$ +0.00  lots=0  [-]
       buy: ask-0.01  sell: bid-0.01  tp=+50% sl=-50%
  b19 lab0019_s202_w2_1005_1045_r2  prem=$     0  real=$-22.00  open=$ +0.00  lots=0  [-]
       buy: ask-0.01  sell: bid-0.01  tp=+50% sl=-50%
  b26 lab0026_s203_w2_1005_1045_r1  prem=$     0  real=$-24.00  open=$ +0.00  lots=0  [-]
       buy: ask-0.01  sell: bid-0.01  tp=+50% sl=-50%
  b27 lab0027_s203_w2_1005_1045_r2  prem=$     0  real=$-24.00  open=$ +0.00  lots=0  [-]
       buy: ask-0.01  sell: bid-0.01  tp=+50% sl=-50%
  b28 lab0028_s203_w3_1045_1120_r1  prem=$    51  real=$-29.00  open=$ +0.00  lots=1  [S203:TTDx1]
       buy: ask-0.01  sell: bid-0.01  tp=+50% sl=-50%
  b29 lab0029_s203_w3_1045_1120_r2  prem=$    51  real=$-29.00  open=$ +0.00  lots=1  [S203:TTDx1]
       buy: ask-0.01  sell: bid-0.01  tp=+50% sl=-50%
  b30 lab0030_s203_w4_1120_1135_r1  prem=$    59  real=$-21.00  open=$ +0.00  lots=1  [S203:TTDx1]
       buy: ask-0.01  sell: bid-0.01  tp=+50% sl=-50%
  b31 lab0031_s203_w4_1120_1135_r2  prem=$    59  real=$-19.00  open=$ +0.00  lots=1  [S203:TTDx1]
       buy: ask-0.01  sell: bid-0.01  tp=+50% sl=-50%
  b58 lab0058_s207_w2_1005_1045_r1  prem=$    68  real=$ +0.00  open=$-17.36  lots=1  [S207:OXYx1]
       buy: ask-0.01  sell: bid-0.01  tp=+50% sl=-50%
  b59 lab0059_s207_w2_1005_1045_r2  prem=$    68  real=$ +0.00  open=$-17.36  lots=1  [S207:OXYx1]
       buy: ask-0.01  sell: bid-0.01  tp=+50% sl=-50%
  b60 lab0060_s207_w3_1045_1120_r1  prem=$    70  real=$ +0.00  open=$-17.87  lots=1  [S207:OXYx1]
       buy: ask-0.01  sell: bid-0.01  tp=+50% sl=-50%
  b61 lab0061_s207_w3_1045_1120_r2  prem=$    70  real=$ +0.00  open=$-17.87  lots=1  [S207:OXYx1]
       buy: ask-0.01  sell: bid-0.01  tp=+50% sl=-50%
  b62 lab0062_s207_w4_1120_1135_r1  prem=$    72  real=$ +0.00  open=$-18.38  lots=1  [S207:OXYx1]
       buy: ask-0.01  sell: bid-0.01  tp=+50% sl=-50%
  b63 lab0063_s207_w4_1120_1135_r2  prem=$    72  real=$ +0.00  open=$-18.38  lots=1  [S207:OXYx1]
       buy: ask-0.01  sell: bid-0.01  tp=+50% sl=-50%
  b80 lab0080_s210_w1_0928_1005_r1  prem=$    28  real=$ +0.00  open=$ -2.07  lots=1  [S210:PATHx1]
       buy: ask-0.01  sell: bid-0.01  tp=+50% sl=-50%
  b81 lab0081_s210_w1_0928_1005_r2  prem=$    28  real=$ +0.00  open=$ -2.07  lots=1  [S210:PATHx1]
       buy: ask-0.01  sell: bid-0.01  tp=+50% sl=-50%
  b82 lab0082_s210_w2_1005_1045_r1  prem=$    28  real=$ +0.00  open=$ -2.07  lots=1  [S210:PATHx1]
       buy: ask-0.01  sell: bid-0.01  tp=+50% sl=-50%
  (205 more active bucket(s) omitted)
  (799 quiet bucket profile(s) — no trades yet)

Alpaca option positions
  AAPL260814C00330000  qty=6  cost=$358.50  return=-29.7%  open P&L=$-106.50
  AAPL260821C00335000  qty=4  cost=$256.00  return=-14.1%  open P&L=$-36.00
  DKNG260807C00025500  qty=4  cost=$170.00  return=-17.6%  open P&L=$-30.00
  MSFT260807C00520000  qty=1  cost=$53.00  return=-3.8%  open P&L=$-2.00
  NVDA260805C00217500  qty=18  cost=$511.00  return=-22.5%  open P&L=$-115.00
  NVDA260805C00220000  qty=4  cost=$74.00  return=-35.1%  open P&L=$-26.00
  NVDA260805C00222500  qty=2  cost=$30.00  return=-53.3%  open P&L=$-16.00
  NVDA260807C00217500  qty=2  cost=$99.33  return=+26.8%  open P&L=$+26.67
  NVDA260807C00220000  qty=2  cost=$72.00  return=+5.6%  open P&L=$+4.00
  NVDA260807C00222500  qty=2  cost=$68.00  return=-35.3%  open P&L=$-24.00
  NVDA260810C00225000  qty=4  cost=$138.00  return=-24.6%  open P&L=$-34.00
  OXY260807C00058000  qty=23  cost=$1,575.00  return=-25.5%  open P&L=$-402.00
  OXY260807C00059000  qty=4  cost=$190.00  return=-30.5%  open P&L=$-58.00
  OXY260807C00060000  qty=4  cost=$100.00  return=-24.0%  open P&L=$-24.00
  PATH260807C00013500  qty=8  cost=$216.00  return=-7.4%  open P&L=$-16.00
  T260807C00023000  qty=6  cost=$378.00  return=+11.1%  open P&L=$+42.00
  TSLA260805C00350000  qty=2  cost=$90.00  return=-31.1%  open P&L=$-28.00
  TTD260807P00017000  qty=4  cost=$220.00  return=+0.0%  open P&L=$+0.00
  UBER260807C00077000  qty=2  cost=$110.00  return=+16.4%  open P&L=$+18.00
  UBER260807C00078000  qty=6  cost=$302.00  return=-2.6%  open P&L=$-8.00

Per-bucket exit stats (all time)
  b0|orphan_reconcile     n= 26  avg=+27.8%  med=-57.5%  realized=$+6,460.91
  b104|c104_s164_w1_0928_1005_r4  n=  1  avg=-88.9%  med=-88.9%  realized=$-8.00
  b108|c108_s202_w3_1045_1120_r1  n=  1  avg=-33.3%  med=-33.3%  realized=$-1.00
  b109|c109_s202_w3_1045_1120_r2  n=  1  avg=-66.7%  med=-66.7%  realized=$-2.00
  b10|c010_s165_w3_1045_1120_r1  n=  8  avg=-37.2%  med=-18.9%  realized=$-205.00
  b112|lab0112_s212_w3_1045_1120_r1  n=  1  avg=-58.7%  med=-58.7%  realized=$-37.00
  b113|lab0113_s212_w3_1045_1120_r2  n=  1  avg=-71.4%  med=-71.4%  realized=$-45.00
  b114|lab0114_s212_w4_1120_1135_r1  n=  1  avg=-59.0%  med=-59.0%  realized=$-36.00
  b115|lab0115_s212_w4_1120_1135_r2  n=  1  avg=-54.1%  med=-54.1%  realized=$-33.00
  b132|c132_s164_w1_0928_1005_r5  n=  2  avg=-65.7%  med=-53.6%  realized=$-37.00
  b135|c135_s164_w4_1120_1135_r5  n=  1  avg=-50.0%  med=-50.0%  realized=$-4.00
  b16|lab0016_s202_w1_0928_1005_r1  n=  1  avg=-63.9%  med=-63.9%  realized=$-39.00
  b178|lab0178_s217_w1_0928_1005_r1  n=  1  avg=+66.0%  med=+66.0%  realized=$+31.00
  b179|lab0179_s217_w1_0928_1005_r2  n=  1  avg=+51.1%  med=+51.1%  realized=$+24.00
  b17|lab0017_s202_w1_0928_1005_r2  n=  1  avg=-65.6%  med=-65.6%  realized=$-40.00
  b180|lab0180_s217_w2_1005_1045_r1  n=  2  avg=+469.8%  med=+885.7%  realized=$+152.00
  b181|lab0181_s217_w2_1005_1045_r2  n=  2  avg=+538.4%  med=+1007.1%  realized=$+173.00
  b183|lab0183_s217_w3_1045_1120_r2  n=  1  avg=-55.0%  med=-55.0%  realized=$-22.00
  b18|lab0018_s202_w2_1005_1045_r1  n=  1  avg=-74.4%  med=-74.4%  realized=$-29.00
  b194|lab0194_s218_w2_1005_1045_r1  n=  1  avg=+235.7%  med=+235.7%  realized=$+33.00
  b195|lab0195_s218_w2_1005_1045_r2  n=  2  avg=+97.8%  med=+121.4%  realized=$+40.00
  b196|lab0196_s218_w3_1045_1120_r1  n=  1  avg=+906.2%  med=+906.2%  realized=$+145.00
  b197|lab0197_s218_w3_1045_1120_r2  n=  1  avg=+737.5%  med=+737.5%  realized=$+118.00
  b19|lab0019_s202_w2_1005_1045_r2  n=  1  avg=-56.4%  med=-56.4%  realized=$-22.00
  b20|c020_s164_w1_0928_1005_r1  n=  1  avg=-88.9%  med=-88.9%  realized=$-8.00
  b222|lab0222_s400_w2_1005_1045_r1  n=  1  avg=-50.0%  med=-50.0%  realized=$-4.00
  b223|lab0223_s400_w2_1005_1045_r2  n=  1  avg=-50.0%  med=-50.0%  realized=$-4.00
  b224|lab0224_s400_w3_1045_1120_r1  n=  1  avg=-66.7%  med=-66.7%  realized=$-10.00
  b225|lab0225_s400_w3_1045_1120_r2  n=  1  avg=-66.7%  med=-66.7%  realized=$-10.00
  b227|lab0227_s400_w4_1120_1135_r2  n=  1  avg=-22.2%  med=-22.2%  realized=$-2.00
  b234|lab0234_s401_w1_0928_1005_r1  n=  1  avg=+8.3%  med=+8.3%  realized=$+6.00
  b235|lab0235_s401_w1_0928_1005_r2  n=  2  avg=+67.3%  med=+80.6%  realized=$+85.00
  b236|c236_s218_w3_1045_1120_r1  n=  1  avg=-33.3%  med=-33.3%  realized=$-1.00
  b237|c237_s218_w3_1045_1120_r2  n=  1  avg=-66.7%  med=-66.7%  realized=$-2.00
  b238|lab0238_s401_w3_1045_1120_r1  n=  1  avg=+273.1%  med=+273.1%  realized=$+71.00
  b239|lab0239_s401_w3_1045_1120_r2  n=  1  avg=-39.0%  med=-39.0%  realized=$-23.00
  b240|lab0240_s401_w4_1120_1135_r1  n=  1  avg=+53.3%  med=+53.3%  realized=$+16.00
  b241|lab0241_s401_w4_1120_1135_r2  n=  1  avg=+66.7%  med=+66.7%  realized=$+20.00
  b262|lab0262_s403_w1_0928_1005_r1  n=  1  avg=+65.4%  med=+65.4%  realized=$+34.00
  b263|lab0263_s403_w1_0928_1005_r2  n=  1  avg=+50.0%  med=+50.0%  realized=$+26.00
  b269|lab0269_s403_w4_1120_1135_r2  n=  1  avg=+57.6%  med=+57.6%  realized=$+38.00
  b26|lab0026_s203_w2_1005_1045_r1  n=  1  avg=-53.3%  med=-53.3%  realized=$-24.00
  b276|lab0276_s350_w1_0928_1005_r1  n=  2  avg=+22.9%  med=+112.5%  realized=$+52.00
  b277|lab0277_s350_w1_0928_1005_r2  n=  2  avg=+47.9%  med=+162.5%  realized=$+76.00
  b278|lab0278_s350_w2_1005_1045_r1  n=  3  avg=+22.3%  med=+53.3%  realized=$-3.00
  b279|lab0279_s350_w2_1005_1045_r2  n=  3  avg=+46.6%  med=+94.1%  realized=$+34.00
  b27|lab0027_s203_w2_1005_1045_r2  n=  1  avg=-53.3%  med=-53.3%  realized=$-24.00
  b280|lab0280_s351_w1_0928_1005_r1  n=  1  avg=-91.7%  med=-91.7%  realized=$-44.00
  b281|lab0281_s351_w1_0928_1005_r2  n=  2  avg=+72.0%  med=+197.9%  realized=$+88.00
  b282|lab0282_s351_w2_1005_1045_r1  n=  1  avg=-58.8%  med=-58.8%  realized=$-30.00
  b283|lab0283_s351_w2_1005_1045_r2  n=  2  avg=-48.3%  med=-43.8%  realized=$-34.00
  b285|lab0285_s351_w3_1045_1120_r2  n=  1  avg=-33.3%  med=-33.3%  realized=$-1.00
  b286|lab0286_s351_w4_1120_1135_r1  n=  1  avg=-94.9%  med=-94.9%  realized=$-37.00
  b287|lab0287_s351_w4_1120_1135_r2  n=  2  avg=-44.4%  med=-40.0%  realized=$-21.00
  b288|lab0288_s352_w1_0928_1005_r1  n=  1  avg=+52.4%  med=+52.4%  realized=$+22.00
  b289|lab0289_s352_w1_0928_1005_r2  n=  1  avg=+47.6%  med=+47.6%  realized=$+20.00
  b28|c028_s165_w1_0928_1005_r2  n= 17  avg=+49.5%  med=+80.0%  realized=$+448.00
  b28|c028_s173_w1_0928_1005_r2  n=  5  avg=+51.6%  med=+80.0%  realized=$+142.00
  b28|lab0028_s203_w3_1045_1120_r1  n=  1  avg=-52.7%  med=-52.7%  realized=$-29.00
  b290|lab0290_s352_w2_1005_1045_r1  n=  1  avg=+38.9%  med=+38.9%  realized=$+14.00
  b291|lab0291_s352_w2_1005_1045_r2  n=  1  avg=+194.4%  med=+194.4%  realized=$+70.00
  b293|lab0293_s352_w3_1045_1120_r2  n=  1  avg=+90.0%  med=+90.0%  realized=$+18.00
  b296|lab0296_s353_w1_0928_1005_r1  n=  1  avg=+123.7%  med=+123.7%  realized=$+47.00
  b297|lab0297_s353_w1_0928_1005_r2  n=  1  avg=+79.0%  med=+79.0%  realized=$+30.00
  b298|lab0298_s353_w2_1005_1045_r1  n=  1  avg=-69.7%  med=-69.7%  realized=$-23.00
  b299|lab0299_s353_w2_1005_1045_r2  n=  1  avg=-72.7%  med=-72.7%  realized=$-24.00
  b29|c029_s165_w2_1005_1045_r2  n=  9  avg=-23.3%  med=-50.0%  realized=$-221.00
  b29|c029_s173_w2_1005_1045_r2  n=  2  avg=-69.3%  med=-48.5%  realized=$-78.00
  b29|lab0029_s203_w3_1045_1120_r2  n=  1  avg=-52.7%  med=-52.7%  realized=$-29.00
  b304|lab0304_s354_w1_0928_1005_r1  n=  1  avg=+93.6%  med=+93.6%  realized=$+44.00
  b305|lab0305_s354_w1_0928_1005_r2  n=  1  avg=+100.0%  med=+100.0%  realized=$+47.00
  b306|lab0306_s354_w2_1005_1045_r1  n=  1  avg=+138.6%  med=+138.6%  realized=$+61.00
  b307|lab0307_s354_w2_1005_1045_r2  n=  1  avg=+143.2%  med=+143.2%  realized=$+63.00
  b308|lab0308_s354_w3_1045_1120_r1  n=  1  avg=+220.8%  med=+220.8%  realized=$+106.00
  b309|lab0309_s354_w3_1045_1120_r2  n=  1  avg=+175.0%  med=+175.0%  realized=$+84.00
  b30|c030_s165_w3_1045_1120_r2  n=  9  avg=+38.8%  med=+0.0%  realized=$+260.00
  b30|c030_s173_w3_1045_1120_r2  n=  2  avg=-9.5%  med=+0.0%  realized=$-14.00
  b30|lab0030_s203_w4_1120_1135_r1  n=  1  avg=-51.2%  med=-51.2%  realized=$-21.00
  b310|lab0310_s354_w4_1120_1135_r1  n=  1  avg=+116.7%  med=+116.7%  realized=$+84.00
  b311|lab0311_s354_w4_1120_1135_r2  n=  1  avg=+290.5%  med=+290.5%  realized=$+122.00
  b312|lab0312_s355_w1_0928_1005_r1  n=  1  avg=+91.5%  med=+91.5%  realized=$+43.00
  b313|lab0313_s355_w1_0928_1005_r2  n=  1  avg=+85.1%  med=+85.1%  realized=$+40.00
  b314|lab0314_s355_w2_1005_1045_r1  n=  1  avg=+138.6%  med=+138.6%  realized=$+61.00
  b315|lab0315_s355_w2_1005_1045_r2  n=  1  avg=+95.5%  med=+95.5%  realized=$+42.00
  b316|lab0316_s355_w3_1045_1120_r1  n=  1  avg=+193.8%  med=+193.8%  realized=$+93.00
  b317|lab0317_s355_w3_1045_1120_r2  n=  1  avg=+187.5%  med=+187.5%  realized=$+90.00
  b318|lab0318_s355_w4_1120_1135_r1  n=  1  avg=+292.9%  med=+292.9%  realized=$+123.00
  b319|lab0319_s355_w4_1120_1135_r2  n=  1  avg=+328.6%  med=+328.6%  realized=$+138.00
  b31|c031_s165_w4_1120_1135_r2  n=  2  avg=+145.5%  med=+175.8%  realized=$+192.00
  b31|lab0031_s203_w4_1120_1135_r2  n=  1  avg=-46.3%  med=-46.3%  realized=$-19.00
  b320|lab0320_s356_w1_0928_1005_r1  n=  1  avg=+37.9%  med=+37.9%  realized=$+22.00
  b321|lab0321_s356_w1_0928_1005_r2  n=  1  avg=+58.6%  med=+58.6%  realized=$+34.00
  b328|lab0328_s357_w1_0928_1005_r1  n=  1  avg=+47.1%  med=+47.1%  realized=$+32.00
  b329|lab0329_s357_w1_0928_1005_r2  n=  1  avg=+47.1%  med=+47.1%  realized=$+32.00
  b344|lab0344_s359_w1_0928_1005_r1  n=  1  avg=+142.9%  med=+142.9%  realized=$+20.00
  b345|lab0345_s359_w1_0928_1005_r2  n=  1  avg=+228.6%  med=+228.6%  realized=$+32.00
  b346|lab0346_s359_w2_1005_1045_r1  n=  1  avg=+63.6%  med=+63.6%  realized=$+7.00
  b347|lab0347_s359_w2_1005_1045_r2  n=  1  avg=+54.5%  med=+54.5%  realized=$+6.00
  b350|lab0350_s360_w2_1005_1045_r1  n=  1  avg=+63.6%  med=+63.6%  realized=$+7.00
  b351|lab0351_s360_w2_1005_1045_r2  n=  1  avg=+54.5%  med=+54.5%  realized=$+6.00
  b352|lab0352_s360_w3_1045_1120_r1  n=  1  avg=-50.0%  med=-50.0%  realized=$-6.00
  b353|lab0353_s360_w3_1045_1120_r2  n=  1  avg=-50.0%  med=-50.0%  realized=$-6.00
  b354|lab0354_s360_w4_1120_1135_r1  n=  1  avg=-33.3%  med=-33.3%  realized=$-6.00
  b355|lab0355_s360_w4_1120_1135_r2  n=  2  avg=-55.2%  med=-54.8%  realized=$-33.00
  b364|lab0364_s361_w2_1005_1045_r1  n=  1  avg=+81.8%  med=+81.8%  realized=$+27.00
  b365|lab0365_s361_w2_1005_1045_r2  n=  1  avg=+55.9%  med=+55.9%  realized=$+19.00
  b376|lab0376_s362_w1_0928_1005_r1  n=  1  avg=+114.3%  med=+114.3%  realized=$+40.00
  b377|lab0377_s362_w1_0928_1005_r2  n=  1  avg=+122.9%  med=+122.9%  realized=$+43.00
  b378|lab0378_s362_w2_1005_1045_r1  n=  1  avg=+70.6%  med=+70.6%  realized=$+24.00
  b379|lab0379_s362_w2_1005_1045_r2  n=  1  avg=+38.2%  med=+38.2%  realized=$+13.00
  b390|lab0390_s363_w1_0928_1005_r1  n=  1  avg=+106.5%  med=+106.5%  realized=$+33.00
  b391|lab0391_s363_w1_0928_1005_r2  n=  1  avg=+103.2%  med=+103.2%  realized=$+32.00
  b392|lab0392_s363_w2_1005_1045_r1  n=  1  avg=+64.3%  med=+64.3%  realized=$+18.00
  b393|lab0393_s363_w2_1005_1045_r2  n=  1  avg=+60.7%  med=+60.7%  realized=$+17.00
  b405|lab0405_s364_w1_0928_1005_r2  n=  1  avg=+50.0%  med=+50.0%  realized=$+25.00
  b406|lab0406_s364_w2_1005_1045_r1  n=  1  avg=+60.0%  med=+60.0%  realized=$+30.00
  b407|lab0407_s364_w2_1005_1045_r2  n=  1  avg=+56.0%  med=+56.0%  realized=$+28.00
  b410|lab0410_s364_w4_1120_1135_r1  n=  1  avg=+233.3%  med=+233.3%  realized=$+84.00
  b411|lab0411_s364_w4_1120_1135_r2  n=  1  avg=+188.9%  med=+188.9%  realized=$+68.00
  b48|c048_s164_w1_0928_1005_r2  n=  5  avg=-33.1%  med=-49.1%  realized=$-91.00
  b48|c048_s165_w1_0928_1005_r3  n= 16  avg=-35.9%  med=-49.1%  realized=$-344.00
  b49|c049_s164_w2_1005_1045_r2  n=  4  avg=-51.8%  med=-44.0%  realized=$-133.00
  b49|c049_s165_w2_1005_1045_r3  n= 15  avg=-49.3%  med=-49.1%  realized=$-458.00
  b50|c050_s164_w3_1045_1120_r2  n=  4  avg=-39.6%  med=-16.7%  realized=$-115.00
  b50|c050_s165_w3_1045_1120_r3  n=  9  avg=-23.6%  med=-23.1%  realized=$-142.00
  b51|c051_s165_w4_1120_1135_r3  n=  1  avg=+263.6%  med=+263.6%  realized=$+174.00
  b56|g056_lim_tp20_sl65  n=  1  avg=+47.7%  med=+47.7%  realized=$+20.52
  b57|g057_mid_tp20_sl65  n=  1  avg=+47.7%  med=+47.7%  realized=$+20.52
  b58|g058_eod_tp20_sl65  n=  1  avg=+59.1%  med=+59.1%  realized=$+25.41
  b68|c068_s165_w1_0928_1005_r4  n= 16  avg=-51.3%  med=-49.1%  realized=$-446.00
  b68|c068_s166_w1_0928_1005_r3  n=  4  avg=-52.7%  med=-49.1%  realized=$-116.00
  b69|c069_s165_w2_1005_1045_r4  n= 11  avg=+19.0%  med=-43.6%  realized=$-179.00
  b69|c069_s166_w2_1005_1045_r3  n=  4  avg=+10.1%  med=-40.0%  realized=$-87.00
  b70|c070_s165_w3_1045_1120_r4  n= 11  avg=-2.1%  med=-16.9%  realized=$-6.00
  b70|c070_s166_w3_1045_1120_r3  n=  4  avg=-42.5%  med=-27.0%  realized=$-124.00
  b70|g070_eod_tp30_sl20  n=  1  avg=+59.1%  med=+59.1%  realized=$+27.77
  b76|c076_s164_w1_0928_1005_r3  n=  1  avg=-50.0%  med=-50.0%  realized=$-2.00
  b776|lab0776_s397_w1_0928_1005_r1  n=  1  avg=+40.4%  med=+40.4%  realized=$+23.00
  b777|lab0777_s397_w1_0928_1005_r2  n=  1  avg=+38.6%  med=+38.6%  realized=$+22.00
  b778|lab0778_s397_w2_1005_1045_r1  n=  1  avg=+51.4%  med=+51.4%  realized=$+37.00
  b779|lab0779_s397_w2_1005_1045_r2  n=  1  avg=+43.7%  med=+43.7%  realized=$+31.00
  b780|lab0780_s397_w3_1045_1120_r1  n=  1  avg=+114.8%  med=+114.8%  realized=$+70.00
  b781|lab0781_s397_w3_1045_1120_r2  n=  1  avg=+116.4%  med=+116.4%  realized=$+71.00
  b783|lab0783_s397_w4_1120_1135_r2  n=  1  avg=+151.6%  med=+151.6%  realized=$+94.00
  b784|lab0784_s398_w1_0928_1005_r1  n=  1  avg=+49.0%  med=+49.0%  realized=$+24.00
  b785|lab0785_s398_w1_0928_1005_r2  n=  1  avg=+49.0%  med=+49.0%  realized=$+24.00
  b786|lab0786_s398_w2_1005_1045_r1  n=  1  avg=+66.1%  med=+66.1%  realized=$+37.00
  b787|lab0787_s398_w2_1005_1045_r2  n=  1  avg=+78.6%  med=+78.6%  realized=$+44.00
  b788|lab0788_s398_w3_1045_1120_r1  n=  1  avg=+175.6%  med=+175.6%  realized=$+79.00
  b789|lab0789_s398_w3_1045_1120_r2  n=  1  avg=+157.8%  med=+157.8%  realized=$+71.00
  b790|lab0790_s398_w4_1120_1135_r1  n=  1  avg=+311.9%  med=+311.9%  realized=$+131.00
  b791|lab0791_s398_w4_1120_1135_r2  n=  1  avg=+338.1%  med=+338.1%  realized=$+142.00
  b792|lab0792_s399_w1_0928_1005_r1  n=  1  avg=+140.0%  med=+140.0%  realized=$+35.00
  b793|lab0793_s399_w1_0928_1005_r2  n=  1  avg=+52.6%  med=+52.6%  realized=$+20.00
  b794|lab0794_s399_w2_1005_1045_r1  n=  1  avg=+84.0%  med=+84.0%  realized=$+21.00
  b795|lab0795_s399_w2_1005_1045_r2  n=  1  avg=+92.0%  med=+92.0%  realized=$+23.00
  b798|lab0798_s399_w4_1120_1135_r1  n=  1  avg=+134.0%  med=+134.0%  realized=$+67.00
  b799|lab0799_s399_w4_1120_1135_r2  n=  1  avg=+186.5%  med=+186.5%  realized=$+69.00
  b800|lab0800_s404_w1_0928_1005_r1  n=  1  avg=+38.6%  med=+38.6%  realized=$+22.00
  b801|lab0801_s404_w1_0928_1005_r2  n=  1  avg=+31.6%  med=+31.6%  realized=$+18.00
  b802|lab0802_s404_w2_1005_1045_r1  n=  1  avg=+45.1%  med=+45.1%  realized=$+32.00
  b803|lab0803_s404_w2_1005_1045_r2  n=  1  avg=+46.3%  med=+46.3%  realized=$+31.00
  b804|lab0804_s404_w3_1045_1120_r1  n=  1  avg=+106.6%  med=+106.6%  realized=$+65.00
  b805|lab0805_s404_w3_1045_1120_r2  n=  1  avg=+86.9%  med=+86.9%  realized=$+53.00
  b806|lab0806_s404_w4_1120_1135_r1  n=  1  avg=+145.2%  med=+145.2%  realized=$+90.00
  b807|lab0807_s404_w4_1120_1135_r2  n=  1  avg=+124.2%  med=+124.2%  realized=$+77.00
  b814|lab0814_s405_w1_0928_1005_r1  n=  1  avg=+53.1%  med=+53.1%  realized=$+26.00
  b815|lab0815_s405_w1_0928_1005_r2  n=  1  avg=+46.9%  med=+46.9%  realized=$+23.00
  b816|lab0816_s405_w2_1005_1045_r1  n=  1  avg=+69.6%  med=+69.6%  realized=$+39.00
  b817|lab0817_s405_w2_1005_1045_r2  n=  1  avg=+57.1%  med=+57.1%  realized=$+32.00
  b818|lab0818_s405_w3_1045_1120_r1  n=  1  avg=+142.2%  med=+142.2%  realized=$+64.00
  b819|lab0819_s405_w3_1045_1120_r2  n=  1  avg=+122.2%  med=+122.2%  realized=$+55.00
  b820|lab0820_s405_w4_1120_1135_r1  n=  1  avg=+254.8%  med=+254.8%  realized=$+107.00
  b821|lab0821_s405_w4_1120_1135_r2  n=  1  avg=+242.9%  med=+242.9%  realized=$+102.00
  b828|lab0828_s406_w1_0928_1005_r1  n=  1  avg=+72.5%  med=+72.5%  realized=$+37.00
  b829|lab0829_s406_w1_0928_1005_r2  n=  1  avg=+68.6%  med=+68.6%  realized=$+35.00
  b834|lab0834_s406_w4_1120_1135_r1  n=  1  avg=+44.0%  med=+44.0%  realized=$+11.00
  b835|lab0835_s406_w4_1120_1135_r2  n=  1  avg=-56.0%  med=-56.0%  realized=$-14.00
  b842|lab0842_s407_w1_0928_1005_r1  n=  1  avg=+140.0%  med=+140.0%  realized=$+28.00
  b843|lab0843_s407_w1_0928_1005_r2  n=  1  avg=+125.0%  med=+125.0%  realized=$+25.00
  b844|lab0844_s407_w2_1005_1045_r1  n=  1  avg=+44.9%  med=+44.9%  realized=$+22.00
  b845|lab0845_s407_w2_1005_1045_r2  n=  1  avg=+38.8%  med=+38.8%  realized=$+19.00
  b848|lab0848_s407_w4_1120_1135_r1  n=  1  avg=-95.9%  med=-95.9%  realized=$-47.00
  b849|lab0849_s407_w4_1120_1135_r2  n=  1  avg=-66.7%  med=-66.7%  realized=$-2.00
  b858|lab0858_s408_w2_1005_1045_r1  n=  1  avg=+41.9%  med=+41.9%  realized=$+13.00
  b859|lab0859_s408_w2_1005_1045_r2  n=  1  avg=+45.2%  med=+45.2%  realized=$+14.00
  b88|c088_s165_w1_0928_1005_r5  n= 21  avg=-5.0%  med=-2.7%  realized=$-63.00
  b88|c088_s167_w1_0928_1005_r4  n=  4  avg=-12.7%  med=+30.9%  realized=$-28.00
  b89|c089_s165_w2_1005_1045_r5  n=  7  avg=+113.1%  med=+30.9%  realized=$+67.00
  b89|c089_s167_w2_1005_1045_r4  n=  2  avg=-16.2%  med=+30.9%  realized=$-22.00
  b8|c008_s165_w1_0928_1005_r1  n= 23  avg=-19.6%  med=-35.3%  realized=$-250.00
  b901|lab0901_s411_w2_1005_1045_r2  n=  1  avg=+36.1%  med=+36.1%  realized=$+22.00
  b902|lab0902_s411_w3_1045_1120_r1  n=  1  avg=+61.7%  med=+61.7%  realized=$+29.00
  b903|lab0903_s411_w3_1045_1120_r2  n=  1  avg=+57.5%  med=+57.5%  realized=$+27.00
  b905|lab0905_s411_w4_1120_1135_r2  n=  1  avg=+13.1%  med=+13.1%  realized=$+8.00
  b90|c090_s165_w3_1045_1120_r5  n= 13  avg=+7.7%  med=+0.0%  realized=$+47.00
  b90|c090_s167_w3_1045_1120_r4  n=  4  avg=-41.6%  med=-18.9%  realized=$-123.00
  b914|lab0914_s412_w2_1005_1045_r1  n=  1  avg=+117.7%  med=+117.7%  realized=$+40.00
  b915|lab0915_s412_w2_1005_1045_r2  n=  1  avg=+85.3%  med=+85.3%  realized=$+29.00
  b91|c091_s165_w4_1120_1135_r5  n=  2  avg=+222.0%  med=+247.0%  realized=$+293.00
  b94|lab0094_s211_w1_0928_1005_r1  n=  1  avg=-51.5%  med=-51.5%  realized=$-35.00
  b95|lab0095_s211_w1_0928_1005_r2  n=  1  avg=-57.4%  med=-57.4%  realized=$-39.00
  b97|lab0097_s211_w2_1005_1045_r2  n=  1  avg=-46.1%  med=-46.1%  realized=$-30.00
  b99|lab0099_s211_w3_1045_1120_r2  n=  1  avg=+52.8%  med=+52.8%  realized=$+28.00
  b9|c009_s165_w2_1005_1045_r1  n=  7  avg=-74.4%  med=-66.2%  realized=$-301.00
========================================================
+========================================================================+
|  OPTIONS BOT SUMMARY                                                   |
+------------------------------------------------------------------------+
|  Mode                          after_hours                             |
|  Equity                        $140,606.53                             |
|  Signals this run              0                                       |
|  Orders submitted (session)    0                                       |
|  Orders filled today (ledger)  0                                       |
|  Entries placed this run       0                                       |
|  Open virtual lots             105                                     |
|  Broker option positions       20                                      |
|  Unattributed contracts        1 (orphan reconcile)                    |
|  Pending orders                0                                       |
+========================================================================+
+========================================================================+
|  BUCKET LEADERBOARD (reflected ex-S173,S174)                           |
+------------------------------------------------------------------------+
|  Reflected trades=456  buckets=188  win=47%                            |
|  Returns   avg=+27.0%  med=-7.7%  p10=-64.9%  p90=+142.5%              |
|  Realized  $+9,411.13                                                  |
|  Raw incl dropped  trades=990  real=$+7,815.58                         |
+------------------------------------------------------------------------+
|  BKT PROFILE               N  WIN  AVG%   MED%   BEST%  REAL$          |
+------------------------------------------------------------------------+
|  b196 lab0196_s218_w3_10  1 100% +906.2 +906.2 +906.2 $   +145         |
|  b197 lab0197_s218_w3_10  1 100% +737.5 +737.5 +737.5 $   +118         |
|  b181 lab0181_s217_w2_10  2 100% +538.4 +538.4 +1007.1 $   +173        |
|  b180 lab0180_s217_w2_10  2 100% +469.8 +469.8 +885.7 $   +152         |
|  b791 lab0791_s398_w4_11  1 100% +338.1 +338.1 +338.1 $   +142         |
|  b319 lab0319_s355_w4_11  1 100% +328.6 +328.6 +328.6 $   +138         |
|  b790 lab0790_s398_w4_11  1 100% +311.9 +311.9 +311.9 $   +131         |
|  b318 lab0318_s355_w4_11  1 100% +292.9 +292.9 +292.9 $   +123         |
|  ... 180 more bucket(s) with exits                                     |
+------------------------------------------------------------------------+
|  Low  b848 lab0848_s407_w4_11  1   0% -95.9 -95.9 -95.9 $    -47       |
+========================================================================+
+========================================================================+
|  PENDING EXITS (1)                                                     |
+------------------------------------------------------------------------+
|  b863 S408 NVDA260805C00222500 x1 stop_loss (-53.3%)                   |
+========================================================================+
+========================================================================+
|  OPEN OPTIONS (20)                                                     |
+------------------------------------------------------------------------+
|  SYMBOL                      QTY    RET%        OPEN P&L               |
|------------------------------------------------------------------------|
|  OXY260807C00058000           23    -25.5%   $   -402.00               |
|  NVDA260805C00217500          18    -22.5%   $   -115.00               |
|  AAPL260814C00330000           6    -29.7%   $   -106.50               |
|  OXY260807C00059000            4    -30.5%   $    -58.00               |
|  T260807C00023000              6    +11.1%   $    +42.00               |
|  AAPL260821C00335000           4    -14.1%   $    -36.00               |
|  NVDA260810C00225000           4    -24.6%   $    -34.00               |
|  DKNG260807C00025500           4    -17.6%   $    -30.00               |
|  ... 12 more position(s)                                               |
+========================================================================+
Full detail: logs/options_trial/runs/2026-08-04.log
elapsed=0.4s reconcile=0.1s

