=== 00:54:01 ET — after hours (exit summary) [elapsed=2.4s reconcile=2.03s] ===
=== options_morning_bot (PAPER) 2026-07-21T00:54:01.072770-04:00 ===

[Run context]
After hours (00:54 ET) — exit summary only.
Paper auth OK — equity $132131.73, account PA36KS87UPRS
  reconcile: layout changed controlled:100:c000_s173_w1_0928_1005_r1 -> controlled:140:c000_s173_w1_0928_1005_r1
  reconcile: entry fill b83|S173 CRM x1 @ 0.62
  reconcile: entry fill b63|S173 CRM x1 @ 0.62
  reconcile: entry fill b43|S173 CRM x1 @ 0.62
  reconcile: entry fill b23|S173 CRM x1 @ 0.62
  reconcile: entry fill b3|S173 CRM x1 @ 0.62
  reconcile: entry fill b82|S173 CRM x1 @ 0.70
  reconcile: entry fill b62|S173 CRM x1 @ 0.70
  reconcile: entry fill b42|S173 CRM x1 @ 0.70
  reconcile: entry fill b22|S173 CRM x1 @ 0.70
  reconcile: entry fill b2|S173 CRM x1 @ 0.70
  reconcile: entry fill b81|S173 CRM x1 @ 0.57
  reconcile: entry fill b61|S173 CRM x1 @ 0.57
  reconcile: entry fill b41|S173 CRM x1 @ 0.57
  reconcile: entry fill b21|S173 CRM x1 @ 0.57
  reconcile: entry fill b1|S173 CRM x1 @ 0.57
  reconcile: entry fill b80|S173 CRM x1 @ 0.63
  reconcile: entry fill b60|S173 CRM x1 @ 0.63
  reconcile: entry fill b40|S173 CRM x1 @ 0.63
  reconcile: entry fill b20|S173 CRM x1 @ 0.63
  reconcile: entry fill b0|S173 CRM x1 @ 0.63
  reconcile: entry fill b91|S165 META x1 @ 0.66
  reconcile: entry fill b71|S165 META x1 @ 0.66
  reconcile: entry fill b51|S165 META x1 @ 0.66
  reconcile: entry fill b31|S165 META x1 @ 0.66
  reconcile: entry fill b11|S165 META x1 @ 0.66
  reconcile: entry fill b83|S173 AMD x1 @ 0.52
  reconcile: entry fill b63|S173 AMD x1 @ 0.52
  reconcile: entry fill b43|S173 AMD x1 @ 0.52
  reconcile: entry fill b23|S173 AMD x1 @ 0.52
  reconcile: entry fill b3|S173 AMD x1 @ 0.52
  reconcile: entry fill b90|S165 META x1 @ 0.74
  reconcile: entry fill b70|S165 META x1 @ 0.74
  reconcile: entry fill b50|S165 META x1 @ 0.74
  reconcile: entry fill b30|S165 META x1 @ 0.74
  reconcile: entry fill b10|S165 META x1 @ 0.74
  reconcile: entry fill b82|S173 AMD x1 @ 0.67
  reconcile: entry fill b62|S173 AMD x1 @ 0.67
  reconcile: entry fill b42|S173 AMD x1 @ 0.67
  reconcile: entry fill b22|S173 AMD x1 @ 0.67
  reconcile: entry fill b2|S173 AMD x1 @ 0.67
  reconcile: entry fill b89|S165 META x1 @ 0.68
  reconcile: entry fill b69|S165 META x1 @ 0.68
  reconcile: entry fill b49|S165 META x1 @ 0.68
  reconcile: entry fill b29|S165 META x1 @ 0.68
  reconcile: entry fill b9|S165 META x1 @ 0.68
  reconcile: entry fill b81|S173 AMD x1 @ 0.66
  reconcile: entry fill b61|S173 AMD x1 @ 0.66
  reconcile: entry fill b41|S173 AMD x1 @ 0.66
  reconcile: entry fill b21|S173 AMD x1 @ 0.66
  reconcile: entry fill b1|S173 AMD x1 @ 0.66
  reconcile: entry fill b40|S173 AMZN x1 @ 0.47
  reconcile: entry fill b0|S173 AMZN x1 @ 0.47
  reconcile: entry fill b88|S165 GOOGL x1 @ 0.55
  reconcile: entry fill b68|S165 GOOGL x1 @ 0.55
  reconcile: entry fill b48|S165 GOOGL x1 @ 0.55
  reconcile: entry fill b28|S165 GOOGL x1 @ 0.55
  reconcile: entry fill b8|S165 GOOGL x1 @ 0.55
  reconcile: entry fill b80|S173 AMZN x1 @ 0.51
  reconcile: entry fill b60|S173 AMZN x1 @ 0.51
  reconcile: entry fill b20|S173 AMZN x1 @ 0.51
  reconcile: entry fill b63|S173 LULU x1 @ 0.57
  reconcile: entry fill b43|S173 LULU x1 @ 0.57
  reconcile: entry fill b83|S173 LULU x1 @ 0.63
  reconcile: entry fill b23|S173 LULU x1 @ 0.63
  reconcile: entry fill b62|S173 LULU x1 @ 0.58
  reconcile: entry fill b42|S173 AMD x1 @ 0.68
  reconcile: entry fill b82|S173 LULU x1 @ 0.47
  reconcile: entry fill b2|S173 AMD x1 @ 0.70
  reconcile: entry fill b90|S165 AVGO x1 @ 0.60
  reconcile: entry fill b70|S165 AVGO x1 @ 0.60
  reconcile: entry fill b50|S165 AVGO x1 @ 0.60
  reconcile: entry fill b30|S165 AVGO x1 @ 0.60
  reconcile: entry fill b10|S165 AVGO x1 @ 0.60
  reconcile: entry fill b22|S173 AMD x1 @ 0.67
  reconcile: entry fill b81|S173 AMD x1 @ 0.68
  reconcile: entry fill b61|S173 AMD x1 @ 0.68
  reconcile: entry fill b41|S173 AMD x1 @ 0.68
  reconcile: entry fill b21|S173 AMD x1 @ 0.68
  reconcile: entry fill b1|S173 AMD x1 @ 0.68
  reconcile: entry fill b89|S165 AVGO x1 @ 0.50
  reconcile: entry fill b69|S165 AVGO x1 @ 0.50
  reconcile: entry fill b49|S165 AVGO x1 @ 0.50
  reconcile: entry fill b29|S165 AVGO x1 @ 0.50
  reconcile: entry fill b9|S165 AVGO x1 @ 0.50
  reconcile: entry fill b48|S165 AVGO x1 @ 0.73
  reconcile: entry fill b20|S173 AAL x1 @ 0.56
  reconcile: entry fill b88|S165 AVGO x1 @ 0.55
  reconcile: entry fill b68|S165 AVGO x1 @ 0.55
  reconcile: entry fill b48|S165 AVGO x1 @ 0.55
  reconcile: entry fill b28|S165 AVGO x1 @ 0.55
  reconcile: entry fill b8|S165 AVGO x1 @ 0.55
  reconcile: entry fill b80|S173 UAL x1 @ 0.65
  reconcile: entry fill b60|S173 UAL x1 @ 0.65
  reconcile: entry fill b40|S173 UAL x1 @ 0.65
  reconcile: entry fill b0|S173 UAL x1 @ 0.65
  reconcile: entry fill b83|S173 ADBE x1 @ 0.40
  reconcile: entry fill b63|S173 ADBE x1 @ 0.40
  reconcile: entry fill b43|S173 ADBE x1 @ 0.40
  reconcile: entry fill b23|S173 ADBE x1 @ 0.40
  reconcile: entry fill b3|S173 ADBE x1 @ 0.40
  reconcile: entry fill b90|S165 BSX x1 @ 0.65
  reconcile: entry fill b70|S165 BSX x1 @ 0.65
  reconcile: entry fill b50|S165 BSX x1 @ 0.65
  reconcile: entry fill b30|S165 BSX x1 @ 0.65
  reconcile: entry fill b10|S165 BSX x1 @ 0.65
  reconcile: entry fill b82|S173 ADBE x1 @ 0.48
  reconcile: entry fill b62|S173 ADBE x1 @ 0.48
  reconcile: entry fill b42|S173 ADBE x1 @ 0.48
  reconcile: entry fill b22|S173 ADBE x1 @ 0.48
  reconcile: entry fill b2|S173 ADBE x1 @ 0.48
  reconcile: entry fill b49|S165 GEHC x1 @ 0.70
  reconcile: entry fill b1|S173 C x1 @ 0.54
  reconcile: entry fill b89|S165 BSX x1 @ 0.10
  reconcile: entry fill b69|S165 BSX x1 @ 0.10
  reconcile: entry fill b29|S165 BSX x1 @ 0.10
  reconcile: entry fill b9|S165 BSX x1 @ 0.10
  reconcile: entry fill b81|S173 C x1 @ 0.73
  reconcile: entry fill b61|S173 C x1 @ 0.73
  reconcile: entry fill b41|S173 C x1 @ 0.73
  reconcile: entry fill b21|S173 C x1 @ 0.73
  reconcile: entry fill b20|S173 C x1 @ 0.48
  reconcile: entry fill b0|S173 C x1 @ 0.48
  reconcile: entry fill b88|S165 MSFT x1 @ 0.51
  reconcile: entry fill b68|S165 MSFT x1 @ 0.51
  reconcile: entry fill b48|S165 MSFT x1 @ 0.51
  reconcile: entry fill b28|S165 MSFT x1 @ 0.51
  reconcile: entry fill b8|S165 MSFT x1 @ 0.51
  reconcile: entry fill b80|S173 C x1 @ 0.22
  reconcile: entry fill b60|S173 C x1 @ 0.22
  reconcile: entry fill b40|S173 C x1 @ 0.22
  reconcile: entry fill b67|S174 INTC x1 @ 0.59
  reconcile: entry fill b47|S174 INTC x1 @ 0.59
  reconcile: entry fill b27|S174 INTC x1 @ 0.59
  reconcile: entry fill b83|S173 AMD x1 @ 0.65
  reconcile: entry fill b63|S173 AMD x1 @ 0.65
  reconcile: entry fill b43|S173 AMD x1 @ 0.65
  reconcile: entry fill b23|S173 AMD x1 @ 0.65
  reconcile: entry fill b3|S173 AMD x1 @ 0.65
  reconcile: entry fill b66|S174 INTC x1 @ 0.59
  reconcile: entry fill b70|S165 HL x1 @ 0.67
  reconcile: entry fill b62|S173 AMD x1 @ 0.05
  reconcile: entry fill b26|S174 AVGO x1 @ 0.49
  reconcile: entry fill b6|S174 AVGO x1 @ 0.49
  reconcile: entry fill b2|S173 AMD x1 @ 0.70
  reconcile: entry fill b50|S165 HL x1 @ 0.66
  reconcile: entry fill b30|S165 HL x1 @ 0.66
  reconcile: entry fill b42|S173 AMD x1 @ 0.54
  reconcile: entry fill b22|S173 AMD x1 @ 0.54
  reconcile: entry fill b25|S174 AVGO x1 @ 0.46
  reconcile: entry fill b89|S165 INTC x1 @ 0.55
  reconcile: entry fill b69|S165 INTC x1 @ 0.55
  reconcile: entry fill b49|S165 INTC x1 @ 0.55
  reconcile: entry fill b29|S165 INTC x1 @ 0.55
  reconcile: entry fill b9|S165 INTC x1 @ 0.55
  reconcile: entry fill b81|S173 SMCI x1 @ 0.61
  reconcile: entry fill b61|S173 SMCI x1 @ 0.61
  reconcile: entry fill b41|S173 SMCI x1 @ 0.61
  reconcile: entry fill b21|S173 SMCI x1 @ 0.61
  reconcile: entry fill b1|S173 SMCI x1 @ 0.61
  reconcile: entry fill b60|S173 NEM x1 @ 0.33
  reconcile: entry fill b40|S173 SMCI x1 @ 0.58
  reconcile: entry fill b68|S165 INTC x1 @ 0.55
  reconcile: entry fill b20|S173 SMCI x1 @ 0.70
  reconcile: entry fill b48|S165 INTC x1 @ 0.71
  reconcile: entry fill b28|S165 INTC x1 @ 0.71
  reconcile: entry fill b8|S165 INTC x1 @ 0.71
  reconcile: entry fill b0|S173 SMCI x1 @ 0.73
  reconcile: entry fill b87|S174 INTC x1 @ 0.71
  reconcile: entry fill b67|S174 INTC x1 @ 0.71
  reconcile: entry fill b47|S174 INTC x1 @ 0.71
  reconcile: entry fill b27|S174 INTC x1 @ 0.71
  reconcile: entry fill b7|S174 INTC x1 @ 0.71
  reconcile: entry fill b83|S173 T x1 @ 0.15
  reconcile: entry fill b63|S173 T x1 @ 0.15
  reconcile: entry fill b43|S173 T x1 @ 0.15
  reconcile: entry fill b23|S173 T x1 @ 0.15
  reconcile: entry fill b3|S173 T x1 @ 0.15
  reconcile: entry fill b90|S165 INTC x1 @ 0.48
  reconcile: entry fill b70|S165 INTC x1 @ 0.48
  reconcile: entry fill b50|S165 INTC x1 @ 0.48
  reconcile: entry fill b30|S165 INTC x1 @ 0.48
  reconcile: entry fill b10|S165 INTC x1 @ 0.48
  reconcile: entry fill b86|S174 INTC x1 @ 0.70
  reconcile: entry fill b86|S174 INTC x1 @ 0.74
  reconcile: entry fill b86|S174 INTC x1 @ 0.58
  reconcile: entry fill b66|S174 INTC x1 @ 0.58
  reconcile: entry fill b46|S174 INTC x1 @ 0.58
  reconcile: entry fill b26|S174 INTC x1 @ 0.58
  reconcile: entry fill b6|S174 INTC x1 @ 0.58
  reconcile: entry fill b82|S173 T x1 @ 0.42
  reconcile: entry fill b62|S173 T x1 @ 0.42
  reconcile: entry fill b42|S173 T x1 @ 0.42
  reconcile: entry fill b22|S173 T x1 @ 0.42
  reconcile: entry fill b2|S173 T x1 @ 0.42
  reconcile: entry fill b85|S174 INTC x1 @ 0.72
  reconcile: entry fill b85|S174 INTC x1 @ 0.71
  reconcile: entry fill b85|S174 INTC x1 @ 0.55
  reconcile: entry fill b85|S174 INTC x1 @ 0.67
  reconcile: entry fill b85|S174 INTC x1 @ 0.59
  reconcile: entry fill b85|S174 INTC x1 @ 0.60
  reconcile: entry fill b85|S174 INTC x1 @ 0.62
  reconcile: entry fill b84|S174 INTC x1 @ 0.62
  reconcile: entry fill b65|S174 INTC x1 @ 0.62
  reconcile: entry fill b45|S174 INTC x1 @ 0.62
  reconcile: entry fill b25|S174 INTC x1 @ 0.62
  reconcile: entry fill b5|S174 INTC x1 @ 0.62
  reconcile: entry fill b81|S173 T x1 @ 0.16
  reconcile: entry fill b61|S173 T x1 @ 0.16
  reconcile: entry fill b41|S173 T x1 @ 0.16
  reconcile: entry fill b21|S173 T x1 @ 0.16
  reconcile: entry fill b1|S173 T x1 @ 0.16
  reconcile: entry fill b84|S174 INTC x1 @ 0.61
  reconcile: entry fill b84|S174 INTC x1 @ 0.64
  reconcile: entry fill b84|S174 INTC x1 @ 0.60
  reconcile: entry fill b64|S174 INTC x1 @ 0.60
  reconcile: entry fill b44|S174 INTC x1 @ 0.60
  reconcile: entry fill b24|S174 INTC x1 @ 0.61
  reconcile: entry fill b4|S174 INTC x1 @ 0.61
  reconcile: entry fill b84|S174 INTC x1 @ 0.66
  reconcile: entry fill b64|S174 INTC x1 @ 0.66
  reconcile: entry fill b44|S174 INTC x1 @ 0.66
  reconcile: entry fill b24|S174 INTC x1 @ 0.66
  reconcile: entry fill b4|S174 INTC x1 @ 0.66
  reconcile: entry fill b88|S165 INTC x1 @ 0.65
  reconcile: entry fill b88|S165 INTC x1 @ 0.74
  reconcile: entry fill b68|S165 INTC x1 @ 0.74
  reconcile: entry fill b48|S165 INTC x1 @ 0.74
  reconcile: entry fill b28|S165 INTC x1 @ 0.74
  reconcile: entry fill b8|S165 INTC x1 @ 0.74
  reconcile: entry fill b80|S173 T x1 @ 0.35
  reconcile: entry fill b60|S173 T x1 @ 0.35
  reconcile: entry fill b40|S173 T x1 @ 0.35
  reconcile: entry fill b20|S173 T x1 @ 0.35
  reconcile: entry fill b88|S165 INTC x1 @ 0.47
  reconcile: entry fill b68|S165 INTC x1 @ 0.47
  reconcile: entry fill b48|S165 INTC x1 @ 0.47
  reconcile: entry fill b28|S165 INTC x1 @ 0.47
  reconcile: entry fill b8|S165 INTC x1 @ 0.47
  reconcile: entry fill b80|S173 T x1 @ 0.29
  reconcile: entry fill b60|S173 T x1 @ 0.30
  reconcile: entry fill b40|S173 T x1 @ 0.30
  reconcile: entry fill b20|S173 T x1 @ 0.29
  reconcile: entry fill b91|S165 GOOGL x1 @ 0.56
  reconcile: entry fill b87|S174 PSKY x1 @ 0.08
  reconcile: entry fill b67|S174 PSKY x1 @ 0.08
  reconcile: entry fill b47|S174 PSKY x1 @ 0.08
  reconcile: entry fill b27|S174 PSKY x1 @ 0.08
  reconcile: entry fill b7|S174 PSKY x1 @ 0.08
  reconcile: entry fill b91|S165 GOOGL x1 @ 0.57
  reconcile: entry fill b71|S165 GOOGL x1 @ 0.57
  reconcile: entry fill b51|S165 GOOGL x1 @ 0.57
  reconcile: removed 251 stale lot(s)

[Exit summary]
========================================================
OPTIONS EXIT SUMMARY — 2026-07-21
========================================================
Account equity: $132,131.73
Open positions: flat

No closed trades today.
========================================================

[Portfolio snapshot]
========================================================
OPTIONS TRIAL STATS
========================================================
Account equity: $132,131.73
Active buckets: 140 of 140 profiles ($500 virtual each) — paper unlimited mode

P&L summary
  Reflected (ex-S173,S174): $+5,522.13 all-time  |  $+0.00 today
  Raw (incl dropped):     $+3,090.58 all-time  |  $+0.00 today
  Open (not sold yet): $+0.00 unrealized (virtual lots)
  Premium deployed:    $0.00 in open positions
  Combined P&L:        $+5,522.13 (reflected realized + open virtual)

Ledger (master)
  Total events:     4466
  Today entries:    0
  Today exits (reflected): 0
  All-time exits (reflected): 213  wins 34%
  Avg return/trade: +2.1%  median -33.3%

Open virtual lots (by bucket)
  b8 c008_s165_w1_0928_1005_r1  prem=$     0  real=$-199.00  open=$ +0.00  lots=0  [-]
       buy: ask-0.01  sell: bid-0.01  tp=+50% sl=-50%
  b9 c009_s165_w2_1005_1045_r1  prem=$     0  real=$-203.00  open=$ +0.00  lots=0  [-]
       buy: ask-0.01  sell: bid-0.01  tp=+50% sl=-50%
  b10 c010_s165_w3_1045_1120_r1  prem=$     0  real=$-103.00  open=$ +0.00  lots=0  [-]
       buy: ask-0.01  sell: bid-0.01  tp=+50% sl=-50%
  (137 quiet bucket profile(s) — no trades yet)

Alpaca option positions
  (none)

Per-bucket exit stats (all time)
  b0|orphan_reconcile     n= 22  avg=+22.4%  med=-57.5%  realized=$+6,310.91
  b10|c010_s165_w3_1045_1120_r1  n=  5  avg=-30.2%  med=-18.9%  realized=$-103.00
  b28|c028_s165_w1_0928_1005_r2  n= 17  avg=+49.5%  med=+80.0%  realized=$+448.00
  b29|c029_s165_w2_1005_1045_r2  n=  9  avg=-23.3%  med=-50.0%  realized=$-221.00
  b30|c030_s165_w3_1045_1120_r2  n=  9  avg=+38.8%  med=+0.0%  realized=$+260.00
  b31|c031_s165_w4_1120_1135_r2  n=  2  avg=+145.5%  med=+175.8%  realized=$+192.00
  b48|c048_s165_w1_0928_1005_r3  n= 16  avg=-35.9%  med=-49.1%  realized=$-344.00
  b49|c049_s165_w2_1005_1045_r3  n= 15  avg=-49.3%  med=-49.1%  realized=$-458.00
  b50|c050_s165_w3_1045_1120_r3  n=  9  avg=-23.6%  med=-23.1%  realized=$-142.00
  b51|c051_s165_w4_1120_1135_r3  n=  1  avg=+263.6%  med=+263.6%  realized=$+174.00
  b56|g056_lim_tp20_sl65  n=  1  avg=+47.7%  med=+47.7%  realized=$+20.52
  b57|g057_mid_tp20_sl65  n=  1  avg=+47.7%  med=+47.7%  realized=$+20.52
  b58|g058_eod_tp20_sl65  n=  1  avg=+59.1%  med=+59.1%  realized=$+25.41
  b68|c068_s165_w1_0928_1005_r4  n= 16  avg=-51.3%  med=-49.1%  realized=$-446.00
  b69|c069_s165_w2_1005_1045_r4  n= 11  avg=+19.0%  med=-43.6%  realized=$-179.00
  b70|c070_s165_w3_1045_1120_r4  n= 11  avg=-2.1%  med=-16.9%  realized=$-6.00
  b70|g070_eod_tp30_sl20  n=  1  avg=+59.1%  med=+59.1%  realized=$+27.77
  b88|c088_s165_w1_0928_1005_r5  n= 21  avg=-5.0%  med=-2.7%  realized=$-63.00
  b89|c089_s165_w2_1005_1045_r5  n=  7  avg=+113.1%  med=+30.9%  realized=$+67.00
  b8|c008_s165_w1_0928_1005_r1  n= 18  avg=-18.8%  med=-33.3%  realized=$-199.00
  b90|c090_s165_w3_1045_1120_r5  n= 13  avg=+7.7%  med=+0.0%  realized=$+47.00
  b91|c091_s165_w4_1120_1135_r5  n=  2  avg=+222.0%  med=+247.0%  realized=$+293.00
  b9|c009_s165_w2_1005_1045_r1  n=  5  avg=-73.0%  med=-66.2%  realized=$-203.00
========================================================
+========================================================================+
|  OPTIONS BOT SUMMARY                                                   |
+------------------------------------------------------------------------+
|  Mode                          after_hours                             |
|  Equity                        $132,131.73                             |
|  Signals this run              0                                       |
|  Orders submitted (session)    0                                       |
|  Orders filled today (ledger)  0                                       |
|  Entries placed this run       0                                       |
|  Open virtual lots             0                                       |
|  Broker option positions       0                                       |
|  Pending orders                0                                       |
+========================================================================+
+========================================================================+
|  BUCKET LEADERBOARD (reflected ex-S173,S174)                           |
+------------------------------------------------------------------------+
|  Reflected trades=213  buckets=22  win=34%                             |
|  Returns   avg=+2.1%  med=-33.3%  p10=-64.9%  p90=+86.7%               |
|  Realized  $+5,522.13                                                  |
|  Raw incl dropped  trades=630  real=$+3,090.58                         |
+------------------------------------------------------------------------+
|  BKT PROFILE               N  WIN  AVG%   MED%   BEST%  REAL$          |
+------------------------------------------------------------------------+
|  b51  c051_s164_w4_1120_  1 100% +263.6 +263.6 +263.6 $   +174         |
|  b91  c091_s167_w4_1120_  2 100% +222.0 +222.0 +247.0 $   +293         |
|  b31  c031_s173_w4_1120_  2 100% +145.5 +145.5 +175.8 $   +192         |
|  b28  c028_s173_w1_0928_ 17  76% +49.5 +80.0 +102.0 $   +448           |
|  b58  c058_s173_w3_1045_  1 100% +59.1 +59.1 +59.1 $    +25            |
|  b56  c056_s173_w1_0928_  1 100% +47.7 +47.7 +47.7 $    +21            |
|  b57  c057_s173_w2_1005_  1 100% +47.7 +47.7 +47.7 $    +21            |
|  b89  c089_s167_w2_1005_  7  57% +113.1 +30.9 +790.0 $    +67          |
|  ... 14 more bucket(s) with exits                                      |
+------------------------------------------------------------------------+
|  Low  b9   c009_s165_w2_1005_  5   0% -73.0 -66.2 -92.7 $   -203       |
+========================================================================+
+========================================================================+
|  OPEN OPTIONS (0)                                                      |
+------------------------------------------------------------------------+
|  No open option positions                                              |
+========================================================================+
Full detail: logs/options_trial/runs/2026-07-21.log
elapsed=2.4s reconcile=2.03s

=== 09:00:41 ET — after hours (exit summary) [elapsed=1.7s reconcile=1.52s] ===
=== options_morning_bot (PAPER) 2026-07-21T09:00:41.871548-04:00 ===

[Run context]
After hours (09:00 ET) — exit summary only.
Paper auth OK — equity $134375.05, account PA36KS87UPRS
  reconcile: layout changed controlled:100:c000_s173_w1_0928_1005_r1 -> controlled:140:c000_s173_w1_0928_1005_r1
  reconcile: entry fill b83|S173 CRM x1 @ 0.62
  reconcile: entry fill b63|S173 CRM x1 @ 0.62
  reconcile: entry fill b43|S173 CRM x1 @ 0.62
  reconcile: entry fill b23|S173 CRM x1 @ 0.62
  reconcile: entry fill b3|S173 CRM x1 @ 0.62
  reconcile: entry fill b82|S173 CRM x1 @ 0.70
  reconcile: entry fill b62|S173 CRM x1 @ 0.70
  reconcile: entry fill b42|S173 CRM x1 @ 0.70
  reconcile: entry fill b22|S173 CRM x1 @ 0.70
  reconcile: entry fill b2|S173 CRM x1 @ 0.70
  reconcile: entry fill b81|S173 CRM x1 @ 0.57
  reconcile: entry fill b61|S173 CRM x1 @ 0.57
  reconcile: entry fill b41|S173 CRM x1 @ 0.57
  reconcile: entry fill b21|S173 CRM x1 @ 0.57
  reconcile: entry fill b1|S173 CRM x1 @ 0.57
  reconcile: entry fill b80|S173 CRM x1 @ 0.63
  reconcile: entry fill b60|S173 CRM x1 @ 0.63
  reconcile: entry fill b40|S173 CRM x1 @ 0.63
  reconcile: entry fill b20|S173 CRM x1 @ 0.63
  reconcile: entry fill b0|S173 CRM x1 @ 0.63
  reconcile: entry fill b91|S165 META x1 @ 0.66
  reconcile: entry fill b71|S165 META x1 @ 0.66
  reconcile: entry fill b51|S165 META x1 @ 0.66
  reconcile: entry fill b31|S165 META x1 @ 0.66
  reconcile: entry fill b11|S165 META x1 @ 0.66
  reconcile: entry fill b83|S173 AMD x1 @ 0.52
  reconcile: entry fill b63|S173 AMD x1 @ 0.52
  reconcile: entry fill b43|S173 AMD x1 @ 0.52
  reconcile: entry fill b23|S173 AMD x1 @ 0.52
  reconcile: entry fill b3|S173 AMD x1 @ 0.52
  reconcile: entry fill b90|S165 META x1 @ 0.74
  reconcile: entry fill b70|S165 META x1 @ 0.74
  reconcile: entry fill b50|S165 META x1 @ 0.74
  reconcile: entry fill b30|S165 META x1 @ 0.74
  reconcile: entry fill b10|S165 META x1 @ 0.74
  reconcile: entry fill b82|S173 AMD x1 @ 0.67
  reconcile: entry fill b62|S173 AMD x1 @ 0.67
  reconcile: entry fill b42|S173 AMD x1 @ 0.67
  reconcile: entry fill b22|S173 AMD x1 @ 0.67
  reconcile: entry fill b2|S173 AMD x1 @ 0.67
  reconcile: entry fill b89|S165 META x1 @ 0.68
  reconcile: entry fill b69|S165 META x1 @ 0.68
  reconcile: entry fill b49|S165 META x1 @ 0.68
  reconcile: entry fill b29|S165 META x1 @ 0.68
  reconcile: entry fill b9|S165 META x1 @ 0.68
  reconcile: entry fill b81|S173 AMD x1 @ 0.66
  reconcile: entry fill b61|S173 AMD x1 @ 0.66
  reconcile: entry fill b41|S173 AMD x1 @ 0.66
  reconcile: entry fill b21|S173 AMD x1 @ 0.66
  reconcile: entry fill b1|S173 AMD x1 @ 0.66
  reconcile: entry fill b40|S173 AMZN x1 @ 0.47
  reconcile: entry fill b0|S173 AMZN x1 @ 0.47
  reconcile: entry fill b88|S165 GOOGL x1 @ 0.55
  reconcile: entry fill b68|S165 GOOGL x1 @ 0.55
  reconcile: entry fill b48|S165 GOOGL x1 @ 0.55
  reconcile: entry fill b28|S165 GOOGL x1 @ 0.55
  reconcile: entry fill b8|S165 GOOGL x1 @ 0.55
  reconcile: entry fill b80|S173 AMZN x1 @ 0.51
  reconcile: entry fill b60|S173 AMZN x1 @ 0.51
  reconcile: entry fill b20|S173 AMZN x1 @ 0.51
  reconcile: entry fill b63|S173 LULU x1 @ 0.57
  reconcile: entry fill b43|S173 LULU x1 @ 0.57
  reconcile: entry fill b83|S173 LULU x1 @ 0.63
  reconcile: entry fill b23|S173 LULU x1 @ 0.63
  reconcile: entry fill b62|S173 LULU x1 @ 0.58
  reconcile: entry fill b42|S173 AMD x1 @ 0.68
  reconcile: entry fill b82|S173 LULU x1 @ 0.47
  reconcile: entry fill b2|S173 AMD x1 @ 0.70
  reconcile: entry fill b90|S165 AVGO x1 @ 0.60
  reconcile: entry fill b70|S165 AVGO x1 @ 0.60
  reconcile: entry fill b50|S165 AVGO x1 @ 0.60
  reconcile: entry fill b30|S165 AVGO x1 @ 0.60
  reconcile: entry fill b10|S165 AVGO x1 @ 0.60
  reconcile: entry fill b22|S173 AMD x1 @ 0.67
  reconcile: entry fill b81|S173 AMD x1 @ 0.68
  reconcile: entry fill b61|S173 AMD x1 @ 0.68
  reconcile: entry fill b41|S173 AMD x1 @ 0.68
  reconcile: entry fill b21|S173 AMD x1 @ 0.68
  reconcile: entry fill b1|S173 AMD x1 @ 0.68
  reconcile: entry fill b89|S165 AVGO x1 @ 0.50
  reconcile: entry fill b69|S165 AVGO x1 @ 0.50
  reconcile: entry fill b49|S165 AVGO x1 @ 0.50
  reconcile: entry fill b29|S165 AVGO x1 @ 0.50
  reconcile: entry fill b9|S165 AVGO x1 @ 0.50
  reconcile: entry fill b48|S165 AVGO x1 @ 0.73
  reconcile: entry fill b20|S173 AAL x1 @ 0.56
  reconcile: entry fill b88|S165 AVGO x1 @ 0.55
  reconcile: entry fill b68|S165 AVGO x1 @ 0.55
  reconcile: entry fill b48|S165 AVGO x1 @ 0.55
  reconcile: entry fill b28|S165 AVGO x1 @ 0.55
  reconcile: entry fill b8|S165 AVGO x1 @ 0.55
  reconcile: entry fill b80|S173 UAL x1 @ 0.65
  reconcile: entry fill b60|S173 UAL x1 @ 0.65
  reconcile: entry fill b40|S173 UAL x1 @ 0.65
  reconcile: entry fill b0|S173 UAL x1 @ 0.65
  reconcile: entry fill b83|S173 ADBE x1 @ 0.40
  reconcile: entry fill b63|S173 ADBE x1 @ 0.40
  reconcile: entry fill b43|S173 ADBE x1 @ 0.40
  reconcile: entry fill b23|S173 ADBE x1 @ 0.40
  reconcile: entry fill b3|S173 ADBE x1 @ 0.40
  reconcile: entry fill b90|S165 BSX x1 @ 0.65
  reconcile: entry fill b70|S165 BSX x1 @ 0.65
  reconcile: entry fill b50|S165 BSX x1 @ 0.65
  reconcile: entry fill b30|S165 BSX x1 @ 0.65
  reconcile: entry fill b10|S165 BSX x1 @ 0.65
  reconcile: entry fill b82|S173 ADBE x1 @ 0.48
  reconcile: entry fill b62|S173 ADBE x1 @ 0.48
  reconcile: entry fill b42|S173 ADBE x1 @ 0.48
  reconcile: entry fill b22|S173 ADBE x1 @ 0.48
  reconcile: entry fill b2|S173 ADBE x1 @ 0.48
  reconcile: entry fill b49|S165 GEHC x1 @ 0.70
  reconcile: entry fill b1|S173 C x1 @ 0.54
  reconcile: entry fill b89|S165 BSX x1 @ 0.10
  reconcile: entry fill b69|S165 BSX x1 @ 0.10
  reconcile: entry fill b29|S165 BSX x1 @ 0.10
  reconcile: entry fill b9|S165 BSX x1 @ 0.10
  reconcile: entry fill b81|S173 C x1 @ 0.73
  reconcile: entry fill b61|S173 C x1 @ 0.73
  reconcile: entry fill b41|S173 C x1 @ 0.73
  reconcile: entry fill b21|S173 C x1 @ 0.73
  reconcile: entry fill b20|S173 C x1 @ 0.48
  reconcile: entry fill b0|S173 C x1 @ 0.48
  reconcile: entry fill b88|S165 MSFT x1 @ 0.51
  reconcile: entry fill b68|S165 MSFT x1 @ 0.51
  reconcile: entry fill b48|S165 MSFT x1 @ 0.51
  reconcile: entry fill b28|S165 MSFT x1 @ 0.51
  reconcile: entry fill b8|S165 MSFT x1 @ 0.51
  reconcile: entry fill b80|S173 C x1 @ 0.22
  reconcile: entry fill b60|S173 C x1 @ 0.22
  reconcile: entry fill b40|S173 C x1 @ 0.22
  reconcile: entry fill b67|S174 INTC x1 @ 0.59
  reconcile: entry fill b47|S174 INTC x1 @ 0.59
  reconcile: entry fill b27|S174 INTC x1 @ 0.59
  reconcile: entry fill b83|S173 AMD x1 @ 0.65
  reconcile: entry fill b63|S173 AMD x1 @ 0.65
  reconcile: entry fill b43|S173 AMD x1 @ 0.65
  reconcile: entry fill b23|S173 AMD x1 @ 0.65
  reconcile: entry fill b3|S173 AMD x1 @ 0.65
  reconcile: entry fill b66|S174 INTC x1 @ 0.59
  reconcile: entry fill b70|S165 HL x1 @ 0.67
  reconcile: entry fill b62|S173 AMD x1 @ 0.05
  reconcile: entry fill b26|S174 AVGO x1 @ 0.49
  reconcile: entry fill b6|S174 AVGO x1 @ 0.49
  reconcile: entry fill b2|S173 AMD x1 @ 0.70
  reconcile: entry fill b50|S165 HL x1 @ 0.66
  reconcile: entry fill b30|S165 HL x1 @ 0.66
  reconcile: entry fill b42|S173 AMD x1 @ 0.54
  reconcile: entry fill b22|S173 AMD x1 @ 0.54
  reconcile: entry fill b25|S174 AVGO x1 @ 0.46
  reconcile: entry fill b89|S165 INTC x1 @ 0.55
  reconcile: entry fill b69|S165 INTC x1 @ 0.55
  reconcile: entry fill b49|S165 INTC x1 @ 0.55
  reconcile: entry fill b29|S165 INTC x1 @ 0.55
  reconcile: entry fill b9|S165 INTC x1 @ 0.55
  reconcile: entry fill b81|S173 SMCI x1 @ 0.61
  reconcile: entry fill b61|S173 SMCI x1 @ 0.61
  reconcile: entry fill b41|S173 SMCI x1 @ 0.61
  reconcile: entry fill b21|S173 SMCI x1 @ 0.61
  reconcile: entry fill b1|S173 SMCI x1 @ 0.61
  reconcile: entry fill b60|S173 NEM x1 @ 0.33
  reconcile: entry fill b40|S173 SMCI x1 @ 0.58
  reconcile: entry fill b68|S165 INTC x1 @ 0.55
  reconcile: entry fill b20|S173 SMCI x1 @ 0.70
  reconcile: entry fill b48|S165 INTC x1 @ 0.71
  reconcile: entry fill b28|S165 INTC x1 @ 0.71
  reconcile: entry fill b8|S165 INTC x1 @ 0.71
  reconcile: entry fill b0|S173 SMCI x1 @ 0.73
  reconcile: entry fill b87|S174 INTC x1 @ 0.71
  reconcile: entry fill b67|S174 INTC x1 @ 0.71
  reconcile: entry fill b47|S174 INTC x1 @ 0.71
  reconcile: entry fill b27|S174 INTC x1 @ 0.71
  reconcile: entry fill b7|S174 INTC x1 @ 0.71
  reconcile: entry fill b83|S173 T x1 @ 0.15
  reconcile: entry fill b63|S173 T x1 @ 0.15
  reconcile: entry fill b43|S173 T x1 @ 0.15
  reconcile: entry fill b23|S173 T x1 @ 0.15
  reconcile: entry fill b3|S173 T x1 @ 0.15
  reconcile: entry fill b90|S165 INTC x1 @ 0.48
  reconcile: entry fill b70|S165 INTC x1 @ 0.48
  reconcile: entry fill b50|S165 INTC x1 @ 0.48
  reconcile: entry fill b30|S165 INTC x1 @ 0.48
  reconcile: entry fill b10|S165 INTC x1 @ 0.48
  reconcile: entry fill b86|S174 INTC x1 @ 0.70
  reconcile: entry fill b86|S174 INTC x1 @ 0.74
  reconcile: entry fill b86|S174 INTC x1 @ 0.58
  reconcile: entry fill b66|S174 INTC x1 @ 0.58
  reconcile: entry fill b46|S174 INTC x1 @ 0.58
  reconcile: entry fill b26|S174 INTC x1 @ 0.58
  reconcile: entry fill b6|S174 INTC x1 @ 0.58
  reconcile: entry fill b82|S173 T x1 @ 0.42
  reconcile: entry fill b62|S173 T x1 @ 0.42
  reconcile: entry fill b42|S173 T x1 @ 0.42
  reconcile: entry fill b22|S173 T x1 @ 0.42
  reconcile: entry fill b2|S173 T x1 @ 0.42
  reconcile: entry fill b85|S174 INTC x1 @ 0.72
  reconcile: entry fill b85|S174 INTC x1 @ 0.71
  reconcile: entry fill b85|S174 INTC x1 @ 0.55
  reconcile: entry fill b85|S174 INTC x1 @ 0.67
  reconcile: entry fill b85|S174 INTC x1 @ 0.59
  reconcile: entry fill b85|S174 INTC x1 @ 0.60
  reconcile: entry fill b85|S174 INTC x1 @ 0.62
  reconcile: entry fill b84|S174 INTC x1 @ 0.62
  reconcile: entry fill b65|S174 INTC x1 @ 0.62
  reconcile: entry fill b45|S174 INTC x1 @ 0.62
  reconcile: entry fill b25|S174 INTC x1 @ 0.62
  reconcile: entry fill b5|S174 INTC x1 @ 0.62
  reconcile: entry fill b81|S173 T x1 @ 0.16
  reconcile: entry fill b61|S173 T x1 @ 0.16
  reconcile: entry fill b41|S173 T x1 @ 0.16
  reconcile: entry fill b21|S173 T x1 @ 0.16
  reconcile: entry fill b1|S173 T x1 @ 0.16
  reconcile: entry fill b84|S174 INTC x1 @ 0.61
  reconcile: entry fill b84|S174 INTC x1 @ 0.64
  reconcile: entry fill b84|S174 INTC x1 @ 0.60
  reconcile: entry fill b64|S174 INTC x1 @ 0.60
  reconcile: entry fill b44|S174 INTC x1 @ 0.60
  reconcile: entry fill b24|S174 INTC x1 @ 0.61
  reconcile: entry fill b4|S174 INTC x1 @ 0.61
  reconcile: entry fill b84|S174 INTC x1 @ 0.66
  reconcile: entry fill b64|S174 INTC x1 @ 0.66
  reconcile: entry fill b44|S174 INTC x1 @ 0.66
  reconcile: entry fill b24|S174 INTC x1 @ 0.66
  reconcile: entry fill b4|S174 INTC x1 @ 0.66
  reconcile: entry fill b88|S165 INTC x1 @ 0.65
  reconcile: entry fill b88|S165 INTC x1 @ 0.74
  reconcile: entry fill b68|S165 INTC x1 @ 0.74
  reconcile: entry fill b48|S165 INTC x1 @ 0.74
  reconcile: entry fill b28|S165 INTC x1 @ 0.74
  reconcile: entry fill b8|S165 INTC x1 @ 0.74
  reconcile: entry fill b80|S173 T x1 @ 0.35
  reconcile: entry fill b60|S173 T x1 @ 0.35
  reconcile: entry fill b40|S173 T x1 @ 0.35
  reconcile: entry fill b20|S173 T x1 @ 0.35
  reconcile: entry fill b88|S165 INTC x1 @ 0.47
  reconcile: entry fill b68|S165 INTC x1 @ 0.47
  reconcile: entry fill b48|S165 INTC x1 @ 0.47
  reconcile: entry fill b28|S165 INTC x1 @ 0.47
  reconcile: entry fill b8|S165 INTC x1 @ 0.47
  reconcile: entry fill b80|S173 T x1 @ 0.29
  reconcile: entry fill b60|S173 T x1 @ 0.30
  reconcile: entry fill b40|S173 T x1 @ 0.30
  reconcile: entry fill b20|S173 T x1 @ 0.29
  reconcile: entry fill b91|S165 GOOGL x1 @ 0.56
  reconcile: entry fill b87|S174 PSKY x1 @ 0.08
  reconcile: entry fill b67|S174 PSKY x1 @ 0.08
  reconcile: entry fill b47|S174 PSKY x1 @ 0.08
  reconcile: entry fill b27|S174 PSKY x1 @ 0.08
  reconcile: entry fill b7|S174 PSKY x1 @ 0.08
  reconcile: entry fill b91|S165 GOOGL x1 @ 0.57
  reconcile: entry fill b71|S165 GOOGL x1 @ 0.57
  reconcile: entry fill b51|S165 GOOGL x1 @ 0.57
  reconcile: removed 251 stale lot(s)

[Exit summary]
========================================================
OPTIONS EXIT SUMMARY — 2026-07-21
========================================================
Account equity: $134,375.05
Open positions: flat

No closed trades today.
========================================================

[Portfolio snapshot]
========================================================
OPTIONS TRIAL STATS
========================================================
Account equity: $134,375.05
Active buckets: 140 of 140 profiles ($500 virtual each) — paper unlimited mode

P&L summary
  Reflected (ex-S173,S174): $+5,522.13 all-time  |  $+0.00 today
  Raw (incl dropped):     $+3,090.58 all-time  |  $+0.00 today
  Open (not sold yet): $+0.00 unrealized (virtual lots)
  Premium deployed:    $0.00 in open positions
  Combined P&L:        $+5,522.13 (reflected realized + open virtual)

Ledger (master)
  Total events:     4466
  Today entries:    0
  Today exits (reflected): 0
  All-time exits (reflected): 213  wins 34%
  Avg return/trade: +2.1%  median -33.3%

Open virtual lots (by bucket)
  b8 c008_s165_w1_0928_1005_r1  prem=$     0  real=$-199.00  open=$ +0.00  lots=0  [-]
       buy: ask-0.01  sell: bid-0.01  tp=+50% sl=-50%
  b9 c009_s165_w2_1005_1045_r1  prem=$     0  real=$-203.00  open=$ +0.00  lots=0  [-]
       buy: ask-0.01  sell: bid-0.01  tp=+50% sl=-50%
  b10 c010_s165_w3_1045_1120_r1  prem=$     0  real=$-103.00  open=$ +0.00  lots=0  [-]
       buy: ask-0.01  sell: bid-0.01  tp=+50% sl=-50%
  (137 quiet bucket profile(s) — no trades yet)

Alpaca option positions
  (none)

Per-bucket exit stats (all time)
  b0|orphan_reconcile     n= 22  avg=+22.4%  med=-57.5%  realized=$+6,310.91
  b10|c010_s165_w3_1045_1120_r1  n=  5  avg=-30.2%  med=-18.9%  realized=$-103.00
  b28|c028_s165_w1_0928_1005_r2  n= 17  avg=+49.5%  med=+80.0%  realized=$+448.00
  b29|c029_s165_w2_1005_1045_r2  n=  9  avg=-23.3%  med=-50.0%  realized=$-221.00
  b30|c030_s165_w3_1045_1120_r2  n=  9  avg=+38.8%  med=+0.0%  realized=$+260.00
  b31|c031_s165_w4_1120_1135_r2  n=  2  avg=+145.5%  med=+175.8%  realized=$+192.00
  b48|c048_s165_w1_0928_1005_r3  n= 16  avg=-35.9%  med=-49.1%  realized=$-344.00
  b49|c049_s165_w2_1005_1045_r3  n= 15  avg=-49.3%  med=-49.1%  realized=$-458.00
  b50|c050_s165_w3_1045_1120_r3  n=  9  avg=-23.6%  med=-23.1%  realized=$-142.00
  b51|c051_s165_w4_1120_1135_r3  n=  1  avg=+263.6%  med=+263.6%  realized=$+174.00
  b56|g056_lim_tp20_sl65  n=  1  avg=+47.7%  med=+47.7%  realized=$+20.52
  b57|g057_mid_tp20_sl65  n=  1  avg=+47.7%  med=+47.7%  realized=$+20.52
  b58|g058_eod_tp20_sl65  n=  1  avg=+59.1%  med=+59.1%  realized=$+25.41
  b68|c068_s165_w1_0928_1005_r4  n= 16  avg=-51.3%  med=-49.1%  realized=$-446.00
  b69|c069_s165_w2_1005_1045_r4  n= 11  avg=+19.0%  med=-43.6%  realized=$-179.00
  b70|c070_s165_w3_1045_1120_r4  n= 11  avg=-2.1%  med=-16.9%  realized=$-6.00
  b70|g070_eod_tp30_sl20  n=  1  avg=+59.1%  med=+59.1%  realized=$+27.77
  b88|c088_s165_w1_0928_1005_r5  n= 21  avg=-5.0%  med=-2.7%  realized=$-63.00
  b89|c089_s165_w2_1005_1045_r5  n=  7  avg=+113.1%  med=+30.9%  realized=$+67.00
  b8|c008_s165_w1_0928_1005_r1  n= 18  avg=-18.8%  med=-33.3%  realized=$-199.00
  b90|c090_s165_w3_1045_1120_r5  n= 13  avg=+7.7%  med=+0.0%  realized=$+47.00
  b91|c091_s165_w4_1120_1135_r5  n=  2  avg=+222.0%  med=+247.0%  realized=$+293.00
  b9|c009_s165_w2_1005_1045_r1  n=  5  avg=-73.0%  med=-66.2%  realized=$-203.00
========================================================
+========================================================================+
|  OPTIONS BOT SUMMARY                                                   |
+------------------------------------------------------------------------+
|  Mode                          after_hours                             |
|  Equity                        $134,375.05                             |
|  Signals this run              0                                       |
|  Orders submitted (session)    0                                       |
|  Orders filled today (ledger)  0                                       |
|  Entries placed this run       0                                       |
|  Open virtual lots             0                                       |
|  Broker option positions       0                                       |
|  Pending orders                0                                       |
+========================================================================+
+========================================================================+
|  BUCKET LEADERBOARD (reflected ex-S173,S174)                           |
+------------------------------------------------------------------------+
|  Reflected trades=213  buckets=22  win=34%                             |
|  Returns   avg=+2.1%  med=-33.3%  p10=-64.9%  p90=+86.7%               |
|  Realized  $+5,522.13                                                  |
|  Raw incl dropped  trades=630  real=$+3,090.58                         |
+------------------------------------------------------------------------+
|  BKT PROFILE               N  WIN  AVG%   MED%   BEST%  REAL$          |
+------------------------------------------------------------------------+
|  b51  c051_s164_w4_1120_  1 100% +263.6 +263.6 +263.6 $   +174         |
|  b91  c091_s167_w4_1120_  2 100% +222.0 +222.0 +247.0 $   +293         |
|  b31  c031_s173_w4_1120_  2 100% +145.5 +145.5 +175.8 $   +192         |
|  b28  c028_s173_w1_0928_ 17  76% +49.5 +80.0 +102.0 $   +448           |
|  b58  c058_s173_w3_1045_  1 100% +59.1 +59.1 +59.1 $    +25            |
|  b56  c056_s173_w1_0928_  1 100% +47.7 +47.7 +47.7 $    +21            |
|  b57  c057_s173_w2_1005_  1 100% +47.7 +47.7 +47.7 $    +21            |
|  b89  c089_s167_w2_1005_  7  57% +113.1 +30.9 +790.0 $    +67          |
|  ... 14 more bucket(s) with exits                                      |
+------------------------------------------------------------------------+
|  Low  b9   c009_s165_w2_1005_  5   0% -73.0 -66.2 -92.7 $   -203       |
+========================================================================+
+========================================================================+
|  OPEN OPTIONS (0)                                                      |
+------------------------------------------------------------------------+
|  No open option positions                                              |
+========================================================================+
Full detail: logs/options_trial/runs/2026-07-21.log
elapsed=1.7s reconcile=1.52s

=== 09:05:37 ET — after hours (exit summary) [elapsed=1.8s reconcile=1.55s] ===
=== options_morning_bot (PAPER) 2026-07-21T09:05:37.965189-04:00 ===

[Run context]
After hours (09:05 ET) — exit summary only.
Paper auth OK — equity $134259.05, account PA36KS87UPRS
  reconcile: layout changed controlled:100:c000_s173_w1_0928_1005_r1 -> controlled:140:c000_s173_w1_0928_1005_r1
  reconcile: entry fill b83|S173 CRM x1 @ 0.62
  reconcile: entry fill b63|S173 CRM x1 @ 0.62
  reconcile: entry fill b43|S173 CRM x1 @ 0.62
  reconcile: entry fill b23|S173 CRM x1 @ 0.62
  reconcile: entry fill b3|S173 CRM x1 @ 0.62
  reconcile: entry fill b82|S173 CRM x1 @ 0.70
  reconcile: entry fill b62|S173 CRM x1 @ 0.70
  reconcile: entry fill b42|S173 CRM x1 @ 0.70
  reconcile: entry fill b22|S173 CRM x1 @ 0.70
  reconcile: entry fill b2|S173 CRM x1 @ 0.70
  reconcile: entry fill b81|S173 CRM x1 @ 0.57
  reconcile: entry fill b61|S173 CRM x1 @ 0.57
  reconcile: entry fill b41|S173 CRM x1 @ 0.57
  reconcile: entry fill b21|S173 CRM x1 @ 0.57
  reconcile: entry fill b1|S173 CRM x1 @ 0.57
  reconcile: entry fill b80|S173 CRM x1 @ 0.63
  reconcile: entry fill b60|S173 CRM x1 @ 0.63
  reconcile: entry fill b40|S173 CRM x1 @ 0.63
  reconcile: entry fill b20|S173 CRM x1 @ 0.63
  reconcile: entry fill b0|S173 CRM x1 @ 0.63
  reconcile: entry fill b91|S165 META x1 @ 0.66
  reconcile: entry fill b71|S165 META x1 @ 0.66
  reconcile: entry fill b51|S165 META x1 @ 0.66
  reconcile: entry fill b31|S165 META x1 @ 0.66
  reconcile: entry fill b11|S165 META x1 @ 0.66
  reconcile: entry fill b83|S173 AMD x1 @ 0.52
  reconcile: entry fill b63|S173 AMD x1 @ 0.52
  reconcile: entry fill b43|S173 AMD x1 @ 0.52
  reconcile: entry fill b23|S173 AMD x1 @ 0.52
  reconcile: entry fill b3|S173 AMD x1 @ 0.52
  reconcile: entry fill b90|S165 META x1 @ 0.74
  reconcile: entry fill b70|S165 META x1 @ 0.74
  reconcile: entry fill b50|S165 META x1 @ 0.74
  reconcile: entry fill b30|S165 META x1 @ 0.74
  reconcile: entry fill b10|S165 META x1 @ 0.74
  reconcile: entry fill b82|S173 AMD x1 @ 0.67
  reconcile: entry fill b62|S173 AMD x1 @ 0.67
  reconcile: entry fill b42|S173 AMD x1 @ 0.67
  reconcile: entry fill b22|S173 AMD x1 @ 0.67
  reconcile: entry fill b2|S173 AMD x1 @ 0.67
  reconcile: entry fill b89|S165 META x1 @ 0.68
  reconcile: entry fill b69|S165 META x1 @ 0.68
  reconcile: entry fill b49|S165 META x1 @ 0.68
  reconcile: entry fill b29|S165 META x1 @ 0.68
  reconcile: entry fill b9|S165 META x1 @ 0.68
  reconcile: entry fill b81|S173 AMD x1 @ 0.66
  reconcile: entry fill b61|S173 AMD x1 @ 0.66
  reconcile: entry fill b41|S173 AMD x1 @ 0.66
  reconcile: entry fill b21|S173 AMD x1 @ 0.66
  reconcile: entry fill b1|S173 AMD x1 @ 0.66
  reconcile: entry fill b40|S173 AMZN x1 @ 0.47
  reconcile: entry fill b0|S173 AMZN x1 @ 0.47
  reconcile: entry fill b88|S165 GOOGL x1 @ 0.55
  reconcile: entry fill b68|S165 GOOGL x1 @ 0.55
  reconcile: entry fill b48|S165 GOOGL x1 @ 0.55
  reconcile: entry fill b28|S165 GOOGL x1 @ 0.55
  reconcile: entry fill b8|S165 GOOGL x1 @ 0.55
  reconcile: entry fill b80|S173 AMZN x1 @ 0.51
  reconcile: entry fill b60|S173 AMZN x1 @ 0.51
  reconcile: entry fill b20|S173 AMZN x1 @ 0.51
  reconcile: entry fill b63|S173 LULU x1 @ 0.57
  reconcile: entry fill b43|S173 LULU x1 @ 0.57
  reconcile: entry fill b83|S173 LULU x1 @ 0.63
  reconcile: entry fill b23|S173 LULU x1 @ 0.63
  reconcile: entry fill b62|S173 LULU x1 @ 0.58
  reconcile: entry fill b42|S173 AMD x1 @ 0.68
  reconcile: entry fill b82|S173 LULU x1 @ 0.47
  reconcile: entry fill b2|S173 AMD x1 @ 0.70
  reconcile: entry fill b90|S165 AVGO x1 @ 0.60
  reconcile: entry fill b70|S165 AVGO x1 @ 0.60
  reconcile: entry fill b50|S165 AVGO x1 @ 0.60
  reconcile: entry fill b30|S165 AVGO x1 @ 0.60
  reconcile: entry fill b10|S165 AVGO x1 @ 0.60
  reconcile: entry fill b22|S173 AMD x1 @ 0.67
  reconcile: entry fill b81|S173 AMD x1 @ 0.68
  reconcile: entry fill b61|S173 AMD x1 @ 0.68
  reconcile: entry fill b41|S173 AMD x1 @ 0.68
  reconcile: entry fill b21|S173 AMD x1 @ 0.68
  reconcile: entry fill b1|S173 AMD x1 @ 0.68
  reconcile: entry fill b89|S165 AVGO x1 @ 0.50
  reconcile: entry fill b69|S165 AVGO x1 @ 0.50
  reconcile: entry fill b49|S165 AVGO x1 @ 0.50
  reconcile: entry fill b29|S165 AVGO x1 @ 0.50
  reconcile: entry fill b9|S165 AVGO x1 @ 0.50
  reconcile: entry fill b48|S165 AVGO x1 @ 0.73
  reconcile: entry fill b20|S173 AAL x1 @ 0.56
  reconcile: entry fill b88|S165 AVGO x1 @ 0.55
  reconcile: entry fill b68|S165 AVGO x1 @ 0.55
  reconcile: entry fill b48|S165 AVGO x1 @ 0.55
  reconcile: entry fill b28|S165 AVGO x1 @ 0.55
  reconcile: entry fill b8|S165 AVGO x1 @ 0.55
  reconcile: entry fill b80|S173 UAL x1 @ 0.65
  reconcile: entry fill b60|S173 UAL x1 @ 0.65
  reconcile: entry fill b40|S173 UAL x1 @ 0.65
  reconcile: entry fill b0|S173 UAL x1 @ 0.65
  reconcile: entry fill b83|S173 ADBE x1 @ 0.40
  reconcile: entry fill b63|S173 ADBE x1 @ 0.40
  reconcile: entry fill b43|S173 ADBE x1 @ 0.40
  reconcile: entry fill b23|S173 ADBE x1 @ 0.40
  reconcile: entry fill b3|S173 ADBE x1 @ 0.40
  reconcile: entry fill b90|S165 BSX x1 @ 0.65
  reconcile: entry fill b70|S165 BSX x1 @ 0.65
  reconcile: entry fill b50|S165 BSX x1 @ 0.65
  reconcile: entry fill b30|S165 BSX x1 @ 0.65
  reconcile: entry fill b10|S165 BSX x1 @ 0.65
  reconcile: entry fill b82|S173 ADBE x1 @ 0.48
  reconcile: entry fill b62|S173 ADBE x1 @ 0.48
  reconcile: entry fill b42|S173 ADBE x1 @ 0.48
  reconcile: entry fill b22|S173 ADBE x1 @ 0.48
  reconcile: entry fill b2|S173 ADBE x1 @ 0.48
  reconcile: entry fill b49|S165 GEHC x1 @ 0.70
  reconcile: entry fill b1|S173 C x1 @ 0.54
  reconcile: entry fill b89|S165 BSX x1 @ 0.10
  reconcile: entry fill b69|S165 BSX x1 @ 0.10
  reconcile: entry fill b29|S165 BSX x1 @ 0.10
  reconcile: entry fill b9|S165 BSX x1 @ 0.10
  reconcile: entry fill b81|S173 C x1 @ 0.73
  reconcile: entry fill b61|S173 C x1 @ 0.73
  reconcile: entry fill b41|S173 C x1 @ 0.73
  reconcile: entry fill b21|S173 C x1 @ 0.73
  reconcile: entry fill b20|S173 C x1 @ 0.48
  reconcile: entry fill b0|S173 C x1 @ 0.48
  reconcile: entry fill b88|S165 MSFT x1 @ 0.51
  reconcile: entry fill b68|S165 MSFT x1 @ 0.51
  reconcile: entry fill b48|S165 MSFT x1 @ 0.51
  reconcile: entry fill b28|S165 MSFT x1 @ 0.51
  reconcile: entry fill b8|S165 MSFT x1 @ 0.51
  reconcile: entry fill b80|S173 C x1 @ 0.22
  reconcile: entry fill b60|S173 C x1 @ 0.22
  reconcile: entry fill b40|S173 C x1 @ 0.22
  reconcile: entry fill b67|S174 INTC x1 @ 0.59
  reconcile: entry fill b47|S174 INTC x1 @ 0.59
  reconcile: entry fill b27|S174 INTC x1 @ 0.59
  reconcile: entry fill b83|S173 AMD x1 @ 0.65
  reconcile: entry fill b63|S173 AMD x1 @ 0.65
  reconcile: entry fill b43|S173 AMD x1 @ 0.65
  reconcile: entry fill b23|S173 AMD x1 @ 0.65
  reconcile: entry fill b3|S173 AMD x1 @ 0.65
  reconcile: entry fill b66|S174 INTC x1 @ 0.59
  reconcile: entry fill b70|S165 HL x1 @ 0.67
  reconcile: entry fill b62|S173 AMD x1 @ 0.05
  reconcile: entry fill b26|S174 AVGO x1 @ 0.49
  reconcile: entry fill b6|S174 AVGO x1 @ 0.49
  reconcile: entry fill b2|S173 AMD x1 @ 0.70
  reconcile: entry fill b50|S165 HL x1 @ 0.66
  reconcile: entry fill b30|S165 HL x1 @ 0.66
  reconcile: entry fill b42|S173 AMD x1 @ 0.54
  reconcile: entry fill b22|S173 AMD x1 @ 0.54
  reconcile: entry fill b25|S174 AVGO x1 @ 0.46
  reconcile: entry fill b89|S165 INTC x1 @ 0.55
  reconcile: entry fill b69|S165 INTC x1 @ 0.55
  reconcile: entry fill b49|S165 INTC x1 @ 0.55
  reconcile: entry fill b29|S165 INTC x1 @ 0.55
  reconcile: entry fill b9|S165 INTC x1 @ 0.55
  reconcile: entry fill b81|S173 SMCI x1 @ 0.61
  reconcile: entry fill b61|S173 SMCI x1 @ 0.61
  reconcile: entry fill b41|S173 SMCI x1 @ 0.61
  reconcile: entry fill b21|S173 SMCI x1 @ 0.61
  reconcile: entry fill b1|S173 SMCI x1 @ 0.61
  reconcile: entry fill b60|S173 NEM x1 @ 0.33
  reconcile: entry fill b40|S173 SMCI x1 @ 0.58
  reconcile: entry fill b68|S165 INTC x1 @ 0.55
  reconcile: entry fill b20|S173 SMCI x1 @ 0.70
  reconcile: entry fill b48|S165 INTC x1 @ 0.71
  reconcile: entry fill b28|S165 INTC x1 @ 0.71
  reconcile: entry fill b8|S165 INTC x1 @ 0.71
  reconcile: entry fill b0|S173 SMCI x1 @ 0.73
  reconcile: entry fill b87|S174 INTC x1 @ 0.71
  reconcile: entry fill b67|S174 INTC x1 @ 0.71
  reconcile: entry fill b47|S174 INTC x1 @ 0.71
  reconcile: entry fill b27|S174 INTC x1 @ 0.71
  reconcile: entry fill b7|S174 INTC x1 @ 0.71
  reconcile: entry fill b83|S173 T x1 @ 0.15
  reconcile: entry fill b63|S173 T x1 @ 0.15
  reconcile: entry fill b43|S173 T x1 @ 0.15
  reconcile: entry fill b23|S173 T x1 @ 0.15
  reconcile: entry fill b3|S173 T x1 @ 0.15
  reconcile: entry fill b90|S165 INTC x1 @ 0.48
  reconcile: entry fill b70|S165 INTC x1 @ 0.48
  reconcile: entry fill b50|S165 INTC x1 @ 0.48
  reconcile: entry fill b30|S165 INTC x1 @ 0.48
  reconcile: entry fill b10|S165 INTC x1 @ 0.48
  reconcile: entry fill b86|S174 INTC x1 @ 0.70
  reconcile: entry fill b86|S174 INTC x1 @ 0.74
  reconcile: entry fill b86|S174 INTC x1 @ 0.58
  reconcile: entry fill b66|S174 INTC x1 @ 0.58
  reconcile: entry fill b46|S174 INTC x1 @ 0.58
  reconcile: entry fill b26|S174 INTC x1 @ 0.58
  reconcile: entry fill b6|S174 INTC x1 @ 0.58
  reconcile: entry fill b82|S173 T x1 @ 0.42
  reconcile: entry fill b62|S173 T x1 @ 0.42
  reconcile: entry fill b42|S173 T x1 @ 0.42
  reconcile: entry fill b22|S173 T x1 @ 0.42
  reconcile: entry fill b2|S173 T x1 @ 0.42
  reconcile: entry fill b85|S174 INTC x1 @ 0.72
  reconcile: entry fill b85|S174 INTC x1 @ 0.71
  reconcile: entry fill b85|S174 INTC x1 @ 0.55
  reconcile: entry fill b85|S174 INTC x1 @ 0.67
  reconcile: entry fill b85|S174 INTC x1 @ 0.59
  reconcile: entry fill b85|S174 INTC x1 @ 0.60
  reconcile: entry fill b85|S174 INTC x1 @ 0.62
  reconcile: entry fill b84|S174 INTC x1 @ 0.62
  reconcile: entry fill b65|S174 INTC x1 @ 0.62
  reconcile: entry fill b45|S174 INTC x1 @ 0.62
  reconcile: entry fill b25|S174 INTC x1 @ 0.62
  reconcile: entry fill b5|S174 INTC x1 @ 0.62
  reconcile: entry fill b81|S173 T x1 @ 0.16
  reconcile: entry fill b61|S173 T x1 @ 0.16
  reconcile: entry fill b41|S173 T x1 @ 0.16
  reconcile: entry fill b21|S173 T x1 @ 0.16
  reconcile: entry fill b1|S173 T x1 @ 0.16
  reconcile: entry fill b84|S174 INTC x1 @ 0.61
  reconcile: entry fill b84|S174 INTC x1 @ 0.64
  reconcile: entry fill b84|S174 INTC x1 @ 0.60
  reconcile: entry fill b64|S174 INTC x1 @ 0.60
  reconcile: entry fill b44|S174 INTC x1 @ 0.60
  reconcile: entry fill b24|S174 INTC x1 @ 0.61
  reconcile: entry fill b4|S174 INTC x1 @ 0.61
  reconcile: entry fill b84|S174 INTC x1 @ 0.66
  reconcile: entry fill b64|S174 INTC x1 @ 0.66
  reconcile: entry fill b44|S174 INTC x1 @ 0.66
  reconcile: entry fill b24|S174 INTC x1 @ 0.66
  reconcile: entry fill b4|S174 INTC x1 @ 0.66
  reconcile: entry fill b88|S165 INTC x1 @ 0.65
  reconcile: entry fill b88|S165 INTC x1 @ 0.74
  reconcile: entry fill b68|S165 INTC x1 @ 0.74
  reconcile: entry fill b48|S165 INTC x1 @ 0.74
  reconcile: entry fill b28|S165 INTC x1 @ 0.74
  reconcile: entry fill b8|S165 INTC x1 @ 0.74
  reconcile: entry fill b80|S173 T x1 @ 0.35
  reconcile: entry fill b60|S173 T x1 @ 0.35
  reconcile: entry fill b40|S173 T x1 @ 0.35
  reconcile: entry fill b20|S173 T x1 @ 0.35
  reconcile: entry fill b88|S165 INTC x1 @ 0.47
  reconcile: entry fill b68|S165 INTC x1 @ 0.47
  reconcile: entry fill b48|S165 INTC x1 @ 0.47
  reconcile: entry fill b28|S165 INTC x1 @ 0.47
  reconcile: entry fill b8|S165 INTC x1 @ 0.47
  reconcile: entry fill b80|S173 T x1 @ 0.29
  reconcile: entry fill b60|S173 T x1 @ 0.30
  reconcile: entry fill b40|S173 T x1 @ 0.30
  reconcile: entry fill b20|S173 T x1 @ 0.29
  reconcile: entry fill b91|S165 GOOGL x1 @ 0.56
  reconcile: entry fill b87|S174 PSKY x1 @ 0.08
  reconcile: entry fill b67|S174 PSKY x1 @ 0.08
  reconcile: entry fill b47|S174 PSKY x1 @ 0.08
  reconcile: entry fill b27|S174 PSKY x1 @ 0.08
  reconcile: entry fill b7|S174 PSKY x1 @ 0.08
  reconcile: entry fill b91|S165 GOOGL x1 @ 0.57
  reconcile: entry fill b71|S165 GOOGL x1 @ 0.57
  reconcile: entry fill b51|S165 GOOGL x1 @ 0.57
  reconcile: removed 251 stale lot(s)

[Exit summary]
========================================================
OPTIONS EXIT SUMMARY — 2026-07-21
========================================================
Account equity: $134,259.05
Open positions: flat

No closed trades today.
========================================================

[Portfolio snapshot]
========================================================
OPTIONS TRIAL STATS
========================================================
Account equity: $134,259.05
Active buckets: 140 of 140 profiles ($500 virtual each) — paper unlimited mode

P&L summary
  Reflected (ex-S173,S174): $+5,522.13 all-time  |  $+0.00 today
  Raw (incl dropped):     $+3,090.58 all-time  |  $+0.00 today
  Open (not sold yet): $+0.00 unrealized (virtual lots)
  Premium deployed:    $0.00 in open positions
  Combined P&L:        $+5,522.13 (reflected realized + open virtual)

Ledger (master)
  Total events:     4466
  Today entries:    0
  Today exits (reflected): 0
  All-time exits (reflected): 213  wins 34%
  Avg return/trade: +2.1%  median -33.3%

Open virtual lots (by bucket)
  b8 c008_s165_w1_0928_1005_r1  prem=$     0  real=$-199.00  open=$ +0.00  lots=0  [-]
       buy: ask-0.01  sell: bid-0.01  tp=+50% sl=-50%
  b9 c009_s165_w2_1005_1045_r1  prem=$     0  real=$-203.00  open=$ +0.00  lots=0  [-]
       buy: ask-0.01  sell: bid-0.01  tp=+50% sl=-50%
  b10 c010_s165_w3_1045_1120_r1  prem=$     0  real=$-103.00  open=$ +0.00  lots=0  [-]
       buy: ask-0.01  sell: bid-0.01  tp=+50% sl=-50%
  (137 quiet bucket profile(s) — no trades yet)

Alpaca option positions
  (none)

Per-bucket exit stats (all time)
  b0|orphan_reconcile     n= 22  avg=+22.4%  med=-57.5%  realized=$+6,310.91
  b10|c010_s165_w3_1045_1120_r1  n=  5  avg=-30.2%  med=-18.9%  realized=$-103.00
  b28|c028_s165_w1_0928_1005_r2  n= 17  avg=+49.5%  med=+80.0%  realized=$+448.00
  b29|c029_s165_w2_1005_1045_r2  n=  9  avg=-23.3%  med=-50.0%  realized=$-221.00
  b30|c030_s165_w3_1045_1120_r2  n=  9  avg=+38.8%  med=+0.0%  realized=$+260.00
  b31|c031_s165_w4_1120_1135_r2  n=  2  avg=+145.5%  med=+175.8%  realized=$+192.00
  b48|c048_s165_w1_0928_1005_r3  n= 16  avg=-35.9%  med=-49.1%  realized=$-344.00
  b49|c049_s165_w2_1005_1045_r3  n= 15  avg=-49.3%  med=-49.1%  realized=$-458.00
  b50|c050_s165_w3_1045_1120_r3  n=  9  avg=-23.6%  med=-23.1%  realized=$-142.00
  b51|c051_s165_w4_1120_1135_r3  n=  1  avg=+263.6%  med=+263.6%  realized=$+174.00
  b56|g056_lim_tp20_sl65  n=  1  avg=+47.7%  med=+47.7%  realized=$+20.52
  b57|g057_mid_tp20_sl65  n=  1  avg=+47.7%  med=+47.7%  realized=$+20.52
  b58|g058_eod_tp20_sl65  n=  1  avg=+59.1%  med=+59.1%  realized=$+25.41
  b68|c068_s165_w1_0928_1005_r4  n= 16  avg=-51.3%  med=-49.1%  realized=$-446.00
  b69|c069_s165_w2_1005_1045_r4  n= 11  avg=+19.0%  med=-43.6%  realized=$-179.00
  b70|c070_s165_w3_1045_1120_r4  n= 11  avg=-2.1%  med=-16.9%  realized=$-6.00
  b70|g070_eod_tp30_sl20  n=  1  avg=+59.1%  med=+59.1%  realized=$+27.77
  b88|c088_s165_w1_0928_1005_r5  n= 21  avg=-5.0%  med=-2.7%  realized=$-63.00
  b89|c089_s165_w2_1005_1045_r5  n=  7  avg=+113.1%  med=+30.9%  realized=$+67.00
  b8|c008_s165_w1_0928_1005_r1  n= 18  avg=-18.8%  med=-33.3%  realized=$-199.00
  b90|c090_s165_w3_1045_1120_r5  n= 13  avg=+7.7%  med=+0.0%  realized=$+47.00
  b91|c091_s165_w4_1120_1135_r5  n=  2  avg=+222.0%  med=+247.0%  realized=$+293.00
  b9|c009_s165_w2_1005_1045_r1  n=  5  avg=-73.0%  med=-66.2%  realized=$-203.00
========================================================
+========================================================================+
|  OPTIONS BOT SUMMARY                                                   |
+------------------------------------------------------------------------+
|  Mode                          after_hours                             |
|  Equity                        $134,259.05                             |
|  Signals this run              0                                       |
|  Orders submitted (session)    0                                       |
|  Orders filled today (ledger)  0                                       |
|  Entries placed this run       0                                       |
|  Open virtual lots             0                                       |
|  Broker option positions       0                                       |
|  Pending orders                0                                       |
+========================================================================+
+========================================================================+
|  BUCKET LEADERBOARD (reflected ex-S173,S174)                           |
+------------------------------------------------------------------------+
|  Reflected trades=213  buckets=22  win=34%                             |
|  Returns   avg=+2.1%  med=-33.3%  p10=-64.9%  p90=+86.7%               |
|  Realized  $+5,522.13                                                  |
|  Raw incl dropped  trades=630  real=$+3,090.58                         |
+------------------------------------------------------------------------+
|  BKT PROFILE               N  WIN  AVG%   MED%   BEST%  REAL$          |
+------------------------------------------------------------------------+
|  b51  c051_s164_w4_1120_  1 100% +263.6 +263.6 +263.6 $   +174         |
|  b91  c091_s167_w4_1120_  2 100% +222.0 +222.0 +247.0 $   +293         |
|  b31  c031_s173_w4_1120_  2 100% +145.5 +145.5 +175.8 $   +192         |
|  b28  c028_s173_w1_0928_ 17  76% +49.5 +80.0 +102.0 $   +448           |
|  b58  c058_s173_w3_1045_  1 100% +59.1 +59.1 +59.1 $    +25            |
|  b56  c056_s173_w1_0928_  1 100% +47.7 +47.7 +47.7 $    +21            |
|  b57  c057_s173_w2_1005_  1 100% +47.7 +47.7 +47.7 $    +21            |
|  b89  c089_s167_w2_1005_  7  57% +113.1 +30.9 +790.0 $    +67          |
|  ... 14 more bucket(s) with exits                                      |
+------------------------------------------------------------------------+
|  Low  b9   c009_s165_w2_1005_  5   0% -73.0 -66.2 -92.7 $   -203       |
+========================================================================+
+========================================================================+
|  OPEN OPTIONS (0)                                                      |
+------------------------------------------------------------------------+
|  No open option positions                                              |
+========================================================================+
Full detail: logs/options_trial/runs/2026-07-21.log
elapsed=1.8s reconcile=1.55s

=== 09:10:43 ET — after hours (exit summary) [elapsed=1.9s reconcile=1.59s] ===
=== options_morning_bot (PAPER) 2026-07-21T09:10:43.265436-04:00 ===

[Run context]
After hours (09:10 ET) — exit summary only.
Paper auth OK — equity $134459.05, account PA36KS87UPRS
  reconcile: layout changed controlled:100:c000_s173_w1_0928_1005_r1 -> controlled:140:c000_s173_w1_0928_1005_r1
  reconcile: entry fill b83|S173 CRM x1 @ 0.62
  reconcile: entry fill b63|S173 CRM x1 @ 0.62
  reconcile: entry fill b43|S173 CRM x1 @ 0.62
  reconcile: entry fill b23|S173 CRM x1 @ 0.62
  reconcile: entry fill b3|S173 CRM x1 @ 0.62
  reconcile: entry fill b82|S173 CRM x1 @ 0.70
  reconcile: entry fill b62|S173 CRM x1 @ 0.70
  reconcile: entry fill b42|S173 CRM x1 @ 0.70
  reconcile: entry fill b22|S173 CRM x1 @ 0.70
  reconcile: entry fill b2|S173 CRM x1 @ 0.70
  reconcile: entry fill b81|S173 CRM x1 @ 0.57
  reconcile: entry fill b61|S173 CRM x1 @ 0.57
  reconcile: entry fill b41|S173 CRM x1 @ 0.57
  reconcile: entry fill b21|S173 CRM x1 @ 0.57
  reconcile: entry fill b1|S173 CRM x1 @ 0.57
  reconcile: entry fill b80|S173 CRM x1 @ 0.63
  reconcile: entry fill b60|S173 CRM x1 @ 0.63
  reconcile: entry fill b40|S173 CRM x1 @ 0.63
  reconcile: entry fill b20|S173 CRM x1 @ 0.63
  reconcile: entry fill b0|S173 CRM x1 @ 0.63
  reconcile: entry fill b91|S165 META x1 @ 0.66
  reconcile: entry fill b71|S165 META x1 @ 0.66
  reconcile: entry fill b51|S165 META x1 @ 0.66
  reconcile: entry fill b31|S165 META x1 @ 0.66
  reconcile: entry fill b11|S165 META x1 @ 0.66
  reconcile: entry fill b83|S173 AMD x1 @ 0.52
  reconcile: entry fill b63|S173 AMD x1 @ 0.52
  reconcile: entry fill b43|S173 AMD x1 @ 0.52
  reconcile: entry fill b23|S173 AMD x1 @ 0.52
  reconcile: entry fill b3|S173 AMD x1 @ 0.52
  reconcile: entry fill b90|S165 META x1 @ 0.74
  reconcile: entry fill b70|S165 META x1 @ 0.74
  reconcile: entry fill b50|S165 META x1 @ 0.74
  reconcile: entry fill b30|S165 META x1 @ 0.74
  reconcile: entry fill b10|S165 META x1 @ 0.74
  reconcile: entry fill b82|S173 AMD x1 @ 0.67
  reconcile: entry fill b62|S173 AMD x1 @ 0.67
  reconcile: entry fill b42|S173 AMD x1 @ 0.67
  reconcile: entry fill b22|S173 AMD x1 @ 0.67
  reconcile: entry fill b2|S173 AMD x1 @ 0.67
  reconcile: entry fill b89|S165 META x1 @ 0.68
  reconcile: entry fill b69|S165 META x1 @ 0.68
  reconcile: entry fill b49|S165 META x1 @ 0.68
  reconcile: entry fill b29|S165 META x1 @ 0.68
  reconcile: entry fill b9|S165 META x1 @ 0.68
  reconcile: entry fill b81|S173 AMD x1 @ 0.66
  reconcile: entry fill b61|S173 AMD x1 @ 0.66
  reconcile: entry fill b41|S173 AMD x1 @ 0.66
  reconcile: entry fill b21|S173 AMD x1 @ 0.66
  reconcile: entry fill b1|S173 AMD x1 @ 0.66
  reconcile: entry fill b40|S173 AMZN x1 @ 0.47
  reconcile: entry fill b0|S173 AMZN x1 @ 0.47
  reconcile: entry fill b88|S165 GOOGL x1 @ 0.55
  reconcile: entry fill b68|S165 GOOGL x1 @ 0.55
  reconcile: entry fill b48|S165 GOOGL x1 @ 0.55
  reconcile: entry fill b28|S165 GOOGL x1 @ 0.55
  reconcile: entry fill b8|S165 GOOGL x1 @ 0.55
  reconcile: entry fill b80|S173 AMZN x1 @ 0.51
  reconcile: entry fill b60|S173 AMZN x1 @ 0.51
  reconcile: entry fill b20|S173 AMZN x1 @ 0.51
  reconcile: entry fill b63|S173 LULU x1 @ 0.57
  reconcile: entry fill b43|S173 LULU x1 @ 0.57
  reconcile: entry fill b83|S173 LULU x1 @ 0.63
  reconcile: entry fill b23|S173 LULU x1 @ 0.63
  reconcile: entry fill b62|S173 LULU x1 @ 0.58
  reconcile: entry fill b42|S173 AMD x1 @ 0.68
  reconcile: entry fill b82|S173 LULU x1 @ 0.47
  reconcile: entry fill b2|S173 AMD x1 @ 0.70
  reconcile: entry fill b90|S165 AVGO x1 @ 0.60
  reconcile: entry fill b70|S165 AVGO x1 @ 0.60
  reconcile: entry fill b50|S165 AVGO x1 @ 0.60
  reconcile: entry fill b30|S165 AVGO x1 @ 0.60
  reconcile: entry fill b10|S165 AVGO x1 @ 0.60
  reconcile: entry fill b22|S173 AMD x1 @ 0.67
  reconcile: entry fill b81|S173 AMD x1 @ 0.68
  reconcile: entry fill b61|S173 AMD x1 @ 0.68
  reconcile: entry fill b41|S173 AMD x1 @ 0.68
  reconcile: entry fill b21|S173 AMD x1 @ 0.68
  reconcile: entry fill b1|S173 AMD x1 @ 0.68
  reconcile: entry fill b89|S165 AVGO x1 @ 0.50
  reconcile: entry fill b69|S165 AVGO x1 @ 0.50
  reconcile: entry fill b49|S165 AVGO x1 @ 0.50
  reconcile: entry fill b29|S165 AVGO x1 @ 0.50
  reconcile: entry fill b9|S165 AVGO x1 @ 0.50
  reconcile: entry fill b48|S165 AVGO x1 @ 0.73
  reconcile: entry fill b20|S173 AAL x1 @ 0.56
  reconcile: entry fill b88|S165 AVGO x1 @ 0.55
  reconcile: entry fill b68|S165 AVGO x1 @ 0.55
  reconcile: entry fill b48|S165 AVGO x1 @ 0.55
  reconcile: entry fill b28|S165 AVGO x1 @ 0.55
  reconcile: entry fill b8|S165 AVGO x1 @ 0.55
  reconcile: entry fill b80|S173 UAL x1 @ 0.65
  reconcile: entry fill b60|S173 UAL x1 @ 0.65
  reconcile: entry fill b40|S173 UAL x1 @ 0.65
  reconcile: entry fill b0|S173 UAL x1 @ 0.65
  reconcile: entry fill b83|S173 ADBE x1 @ 0.40
  reconcile: entry fill b63|S173 ADBE x1 @ 0.40
  reconcile: entry fill b43|S173 ADBE x1 @ 0.40
  reconcile: entry fill b23|S173 ADBE x1 @ 0.40
  reconcile: entry fill b3|S173 ADBE x1 @ 0.40
  reconcile: entry fill b90|S165 BSX x1 @ 0.65
  reconcile: entry fill b70|S165 BSX x1 @ 0.65
  reconcile: entry fill b50|S165 BSX x1 @ 0.65
  reconcile: entry fill b30|S165 BSX x1 @ 0.65
  reconcile: entry fill b10|S165 BSX x1 @ 0.65
  reconcile: entry fill b82|S173 ADBE x1 @ 0.48
  reconcile: entry fill b62|S173 ADBE x1 @ 0.48
  reconcile: entry fill b42|S173 ADBE x1 @ 0.48
  reconcile: entry fill b22|S173 ADBE x1 @ 0.48
  reconcile: entry fill b2|S173 ADBE x1 @ 0.48
  reconcile: entry fill b49|S165 GEHC x1 @ 0.70
  reconcile: entry fill b1|S173 C x1 @ 0.54
  reconcile: entry fill b89|S165 BSX x1 @ 0.10
  reconcile: entry fill b69|S165 BSX x1 @ 0.10
  reconcile: entry fill b29|S165 BSX x1 @ 0.10
  reconcile: entry fill b9|S165 BSX x1 @ 0.10
  reconcile: entry fill b81|S173 C x1 @ 0.73
  reconcile: entry fill b61|S173 C x1 @ 0.73
  reconcile: entry fill b41|S173 C x1 @ 0.73
  reconcile: entry fill b21|S173 C x1 @ 0.73
  reconcile: entry fill b20|S173 C x1 @ 0.48
  reconcile: entry fill b0|S173 C x1 @ 0.48
  reconcile: entry fill b88|S165 MSFT x1 @ 0.51
  reconcile: entry fill b68|S165 MSFT x1 @ 0.51
  reconcile: entry fill b48|S165 MSFT x1 @ 0.51
  reconcile: entry fill b28|S165 MSFT x1 @ 0.51
  reconcile: entry fill b8|S165 MSFT x1 @ 0.51
  reconcile: entry fill b80|S173 C x1 @ 0.22
  reconcile: entry fill b60|S173 C x1 @ 0.22
  reconcile: entry fill b40|S173 C x1 @ 0.22
  reconcile: entry fill b67|S174 INTC x1 @ 0.59
  reconcile: entry fill b47|S174 INTC x1 @ 0.59
  reconcile: entry fill b27|S174 INTC x1 @ 0.59
  reconcile: entry fill b83|S173 AMD x1 @ 0.65
  reconcile: entry fill b63|S173 AMD x1 @ 0.65
  reconcile: entry fill b43|S173 AMD x1 @ 0.65
  reconcile: entry fill b23|S173 AMD x1 @ 0.65
  reconcile: entry fill b3|S173 AMD x1 @ 0.65
  reconcile: entry fill b66|S174 INTC x1 @ 0.59
  reconcile: entry fill b70|S165 HL x1 @ 0.67
  reconcile: entry fill b62|S173 AMD x1 @ 0.05
  reconcile: entry fill b26|S174 AVGO x1 @ 0.49
  reconcile: entry fill b6|S174 AVGO x1 @ 0.49
  reconcile: entry fill b2|S173 AMD x1 @ 0.70
  reconcile: entry fill b50|S165 HL x1 @ 0.66
  reconcile: entry fill b30|S165 HL x1 @ 0.66
  reconcile: entry fill b42|S173 AMD x1 @ 0.54
  reconcile: entry fill b22|S173 AMD x1 @ 0.54
  reconcile: entry fill b25|S174 AVGO x1 @ 0.46
  reconcile: entry fill b89|S165 INTC x1 @ 0.55
  reconcile: entry fill b69|S165 INTC x1 @ 0.55
  reconcile: entry fill b49|S165 INTC x1 @ 0.55
  reconcile: entry fill b29|S165 INTC x1 @ 0.55
  reconcile: entry fill b9|S165 INTC x1 @ 0.55
  reconcile: entry fill b81|S173 SMCI x1 @ 0.61
  reconcile: entry fill b61|S173 SMCI x1 @ 0.61
  reconcile: entry fill b41|S173 SMCI x1 @ 0.61
  reconcile: entry fill b21|S173 SMCI x1 @ 0.61
  reconcile: entry fill b1|S173 SMCI x1 @ 0.61
  reconcile: entry fill b60|S173 NEM x1 @ 0.33
  reconcile: entry fill b40|S173 SMCI x1 @ 0.58
  reconcile: entry fill b68|S165 INTC x1 @ 0.55
  reconcile: entry fill b20|S173 SMCI x1 @ 0.70
  reconcile: entry fill b48|S165 INTC x1 @ 0.71
  reconcile: entry fill b28|S165 INTC x1 @ 0.71
  reconcile: entry fill b8|S165 INTC x1 @ 0.71
  reconcile: entry fill b0|S173 SMCI x1 @ 0.73
  reconcile: entry fill b87|S174 INTC x1 @ 0.71
  reconcile: entry fill b67|S174 INTC x1 @ 0.71
  reconcile: entry fill b47|S174 INTC x1 @ 0.71
  reconcile: entry fill b27|S174 INTC x1 @ 0.71
  reconcile: entry fill b7|S174 INTC x1 @ 0.71
  reconcile: entry fill b83|S173 T x1 @ 0.15
  reconcile: entry fill b63|S173 T x1 @ 0.15
  reconcile: entry fill b43|S173 T x1 @ 0.15
  reconcile: entry fill b23|S173 T x1 @ 0.15
  reconcile: entry fill b3|S173 T x1 @ 0.15
  reconcile: entry fill b90|S165 INTC x1 @ 0.48
  reconcile: entry fill b70|S165 INTC x1 @ 0.48
  reconcile: entry fill b50|S165 INTC x1 @ 0.48
  reconcile: entry fill b30|S165 INTC x1 @ 0.48
  reconcile: entry fill b10|S165 INTC x1 @ 0.48
  reconcile: entry fill b86|S174 INTC x1 @ 0.70
  reconcile: entry fill b86|S174 INTC x1 @ 0.74
  reconcile: entry fill b86|S174 INTC x1 @ 0.58
  reconcile: entry fill b66|S174 INTC x1 @ 0.58
  reconcile: entry fill b46|S174 INTC x1 @ 0.58
  reconcile: entry fill b26|S174 INTC x1 @ 0.58
  reconcile: entry fill b6|S174 INTC x1 @ 0.58
  reconcile: entry fill b82|S173 T x1 @ 0.42
  reconcile: entry fill b62|S173 T x1 @ 0.42
  reconcile: entry fill b42|S173 T x1 @ 0.42
  reconcile: entry fill b22|S173 T x1 @ 0.42
  reconcile: entry fill b2|S173 T x1 @ 0.42
  reconcile: entry fill b85|S174 INTC x1 @ 0.72
  reconcile: entry fill b85|S174 INTC x1 @ 0.71
  reconcile: entry fill b85|S174 INTC x1 @ 0.55
  reconcile: entry fill b85|S174 INTC x1 @ 0.67
  reconcile: entry fill b85|S174 INTC x1 @ 0.59
  reconcile: entry fill b85|S174 INTC x1 @ 0.60
  reconcile: entry fill b85|S174 INTC x1 @ 0.62
  reconcile: entry fill b84|S174 INTC x1 @ 0.62
  reconcile: entry fill b65|S174 INTC x1 @ 0.62
  reconcile: entry fill b45|S174 INTC x1 @ 0.62
  reconcile: entry fill b25|S174 INTC x1 @ 0.62
  reconcile: entry fill b5|S174 INTC x1 @ 0.62
  reconcile: entry fill b81|S173 T x1 @ 0.16
  reconcile: entry fill b61|S173 T x1 @ 0.16
  reconcile: entry fill b41|S173 T x1 @ 0.16
  reconcile: entry fill b21|S173 T x1 @ 0.16
  reconcile: entry fill b1|S173 T x1 @ 0.16
  reconcile: entry fill b84|S174 INTC x1 @ 0.61
  reconcile: entry fill b84|S174 INTC x1 @ 0.64
  reconcile: entry fill b84|S174 INTC x1 @ 0.60
  reconcile: entry fill b64|S174 INTC x1 @ 0.60
  reconcile: entry fill b44|S174 INTC x1 @ 0.60
  reconcile: entry fill b24|S174 INTC x1 @ 0.61
  reconcile: entry fill b4|S174 INTC x1 @ 0.61
  reconcile: entry fill b84|S174 INTC x1 @ 0.66
  reconcile: entry fill b64|S174 INTC x1 @ 0.66
  reconcile: entry fill b44|S174 INTC x1 @ 0.66
  reconcile: entry fill b24|S174 INTC x1 @ 0.66
  reconcile: entry fill b4|S174 INTC x1 @ 0.66
  reconcile: entry fill b88|S165 INTC x1 @ 0.65
  reconcile: entry fill b88|S165 INTC x1 @ 0.74
  reconcile: entry fill b68|S165 INTC x1 @ 0.74
  reconcile: entry fill b48|S165 INTC x1 @ 0.74
  reconcile: entry fill b28|S165 INTC x1 @ 0.74
  reconcile: entry fill b8|S165 INTC x1 @ 0.74
  reconcile: entry fill b80|S173 T x1 @ 0.35
  reconcile: entry fill b60|S173 T x1 @ 0.35
  reconcile: entry fill b40|S173 T x1 @ 0.35
  reconcile: entry fill b20|S173 T x1 @ 0.35
  reconcile: entry fill b88|S165 INTC x1 @ 0.47
  reconcile: entry fill b68|S165 INTC x1 @ 0.47
  reconcile: entry fill b48|S165 INTC x1 @ 0.47
  reconcile: entry fill b28|S165 INTC x1 @ 0.47
  reconcile: entry fill b8|S165 INTC x1 @ 0.47
  reconcile: entry fill b80|S173 T x1 @ 0.29
  reconcile: entry fill b60|S173 T x1 @ 0.30
  reconcile: entry fill b40|S173 T x1 @ 0.30
  reconcile: entry fill b20|S173 T x1 @ 0.29
  reconcile: entry fill b91|S165 GOOGL x1 @ 0.56
  reconcile: entry fill b87|S174 PSKY x1 @ 0.08
  reconcile: entry fill b67|S174 PSKY x1 @ 0.08
  reconcile: entry fill b47|S174 PSKY x1 @ 0.08
  reconcile: entry fill b27|S174 PSKY x1 @ 0.08
  reconcile: entry fill b7|S174 PSKY x1 @ 0.08
  reconcile: entry fill b91|S165 GOOGL x1 @ 0.57
  reconcile: entry fill b71|S165 GOOGL x1 @ 0.57
  reconcile: entry fill b51|S165 GOOGL x1 @ 0.57
  reconcile: removed 251 stale lot(s)

[Exit summary]
========================================================
OPTIONS EXIT SUMMARY — 2026-07-21
========================================================
Account equity: $134,459.05
Open positions: flat

No closed trades today.
========================================================

[Portfolio snapshot]
========================================================
OPTIONS TRIAL STATS
========================================================
Account equity: $134,459.05
Active buckets: 140 of 140 profiles ($500 virtual each) — paper unlimited mode

P&L summary
  Reflected (ex-S173,S174): $+5,522.13 all-time  |  $+0.00 today
  Raw (incl dropped):     $+3,090.58 all-time  |  $+0.00 today
  Open (not sold yet): $+0.00 unrealized (virtual lots)
  Premium deployed:    $0.00 in open positions
  Combined P&L:        $+5,522.13 (reflected realized + open virtual)

Ledger (master)
  Total events:     4466
  Today entries:    0
  Today exits (reflected): 0
  All-time exits (reflected): 213  wins 34%
  Avg return/trade: +2.1%  median -33.3%

Open virtual lots (by bucket)
  b8 c008_s165_w1_0928_1005_r1  prem=$     0  real=$-199.00  open=$ +0.00  lots=0  [-]
       buy: ask-0.01  sell: bid-0.01  tp=+50% sl=-50%
  b9 c009_s165_w2_1005_1045_r1  prem=$     0  real=$-203.00  open=$ +0.00  lots=0  [-]
       buy: ask-0.01  sell: bid-0.01  tp=+50% sl=-50%
  b10 c010_s165_w3_1045_1120_r1  prem=$     0  real=$-103.00  open=$ +0.00  lots=0  [-]
       buy: ask-0.01  sell: bid-0.01  tp=+50% sl=-50%
  (137 quiet bucket profile(s) — no trades yet)

Alpaca option positions
  (none)

Per-bucket exit stats (all time)
  b0|orphan_reconcile     n= 22  avg=+22.4%  med=-57.5%  realized=$+6,310.91
  b10|c010_s165_w3_1045_1120_r1  n=  5  avg=-30.2%  med=-18.9%  realized=$-103.00
  b28|c028_s165_w1_0928_1005_r2  n= 17  avg=+49.5%  med=+80.0%  realized=$+448.00
  b29|c029_s165_w2_1005_1045_r2  n=  9  avg=-23.3%  med=-50.0%  realized=$-221.00
  b30|c030_s165_w3_1045_1120_r2  n=  9  avg=+38.8%  med=+0.0%  realized=$+260.00
  b31|c031_s165_w4_1120_1135_r2  n=  2  avg=+145.5%  med=+175.8%  realized=$+192.00
  b48|c048_s165_w1_0928_1005_r3  n= 16  avg=-35.9%  med=-49.1%  realized=$-344.00
  b49|c049_s165_w2_1005_1045_r3  n= 15  avg=-49.3%  med=-49.1%  realized=$-458.00
  b50|c050_s165_w3_1045_1120_r3  n=  9  avg=-23.6%  med=-23.1%  realized=$-142.00
  b51|c051_s165_w4_1120_1135_r3  n=  1  avg=+263.6%  med=+263.6%  realized=$+174.00
  b56|g056_lim_tp20_sl65  n=  1  avg=+47.7%  med=+47.7%  realized=$+20.52
  b57|g057_mid_tp20_sl65  n=  1  avg=+47.7%  med=+47.7%  realized=$+20.52
  b58|g058_eod_tp20_sl65  n=  1  avg=+59.1%  med=+59.1%  realized=$+25.41
  b68|c068_s165_w1_0928_1005_r4  n= 16  avg=-51.3%  med=-49.1%  realized=$-446.00
  b69|c069_s165_w2_1005_1045_r4  n= 11  avg=+19.0%  med=-43.6%  realized=$-179.00
  b70|c070_s165_w3_1045_1120_r4  n= 11  avg=-2.1%  med=-16.9%  realized=$-6.00
  b70|g070_eod_tp30_sl20  n=  1  avg=+59.1%  med=+59.1%  realized=$+27.77
  b88|c088_s165_w1_0928_1005_r5  n= 21  avg=-5.0%  med=-2.7%  realized=$-63.00
  b89|c089_s165_w2_1005_1045_r5  n=  7  avg=+113.1%  med=+30.9%  realized=$+67.00
  b8|c008_s165_w1_0928_1005_r1  n= 18  avg=-18.8%  med=-33.3%  realized=$-199.00
  b90|c090_s165_w3_1045_1120_r5  n= 13  avg=+7.7%  med=+0.0%  realized=$+47.00
  b91|c091_s165_w4_1120_1135_r5  n=  2  avg=+222.0%  med=+247.0%  realized=$+293.00
  b9|c009_s165_w2_1005_1045_r1  n=  5  avg=-73.0%  med=-66.2%  realized=$-203.00
========================================================
+========================================================================+
|  OPTIONS BOT SUMMARY                                                   |
+------------------------------------------------------------------------+
|  Mode                          after_hours                             |
|  Equity                        $134,459.05                             |
|  Signals this run              0                                       |
|  Orders submitted (session)    0                                       |
|  Orders filled today (ledger)  0                                       |
|  Entries placed this run       0                                       |
|  Open virtual lots             0                                       |
|  Broker option positions       0                                       |
|  Pending orders                0                                       |
+========================================================================+
+========================================================================+
|  BUCKET LEADERBOARD (reflected ex-S173,S174)                           |
+------------------------------------------------------------------------+
|  Reflected trades=213  buckets=22  win=34%                             |
|  Returns   avg=+2.1%  med=-33.3%  p10=-64.9%  p90=+86.7%               |
|  Realized  $+5,522.13                                                  |
|  Raw incl dropped  trades=630  real=$+3,090.58                         |
+------------------------------------------------------------------------+
|  BKT PROFILE               N  WIN  AVG%   MED%   BEST%  REAL$          |
+------------------------------------------------------------------------+
|  b51  c051_s164_w4_1120_  1 100% +263.6 +263.6 +263.6 $   +174         |
|  b91  c091_s167_w4_1120_  2 100% +222.0 +222.0 +247.0 $   +293         |
|  b31  c031_s173_w4_1120_  2 100% +145.5 +145.5 +175.8 $   +192         |
|  b28  c028_s173_w1_0928_ 17  76% +49.5 +80.0 +102.0 $   +448           |
|  b58  c058_s173_w3_1045_  1 100% +59.1 +59.1 +59.1 $    +25            |
|  b56  c056_s173_w1_0928_  1 100% +47.7 +47.7 +47.7 $    +21            |
|  b57  c057_s173_w2_1005_  1 100% +47.7 +47.7 +47.7 $    +21            |
|  b89  c089_s167_w2_1005_  7  57% +113.1 +30.9 +790.0 $    +67          |
|  ... 14 more bucket(s) with exits                                      |
+------------------------------------------------------------------------+
|  Low  b9   c009_s165_w2_1005_  5   0% -73.0 -66.2 -92.7 $   -203       |
+========================================================================+
+========================================================================+
|  OPEN OPTIONS (0)                                                      |
+------------------------------------------------------------------------+
|  No open option positions                                              |
+========================================================================+
Full detail: logs/options_trial/runs/2026-07-21.log
elapsed=1.9s reconcile=1.59s

=== 09:15:41 ET — after hours (exit summary) [elapsed=1.8s reconcile=1.54s] ===
=== options_morning_bot (PAPER) 2026-07-21T09:15:41.637686-04:00 ===

[Run context]
After hours (09:15 ET) — exit summary only.
Paper auth OK — equity $134113.85, account PA36KS87UPRS
  reconcile: layout changed controlled:100:c000_s173_w1_0928_1005_r1 -> controlled:140:c000_s173_w1_0928_1005_r1
  reconcile: entry fill b83|S173 CRM x1 @ 0.62
  reconcile: entry fill b63|S173 CRM x1 @ 0.62
  reconcile: entry fill b43|S173 CRM x1 @ 0.62
  reconcile: entry fill b23|S173 CRM x1 @ 0.62
  reconcile: entry fill b3|S173 CRM x1 @ 0.62
  reconcile: entry fill b82|S173 CRM x1 @ 0.70
  reconcile: entry fill b62|S173 CRM x1 @ 0.70
  reconcile: entry fill b42|S173 CRM x1 @ 0.70
  reconcile: entry fill b22|S173 CRM x1 @ 0.70
  reconcile: entry fill b2|S173 CRM x1 @ 0.70
  reconcile: entry fill b81|S173 CRM x1 @ 0.57
  reconcile: entry fill b61|S173 CRM x1 @ 0.57
  reconcile: entry fill b41|S173 CRM x1 @ 0.57
  reconcile: entry fill b21|S173 CRM x1 @ 0.57
  reconcile: entry fill b1|S173 CRM x1 @ 0.57
  reconcile: entry fill b80|S173 CRM x1 @ 0.63
  reconcile: entry fill b60|S173 CRM x1 @ 0.63
  reconcile: entry fill b40|S173 CRM x1 @ 0.63
  reconcile: entry fill b20|S173 CRM x1 @ 0.63
  reconcile: entry fill b0|S173 CRM x1 @ 0.63
  reconcile: entry fill b91|S165 META x1 @ 0.66
  reconcile: entry fill b71|S165 META x1 @ 0.66
  reconcile: entry fill b51|S165 META x1 @ 0.66
  reconcile: entry fill b31|S165 META x1 @ 0.66
  reconcile: entry fill b11|S165 META x1 @ 0.66
  reconcile: entry fill b83|S173 AMD x1 @ 0.52
  reconcile: entry fill b63|S173 AMD x1 @ 0.52
  reconcile: entry fill b43|S173 AMD x1 @ 0.52
  reconcile: entry fill b23|S173 AMD x1 @ 0.52
  reconcile: entry fill b3|S173 AMD x1 @ 0.52
  reconcile: entry fill b90|S165 META x1 @ 0.74
  reconcile: entry fill b70|S165 META x1 @ 0.74
  reconcile: entry fill b50|S165 META x1 @ 0.74
  reconcile: entry fill b30|S165 META x1 @ 0.74
  reconcile: entry fill b10|S165 META x1 @ 0.74
  reconcile: entry fill b82|S173 AMD x1 @ 0.67
  reconcile: entry fill b62|S173 AMD x1 @ 0.67
  reconcile: entry fill b42|S173 AMD x1 @ 0.67
  reconcile: entry fill b22|S173 AMD x1 @ 0.67
  reconcile: entry fill b2|S173 AMD x1 @ 0.67
  reconcile: entry fill b89|S165 META x1 @ 0.68
  reconcile: entry fill b69|S165 META x1 @ 0.68
  reconcile: entry fill b49|S165 META x1 @ 0.68
  reconcile: entry fill b29|S165 META x1 @ 0.68
  reconcile: entry fill b9|S165 META x1 @ 0.68
  reconcile: entry fill b81|S173 AMD x1 @ 0.66
  reconcile: entry fill b61|S173 AMD x1 @ 0.66
  reconcile: entry fill b41|S173 AMD x1 @ 0.66
  reconcile: entry fill b21|S173 AMD x1 @ 0.66
  reconcile: entry fill b1|S173 AMD x1 @ 0.66
  reconcile: entry fill b40|S173 AMZN x1 @ 0.47
  reconcile: entry fill b0|S173 AMZN x1 @ 0.47
  reconcile: entry fill b88|S165 GOOGL x1 @ 0.55
  reconcile: entry fill b68|S165 GOOGL x1 @ 0.55
  reconcile: entry fill b48|S165 GOOGL x1 @ 0.55
  reconcile: entry fill b28|S165 GOOGL x1 @ 0.55
  reconcile: entry fill b8|S165 GOOGL x1 @ 0.55
  reconcile: entry fill b80|S173 AMZN x1 @ 0.51
  reconcile: entry fill b60|S173 AMZN x1 @ 0.51
  reconcile: entry fill b20|S173 AMZN x1 @ 0.51
  reconcile: entry fill b63|S173 LULU x1 @ 0.57
  reconcile: entry fill b43|S173 LULU x1 @ 0.57
  reconcile: entry fill b83|S173 LULU x1 @ 0.63
  reconcile: entry fill b23|S173 LULU x1 @ 0.63
  reconcile: entry fill b62|S173 LULU x1 @ 0.58
  reconcile: entry fill b42|S173 AMD x1 @ 0.68
  reconcile: entry fill b82|S173 LULU x1 @ 0.47
  reconcile: entry fill b2|S173 AMD x1 @ 0.70
  reconcile: entry fill b90|S165 AVGO x1 @ 0.60
  reconcile: entry fill b70|S165 AVGO x1 @ 0.60
  reconcile: entry fill b50|S165 AVGO x1 @ 0.60
  reconcile: entry fill b30|S165 AVGO x1 @ 0.60
  reconcile: entry fill b10|S165 AVGO x1 @ 0.60
  reconcile: entry fill b22|S173 AMD x1 @ 0.67
  reconcile: entry fill b81|S173 AMD x1 @ 0.68
  reconcile: entry fill b61|S173 AMD x1 @ 0.68
  reconcile: entry fill b41|S173 AMD x1 @ 0.68
  reconcile: entry fill b21|S173 AMD x1 @ 0.68
  reconcile: entry fill b1|S173 AMD x1 @ 0.68
  reconcile: entry fill b89|S165 AVGO x1 @ 0.50
  reconcile: entry fill b69|S165 AVGO x1 @ 0.50
  reconcile: entry fill b49|S165 AVGO x1 @ 0.50
  reconcile: entry fill b29|S165 AVGO x1 @ 0.50
  reconcile: entry fill b9|S165 AVGO x1 @ 0.50
  reconcile: entry fill b48|S165 AVGO x1 @ 0.73
  reconcile: entry fill b20|S173 AAL x1 @ 0.56
  reconcile: entry fill b88|S165 AVGO x1 @ 0.55
  reconcile: entry fill b68|S165 AVGO x1 @ 0.55
  reconcile: entry fill b48|S165 AVGO x1 @ 0.55
  reconcile: entry fill b28|S165 AVGO x1 @ 0.55
  reconcile: entry fill b8|S165 AVGO x1 @ 0.55
  reconcile: entry fill b80|S173 UAL x1 @ 0.65
  reconcile: entry fill b60|S173 UAL x1 @ 0.65
  reconcile: entry fill b40|S173 UAL x1 @ 0.65
  reconcile: entry fill b0|S173 UAL x1 @ 0.65
  reconcile: entry fill b83|S173 ADBE x1 @ 0.40
  reconcile: entry fill b63|S173 ADBE x1 @ 0.40
  reconcile: entry fill b43|S173 ADBE x1 @ 0.40
  reconcile: entry fill b23|S173 ADBE x1 @ 0.40
  reconcile: entry fill b3|S173 ADBE x1 @ 0.40
  reconcile: entry fill b90|S165 BSX x1 @ 0.65
  reconcile: entry fill b70|S165 BSX x1 @ 0.65
  reconcile: entry fill b50|S165 BSX x1 @ 0.65
  reconcile: entry fill b30|S165 BSX x1 @ 0.65
  reconcile: entry fill b10|S165 BSX x1 @ 0.65
  reconcile: entry fill b82|S173 ADBE x1 @ 0.48
  reconcile: entry fill b62|S173 ADBE x1 @ 0.48
  reconcile: entry fill b42|S173 ADBE x1 @ 0.48
  reconcile: entry fill b22|S173 ADBE x1 @ 0.48
  reconcile: entry fill b2|S173 ADBE x1 @ 0.48
  reconcile: entry fill b49|S165 GEHC x1 @ 0.70
  reconcile: entry fill b1|S173 C x1 @ 0.54
  reconcile: entry fill b89|S165 BSX x1 @ 0.10
  reconcile: entry fill b69|S165 BSX x1 @ 0.10
  reconcile: entry fill b29|S165 BSX x1 @ 0.10
  reconcile: entry fill b9|S165 BSX x1 @ 0.10
  reconcile: entry fill b81|S173 C x1 @ 0.73
  reconcile: entry fill b61|S173 C x1 @ 0.73
  reconcile: entry fill b41|S173 C x1 @ 0.73
  reconcile: entry fill b21|S173 C x1 @ 0.73
  reconcile: entry fill b20|S173 C x1 @ 0.48
  reconcile: entry fill b0|S173 C x1 @ 0.48
  reconcile: entry fill b88|S165 MSFT x1 @ 0.51
  reconcile: entry fill b68|S165 MSFT x1 @ 0.51
  reconcile: entry fill b48|S165 MSFT x1 @ 0.51
  reconcile: entry fill b28|S165 MSFT x1 @ 0.51
  reconcile: entry fill b8|S165 MSFT x1 @ 0.51
  reconcile: entry fill b80|S173 C x1 @ 0.22
  reconcile: entry fill b60|S173 C x1 @ 0.22
  reconcile: entry fill b40|S173 C x1 @ 0.22
  reconcile: entry fill b67|S174 INTC x1 @ 0.59
  reconcile: entry fill b47|S174 INTC x1 @ 0.59
  reconcile: entry fill b27|S174 INTC x1 @ 0.59
  reconcile: entry fill b83|S173 AMD x1 @ 0.65
  reconcile: entry fill b63|S173 AMD x1 @ 0.65
  reconcile: entry fill b43|S173 AMD x1 @ 0.65
  reconcile: entry fill b23|S173 AMD x1 @ 0.65
  reconcile: entry fill b3|S173 AMD x1 @ 0.65
  reconcile: entry fill b66|S174 INTC x1 @ 0.59
  reconcile: entry fill b70|S165 HL x1 @ 0.67
  reconcile: entry fill b62|S173 AMD x1 @ 0.05
  reconcile: entry fill b26|S174 AVGO x1 @ 0.49
  reconcile: entry fill b6|S174 AVGO x1 @ 0.49
  reconcile: entry fill b2|S173 AMD x1 @ 0.70
  reconcile: entry fill b50|S165 HL x1 @ 0.66
  reconcile: entry fill b30|S165 HL x1 @ 0.66
  reconcile: entry fill b42|S173 AMD x1 @ 0.54
  reconcile: entry fill b22|S173 AMD x1 @ 0.54
  reconcile: entry fill b25|S174 AVGO x1 @ 0.46
  reconcile: entry fill b89|S165 INTC x1 @ 0.55
  reconcile: entry fill b69|S165 INTC x1 @ 0.55
  reconcile: entry fill b49|S165 INTC x1 @ 0.55
  reconcile: entry fill b29|S165 INTC x1 @ 0.55
  reconcile: entry fill b9|S165 INTC x1 @ 0.55
  reconcile: entry fill b81|S173 SMCI x1 @ 0.61
  reconcile: entry fill b61|S173 SMCI x1 @ 0.61
  reconcile: entry fill b41|S173 SMCI x1 @ 0.61
  reconcile: entry fill b21|S173 SMCI x1 @ 0.61
  reconcile: entry fill b1|S173 SMCI x1 @ 0.61
  reconcile: entry fill b60|S173 NEM x1 @ 0.33
  reconcile: entry fill b40|S173 SMCI x1 @ 0.58
  reconcile: entry fill b68|S165 INTC x1 @ 0.55
  reconcile: entry fill b20|S173 SMCI x1 @ 0.70
  reconcile: entry fill b48|S165 INTC x1 @ 0.71
  reconcile: entry fill b28|S165 INTC x1 @ 0.71
  reconcile: entry fill b8|S165 INTC x1 @ 0.71
  reconcile: entry fill b0|S173 SMCI x1 @ 0.73
  reconcile: entry fill b87|S174 INTC x1 @ 0.71
  reconcile: entry fill b67|S174 INTC x1 @ 0.71
  reconcile: entry fill b47|S174 INTC x1 @ 0.71
  reconcile: entry fill b27|S174 INTC x1 @ 0.71
  reconcile: entry fill b7|S174 INTC x1 @ 0.71
  reconcile: entry fill b83|S173 T x1 @ 0.15
  reconcile: entry fill b63|S173 T x1 @ 0.15
  reconcile: entry fill b43|S173 T x1 @ 0.15
  reconcile: entry fill b23|S173 T x1 @ 0.15
  reconcile: entry fill b3|S173 T x1 @ 0.15
  reconcile: entry fill b90|S165 INTC x1 @ 0.48
  reconcile: entry fill b70|S165 INTC x1 @ 0.48
  reconcile: entry fill b50|S165 INTC x1 @ 0.48
  reconcile: entry fill b30|S165 INTC x1 @ 0.48
  reconcile: entry fill b10|S165 INTC x1 @ 0.48
  reconcile: entry fill b86|S174 INTC x1 @ 0.70
  reconcile: entry fill b86|S174 INTC x1 @ 0.74
  reconcile: entry fill b86|S174 INTC x1 @ 0.58
  reconcile: entry fill b66|S174 INTC x1 @ 0.58
  reconcile: entry fill b46|S174 INTC x1 @ 0.58
  reconcile: entry fill b26|S174 INTC x1 @ 0.58
  reconcile: entry fill b6|S174 INTC x1 @ 0.58
  reconcile: entry fill b82|S173 T x1 @ 0.42
  reconcile: entry fill b62|S173 T x1 @ 0.42
  reconcile: entry fill b42|S173 T x1 @ 0.42
  reconcile: entry fill b22|S173 T x1 @ 0.42
  reconcile: entry fill b2|S173 T x1 @ 0.42
  reconcile: entry fill b85|S174 INTC x1 @ 0.72
  reconcile: entry fill b85|S174 INTC x1 @ 0.71
  reconcile: entry fill b85|S174 INTC x1 @ 0.55
  reconcile: entry fill b85|S174 INTC x1 @ 0.67
  reconcile: entry fill b85|S174 INTC x1 @ 0.59
  reconcile: entry fill b85|S174 INTC x1 @ 0.60
  reconcile: entry fill b85|S174 INTC x1 @ 0.62
  reconcile: entry fill b84|S174 INTC x1 @ 0.62
  reconcile: entry fill b65|S174 INTC x1 @ 0.62
  reconcile: entry fill b45|S174 INTC x1 @ 0.62
  reconcile: entry fill b25|S174 INTC x1 @ 0.62
  reconcile: entry fill b5|S174 INTC x1 @ 0.62
  reconcile: entry fill b81|S173 T x1 @ 0.16
  reconcile: entry fill b61|S173 T x1 @ 0.16
  reconcile: entry fill b41|S173 T x1 @ 0.16
  reconcile: entry fill b21|S173 T x1 @ 0.16
  reconcile: entry fill b1|S173 T x1 @ 0.16
  reconcile: entry fill b84|S174 INTC x1 @ 0.61
  reconcile: entry fill b84|S174 INTC x1 @ 0.64
  reconcile: entry fill b84|S174 INTC x1 @ 0.60
  reconcile: entry fill b64|S174 INTC x1 @ 0.60
  reconcile: entry fill b44|S174 INTC x1 @ 0.60
  reconcile: entry fill b24|S174 INTC x1 @ 0.61
  reconcile: entry fill b4|S174 INTC x1 @ 0.61
  reconcile: entry fill b84|S174 INTC x1 @ 0.66
  reconcile: entry fill b64|S174 INTC x1 @ 0.66
  reconcile: entry fill b44|S174 INTC x1 @ 0.66
  reconcile: entry fill b24|S174 INTC x1 @ 0.66
  reconcile: entry fill b4|S174 INTC x1 @ 0.66
  reconcile: entry fill b88|S165 INTC x1 @ 0.65
  reconcile: entry fill b88|S165 INTC x1 @ 0.74
  reconcile: entry fill b68|S165 INTC x1 @ 0.74
  reconcile: entry fill b48|S165 INTC x1 @ 0.74
  reconcile: entry fill b28|S165 INTC x1 @ 0.74
  reconcile: entry fill b8|S165 INTC x1 @ 0.74
  reconcile: entry fill b80|S173 T x1 @ 0.35
  reconcile: entry fill b60|S173 T x1 @ 0.35
  reconcile: entry fill b40|S173 T x1 @ 0.35
  reconcile: entry fill b20|S173 T x1 @ 0.35
  reconcile: entry fill b88|S165 INTC x1 @ 0.47
  reconcile: entry fill b68|S165 INTC x1 @ 0.47
  reconcile: entry fill b48|S165 INTC x1 @ 0.47
  reconcile: entry fill b28|S165 INTC x1 @ 0.47
  reconcile: entry fill b8|S165 INTC x1 @ 0.47
  reconcile: entry fill b80|S173 T x1 @ 0.29
  reconcile: entry fill b60|S173 T x1 @ 0.30
  reconcile: entry fill b40|S173 T x1 @ 0.30
  reconcile: entry fill b20|S173 T x1 @ 0.29
  reconcile: entry fill b91|S165 GOOGL x1 @ 0.56
  reconcile: entry fill b87|S174 PSKY x1 @ 0.08
  reconcile: entry fill b67|S174 PSKY x1 @ 0.08
  reconcile: entry fill b47|S174 PSKY x1 @ 0.08
  reconcile: entry fill b27|S174 PSKY x1 @ 0.08
  reconcile: entry fill b7|S174 PSKY x1 @ 0.08
  reconcile: entry fill b91|S165 GOOGL x1 @ 0.57
  reconcile: entry fill b71|S165 GOOGL x1 @ 0.57
  reconcile: entry fill b51|S165 GOOGL x1 @ 0.57
  reconcile: removed 251 stale lot(s)

[Exit summary]
========================================================
OPTIONS EXIT SUMMARY — 2026-07-21
========================================================
Account equity: $134,113.85
Open positions: flat

No closed trades today.
========================================================

[Portfolio snapshot]
========================================================
OPTIONS TRIAL STATS
========================================================
Account equity: $134,113.85
Active buckets: 140 of 140 profiles ($500 virtual each) — paper unlimited mode

P&L summary
  Reflected (ex-S173,S174): $+5,522.13 all-time  |  $+0.00 today
  Raw (incl dropped):     $+3,090.58 all-time  |  $+0.00 today
  Open (not sold yet): $+0.00 unrealized (virtual lots)
  Premium deployed:    $0.00 in open positions
  Combined P&L:        $+5,522.13 (reflected realized + open virtual)

Ledger (master)
  Total events:     4466
  Today entries:    0
  Today exits (reflected): 0
  All-time exits (reflected): 213  wins 34%
  Avg return/trade: +2.1%  median -33.3%

Open virtual lots (by bucket)
  b8 c008_s165_w1_0928_1005_r1  prem=$     0  real=$-199.00  open=$ +0.00  lots=0  [-]
       buy: ask-0.01  sell: bid-0.01  tp=+50% sl=-50%
  b9 c009_s165_w2_1005_1045_r1  prem=$     0  real=$-203.00  open=$ +0.00  lots=0  [-]
       buy: ask-0.01  sell: bid-0.01  tp=+50% sl=-50%
  b10 c010_s165_w3_1045_1120_r1  prem=$     0  real=$-103.00  open=$ +0.00  lots=0  [-]
       buy: ask-0.01  sell: bid-0.01  tp=+50% sl=-50%
  (137 quiet bucket profile(s) — no trades yet)

Alpaca option positions
  (none)

Per-bucket exit stats (all time)
  b0|orphan_reconcile     n= 22  avg=+22.4%  med=-57.5%  realized=$+6,310.91
  b10|c010_s165_w3_1045_1120_r1  n=  5  avg=-30.2%  med=-18.9%  realized=$-103.00
  b28|c028_s165_w1_0928_1005_r2  n= 17  avg=+49.5%  med=+80.0%  realized=$+448.00
  b29|c029_s165_w2_1005_1045_r2  n=  9  avg=-23.3%  med=-50.0%  realized=$-221.00
  b30|c030_s165_w3_1045_1120_r2  n=  9  avg=+38.8%  med=+0.0%  realized=$+260.00
  b31|c031_s165_w4_1120_1135_r2  n=  2  avg=+145.5%  med=+175.8%  realized=$+192.00
  b48|c048_s165_w1_0928_1005_r3  n= 16  avg=-35.9%  med=-49.1%  realized=$-344.00
  b49|c049_s165_w2_1005_1045_r3  n= 15  avg=-49.3%  med=-49.1%  realized=$-458.00
  b50|c050_s165_w3_1045_1120_r3  n=  9  avg=-23.6%  med=-23.1%  realized=$-142.00
  b51|c051_s165_w4_1120_1135_r3  n=  1  avg=+263.6%  med=+263.6%  realized=$+174.00
  b56|g056_lim_tp20_sl65  n=  1  avg=+47.7%  med=+47.7%  realized=$+20.52
  b57|g057_mid_tp20_sl65  n=  1  avg=+47.7%  med=+47.7%  realized=$+20.52
  b58|g058_eod_tp20_sl65  n=  1  avg=+59.1%  med=+59.1%  realized=$+25.41
  b68|c068_s165_w1_0928_1005_r4  n= 16  avg=-51.3%  med=-49.1%  realized=$-446.00
  b69|c069_s165_w2_1005_1045_r4  n= 11  avg=+19.0%  med=-43.6%  realized=$-179.00
  b70|c070_s165_w3_1045_1120_r4  n= 11  avg=-2.1%  med=-16.9%  realized=$-6.00
  b70|g070_eod_tp30_sl20  n=  1  avg=+59.1%  med=+59.1%  realized=$+27.77
  b88|c088_s165_w1_0928_1005_r5  n= 21  avg=-5.0%  med=-2.7%  realized=$-63.00
  b89|c089_s165_w2_1005_1045_r5  n=  7  avg=+113.1%  med=+30.9%  realized=$+67.00
  b8|c008_s165_w1_0928_1005_r1  n= 18  avg=-18.8%  med=-33.3%  realized=$-199.00
  b90|c090_s165_w3_1045_1120_r5  n= 13  avg=+7.7%  med=+0.0%  realized=$+47.00
  b91|c091_s165_w4_1120_1135_r5  n=  2  avg=+222.0%  med=+247.0%  realized=$+293.00
  b9|c009_s165_w2_1005_1045_r1  n=  5  avg=-73.0%  med=-66.2%  realized=$-203.00
========================================================
+========================================================================+
|  OPTIONS BOT SUMMARY                                                   |
+------------------------------------------------------------------------+
|  Mode                          after_hours                             |
|  Equity                        $134,113.85                             |
|  Signals this run              0                                       |
|  Orders submitted (session)    0                                       |
|  Orders filled today (ledger)  0                                       |
|  Entries placed this run       0                                       |
|  Open virtual lots             0                                       |
|  Broker option positions       0                                       |
|  Pending orders                0                                       |
+========================================================================+
+========================================================================+
|  BUCKET LEADERBOARD (reflected ex-S173,S174)                           |
+------------------------------------------------------------------------+
|  Reflected trades=213  buckets=22  win=34%                             |
|  Returns   avg=+2.1%  med=-33.3%  p10=-64.9%  p90=+86.7%               |
|  Realized  $+5,522.13                                                  |
|  Raw incl dropped  trades=630  real=$+3,090.58                         |
+------------------------------------------------------------------------+
|  BKT PROFILE               N  WIN  AVG%   MED%   BEST%  REAL$          |
+------------------------------------------------------------------------+
|  b51  c051_s164_w4_1120_  1 100% +263.6 +263.6 +263.6 $   +174         |
|  b91  c091_s167_w4_1120_  2 100% +222.0 +222.0 +247.0 $   +293         |
|  b31  c031_s173_w4_1120_  2 100% +145.5 +145.5 +175.8 $   +192         |
|  b28  c028_s173_w1_0928_ 17  76% +49.5 +80.0 +102.0 $   +448           |
|  b58  c058_s173_w3_1045_  1 100% +59.1 +59.1 +59.1 $    +25            |
|  b56  c056_s173_w1_0928_  1 100% +47.7 +47.7 +47.7 $    +21            |
|  b57  c057_s173_w2_1005_  1 100% +47.7 +47.7 +47.7 $    +21            |
|  b89  c089_s167_w2_1005_  7  57% +113.1 +30.9 +790.0 $    +67          |
|  ... 14 more bucket(s) with exits                                      |
+------------------------------------------------------------------------+
|  Low  b9   c009_s165_w2_1005_  5   0% -73.0 -66.2 -92.7 $   -203       |
+========================================================================+
+========================================================================+
|  OPEN OPTIONS (0)                                                      |
+------------------------------------------------------------------------+
|  No open option positions                                              |
+========================================================================+
Full detail: logs/options_trial/runs/2026-07-21.log
elapsed=1.8s reconcile=1.54s

=== 09:20:41 ET — after hours (exit summary) [elapsed=1.8s reconcile=1.53s] ===
=== options_morning_bot (PAPER) 2026-07-21T09:20:41.939374-04:00 ===

[Run context]
After hours (09:20 ET) — exit summary only.
Paper auth OK — equity $134380.69, account PA36KS87UPRS
  reconcile: layout changed controlled:100:c000_s173_w1_0928_1005_r1 -> controlled:140:c000_s173_w1_0928_1005_r1
  reconcile: entry fill b83|S173 CRM x1 @ 0.62
  reconcile: entry fill b63|S173 CRM x1 @ 0.62
  reconcile: entry fill b43|S173 CRM x1 @ 0.62
  reconcile: entry fill b23|S173 CRM x1 @ 0.62
  reconcile: entry fill b3|S173 CRM x1 @ 0.62
  reconcile: entry fill b82|S173 CRM x1 @ 0.70
  reconcile: entry fill b62|S173 CRM x1 @ 0.70
  reconcile: entry fill b42|S173 CRM x1 @ 0.70
  reconcile: entry fill b22|S173 CRM x1 @ 0.70
  reconcile: entry fill b2|S173 CRM x1 @ 0.70
  reconcile: entry fill b81|S173 CRM x1 @ 0.57
  reconcile: entry fill b61|S173 CRM x1 @ 0.57
  reconcile: entry fill b41|S173 CRM x1 @ 0.57
  reconcile: entry fill b21|S173 CRM x1 @ 0.57
  reconcile: entry fill b1|S173 CRM x1 @ 0.57
  reconcile: entry fill b80|S173 CRM x1 @ 0.63
  reconcile: entry fill b60|S173 CRM x1 @ 0.63
  reconcile: entry fill b40|S173 CRM x1 @ 0.63
  reconcile: entry fill b20|S173 CRM x1 @ 0.63
  reconcile: entry fill b0|S173 CRM x1 @ 0.63
  reconcile: entry fill b91|S165 META x1 @ 0.66
  reconcile: entry fill b71|S165 META x1 @ 0.66
  reconcile: entry fill b51|S165 META x1 @ 0.66
  reconcile: entry fill b31|S165 META x1 @ 0.66
  reconcile: entry fill b11|S165 META x1 @ 0.66
  reconcile: entry fill b83|S173 AMD x1 @ 0.52
  reconcile: entry fill b63|S173 AMD x1 @ 0.52
  reconcile: entry fill b43|S173 AMD x1 @ 0.52
  reconcile: entry fill b23|S173 AMD x1 @ 0.52
  reconcile: entry fill b3|S173 AMD x1 @ 0.52
  reconcile: entry fill b90|S165 META x1 @ 0.74
  reconcile: entry fill b70|S165 META x1 @ 0.74
  reconcile: entry fill b50|S165 META x1 @ 0.74
  reconcile: entry fill b30|S165 META x1 @ 0.74
  reconcile: entry fill b10|S165 META x1 @ 0.74
  reconcile: entry fill b82|S173 AMD x1 @ 0.67
  reconcile: entry fill b62|S173 AMD x1 @ 0.67
  reconcile: entry fill b42|S173 AMD x1 @ 0.67
  reconcile: entry fill b22|S173 AMD x1 @ 0.67
  reconcile: entry fill b2|S173 AMD x1 @ 0.67
  reconcile: entry fill b89|S165 META x1 @ 0.68
  reconcile: entry fill b69|S165 META x1 @ 0.68
  reconcile: entry fill b49|S165 META x1 @ 0.68
  reconcile: entry fill b29|S165 META x1 @ 0.68
  reconcile: entry fill b9|S165 META x1 @ 0.68
  reconcile: entry fill b81|S173 AMD x1 @ 0.66
  reconcile: entry fill b61|S173 AMD x1 @ 0.66
  reconcile: entry fill b41|S173 AMD x1 @ 0.66
  reconcile: entry fill b21|S173 AMD x1 @ 0.66
  reconcile: entry fill b1|S173 AMD x1 @ 0.66
  reconcile: entry fill b40|S173 AMZN x1 @ 0.47
  reconcile: entry fill b0|S173 AMZN x1 @ 0.47
  reconcile: entry fill b88|S165 GOOGL x1 @ 0.55
  reconcile: entry fill b68|S165 GOOGL x1 @ 0.55
  reconcile: entry fill b48|S165 GOOGL x1 @ 0.55
  reconcile: entry fill b28|S165 GOOGL x1 @ 0.55
  reconcile: entry fill b8|S165 GOOGL x1 @ 0.55
  reconcile: entry fill b80|S173 AMZN x1 @ 0.51
  reconcile: entry fill b60|S173 AMZN x1 @ 0.51
  reconcile: entry fill b20|S173 AMZN x1 @ 0.51
  reconcile: entry fill b63|S173 LULU x1 @ 0.57
  reconcile: entry fill b43|S173 LULU x1 @ 0.57
  reconcile: entry fill b83|S173 LULU x1 @ 0.63
  reconcile: entry fill b23|S173 LULU x1 @ 0.63
  reconcile: entry fill b62|S173 LULU x1 @ 0.58
  reconcile: entry fill b42|S173 AMD x1 @ 0.68
  reconcile: entry fill b82|S173 LULU x1 @ 0.47
  reconcile: entry fill b2|S173 AMD x1 @ 0.70
  reconcile: entry fill b90|S165 AVGO x1 @ 0.60
  reconcile: entry fill b70|S165 AVGO x1 @ 0.60
  reconcile: entry fill b50|S165 AVGO x1 @ 0.60
  reconcile: entry fill b30|S165 AVGO x1 @ 0.60
  reconcile: entry fill b10|S165 AVGO x1 @ 0.60
  reconcile: entry fill b22|S173 AMD x1 @ 0.67
  reconcile: entry fill b81|S173 AMD x1 @ 0.68
  reconcile: entry fill b61|S173 AMD x1 @ 0.68
  reconcile: entry fill b41|S173 AMD x1 @ 0.68
  reconcile: entry fill b21|S173 AMD x1 @ 0.68
  reconcile: entry fill b1|S173 AMD x1 @ 0.68
  reconcile: entry fill b89|S165 AVGO x1 @ 0.50
  reconcile: entry fill b69|S165 AVGO x1 @ 0.50
  reconcile: entry fill b49|S165 AVGO x1 @ 0.50
  reconcile: entry fill b29|S165 AVGO x1 @ 0.50
  reconcile: entry fill b9|S165 AVGO x1 @ 0.50
  reconcile: entry fill b48|S165 AVGO x1 @ 0.73
  reconcile: entry fill b20|S173 AAL x1 @ 0.56
  reconcile: entry fill b88|S165 AVGO x1 @ 0.55
  reconcile: entry fill b68|S165 AVGO x1 @ 0.55
  reconcile: entry fill b48|S165 AVGO x1 @ 0.55
  reconcile: entry fill b28|S165 AVGO x1 @ 0.55
  reconcile: entry fill b8|S165 AVGO x1 @ 0.55
  reconcile: entry fill b80|S173 UAL x1 @ 0.65
  reconcile: entry fill b60|S173 UAL x1 @ 0.65
  reconcile: entry fill b40|S173 UAL x1 @ 0.65
  reconcile: entry fill b0|S173 UAL x1 @ 0.65
  reconcile: entry fill b83|S173 ADBE x1 @ 0.40
  reconcile: entry fill b63|S173 ADBE x1 @ 0.40
  reconcile: entry fill b43|S173 ADBE x1 @ 0.40
  reconcile: entry fill b23|S173 ADBE x1 @ 0.40
  reconcile: entry fill b3|S173 ADBE x1 @ 0.40
  reconcile: entry fill b90|S165 BSX x1 @ 0.65
  reconcile: entry fill b70|S165 BSX x1 @ 0.65
  reconcile: entry fill b50|S165 BSX x1 @ 0.65
  reconcile: entry fill b30|S165 BSX x1 @ 0.65
  reconcile: entry fill b10|S165 BSX x1 @ 0.65
  reconcile: entry fill b82|S173 ADBE x1 @ 0.48
  reconcile: entry fill b62|S173 ADBE x1 @ 0.48
  reconcile: entry fill b42|S173 ADBE x1 @ 0.48
  reconcile: entry fill b22|S173 ADBE x1 @ 0.48
  reconcile: entry fill b2|S173 ADBE x1 @ 0.48
  reconcile: entry fill b49|S165 GEHC x1 @ 0.70
  reconcile: entry fill b1|S173 C x1 @ 0.54
  reconcile: entry fill b89|S165 BSX x1 @ 0.10
  reconcile: entry fill b69|S165 BSX x1 @ 0.10
  reconcile: entry fill b29|S165 BSX x1 @ 0.10
  reconcile: entry fill b9|S165 BSX x1 @ 0.10
  reconcile: entry fill b81|S173 C x1 @ 0.73
  reconcile: entry fill b61|S173 C x1 @ 0.73
  reconcile: entry fill b41|S173 C x1 @ 0.73
  reconcile: entry fill b21|S173 C x1 @ 0.73
  reconcile: entry fill b20|S173 C x1 @ 0.48
  reconcile: entry fill b0|S173 C x1 @ 0.48
  reconcile: entry fill b88|S165 MSFT x1 @ 0.51
  reconcile: entry fill b68|S165 MSFT x1 @ 0.51
  reconcile: entry fill b48|S165 MSFT x1 @ 0.51
  reconcile: entry fill b28|S165 MSFT x1 @ 0.51
  reconcile: entry fill b8|S165 MSFT x1 @ 0.51
  reconcile: entry fill b80|S173 C x1 @ 0.22
  reconcile: entry fill b60|S173 C x1 @ 0.22
  reconcile: entry fill b40|S173 C x1 @ 0.22
  reconcile: entry fill b67|S174 INTC x1 @ 0.59
  reconcile: entry fill b47|S174 INTC x1 @ 0.59
  reconcile: entry fill b27|S174 INTC x1 @ 0.59
  reconcile: entry fill b83|S173 AMD x1 @ 0.65
  reconcile: entry fill b63|S173 AMD x1 @ 0.65
  reconcile: entry fill b43|S173 AMD x1 @ 0.65
  reconcile: entry fill b23|S173 AMD x1 @ 0.65
  reconcile: entry fill b3|S173 AMD x1 @ 0.65
  reconcile: entry fill b66|S174 INTC x1 @ 0.59
  reconcile: entry fill b70|S165 HL x1 @ 0.67
  reconcile: entry fill b62|S173 AMD x1 @ 0.05
  reconcile: entry fill b26|S174 AVGO x1 @ 0.49
  reconcile: entry fill b6|S174 AVGO x1 @ 0.49
  reconcile: entry fill b2|S173 AMD x1 @ 0.70
  reconcile: entry fill b50|S165 HL x1 @ 0.66
  reconcile: entry fill b30|S165 HL x1 @ 0.66
  reconcile: entry fill b42|S173 AMD x1 @ 0.54
  reconcile: entry fill b22|S173 AMD x1 @ 0.54
  reconcile: entry fill b25|S174 AVGO x1 @ 0.46
  reconcile: entry fill b89|S165 INTC x1 @ 0.55
  reconcile: entry fill b69|S165 INTC x1 @ 0.55
  reconcile: entry fill b49|S165 INTC x1 @ 0.55
  reconcile: entry fill b29|S165 INTC x1 @ 0.55
  reconcile: entry fill b9|S165 INTC x1 @ 0.55
  reconcile: entry fill b81|S173 SMCI x1 @ 0.61
  reconcile: entry fill b61|S173 SMCI x1 @ 0.61
  reconcile: entry fill b41|S173 SMCI x1 @ 0.61
  reconcile: entry fill b21|S173 SMCI x1 @ 0.61
  reconcile: entry fill b1|S173 SMCI x1 @ 0.61
  reconcile: entry fill b60|S173 NEM x1 @ 0.33
  reconcile: entry fill b40|S173 SMCI x1 @ 0.58
  reconcile: entry fill b68|S165 INTC x1 @ 0.55
  reconcile: entry fill b20|S173 SMCI x1 @ 0.70
  reconcile: entry fill b48|S165 INTC x1 @ 0.71
  reconcile: entry fill b28|S165 INTC x1 @ 0.71
  reconcile: entry fill b8|S165 INTC x1 @ 0.71
  reconcile: entry fill b0|S173 SMCI x1 @ 0.73
  reconcile: entry fill b87|S174 INTC x1 @ 0.71
  reconcile: entry fill b67|S174 INTC x1 @ 0.71
  reconcile: entry fill b47|S174 INTC x1 @ 0.71
  reconcile: entry fill b27|S174 INTC x1 @ 0.71
  reconcile: entry fill b7|S174 INTC x1 @ 0.71
  reconcile: entry fill b83|S173 T x1 @ 0.15
  reconcile: entry fill b63|S173 T x1 @ 0.15
  reconcile: entry fill b43|S173 T x1 @ 0.15
  reconcile: entry fill b23|S173 T x1 @ 0.15
  reconcile: entry fill b3|S173 T x1 @ 0.15
  reconcile: entry fill b90|S165 INTC x1 @ 0.48
  reconcile: entry fill b70|S165 INTC x1 @ 0.48
  reconcile: entry fill b50|S165 INTC x1 @ 0.48
  reconcile: entry fill b30|S165 INTC x1 @ 0.48
  reconcile: entry fill b10|S165 INTC x1 @ 0.48
  reconcile: entry fill b86|S174 INTC x1 @ 0.70
  reconcile: entry fill b86|S174 INTC x1 @ 0.74
  reconcile: entry fill b86|S174 INTC x1 @ 0.58
  reconcile: entry fill b66|S174 INTC x1 @ 0.58
  reconcile: entry fill b46|S174 INTC x1 @ 0.58
  reconcile: entry fill b26|S174 INTC x1 @ 0.58
  reconcile: entry fill b6|S174 INTC x1 @ 0.58
  reconcile: entry fill b82|S173 T x1 @ 0.42
  reconcile: entry fill b62|S173 T x1 @ 0.42
  reconcile: entry fill b42|S173 T x1 @ 0.42
  reconcile: entry fill b22|S173 T x1 @ 0.42
  reconcile: entry fill b2|S173 T x1 @ 0.42
  reconcile: entry fill b85|S174 INTC x1 @ 0.72
  reconcile: entry fill b85|S174 INTC x1 @ 0.71
  reconcile: entry fill b85|S174 INTC x1 @ 0.55
  reconcile: entry fill b85|S174 INTC x1 @ 0.67
  reconcile: entry fill b85|S174 INTC x1 @ 0.59
  reconcile: entry fill b85|S174 INTC x1 @ 0.60
  reconcile: entry fill b85|S174 INTC x1 @ 0.62
  reconcile: entry fill b84|S174 INTC x1 @ 0.62
  reconcile: entry fill b65|S174 INTC x1 @ 0.62
  reconcile: entry fill b45|S174 INTC x1 @ 0.62
  reconcile: entry fill b25|S174 INTC x1 @ 0.62
  reconcile: entry fill b5|S174 INTC x1 @ 0.62
  reconcile: entry fill b81|S173 T x1 @ 0.16
  reconcile: entry fill b61|S173 T x1 @ 0.16
  reconcile: entry fill b41|S173 T x1 @ 0.16
  reconcile: entry fill b21|S173 T x1 @ 0.16
  reconcile: entry fill b1|S173 T x1 @ 0.16
  reconcile: entry fill b84|S174 INTC x1 @ 0.61
  reconcile: entry fill b84|S174 INTC x1 @ 0.64
  reconcile: entry fill b84|S174 INTC x1 @ 0.60
  reconcile: entry fill b64|S174 INTC x1 @ 0.60
  reconcile: entry fill b44|S174 INTC x1 @ 0.60
  reconcile: entry fill b24|S174 INTC x1 @ 0.61
  reconcile: entry fill b4|S174 INTC x1 @ 0.61
  reconcile: entry fill b84|S174 INTC x1 @ 0.66
  reconcile: entry fill b64|S174 INTC x1 @ 0.66
  reconcile: entry fill b44|S174 INTC x1 @ 0.66
  reconcile: entry fill b24|S174 INTC x1 @ 0.66
  reconcile: entry fill b4|S174 INTC x1 @ 0.66
  reconcile: entry fill b88|S165 INTC x1 @ 0.65
  reconcile: entry fill b88|S165 INTC x1 @ 0.74
  reconcile: entry fill b68|S165 INTC x1 @ 0.74
  reconcile: entry fill b48|S165 INTC x1 @ 0.74
  reconcile: entry fill b28|S165 INTC x1 @ 0.74
  reconcile: entry fill b8|S165 INTC x1 @ 0.74
  reconcile: entry fill b80|S173 T x1 @ 0.35
  reconcile: entry fill b60|S173 T x1 @ 0.35
  reconcile: entry fill b40|S173 T x1 @ 0.35
  reconcile: entry fill b20|S173 T x1 @ 0.35
  reconcile: entry fill b88|S165 INTC x1 @ 0.47
  reconcile: entry fill b68|S165 INTC x1 @ 0.47
  reconcile: entry fill b48|S165 INTC x1 @ 0.47
  reconcile: entry fill b28|S165 INTC x1 @ 0.47
  reconcile: entry fill b8|S165 INTC x1 @ 0.47
  reconcile: entry fill b80|S173 T x1 @ 0.29
  reconcile: entry fill b60|S173 T x1 @ 0.30
  reconcile: entry fill b40|S173 T x1 @ 0.30
  reconcile: entry fill b20|S173 T x1 @ 0.29
  reconcile: entry fill b91|S165 GOOGL x1 @ 0.56
  reconcile: entry fill b87|S174 PSKY x1 @ 0.08
  reconcile: entry fill b67|S174 PSKY x1 @ 0.08
  reconcile: entry fill b47|S174 PSKY x1 @ 0.08
  reconcile: entry fill b27|S174 PSKY x1 @ 0.08
  reconcile: entry fill b7|S174 PSKY x1 @ 0.08
  reconcile: entry fill b91|S165 GOOGL x1 @ 0.57
  reconcile: entry fill b71|S165 GOOGL x1 @ 0.57
  reconcile: entry fill b51|S165 GOOGL x1 @ 0.57
  reconcile: removed 251 stale lot(s)

[Exit summary]
========================================================
OPTIONS EXIT SUMMARY — 2026-07-21
========================================================
Account equity: $134,380.69
Open positions: flat

No closed trades today.
========================================================

[Portfolio snapshot]
========================================================
OPTIONS TRIAL STATS
========================================================
Account equity: $134,380.69
Active buckets: 140 of 140 profiles ($500 virtual each) — paper unlimited mode

P&L summary
  Reflected (ex-S173,S174): $+5,522.13 all-time  |  $+0.00 today
  Raw (incl dropped):     $+3,090.58 all-time  |  $+0.00 today
  Open (not sold yet): $+0.00 unrealized (virtual lots)
  Premium deployed:    $0.00 in open positions
  Combined P&L:        $+5,522.13 (reflected realized + open virtual)

Ledger (master)
  Total events:     4466
  Today entries:    0
  Today exits (reflected): 0
  All-time exits (reflected): 213  wins 34%
  Avg return/trade: +2.1%  median -33.3%

Open virtual lots (by bucket)
  b8 c008_s165_w1_0928_1005_r1  prem=$     0  real=$-199.00  open=$ +0.00  lots=0  [-]
       buy: ask-0.01  sell: bid-0.01  tp=+50% sl=-50%
  b9 c009_s165_w2_1005_1045_r1  prem=$     0  real=$-203.00  open=$ +0.00  lots=0  [-]
       buy: ask-0.01  sell: bid-0.01  tp=+50% sl=-50%
  b10 c010_s165_w3_1045_1120_r1  prem=$     0  real=$-103.00  open=$ +0.00  lots=0  [-]
       buy: ask-0.01  sell: bid-0.01  tp=+50% sl=-50%
  (137 quiet bucket profile(s) — no trades yet)

Alpaca option positions
  (none)

Per-bucket exit stats (all time)
  b0|orphan_reconcile     n= 22  avg=+22.4%  med=-57.5%  realized=$+6,310.91
  b10|c010_s165_w3_1045_1120_r1  n=  5  avg=-30.2%  med=-18.9%  realized=$-103.00
  b28|c028_s165_w1_0928_1005_r2  n= 17  avg=+49.5%  med=+80.0%  realized=$+448.00
  b29|c029_s165_w2_1005_1045_r2  n=  9  avg=-23.3%  med=-50.0%  realized=$-221.00
  b30|c030_s165_w3_1045_1120_r2  n=  9  avg=+38.8%  med=+0.0%  realized=$+260.00
  b31|c031_s165_w4_1120_1135_r2  n=  2  avg=+145.5%  med=+175.8%  realized=$+192.00
  b48|c048_s165_w1_0928_1005_r3  n= 16  avg=-35.9%  med=-49.1%  realized=$-344.00
  b49|c049_s165_w2_1005_1045_r3  n= 15  avg=-49.3%  med=-49.1%  realized=$-458.00
  b50|c050_s165_w3_1045_1120_r3  n=  9  avg=-23.6%  med=-23.1%  realized=$-142.00
  b51|c051_s165_w4_1120_1135_r3  n=  1  avg=+263.6%  med=+263.6%  realized=$+174.00
  b56|g056_lim_tp20_sl65  n=  1  avg=+47.7%  med=+47.7%  realized=$+20.52
  b57|g057_mid_tp20_sl65  n=  1  avg=+47.7%  med=+47.7%  realized=$+20.52
  b58|g058_eod_tp20_sl65  n=  1  avg=+59.1%  med=+59.1%  realized=$+25.41
  b68|c068_s165_w1_0928_1005_r4  n= 16  avg=-51.3%  med=-49.1%  realized=$-446.00
  b69|c069_s165_w2_1005_1045_r4  n= 11  avg=+19.0%  med=-43.6%  realized=$-179.00
  b70|c070_s165_w3_1045_1120_r4  n= 11  avg=-2.1%  med=-16.9%  realized=$-6.00
  b70|g070_eod_tp30_sl20  n=  1  avg=+59.1%  med=+59.1%  realized=$+27.77
  b88|c088_s165_w1_0928_1005_r5  n= 21  avg=-5.0%  med=-2.7%  realized=$-63.00
  b89|c089_s165_w2_1005_1045_r5  n=  7  avg=+113.1%  med=+30.9%  realized=$+67.00
  b8|c008_s165_w1_0928_1005_r1  n= 18  avg=-18.8%  med=-33.3%  realized=$-199.00
  b90|c090_s165_w3_1045_1120_r5  n= 13  avg=+7.7%  med=+0.0%  realized=$+47.00
  b91|c091_s165_w4_1120_1135_r5  n=  2  avg=+222.0%  med=+247.0%  realized=$+293.00
  b9|c009_s165_w2_1005_1045_r1  n=  5  avg=-73.0%  med=-66.2%  realized=$-203.00
========================================================
+========================================================================+
|  OPTIONS BOT SUMMARY                                                   |
+------------------------------------------------------------------------+
|  Mode                          after_hours                             |
|  Equity                        $134,380.69                             |
|  Signals this run              0                                       |
|  Orders submitted (session)    0                                       |
|  Orders filled today (ledger)  0                                       |
|  Entries placed this run       0                                       |
|  Open virtual lots             0                                       |
|  Broker option positions       0                                       |
|  Pending orders                0                                       |
+========================================================================+
+========================================================================+
|  BUCKET LEADERBOARD (reflected ex-S173,S174)                           |
+------------------------------------------------------------------------+
|  Reflected trades=213  buckets=22  win=34%                             |
|  Returns   avg=+2.1%  med=-33.3%  p10=-64.9%  p90=+86.7%               |
|  Realized  $+5,522.13                                                  |
|  Raw incl dropped  trades=630  real=$+3,090.58                         |
+------------------------------------------------------------------------+
|  BKT PROFILE               N  WIN  AVG%   MED%   BEST%  REAL$          |
+------------------------------------------------------------------------+
|  b51  c051_s164_w4_1120_  1 100% +263.6 +263.6 +263.6 $   +174         |
|  b91  c091_s167_w4_1120_  2 100% +222.0 +222.0 +247.0 $   +293         |
|  b31  c031_s173_w4_1120_  2 100% +145.5 +145.5 +175.8 $   +192         |
|  b28  c028_s173_w1_0928_ 17  76% +49.5 +80.0 +102.0 $   +448           |
|  b58  c058_s173_w3_1045_  1 100% +59.1 +59.1 +59.1 $    +25            |
|  b56  c056_s173_w1_0928_  1 100% +47.7 +47.7 +47.7 $    +21            |
|  b57  c057_s173_w2_1005_  1 100% +47.7 +47.7 +47.7 $    +21            |
|  b89  c089_s167_w2_1005_  7  57% +113.1 +30.9 +790.0 $    +67          |
|  ... 14 more bucket(s) with exits                                      |
+------------------------------------------------------------------------+
|  Low  b9   c009_s165_w2_1005_  5   0% -73.0 -66.2 -92.7 $   -203       |
+========================================================================+
+========================================================================+
|  OPEN OPTIONS (0)                                                      |
+------------------------------------------------------------------------+
|  No open option positions                                              |
+========================================================================+
Full detail: logs/options_trial/runs/2026-07-21.log
elapsed=1.8s reconcile=1.53s

=== 09:25:44 ET — after hours (exit summary) [elapsed=2.4s reconcile=1.95s] ===
=== options_morning_bot (PAPER) 2026-07-21T09:25:44.409109-04:00 ===

[Run context]
After hours (09:25 ET) — exit summary only.
Paper auth OK — equity $134555.05, account PA36KS87UPRS
  reconcile: layout changed controlled:100:c000_s173_w1_0928_1005_r1 -> controlled:140:c000_s173_w1_0928_1005_r1
  reconcile: entry fill b83|S173 CRM x1 @ 0.62
  reconcile: entry fill b63|S173 CRM x1 @ 0.62
  reconcile: entry fill b43|S173 CRM x1 @ 0.62
  reconcile: entry fill b23|S173 CRM x1 @ 0.62
  reconcile: entry fill b3|S173 CRM x1 @ 0.62
  reconcile: entry fill b82|S173 CRM x1 @ 0.70
  reconcile: entry fill b62|S173 CRM x1 @ 0.70
  reconcile: entry fill b42|S173 CRM x1 @ 0.70
  reconcile: entry fill b22|S173 CRM x1 @ 0.70
  reconcile: entry fill b2|S173 CRM x1 @ 0.70
  reconcile: entry fill b81|S173 CRM x1 @ 0.57
  reconcile: entry fill b61|S173 CRM x1 @ 0.57
  reconcile: entry fill b41|S173 CRM x1 @ 0.57
  reconcile: entry fill b21|S173 CRM x1 @ 0.57
  reconcile: entry fill b1|S173 CRM x1 @ 0.57
  reconcile: entry fill b80|S173 CRM x1 @ 0.63
  reconcile: entry fill b60|S173 CRM x1 @ 0.63
  reconcile: entry fill b40|S173 CRM x1 @ 0.63
  reconcile: entry fill b20|S173 CRM x1 @ 0.63
  reconcile: entry fill b0|S173 CRM x1 @ 0.63
  reconcile: entry fill b91|S165 META x1 @ 0.66
  reconcile: entry fill b71|S165 META x1 @ 0.66
  reconcile: entry fill b51|S165 META x1 @ 0.66
  reconcile: entry fill b31|S165 META x1 @ 0.66
  reconcile: entry fill b11|S165 META x1 @ 0.66
  reconcile: entry fill b83|S173 AMD x1 @ 0.52
  reconcile: entry fill b63|S173 AMD x1 @ 0.52
  reconcile: entry fill b43|S173 AMD x1 @ 0.52
  reconcile: entry fill b23|S173 AMD x1 @ 0.52
  reconcile: entry fill b3|S173 AMD x1 @ 0.52
  reconcile: entry fill b90|S165 META x1 @ 0.74
  reconcile: entry fill b70|S165 META x1 @ 0.74
  reconcile: entry fill b50|S165 META x1 @ 0.74
  reconcile: entry fill b30|S165 META x1 @ 0.74
  reconcile: entry fill b10|S165 META x1 @ 0.74
  reconcile: entry fill b82|S173 AMD x1 @ 0.67
  reconcile: entry fill b62|S173 AMD x1 @ 0.67
  reconcile: entry fill b42|S173 AMD x1 @ 0.67
  reconcile: entry fill b22|S173 AMD x1 @ 0.67
  reconcile: entry fill b2|S173 AMD x1 @ 0.67
  reconcile: entry fill b89|S165 META x1 @ 0.68
  reconcile: entry fill b69|S165 META x1 @ 0.68
  reconcile: entry fill b49|S165 META x1 @ 0.68
  reconcile: entry fill b29|S165 META x1 @ 0.68
  reconcile: entry fill b9|S165 META x1 @ 0.68
  reconcile: entry fill b81|S173 AMD x1 @ 0.66
  reconcile: entry fill b61|S173 AMD x1 @ 0.66
  reconcile: entry fill b41|S173 AMD x1 @ 0.66
  reconcile: entry fill b21|S173 AMD x1 @ 0.66
  reconcile: entry fill b1|S173 AMD x1 @ 0.66
  reconcile: entry fill b40|S173 AMZN x1 @ 0.47
  reconcile: entry fill b0|S173 AMZN x1 @ 0.47
  reconcile: entry fill b88|S165 GOOGL x1 @ 0.55
  reconcile: entry fill b68|S165 GOOGL x1 @ 0.55
  reconcile: entry fill b48|S165 GOOGL x1 @ 0.55
  reconcile: entry fill b28|S165 GOOGL x1 @ 0.55
  reconcile: entry fill b8|S165 GOOGL x1 @ 0.55
  reconcile: entry fill b80|S173 AMZN x1 @ 0.51
  reconcile: entry fill b60|S173 AMZN x1 @ 0.51
  reconcile: entry fill b20|S173 AMZN x1 @ 0.51
  reconcile: entry fill b63|S173 LULU x1 @ 0.57
  reconcile: entry fill b43|S173 LULU x1 @ 0.57
  reconcile: entry fill b83|S173 LULU x1 @ 0.63
  reconcile: entry fill b23|S173 LULU x1 @ 0.63
  reconcile: entry fill b62|S173 LULU x1 @ 0.58
  reconcile: entry fill b42|S173 AMD x1 @ 0.68
  reconcile: entry fill b82|S173 LULU x1 @ 0.47
  reconcile: entry fill b2|S173 AMD x1 @ 0.70
  reconcile: entry fill b90|S165 AVGO x1 @ 0.60
  reconcile: entry fill b70|S165 AVGO x1 @ 0.60
  reconcile: entry fill b50|S165 AVGO x1 @ 0.60
  reconcile: entry fill b30|S165 AVGO x1 @ 0.60
  reconcile: entry fill b10|S165 AVGO x1 @ 0.60
  reconcile: entry fill b22|S173 AMD x1 @ 0.67
  reconcile: entry fill b81|S173 AMD x1 @ 0.68
  reconcile: entry fill b61|S173 AMD x1 @ 0.68
  reconcile: entry fill b41|S173 AMD x1 @ 0.68
  reconcile: entry fill b21|S173 AMD x1 @ 0.68
  reconcile: entry fill b1|S173 AMD x1 @ 0.68
  reconcile: entry fill b89|S165 AVGO x1 @ 0.50
  reconcile: entry fill b69|S165 AVGO x1 @ 0.50
  reconcile: entry fill b49|S165 AVGO x1 @ 0.50
  reconcile: entry fill b29|S165 AVGO x1 @ 0.50
  reconcile: entry fill b9|S165 AVGO x1 @ 0.50
  reconcile: entry fill b48|S165 AVGO x1 @ 0.73
  reconcile: entry fill b20|S173 AAL x1 @ 0.56
  reconcile: entry fill b88|S165 AVGO x1 @ 0.55
  reconcile: entry fill b68|S165 AVGO x1 @ 0.55
  reconcile: entry fill b48|S165 AVGO x1 @ 0.55
  reconcile: entry fill b28|S165 AVGO x1 @ 0.55
  reconcile: entry fill b8|S165 AVGO x1 @ 0.55
  reconcile: entry fill b80|S173 UAL x1 @ 0.65
  reconcile: entry fill b60|S173 UAL x1 @ 0.65
  reconcile: entry fill b40|S173 UAL x1 @ 0.65
  reconcile: entry fill b0|S173 UAL x1 @ 0.65
  reconcile: entry fill b83|S173 ADBE x1 @ 0.40
  reconcile: entry fill b63|S173 ADBE x1 @ 0.40
  reconcile: entry fill b43|S173 ADBE x1 @ 0.40
  reconcile: entry fill b23|S173 ADBE x1 @ 0.40
  reconcile: entry fill b3|S173 ADBE x1 @ 0.40
  reconcile: entry fill b90|S165 BSX x1 @ 0.65
  reconcile: entry fill b70|S165 BSX x1 @ 0.65
  reconcile: entry fill b50|S165 BSX x1 @ 0.65
  reconcile: entry fill b30|S165 BSX x1 @ 0.65
  reconcile: entry fill b10|S165 BSX x1 @ 0.65
  reconcile: entry fill b82|S173 ADBE x1 @ 0.48
  reconcile: entry fill b62|S173 ADBE x1 @ 0.48
  reconcile: entry fill b42|S173 ADBE x1 @ 0.48
  reconcile: entry fill b22|S173 ADBE x1 @ 0.48
  reconcile: entry fill b2|S173 ADBE x1 @ 0.48
  reconcile: entry fill b49|S165 GEHC x1 @ 0.70
  reconcile: entry fill b1|S173 C x1 @ 0.54
  reconcile: entry fill b89|S165 BSX x1 @ 0.10
  reconcile: entry fill b69|S165 BSX x1 @ 0.10
  reconcile: entry fill b29|S165 BSX x1 @ 0.10
  reconcile: entry fill b9|S165 BSX x1 @ 0.10
  reconcile: entry fill b81|S173 C x1 @ 0.73
  reconcile: entry fill b61|S173 C x1 @ 0.73
  reconcile: entry fill b41|S173 C x1 @ 0.73
  reconcile: entry fill b21|S173 C x1 @ 0.73
  reconcile: entry fill b20|S173 C x1 @ 0.48
  reconcile: entry fill b0|S173 C x1 @ 0.48
  reconcile: entry fill b88|S165 MSFT x1 @ 0.51
  reconcile: entry fill b68|S165 MSFT x1 @ 0.51
  reconcile: entry fill b48|S165 MSFT x1 @ 0.51
  reconcile: entry fill b28|S165 MSFT x1 @ 0.51
  reconcile: entry fill b8|S165 MSFT x1 @ 0.51
  reconcile: entry fill b80|S173 C x1 @ 0.22
  reconcile: entry fill b60|S173 C x1 @ 0.22
  reconcile: entry fill b40|S173 C x1 @ 0.22
  reconcile: entry fill b67|S174 INTC x1 @ 0.59
  reconcile: entry fill b47|S174 INTC x1 @ 0.59
  reconcile: entry fill b27|S174 INTC x1 @ 0.59
  reconcile: entry fill b83|S173 AMD x1 @ 0.65
  reconcile: entry fill b63|S173 AMD x1 @ 0.65
  reconcile: entry fill b43|S173 AMD x1 @ 0.65
  reconcile: entry fill b23|S173 AMD x1 @ 0.65
  reconcile: entry fill b3|S173 AMD x1 @ 0.65
  reconcile: entry fill b66|S174 INTC x1 @ 0.59
  reconcile: entry fill b70|S165 HL x1 @ 0.67
  reconcile: entry fill b62|S173 AMD x1 @ 0.05
  reconcile: entry fill b26|S174 AVGO x1 @ 0.49
  reconcile: entry fill b6|S174 AVGO x1 @ 0.49
  reconcile: entry fill b2|S173 AMD x1 @ 0.70
  reconcile: entry fill b50|S165 HL x1 @ 0.66
  reconcile: entry fill b30|S165 HL x1 @ 0.66
  reconcile: entry fill b42|S173 AMD x1 @ 0.54
  reconcile: entry fill b22|S173 AMD x1 @ 0.54
  reconcile: entry fill b25|S174 AVGO x1 @ 0.46
  reconcile: entry fill b89|S165 INTC x1 @ 0.55
  reconcile: entry fill b69|S165 INTC x1 @ 0.55
  reconcile: entry fill b49|S165 INTC x1 @ 0.55
  reconcile: entry fill b29|S165 INTC x1 @ 0.55
  reconcile: entry fill b9|S165 INTC x1 @ 0.55
  reconcile: entry fill b81|S173 SMCI x1 @ 0.61
  reconcile: entry fill b61|S173 SMCI x1 @ 0.61
  reconcile: entry fill b41|S173 SMCI x1 @ 0.61
  reconcile: entry fill b21|S173 SMCI x1 @ 0.61
  reconcile: entry fill b1|S173 SMCI x1 @ 0.61
  reconcile: entry fill b60|S173 NEM x1 @ 0.33
  reconcile: entry fill b40|S173 SMCI x1 @ 0.58
  reconcile: entry fill b68|S165 INTC x1 @ 0.55
  reconcile: entry fill b20|S173 SMCI x1 @ 0.70
  reconcile: entry fill b48|S165 INTC x1 @ 0.71
  reconcile: entry fill b28|S165 INTC x1 @ 0.71
  reconcile: entry fill b8|S165 INTC x1 @ 0.71
  reconcile: entry fill b0|S173 SMCI x1 @ 0.73
  reconcile: entry fill b87|S174 INTC x1 @ 0.71
  reconcile: entry fill b67|S174 INTC x1 @ 0.71
  reconcile: entry fill b47|S174 INTC x1 @ 0.71
  reconcile: entry fill b27|S174 INTC x1 @ 0.71
  reconcile: entry fill b7|S174 INTC x1 @ 0.71
  reconcile: entry fill b83|S173 T x1 @ 0.15
  reconcile: entry fill b63|S173 T x1 @ 0.15
  reconcile: entry fill b43|S173 T x1 @ 0.15
  reconcile: entry fill b23|S173 T x1 @ 0.15
  reconcile: entry fill b3|S173 T x1 @ 0.15
  reconcile: entry fill b90|S165 INTC x1 @ 0.48
  reconcile: entry fill b70|S165 INTC x1 @ 0.48
  reconcile: entry fill b50|S165 INTC x1 @ 0.48
  reconcile: entry fill b30|S165 INTC x1 @ 0.48
  reconcile: entry fill b10|S165 INTC x1 @ 0.48
  reconcile: entry fill b86|S174 INTC x1 @ 0.70
  reconcile: entry fill b86|S174 INTC x1 @ 0.74
  reconcile: entry fill b86|S174 INTC x1 @ 0.58
  reconcile: entry fill b66|S174 INTC x1 @ 0.58
  reconcile: entry fill b46|S174 INTC x1 @ 0.58
  reconcile: entry fill b26|S174 INTC x1 @ 0.58
  reconcile: entry fill b6|S174 INTC x1 @ 0.58
  reconcile: entry fill b82|S173 T x1 @ 0.42
  reconcile: entry fill b62|S173 T x1 @ 0.42
  reconcile: entry fill b42|S173 T x1 @ 0.42
  reconcile: entry fill b22|S173 T x1 @ 0.42
  reconcile: entry fill b2|S173 T x1 @ 0.42
  reconcile: entry fill b85|S174 INTC x1 @ 0.72
  reconcile: entry fill b85|S174 INTC x1 @ 0.71
  reconcile: entry fill b85|S174 INTC x1 @ 0.55
  reconcile: entry fill b85|S174 INTC x1 @ 0.67
  reconcile: entry fill b85|S174 INTC x1 @ 0.59
  reconcile: entry fill b85|S174 INTC x1 @ 0.60
  reconcile: entry fill b85|S174 INTC x1 @ 0.62
  reconcile: entry fill b84|S174 INTC x1 @ 0.62
  reconcile: entry fill b65|S174 INTC x1 @ 0.62
  reconcile: entry fill b45|S174 INTC x1 @ 0.62
  reconcile: entry fill b25|S174 INTC x1 @ 0.62
  reconcile: entry fill b5|S174 INTC x1 @ 0.62
  reconcile: entry fill b81|S173 T x1 @ 0.16
  reconcile: entry fill b61|S173 T x1 @ 0.16
  reconcile: entry fill b41|S173 T x1 @ 0.16
  reconcile: entry fill b21|S173 T x1 @ 0.16
  reconcile: entry fill b1|S173 T x1 @ 0.16
  reconcile: entry fill b84|S174 INTC x1 @ 0.61
  reconcile: entry fill b84|S174 INTC x1 @ 0.64
  reconcile: entry fill b84|S174 INTC x1 @ 0.60
  reconcile: entry fill b64|S174 INTC x1 @ 0.60
  reconcile: entry fill b44|S174 INTC x1 @ 0.60
  reconcile: entry fill b24|S174 INTC x1 @ 0.61
  reconcile: entry fill b4|S174 INTC x1 @ 0.61
  reconcile: entry fill b84|S174 INTC x1 @ 0.66
  reconcile: entry fill b64|S174 INTC x1 @ 0.66
  reconcile: entry fill b44|S174 INTC x1 @ 0.66
  reconcile: entry fill b24|S174 INTC x1 @ 0.66
  reconcile: entry fill b4|S174 INTC x1 @ 0.66
  reconcile: entry fill b88|S165 INTC x1 @ 0.65
  reconcile: entry fill b88|S165 INTC x1 @ 0.74
  reconcile: entry fill b68|S165 INTC x1 @ 0.74
  reconcile: entry fill b48|S165 INTC x1 @ 0.74
  reconcile: entry fill b28|S165 INTC x1 @ 0.74
  reconcile: entry fill b8|S165 INTC x1 @ 0.74
  reconcile: entry fill b80|S173 T x1 @ 0.35
  reconcile: entry fill b60|S173 T x1 @ 0.35
  reconcile: entry fill b40|S173 T x1 @ 0.35
  reconcile: entry fill b20|S173 T x1 @ 0.35
  reconcile: entry fill b88|S165 INTC x1 @ 0.47
  reconcile: entry fill b68|S165 INTC x1 @ 0.47
  reconcile: entry fill b48|S165 INTC x1 @ 0.47
  reconcile: entry fill b28|S165 INTC x1 @ 0.47
  reconcile: entry fill b8|S165 INTC x1 @ 0.47
  reconcile: entry fill b80|S173 T x1 @ 0.29
  reconcile: entry fill b60|S173 T x1 @ 0.30
  reconcile: entry fill b40|S173 T x1 @ 0.30
  reconcile: entry fill b20|S173 T x1 @ 0.29
  reconcile: entry fill b91|S165 GOOGL x1 @ 0.56
  reconcile: entry fill b87|S174 PSKY x1 @ 0.08
  reconcile: entry fill b67|S174 PSKY x1 @ 0.08
  reconcile: entry fill b47|S174 PSKY x1 @ 0.08
  reconcile: entry fill b27|S174 PSKY x1 @ 0.08
  reconcile: entry fill b7|S174 PSKY x1 @ 0.08
  reconcile: entry fill b91|S165 GOOGL x1 @ 0.57
  reconcile: entry fill b71|S165 GOOGL x1 @ 0.57
  reconcile: entry fill b51|S165 GOOGL x1 @ 0.57
  reconcile: removed 251 stale lot(s)

[Exit summary]
========================================================
OPTIONS EXIT SUMMARY — 2026-07-21
========================================================
Account equity: $134,555.05
Open positions: flat

No closed trades today.
========================================================

[Portfolio snapshot]
========================================================
OPTIONS TRIAL STATS
========================================================
Account equity: $134,555.05
Active buckets: 140 of 140 profiles ($500 virtual each) — paper unlimited mode

P&L summary
  Reflected (ex-S173,S174): $+5,522.13 all-time  |  $+0.00 today
  Raw (incl dropped):     $+3,090.58 all-time  |  $+0.00 today
  Open (not sold yet): $+0.00 unrealized (virtual lots)
  Premium deployed:    $0.00 in open positions
  Combined P&L:        $+5,522.13 (reflected realized + open virtual)

Ledger (master)
  Total events:     4466
  Today entries:    0
  Today exits (reflected): 0
  All-time exits (reflected): 213  wins 34%
  Avg return/trade: +2.1%  median -33.3%

Open virtual lots (by bucket)
  b8 c008_s165_w1_0928_1005_r1  prem=$     0  real=$-199.00  open=$ +0.00  lots=0  [-]
       buy: ask-0.01  sell: bid-0.01  tp=+50% sl=-50%
  b9 c009_s165_w2_1005_1045_r1  prem=$     0  real=$-203.00  open=$ +0.00  lots=0  [-]
       buy: ask-0.01  sell: bid-0.01  tp=+50% sl=-50%
  b10 c010_s165_w3_1045_1120_r1  prem=$     0  real=$-103.00  open=$ +0.00  lots=0  [-]
       buy: ask-0.01  sell: bid-0.01  tp=+50% sl=-50%
  (137 quiet bucket profile(s) — no trades yet)

Alpaca option positions
  (none)

Per-bucket exit stats (all time)
  b0|orphan_reconcile     n= 22  avg=+22.4%  med=-57.5%  realized=$+6,310.91
  b10|c010_s165_w3_1045_1120_r1  n=  5  avg=-30.2%  med=-18.9%  realized=$-103.00
  b28|c028_s165_w1_0928_1005_r2  n= 17  avg=+49.5%  med=+80.0%  realized=$+448.00
  b29|c029_s165_w2_1005_1045_r2  n=  9  avg=-23.3%  med=-50.0%  realized=$-221.00
  b30|c030_s165_w3_1045_1120_r2  n=  9  avg=+38.8%  med=+0.0%  realized=$+260.00
  b31|c031_s165_w4_1120_1135_r2  n=  2  avg=+145.5%  med=+175.8%  realized=$+192.00
  b48|c048_s165_w1_0928_1005_r3  n= 16  avg=-35.9%  med=-49.1%  realized=$-344.00
  b49|c049_s165_w2_1005_1045_r3  n= 15  avg=-49.3%  med=-49.1%  realized=$-458.00
  b50|c050_s165_w3_1045_1120_r3  n=  9  avg=-23.6%  med=-23.1%  realized=$-142.00
  b51|c051_s165_w4_1120_1135_r3  n=  1  avg=+263.6%  med=+263.6%  realized=$+174.00
  b56|g056_lim_tp20_sl65  n=  1  avg=+47.7%  med=+47.7%  realized=$+20.52
  b57|g057_mid_tp20_sl65  n=  1  avg=+47.7%  med=+47.7%  realized=$+20.52
  b58|g058_eod_tp20_sl65  n=  1  avg=+59.1%  med=+59.1%  realized=$+25.41
  b68|c068_s165_w1_0928_1005_r4  n= 16  avg=-51.3%  med=-49.1%  realized=$-446.00
  b69|c069_s165_w2_1005_1045_r4  n= 11  avg=+19.0%  med=-43.6%  realized=$-179.00
  b70|c070_s165_w3_1045_1120_r4  n= 11  avg=-2.1%  med=-16.9%  realized=$-6.00
  b70|g070_eod_tp30_sl20  n=  1  avg=+59.1%  med=+59.1%  realized=$+27.77
  b88|c088_s165_w1_0928_1005_r5  n= 21  avg=-5.0%  med=-2.7%  realized=$-63.00
  b89|c089_s165_w2_1005_1045_r5  n=  7  avg=+113.1%  med=+30.9%  realized=$+67.00
  b8|c008_s165_w1_0928_1005_r1  n= 18  avg=-18.8%  med=-33.3%  realized=$-199.00
  b90|c090_s165_w3_1045_1120_r5  n= 13  avg=+7.7%  med=+0.0%  realized=$+47.00
  b91|c091_s165_w4_1120_1135_r5  n=  2  avg=+222.0%  med=+247.0%  realized=$+293.00
  b9|c009_s165_w2_1005_1045_r1  n=  5  avg=-73.0%  med=-66.2%  realized=$-203.00
========================================================
+========================================================================+
|  OPTIONS BOT SUMMARY                                                   |
+------------------------------------------------------------------------+
|  Mode                          after_hours                             |
|  Equity                        $134,555.05                             |
|  Signals this run              0                                       |
|  Orders submitted (session)    0                                       |
|  Orders filled today (ledger)  0                                       |
|  Entries placed this run       0                                       |
|  Open virtual lots             0                                       |
|  Broker option positions       0                                       |
|  Pending orders                0                                       |
+========================================================================+
+========================================================================+
|  BUCKET LEADERBOARD (reflected ex-S173,S174)                           |
+------------------------------------------------------------------------+
|  Reflected trades=213  buckets=22  win=34%                             |
|  Returns   avg=+2.1%  med=-33.3%  p10=-64.9%  p90=+86.7%               |
|  Realized  $+5,522.13                                                  |
|  Raw incl dropped  trades=630  real=$+3,090.58                         |
+------------------------------------------------------------------------+
|  BKT PROFILE               N  WIN  AVG%   MED%   BEST%  REAL$          |
+------------------------------------------------------------------------+
|  b51  c051_s164_w4_1120_  1 100% +263.6 +263.6 +263.6 $   +174         |
|  b91  c091_s167_w4_1120_  2 100% +222.0 +222.0 +247.0 $   +293         |
|  b31  c031_s173_w4_1120_  2 100% +145.5 +145.5 +175.8 $   +192         |
|  b28  c028_s173_w1_0928_ 17  76% +49.5 +80.0 +102.0 $   +448           |
|  b58  c058_s173_w3_1045_  1 100% +59.1 +59.1 +59.1 $    +25            |
|  b56  c056_s173_w1_0928_  1 100% +47.7 +47.7 +47.7 $    +21            |
|  b57  c057_s173_w2_1005_  1 100% +47.7 +47.7 +47.7 $    +21            |
|  b89  c089_s167_w2_1005_  7  57% +113.1 +30.9 +790.0 $    +67          |
|  ... 14 more bucket(s) with exits                                      |
+------------------------------------------------------------------------+
|  Low  b9   c009_s165_w2_1005_  5   0% -73.0 -66.2 -92.7 $   -203       |
+========================================================================+
+========================================================================+
|  OPEN OPTIONS (0)                                                      |
+------------------------------------------------------------------------+
|  No open option positions                                              |
+========================================================================+
Full detail: logs/options_trial/runs/2026-07-21.log
elapsed=2.4s reconcile=1.95s

=== 10:06:09 ET — entry+manage (30 new) [elapsed=197.3s reconcile=1.92s cancel=0.16s manage=1.0s scan=52.37s entries=138.61s] ===
=== options_morning_bot (PAPER) 2026-07-21T10:06:09.233997-04:00 ===

[Run context]
Paper auth OK — equity $131448.69, account PA36KS87UPRS
  reconcile: layout changed controlled:100:c000_s173_w1_0928_1005_r1 -> controlled:140:c000_s173_w1_0928_1005_r1
  reconcile: entry fill b116|S167 CELH x1 @ 0.45
  reconcile: entry fill b88|S167 CELH x1 @ 0.45
  reconcile: entry fill b60|S167 CELH x1 @ 0.45
  reconcile: entry fill b32|S167 CELH x1 @ 0.45
  reconcile: entry fill b4|S167 CELH x1 @ 0.45
  reconcile: entry fill b120|S165 CELH x1 @ 0.45
  reconcile: entry fill b92|S165 CELH x1 @ 0.45
  reconcile: entry fill b64|S165 CELH x1 @ 0.45
  reconcile: entry fill b36|S165 CELH x1 @ 0.45
  reconcile: entry fill b8|S165 CELH x1 @ 0.45
  reconcile: entry fill b83|S173 CRM x1 @ 0.62
  reconcile: entry fill b63|S173 CRM x1 @ 0.62
  reconcile: entry fill b43|S173 CRM x1 @ 0.62
  reconcile: entry fill b23|S173 CRM x1 @ 0.62
  reconcile: entry fill b3|S173 CRM x1 @ 0.62
  reconcile: entry fill b82|S173 CRM x1 @ 0.70
  reconcile: entry fill b62|S173 CRM x1 @ 0.70
  reconcile: entry fill b42|S173 CRM x1 @ 0.70
  reconcile: entry fill b22|S173 CRM x1 @ 0.70
  reconcile: entry fill b2|S173 CRM x1 @ 0.70
  reconcile: entry fill b81|S173 CRM x1 @ 0.57
  reconcile: entry fill b61|S173 CRM x1 @ 0.57
  reconcile: entry fill b41|S173 CRM x1 @ 0.57
  reconcile: entry fill b21|S173 CRM x1 @ 0.57
  reconcile: entry fill b1|S173 CRM x1 @ 0.57
  reconcile: entry fill b80|S173 CRM x1 @ 0.63
  reconcile: entry fill b60|S173 CRM x1 @ 0.63
  reconcile: entry fill b40|S173 CRM x1 @ 0.63
  reconcile: entry fill b20|S173 CRM x1 @ 0.63
  reconcile: entry fill b0|S173 CRM x1 @ 0.63
  reconcile: entry fill b91|S165 META x1 @ 0.66
  reconcile: entry fill b71|S165 META x1 @ 0.66
  reconcile: entry fill b51|S165 META x1 @ 0.66
  reconcile: entry fill b31|S165 META x1 @ 0.66
  reconcile: entry fill b11|S165 META x1 @ 0.66
  reconcile: entry fill b83|S173 AMD x1 @ 0.52
  reconcile: entry fill b63|S173 AMD x1 @ 0.52
  reconcile: entry fill b43|S173 AMD x1 @ 0.52
  reconcile: entry fill b23|S173 AMD x1 @ 0.52
  reconcile: entry fill b3|S173 AMD x1 @ 0.52
  reconcile: entry fill b90|S165 META x1 @ 0.74
  reconcile: entry fill b70|S165 META x1 @ 0.74
  reconcile: entry fill b50|S165 META x1 @ 0.74
  reconcile: entry fill b30|S165 META x1 @ 0.74
  reconcile: entry fill b10|S165 META x1 @ 0.74
  reconcile: entry fill b82|S173 AMD x1 @ 0.67
  reconcile: entry fill b62|S173 AMD x1 @ 0.67
  reconcile: entry fill b42|S173 AMD x1 @ 0.67
  reconcile: entry fill b22|S173 AMD x1 @ 0.67
  reconcile: entry fill b2|S173 AMD x1 @ 0.67
  reconcile: entry fill b89|S165 META x1 @ 0.68
  reconcile: entry fill b69|S165 META x1 @ 0.68
  reconcile: entry fill b49|S165 META x1 @ 0.68
  reconcile: entry fill b29|S165 META x1 @ 0.68
  reconcile: entry fill b9|S165 META x1 @ 0.68
  reconcile: entry fill b81|S173 AMD x1 @ 0.66
  reconcile: entry fill b61|S173 AMD x1 @ 0.66
  reconcile: entry fill b41|S173 AMD x1 @ 0.66
  reconcile: entry fill b21|S173 AMD x1 @ 0.66
  reconcile: entry fill b1|S173 AMD x1 @ 0.66
  reconcile: entry fill b40|S173 AMZN x1 @ 0.47
  reconcile: entry fill b0|S173 AMZN x1 @ 0.47
  reconcile: entry fill b88|S165 GOOGL x1 @ 0.55
  reconcile: entry fill b68|S165 GOOGL x1 @ 0.55
  reconcile: entry fill b48|S165 GOOGL x1 @ 0.55
  reconcile: entry fill b28|S165 GOOGL x1 @ 0.55
  reconcile: entry fill b8|S165 GOOGL x1 @ 0.55
  reconcile: entry fill b80|S173 AMZN x1 @ 0.51
  reconcile: entry fill b60|S173 AMZN x1 @ 0.51
  reconcile: entry fill b20|S173 AMZN x1 @ 0.51
  reconcile: entry fill b63|S173 LULU x1 @ 0.57
  reconcile: entry fill b43|S173 LULU x1 @ 0.57
  reconcile: entry fill b83|S173 LULU x1 @ 0.63
  reconcile: entry fill b23|S173 LULU x1 @ 0.63
  reconcile: entry fill b62|S173 LULU x1 @ 0.58
  reconcile: entry fill b42|S173 AMD x1 @ 0.68
  reconcile: entry fill b82|S173 LULU x1 @ 0.47
  reconcile: entry fill b2|S173 AMD x1 @ 0.70
  reconcile: entry fill b90|S165 AVGO x1 @ 0.60
  reconcile: entry fill b70|S165 AVGO x1 @ 0.60
  reconcile: entry fill b50|S165 AVGO x1 @ 0.60
  reconcile: entry fill b30|S165 AVGO x1 @ 0.60
  reconcile: entry fill b10|S165 AVGO x1 @ 0.60
  reconcile: entry fill b22|S173 AMD x1 @ 0.67
  reconcile: entry fill b81|S173 AMD x1 @ 0.68
  reconcile: entry fill b61|S173 AMD x1 @ 0.68
  reconcile: entry fill b41|S173 AMD x1 @ 0.68
  reconcile: entry fill b21|S173 AMD x1 @ 0.68
  reconcile: entry fill b1|S173 AMD x1 @ 0.68
  reconcile: entry fill b89|S165 AVGO x1 @ 0.50
  reconcile: entry fill b69|S165 AVGO x1 @ 0.50
  reconcile: entry fill b49|S165 AVGO x1 @ 0.50
  reconcile: entry fill b29|S165 AVGO x1 @ 0.50
  reconcile: entry fill b9|S165 AVGO x1 @ 0.50
  reconcile: entry fill b48|S165 AVGO x1 @ 0.73
  reconcile: entry fill b20|S173 AAL x1 @ 0.56
  reconcile: entry fill b88|S165 AVGO x1 @ 0.55
  reconcile: entry fill b68|S165 AVGO x1 @ 0.55
  reconcile: entry fill b48|S165 AVGO x1 @ 0.55
  reconcile: entry fill b28|S165 AVGO x1 @ 0.55
  reconcile: entry fill b8|S165 AVGO x1 @ 0.55
  reconcile: entry fill b80|S173 UAL x1 @ 0.65
  reconcile: entry fill b60|S173 UAL x1 @ 0.65
  reconcile: entry fill b40|S173 UAL x1 @ 0.65
  reconcile: entry fill b0|S173 UAL x1 @ 0.65
  reconcile: entry fill b83|S173 ADBE x1 @ 0.40
  reconcile: entry fill b63|S173 ADBE x1 @ 0.40
  reconcile: entry fill b43|S173 ADBE x1 @ 0.40
  reconcile: entry fill b23|S173 ADBE x1 @ 0.40
  reconcile: entry fill b3|S173 ADBE x1 @ 0.40
  reconcile: entry fill b90|S165 BSX x1 @ 0.65
  reconcile: entry fill b70|S165 BSX x1 @ 0.65
  reconcile: entry fill b50|S165 BSX x1 @ 0.65
  reconcile: entry fill b30|S165 BSX x1 @ 0.65
  reconcile: entry fill b10|S165 BSX x1 @ 0.65
  reconcile: entry fill b82|S173 ADBE x1 @ 0.48
  reconcile: entry fill b62|S173 ADBE x1 @ 0.48
  reconcile: entry fill b42|S173 ADBE x1 @ 0.48
  reconcile: entry fill b22|S173 ADBE x1 @ 0.48
  reconcile: entry fill b2|S173 ADBE x1 @ 0.48
  reconcile: entry fill b49|S165 GEHC x1 @ 0.70
  reconcile: entry fill b1|S173 C x1 @ 0.54
  reconcile: entry fill b89|S165 BSX x1 @ 0.10
  reconcile: entry fill b69|S165 BSX x1 @ 0.10
  reconcile: entry fill b29|S165 BSX x1 @ 0.10
  reconcile: entry fill b9|S165 BSX x1 @ 0.10
  reconcile: entry fill b81|S173 C x1 @ 0.73
  reconcile: entry fill b61|S173 C x1 @ 0.73
  reconcile: entry fill b41|S173 C x1 @ 0.73
  reconcile: entry fill b21|S173 C x1 @ 0.73
  reconcile: entry fill b20|S173 C x1 @ 0.48
  reconcile: entry fill b0|S173 C x1 @ 0.48
  reconcile: entry fill b88|S165 MSFT x1 @ 0.51
  reconcile: entry fill b68|S165 MSFT x1 @ 0.51
  reconcile: entry fill b48|S165 MSFT x1 @ 0.51
  reconcile: entry fill b28|S165 MSFT x1 @ 0.51
  reconcile: entry fill b8|S165 MSFT x1 @ 0.51
  reconcile: entry fill b80|S173 C x1 @ 0.22
  reconcile: entry fill b60|S173 C x1 @ 0.22
  reconcile: entry fill b40|S173 C x1 @ 0.22
  reconcile: entry fill b67|S174 INTC x1 @ 0.59
  reconcile: entry fill b47|S174 INTC x1 @ 0.59
  reconcile: entry fill b27|S174 INTC x1 @ 0.59
  reconcile: entry fill b83|S173 AMD x1 @ 0.65
  reconcile: entry fill b63|S173 AMD x1 @ 0.65
  reconcile: entry fill b43|S173 AMD x1 @ 0.65
  reconcile: entry fill b23|S173 AMD x1 @ 0.65
  reconcile: entry fill b3|S173 AMD x1 @ 0.65
  reconcile: entry fill b66|S174 INTC x1 @ 0.59
  reconcile: entry fill b70|S165 HL x1 @ 0.67
  reconcile: entry fill b62|S173 AMD x1 @ 0.05
  reconcile: entry fill b26|S174 AVGO x1 @ 0.49
  reconcile: entry fill b6|S174 AVGO x1 @ 0.49
  reconcile: entry fill b2|S173 AMD x1 @ 0.70
  reconcile: entry fill b50|S165 HL x1 @ 0.66
  reconcile: entry fill b30|S165 HL x1 @ 0.66
  reconcile: entry fill b42|S173 AMD x1 @ 0.54
  reconcile: entry fill b22|S173 AMD x1 @ 0.54
  reconcile: entry fill b25|S174 AVGO x1 @ 0.46
  reconcile: entry fill b89|S165 INTC x1 @ 0.55
  reconcile: entry fill b69|S165 INTC x1 @ 0.55
  reconcile: entry fill b49|S165 INTC x1 @ 0.55
  reconcile: entry fill b29|S165 INTC x1 @ 0.55
  reconcile: entry fill b9|S165 INTC x1 @ 0.55
  reconcile: entry fill b81|S173 SMCI x1 @ 0.61
  reconcile: entry fill b61|S173 SMCI x1 @ 0.61
  reconcile: entry fill b41|S173 SMCI x1 @ 0.61
  reconcile: entry fill b21|S173 SMCI x1 @ 0.61
  reconcile: entry fill b1|S173 SMCI x1 @ 0.61
  reconcile: entry fill b60|S173 NEM x1 @ 0.33
  reconcile: entry fill b40|S173 SMCI x1 @ 0.58
  reconcile: entry fill b68|S165 INTC x1 @ 0.55
  reconcile: entry fill b20|S173 SMCI x1 @ 0.70
  reconcile: entry fill b48|S165 INTC x1 @ 0.71
  reconcile: entry fill b28|S165 INTC x1 @ 0.71
  reconcile: entry fill b8|S165 INTC x1 @ 0.71
  reconcile: entry fill b0|S173 SMCI x1 @ 0.73
  reconcile: entry fill b87|S174 INTC x1 @ 0.71
  reconcile: entry fill b67|S174 INTC x1 @ 0.71
  reconcile: entry fill b47|S174 INTC x1 @ 0.71
  reconcile: entry fill b27|S174 INTC x1 @ 0.71
  reconcile: entry fill b7|S174 INTC x1 @ 0.71
  reconcile: entry fill b83|S173 T x1 @ 0.15
  reconcile: entry fill b63|S173 T x1 @ 0.15
  reconcile: entry fill b43|S173 T x1 @ 0.15
  reconcile: entry fill b23|S173 T x1 @ 0.15
  reconcile: entry fill b3|S173 T x1 @ 0.15
  reconcile: entry fill b90|S165 INTC x1 @ 0.48
  reconcile: entry fill b70|S165 INTC x1 @ 0.48
  reconcile: entry fill b50|S165 INTC x1 @ 0.48
  reconcile: entry fill b30|S165 INTC x1 @ 0.48
  reconcile: entry fill b10|S165 INTC x1 @ 0.48
  reconcile: entry fill b86|S174 INTC x1 @ 0.70
  reconcile: entry fill b86|S174 INTC x1 @ 0.74
  reconcile: entry fill b86|S174 INTC x1 @ 0.58
  reconcile: entry fill b66|S174 INTC x1 @ 0.58
  reconcile: entry fill b46|S174 INTC x1 @ 0.58
  reconcile: entry fill b26|S174 INTC x1 @ 0.58
  reconcile: entry fill b6|S174 INTC x1 @ 0.58
  reconcile: entry fill b82|S173 T x1 @ 0.42
  reconcile: entry fill b62|S173 T x1 @ 0.42
  reconcile: entry fill b42|S173 T x1 @ 0.42
  reconcile: entry fill b22|S173 T x1 @ 0.42
  reconcile: entry fill b2|S173 T x1 @ 0.42
  reconcile: entry fill b85|S174 INTC x1 @ 0.72
  reconcile: entry fill b85|S174 INTC x1 @ 0.71
  reconcile: entry fill b85|S174 INTC x1 @ 0.55
  reconcile: entry fill b85|S174 INTC x1 @ 0.67
  reconcile: entry fill b85|S174 INTC x1 @ 0.59
  reconcile: entry fill b85|S174 INTC x1 @ 0.60
  reconcile: entry fill b85|S174 INTC x1 @ 0.62
  reconcile: entry fill b84|S174 INTC x1 @ 0.62
  reconcile: entry fill b65|S174 INTC x1 @ 0.62
  reconcile: entry fill b45|S174 INTC x1 @ 0.62
  reconcile: entry fill b25|S174 INTC x1 @ 0.62
  reconcile: entry fill b5|S174 INTC x1 @ 0.62
  reconcile: entry fill b81|S173 T x1 @ 0.16
  reconcile: entry fill b61|S173 T x1 @ 0.16
  reconcile: entry fill b41|S173 T x1 @ 0.16
  reconcile: entry fill b21|S173 T x1 @ 0.16
  reconcile: entry fill b1|S173 T x1 @ 0.16
  reconcile: entry fill b84|S174 INTC x1 @ 0.61
  reconcile: entry fill b84|S174 INTC x1 @ 0.64
  reconcile: entry fill b84|S174 INTC x1 @ 0.60
  reconcile: entry fill b64|S174 INTC x1 @ 0.60
  reconcile: entry fill b44|S174 INTC x1 @ 0.60
  reconcile: entry fill b24|S174 INTC x1 @ 0.61
  reconcile: entry fill b4|S174 INTC x1 @ 0.61
  reconcile: entry fill b84|S174 INTC x1 @ 0.66
  reconcile: entry fill b64|S174 INTC x1 @ 0.66
  reconcile: entry fill b44|S174 INTC x1 @ 0.66
  reconcile: entry fill b24|S174 INTC x1 @ 0.66
  reconcile: entry fill b4|S174 INTC x1 @ 0.66
  reconcile: entry fill b88|S165 INTC x1 @ 0.65
  reconcile: entry fill b88|S165 INTC x1 @ 0.74
  reconcile: entry fill b68|S165 INTC x1 @ 0.74
  reconcile: entry fill b48|S165 INTC x1 @ 0.74
  reconcile: entry fill b28|S165 INTC x1 @ 0.74
  reconcile: entry fill b8|S165 INTC x1 @ 0.74
  reconcile: entry fill b80|S173 T x1 @ 0.35
  reconcile: entry fill b60|S173 T x1 @ 0.35
  reconcile: entry fill b40|S173 T x1 @ 0.35
  reconcile: entry fill b20|S173 T x1 @ 0.35
  reconcile: entry fill b88|S165 INTC x1 @ 0.47
  reconcile: entry fill b68|S165 INTC x1 @ 0.47
  reconcile: entry fill b48|S165 INTC x1 @ 0.47
  reconcile: entry fill b28|S165 INTC x1 @ 0.47
  reconcile: entry fill b8|S165 INTC x1 @ 0.47
  reconcile: entry fill b80|S173 T x1 @ 0.29
  reconcile: entry fill b60|S173 T x1 @ 0.30
  reconcile: entry fill b40|S173 T x1 @ 0.30
  reconcile: entry fill b20|S173 T x1 @ 0.29
  reconcile: removed 242 stale lot(s)

[Setup]
Active buckets: 140 | Strategies: S165, S164, S168, S167, S166, S163
Dropped (no new entries; ex-reflected P&L): S173, S174

[Scan + entries]
Scanning 903 symbols for [S165, S164, S168, S167, S166, S163] …
Fetched daily bars for 903/903 symbols
Found 335 signal(s); top: ['S165:ACN', 'S165:ADBE', 'S165:A', 'S165:BR', 'S165:CSGP', 'S165:DHR', 'S165:EFX', 'S165:FDS']
Paper lab: $131541 broker equity -> 140 bucket(s) ($500 virtual each, unlimited paper)
  [b9|c009_s165_w2_1005_1045_r1] S165 ACN: no tradeable call
  [b37|c037_s165_w2_1005_1045_r2] S165 ACN: no tradeable call
  [b65|c065_s165_w2_1005_1045_r3] S165 ACN: no tradeable call
  [b93|c093_s165_w2_1005_1045_r4] S165 ACN: no tradeable call
  [b121|c121_s165_w2_1005_1045_r5] S165 ACN: no tradeable call
  [b9|c009_s165_w2_1005_1045_r1] S165 ADBE: no tradeable call
  [b37|c037_s165_w2_1005_1045_r2] S165 ADBE: no tradeable call
  [b65|c065_s165_w2_1005_1045_r3] S165 ADBE: no tradeable call
  [b93|c093_s165_w2_1005_1045_r4] S165 ADBE: no tradeable call
  [b121|c121_s165_w2_1005_1045_r5] S165 ADBE: no tradeable call
  [b9|c009_s165_w2_1005_1045_r1] S165 A: no tradeable call
  [b37|c037_s165_w2_1005_1045_r2] S165 A: no tradeable call
  [b65|c065_s165_w2_1005_1045_r3] S165 A: no tradeable call
  [b93|c093_s165_w2_1005_1045_r4] S165 A: no tradeable call
  [b121|c121_s165_w2_1005_1045_r5] S165 A: no tradeable call
  [b9|c009_s165_w2_1005_1045_r1] S165 BR: no tradeable call
  [b37|c037_s165_w2_1005_1045_r2] S165 BR: no tradeable call
  [b65|c065_s165_w2_1005_1045_r3] S165 BR: no tradeable call
  [b93|c093_s165_w2_1005_1045_r4] S165 BR: no tradeable call
  [b121|c121_s165_w2_1005_1045_r5] S165 BR: no tradeable call
  [b9|c009_s165_w2_1005_1045_r1] S165 CSGP: no tradeable call
  [b37|c037_s165_w2_1005_1045_r2] S165 CSGP: no tradeable call
  [b65|c065_s165_w2_1005_1045_r3] S165 CSGP: no tradeable call
  [b93|c093_s165_w2_1005_1045_r4] S165 CSGP: no tradeable call
  [b121|c121_s165_w2_1005_1045_r5] S165 CSGP: no tradeable call
  [b9|c009_s165_w2_1005_1045_r1] S165 DHR: no tradeable call
  [b37|c037_s165_w2_1005_1045_r2] S165 DHR: no tradeable call
  [b65|c065_s165_w2_1005_1045_r3] S165 DHR: no tradeable call
  [b93|c093_s165_w2_1005_1045_r4] S165 DHR: no tradeable call
  [b121|c121_s165_w2_1005_1045_r5] S165 DHR: no tradeable call
  [b9|c009_s165_w2_1005_1045_r1] S165 EFX: no tradeable call
  [b37|c037_s165_w2_1005_1045_r2] S165 EFX: no tradeable call
  [b65|c065_s165_w2_1005_1045_r3] S165 EFX: no tradeable call
  [b93|c093_s165_w2_1005_1045_r4] S165 EFX: no tradeable call
  [b121|c121_s165_w2_1005_1045_r5] S165 EFX: no tradeable call
  [b9|c009_s165_w2_1005_1045_r1] S165 FDS: no tradeable call
  [b37|c037_s165_w2_1005_1045_r2] S165 FDS: no tradeable call
  [b65|c065_s165_w2_1005_1045_r3] S165 FDS: no tradeable call
  [b93|c093_s165_w2_1005_1045_r4] S165 FDS: no tradeable call
  [b121|c121_s165_w2_1005_1045_r5] S165 FDS: no tradeable call
  [b9|c009_s165_w2_1005_1045_r1] S165 FICO: no tradeable call
  [b37|c037_s165_w2_1005_1045_r2] S165 FICO: no tradeable call
  [b65|c065_s165_w2_1005_1045_r3] S165 FICO: no tradeable call
  [b93|c093_s165_w2_1005_1045_r4] S165 FICO: no tradeable call
  [b121|c121_s165_w2_1005_1045_r5] S165 FICO: no tradeable call
  [b9|c009_s165_w2_1005_1045_r1] S165 IT: no tradeable call
  [b37|c037_s165_w2_1005_1045_r2] S165 IT: no tradeable call
  [b65|c065_s165_w2_1005_1045_r3] S165 IT: no tradeable call
  [b93|c093_s165_w2_1005_1045_r4] S165 IT: no tradeable call
  [b121|c121_s165_w2_1005_1045_r5] S165 IT: no tradeable call
  [b9|c009_s165_w2_1005_1045_r1] S165 GPC: no tradeable call
  [b37|c037_s165_w2_1005_1045_r2] S165 GPC: no tradeable call
  [b65|c065_s165_w2_1005_1045_r3] S165 GPC: no tradeable call
  [b93|c093_s165_w2_1005_1045_r4] S165 GPC: no tradeable call
  [b121|c121_s165_w2_1005_1045_r5] S165 GPC: no tradeable call
  [b9|c009_s165_w2_1005_1045_r1] S165 GILD: no tradeable call
  [b37|c037_s165_w2_1005_1045_r2] S165 GILD: no tradeable call
  [b65|c065_s165_w2_1005_1045_r3] S165 GILD: no tradeable call
  [b93|c093_s165_w2_1005_1045_r4] S165 GILD: no tradeable call
  [b121|c121_s165_w2_1005_1045_r5] S165 GILD: no tradeable call
  [b9|c009_s165_w2_1005_1045_r1] S165 GDDY: no tradeable call
  [b37|c037_s165_w2_1005_1045_r2] S165 GDDY: no tradeable call
  [b65|c065_s165_w2_1005_1045_r3] S165 GDDY: no tradeable call
  [b93|c093_s165_w2_1005_1045_r4] S165 GDDY: no tradeable call
  [b121|c121_s165_w2_1005_1045_r5] S165 GDDY: no tradeable call
  ENTRY [b9|c009_s165_w2_1005_1045_r1|S165] BUY 1x HAL260724C00033000 (gap -5.1%) limit=0.64 (ask=0.65 off=-0.01) tp=+50% sl=-50% pending id=94d32297-35fc-4b34-b017-55f5f12805e4
  ENTRY [b37|c037_s165_w2_1005_1045_r2|S165] BUY 1x HAL260724C00033000 (gap -5.1%) limit=0.64 (ask=0.65 off=-0.01) tp=+50% sl=-50% pending id=e436b320-d237-4bf8-8ad8-9efb4815503f
  ENTRY [b65|c065_s165_w2_1005_1045_r3|S165] BUY 1x HAL260724C00033000 (gap -5.1%) limit=0.64 (ask=0.65 off=-0.01) tp=+50% sl=-50% pending id=67015a43-586c-47bf-8966-7c841c3217bf
  ENTRY [b93|c093_s165_w2_1005_1045_r4|S165] BUY 1x HAL260724C00033000 (gap -5.1%) limit=0.64 (ask=0.65 off=-0.01) tp=+50% sl=-50% pending id=ddfb3230-cb4f-442c-b63f-a88ef6b7c38d
  ENTRY [b121|c121_s165_w2_1005_1045_r5|S165] BUY 1x HAL260724C00033000 (gap -5.1%) limit=0.64 (ask=0.65 off=-0.01) tp=+50% sl=-50% pending id=ab6b5cb2-96b4-4a7b-a719-fd7b3fe4d26d
  [b21|c021_s164_w2_1005_1045_r1] S164 ACN: no tradeable call
  [b49|c049_s164_w2_1005_1045_r2] S164 ACN: no tradeable call
  [b77|c077_s164_w2_1005_1045_r3] S164 ACN: no tradeable call
  [b105|c105_s164_w2_1005_1045_r4] S164 ACN: no tradeable call
  [b133|c133_s164_w2_1005_1045_r5] S164 ACN: no tradeable call
  [b21|c021_s164_w2_1005_1045_r1] S164 ADBE: no tradeable call
  [b49|c049_s164_w2_1005_1045_r2] S164 ADBE: no tradeable call
  [b77|c077_s164_w2_1005_1045_r3] S164 ADBE: no tradeable call
  [b105|c105_s164_w2_1005_1045_r4] S164 ADBE: no tradeable call
  [b133|c133_s164_w2_1005_1045_r5] S164 ADBE: no tradeable call
  [b21|c021_s164_w2_1005_1045_r1] S164 A: no tradeable call
  [b49|c049_s164_w2_1005_1045_r2] S164 A: no tradeable call
  [b77|c077_s164_w2_1005_1045_r3] S164 A: no tradeable call
  [b105|c105_s164_w2_1005_1045_r4] S164 A: no tradeable call
  [b133|c133_s164_w2_1005_1045_r5] S164 A: no tradeable call
  [b21|c021_s164_w2_1005_1045_r1] S164 BR: no tradeable call
  [b49|c049_s164_w2_1005_1045_r2] S164 BR: no tradeable call
  [b77|c077_s164_w2_1005_1045_r3] S164 BR: no tradeable call
  [b105|c105_s164_w2_1005_1045_r4] S164 BR: no tradeable call
  [b133|c133_s164_w2_1005_1045_r5] S164 BR: no tradeable call
  [b21|c021_s164_w2_1005_1045_r1] S164 CSGP: no tradeable call
  [b49|c049_s164_w2_1005_1045_r2] S164 CSGP: no tradeable call
  [b77|c077_s164_w2_1005_1045_r3] S164 CSGP: no tradeable call
  [b105|c105_s164_w2_1005_1045_r4] S164 CSGP: no tradeable call
  [b133|c133_s164_w2_1005_1045_r5] S164 CSGP: no tradeable call
  [b21|c021_s164_w2_1005_1045_r1] S164 DHR: no tradeable call
  [b49|c049_s164_w2_1005_1045_r2] S164 DHR: no tradeable call
  [b77|c077_s164_w2_1005_1045_r3] S164 DHR: no tradeable call
  [b105|c105_s164_w2_1005_1045_r4] S164 DHR: no tradeable call
  [b133|c133_s164_w2_1005_1045_r5] S164 DHR: no tradeable call
  [b21|c021_s164_w2_1005_1045_r1] S164 EFX: no tradeable call
  [b49|c049_s164_w2_1005_1045_r2] S164 EFX: no tradeable call
  [b77|c077_s164_w2_1005_1045_r3] S164 EFX: no tradeable call
  [b105|c105_s164_w2_1005_1045_r4] S164 EFX: no tradeable call
  [b133|c133_s164_w2_1005_1045_r5] S164 EFX: no tradeable call
  [b21|c021_s164_w2_1005_1045_r1] S164 FDS: no tradeable call
  [b49|c049_s164_w2_1005_1045_r2] S164 FDS: no tradeable call
  [b77|c077_s164_w2_1005_1045_r3] S164 FDS: no tradeable call
  [b105|c105_s164_w2_1005_1045_r4] S164 FDS: no tradeable call
  [b133|c133_s164_w2_1005_1045_r5] S164 FDS: no tradeable call
  [b21|c021_s164_w2_1005_1045_r1] S164 FICO: no tradeable call
  [b49|c049_s164_w2_1005_1045_r2] S164 FICO: no tradeable call
  [b77|c077_s164_w2_1005_1045_r3] S164 FICO: no tradeable call
  [b105|c105_s164_w2_1005_1045_r4] S164 FICO: no tradeable call
  [b133|c133_s164_w2_1005_1045_r5] S164 FICO: no tradeable call
  [b21|c021_s164_w2_1005_1045_r1] S164 IT: no tradeable call
  [b49|c049_s164_w2_1005_1045_r2] S164 IT: no tradeable call
  [b77|c077_s164_w2_1005_1045_r3] S164 IT: no tradeable call
  [b105|c105_s164_w2_1005_1045_r4] S164 IT: no tradeable call
  [b133|c133_s164_w2_1005_1045_r5] S164 IT: no tradeable call
  [b21|c021_s164_w2_1005_1045_r1] S164 GPC: no tradeable call
  [b49|c049_s164_w2_1005_1045_r2] S164 GPC: no tradeable call
  [b77|c077_s164_w2_1005_1045_r3] S164 GPC: no tradeable call
  [b105|c105_s164_w2_1005_1045_r4] S164 GPC: no tradeable call
  [b133|c133_s164_w2_1005_1045_r5] S164 GPC: no tradeable call
  [b21|c021_s164_w2_1005_1045_r1] S164 GILD: no tradeable call
  [b49|c049_s164_w2_1005_1045_r2] S164 GILD: no tradeable call
  [b77|c077_s164_w2_1005_1045_r3] S164 GILD: no tradeable call
  [b105|c105_s164_w2_1005_1045_r4] S164 GILD: no tradeable call
  [b133|c133_s164_w2_1005_1045_r5] S164 GILD: no tradeable call
  [b21|c021_s164_w2_1005_1045_r1] S164 GDDY: no tradeable call
  [b49|c049_s164_w2_1005_1045_r2] S164 GDDY: no tradeable call
  [b77|c077_s164_w2_1005_1045_r3] S164 GDDY: no tradeable call
  [b105|c105_s164_w2_1005_1045_r4] S164 GDDY: no tradeable call
  [b133|c133_s164_w2_1005_1045_r5] S164 GDDY: no tradeable call
  [b21|c021_s164_w2_1005_1045_r1] S164 HAL: no tradeable call
  [b49|c049_s164_w2_1005_1045_r2] S164 HAL: no tradeable call
  [b77|c077_s164_w2_1005_1045_r3] S164 HAL: no tradeable call
  [b105|c105_s164_w2_1005_1045_r4] S164 HAL: no tradeable call
  [b133|c133_s164_w2_1005_1045_r5] S164 HAL: no tradeable call
  [b21|c021_s164_w2_1005_1045_r1] S164 PODD: no tradeable call
  [b49|c049_s164_w2_1005_1045_r2] S164 PODD: no tradeable call
  [b77|c077_s164_w2_1005_1045_r3] S164 PODD: no tradeable call
  [b105|c105_s164_w2_1005_1045_r4] S164 PODD: no tradeable call
  [b133|c133_s164_w2_1005_1045_r5] S164 PODD: no tradeable call
  [b21|c021_s164_w2_1005_1045_r1] S164 INTU: no tradeable call
  [b49|c049_s164_w2_1005_1045_r2] S164 INTU: no tradeable call
  [b77|c077_s164_w2_1005_1045_r3] S164 INTU: no tradeable call
  [b105|c105_s164_w2_1005_1045_r4] S164 INTU: no tradeable call
  [b133|c133_s164_w2_1005_1045_r5] S164 INTU: no tradeable call
  [b21|c021_s164_w2_1005_1045_r1] S164 IQV: no tradeable call
  [b49|c049_s164_w2_1005_1045_r2] S164 IQV: no tradeable call
  [b77|c077_s164_w2_1005_1045_r3] S164 IQV: no tradeable call
  [b105|c105_s164_w2_1005_1045_r4] S164 IQV: no tradeable call
  [b133|c133_s164_w2_1005_1045_r5] S164 IQV: no tradeable call
  [b21|c021_s164_w2_1005_1045_r1] S164 JKHY: no tradeable call
  [b49|c049_s164_w2_1005_1045_r2] S164 JKHY: no tradeable call
  [b77|c077_s164_w2_1005_1045_r3] S164 JKHY: no tradeable call
  [b105|c105_s164_w2_1005_1045_r4] S164 JKHY: no tradeable call
  [b133|c133_s164_w2_1005_1045_r5] S164 JKHY: no tradeable call
  [b21|c021_s164_w2_1005_1045_r1] S164 KEY: no tradeable call
  [b49|c049_s164_w2_1005_1045_r2] S164 KEY: no tradeable call
  [b77|c077_s164_w2_1005_1045_r3] S164 KEY: no tradeable call
  [b105|c105_s164_w2_1005_1045_r4] S164 KEY: no tradeable call
  [b133|c133_s164_w2_1005_1045_r5] S164 KEY: no tradeable call
  [b21|c021_s164_w2_1005_1045_r1] S164 LDOS: no tradeable call
  [b49|c049_s164_w2_1005_1045_r2] S164 LDOS: no tradeable call
  [b77|c077_s164_w2_1005_1045_r3] S164 LDOS: no tradeable call
  [b105|c105_s164_w2_1005_1045_r4] S164 LDOS: no tradeable call
  [b133|c133_s164_w2_1005_1045_r5] S164 LDOS: no tradeable call
  ENTRY [b21|c021_s164_w2_1005_1045_r1|S164] BUY 1x LULU260724C00121000 (gap -2.4%) limit=0.65 (ask=0.66 off=-0.01) tp=+50% sl=-50% pending id=500c1a78-753e-4389-be60-e30acf383a40
  ENTRY [b49|c049_s164_w2_1005_1045_r2|S164] BUY 1x LULU260724C00121000 (gap -2.4%) limit=0.65 (ask=0.66 off=-0.01) tp=+50% sl=-50% pending id=eca1b2fb-eb64-4039-b089-bcc07982e52f
  ENTRY [b77|c077_s164_w2_1005_1045_r3|S164] BUY 1x LULU260724C00121000 (gap -2.4%) limit=0.65 (ask=0.66 off=-0.01) tp=+50% sl=-50% pending id=238025f7-5980-411f-8165-464e5496d575
  ENTRY [b105|c105_s164_w2_1005_1045_r4|S164] BUY 1x LULU260724C00121000 (gap -2.4%) limit=0.65 (ask=0.66 off=-0.01) tp=+50% sl=-50% pending id=ca6219bf-f671-43cd-82a2-635c79774e6e
  ENTRY [b133|c133_s164_w2_1005_1045_r5|S164] BUY 1x LULU260724C00121000 (gap -2.4%) limit=0.65 (ask=0.66 off=-0.01) tp=+50% sl=-50% pending id=a6e04cf8-cfa7-4df9-8247-8f6427bf382f
  [b25|c025_s168_w2_1005_1045_r1] S168 ACN: no tradeable call
  [b53|c053_s168_w2_1005_1045_r2] S168 ACN: no tradeable call
  [b81|c081_s168_w2_1005_1045_r3] S168 ACN: no tradeable call
  [b109|c109_s168_w2_1005_1045_r4] S168 ACN: no tradeable call
  [b137|c137_s168_w2_1005_1045_r5] S168 ACN: no tradeable call
  [b25|c025_s168_w2_1005_1045_r1] S168 ADBE: no tradeable call
  [b53|c053_s168_w2_1005_1045_r2] S168 ADBE: no tradeable call
  [b81|c081_s168_w2_1005_1045_r3] S168 ADBE: no tradeable call
  [b109|c109_s168_w2_1005_1045_r4] S168 ADBE: no tradeable call
  [b137|c137_s168_w2_1005_1045_r5] S168 ADBE: no tradeable call
  [b25|c025_s168_w2_1005_1045_r1] S168 A: no tradeable call
  [b53|c053_s168_w2_1005_1045_r2] S168 A: no tradeable call
  [b81|c081_s168_w2_1005_1045_r3] S168 A: no tradeable call
  [b109|c109_s168_w2_1005_1045_r4] S168 A: no tradeable call
  [b137|c137_s168_w2_1005_1045_r5] S168 A: no tradeable call
  [b25|c025_s168_w2_1005_1045_r1] S168 BR: no tradeable call
  [b53|c053_s168_w2_1005_1045_r2] S168 BR: no tradeable call
  [b81|c081_s168_w2_1005_1045_r3] S168 BR: no tradeable call
  [b109|c109_s168_w2_1005_1045_r4] S168 BR: no tradeable call
  [b137|c137_s168_w2_1005_1045_r5] S168 BR: no tradeable call
  [b25|c025_s168_w2_1005_1045_r1] S168 CSGP: no tradeable call
  [b53|c053_s168_w2_1005_1045_r2] S168 CSGP: no tradeable call
  [b81|c081_s168_w2_1005_1045_r3] S168 CSGP: no tradeable call
  [b109|c109_s168_w2_1005_1045_r4] S168 CSGP: no tradeable call
  [b137|c137_s168_w2_1005_1045_r5] S168 CSGP: no tradeable call
  [b25|c025_s168_w2_1005_1045_r1] S168 DHR: no tradeable call
  [b53|c053_s168_w2_1005_1045_r2] S168 DHR: no tradeable call
  [b81|c081_s168_w2_1005_1045_r3] S168 DHR: no tradeable call
  [b109|c109_s168_w2_1005_1045_r4] S168 DHR: no tradeable call
  [b137|c137_s168_w2_1005_1045_r5] S168 DHR: no tradeable call
  [b25|c025_s168_w2_1005_1045_r1] S168 EFX: no tradeable call
  [b53|c053_s168_w2_1005_1045_r2] S168 EFX: no tradeable call
  [b81|c081_s168_w2_1005_1045_r3] S168 EFX: no tradeable call
  [b109|c109_s168_w2_1005_1045_r4] S168 EFX: no tradeable call
  [b137|c137_s168_w2_1005_1045_r5] S168 EFX: no tradeable call
  [b25|c025_s168_w2_1005_1045_r1] S168 FDS: no tradeable call
  [b53|c053_s168_w2_1005_1045_r2] S168 FDS: no tradeable call
  [b81|c081_s168_w2_1005_1045_r3] S168 FDS: no tradeable call
  [b109|c109_s168_w2_1005_1045_r4] S168 FDS: no tradeable call
  [b137|c137_s168_w2_1005_1045_r5] S168 FDS: no tradeable call
  [b25|c025_s168_w2_1005_1045_r1] S168 FICO: no tradeable call
  [b53|c053_s168_w2_1005_1045_r2] S168 FICO: no tradeable call
  [b81|c081_s168_w2_1005_1045_r3] S168 FICO: no tradeable call
  [b109|c109_s168_w2_1005_1045_r4] S168 FICO: no tradeable call
  [b137|c137_s168_w2_1005_1045_r5] S168 FICO: no tradeable call
  [b25|c025_s168_w2_1005_1045_r1] S168 IT: no tradeable call
  [b53|c053_s168_w2_1005_1045_r2] S168 IT: no tradeable call
  [b81|c081_s168_w2_1005_1045_r3] S168 IT: no tradeable call
  [b109|c109_s168_w2_1005_1045_r4] S168 IT: no tradeable call
  [b137|c137_s168_w2_1005_1045_r5] S168 IT: no tradeable call
  [b25|c025_s168_w2_1005_1045_r1] S168 GPC: no tradeable call
  [b53|c053_s168_w2_1005_1045_r2] S168 GPC: no tradeable call
  [b81|c081_s168_w2_1005_1045_r3] S168 GPC: no tradeable call
  [b109|c109_s168_w2_1005_1045_r4] S168 GPC: no tradeable call
  [b137|c137_s168_w2_1005_1045_r5] S168 GPC: no tradeable call
  [b25|c025_s168_w2_1005_1045_r1] S168 GILD: no tradeable call
  [b53|c053_s168_w2_1005_1045_r2] S168 GILD: no tradeable call
  [b81|c081_s168_w2_1005_1045_r3] S168 GILD: no tradeable call
  [b109|c109_s168_w2_1005_1045_r4] S168 GILD: no tradeable call
  [b137|c137_s168_w2_1005_1045_r5] S168 GILD: no tradeable call
  [b25|c025_s168_w2_1005_1045_r1] S168 GDDY: no tradeable call
  [b53|c053_s168_w2_1005_1045_r2] S168 GDDY: no tradeable call
  [b81|c081_s168_w2_1005_1045_r3] S168 GDDY: no tradeable call
  [b109|c109_s168_w2_1005_1045_r4] S168 GDDY: no tradeable call
  [b137|c137_s168_w2_1005_1045_r5] S168 GDDY: no tradeable call
  ENTRY [b25|c025_s168_w2_1005_1045_r1|S168] BUY 1x HAL260724C00033000 (gap -5.1%) limit=0.61 (ask=0.62 off=-0.01) tp=+50% sl=-50% pending id=3acf9271-ca37-49fb-b0f1-59037b8a6684
  ENTRY [b53|c053_s168_w2_1005_1045_r2|S168] BUY 1x HAL260724C00033000 (gap -5.1%) limit=0.61 (ask=0.62 off=-0.01) tp=+50% sl=-50% pending id=3abade35-9295-4bfe-b596-25d4f180ba90
  ENTRY [b81|c081_s168_w2_1005_1045_r3|S168] BUY 1x HAL260724C00033000 (gap -5.1%) limit=0.61 (ask=0.62 off=-0.01) tp=+50% sl=-50% pending id=8b8ba2a9-e028-4304-a2a6-a96d2ab6763f
  ENTRY [b109|c109_s168_w2_1005_1045_r4|S168] BUY 1x HAL260724C00033000 (gap -5.1%) limit=0.61 (ask=0.62 off=-0.01) tp=+50% sl=-50% pending id=9b85dc07-78e1-48a5-97c6-369ab9f9661d
  ENTRY [b137|c137_s168_w2_1005_1045_r5|S168] BUY 1x HAL260724C00033000 (gap -5.1%) limit=0.61 (ask=0.62 off=-0.01) tp=+50% sl=-50% pending id=e790e745-09a3-44a6-a8bb-495a8e48430c
  [b5|c005_s167_w2_1005_1045_r1] S167 ACN: no tradeable call
  [b33|c033_s167_w2_1005_1045_r2] S167 ACN: no tradeable call
  [b61|c061_s167_w2_1005_1045_r3] S167 ACN: no tradeable call
  [b89|c089_s167_w2_1005_1045_r4] S167 ACN: no tradeable call
  [b117|c117_s167_w2_1005_1045_r5] S167 ACN: no tradeable call
  [b5|c005_s167_w2_1005_1045_r1] S167 ADBE: no tradeable call
  [b33|c033_s167_w2_1005_1045_r2] S167 ADBE: no tradeable call
  [b61|c061_s167_w2_1005_1045_r3] S167 ADBE: no tradeable call
  [b89|c089_s167_w2_1005_1045_r4] S167 ADBE: no tradeable call
  [b117|c117_s167_w2_1005_1045_r5] S167 ADBE: no tradeable call
  [b5|c005_s167_w2_1005_1045_r1] S167 A: no tradeable call
  [b33|c033_s167_w2_1005_1045_r2] S167 A: no tradeable call
  [b61|c061_s167_w2_1005_1045_r3] S167 A: no tradeable call
  [b89|c089_s167_w2_1005_1045_r4] S167 A: no tradeable call
  [b117|c117_s167_w2_1005_1045_r5] S167 A: no tradeable call
  [b5|c005_s167_w2_1005_1045_r1] S167 BR: no tradeable call
  [b33|c033_s167_w2_1005_1045_r2] S167 BR: no tradeable call
  [b61|c061_s167_w2_1005_1045_r3] S167 BR: no tradeable call
  [b89|c089_s167_w2_1005_1045_r4] S167 BR: no tradeable call
  [b117|c117_s167_w2_1005_1045_r5] S167 BR: no tradeable call
  [b5|c005_s167_w2_1005_1045_r1] S167 CSGP: no tradeable call
  [b33|c033_s167_w2_1005_1045_r2] S167 CSGP: no tradeable call
  [b61|c061_s167_w2_1005_1045_r3] S167 CSGP: no tradeable call
  [b89|c089_s167_w2_1005_1045_r4] S167 CSGP: no tradeable call
  [b117|c117_s167_w2_1005_1045_r5] S167 CSGP: no tradeable call
  [b5|c005_s167_w2_1005_1045_r1] S167 DHR: no tradeable call
  [b33|c033_s167_w2_1005_1045_r2] S167 DHR: no tradeable call
  [b61|c061_s167_w2_1005_1045_r3] S167 DHR: no tradeable call
  [b89|c089_s167_w2_1005_1045_r4] S167 DHR: no tradeable call
  [b117|c117_s167_w2_1005_1045_r5] S167 DHR: no tradeable call
  [b5|c005_s167_w2_1005_1045_r1] S167 EFX: no tradeable call
  [b33|c033_s167_w2_1005_1045_r2] S167 EFX: no tradeable call
  [b61|c061_s167_w2_1005_1045_r3] S167 EFX: no tradeable call
  [b89|c089_s167_w2_1005_1045_r4] S167 EFX: no tradeable call
  [b117|c117_s167_w2_1005_1045_r5] S167 EFX: no tradeable call
  [b5|c005_s167_w2_1005_1045_r1] S167 FDS: no tradeable call
  [b33|c033_s167_w2_1005_1045_r2] S167 FDS: no tradeable call
  [b61|c061_s167_w2_1005_1045_r3] S167 FDS: no tradeable call
  [b89|c089_s167_w2_1005_1045_r4] S167 FDS: no tradeable call
  [b117|c117_s167_w2_1005_1045_r5] S167 FDS: no tradeable call
  [b5|c005_s167_w2_1005_1045_r1] S167 FICO: no tradeable call
  [b33|c033_s167_w2_1005_1045_r2] S167 FICO: no tradeable call
  [b61|c061_s167_w2_1005_1045_r3] S167 FICO: no tradeable call
  [b89|c089_s167_w2_1005_1045_r4] S167 FICO: no tradeable call
  [b117|c117_s167_w2_1005_1045_r5] S167 FICO: no tradeable call
  [b5|c005_s167_w2_1005_1045_r1] S167 IT: no tradeable call
  [b33|c033_s167_w2_1005_1045_r2] S167 IT: no tradeable call
  [b61|c061_s167_w2_1005_1045_r3] S167 IT: no tradeable call
  [b89|c089_s167_w2_1005_1045_r4] S167 IT: no tradeable call
  [b117|c117_s167_w2_1005_1045_r5] S167 IT: no tradeable call
  [b5|c005_s167_w2_1005_1045_r1] S167 GPC: no tradeable call
  [b33|c033_s167_w2_1005_1045_r2] S167 GPC: no tradeable call
  [b61|c061_s167_w2_1005_1045_r3] S167 GPC: no tradeable call
  [b89|c089_s167_w2_1005_1045_r4] S167 GPC: no tradeable call
  [b117|c117_s167_w2_1005_1045_r5] S167 GPC: no tradeable call
  [b5|c005_s167_w2_1005_1045_r1] S167 GILD: no tradeable call
  [b33|c033_s167_w2_1005_1045_r2] S167 GILD: no tradeable call
  [b61|c061_s167_w2_1005_1045_r3] S167 GILD: no tradeable call
  [b89|c089_s167_w2_1005_1045_r4] S167 GILD: no tradeable call
  [b117|c117_s167_w2_1005_1045_r5] S167 GILD: no tradeable call
  [b5|c005_s167_w2_1005_1045_r1] S167 GDDY: no tradeable call
  [b33|c033_s167_w2_1005_1045_r2] S167 GDDY: no tradeable call
  [b61|c061_s167_w2_1005_1045_r3] S167 GDDY: no tradeable call
  [b89|c089_s167_w2_1005_1045_r4] S167 GDDY: no tradeable call
  [b117|c117_s167_w2_1005_1045_r5] S167 GDDY: no tradeable call
  [b5|c005_s167_w2_1005_1045_r1] S167 HAL: no tradeable call
  [b33|c033_s167_w2_1005_1045_r2] S167 HAL: no tradeable call
  [b61|c061_s167_w2_1005_1045_r3] S167 HAL: no tradeable call
  [b89|c089_s167_w2_1005_1045_r4] S167 HAL: no tradeable call
  [b117|c117_s167_w2_1005_1045_r5] S167 HAL: no tradeable call
  [b5|c005_s167_w2_1005_1045_r1] S167 PODD: no tradeable call
  [b33|c033_s167_w2_1005_1045_r2] S167 PODD: no tradeable call
  [b61|c061_s167_w2_1005_1045_r3] S167 PODD: no tradeable call
  [b89|c089_s167_w2_1005_1045_r4] S167 PODD: no tradeable call
  [b117|c117_s167_w2_1005_1045_r5] S167 PODD: no tradeable call
  [b5|c005_s167_w2_1005_1045_r1] S167 INTU: no tradeable call
  [b33|c033_s167_w2_1005_1045_r2] S167 INTU: no tradeable call
  [b61|c061_s167_w2_1005_1045_r3] S167 INTU: no tradeable call
  [b89|c089_s167_w2_1005_1045_r4] S167 INTU: no tradeable call
  [b117|c117_s167_w2_1005_1045_r5] S167 INTU: no tradeable call
  [b5|c005_s167_w2_1005_1045_r1] S167 IQV: no tradeable call
  [b33|c033_s167_w2_1005_1045_r2] S167 IQV: no tradeable call
  [b61|c061_s167_w2_1005_1045_r3] S167 IQV: no tradeable call
  [b89|c089_s167_w2_1005_1045_r4] S167 IQV: no tradeable call
  [b117|c117_s167_w2_1005_1045_r5] S167 IQV: no tradeable call
  [b5|c005_s167_w2_1005_1045_r1] S167 JKHY: no tradeable call
  [b33|c033_s167_w2_1005_1045_r2] S167 JKHY: no tradeable call
  [b61|c061_s167_w2_1005_1045_r3] S167 JKHY: no tradeable call
  [b89|c089_s167_w2_1005_1045_r4] S167 JKHY: no tradeable call
  [b117|c117_s167_w2_1005_1045_r5] S167 JKHY: no tradeable call
  [b5|c005_s167_w2_1005_1045_r1] S167 KEY: no tradeable call
  [b33|c033_s167_w2_1005_1045_r2] S167 KEY: no tradeable call
  [b61|c061_s167_w2_1005_1045_r3] S167 KEY: no tradeable call
  [b89|c089_s167_w2_1005_1045_r4] S167 KEY: no tradeable call
  [b117|c117_s167_w2_1005_1045_r5] S167 KEY: no tradeable call
  [b5|c005_s167_w2_1005_1045_r1] S167 LDOS: no tradeable call
  [b33|c033_s167_w2_1005_1045_r2] S167 LDOS: no tradeable call
  [b61|c061_s167_w2_1005_1045_r3] S167 LDOS: no tradeable call
  [b89|c089_s167_w2_1005_1045_r4] S167 LDOS: no tradeable call
  [b117|c117_s167_w2_1005_1045_r5] S167 LDOS: no tradeable call
  [b5|c005_s167_w2_1005_1045_r1] S167 LULU: no tradeable call
  [b33|c033_s167_w2_1005_1045_r2] S167 LULU: no tradeable call
  [b61|c061_s167_w2_1005_1045_r3] S167 LULU: no tradeable call
  [b89|c089_s167_w2_1005_1045_r4] S167 LULU: no tradeable call
  [b117|c117_s167_w2_1005_1045_r5] S167 LULU: no tradeable call
  [b5|c005_s167_w2_1005_1045_r1] S167 MTD: no tradeable call
  [b33|c033_s167_w2_1005_1045_r2] S167 MTD: no tradeable call
  [b61|c061_s167_w2_1005_1045_r3] S167 MTD: no tradeable call
  [b89|c089_s167_w2_1005_1045_r4] S167 MTD: no tradeable call
  [b117|c117_s167_w2_1005_1045_r5] S167 MTD: no tradeable call
  [b5|c005_s167_w2_1005_1045_r1] S167 MCO: no tradeable call
  [b33|c033_s167_w2_1005_1045_r2] S167 MCO: no tradeable call
  [b61|c061_s167_w2_1005_1045_r3] S167 MCO: no tradeable call
  [b89|c089_s167_w2_1005_1045_r4] S167 MCO: no tradeable call
  [b117|c117_s167_w2_1005_1045_r5] S167 MCO: no tradeable call
  [b5|c005_s167_w2_1005_1045_r1] S167 MSCI: no tradeable call
  [b33|c033_s167_w2_1005_1045_r2] S167 MSCI: no tradeable call
  [b61|c061_s167_w2_1005_1045_r3] S167 MSCI: no tradeable call
  [b89|c089_s167_w2_1005_1045_r4] S167 MSCI: no tradeable call
  [b117|c117_s167_w2_1005_1045_r5] S167 MSCI: no tradeable call
  [b5|c005_s167_w2_1005_1045_r1] S167 NOC: no tradeable call
  [b33|c033_s167_w2_1005_1045_r2] S167 NOC: no tradeable call
  [b61|c061_s167_w2_1005_1045_r3] S167 NOC: no tradeable call
  [b89|c089_s167_w2_1005_1045_r4] S167 NOC: no tradeable call
  [b117|c117_s167_w2_1005_1045_r5] S167 NOC: no tradeable call
  [b5|c005_s167_w2_1005_1045_r1] S167 RMD: no tradeable call
  [b33|c033_s167_w2_1005_1045_r2] S167 RMD: no tradeable call
  [b61|c061_s167_w2_1005_1045_r3] S167 RMD: no tradeable call
  [b89|c089_s167_w2_1005_1045_r4] S167 RMD: no tradeable call
  [b117|c117_s167_w2_1005_1045_r5] S167 RMD: no tradeable call
  [b5|c005_s167_w2_1005_1045_r1] S167 RVTY: no tradeable call
  [b33|c033_s167_w2_1005_1045_r2] S167 RVTY: no tradeable call
  [b61|c061_s167_w2_1005_1045_r3] S167 RVTY: no tradeable call
  [b89|c089_s167_w2_1005_1045_r4] S167 RVTY: no tradeable call
  [b117|c117_s167_w2_1005_1045_r5] S167 RVTY: no tradeable call
  [b5|c005_s167_w2_1005_1045_r1] S167 SPGI: no tradeable call
  [b33|c033_s167_w2_1005_1045_r2] S167 SPGI: no tradeable call
  [b61|c061_s167_w2_1005_1045_r3] S167 SPGI: no tradeable call
  [b89|c089_s167_w2_1005_1045_r4] S167 SPGI: no tradeable call
  [b117|c117_s167_w2_1005_1045_r5] S167 SPGI: no tradeable call
  [b5|c005_s167_w2_1005_1045_r1] S167 CRM: no tradeable call
  [b33|c033_s167_w2_1005_1045_r2] S167 CRM: no tradeable call
  [b61|c061_s167_w2_1005_1045_r3] S167 CRM: no tradeable call
  [b89|c089_s167_w2_1005_1045_r4] S167 CRM: no tradeable call
  [b117|c117_s167_w2_1005_1045_r5] S167 CRM: no tradeable call
  [b5|c005_s167_w2_1005_1045_r1] S167 NOW: no tradeable call
  [b33|c033_s167_w2_1005_1045_r2] S167 NOW: no tradeable call
  [b61|c061_s167_w2_1005_1045_r3] S167 NOW: no tradeable call
  [b89|c089_s167_w2_1005_1045_r4] S167 NOW: no tradeable call
  [b117|c117_s167_w2_1005_1045_r5] S167 NOW: no tradeable call
  [b5|c005_s167_w2_1005_1045_r1] S167 SOLV: no tradeable call
  [b33|c033_s167_w2_1005_1045_r2] S167 SOLV: no tradeable call
  [b61|c061_s167_w2_1005_1045_r3] S167 SOLV: no tradeable call
  [b89|c089_s167_w2_1005_1045_r4] S167 SOLV: no tradeable call
  [b117|c117_s167_w2_1005_1045_r5] S167 SOLV: no tradeable call
  [b5|c005_s167_w2_1005_1045_r1] S167 TMO: no tradeable call
  [b33|c033_s167_w2_1005_1045_r2] S167 TMO: no tradeable call
  [b61|c061_s167_w2_1005_1045_r3] S167 TMO: no tradeable call
  [b89|c089_s167_w2_1005_1045_r4] S167 TMO: no tradeable call
  [b117|c117_s167_w2_1005_1045_r5] S167 TMO: no tradeable call
  [b5|c005_s167_w2_1005_1045_r1] S167 TYL: no tradeable call
  [b33|c033_s167_w2_1005_1045_r2] S167 TYL: no tradeable call
  [b61|c061_s167_w2_1005_1045_r3] S167 TYL: no tradeable call
  [b89|c089_s167_w2_1005_1045_r4] S167 TYL: no tradeable call
  [b117|c117_s167_w2_1005_1045_r5] S167 TYL: no tradeable call
  [b5|c005_s167_w2_1005_1045_r1] S167 VRSK: no tradeable call
  [b33|c033_s167_w2_1005_1045_r2] S167 VRSK: no tradeable call
  [b61|c061_s167_w2_1005_1045_r3] S167 VRSK: no tradeable call
  [b89|c089_s167_w2_1005_1045_r4] S167 VRSK: no tradeable call
  [b117|c117_s167_w2_1005_1045_r5] S167 VRSK: no tradeable call
  [b5|c005_s167_w2_1005_1045_r1] S167 WAT: no tradeable call
  [b33|c033_s167_w2_1005_1045_r2] S167 WAT: no tradeable call
  [b61|c061_s167_w2_1005_1045_r3] S167 WAT: no tradeable call
  [b89|c089_s167_w2_1005_1045_r4] S167 WAT: no tradeable call
  [b117|c117_s167_w2_1005_1045_r5] S167 WAT: no tradeable call
  [b5|c005_s167_w2_1005_1045_r1] S167 WDAY: no tradeable call
  [b33|c033_s167_w2_1005_1045_r2] S167 WDAY: no tradeable call
  [b61|c061_s167_w2_1005_1045_r3] S167 WDAY: no tradeable call
  [b89|c089_s167_w2_1005_1045_r4] S167 WDAY: no tradeable call
  [b117|c117_s167_w2_1005_1045_r5] S167 WDAY: no tradeable call
  [b5|c005_s167_w2_1005_1045_r1] S167 APPF: no tradeable call
  [b33|c033_s167_w2_1005_1045_r2] S167 APPF: no tradeable call
  [b61|c061_s167_w2_1005_1045_r3] S167 APPF: no tradeable call
  [b89|c089_s167_w2_1005_1045_r4] S167 APPF: no tradeable call
  [b117|c117_s167_w2_1005_1045_r5] S167 APPF: no tradeable call
  [b5|c005_s167_w2_1005_1045_r1] S167 AVTR: no tradeable call
  [b33|c033_s167_w2_1005_1045_r2] S167 AVTR: no tradeable call
  [b61|c061_s167_w2_1005_1045_r3] S167 AVTR: no tradeable call
  [b89|c089_s167_w2_1005_1045_r4] S167 AVTR: no tradeable call
  [b117|c117_s167_w2_1005_1045_r5] S167 AVTR: no tradeable call
  [b5|c005_s167_w2_1005_1045_r1] S167 BBWI: no tradeable call
  [b33|c033_s167_w2_1005_1045_r2] S167 BBWI: no tradeable call
  [b61|c061_s167_w2_1005_1045_r3] S167 BBWI: no tradeable call
  [b89|c089_s167_w2_1005_1045_r4] S167 BBWI: no tradeable call
  [b117|c117_s167_w2_1005_1045_r5] S167 BBWI: no tradeable call
  [b5|c005_s167_w2_1005_1045_r1] S167 BILL: no tradeable call
  [b33|c033_s167_w2_1005_1045_r2] S167 BILL: no tradeable call
  [b61|c061_s167_w2_1005_1045_r3] S167 BILL: no tradeable call
  [b89|c089_s167_w2_1005_1045_r4] S167 BILL: no tradeable call
  [b117|c117_s167_w2_1005_1045_r5] S167 BILL: no tradeable call
  [b5|c005_s167_w2_1005_1045_r1] S167 BIO: no tradeable call
  [b33|c033_s167_w2_1005_1045_r2] S167 BIO: no tradeable call
  [b61|c061_s167_w2_1005_1045_r3] S167 BIO: no tradeable call
  [b89|c089_s167_w2_1005_1045_r4] S167 BIO: no tradeable call
  [b117|c117_s167_w2_1005_1045_r5] S167 BIO: no tradeable call
  [b5|c005_s167_w2_1005_1045_r1] S167 BJ: no tradeable call
  [b33|c033_s167_w2_1005_1045_r2] S167 BJ: no tradeable call
  [b61|c061_s167_w2_1005_1045_r3] S167 BJ: no tradeable call
  [b89|c089_s167_w2_1005_1045_r4] S167 BJ: no tradeable call
  [b117|c117_s167_w2_1005_1045_r5] S167 BJ: no tradeable call
  [b5|c005_s167_w2_1005_1045_r1] S167 BSY: no tradeable call
  [b33|c033_s167_w2_1005_1045_r2] S167 BSY: no tradeable call
  [b61|c061_s167_w2_1005_1045_r3] S167 BSY: no tradeable call
  [b89|c089_s167_w2_1005_1045_r4] S167 BSY: no tradeable call
  [b117|c117_s167_w2_1005_1045_r5] S167 BSY: no tradeable call
  ENTRY [b5|c005_s167_w2_1005_1045_r1|S167] BUY 1x CELH260724C00029000 (gap -2.5%) limit=0.40 (ask=0.41 off=-0.01) tp=+50% sl=-50% pending id=4e63895e-833c-4381-90d7-7445ae8664ed
  ENTRY [b33|c033_s167_w2_1005_1045_r2|S167] BUY 1x CELH260724C00029000 (gap -2.5%) limit=0.40 (ask=0.41 off=-0.01) tp=+50% sl=-50% pending id=d87f1df5-e9e6-4057-8ee5-0557d61272fc
  ENTRY [b61|c061_s167_w2_1005_1045_r3|S167] BUY 1x CELH260724C00029000 (gap -2.5%) limit=0.40 (ask=0.41 off=-0.01) tp=+50% sl=-50% pending id=af540e94-4445-40f4-9c8f-c17f31f1ac4b
  ENTRY [b89|c089_s167_w2_1005_1045_r4|S167] BUY 1x CELH260724C00029000 (gap -2.5%) limit=0.40 (ask=0.41 off=-0.01) tp=+50% sl=-50% pending id=75efa5e5-c873-4f15-a05d-d1f4998e148b
  ENTRY [b117|c117_s167_w2_1005_1045_r5|S167] BUY 1x CELH260724C00029000 (gap -2.5%) limit=0.40 (ask=0.41 off=-0.01) tp=+50% sl=-50% pending id=3dc8b475-76d1-4e4f-9438-9e367f1be852
  [b13|c013_s166_w2_1005_1045_r1] S166 ADBE: no tradeable call
  [b41|c041_s166_w2_1005_1045_r2] S166 ADBE: no tradeable call
  [b69|c069_s166_w2_1005_1045_r3] S166 ADBE: no tradeable call
  [b97|c097_s166_w2_1005_1045_r4] S166 ADBE: no tradeable call
  [b125|c125_s166_w2_1005_1045_r5] S166 ADBE: no tradeable call
  [b13|c013_s166_w2_1005_1045_r1] S166 CSGP: no tradeable call
  [b41|c041_s166_w2_1005_1045_r2] S166 CSGP: no tradeable call
  [b69|c069_s166_w2_1005_1045_r3] S166 CSGP: no tradeable call
  [b97|c097_s166_w2_1005_1045_r4] S166 CSGP: no tradeable call
  [b125|c125_s166_w2_1005_1045_r5] S166 CSGP: no tradeable call
  [b13|c013_s166_w2_1005_1045_r1] S166 DHR: no tradeable call
  [b41|c041_s166_w2_1005_1045_r2] S166 DHR: no tradeable call
  [b69|c069_s166_w2_1005_1045_r3] S166 DHR: no tradeable call
  [b97|c097_s166_w2_1005_1045_r4] S166 DHR: no tradeable call
  [b125|c125_s166_w2_1005_1045_r5] S166 DHR: no tradeable call
  [b13|c013_s166_w2_1005_1045_r1] S166 EFX: no tradeable call
  [b41|c041_s166_w2_1005_1045_r2] S166 EFX: no tradeable call
  [b69|c069_s166_w2_1005_1045_r3] S166 EFX: no tradeable call
  [b97|c097_s166_w2_1005_1045_r4] S166 EFX: no tradeable call
  [b125|c125_s166_w2_1005_1045_r5] S166 EFX: no tradeable call
  [b13|c013_s166_w2_1005_1045_r1] S166 FDS: no tradeable call
  [b41|c041_s166_w2_1005_1045_r2] S166 FDS: no tradeable call
  [b69|c069_s166_w2_1005_1045_r3] S166 FDS: no tradeable call
  [b97|c097_s166_w2_1005_1045_r4] S166 FDS: no tradeable call
  [b125|c125_s166_w2_1005_1045_r5] S166 FDS: no tradeable call
  [b13|c013_s166_w2_1005_1045_r1] S166 FICO: no tradeable call
  [b41|c041_s166_w2_1005_1045_r2] S166 FICO: no tradeable call
  [b69|c069_s166_w2_1005_1045_r3] S166 FICO: no tradeable call
  [b97|c097_s166_w2_1005_1045_r4] S166 FICO: no tradeable call
  [b125|c125_s166_w2_1005_1045_r5] S166 FICO: no tradeable call
  [b13|c013_s166_w2_1005_1045_r1] S166 IT: no tradeable call
  [b41|c041_s166_w2_1005_1045_r2] S166 IT: no tradeable call
  [b69|c069_s166_w2_1005_1045_r3] S166 IT: no tradeable call
  [b97|c097_s166_w2_1005_1045_r4] S166 IT: no tradeable call
  [b125|c125_s166_w2_1005_1045_r5] S166 IT: no tradeable call
  [b13|c013_s166_w2_1005_1045_r1] S166 GPC: no tradeable call
  [b41|c041_s166_w2_1005_1045_r2] S166 GPC: no tradeable call
  [b69|c069_s166_w2_1005_1045_r3] S166 GPC: no tradeable call
  [b97|c097_s166_w2_1005_1045_r4] S166 GPC: no tradeable call
  [b125|c125_s166_w2_1005_1045_r5] S166 GPC: no tradeable call
  ENTRY [b13|c013_s166_w2_1005_1045_r1|S166] BUY 1x HAL260731C00033500 (gap -5.1%) limit=0.67 (ask=0.68 off=-0.01) tp=+50% sl=-50% pending id=9428f0df-7943-424a-aca9-5d441e0c2d30
  ENTRY [b41|c041_s166_w2_1005_1045_r2|S166] BUY 1x HAL260731C00033500 (gap -5.1%) limit=0.67 (ask=0.68 off=-0.01) tp=+50% sl=-50% pending id=7f15fa33-0d95-416e-a9e7-4c575f2158bf
  ENTRY [b69|c069_s166_w2_1005_1045_r3|S166] BUY 1x HAL260731C00033500 (gap -5.1%) limit=0.67 (ask=0.68 off=-0.01) tp=+50% sl=-50% pending id=67cd24ca-13f9-4b66-9b0b-d7ebdcd0a590
  ENTRY [b97|c097_s166_w2_1005_1045_r4|S166] BUY 1x HAL260731C00033500 (gap -5.1%) limit=0.67 (ask=0.68 off=-0.01) tp=+50% sl=-50% pending id=47576fb0-34b4-4060-8bce-59d181777214
  ENTRY [b125|c125_s166_w2_1005_1045_r5|S166] BUY 1x HAL260731C00033500 (gap -5.1%) limit=0.67 (ask=0.68 off=-0.01) tp=+50% sl=-50% pending id=2971927d-8372-4094-9c32-318189c4ae8f
  [b17|c017_s163_w2_1005_1045_r1] S163 ACN: no tradeable call
  [b45|c045_s163_w2_1005_1045_r2] S163 ACN: no tradeable call
  [b73|c073_s163_w2_1005_1045_r3] S163 ACN: no tradeable call
  [b101|c101_s163_w2_1005_1045_r4] S163 ACN: no tradeable call
  [b129|c129_s163_w2_1005_1045_r5] S163 ACN: no tradeable call
  [b17|c017_s163_w2_1005_1045_r1] S163 ADBE: no tradeable call
  [b45|c045_s163_w2_1005_1045_r2] S163 ADBE: no tradeable call
  [b73|c073_s163_w2_1005_1045_r3] S163 ADBE: no tradeable call
  [b101|c101_s163_w2_1005_1045_r4] S163 ADBE: no tradeable call
  [b129|c129_s163_w2_1005_1045_r5] S163 ADBE: no tradeable call
  [b17|c017_s163_w2_1005_1045_r1] S163 A: no tradeable call
  [b45|c045_s163_w2_1005_1045_r2] S163 A: no tradeable call
  [b73|c073_s163_w2_1005_1045_r3] S163 A: no tradeable call
  [b101|c101_s163_w2_1005_1045_r4] S163 A: no tradeable call
  [b129|c129_s163_w2_1005_1045_r5] S163 A: no tradeable call
  [b17|c017_s163_w2_1005_1045_r1] S163 BR: no tradeable call
  [b45|c045_s163_w2_1005_1045_r2] S163 BR: no tradeable call
  [b73|c073_s163_w2_1005_1045_r3] S163 BR: no tradeable call
  [b101|c101_s163_w2_1005_1045_r4] S163 BR: no tradeable call
  [b129|c129_s163_w2_1005_1045_r5] S163 BR: no tradeable call
  [b17|c017_s163_w2_1005_1045_r1] S163 CSGP: no tradeable call
  [b45|c045_s163_w2_1005_1045_r2] S163 CSGP: no tradeable call
  [b73|c073_s163_w2_1005_1045_r3] S163 CSGP: no tradeable call
  [b101|c101_s163_w2_1005_1045_r4] S163 CSGP: no tradeable call
  [b129|c129_s163_w2_1005_1045_r5] S163 CSGP: no tradeable call
  [b17|c017_s163_w2_1005_1045_r1] S163 DHR: no tradeable call
  [b45|c045_s163_w2_1005_1045_r2] S163 DHR: no tradeable call
  [b73|c073_s163_w2_1005_1045_r3] S163 DHR: no tradeable call
  [b101|c101_s163_w2_1005_1045_r4] S163 DHR: no tradeable call
  [b129|c129_s163_w2_1005_1045_r5] S163 DHR: no tradeable call
  [b17|c017_s163_w2_1005_1045_r1] S163 EFX: no tradeable call
  [b45|c045_s163_w2_1005_1045_r2] S163 EFX: no tradeable call
  [b73|c073_s163_w2_1005_1045_r3] S163 EFX: no tradeable call
  [b101|c101_s163_w2_1005_1045_r4] S163 EFX: no tradeable call
  [b129|c129_s163_w2_1005_1045_r5] S163 EFX: no tradeable call
  [b17|c017_s163_w2_1005_1045_r1] S163 FDS: no tradeable call
  [b45|c045_s163_w2_1005_1045_r2] S163 FDS: no tradeable call
  [b73|c073_s163_w2_1005_1045_r3] S163 FDS: no tradeable call
  [b101|c101_s163_w2_1005_1045_r4] S163 FDS: no tradeable call
  [b129|c129_s163_w2_1005_1045_r5] S163 FDS: no tradeable call
  [b17|c017_s163_w2_1005_1045_r1] S163 FICO: no tradeable call
  [b45|c045_s163_w2_1005_1045_r2] S163 FICO: no tradeable call
  [b73|c073_s163_w2_1005_1045_r3] S163 FICO: no tradeable call
  [b101|c101_s163_w2_1005_1045_r4] S163 FICO: no tradeable call
  [b129|c129_s163_w2_1005_1045_r5] S163 FICO: no tradeable call
  [b17|c017_s163_w2_1005_1045_r1] S163 IT: no tradeable call
  [b45|c045_s163_w2_1005_1045_r2] S163 IT: no tradeable call
  [b73|c073_s163_w2_1005_1045_r3] S163 IT: no tradeable call
  [b101|c101_s163_w2_1005_1045_r4] S163 IT: no tradeable call
  [b129|c129_s163_w2_1005_1045_r5] S163 IT: no tradeable call
  [b17|c017_s163_w2_1005_1045_r1] S163 GPC: no tradeable call
  [b45|c045_s163_w2_1005_1045_r2] S163 GPC: no tradeable call
  [b73|c073_s163_w2_1005_1045_r3] S163 GPC: no tradeable call
  [b101|c101_s163_w2_1005_1045_r4] S163 GPC: no tradeable call
  [b129|c129_s163_w2_1005_1045_r5] S163 GPC: no tradeable call
  [b17|c017_s163_w2_1005_1045_r1] S163 GILD: no tradeable call
  [b45|c045_s163_w2_1005_1045_r2] S163 GILD: no tradeable call
  [b73|c073_s163_w2_1005_1045_r3] S163 GILD: no tradeable call
  [b101|c101_s163_w2_1005_1045_r4] S163 GILD: no tradeable call
  [b129|c129_s163_w2_1005_1045_r5] S163 GILD: no tradeable call
  [b17|c017_s163_w2_1005_1045_r1] S163 GDDY: no tradeable call
  [b45|c045_s163_w2_1005_1045_r2] S163 GDDY: no tradeable call
  [b73|c073_s163_w2_1005_1045_r3] S163 GDDY: no tradeable call
  [b101|c101_s163_w2_1005_1045_r4] S163 GDDY: no tradeable call
  [b129|c129_s163_w2_1005_1045_r5] S163 GDDY: no tradeable call
  ENTRY [b17|c017_s163_w2_1005_1045_r1|S163] BUY 1x HAL260731C00033500 (gap -5.1%) limit=0.62 (ask=0.63 off=-0.01) tp=+50% sl=-50% pending id=d9da838e-f25e-4599-bf1b-b1b714b92a92
  ENTRY [b45|c045_s163_w2_1005_1045_r2|S163] BUY 1x HAL260731C00033500 (gap -5.1%) limit=0.62 (ask=0.63 off=-0.01) tp=+50% sl=-50% pending id=cf489a52-343a-46e5-9516-9ceb3041b509
  ENTRY [b73|c073_s163_w2_1005_1045_r3|S163] BUY 1x HAL260731C00033500 (gap -5.1%) limit=0.62 (ask=0.63 off=-0.01) tp=+50% sl=-50% pending id=6c262426-8745-4761-9670-548cd2bb961b
  ENTRY [b101|c101_s163_w2_1005_1045_r4|S163] BUY 1x HAL260731C00033500 (gap -5.1%) limit=0.62 (ask=0.63 off=-0.01) tp=+50% sl=-50% pending id=9455c40c-1323-4739-898a-00898e167194
  ENTRY [b129|c129_s163_w2_1005_1045_r5|S163] BUY 1x HAL260731C00033500 (gap -5.1%) limit=0.62 (ask=0.63 off=-0.01) tp=+50% sl=-50% pending id=69d23a87-8b5f-4ca3-8462-e9cc213fde79
  Skipped: 550 no tradeable call, 1095 pending order
Placed 30 new entry order(s).
  reconcile: layout changed controlled:100:c000_s173_w1_0928_1005_r1 -> controlled:140:c000_s173_w1_0928_1005_r1
  reconcile: entry fill b125|S166 HAL x1 @ 0.67
  reconcile: entry fill b97|S166 HAL x1 @ 0.67
  reconcile: entry fill b69|S166 HAL x1 @ 0.67
  reconcile: entry fill b41|S166 HAL x1 @ 0.67
  reconcile: entry fill b13|S166 HAL x1 @ 0.67
  reconcile: entry fill b137|S168 HAL x1 @ 0.60
  reconcile: entry fill b109|S168 HAL x1 @ 0.60
  reconcile: entry fill b81|S168 HAL x1 @ 0.60
  reconcile: entry fill b53|S168 HAL x1 @ 0.60
  reconcile: entry fill b25|S168 HAL x1 @ 0.60
  reconcile: entry fill b121|S165 HAL x1 @ 0.63
  reconcile: entry fill b93|S165 HAL x1 @ 0.63
  reconcile: entry fill b65|S165 HAL x1 @ 0.63
  reconcile: entry fill b37|S165 HAL x1 @ 0.63
  reconcile: entry fill b9|S165 HAL x1 @ 0.63
  reconcile: entry fill b128|S163 HAL x1 @ 0.74
  reconcile: entry fill b100|S163 HAL x1 @ 0.74
  reconcile: entry fill b72|S163 HAL x1 @ 0.74
  reconcile: entry fill b44|S163 HAL x1 @ 0.74
  reconcile: entry fill b16|S163 HAL x1 @ 0.74
  reconcile: entry fill b136|S168 HAL x1 @ 0.63
  reconcile: entry fill b108|S168 HAL x1 @ 0.63
  reconcile: entry fill b80|S168 HAL x1 @ 0.63
  reconcile: entry fill b52|S168 HAL x1 @ 0.63
  reconcile: entry fill b24|S168 HAL x1 @ 0.63
  reconcile: entry fill b132|S164 HAL x1 @ 0.08
  reconcile: entry fill b104|S164 HAL x1 @ 0.08
  reconcile: entry fill b76|S164 HAL x1 @ 0.08
  reconcile: entry fill b48|S164 HAL x1 @ 0.08
  reconcile: entry fill b20|S164 HAL x1 @ 0.08
  reconcile: entry fill b83|S173 CRM x1 @ 0.62
  reconcile: entry fill b63|S173 CRM x1 @ 0.62
  reconcile: entry fill b43|S173 CRM x1 @ 0.62
  reconcile: entry fill b23|S173 CRM x1 @ 0.62
  reconcile: entry fill b3|S173 CRM x1 @ 0.62
  reconcile: entry fill b82|S173 CRM x1 @ 0.70
  reconcile: entry fill b62|S173 CRM x1 @ 0.70
  reconcile: entry fill b42|S173 CRM x1 @ 0.70
  reconcile: entry fill b22|S173 CRM x1 @ 0.70
  reconcile: entry fill b2|S173 CRM x1 @ 0.70
  reconcile: entry fill b81|S173 CRM x1 @ 0.57
  reconcile: entry fill b61|S173 CRM x1 @ 0.57
  reconcile: entry fill b41|S173 CRM x1 @ 0.57
  reconcile: entry fill b21|S173 CRM x1 @ 0.57
  reconcile: entry fill b1|S173 CRM x1 @ 0.57
  reconcile: entry fill b80|S173 CRM x1 @ 0.63
  reconcile: entry fill b60|S173 CRM x1 @ 0.63
  reconcile: entry fill b40|S173 CRM x1 @ 0.63
  reconcile: entry fill b20|S173 CRM x1 @ 0.63
  reconcile: entry fill b0|S173 CRM x1 @ 0.63
  reconcile: exit fill b2|S173 CRM +335.7%
  reconcile: exit fill b42|S173 CRM +407.1%
  reconcile: exit fill b3|S173 CRM +488.7%
  reconcile: exit fill b83|S173 CRM +408.1%
  reconcile: exit fill b43|S173 CRM +224.2%
  reconcile: exit fill b22|S173 CRM +42.9%
  reconcile: entry fill b91|S165 META x1 @ 0.66
  reconcile: entry fill b71|S165 META x1 @ 0.66
  reconcile: entry fill b51|S165 META x1 @ 0.66
  reconcile: entry fill b31|S165 META x1 @ 0.66
  reconcile: entry fill b11|S165 META x1 @ 0.66
  reconcile: entry fill b83|S173 AMD x1 @ 0.52
  reconcile: entry fill b63|S173 AMD x1 @ 0.52
  reconcile: entry fill b43|S173 AMD x1 @ 0.52
  reconcile: entry fill b23|S173 AMD x1 @ 0.52
  reconcile: entry fill b3|S173 AMD x1 @ 0.52
  reconcile: exit fill b8|S165 CELH -42.2%
  reconcile: exit fill b1|S173 CRM -64.9%
  reconcile: exit fill b61|S173 CRM -66.7%
  reconcile: exit fill b82|S173 CRM +78.6%
  reconcile: entry fill b90|S165 META x1 @ 0.74
  reconcile: entry fill b70|S165 META x1 @ 0.74
  reconcile: entry fill b50|S165 META x1 @ 0.74
  reconcile: entry fill b30|S165 META x1 @ 0.74
  reconcile: entry fill b10|S165 META x1 @ 0.74
  reconcile: entry fill b82|S173 AMD x1 @ 0.67
  reconcile: entry fill b62|S173 AMD x1 @ 0.67
  reconcile: entry fill b42|S173 AMD x1 @ 0.67
  reconcile: entry fill b22|S173 AMD x1 @ 0.67
  reconcile: entry fill b2|S173 AMD x1 @ 0.67
  reconcile: exit fill b21|S173 CRM -56.1%
  reconcile: exit fill b20|S173 CRM +28.6%
  reconcile: entry fill b89|S165 META x1 @ 0.68
  reconcile: entry fill b69|S165 META x1 @ 0.68
  reconcile: entry fill b49|S165 META x1 @ 0.68
  reconcile: entry fill b29|S165 META x1 @ 0.68
  reconcile: entry fill b9|S165 META x1 @ 0.68
  reconcile: entry fill b81|S173 AMD x1 @ 0.66
  reconcile: entry fill b61|S173 AMD x1 @ 0.66
  reconcile: entry fill b41|S173 AMD x1 @ 0.66
  reconcile: entry fill b21|S173 AMD x1 @ 0.66
  reconcile: entry fill b1|S173 AMD x1 @ 0.66
  reconcile: entry fill b40|S173 AMZN x1 @ 0.47
  reconcile: entry fill b0|S173 AMZN x1 @ 0.47
  reconcile: entry fill b88|S165 GOOGL x1 @ 0.55
  reconcile: entry fill b68|S165 GOOGL x1 @ 0.55
  reconcile: entry fill b48|S165 GOOGL x1 @ 0.55
  reconcile: entry fill b28|S165 GOOGL x1 @ 0.55
  reconcile: entry fill b8|S165 GOOGL x1 @ 0.55
  reconcile: entry fill b80|S173 AMZN x1 @ 0.51
  reconcile: entry fill b60|S173 AMZN x1 @ 0.51
  reconcile: entry fill b20|S173 AMZN x1 @ 0.51
  reconcile: exit fill b2|S173 AMD +32.8%
  reconcile: exit fill b90|S165 META -64.9%
  reconcile: exit fill b63|S173 CRM -54.8%
  reconcile: exit fill b50|S165 META -64.9%
  reconcile: exit fill b62|S173 CRM -64.3%
  reconcile: exit fill b23|S173 CRM -67.7%
  reconcile: exit fill b10|S165 META -66.2%
  reconcile: exit fill b62|S173 AMD -64.2%
  reconcile: exit fill b70|S165 META -64.9%
  reconcile: exit fill b22|S173 AMD -65.7%
  reconcile: exit fill b42|S173 AMD -52.2%
  reconcile: exit fill b43|S173 AMD -59.6%
  reconcile: exit fill b82|S173 AMD -62.7%
  reconcile: entry fill b63|S173 LULU x1 @ 0.57
  reconcile: entry fill b43|S173 LULU x1 @ 0.57
  reconcile: entry fill b83|S173 LULU x1 @ 0.63
  reconcile: entry fill b23|S173 LULU x1 @ 0.63
  reconcile: exit fill b69|S165 META -67.6%
  reconcile: entry fill b62|S173 LULU x1 @ 0.58
  reconcile: exit fill b48|S165 GOOGL -56.4%
  reconcile: entry fill b42|S173 AMD x1 @ 0.68
  reconcile: exit fill b89|S165 META -63.2%
  reconcile: entry fill b82|S173 LULU x1 @ 0.47
  reconcile: entry fill b2|S173 AMD x1 @ 0.70
  reconcile: exit fill b20|S173 AMZN +78.4%
  reconcile: entry fill b90|S165 AVGO x1 @ 0.60
  reconcile: entry fill b70|S165 AVGO x1 @ 0.60
  reconcile: entry fill b50|S165 AVGO x1 @ 0.60
  reconcile: entry fill b30|S165 AVGO x1 @ 0.60
  reconcile: entry fill b10|S165 AVGO x1 @ 0.60
  reconcile: entry fill b22|S173 AMD x1 @ 0.67
  reconcile: exit fill b0|S173 CRM +92.1%
  reconcile: exit fill b21|S173 AMD -54.5%
  reconcile: exit fill b1|S173 AMD -56.1%
  reconcile: exit fill b49|S165 META -61.8%
  reconcile: exit fill b41|S173 CRM -50.9%
  reconcile: exit fill b61|S173 AMD -48.5%
  reconcile: entry fill b81|S173 AMD x1 @ 0.68
  reconcile: entry fill b61|S173 AMD x1 @ 0.68
  reconcile: entry fill b41|S173 AMD x1 @ 0.68
  reconcile: entry fill b21|S173 AMD x1 @ 0.68
  reconcile: entry fill b1|S173 AMD x1 @ 0.68
  reconcile: entry fill b89|S165 AVGO x1 @ 0.50
  reconcile: entry fill b69|S165 AVGO x1 @ 0.50
  reconcile: entry fill b49|S165 AVGO x1 @ 0.50
  reconcile: entry fill b29|S165 AVGO x1 @ 0.50
  reconcile: entry fill b9|S165 AVGO x1 @ 0.50
  reconcile: entry fill b48|S165 AVGO x1 @ 0.73
  reconcile: entry fill b20|S173 AAL x1 @ 0.56
  reconcile: exit fill b3|S173 AMD -65.4%
  reconcile: entry fill b88|S165 AVGO x1 @ 0.55
  reconcile: entry fill b68|S165 AVGO x1 @ 0.55
  reconcile: entry fill b48|S165 AVGO x1 @ 0.55
  reconcile: entry fill b28|S165 AVGO x1 @ 0.55
  reconcile: entry fill b8|S165 AVGO x1 @ 0.55
  reconcile: entry fill b80|S173 UAL x1 @ 0.65
  reconcile: entry fill b60|S173 UAL x1 @ 0.65
  reconcile: entry fill b40|S173 UAL x1 @ 0.65
  reconcile: entry fill b0|S173 UAL x1 @ 0.65
  reconcile: entry fill b83|S173 ADBE x1 @ 0.40
  reconcile: entry fill b63|S173 ADBE x1 @ 0.40
  reconcile: entry fill b43|S173 ADBE x1 @ 0.40
  reconcile: entry fill b23|S173 ADBE x1 @ 0.40
  reconcile: entry fill b3|S173 ADBE x1 @ 0.40
  reconcile: entry fill b90|S165 BSX x1 @ 0.65
  reconcile: entry fill b70|S165 BSX x1 @ 0.65
  reconcile: entry fill b50|S165 BSX x1 @ 0.65
  reconcile: entry fill b30|S165 BSX x1 @ 0.65
  reconcile: entry fill b10|S165 BSX x1 @ 0.65
  reconcile: entry fill b82|S173 ADBE x1 @ 0.48
  reconcile: entry fill b62|S173 ADBE x1 @ 0.48
  reconcile: entry fill b42|S173 ADBE x1 @ 0.48
  reconcile: entry fill b22|S173 ADBE x1 @ 0.48
  reconcile: entry fill b2|S173 ADBE x1 @ 0.48
  reconcile: entry fill b49|S165 GEHC x1 @ 0.70
  reconcile: entry fill b1|S173 C x1 @ 0.54
  reconcile: entry fill b89|S165 BSX x1 @ 0.10
  reconcile: entry fill b69|S165 BSX x1 @ 0.10
  reconcile: entry fill b29|S165 BSX x1 @ 0.10
  reconcile: entry fill b9|S165 BSX x1 @ 0.10
  reconcile: entry fill b81|S173 C x1 @ 0.73
  reconcile: entry fill b61|S173 C x1 @ 0.73
  reconcile: entry fill b41|S173 C x1 @ 0.73
  reconcile: entry fill b21|S173 C x1 @ 0.73
  reconcile: entry fill b20|S173 C x1 @ 0.48
  reconcile: entry fill b0|S173 C x1 @ 0.48
  reconcile: entry fill b88|S165 MSFT x1 @ 0.51
  reconcile: entry fill b68|S165 MSFT x1 @ 0.51
  reconcile: entry fill b48|S165 MSFT x1 @ 0.51
  reconcile: entry fill b28|S165 MSFT x1 @ 0.51
  reconcile: entry fill b8|S165 MSFT x1 @ 0.51
  reconcile: entry fill b80|S173 C x1 @ 0.22
  reconcile: entry fill b60|S173 C x1 @ 0.22
  reconcile: entry fill b40|S173 C x1 @ 0.22
  reconcile: entry fill b67|S174 INTC x1 @ 0.59
  reconcile: entry fill b47|S174 INTC x1 @ 0.59
  reconcile: entry fill b27|S174 INTC x1 @ 0.59
  reconcile: entry fill b83|S173 AMD x1 @ 0.65
  reconcile: entry fill b63|S173 AMD x1 @ 0.65
  reconcile: entry fill b43|S173 AMD x1 @ 0.65
  reconcile: entry fill b23|S173 AMD x1 @ 0.65
  reconcile: entry fill b3|S173 AMD x1 @ 0.65
  reconcile: entry fill b66|S174 INTC x1 @ 0.59
  reconcile: entry fill b70|S165 HL x1 @ 0.67
  reconcile: entry fill b62|S173 AMD x1 @ 0.05
  reconcile: entry fill b26|S174 AVGO x1 @ 0.49
  reconcile: entry fill b6|S174 AVGO x1 @ 0.49
  reconcile: entry fill b2|S173 AMD x1 @ 0.70
  reconcile: entry fill b50|S165 HL x1 @ 0.66
  reconcile: entry fill b30|S165 HL x1 @ 0.66
  reconcile: entry fill b42|S173 AMD x1 @ 0.54
  reconcile: entry fill b22|S173 AMD x1 @ 0.54
  reconcile: entry fill b25|S174 AVGO x1 @ 0.46
  reconcile: entry fill b89|S165 INTC x1 @ 0.55
  reconcile: entry fill b69|S165 INTC x1 @ 0.55
  reconcile: entry fill b49|S165 INTC x1 @ 0.55
  reconcile: entry fill b29|S165 INTC x1 @ 0.55
  reconcile: entry fill b9|S165 INTC x1 @ 0.55
  reconcile: entry fill b81|S173 SMCI x1 @ 0.61
  reconcile: entry fill b61|S173 SMCI x1 @ 0.61
  reconcile: entry fill b41|S173 SMCI x1 @ 0.61
  reconcile: entry fill b21|S173 SMCI x1 @ 0.61
  reconcile: entry fill b1|S173 SMCI x1 @ 0.61
  reconcile: entry fill b60|S173 NEM x1 @ 0.33
  reconcile: entry fill b40|S173 SMCI x1 @ 0.58
  reconcile: entry fill b68|S165 INTC x1 @ 0.55
  reconcile: entry fill b20|S173 SMCI x1 @ 0.70
  reconcile: entry fill b48|S165 INTC x1 @ 0.71
  reconcile: entry fill b28|S165 INTC x1 @ 0.71
  reconcile: entry fill b8|S165 INTC x1 @ 0.71
  reconcile: entry fill b0|S173 SMCI x1 @ 0.73
  reconcile: exit fill b47|S174 INTC -89.8%
  reconcile: entry fill b87|S174 INTC x1 @ 0.71
  reconcile: entry fill b67|S174 INTC x1 @ 0.71
  reconcile: entry fill b47|S174 INTC x1 @ 0.71
  reconcile: entry fill b27|S174 INTC x1 @ 0.71
  reconcile: entry fill b7|S174 INTC x1 @ 0.71
  reconcile: entry fill b83|S173 T x1 @ 0.15
  reconcile: entry fill b63|S173 T x1 @ 0.15
  reconcile: entry fill b43|S173 T x1 @ 0.15
  reconcile: entry fill b23|S173 T x1 @ 0.15
  reconcile: entry fill b3|S173 T x1 @ 0.15
  reconcile: entry fill b90|S165 INTC x1 @ 0.48
  reconcile: entry fill b70|S165 INTC x1 @ 0.48
  reconcile: entry fill b50|S165 INTC x1 @ 0.48
  reconcile: entry fill b30|S165 INTC x1 @ 0.48
  reconcile: entry fill b10|S165 INTC x1 @ 0.48
  reconcile: entry fill b86|S174 INTC x1 @ 0.70
  reconcile: entry fill b86|S174 INTC x1 @ 0.74
  reconcile: entry fill b86|S174 INTC x1 @ 0.58
  reconcile: entry fill b66|S174 INTC x1 @ 0.58
  reconcile: entry fill b46|S174 INTC x1 @ 0.58
  reconcile: entry fill b26|S174 INTC x1 @ 0.58
  reconcile: entry fill b6|S174 INTC x1 @ 0.58
  reconcile: entry fill b82|S173 T x1 @ 0.42
  reconcile: entry fill b62|S173 T x1 @ 0.42
  reconcile: entry fill b42|S173 T x1 @ 0.42
  reconcile: entry fill b22|S173 T x1 @ 0.42
  reconcile: entry fill b2|S173 T x1 @ 0.42
  reconcile: entry fill b85|S174 INTC x1 @ 0.72
  reconcile: entry fill b85|S174 INTC x1 @ 0.71
  reconcile: entry fill b85|S174 INTC x1 @ 0.55
  reconcile: entry fill b85|S174 INTC x1 @ 0.67
  reconcile: entry fill b85|S174 INTC x1 @ 0.59
  reconcile: entry fill b85|S174 INTC x1 @ 0.60
  reconcile: entry fill b85|S174 INTC x1 @ 0.62
  reconcile: entry fill b84|S174 INTC x1 @ 0.62
  reconcile: entry fill b65|S174 INTC x1 @ 0.62
  reconcile: entry fill b45|S174 INTC x1 @ 0.62
  reconcile: entry fill b25|S174 INTC x1 @ 0.62
  reconcile: entry fill b5|S174 INTC x1 @ 0.62
  reconcile: entry fill b81|S173 T x1 @ 0.16
  reconcile: entry fill b61|S173 T x1 @ 0.16
  reconcile: entry fill b41|S173 T x1 @ 0.16
  reconcile: entry fill b21|S173 T x1 @ 0.16
  reconcile: entry fill b1|S173 T x1 @ 0.16
  reconcile: entry fill b84|S174 INTC x1 @ 0.61
  reconcile: entry fill b84|S174 INTC x1 @ 0.64
  reconcile: entry fill b84|S174 INTC x1 @ 0.60
  reconcile: entry fill b64|S174 INTC x1 @ 0.60
  reconcile: entry fill b44|S174 INTC x1 @ 0.60
  reconcile: entry fill b24|S174 INTC x1 @ 0.61
  reconcile: entry fill b4|S174 INTC x1 @ 0.61
  reconcile: entry fill b84|S174 INTC x1 @ 0.66
  reconcile: entry fill b64|S174 INTC x1 @ 0.66
  reconcile: entry fill b44|S174 INTC x1 @ 0.66
  reconcile: entry fill b24|S174 INTC x1 @ 0.66
  reconcile: entry fill b4|S174 INTC x1 @ 0.66
  reconcile: entry fill b88|S165 INTC x1 @ 0.65
  reconcile: entry fill b8|S165 CELH x1 @ 0.45
  reconcile: removed 188 stale lot(s)

[Portfolio snapshot]
========================================================
OPTIONS TRIAL STATS
========================================================
Account equity: $131,446.65
Active buckets: 140 of 140 profiles ($500 virtual each) — paper unlimited mode

P&L summary
  Reflected (ex-S173,S174): $+5,148.13 all-time  |  $+0.00 today
  Raw (incl dropped):     $+3,510.58 all-time  |  $+0.00 today
  Open (not sold yet): $-425.00 unrealized (virtual lots)
  Premium deployed:    $2,125.00 in open positions
  Combined P&L:        $+4,723.13 (reflected realized + open virtual)

Ledger (master)
  Total events:     4583
  Today entries:    40
  Today exits (reflected): 0
  All-time exits (reflected): 222  wins 33%
  Avg return/trade: -0.4%  median -38.0%

Open virtual lots (by bucket)
  b4 c004_s167_w1_0928_1005_r1  prem=$    45  real=$ +0.00  open=$-10.00  lots=1  [S167:CELHx1]
       buy: ask-0.01  sell: bid-0.01  tp=+50% sl=-50%
  b8 c008_s165_w1_0928_1005_r1  prem=$    45  real=$-218.00  open=$-10.00  lots=1  [S165:CELHx1]
       buy: ask-0.01  sell: bid-0.01  tp=+50% sl=-50%
  b9 c009_s165_w2_1005_1045_r1  prem=$    63  real=$-203.00  open=$-12.19  lots=1  [S165:HALx1]
       buy: ask-0.01  sell: bid-0.01  tp=+50% sl=-50%
  b10 c010_s165_w3_1045_1120_r1  prem=$     0  real=$-152.00  open=$ +0.00  lots=0  [-]
       buy: ask-0.01  sell: bid-0.01  tp=+50% sl=-50%
  b13 c013_s166_w2_1005_1045_r1  prem=$    67  real=$ +0.00  open=$-12.83  lots=1  [S166:HALx1]
       buy: ask-0.01  sell: bid-0.01  tp=+50% sl=-50%
  b16 c016_s163_w1_0928_1005_r1  prem=$    74  real=$ +0.00  open=$-14.17  lots=1  [S163:HALx1]
       buy: ask-0.01  sell: bid-0.01  tp=+50% sl=-50%
  b20 c020_s164_w1_0928_1005_r1  prem=$     8  real=$ +0.00  open=$ -2.00  lots=1  [S164:HALx1]
       buy: ask-0.01  sell: bid-0.01  tp=+50% sl=-50%
  b24 c024_s168_w1_0928_1005_r1  prem=$    63  real=$ +0.00  open=$-12.19  lots=1  [S168:HALx1]
       buy: ask-0.01  sell: bid-0.01  tp=+50% sl=-50%
  b25 c025_s168_w2_1005_1045_r1  prem=$    60  real=$ +0.00  open=$-11.61  lots=1  [S168:HALx1]
       buy: ask-0.01  sell: bid-0.01  tp=+50% sl=-50%
  b32 c032_s167_w1_0928_1005_r2  prem=$    45  real=$ +0.00  open=$-10.00  lots=1  [S167:CELHx1]
       buy: ask-0.01  sell: bid-0.01  tp=+50% sl=-50%
  b36 c036_s165_w1_0928_1005_r2  prem=$    45  real=$ +0.00  open=$-10.00  lots=1  [S165:CELHx1]
       buy: ask-0.01  sell: bid-0.01  tp=+50% sl=-50%
  b37 c037_s165_w2_1005_1045_r2  prem=$    63  real=$ +0.00  open=$-12.19  lots=1  [S165:HALx1]
       buy: ask-0.01  sell: bid-0.01  tp=+50% sl=-50%
  b41 c041_s166_w2_1005_1045_r2  prem=$    67  real=$ +0.00  open=$-12.83  lots=1  [S166:HALx1]
       buy: ask-0.01  sell: bid-0.01  tp=+50% sl=-50%
  b44 c044_s163_w1_0928_1005_r2  prem=$    74  real=$ +0.00  open=$-14.17  lots=1  [S163:HALx1]
       buy: ask-0.01  sell: bid-0.01  tp=+50% sl=-50%
  b48 c048_s164_w1_0928_1005_r2  prem=$     8  real=$-31.00  open=$ -2.00  lots=1  [S164:HALx1]
       buy: ask-0.01  sell: bid-0.01  tp=+50% sl=-50%
  b49 c049_s164_w2_1005_1045_r2  prem=$     0  real=$-42.00  open=$ +0.00  lots=0  [-]
       buy: ask-0.01  sell: bid-0.01  tp=+50% sl=-50%
  b50 c050_s164_w3_1045_1120_r2  prem=$     0  real=$-48.00  open=$ +0.00  lots=0  [-]
       buy: ask-0.01  sell: bid-0.01  tp=+50% sl=-50%
  b52 c052_s168_w1_0928_1005_r2  prem=$    63  real=$ +0.00  open=$-12.19  lots=1  [S168:HALx1]
       buy: ask-0.01  sell: bid-0.01  tp=+50% sl=-50%
  b53 c053_s168_w2_1005_1045_r2  prem=$    60  real=$ +0.00  open=$-11.61  lots=1  [S168:HALx1]
       buy: ask-0.01  sell: bid-0.01  tp=+50% sl=-50%
  b60 c060_s167_w1_0928_1005_r3  prem=$    45  real=$ +0.00  open=$-10.00  lots=1  [S167:CELHx1]
       buy: ask-0.01  sell: bid-0.01  tp=+50% sl=-50%
  (26 more active bucket(s) omitted)
  (94 quiet bucket profile(s) — no trades yet)

Pending orders: 15
  b21 S164 LULU limit=0.65
  b49 S164 LULU limit=0.65
  b77 S164 LULU limit=0.65
  b105 S164 LULU limit=0.65
  b133 S164 LULU limit=0.65

Alpaca option positions
  CELH260724C00029000  qty=10  cost=$450.00  return=-22.2%  open P&L=$-100.00
  HAL260724C00033000  qty=15  cost=$930.00  return=-19.4%  open P&L=$-180.00
  HAL260724C00035000  qty=5  cost=$40.00  return=-25.0%  open P&L=$-10.00
  HAL260731C00033500  qty=10  cost=$705.00  return=-19.1%  open P&L=$-135.00

Per-bucket exit stats (all time)
  b0|orphan_reconcile     n= 22  avg=+22.4%  med=-57.5%  realized=$+6,310.91
  b10|c010_s165_w3_1045_1120_r1  n=  6  avg=-36.2%  med=-18.9%  realized=$-152.00
  b28|c028_s165_w1_0928_1005_r2  n= 17  avg=+49.5%  med=+80.0%  realized=$+448.00
  b29|c029_s165_w2_1005_1045_r2  n=  9  avg=-23.3%  med=-50.0%  realized=$-221.00
  b30|c030_s165_w3_1045_1120_r2  n=  9  avg=+38.8%  med=+0.0%  realized=$+260.00
  b31|c031_s165_w4_1120_1135_r2  n=  2  avg=+145.5%  med=+175.8%  realized=$+192.00
  b48|c048_s164_w1_0928_1005_r2  n=  1  avg=-56.4%  med=-56.4%  realized=$-31.00
  b48|c048_s165_w1_0928_1005_r3  n= 16  avg=-35.9%  med=-49.1%  realized=$-344.00
  b49|c049_s164_w2_1005_1045_r2  n=  1  avg=-61.8%  med=-61.8%  realized=$-42.00
  b49|c049_s165_w2_1005_1045_r3  n= 15  avg=-49.3%  med=-49.1%  realized=$-458.00
  b50|c050_s164_w3_1045_1120_r2  n=  1  avg=-64.9%  med=-64.9%  realized=$-48.00
  b50|c050_s165_w3_1045_1120_r3  n=  9  avg=-23.6%  med=-23.1%  realized=$-142.00
  b51|c051_s165_w4_1120_1135_r3  n=  1  avg=+263.6%  med=+263.6%  realized=$+174.00
  b56|g056_lim_tp20_sl65  n=  1  avg=+47.7%  med=+47.7%  realized=$+20.52
  b57|g057_mid_tp20_sl65  n=  1  avg=+47.7%  med=+47.7%  realized=$+20.52
  b58|g058_eod_tp20_sl65  n=  1  avg=+59.1%  med=+59.1%  realized=$+25.41
  b68|c068_s165_w1_0928_1005_r4  n= 16  avg=-51.3%  med=-49.1%  realized=$-446.00
  b69|c069_s165_w2_1005_1045_r4  n= 11  avg=+19.0%  med=-43.6%  realized=$-179.00
  b69|c069_s166_w2_1005_1045_r3  n=  1  avg=-67.7%  med=-67.7%  realized=$-46.00
  b70|c070_s165_w3_1045_1120_r4  n= 11  avg=-2.1%  med=-16.9%  realized=$-6.00
  b70|c070_s166_w3_1045_1120_r3  n=  1  avg=-64.9%  med=-64.9%  realized=$-48.00
  b70|g070_eod_tp30_sl20  n=  1  avg=+59.1%  med=+59.1%  realized=$+27.77
  b88|c088_s165_w1_0928_1005_r5  n= 21  avg=-5.0%  med=-2.7%  realized=$-63.00
  b89|c089_s165_w2_1005_1045_r5  n=  7  avg=+113.1%  med=+30.9%  realized=$+67.00
  b89|c089_s167_w2_1005_1045_r4  n=  1  avg=-63.2%  med=-63.2%  realized=$-43.00
  b8|c008_s165_w1_0928_1005_r1  n= 19  avg=-20.0%  med=-35.3%  realized=$-218.00
  b90|c090_s165_w3_1045_1120_r5  n= 13  avg=+7.7%  med=+0.0%  realized=$+47.00
  b90|c090_s167_w3_1045_1120_r4  n=  1  avg=-64.9%  med=-64.9%  realized=$-48.00
  b91|c091_s165_w4_1120_1135_r5  n=  2  avg=+222.0%  med=+247.0%  realized=$+293.00
  b9|c009_s165_w2_1005_1045_r1  n=  5  avg=-73.0%  med=-66.2%  realized=$-203.00
========================================================
+========================================================================+
|  OPTIONS BOT SUMMARY                                                   |
+------------------------------------------------------------------------+
|  Mode                          entry+manage                            |
|  Equity                        $131,446.65                             |
|  Signals this run              335                                     |
|  Orders submitted (session)    30                                      |
|  Orders filled today (ledger)  40                                      |
|  Entries placed this run       30                                      |
|  Open virtual lots             40                                      |
|  Broker option positions       4                                       |
|  Pending orders                15                                      |
+========================================================================+
+========================================================================+
|  BUCKET LEADERBOARD (reflected ex-S173,S174)                           |
+------------------------------------------------------------------------+
|  Reflected trades=222  buckets=22  win=33%                             |
|  Returns   avg=-0.4%  med=-38.1%  p10=-66.0%  p90=+84.6%               |
|  Realized  $+5,148.13                                                  |
|  Raw incl dropped  trades=667  real=$+3,510.58                         |
+------------------------------------------------------------------------+
|  BKT PROFILE               N  WIN  AVG%   MED%   BEST%  REAL$          |
+------------------------------------------------------------------------+
|  b51  c051_s164_w4_1120_  1 100% +263.6 +263.6 +263.6 $   +174         |
|  b91  c091_s167_w4_1120_  2 100% +222.0 +222.0 +247.0 $   +293         |
|  b31  c031_s173_w4_1120_  2 100% +145.5 +145.5 +175.8 $   +192         |
|  b28  c028_s173_w1_0928_ 17  76% +49.5 +80.0 +102.0 $   +448           |
|  b58  c058_s173_w3_1045_  1 100% +59.1 +59.1 +59.1 $    +25            |
|  b56  c056_s173_w1_0928_  1 100% +47.7 +47.7 +47.7 $    +21            |
|  b57  c057_s173_w2_1005_  1 100% +47.7 +47.7 +47.7 $    +21            |
|  b30  c030_s173_w3_1045_  9  33% +38.8  +0.0 +168.9 $   +260           |
|  ... 14 more bucket(s) with exits                                      |
+------------------------------------------------------------------------+
|  Low  b9   c009_s165_w2_1005_  5   0% -73.0 -66.2 -92.7 $   -203       |
+========================================================================+
+========================================================================+
|  PENDING ORDERS (15)                                                   |
+------------------------------------------------------------------------+
|  Top groups                    S164:LULU(5), S167:CELH(5), S163:HAL(5) |
+------------------------------------------------------------------------+
|  b21  S164 LULU     limit=0.65                                         |
|  b49  S164 LULU     limit=0.65                                         |
|  b77  S164 LULU     limit=0.65                                         |
|  b105 S164 LULU     limit=0.65                                         |
|  b133 S164 LULU     limit=0.65                                         |
|  ... 10 more pending order(s)                                          |
+========================================================================+
+========================================================================+
|  OPEN OPTIONS (4)                                                      |
+------------------------------------------------------------------------+
|  SYMBOL                      QTY    RET%        OPEN P&L               |
|------------------------------------------------------------------------|
|  HAL260724C00033000           15    -19.4%   $   -180.00               |
|  HAL260731C00033500           10    -19.1%   $   -135.00               |
|  CELH260724C00029000          10    -22.2%   $   -100.00               |
|  HAL260724C00035000            5    -25.0%   $    -10.00               |
+========================================================================+
Full detail: logs/options_trial/runs/2026-07-21.log
elapsed=197.3s reconcile=1.92s cancel=0.16s manage=1.0s scan=52.37s entries=138.61s

=== 10:10:39 ET — entry+manage (0 new) [elapsed=48.8s reconcile=1.89s cancel=0.02s manage=0.34s scan=44.65s entries=0.14s] ===
=== options_morning_bot (PAPER) 2026-07-21T10:10:39.976710-04:00 ===

[Run context]
Paper auth OK — equity $130601.75, account PA36KS87UPRS
  reconcile: layout changed controlled:100:c000_s173_w1_0928_1005_r1 -> controlled:140:c000_s173_w1_0928_1005_r1
  reconcile: entry fill b133|S164 LULU x1 @ 0.65
  reconcile: entry fill b105|S164 LULU x1 @ 0.65
  reconcile: entry fill b77|S164 LULU x1 @ 0.65
  reconcile: entry fill b49|S164 LULU x1 @ 0.65
  reconcile: entry fill b21|S164 LULU x1 @ 0.65
  reconcile: entry fill b83|S173 CRM x1 @ 0.62
  reconcile: entry fill b63|S173 CRM x1 @ 0.62
  reconcile: entry fill b43|S173 CRM x1 @ 0.62
  reconcile: entry fill b23|S173 CRM x1 @ 0.62
  reconcile: entry fill b3|S173 CRM x1 @ 0.62
  reconcile: entry fill b82|S173 CRM x1 @ 0.70
  reconcile: entry fill b62|S173 CRM x1 @ 0.70
  reconcile: entry fill b42|S173 CRM x1 @ 0.70
  reconcile: entry fill b22|S173 CRM x1 @ 0.70
  reconcile: entry fill b2|S173 CRM x1 @ 0.70
  reconcile: entry fill b81|S173 CRM x1 @ 0.57
  reconcile: entry fill b61|S173 CRM x1 @ 0.57
  reconcile: entry fill b41|S173 CRM x1 @ 0.57
  reconcile: entry fill b21|S173 CRM x1 @ 0.57
  reconcile: entry fill b1|S173 CRM x1 @ 0.57
  reconcile: entry fill b80|S173 CRM x1 @ 0.63
  reconcile: entry fill b60|S173 CRM x1 @ 0.63
  reconcile: entry fill b40|S173 CRM x1 @ 0.63
  reconcile: entry fill b20|S173 CRM x1 @ 0.63
  reconcile: entry fill b0|S173 CRM x1 @ 0.63
  reconcile: exit fill b3|S173 CRM +343.5%
  reconcile: exit fill b43|S173 CRM +41.9%
  reconcile: exit fill b83|S173 CRM +62.9%
  reconcile: entry fill b91|S165 META x1 @ 0.66
  reconcile: entry fill b71|S165 META x1 @ 0.66
  reconcile: entry fill b51|S165 META x1 @ 0.66
  reconcile: entry fill b31|S165 META x1 @ 0.66
  reconcile: entry fill b11|S165 META x1 @ 0.66
  reconcile: entry fill b83|S173 AMD x1 @ 0.52
  reconcile: entry fill b63|S173 AMD x1 @ 0.52
  reconcile: entry fill b43|S173 AMD x1 @ 0.52
  reconcile: entry fill b23|S173 AMD x1 @ 0.52
  reconcile: entry fill b3|S173 AMD x1 @ 0.52
  reconcile: entry fill b90|S165 META x1 @ 0.74
  reconcile: entry fill b70|S165 META x1 @ 0.74
  reconcile: entry fill b50|S165 META x1 @ 0.74
  reconcile: entry fill b30|S165 META x1 @ 0.74
  reconcile: entry fill b10|S165 META x1 @ 0.74
  reconcile: entry fill b82|S173 AMD x1 @ 0.67
  reconcile: entry fill b62|S173 AMD x1 @ 0.67
  reconcile: entry fill b42|S173 AMD x1 @ 0.67
  reconcile: entry fill b22|S173 AMD x1 @ 0.67
  reconcile: entry fill b2|S173 AMD x1 @ 0.67
  reconcile: entry fill b89|S165 META x1 @ 0.68
  reconcile: entry fill b69|S165 META x1 @ 0.68
  reconcile: entry fill b49|S165 META x1 @ 0.68
  reconcile: entry fill b29|S165 META x1 @ 0.68
  reconcile: entry fill b9|S165 META x1 @ 0.68
  reconcile: entry fill b81|S173 AMD x1 @ 0.66
  reconcile: entry fill b61|S173 AMD x1 @ 0.66
  reconcile: entry fill b41|S173 AMD x1 @ 0.66
  reconcile: entry fill b21|S173 AMD x1 @ 0.66
  reconcile: entry fill b1|S173 AMD x1 @ 0.66
  reconcile: entry fill b40|S173 AMZN x1 @ 0.47
  reconcile: entry fill b0|S173 AMZN x1 @ 0.47
  reconcile: entry fill b88|S165 GOOGL x1 @ 0.55
  reconcile: entry fill b68|S165 GOOGL x1 @ 0.55
  reconcile: entry fill b48|S165 GOOGL x1 @ 0.55
  reconcile: entry fill b28|S165 GOOGL x1 @ 0.55
  reconcile: entry fill b8|S165 GOOGL x1 @ 0.55
  reconcile: entry fill b80|S173 AMZN x1 @ 0.51
  reconcile: entry fill b60|S173 AMZN x1 @ 0.51
  reconcile: entry fill b20|S173 AMZN x1 @ 0.51
  reconcile: exit fill b2|S173 CRM -52.9%
  reconcile: exit fill b22|S173 CRM -55.7%
  reconcile: entry fill b63|S173 LULU x1 @ 0.57
  reconcile: entry fill b43|S173 LULU x1 @ 0.57
  reconcile: entry fill b83|S173 LULU x1 @ 0.63
  reconcile: entry fill b23|S173 LULU x1 @ 0.63
  reconcile: entry fill b62|S173 LULU x1 @ 0.58
  reconcile: entry fill b42|S173 AMD x1 @ 0.68
  reconcile: entry fill b82|S173 LULU x1 @ 0.47
  reconcile: exit fill b69|S165 META -61.8%
  reconcile: entry fill b2|S173 AMD x1 @ 0.70
  reconcile: entry fill b90|S165 AVGO x1 @ 0.60
  reconcile: entry fill b70|S165 AVGO x1 @ 0.60
  reconcile: entry fill b50|S165 AVGO x1 @ 0.60
  reconcile: entry fill b30|S165 AVGO x1 @ 0.60
  reconcile: entry fill b10|S165 AVGO x1 @ 0.60
  reconcile: entry fill b22|S173 AMD x1 @ 0.67
  reconcile: exit fill b21|S173 CRM -49.1%
  reconcile: entry fill b81|S173 AMD x1 @ 0.68
  reconcile: entry fill b61|S173 AMD x1 @ 0.68
  reconcile: entry fill b41|S173 AMD x1 @ 0.68
  reconcile: entry fill b21|S173 AMD x1 @ 0.68
  reconcile: entry fill b1|S173 AMD x1 @ 0.68
  reconcile: entry fill b89|S165 AVGO x1 @ 0.50
  reconcile: entry fill b69|S165 AVGO x1 @ 0.50
  reconcile: entry fill b49|S165 AVGO x1 @ 0.50
  reconcile: entry fill b29|S165 AVGO x1 @ 0.50
  reconcile: entry fill b9|S165 AVGO x1 @ 0.50
  reconcile: entry fill b48|S165 AVGO x1 @ 0.73
  reconcile: exit fill b88|S165 GOOGL -52.7%
  reconcile: entry fill b20|S173 AAL x1 @ 0.56
  reconcile: exit fill b29|S165 META -48.5%
  reconcile: exit fill b20|S173 CRM -98.4%
  reconcile: exit fill b69|S165 AVGO -40.0%
  reconcile: exit fill b83|S173 AMD -61.5%
  reconcile: entry fill b88|S165 AVGO x1 @ 0.55
  reconcile: entry fill b68|S165 AVGO x1 @ 0.55
  reconcile: entry fill b48|S165 AVGO x1 @ 0.55
  reconcile: entry fill b28|S165 AVGO x1 @ 0.55
  reconcile: entry fill b8|S165 AVGO x1 @ 0.55
  reconcile: entry fill b80|S173 UAL x1 @ 0.65
  reconcile: entry fill b60|S173 UAL x1 @ 0.65
  reconcile: entry fill b40|S173 UAL x1 @ 0.65
  reconcile: entry fill b0|S173 UAL x1 @ 0.65
  reconcile: exit fill b62|S173 CRM -71.4%
  reconcile: exit fill b9|S165 HAL -92.1%
  reconcile: exit fill b21|S173 AMD -98.5%
  reconcile: exit fill b60|S173 CRM -98.4%
  reconcile: exit fill b2|S173 AMD -38.8%
  reconcile: exit fill b81|S173 CRM -98.2%
  reconcile: exit fill b29|S165 AVGO -90.0%
  reconcile: exit fill b10|S165 META -18.9%
  reconcile: exit fill b50|S165 META -12.2%
  reconcile: exit fill b30|S165 META -18.9%
  reconcile: exit fill b90|S165 META -18.9%
  reconcile: exit fill b20|S173 AMZN -27.5%
  reconcile: exit fill b20|S173 AAL -33.9%
  reconcile: exit fill b30|S165 AVGO +0.0%
  reconcile: exit fill b49|S165 META -41.2%
  reconcile: exit fill b41|S173 CRM -73.7%
  reconcile: entry fill b83|S173 ADBE x1 @ 0.40
  reconcile: entry fill b63|S173 ADBE x1 @ 0.40
  reconcile: entry fill b43|S173 ADBE x1 @ 0.40
  reconcile: entry fill b23|S173 ADBE x1 @ 0.40
  reconcile: entry fill b3|S173 ADBE x1 @ 0.40
  reconcile: exit fill b21|S173 AMD -72.1%
  reconcile: exit fill b61|S173 CRM -50.9%
  reconcile: exit fill b1|S173 CRM -68.4%
  reconcile: exit fill b28|S165 GOOGL +81.8%
  reconcile: exit fill b28|S165 AVGO +87.3%
  reconcile: exit fill b48|S165 GOOGL +70.9%
  reconcile: entry fill b90|S165 BSX x1 @ 0.65
  reconcile: entry fill b70|S165 BSX x1 @ 0.65
  reconcile: entry fill b50|S165 BSX x1 @ 0.65
  reconcile: entry fill b30|S165 BSX x1 @ 0.65
  reconcile: entry fill b10|S165 BSX x1 @ 0.65
  reconcile: entry fill b82|S173 ADBE x1 @ 0.48
  reconcile: entry fill b62|S173 ADBE x1 @ 0.48
  reconcile: entry fill b42|S173 ADBE x1 @ 0.48
  reconcile: entry fill b22|S173 ADBE x1 @ 0.48
  reconcile: entry fill b2|S173 ADBE x1 @ 0.48
  reconcile: entry fill b49|S165 GEHC x1 @ 0.70
  reconcile: entry fill b1|S173 C x1 @ 0.54
  reconcile: exit fill b80|S173 CRM -38.1%
  reconcile: entry fill b89|S165 BSX x1 @ 0.10
  reconcile: entry fill b69|S165 BSX x1 @ 0.10
  reconcile: entry fill b29|S165 BSX x1 @ 0.10
  reconcile: entry fill b9|S165 BSX x1 @ 0.10
  reconcile: entry fill b81|S173 C x1 @ 0.73
  reconcile: entry fill b61|S173 C x1 @ 0.73
  reconcile: entry fill b41|S173 C x1 @ 0.73
  reconcile: entry fill b21|S173 C x1 @ 0.73
  reconcile: exit fill b80|S173 AMZN -29.4%
  reconcile: entry fill b20|S173 C x1 @ 0.48
  reconcile: entry fill b0|S173 C x1 @ 0.48
  reconcile: entry fill b88|S165 MSFT x1 @ 0.51
  reconcile: entry fill b68|S165 MSFT x1 @ 0.51
  reconcile: entry fill b48|S165 MSFT x1 @ 0.51
  reconcile: entry fill b28|S165 MSFT x1 @ 0.51
  reconcile: entry fill b8|S165 MSFT x1 @ 0.51
  reconcile: entry fill b80|S173 C x1 @ 0.22
  reconcile: entry fill b60|S173 C x1 @ 0.22
  reconcile: entry fill b40|S173 C x1 @ 0.22
  reconcile: exit fill b89|S165 META +30.9%
  reconcile: exit fill b21|S173 C -31.5%
  reconcile: exit fill b81|S173 AMD -28.8%
  reconcile: exit fill b70|S165 META -27.0%
  reconcile: exit fill b40|S173 CRM -25.4%
  reconcile: exit fill b69|S165 BSX +210.0%
  reconcile: exit fill b81|S173 AMD -33.8%
  reconcile: exit fill b70|S165 AVGO -13.3%
  reconcile: exit fill b40|S173 AMZN -6.4%
  reconcile: exit fill b60|S173 AMZN -62.7%
  reconcile: exit fill b0|S173 CRM -31.7%
  reconcile: exit fill b50|S165 AVGO -16.7%
  reconcile: exit fill b68|S165 GOOGL -47.3%
  reconcile: entry fill b67|S174 INTC x1 @ 0.59
  reconcile: entry fill b47|S174 INTC x1 @ 0.59
  reconcile: entry fill b27|S174 INTC x1 @ 0.59
  reconcile: entry fill b83|S173 AMD x1 @ 0.65
  reconcile: entry fill b63|S173 AMD x1 @ 0.65
  reconcile: entry fill b43|S173 AMD x1 @ 0.65
  reconcile: entry fill b23|S173 AMD x1 @ 0.65
  reconcile: entry fill b3|S173 AMD x1 @ 0.65
  reconcile: entry fill b66|S174 INTC x1 @ 0.59
  reconcile: entry fill b70|S165 HL x1 @ 0.67
  reconcile: entry fill b62|S173 AMD x1 @ 0.05
  reconcile: entry fill b26|S174 AVGO x1 @ 0.49
  reconcile: entry fill b6|S174 AVGO x1 @ 0.49
  reconcile: entry fill b2|S173 AMD x1 @ 0.70
  reconcile: entry fill b50|S165 HL x1 @ 0.66
  reconcile: entry fill b30|S165 HL x1 @ 0.66
  reconcile: entry fill b42|S173 AMD x1 @ 0.54
  reconcile: entry fill b22|S173 AMD x1 @ 0.54
  reconcile: entry fill b25|S174 AVGO x1 @ 0.46
  reconcile: entry fill b89|S165 INTC x1 @ 0.55
  reconcile: entry fill b69|S165 INTC x1 @ 0.55
  reconcile: entry fill b49|S165 INTC x1 @ 0.55
  reconcile: entry fill b29|S165 INTC x1 @ 0.55
  reconcile: entry fill b9|S165 INTC x1 @ 0.55
  reconcile: entry fill b81|S173 SMCI x1 @ 0.61
  reconcile: entry fill b61|S173 SMCI x1 @ 0.61
  reconcile: entry fill b41|S173 SMCI x1 @ 0.61
  reconcile: entry fill b21|S173 SMCI x1 @ 0.61
  reconcile: entry fill b1|S173 SMCI x1 @ 0.61
  reconcile: entry fill b60|S173 NEM x1 @ 0.33
  reconcile: entry fill b40|S173 SMCI x1 @ 0.58
  reconcile: entry fill b68|S165 INTC x1 @ 0.55
  reconcile: entry fill b20|S173 SMCI x1 @ 0.70
  reconcile: entry fill b48|S165 INTC x1 @ 0.71
  reconcile: entry fill b28|S165 INTC x1 @ 0.71
  reconcile: entry fill b8|S165 INTC x1 @ 0.71
  reconcile: entry fill b0|S173 SMCI x1 @ 0.73
  reconcile: entry fill b87|S174 INTC x1 @ 0.71
  reconcile: entry fill b67|S174 INTC x1 @ 0.71
  reconcile: entry fill b47|S174 INTC x1 @ 0.71
  reconcile: entry fill b27|S174 INTC x1 @ 0.71
  reconcile: entry fill b7|S174 INTC x1 @ 0.71
  reconcile: entry fill b83|S173 T x1 @ 0.15
  reconcile: entry fill b63|S173 T x1 @ 0.15
  reconcile: entry fill b43|S173 T x1 @ 0.15
  reconcile: entry fill b23|S173 T x1 @ 0.15
  reconcile: entry fill b3|S173 T x1 @ 0.15
  reconcile: entry fill b90|S165 INTC x1 @ 0.48
  reconcile: entry fill b70|S165 INTC x1 @ 0.48
  reconcile: entry fill b50|S165 INTC x1 @ 0.48
  reconcile: entry fill b30|S165 INTC x1 @ 0.48
  reconcile: entry fill b10|S165 INTC x1 @ 0.48
  reconcile: entry fill b86|S174 INTC x1 @ 0.70
  reconcile: entry fill b86|S174 INTC x1 @ 0.74
  reconcile: entry fill b86|S174 INTC x1 @ 0.58
  reconcile: entry fill b66|S174 INTC x1 @ 0.58
  reconcile: entry fill b46|S174 INTC x1 @ 0.58
  reconcile: entry fill b26|S174 INTC x1 @ 0.58
  reconcile: entry fill b6|S174 INTC x1 @ 0.58
  reconcile: entry fill b82|S173 T x1 @ 0.42
  reconcile: entry fill b62|S173 T x1 @ 0.42
  reconcile: entry fill b42|S173 T x1 @ 0.42
  reconcile: entry fill b22|S173 T x1 @ 0.42
  reconcile: entry fill b2|S173 T x1 @ 0.42
  reconcile: entry fill b85|S174 INTC x1 @ 0.72
  reconcile: entry fill b85|S174 INTC x1 @ 0.71
  reconcile: entry fill b85|S174 INTC x1 @ 0.55
  reconcile: entry fill b85|S174 INTC x1 @ 0.67
  reconcile: entry fill b85|S174 INTC x1 @ 0.59
  reconcile: removed 170 stale lot(s)

[Setup]
Active buckets: 140 | Strategies: S165, S164, S168, S167, S166, S163
Dropped (no new entries; ex-reflected P&L): S173, S174

[Scan + entries]
Scanning 903 symbols for [S165, S164, S168, S167, S166, S163] …
Fetched daily bars for 903/903 symbols
Found 335 signal(s); top: ['S165:ACN', 'S165:ADBE', 'S165:A', 'S165:BR', 'S165:CSGP', 'S165:DHR', 'S165:EFX', 'S165:FDS']
Paper lab: $130540 broker equity -> 140 bucket(s) ($500 virtual each, unlimited paper)
  All bucket slots blocked or closed for today's signals — skip entry loop.
Placed 0 new entry order(s).
  reconcile: layout changed controlled:100:c000_s173_w1_0928_1005_r1 -> controlled:140:c000_s173_w1_0928_1005_r1
  reconcile: entry fill b137|S168 HAL x1 @ 0.60
  reconcile: entry fill b109|S168 HAL x1 @ 0.60
  reconcile: entry fill b81|S168 HAL x1 @ 0.60
  reconcile: entry fill b53|S168 HAL x1 @ 0.60
  reconcile: entry fill b25|S168 HAL x1 @ 0.60
  reconcile: entry fill b121|S165 HAL x1 @ 0.63
  reconcile: entry fill b93|S165 HAL x1 @ 0.63
  reconcile: entry fill b65|S165 HAL x1 @ 0.63
  reconcile: entry fill b37|S165 HAL x1 @ 0.63
  reconcile: entry fill b9|S165 HAL x1 @ 0.63
  reconcile: entry fill b136|S168 HAL x1 @ 0.63
  reconcile: entry fill b108|S168 HAL x1 @ 0.63
  reconcile: entry fill b80|S168 HAL x1 @ 0.63
  reconcile: entry fill b52|S168 HAL x1 @ 0.63
  reconcile: entry fill b24|S168 HAL x1 @ 0.63
  reconcile: entry fill b132|S164 HAL x1 @ 0.08
  reconcile: entry fill b104|S164 HAL x1 @ 0.08
  reconcile: entry fill b76|S164 HAL x1 @ 0.08
  reconcile: entry fill b48|S164 HAL x1 @ 0.08
  reconcile: entry fill b20|S164 HAL x1 @ 0.08
  reconcile: entry fill b83|S173 CRM x1 @ 0.62
  reconcile: entry fill b63|S173 CRM x1 @ 0.62
  reconcile: entry fill b43|S173 CRM x1 @ 0.62
  reconcile: entry fill b23|S173 CRM x1 @ 0.62
  reconcile: entry fill b3|S173 CRM x1 @ 0.62
  reconcile: entry fill b82|S173 CRM x1 @ 0.70
  reconcile: entry fill b62|S173 CRM x1 @ 0.70
  reconcile: entry fill b42|S173 CRM x1 @ 0.70
  reconcile: entry fill b22|S173 CRM x1 @ 0.70
  reconcile: entry fill b2|S173 CRM x1 @ 0.70
  reconcile: entry fill b81|S173 CRM x1 @ 0.57
  reconcile: entry fill b61|S173 CRM x1 @ 0.57
  reconcile: entry fill b41|S173 CRM x1 @ 0.57
  reconcile: entry fill b21|S173 CRM x1 @ 0.57
  reconcile: entry fill b1|S173 CRM x1 @ 0.57
  reconcile: entry fill b80|S173 CRM x1 @ 0.63
  reconcile: entry fill b60|S173 CRM x1 @ 0.63
  reconcile: entry fill b40|S173 CRM x1 @ 0.63
  reconcile: entry fill b20|S173 CRM x1 @ 0.63
  reconcile: entry fill b0|S173 CRM x1 @ 0.63
  reconcile: entry fill b91|S165 META x1 @ 0.66
  reconcile: entry fill b71|S165 META x1 @ 0.66
  reconcile: entry fill b51|S165 META x1 @ 0.66
  reconcile: entry fill b31|S165 META x1 @ 0.66
  reconcile: entry fill b11|S165 META x1 @ 0.66
  reconcile: entry fill b83|S173 AMD x1 @ 0.52
  reconcile: entry fill b63|S173 AMD x1 @ 0.52
  reconcile: entry fill b43|S173 AMD x1 @ 0.52
  reconcile: entry fill b23|S173 AMD x1 @ 0.52
  reconcile: entry fill b3|S173 AMD x1 @ 0.52
  reconcile: entry fill b90|S165 META x1 @ 0.74
  reconcile: entry fill b70|S165 META x1 @ 0.74
  reconcile: entry fill b50|S165 META x1 @ 0.74
  reconcile: entry fill b30|S165 META x1 @ 0.74
  reconcile: entry fill b10|S165 META x1 @ 0.74
  reconcile: entry fill b82|S173 AMD x1 @ 0.67
  reconcile: entry fill b62|S173 AMD x1 @ 0.67
  reconcile: entry fill b42|S173 AMD x1 @ 0.67
  reconcile: entry fill b22|S173 AMD x1 @ 0.67
  reconcile: entry fill b2|S173 AMD x1 @ 0.67
  reconcile: entry fill b89|S165 META x1 @ 0.68
  reconcile: entry fill b69|S165 META x1 @ 0.68
  reconcile: entry fill b49|S165 META x1 @ 0.68
  reconcile: entry fill b29|S165 META x1 @ 0.68
  reconcile: entry fill b9|S165 META x1 @ 0.68
  reconcile: entry fill b81|S173 AMD x1 @ 0.66
  reconcile: entry fill b61|S173 AMD x1 @ 0.66
  reconcile: entry fill b41|S173 AMD x1 @ 0.66
  reconcile: entry fill b21|S173 AMD x1 @ 0.66
  reconcile: entry fill b1|S173 AMD x1 @ 0.66
  reconcile: entry fill b40|S173 AMZN x1 @ 0.47
  reconcile: entry fill b0|S173 AMZN x1 @ 0.47
  reconcile: entry fill b88|S165 GOOGL x1 @ 0.55
  reconcile: entry fill b68|S165 GOOGL x1 @ 0.55
  reconcile: entry fill b48|S165 GOOGL x1 @ 0.55
  reconcile: entry fill b28|S165 GOOGL x1 @ 0.55
  reconcile: entry fill b8|S165 GOOGL x1 @ 0.55
  reconcile: entry fill b80|S173 AMZN x1 @ 0.51
  reconcile: entry fill b60|S173 AMZN x1 @ 0.51
  reconcile: entry fill b20|S173 AMZN x1 @ 0.51
  reconcile: exit fill b40|S173 CRM -98.4%
  reconcile: exit fill b48|S165 GOOGL -90.9%
  reconcile: exit fill b0|S173 CRM -93.7%
  reconcile: exit fill b62|S173 CRM +21.4%
  reconcile: exit fill b42|S173 CRM +21.4%
  reconcile: exit fill b43|S173 CRM +21.0%
  reconcile: exit fill b83|S173 CRM -59.7%
  reconcile: exit fill b28|S165 GOOGL -52.7%
  reconcile: entry fill b63|S173 LULU x1 @ 0.57
  reconcile: entry fill b43|S173 LULU x1 @ 0.57
  reconcile: entry fill b83|S173 LULU x1 @ 0.63
  reconcile: entry fill b23|S173 LULU x1 @ 0.63
  reconcile: entry fill b62|S173 LULU x1 @ 0.58
  reconcile: entry fill b42|S173 AMD x1 @ 0.68
  reconcile: entry fill b82|S173 LULU x1 @ 0.47
  reconcile: entry fill b2|S173 AMD x1 @ 0.70
  reconcile: entry fill b90|S165 AVGO x1 @ 0.60
  reconcile: entry fill b70|S165 AVGO x1 @ 0.60
  reconcile: entry fill b50|S165 AVGO x1 @ 0.60
  reconcile: entry fill b30|S165 AVGO x1 @ 0.60
  reconcile: entry fill b10|S165 AVGO x1 @ 0.60
  reconcile: entry fill b22|S173 AMD x1 @ 0.67
  reconcile: entry fill b81|S173 AMD x1 @ 0.68
  reconcile: entry fill b61|S173 AMD x1 @ 0.68
  reconcile: entry fill b41|S173 AMD x1 @ 0.68
  reconcile: entry fill b21|S173 AMD x1 @ 0.68
  reconcile: entry fill b1|S173 AMD x1 @ 0.68
  reconcile: entry fill b89|S165 AVGO x1 @ 0.50
  reconcile: entry fill b69|S165 AVGO x1 @ 0.50
  reconcile: entry fill b49|S165 AVGO x1 @ 0.50
  reconcile: entry fill b29|S165 AVGO x1 @ 0.50
  reconcile: entry fill b9|S165 AVGO x1 @ 0.50
  reconcile: entry fill b48|S165 AVGO x1 @ 0.73
  reconcile: entry fill b20|S173 AAL x1 @ 0.56
  reconcile: entry fill b88|S165 AVGO x1 @ 0.55
  reconcile: entry fill b68|S165 AVGO x1 @ 0.55
  reconcile: entry fill b48|S165 AVGO x1 @ 0.55
  reconcile: entry fill b28|S165 AVGO x1 @ 0.55
  reconcile: entry fill b8|S165 AVGO x1 @ 0.55
  reconcile: entry fill b80|S173 UAL x1 @ 0.65
  reconcile: entry fill b60|S173 UAL x1 @ 0.65
  reconcile: entry fill b40|S173 UAL x1 @ 0.65
  reconcile: entry fill b0|S173 UAL x1 @ 0.65
  reconcile: entry fill b83|S173 ADBE x1 @ 0.40
  reconcile: entry fill b63|S173 ADBE x1 @ 0.40
  reconcile: entry fill b43|S173 ADBE x1 @ 0.40
  reconcile: entry fill b23|S173 ADBE x1 @ 0.40
  reconcile: entry fill b3|S173 ADBE x1 @ 0.40
  reconcile: exit fill b28|S165 AVGO +80.0%
  reconcile: entry fill b90|S165 BSX x1 @ 0.65
  reconcile: entry fill b70|S165 BSX x1 @ 0.65
  reconcile: entry fill b50|S165 BSX x1 @ 0.65
  reconcile: entry fill b30|S165 BSX x1 @ 0.65
  reconcile: entry fill b10|S165 BSX x1 @ 0.65
  reconcile: entry fill b82|S173 ADBE x1 @ 0.48
  reconcile: entry fill b62|S173 ADBE x1 @ 0.48
  reconcile: entry fill b42|S173 ADBE x1 @ 0.48
  reconcile: entry fill b22|S173 ADBE x1 @ 0.48
  reconcile: entry fill b2|S173 ADBE x1 @ 0.48
  reconcile: entry fill b49|S165 GEHC x1 @ 0.70
  reconcile: entry fill b1|S173 C x1 @ 0.54
  reconcile: entry fill b89|S165 BSX x1 @ 0.10
  reconcile: entry fill b69|S165 BSX x1 @ 0.10
  reconcile: entry fill b29|S165 BSX x1 @ 0.10
  reconcile: entry fill b9|S165 BSX x1 @ 0.10
  reconcile: entry fill b81|S173 C x1 @ 0.73
  reconcile: entry fill b61|S173 C x1 @ 0.73
  reconcile: entry fill b41|S173 C x1 @ 0.73
  reconcile: entry fill b21|S173 C x1 @ 0.73
  reconcile: entry fill b20|S173 C x1 @ 0.48
  reconcile: entry fill b0|S173 C x1 @ 0.48
  reconcile: entry fill b88|S165 MSFT x1 @ 0.51
  reconcile: entry fill b68|S165 MSFT x1 @ 0.51
  reconcile: entry fill b48|S165 MSFT x1 @ 0.51
  reconcile: entry fill b28|S165 MSFT x1 @ 0.51
  reconcile: entry fill b8|S165 MSFT x1 @ 0.51
  reconcile: entry fill b80|S173 C x1 @ 0.22
  reconcile: entry fill b60|S173 C x1 @ 0.22
  reconcile: entry fill b40|S173 C x1 @ 0.22
  reconcile: entry fill b67|S174 INTC x1 @ 0.59
  reconcile: entry fill b47|S174 INTC x1 @ 0.59
  reconcile: entry fill b27|S174 INTC x1 @ 0.59
  reconcile: entry fill b83|S173 AMD x1 @ 0.65
  reconcile: entry fill b63|S173 AMD x1 @ 0.65
  reconcile: entry fill b43|S173 AMD x1 @ 0.65
  reconcile: entry fill b23|S173 AMD x1 @ 0.65
  reconcile: entry fill b3|S173 AMD x1 @ 0.65
  reconcile: entry fill b66|S174 INTC x1 @ 0.59
  reconcile: entry fill b70|S165 HL x1 @ 0.67
  reconcile: entry fill b62|S173 AMD x1 @ 0.05
  reconcile: entry fill b26|S174 AVGO x1 @ 0.49
  reconcile: entry fill b6|S174 AVGO x1 @ 0.49
  reconcile: entry fill b2|S173 AMD x1 @ 0.70
  reconcile: entry fill b50|S165 HL x1 @ 0.66
  reconcile: entry fill b30|S165 HL x1 @ 0.66
  reconcile: entry fill b42|S173 AMD x1 @ 0.54
  reconcile: entry fill b22|S173 AMD x1 @ 0.54
  reconcile: entry fill b25|S174 AVGO x1 @ 0.46
  reconcile: entry fill b89|S165 INTC x1 @ 0.55
  reconcile: entry fill b69|S165 INTC x1 @ 0.55
  reconcile: entry fill b49|S165 INTC x1 @ 0.55
  reconcile: entry fill b29|S165 INTC x1 @ 0.55
  reconcile: entry fill b9|S165 INTC x1 @ 0.55
  reconcile: entry fill b81|S173 SMCI x1 @ 0.61
  reconcile: entry fill b61|S173 SMCI x1 @ 0.61
  reconcile: entry fill b41|S173 SMCI x1 @ 0.61
  reconcile: entry fill b21|S173 SMCI x1 @ 0.61
  reconcile: entry fill b1|S173 SMCI x1 @ 0.61
  reconcile: entry fill b60|S173 NEM x1 @ 0.33
  reconcile: entry fill b40|S173 SMCI x1 @ 0.58
  reconcile: entry fill b68|S165 INTC x1 @ 0.55
  reconcile: entry fill b20|S173 SMCI x1 @ 0.70
  reconcile: entry fill b48|S165 INTC x1 @ 0.71
  reconcile: entry fill b28|S165 INTC x1 @ 0.71
  reconcile: entry fill b8|S165 INTC x1 @ 0.71
  reconcile: entry fill b0|S173 SMCI x1 @ 0.73
  reconcile: entry fill b87|S174 INTC x1 @ 0.71
  reconcile: entry fill b67|S174 INTC x1 @ 0.71
  reconcile: entry fill b47|S174 INTC x1 @ 0.71
  reconcile: entry fill b27|S174 INTC x1 @ 0.71
  reconcile: entry fill b7|S174 INTC x1 @ 0.71
  reconcile: entry fill b83|S173 T x1 @ 0.15
  reconcile: entry fill b63|S173 T x1 @ 0.15
  reconcile: entry fill b43|S173 T x1 @ 0.15
  reconcile: entry fill b23|S173 T x1 @ 0.15
  reconcile: entry fill b3|S173 T x1 @ 0.15
  reconcile: entry fill b90|S165 INTC x1 @ 0.48
  reconcile: entry fill b70|S165 INTC x1 @ 0.48
  reconcile: entry fill b50|S165 INTC x1 @ 0.48
  reconcile: entry fill b30|S165 INTC x1 @ 0.48
  reconcile: entry fill b10|S165 INTC x1 @ 0.48
  reconcile: entry fill b86|S174 INTC x1 @ 0.70
  reconcile: entry fill b86|S174 INTC x1 @ 0.74
  reconcile: entry fill b86|S174 INTC x1 @ 0.58
  reconcile: entry fill b66|S174 INTC x1 @ 0.58
  reconcile: entry fill b46|S174 INTC x1 @ 0.58
  reconcile: entry fill b26|S174 INTC x1 @ 0.58
  reconcile: entry fill b6|S174 INTC x1 @ 0.58
  reconcile: entry fill b82|S173 T x1 @ 0.42
  reconcile: entry fill b62|S173 T x1 @ 0.42
  reconcile: entry fill b42|S173 T x1 @ 0.42
  reconcile: entry fill b22|S173 T x1 @ 0.42
  reconcile: entry fill b2|S173 T x1 @ 0.42
  reconcile: entry fill b85|S174 INTC x1 @ 0.72
  reconcile: entry fill b85|S174 INTC x1 @ 0.71
  reconcile: entry fill b85|S174 INTC x1 @ 0.55
  reconcile: entry fill b85|S174 INTC x1 @ 0.67
  reconcile: entry fill b85|S174 INTC x1 @ 0.59
  reconcile: removed 210 stale lot(s)

[Portfolio snapshot]
========================================================
OPTIONS TRIAL STATS
========================================================
Account equity: $130,601.75
Active buckets: 140 of 140 profiles ($500 virtual each) — paper unlimited mode

P&L summary
  Reflected (ex-S173,S174): $+4,917.13 all-time  |  $+0.00 today
  Raw (incl dropped):     $+2,618.58 all-time  |  $+0.00 today
  Open (not sold yet): $-330.00 unrealized (virtual lots)
  Premium deployed:    $1,480.00 in open positions
  Combined P&L:        $+4,587.13 (reflected realized + open virtual)

Ledger (master)
  Total events:     4734
  Today entries:    45
  Today exits (reflected): 0
  All-time exits (reflected): 246  wins 32%
  Avg return/trade: -1.1%  median -35.3%

Open virtual lots (by bucket)
  b4 c004_s167_w1_0928_1005_r1  prem=$    45  real=$ +0.00  open=$-10.00  lots=1  [S167:CELHx1]
       buy: ask-0.01  sell: bid-0.01  tp=+50% sl=-50%
  b8 c008_s165_w1_0928_1005_r1  prem=$    45  real=$-218.00  open=$-10.00  lots=1  [S165:CELHx1]
       buy: ask-0.01  sell: bid-0.01  tp=+50% sl=-50%
  b9 c009_s165_w2_1005_1045_r1  prem=$     0  real=$-261.00  open=$ +0.00  lots=0  [-]
       buy: ask-0.01  sell: bid-0.01  tp=+50% sl=-50%
  b10 c010_s165_w3_1045_1120_r1  prem=$     0  real=$-166.00  open=$ +0.00  lots=0  [-]
       buy: ask-0.01  sell: bid-0.01  tp=+50% sl=-50%
  b13 c013_s166_w2_1005_1045_r1  prem=$    67  real=$ +0.00  open=$-12.83  lots=1  [S166:HALx1]
       buy: ask-0.01  sell: bid-0.01  tp=+50% sl=-50%
  b16 c016_s163_w1_0928_1005_r1  prem=$    74  real=$ +0.00  open=$-14.17  lots=1  [S163:HALx1]
       buy: ask-0.01  sell: bid-0.01  tp=+50% sl=-50%
  b21 c021_s164_w2_1005_1045_r1  prem=$    65  real=$ +0.00  open=$-19.00  lots=1  [S164:LULUx1]
       buy: ask-0.01  sell: bid-0.01  tp=+50% sl=-50%
  b28 c028_s173_w1_0928_1005_r2  prem=$     0  real=$+108.00  open=$ +0.00  lots=0  [-]
       buy: ask-0.01  sell: bid-0.01  tp=+50% sl=-50%
  b29 c029_s173_w2_1005_1045_r2  prem=$     0  real=$-78.00  open=$ +0.00  lots=0  [-]
       buy: ask-0.01  sell: bid-0.01  tp=+50% sl=-50%
  b30 c030_s173_w3_1045_1120_r2  prem=$     0  real=$-14.00  open=$ +0.00  lots=0  [-]
       buy: ask-0.01  sell: bid-0.01  tp=+50% sl=-50%
  b32 c032_s167_w1_0928_1005_r2  prem=$    45  real=$ +0.00  open=$-10.00  lots=1  [S167:CELHx1]
       buy: ask-0.01  sell: bid-0.01  tp=+50% sl=-50%
  b36 c036_s165_w1_0928_1005_r2  prem=$    45  real=$ +0.00  open=$-10.00  lots=1  [S165:CELHx1]
       buy: ask-0.01  sell: bid-0.01  tp=+50% sl=-50%
  b41 c041_s166_w2_1005_1045_r2  prem=$    67  real=$ +0.00  open=$-12.83  lots=1  [S166:HALx1]
       buy: ask-0.01  sell: bid-0.01  tp=+50% sl=-50%
  b44 c044_s163_w1_0928_1005_r2  prem=$    74  real=$ +0.00  open=$-14.17  lots=1  [S163:HALx1]
       buy: ask-0.01  sell: bid-0.01  tp=+50% sl=-50%
  b48 c048_s164_w1_0928_1005_r2  prem=$     0  real=$-42.00  open=$ +0.00  lots=0  [-]
       buy: ask-0.01  sell: bid-0.01  tp=+50% sl=-50%
  b49 c049_s164_w2_1005_1045_r2  prem=$    65  real=$-70.00  open=$-19.00  lots=1  [S164:LULUx1]
       buy: ask-0.01  sell: bid-0.01  tp=+50% sl=-50%
  b50 c050_s164_w3_1045_1120_r2  prem=$     0  real=$-67.00  open=$ +0.00  lots=0  [-]
       buy: ask-0.01  sell: bid-0.01  tp=+50% sl=-50%
  b60 c060_s167_w1_0928_1005_r3  prem=$    45  real=$ +0.00  open=$-10.00  lots=1  [S167:CELHx1]
       buy: ask-0.01  sell: bid-0.01  tp=+50% sl=-50%
  b64 c064_s165_w1_0928_1005_r3  prem=$    45  real=$ +0.00  open=$-10.00  lots=1  [S165:CELHx1]
       buy: ask-0.01  sell: bid-0.01  tp=+50% sl=-50%
  b68 c068_s166_w1_0928_1005_r3  prem=$     0  real=$-26.00  open=$ +0.00  lots=0  [-]
       buy: ask-0.01  sell: bid-0.01  tp=+50% sl=-50%
  (16 more active bucket(s) omitted)
  (104 quiet bucket profile(s) — no trades yet)

Pending orders: 10
  b5 S167 CELH limit=0.40
  b33 S167 CELH limit=0.40
  b61 S167 CELH limit=0.40
  b89 S167 CELH limit=0.40
  b117 S167 CELH limit=0.40

Alpaca option positions
  CELH260724C00029000  qty=10  cost=$450.00  return=-22.2%  open P&L=$-100.00
  HAL260731C00033500  qty=10  cost=$705.00  return=-19.1%  open P&L=$-135.00
  LULU260724C00121000  qty=5  cost=$325.00  return=-29.2%  open P&L=$-95.00

Per-bucket exit stats (all time)
  b0|orphan_reconcile     n= 22  avg=+22.4%  med=-57.5%  realized=$+6,310.91
  b10|c010_s165_w3_1045_1120_r1  n=  7  avg=-33.8%  med=-18.9%  realized=$-166.00
  b28|c028_s165_w1_0928_1005_r2  n= 17  avg=+49.5%  med=+80.0%  realized=$+448.00
  b28|c028_s173_w1_0928_1005_r2  n=  4  avg=+49.1%  med=+81.8%  realized=$+108.00
  b29|c029_s165_w2_1005_1045_r2  n=  9  avg=-23.3%  med=-50.0%  realized=$-221.00
  b29|c029_s173_w2_1005_1045_r2  n=  2  avg=-69.3%  med=-48.5%  realized=$-78.00
  b30|c030_s165_w3_1045_1120_r2  n=  9  avg=+38.8%  med=+0.0%  realized=$+260.00
  b30|c030_s173_w3_1045_1120_r2  n=  2  avg=-9.5%  med=+0.0%  realized=$-14.00
  b31|c031_s165_w4_1120_1135_r2  n=  2  avg=+145.5%  med=+175.8%  realized=$+192.00
  b48|c048_s164_w1_0928_1005_r2  n=  3  avg=-25.5%  med=-56.4%  realized=$-42.00
  b48|c048_s165_w1_0928_1005_r3  n= 16  avg=-35.9%  med=-49.1%  realized=$-344.00
  b49|c049_s164_w2_1005_1045_r2  n=  2  avg=-51.5%  med=-41.2%  realized=$-70.00
  b49|c049_s165_w2_1005_1045_r3  n= 15  avg=-49.3%  med=-49.1%  realized=$-458.00
  b50|c050_s164_w3_1045_1120_r2  n=  3  avg=-31.2%  med=-16.7%  realized=$-67.00
  b50|c050_s165_w3_1045_1120_r3  n=  9  avg=-23.6%  med=-23.1%  realized=$-142.00
  b51|c051_s165_w4_1120_1135_r3  n=  1  avg=+263.6%  med=+263.6%  realized=$+174.00
  b56|g056_lim_tp20_sl65  n=  1  avg=+47.7%  med=+47.7%  realized=$+20.52
  b57|g057_mid_tp20_sl65  n=  1  avg=+47.7%  med=+47.7%  realized=$+20.52
  b58|g058_eod_tp20_sl65  n=  1  avg=+59.1%  med=+59.1%  realized=$+25.41
  b68|c068_s165_w1_0928_1005_r4  n= 16  avg=-51.3%  med=-49.1%  realized=$-446.00
  b68|c068_s166_w1_0928_1005_r3  n=  1  avg=-47.3%  med=-47.3%  realized=$-26.00
  b69|c069_s165_w2_1005_1045_r4  n= 11  avg=+19.0%  med=-43.6%  realized=$-179.00
  b69|c069_s166_w2_1005_1045_r3  n=  4  avg=+10.1%  med=-40.0%  realized=$-87.00
  b70|c070_s165_w3_1045_1120_r4  n= 11  avg=-2.1%  med=-16.9%  realized=$-6.00
  b70|c070_s166_w3_1045_1120_r3  n=  3  avg=-35.1%  med=-27.0%  realized=$-76.00
  b70|g070_eod_tp30_sl20  n=  1  avg=+59.1%  med=+59.1%  realized=$+27.77
  b88|c088_s165_w1_0928_1005_r5  n= 21  avg=-5.0%  med=-2.7%  realized=$-63.00
  b88|c088_s167_w1_0928_1005_r4  n=  1  avg=-52.7%  med=-52.7%  realized=$-29.00
  b89|c089_s165_w2_1005_1045_r5  n=  7  avg=+113.1%  med=+30.9%  realized=$+67.00
  b89|c089_s167_w2_1005_1045_r4  n=  2  avg=-16.2%  med=+30.9%  realized=$-22.00
  b8|c008_s165_w1_0928_1005_r1  n= 19  avg=-20.0%  med=-35.3%  realized=$-218.00
  b90|c090_s165_w3_1045_1120_r5  n= 13  avg=+7.7%  med=+0.0%  realized=$+47.00
  b90|c090_s167_w3_1045_1120_r4  n=  2  avg=-41.9%  med=-18.9%  realized=$-62.00
  b91|c091_s165_w4_1120_1135_r5  n=  2  avg=+222.0%  med=+247.0%  realized=$+293.00
  b9|c009_s165_w2_1005_1045_r1  n=  6  avg=-76.2%  med=-66.2%  realized=$-261.00
========================================================
+========================================================================+
|  OPTIONS BOT SUMMARY                                                   |
+------------------------------------------------------------------------+
|  Mode                          entry+manage                            |
|  Equity                        $130,601.75                             |
|  Signals this run              335                                     |
|  Orders submitted (session)    30                                      |
|  Orders filled today (ledger)  45                                      |
|  Entries placed this run       0                                       |
|  Open virtual lots             25                                      |
|  Broker option positions       3                                       |
|  Pending orders                10                                      |
+========================================================================+
+========================================================================+
|  BUCKET LEADERBOARD (reflected ex-S173,S174)                           |
+------------------------------------------------------------------------+
|  Reflected trades=246  buckets=22  win=32%                             |
|  Returns   avg=-1.1%  med=-35.3%  p10=-66.2%  p90=+84.5%               |
|  Realized  $+4,917.13                                                  |
|  Raw incl dropped  trades=725  real=$+2,618.58                         |
+------------------------------------------------------------------------+
|  BKT PROFILE               N  WIN  AVG%   MED%   BEST%  REAL$          |
+------------------------------------------------------------------------+
|  b51  c051_s164_w4_1120_  1 100% +263.6 +263.6 +263.6 $   +174         |
|  b91  c091_s167_w4_1120_  2 100% +222.0 +222.0 +247.0 $   +293         |
|  b31  c031_s173_w4_1120_  2 100% +145.5 +145.5 +175.8 $   +192         |
|  b28  c028_s173_w1_0928_ 21  76% +49.4 +80.0 +102.0 $   +556           |
|  b58  c058_s173_w3_1045_  1 100% +59.1 +59.1 +59.1 $    +25            |
|  b56  c056_s173_w1_0928_  1 100% +47.7 +47.7 +47.7 $    +21            |
|  b57  c057_s173_w2_1005_  1 100% +47.7 +47.7 +47.7 $    +21            |
|  b89  c089_s167_w2_1005_  9  56% +84.4 +30.9 +790.0 $    +45           |
|  ... 14 more bucket(s) with exits                                      |
+------------------------------------------------------------------------+
|  Low  b9   c009_s165_w2_1005_  6   0% -76.2 -78.1 -92.7 $   -261       |
+========================================================================+
+========================================================================+
|  PENDING ORDERS (10)                                                   |
+------------------------------------------------------------------------+
|  Top groups                    S167:CELH(5), S163:HAL(5)               |
+------------------------------------------------------------------------+
|  b5   S167 CELH     limit=0.40                                         |
|  b33  S167 CELH     limit=0.40                                         |
|  b61  S167 CELH     limit=0.40                                         |
|  b89  S167 CELH     limit=0.40                                         |
|  b117 S167 CELH     limit=0.40                                         |
|  ... 5 more pending order(s)                                           |
+========================================================================+
+========================================================================+
|  OPEN OPTIONS (3)                                                      |
+------------------------------------------------------------------------+
|  SYMBOL                      QTY    RET%        OPEN P&L               |
|------------------------------------------------------------------------|
|  HAL260731C00033500           10    -19.1%   $   -135.00               |
|  CELH260724C00029000          10    -22.2%   $   -100.00               |
|  LULU260724C00121000           5    -29.2%   $    -95.00               |
+========================================================================+
Full detail: logs/options_trial/runs/2026-07-21.log
elapsed=48.8s reconcile=1.89s cancel=0.02s manage=0.34s scan=44.65s entries=0.14s

=== 10:15:42 ET — entry+manage (0 new) [elapsed=58.7s reconcile=2.21s cancel=0.02s manage=0.2s scan=54.59s entries=0.07s] ===
=== options_morning_bot (PAPER) 2026-07-21T10:15:42.361242-04:00 ===

[Run context]
Paper auth OK — equity $130887.35, account PA36KS87UPRS
  reconcile: layout changed controlled:100:c000_s173_w1_0928_1005_r1 -> controlled:140:c000_s173_w1_0928_1005_r1
  reconcile: entry fill b129|S163 HAL x1 @ 0.62
  reconcile: entry fill b101|S163 HAL x1 @ 0.62
  reconcile: entry fill b73|S163 HAL x1 @ 0.62
  reconcile: entry fill b45|S163 HAL x1 @ 0.62
  reconcile: entry fill b17|S163 HAL x1 @ 0.62
  reconcile: entry fill b137|S168 HAL x1 @ 0.60
  reconcile: entry fill b109|S168 HAL x1 @ 0.60
  reconcile: entry fill b81|S168 HAL x1 @ 0.60
  reconcile: entry fill b53|S168 HAL x1 @ 0.60
  reconcile: entry fill b25|S168 HAL x1 @ 0.60
  reconcile: entry fill b121|S165 HAL x1 @ 0.63
  reconcile: entry fill b93|S165 HAL x1 @ 0.63
  reconcile: entry fill b65|S165 HAL x1 @ 0.63
  reconcile: entry fill b37|S165 HAL x1 @ 0.63
  reconcile: entry fill b9|S165 HAL x1 @ 0.63
  reconcile: entry fill b136|S168 HAL x1 @ 0.63
  reconcile: entry fill b108|S168 HAL x1 @ 0.63
  reconcile: entry fill b80|S168 HAL x1 @ 0.63
  reconcile: entry fill b52|S168 HAL x1 @ 0.63
  reconcile: entry fill b24|S168 HAL x1 @ 0.63
  reconcile: entry fill b132|S164 HAL x1 @ 0.08
  reconcile: entry fill b104|S164 HAL x1 @ 0.08
  reconcile: entry fill b76|S164 HAL x1 @ 0.08
  reconcile: entry fill b48|S164 HAL x1 @ 0.08
  reconcile: entry fill b20|S164 HAL x1 @ 0.08
  reconcile: entry fill b83|S173 CRM x1 @ 0.62
  reconcile: entry fill b63|S173 CRM x1 @ 0.62
  reconcile: entry fill b43|S173 CRM x1 @ 0.62
  reconcile: entry fill b23|S173 CRM x1 @ 0.62
  reconcile: entry fill b3|S173 CRM x1 @ 0.62
  reconcile: entry fill b82|S173 CRM x1 @ 0.70
  reconcile: entry fill b62|S173 CRM x1 @ 0.70
  reconcile: entry fill b42|S173 CRM x1 @ 0.70
  reconcile: entry fill b22|S173 CRM x1 @ 0.70
  reconcile: entry fill b2|S173 CRM x1 @ 0.70
  reconcile: entry fill b81|S173 CRM x1 @ 0.57
  reconcile: entry fill b61|S173 CRM x1 @ 0.57
  reconcile: entry fill b41|S173 CRM x1 @ 0.57
  reconcile: entry fill b21|S173 CRM x1 @ 0.57
  reconcile: entry fill b1|S173 CRM x1 @ 0.57
  reconcile: entry fill b80|S173 CRM x1 @ 0.63
  reconcile: entry fill b60|S173 CRM x1 @ 0.63
  reconcile: entry fill b40|S173 CRM x1 @ 0.63
  reconcile: entry fill b20|S173 CRM x1 @ 0.63
  reconcile: entry fill b0|S173 CRM x1 @ 0.63
  reconcile: entry fill b91|S165 META x1 @ 0.66
  reconcile: entry fill b71|S165 META x1 @ 0.66
  reconcile: entry fill b51|S165 META x1 @ 0.66
  reconcile: entry fill b31|S165 META x1 @ 0.66
  reconcile: entry fill b11|S165 META x1 @ 0.66
  reconcile: entry fill b83|S173 AMD x1 @ 0.52
  reconcile: entry fill b63|S173 AMD x1 @ 0.52
  reconcile: entry fill b43|S173 AMD x1 @ 0.52
  reconcile: entry fill b23|S173 AMD x1 @ 0.52
  reconcile: entry fill b3|S173 AMD x1 @ 0.52
  reconcile: entry fill b90|S165 META x1 @ 0.74
  reconcile: entry fill b70|S165 META x1 @ 0.74
  reconcile: entry fill b50|S165 META x1 @ 0.74
  reconcile: entry fill b30|S165 META x1 @ 0.74
  reconcile: entry fill b10|S165 META x1 @ 0.74
  reconcile: entry fill b82|S173 AMD x1 @ 0.67
  reconcile: entry fill b62|S173 AMD x1 @ 0.67
  reconcile: entry fill b42|S173 AMD x1 @ 0.67
  reconcile: entry fill b22|S173 AMD x1 @ 0.67
  reconcile: entry fill b2|S173 AMD x1 @ 0.67
  reconcile: entry fill b89|S165 META x1 @ 0.68
  reconcile: entry fill b69|S165 META x1 @ 0.68
  reconcile: entry fill b49|S165 META x1 @ 0.68
  reconcile: entry fill b29|S165 META x1 @ 0.68
  reconcile: entry fill b9|S165 META x1 @ 0.68
  reconcile: entry fill b81|S173 AMD x1 @ 0.66
  reconcile: entry fill b61|S173 AMD x1 @ 0.66
  reconcile: entry fill b41|S173 AMD x1 @ 0.66
  reconcile: entry fill b21|S173 AMD x1 @ 0.66
  reconcile: entry fill b1|S173 AMD x1 @ 0.66
  reconcile: entry fill b40|S173 AMZN x1 @ 0.47
  reconcile: entry fill b0|S173 AMZN x1 @ 0.47
  reconcile: entry fill b88|S165 GOOGL x1 @ 0.55
  reconcile: entry fill b68|S165 GOOGL x1 @ 0.55
  reconcile: entry fill b48|S165 GOOGL x1 @ 0.55
  reconcile: entry fill b28|S165 GOOGL x1 @ 0.55
  reconcile: entry fill b8|S165 GOOGL x1 @ 0.55
  reconcile: entry fill b80|S173 AMZN x1 @ 0.51
  reconcile: entry fill b60|S173 AMZN x1 @ 0.51
  reconcile: entry fill b20|S173 AMZN x1 @ 0.51
  reconcile: entry fill b63|S173 LULU x1 @ 0.57
  reconcile: entry fill b43|S173 LULU x1 @ 0.57
  reconcile: entry fill b83|S173 LULU x1 @ 0.63
  reconcile: entry fill b23|S173 LULU x1 @ 0.63
  reconcile: entry fill b62|S173 LULU x1 @ 0.58
  reconcile: entry fill b42|S173 AMD x1 @ 0.68
  reconcile: entry fill b82|S173 LULU x1 @ 0.47
  reconcile: entry fill b2|S173 AMD x1 @ 0.70
  reconcile: entry fill b90|S165 AVGO x1 @ 0.60
  reconcile: entry fill b70|S165 AVGO x1 @ 0.60
  reconcile: entry fill b50|S165 AVGO x1 @ 0.60
  reconcile: entry fill b30|S165 AVGO x1 @ 0.60
  reconcile: entry fill b10|S165 AVGO x1 @ 0.60
  reconcile: entry fill b22|S173 AMD x1 @ 0.67
  reconcile: entry fill b81|S173 AMD x1 @ 0.68
  reconcile: entry fill b61|S173 AMD x1 @ 0.68
  reconcile: entry fill b41|S173 AMD x1 @ 0.68
  reconcile: entry fill b21|S173 AMD x1 @ 0.68
  reconcile: entry fill b1|S173 AMD x1 @ 0.68
  reconcile: entry fill b89|S165 AVGO x1 @ 0.50
  reconcile: entry fill b69|S165 AVGO x1 @ 0.50
  reconcile: entry fill b49|S165 AVGO x1 @ 0.50
  reconcile: entry fill b29|S165 AVGO x1 @ 0.50
  reconcile: entry fill b9|S165 AVGO x1 @ 0.50
  reconcile: entry fill b48|S165 AVGO x1 @ 0.73
  reconcile: entry fill b20|S173 AAL x1 @ 0.56
  reconcile: entry fill b88|S165 AVGO x1 @ 0.55
  reconcile: entry fill b68|S165 AVGO x1 @ 0.55
  reconcile: entry fill b48|S165 AVGO x1 @ 0.55
  reconcile: entry fill b28|S165 AVGO x1 @ 0.55
  reconcile: entry fill b8|S165 AVGO x1 @ 0.55
  reconcile: entry fill b80|S173 UAL x1 @ 0.65
  reconcile: entry fill b60|S173 UAL x1 @ 0.65
  reconcile: entry fill b40|S173 UAL x1 @ 0.65
  reconcile: entry fill b0|S173 UAL x1 @ 0.65
  reconcile: entry fill b83|S173 ADBE x1 @ 0.40
  reconcile: entry fill b63|S173 ADBE x1 @ 0.40
  reconcile: entry fill b43|S173 ADBE x1 @ 0.40
  reconcile: entry fill b23|S173 ADBE x1 @ 0.40
  reconcile: entry fill b3|S173 ADBE x1 @ 0.40
  reconcile: entry fill b90|S165 BSX x1 @ 0.65
  reconcile: entry fill b70|S165 BSX x1 @ 0.65
  reconcile: entry fill b50|S165 BSX x1 @ 0.65
  reconcile: entry fill b30|S165 BSX x1 @ 0.65
  reconcile: entry fill b10|S165 BSX x1 @ 0.65
  reconcile: entry fill b82|S173 ADBE x1 @ 0.48
  reconcile: entry fill b62|S173 ADBE x1 @ 0.48
  reconcile: entry fill b42|S173 ADBE x1 @ 0.48
  reconcile: entry fill b22|S173 ADBE x1 @ 0.48
  reconcile: entry fill b2|S173 ADBE x1 @ 0.48
  reconcile: exit fill b28|S165 GOOGL +61.8%
  reconcile: entry fill b49|S165 GEHC x1 @ 0.70
  reconcile: exit fill b68|S165 GOOGL -54.5%
  reconcile: entry fill b1|S173 C x1 @ 0.54
  reconcile: exit fill b49|S165 META -60.3%
  reconcile: entry fill b89|S165 BSX x1 @ 0.10
  reconcile: entry fill b69|S165 BSX x1 @ 0.10
  reconcile: entry fill b29|S165 BSX x1 @ 0.10
  reconcile: entry fill b9|S165 BSX x1 @ 0.10
  reconcile: entry fill b81|S173 C x1 @ 0.73
  reconcile: entry fill b61|S173 C x1 @ 0.73
  reconcile: entry fill b41|S173 C x1 @ 0.73
  reconcile: entry fill b21|S173 C x1 @ 0.73
  reconcile: entry fill b20|S173 C x1 @ 0.48
  reconcile: entry fill b0|S173 C x1 @ 0.48
  reconcile: entry fill b88|S165 MSFT x1 @ 0.51
  reconcile: entry fill b68|S165 MSFT x1 @ 0.51
  reconcile: entry fill b48|S165 MSFT x1 @ 0.51
  reconcile: entry fill b28|S165 MSFT x1 @ 0.51
  reconcile: entry fill b8|S165 MSFT x1 @ 0.51
  reconcile: entry fill b80|S173 C x1 @ 0.22
  reconcile: entry fill b60|S173 C x1 @ 0.22
  reconcile: entry fill b40|S173 C x1 @ 0.22
  reconcile: exit fill b49|S165 AVGO -44.0%
  reconcile: exit fill b68|S165 AVGO -49.1%
  reconcile: exit fill b8|S165 CELH -26.7%
  reconcile: exit fill b8|S165 GOOGL -38.2%
  reconcile: exit fill b48|S165 GOOGL -40.0%
  reconcile: exit fill b22|S173 CRM -68.6%
  reconcile: exit fill b40|S173 CRM -12.7%
  reconcile: entry fill b67|S174 INTC x1 @ 0.59
  reconcile: entry fill b47|S174 INTC x1 @ 0.59
  reconcile: entry fill b27|S174 INTC x1 @ 0.59
  reconcile: entry fill b83|S173 AMD x1 @ 0.65
  reconcile: entry fill b63|S173 AMD x1 @ 0.65
  reconcile: entry fill b43|S173 AMD x1 @ 0.65
  reconcile: entry fill b23|S173 AMD x1 @ 0.65
  reconcile: entry fill b3|S173 AMD x1 @ 0.65
  reconcile: exit fill b80|S173 CRM -11.1%
  reconcile: exit fill b20|S173 CRM -14.3%
  reconcile: entry fill b66|S174 INTC x1 @ 0.59
  reconcile: exit fill b40|S173 AMZN +14.9%
  reconcile: entry fill b70|S165 HL x1 @ 0.67
  reconcile: exit fill b80|S173 AMZN +11.8%
  reconcile: exit fill b62|S173 CRM -97.1%
  reconcile: entry fill b62|S173 AMD x1 @ 0.05
  reconcile: exit fill b62|S173 AMD -10.4%
  reconcile: entry fill b26|S174 AVGO x1 @ 0.49
  reconcile: entry fill b6|S174 AVGO x1 @ 0.49
  reconcile: entry fill b2|S173 AMD x1 @ 0.70
  reconcile: exit fill b60|S173 CRM -6.3%
  reconcile: entry fill b50|S165 HL x1 @ 0.66
  reconcile: entry fill b30|S165 HL x1 @ 0.66
  reconcile: entry fill b42|S173 AMD x1 @ 0.54
  reconcile: entry fill b22|S173 AMD x1 @ 0.54
  reconcile: exit fill b47|S174 INTC -78.0%
  reconcile: entry fill b25|S174 AVGO x1 @ 0.46
  reconcile: entry fill b89|S165 INTC x1 @ 0.55
  reconcile: entry fill b69|S165 INTC x1 @ 0.55
  reconcile: entry fill b49|S165 INTC x1 @ 0.55
  reconcile: entry fill b29|S165 INTC x1 @ 0.55
  reconcile: entry fill b9|S165 INTC x1 @ 0.55
  reconcile: entry fill b81|S173 SMCI x1 @ 0.61
  reconcile: entry fill b61|S173 SMCI x1 @ 0.61
  reconcile: entry fill b41|S173 SMCI x1 @ 0.61
  reconcile: entry fill b21|S173 SMCI x1 @ 0.61
  reconcile: entry fill b1|S173 SMCI x1 @ 0.61
  reconcile: entry fill b60|S173 NEM x1 @ 0.33
  reconcile: entry fill b40|S173 SMCI x1 @ 0.58
  reconcile: exit fill b80|S173 UAL -6.2%
  reconcile: entry fill b68|S165 INTC x1 @ 0.55
  reconcile: entry fill b20|S173 SMCI x1 @ 0.70
  reconcile: exit fill b80|S173 C +163.6%
  reconcile: entry fill b48|S165 INTC x1 @ 0.71
  reconcile: entry fill b28|S165 INTC x1 @ 0.71
  reconcile: entry fill b8|S165 INTC x1 @ 0.71
  reconcile: entry fill b0|S173 SMCI x1 @ 0.73
  reconcile: exit fill b88|S165 GOOGL +30.9%
  reconcile: exit fill b83|S173 CRM -87.1%
  reconcile: exit fill b21|S173 CRM -75.4%
  reconcile: exit fill b3|S173 CRM -67.7%
  reconcile: exit fill b8|S165 AVGO +36.4%
  reconcile: exit fill b88|S165 AVGO +30.9%
  reconcile: exit fill b83|S173 AMD -61.5%
  reconcile: exit fill b41|S173 CRM -61.4%
  reconcile: exit fill b42|S173 CRM -37.1%
  reconcile: exit fill b90|S165 META -17.6%
  reconcile: exit fill b81|S173 CRM -63.2%
  reconcile: exit fill b82|S173 CRM -40.0%
  reconcile: exit fill b25|S174 AVGO -19.6%
  reconcile: entry fill b87|S174 INTC x1 @ 0.71
  reconcile: entry fill b67|S174 INTC x1 @ 0.71
  reconcile: entry fill b47|S174 INTC x1 @ 0.71
  reconcile: entry fill b27|S174 INTC x1 @ 0.71
  reconcile: entry fill b7|S174 INTC x1 @ 0.71
  reconcile: entry fill b83|S173 T x1 @ 0.15
  reconcile: entry fill b63|S173 T x1 @ 0.15
  reconcile: entry fill b43|S173 T x1 @ 0.15
  reconcile: entry fill b23|S173 T x1 @ 0.15
  reconcile: entry fill b3|S173 T x1 @ 0.15
  reconcile: entry fill b90|S165 INTC x1 @ 0.48
  reconcile: entry fill b70|S165 INTC x1 @ 0.48
  reconcile: entry fill b50|S165 INTC x1 @ 0.48
  reconcile: entry fill b30|S165 INTC x1 @ 0.48
  reconcile: entry fill b10|S165 INTC x1 @ 0.48
  reconcile: entry fill b86|S174 INTC x1 @ 0.70
  reconcile: entry fill b86|S174 INTC x1 @ 0.74
  reconcile: entry fill b8|S165 CELH x1 @ 0.45
  reconcile: removed 177 stale lot(s)
  reconcile: trimmed HAL260731C00033500 lots to match pos qty 5

[Setup]
Active buckets: 140 | Strategies: S165, S164, S168, S167, S166, S163
Dropped (no new entries; ex-reflected P&L): S173, S174

[Scan + entries]
Scanning 903 symbols for [S165, S164, S168, S167, S166, S163] …
Fetched daily bars for 903/903 symbols
Found 335 signal(s); top: ['S165:ACN', 'S165:ADBE', 'S165:A', 'S165:BR', 'S165:CSGP', 'S165:DHR', 'S165:EFX', 'S165:FDS']
Paper lab: $130663 broker equity -> 140 bucket(s) ($500 virtual each, unlimited paper)
  All bucket slots blocked or closed for today's signals — skip entry loop.
Placed 0 new entry order(s).
  reconcile: layout changed controlled:100:c000_s173_w1_0928_1005_r1 -> controlled:140:c000_s173_w1_0928_1005_r1
  reconcile: entry fill b125|S166 HAL x1 @ 0.67
  reconcile: entry fill b97|S166 HAL x1 @ 0.67
  reconcile: entry fill b69|S166 HAL x1 @ 0.67
  reconcile: entry fill b41|S166 HAL x1 @ 0.67
  reconcile: entry fill b13|S166 HAL x1 @ 0.67
  reconcile: entry fill b117|S167 CELH x1 @ 0.40
  reconcile: entry fill b89|S167 CELH x1 @ 0.40
  reconcile: entry fill b61|S167 CELH x1 @ 0.40
  reconcile: entry fill b33|S167 CELH x1 @ 0.40
  reconcile: entry fill b5|S167 CELH x1 @ 0.40
  reconcile: entry fill b137|S168 HAL x1 @ 0.60
  reconcile: entry fill b109|S168 HAL x1 @ 0.60
  reconcile: entry fill b81|S168 HAL x1 @ 0.60
  reconcile: entry fill b53|S168 HAL x1 @ 0.60
  reconcile: entry fill b25|S168 HAL x1 @ 0.60
  reconcile: entry fill b133|S164 LULU x1 @ 0.65
  reconcile: entry fill b105|S164 LULU x1 @ 0.65
  reconcile: entry fill b77|S164 LULU x1 @ 0.65
  reconcile: entry fill b49|S164 LULU x1 @ 0.65
  reconcile: entry fill b21|S164 LULU x1 @ 0.65
  reconcile: entry fill b121|S165 HAL x1 @ 0.63
  reconcile: entry fill b93|S165 HAL x1 @ 0.63
  reconcile: entry fill b65|S165 HAL x1 @ 0.63
  reconcile: entry fill b37|S165 HAL x1 @ 0.63
  reconcile: entry fill b9|S165 HAL x1 @ 0.63
  reconcile: entry fill b128|S163 HAL x1 @ 0.74
  reconcile: entry fill b100|S163 HAL x1 @ 0.74
  reconcile: entry fill b72|S163 HAL x1 @ 0.74
  reconcile: entry fill b44|S163 HAL x1 @ 0.74
  reconcile: entry fill b16|S163 HAL x1 @ 0.74
  reconcile: entry fill b136|S168 HAL x1 @ 0.63
  reconcile: entry fill b108|S168 HAL x1 @ 0.63
  reconcile: entry fill b80|S168 HAL x1 @ 0.63
  reconcile: entry fill b52|S168 HAL x1 @ 0.63
  reconcile: entry fill b24|S168 HAL x1 @ 0.63
  reconcile: entry fill b132|S164 HAL x1 @ 0.08
  reconcile: entry fill b104|S164 HAL x1 @ 0.08
  reconcile: entry fill b76|S164 HAL x1 @ 0.08
  reconcile: entry fill b48|S164 HAL x1 @ 0.08
  reconcile: entry fill b20|S164 HAL x1 @ 0.08
  reconcile: entry fill b83|S173 CRM x1 @ 0.62
  reconcile: entry fill b63|S173 CRM x1 @ 0.62
  reconcile: entry fill b43|S173 CRM x1 @ 0.62
  reconcile: entry fill b23|S173 CRM x1 @ 0.62
  reconcile: entry fill b3|S173 CRM x1 @ 0.62
  reconcile: entry fill b82|S173 CRM x1 @ 0.70
  reconcile: entry fill b62|S173 CRM x1 @ 0.70
  reconcile: entry fill b42|S173 CRM x1 @ 0.70
  reconcile: entry fill b22|S173 CRM x1 @ 0.70
  reconcile: entry fill b2|S173 CRM x1 @ 0.70
  reconcile: entry fill b81|S173 CRM x1 @ 0.57
  reconcile: entry fill b61|S173 CRM x1 @ 0.57
  reconcile: entry fill b41|S173 CRM x1 @ 0.57
  reconcile: entry fill b21|S173 CRM x1 @ 0.57
  reconcile: entry fill b1|S173 CRM x1 @ 0.57
  reconcile: entry fill b80|S173 CRM x1 @ 0.63
  reconcile: entry fill b60|S173 CRM x1 @ 0.63
  reconcile: entry fill b40|S173 CRM x1 @ 0.63
  reconcile: entry fill b20|S173 CRM x1 @ 0.63
  reconcile: entry fill b0|S173 CRM x1 @ 0.63
  reconcile: entry fill b91|S165 META x1 @ 0.66
  reconcile: entry fill b71|S165 META x1 @ 0.66
  reconcile: entry fill b51|S165 META x1 @ 0.66
  reconcile: entry fill b31|S165 META x1 @ 0.66
  reconcile: entry fill b11|S165 META x1 @ 0.66
  reconcile: entry fill b83|S173 AMD x1 @ 0.52
  reconcile: entry fill b63|S173 AMD x1 @ 0.52
  reconcile: entry fill b43|S173 AMD x1 @ 0.52
  reconcile: entry fill b23|S173 AMD x1 @ 0.52
  reconcile: entry fill b3|S173 AMD x1 @ 0.52
  reconcile: entry fill b90|S165 META x1 @ 0.74
  reconcile: entry fill b70|S165 META x1 @ 0.74
  reconcile: entry fill b50|S165 META x1 @ 0.74
  reconcile: entry fill b30|S165 META x1 @ 0.74
  reconcile: entry fill b10|S165 META x1 @ 0.74
  reconcile: entry fill b82|S173 AMD x1 @ 0.67
  reconcile: entry fill b62|S173 AMD x1 @ 0.67
  reconcile: entry fill b42|S173 AMD x1 @ 0.67
  reconcile: entry fill b22|S173 AMD x1 @ 0.67
  reconcile: entry fill b2|S173 AMD x1 @ 0.67
  reconcile: entry fill b89|S165 META x1 @ 0.68
  reconcile: entry fill b69|S165 META x1 @ 0.68
  reconcile: entry fill b49|S165 META x1 @ 0.68
  reconcile: entry fill b29|S165 META x1 @ 0.68
  reconcile: entry fill b9|S165 META x1 @ 0.68
  reconcile: entry fill b81|S173 AMD x1 @ 0.66
  reconcile: entry fill b61|S173 AMD x1 @ 0.66
  reconcile: entry fill b41|S173 AMD x1 @ 0.66
  reconcile: entry fill b21|S173 AMD x1 @ 0.66
  reconcile: entry fill b1|S173 AMD x1 @ 0.66
  reconcile: entry fill b40|S173 AMZN x1 @ 0.47
  reconcile: entry fill b0|S173 AMZN x1 @ 0.47
  reconcile: entry fill b88|S165 GOOGL x1 @ 0.55
  reconcile: entry fill b68|S165 GOOGL x1 @ 0.55
  reconcile: entry fill b48|S165 GOOGL x1 @ 0.55
  reconcile: entry fill b28|S165 GOOGL x1 @ 0.55
  reconcile: entry fill b8|S165 GOOGL x1 @ 0.55
  reconcile: entry fill b80|S173 AMZN x1 @ 0.51
  reconcile: entry fill b60|S173 AMZN x1 @ 0.51
  reconcile: entry fill b20|S173 AMZN x1 @ 0.51
  reconcile: entry fill b63|S173 LULU x1 @ 0.57
  reconcile: entry fill b43|S173 LULU x1 @ 0.57
  reconcile: entry fill b83|S173 LULU x1 @ 0.63
  reconcile: entry fill b23|S173 LULU x1 @ 0.63
  reconcile: entry fill b62|S173 LULU x1 @ 0.58
  reconcile: entry fill b42|S173 AMD x1 @ 0.68
  reconcile: entry fill b82|S173 LULU x1 @ 0.47
  reconcile: entry fill b2|S173 AMD x1 @ 0.70
  reconcile: entry fill b90|S165 AVGO x1 @ 0.60
  reconcile: entry fill b70|S165 AVGO x1 @ 0.60
  reconcile: entry fill b50|S165 AVGO x1 @ 0.60
  reconcile: entry fill b30|S165 AVGO x1 @ 0.60
  reconcile: entry fill b10|S165 AVGO x1 @ 0.60
  reconcile: entry fill b22|S173 AMD x1 @ 0.67
  reconcile: entry fill b81|S173 AMD x1 @ 0.68
  reconcile: entry fill b61|S173 AMD x1 @ 0.68
  reconcile: entry fill b41|S173 AMD x1 @ 0.68
  reconcile: entry fill b21|S173 AMD x1 @ 0.68
  reconcile: entry fill b1|S173 AMD x1 @ 0.68
  reconcile: entry fill b89|S165 AVGO x1 @ 0.50
  reconcile: entry fill b69|S165 AVGO x1 @ 0.50
  reconcile: entry fill b49|S165 AVGO x1 @ 0.50
  reconcile: entry fill b29|S165 AVGO x1 @ 0.50
  reconcile: entry fill b9|S165 AVGO x1 @ 0.50
  reconcile: entry fill b48|S165 AVGO x1 @ 0.73
  reconcile: entry fill b20|S173 AAL x1 @ 0.56
  reconcile: entry fill b88|S165 AVGO x1 @ 0.55
  reconcile: entry fill b68|S165 AVGO x1 @ 0.55
  reconcile: entry fill b48|S165 AVGO x1 @ 0.55
  reconcile: entry fill b28|S165 AVGO x1 @ 0.55
  reconcile: entry fill b8|S165 AVGO x1 @ 0.55
  reconcile: entry fill b80|S173 UAL x1 @ 0.65
  reconcile: entry fill b60|S173 UAL x1 @ 0.65
  reconcile: entry fill b40|S173 UAL x1 @ 0.65
  reconcile: entry fill b0|S173 UAL x1 @ 0.65
  reconcile: entry fill b83|S173 ADBE x1 @ 0.40
  reconcile: entry fill b63|S173 ADBE x1 @ 0.40
  reconcile: entry fill b43|S173 ADBE x1 @ 0.40
  reconcile: entry fill b23|S173 ADBE x1 @ 0.40
  reconcile: entry fill b3|S173 ADBE x1 @ 0.40
  reconcile: entry fill b90|S165 BSX x1 @ 0.65
  reconcile: entry fill b70|S165 BSX x1 @ 0.65
  reconcile: entry fill b50|S165 BSX x1 @ 0.65
  reconcile: entry fill b30|S165 BSX x1 @ 0.65
  reconcile: entry fill b10|S165 BSX x1 @ 0.65
  reconcile: entry fill b82|S173 ADBE x1 @ 0.48
  reconcile: entry fill b62|S173 ADBE x1 @ 0.48
  reconcile: entry fill b42|S173 ADBE x1 @ 0.48
  reconcile: entry fill b22|S173 ADBE x1 @ 0.48
  reconcile: entry fill b2|S173 ADBE x1 @ 0.48
  reconcile: entry fill b49|S165 GEHC x1 @ 0.70
  reconcile: entry fill b1|S173 C x1 @ 0.54
  reconcile: entry fill b89|S165 BSX x1 @ 0.10
  reconcile: entry fill b69|S165 BSX x1 @ 0.10
  reconcile: entry fill b29|S165 BSX x1 @ 0.10
  reconcile: entry fill b9|S165 BSX x1 @ 0.10
  reconcile: entry fill b81|S173 C x1 @ 0.73
  reconcile: entry fill b61|S173 C x1 @ 0.73
  reconcile: entry fill b41|S173 C x1 @ 0.73
  reconcile: entry fill b21|S173 C x1 @ 0.73
  reconcile: entry fill b20|S173 C x1 @ 0.48
  reconcile: entry fill b0|S173 C x1 @ 0.48
  reconcile: entry fill b88|S165 MSFT x1 @ 0.51
  reconcile: entry fill b68|S165 MSFT x1 @ 0.51
  reconcile: entry fill b48|S165 MSFT x1 @ 0.51
  reconcile: entry fill b28|S165 MSFT x1 @ 0.51
  reconcile: entry fill b8|S165 MSFT x1 @ 0.51
  reconcile: entry fill b80|S173 C x1 @ 0.22
  reconcile: entry fill b60|S173 C x1 @ 0.22
  reconcile: entry fill b40|S173 C x1 @ 0.22
  reconcile: entry fill b67|S174 INTC x1 @ 0.59
  reconcile: entry fill b47|S174 INTC x1 @ 0.59
  reconcile: entry fill b27|S174 INTC x1 @ 0.59
  reconcile: entry fill b83|S173 AMD x1 @ 0.65
  reconcile: entry fill b63|S173 AMD x1 @ 0.65
  reconcile: entry fill b43|S173 AMD x1 @ 0.65
  reconcile: entry fill b23|S173 AMD x1 @ 0.65
  reconcile: entry fill b3|S173 AMD x1 @ 0.65
  reconcile: entry fill b66|S174 INTC x1 @ 0.59
  reconcile: entry fill b70|S165 HL x1 @ 0.67
  reconcile: entry fill b62|S173 AMD x1 @ 0.05
  reconcile: entry fill b26|S174 AVGO x1 @ 0.49
  reconcile: entry fill b6|S174 AVGO x1 @ 0.49
  reconcile: entry fill b2|S173 AMD x1 @ 0.70
  reconcile: entry fill b50|S165 HL x1 @ 0.66
  reconcile: entry fill b30|S165 HL x1 @ 0.66
  reconcile: entry fill b42|S173 AMD x1 @ 0.54
  reconcile: entry fill b22|S173 AMD x1 @ 0.54
  reconcile: entry fill b25|S174 AVGO x1 @ 0.46
  reconcile: entry fill b89|S165 INTC x1 @ 0.55
  reconcile: entry fill b69|S165 INTC x1 @ 0.55
  reconcile: entry fill b49|S165 INTC x1 @ 0.55
  reconcile: entry fill b29|S165 INTC x1 @ 0.55
  reconcile: entry fill b9|S165 INTC x1 @ 0.55
  reconcile: entry fill b81|S173 SMCI x1 @ 0.61
  reconcile: entry fill b61|S173 SMCI x1 @ 0.61
  reconcile: entry fill b41|S173 SMCI x1 @ 0.61
  reconcile: entry fill b21|S173 SMCI x1 @ 0.61
  reconcile: entry fill b1|S173 SMCI x1 @ 0.61
  reconcile: entry fill b60|S173 NEM x1 @ 0.33
  reconcile: entry fill b40|S173 SMCI x1 @ 0.58
  reconcile: exit fill b47|S174 INTC -71.2%
  reconcile: entry fill b68|S165 INTC x1 @ 0.55
  reconcile: entry fill b20|S173 SMCI x1 @ 0.70
  reconcile: entry fill b48|S165 INTC x1 @ 0.71
  reconcile: entry fill b28|S165 INTC x1 @ 0.71
  reconcile: entry fill b8|S165 INTC x1 @ 0.71
  reconcile: entry fill b0|S173 SMCI x1 @ 0.73
  reconcile: exit fill b80|S173 CRM -44.4%
  reconcile: exit fill b80|S173 AMZN -17.6%
  reconcile: exit fill b25|S174 AVGO -21.7%
  reconcile: entry fill b87|S174 INTC x1 @ 0.71
  reconcile: entry fill b67|S174 INTC x1 @ 0.71
  reconcile: entry fill b47|S174 INTC x1 @ 0.71
  reconcile: entry fill b27|S174 INTC x1 @ 0.71
  reconcile: entry fill b7|S174 INTC x1 @ 0.71
  reconcile: entry fill b83|S173 T x1 @ 0.15
  reconcile: entry fill b63|S173 T x1 @ 0.15
  reconcile: entry fill b43|S173 T x1 @ 0.15
  reconcile: entry fill b23|S173 T x1 @ 0.15
  reconcile: entry fill b3|S173 T x1 @ 0.15
  reconcile: entry fill b90|S165 INTC x1 @ 0.48
  reconcile: entry fill b70|S165 INTC x1 @ 0.48
  reconcile: removed 200 stale lot(s)
  reconcile: trimmed HAL260731C00033500 lots to match pos qty 5

[Portfolio snapshot]
========================================================
OPTIONS TRIAL STATS
========================================================
Account equity: $130,887.35
Active buckets: 140 of 140 profiles ($500 virtual each) — paper unlimited mode

P&L summary
  Reflected (ex-S173,S174): $+4,817.13 all-time  |  $+0.00 today
  Raw (incl dropped):     $+1,972.58 all-time  |  $+0.00 today
  Open (not sold yet): $-176.60 unrealized (virtual lots)
                       $-168.33 unrealized (broker total)
  Premium deployed:    $1,020.00 in open positions
  Combined P&L:        $+4,640.53 (reflected realized + open virtual)

Ledger (master)
  Total events:     4870
  Today entries:    55
  Today exits (reflected): 0
  All-time exits (reflected): 258  wins 32%
  Avg return/trade: -1.7%  median -35.3%

Open virtual lots (by bucket)
  b4 c004_s167_w1_0928_1005_r1  prem=$    45  real=$ +0.00  open=$ -5.54  lots=1  [S167:CELHx1]
       buy: ask-0.01  sell: bid-0.01  tp=+50% sl=-50%
  b5 c005_s167_w2_1005_1045_r1  prem=$    40  real=$ +0.00  open=$ -4.92  lots=1  [S167:CELHx1]
       buy: ask-0.01  sell: bid-0.01  tp=+50% sl=-50%
  b8 c008_s165_w1_0928_1005_r1  prem=$    45  real=$-231.00  open=$ -5.54  lots=1  [S165:CELHx1]
       buy: ask-0.01  sell: bid-0.01  tp=+50% sl=-50%
  b9 c009_s165_w2_1005_1045_r1  prem=$     0  real=$-261.00  open=$ +0.00  lots=0  [-]
       buy: ask-0.01  sell: bid-0.01  tp=+50% sl=-50%
  b10 c010_s165_w3_1045_1120_r1  prem=$     0  real=$-166.00  open=$ +0.00  lots=0  [-]
       buy: ask-0.01  sell: bid-0.01  tp=+50% sl=-50%
  b16 c016_s163_w1_0928_1005_r1  prem=$    74  real=$ +0.00  open=$-19.32  lots=1  [S163:HALx1]
       buy: ask-0.01  sell: bid-0.01  tp=+50% sl=-50%
  b28 c028_s173_w1_0928_1005_r2  prem=$     0  real=$+142.00  open=$ +0.00  lots=0  [-]
       buy: ask-0.01  sell: bid-0.01  tp=+50% sl=-50%
  b29 c029_s173_w2_1005_1045_r2  prem=$     0  real=$-78.00  open=$ +0.00  lots=0  [-]
       buy: ask-0.01  sell: bid-0.01  tp=+50% sl=-50%
  b30 c030_s173_w3_1045_1120_r2  prem=$     0  real=$-14.00  open=$ +0.00  lots=0  [-]
       buy: ask-0.01  sell: bid-0.01  tp=+50% sl=-50%
  b32 c032_s167_w1_0928_1005_r2  prem=$    45  real=$ +0.00  open=$ -5.54  lots=1  [S167:CELHx1]
       buy: ask-0.01  sell: bid-0.01  tp=+50% sl=-50%
  b33 c033_s167_w2_1005_1045_r2  prem=$    40  real=$ +0.00  open=$ -4.92  lots=1  [S167:CELHx1]
       buy: ask-0.01  sell: bid-0.01  tp=+50% sl=-50%
  b36 c036_s165_w1_0928_1005_r2  prem=$    45  real=$ +0.00  open=$ -5.54  lots=1  [S165:CELHx1]
       buy: ask-0.01  sell: bid-0.01  tp=+50% sl=-50%
  b44 c044_s163_w1_0928_1005_r2  prem=$    74  real=$ +0.00  open=$-19.32  lots=1  [S163:HALx1]
       buy: ask-0.01  sell: bid-0.01  tp=+50% sl=-50%
  b48 c048_s164_w1_0928_1005_r2  prem=$     0  real=$-64.00  open=$ +0.00  lots=0  [-]
       buy: ask-0.01  sell: bid-0.01  tp=+50% sl=-50%
  b49 c049_s164_w2_1005_1045_r2  prem=$     0  real=$-133.00  open=$ +0.00  lots=0  [-]
       buy: ask-0.01  sell: bid-0.01  tp=+50% sl=-50%
  b50 c050_s164_w3_1045_1120_r2  prem=$     0  real=$-67.00  open=$ +0.00  lots=0  [-]
       buy: ask-0.01  sell: bid-0.01  tp=+50% sl=-50%
  b60 c060_s167_w1_0928_1005_r3  prem=$    45  real=$ +0.00  open=$ -5.54  lots=1  [S167:CELHx1]
       buy: ask-0.01  sell: bid-0.01  tp=+50% sl=-50%
  b61 c061_s167_w2_1005_1045_r3  prem=$    40  real=$ +0.00  open=$ -4.92  lots=1  [S167:CELHx1]
       buy: ask-0.01  sell: bid-0.01  tp=+50% sl=-50%
  b64 c064_s165_w1_0928_1005_r3  prem=$    45  real=$ +0.00  open=$ -5.54  lots=1  [S165:CELHx1]
       buy: ask-0.01  sell: bid-0.01  tp=+50% sl=-50%
  b68 c068_s166_w1_0928_1005_r3  prem=$     0  real=$-83.00  open=$ +0.00  lots=0  [-]
       buy: ask-0.01  sell: bid-0.01  tp=+50% sl=-50%
  (12 more active bucket(s) omitted)
  (108 quiet bucket profile(s) — no trades yet)

Alpaca option positions
  CELH260724C00029000  qty=15  cost=$650.00  return=-12.3%  open P&L=$-80.00
  HAL260731C00033500  qty=5  cost=$338.33  return=-26.1%  open P&L=$-88.33

Per-bucket exit stats (all time)
  b0|orphan_reconcile     n= 22  avg=+22.4%  med=-57.5%  realized=$+6,310.91
  b10|c010_s165_w3_1045_1120_r1  n=  7  avg=-33.8%  med=-18.9%  realized=$-166.00
  b28|c028_s165_w1_0928_1005_r2  n= 17  avg=+49.5%  med=+80.0%  realized=$+448.00
  b28|c028_s173_w1_0928_1005_r2  n=  5  avg=+51.6%  med=+80.0%  realized=$+142.00
  b29|c029_s165_w2_1005_1045_r2  n=  9  avg=-23.3%  med=-50.0%  realized=$-221.00
  b29|c029_s173_w2_1005_1045_r2  n=  2  avg=-69.3%  med=-48.5%  realized=$-78.00
  b30|c030_s165_w3_1045_1120_r2  n=  9  avg=+38.8%  med=+0.0%  realized=$+260.00
  b30|c030_s173_w3_1045_1120_r2  n=  2  avg=-9.5%  med=+0.0%  realized=$-14.00
  b31|c031_s165_w4_1120_1135_r2  n=  2  avg=+145.5%  med=+175.8%  realized=$+192.00
  b48|c048_s164_w1_0928_1005_r2  n=  4  avg=-29.1%  med=-40.0%  realized=$-64.00
  b48|c048_s165_w1_0928_1005_r3  n= 16  avg=-35.9%  med=-49.1%  realized=$-344.00
  b49|c049_s164_w2_1005_1045_r2  n=  4  avg=-51.8%  med=-44.0%  realized=$-133.00
  b49|c049_s165_w2_1005_1045_r3  n= 15  avg=-49.3%  med=-49.1%  realized=$-458.00
  b50|c050_s164_w3_1045_1120_r2  n=  3  avg=-31.2%  med=-16.7%  realized=$-67.00
  b50|c050_s165_w3_1045_1120_r3  n=  9  avg=-23.6%  med=-23.1%  realized=$-142.00
  b51|c051_s165_w4_1120_1135_r3  n=  1  avg=+263.6%  med=+263.6%  realized=$+174.00
  b56|g056_lim_tp20_sl65  n=  1  avg=+47.7%  med=+47.7%  realized=$+20.52
  b57|g057_mid_tp20_sl65  n=  1  avg=+47.7%  med=+47.7%  realized=$+20.52
  b58|g058_eod_tp20_sl65  n=  1  avg=+59.1%  med=+59.1%  realized=$+25.41
  b68|c068_s165_w1_0928_1005_r4  n= 16  avg=-51.3%  med=-49.1%  realized=$-446.00
  b68|c068_s166_w1_0928_1005_r3  n=  3  avg=-50.3%  med=-49.1%  realized=$-83.00
  b69|c069_s165_w2_1005_1045_r4  n= 11  avg=+19.0%  med=-43.6%  realized=$-179.00
  b69|c069_s166_w2_1005_1045_r3  n=  4  avg=+10.1%  med=-40.0%  realized=$-87.00
  b70|c070_s165_w3_1045_1120_r4  n= 11  avg=-2.1%  med=-16.9%  realized=$-6.00
  b70|c070_s166_w3_1045_1120_r3  n=  3  avg=-35.1%  med=-27.0%  realized=$-76.00
  b70|g070_eod_tp30_sl20  n=  1  avg=+59.1%  med=+59.1%  realized=$+27.77
  b88|c088_s165_w1_0928_1005_r5  n= 21  avg=-5.0%  med=-2.7%  realized=$-63.00
  b88|c088_s167_w1_0928_1005_r4  n=  3  avg=+3.0%  med=+30.9%  realized=$+5.00
  b89|c089_s165_w2_1005_1045_r5  n=  7  avg=+113.1%  med=+30.9%  realized=$+67.00
  b89|c089_s167_w2_1005_1045_r4  n=  2  avg=-16.2%  med=+30.9%  realized=$-22.00
  b8|c008_s165_w1_0928_1005_r1  n= 22  avg=-18.6%  med=-33.3%  realized=$-231.00
  b90|c090_s165_w3_1045_1120_r5  n= 13  avg=+7.7%  med=+0.0%  realized=$+47.00
  b90|c090_s167_w3_1045_1120_r4  n=  3  avg=-33.8%  med=-18.9%  realized=$-75.00
  b91|c091_s165_w4_1120_1135_r5  n=  2  avg=+222.0%  med=+247.0%  realized=$+293.00
  b9|c009_s165_w2_1005_1045_r1  n=  6  avg=-76.2%  med=-66.2%  realized=$-261.00
========================================================
+========================================================================+
|  OPTIONS BOT SUMMARY                                                   |
+------------------------------------------------------------------------+
|  Mode                          entry+manage                            |
|  Equity                        $130,887.35                             |
|  Signals this run              335                                     |
|  Orders submitted (session)    30                                      |
|  Orders filled today (ledger)  55                                      |
|  Entries placed this run       0                                       |
|  Open virtual lots             20                                      |
|  Broker option positions       2                                       |
|  Pending orders                0                                       |
+========================================================================+
+========================================================================+
|  BUCKET LEADERBOARD (reflected ex-S173,S174)                           |
+------------------------------------------------------------------------+
|  Reflected trades=258  buckets=22  win=32%                             |
|  Returns   avg=-1.7%  med=-35.3%  p10=-65.3%  p90=+83.9%               |
|  Realized  $+4,817.13                                                  |
|  Raw incl dropped  trades=762  real=$+1,972.58                         |
+------------------------------------------------------------------------+
|  BKT PROFILE               N  WIN  AVG%   MED%   BEST%  REAL$          |
+------------------------------------------------------------------------+
|  b51  c051_s164_w4_1120_  1 100% +263.6 +263.6 +263.6 $   +174         |
|  b91  c091_s167_w4_1120_  2 100% +222.0 +222.0 +247.0 $   +293         |
|  b31  c031_s173_w4_1120_  2 100% +145.5 +145.5 +175.8 $   +192         |
|  b28  c028_s173_w1_0928_ 22  77% +50.0 +80.0 +102.0 $   +590           |
|  b58  c058_s173_w3_1045_  1 100% +59.1 +59.1 +59.1 $    +25            |
|  b56  c056_s173_w1_0928_  1 100% +47.7 +47.7 +47.7 $    +21            |
|  b57  c057_s173_w2_1005_  1 100% +47.7 +47.7 +47.7 $    +21            |
|  b89  c089_s167_w2_1005_  9  56% +84.4 +30.9 +790.0 $    +45           |
|  ... 14 more bucket(s) with exits                                      |
+------------------------------------------------------------------------+
|  Low  b9   c009_s165_w2_1005_  6   0% -76.2 -78.1 -92.7 $   -261       |
+========================================================================+
+========================================================================+
|  OPEN OPTIONS (2)                                                      |
+------------------------------------------------------------------------+
|  SYMBOL                      QTY    RET%        OPEN P&L               |
|------------------------------------------------------------------------|
|  HAL260731C00033500            5    -26.1%   $    -88.33               |
|  CELH260724C00029000          15    -12.3%   $    -80.00               |
+========================================================================+
Full detail: logs/options_trial/runs/2026-07-21.log
elapsed=58.7s reconcile=2.21s cancel=0.02s manage=0.2s scan=54.59s entries=0.07s

=== 10:20:47 ET — entry+manage (0 new) [elapsed=38.5s reconcile=1.29s cancel=0.04s manage=0.04s scan=36.69s entries=0.11s] ===
=== options_morning_bot (PAPER) 2026-07-21T10:20:47.703481-04:00 ===

[Run context]
Paper auth OK — equity $131188.85, account PA36KS87UPRS
  reconcile: layout changed controlled:100:c000_s173_w1_0928_1005_r1 -> controlled:140:c000_s173_w1_0928_1005_r1
  reconcile: entry fill b129|S163 HAL x1 @ 0.62
  reconcile: entry fill b101|S163 HAL x1 @ 0.62
  reconcile: entry fill b73|S163 HAL x1 @ 0.62
  reconcile: entry fill b45|S163 HAL x1 @ 0.62
  reconcile: entry fill b17|S163 HAL x1 @ 0.62
  reconcile: entry fill b125|S166 HAL x1 @ 0.67
  reconcile: entry fill b97|S166 HAL x1 @ 0.67
  reconcile: entry fill b69|S166 HAL x1 @ 0.67
  reconcile: entry fill b41|S166 HAL x1 @ 0.67
  reconcile: entry fill b13|S166 HAL x1 @ 0.67
  reconcile: entry fill b137|S168 HAL x1 @ 0.60
  reconcile: entry fill b109|S168 HAL x1 @ 0.60
  reconcile: entry fill b81|S168 HAL x1 @ 0.60
  reconcile: entry fill b53|S168 HAL x1 @ 0.60
  reconcile: entry fill b25|S168 HAL x1 @ 0.60
  reconcile: entry fill b133|S164 LULU x1 @ 0.65
  reconcile: entry fill b105|S164 LULU x1 @ 0.65
  reconcile: entry fill b77|S164 LULU x1 @ 0.65
  reconcile: entry fill b49|S164 LULU x1 @ 0.65
  reconcile: entry fill b21|S164 LULU x1 @ 0.65
  reconcile: entry fill b121|S165 HAL x1 @ 0.63
  reconcile: entry fill b93|S165 HAL x1 @ 0.63
  reconcile: entry fill b65|S165 HAL x1 @ 0.63
  reconcile: entry fill b37|S165 HAL x1 @ 0.63
  reconcile: entry fill b9|S165 HAL x1 @ 0.63
  reconcile: entry fill b136|S168 HAL x1 @ 0.63
  reconcile: entry fill b108|S168 HAL x1 @ 0.63
  reconcile: entry fill b80|S168 HAL x1 @ 0.63
  reconcile: entry fill b52|S168 HAL x1 @ 0.63
  reconcile: entry fill b24|S168 HAL x1 @ 0.63
  reconcile: entry fill b132|S164 HAL x1 @ 0.08
  reconcile: entry fill b104|S164 HAL x1 @ 0.08
  reconcile: entry fill b76|S164 HAL x1 @ 0.08
  reconcile: entry fill b48|S164 HAL x1 @ 0.08
  reconcile: entry fill b20|S164 HAL x1 @ 0.08
  reconcile: entry fill b83|S173 CRM x1 @ 0.62
  reconcile: entry fill b63|S173 CRM x1 @ 0.62
  reconcile: entry fill b43|S173 CRM x1 @ 0.62
  reconcile: entry fill b23|S173 CRM x1 @ 0.62
  reconcile: entry fill b3|S173 CRM x1 @ 0.62
  reconcile: entry fill b82|S173 CRM x1 @ 0.70
  reconcile: entry fill b62|S173 CRM x1 @ 0.70
  reconcile: entry fill b42|S173 CRM x1 @ 0.70
  reconcile: entry fill b22|S173 CRM x1 @ 0.70
  reconcile: entry fill b2|S173 CRM x1 @ 0.70
  reconcile: entry fill b81|S173 CRM x1 @ 0.57
  reconcile: entry fill b61|S173 CRM x1 @ 0.57
  reconcile: entry fill b41|S173 CRM x1 @ 0.57
  reconcile: entry fill b21|S173 CRM x1 @ 0.57
  reconcile: entry fill b1|S173 CRM x1 @ 0.57
  reconcile: entry fill b80|S173 CRM x1 @ 0.63
  reconcile: entry fill b60|S173 CRM x1 @ 0.63
  reconcile: entry fill b40|S173 CRM x1 @ 0.63
  reconcile: entry fill b20|S173 CRM x1 @ 0.63
  reconcile: entry fill b0|S173 CRM x1 @ 0.63
  reconcile: entry fill b91|S165 META x1 @ 0.66
  reconcile: entry fill b71|S165 META x1 @ 0.66
  reconcile: entry fill b51|S165 META x1 @ 0.66
  reconcile: entry fill b31|S165 META x1 @ 0.66
  reconcile: entry fill b11|S165 META x1 @ 0.66
  reconcile: entry fill b83|S173 AMD x1 @ 0.52
  reconcile: entry fill b63|S173 AMD x1 @ 0.52
  reconcile: entry fill b43|S173 AMD x1 @ 0.52
  reconcile: entry fill b23|S173 AMD x1 @ 0.52
  reconcile: entry fill b3|S173 AMD x1 @ 0.52
  reconcile: entry fill b90|S165 META x1 @ 0.74
  reconcile: entry fill b70|S165 META x1 @ 0.74
  reconcile: entry fill b50|S165 META x1 @ 0.74
  reconcile: entry fill b30|S165 META x1 @ 0.74
  reconcile: entry fill b10|S165 META x1 @ 0.74
  reconcile: entry fill b82|S173 AMD x1 @ 0.67
  reconcile: entry fill b62|S173 AMD x1 @ 0.67
  reconcile: entry fill b42|S173 AMD x1 @ 0.67
  reconcile: entry fill b22|S173 AMD x1 @ 0.67
  reconcile: entry fill b2|S173 AMD x1 @ 0.67
  reconcile: entry fill b89|S165 META x1 @ 0.68
  reconcile: entry fill b69|S165 META x1 @ 0.68
  reconcile: entry fill b49|S165 META x1 @ 0.68
  reconcile: entry fill b29|S165 META x1 @ 0.68
  reconcile: entry fill b9|S165 META x1 @ 0.68
  reconcile: entry fill b81|S173 AMD x1 @ 0.66
  reconcile: entry fill b61|S173 AMD x1 @ 0.66
  reconcile: entry fill b41|S173 AMD x1 @ 0.66
  reconcile: entry fill b21|S173 AMD x1 @ 0.66
  reconcile: entry fill b1|S173 AMD x1 @ 0.66
  reconcile: entry fill b40|S173 AMZN x1 @ 0.47
  reconcile: entry fill b0|S173 AMZN x1 @ 0.47
  reconcile: entry fill b88|S165 GOOGL x1 @ 0.55
  reconcile: entry fill b68|S165 GOOGL x1 @ 0.55
  reconcile: entry fill b48|S165 GOOGL x1 @ 0.55
  reconcile: entry fill b28|S165 GOOGL x1 @ 0.55
  reconcile: entry fill b8|S165 GOOGL x1 @ 0.55
  reconcile: entry fill b80|S173 AMZN x1 @ 0.51
  reconcile: entry fill b60|S173 AMZN x1 @ 0.51
  reconcile: entry fill b20|S173 AMZN x1 @ 0.51
  reconcile: entry fill b63|S173 LULU x1 @ 0.57
  reconcile: entry fill b43|S173 LULU x1 @ 0.57
  reconcile: entry fill b83|S173 LULU x1 @ 0.63
  reconcile: entry fill b23|S173 LULU x1 @ 0.63
  reconcile: entry fill b62|S173 LULU x1 @ 0.58
  reconcile: entry fill b42|S173 AMD x1 @ 0.68
  reconcile: entry fill b82|S173 LULU x1 @ 0.47
  reconcile: entry fill b2|S173 AMD x1 @ 0.70
  reconcile: entry fill b90|S165 AVGO x1 @ 0.60
  reconcile: entry fill b70|S165 AVGO x1 @ 0.60
  reconcile: entry fill b50|S165 AVGO x1 @ 0.60
  reconcile: entry fill b30|S165 AVGO x1 @ 0.60
  reconcile: entry fill b10|S165 AVGO x1 @ 0.60
  reconcile: entry fill b22|S173 AMD x1 @ 0.67
  reconcile: entry fill b81|S173 AMD x1 @ 0.68
  reconcile: entry fill b61|S173 AMD x1 @ 0.68
  reconcile: entry fill b41|S173 AMD x1 @ 0.68
  reconcile: entry fill b21|S173 AMD x1 @ 0.68
  reconcile: entry fill b1|S173 AMD x1 @ 0.68
  reconcile: entry fill b89|S165 AVGO x1 @ 0.50
  reconcile: entry fill b69|S165 AVGO x1 @ 0.50
  reconcile: entry fill b49|S165 AVGO x1 @ 0.50
  reconcile: entry fill b29|S165 AVGO x1 @ 0.50
  reconcile: entry fill b9|S165 AVGO x1 @ 0.50
  reconcile: entry fill b48|S165 AVGO x1 @ 0.73
  reconcile: entry fill b20|S173 AAL x1 @ 0.56
  reconcile: entry fill b88|S165 AVGO x1 @ 0.55
  reconcile: entry fill b68|S165 AVGO x1 @ 0.55
  reconcile: entry fill b48|S165 AVGO x1 @ 0.55
  reconcile: entry fill b28|S165 AVGO x1 @ 0.55
  reconcile: entry fill b8|S165 AVGO x1 @ 0.55
  reconcile: entry fill b80|S173 UAL x1 @ 0.65
  reconcile: entry fill b60|S173 UAL x1 @ 0.65
  reconcile: entry fill b40|S173 UAL x1 @ 0.65
  reconcile: entry fill b0|S173 UAL x1 @ 0.65
  reconcile: entry fill b83|S173 ADBE x1 @ 0.40
  reconcile: entry fill b63|S173 ADBE x1 @ 0.40
  reconcile: entry fill b43|S173 ADBE x1 @ 0.40
  reconcile: entry fill b23|S173 ADBE x1 @ 0.40
  reconcile: entry fill b3|S173 ADBE x1 @ 0.40
  reconcile: entry fill b90|S165 BSX x1 @ 0.65
  reconcile: entry fill b70|S165 BSX x1 @ 0.65
  reconcile: entry fill b50|S165 BSX x1 @ 0.65
  reconcile: entry fill b30|S165 BSX x1 @ 0.65
  reconcile: entry fill b10|S165 BSX x1 @ 0.65
  reconcile: entry fill b82|S173 ADBE x1 @ 0.48
  reconcile: entry fill b62|S173 ADBE x1 @ 0.48
  reconcile: entry fill b42|S173 ADBE x1 @ 0.48
  reconcile: entry fill b22|S173 ADBE x1 @ 0.48
  reconcile: entry fill b2|S173 ADBE x1 @ 0.48
  reconcile: entry fill b49|S165 GEHC x1 @ 0.70
  reconcile: entry fill b1|S173 C x1 @ 0.54
  reconcile: entry fill b89|S165 BSX x1 @ 0.10
  reconcile: entry fill b69|S165 BSX x1 @ 0.10
  reconcile: entry fill b29|S165 BSX x1 @ 0.10
  reconcile: entry fill b9|S165 BSX x1 @ 0.10
  reconcile: entry fill b81|S173 C x1 @ 0.73
  reconcile: entry fill b61|S173 C x1 @ 0.73
  reconcile: entry fill b41|S173 C x1 @ 0.73
  reconcile: entry fill b21|S173 C x1 @ 0.73
  reconcile: entry fill b20|S173 C x1 @ 0.48
  reconcile: entry fill b0|S173 C x1 @ 0.48
  reconcile: entry fill b88|S165 MSFT x1 @ 0.51
  reconcile: entry fill b68|S165 MSFT x1 @ 0.51
  reconcile: entry fill b48|S165 MSFT x1 @ 0.51
  reconcile: entry fill b28|S165 MSFT x1 @ 0.51
  reconcile: entry fill b8|S165 MSFT x1 @ 0.51
  reconcile: entry fill b80|S173 C x1 @ 0.22
  reconcile: entry fill b60|S173 C x1 @ 0.22
  reconcile: entry fill b40|S173 C x1 @ 0.22
  reconcile: entry fill b67|S174 INTC x1 @ 0.59
  reconcile: entry fill b47|S174 INTC x1 @ 0.59
  reconcile: entry fill b27|S174 INTC x1 @ 0.59
  reconcile: entry fill b83|S173 AMD x1 @ 0.65
  reconcile: entry fill b63|S173 AMD x1 @ 0.65
  reconcile: entry fill b43|S173 AMD x1 @ 0.65
  reconcile: entry fill b23|S173 AMD x1 @ 0.65
  reconcile: entry fill b3|S173 AMD x1 @ 0.65
  reconcile: entry fill b66|S174 INTC x1 @ 0.59
  reconcile: entry fill b70|S165 HL x1 @ 0.67
  reconcile: entry fill b62|S173 AMD x1 @ 0.05
  reconcile: entry fill b26|S174 AVGO x1 @ 0.49
  reconcile: entry fill b6|S174 AVGO x1 @ 0.49
  reconcile: entry fill b2|S173 AMD x1 @ 0.70
  reconcile: entry fill b50|S165 HL x1 @ 0.66
  reconcile: entry fill b30|S165 HL x1 @ 0.66
  reconcile: entry fill b42|S173 AMD x1 @ 0.54
  reconcile: entry fill b22|S173 AMD x1 @ 0.54
  reconcile: entry fill b25|S174 AVGO x1 @ 0.46
  reconcile: entry fill b89|S165 INTC x1 @ 0.55
  reconcile: entry fill b69|S165 INTC x1 @ 0.55
  reconcile: entry fill b49|S165 INTC x1 @ 0.55
  reconcile: entry fill b29|S165 INTC x1 @ 0.55
  reconcile: entry fill b9|S165 INTC x1 @ 0.55
  reconcile: entry fill b81|S173 SMCI x1 @ 0.61
  reconcile: entry fill b61|S173 SMCI x1 @ 0.61
  reconcile: entry fill b41|S173 SMCI x1 @ 0.61
  reconcile: entry fill b21|S173 SMCI x1 @ 0.61
  reconcile: entry fill b1|S173 SMCI x1 @ 0.61
  reconcile: entry fill b60|S173 NEM x1 @ 0.33
  reconcile: entry fill b40|S173 SMCI x1 @ 0.58
  reconcile: entry fill b68|S165 INTC x1 @ 0.55
  reconcile: entry fill b20|S173 SMCI x1 @ 0.70
  reconcile: entry fill b48|S165 INTC x1 @ 0.71
  reconcile: entry fill b28|S165 INTC x1 @ 0.71
  reconcile: entry fill b8|S165 INTC x1 @ 0.71
  reconcile: entry fill b0|S173 SMCI x1 @ 0.73
  reconcile: removed 222 stale lot(s)

[Setup]
Active buckets: 140 | Strategies: S165, S164, S168, S167, S166, S163
Dropped (no new entries; ex-reflected P&L): S173, S174

[Scan + entries]
Scanning 903 symbols for [S165, S164, S168, S167, S166, S163] …
Fetched daily bars for 903/903 symbols
Found 335 signal(s); top: ['S165:ACN', 'S165:ADBE', 'S165:A', 'S165:BR', 'S165:CSGP', 'S165:DHR', 'S165:EFX', 'S165:FDS']
Paper lab: $131153 broker equity -> 140 bucket(s) ($500 virtual each, unlimited paper)
  All bucket slots blocked or closed for today's signals — skip entry loop.
Placed 0 new entry order(s).

[Portfolio snapshot]
========================================================
OPTIONS TRIAL STATS
========================================================
Account equity: $131,188.85
Active buckets: 140 of 140 profiles ($500 virtual each) — paper unlimited mode

P&L summary
  Reflected (ex-S173,S174): $+4,817.13 all-time  |  $+0.00 today
  Raw (incl dropped):     $+1,972.58 all-time  |  $+0.00 today
  Open (not sold yet): $+0.00 unrealized (virtual lots)
  Premium deployed:    $0.00 in open positions
  Combined P&L:        $+4,817.13 (reflected realized + open virtual)

Ledger (master)
  Total events:     4890
  Today entries:    55
  Today exits (reflected): 0
  All-time exits (reflected): 258  wins 32%
  Avg return/trade: -1.7%  median -35.3%

Open virtual lots (by bucket)
  b8 c008_s165_w1_0928_1005_r1  prem=$     0  real=$-231.00  open=$ +0.00  lots=0  [-]
       buy: ask-0.01  sell: bid-0.01  tp=+50% sl=-50%
  b9 c009_s165_w2_1005_1045_r1  prem=$     0  real=$-261.00  open=$ +0.00  lots=0  [-]
       buy: ask-0.01  sell: bid-0.01  tp=+50% sl=-50%
  b10 c010_s165_w3_1045_1120_r1  prem=$     0  real=$-166.00  open=$ +0.00  lots=0  [-]
       buy: ask-0.01  sell: bid-0.01  tp=+50% sl=-50%
  b28 c028_s173_w1_0928_1005_r2  prem=$     0  real=$+142.00  open=$ +0.00  lots=0  [-]
       buy: ask-0.01  sell: bid-0.01  tp=+50% sl=-50%
  b29 c029_s173_w2_1005_1045_r2  prem=$     0  real=$-78.00  open=$ +0.00  lots=0  [-]
       buy: ask-0.01  sell: bid-0.01  tp=+50% sl=-50%
  b30 c030_s173_w3_1045_1120_r2  prem=$     0  real=$-14.00  open=$ +0.00  lots=0  [-]
       buy: ask-0.01  sell: bid-0.01  tp=+50% sl=-50%
  b48 c048_s164_w1_0928_1005_r2  prem=$     0  real=$-64.00  open=$ +0.00  lots=0  [-]
       buy: ask-0.01  sell: bid-0.01  tp=+50% sl=-50%
  b49 c049_s164_w2_1005_1045_r2  prem=$     0  real=$-133.00  open=$ +0.00  lots=0  [-]
       buy: ask-0.01  sell: bid-0.01  tp=+50% sl=-50%
  b50 c050_s164_w3_1045_1120_r2  prem=$     0  real=$-67.00  open=$ +0.00  lots=0  [-]
       buy: ask-0.01  sell: bid-0.01  tp=+50% sl=-50%
  b68 c068_s166_w1_0928_1005_r3  prem=$     0  real=$-83.00  open=$ +0.00  lots=0  [-]
       buy: ask-0.01  sell: bid-0.01  tp=+50% sl=-50%
  b69 c069_s166_w2_1005_1045_r3  prem=$     0  real=$-87.00  open=$ +0.00  lots=0  [-]
       buy: ask-0.01  sell: bid-0.01  tp=+50% sl=-50%
  b70 c070_s166_w3_1045_1120_r3  prem=$     0  real=$-76.00  open=$ +0.00  lots=0  [-]
       buy: ask-0.01  sell: bid-0.01  tp=+50% sl=-50%
  b88 c088_s167_w1_0928_1005_r4  prem=$     0  real=$ +5.00  open=$ +0.00  lots=0  [-]
       buy: ask-0.01  sell: bid-0.01  tp=+50% sl=-50%
  b89 c089_s167_w2_1005_1045_r4  prem=$     0  real=$-22.00  open=$ +0.00  lots=0  [-]
       buy: ask-0.01  sell: bid-0.01  tp=+50% sl=-50%
  b90 c090_s167_w3_1045_1120_r4  prem=$     0  real=$-75.00  open=$ +0.00  lots=0  [-]
       buy: ask-0.01  sell: bid-0.01  tp=+50% sl=-50%
  (125 quiet bucket profile(s) — no trades yet)

Alpaca option positions
  (none)

Per-bucket exit stats (all time)
  b0|orphan_reconcile     n= 22  avg=+22.4%  med=-57.5%  realized=$+6,310.91
  b10|c010_s165_w3_1045_1120_r1  n=  7  avg=-33.8%  med=-18.9%  realized=$-166.00
  b28|c028_s165_w1_0928_1005_r2  n= 17  avg=+49.5%  med=+80.0%  realized=$+448.00
  b28|c028_s173_w1_0928_1005_r2  n=  5  avg=+51.6%  med=+80.0%  realized=$+142.00
  b29|c029_s165_w2_1005_1045_r2  n=  9  avg=-23.3%  med=-50.0%  realized=$-221.00
  b29|c029_s173_w2_1005_1045_r2  n=  2  avg=-69.3%  med=-48.5%  realized=$-78.00
  b30|c030_s165_w3_1045_1120_r2  n=  9  avg=+38.8%  med=+0.0%  realized=$+260.00
  b30|c030_s173_w3_1045_1120_r2  n=  2  avg=-9.5%  med=+0.0%  realized=$-14.00
  b31|c031_s165_w4_1120_1135_r2  n=  2  avg=+145.5%  med=+175.8%  realized=$+192.00
  b48|c048_s164_w1_0928_1005_r2  n=  4  avg=-29.1%  med=-40.0%  realized=$-64.00
  b48|c048_s165_w1_0928_1005_r3  n= 16  avg=-35.9%  med=-49.1%  realized=$-344.00
  b49|c049_s164_w2_1005_1045_r2  n=  4  avg=-51.8%  med=-44.0%  realized=$-133.00
  b49|c049_s165_w2_1005_1045_r3  n= 15  avg=-49.3%  med=-49.1%  realized=$-458.00
  b50|c050_s164_w3_1045_1120_r2  n=  3  avg=-31.2%  med=-16.7%  realized=$-67.00
  b50|c050_s165_w3_1045_1120_r3  n=  9  avg=-23.6%  med=-23.1%  realized=$-142.00
  b51|c051_s165_w4_1120_1135_r3  n=  1  avg=+263.6%  med=+263.6%  realized=$+174.00
  b56|g056_lim_tp20_sl65  n=  1  avg=+47.7%  med=+47.7%  realized=$+20.52
  b57|g057_mid_tp20_sl65  n=  1  avg=+47.7%  med=+47.7%  realized=$+20.52
  b58|g058_eod_tp20_sl65  n=  1  avg=+59.1%  med=+59.1%  realized=$+25.41
  b68|c068_s165_w1_0928_1005_r4  n= 16  avg=-51.3%  med=-49.1%  realized=$-446.00
  b68|c068_s166_w1_0928_1005_r3  n=  3  avg=-50.3%  med=-49.1%  realized=$-83.00
  b69|c069_s165_w2_1005_1045_r4  n= 11  avg=+19.0%  med=-43.6%  realized=$-179.00
  b69|c069_s166_w2_1005_1045_r3  n=  4  avg=+10.1%  med=-40.0%  realized=$-87.00
  b70|c070_s165_w3_1045_1120_r4  n= 11  avg=-2.1%  med=-16.9%  realized=$-6.00
  b70|c070_s166_w3_1045_1120_r3  n=  3  avg=-35.1%  med=-27.0%  realized=$-76.00
  b70|g070_eod_tp30_sl20  n=  1  avg=+59.1%  med=+59.1%  realized=$+27.77
  b88|c088_s165_w1_0928_1005_r5  n= 21  avg=-5.0%  med=-2.7%  realized=$-63.00
  b88|c088_s167_w1_0928_1005_r4  n=  3  avg=+3.0%  med=+30.9%  realized=$+5.00
  b89|c089_s165_w2_1005_1045_r5  n=  7  avg=+113.1%  med=+30.9%  realized=$+67.00
  b89|c089_s167_w2_1005_1045_r4  n=  2  avg=-16.2%  med=+30.9%  realized=$-22.00
  b8|c008_s165_w1_0928_1005_r1  n= 22  avg=-18.6%  med=-33.3%  realized=$-231.00
  b90|c090_s165_w3_1045_1120_r5  n= 13  avg=+7.7%  med=+0.0%  realized=$+47.00
  b90|c090_s167_w3_1045_1120_r4  n=  3  avg=-33.8%  med=-18.9%  realized=$-75.00
  b91|c091_s165_w4_1120_1135_r5  n=  2  avg=+222.0%  med=+247.0%  realized=$+293.00
  b9|c009_s165_w2_1005_1045_r1  n=  6  avg=-76.2%  med=-66.2%  realized=$-261.00
========================================================
+========================================================================+
|  OPTIONS BOT SUMMARY                                                   |
+------------------------------------------------------------------------+
|  Mode                          entry+manage                            |
|  Equity                        $131,188.85                             |
|  Signals this run              335                                     |
|  Orders submitted (session)    30                                      |
|  Orders filled today (ledger)  55                                      |
|  Entries placed this run       0                                       |
|  Open virtual lots             0                                       |
|  Broker option positions       0                                       |
|  Pending orders                0                                       |
+========================================================================+
+========================================================================+
|  BUCKET LEADERBOARD (reflected ex-S173,S174)                           |
+------------------------------------------------------------------------+
|  Reflected trades=258  buckets=22  win=32%                             |
|  Returns   avg=-1.7%  med=-35.3%  p10=-65.3%  p90=+83.9%               |
|  Realized  $+4,817.13                                                  |
|  Raw incl dropped  trades=762  real=$+1,972.58                         |
+------------------------------------------------------------------------+
|  BKT PROFILE               N  WIN  AVG%   MED%   BEST%  REAL$          |
+------------------------------------------------------------------------+
|  b51  c051_s164_w4_1120_  1 100% +263.6 +263.6 +263.6 $   +174         |
|  b91  c091_s167_w4_1120_  2 100% +222.0 +222.0 +247.0 $   +293         |
|  b31  c031_s173_w4_1120_  2 100% +145.5 +145.5 +175.8 $   +192         |
|  b28  c028_s173_w1_0928_ 22  77% +50.0 +80.0 +102.0 $   +590           |
|  b58  c058_s173_w3_1045_  1 100% +59.1 +59.1 +59.1 $    +25            |
|  b56  c056_s173_w1_0928_  1 100% +47.7 +47.7 +47.7 $    +21            |
|  b57  c057_s173_w2_1005_  1 100% +47.7 +47.7 +47.7 $    +21            |
|  b89  c089_s167_w2_1005_  9  56% +84.4 +30.9 +790.0 $    +45           |
|  ... 14 more bucket(s) with exits                                      |
+------------------------------------------------------------------------+
|  Low  b9   c009_s165_w2_1005_  6   0% -76.2 -78.1 -92.7 $   -261       |
+========================================================================+
+========================================================================+
|  OPEN OPTIONS (0)                                                      |
+------------------------------------------------------------------------+
|  No open option positions                                              |
+========================================================================+
Full detail: logs/options_trial/runs/2026-07-21.log
elapsed=38.5s reconcile=1.29s cancel=0.04s manage=0.04s scan=36.69s entries=0.11s

=== 10:25:49 ET — entry+manage (0 new) [elapsed=39.1s reconcile=1.52s cancel=0.15s manage=0.15s scan=36.44s entries=0.2s] ===
=== options_morning_bot (PAPER) 2026-07-21T10:25:49.019390-04:00 ===

[Run context]
Paper auth OK — equity $131380.85, account PA36KS87UPRS
  reconcile: layout changed controlled:100:c000_s173_w1_0928_1005_r1 -> controlled:140:c000_s173_w1_0928_1005_r1
  reconcile: entry fill b129|S163 HAL x1 @ 0.62
  reconcile: entry fill b101|S163 HAL x1 @ 0.62
  reconcile: entry fill b73|S163 HAL x1 @ 0.62
  reconcile: entry fill b45|S163 HAL x1 @ 0.62
  reconcile: entry fill b17|S163 HAL x1 @ 0.62
  reconcile: entry fill b125|S166 HAL x1 @ 0.67
  reconcile: entry fill b97|S166 HAL x1 @ 0.67
  reconcile: entry fill b69|S166 HAL x1 @ 0.67
  reconcile: entry fill b41|S166 HAL x1 @ 0.67
  reconcile: entry fill b13|S166 HAL x1 @ 0.67
  reconcile: entry fill b117|S167 CELH x1 @ 0.40
  reconcile: entry fill b89|S167 CELH x1 @ 0.40
  reconcile: entry fill b61|S167 CELH x1 @ 0.40
  reconcile: entry fill b33|S167 CELH x1 @ 0.40
  reconcile: entry fill b5|S167 CELH x1 @ 0.40
  reconcile: entry fill b137|S168 HAL x1 @ 0.60
  reconcile: entry fill b109|S168 HAL x1 @ 0.60
  reconcile: entry fill b81|S168 HAL x1 @ 0.60
  reconcile: entry fill b53|S168 HAL x1 @ 0.60
  reconcile: entry fill b25|S168 HAL x1 @ 0.60
  reconcile: entry fill b133|S164 LULU x1 @ 0.65
  reconcile: entry fill b105|S164 LULU x1 @ 0.65
  reconcile: entry fill b77|S164 LULU x1 @ 0.65
  reconcile: entry fill b49|S164 LULU x1 @ 0.65
  reconcile: entry fill b21|S164 LULU x1 @ 0.65
  reconcile: entry fill b121|S165 HAL x1 @ 0.63
  reconcile: entry fill b93|S165 HAL x1 @ 0.63
  reconcile: entry fill b65|S165 HAL x1 @ 0.63
  reconcile: entry fill b37|S165 HAL x1 @ 0.63
  reconcile: entry fill b9|S165 HAL x1 @ 0.63
  reconcile: entry fill b128|S163 HAL x1 @ 0.74
  reconcile: entry fill b100|S163 HAL x1 @ 0.74
  reconcile: entry fill b72|S163 HAL x1 @ 0.74
  reconcile: entry fill b44|S163 HAL x1 @ 0.74
  reconcile: entry fill b16|S163 HAL x1 @ 0.74
  reconcile: entry fill b116|S167 CELH x1 @ 0.45
  reconcile: entry fill b88|S167 CELH x1 @ 0.45
  reconcile: entry fill b60|S167 CELH x1 @ 0.45
  reconcile: entry fill b32|S167 CELH x1 @ 0.45
  reconcile: entry fill b4|S167 CELH x1 @ 0.45
  reconcile: entry fill b136|S168 HAL x1 @ 0.63
  reconcile: entry fill b108|S168 HAL x1 @ 0.63
  reconcile: entry fill b80|S168 HAL x1 @ 0.63
  reconcile: entry fill b52|S168 HAL x1 @ 0.63
  reconcile: entry fill b24|S168 HAL x1 @ 0.63
  reconcile: entry fill b132|S164 HAL x1 @ 0.08
  reconcile: entry fill b104|S164 HAL x1 @ 0.08
  reconcile: entry fill b76|S164 HAL x1 @ 0.08
  reconcile: entry fill b48|S164 HAL x1 @ 0.08
  reconcile: entry fill b20|S164 HAL x1 @ 0.08
  reconcile: entry fill b120|S165 CELH x1 @ 0.45
  reconcile: entry fill b92|S165 CELH x1 @ 0.45
  reconcile: entry fill b64|S165 CELH x1 @ 0.45
  reconcile: entry fill b36|S165 CELH x1 @ 0.45
  reconcile: entry fill b8|S165 CELH x1 @ 0.45
  reconcile: entry fill b83|S173 CRM x1 @ 0.62
  reconcile: entry fill b63|S173 CRM x1 @ 0.62
  reconcile: entry fill b43|S173 CRM x1 @ 0.62
  reconcile: entry fill b23|S173 CRM x1 @ 0.62
  reconcile: entry fill b3|S173 CRM x1 @ 0.62
  reconcile: entry fill b82|S173 CRM x1 @ 0.70
  reconcile: entry fill b62|S173 CRM x1 @ 0.70
  reconcile: entry fill b42|S173 CRM x1 @ 0.70
  reconcile: entry fill b22|S173 CRM x1 @ 0.70
  reconcile: entry fill b2|S173 CRM x1 @ 0.70
  reconcile: entry fill b81|S173 CRM x1 @ 0.57
  reconcile: entry fill b61|S173 CRM x1 @ 0.57
  reconcile: entry fill b41|S173 CRM x1 @ 0.57
  reconcile: entry fill b21|S173 CRM x1 @ 0.57
  reconcile: entry fill b1|S173 CRM x1 @ 0.57
  reconcile: entry fill b80|S173 CRM x1 @ 0.63
  reconcile: entry fill b60|S173 CRM x1 @ 0.63
  reconcile: entry fill b40|S173 CRM x1 @ 0.63
  reconcile: entry fill b20|S173 CRM x1 @ 0.63
  reconcile: entry fill b0|S173 CRM x1 @ 0.63
  reconcile: entry fill b91|S165 META x1 @ 0.66
  reconcile: entry fill b71|S165 META x1 @ 0.66
  reconcile: entry fill b51|S165 META x1 @ 0.66
  reconcile: entry fill b31|S165 META x1 @ 0.66
  reconcile: entry fill b11|S165 META x1 @ 0.66
  reconcile: entry fill b83|S173 AMD x1 @ 0.52
  reconcile: entry fill b63|S173 AMD x1 @ 0.52
  reconcile: entry fill b43|S173 AMD x1 @ 0.52
  reconcile: entry fill b23|S173 AMD x1 @ 0.52
  reconcile: entry fill b3|S173 AMD x1 @ 0.52
  reconcile: entry fill b90|S165 META x1 @ 0.74
  reconcile: entry fill b70|S165 META x1 @ 0.74
  reconcile: entry fill b50|S165 META x1 @ 0.74
  reconcile: entry fill b30|S165 META x1 @ 0.74
  reconcile: entry fill b10|S165 META x1 @ 0.74
  reconcile: entry fill b82|S173 AMD x1 @ 0.67
  reconcile: entry fill b62|S173 AMD x1 @ 0.67
  reconcile: entry fill b42|S173 AMD x1 @ 0.67
  reconcile: entry fill b22|S173 AMD x1 @ 0.67
  reconcile: entry fill b2|S173 AMD x1 @ 0.67
  reconcile: entry fill b89|S165 META x1 @ 0.68
  reconcile: entry fill b69|S165 META x1 @ 0.68
  reconcile: entry fill b49|S165 META x1 @ 0.68
  reconcile: entry fill b29|S165 META x1 @ 0.68
  reconcile: entry fill b9|S165 META x1 @ 0.68
  reconcile: entry fill b81|S173 AMD x1 @ 0.66
  reconcile: entry fill b61|S173 AMD x1 @ 0.66
  reconcile: entry fill b41|S173 AMD x1 @ 0.66
  reconcile: entry fill b21|S173 AMD x1 @ 0.66
  reconcile: entry fill b1|S173 AMD x1 @ 0.66
  reconcile: entry fill b40|S173 AMZN x1 @ 0.47
  reconcile: entry fill b0|S173 AMZN x1 @ 0.47
  reconcile: entry fill b88|S165 GOOGL x1 @ 0.55
  reconcile: entry fill b68|S165 GOOGL x1 @ 0.55
  reconcile: entry fill b48|S165 GOOGL x1 @ 0.55
  reconcile: entry fill b28|S165 GOOGL x1 @ 0.55
  reconcile: entry fill b8|S165 GOOGL x1 @ 0.55
  reconcile: entry fill b80|S173 AMZN x1 @ 0.51
  reconcile: entry fill b60|S173 AMZN x1 @ 0.51
  reconcile: entry fill b20|S173 AMZN x1 @ 0.51
  reconcile: entry fill b63|S173 LULU x1 @ 0.57
  reconcile: entry fill b43|S173 LULU x1 @ 0.57
  reconcile: entry fill b83|S173 LULU x1 @ 0.63
  reconcile: entry fill b23|S173 LULU x1 @ 0.63
  reconcile: entry fill b62|S173 LULU x1 @ 0.58
  reconcile: entry fill b42|S173 AMD x1 @ 0.68
  reconcile: entry fill b82|S173 LULU x1 @ 0.47
  reconcile: entry fill b2|S173 AMD x1 @ 0.70
  reconcile: entry fill b90|S165 AVGO x1 @ 0.60
  reconcile: entry fill b70|S165 AVGO x1 @ 0.60
  reconcile: entry fill b50|S165 AVGO x1 @ 0.60
  reconcile: entry fill b30|S165 AVGO x1 @ 0.60
  reconcile: entry fill b10|S165 AVGO x1 @ 0.60
  reconcile: entry fill b22|S173 AMD x1 @ 0.67
  reconcile: entry fill b81|S173 AMD x1 @ 0.68
  reconcile: entry fill b61|S173 AMD x1 @ 0.68
  reconcile: entry fill b41|S173 AMD x1 @ 0.68
  reconcile: entry fill b21|S173 AMD x1 @ 0.68
  reconcile: entry fill b1|S173 AMD x1 @ 0.68
  reconcile: entry fill b89|S165 AVGO x1 @ 0.50
  reconcile: entry fill b69|S165 AVGO x1 @ 0.50
  reconcile: entry fill b49|S165 AVGO x1 @ 0.50
  reconcile: entry fill b29|S165 AVGO x1 @ 0.50
  reconcile: entry fill b9|S165 AVGO x1 @ 0.50
  reconcile: entry fill b48|S165 AVGO x1 @ 0.73
  reconcile: entry fill b20|S173 AAL x1 @ 0.56
  reconcile: entry fill b88|S165 AVGO x1 @ 0.55
  reconcile: entry fill b68|S165 AVGO x1 @ 0.55
  reconcile: entry fill b48|S165 AVGO x1 @ 0.55
  reconcile: entry fill b28|S165 AVGO x1 @ 0.55
  reconcile: entry fill b8|S165 AVGO x1 @ 0.55
  reconcile: entry fill b80|S173 UAL x1 @ 0.65
  reconcile: entry fill b60|S173 UAL x1 @ 0.65
  reconcile: entry fill b40|S173 UAL x1 @ 0.65
  reconcile: entry fill b0|S173 UAL x1 @ 0.65
  reconcile: entry fill b83|S173 ADBE x1 @ 0.40
  reconcile: entry fill b63|S173 ADBE x1 @ 0.40
  reconcile: entry fill b43|S173 ADBE x1 @ 0.40
  reconcile: entry fill b23|S173 ADBE x1 @ 0.40
  reconcile: entry fill b3|S173 ADBE x1 @ 0.40
  reconcile: entry fill b90|S165 BSX x1 @ 0.65
  reconcile: entry fill b70|S165 BSX x1 @ 0.65
  reconcile: entry fill b50|S165 BSX x1 @ 0.65
  reconcile: entry fill b30|S165 BSX x1 @ 0.65
  reconcile: entry fill b10|S165 BSX x1 @ 0.65
  reconcile: entry fill b82|S173 ADBE x1 @ 0.48
  reconcile: entry fill b62|S173 ADBE x1 @ 0.48
  reconcile: entry fill b42|S173 ADBE x1 @ 0.48
  reconcile: entry fill b22|S173 ADBE x1 @ 0.48
  reconcile: entry fill b2|S173 ADBE x1 @ 0.48
  reconcile: entry fill b49|S165 GEHC x1 @ 0.70
  reconcile: entry fill b1|S173 C x1 @ 0.54
  reconcile: entry fill b89|S165 BSX x1 @ 0.10
  reconcile: entry fill b69|S165 BSX x1 @ 0.10
  reconcile: entry fill b29|S165 BSX x1 @ 0.10
  reconcile: entry fill b9|S165 BSX x1 @ 0.10
  reconcile: entry fill b81|S173 C x1 @ 0.73
  reconcile: entry fill b61|S173 C x1 @ 0.73
  reconcile: entry fill b41|S173 C x1 @ 0.73
  reconcile: entry fill b21|S173 C x1 @ 0.73
  reconcile: entry fill b20|S173 C x1 @ 0.48
  reconcile: entry fill b0|S173 C x1 @ 0.48
  reconcile: entry fill b88|S165 MSFT x1 @ 0.51
  reconcile: entry fill b68|S165 MSFT x1 @ 0.51
  reconcile: entry fill b48|S165 MSFT x1 @ 0.51
  reconcile: entry fill b28|S165 MSFT x1 @ 0.51
  reconcile: entry fill b8|S165 MSFT x1 @ 0.51
  reconcile: entry fill b80|S173 C x1 @ 0.22
  reconcile: entry fill b60|S173 C x1 @ 0.22
  reconcile: entry fill b40|S173 C x1 @ 0.22
  reconcile: entry fill b67|S174 INTC x1 @ 0.59
  reconcile: entry fill b47|S174 INTC x1 @ 0.59
  reconcile: entry fill b27|S174 INTC x1 @ 0.59
  reconcile: entry fill b83|S173 AMD x1 @ 0.65
  reconcile: entry fill b63|S173 AMD x1 @ 0.65
  reconcile: entry fill b43|S173 AMD x1 @ 0.65
  reconcile: entry fill b23|S173 AMD x1 @ 0.65
  reconcile: entry fill b3|S173 AMD x1 @ 0.65
  reconcile: entry fill b66|S174 INTC x1 @ 0.59
  reconcile: entry fill b70|S165 HL x1 @ 0.67
  reconcile: entry fill b62|S173 AMD x1 @ 0.05
  reconcile: entry fill b26|S174 AVGO x1 @ 0.49
  reconcile: entry fill b6|S174 AVGO x1 @ 0.49
  reconcile: entry fill b2|S173 AMD x1 @ 0.70
  reconcile: entry fill b50|S165 HL x1 @ 0.66
  reconcile: entry fill b30|S165 HL x1 @ 0.66
  reconcile: entry fill b42|S173 AMD x1 @ 0.54
  reconcile: entry fill b22|S173 AMD x1 @ 0.54
  reconcile: entry fill b25|S174 AVGO x1 @ 0.46
  reconcile: entry fill b89|S165 INTC x1 @ 0.55
  reconcile: entry fill b69|S165 INTC x1 @ 0.55
  reconcile: entry fill b49|S165 INTC x1 @ 0.55
  reconcile: entry fill b29|S165 INTC x1 @ 0.55
  reconcile: entry fill b9|S165 INTC x1 @ 0.55
  reconcile: entry fill b81|S173 SMCI x1 @ 0.61
  reconcile: entry fill b61|S173 SMCI x1 @ 0.61
  reconcile: entry fill b41|S173 SMCI x1 @ 0.61
  reconcile: entry fill b21|S173 SMCI x1 @ 0.61
  reconcile: entry fill b1|S173 SMCI x1 @ 0.61
  reconcile: entry fill b60|S173 NEM x1 @ 0.33
  reconcile: entry fill b40|S173 SMCI x1 @ 0.58
  reconcile: entry fill b68|S165 INTC x1 @ 0.55
  reconcile: entry fill b20|S173 SMCI x1 @ 0.70
  reconcile: entry fill b48|S165 INTC x1 @ 0.71
  reconcile: entry fill b28|S165 INTC x1 @ 0.71
  reconcile: entry fill b8|S165 INTC x1 @ 0.71
  reconcile: entry fill b0|S173 SMCI x1 @ 0.73
  reconcile: removed 222 stale lot(s)

[Setup]
Active buckets: 140 | Strategies: S165, S164, S168, S167, S166, S163
Dropped (no new entries; ex-reflected P&L): S173, S174

[Scan + entries]
Scanning 903 symbols for [S165, S164, S168, S167, S166, S163] …
Fetched daily bars for 903/903 symbols
Found 335 signal(s); top: ['S165:ACN', 'S165:ADBE', 'S165:A', 'S165:BR', 'S165:CSGP', 'S165:DHR', 'S165:EFX', 'S165:FDS']
Paper lab: $131339 broker equity -> 140 bucket(s) ($500 virtual each, unlimited paper)
  All bucket slots blocked or closed for today's signals — skip entry loop.
Placed 0 new entry order(s).

[Portfolio snapshot]
========================================================
OPTIONS TRIAL STATS
========================================================
Account equity: $131,380.85
Active buckets: 140 of 140 profiles ($500 virtual each) — paper unlimited mode

P&L summary
  Reflected (ex-S173,S174): $+4,817.13 all-time  |  $+0.00 today
  Raw (incl dropped):     $+1,972.58 all-time  |  $+0.00 today
  Open (not sold yet): $+0.00 unrealized (virtual lots)
  Premium deployed:    $0.00 in open positions
  Combined P&L:        $+4,817.13 (reflected realized + open virtual)

Ledger (master)
  Total events:     4890
  Today entries:    55
  Today exits (reflected): 0
  All-time exits (reflected): 258  wins 32%
  Avg return/trade: -1.7%  median -35.3%

Open virtual lots (by bucket)
  b8 c008_s165_w1_0928_1005_r1  prem=$     0  real=$-231.00  open=$ +0.00  lots=0  [-]
       buy: ask-0.01  sell: bid-0.01  tp=+50% sl=-50%
  b9 c009_s165_w2_1005_1045_r1  prem=$     0  real=$-261.00  open=$ +0.00  lots=0  [-]
       buy: ask-0.01  sell: bid-0.01  tp=+50% sl=-50%
  b10 c010_s165_w3_1045_1120_r1  prem=$     0  real=$-166.00  open=$ +0.00  lots=0  [-]
       buy: ask-0.01  sell: bid-0.01  tp=+50% sl=-50%
  b28 c028_s173_w1_0928_1005_r2  prem=$     0  real=$+142.00  open=$ +0.00  lots=0  [-]
       buy: ask-0.01  sell: bid-0.01  tp=+50% sl=-50%
  b29 c029_s173_w2_1005_1045_r2  prem=$     0  real=$-78.00  open=$ +0.00  lots=0  [-]
       buy: ask-0.01  sell: bid-0.01  tp=+50% sl=-50%
  b30 c030_s173_w3_1045_1120_r2  prem=$     0  real=$-14.00  open=$ +0.00  lots=0  [-]
       buy: ask-0.01  sell: bid-0.01  tp=+50% sl=-50%
  b48 c048_s164_w1_0928_1005_r2  prem=$     0  real=$-64.00  open=$ +0.00  lots=0  [-]
       buy: ask-0.01  sell: bid-0.01  tp=+50% sl=-50%
  b49 c049_s164_w2_1005_1045_r2  prem=$     0  real=$-133.00  open=$ +0.00  lots=0  [-]
       buy: ask-0.01  sell: bid-0.01  tp=+50% sl=-50%
  b50 c050_s164_w3_1045_1120_r2  prem=$     0  real=$-67.00  open=$ +0.00  lots=0  [-]
       buy: ask-0.01  sell: bid-0.01  tp=+50% sl=-50%
  b68 c068_s166_w1_0928_1005_r3  prem=$     0  real=$-83.00  open=$ +0.00  lots=0  [-]
       buy: ask-0.01  sell: bid-0.01  tp=+50% sl=-50%
  b69 c069_s166_w2_1005_1045_r3  prem=$     0  real=$-87.00  open=$ +0.00  lots=0  [-]
       buy: ask-0.01  sell: bid-0.01  tp=+50% sl=-50%
  b70 c070_s166_w3_1045_1120_r3  prem=$     0  real=$-76.00  open=$ +0.00  lots=0  [-]
       buy: ask-0.01  sell: bid-0.01  tp=+50% sl=-50%
  b88 c088_s167_w1_0928_1005_r4  prem=$     0  real=$ +5.00  open=$ +0.00  lots=0  [-]
       buy: ask-0.01  sell: bid-0.01  tp=+50% sl=-50%
  b89 c089_s167_w2_1005_1045_r4  prem=$     0  real=$-22.00  open=$ +0.00  lots=0  [-]
       buy: ask-0.01  sell: bid-0.01  tp=+50% sl=-50%
  b90 c090_s167_w3_1045_1120_r4  prem=$     0  real=$-75.00  open=$ +0.00  lots=0  [-]
       buy: ask-0.01  sell: bid-0.01  tp=+50% sl=-50%
  (125 quiet bucket profile(s) — no trades yet)

Alpaca option positions
  (none)

Per-bucket exit stats (all time)
  b0|orphan_reconcile     n= 22  avg=+22.4%  med=-57.5%  realized=$+6,310.91
  b10|c010_s165_w3_1045_1120_r1  n=  7  avg=-33.8%  med=-18.9%  realized=$-166.00
  b28|c028_s165_w1_0928_1005_r2  n= 17  avg=+49.5%  med=+80.0%  realized=$+448.00
  b28|c028_s173_w1_0928_1005_r2  n=  5  avg=+51.6%  med=+80.0%  realized=$+142.00
  b29|c029_s165_w2_1005_1045_r2  n=  9  avg=-23.3%  med=-50.0%  realized=$-221.00
  b29|c029_s173_w2_1005_1045_r2  n=  2  avg=-69.3%  med=-48.5%  realized=$-78.00
  b30|c030_s165_w3_1045_1120_r2  n=  9  avg=+38.8%  med=+0.0%  realized=$+260.00
  b30|c030_s173_w3_1045_1120_r2  n=  2  avg=-9.5%  med=+0.0%  realized=$-14.00
  b31|c031_s165_w4_1120_1135_r2  n=  2  avg=+145.5%  med=+175.8%  realized=$+192.00
  b48|c048_s164_w1_0928_1005_r2  n=  4  avg=-29.1%  med=-40.0%  realized=$-64.00
  b48|c048_s165_w1_0928_1005_r3  n= 16  avg=-35.9%  med=-49.1%  realized=$-344.00
  b49|c049_s164_w2_1005_1045_r2  n=  4  avg=-51.8%  med=-44.0%  realized=$-133.00
  b49|c049_s165_w2_1005_1045_r3  n= 15  avg=-49.3%  med=-49.1%  realized=$-458.00
  b50|c050_s164_w3_1045_1120_r2  n=  3  avg=-31.2%  med=-16.7%  realized=$-67.00
  b50|c050_s165_w3_1045_1120_r3  n=  9  avg=-23.6%  med=-23.1%  realized=$-142.00
  b51|c051_s165_w4_1120_1135_r3  n=  1  avg=+263.6%  med=+263.6%  realized=$+174.00
  b56|g056_lim_tp20_sl65  n=  1  avg=+47.7%  med=+47.7%  realized=$+20.52
  b57|g057_mid_tp20_sl65  n=  1  avg=+47.7%  med=+47.7%  realized=$+20.52
  b58|g058_eod_tp20_sl65  n=  1  avg=+59.1%  med=+59.1%  realized=$+25.41
  b68|c068_s165_w1_0928_1005_r4  n= 16  avg=-51.3%  med=-49.1%  realized=$-446.00
  b68|c068_s166_w1_0928_1005_r3  n=  3  avg=-50.3%  med=-49.1%  realized=$-83.00
  b69|c069_s165_w2_1005_1045_r4  n= 11  avg=+19.0%  med=-43.6%  realized=$-179.00
  b69|c069_s166_w2_1005_1045_r3  n=  4  avg=+10.1%  med=-40.0%  realized=$-87.00
  b70|c070_s165_w3_1045_1120_r4  n= 11  avg=-2.1%  med=-16.9%  realized=$-6.00
  b70|c070_s166_w3_1045_1120_r3  n=  3  avg=-35.1%  med=-27.0%  realized=$-76.00
  b70|g070_eod_tp30_sl20  n=  1  avg=+59.1%  med=+59.1%  realized=$+27.77
  b88|c088_s165_w1_0928_1005_r5  n= 21  avg=-5.0%  med=-2.7%  realized=$-63.00
  b88|c088_s167_w1_0928_1005_r4  n=  3  avg=+3.0%  med=+30.9%  realized=$+5.00
  b89|c089_s165_w2_1005_1045_r5  n=  7  avg=+113.1%  med=+30.9%  realized=$+67.00
  b89|c089_s167_w2_1005_1045_r4  n=  2  avg=-16.2%  med=+30.9%  realized=$-22.00
  b8|c008_s165_w1_0928_1005_r1  n= 22  avg=-18.6%  med=-33.3%  realized=$-231.00
  b90|c090_s165_w3_1045_1120_r5  n= 13  avg=+7.7%  med=+0.0%  realized=$+47.00
  b90|c090_s167_w3_1045_1120_r4  n=  3  avg=-33.8%  med=-18.9%  realized=$-75.00
  b91|c091_s165_w4_1120_1135_r5  n=  2  avg=+222.0%  med=+247.0%  realized=$+293.00
  b9|c009_s165_w2_1005_1045_r1  n=  6  avg=-76.2%  med=-66.2%  realized=$-261.00
========================================================
+========================================================================+
|  OPTIONS BOT SUMMARY                                                   |
+------------------------------------------------------------------------+
|  Mode                          entry+manage                            |
|  Equity                        $131,380.85                             |
|  Signals this run              335                                     |
|  Orders submitted (session)    30                                      |
|  Orders filled today (ledger)  55                                      |
|  Entries placed this run       0                                       |
|  Open virtual lots             0                                       |
|  Broker option positions       0                                       |
|  Pending orders                0                                       |
+========================================================================+
+========================================================================+
|  BUCKET LEADERBOARD (reflected ex-S173,S174)                           |
+------------------------------------------------------------------------+
|  Reflected trades=258  buckets=22  win=32%                             |
|  Returns   avg=-1.7%  med=-35.3%  p10=-65.3%  p90=+83.9%               |
|  Realized  $+4,817.13                                                  |
|  Raw incl dropped  trades=762  real=$+1,972.58                         |
+------------------------------------------------------------------------+
|  BKT PROFILE               N  WIN  AVG%   MED%   BEST%  REAL$          |
+------------------------------------------------------------------------+
|  b51  c051_s164_w4_1120_  1 100% +263.6 +263.6 +263.6 $   +174         |
|  b91  c091_s167_w4_1120_  2 100% +222.0 +222.0 +247.0 $   +293         |
|  b31  c031_s173_w4_1120_  2 100% +145.5 +145.5 +175.8 $   +192         |
|  b28  c028_s173_w1_0928_ 22  77% +50.0 +80.0 +102.0 $   +590           |
|  b58  c058_s173_w3_1045_  1 100% +59.1 +59.1 +59.1 $    +25            |
|  b56  c056_s173_w1_0928_  1 100% +47.7 +47.7 +47.7 $    +21            |
|  b57  c057_s173_w2_1005_  1 100% +47.7 +47.7 +47.7 $    +21            |
|  b89  c089_s167_w2_1005_  9  56% +84.4 +30.9 +790.0 $    +45           |
|  ... 14 more bucket(s) with exits                                      |
+------------------------------------------------------------------------+
|  Low  b9   c009_s165_w2_1005_  6   0% -76.2 -78.1 -92.7 $   -261       |
+========================================================================+
+========================================================================+
|  OPEN OPTIONS (0)                                                      |
+------------------------------------------------------------------------+
|  No open option positions                                              |
+========================================================================+
Full detail: logs/options_trial/runs/2026-07-21.log
elapsed=39.1s reconcile=1.52s cancel=0.15s manage=0.15s scan=36.44s entries=0.2s

