=== 00:49:50 ET — after hours (exit summary) [elapsed=0.7s reconcile=0.23s] ===
=== options_morning_bot (PAPER) 2026-08-06T00:49:50.655895-04:00 ===

[Run context]
After hours (00:49 ET) — exit summary only.
Paper auth OK — equity $143099.38, account PA36KS87UPRS
  reconcile: layout changed controlled:100:c000_s173_w1_0928_1005_r1 -> controlled:1024:lab0000_s200_w1_0928_1005_r1

[Exit summary]
========================================================
OPTIONS EXIT SUMMARY — 2026-08-06
========================================================
Account equity: $143,099.38
Open broker positions: 26  unrealized $-3,220.24

No closed trades today.
========================================================

[Portfolio snapshot]
========================================================
OPTIONS TRIAL STATS
========================================================
Account equity: $143,099.38
Active buckets: 1024 of 1024 profiles ($500 virtual each) — paper unlimited mode

P&L summary
  Reflected (ex-S173,S174): $+11,975.32 all-time  |  $+0.00 today
  Raw (incl dropped):     $+10,379.77 all-time  |  $+0.00 today
  Open (not sold yet): $-3,120.85 unrealized (virtual lots)
                       $-3,220.24 unrealized (broker total)
  Premium deployed:    $8,121.20 in open positions
  Combined P&L:        $+8,854.47 (reflected realized + open virtual)

Ledger (master)
  Total events:     8682
  Today entries:    0
  Today exits (reflected): 0
  All-time exits (reflected): 1034  wins 45%
  Avg return/trade: +26.3%  median -15.2%

Open virtual lots (by bucket)
  b0 lab0000_s200_w1_0928_1005_r1  prem=$  1042  real=$ +0.00  open=$ +0.00  lots=15  [ORPHAN:NKEx1, ORPHAN:UBERx1, ORPHAN:AAPLx2, ORPHAN:AMZNx1 +11 more]
       buy: ask-0.01  sell: bid-0.01  tp=+50% sl=-50%
  b16 lab0016_s202_w1_0928_1005_r1  prem=$     0  real=$-39.00  open=$ +0.00  lots=0  [-]
       buy: ask-0.01  sell: bid-0.01  tp=+50% sl=-50%
  b17 lab0017_s202_w1_0928_1005_r2  prem=$     0  real=$-40.00  open=$ +0.00  lots=0  [-]
       buy: ask-0.01  sell: bid-0.01  tp=+50% sl=-50%
  b18 lab0018_s202_w2_1005_1045_r1  prem=$     0  real=$-29.00  open=$ +0.00  lots=0  [-]
       buy: ask-0.01  sell: bid-0.01  tp=+50% sl=-50%
  b19 lab0019_s202_w2_1005_1045_r2  prem=$     0  real=$-22.00  open=$ +0.00  lots=0  [-]
       buy: ask-0.01  sell: bid-0.01  tp=+50% sl=-50%
  b24 lab0024_s203_w1_0928_1005_r1  prem=$     0  real=$-65.00  open=$ +0.00  lots=0  [-]
       buy: ask-0.01  sell: bid-0.01  tp=+50% sl=-50%
  b26 lab0026_s203_w2_1005_1045_r1  prem=$     0  real=$-78.00  open=$ +0.00  lots=0  [-]
       buy: ask-0.01  sell: bid-0.01  tp=+50% sl=-50%
  b27 lab0027_s203_w2_1005_1045_r2  prem=$     0  real=$-253.00  open=$ +0.00  lots=0  [-]
       buy: ask-0.01  sell: bid-0.01  tp=+50% sl=-50%
  b28 lab0028_s203_w3_1045_1120_r1  prem=$    51  real=$-54.00  open=$-17.62  lots=1  [S203:TTDx1]
       buy: ask-0.01  sell: bid-0.01  tp=+50% sl=-50%
  b29 lab0029_s203_w3_1045_1120_r2  prem=$    51  real=$-54.00  open=$-17.62  lots=1  [S203:TTDx1]
       buy: ask-0.01  sell: bid-0.01  tp=+50% sl=-50%
  b30 lab0030_s203_w4_1120_1135_r1  prem=$    59  real=$-99.00  open=$-20.38  lots=1  [S203:TTDx1]
       buy: ask-0.01  sell: bid-0.01  tp=+50% sl=-50%
  b31 lab0031_s203_w4_1120_1135_r2  prem=$    59  real=$-93.00  open=$-20.38  lots=1  [S203:TTDx1]
       buy: ask-0.01  sell: bid-0.01  tp=+50% sl=-50%
  b58 lab0058_s207_w2_1005_1045_r1  prem=$     0  real=$-66.00  open=$ +0.00  lots=0  [-]
       buy: ask-0.01  sell: bid-0.01  tp=+50% sl=-50%
  b59 lab0059_s207_w2_1005_1045_r2  prem=$     0  real=$-153.00  open=$ +0.00  lots=0  [-]
       buy: ask-0.01  sell: bid-0.01  tp=+50% sl=-50%
  b60 lab0060_s207_w3_1045_1120_r1  prem=$     0  real=$-118.00  open=$ +0.00  lots=0  [-]
       buy: ask-0.01  sell: bid-0.01  tp=+50% sl=-50%
  b61 lab0061_s207_w3_1045_1120_r2  prem=$     0  real=$-135.00  open=$ +0.00  lots=0  [-]
       buy: ask-0.01  sell: bid-0.01  tp=+50% sl=-50%
  b62 lab0062_s207_w4_1120_1135_r1  prem=$     0  real=$-158.00  open=$ +0.00  lots=0  [-]
       buy: ask-0.01  sell: bid-0.01  tp=+50% sl=-50%
  b63 lab0063_s207_w4_1120_1135_r2  prem=$     0  real=$-83.00  open=$ +0.00  lots=0  [-]
       buy: ask-0.01  sell: bid-0.01  tp=+50% sl=-50%
  b80 lab0080_s210_w1_0928_1005_r1  prem=$     0  real=$ +7.00  open=$ +0.00  lots=0  [-]
       buy: ask-0.01  sell: bid-0.01  tp=+50% sl=-50%
  b81 lab0081_s210_w1_0928_1005_r2  prem=$     0  real=$+10.00  open=$ +0.00  lots=0  [-]
       buy: ask-0.01  sell: bid-0.01  tp=+50% sl=-50%
  (258 more active bucket(s) omitted)
  (746 quiet bucket profile(s) — no trades yet)

Alpaca option positions
  AAPL260807C00317500  qty=1  cost=$63.00  return=+39.7%  open P&L=$+25.00
  AAPL260814C00330000  qty=6  cost=$358.50  return=+2.1%  open P&L=$+7.50
  AMD260807C00555000  qty=2  cost=$122.00  return=-49.2%  open P&L=$-60.00
  AMZN260807C00292500  qty=20  cost=$1,077.00  return=-90.7%  open P&L=$-977.00
  AMZN260807C00295000  qty=35  cost=$1,411.67  return=-90.1%  open P&L=$-1,271.67
  AMZN260807C00297500  qty=9  cost=$305.31  return=-94.1%  open P&L=$-287.31
  AMZN260807C00302500  qty=1  cost=$13.67  return=-92.7%  open P&L=$-12.67
  DKNG260807C00024500  qty=7  cost=$275.80  return=-59.4%  open P&L=$-163.80
  HOOD260807C00100000  qty=2  cost=$112.00  return=-44.6%  open P&L=$-50.00
  HOOD260807C00101000  qty=2  cost=$96.00  return=-54.2%  open P&L=$-52.00
  NKE260807C00042000  qty=10  cost=$641.00  return=+13.9%  open P&L=$+89.00
  NKE260807C00043000  qty=4  cost=$94.00  return=+14.9%  open P&L=$+14.00
  NKE260821C00044000  qty=12  cost=$756.00  return=+1.6%  open P&L=$+12.00
  NKE260828C00045000  qty=12  cost=$758.00  return=-1.8%  open P&L=$-14.00
  NKE260904C00045000  qty=4  cost=$288.00  return=+6.9%  open P&L=$+20.00
  PLTR260807C00172500  qty=3  cost=$118.50  return=-54.4%  open P&L=$-64.50
  RBLX260807C00040000  qty=3  cost=$99.00  return=-84.8%  open P&L=$-84.00
  T260807C00022500  qty=2  cost=$88.00  return=+31.8%  open P&L=$+28.00
  TTD260807C00020500  qty=4  cost=$268.00  return=+0.0%  open P&L=$+0.00
  TTD260807C00021500  qty=2  cost=$92.00  return=-2.2%  open P&L=$-2.00
  TTD260807P00017000  qty=4  cost=$220.00  return=-34.5%  open P&L=$-76.00
  UBER260807C00070000  qty=9  cost=$290.08  return=-6.9%  open P&L=$-20.08
  UBER260807C00078000  qty=5  cost=$252.22  return=-98.0%  open P&L=$-247.22
  UBER260814C00072000  qty=4  cost=$170.00  return=-8.2%  open P&L=$-14.00
  UBER260814C00073000  qty=1  cost=$40.50  return=-33.3%  open P&L=$-13.50
  UBER260828C00075000  qty=4  cost=$210.00  return=-2.9%  open P&L=$-6.00

Per-bucket exit stats (all time)
  b0|orphan_reconcile     n= 88  avg=-6.9%  med=-60.0%  realized=$+5,826.10
  b104|c104_s164_w1_0928_1005_r4  n=  1  avg=-88.9%  med=-88.9%  realized=$-8.00
  b108|c108_s202_w3_1045_1120_r1  n=  1  avg=-33.3%  med=-33.3%  realized=$-1.00
  b108|lab0108_s212_w1_0928_1005_r1  n=  3  avg=-98.5%  med=-98.6%  realized=$-198.00
  b109|c109_s202_w3_1045_1120_r2  n=  1  avg=-66.7%  med=-66.7%  realized=$-2.00
  b109|lab0109_s212_w1_0928_1005_r2  n=  3  avg=-85.2%  med=-98.2%  realized=$-169.00
  b10|c010_s165_w3_1045_1120_r1  n=  8  avg=-37.2%  med=-18.9%  realized=$-205.00
  b110|lab0110_s212_w2_1005_1045_r1  n=  3  avg=-71.9%  med=-74.6%  realized=$-140.00
  b111|lab0111_s212_w2_1005_1045_r2  n=  3  avg=-63.7%  med=-66.1%  realized=$-124.00
  b112|lab0112_s212_w3_1045_1120_r1  n=  5  avg=-62.0%  med=-68.1%  realized=$-158.00
  b113|lab0113_s212_w3_1045_1120_r2  n=  8  avg=-79.5%  med=-74.5%  realized=$-347.00
  b114|lab0114_s212_w4_1120_1135_r1  n=  6  avg=-67.2%  med=-73.5%  realized=$-206.00
  b115|lab0115_s212_w4_1120_1135_r2  n=  4  avg=-73.2%  med=-54.1%  realized=$-150.00
  b132|c132_s164_w1_0928_1005_r5  n=  2  avg=-65.7%  med=-53.6%  realized=$-37.00
  b135|c135_s164_w4_1120_1135_r5  n=  1  avg=-50.0%  med=-50.0%  realized=$-4.00
  b164|lab0164_s216_w1_0928_1005_r1  n=  1  avg=-51.7%  med=-51.7%  realized=$-31.00
  b165|lab0165_s216_w1_0928_1005_r2  n=  1  avg=-51.7%  med=-51.7%  realized=$-31.00
  b166|lab0166_s216_w2_1005_1045_r1  n=  2  avg=-69.6%  med=-63.4%  realized=$-73.00
  b167|lab0167_s216_w2_1005_1045_r2  n=  4  avg=-82.1%  med=-80.5%  realized=$-153.00
  b169|lab0169_s216_w3_1045_1120_r2  n=  2  avg=-54.3%  med=-52.3%  realized=$-50.00
  b16|lab0016_s202_w1_0928_1005_r1  n=  1  avg=-63.9%  med=-63.9%  realized=$-39.00
  b178|lab0178_s217_w1_0928_1005_r1  n=  1  avg=+66.0%  med=+66.0%  realized=$+31.00
  b179|lab0179_s217_w1_0928_1005_r2  n=  1  avg=+51.1%  med=+51.1%  realized=$+24.00
  b17|lab0017_s202_w1_0928_1005_r2  n=  1  avg=-65.6%  med=-65.6%  realized=$-40.00
  b180|lab0180_s217_w2_1005_1045_r1  n=  7  avg=+209.4%  med=+135.3%  realized=$+392.00
  b181|lab0181_s217_w2_1005_1045_r2  n=  7  avg=+219.5%  med=+73.3%  realized=$+374.00
  b182|lab0182_s217_w3_1045_1120_r1  n=  2  avg=-43.8%  med=-43.8%  realized=$-28.00
  b183|lab0183_s217_w3_1045_1120_r2  n=  3  avg=-64.2%  med=-68.8%  realized=$-66.00
  b185|lab0185_s217_w4_1120_1135_r2  n=  1  avg=-55.6%  med=-55.6%  realized=$-25.00
  b18|lab0018_s202_w2_1005_1045_r1  n=  1  avg=-74.4%  med=-74.4%  realized=$-29.00
  b192|lab0192_s218_w1_0928_1005_r1  n=  2  avg=+50.0%  med=+50.0%  realized=$+66.00
  b193|lab0193_s218_w1_0928_1005_r2  n=  3  avg=+40.9%  med=+36.4%  realized=$+78.00
  b194|lab0194_s218_w2_1005_1045_r1  n=  9  avg=+13.9%  med=+22.2%  realized=$-41.00
  b195|lab0195_s218_w2_1005_1045_r2  n=  9  avg=+33.6%  med=+58.8%  realized=$+67.00
  b196|lab0196_s218_w3_1045_1120_r1  n=  3  avg=+453.8%  med=+403.1%  realized=$+310.00
  b197|lab0197_s218_w3_1045_1120_r2  n=  3  avg=+368.0%  med=+318.8%  realized=$+253.00
  b198|lab0198_s218_w4_1120_1135_r1  n=  1  avg=+71.9%  med=+71.9%  realized=$+41.00
  b199|lab0199_s218_w4_1120_1135_r2  n=  1  avg=+75.4%  med=+75.4%  realized=$+43.00
  b19|lab0019_s202_w2_1005_1045_r2  n=  1  avg=-56.4%  med=-56.4%  realized=$-22.00
  b20|c020_s164_w1_0928_1005_r1  n=  1  avg=-88.9%  med=-88.9%  realized=$-8.00
  b222|lab0222_s400_w2_1005_1045_r1  n=  1  avg=-50.0%  med=-50.0%  realized=$-4.00
  b223|lab0223_s400_w2_1005_1045_r2  n=  1  avg=-50.0%  med=-50.0%  realized=$-4.00
  b224|lab0224_s400_w3_1045_1120_r1  n=  1  avg=-66.7%  med=-66.7%  realized=$-10.00
  b225|lab0225_s400_w3_1045_1120_r2  n=  1  avg=-66.7%  med=-66.7%  realized=$-10.00
  b227|lab0227_s400_w4_1120_1135_r2  n=  1  avg=-22.2%  med=-22.2%  realized=$-2.00
  b234|lab0234_s401_w1_0928_1005_r1  n=  4  avg=-6.9%  med=+8.3%  realized=$-12.00
  b235|lab0235_s401_w1_0928_1005_r2  n=  6  avg=+69.3%  med=+80.6%  realized=$+229.00
  b236|c236_s218_w3_1045_1120_r1  n=  1  avg=-33.3%  med=-33.3%  realized=$-1.00
  b236|lab0236_s401_w2_1005_1045_r1  n=  2  avg=-96.2%  med=-96.2%  realized=$-102.00
  b237|c237_s218_w3_1045_1120_r2  n=  1  avg=-66.7%  med=-66.7%  realized=$-2.00
  b237|lab0237_s401_w2_1005_1045_r2  n=  2  avg=-96.2%  med=-96.2%  realized=$-102.00
  b238|lab0238_s401_w3_1045_1120_r1  n=  5  avg=+295.6%  med=+273.1%  realized=$+424.00
  b239|lab0239_s401_w3_1045_1120_r2  n=  4  avg=+27.0%  med=+38.5%  realized=$+13.00
  b240|lab0240_s401_w4_1120_1135_r1  n=  5  avg=+20.2%  med=+21.1%  realized=$+29.00
  b241|lab0241_s401_w4_1120_1135_r2  n=  4  avg=+26.1%  med=+31.6%  realized=$+31.00
  b24|lab0024_s203_w1_0928_1005_r1  n=  2  avg=-75.6%  med=-74.4%  realized=$-65.00
  b262|lab0262_s403_w1_0928_1005_r1  n=  1  avg=+65.4%  med=+65.4%  realized=$+34.00
  b263|lab0263_s403_w1_0928_1005_r2  n=  1  avg=+50.0%  med=+50.0%  realized=$+26.00
  b264|lab0264_s403_w2_1005_1045_r1  n=  1  avg=-66.1%  med=-66.1%  realized=$-39.00
  b265|lab0265_s403_w2_1005_1045_r2  n=  1  avg=-52.5%  med=-52.5%  realized=$-31.00
  b266|lab0266_s403_w3_1045_1120_r1  n=  1  avg=-85.9%  med=-85.9%  realized=$-61.00
  b267|lab0267_s403_w3_1045_1120_r2  n=  1  avg=-77.5%  med=-77.5%  realized=$-55.00
  b268|lab0268_s403_w4_1120_1135_r1  n=  2  avg=+320.0%  med=+320.0%  realized=$+160.00
  b269|lab0269_s403_w4_1120_1135_r2  n=  4  avg=+158.4%  med=+316.0%  realized=$+182.00
  b26|lab0026_s203_w2_1005_1045_r1  n=  3  avg=-54.5%  med=-54.0%  realized=$-78.00
  b276|lab0276_s350_w1_0928_1005_r1  n=  6  avg=+84.1%  med=+102.9%  realized=$+218.00
  b277|lab0277_s350_w1_0928_1005_r2  n=  4  avg=+154.0%  med=+260.0%  realized=$+258.00
  b278|lab0278_s350_w2_1005_1045_r1  n=  8  avg=+23.2%  med=+15.0%  realized=$+27.00
  b279|lab0279_s350_w2_1005_1045_r2  n=  8  avg=+66.8%  med=+94.1%  realized=$+137.00
  b27|lab0027_s203_w2_1005_1045_r2  n=  8  avg=-66.2%  med=-56.2%  realized=$-253.00
  b280|lab0280_s351_w1_0928_1005_r1  n=  5  avg=+104.3%  med=+171.9%  realized=$+164.00
  b281|lab0281_s351_w1_0928_1005_r2  n=  4  avg=+209.5%  med=+346.9%  realized=$+310.00
  b282|lab0282_s351_w2_1005_1045_r1  n=  6  avg=-51.8%  med=-62.5%  realized=$-127.00
  b283|lab0283_s351_w2_1005_1045_r2  n=  7  avg=-42.2%  med=-52.9%  realized=$-114.00
  b285|lab0285_s351_w3_1045_1120_r2  n=  1  avg=-33.3%  med=-33.3%  realized=$-1.00
  b286|lab0286_s351_w4_1120_1135_r1  n=  2  avg=-94.9%  med=-94.9%  realized=$-74.00
  b287|lab0287_s351_w4_1120_1135_r2  n=  5  avg=-50.4%  med=-40.0%  realized=$-79.00
  b288|lab0288_s352_w1_0928_1005_r1  n=  2  avg=+76.2%  med=+100.0%  realized=$+54.00
  b289|lab0289_s352_w1_0928_1005_r2  n=  2  avg=+70.7%  med=+93.8%  realized=$+50.00
  b28|c028_s165_w1_0928_1005_r2  n= 17  avg=+49.5%  med=+80.0%  realized=$+448.00
  b28|c028_s173_w1_0928_1005_r2  n=  5  avg=+51.6%  med=+80.0%  realized=$+142.00
  b28|lab0028_s203_w3_1045_1120_r1  n=  2  avg=-50.9%  med=-49.0%  realized=$-54.00
  b290|lab0290_s352_w2_1005_1045_r1  n=  2  avg=+73.6%  med=+108.3%  realized=$+40.00
  b291|lab0291_s352_w2_1005_1045_r2  n=  4  avg=+101.6%  med=+194.4%  realized=$+104.00
  b293|lab0293_s352_w3_1045_1120_r2  n=  1  avg=+90.0%  med=+90.0%  realized=$+18.00
  b296|lab0296_s353_w1_0928_1005_r1  n=  2  avg=+123.7%  med=+123.7%  realized=$+94.00
  b297|lab0297_s353_w1_0928_1005_r2  n=  2  avg=+79.0%  med=+79.0%  realized=$+60.00
  b298|lab0298_s353_w2_1005_1045_r1  n=  6  avg=-56.2%  med=-50.8%  realized=$-174.00
  b299|lab0299_s353_w2_1005_1045_r2  n=  3  avg=-75.9%  med=-76.3%  realized=$-86.00
  b29|c029_s165_w2_1005_1045_r2  n=  9  avg=-23.3%  med=-50.0%  realized=$-221.00
  b29|c029_s173_w2_1005_1045_r2  n=  2  avg=-69.3%  med=-48.5%  realized=$-78.00
  b29|lab0029_s203_w3_1045_1120_r2  n=  2  avg=-50.9%  med=-49.0%  realized=$-54.00
  b304|lab0304_s354_w1_0928_1005_r1  n=  1  avg=+93.6%  med=+93.6%  realized=$+44.00
  b305|lab0305_s354_w1_0928_1005_r2  n=  1  avg=+100.0%  med=+100.0%  realized=$+47.00
  b306|lab0306_s354_w2_1005_1045_r1  n=  3  avg=+68.4%  med=+133.3%  realized=$+91.00
  b307|lab0307_s354_w2_1005_1045_r2  n=  4  avg=+36.4%  med=+137.8%  realized=$+64.00
  b308|lab0308_s354_w3_1045_1120_r1  n=  3  avg=+102.3%  med=+136.9%  realized=$+162.00
  b309|lab0309_s354_w3_1045_1120_r2  n=  3  avg=+75.3%  med=+103.1%  realized=$+117.00
  b30|c030_s165_w3_1045_1120_r2  n=  9  avg=+38.8%  med=+0.0%  realized=$+260.00
  b30|c030_s173_w3_1045_1120_r2  n=  2  avg=-9.5%  med=+0.0%  realized=$-14.00
  b30|lab0030_s203_w4_1120_1135_r1  n=  3  avg=-61.1%  med=-66.1%  realized=$-99.00
  b310|lab0310_s354_w4_1120_1135_r1  n=  3  avg=+56.5%  med=+116.7%  realized=$+122.00
  b311|lab0311_s354_w4_1120_1135_r2  n=  2  avg=+209.1%  med=+290.5%  realized=$+214.00
  b312|lab0312_s355_w1_0928_1005_r1  n=  2  avg=+19.0%  med=+91.5%  realized=$+20.00
  b313|lab0313_s355_w1_0928_1005_r2  n=  2  avg=+18.1%  med=+85.1%  realized=$+19.00
  b314|lab0314_s355_w2_1005_1045_r1  n=  5  avg=+15.0%  med=-63.4%  realized=$+35.00
  b315|lab0315_s355_w2_1005_1045_r2  n=  5  avg=+8.2%  med=-37.1%  realized=$+26.00
  b316|lab0316_s355_w3_1045_1120_r1  n=  1  avg=+193.8%  med=+193.8%  realized=$+93.00
  b317|lab0317_s355_w3_1045_1120_r2  n=  1  avg=+187.5%  med=+187.5%  realized=$+90.00
  b318|lab0318_s355_w4_1120_1135_r1  n=  1  avg=+292.9%  med=+292.9%  realized=$+123.00
  b319|lab0319_s355_w4_1120_1135_r2  n=  1  avg=+328.6%  med=+328.6%  realized=$+138.00
  b31|c031_s165_w4_1120_1135_r2  n=  2  avg=+145.5%  med=+175.8%  realized=$+192.00
  b31|lab0031_s203_w4_1120_1135_r2  n=  3  avg=-57.3%  med=-62.7%  realized=$-93.00
  b320|lab0320_s356_w1_0928_1005_r1  n=  2  avg=+37.9%  med=+37.9%  realized=$+44.00
  b321|lab0321_s356_w1_0928_1005_r2  n=  2  avg=+58.6%  med=+58.6%  realized=$+68.00
  b328|lab0328_s357_w1_0928_1005_r1  n=  2  avg=+47.1%  med=+47.1%  realized=$+64.00
  b329|lab0329_s357_w1_0928_1005_r2  n=  2  avg=+47.1%  med=+47.1%  realized=$+64.00
  b332|lab0332_s357_w3_1045_1120_r1  n=  1  avg=+59.7%  med=+59.7%  realized=$+37.00
  b333|lab0333_s357_w3_1045_1120_r2  n=  2  avg=+65.0%  med=+71.9%  realized=$+77.00
  b344|lab0344_s359_w1_0928_1005_r1  n=  2  avg=+37.2%  med=+142.9%  realized=$-19.00
  b345|lab0345_s359_w1_0928_1005_r2  n=  2  avg=+82.7%  med=+228.6%  realized=$-4.00
  b346|lab0346_s359_w2_1005_1045_r1  n=  7  avg=-38.7%  med=-46.7%  realized=$-98.00
  b347|lab0347_s359_w2_1005_1045_r2  n=  7  avg=-40.7%  med=-46.7%  realized=$-100.00
  b348|lab0348_s360_w1_0928_1005_r1  n=  1  avg=-82.2%  med=-82.2%  realized=$-37.00
  b349|lab0349_s360_w1_0928_1005_r2  n=  1  avg=-77.8%  med=-77.8%  realized=$-35.00
  b350|lab0350_s360_w2_1005_1045_r1  n=  7  avg=-37.4%  med=-46.7%  realized=$-93.00
  b351|lab0351_s360_w2_1005_1045_r2  n=  7  avg=-45.7%  med=-56.4%  realized=$-120.00
  b352|lab0352_s360_w3_1045_1120_r1  n=  1  avg=-50.0%  med=-50.0%  realized=$-6.00
  b353|lab0353_s360_w3_1045_1120_r2  n=  1  avg=-50.0%  med=-50.0%  realized=$-6.00
  b354|lab0354_s360_w4_1120_1135_r1  n=  2  avg=-33.3%  med=-33.3%  realized=$-12.00
  b355|lab0355_s360_w4_1120_1135_r2  n=  3  avg=-34.9%  med=-54.8%  realized=$-32.00
  b364|lab0364_s361_w2_1005_1045_r1  n=  6  avg=+9.5%  med=+81.8%  realized=$+15.00
  b365|lab0365_s361_w2_1005_1045_r2  n=  9  avg=+108.9%  med=+82.8%  realized=$+204.00
  b367|lab0367_s361_w3_1045_1120_r2  n=  3  avg=+16.0%  med=-8.3%  realized=$+3.00
  b376|lab0376_s362_w1_0928_1005_r1  n=  3  avg=+43.9%  med=+8.7%  realized=$+52.00
  b377|lab0377_s362_w1_0928_1005_r2  n=  3  avg=+49.6%  med=+13.0%  realized=$+61.00
  b378|lab0378_s362_w2_1005_1045_r1  n=  3  avg=+52.7%  med=+52.6%  realized=$+59.00
  b379|lab0379_s362_w2_1005_1045_r2  n=  7  avg=+41.8%  med=+38.2%  realized=$+123.00
  b380|lab0380_s362_w3_1045_1120_r1  n=  4  avg=+63.0%  med=+103.3%  realized=$+164.00
  b381|lab0381_s362_w3_1045_1120_r2  n=  4  avg=+67.4%  med=+108.3%  realized=$+174.00
  b382|lab0382_s362_w4_1120_1135_r1  n=  1  avg=+1125.8%  med=+1125.8%  realized=$+349.00
  b383|lab0383_s362_w4_1120_1135_r2  n=  1  avg=+1222.6%  med=+1222.6%  realized=$+379.00
  b390|lab0390_s363_w1_0928_1005_r1  n=  1  avg=+106.5%  med=+106.5%  realized=$+33.00
  b391|lab0391_s363_w1_0928_1005_r2  n=  1  avg=+103.2%  med=+103.2%  realized=$+32.00
  b392|lab0392_s363_w2_1005_1045_r1  n=  3  avg=+27.8%  med=+9.5%  realized=$+26.00
  b393|lab0393_s363_w2_1005_1045_r2  n=  3  avg=+25.0%  med=+7.1%  realized=$+23.00
  b397|lab0397_s363_w4_1120_1135_r2  n=  2  avg=+52.9%  med=+52.9%  realized=$+36.00
  b405|lab0405_s364_w1_0928_1005_r2  n=  1  avg=+50.0%  med=+50.0%  realized=$+25.00
  b406|lab0406_s364_w2_1005_1045_r1  n=  3  avg=+71.9%  med=+77.8%  realized=$+100.00
  b407|lab0407_s364_w2_1005_1045_r2  n=  4  avg=+36.3%  med=+69.6%  realized=$+62.00
  b408|lab0408_s364_w3_1045_1120_r1  n=  2  avg=+66.7%  med=+66.7%  realized=$+44.00
  b409|lab0409_s364_w3_1045_1120_r2  n=  3  avg=+61.6%  med=+63.6%  realized=$+61.00
  b410|lab0410_s364_w4_1120_1135_r1  n=  2  avg=+233.3%  med=+233.3%  realized=$+168.00
  b411|lab0411_s364_w4_1120_1135_r2  n=  2  avg=+188.9%  med=+188.9%  realized=$+136.00
  b48|c048_s164_w1_0928_1005_r2  n=  5  avg=-33.1%  med=-49.1%  realized=$-91.00
  b48|c048_s165_w1_0928_1005_r3  n= 16  avg=-35.9%  med=-49.1%  realized=$-344.00
  b49|c049_s164_w2_1005_1045_r2  n=  4  avg=-51.8%  med=-44.0%  realized=$-133.00
  b49|c049_s165_w2_1005_1045_r3  n= 15  avg=-49.3%  med=-49.1%  realized=$-458.00
  b50|c050_s164_w3_1045_1120_r2  n=  4  avg=-39.6%  med=-16.7%  realized=$-115.00
  b50|c050_s165_w3_1045_1120_r3  n=  9  avg=-23.6%  med=-23.1%  realized=$-142.00
  b51|c051_s165_w4_1120_1135_r3  n=  1  avg=+263.6%  med=+263.6%  realized=$+174.00
  b56|g056_lim_tp20_sl65  n=  1  avg=+47.7%  med=+47.7%  realized=$+20.52
  b57|g057_mid_tp20_sl65  n=  1  avg=+47.7%  med=+47.7%  realized=$+20.52
  b58|g058_eod_tp20_sl65  n=  1  avg=+59.1%  med=+59.1%  realized=$+25.41
  b58|lab0058_s207_w2_1005_1045_r1  n=  5  avg=-19.4%  med=-32.0%  realized=$-66.00
  b59|lab0059_s207_w2_1005_1045_r2  n=  5  avg=-48.7%  med=-49.1%  realized=$-153.00
  b60|lab0060_s207_w3_1045_1120_r1  n=  5  avg=-40.3%  med=-45.5%  realized=$-118.00
  b61|lab0061_s207_w3_1045_1120_r2  n=  6  avg=-41.7%  med=-51.5%  realized=$-135.00
  b62|lab0062_s207_w4_1120_1135_r1  n=  5  avg=-51.2%  med=-59.7%  realized=$-158.00
  b63|lab0063_s207_w4_1120_1135_r2  n=  4  avg=-32.9%  med=-45.8%  realized=$-83.00
  b68|c068_s165_w1_0928_1005_r4  n= 16  avg=-51.3%  med=-49.1%  realized=$-446.00
  b68|c068_s166_w1_0928_1005_r3  n=  4  avg=-52.7%  med=-49.1%  realized=$-116.00
  b69|c069_s165_w2_1005_1045_r4  n= 11  avg=+19.0%  med=-43.6%  realized=$-179.00
  b69|c069_s166_w2_1005_1045_r3  n=  4  avg=+10.1%  med=-40.0%  realized=$-87.00
  b70|c070_s165_w3_1045_1120_r4  n= 11  avg=-2.1%  med=-16.9%  realized=$-6.00
  b70|c070_s166_w3_1045_1120_r3  n=  4  avg=-42.5%  med=-27.0%  realized=$-124.00
  b70|g070_eod_tp30_sl20  n=  1  avg=+59.1%  med=+59.1%  realized=$+27.77
  b76|c076_s164_w1_0928_1005_r3  n=  1  avg=-50.0%  med=-50.0%  realized=$-2.00
  b776|lab0776_s397_w1_0928_1005_r1  n=  1  avg=+40.4%  med=+40.4%  realized=$+23.00
  b777|lab0777_s397_w1_0928_1005_r2  n=  1  avg=+38.6%  med=+38.6%  realized=$+22.00
  b778|lab0778_s397_w2_1005_1045_r1  n=  2  avg=+62.2%  med=+73.0%  realized=$+83.00
  b779|lab0779_s397_w2_1005_1045_r2  n=  2  avg=+52.8%  med=+61.9%  realized=$+70.00
  b780|lab0780_s397_w3_1045_1120_r1  n=  1  avg=+114.8%  med=+114.8%  realized=$+70.00
  b781|lab0781_s397_w3_1045_1120_r2  n=  1  avg=+116.4%  med=+116.4%  realized=$+71.00
  b783|lab0783_s397_w4_1120_1135_r2  n=  1  avg=+151.6%  med=+151.6%  realized=$+94.00
  b784|lab0784_s398_w1_0928_1005_r1  n=  1  avg=+49.0%  med=+49.0%  realized=$+24.00
  b785|lab0785_s398_w1_0928_1005_r2  n=  1  avg=+49.0%  med=+49.0%  realized=$+24.00
  b786|lab0786_s398_w2_1005_1045_r1  n=  6  avg=-2.7%  med=+3.3%  realized=$+3.00
  b787|lab0787_s398_w2_1005_1045_r2  n=  2  avg=+69.9%  med=+78.6%  realized=$+82.00
  b788|lab0788_s398_w3_1045_1120_r1  n=  4  avg=+44.6%  med=+77.1%  realized=$+87.00
  b789|lab0789_s398_w3_1045_1120_r2  n=  3  avg=+55.2%  med=+65.7%  realized=$+95.00
  b790|lab0790_s398_w4_1120_1135_r1  n=  2  avg=+226.1%  med=+311.9%  realized=$+232.00
  b791|lab0791_s398_w4_1120_1135_r2  n=  3  avg=+150.8%  med=+155.6%  realized=$+242.00
  b792|lab0792_s399_w1_0928_1005_r1  n=  2  avg=+145.0%  med=+150.0%  realized=$+71.00
  b793|lab0793_s399_w1_0928_1005_r2  n=  8  avg=+37.9%  med=+100.0%  realized=$+85.00
  b794|lab0794_s399_w2_1005_1045_r1  n=  5  avg=-5.3%  med=-17.2%  realized=$-30.00
  b795|lab0795_s399_w2_1005_1045_r2  n=  4  avg=+14.9%  med=+65.5%  realized=$+15.00
  b797|lab0797_s399_w3_1045_1120_r2  n=  5  avg=-64.6%  med=-66.7%  realized=$-121.00
  b798|lab0798_s399_w4_1120_1135_r1  n=  2  avg=+134.0%  med=+134.0%  realized=$+134.00
  b799|lab0799_s399_w4_1120_1135_r2  n=  2  avg=+149.2%  med=+186.5%  realized=$+125.00
  b800|lab0800_s404_w1_0928_1005_r1  n=  1  avg=+38.6%  med=+38.6%  realized=$+22.00
  b801|lab0801_s404_w1_0928_1005_r2  n=  1  avg=+31.6%  med=+31.6%  realized=$+18.00
  b802|lab0802_s404_w2_1005_1045_r1  n=  2  avg=+53.0%  med=+60.9%  realized=$+71.00
  b803|lab0803_s404_w2_1005_1045_r2  n=  2  avg=+48.5%  med=+50.8%  realized=$+64.00
  b804|lab0804_s404_w3_1045_1120_r1  n=  1  avg=+106.6%  med=+106.6%  realized=$+65.00
  b805|lab0805_s404_w3_1045_1120_r2  n=  1  avg=+86.9%  med=+86.9%  realized=$+53.00
  b806|lab0806_s404_w4_1120_1135_r1  n=  1  avg=+145.2%  med=+145.2%  realized=$+90.00
  b807|lab0807_s404_w4_1120_1135_r2  n=  1  avg=+124.2%  med=+124.2%  realized=$+77.00
  b80|lab0080_s210_w1_0928_1005_r1  n=  3  avg=+12.2%  med=-8.5%  realized=$+7.00
  b814|lab0814_s405_w1_0928_1005_r1  n=  1  avg=+53.1%  med=+53.1%  realized=$+26.00
  b815|lab0815_s405_w1_0928_1005_r2  n=  1  avg=+46.9%  med=+46.9%  realized=$+23.00
  b816|lab0816_s405_w2_1005_1045_r1  n=  2  avg=+61.4%  med=+69.6%  realized=$+72.00
  b817|lab0817_s405_w2_1005_1045_r2  n=  8  avg=-19.9%  med=-40.0%  realized=$-71.00
  b818|lab0818_s405_w3_1045_1120_r1  n=  3  avg=+46.7%  med=+55.7%  realized=$+81.00
  b819|lab0819_s405_w3_1045_1120_r2  n=  4  avg=+21.7%  med=+42.9%  realized=$+37.00
  b81|lab0081_s210_w1_0928_1005_r2  n=  3  avg=+14.8%  med=-6.4%  realized=$+10.00
  b820|lab0820_s405_w4_1120_1135_r1  n=  3  avg=+105.6%  med=+106.9%  realized=$+171.00
  b821|lab0821_s405_w4_1120_1135_r2  n=  5  avg=+46.2%  med=+3.5%  realized=$+92.00
  b828|lab0828_s406_w1_0928_1005_r1  n=  2  avg=+11.3%  med=+72.5%  realized=$+22.00
  b829|lab0829_s406_w1_0928_1005_r2  n=  2  avg=+9.3%  med=+68.6%  realized=$+20.00
  b82|lab0082_s210_w2_1005_1045_r1  n=  3  avg=-63.6%  med=-71.0%  realized=$-75.00
  b830|lab0830_s406_w2_1005_1045_r1  n=  6  avg=+54.8%  med=+72.4%  realized=$+64.00
  b831|lab0831_s406_w2_1005_1045_r2  n=  7  avg=+48.0%  med=+82.8%  realized=$+41.00
  b832|lab0832_s406_w3_1045_1120_r1  n=  5  avg=+205.4%  med=+55.3%  realized=$+451.00
  b833|lab0833_s406_w3_1045_1120_r2  n=  7  avg=+254.2%  med=+73.1%  realized=$+469.00
  b834|lab0834_s406_w4_1120_1135_r1  n=  2  avg=+53.8%  med=+63.6%  realized=$+25.00
  b835|lab0835_s406_w4_1120_1135_r2  n=  2  avg=-53.0%  med=-50.0%  realized=$-25.00
  b83|lab0083_s210_w2_1005_1045_r2  n=  4  avg=+28.5%  med=+50.0%  realized=$+34.00
  b842|lab0842_s407_w1_0928_1005_r1  n=  1  avg=+140.0%  med=+140.0%  realized=$+28.00
  b843|lab0843_s407_w1_0928_1005_r2  n=  1  avg=+125.0%  med=+125.0%  realized=$+25.00
  b844|lab0844_s407_w2_1005_1045_r1  n=  6  avg=+126.7%  med=+44.9%  realized=$+102.00
  b845|lab0845_s407_w2_1005_1045_r2  n=  5  avg=+138.4%  med=+38.8%  realized=$+111.00
  b848|lab0848_s407_w4_1120_1135_r1  n=  2  avg=-95.9%  med=-95.9%  realized=$-94.00
  b849|lab0849_s407_w4_1120_1135_r2  n=  5  avg=+104.6%  med=+229.2%  realized=$+115.00
  b84|lab0084_s210_w3_1045_1120_r1  n=  3  avg=+35.7%  med=+16.7%  realized=$+28.00
  b857|lab0857_s408_w1_0928_1005_r2  n=  1  avg=+52.6%  med=+52.6%  realized=$+10.00
  b858|lab0858_s408_w2_1005_1045_r1  n=  1  avg=+41.9%  med=+41.9%  realized=$+13.00
  b859|lab0859_s408_w2_1005_1045_r2  n=  2  avg=+1.1%  med=+45.2%  realized=$+8.00
  b85|lab0085_s210_w3_1045_1120_r2  n=  4  avg=+13.7%  med=+13.9%  realized=$+7.00
  b860|lab0860_s408_w3_1045_1120_r1  n=  4  avg=+631.1%  med=+1188.9%  realized=$+411.00
  b861|lab0861_s408_w3_1045_1120_r2  n=  7  avg=+246.8%  med=+100.0%  realized=$+278.00
  b862|lab0862_s408_w4_1120_1135_r1  n=  1  avg=-50.0%  med=-50.0%  realized=$-8.00
  b863|lab0863_s408_w4_1120_1135_r2  n=  5  avg=-12.5%  med=-6.2%  realized=$-10.00
  b86|lab0086_s210_w4_1120_1135_r1  n=  3  avg=+26.1%  med=+16.7%  realized=$+25.00
  b87|lab0087_s210_w4_1120_1135_r2  n=  3  avg=+29.1%  med=+19.4%  realized=$+28.00
  b88|c088_s165_w1_0928_1005_r5  n= 21  avg=-5.0%  med=-2.7%  realized=$-63.00
  b88|c088_s167_w1_0928_1005_r4  n=  4  avg=-12.7%  med=+30.9%  realized=$-28.00
  b898|lab0898_s411_w1_0928_1005_r1  n=  1  avg=-51.4%  med=-51.4%  realized=$-37.00
  b899|lab0899_s411_w1_0928_1005_r2  n=  1  avg=-48.6%  med=-48.6%  realized=$-35.00
  b89|c089_s165_w2_1005_1045_r5  n=  7  avg=+113.1%  med=+30.9%  realized=$+67.00
  b89|c089_s167_w2_1005_1045_r4  n=  2  avg=-16.2%  med=+30.9%  realized=$-22.00
  b8|c008_s165_w1_0928_1005_r1  n= 23  avg=-19.6%  med=-35.3%  realized=$-250.00
  b900|lab0900_s411_w2_1005_1045_r1  n=  2  avg=+37.4%  med=+45.0%  realized=$+47.00
  b901|lab0901_s411_w2_1005_1045_r2  n=  3  avg=+32.8%  med=+36.1%  realized=$+61.00
  b902|lab0902_s411_w3_1045_1120_r1  n=  4  avg=+22.8%  med=+13.4%  realized=$+49.00
  b903|lab0903_s411_w3_1045_1120_r2  n=  4  avg=+19.6%  med=+10.4%  realized=$+41.00
  b905|lab0905_s411_w4_1120_1135_r2  n=  1  avg=+13.1%  med=+13.1%  realized=$+8.00
  b90|c090_s165_w3_1045_1120_r5  n= 13  avg=+7.7%  med=+0.0%  realized=$+47.00
  b90|c090_s167_w3_1045_1120_r4  n=  4  avg=-41.6%  med=-18.9%  realized=$-123.00
  b914|lab0914_s412_w2_1005_1045_r1  n=  4  avg=+75.2%  med=+68.2%  realized=$+124.00
  b915|lab0915_s412_w2_1005_1045_r2  n=  3  avg=+54.2%  med=+43.2%  realized=$+64.00
  b916|lab0916_s412_w3_1045_1120_r1  n=  7  avg=+26.3%  med=-10.7%  realized=$+24.00
  b917|lab0917_s412_w3_1045_1120_r2  n=  1  avg=-51.8%  med=-51.8%  realized=$-29.00
  b919|lab0919_s412_w4_1120_1135_r2  n=  1  avg=+37.5%  med=+37.5%  realized=$+12.00
  b91|c091_s165_w4_1120_1135_r5  n=  2  avg=+222.0%  med=+247.0%  realized=$+293.00
  b94|lab0094_s211_w1_0928_1005_r1  n=  3  avg=-21.0%  med=-5.7%  realized=$-39.00
  b95|lab0095_s211_w1_0928_1005_r2  n=  3  avg=-30.5%  med=-17.1%  realized=$-51.00
  b96|lab0096_s211_w2_1005_1045_r1  n=  2  avg=-34.8%  med=-31.6%  realized=$-28.00
  b97|lab0097_s211_w2_1005_1045_r2  n=  3  avg=-23.6%  med=-16.7%  realized=$-40.00
  b98|lab0098_s211_w3_1045_1120_r1  n=  3  avg=-45.9%  med=-44.4%  realized=$-51.00
  b99|lab0099_s211_w3_1045_1120_r2  n=  4  avg=+102.6%  med=+125.0%  realized=$+160.00
  b9|c009_s165_w2_1005_1045_r1  n=  7  avg=-74.4%  med=-66.2%  realized=$-301.00
========================================================
+========================================================================+
|  OPTIONS BOT SUMMARY                                                   |
+------------------------------------------------------------------------+
|  Mode                          after_hours                             |
|  Equity                        $143,099.38                             |
|  Signals this run              0                                       |
|  Orders submitted (session)    0                                       |
|  Orders filled today (ledger)  0                                       |
|  Entries placed this run       0                                       |
|  Open virtual lots             156                                     |
|  Broker option positions       26                                      |
|  Unattributed contracts        3 (orphan reconcile)                    |
|  Pending orders                0                                       |
+========================================================================+
+========================================================================+
|  BUCKET LEADERBOARD (reflected ex-S173,S174)                           |
+------------------------------------------------------------------------+
|  Reflected trades=1034  buckets=250  win=45%                           |
|  Returns   avg=+26.3%  med=-15.6%  p10=-73.8%  p90=+140.0%             |
|  Realized  $+11,975.32                                                 |
|  Raw incl dropped  trades=1568  real=$+10,379.77                       |
+------------------------------------------------------------------------+
|  BKT PROFILE               N  WIN  AVG%   MED%   BEST%  REAL$          |
+------------------------------------------------------------------------+
|  b383 lab0383_s362_w4_11  1 100% +1222.6 +1222.6 +1222.6 $   +379      |
|  b382 lab0382_s362_w4_11  1 100% +1125.8 +1125.8 +1125.8 $   +349      |
|  b860 lab0860_s408_w3_10  4  50% +631.1 +566.7 +1446.7 $   +411        |
|  b196 lab0196_s218_w3_10  3 100% +453.8 +403.1 +906.2 $   +310         |
|  b319 lab0319_s355_w4_11  1 100% +328.6 +328.6 +328.6 $   +138         |
|  b268 lab0268_s403_w4_11  2 100% +320.0 +320.0 +320.0 $   +160         |
|  b197 lab0197_s218_w3_10  3 100% +368.0 +318.8 +737.5 $   +253         |
|  b318 lab0318_s355_w4_11  1 100% +292.9 +292.9 +292.9 $   +123         |
|  ... 242 more bucket(s) with exits                                     |
+------------------------------------------------------------------------+
|  Low  b108 lab0108_s212_w1_09  4   0% -82.2 -98.4 -98.6 $   -199       |
+========================================================================+
+========================================================================+
|  PENDING EXITS (9)                                                     |
+------------------------------------------------------------------------+
|  b0   ORPHAN PLTR260807C00172500 x3 stop_loss (-54.4%)                 |
|  b802 S404 AMZN260807C00295000 x1 stop_loss (-90.1%)                   |
|  b0   ORPHAN AMZN260807C00302500 x1 stop_loss (-92.7%)                 |
|  b196 S218 RBLX260807C00040000 x1 stop_loss (-84.8%)                   |
|  b300 S353 AMZN260807C00292500 x1 stop_loss (-90.7%)                   |
|  ... 4 more pending exit(s)                                            |
+========================================================================+
+========================================================================+
|  OPEN OPTIONS (26)                                                     |
+------------------------------------------------------------------------+
|  SYMBOL                      QTY    RET%        OPEN P&L               |
|------------------------------------------------------------------------|
|  AMZN260807C00295000          35    -90.1%   $ -1,271.67               |
|  AMZN260807C00292500          20    -90.7%   $   -977.00               |
|  AMZN260807C00297500           9    -94.1%   $   -287.31               |
|  UBER260807C00078000           5    -98.0%   $   -247.22               |
|  DKNG260807C00024500           7    -59.4%   $   -163.80               |
|  NKE260807C00042000           10    +13.9%   $    +89.00               |
|  RBLX260807C00040000           3    -84.8%   $    -84.00               |
|  TTD260807P00017000            4    -34.5%   $    -76.00               |
|  ... 18 more position(s)                                               |
+========================================================================+
Full detail: logs/options_trial/runs/2026-08-06.log
elapsed=0.7s reconcile=0.23s

=== 09:00:50 ET — after hours (exit summary) [elapsed=1.0s reconcile=0.48s] ===
=== options_morning_bot (PAPER) 2026-08-06T09:00:50.862409-04:00 ===

[Run context]
After hours (09:00 ET) — exit summary only.
Paper auth OK — equity $143161.28, account PA36KS87UPRS
  reconcile: layout changed controlled:100:c000_s173_w1_0928_1005_r1 -> controlled:1024:lab0000_s200_w1_0928_1005_r1

[Exit summary]
========================================================
OPTIONS EXIT SUMMARY — 2026-08-06
========================================================
Account equity: $143,161.28
Open broker positions: 26  unrealized $-3,220.68

No closed trades today.
========================================================

[Portfolio snapshot]
========================================================
OPTIONS TRIAL STATS
========================================================
Account equity: $143,161.28
Active buckets: 1024 of 1024 profiles ($500 virtual each) — paper unlimited mode

P&L summary
  Reflected (ex-S173,S174): $+11,975.32 all-time  |  $+0.00 today
  Raw (incl dropped):     $+10,379.77 all-time  |  $+0.00 today
  Open (not sold yet): $-3,120.86 unrealized (virtual lots)
                       $-3,220.68 unrealized (broker total)
  Premium deployed:    $8,121.20 in open positions
  Combined P&L:        $+8,854.46 (reflected realized + open virtual)

Ledger (master)
  Total events:     8682
  Today entries:    0
  Today exits (reflected): 0
  All-time exits (reflected): 1034  wins 45%
  Avg return/trade: +26.3%  median -15.2%

Open virtual lots (by bucket)
  b0 lab0000_s200_w1_0928_1005_r1  prem=$  1042  real=$ +0.00  open=$ +0.00  lots=15  [ORPHAN:NKEx1, ORPHAN:UBERx1, ORPHAN:AAPLx2, ORPHAN:AMZNx1 +11 more]
       buy: ask-0.01  sell: bid-0.01  tp=+50% sl=-50%
  b16 lab0016_s202_w1_0928_1005_r1  prem=$     0  real=$-39.00  open=$ +0.00  lots=0  [-]
       buy: ask-0.01  sell: bid-0.01  tp=+50% sl=-50%
  b17 lab0017_s202_w1_0928_1005_r2  prem=$     0  real=$-40.00  open=$ +0.00  lots=0  [-]
       buy: ask-0.01  sell: bid-0.01  tp=+50% sl=-50%
  b18 lab0018_s202_w2_1005_1045_r1  prem=$     0  real=$-29.00  open=$ +0.00  lots=0  [-]
       buy: ask-0.01  sell: bid-0.01  tp=+50% sl=-50%
  b19 lab0019_s202_w2_1005_1045_r2  prem=$     0  real=$-22.00  open=$ +0.00  lots=0  [-]
       buy: ask-0.01  sell: bid-0.01  tp=+50% sl=-50%
  b24 lab0024_s203_w1_0928_1005_r1  prem=$     0  real=$-65.00  open=$ +0.00  lots=0  [-]
       buy: ask-0.01  sell: bid-0.01  tp=+50% sl=-50%
  b26 lab0026_s203_w2_1005_1045_r1  prem=$     0  real=$-78.00  open=$ +0.00  lots=0  [-]
       buy: ask-0.01  sell: bid-0.01  tp=+50% sl=-50%
  b27 lab0027_s203_w2_1005_1045_r2  prem=$     0  real=$-253.00  open=$ +0.00  lots=0  [-]
       buy: ask-0.01  sell: bid-0.01  tp=+50% sl=-50%
  b28 lab0028_s203_w3_1045_1120_r1  prem=$    51  real=$-54.00  open=$-17.62  lots=1  [S203:TTDx1]
       buy: ask-0.01  sell: bid-0.01  tp=+50% sl=-50%
  b29 lab0029_s203_w3_1045_1120_r2  prem=$    51  real=$-54.00  open=$-17.62  lots=1  [S203:TTDx1]
       buy: ask-0.01  sell: bid-0.01  tp=+50% sl=-50%
  b30 lab0030_s203_w4_1120_1135_r1  prem=$    59  real=$-99.00  open=$-20.38  lots=1  [S203:TTDx1]
       buy: ask-0.01  sell: bid-0.01  tp=+50% sl=-50%
  b31 lab0031_s203_w4_1120_1135_r2  prem=$    59  real=$-93.00  open=$-20.38  lots=1  [S203:TTDx1]
       buy: ask-0.01  sell: bid-0.01  tp=+50% sl=-50%
  b58 lab0058_s207_w2_1005_1045_r1  prem=$     0  real=$-66.00  open=$ +0.00  lots=0  [-]
       buy: ask-0.01  sell: bid-0.01  tp=+50% sl=-50%
  b59 lab0059_s207_w2_1005_1045_r2  prem=$     0  real=$-153.00  open=$ +0.00  lots=0  [-]
       buy: ask-0.01  sell: bid-0.01  tp=+50% sl=-50%
  b60 lab0060_s207_w3_1045_1120_r1  prem=$     0  real=$-118.00  open=$ +0.00  lots=0  [-]
       buy: ask-0.01  sell: bid-0.01  tp=+50% sl=-50%
  b61 lab0061_s207_w3_1045_1120_r2  prem=$     0  real=$-135.00  open=$ +0.00  lots=0  [-]
       buy: ask-0.01  sell: bid-0.01  tp=+50% sl=-50%
  b62 lab0062_s207_w4_1120_1135_r1  prem=$     0  real=$-158.00  open=$ +0.00  lots=0  [-]
       buy: ask-0.01  sell: bid-0.01  tp=+50% sl=-50%
  b63 lab0063_s207_w4_1120_1135_r2  prem=$     0  real=$-83.00  open=$ +0.00  lots=0  [-]
       buy: ask-0.01  sell: bid-0.01  tp=+50% sl=-50%
  b80 lab0080_s210_w1_0928_1005_r1  prem=$     0  real=$ +7.00  open=$ +0.00  lots=0  [-]
       buy: ask-0.01  sell: bid-0.01  tp=+50% sl=-50%
  b81 lab0081_s210_w1_0928_1005_r2  prem=$     0  real=$+10.00  open=$ +0.00  lots=0  [-]
       buy: ask-0.01  sell: bid-0.01  tp=+50% sl=-50%
  (258 more active bucket(s) omitted)
  (746 quiet bucket profile(s) — no trades yet)

Alpaca option positions
  AAPL260807C00317500  qty=1  cost=$63.00  return=+39.7%  open P&L=$+25.00
  AAPL260814C00330000  qty=6  cost=$358.50  return=+2.1%  open P&L=$+7.50
  AMD260807C00555000  qty=2  cost=$122.00  return=-49.2%  open P&L=$-60.00
  AMZN260807C00292500  qty=20  cost=$1,077.00  return=-90.7%  open P&L=$-977.00
  AMZN260807C00295000  qty=35  cost=$1,411.67  return=-90.1%  open P&L=$-1,271.67
  AMZN260807C00297500  qty=9  cost=$305.31  return=-94.1%  open P&L=$-287.31
  AMZN260807C00302500  qty=1  cost=$13.67  return=-92.7%  open P&L=$-12.67
  DKNG260807C00024500  qty=7  cost=$275.80  return=-59.4%  open P&L=$-163.80
  HOOD260807C00100000  qty=2  cost=$112.00  return=-44.6%  open P&L=$-50.00
  HOOD260807C00101000  qty=2  cost=$96.00  return=-54.2%  open P&L=$-52.00
  NKE260807C00042000  qty=10  cost=$641.00  return=+13.9%  open P&L=$+89.00
  NKE260807C00043000  qty=4  cost=$94.00  return=+14.9%  open P&L=$+14.00
  NKE260821C00044000  qty=12  cost=$756.00  return=+1.6%  open P&L=$+12.00
  NKE260828C00045000  qty=12  cost=$758.00  return=-1.8%  open P&L=$-14.00
  NKE260904C00045000  qty=4  cost=$288.00  return=+6.9%  open P&L=$+20.00
  PLTR260807C00172500  qty=3  cost=$118.50  return=-54.4%  open P&L=$-64.50
  RBLX260807C00040000  qty=3  cost=$99.00  return=-84.8%  open P&L=$-84.00
  T260807C00022500  qty=2  cost=$88.00  return=+31.8%  open P&L=$+28.00
  TTD260807C00020500  qty=4  cost=$268.00  return=+0.0%  open P&L=$+0.00
  TTD260807C00021500  qty=2  cost=$92.00  return=-2.2%  open P&L=$-2.00
  TTD260807P00017000  qty=4  cost=$220.00  return=-34.5%  open P&L=$-76.00
  UBER260807C00070000  qty=9  cost=$290.08  return=-6.9%  open P&L=$-20.08
  UBER260807C00078000  qty=5  cost=$252.67  return=-98.0%  open P&L=$-247.67
  UBER260814C00072000  qty=4  cost=$170.00  return=-8.2%  open P&L=$-14.00
  UBER260814C00073000  qty=1  cost=$40.50  return=-33.3%  open P&L=$-13.50
  UBER260828C00075000  qty=4  cost=$210.00  return=-2.9%  open P&L=$-6.00

Per-bucket exit stats (all time)
  b0|orphan_reconcile     n= 88  avg=-6.9%  med=-60.0%  realized=$+5,826.10
  b104|c104_s164_w1_0928_1005_r4  n=  1  avg=-88.9%  med=-88.9%  realized=$-8.00
  b108|c108_s202_w3_1045_1120_r1  n=  1  avg=-33.3%  med=-33.3%  realized=$-1.00
  b108|lab0108_s212_w1_0928_1005_r1  n=  3  avg=-98.5%  med=-98.6%  realized=$-198.00
  b109|c109_s202_w3_1045_1120_r2  n=  1  avg=-66.7%  med=-66.7%  realized=$-2.00
  b109|lab0109_s212_w1_0928_1005_r2  n=  3  avg=-85.2%  med=-98.2%  realized=$-169.00
  b10|c010_s165_w3_1045_1120_r1  n=  8  avg=-37.2%  med=-18.9%  realized=$-205.00
  b110|lab0110_s212_w2_1005_1045_r1  n=  3  avg=-71.9%  med=-74.6%  realized=$-140.00
  b111|lab0111_s212_w2_1005_1045_r2  n=  3  avg=-63.7%  med=-66.1%  realized=$-124.00
  b112|lab0112_s212_w3_1045_1120_r1  n=  5  avg=-62.0%  med=-68.1%  realized=$-158.00
  b113|lab0113_s212_w3_1045_1120_r2  n=  8  avg=-79.5%  med=-74.5%  realized=$-347.00
  b114|lab0114_s212_w4_1120_1135_r1  n=  6  avg=-67.2%  med=-73.5%  realized=$-206.00
  b115|lab0115_s212_w4_1120_1135_r2  n=  4  avg=-73.2%  med=-54.1%  realized=$-150.00
  b132|c132_s164_w1_0928_1005_r5  n=  2  avg=-65.7%  med=-53.6%  realized=$-37.00
  b135|c135_s164_w4_1120_1135_r5  n=  1  avg=-50.0%  med=-50.0%  realized=$-4.00
  b164|lab0164_s216_w1_0928_1005_r1  n=  1  avg=-51.7%  med=-51.7%  realized=$-31.00
  b165|lab0165_s216_w1_0928_1005_r2  n=  1  avg=-51.7%  med=-51.7%  realized=$-31.00
  b166|lab0166_s216_w2_1005_1045_r1  n=  2  avg=-69.6%  med=-63.4%  realized=$-73.00
  b167|lab0167_s216_w2_1005_1045_r2  n=  4  avg=-82.1%  med=-80.5%  realized=$-153.00
  b169|lab0169_s216_w3_1045_1120_r2  n=  2  avg=-54.3%  med=-52.3%  realized=$-50.00
  b16|lab0016_s202_w1_0928_1005_r1  n=  1  avg=-63.9%  med=-63.9%  realized=$-39.00
  b178|lab0178_s217_w1_0928_1005_r1  n=  1  avg=+66.0%  med=+66.0%  realized=$+31.00
  b179|lab0179_s217_w1_0928_1005_r2  n=  1  avg=+51.1%  med=+51.1%  realized=$+24.00
  b17|lab0017_s202_w1_0928_1005_r2  n=  1  avg=-65.6%  med=-65.6%  realized=$-40.00
  b180|lab0180_s217_w2_1005_1045_r1  n=  7  avg=+209.4%  med=+135.3%  realized=$+392.00
  b181|lab0181_s217_w2_1005_1045_r2  n=  7  avg=+219.5%  med=+73.3%  realized=$+374.00
  b182|lab0182_s217_w3_1045_1120_r1  n=  2  avg=-43.8%  med=-43.8%  realized=$-28.00
  b183|lab0183_s217_w3_1045_1120_r2  n=  3  avg=-64.2%  med=-68.8%  realized=$-66.00
  b185|lab0185_s217_w4_1120_1135_r2  n=  1  avg=-55.6%  med=-55.6%  realized=$-25.00
  b18|lab0018_s202_w2_1005_1045_r1  n=  1  avg=-74.4%  med=-74.4%  realized=$-29.00
  b192|lab0192_s218_w1_0928_1005_r1  n=  2  avg=+50.0%  med=+50.0%  realized=$+66.00
  b193|lab0193_s218_w1_0928_1005_r2  n=  3  avg=+40.9%  med=+36.4%  realized=$+78.00
  b194|lab0194_s218_w2_1005_1045_r1  n=  9  avg=+13.9%  med=+22.2%  realized=$-41.00
  b195|lab0195_s218_w2_1005_1045_r2  n=  9  avg=+33.6%  med=+58.8%  realized=$+67.00
  b196|lab0196_s218_w3_1045_1120_r1  n=  3  avg=+453.8%  med=+403.1%  realized=$+310.00
  b197|lab0197_s218_w3_1045_1120_r2  n=  3  avg=+368.0%  med=+318.8%  realized=$+253.00
  b198|lab0198_s218_w4_1120_1135_r1  n=  1  avg=+71.9%  med=+71.9%  realized=$+41.00
  b199|lab0199_s218_w4_1120_1135_r2  n=  1  avg=+75.4%  med=+75.4%  realized=$+43.00
  b19|lab0019_s202_w2_1005_1045_r2  n=  1  avg=-56.4%  med=-56.4%  realized=$-22.00
  b20|c020_s164_w1_0928_1005_r1  n=  1  avg=-88.9%  med=-88.9%  realized=$-8.00
  b222|lab0222_s400_w2_1005_1045_r1  n=  1  avg=-50.0%  med=-50.0%  realized=$-4.00
  b223|lab0223_s400_w2_1005_1045_r2  n=  1  avg=-50.0%  med=-50.0%  realized=$-4.00
  b224|lab0224_s400_w3_1045_1120_r1  n=  1  avg=-66.7%  med=-66.7%  realized=$-10.00
  b225|lab0225_s400_w3_1045_1120_r2  n=  1  avg=-66.7%  med=-66.7%  realized=$-10.00
  b227|lab0227_s400_w4_1120_1135_r2  n=  1  avg=-22.2%  med=-22.2%  realized=$-2.00
  b234|lab0234_s401_w1_0928_1005_r1  n=  4  avg=-6.9%  med=+8.3%  realized=$-12.00
  b235|lab0235_s401_w1_0928_1005_r2  n=  6  avg=+69.3%  med=+80.6%  realized=$+229.00
  b236|c236_s218_w3_1045_1120_r1  n=  1  avg=-33.3%  med=-33.3%  realized=$-1.00
  b236|lab0236_s401_w2_1005_1045_r1  n=  2  avg=-96.2%  med=-96.2%  realized=$-102.00
  b237|c237_s218_w3_1045_1120_r2  n=  1  avg=-66.7%  med=-66.7%  realized=$-2.00
  b237|lab0237_s401_w2_1005_1045_r2  n=  2  avg=-96.2%  med=-96.2%  realized=$-102.00
  b238|lab0238_s401_w3_1045_1120_r1  n=  5  avg=+295.6%  med=+273.1%  realized=$+424.00
  b239|lab0239_s401_w3_1045_1120_r2  n=  4  avg=+27.0%  med=+38.5%  realized=$+13.00
  b240|lab0240_s401_w4_1120_1135_r1  n=  5  avg=+20.2%  med=+21.1%  realized=$+29.00
  b241|lab0241_s401_w4_1120_1135_r2  n=  4  avg=+26.1%  med=+31.6%  realized=$+31.00
  b24|lab0024_s203_w1_0928_1005_r1  n=  2  avg=-75.6%  med=-74.4%  realized=$-65.00
  b262|lab0262_s403_w1_0928_1005_r1  n=  1  avg=+65.4%  med=+65.4%  realized=$+34.00
  b263|lab0263_s403_w1_0928_1005_r2  n=  1  avg=+50.0%  med=+50.0%  realized=$+26.00
  b264|lab0264_s403_w2_1005_1045_r1  n=  1  avg=-66.1%  med=-66.1%  realized=$-39.00
  b265|lab0265_s403_w2_1005_1045_r2  n=  1  avg=-52.5%  med=-52.5%  realized=$-31.00
  b266|lab0266_s403_w3_1045_1120_r1  n=  1  avg=-85.9%  med=-85.9%  realized=$-61.00
  b267|lab0267_s403_w3_1045_1120_r2  n=  1  avg=-77.5%  med=-77.5%  realized=$-55.00
  b268|lab0268_s403_w4_1120_1135_r1  n=  2  avg=+320.0%  med=+320.0%  realized=$+160.00
  b269|lab0269_s403_w4_1120_1135_r2  n=  4  avg=+158.4%  med=+316.0%  realized=$+182.00
  b26|lab0026_s203_w2_1005_1045_r1  n=  3  avg=-54.5%  med=-54.0%  realized=$-78.00
  b276|lab0276_s350_w1_0928_1005_r1  n=  6  avg=+84.1%  med=+102.9%  realized=$+218.00
  b277|lab0277_s350_w1_0928_1005_r2  n=  4  avg=+154.0%  med=+260.0%  realized=$+258.00
  b278|lab0278_s350_w2_1005_1045_r1  n=  8  avg=+23.2%  med=+15.0%  realized=$+27.00
  b279|lab0279_s350_w2_1005_1045_r2  n=  8  avg=+66.8%  med=+94.1%  realized=$+137.00
  b27|lab0027_s203_w2_1005_1045_r2  n=  8  avg=-66.2%  med=-56.2%  realized=$-253.00
  b280|lab0280_s351_w1_0928_1005_r1  n=  5  avg=+104.3%  med=+171.9%  realized=$+164.00
  b281|lab0281_s351_w1_0928_1005_r2  n=  4  avg=+209.5%  med=+346.9%  realized=$+310.00
  b282|lab0282_s351_w2_1005_1045_r1  n=  6  avg=-51.8%  med=-62.5%  realized=$-127.00
  b283|lab0283_s351_w2_1005_1045_r2  n=  7  avg=-42.2%  med=-52.9%  realized=$-114.00
  b285|lab0285_s351_w3_1045_1120_r2  n=  1  avg=-33.3%  med=-33.3%  realized=$-1.00
  b286|lab0286_s351_w4_1120_1135_r1  n=  2  avg=-94.9%  med=-94.9%  realized=$-74.00
  b287|lab0287_s351_w4_1120_1135_r2  n=  5  avg=-50.4%  med=-40.0%  realized=$-79.00
  b288|lab0288_s352_w1_0928_1005_r1  n=  2  avg=+76.2%  med=+100.0%  realized=$+54.00
  b289|lab0289_s352_w1_0928_1005_r2  n=  2  avg=+70.7%  med=+93.8%  realized=$+50.00
  b28|c028_s165_w1_0928_1005_r2  n= 17  avg=+49.5%  med=+80.0%  realized=$+448.00
  b28|c028_s173_w1_0928_1005_r2  n=  5  avg=+51.6%  med=+80.0%  realized=$+142.00
  b28|lab0028_s203_w3_1045_1120_r1  n=  2  avg=-50.9%  med=-49.0%  realized=$-54.00
  b290|lab0290_s352_w2_1005_1045_r1  n=  2  avg=+73.6%  med=+108.3%  realized=$+40.00
  b291|lab0291_s352_w2_1005_1045_r2  n=  4  avg=+101.6%  med=+194.4%  realized=$+104.00
  b293|lab0293_s352_w3_1045_1120_r2  n=  1  avg=+90.0%  med=+90.0%  realized=$+18.00
  b296|lab0296_s353_w1_0928_1005_r1  n=  2  avg=+123.7%  med=+123.7%  realized=$+94.00
  b297|lab0297_s353_w1_0928_1005_r2  n=  2  avg=+79.0%  med=+79.0%  realized=$+60.00
  b298|lab0298_s353_w2_1005_1045_r1  n=  6  avg=-56.2%  med=-50.8%  realized=$-174.00
  b299|lab0299_s353_w2_1005_1045_r2  n=  3  avg=-75.9%  med=-76.3%  realized=$-86.00
  b29|c029_s165_w2_1005_1045_r2  n=  9  avg=-23.3%  med=-50.0%  realized=$-221.00
  b29|c029_s173_w2_1005_1045_r2  n=  2  avg=-69.3%  med=-48.5%  realized=$-78.00
  b29|lab0029_s203_w3_1045_1120_r2  n=  2  avg=-50.9%  med=-49.0%  realized=$-54.00
  b304|lab0304_s354_w1_0928_1005_r1  n=  1  avg=+93.6%  med=+93.6%  realized=$+44.00
  b305|lab0305_s354_w1_0928_1005_r2  n=  1  avg=+100.0%  med=+100.0%  realized=$+47.00
  b306|lab0306_s354_w2_1005_1045_r1  n=  3  avg=+68.4%  med=+133.3%  realized=$+91.00
  b307|lab0307_s354_w2_1005_1045_r2  n=  4  avg=+36.4%  med=+137.8%  realized=$+64.00
  b308|lab0308_s354_w3_1045_1120_r1  n=  3  avg=+102.3%  med=+136.9%  realized=$+162.00
  b309|lab0309_s354_w3_1045_1120_r2  n=  3  avg=+75.3%  med=+103.1%  realized=$+117.00
  b30|c030_s165_w3_1045_1120_r2  n=  9  avg=+38.8%  med=+0.0%  realized=$+260.00
  b30|c030_s173_w3_1045_1120_r2  n=  2  avg=-9.5%  med=+0.0%  realized=$-14.00
  b30|lab0030_s203_w4_1120_1135_r1  n=  3  avg=-61.1%  med=-66.1%  realized=$-99.00
  b310|lab0310_s354_w4_1120_1135_r1  n=  3  avg=+56.5%  med=+116.7%  realized=$+122.00
  b311|lab0311_s354_w4_1120_1135_r2  n=  2  avg=+209.1%  med=+290.5%  realized=$+214.00
  b312|lab0312_s355_w1_0928_1005_r1  n=  2  avg=+19.0%  med=+91.5%  realized=$+20.00
  b313|lab0313_s355_w1_0928_1005_r2  n=  2  avg=+18.1%  med=+85.1%  realized=$+19.00
  b314|lab0314_s355_w2_1005_1045_r1  n=  5  avg=+15.0%  med=-63.4%  realized=$+35.00
  b315|lab0315_s355_w2_1005_1045_r2  n=  5  avg=+8.2%  med=-37.1%  realized=$+26.00
  b316|lab0316_s355_w3_1045_1120_r1  n=  1  avg=+193.8%  med=+193.8%  realized=$+93.00
  b317|lab0317_s355_w3_1045_1120_r2  n=  1  avg=+187.5%  med=+187.5%  realized=$+90.00
  b318|lab0318_s355_w4_1120_1135_r1  n=  1  avg=+292.9%  med=+292.9%  realized=$+123.00
  b319|lab0319_s355_w4_1120_1135_r2  n=  1  avg=+328.6%  med=+328.6%  realized=$+138.00
  b31|c031_s165_w4_1120_1135_r2  n=  2  avg=+145.5%  med=+175.8%  realized=$+192.00
  b31|lab0031_s203_w4_1120_1135_r2  n=  3  avg=-57.3%  med=-62.7%  realized=$-93.00
  b320|lab0320_s356_w1_0928_1005_r1  n=  2  avg=+37.9%  med=+37.9%  realized=$+44.00
  b321|lab0321_s356_w1_0928_1005_r2  n=  2  avg=+58.6%  med=+58.6%  realized=$+68.00
  b328|lab0328_s357_w1_0928_1005_r1  n=  2  avg=+47.1%  med=+47.1%  realized=$+64.00
  b329|lab0329_s357_w1_0928_1005_r2  n=  2  avg=+47.1%  med=+47.1%  realized=$+64.00
  b332|lab0332_s357_w3_1045_1120_r1  n=  1  avg=+59.7%  med=+59.7%  realized=$+37.00
  b333|lab0333_s357_w3_1045_1120_r2  n=  2  avg=+65.0%  med=+71.9%  realized=$+77.00
  b344|lab0344_s359_w1_0928_1005_r1  n=  2  avg=+37.2%  med=+142.9%  realized=$-19.00
  b345|lab0345_s359_w1_0928_1005_r2  n=  2  avg=+82.7%  med=+228.6%  realized=$-4.00
  b346|lab0346_s359_w2_1005_1045_r1  n=  7  avg=-38.7%  med=-46.7%  realized=$-98.00
  b347|lab0347_s359_w2_1005_1045_r2  n=  7  avg=-40.7%  med=-46.7%  realized=$-100.00
  b348|lab0348_s360_w1_0928_1005_r1  n=  1  avg=-82.2%  med=-82.2%  realized=$-37.00
  b349|lab0349_s360_w1_0928_1005_r2  n=  1  avg=-77.8%  med=-77.8%  realized=$-35.00
  b350|lab0350_s360_w2_1005_1045_r1  n=  7  avg=-37.4%  med=-46.7%  realized=$-93.00
  b351|lab0351_s360_w2_1005_1045_r2  n=  7  avg=-45.7%  med=-56.4%  realized=$-120.00
  b352|lab0352_s360_w3_1045_1120_r1  n=  1  avg=-50.0%  med=-50.0%  realized=$-6.00
  b353|lab0353_s360_w3_1045_1120_r2  n=  1  avg=-50.0%  med=-50.0%  realized=$-6.00
  b354|lab0354_s360_w4_1120_1135_r1  n=  2  avg=-33.3%  med=-33.3%  realized=$-12.00
  b355|lab0355_s360_w4_1120_1135_r2  n=  3  avg=-34.9%  med=-54.8%  realized=$-32.00
  b364|lab0364_s361_w2_1005_1045_r1  n=  6  avg=+9.5%  med=+81.8%  realized=$+15.00
  b365|lab0365_s361_w2_1005_1045_r2  n=  9  avg=+108.9%  med=+82.8%  realized=$+204.00
  b367|lab0367_s361_w3_1045_1120_r2  n=  3  avg=+16.0%  med=-8.3%  realized=$+3.00
  b376|lab0376_s362_w1_0928_1005_r1  n=  3  avg=+43.9%  med=+8.7%  realized=$+52.00
  b377|lab0377_s362_w1_0928_1005_r2  n=  3  avg=+49.6%  med=+13.0%  realized=$+61.00
  b378|lab0378_s362_w2_1005_1045_r1  n=  3  avg=+52.7%  med=+52.6%  realized=$+59.00
  b379|lab0379_s362_w2_1005_1045_r2  n=  7  avg=+41.8%  med=+38.2%  realized=$+123.00
  b380|lab0380_s362_w3_1045_1120_r1  n=  4  avg=+63.0%  med=+103.3%  realized=$+164.00
  b381|lab0381_s362_w3_1045_1120_r2  n=  4  avg=+67.4%  med=+108.3%  realized=$+174.00
  b382|lab0382_s362_w4_1120_1135_r1  n=  1  avg=+1125.8%  med=+1125.8%  realized=$+349.00
  b383|lab0383_s362_w4_1120_1135_r2  n=  1  avg=+1222.6%  med=+1222.6%  realized=$+379.00
  b390|lab0390_s363_w1_0928_1005_r1  n=  1  avg=+106.5%  med=+106.5%  realized=$+33.00
  b391|lab0391_s363_w1_0928_1005_r2  n=  1  avg=+103.2%  med=+103.2%  realized=$+32.00
  b392|lab0392_s363_w2_1005_1045_r1  n=  3  avg=+27.8%  med=+9.5%  realized=$+26.00
  b393|lab0393_s363_w2_1005_1045_r2  n=  3  avg=+25.0%  med=+7.1%  realized=$+23.00
  b397|lab0397_s363_w4_1120_1135_r2  n=  2  avg=+52.9%  med=+52.9%  realized=$+36.00
  b405|lab0405_s364_w1_0928_1005_r2  n=  1  avg=+50.0%  med=+50.0%  realized=$+25.00
  b406|lab0406_s364_w2_1005_1045_r1  n=  3  avg=+71.9%  med=+77.8%  realized=$+100.00
  b407|lab0407_s364_w2_1005_1045_r2  n=  4  avg=+36.3%  med=+69.6%  realized=$+62.00
  b408|lab0408_s364_w3_1045_1120_r1  n=  2  avg=+66.7%  med=+66.7%  realized=$+44.00
  b409|lab0409_s364_w3_1045_1120_r2  n=  3  avg=+61.6%  med=+63.6%  realized=$+61.00
  b410|lab0410_s364_w4_1120_1135_r1  n=  2  avg=+233.3%  med=+233.3%  realized=$+168.00
  b411|lab0411_s364_w4_1120_1135_r2  n=  2  avg=+188.9%  med=+188.9%  realized=$+136.00
  b48|c048_s164_w1_0928_1005_r2  n=  5  avg=-33.1%  med=-49.1%  realized=$-91.00
  b48|c048_s165_w1_0928_1005_r3  n= 16  avg=-35.9%  med=-49.1%  realized=$-344.00
  b49|c049_s164_w2_1005_1045_r2  n=  4  avg=-51.8%  med=-44.0%  realized=$-133.00
  b49|c049_s165_w2_1005_1045_r3  n= 15  avg=-49.3%  med=-49.1%  realized=$-458.00
  b50|c050_s164_w3_1045_1120_r2  n=  4  avg=-39.6%  med=-16.7%  realized=$-115.00
  b50|c050_s165_w3_1045_1120_r3  n=  9  avg=-23.6%  med=-23.1%  realized=$-142.00
  b51|c051_s165_w4_1120_1135_r3  n=  1  avg=+263.6%  med=+263.6%  realized=$+174.00
  b56|g056_lim_tp20_sl65  n=  1  avg=+47.7%  med=+47.7%  realized=$+20.52
  b57|g057_mid_tp20_sl65  n=  1  avg=+47.7%  med=+47.7%  realized=$+20.52
  b58|g058_eod_tp20_sl65  n=  1  avg=+59.1%  med=+59.1%  realized=$+25.41
  b58|lab0058_s207_w2_1005_1045_r1  n=  5  avg=-19.4%  med=-32.0%  realized=$-66.00
  b59|lab0059_s207_w2_1005_1045_r2  n=  5  avg=-48.7%  med=-49.1%  realized=$-153.00
  b60|lab0060_s207_w3_1045_1120_r1  n=  5  avg=-40.3%  med=-45.5%  realized=$-118.00
  b61|lab0061_s207_w3_1045_1120_r2  n=  6  avg=-41.7%  med=-51.5%  realized=$-135.00
  b62|lab0062_s207_w4_1120_1135_r1  n=  5  avg=-51.2%  med=-59.7%  realized=$-158.00
  b63|lab0063_s207_w4_1120_1135_r2  n=  4  avg=-32.9%  med=-45.8%  realized=$-83.00
  b68|c068_s165_w1_0928_1005_r4  n= 16  avg=-51.3%  med=-49.1%  realized=$-446.00
  b68|c068_s166_w1_0928_1005_r3  n=  4  avg=-52.7%  med=-49.1%  realized=$-116.00
  b69|c069_s165_w2_1005_1045_r4  n= 11  avg=+19.0%  med=-43.6%  realized=$-179.00
  b69|c069_s166_w2_1005_1045_r3  n=  4  avg=+10.1%  med=-40.0%  realized=$-87.00
  b70|c070_s165_w3_1045_1120_r4  n= 11  avg=-2.1%  med=-16.9%  realized=$-6.00
  b70|c070_s166_w3_1045_1120_r3  n=  4  avg=-42.5%  med=-27.0%  realized=$-124.00
  b70|g070_eod_tp30_sl20  n=  1  avg=+59.1%  med=+59.1%  realized=$+27.77
  b76|c076_s164_w1_0928_1005_r3  n=  1  avg=-50.0%  med=-50.0%  realized=$-2.00
  b776|lab0776_s397_w1_0928_1005_r1  n=  1  avg=+40.4%  med=+40.4%  realized=$+23.00
  b777|lab0777_s397_w1_0928_1005_r2  n=  1  avg=+38.6%  med=+38.6%  realized=$+22.00
  b778|lab0778_s397_w2_1005_1045_r1  n=  2  avg=+62.2%  med=+73.0%  realized=$+83.00
  b779|lab0779_s397_w2_1005_1045_r2  n=  2  avg=+52.8%  med=+61.9%  realized=$+70.00
  b780|lab0780_s397_w3_1045_1120_r1  n=  1  avg=+114.8%  med=+114.8%  realized=$+70.00
  b781|lab0781_s397_w3_1045_1120_r2  n=  1  avg=+116.4%  med=+116.4%  realized=$+71.00
  b783|lab0783_s397_w4_1120_1135_r2  n=  1  avg=+151.6%  med=+151.6%  realized=$+94.00
  b784|lab0784_s398_w1_0928_1005_r1  n=  1  avg=+49.0%  med=+49.0%  realized=$+24.00
  b785|lab0785_s398_w1_0928_1005_r2  n=  1  avg=+49.0%  med=+49.0%  realized=$+24.00
  b786|lab0786_s398_w2_1005_1045_r1  n=  6  avg=-2.7%  med=+3.3%  realized=$+3.00
  b787|lab0787_s398_w2_1005_1045_r2  n=  2  avg=+69.9%  med=+78.6%  realized=$+82.00
  b788|lab0788_s398_w3_1045_1120_r1  n=  4  avg=+44.6%  med=+77.1%  realized=$+87.00
  b789|lab0789_s398_w3_1045_1120_r2  n=  3  avg=+55.2%  med=+65.7%  realized=$+95.00
  b790|lab0790_s398_w4_1120_1135_r1  n=  2  avg=+226.1%  med=+311.9%  realized=$+232.00
  b791|lab0791_s398_w4_1120_1135_r2  n=  3  avg=+150.8%  med=+155.6%  realized=$+242.00
  b792|lab0792_s399_w1_0928_1005_r1  n=  2  avg=+145.0%  med=+150.0%  realized=$+71.00
  b793|lab0793_s399_w1_0928_1005_r2  n=  8  avg=+37.9%  med=+100.0%  realized=$+85.00
  b794|lab0794_s399_w2_1005_1045_r1  n=  5  avg=-5.3%  med=-17.2%  realized=$-30.00
  b795|lab0795_s399_w2_1005_1045_r2  n=  4  avg=+14.9%  med=+65.5%  realized=$+15.00
  b797|lab0797_s399_w3_1045_1120_r2  n=  5  avg=-64.6%  med=-66.7%  realized=$-121.00
  b798|lab0798_s399_w4_1120_1135_r1  n=  2  avg=+134.0%  med=+134.0%  realized=$+134.00
  b799|lab0799_s399_w4_1120_1135_r2  n=  2  avg=+149.2%  med=+186.5%  realized=$+125.00
  b800|lab0800_s404_w1_0928_1005_r1  n=  1  avg=+38.6%  med=+38.6%  realized=$+22.00
  b801|lab0801_s404_w1_0928_1005_r2  n=  1  avg=+31.6%  med=+31.6%  realized=$+18.00
  b802|lab0802_s404_w2_1005_1045_r1  n=  2  avg=+53.0%  med=+60.9%  realized=$+71.00
  b803|lab0803_s404_w2_1005_1045_r2  n=  2  avg=+48.5%  med=+50.8%  realized=$+64.00
  b804|lab0804_s404_w3_1045_1120_r1  n=  1  avg=+106.6%  med=+106.6%  realized=$+65.00
  b805|lab0805_s404_w3_1045_1120_r2  n=  1  avg=+86.9%  med=+86.9%  realized=$+53.00
  b806|lab0806_s404_w4_1120_1135_r1  n=  1  avg=+145.2%  med=+145.2%  realized=$+90.00
  b807|lab0807_s404_w4_1120_1135_r2  n=  1  avg=+124.2%  med=+124.2%  realized=$+77.00
  b80|lab0080_s210_w1_0928_1005_r1  n=  3  avg=+12.2%  med=-8.5%  realized=$+7.00
  b814|lab0814_s405_w1_0928_1005_r1  n=  1  avg=+53.1%  med=+53.1%  realized=$+26.00
  b815|lab0815_s405_w1_0928_1005_r2  n=  1  avg=+46.9%  med=+46.9%  realized=$+23.00
  b816|lab0816_s405_w2_1005_1045_r1  n=  2  avg=+61.4%  med=+69.6%  realized=$+72.00
  b817|lab0817_s405_w2_1005_1045_r2  n=  8  avg=-19.9%  med=-40.0%  realized=$-71.00
  b818|lab0818_s405_w3_1045_1120_r1  n=  3  avg=+46.7%  med=+55.7%  realized=$+81.00
  b819|lab0819_s405_w3_1045_1120_r2  n=  4  avg=+21.7%  med=+42.9%  realized=$+37.00
  b81|lab0081_s210_w1_0928_1005_r2  n=  3  avg=+14.8%  med=-6.4%  realized=$+10.00
  b820|lab0820_s405_w4_1120_1135_r1  n=  3  avg=+105.6%  med=+106.9%  realized=$+171.00
  b821|lab0821_s405_w4_1120_1135_r2  n=  5  avg=+46.2%  med=+3.5%  realized=$+92.00
  b828|lab0828_s406_w1_0928_1005_r1  n=  2  avg=+11.3%  med=+72.5%  realized=$+22.00
  b829|lab0829_s406_w1_0928_1005_r2  n=  2  avg=+9.3%  med=+68.6%  realized=$+20.00
  b82|lab0082_s210_w2_1005_1045_r1  n=  3  avg=-63.6%  med=-71.0%  realized=$-75.00
  b830|lab0830_s406_w2_1005_1045_r1  n=  6  avg=+54.8%  med=+72.4%  realized=$+64.00
  b831|lab0831_s406_w2_1005_1045_r2  n=  7  avg=+48.0%  med=+82.8%  realized=$+41.00
  b832|lab0832_s406_w3_1045_1120_r1  n=  5  avg=+205.4%  med=+55.3%  realized=$+451.00
  b833|lab0833_s406_w3_1045_1120_r2  n=  7  avg=+254.2%  med=+73.1%  realized=$+469.00
  b834|lab0834_s406_w4_1120_1135_r1  n=  2  avg=+53.8%  med=+63.6%  realized=$+25.00
  b835|lab0835_s406_w4_1120_1135_r2  n=  2  avg=-53.0%  med=-50.0%  realized=$-25.00
  b83|lab0083_s210_w2_1005_1045_r2  n=  4  avg=+28.5%  med=+50.0%  realized=$+34.00
  b842|lab0842_s407_w1_0928_1005_r1  n=  1  avg=+140.0%  med=+140.0%  realized=$+28.00
  b843|lab0843_s407_w1_0928_1005_r2  n=  1  avg=+125.0%  med=+125.0%  realized=$+25.00
  b844|lab0844_s407_w2_1005_1045_r1  n=  6  avg=+126.7%  med=+44.9%  realized=$+102.00
  b845|lab0845_s407_w2_1005_1045_r2  n=  5  avg=+138.4%  med=+38.8%  realized=$+111.00
  b848|lab0848_s407_w4_1120_1135_r1  n=  2  avg=-95.9%  med=-95.9%  realized=$-94.00
  b849|lab0849_s407_w4_1120_1135_r2  n=  5  avg=+104.6%  med=+229.2%  realized=$+115.00
  b84|lab0084_s210_w3_1045_1120_r1  n=  3  avg=+35.7%  med=+16.7%  realized=$+28.00
  b857|lab0857_s408_w1_0928_1005_r2  n=  1  avg=+52.6%  med=+52.6%  realized=$+10.00
  b858|lab0858_s408_w2_1005_1045_r1  n=  1  avg=+41.9%  med=+41.9%  realized=$+13.00
  b859|lab0859_s408_w2_1005_1045_r2  n=  2  avg=+1.1%  med=+45.2%  realized=$+8.00
  b85|lab0085_s210_w3_1045_1120_r2  n=  4  avg=+13.7%  med=+13.9%  realized=$+7.00
  b860|lab0860_s408_w3_1045_1120_r1  n=  4  avg=+631.1%  med=+1188.9%  realized=$+411.00
  b861|lab0861_s408_w3_1045_1120_r2  n=  7  avg=+246.8%  med=+100.0%  realized=$+278.00
  b862|lab0862_s408_w4_1120_1135_r1  n=  1  avg=-50.0%  med=-50.0%  realized=$-8.00
  b863|lab0863_s408_w4_1120_1135_r2  n=  5  avg=-12.5%  med=-6.2%  realized=$-10.00
  b86|lab0086_s210_w4_1120_1135_r1  n=  3  avg=+26.1%  med=+16.7%  realized=$+25.00
  b87|lab0087_s210_w4_1120_1135_r2  n=  3  avg=+29.1%  med=+19.4%  realized=$+28.00
  b88|c088_s165_w1_0928_1005_r5  n= 21  avg=-5.0%  med=-2.7%  realized=$-63.00
  b88|c088_s167_w1_0928_1005_r4  n=  4  avg=-12.7%  med=+30.9%  realized=$-28.00
  b898|lab0898_s411_w1_0928_1005_r1  n=  1  avg=-51.4%  med=-51.4%  realized=$-37.00
  b899|lab0899_s411_w1_0928_1005_r2  n=  1  avg=-48.6%  med=-48.6%  realized=$-35.00
  b89|c089_s165_w2_1005_1045_r5  n=  7  avg=+113.1%  med=+30.9%  realized=$+67.00
  b89|c089_s167_w2_1005_1045_r4  n=  2  avg=-16.2%  med=+30.9%  realized=$-22.00
  b8|c008_s165_w1_0928_1005_r1  n= 23  avg=-19.6%  med=-35.3%  realized=$-250.00
  b900|lab0900_s411_w2_1005_1045_r1  n=  2  avg=+37.4%  med=+45.0%  realized=$+47.00
  b901|lab0901_s411_w2_1005_1045_r2  n=  3  avg=+32.8%  med=+36.1%  realized=$+61.00
  b902|lab0902_s411_w3_1045_1120_r1  n=  4  avg=+22.8%  med=+13.4%  realized=$+49.00
  b903|lab0903_s411_w3_1045_1120_r2  n=  4  avg=+19.6%  med=+10.4%  realized=$+41.00
  b905|lab0905_s411_w4_1120_1135_r2  n=  1  avg=+13.1%  med=+13.1%  realized=$+8.00
  b90|c090_s165_w3_1045_1120_r5  n= 13  avg=+7.7%  med=+0.0%  realized=$+47.00
  b90|c090_s167_w3_1045_1120_r4  n=  4  avg=-41.6%  med=-18.9%  realized=$-123.00
  b914|lab0914_s412_w2_1005_1045_r1  n=  4  avg=+75.2%  med=+68.2%  realized=$+124.00
  b915|lab0915_s412_w2_1005_1045_r2  n=  3  avg=+54.2%  med=+43.2%  realized=$+64.00
  b916|lab0916_s412_w3_1045_1120_r1  n=  7  avg=+26.3%  med=-10.7%  realized=$+24.00
  b917|lab0917_s412_w3_1045_1120_r2  n=  1  avg=-51.8%  med=-51.8%  realized=$-29.00
  b919|lab0919_s412_w4_1120_1135_r2  n=  1  avg=+37.5%  med=+37.5%  realized=$+12.00
  b91|c091_s165_w4_1120_1135_r5  n=  2  avg=+222.0%  med=+247.0%  realized=$+293.00
  b94|lab0094_s211_w1_0928_1005_r1  n=  3  avg=-21.0%  med=-5.7%  realized=$-39.00
  b95|lab0095_s211_w1_0928_1005_r2  n=  3  avg=-30.5%  med=-17.1%  realized=$-51.00
  b96|lab0096_s211_w2_1005_1045_r1  n=  2  avg=-34.8%  med=-31.6%  realized=$-28.00
  b97|lab0097_s211_w2_1005_1045_r2  n=  3  avg=-23.6%  med=-16.7%  realized=$-40.00
  b98|lab0098_s211_w3_1045_1120_r1  n=  3  avg=-45.9%  med=-44.4%  realized=$-51.00
  b99|lab0099_s211_w3_1045_1120_r2  n=  4  avg=+102.6%  med=+125.0%  realized=$+160.00
  b9|c009_s165_w2_1005_1045_r1  n=  7  avg=-74.4%  med=-66.2%  realized=$-301.00
========================================================
+========================================================================+
|  OPTIONS BOT SUMMARY                                                   |
+------------------------------------------------------------------------+
|  Mode                          after_hours                             |
|  Equity                        $143,161.28                             |
|  Signals this run              0                                       |
|  Orders submitted (session)    0                                       |
|  Orders filled today (ledger)  0                                       |
|  Entries placed this run       0                                       |
|  Open virtual lots             156                                     |
|  Broker option positions       26                                      |
|  Unattributed contracts        3 (orphan reconcile)                    |
|  Pending orders                0                                       |
+========================================================================+
+========================================================================+
|  BUCKET LEADERBOARD (reflected ex-S173,S174)                           |
+------------------------------------------------------------------------+
|  Reflected trades=1034  buckets=250  win=45%                           |
|  Returns   avg=+26.3%  med=-15.6%  p10=-73.8%  p90=+140.0%             |
|  Realized  $+11,975.32                                                 |
|  Raw incl dropped  trades=1568  real=$+10,379.77                       |
+------------------------------------------------------------------------+
|  BKT PROFILE               N  WIN  AVG%   MED%   BEST%  REAL$          |
+------------------------------------------------------------------------+
|  b383 lab0383_s362_w4_11  1 100% +1222.6 +1222.6 +1222.6 $   +379      |
|  b382 lab0382_s362_w4_11  1 100% +1125.8 +1125.8 +1125.8 $   +349      |
|  b860 lab0860_s408_w3_10  4  50% +631.1 +566.7 +1446.7 $   +411        |
|  b196 lab0196_s218_w3_10  3 100% +453.8 +403.1 +906.2 $   +310         |
|  b319 lab0319_s355_w4_11  1 100% +328.6 +328.6 +328.6 $   +138         |
|  b268 lab0268_s403_w4_11  2 100% +320.0 +320.0 +320.0 $   +160         |
|  b197 lab0197_s218_w3_10  3 100% +368.0 +318.8 +737.5 $   +253         |
|  b318 lab0318_s355_w4_11  1 100% +292.9 +292.9 +292.9 $   +123         |
|  ... 242 more bucket(s) with exits                                     |
+------------------------------------------------------------------------+
|  Low  b108 lab0108_s212_w1_09  4   0% -82.2 -98.4 -98.6 $   -199       |
+========================================================================+
+========================================================================+
|  PENDING EXITS (9)                                                     |
+------------------------------------------------------------------------+
|  b0   ORPHAN PLTR260807C00172500 x3 stop_loss (-54.4%)                 |
|  b802 S404 AMZN260807C00295000 x1 stop_loss (-90.1%)                   |
|  b0   ORPHAN AMZN260807C00302500 x1 stop_loss (-92.7%)                 |
|  b196 S218 RBLX260807C00040000 x1 stop_loss (-84.8%)                   |
|  b300 S353 AMZN260807C00292500 x1 stop_loss (-90.7%)                   |
|  ... 4 more pending exit(s)                                            |
+========================================================================+
+========================================================================+
|  OPEN OPTIONS (26)                                                     |
+------------------------------------------------------------------------+
|  SYMBOL                      QTY    RET%        OPEN P&L               |
|------------------------------------------------------------------------|
|  AMZN260807C00295000          35    -90.1%   $ -1,271.67               |
|  AMZN260807C00292500          20    -90.7%   $   -977.00               |
|  AMZN260807C00297500           9    -94.1%   $   -287.31               |
|  UBER260807C00078000           5    -98.0%   $   -247.67               |
|  DKNG260807C00024500           7    -59.4%   $   -163.80               |
|  NKE260807C00042000           10    +13.9%   $    +89.00               |
|  RBLX260807C00040000           3    -84.8%   $    -84.00               |
|  TTD260807P00017000            4    -34.5%   $    -76.00               |
|  ... 18 more position(s)                                               |
+========================================================================+
Full detail: logs/options_trial/runs/2026-08-06.log
elapsed=1.0s reconcile=0.48s

=== 09:05:49 ET — after hours (exit summary) [elapsed=1.0s reconcile=0.59s] ===
=== options_morning_bot (PAPER) 2026-08-06T09:05:49.841518-04:00 ===

[Run context]
After hours (09:05 ET) — exit summary only.
Paper auth OK — equity $143173.28, account PA36KS87UPRS
  reconcile: layout changed controlled:100:c000_s173_w1_0928_1005_r1 -> controlled:1024:lab0000_s200_w1_0928_1005_r1

[Exit summary]
========================================================
OPTIONS EXIT SUMMARY — 2026-08-06
========================================================
Account equity: $143,173.28
Open broker positions: 26  unrealized $-3,220.68

No closed trades today.
========================================================

[Portfolio snapshot]
========================================================
OPTIONS TRIAL STATS
========================================================
Account equity: $143,173.28
Active buckets: 1024 of 1024 profiles ($500 virtual each) — paper unlimited mode

P&L summary
  Reflected (ex-S173,S174): $+11,975.32 all-time  |  $+0.00 today
  Raw (incl dropped):     $+10,379.77 all-time  |  $+0.00 today
  Open (not sold yet): $-3,120.86 unrealized (virtual lots)
                       $-3,220.68 unrealized (broker total)
  Premium deployed:    $8,121.20 in open positions
  Combined P&L:        $+8,854.46 (reflected realized + open virtual)

Ledger (master)
  Total events:     8682
  Today entries:    0
  Today exits (reflected): 0
  All-time exits (reflected): 1034  wins 45%
  Avg return/trade: +26.3%  median -15.2%

Open virtual lots (by bucket)
  b0 lab0000_s200_w1_0928_1005_r1  prem=$  1042  real=$ +0.00  open=$ +0.00  lots=15  [ORPHAN:NKEx1, ORPHAN:UBERx1, ORPHAN:AAPLx2, ORPHAN:AMZNx1 +11 more]
       buy: ask-0.01  sell: bid-0.01  tp=+50% sl=-50%
  b16 lab0016_s202_w1_0928_1005_r1  prem=$     0  real=$-39.00  open=$ +0.00  lots=0  [-]
       buy: ask-0.01  sell: bid-0.01  tp=+50% sl=-50%
  b17 lab0017_s202_w1_0928_1005_r2  prem=$     0  real=$-40.00  open=$ +0.00  lots=0  [-]
       buy: ask-0.01  sell: bid-0.01  tp=+50% sl=-50%
  b18 lab0018_s202_w2_1005_1045_r1  prem=$     0  real=$-29.00  open=$ +0.00  lots=0  [-]
       buy: ask-0.01  sell: bid-0.01  tp=+50% sl=-50%
  b19 lab0019_s202_w2_1005_1045_r2  prem=$     0  real=$-22.00  open=$ +0.00  lots=0  [-]
       buy: ask-0.01  sell: bid-0.01  tp=+50% sl=-50%
  b24 lab0024_s203_w1_0928_1005_r1  prem=$     0  real=$-65.00  open=$ +0.00  lots=0  [-]
       buy: ask-0.01  sell: bid-0.01  tp=+50% sl=-50%
  b26 lab0026_s203_w2_1005_1045_r1  prem=$     0  real=$-78.00  open=$ +0.00  lots=0  [-]
       buy: ask-0.01  sell: bid-0.01  tp=+50% sl=-50%
  b27 lab0027_s203_w2_1005_1045_r2  prem=$     0  real=$-253.00  open=$ +0.00  lots=0  [-]
       buy: ask-0.01  sell: bid-0.01  tp=+50% sl=-50%
  b28 lab0028_s203_w3_1045_1120_r1  prem=$    51  real=$-54.00  open=$-17.62  lots=1  [S203:TTDx1]
       buy: ask-0.01  sell: bid-0.01  tp=+50% sl=-50%
  b29 lab0029_s203_w3_1045_1120_r2  prem=$    51  real=$-54.00  open=$-17.62  lots=1  [S203:TTDx1]
       buy: ask-0.01  sell: bid-0.01  tp=+50% sl=-50%
  b30 lab0030_s203_w4_1120_1135_r1  prem=$    59  real=$-99.00  open=$-20.38  lots=1  [S203:TTDx1]
       buy: ask-0.01  sell: bid-0.01  tp=+50% sl=-50%
  b31 lab0031_s203_w4_1120_1135_r2  prem=$    59  real=$-93.00  open=$-20.38  lots=1  [S203:TTDx1]
       buy: ask-0.01  sell: bid-0.01  tp=+50% sl=-50%
  b58 lab0058_s207_w2_1005_1045_r1  prem=$     0  real=$-66.00  open=$ +0.00  lots=0  [-]
       buy: ask-0.01  sell: bid-0.01  tp=+50% sl=-50%
  b59 lab0059_s207_w2_1005_1045_r2  prem=$     0  real=$-153.00  open=$ +0.00  lots=0  [-]
       buy: ask-0.01  sell: bid-0.01  tp=+50% sl=-50%
  b60 lab0060_s207_w3_1045_1120_r1  prem=$     0  real=$-118.00  open=$ +0.00  lots=0  [-]
       buy: ask-0.01  sell: bid-0.01  tp=+50% sl=-50%
  b61 lab0061_s207_w3_1045_1120_r2  prem=$     0  real=$-135.00  open=$ +0.00  lots=0  [-]
       buy: ask-0.01  sell: bid-0.01  tp=+50% sl=-50%
  b62 lab0062_s207_w4_1120_1135_r1  prem=$     0  real=$-158.00  open=$ +0.00  lots=0  [-]
       buy: ask-0.01  sell: bid-0.01  tp=+50% sl=-50%
  b63 lab0063_s207_w4_1120_1135_r2  prem=$     0  real=$-83.00  open=$ +0.00  lots=0  [-]
       buy: ask-0.01  sell: bid-0.01  tp=+50% sl=-50%
  b80 lab0080_s210_w1_0928_1005_r1  prem=$     0  real=$ +7.00  open=$ +0.00  lots=0  [-]
       buy: ask-0.01  sell: bid-0.01  tp=+50% sl=-50%
  b81 lab0081_s210_w1_0928_1005_r2  prem=$     0  real=$+10.00  open=$ +0.00  lots=0  [-]
       buy: ask-0.01  sell: bid-0.01  tp=+50% sl=-50%
  (258 more active bucket(s) omitted)
  (746 quiet bucket profile(s) — no trades yet)

Alpaca option positions
  AAPL260807C00317500  qty=1  cost=$63.00  return=+39.7%  open P&L=$+25.00
  AAPL260814C00330000  qty=6  cost=$358.50  return=+2.1%  open P&L=$+7.50
  AMD260807C00555000  qty=2  cost=$122.00  return=-49.2%  open P&L=$-60.00
  AMZN260807C00292500  qty=20  cost=$1,077.00  return=-90.7%  open P&L=$-977.00
  AMZN260807C00295000  qty=35  cost=$1,411.67  return=-90.1%  open P&L=$-1,271.67
  AMZN260807C00297500  qty=9  cost=$305.31  return=-94.1%  open P&L=$-287.31
  AMZN260807C00302500  qty=1  cost=$13.67  return=-92.7%  open P&L=$-12.67
  DKNG260807C00024500  qty=7  cost=$275.80  return=-59.4%  open P&L=$-163.80
  HOOD260807C00100000  qty=2  cost=$112.00  return=-44.6%  open P&L=$-50.00
  HOOD260807C00101000  qty=2  cost=$96.00  return=-54.2%  open P&L=$-52.00
  NKE260807C00042000  qty=10  cost=$641.00  return=+13.9%  open P&L=$+89.00
  NKE260807C00043000  qty=4  cost=$94.00  return=+14.9%  open P&L=$+14.00
  NKE260821C00044000  qty=12  cost=$756.00  return=+1.6%  open P&L=$+12.00
  NKE260828C00045000  qty=12  cost=$758.00  return=-1.8%  open P&L=$-14.00
  NKE260904C00045000  qty=4  cost=$288.00  return=+6.9%  open P&L=$+20.00
  PLTR260807C00172500  qty=3  cost=$118.50  return=-54.4%  open P&L=$-64.50
  RBLX260807C00040000  qty=3  cost=$99.00  return=-84.8%  open P&L=$-84.00
  T260807C00022500  qty=2  cost=$88.00  return=+31.8%  open P&L=$+28.00
  TTD260807C00020500  qty=4  cost=$268.00  return=+0.0%  open P&L=$+0.00
  TTD260807C00021500  qty=2  cost=$92.00  return=-2.2%  open P&L=$-2.00
  TTD260807P00017000  qty=4  cost=$220.00  return=-34.5%  open P&L=$-76.00
  UBER260807C00070000  qty=9  cost=$290.08  return=-6.9%  open P&L=$-20.08
  UBER260807C00078000  qty=5  cost=$252.67  return=-98.0%  open P&L=$-247.67
  UBER260814C00072000  qty=4  cost=$170.00  return=-8.2%  open P&L=$-14.00
  UBER260814C00073000  qty=1  cost=$40.50  return=-33.3%  open P&L=$-13.50
  UBER260828C00075000  qty=4  cost=$210.00  return=-2.9%  open P&L=$-6.00

Per-bucket exit stats (all time)
  b0|orphan_reconcile     n= 88  avg=-6.9%  med=-60.0%  realized=$+5,826.10
  b104|c104_s164_w1_0928_1005_r4  n=  1  avg=-88.9%  med=-88.9%  realized=$-8.00
  b108|c108_s202_w3_1045_1120_r1  n=  1  avg=-33.3%  med=-33.3%  realized=$-1.00
  b108|lab0108_s212_w1_0928_1005_r1  n=  3  avg=-98.5%  med=-98.6%  realized=$-198.00
  b109|c109_s202_w3_1045_1120_r2  n=  1  avg=-66.7%  med=-66.7%  realized=$-2.00
  b109|lab0109_s212_w1_0928_1005_r2  n=  3  avg=-85.2%  med=-98.2%  realized=$-169.00
  b10|c010_s165_w3_1045_1120_r1  n=  8  avg=-37.2%  med=-18.9%  realized=$-205.00
  b110|lab0110_s212_w2_1005_1045_r1  n=  3  avg=-71.9%  med=-74.6%  realized=$-140.00
  b111|lab0111_s212_w2_1005_1045_r2  n=  3  avg=-63.7%  med=-66.1%  realized=$-124.00
  b112|lab0112_s212_w3_1045_1120_r1  n=  5  avg=-62.0%  med=-68.1%  realized=$-158.00
  b113|lab0113_s212_w3_1045_1120_r2  n=  8  avg=-79.5%  med=-74.5%  realized=$-347.00
  b114|lab0114_s212_w4_1120_1135_r1  n=  6  avg=-67.2%  med=-73.5%  realized=$-206.00
  b115|lab0115_s212_w4_1120_1135_r2  n=  4  avg=-73.2%  med=-54.1%  realized=$-150.00
  b132|c132_s164_w1_0928_1005_r5  n=  2  avg=-65.7%  med=-53.6%  realized=$-37.00
  b135|c135_s164_w4_1120_1135_r5  n=  1  avg=-50.0%  med=-50.0%  realized=$-4.00
  b164|lab0164_s216_w1_0928_1005_r1  n=  1  avg=-51.7%  med=-51.7%  realized=$-31.00
  b165|lab0165_s216_w1_0928_1005_r2  n=  1  avg=-51.7%  med=-51.7%  realized=$-31.00
  b166|lab0166_s216_w2_1005_1045_r1  n=  2  avg=-69.6%  med=-63.4%  realized=$-73.00
  b167|lab0167_s216_w2_1005_1045_r2  n=  4  avg=-82.1%  med=-80.5%  realized=$-153.00
  b169|lab0169_s216_w3_1045_1120_r2  n=  2  avg=-54.3%  med=-52.3%  realized=$-50.00
  b16|lab0016_s202_w1_0928_1005_r1  n=  1  avg=-63.9%  med=-63.9%  realized=$-39.00
  b178|lab0178_s217_w1_0928_1005_r1  n=  1  avg=+66.0%  med=+66.0%  realized=$+31.00
  b179|lab0179_s217_w1_0928_1005_r2  n=  1  avg=+51.1%  med=+51.1%  realized=$+24.00
  b17|lab0017_s202_w1_0928_1005_r2  n=  1  avg=-65.6%  med=-65.6%  realized=$-40.00
  b180|lab0180_s217_w2_1005_1045_r1  n=  7  avg=+209.4%  med=+135.3%  realized=$+392.00
  b181|lab0181_s217_w2_1005_1045_r2  n=  7  avg=+219.5%  med=+73.3%  realized=$+374.00
  b182|lab0182_s217_w3_1045_1120_r1  n=  2  avg=-43.8%  med=-43.8%  realized=$-28.00
  b183|lab0183_s217_w3_1045_1120_r2  n=  3  avg=-64.2%  med=-68.8%  realized=$-66.00
  b185|lab0185_s217_w4_1120_1135_r2  n=  1  avg=-55.6%  med=-55.6%  realized=$-25.00
  b18|lab0018_s202_w2_1005_1045_r1  n=  1  avg=-74.4%  med=-74.4%  realized=$-29.00
  b192|lab0192_s218_w1_0928_1005_r1  n=  2  avg=+50.0%  med=+50.0%  realized=$+66.00
  b193|lab0193_s218_w1_0928_1005_r2  n=  3  avg=+40.9%  med=+36.4%  realized=$+78.00
  b194|lab0194_s218_w2_1005_1045_r1  n=  9  avg=+13.9%  med=+22.2%  realized=$-41.00
  b195|lab0195_s218_w2_1005_1045_r2  n=  9  avg=+33.6%  med=+58.8%  realized=$+67.00
  b196|lab0196_s218_w3_1045_1120_r1  n=  3  avg=+453.8%  med=+403.1%  realized=$+310.00
  b197|lab0197_s218_w3_1045_1120_r2  n=  3  avg=+368.0%  med=+318.8%  realized=$+253.00
  b198|lab0198_s218_w4_1120_1135_r1  n=  1  avg=+71.9%  med=+71.9%  realized=$+41.00
  b199|lab0199_s218_w4_1120_1135_r2  n=  1  avg=+75.4%  med=+75.4%  realized=$+43.00
  b19|lab0019_s202_w2_1005_1045_r2  n=  1  avg=-56.4%  med=-56.4%  realized=$-22.00
  b20|c020_s164_w1_0928_1005_r1  n=  1  avg=-88.9%  med=-88.9%  realized=$-8.00
  b222|lab0222_s400_w2_1005_1045_r1  n=  1  avg=-50.0%  med=-50.0%  realized=$-4.00
  b223|lab0223_s400_w2_1005_1045_r2  n=  1  avg=-50.0%  med=-50.0%  realized=$-4.00
  b224|lab0224_s400_w3_1045_1120_r1  n=  1  avg=-66.7%  med=-66.7%  realized=$-10.00
  b225|lab0225_s400_w3_1045_1120_r2  n=  1  avg=-66.7%  med=-66.7%  realized=$-10.00
  b227|lab0227_s400_w4_1120_1135_r2  n=  1  avg=-22.2%  med=-22.2%  realized=$-2.00
  b234|lab0234_s401_w1_0928_1005_r1  n=  4  avg=-6.9%  med=+8.3%  realized=$-12.00
  b235|lab0235_s401_w1_0928_1005_r2  n=  6  avg=+69.3%  med=+80.6%  realized=$+229.00
  b236|c236_s218_w3_1045_1120_r1  n=  1  avg=-33.3%  med=-33.3%  realized=$-1.00
  b236|lab0236_s401_w2_1005_1045_r1  n=  2  avg=-96.2%  med=-96.2%  realized=$-102.00
  b237|c237_s218_w3_1045_1120_r2  n=  1  avg=-66.7%  med=-66.7%  realized=$-2.00
  b237|lab0237_s401_w2_1005_1045_r2  n=  2  avg=-96.2%  med=-96.2%  realized=$-102.00
  b238|lab0238_s401_w3_1045_1120_r1  n=  5  avg=+295.6%  med=+273.1%  realized=$+424.00
  b239|lab0239_s401_w3_1045_1120_r2  n=  4  avg=+27.0%  med=+38.5%  realized=$+13.00
  b240|lab0240_s401_w4_1120_1135_r1  n=  5  avg=+20.2%  med=+21.1%  realized=$+29.00
  b241|lab0241_s401_w4_1120_1135_r2  n=  4  avg=+26.1%  med=+31.6%  realized=$+31.00
  b24|lab0024_s203_w1_0928_1005_r1  n=  2  avg=-75.6%  med=-74.4%  realized=$-65.00
  b262|lab0262_s403_w1_0928_1005_r1  n=  1  avg=+65.4%  med=+65.4%  realized=$+34.00
  b263|lab0263_s403_w1_0928_1005_r2  n=  1  avg=+50.0%  med=+50.0%  realized=$+26.00
  b264|lab0264_s403_w2_1005_1045_r1  n=  1  avg=-66.1%  med=-66.1%  realized=$-39.00
  b265|lab0265_s403_w2_1005_1045_r2  n=  1  avg=-52.5%  med=-52.5%  realized=$-31.00
  b266|lab0266_s403_w3_1045_1120_r1  n=  1  avg=-85.9%  med=-85.9%  realized=$-61.00
  b267|lab0267_s403_w3_1045_1120_r2  n=  1  avg=-77.5%  med=-77.5%  realized=$-55.00
  b268|lab0268_s403_w4_1120_1135_r1  n=  2  avg=+320.0%  med=+320.0%  realized=$+160.00
  b269|lab0269_s403_w4_1120_1135_r2  n=  4  avg=+158.4%  med=+316.0%  realized=$+182.00
  b26|lab0026_s203_w2_1005_1045_r1  n=  3  avg=-54.5%  med=-54.0%  realized=$-78.00
  b276|lab0276_s350_w1_0928_1005_r1  n=  6  avg=+84.1%  med=+102.9%  realized=$+218.00
  b277|lab0277_s350_w1_0928_1005_r2  n=  4  avg=+154.0%  med=+260.0%  realized=$+258.00
  b278|lab0278_s350_w2_1005_1045_r1  n=  8  avg=+23.2%  med=+15.0%  realized=$+27.00
  b279|lab0279_s350_w2_1005_1045_r2  n=  8  avg=+66.8%  med=+94.1%  realized=$+137.00
  b27|lab0027_s203_w2_1005_1045_r2  n=  8  avg=-66.2%  med=-56.2%  realized=$-253.00
  b280|lab0280_s351_w1_0928_1005_r1  n=  5  avg=+104.3%  med=+171.9%  realized=$+164.00
  b281|lab0281_s351_w1_0928_1005_r2  n=  4  avg=+209.5%  med=+346.9%  realized=$+310.00
  b282|lab0282_s351_w2_1005_1045_r1  n=  6  avg=-51.8%  med=-62.5%  realized=$-127.00
  b283|lab0283_s351_w2_1005_1045_r2  n=  7  avg=-42.2%  med=-52.9%  realized=$-114.00
  b285|lab0285_s351_w3_1045_1120_r2  n=  1  avg=-33.3%  med=-33.3%  realized=$-1.00
  b286|lab0286_s351_w4_1120_1135_r1  n=  2  avg=-94.9%  med=-94.9%  realized=$-74.00
  b287|lab0287_s351_w4_1120_1135_r2  n=  5  avg=-50.4%  med=-40.0%  realized=$-79.00
  b288|lab0288_s352_w1_0928_1005_r1  n=  2  avg=+76.2%  med=+100.0%  realized=$+54.00
  b289|lab0289_s352_w1_0928_1005_r2  n=  2  avg=+70.7%  med=+93.8%  realized=$+50.00
  b28|c028_s165_w1_0928_1005_r2  n= 17  avg=+49.5%  med=+80.0%  realized=$+448.00
  b28|c028_s173_w1_0928_1005_r2  n=  5  avg=+51.6%  med=+80.0%  realized=$+142.00
  b28|lab0028_s203_w3_1045_1120_r1  n=  2  avg=-50.9%  med=-49.0%  realized=$-54.00
  b290|lab0290_s352_w2_1005_1045_r1  n=  2  avg=+73.6%  med=+108.3%  realized=$+40.00
  b291|lab0291_s352_w2_1005_1045_r2  n=  4  avg=+101.6%  med=+194.4%  realized=$+104.00
  b293|lab0293_s352_w3_1045_1120_r2  n=  1  avg=+90.0%  med=+90.0%  realized=$+18.00
  b296|lab0296_s353_w1_0928_1005_r1  n=  2  avg=+123.7%  med=+123.7%  realized=$+94.00
  b297|lab0297_s353_w1_0928_1005_r2  n=  2  avg=+79.0%  med=+79.0%  realized=$+60.00
  b298|lab0298_s353_w2_1005_1045_r1  n=  6  avg=-56.2%  med=-50.8%  realized=$-174.00
  b299|lab0299_s353_w2_1005_1045_r2  n=  3  avg=-75.9%  med=-76.3%  realized=$-86.00
  b29|c029_s165_w2_1005_1045_r2  n=  9  avg=-23.3%  med=-50.0%  realized=$-221.00
  b29|c029_s173_w2_1005_1045_r2  n=  2  avg=-69.3%  med=-48.5%  realized=$-78.00
  b29|lab0029_s203_w3_1045_1120_r2  n=  2  avg=-50.9%  med=-49.0%  realized=$-54.00
  b304|lab0304_s354_w1_0928_1005_r1  n=  1  avg=+93.6%  med=+93.6%  realized=$+44.00
  b305|lab0305_s354_w1_0928_1005_r2  n=  1  avg=+100.0%  med=+100.0%  realized=$+47.00
  b306|lab0306_s354_w2_1005_1045_r1  n=  3  avg=+68.4%  med=+133.3%  realized=$+91.00
  b307|lab0307_s354_w2_1005_1045_r2  n=  4  avg=+36.4%  med=+137.8%  realized=$+64.00
  b308|lab0308_s354_w3_1045_1120_r1  n=  3  avg=+102.3%  med=+136.9%  realized=$+162.00
  b309|lab0309_s354_w3_1045_1120_r2  n=  3  avg=+75.3%  med=+103.1%  realized=$+117.00
  b30|c030_s165_w3_1045_1120_r2  n=  9  avg=+38.8%  med=+0.0%  realized=$+260.00
  b30|c030_s173_w3_1045_1120_r2  n=  2  avg=-9.5%  med=+0.0%  realized=$-14.00
  b30|lab0030_s203_w4_1120_1135_r1  n=  3  avg=-61.1%  med=-66.1%  realized=$-99.00
  b310|lab0310_s354_w4_1120_1135_r1  n=  3  avg=+56.5%  med=+116.7%  realized=$+122.00
  b311|lab0311_s354_w4_1120_1135_r2  n=  2  avg=+209.1%  med=+290.5%  realized=$+214.00
  b312|lab0312_s355_w1_0928_1005_r1  n=  2  avg=+19.0%  med=+91.5%  realized=$+20.00
  b313|lab0313_s355_w1_0928_1005_r2  n=  2  avg=+18.1%  med=+85.1%  realized=$+19.00
  b314|lab0314_s355_w2_1005_1045_r1  n=  5  avg=+15.0%  med=-63.4%  realized=$+35.00
  b315|lab0315_s355_w2_1005_1045_r2  n=  5  avg=+8.2%  med=-37.1%  realized=$+26.00
  b316|lab0316_s355_w3_1045_1120_r1  n=  1  avg=+193.8%  med=+193.8%  realized=$+93.00
  b317|lab0317_s355_w3_1045_1120_r2  n=  1  avg=+187.5%  med=+187.5%  realized=$+90.00
  b318|lab0318_s355_w4_1120_1135_r1  n=  1  avg=+292.9%  med=+292.9%  realized=$+123.00
  b319|lab0319_s355_w4_1120_1135_r2  n=  1  avg=+328.6%  med=+328.6%  realized=$+138.00
  b31|c031_s165_w4_1120_1135_r2  n=  2  avg=+145.5%  med=+175.8%  realized=$+192.00
  b31|lab0031_s203_w4_1120_1135_r2  n=  3  avg=-57.3%  med=-62.7%  realized=$-93.00
  b320|lab0320_s356_w1_0928_1005_r1  n=  2  avg=+37.9%  med=+37.9%  realized=$+44.00
  b321|lab0321_s356_w1_0928_1005_r2  n=  2  avg=+58.6%  med=+58.6%  realized=$+68.00
  b328|lab0328_s357_w1_0928_1005_r1  n=  2  avg=+47.1%  med=+47.1%  realized=$+64.00
  b329|lab0329_s357_w1_0928_1005_r2  n=  2  avg=+47.1%  med=+47.1%  realized=$+64.00
  b332|lab0332_s357_w3_1045_1120_r1  n=  1  avg=+59.7%  med=+59.7%  realized=$+37.00
  b333|lab0333_s357_w3_1045_1120_r2  n=  2  avg=+65.0%  med=+71.9%  realized=$+77.00
  b344|lab0344_s359_w1_0928_1005_r1  n=  2  avg=+37.2%  med=+142.9%  realized=$-19.00
  b345|lab0345_s359_w1_0928_1005_r2  n=  2  avg=+82.7%  med=+228.6%  realized=$-4.00
  b346|lab0346_s359_w2_1005_1045_r1  n=  7  avg=-38.7%  med=-46.7%  realized=$-98.00
  b347|lab0347_s359_w2_1005_1045_r2  n=  7  avg=-40.7%  med=-46.7%  realized=$-100.00
  b348|lab0348_s360_w1_0928_1005_r1  n=  1  avg=-82.2%  med=-82.2%  realized=$-37.00
  b349|lab0349_s360_w1_0928_1005_r2  n=  1  avg=-77.8%  med=-77.8%  realized=$-35.00
  b350|lab0350_s360_w2_1005_1045_r1  n=  7  avg=-37.4%  med=-46.7%  realized=$-93.00
  b351|lab0351_s360_w2_1005_1045_r2  n=  7  avg=-45.7%  med=-56.4%  realized=$-120.00
  b352|lab0352_s360_w3_1045_1120_r1  n=  1  avg=-50.0%  med=-50.0%  realized=$-6.00
  b353|lab0353_s360_w3_1045_1120_r2  n=  1  avg=-50.0%  med=-50.0%  realized=$-6.00
  b354|lab0354_s360_w4_1120_1135_r1  n=  2  avg=-33.3%  med=-33.3%  realized=$-12.00
  b355|lab0355_s360_w4_1120_1135_r2  n=  3  avg=-34.9%  med=-54.8%  realized=$-32.00
  b364|lab0364_s361_w2_1005_1045_r1  n=  6  avg=+9.5%  med=+81.8%  realized=$+15.00
  b365|lab0365_s361_w2_1005_1045_r2  n=  9  avg=+108.9%  med=+82.8%  realized=$+204.00
  b367|lab0367_s361_w3_1045_1120_r2  n=  3  avg=+16.0%  med=-8.3%  realized=$+3.00
  b376|lab0376_s362_w1_0928_1005_r1  n=  3  avg=+43.9%  med=+8.7%  realized=$+52.00
  b377|lab0377_s362_w1_0928_1005_r2  n=  3  avg=+49.6%  med=+13.0%  realized=$+61.00
  b378|lab0378_s362_w2_1005_1045_r1  n=  3  avg=+52.7%  med=+52.6%  realized=$+59.00
  b379|lab0379_s362_w2_1005_1045_r2  n=  7  avg=+41.8%  med=+38.2%  realized=$+123.00
  b380|lab0380_s362_w3_1045_1120_r1  n=  4  avg=+63.0%  med=+103.3%  realized=$+164.00
  b381|lab0381_s362_w3_1045_1120_r2  n=  4  avg=+67.4%  med=+108.3%  realized=$+174.00
  b382|lab0382_s362_w4_1120_1135_r1  n=  1  avg=+1125.8%  med=+1125.8%  realized=$+349.00
  b383|lab0383_s362_w4_1120_1135_r2  n=  1  avg=+1222.6%  med=+1222.6%  realized=$+379.00
  b390|lab0390_s363_w1_0928_1005_r1  n=  1  avg=+106.5%  med=+106.5%  realized=$+33.00
  b391|lab0391_s363_w1_0928_1005_r2  n=  1  avg=+103.2%  med=+103.2%  realized=$+32.00
  b392|lab0392_s363_w2_1005_1045_r1  n=  3  avg=+27.8%  med=+9.5%  realized=$+26.00
  b393|lab0393_s363_w2_1005_1045_r2  n=  3  avg=+25.0%  med=+7.1%  realized=$+23.00
  b397|lab0397_s363_w4_1120_1135_r2  n=  2  avg=+52.9%  med=+52.9%  realized=$+36.00
  b405|lab0405_s364_w1_0928_1005_r2  n=  1  avg=+50.0%  med=+50.0%  realized=$+25.00
  b406|lab0406_s364_w2_1005_1045_r1  n=  3  avg=+71.9%  med=+77.8%  realized=$+100.00
  b407|lab0407_s364_w2_1005_1045_r2  n=  4  avg=+36.3%  med=+69.6%  realized=$+62.00
  b408|lab0408_s364_w3_1045_1120_r1  n=  2  avg=+66.7%  med=+66.7%  realized=$+44.00
  b409|lab0409_s364_w3_1045_1120_r2  n=  3  avg=+61.6%  med=+63.6%  realized=$+61.00
  b410|lab0410_s364_w4_1120_1135_r1  n=  2  avg=+233.3%  med=+233.3%  realized=$+168.00
  b411|lab0411_s364_w4_1120_1135_r2  n=  2  avg=+188.9%  med=+188.9%  realized=$+136.00
  b48|c048_s164_w1_0928_1005_r2  n=  5  avg=-33.1%  med=-49.1%  realized=$-91.00
  b48|c048_s165_w1_0928_1005_r3  n= 16  avg=-35.9%  med=-49.1%  realized=$-344.00
  b49|c049_s164_w2_1005_1045_r2  n=  4  avg=-51.8%  med=-44.0%  realized=$-133.00
  b49|c049_s165_w2_1005_1045_r3  n= 15  avg=-49.3%  med=-49.1%  realized=$-458.00
  b50|c050_s164_w3_1045_1120_r2  n=  4  avg=-39.6%  med=-16.7%  realized=$-115.00
  b50|c050_s165_w3_1045_1120_r3  n=  9  avg=-23.6%  med=-23.1%  realized=$-142.00
  b51|c051_s165_w4_1120_1135_r3  n=  1  avg=+263.6%  med=+263.6%  realized=$+174.00
  b56|g056_lim_tp20_sl65  n=  1  avg=+47.7%  med=+47.7%  realized=$+20.52
  b57|g057_mid_tp20_sl65  n=  1  avg=+47.7%  med=+47.7%  realized=$+20.52
  b58|g058_eod_tp20_sl65  n=  1  avg=+59.1%  med=+59.1%  realized=$+25.41
  b58|lab0058_s207_w2_1005_1045_r1  n=  5  avg=-19.4%  med=-32.0%  realized=$-66.00
  b59|lab0059_s207_w2_1005_1045_r2  n=  5  avg=-48.7%  med=-49.1%  realized=$-153.00
  b60|lab0060_s207_w3_1045_1120_r1  n=  5  avg=-40.3%  med=-45.5%  realized=$-118.00
  b61|lab0061_s207_w3_1045_1120_r2  n=  6  avg=-41.7%  med=-51.5%  realized=$-135.00
  b62|lab0062_s207_w4_1120_1135_r1  n=  5  avg=-51.2%  med=-59.7%  realized=$-158.00
  b63|lab0063_s207_w4_1120_1135_r2  n=  4  avg=-32.9%  med=-45.8%  realized=$-83.00
  b68|c068_s165_w1_0928_1005_r4  n= 16  avg=-51.3%  med=-49.1%  realized=$-446.00
  b68|c068_s166_w1_0928_1005_r3  n=  4  avg=-52.7%  med=-49.1%  realized=$-116.00
  b69|c069_s165_w2_1005_1045_r4  n= 11  avg=+19.0%  med=-43.6%  realized=$-179.00
  b69|c069_s166_w2_1005_1045_r3  n=  4  avg=+10.1%  med=-40.0%  realized=$-87.00
  b70|c070_s165_w3_1045_1120_r4  n= 11  avg=-2.1%  med=-16.9%  realized=$-6.00
  b70|c070_s166_w3_1045_1120_r3  n=  4  avg=-42.5%  med=-27.0%  realized=$-124.00
  b70|g070_eod_tp30_sl20  n=  1  avg=+59.1%  med=+59.1%  realized=$+27.77
  b76|c076_s164_w1_0928_1005_r3  n=  1  avg=-50.0%  med=-50.0%  realized=$-2.00
  b776|lab0776_s397_w1_0928_1005_r1  n=  1  avg=+40.4%  med=+40.4%  realized=$+23.00
  b777|lab0777_s397_w1_0928_1005_r2  n=  1  avg=+38.6%  med=+38.6%  realized=$+22.00
  b778|lab0778_s397_w2_1005_1045_r1  n=  2  avg=+62.2%  med=+73.0%  realized=$+83.00
  b779|lab0779_s397_w2_1005_1045_r2  n=  2  avg=+52.8%  med=+61.9%  realized=$+70.00
  b780|lab0780_s397_w3_1045_1120_r1  n=  1  avg=+114.8%  med=+114.8%  realized=$+70.00
  b781|lab0781_s397_w3_1045_1120_r2  n=  1  avg=+116.4%  med=+116.4%  realized=$+71.00
  b783|lab0783_s397_w4_1120_1135_r2  n=  1  avg=+151.6%  med=+151.6%  realized=$+94.00
  b784|lab0784_s398_w1_0928_1005_r1  n=  1  avg=+49.0%  med=+49.0%  realized=$+24.00
  b785|lab0785_s398_w1_0928_1005_r2  n=  1  avg=+49.0%  med=+49.0%  realized=$+24.00
  b786|lab0786_s398_w2_1005_1045_r1  n=  6  avg=-2.7%  med=+3.3%  realized=$+3.00
  b787|lab0787_s398_w2_1005_1045_r2  n=  2  avg=+69.9%  med=+78.6%  realized=$+82.00
  b788|lab0788_s398_w3_1045_1120_r1  n=  4  avg=+44.6%  med=+77.1%  realized=$+87.00
  b789|lab0789_s398_w3_1045_1120_r2  n=  3  avg=+55.2%  med=+65.7%  realized=$+95.00
  b790|lab0790_s398_w4_1120_1135_r1  n=  2  avg=+226.1%  med=+311.9%  realized=$+232.00
  b791|lab0791_s398_w4_1120_1135_r2  n=  3  avg=+150.8%  med=+155.6%  realized=$+242.00
  b792|lab0792_s399_w1_0928_1005_r1  n=  2  avg=+145.0%  med=+150.0%  realized=$+71.00
  b793|lab0793_s399_w1_0928_1005_r2  n=  8  avg=+37.9%  med=+100.0%  realized=$+85.00
  b794|lab0794_s399_w2_1005_1045_r1  n=  5  avg=-5.3%  med=-17.2%  realized=$-30.00
  b795|lab0795_s399_w2_1005_1045_r2  n=  4  avg=+14.9%  med=+65.5%  realized=$+15.00
  b797|lab0797_s399_w3_1045_1120_r2  n=  5  avg=-64.6%  med=-66.7%  realized=$-121.00
  b798|lab0798_s399_w4_1120_1135_r1  n=  2  avg=+134.0%  med=+134.0%  realized=$+134.00
  b799|lab0799_s399_w4_1120_1135_r2  n=  2  avg=+149.2%  med=+186.5%  realized=$+125.00
  b800|lab0800_s404_w1_0928_1005_r1  n=  1  avg=+38.6%  med=+38.6%  realized=$+22.00
  b801|lab0801_s404_w1_0928_1005_r2  n=  1  avg=+31.6%  med=+31.6%  realized=$+18.00
  b802|lab0802_s404_w2_1005_1045_r1  n=  2  avg=+53.0%  med=+60.9%  realized=$+71.00
  b803|lab0803_s404_w2_1005_1045_r2  n=  2  avg=+48.5%  med=+50.8%  realized=$+64.00
  b804|lab0804_s404_w3_1045_1120_r1  n=  1  avg=+106.6%  med=+106.6%  realized=$+65.00
  b805|lab0805_s404_w3_1045_1120_r2  n=  1  avg=+86.9%  med=+86.9%  realized=$+53.00
  b806|lab0806_s404_w4_1120_1135_r1  n=  1  avg=+145.2%  med=+145.2%  realized=$+90.00
  b807|lab0807_s404_w4_1120_1135_r2  n=  1  avg=+124.2%  med=+124.2%  realized=$+77.00
  b80|lab0080_s210_w1_0928_1005_r1  n=  3  avg=+12.2%  med=-8.5%  realized=$+7.00
  b814|lab0814_s405_w1_0928_1005_r1  n=  1  avg=+53.1%  med=+53.1%  realized=$+26.00
  b815|lab0815_s405_w1_0928_1005_r2  n=  1  avg=+46.9%  med=+46.9%  realized=$+23.00
  b816|lab0816_s405_w2_1005_1045_r1  n=  2  avg=+61.4%  med=+69.6%  realized=$+72.00
  b817|lab0817_s405_w2_1005_1045_r2  n=  8  avg=-19.9%  med=-40.0%  realized=$-71.00
  b818|lab0818_s405_w3_1045_1120_r1  n=  3  avg=+46.7%  med=+55.7%  realized=$+81.00
  b819|lab0819_s405_w3_1045_1120_r2  n=  4  avg=+21.7%  med=+42.9%  realized=$+37.00
  b81|lab0081_s210_w1_0928_1005_r2  n=  3  avg=+14.8%  med=-6.4%  realized=$+10.00
  b820|lab0820_s405_w4_1120_1135_r1  n=  3  avg=+105.6%  med=+106.9%  realized=$+171.00
  b821|lab0821_s405_w4_1120_1135_r2  n=  5  avg=+46.2%  med=+3.5%  realized=$+92.00
  b828|lab0828_s406_w1_0928_1005_r1  n=  2  avg=+11.3%  med=+72.5%  realized=$+22.00
  b829|lab0829_s406_w1_0928_1005_r2  n=  2  avg=+9.3%  med=+68.6%  realized=$+20.00
  b82|lab0082_s210_w2_1005_1045_r1  n=  3  avg=-63.6%  med=-71.0%  realized=$-75.00
  b830|lab0830_s406_w2_1005_1045_r1  n=  6  avg=+54.8%  med=+72.4%  realized=$+64.00
  b831|lab0831_s406_w2_1005_1045_r2  n=  7  avg=+48.0%  med=+82.8%  realized=$+41.00
  b832|lab0832_s406_w3_1045_1120_r1  n=  5  avg=+205.4%  med=+55.3%  realized=$+451.00
  b833|lab0833_s406_w3_1045_1120_r2  n=  7  avg=+254.2%  med=+73.1%  realized=$+469.00
  b834|lab0834_s406_w4_1120_1135_r1  n=  2  avg=+53.8%  med=+63.6%  realized=$+25.00
  b835|lab0835_s406_w4_1120_1135_r2  n=  2  avg=-53.0%  med=-50.0%  realized=$-25.00
  b83|lab0083_s210_w2_1005_1045_r2  n=  4  avg=+28.5%  med=+50.0%  realized=$+34.00
  b842|lab0842_s407_w1_0928_1005_r1  n=  1  avg=+140.0%  med=+140.0%  realized=$+28.00
  b843|lab0843_s407_w1_0928_1005_r2  n=  1  avg=+125.0%  med=+125.0%  realized=$+25.00
  b844|lab0844_s407_w2_1005_1045_r1  n=  6  avg=+126.7%  med=+44.9%  realized=$+102.00
  b845|lab0845_s407_w2_1005_1045_r2  n=  5  avg=+138.4%  med=+38.8%  realized=$+111.00
  b848|lab0848_s407_w4_1120_1135_r1  n=  2  avg=-95.9%  med=-95.9%  realized=$-94.00
  b849|lab0849_s407_w4_1120_1135_r2  n=  5  avg=+104.6%  med=+229.2%  realized=$+115.00
  b84|lab0084_s210_w3_1045_1120_r1  n=  3  avg=+35.7%  med=+16.7%  realized=$+28.00
  b857|lab0857_s408_w1_0928_1005_r2  n=  1  avg=+52.6%  med=+52.6%  realized=$+10.00
  b858|lab0858_s408_w2_1005_1045_r1  n=  1  avg=+41.9%  med=+41.9%  realized=$+13.00
  b859|lab0859_s408_w2_1005_1045_r2  n=  2  avg=+1.1%  med=+45.2%  realized=$+8.00
  b85|lab0085_s210_w3_1045_1120_r2  n=  4  avg=+13.7%  med=+13.9%  realized=$+7.00
  b860|lab0860_s408_w3_1045_1120_r1  n=  4  avg=+631.1%  med=+1188.9%  realized=$+411.00
  b861|lab0861_s408_w3_1045_1120_r2  n=  7  avg=+246.8%  med=+100.0%  realized=$+278.00
  b862|lab0862_s408_w4_1120_1135_r1  n=  1  avg=-50.0%  med=-50.0%  realized=$-8.00
  b863|lab0863_s408_w4_1120_1135_r2  n=  5  avg=-12.5%  med=-6.2%  realized=$-10.00
  b86|lab0086_s210_w4_1120_1135_r1  n=  3  avg=+26.1%  med=+16.7%  realized=$+25.00
  b87|lab0087_s210_w4_1120_1135_r2  n=  3  avg=+29.1%  med=+19.4%  realized=$+28.00
  b88|c088_s165_w1_0928_1005_r5  n= 21  avg=-5.0%  med=-2.7%  realized=$-63.00
  b88|c088_s167_w1_0928_1005_r4  n=  4  avg=-12.7%  med=+30.9%  realized=$-28.00
  b898|lab0898_s411_w1_0928_1005_r1  n=  1  avg=-51.4%  med=-51.4%  realized=$-37.00
  b899|lab0899_s411_w1_0928_1005_r2  n=  1  avg=-48.6%  med=-48.6%  realized=$-35.00
  b89|c089_s165_w2_1005_1045_r5  n=  7  avg=+113.1%  med=+30.9%  realized=$+67.00
  b89|c089_s167_w2_1005_1045_r4  n=  2  avg=-16.2%  med=+30.9%  realized=$-22.00
  b8|c008_s165_w1_0928_1005_r1  n= 23  avg=-19.6%  med=-35.3%  realized=$-250.00
  b900|lab0900_s411_w2_1005_1045_r1  n=  2  avg=+37.4%  med=+45.0%  realized=$+47.00
  b901|lab0901_s411_w2_1005_1045_r2  n=  3  avg=+32.8%  med=+36.1%  realized=$+61.00
  b902|lab0902_s411_w3_1045_1120_r1  n=  4  avg=+22.8%  med=+13.4%  realized=$+49.00
  b903|lab0903_s411_w3_1045_1120_r2  n=  4  avg=+19.6%  med=+10.4%  realized=$+41.00
  b905|lab0905_s411_w4_1120_1135_r2  n=  1  avg=+13.1%  med=+13.1%  realized=$+8.00
  b90|c090_s165_w3_1045_1120_r5  n= 13  avg=+7.7%  med=+0.0%  realized=$+47.00
  b90|c090_s167_w3_1045_1120_r4  n=  4  avg=-41.6%  med=-18.9%  realized=$-123.00
  b914|lab0914_s412_w2_1005_1045_r1  n=  4  avg=+75.2%  med=+68.2%  realized=$+124.00
  b915|lab0915_s412_w2_1005_1045_r2  n=  3  avg=+54.2%  med=+43.2%  realized=$+64.00
  b916|lab0916_s412_w3_1045_1120_r1  n=  7  avg=+26.3%  med=-10.7%  realized=$+24.00
  b917|lab0917_s412_w3_1045_1120_r2  n=  1  avg=-51.8%  med=-51.8%  realized=$-29.00
  b919|lab0919_s412_w4_1120_1135_r2  n=  1  avg=+37.5%  med=+37.5%  realized=$+12.00
  b91|c091_s165_w4_1120_1135_r5  n=  2  avg=+222.0%  med=+247.0%  realized=$+293.00
  b94|lab0094_s211_w1_0928_1005_r1  n=  3  avg=-21.0%  med=-5.7%  realized=$-39.00
  b95|lab0095_s211_w1_0928_1005_r2  n=  3  avg=-30.5%  med=-17.1%  realized=$-51.00
  b96|lab0096_s211_w2_1005_1045_r1  n=  2  avg=-34.8%  med=-31.6%  realized=$-28.00
  b97|lab0097_s211_w2_1005_1045_r2  n=  3  avg=-23.6%  med=-16.7%  realized=$-40.00
  b98|lab0098_s211_w3_1045_1120_r1  n=  3  avg=-45.9%  med=-44.4%  realized=$-51.00
  b99|lab0099_s211_w3_1045_1120_r2  n=  4  avg=+102.6%  med=+125.0%  realized=$+160.00
  b9|c009_s165_w2_1005_1045_r1  n=  7  avg=-74.4%  med=-66.2%  realized=$-301.00
========================================================
+========================================================================+
|  OPTIONS BOT SUMMARY                                                   |
+------------------------------------------------------------------------+
|  Mode                          after_hours                             |
|  Equity                        $143,173.28                             |
|  Signals this run              0                                       |
|  Orders submitted (session)    0                                       |
|  Orders filled today (ledger)  0                                       |
|  Entries placed this run       0                                       |
|  Open virtual lots             156                                     |
|  Broker option positions       26                                      |
|  Unattributed contracts        3 (orphan reconcile)                    |
|  Pending orders                0                                       |
+========================================================================+
+========================================================================+
|  BUCKET LEADERBOARD (reflected ex-S173,S174)                           |
+------------------------------------------------------------------------+
|  Reflected trades=1034  buckets=250  win=45%                           |
|  Returns   avg=+26.3%  med=-15.6%  p10=-73.8%  p90=+140.0%             |
|  Realized  $+11,975.32                                                 |
|  Raw incl dropped  trades=1568  real=$+10,379.77                       |
+------------------------------------------------------------------------+
|  BKT PROFILE               N  WIN  AVG%   MED%   BEST%  REAL$          |
+------------------------------------------------------------------------+
|  b383 lab0383_s362_w4_11  1 100% +1222.6 +1222.6 +1222.6 $   +379      |
|  b382 lab0382_s362_w4_11  1 100% +1125.8 +1125.8 +1125.8 $   +349      |
|  b860 lab0860_s408_w3_10  4  50% +631.1 +566.7 +1446.7 $   +411        |
|  b196 lab0196_s218_w3_10  3 100% +453.8 +403.1 +906.2 $   +310         |
|  b319 lab0319_s355_w4_11  1 100% +328.6 +328.6 +328.6 $   +138         |
|  b268 lab0268_s403_w4_11  2 100% +320.0 +320.0 +320.0 $   +160         |
|  b197 lab0197_s218_w3_10  3 100% +368.0 +318.8 +737.5 $   +253         |
|  b318 lab0318_s355_w4_11  1 100% +292.9 +292.9 +292.9 $   +123         |
|  ... 242 more bucket(s) with exits                                     |
+------------------------------------------------------------------------+
|  Low  b108 lab0108_s212_w1_09  4   0% -82.2 -98.4 -98.6 $   -199       |
+========================================================================+
+========================================================================+
|  PENDING EXITS (9)                                                     |
+------------------------------------------------------------------------+
|  b0   ORPHAN PLTR260807C00172500 x3 stop_loss (-54.4%)                 |
|  b802 S404 AMZN260807C00295000 x1 stop_loss (-90.1%)                   |
|  b0   ORPHAN AMZN260807C00302500 x1 stop_loss (-92.7%)                 |
|  b196 S218 RBLX260807C00040000 x1 stop_loss (-84.8%)                   |
|  b300 S353 AMZN260807C00292500 x1 stop_loss (-90.7%)                   |
|  ... 4 more pending exit(s)                                            |
+========================================================================+
+========================================================================+
|  OPEN OPTIONS (26)                                                     |
+------------------------------------------------------------------------+
|  SYMBOL                      QTY    RET%        OPEN P&L               |
|------------------------------------------------------------------------|
|  AMZN260807C00295000          35    -90.1%   $ -1,271.67               |
|  AMZN260807C00292500          20    -90.7%   $   -977.00               |
|  AMZN260807C00297500           9    -94.1%   $   -287.31               |
|  UBER260807C00078000           5    -98.0%   $   -247.67               |
|  DKNG260807C00024500           7    -59.4%   $   -163.80               |
|  NKE260807C00042000           10    +13.9%   $    +89.00               |
|  RBLX260807C00040000           3    -84.8%   $    -84.00               |
|  TTD260807P00017000            4    -34.5%   $    -76.00               |
|  ... 18 more position(s)                                               |
+========================================================================+
Full detail: logs/options_trial/runs/2026-08-06.log
elapsed=1.0s reconcile=0.59s

=== 09:10:53 ET — after hours (exit summary) [elapsed=1.2s reconcile=0.61s] ===
=== options_morning_bot (PAPER) 2026-08-06T09:10:53.877911-04:00 ===

[Run context]
After hours (09:10 ET) — exit summary only.
Paper auth OK — equity $143173.28, account PA36KS87UPRS
  reconcile: layout changed controlled:100:c000_s173_w1_0928_1005_r1 -> controlled:1024:lab0000_s200_w1_0928_1005_r1

[Exit summary]
========================================================
OPTIONS EXIT SUMMARY — 2026-08-06
========================================================
Account equity: $143,173.28
Open broker positions: 26  unrealized $-3,220.68

No closed trades today.
========================================================

[Portfolio snapshot]
========================================================
OPTIONS TRIAL STATS
========================================================
Account equity: $143,173.28
Active buckets: 1024 of 1024 profiles ($500 virtual each) — paper unlimited mode

P&L summary
  Reflected (ex-S173,S174): $+11,975.32 all-time  |  $+0.00 today
  Raw (incl dropped):     $+10,379.77 all-time  |  $+0.00 today
  Open (not sold yet): $-3,120.86 unrealized (virtual lots)
                       $-3,220.68 unrealized (broker total)
  Premium deployed:    $8,121.20 in open positions
  Combined P&L:        $+8,854.46 (reflected realized + open virtual)

Ledger (master)
  Total events:     8682
  Today entries:    0
  Today exits (reflected): 0
  All-time exits (reflected): 1034  wins 45%
  Avg return/trade: +26.3%  median -15.2%

Open virtual lots (by bucket)
  b0 lab0000_s200_w1_0928_1005_r1  prem=$  1042  real=$ +0.00  open=$ +0.00  lots=15  [ORPHAN:NKEx1, ORPHAN:UBERx1, ORPHAN:AAPLx2, ORPHAN:AMZNx1 +11 more]
       buy: ask-0.01  sell: bid-0.01  tp=+50% sl=-50%
  b16 lab0016_s202_w1_0928_1005_r1  prem=$     0  real=$-39.00  open=$ +0.00  lots=0  [-]
       buy: ask-0.01  sell: bid-0.01  tp=+50% sl=-50%
  b17 lab0017_s202_w1_0928_1005_r2  prem=$     0  real=$-40.00  open=$ +0.00  lots=0  [-]
       buy: ask-0.01  sell: bid-0.01  tp=+50% sl=-50%
  b18 lab0018_s202_w2_1005_1045_r1  prem=$     0  real=$-29.00  open=$ +0.00  lots=0  [-]
       buy: ask-0.01  sell: bid-0.01  tp=+50% sl=-50%
  b19 lab0019_s202_w2_1005_1045_r2  prem=$     0  real=$-22.00  open=$ +0.00  lots=0  [-]
       buy: ask-0.01  sell: bid-0.01  tp=+50% sl=-50%
  b24 lab0024_s203_w1_0928_1005_r1  prem=$     0  real=$-65.00  open=$ +0.00  lots=0  [-]
       buy: ask-0.01  sell: bid-0.01  tp=+50% sl=-50%
  b26 lab0026_s203_w2_1005_1045_r1  prem=$     0  real=$-78.00  open=$ +0.00  lots=0  [-]
       buy: ask-0.01  sell: bid-0.01  tp=+50% sl=-50%
  b27 lab0027_s203_w2_1005_1045_r2  prem=$     0  real=$-253.00  open=$ +0.00  lots=0  [-]
       buy: ask-0.01  sell: bid-0.01  tp=+50% sl=-50%
  b28 lab0028_s203_w3_1045_1120_r1  prem=$    51  real=$-54.00  open=$-17.62  lots=1  [S203:TTDx1]
       buy: ask-0.01  sell: bid-0.01  tp=+50% sl=-50%
  b29 lab0029_s203_w3_1045_1120_r2  prem=$    51  real=$-54.00  open=$-17.62  lots=1  [S203:TTDx1]
       buy: ask-0.01  sell: bid-0.01  tp=+50% sl=-50%
  b30 lab0030_s203_w4_1120_1135_r1  prem=$    59  real=$-99.00  open=$-20.38  lots=1  [S203:TTDx1]
       buy: ask-0.01  sell: bid-0.01  tp=+50% sl=-50%
  b31 lab0031_s203_w4_1120_1135_r2  prem=$    59  real=$-93.00  open=$-20.38  lots=1  [S203:TTDx1]
       buy: ask-0.01  sell: bid-0.01  tp=+50% sl=-50%
  b58 lab0058_s207_w2_1005_1045_r1  prem=$     0  real=$-66.00  open=$ +0.00  lots=0  [-]
       buy: ask-0.01  sell: bid-0.01  tp=+50% sl=-50%
  b59 lab0059_s207_w2_1005_1045_r2  prem=$     0  real=$-153.00  open=$ +0.00  lots=0  [-]
       buy: ask-0.01  sell: bid-0.01  tp=+50% sl=-50%
  b60 lab0060_s207_w3_1045_1120_r1  prem=$     0  real=$-118.00  open=$ +0.00  lots=0  [-]
       buy: ask-0.01  sell: bid-0.01  tp=+50% sl=-50%
  b61 lab0061_s207_w3_1045_1120_r2  prem=$     0  real=$-135.00  open=$ +0.00  lots=0  [-]
       buy: ask-0.01  sell: bid-0.01  tp=+50% sl=-50%
  b62 lab0062_s207_w4_1120_1135_r1  prem=$     0  real=$-158.00  open=$ +0.00  lots=0  [-]
       buy: ask-0.01  sell: bid-0.01  tp=+50% sl=-50%
  b63 lab0063_s207_w4_1120_1135_r2  prem=$     0  real=$-83.00  open=$ +0.00  lots=0  [-]
       buy: ask-0.01  sell: bid-0.01  tp=+50% sl=-50%
  b80 lab0080_s210_w1_0928_1005_r1  prem=$     0  real=$ +7.00  open=$ +0.00  lots=0  [-]
       buy: ask-0.01  sell: bid-0.01  tp=+50% sl=-50%
  b81 lab0081_s210_w1_0928_1005_r2  prem=$     0  real=$+10.00  open=$ +0.00  lots=0  [-]
       buy: ask-0.01  sell: bid-0.01  tp=+50% sl=-50%
  (258 more active bucket(s) omitted)
  (746 quiet bucket profile(s) — no trades yet)

Alpaca option positions
  AAPL260807C00317500  qty=1  cost=$63.00  return=+39.7%  open P&L=$+25.00
  AAPL260814C00330000  qty=6  cost=$358.50  return=+2.1%  open P&L=$+7.50
  AMD260807C00555000  qty=2  cost=$122.00  return=-49.2%  open P&L=$-60.00
  AMZN260807C00292500  qty=20  cost=$1,077.00  return=-90.7%  open P&L=$-977.00
  AMZN260807C00295000  qty=35  cost=$1,411.67  return=-90.1%  open P&L=$-1,271.67
  AMZN260807C00297500  qty=9  cost=$305.31  return=-94.1%  open P&L=$-287.31
  AMZN260807C00302500  qty=1  cost=$13.67  return=-92.7%  open P&L=$-12.67
  DKNG260807C00024500  qty=7  cost=$275.80  return=-59.4%  open P&L=$-163.80
  HOOD260807C00100000  qty=2  cost=$112.00  return=-44.6%  open P&L=$-50.00
  HOOD260807C00101000  qty=2  cost=$96.00  return=-54.2%  open P&L=$-52.00
  NKE260807C00042000  qty=10  cost=$641.00  return=+13.9%  open P&L=$+89.00
  NKE260807C00043000  qty=4  cost=$94.00  return=+14.9%  open P&L=$+14.00
  NKE260821C00044000  qty=12  cost=$756.00  return=+1.6%  open P&L=$+12.00
  NKE260828C00045000  qty=12  cost=$758.00  return=-1.8%  open P&L=$-14.00
  NKE260904C00045000  qty=4  cost=$288.00  return=+6.9%  open P&L=$+20.00
  PLTR260807C00172500  qty=3  cost=$118.50  return=-54.4%  open P&L=$-64.50
  RBLX260807C00040000  qty=3  cost=$99.00  return=-84.8%  open P&L=$-84.00
  T260807C00022500  qty=2  cost=$88.00  return=+31.8%  open P&L=$+28.00
  TTD260807C00020500  qty=4  cost=$268.00  return=+0.0%  open P&L=$+0.00
  TTD260807C00021500  qty=2  cost=$92.00  return=-2.2%  open P&L=$-2.00
  TTD260807P00017000  qty=4  cost=$220.00  return=-34.5%  open P&L=$-76.00
  UBER260807C00070000  qty=9  cost=$290.08  return=-6.9%  open P&L=$-20.08
  UBER260807C00078000  qty=5  cost=$252.67  return=-98.0%  open P&L=$-247.67
  UBER260814C00072000  qty=4  cost=$170.00  return=-8.2%  open P&L=$-14.00
  UBER260814C00073000  qty=1  cost=$40.50  return=-33.3%  open P&L=$-13.50
  UBER260828C00075000  qty=4  cost=$210.00  return=-2.9%  open P&L=$-6.00

Per-bucket exit stats (all time)
  b0|orphan_reconcile     n= 88  avg=-6.9%  med=-60.0%  realized=$+5,826.10
  b104|c104_s164_w1_0928_1005_r4  n=  1  avg=-88.9%  med=-88.9%  realized=$-8.00
  b108|c108_s202_w3_1045_1120_r1  n=  1  avg=-33.3%  med=-33.3%  realized=$-1.00
  b108|lab0108_s212_w1_0928_1005_r1  n=  3  avg=-98.5%  med=-98.6%  realized=$-198.00
  b109|c109_s202_w3_1045_1120_r2  n=  1  avg=-66.7%  med=-66.7%  realized=$-2.00
  b109|lab0109_s212_w1_0928_1005_r2  n=  3  avg=-85.2%  med=-98.2%  realized=$-169.00
  b10|c010_s165_w3_1045_1120_r1  n=  8  avg=-37.2%  med=-18.9%  realized=$-205.00
  b110|lab0110_s212_w2_1005_1045_r1  n=  3  avg=-71.9%  med=-74.6%  realized=$-140.00
  b111|lab0111_s212_w2_1005_1045_r2  n=  3  avg=-63.7%  med=-66.1%  realized=$-124.00
  b112|lab0112_s212_w3_1045_1120_r1  n=  5  avg=-62.0%  med=-68.1%  realized=$-158.00
  b113|lab0113_s212_w3_1045_1120_r2  n=  8  avg=-79.5%  med=-74.5%  realized=$-347.00
  b114|lab0114_s212_w4_1120_1135_r1  n=  6  avg=-67.2%  med=-73.5%  realized=$-206.00
  b115|lab0115_s212_w4_1120_1135_r2  n=  4  avg=-73.2%  med=-54.1%  realized=$-150.00
  b132|c132_s164_w1_0928_1005_r5  n=  2  avg=-65.7%  med=-53.6%  realized=$-37.00
  b135|c135_s164_w4_1120_1135_r5  n=  1  avg=-50.0%  med=-50.0%  realized=$-4.00
  b164|lab0164_s216_w1_0928_1005_r1  n=  1  avg=-51.7%  med=-51.7%  realized=$-31.00
  b165|lab0165_s216_w1_0928_1005_r2  n=  1  avg=-51.7%  med=-51.7%  realized=$-31.00
  b166|lab0166_s216_w2_1005_1045_r1  n=  2  avg=-69.6%  med=-63.4%  realized=$-73.00
  b167|lab0167_s216_w2_1005_1045_r2  n=  4  avg=-82.1%  med=-80.5%  realized=$-153.00
  b169|lab0169_s216_w3_1045_1120_r2  n=  2  avg=-54.3%  med=-52.3%  realized=$-50.00
  b16|lab0016_s202_w1_0928_1005_r1  n=  1  avg=-63.9%  med=-63.9%  realized=$-39.00
  b178|lab0178_s217_w1_0928_1005_r1  n=  1  avg=+66.0%  med=+66.0%  realized=$+31.00
  b179|lab0179_s217_w1_0928_1005_r2  n=  1  avg=+51.1%  med=+51.1%  realized=$+24.00
  b17|lab0017_s202_w1_0928_1005_r2  n=  1  avg=-65.6%  med=-65.6%  realized=$-40.00
  b180|lab0180_s217_w2_1005_1045_r1  n=  7  avg=+209.4%  med=+135.3%  realized=$+392.00
  b181|lab0181_s217_w2_1005_1045_r2  n=  7  avg=+219.5%  med=+73.3%  realized=$+374.00
  b182|lab0182_s217_w3_1045_1120_r1  n=  2  avg=-43.8%  med=-43.8%  realized=$-28.00
  b183|lab0183_s217_w3_1045_1120_r2  n=  3  avg=-64.2%  med=-68.8%  realized=$-66.00
  b185|lab0185_s217_w4_1120_1135_r2  n=  1  avg=-55.6%  med=-55.6%  realized=$-25.00
  b18|lab0018_s202_w2_1005_1045_r1  n=  1  avg=-74.4%  med=-74.4%  realized=$-29.00
  b192|lab0192_s218_w1_0928_1005_r1  n=  2  avg=+50.0%  med=+50.0%  realized=$+66.00
  b193|lab0193_s218_w1_0928_1005_r2  n=  3  avg=+40.9%  med=+36.4%  realized=$+78.00
  b194|lab0194_s218_w2_1005_1045_r1  n=  9  avg=+13.9%  med=+22.2%  realized=$-41.00
  b195|lab0195_s218_w2_1005_1045_r2  n=  9  avg=+33.6%  med=+58.8%  realized=$+67.00
  b196|lab0196_s218_w3_1045_1120_r1  n=  3  avg=+453.8%  med=+403.1%  realized=$+310.00
  b197|lab0197_s218_w3_1045_1120_r2  n=  3  avg=+368.0%  med=+318.8%  realized=$+253.00
  b198|lab0198_s218_w4_1120_1135_r1  n=  1  avg=+71.9%  med=+71.9%  realized=$+41.00
  b199|lab0199_s218_w4_1120_1135_r2  n=  1  avg=+75.4%  med=+75.4%  realized=$+43.00
  b19|lab0019_s202_w2_1005_1045_r2  n=  1  avg=-56.4%  med=-56.4%  realized=$-22.00
  b20|c020_s164_w1_0928_1005_r1  n=  1  avg=-88.9%  med=-88.9%  realized=$-8.00
  b222|lab0222_s400_w2_1005_1045_r1  n=  1  avg=-50.0%  med=-50.0%  realized=$-4.00
  b223|lab0223_s400_w2_1005_1045_r2  n=  1  avg=-50.0%  med=-50.0%  realized=$-4.00
  b224|lab0224_s400_w3_1045_1120_r1  n=  1  avg=-66.7%  med=-66.7%  realized=$-10.00
  b225|lab0225_s400_w3_1045_1120_r2  n=  1  avg=-66.7%  med=-66.7%  realized=$-10.00
  b227|lab0227_s400_w4_1120_1135_r2  n=  1  avg=-22.2%  med=-22.2%  realized=$-2.00
  b234|lab0234_s401_w1_0928_1005_r1  n=  4  avg=-6.9%  med=+8.3%  realized=$-12.00
  b235|lab0235_s401_w1_0928_1005_r2  n=  6  avg=+69.3%  med=+80.6%  realized=$+229.00
  b236|c236_s218_w3_1045_1120_r1  n=  1  avg=-33.3%  med=-33.3%  realized=$-1.00
  b236|lab0236_s401_w2_1005_1045_r1  n=  2  avg=-96.2%  med=-96.2%  realized=$-102.00
  b237|c237_s218_w3_1045_1120_r2  n=  1  avg=-66.7%  med=-66.7%  realized=$-2.00
  b237|lab0237_s401_w2_1005_1045_r2  n=  2  avg=-96.2%  med=-96.2%  realized=$-102.00
  b238|lab0238_s401_w3_1045_1120_r1  n=  5  avg=+295.6%  med=+273.1%  realized=$+424.00
  b239|lab0239_s401_w3_1045_1120_r2  n=  4  avg=+27.0%  med=+38.5%  realized=$+13.00
  b240|lab0240_s401_w4_1120_1135_r1  n=  5  avg=+20.2%  med=+21.1%  realized=$+29.00
  b241|lab0241_s401_w4_1120_1135_r2  n=  4  avg=+26.1%  med=+31.6%  realized=$+31.00
  b24|lab0024_s203_w1_0928_1005_r1  n=  2  avg=-75.6%  med=-74.4%  realized=$-65.00
  b262|lab0262_s403_w1_0928_1005_r1  n=  1  avg=+65.4%  med=+65.4%  realized=$+34.00
  b263|lab0263_s403_w1_0928_1005_r2  n=  1  avg=+50.0%  med=+50.0%  realized=$+26.00
  b264|lab0264_s403_w2_1005_1045_r1  n=  1  avg=-66.1%  med=-66.1%  realized=$-39.00
  b265|lab0265_s403_w2_1005_1045_r2  n=  1  avg=-52.5%  med=-52.5%  realized=$-31.00
  b266|lab0266_s403_w3_1045_1120_r1  n=  1  avg=-85.9%  med=-85.9%  realized=$-61.00
  b267|lab0267_s403_w3_1045_1120_r2  n=  1  avg=-77.5%  med=-77.5%  realized=$-55.00
  b268|lab0268_s403_w4_1120_1135_r1  n=  2  avg=+320.0%  med=+320.0%  realized=$+160.00
  b269|lab0269_s403_w4_1120_1135_r2  n=  4  avg=+158.4%  med=+316.0%  realized=$+182.00
  b26|lab0026_s203_w2_1005_1045_r1  n=  3  avg=-54.5%  med=-54.0%  realized=$-78.00
  b276|lab0276_s350_w1_0928_1005_r1  n=  6  avg=+84.1%  med=+102.9%  realized=$+218.00
  b277|lab0277_s350_w1_0928_1005_r2  n=  4  avg=+154.0%  med=+260.0%  realized=$+258.00
  b278|lab0278_s350_w2_1005_1045_r1  n=  8  avg=+23.2%  med=+15.0%  realized=$+27.00
  b279|lab0279_s350_w2_1005_1045_r2  n=  8  avg=+66.8%  med=+94.1%  realized=$+137.00
  b27|lab0027_s203_w2_1005_1045_r2  n=  8  avg=-66.2%  med=-56.2%  realized=$-253.00
  b280|lab0280_s351_w1_0928_1005_r1  n=  5  avg=+104.3%  med=+171.9%  realized=$+164.00
  b281|lab0281_s351_w1_0928_1005_r2  n=  4  avg=+209.5%  med=+346.9%  realized=$+310.00
  b282|lab0282_s351_w2_1005_1045_r1  n=  6  avg=-51.8%  med=-62.5%  realized=$-127.00
  b283|lab0283_s351_w2_1005_1045_r2  n=  7  avg=-42.2%  med=-52.9%  realized=$-114.00
  b285|lab0285_s351_w3_1045_1120_r2  n=  1  avg=-33.3%  med=-33.3%  realized=$-1.00
  b286|lab0286_s351_w4_1120_1135_r1  n=  2  avg=-94.9%  med=-94.9%  realized=$-74.00
  b287|lab0287_s351_w4_1120_1135_r2  n=  5  avg=-50.4%  med=-40.0%  realized=$-79.00
  b288|lab0288_s352_w1_0928_1005_r1  n=  2  avg=+76.2%  med=+100.0%  realized=$+54.00
  b289|lab0289_s352_w1_0928_1005_r2  n=  2  avg=+70.7%  med=+93.8%  realized=$+50.00
  b28|c028_s165_w1_0928_1005_r2  n= 17  avg=+49.5%  med=+80.0%  realized=$+448.00
  b28|c028_s173_w1_0928_1005_r2  n=  5  avg=+51.6%  med=+80.0%  realized=$+142.00
  b28|lab0028_s203_w3_1045_1120_r1  n=  2  avg=-50.9%  med=-49.0%  realized=$-54.00
  b290|lab0290_s352_w2_1005_1045_r1  n=  2  avg=+73.6%  med=+108.3%  realized=$+40.00
  b291|lab0291_s352_w2_1005_1045_r2  n=  4  avg=+101.6%  med=+194.4%  realized=$+104.00
  b293|lab0293_s352_w3_1045_1120_r2  n=  1  avg=+90.0%  med=+90.0%  realized=$+18.00
  b296|lab0296_s353_w1_0928_1005_r1  n=  2  avg=+123.7%  med=+123.7%  realized=$+94.00
  b297|lab0297_s353_w1_0928_1005_r2  n=  2  avg=+79.0%  med=+79.0%  realized=$+60.00
  b298|lab0298_s353_w2_1005_1045_r1  n=  6  avg=-56.2%  med=-50.8%  realized=$-174.00
  b299|lab0299_s353_w2_1005_1045_r2  n=  3  avg=-75.9%  med=-76.3%  realized=$-86.00
  b29|c029_s165_w2_1005_1045_r2  n=  9  avg=-23.3%  med=-50.0%  realized=$-221.00
  b29|c029_s173_w2_1005_1045_r2  n=  2  avg=-69.3%  med=-48.5%  realized=$-78.00
  b29|lab0029_s203_w3_1045_1120_r2  n=  2  avg=-50.9%  med=-49.0%  realized=$-54.00
  b304|lab0304_s354_w1_0928_1005_r1  n=  1  avg=+93.6%  med=+93.6%  realized=$+44.00
  b305|lab0305_s354_w1_0928_1005_r2  n=  1  avg=+100.0%  med=+100.0%  realized=$+47.00
  b306|lab0306_s354_w2_1005_1045_r1  n=  3  avg=+68.4%  med=+133.3%  realized=$+91.00
  b307|lab0307_s354_w2_1005_1045_r2  n=  4  avg=+36.4%  med=+137.8%  realized=$+64.00
  b308|lab0308_s354_w3_1045_1120_r1  n=  3  avg=+102.3%  med=+136.9%  realized=$+162.00
  b309|lab0309_s354_w3_1045_1120_r2  n=  3  avg=+75.3%  med=+103.1%  realized=$+117.00
  b30|c030_s165_w3_1045_1120_r2  n=  9  avg=+38.8%  med=+0.0%  realized=$+260.00
  b30|c030_s173_w3_1045_1120_r2  n=  2  avg=-9.5%  med=+0.0%  realized=$-14.00
  b30|lab0030_s203_w4_1120_1135_r1  n=  3  avg=-61.1%  med=-66.1%  realized=$-99.00
  b310|lab0310_s354_w4_1120_1135_r1  n=  3  avg=+56.5%  med=+116.7%  realized=$+122.00
  b311|lab0311_s354_w4_1120_1135_r2  n=  2  avg=+209.1%  med=+290.5%  realized=$+214.00
  b312|lab0312_s355_w1_0928_1005_r1  n=  2  avg=+19.0%  med=+91.5%  realized=$+20.00
  b313|lab0313_s355_w1_0928_1005_r2  n=  2  avg=+18.1%  med=+85.1%  realized=$+19.00
  b314|lab0314_s355_w2_1005_1045_r1  n=  5  avg=+15.0%  med=-63.4%  realized=$+35.00
  b315|lab0315_s355_w2_1005_1045_r2  n=  5  avg=+8.2%  med=-37.1%  realized=$+26.00
  b316|lab0316_s355_w3_1045_1120_r1  n=  1  avg=+193.8%  med=+193.8%  realized=$+93.00
  b317|lab0317_s355_w3_1045_1120_r2  n=  1  avg=+187.5%  med=+187.5%  realized=$+90.00
  b318|lab0318_s355_w4_1120_1135_r1  n=  1  avg=+292.9%  med=+292.9%  realized=$+123.00
  b319|lab0319_s355_w4_1120_1135_r2  n=  1  avg=+328.6%  med=+328.6%  realized=$+138.00
  b31|c031_s165_w4_1120_1135_r2  n=  2  avg=+145.5%  med=+175.8%  realized=$+192.00
  b31|lab0031_s203_w4_1120_1135_r2  n=  3  avg=-57.3%  med=-62.7%  realized=$-93.00
  b320|lab0320_s356_w1_0928_1005_r1  n=  2  avg=+37.9%  med=+37.9%  realized=$+44.00
  b321|lab0321_s356_w1_0928_1005_r2  n=  2  avg=+58.6%  med=+58.6%  realized=$+68.00
  b328|lab0328_s357_w1_0928_1005_r1  n=  2  avg=+47.1%  med=+47.1%  realized=$+64.00
  b329|lab0329_s357_w1_0928_1005_r2  n=  2  avg=+47.1%  med=+47.1%  realized=$+64.00
  b332|lab0332_s357_w3_1045_1120_r1  n=  1  avg=+59.7%  med=+59.7%  realized=$+37.00
  b333|lab0333_s357_w3_1045_1120_r2  n=  2  avg=+65.0%  med=+71.9%  realized=$+77.00
  b344|lab0344_s359_w1_0928_1005_r1  n=  2  avg=+37.2%  med=+142.9%  realized=$-19.00
  b345|lab0345_s359_w1_0928_1005_r2  n=  2  avg=+82.7%  med=+228.6%  realized=$-4.00
  b346|lab0346_s359_w2_1005_1045_r1  n=  7  avg=-38.7%  med=-46.7%  realized=$-98.00
  b347|lab0347_s359_w2_1005_1045_r2  n=  7  avg=-40.7%  med=-46.7%  realized=$-100.00
  b348|lab0348_s360_w1_0928_1005_r1  n=  1  avg=-82.2%  med=-82.2%  realized=$-37.00
  b349|lab0349_s360_w1_0928_1005_r2  n=  1  avg=-77.8%  med=-77.8%  realized=$-35.00
  b350|lab0350_s360_w2_1005_1045_r1  n=  7  avg=-37.4%  med=-46.7%  realized=$-93.00
  b351|lab0351_s360_w2_1005_1045_r2  n=  7  avg=-45.7%  med=-56.4%  realized=$-120.00
  b352|lab0352_s360_w3_1045_1120_r1  n=  1  avg=-50.0%  med=-50.0%  realized=$-6.00
  b353|lab0353_s360_w3_1045_1120_r2  n=  1  avg=-50.0%  med=-50.0%  realized=$-6.00
  b354|lab0354_s360_w4_1120_1135_r1  n=  2  avg=-33.3%  med=-33.3%  realized=$-12.00
  b355|lab0355_s360_w4_1120_1135_r2  n=  3  avg=-34.9%  med=-54.8%  realized=$-32.00
  b364|lab0364_s361_w2_1005_1045_r1  n=  6  avg=+9.5%  med=+81.8%  realized=$+15.00
  b365|lab0365_s361_w2_1005_1045_r2  n=  9  avg=+108.9%  med=+82.8%  realized=$+204.00
  b367|lab0367_s361_w3_1045_1120_r2  n=  3  avg=+16.0%  med=-8.3%  realized=$+3.00
  b376|lab0376_s362_w1_0928_1005_r1  n=  3  avg=+43.9%  med=+8.7%  realized=$+52.00
  b377|lab0377_s362_w1_0928_1005_r2  n=  3  avg=+49.6%  med=+13.0%  realized=$+61.00
  b378|lab0378_s362_w2_1005_1045_r1  n=  3  avg=+52.7%  med=+52.6%  realized=$+59.00
  b379|lab0379_s362_w2_1005_1045_r2  n=  7  avg=+41.8%  med=+38.2%  realized=$+123.00
  b380|lab0380_s362_w3_1045_1120_r1  n=  4  avg=+63.0%  med=+103.3%  realized=$+164.00
  b381|lab0381_s362_w3_1045_1120_r2  n=  4  avg=+67.4%  med=+108.3%  realized=$+174.00
  b382|lab0382_s362_w4_1120_1135_r1  n=  1  avg=+1125.8%  med=+1125.8%  realized=$+349.00
  b383|lab0383_s362_w4_1120_1135_r2  n=  1  avg=+1222.6%  med=+1222.6%  realized=$+379.00
  b390|lab0390_s363_w1_0928_1005_r1  n=  1  avg=+106.5%  med=+106.5%  realized=$+33.00
  b391|lab0391_s363_w1_0928_1005_r2  n=  1  avg=+103.2%  med=+103.2%  realized=$+32.00
  b392|lab0392_s363_w2_1005_1045_r1  n=  3  avg=+27.8%  med=+9.5%  realized=$+26.00
  b393|lab0393_s363_w2_1005_1045_r2  n=  3  avg=+25.0%  med=+7.1%  realized=$+23.00
  b397|lab0397_s363_w4_1120_1135_r2  n=  2  avg=+52.9%  med=+52.9%  realized=$+36.00
  b405|lab0405_s364_w1_0928_1005_r2  n=  1  avg=+50.0%  med=+50.0%  realized=$+25.00
  b406|lab0406_s364_w2_1005_1045_r1  n=  3  avg=+71.9%  med=+77.8%  realized=$+100.00
  b407|lab0407_s364_w2_1005_1045_r2  n=  4  avg=+36.3%  med=+69.6%  realized=$+62.00
  b408|lab0408_s364_w3_1045_1120_r1  n=  2  avg=+66.7%  med=+66.7%  realized=$+44.00
  b409|lab0409_s364_w3_1045_1120_r2  n=  3  avg=+61.6%  med=+63.6%  realized=$+61.00
  b410|lab0410_s364_w4_1120_1135_r1  n=  2  avg=+233.3%  med=+233.3%  realized=$+168.00
  b411|lab0411_s364_w4_1120_1135_r2  n=  2  avg=+188.9%  med=+188.9%  realized=$+136.00
  b48|c048_s164_w1_0928_1005_r2  n=  5  avg=-33.1%  med=-49.1%  realized=$-91.00
  b48|c048_s165_w1_0928_1005_r3  n= 16  avg=-35.9%  med=-49.1%  realized=$-344.00
  b49|c049_s164_w2_1005_1045_r2  n=  4  avg=-51.8%  med=-44.0%  realized=$-133.00
  b49|c049_s165_w2_1005_1045_r3  n= 15  avg=-49.3%  med=-49.1%  realized=$-458.00
  b50|c050_s164_w3_1045_1120_r2  n=  4  avg=-39.6%  med=-16.7%  realized=$-115.00
  b50|c050_s165_w3_1045_1120_r3  n=  9  avg=-23.6%  med=-23.1%  realized=$-142.00
  b51|c051_s165_w4_1120_1135_r3  n=  1  avg=+263.6%  med=+263.6%  realized=$+174.00
  b56|g056_lim_tp20_sl65  n=  1  avg=+47.7%  med=+47.7%  realized=$+20.52
  b57|g057_mid_tp20_sl65  n=  1  avg=+47.7%  med=+47.7%  realized=$+20.52
  b58|g058_eod_tp20_sl65  n=  1  avg=+59.1%  med=+59.1%  realized=$+25.41
  b58|lab0058_s207_w2_1005_1045_r1  n=  5  avg=-19.4%  med=-32.0%  realized=$-66.00
  b59|lab0059_s207_w2_1005_1045_r2  n=  5  avg=-48.7%  med=-49.1%  realized=$-153.00
  b60|lab0060_s207_w3_1045_1120_r1  n=  5  avg=-40.3%  med=-45.5%  realized=$-118.00
  b61|lab0061_s207_w3_1045_1120_r2  n=  6  avg=-41.7%  med=-51.5%  realized=$-135.00
  b62|lab0062_s207_w4_1120_1135_r1  n=  5  avg=-51.2%  med=-59.7%  realized=$-158.00
  b63|lab0063_s207_w4_1120_1135_r2  n=  4  avg=-32.9%  med=-45.8%  realized=$-83.00
  b68|c068_s165_w1_0928_1005_r4  n= 16  avg=-51.3%  med=-49.1%  realized=$-446.00
  b68|c068_s166_w1_0928_1005_r3  n=  4  avg=-52.7%  med=-49.1%  realized=$-116.00
  b69|c069_s165_w2_1005_1045_r4  n= 11  avg=+19.0%  med=-43.6%  realized=$-179.00
  b69|c069_s166_w2_1005_1045_r3  n=  4  avg=+10.1%  med=-40.0%  realized=$-87.00
  b70|c070_s165_w3_1045_1120_r4  n= 11  avg=-2.1%  med=-16.9%  realized=$-6.00
  b70|c070_s166_w3_1045_1120_r3  n=  4  avg=-42.5%  med=-27.0%  realized=$-124.00
  b70|g070_eod_tp30_sl20  n=  1  avg=+59.1%  med=+59.1%  realized=$+27.77
  b76|c076_s164_w1_0928_1005_r3  n=  1  avg=-50.0%  med=-50.0%  realized=$-2.00
  b776|lab0776_s397_w1_0928_1005_r1  n=  1  avg=+40.4%  med=+40.4%  realized=$+23.00
  b777|lab0777_s397_w1_0928_1005_r2  n=  1  avg=+38.6%  med=+38.6%  realized=$+22.00
  b778|lab0778_s397_w2_1005_1045_r1  n=  2  avg=+62.2%  med=+73.0%  realized=$+83.00
  b779|lab0779_s397_w2_1005_1045_r2  n=  2  avg=+52.8%  med=+61.9%  realized=$+70.00
  b780|lab0780_s397_w3_1045_1120_r1  n=  1  avg=+114.8%  med=+114.8%  realized=$+70.00
  b781|lab0781_s397_w3_1045_1120_r2  n=  1  avg=+116.4%  med=+116.4%  realized=$+71.00
  b783|lab0783_s397_w4_1120_1135_r2  n=  1  avg=+151.6%  med=+151.6%  realized=$+94.00
  b784|lab0784_s398_w1_0928_1005_r1  n=  1  avg=+49.0%  med=+49.0%  realized=$+24.00
  b785|lab0785_s398_w1_0928_1005_r2  n=  1  avg=+49.0%  med=+49.0%  realized=$+24.00
  b786|lab0786_s398_w2_1005_1045_r1  n=  6  avg=-2.7%  med=+3.3%  realized=$+3.00
  b787|lab0787_s398_w2_1005_1045_r2  n=  2  avg=+69.9%  med=+78.6%  realized=$+82.00
  b788|lab0788_s398_w3_1045_1120_r1  n=  4  avg=+44.6%  med=+77.1%  realized=$+87.00
  b789|lab0789_s398_w3_1045_1120_r2  n=  3  avg=+55.2%  med=+65.7%  realized=$+95.00
  b790|lab0790_s398_w4_1120_1135_r1  n=  2  avg=+226.1%  med=+311.9%  realized=$+232.00
  b791|lab0791_s398_w4_1120_1135_r2  n=  3  avg=+150.8%  med=+155.6%  realized=$+242.00
  b792|lab0792_s399_w1_0928_1005_r1  n=  2  avg=+145.0%  med=+150.0%  realized=$+71.00
  b793|lab0793_s399_w1_0928_1005_r2  n=  8  avg=+37.9%  med=+100.0%  realized=$+85.00
  b794|lab0794_s399_w2_1005_1045_r1  n=  5  avg=-5.3%  med=-17.2%  realized=$-30.00
  b795|lab0795_s399_w2_1005_1045_r2  n=  4  avg=+14.9%  med=+65.5%  realized=$+15.00
  b797|lab0797_s399_w3_1045_1120_r2  n=  5  avg=-64.6%  med=-66.7%  realized=$-121.00
  b798|lab0798_s399_w4_1120_1135_r1  n=  2  avg=+134.0%  med=+134.0%  realized=$+134.00
  b799|lab0799_s399_w4_1120_1135_r2  n=  2  avg=+149.2%  med=+186.5%  realized=$+125.00
  b800|lab0800_s404_w1_0928_1005_r1  n=  1  avg=+38.6%  med=+38.6%  realized=$+22.00
  b801|lab0801_s404_w1_0928_1005_r2  n=  1  avg=+31.6%  med=+31.6%  realized=$+18.00
  b802|lab0802_s404_w2_1005_1045_r1  n=  2  avg=+53.0%  med=+60.9%  realized=$+71.00
  b803|lab0803_s404_w2_1005_1045_r2  n=  2  avg=+48.5%  med=+50.8%  realized=$+64.00
  b804|lab0804_s404_w3_1045_1120_r1  n=  1  avg=+106.6%  med=+106.6%  realized=$+65.00
  b805|lab0805_s404_w3_1045_1120_r2  n=  1  avg=+86.9%  med=+86.9%  realized=$+53.00
  b806|lab0806_s404_w4_1120_1135_r1  n=  1  avg=+145.2%  med=+145.2%  realized=$+90.00
  b807|lab0807_s404_w4_1120_1135_r2  n=  1  avg=+124.2%  med=+124.2%  realized=$+77.00
  b80|lab0080_s210_w1_0928_1005_r1  n=  3  avg=+12.2%  med=-8.5%  realized=$+7.00
  b814|lab0814_s405_w1_0928_1005_r1  n=  1  avg=+53.1%  med=+53.1%  realized=$+26.00
  b815|lab0815_s405_w1_0928_1005_r2  n=  1  avg=+46.9%  med=+46.9%  realized=$+23.00
  b816|lab0816_s405_w2_1005_1045_r1  n=  2  avg=+61.4%  med=+69.6%  realized=$+72.00
  b817|lab0817_s405_w2_1005_1045_r2  n=  8  avg=-19.9%  med=-40.0%  realized=$-71.00
  b818|lab0818_s405_w3_1045_1120_r1  n=  3  avg=+46.7%  med=+55.7%  realized=$+81.00
  b819|lab0819_s405_w3_1045_1120_r2  n=  4  avg=+21.7%  med=+42.9%  realized=$+37.00
  b81|lab0081_s210_w1_0928_1005_r2  n=  3  avg=+14.8%  med=-6.4%  realized=$+10.00
  b820|lab0820_s405_w4_1120_1135_r1  n=  3  avg=+105.6%  med=+106.9%  realized=$+171.00
  b821|lab0821_s405_w4_1120_1135_r2  n=  5  avg=+46.2%  med=+3.5%  realized=$+92.00
  b828|lab0828_s406_w1_0928_1005_r1  n=  2  avg=+11.3%  med=+72.5%  realized=$+22.00
  b829|lab0829_s406_w1_0928_1005_r2  n=  2  avg=+9.3%  med=+68.6%  realized=$+20.00
  b82|lab0082_s210_w2_1005_1045_r1  n=  3  avg=-63.6%  med=-71.0%  realized=$-75.00
  b830|lab0830_s406_w2_1005_1045_r1  n=  6  avg=+54.8%  med=+72.4%  realized=$+64.00
  b831|lab0831_s406_w2_1005_1045_r2  n=  7  avg=+48.0%  med=+82.8%  realized=$+41.00
  b832|lab0832_s406_w3_1045_1120_r1  n=  5  avg=+205.4%  med=+55.3%  realized=$+451.00
  b833|lab0833_s406_w3_1045_1120_r2  n=  7  avg=+254.2%  med=+73.1%  realized=$+469.00
  b834|lab0834_s406_w4_1120_1135_r1  n=  2  avg=+53.8%  med=+63.6%  realized=$+25.00
  b835|lab0835_s406_w4_1120_1135_r2  n=  2  avg=-53.0%  med=-50.0%  realized=$-25.00
  b83|lab0083_s210_w2_1005_1045_r2  n=  4  avg=+28.5%  med=+50.0%  realized=$+34.00
  b842|lab0842_s407_w1_0928_1005_r1  n=  1  avg=+140.0%  med=+140.0%  realized=$+28.00
  b843|lab0843_s407_w1_0928_1005_r2  n=  1  avg=+125.0%  med=+125.0%  realized=$+25.00
  b844|lab0844_s407_w2_1005_1045_r1  n=  6  avg=+126.7%  med=+44.9%  realized=$+102.00
  b845|lab0845_s407_w2_1005_1045_r2  n=  5  avg=+138.4%  med=+38.8%  realized=$+111.00
  b848|lab0848_s407_w4_1120_1135_r1  n=  2  avg=-95.9%  med=-95.9%  realized=$-94.00
  b849|lab0849_s407_w4_1120_1135_r2  n=  5  avg=+104.6%  med=+229.2%  realized=$+115.00
  b84|lab0084_s210_w3_1045_1120_r1  n=  3  avg=+35.7%  med=+16.7%  realized=$+28.00
  b857|lab0857_s408_w1_0928_1005_r2  n=  1  avg=+52.6%  med=+52.6%  realized=$+10.00
  b858|lab0858_s408_w2_1005_1045_r1  n=  1  avg=+41.9%  med=+41.9%  realized=$+13.00
  b859|lab0859_s408_w2_1005_1045_r2  n=  2  avg=+1.1%  med=+45.2%  realized=$+8.00
  b85|lab0085_s210_w3_1045_1120_r2  n=  4  avg=+13.7%  med=+13.9%  realized=$+7.00
  b860|lab0860_s408_w3_1045_1120_r1  n=  4  avg=+631.1%  med=+1188.9%  realized=$+411.00
  b861|lab0861_s408_w3_1045_1120_r2  n=  7  avg=+246.8%  med=+100.0%  realized=$+278.00
  b862|lab0862_s408_w4_1120_1135_r1  n=  1  avg=-50.0%  med=-50.0%  realized=$-8.00
  b863|lab0863_s408_w4_1120_1135_r2  n=  5  avg=-12.5%  med=-6.2%  realized=$-10.00
  b86|lab0086_s210_w4_1120_1135_r1  n=  3  avg=+26.1%  med=+16.7%  realized=$+25.00
  b87|lab0087_s210_w4_1120_1135_r2  n=  3  avg=+29.1%  med=+19.4%  realized=$+28.00
  b88|c088_s165_w1_0928_1005_r5  n= 21  avg=-5.0%  med=-2.7%  realized=$-63.00
  b88|c088_s167_w1_0928_1005_r4  n=  4  avg=-12.7%  med=+30.9%  realized=$-28.00
  b898|lab0898_s411_w1_0928_1005_r1  n=  1  avg=-51.4%  med=-51.4%  realized=$-37.00
  b899|lab0899_s411_w1_0928_1005_r2  n=  1  avg=-48.6%  med=-48.6%  realized=$-35.00
  b89|c089_s165_w2_1005_1045_r5  n=  7  avg=+113.1%  med=+30.9%  realized=$+67.00
  b89|c089_s167_w2_1005_1045_r4  n=  2  avg=-16.2%  med=+30.9%  realized=$-22.00
  b8|c008_s165_w1_0928_1005_r1  n= 23  avg=-19.6%  med=-35.3%  realized=$-250.00
  b900|lab0900_s411_w2_1005_1045_r1  n=  2  avg=+37.4%  med=+45.0%  realized=$+47.00
  b901|lab0901_s411_w2_1005_1045_r2  n=  3  avg=+32.8%  med=+36.1%  realized=$+61.00
  b902|lab0902_s411_w3_1045_1120_r1  n=  4  avg=+22.8%  med=+13.4%  realized=$+49.00
  b903|lab0903_s411_w3_1045_1120_r2  n=  4  avg=+19.6%  med=+10.4%  realized=$+41.00
  b905|lab0905_s411_w4_1120_1135_r2  n=  1  avg=+13.1%  med=+13.1%  realized=$+8.00
  b90|c090_s165_w3_1045_1120_r5  n= 13  avg=+7.7%  med=+0.0%  realized=$+47.00
  b90|c090_s167_w3_1045_1120_r4  n=  4  avg=-41.6%  med=-18.9%  realized=$-123.00
  b914|lab0914_s412_w2_1005_1045_r1  n=  4  avg=+75.2%  med=+68.2%  realized=$+124.00
  b915|lab0915_s412_w2_1005_1045_r2  n=  3  avg=+54.2%  med=+43.2%  realized=$+64.00
  b916|lab0916_s412_w3_1045_1120_r1  n=  7  avg=+26.3%  med=-10.7%  realized=$+24.00
  b917|lab0917_s412_w3_1045_1120_r2  n=  1  avg=-51.8%  med=-51.8%  realized=$-29.00
  b919|lab0919_s412_w4_1120_1135_r2  n=  1  avg=+37.5%  med=+37.5%  realized=$+12.00
  b91|c091_s165_w4_1120_1135_r5  n=  2  avg=+222.0%  med=+247.0%  realized=$+293.00
  b94|lab0094_s211_w1_0928_1005_r1  n=  3  avg=-21.0%  med=-5.7%  realized=$-39.00
  b95|lab0095_s211_w1_0928_1005_r2  n=  3  avg=-30.5%  med=-17.1%  realized=$-51.00
  b96|lab0096_s211_w2_1005_1045_r1  n=  2  avg=-34.8%  med=-31.6%  realized=$-28.00
  b97|lab0097_s211_w2_1005_1045_r2  n=  3  avg=-23.6%  med=-16.7%  realized=$-40.00
  b98|lab0098_s211_w3_1045_1120_r1  n=  3  avg=-45.9%  med=-44.4%  realized=$-51.00
  b99|lab0099_s211_w3_1045_1120_r2  n=  4  avg=+102.6%  med=+125.0%  realized=$+160.00
  b9|c009_s165_w2_1005_1045_r1  n=  7  avg=-74.4%  med=-66.2%  realized=$-301.00
========================================================
+========================================================================+
|  OPTIONS BOT SUMMARY                                                   |
+------------------------------------------------------------------------+
|  Mode                          after_hours                             |
|  Equity                        $143,173.28                             |
|  Signals this run              0                                       |
|  Orders submitted (session)    0                                       |
|  Orders filled today (ledger)  0                                       |
|  Entries placed this run       0                                       |
|  Open virtual lots             156                                     |
|  Broker option positions       26                                      |
|  Unattributed contracts        3 (orphan reconcile)                    |
|  Pending orders                0                                       |
+========================================================================+
+========================================================================+
|  BUCKET LEADERBOARD (reflected ex-S173,S174)                           |
+------------------------------------------------------------------------+
|  Reflected trades=1034  buckets=250  win=45%                           |
|  Returns   avg=+26.3%  med=-15.6%  p10=-73.8%  p90=+140.0%             |
|  Realized  $+11,975.32                                                 |
|  Raw incl dropped  trades=1568  real=$+10,379.77                       |
+------------------------------------------------------------------------+
|  BKT PROFILE               N  WIN  AVG%   MED%   BEST%  REAL$          |
+------------------------------------------------------------------------+
|  b383 lab0383_s362_w4_11  1 100% +1222.6 +1222.6 +1222.6 $   +379      |
|  b382 lab0382_s362_w4_11  1 100% +1125.8 +1125.8 +1125.8 $   +349      |
|  b860 lab0860_s408_w3_10  4  50% +631.1 +566.7 +1446.7 $   +411        |
|  b196 lab0196_s218_w3_10  3 100% +453.8 +403.1 +906.2 $   +310         |
|  b319 lab0319_s355_w4_11  1 100% +328.6 +328.6 +328.6 $   +138         |
|  b268 lab0268_s403_w4_11  2 100% +320.0 +320.0 +320.0 $   +160         |
|  b197 lab0197_s218_w3_10  3 100% +368.0 +318.8 +737.5 $   +253         |
|  b318 lab0318_s355_w4_11  1 100% +292.9 +292.9 +292.9 $   +123         |
|  ... 242 more bucket(s) with exits                                     |
+------------------------------------------------------------------------+
|  Low  b108 lab0108_s212_w1_09  4   0% -82.2 -98.4 -98.6 $   -199       |
+========================================================================+
+========================================================================+
|  PENDING EXITS (9)                                                     |
+------------------------------------------------------------------------+
|  b0   ORPHAN PLTR260807C00172500 x3 stop_loss (-54.4%)                 |
|  b802 S404 AMZN260807C00295000 x1 stop_loss (-90.1%)                   |
|  b0   ORPHAN AMZN260807C00302500 x1 stop_loss (-92.7%)                 |
|  b196 S218 RBLX260807C00040000 x1 stop_loss (-84.8%)                   |
|  b300 S353 AMZN260807C00292500 x1 stop_loss (-90.7%)                   |
|  ... 4 more pending exit(s)                                            |
+========================================================================+
+========================================================================+
|  OPEN OPTIONS (26)                                                     |
+------------------------------------------------------------------------+
|  SYMBOL                      QTY    RET%        OPEN P&L               |
|------------------------------------------------------------------------|
|  AMZN260807C00295000          35    -90.1%   $ -1,271.67               |
|  AMZN260807C00292500          20    -90.7%   $   -977.00               |
|  AMZN260807C00297500           9    -94.1%   $   -287.31               |
|  UBER260807C00078000           5    -98.0%   $   -247.67               |
|  DKNG260807C00024500           7    -59.4%   $   -163.80               |
|  NKE260807C00042000           10    +13.9%   $    +89.00               |
|  RBLX260807C00040000           3    -84.8%   $    -84.00               |
|  TTD260807P00017000            4    -34.5%   $    -76.00               |
|  ... 18 more position(s)                                               |
+========================================================================+
Full detail: logs/options_trial/runs/2026-08-06.log
elapsed=1.2s reconcile=0.61s

=== 09:15:51 ET — after hours (exit summary) [elapsed=1.1s reconcile=0.57s] ===
=== options_morning_bot (PAPER) 2026-08-06T09:15:51.719885-04:00 ===

[Run context]
After hours (09:15 ET) — exit summary only.
Paper auth OK — equity $143221.40, account PA36KS87UPRS
  reconcile: layout changed controlled:100:c000_s173_w1_0928_1005_r1 -> controlled:1024:lab0000_s200_w1_0928_1005_r1

[Exit summary]
========================================================
OPTIONS EXIT SUMMARY — 2026-08-06
========================================================
Account equity: $143,221.40
Open broker positions: 26  unrealized $-3,220.68

No closed trades today.
========================================================

[Portfolio snapshot]
========================================================
OPTIONS TRIAL STATS
========================================================
Account equity: $143,221.40
Active buckets: 1024 of 1024 profiles ($500 virtual each) — paper unlimited mode

P&L summary
  Reflected (ex-S173,S174): $+11,975.32 all-time  |  $+0.00 today
  Raw (incl dropped):     $+10,379.77 all-time  |  $+0.00 today
  Open (not sold yet): $-3,120.86 unrealized (virtual lots)
                       $-3,220.68 unrealized (broker total)
  Premium deployed:    $8,121.20 in open positions
  Combined P&L:        $+8,854.46 (reflected realized + open virtual)

Ledger (master)
  Total events:     8682
  Today entries:    0
  Today exits (reflected): 0
  All-time exits (reflected): 1034  wins 45%
  Avg return/trade: +26.3%  median -15.2%

Open virtual lots (by bucket)
  b0 lab0000_s200_w1_0928_1005_r1  prem=$  1042  real=$ +0.00  open=$ +0.00  lots=15  [ORPHAN:NKEx1, ORPHAN:UBERx1, ORPHAN:AAPLx2, ORPHAN:AMZNx1 +11 more]
       buy: ask-0.01  sell: bid-0.01  tp=+50% sl=-50%
  b16 lab0016_s202_w1_0928_1005_r1  prem=$     0  real=$-39.00  open=$ +0.00  lots=0  [-]
       buy: ask-0.01  sell: bid-0.01  tp=+50% sl=-50%
  b17 lab0017_s202_w1_0928_1005_r2  prem=$     0  real=$-40.00  open=$ +0.00  lots=0  [-]
       buy: ask-0.01  sell: bid-0.01  tp=+50% sl=-50%
  b18 lab0018_s202_w2_1005_1045_r1  prem=$     0  real=$-29.00  open=$ +0.00  lots=0  [-]
       buy: ask-0.01  sell: bid-0.01  tp=+50% sl=-50%
  b19 lab0019_s202_w2_1005_1045_r2  prem=$     0  real=$-22.00  open=$ +0.00  lots=0  [-]
       buy: ask-0.01  sell: bid-0.01  tp=+50% sl=-50%
  b24 lab0024_s203_w1_0928_1005_r1  prem=$     0  real=$-65.00  open=$ +0.00  lots=0  [-]
       buy: ask-0.01  sell: bid-0.01  tp=+50% sl=-50%
  b26 lab0026_s203_w2_1005_1045_r1  prem=$     0  real=$-78.00  open=$ +0.00  lots=0  [-]
       buy: ask-0.01  sell: bid-0.01  tp=+50% sl=-50%
  b27 lab0027_s203_w2_1005_1045_r2  prem=$     0  real=$-253.00  open=$ +0.00  lots=0  [-]
       buy: ask-0.01  sell: bid-0.01  tp=+50% sl=-50%
  b28 lab0028_s203_w3_1045_1120_r1  prem=$    51  real=$-54.00  open=$-17.62  lots=1  [S203:TTDx1]
       buy: ask-0.01  sell: bid-0.01  tp=+50% sl=-50%
  b29 lab0029_s203_w3_1045_1120_r2  prem=$    51  real=$-54.00  open=$-17.62  lots=1  [S203:TTDx1]
       buy: ask-0.01  sell: bid-0.01  tp=+50% sl=-50%
  b30 lab0030_s203_w4_1120_1135_r1  prem=$    59  real=$-99.00  open=$-20.38  lots=1  [S203:TTDx1]
       buy: ask-0.01  sell: bid-0.01  tp=+50% sl=-50%
  b31 lab0031_s203_w4_1120_1135_r2  prem=$    59  real=$-93.00  open=$-20.38  lots=1  [S203:TTDx1]
       buy: ask-0.01  sell: bid-0.01  tp=+50% sl=-50%
  b58 lab0058_s207_w2_1005_1045_r1  prem=$     0  real=$-66.00  open=$ +0.00  lots=0  [-]
       buy: ask-0.01  sell: bid-0.01  tp=+50% sl=-50%
  b59 lab0059_s207_w2_1005_1045_r2  prem=$     0  real=$-153.00  open=$ +0.00  lots=0  [-]
       buy: ask-0.01  sell: bid-0.01  tp=+50% sl=-50%
  b60 lab0060_s207_w3_1045_1120_r1  prem=$     0  real=$-118.00  open=$ +0.00  lots=0  [-]
       buy: ask-0.01  sell: bid-0.01  tp=+50% sl=-50%
  b61 lab0061_s207_w3_1045_1120_r2  prem=$     0  real=$-135.00  open=$ +0.00  lots=0  [-]
       buy: ask-0.01  sell: bid-0.01  tp=+50% sl=-50%
  b62 lab0062_s207_w4_1120_1135_r1  prem=$     0  real=$-158.00  open=$ +0.00  lots=0  [-]
       buy: ask-0.01  sell: bid-0.01  tp=+50% sl=-50%
  b63 lab0063_s207_w4_1120_1135_r2  prem=$     0  real=$-83.00  open=$ +0.00  lots=0  [-]
       buy: ask-0.01  sell: bid-0.01  tp=+50% sl=-50%
  b80 lab0080_s210_w1_0928_1005_r1  prem=$     0  real=$ +7.00  open=$ +0.00  lots=0  [-]
       buy: ask-0.01  sell: bid-0.01  tp=+50% sl=-50%
  b81 lab0081_s210_w1_0928_1005_r2  prem=$     0  real=$+10.00  open=$ +0.00  lots=0  [-]
       buy: ask-0.01  sell: bid-0.01  tp=+50% sl=-50%
  (258 more active bucket(s) omitted)
  (746 quiet bucket profile(s) — no trades yet)

Alpaca option positions
  AAPL260807C00317500  qty=1  cost=$63.00  return=+39.7%  open P&L=$+25.00
  AAPL260814C00330000  qty=6  cost=$358.50  return=+2.1%  open P&L=$+7.50
  AMD260807C00555000  qty=2  cost=$122.00  return=-49.2%  open P&L=$-60.00
  AMZN260807C00292500  qty=20  cost=$1,077.00  return=-90.7%  open P&L=$-977.00
  AMZN260807C00295000  qty=35  cost=$1,411.67  return=-90.1%  open P&L=$-1,271.67
  AMZN260807C00297500  qty=9  cost=$305.31  return=-94.1%  open P&L=$-287.31
  AMZN260807C00302500  qty=1  cost=$13.67  return=-92.7%  open P&L=$-12.67
  DKNG260807C00024500  qty=7  cost=$275.80  return=-59.4%  open P&L=$-163.80
  HOOD260807C00100000  qty=2  cost=$112.00  return=-44.6%  open P&L=$-50.00
  HOOD260807C00101000  qty=2  cost=$96.00  return=-54.2%  open P&L=$-52.00
  NKE260807C00042000  qty=10  cost=$641.00  return=+13.9%  open P&L=$+89.00
  NKE260807C00043000  qty=4  cost=$94.00  return=+14.9%  open P&L=$+14.00
  NKE260821C00044000  qty=12  cost=$756.00  return=+1.6%  open P&L=$+12.00
  NKE260828C00045000  qty=12  cost=$758.00  return=-1.8%  open P&L=$-14.00
  NKE260904C00045000  qty=4  cost=$288.00  return=+6.9%  open P&L=$+20.00
  PLTR260807C00172500  qty=3  cost=$118.50  return=-54.4%  open P&L=$-64.50
  RBLX260807C00040000  qty=3  cost=$99.00  return=-84.8%  open P&L=$-84.00
  T260807C00022500  qty=2  cost=$88.00  return=+31.8%  open P&L=$+28.00
  TTD260807C00020500  qty=4  cost=$268.00  return=+0.0%  open P&L=$+0.00
  TTD260807C00021500  qty=2  cost=$92.00  return=-2.2%  open P&L=$-2.00
  TTD260807P00017000  qty=4  cost=$220.00  return=-34.5%  open P&L=$-76.00
  UBER260807C00070000  qty=9  cost=$290.08  return=-6.9%  open P&L=$-20.08
  UBER260807C00078000  qty=5  cost=$252.67  return=-98.0%  open P&L=$-247.67
  UBER260814C00072000  qty=4  cost=$170.00  return=-8.2%  open P&L=$-14.00
  UBER260814C00073000  qty=1  cost=$40.50  return=-33.3%  open P&L=$-13.50
  UBER260828C00075000  qty=4  cost=$210.00  return=-2.9%  open P&L=$-6.00

Per-bucket exit stats (all time)
  b0|orphan_reconcile     n= 88  avg=-6.9%  med=-60.0%  realized=$+5,826.10
  b104|c104_s164_w1_0928_1005_r4  n=  1  avg=-88.9%  med=-88.9%  realized=$-8.00
  b108|c108_s202_w3_1045_1120_r1  n=  1  avg=-33.3%  med=-33.3%  realized=$-1.00
  b108|lab0108_s212_w1_0928_1005_r1  n=  3  avg=-98.5%  med=-98.6%  realized=$-198.00
  b109|c109_s202_w3_1045_1120_r2  n=  1  avg=-66.7%  med=-66.7%  realized=$-2.00
  b109|lab0109_s212_w1_0928_1005_r2  n=  3  avg=-85.2%  med=-98.2%  realized=$-169.00
  b10|c010_s165_w3_1045_1120_r1  n=  8  avg=-37.2%  med=-18.9%  realized=$-205.00
  b110|lab0110_s212_w2_1005_1045_r1  n=  3  avg=-71.9%  med=-74.6%  realized=$-140.00
  b111|lab0111_s212_w2_1005_1045_r2  n=  3  avg=-63.7%  med=-66.1%  realized=$-124.00
  b112|lab0112_s212_w3_1045_1120_r1  n=  5  avg=-62.0%  med=-68.1%  realized=$-158.00
  b113|lab0113_s212_w3_1045_1120_r2  n=  8  avg=-79.5%  med=-74.5%  realized=$-347.00
  b114|lab0114_s212_w4_1120_1135_r1  n=  6  avg=-67.2%  med=-73.5%  realized=$-206.00
  b115|lab0115_s212_w4_1120_1135_r2  n=  4  avg=-73.2%  med=-54.1%  realized=$-150.00
  b132|c132_s164_w1_0928_1005_r5  n=  2  avg=-65.7%  med=-53.6%  realized=$-37.00
  b135|c135_s164_w4_1120_1135_r5  n=  1  avg=-50.0%  med=-50.0%  realized=$-4.00
  b164|lab0164_s216_w1_0928_1005_r1  n=  1  avg=-51.7%  med=-51.7%  realized=$-31.00
  b165|lab0165_s216_w1_0928_1005_r2  n=  1  avg=-51.7%  med=-51.7%  realized=$-31.00
  b166|lab0166_s216_w2_1005_1045_r1  n=  2  avg=-69.6%  med=-63.4%  realized=$-73.00
  b167|lab0167_s216_w2_1005_1045_r2  n=  4  avg=-82.1%  med=-80.5%  realized=$-153.00
  b169|lab0169_s216_w3_1045_1120_r2  n=  2  avg=-54.3%  med=-52.3%  realized=$-50.00
  b16|lab0016_s202_w1_0928_1005_r1  n=  1  avg=-63.9%  med=-63.9%  realized=$-39.00
  b178|lab0178_s217_w1_0928_1005_r1  n=  1  avg=+66.0%  med=+66.0%  realized=$+31.00
  b179|lab0179_s217_w1_0928_1005_r2  n=  1  avg=+51.1%  med=+51.1%  realized=$+24.00
  b17|lab0017_s202_w1_0928_1005_r2  n=  1  avg=-65.6%  med=-65.6%  realized=$-40.00
  b180|lab0180_s217_w2_1005_1045_r1  n=  7  avg=+209.4%  med=+135.3%  realized=$+392.00
  b181|lab0181_s217_w2_1005_1045_r2  n=  7  avg=+219.5%  med=+73.3%  realized=$+374.00
  b182|lab0182_s217_w3_1045_1120_r1  n=  2  avg=-43.8%  med=-43.8%  realized=$-28.00
  b183|lab0183_s217_w3_1045_1120_r2  n=  3  avg=-64.2%  med=-68.8%  realized=$-66.00
  b185|lab0185_s217_w4_1120_1135_r2  n=  1  avg=-55.6%  med=-55.6%  realized=$-25.00
  b18|lab0018_s202_w2_1005_1045_r1  n=  1  avg=-74.4%  med=-74.4%  realized=$-29.00
  b192|lab0192_s218_w1_0928_1005_r1  n=  2  avg=+50.0%  med=+50.0%  realized=$+66.00
  b193|lab0193_s218_w1_0928_1005_r2  n=  3  avg=+40.9%  med=+36.4%  realized=$+78.00
  b194|lab0194_s218_w2_1005_1045_r1  n=  9  avg=+13.9%  med=+22.2%  realized=$-41.00
  b195|lab0195_s218_w2_1005_1045_r2  n=  9  avg=+33.6%  med=+58.8%  realized=$+67.00
  b196|lab0196_s218_w3_1045_1120_r1  n=  3  avg=+453.8%  med=+403.1%  realized=$+310.00
  b197|lab0197_s218_w3_1045_1120_r2  n=  3  avg=+368.0%  med=+318.8%  realized=$+253.00
  b198|lab0198_s218_w4_1120_1135_r1  n=  1  avg=+71.9%  med=+71.9%  realized=$+41.00
  b199|lab0199_s218_w4_1120_1135_r2  n=  1  avg=+75.4%  med=+75.4%  realized=$+43.00
  b19|lab0019_s202_w2_1005_1045_r2  n=  1  avg=-56.4%  med=-56.4%  realized=$-22.00
  b20|c020_s164_w1_0928_1005_r1  n=  1  avg=-88.9%  med=-88.9%  realized=$-8.00
  b222|lab0222_s400_w2_1005_1045_r1  n=  1  avg=-50.0%  med=-50.0%  realized=$-4.00
  b223|lab0223_s400_w2_1005_1045_r2  n=  1  avg=-50.0%  med=-50.0%  realized=$-4.00
  b224|lab0224_s400_w3_1045_1120_r1  n=  1  avg=-66.7%  med=-66.7%  realized=$-10.00
  b225|lab0225_s400_w3_1045_1120_r2  n=  1  avg=-66.7%  med=-66.7%  realized=$-10.00
  b227|lab0227_s400_w4_1120_1135_r2  n=  1  avg=-22.2%  med=-22.2%  realized=$-2.00
  b234|lab0234_s401_w1_0928_1005_r1  n=  4  avg=-6.9%  med=+8.3%  realized=$-12.00
  b235|lab0235_s401_w1_0928_1005_r2  n=  6  avg=+69.3%  med=+80.6%  realized=$+229.00
  b236|c236_s218_w3_1045_1120_r1  n=  1  avg=-33.3%  med=-33.3%  realized=$-1.00
  b236|lab0236_s401_w2_1005_1045_r1  n=  2  avg=-96.2%  med=-96.2%  realized=$-102.00
  b237|c237_s218_w3_1045_1120_r2  n=  1  avg=-66.7%  med=-66.7%  realized=$-2.00
  b237|lab0237_s401_w2_1005_1045_r2  n=  2  avg=-96.2%  med=-96.2%  realized=$-102.00
  b238|lab0238_s401_w3_1045_1120_r1  n=  5  avg=+295.6%  med=+273.1%  realized=$+424.00
  b239|lab0239_s401_w3_1045_1120_r2  n=  4  avg=+27.0%  med=+38.5%  realized=$+13.00
  b240|lab0240_s401_w4_1120_1135_r1  n=  5  avg=+20.2%  med=+21.1%  realized=$+29.00
  b241|lab0241_s401_w4_1120_1135_r2  n=  4  avg=+26.1%  med=+31.6%  realized=$+31.00
  b24|lab0024_s203_w1_0928_1005_r1  n=  2  avg=-75.6%  med=-74.4%  realized=$-65.00
  b262|lab0262_s403_w1_0928_1005_r1  n=  1  avg=+65.4%  med=+65.4%  realized=$+34.00
  b263|lab0263_s403_w1_0928_1005_r2  n=  1  avg=+50.0%  med=+50.0%  realized=$+26.00
  b264|lab0264_s403_w2_1005_1045_r1  n=  1  avg=-66.1%  med=-66.1%  realized=$-39.00
  b265|lab0265_s403_w2_1005_1045_r2  n=  1  avg=-52.5%  med=-52.5%  realized=$-31.00
  b266|lab0266_s403_w3_1045_1120_r1  n=  1  avg=-85.9%  med=-85.9%  realized=$-61.00
  b267|lab0267_s403_w3_1045_1120_r2  n=  1  avg=-77.5%  med=-77.5%  realized=$-55.00
  b268|lab0268_s403_w4_1120_1135_r1  n=  2  avg=+320.0%  med=+320.0%  realized=$+160.00
  b269|lab0269_s403_w4_1120_1135_r2  n=  4  avg=+158.4%  med=+316.0%  realized=$+182.00
  b26|lab0026_s203_w2_1005_1045_r1  n=  3  avg=-54.5%  med=-54.0%  realized=$-78.00
  b276|lab0276_s350_w1_0928_1005_r1  n=  6  avg=+84.1%  med=+102.9%  realized=$+218.00
  b277|lab0277_s350_w1_0928_1005_r2  n=  4  avg=+154.0%  med=+260.0%  realized=$+258.00
  b278|lab0278_s350_w2_1005_1045_r1  n=  8  avg=+23.2%  med=+15.0%  realized=$+27.00
  b279|lab0279_s350_w2_1005_1045_r2  n=  8  avg=+66.8%  med=+94.1%  realized=$+137.00
  b27|lab0027_s203_w2_1005_1045_r2  n=  8  avg=-66.2%  med=-56.2%  realized=$-253.00
  b280|lab0280_s351_w1_0928_1005_r1  n=  5  avg=+104.3%  med=+171.9%  realized=$+164.00
  b281|lab0281_s351_w1_0928_1005_r2  n=  4  avg=+209.5%  med=+346.9%  realized=$+310.00
  b282|lab0282_s351_w2_1005_1045_r1  n=  6  avg=-51.8%  med=-62.5%  realized=$-127.00
  b283|lab0283_s351_w2_1005_1045_r2  n=  7  avg=-42.2%  med=-52.9%  realized=$-114.00
  b285|lab0285_s351_w3_1045_1120_r2  n=  1  avg=-33.3%  med=-33.3%  realized=$-1.00
  b286|lab0286_s351_w4_1120_1135_r1  n=  2  avg=-94.9%  med=-94.9%  realized=$-74.00
  b287|lab0287_s351_w4_1120_1135_r2  n=  5  avg=-50.4%  med=-40.0%  realized=$-79.00
  b288|lab0288_s352_w1_0928_1005_r1  n=  2  avg=+76.2%  med=+100.0%  realized=$+54.00
  b289|lab0289_s352_w1_0928_1005_r2  n=  2  avg=+70.7%  med=+93.8%  realized=$+50.00
  b28|c028_s165_w1_0928_1005_r2  n= 17  avg=+49.5%  med=+80.0%  realized=$+448.00
  b28|c028_s173_w1_0928_1005_r2  n=  5  avg=+51.6%  med=+80.0%  realized=$+142.00
  b28|lab0028_s203_w3_1045_1120_r1  n=  2  avg=-50.9%  med=-49.0%  realized=$-54.00
  b290|lab0290_s352_w2_1005_1045_r1  n=  2  avg=+73.6%  med=+108.3%  realized=$+40.00
  b291|lab0291_s352_w2_1005_1045_r2  n=  4  avg=+101.6%  med=+194.4%  realized=$+104.00
  b293|lab0293_s352_w3_1045_1120_r2  n=  1  avg=+90.0%  med=+90.0%  realized=$+18.00
  b296|lab0296_s353_w1_0928_1005_r1  n=  2  avg=+123.7%  med=+123.7%  realized=$+94.00
  b297|lab0297_s353_w1_0928_1005_r2  n=  2  avg=+79.0%  med=+79.0%  realized=$+60.00
  b298|lab0298_s353_w2_1005_1045_r1  n=  6  avg=-56.2%  med=-50.8%  realized=$-174.00
  b299|lab0299_s353_w2_1005_1045_r2  n=  3  avg=-75.9%  med=-76.3%  realized=$-86.00
  b29|c029_s165_w2_1005_1045_r2  n=  9  avg=-23.3%  med=-50.0%  realized=$-221.00
  b29|c029_s173_w2_1005_1045_r2  n=  2  avg=-69.3%  med=-48.5%  realized=$-78.00
  b29|lab0029_s203_w3_1045_1120_r2  n=  2  avg=-50.9%  med=-49.0%  realized=$-54.00
  b304|lab0304_s354_w1_0928_1005_r1  n=  1  avg=+93.6%  med=+93.6%  realized=$+44.00
  b305|lab0305_s354_w1_0928_1005_r2  n=  1  avg=+100.0%  med=+100.0%  realized=$+47.00
  b306|lab0306_s354_w2_1005_1045_r1  n=  3  avg=+68.4%  med=+133.3%  realized=$+91.00
  b307|lab0307_s354_w2_1005_1045_r2  n=  4  avg=+36.4%  med=+137.8%  realized=$+64.00
  b308|lab0308_s354_w3_1045_1120_r1  n=  3  avg=+102.3%  med=+136.9%  realized=$+162.00
  b309|lab0309_s354_w3_1045_1120_r2  n=  3  avg=+75.3%  med=+103.1%  realized=$+117.00
  b30|c030_s165_w3_1045_1120_r2  n=  9  avg=+38.8%  med=+0.0%  realized=$+260.00
  b30|c030_s173_w3_1045_1120_r2  n=  2  avg=-9.5%  med=+0.0%  realized=$-14.00
  b30|lab0030_s203_w4_1120_1135_r1  n=  3  avg=-61.1%  med=-66.1%  realized=$-99.00
  b310|lab0310_s354_w4_1120_1135_r1  n=  3  avg=+56.5%  med=+116.7%  realized=$+122.00
  b311|lab0311_s354_w4_1120_1135_r2  n=  2  avg=+209.1%  med=+290.5%  realized=$+214.00
  b312|lab0312_s355_w1_0928_1005_r1  n=  2  avg=+19.0%  med=+91.5%  realized=$+20.00
  b313|lab0313_s355_w1_0928_1005_r2  n=  2  avg=+18.1%  med=+85.1%  realized=$+19.00
  b314|lab0314_s355_w2_1005_1045_r1  n=  5  avg=+15.0%  med=-63.4%  realized=$+35.00
  b315|lab0315_s355_w2_1005_1045_r2  n=  5  avg=+8.2%  med=-37.1%  realized=$+26.00
  b316|lab0316_s355_w3_1045_1120_r1  n=  1  avg=+193.8%  med=+193.8%  realized=$+93.00
  b317|lab0317_s355_w3_1045_1120_r2  n=  1  avg=+187.5%  med=+187.5%  realized=$+90.00
  b318|lab0318_s355_w4_1120_1135_r1  n=  1  avg=+292.9%  med=+292.9%  realized=$+123.00
  b319|lab0319_s355_w4_1120_1135_r2  n=  1  avg=+328.6%  med=+328.6%  realized=$+138.00
  b31|c031_s165_w4_1120_1135_r2  n=  2  avg=+145.5%  med=+175.8%  realized=$+192.00
  b31|lab0031_s203_w4_1120_1135_r2  n=  3  avg=-57.3%  med=-62.7%  realized=$-93.00
  b320|lab0320_s356_w1_0928_1005_r1  n=  2  avg=+37.9%  med=+37.9%  realized=$+44.00
  b321|lab0321_s356_w1_0928_1005_r2  n=  2  avg=+58.6%  med=+58.6%  realized=$+68.00
  b328|lab0328_s357_w1_0928_1005_r1  n=  2  avg=+47.1%  med=+47.1%  realized=$+64.00
  b329|lab0329_s357_w1_0928_1005_r2  n=  2  avg=+47.1%  med=+47.1%  realized=$+64.00
  b332|lab0332_s357_w3_1045_1120_r1  n=  1  avg=+59.7%  med=+59.7%  realized=$+37.00
  b333|lab0333_s357_w3_1045_1120_r2  n=  2  avg=+65.0%  med=+71.9%  realized=$+77.00
  b344|lab0344_s359_w1_0928_1005_r1  n=  2  avg=+37.2%  med=+142.9%  realized=$-19.00
  b345|lab0345_s359_w1_0928_1005_r2  n=  2  avg=+82.7%  med=+228.6%  realized=$-4.00
  b346|lab0346_s359_w2_1005_1045_r1  n=  7  avg=-38.7%  med=-46.7%  realized=$-98.00
  b347|lab0347_s359_w2_1005_1045_r2  n=  7  avg=-40.7%  med=-46.7%  realized=$-100.00
  b348|lab0348_s360_w1_0928_1005_r1  n=  1  avg=-82.2%  med=-82.2%  realized=$-37.00
  b349|lab0349_s360_w1_0928_1005_r2  n=  1  avg=-77.8%  med=-77.8%  realized=$-35.00
  b350|lab0350_s360_w2_1005_1045_r1  n=  7  avg=-37.4%  med=-46.7%  realized=$-93.00
  b351|lab0351_s360_w2_1005_1045_r2  n=  7  avg=-45.7%  med=-56.4%  realized=$-120.00
  b352|lab0352_s360_w3_1045_1120_r1  n=  1  avg=-50.0%  med=-50.0%  realized=$-6.00
  b353|lab0353_s360_w3_1045_1120_r2  n=  1  avg=-50.0%  med=-50.0%  realized=$-6.00
  b354|lab0354_s360_w4_1120_1135_r1  n=  2  avg=-33.3%  med=-33.3%  realized=$-12.00
  b355|lab0355_s360_w4_1120_1135_r2  n=  3  avg=-34.9%  med=-54.8%  realized=$-32.00
  b364|lab0364_s361_w2_1005_1045_r1  n=  6  avg=+9.5%  med=+81.8%  realized=$+15.00
  b365|lab0365_s361_w2_1005_1045_r2  n=  9  avg=+108.9%  med=+82.8%  realized=$+204.00
  b367|lab0367_s361_w3_1045_1120_r2  n=  3  avg=+16.0%  med=-8.3%  realized=$+3.00
  b376|lab0376_s362_w1_0928_1005_r1  n=  3  avg=+43.9%  med=+8.7%  realized=$+52.00
  b377|lab0377_s362_w1_0928_1005_r2  n=  3  avg=+49.6%  med=+13.0%  realized=$+61.00
  b378|lab0378_s362_w2_1005_1045_r1  n=  3  avg=+52.7%  med=+52.6%  realized=$+59.00
  b379|lab0379_s362_w2_1005_1045_r2  n=  7  avg=+41.8%  med=+38.2%  realized=$+123.00
  b380|lab0380_s362_w3_1045_1120_r1  n=  4  avg=+63.0%  med=+103.3%  realized=$+164.00
  b381|lab0381_s362_w3_1045_1120_r2  n=  4  avg=+67.4%  med=+108.3%  realized=$+174.00
  b382|lab0382_s362_w4_1120_1135_r1  n=  1  avg=+1125.8%  med=+1125.8%  realized=$+349.00
  b383|lab0383_s362_w4_1120_1135_r2  n=  1  avg=+1222.6%  med=+1222.6%  realized=$+379.00
  b390|lab0390_s363_w1_0928_1005_r1  n=  1  avg=+106.5%  med=+106.5%  realized=$+33.00
  b391|lab0391_s363_w1_0928_1005_r2  n=  1  avg=+103.2%  med=+103.2%  realized=$+32.00
  b392|lab0392_s363_w2_1005_1045_r1  n=  3  avg=+27.8%  med=+9.5%  realized=$+26.00
  b393|lab0393_s363_w2_1005_1045_r2  n=  3  avg=+25.0%  med=+7.1%  realized=$+23.00
  b397|lab0397_s363_w4_1120_1135_r2  n=  2  avg=+52.9%  med=+52.9%  realized=$+36.00
  b405|lab0405_s364_w1_0928_1005_r2  n=  1  avg=+50.0%  med=+50.0%  realized=$+25.00
  b406|lab0406_s364_w2_1005_1045_r1  n=  3  avg=+71.9%  med=+77.8%  realized=$+100.00
  b407|lab0407_s364_w2_1005_1045_r2  n=  4  avg=+36.3%  med=+69.6%  realized=$+62.00
  b408|lab0408_s364_w3_1045_1120_r1  n=  2  avg=+66.7%  med=+66.7%  realized=$+44.00
  b409|lab0409_s364_w3_1045_1120_r2  n=  3  avg=+61.6%  med=+63.6%  realized=$+61.00
  b410|lab0410_s364_w4_1120_1135_r1  n=  2  avg=+233.3%  med=+233.3%  realized=$+168.00
  b411|lab0411_s364_w4_1120_1135_r2  n=  2  avg=+188.9%  med=+188.9%  realized=$+136.00
  b48|c048_s164_w1_0928_1005_r2  n=  5  avg=-33.1%  med=-49.1%  realized=$-91.00
  b48|c048_s165_w1_0928_1005_r3  n= 16  avg=-35.9%  med=-49.1%  realized=$-344.00
  b49|c049_s164_w2_1005_1045_r2  n=  4  avg=-51.8%  med=-44.0%  realized=$-133.00
  b49|c049_s165_w2_1005_1045_r3  n= 15  avg=-49.3%  med=-49.1%  realized=$-458.00
  b50|c050_s164_w3_1045_1120_r2  n=  4  avg=-39.6%  med=-16.7%  realized=$-115.00
  b50|c050_s165_w3_1045_1120_r3  n=  9  avg=-23.6%  med=-23.1%  realized=$-142.00
  b51|c051_s165_w4_1120_1135_r3  n=  1  avg=+263.6%  med=+263.6%  realized=$+174.00
  b56|g056_lim_tp20_sl65  n=  1  avg=+47.7%  med=+47.7%  realized=$+20.52
  b57|g057_mid_tp20_sl65  n=  1  avg=+47.7%  med=+47.7%  realized=$+20.52
  b58|g058_eod_tp20_sl65  n=  1  avg=+59.1%  med=+59.1%  realized=$+25.41
  b58|lab0058_s207_w2_1005_1045_r1  n=  5  avg=-19.4%  med=-32.0%  realized=$-66.00
  b59|lab0059_s207_w2_1005_1045_r2  n=  5  avg=-48.7%  med=-49.1%  realized=$-153.00
  b60|lab0060_s207_w3_1045_1120_r1  n=  5  avg=-40.3%  med=-45.5%  realized=$-118.00
  b61|lab0061_s207_w3_1045_1120_r2  n=  6  avg=-41.7%  med=-51.5%  realized=$-135.00
  b62|lab0062_s207_w4_1120_1135_r1  n=  5  avg=-51.2%  med=-59.7%  realized=$-158.00
  b63|lab0063_s207_w4_1120_1135_r2  n=  4  avg=-32.9%  med=-45.8%  realized=$-83.00
  b68|c068_s165_w1_0928_1005_r4  n= 16  avg=-51.3%  med=-49.1%  realized=$-446.00
  b68|c068_s166_w1_0928_1005_r3  n=  4  avg=-52.7%  med=-49.1%  realized=$-116.00
  b69|c069_s165_w2_1005_1045_r4  n= 11  avg=+19.0%  med=-43.6%  realized=$-179.00
  b69|c069_s166_w2_1005_1045_r3  n=  4  avg=+10.1%  med=-40.0%  realized=$-87.00
  b70|c070_s165_w3_1045_1120_r4  n= 11  avg=-2.1%  med=-16.9%  realized=$-6.00
  b70|c070_s166_w3_1045_1120_r3  n=  4  avg=-42.5%  med=-27.0%  realized=$-124.00
  b70|g070_eod_tp30_sl20  n=  1  avg=+59.1%  med=+59.1%  realized=$+27.77
  b76|c076_s164_w1_0928_1005_r3  n=  1  avg=-50.0%  med=-50.0%  realized=$-2.00
  b776|lab0776_s397_w1_0928_1005_r1  n=  1  avg=+40.4%  med=+40.4%  realized=$+23.00
  b777|lab0777_s397_w1_0928_1005_r2  n=  1  avg=+38.6%  med=+38.6%  realized=$+22.00
  b778|lab0778_s397_w2_1005_1045_r1  n=  2  avg=+62.2%  med=+73.0%  realized=$+83.00
  b779|lab0779_s397_w2_1005_1045_r2  n=  2  avg=+52.8%  med=+61.9%  realized=$+70.00
  b780|lab0780_s397_w3_1045_1120_r1  n=  1  avg=+114.8%  med=+114.8%  realized=$+70.00
  b781|lab0781_s397_w3_1045_1120_r2  n=  1  avg=+116.4%  med=+116.4%  realized=$+71.00
  b783|lab0783_s397_w4_1120_1135_r2  n=  1  avg=+151.6%  med=+151.6%  realized=$+94.00
  b784|lab0784_s398_w1_0928_1005_r1  n=  1  avg=+49.0%  med=+49.0%  realized=$+24.00
  b785|lab0785_s398_w1_0928_1005_r2  n=  1  avg=+49.0%  med=+49.0%  realized=$+24.00
  b786|lab0786_s398_w2_1005_1045_r1  n=  6  avg=-2.7%  med=+3.3%  realized=$+3.00
  b787|lab0787_s398_w2_1005_1045_r2  n=  2  avg=+69.9%  med=+78.6%  realized=$+82.00
  b788|lab0788_s398_w3_1045_1120_r1  n=  4  avg=+44.6%  med=+77.1%  realized=$+87.00
  b789|lab0789_s398_w3_1045_1120_r2  n=  3  avg=+55.2%  med=+65.7%  realized=$+95.00
  b790|lab0790_s398_w4_1120_1135_r1  n=  2  avg=+226.1%  med=+311.9%  realized=$+232.00
  b791|lab0791_s398_w4_1120_1135_r2  n=  3  avg=+150.8%  med=+155.6%  realized=$+242.00
  b792|lab0792_s399_w1_0928_1005_r1  n=  2  avg=+145.0%  med=+150.0%  realized=$+71.00
  b793|lab0793_s399_w1_0928_1005_r2  n=  8  avg=+37.9%  med=+100.0%  realized=$+85.00
  b794|lab0794_s399_w2_1005_1045_r1  n=  5  avg=-5.3%  med=-17.2%  realized=$-30.00
  b795|lab0795_s399_w2_1005_1045_r2  n=  4  avg=+14.9%  med=+65.5%  realized=$+15.00
  b797|lab0797_s399_w3_1045_1120_r2  n=  5  avg=-64.6%  med=-66.7%  realized=$-121.00
  b798|lab0798_s399_w4_1120_1135_r1  n=  2  avg=+134.0%  med=+134.0%  realized=$+134.00
  b799|lab0799_s399_w4_1120_1135_r2  n=  2  avg=+149.2%  med=+186.5%  realized=$+125.00
  b800|lab0800_s404_w1_0928_1005_r1  n=  1  avg=+38.6%  med=+38.6%  realized=$+22.00
  b801|lab0801_s404_w1_0928_1005_r2  n=  1  avg=+31.6%  med=+31.6%  realized=$+18.00
  b802|lab0802_s404_w2_1005_1045_r1  n=  2  avg=+53.0%  med=+60.9%  realized=$+71.00
  b803|lab0803_s404_w2_1005_1045_r2  n=  2  avg=+48.5%  med=+50.8%  realized=$+64.00
  b804|lab0804_s404_w3_1045_1120_r1  n=  1  avg=+106.6%  med=+106.6%  realized=$+65.00
  b805|lab0805_s404_w3_1045_1120_r2  n=  1  avg=+86.9%  med=+86.9%  realized=$+53.00
  b806|lab0806_s404_w4_1120_1135_r1  n=  1  avg=+145.2%  med=+145.2%  realized=$+90.00
  b807|lab0807_s404_w4_1120_1135_r2  n=  1  avg=+124.2%  med=+124.2%  realized=$+77.00
  b80|lab0080_s210_w1_0928_1005_r1  n=  3  avg=+12.2%  med=-8.5%  realized=$+7.00
  b814|lab0814_s405_w1_0928_1005_r1  n=  1  avg=+53.1%  med=+53.1%  realized=$+26.00
  b815|lab0815_s405_w1_0928_1005_r2  n=  1  avg=+46.9%  med=+46.9%  realized=$+23.00
  b816|lab0816_s405_w2_1005_1045_r1  n=  2  avg=+61.4%  med=+69.6%  realized=$+72.00
  b817|lab0817_s405_w2_1005_1045_r2  n=  8  avg=-19.9%  med=-40.0%  realized=$-71.00
  b818|lab0818_s405_w3_1045_1120_r1  n=  3  avg=+46.7%  med=+55.7%  realized=$+81.00
  b819|lab0819_s405_w3_1045_1120_r2  n=  4  avg=+21.7%  med=+42.9%  realized=$+37.00
  b81|lab0081_s210_w1_0928_1005_r2  n=  3  avg=+14.8%  med=-6.4%  realized=$+10.00
  b820|lab0820_s405_w4_1120_1135_r1  n=  3  avg=+105.6%  med=+106.9%  realized=$+171.00
  b821|lab0821_s405_w4_1120_1135_r2  n=  5  avg=+46.2%  med=+3.5%  realized=$+92.00
  b828|lab0828_s406_w1_0928_1005_r1  n=  2  avg=+11.3%  med=+72.5%  realized=$+22.00
  b829|lab0829_s406_w1_0928_1005_r2  n=  2  avg=+9.3%  med=+68.6%  realized=$+20.00
  b82|lab0082_s210_w2_1005_1045_r1  n=  3  avg=-63.6%  med=-71.0%  realized=$-75.00
  b830|lab0830_s406_w2_1005_1045_r1  n=  6  avg=+54.8%  med=+72.4%  realized=$+64.00
  b831|lab0831_s406_w2_1005_1045_r2  n=  7  avg=+48.0%  med=+82.8%  realized=$+41.00
  b832|lab0832_s406_w3_1045_1120_r1  n=  5  avg=+205.4%  med=+55.3%  realized=$+451.00
  b833|lab0833_s406_w3_1045_1120_r2  n=  7  avg=+254.2%  med=+73.1%  realized=$+469.00
  b834|lab0834_s406_w4_1120_1135_r1  n=  2  avg=+53.8%  med=+63.6%  realized=$+25.00
  b835|lab0835_s406_w4_1120_1135_r2  n=  2  avg=-53.0%  med=-50.0%  realized=$-25.00
  b83|lab0083_s210_w2_1005_1045_r2  n=  4  avg=+28.5%  med=+50.0%  realized=$+34.00
  b842|lab0842_s407_w1_0928_1005_r1  n=  1  avg=+140.0%  med=+140.0%  realized=$+28.00
  b843|lab0843_s407_w1_0928_1005_r2  n=  1  avg=+125.0%  med=+125.0%  realized=$+25.00
  b844|lab0844_s407_w2_1005_1045_r1  n=  6  avg=+126.7%  med=+44.9%  realized=$+102.00
  b845|lab0845_s407_w2_1005_1045_r2  n=  5  avg=+138.4%  med=+38.8%  realized=$+111.00
  b848|lab0848_s407_w4_1120_1135_r1  n=  2  avg=-95.9%  med=-95.9%  realized=$-94.00
  b849|lab0849_s407_w4_1120_1135_r2  n=  5  avg=+104.6%  med=+229.2%  realized=$+115.00
  b84|lab0084_s210_w3_1045_1120_r1  n=  3  avg=+35.7%  med=+16.7%  realized=$+28.00
  b857|lab0857_s408_w1_0928_1005_r2  n=  1  avg=+52.6%  med=+52.6%  realized=$+10.00
  b858|lab0858_s408_w2_1005_1045_r1  n=  1  avg=+41.9%  med=+41.9%  realized=$+13.00
  b859|lab0859_s408_w2_1005_1045_r2  n=  2  avg=+1.1%  med=+45.2%  realized=$+8.00
  b85|lab0085_s210_w3_1045_1120_r2  n=  4  avg=+13.7%  med=+13.9%  realized=$+7.00
  b860|lab0860_s408_w3_1045_1120_r1  n=  4  avg=+631.1%  med=+1188.9%  realized=$+411.00
  b861|lab0861_s408_w3_1045_1120_r2  n=  7  avg=+246.8%  med=+100.0%  realized=$+278.00
  b862|lab0862_s408_w4_1120_1135_r1  n=  1  avg=-50.0%  med=-50.0%  realized=$-8.00
  b863|lab0863_s408_w4_1120_1135_r2  n=  5  avg=-12.5%  med=-6.2%  realized=$-10.00
  b86|lab0086_s210_w4_1120_1135_r1  n=  3  avg=+26.1%  med=+16.7%  realized=$+25.00
  b87|lab0087_s210_w4_1120_1135_r2  n=  3  avg=+29.1%  med=+19.4%  realized=$+28.00
  b88|c088_s165_w1_0928_1005_r5  n= 21  avg=-5.0%  med=-2.7%  realized=$-63.00
  b88|c088_s167_w1_0928_1005_r4  n=  4  avg=-12.7%  med=+30.9%  realized=$-28.00
  b898|lab0898_s411_w1_0928_1005_r1  n=  1  avg=-51.4%  med=-51.4%  realized=$-37.00
  b899|lab0899_s411_w1_0928_1005_r2  n=  1  avg=-48.6%  med=-48.6%  realized=$-35.00
  b89|c089_s165_w2_1005_1045_r5  n=  7  avg=+113.1%  med=+30.9%  realized=$+67.00
  b89|c089_s167_w2_1005_1045_r4  n=  2  avg=-16.2%  med=+30.9%  realized=$-22.00
  b8|c008_s165_w1_0928_1005_r1  n= 23  avg=-19.6%  med=-35.3%  realized=$-250.00
  b900|lab0900_s411_w2_1005_1045_r1  n=  2  avg=+37.4%  med=+45.0%  realized=$+47.00
  b901|lab0901_s411_w2_1005_1045_r2  n=  3  avg=+32.8%  med=+36.1%  realized=$+61.00
  b902|lab0902_s411_w3_1045_1120_r1  n=  4  avg=+22.8%  med=+13.4%  realized=$+49.00
  b903|lab0903_s411_w3_1045_1120_r2  n=  4  avg=+19.6%  med=+10.4%  realized=$+41.00
  b905|lab0905_s411_w4_1120_1135_r2  n=  1  avg=+13.1%  med=+13.1%  realized=$+8.00
  b90|c090_s165_w3_1045_1120_r5  n= 13  avg=+7.7%  med=+0.0%  realized=$+47.00
  b90|c090_s167_w3_1045_1120_r4  n=  4  avg=-41.6%  med=-18.9%  realized=$-123.00
  b914|lab0914_s412_w2_1005_1045_r1  n=  4  avg=+75.2%  med=+68.2%  realized=$+124.00
  b915|lab0915_s412_w2_1005_1045_r2  n=  3  avg=+54.2%  med=+43.2%  realized=$+64.00
  b916|lab0916_s412_w3_1045_1120_r1  n=  7  avg=+26.3%  med=-10.7%  realized=$+24.00
  b917|lab0917_s412_w3_1045_1120_r2  n=  1  avg=-51.8%  med=-51.8%  realized=$-29.00
  b919|lab0919_s412_w4_1120_1135_r2  n=  1  avg=+37.5%  med=+37.5%  realized=$+12.00
  b91|c091_s165_w4_1120_1135_r5  n=  2  avg=+222.0%  med=+247.0%  realized=$+293.00
  b94|lab0094_s211_w1_0928_1005_r1  n=  3  avg=-21.0%  med=-5.7%  realized=$-39.00
  b95|lab0095_s211_w1_0928_1005_r2  n=  3  avg=-30.5%  med=-17.1%  realized=$-51.00
  b96|lab0096_s211_w2_1005_1045_r1  n=  2  avg=-34.8%  med=-31.6%  realized=$-28.00
  b97|lab0097_s211_w2_1005_1045_r2  n=  3  avg=-23.6%  med=-16.7%  realized=$-40.00
  b98|lab0098_s211_w3_1045_1120_r1  n=  3  avg=-45.9%  med=-44.4%  realized=$-51.00
  b99|lab0099_s211_w3_1045_1120_r2  n=  4  avg=+102.6%  med=+125.0%  realized=$+160.00
  b9|c009_s165_w2_1005_1045_r1  n=  7  avg=-74.4%  med=-66.2%  realized=$-301.00
========================================================
+========================================================================+
|  OPTIONS BOT SUMMARY                                                   |
+------------------------------------------------------------------------+
|  Mode                          after_hours                             |
|  Equity                        $143,221.40                             |
|  Signals this run              0                                       |
|  Orders submitted (session)    0                                       |
|  Orders filled today (ledger)  0                                       |
|  Entries placed this run       0                                       |
|  Open virtual lots             156                                     |
|  Broker option positions       26                                      |
|  Unattributed contracts        3 (orphan reconcile)                    |
|  Pending orders                0                                       |
+========================================================================+
+========================================================================+
|  BUCKET LEADERBOARD (reflected ex-S173,S174)                           |
+------------------------------------------------------------------------+
|  Reflected trades=1034  buckets=250  win=45%                           |
|  Returns   avg=+26.3%  med=-15.6%  p10=-73.8%  p90=+140.0%             |
|  Realized  $+11,975.32                                                 |
|  Raw incl dropped  trades=1568  real=$+10,379.77                       |
+------------------------------------------------------------------------+
|  BKT PROFILE               N  WIN  AVG%   MED%   BEST%  REAL$          |
+------------------------------------------------------------------------+
|  b383 lab0383_s362_w4_11  1 100% +1222.6 +1222.6 +1222.6 $   +379      |
|  b382 lab0382_s362_w4_11  1 100% +1125.8 +1125.8 +1125.8 $   +349      |
|  b860 lab0860_s408_w3_10  4  50% +631.1 +566.7 +1446.7 $   +411        |
|  b196 lab0196_s218_w3_10  3 100% +453.8 +403.1 +906.2 $   +310         |
|  b319 lab0319_s355_w4_11  1 100% +328.6 +328.6 +328.6 $   +138         |
|  b268 lab0268_s403_w4_11  2 100% +320.0 +320.0 +320.0 $   +160         |
|  b197 lab0197_s218_w3_10  3 100% +368.0 +318.8 +737.5 $   +253         |
|  b318 lab0318_s355_w4_11  1 100% +292.9 +292.9 +292.9 $   +123         |
|  ... 242 more bucket(s) with exits                                     |
+------------------------------------------------------------------------+
|  Low  b108 lab0108_s212_w1_09  4   0% -82.2 -98.4 -98.6 $   -199       |
+========================================================================+
+========================================================================+
|  PENDING EXITS (9)                                                     |
+------------------------------------------------------------------------+
|  b0   ORPHAN PLTR260807C00172500 x3 stop_loss (-54.4%)                 |
|  b802 S404 AMZN260807C00295000 x1 stop_loss (-90.1%)                   |
|  b0   ORPHAN AMZN260807C00302500 x1 stop_loss (-92.7%)                 |
|  b196 S218 RBLX260807C00040000 x1 stop_loss (-84.8%)                   |
|  b300 S353 AMZN260807C00292500 x1 stop_loss (-90.7%)                   |
|  ... 4 more pending exit(s)                                            |
+========================================================================+
+========================================================================+
|  OPEN OPTIONS (26)                                                     |
+------------------------------------------------------------------------+
|  SYMBOL                      QTY    RET%        OPEN P&L               |
|------------------------------------------------------------------------|
|  AMZN260807C00295000          35    -90.1%   $ -1,271.67               |
|  AMZN260807C00292500          20    -90.7%   $   -977.00               |
|  AMZN260807C00297500           9    -94.1%   $   -287.31               |
|  UBER260807C00078000           5    -98.0%   $   -247.67               |
|  DKNG260807C00024500           7    -59.4%   $   -163.80               |
|  NKE260807C00042000           10    +13.9%   $    +89.00               |
|  RBLX260807C00040000           3    -84.8%   $    -84.00               |
|  TTD260807P00017000            4    -34.5%   $    -76.00               |
|  ... 18 more position(s)                                               |
+========================================================================+
Full detail: logs/options_trial/runs/2026-08-06.log
elapsed=1.1s reconcile=0.57s

=== 09:20:49 ET — after hours (exit summary) [elapsed=0.6s reconcile=0.14s] ===
=== options_morning_bot (PAPER) 2026-08-06T09:20:49.719533-04:00 ===

[Run context]
After hours (09:20 ET) — exit summary only.
Paper auth OK — equity $143277.28, account PA36KS87UPRS
  reconcile: layout changed controlled:100:c000_s173_w1_0928_1005_r1 -> controlled:1024:lab0000_s200_w1_0928_1005_r1

[Exit summary]
========================================================
OPTIONS EXIT SUMMARY — 2026-08-06
========================================================
Account equity: $143,277.28
Open broker positions: 26  unrealized $-3,220.68

No closed trades today.
========================================================

[Portfolio snapshot]
========================================================
OPTIONS TRIAL STATS
========================================================
Account equity: $143,277.28
Active buckets: 1024 of 1024 profiles ($500 virtual each) — paper unlimited mode

P&L summary
  Reflected (ex-S173,S174): $+11,975.32 all-time  |  $+0.00 today
  Raw (incl dropped):     $+10,379.77 all-time  |  $+0.00 today
  Open (not sold yet): $-3,120.86 unrealized (virtual lots)
                       $-3,220.68 unrealized (broker total)
  Premium deployed:    $8,121.20 in open positions
  Combined P&L:        $+8,854.46 (reflected realized + open virtual)

Ledger (master)
  Total events:     8682
  Today entries:    0
  Today exits (reflected): 0
  All-time exits (reflected): 1034  wins 45%
  Avg return/trade: +26.3%  median -15.2%

Open virtual lots (by bucket)
  b0 lab0000_s200_w1_0928_1005_r1  prem=$  1042  real=$ +0.00  open=$ +0.00  lots=15  [ORPHAN:NKEx1, ORPHAN:UBERx1, ORPHAN:AAPLx2, ORPHAN:AMZNx1 +11 more]
       buy: ask-0.01  sell: bid-0.01  tp=+50% sl=-50%
  b16 lab0016_s202_w1_0928_1005_r1  prem=$     0  real=$-39.00  open=$ +0.00  lots=0  [-]
       buy: ask-0.01  sell: bid-0.01  tp=+50% sl=-50%
  b17 lab0017_s202_w1_0928_1005_r2  prem=$     0  real=$-40.00  open=$ +0.00  lots=0  [-]
       buy: ask-0.01  sell: bid-0.01  tp=+50% sl=-50%
  b18 lab0018_s202_w2_1005_1045_r1  prem=$     0  real=$-29.00  open=$ +0.00  lots=0  [-]
       buy: ask-0.01  sell: bid-0.01  tp=+50% sl=-50%
  b19 lab0019_s202_w2_1005_1045_r2  prem=$     0  real=$-22.00  open=$ +0.00  lots=0  [-]
       buy: ask-0.01  sell: bid-0.01  tp=+50% sl=-50%
  b24 lab0024_s203_w1_0928_1005_r1  prem=$     0  real=$-65.00  open=$ +0.00  lots=0  [-]
       buy: ask-0.01  sell: bid-0.01  tp=+50% sl=-50%
  b26 lab0026_s203_w2_1005_1045_r1  prem=$     0  real=$-78.00  open=$ +0.00  lots=0  [-]
       buy: ask-0.01  sell: bid-0.01  tp=+50% sl=-50%
  b27 lab0027_s203_w2_1005_1045_r2  prem=$     0  real=$-253.00  open=$ +0.00  lots=0  [-]
       buy: ask-0.01  sell: bid-0.01  tp=+50% sl=-50%
  b28 lab0028_s203_w3_1045_1120_r1  prem=$    51  real=$-54.00  open=$-17.62  lots=1  [S203:TTDx1]
       buy: ask-0.01  sell: bid-0.01  tp=+50% sl=-50%
  b29 lab0029_s203_w3_1045_1120_r2  prem=$    51  real=$-54.00  open=$-17.62  lots=1  [S203:TTDx1]
       buy: ask-0.01  sell: bid-0.01  tp=+50% sl=-50%
  b30 lab0030_s203_w4_1120_1135_r1  prem=$    59  real=$-99.00  open=$-20.38  lots=1  [S203:TTDx1]
       buy: ask-0.01  sell: bid-0.01  tp=+50% sl=-50%
  b31 lab0031_s203_w4_1120_1135_r2  prem=$    59  real=$-93.00  open=$-20.38  lots=1  [S203:TTDx1]
       buy: ask-0.01  sell: bid-0.01  tp=+50% sl=-50%
  b58 lab0058_s207_w2_1005_1045_r1  prem=$     0  real=$-66.00  open=$ +0.00  lots=0  [-]
       buy: ask-0.01  sell: bid-0.01  tp=+50% sl=-50%
  b59 lab0059_s207_w2_1005_1045_r2  prem=$     0  real=$-153.00  open=$ +0.00  lots=0  [-]
       buy: ask-0.01  sell: bid-0.01  tp=+50% sl=-50%
  b60 lab0060_s207_w3_1045_1120_r1  prem=$     0  real=$-118.00  open=$ +0.00  lots=0  [-]
       buy: ask-0.01  sell: bid-0.01  tp=+50% sl=-50%
  b61 lab0061_s207_w3_1045_1120_r2  prem=$     0  real=$-135.00  open=$ +0.00  lots=0  [-]
       buy: ask-0.01  sell: bid-0.01  tp=+50% sl=-50%
  b62 lab0062_s207_w4_1120_1135_r1  prem=$     0  real=$-158.00  open=$ +0.00  lots=0  [-]
       buy: ask-0.01  sell: bid-0.01  tp=+50% sl=-50%
  b63 lab0063_s207_w4_1120_1135_r2  prem=$     0  real=$-83.00  open=$ +0.00  lots=0  [-]
       buy: ask-0.01  sell: bid-0.01  tp=+50% sl=-50%
  b80 lab0080_s210_w1_0928_1005_r1  prem=$     0  real=$ +7.00  open=$ +0.00  lots=0  [-]
       buy: ask-0.01  sell: bid-0.01  tp=+50% sl=-50%
  b81 lab0081_s210_w1_0928_1005_r2  prem=$     0  real=$+10.00  open=$ +0.00  lots=0  [-]
       buy: ask-0.01  sell: bid-0.01  tp=+50% sl=-50%
  (258 more active bucket(s) omitted)
  (746 quiet bucket profile(s) — no trades yet)

Alpaca option positions
  AAPL260807C00317500  qty=1  cost=$63.00  return=+39.7%  open P&L=$+25.00
  AAPL260814C00330000  qty=6  cost=$358.50  return=+2.1%  open P&L=$+7.50
  AMD260807C00555000  qty=2  cost=$122.00  return=-49.2%  open P&L=$-60.00
  AMZN260807C00292500  qty=20  cost=$1,077.00  return=-90.7%  open P&L=$-977.00
  AMZN260807C00295000  qty=35  cost=$1,411.67  return=-90.1%  open P&L=$-1,271.67
  AMZN260807C00297500  qty=9  cost=$305.31  return=-94.1%  open P&L=$-287.31
  AMZN260807C00302500  qty=1  cost=$13.67  return=-92.7%  open P&L=$-12.67
  DKNG260807C00024500  qty=7  cost=$275.80  return=-59.4%  open P&L=$-163.80
  HOOD260807C00100000  qty=2  cost=$112.00  return=-44.6%  open P&L=$-50.00
  HOOD260807C00101000  qty=2  cost=$96.00  return=-54.2%  open P&L=$-52.00
  NKE260807C00042000  qty=10  cost=$641.00  return=+13.9%  open P&L=$+89.00
  NKE260807C00043000  qty=4  cost=$94.00  return=+14.9%  open P&L=$+14.00
  NKE260821C00044000  qty=12  cost=$756.00  return=+1.6%  open P&L=$+12.00
  NKE260828C00045000  qty=12  cost=$758.00  return=-1.8%  open P&L=$-14.00
  NKE260904C00045000  qty=4  cost=$288.00  return=+6.9%  open P&L=$+20.00
  PLTR260807C00172500  qty=3  cost=$118.50  return=-54.4%  open P&L=$-64.50
  RBLX260807C00040000  qty=3  cost=$99.00  return=-84.8%  open P&L=$-84.00
  T260807C00022500  qty=2  cost=$88.00  return=+31.8%  open P&L=$+28.00
  TTD260807C00020500  qty=4  cost=$268.00  return=+0.0%  open P&L=$+0.00
  TTD260807C00021500  qty=2  cost=$92.00  return=-2.2%  open P&L=$-2.00
  TTD260807P00017000  qty=4  cost=$220.00  return=-34.5%  open P&L=$-76.00
  UBER260807C00070000  qty=9  cost=$290.08  return=-6.9%  open P&L=$-20.08
  UBER260807C00078000  qty=5  cost=$252.67  return=-98.0%  open P&L=$-247.67
  UBER260814C00072000  qty=4  cost=$170.00  return=-8.2%  open P&L=$-14.00
  UBER260814C00073000  qty=1  cost=$40.50  return=-33.3%  open P&L=$-13.50
  UBER260828C00075000  qty=4  cost=$210.00  return=-2.9%  open P&L=$-6.00

Per-bucket exit stats (all time)
  b0|orphan_reconcile     n= 88  avg=-6.9%  med=-60.0%  realized=$+5,826.10
  b104|c104_s164_w1_0928_1005_r4  n=  1  avg=-88.9%  med=-88.9%  realized=$-8.00
  b108|c108_s202_w3_1045_1120_r1  n=  1  avg=-33.3%  med=-33.3%  realized=$-1.00
  b108|lab0108_s212_w1_0928_1005_r1  n=  3  avg=-98.5%  med=-98.6%  realized=$-198.00
  b109|c109_s202_w3_1045_1120_r2  n=  1  avg=-66.7%  med=-66.7%  realized=$-2.00
  b109|lab0109_s212_w1_0928_1005_r2  n=  3  avg=-85.2%  med=-98.2%  realized=$-169.00
  b10|c010_s165_w3_1045_1120_r1  n=  8  avg=-37.2%  med=-18.9%  realized=$-205.00
  b110|lab0110_s212_w2_1005_1045_r1  n=  3  avg=-71.9%  med=-74.6%  realized=$-140.00
  b111|lab0111_s212_w2_1005_1045_r2  n=  3  avg=-63.7%  med=-66.1%  realized=$-124.00
  b112|lab0112_s212_w3_1045_1120_r1  n=  5  avg=-62.0%  med=-68.1%  realized=$-158.00
  b113|lab0113_s212_w3_1045_1120_r2  n=  8  avg=-79.5%  med=-74.5%  realized=$-347.00
  b114|lab0114_s212_w4_1120_1135_r1  n=  6  avg=-67.2%  med=-73.5%  realized=$-206.00
  b115|lab0115_s212_w4_1120_1135_r2  n=  4  avg=-73.2%  med=-54.1%  realized=$-150.00
  b132|c132_s164_w1_0928_1005_r5  n=  2  avg=-65.7%  med=-53.6%  realized=$-37.00
  b135|c135_s164_w4_1120_1135_r5  n=  1  avg=-50.0%  med=-50.0%  realized=$-4.00
  b164|lab0164_s216_w1_0928_1005_r1  n=  1  avg=-51.7%  med=-51.7%  realized=$-31.00
  b165|lab0165_s216_w1_0928_1005_r2  n=  1  avg=-51.7%  med=-51.7%  realized=$-31.00
  b166|lab0166_s216_w2_1005_1045_r1  n=  2  avg=-69.6%  med=-63.4%  realized=$-73.00
  b167|lab0167_s216_w2_1005_1045_r2  n=  4  avg=-82.1%  med=-80.5%  realized=$-153.00
  b169|lab0169_s216_w3_1045_1120_r2  n=  2  avg=-54.3%  med=-52.3%  realized=$-50.00
  b16|lab0016_s202_w1_0928_1005_r1  n=  1  avg=-63.9%  med=-63.9%  realized=$-39.00
  b178|lab0178_s217_w1_0928_1005_r1  n=  1  avg=+66.0%  med=+66.0%  realized=$+31.00
  b179|lab0179_s217_w1_0928_1005_r2  n=  1  avg=+51.1%  med=+51.1%  realized=$+24.00
  b17|lab0017_s202_w1_0928_1005_r2  n=  1  avg=-65.6%  med=-65.6%  realized=$-40.00
  b180|lab0180_s217_w2_1005_1045_r1  n=  7  avg=+209.4%  med=+135.3%  realized=$+392.00
  b181|lab0181_s217_w2_1005_1045_r2  n=  7  avg=+219.5%  med=+73.3%  realized=$+374.00
  b182|lab0182_s217_w3_1045_1120_r1  n=  2  avg=-43.8%  med=-43.8%  realized=$-28.00
  b183|lab0183_s217_w3_1045_1120_r2  n=  3  avg=-64.2%  med=-68.8%  realized=$-66.00
  b185|lab0185_s217_w4_1120_1135_r2  n=  1  avg=-55.6%  med=-55.6%  realized=$-25.00
  b18|lab0018_s202_w2_1005_1045_r1  n=  1  avg=-74.4%  med=-74.4%  realized=$-29.00
  b192|lab0192_s218_w1_0928_1005_r1  n=  2  avg=+50.0%  med=+50.0%  realized=$+66.00
  b193|lab0193_s218_w1_0928_1005_r2  n=  3  avg=+40.9%  med=+36.4%  realized=$+78.00
  b194|lab0194_s218_w2_1005_1045_r1  n=  9  avg=+13.9%  med=+22.2%  realized=$-41.00
  b195|lab0195_s218_w2_1005_1045_r2  n=  9  avg=+33.6%  med=+58.8%  realized=$+67.00
  b196|lab0196_s218_w3_1045_1120_r1  n=  3  avg=+453.8%  med=+403.1%  realized=$+310.00
  b197|lab0197_s218_w3_1045_1120_r2  n=  3  avg=+368.0%  med=+318.8%  realized=$+253.00
  b198|lab0198_s218_w4_1120_1135_r1  n=  1  avg=+71.9%  med=+71.9%  realized=$+41.00
  b199|lab0199_s218_w4_1120_1135_r2  n=  1  avg=+75.4%  med=+75.4%  realized=$+43.00
  b19|lab0019_s202_w2_1005_1045_r2  n=  1  avg=-56.4%  med=-56.4%  realized=$-22.00
  b20|c020_s164_w1_0928_1005_r1  n=  1  avg=-88.9%  med=-88.9%  realized=$-8.00
  b222|lab0222_s400_w2_1005_1045_r1  n=  1  avg=-50.0%  med=-50.0%  realized=$-4.00
  b223|lab0223_s400_w2_1005_1045_r2  n=  1  avg=-50.0%  med=-50.0%  realized=$-4.00
  b224|lab0224_s400_w3_1045_1120_r1  n=  1  avg=-66.7%  med=-66.7%  realized=$-10.00
  b225|lab0225_s400_w3_1045_1120_r2  n=  1  avg=-66.7%  med=-66.7%  realized=$-10.00
  b227|lab0227_s400_w4_1120_1135_r2  n=  1  avg=-22.2%  med=-22.2%  realized=$-2.00
  b234|lab0234_s401_w1_0928_1005_r1  n=  4  avg=-6.9%  med=+8.3%  realized=$-12.00
  b235|lab0235_s401_w1_0928_1005_r2  n=  6  avg=+69.3%  med=+80.6%  realized=$+229.00
  b236|c236_s218_w3_1045_1120_r1  n=  1  avg=-33.3%  med=-33.3%  realized=$-1.00
  b236|lab0236_s401_w2_1005_1045_r1  n=  2  avg=-96.2%  med=-96.2%  realized=$-102.00
  b237|c237_s218_w3_1045_1120_r2  n=  1  avg=-66.7%  med=-66.7%  realized=$-2.00
  b237|lab0237_s401_w2_1005_1045_r2  n=  2  avg=-96.2%  med=-96.2%  realized=$-102.00
  b238|lab0238_s401_w3_1045_1120_r1  n=  5  avg=+295.6%  med=+273.1%  realized=$+424.00
  b239|lab0239_s401_w3_1045_1120_r2  n=  4  avg=+27.0%  med=+38.5%  realized=$+13.00
  b240|lab0240_s401_w4_1120_1135_r1  n=  5  avg=+20.2%  med=+21.1%  realized=$+29.00
  b241|lab0241_s401_w4_1120_1135_r2  n=  4  avg=+26.1%  med=+31.6%  realized=$+31.00
  b24|lab0024_s203_w1_0928_1005_r1  n=  2  avg=-75.6%  med=-74.4%  realized=$-65.00
  b262|lab0262_s403_w1_0928_1005_r1  n=  1  avg=+65.4%  med=+65.4%  realized=$+34.00
  b263|lab0263_s403_w1_0928_1005_r2  n=  1  avg=+50.0%  med=+50.0%  realized=$+26.00
  b264|lab0264_s403_w2_1005_1045_r1  n=  1  avg=-66.1%  med=-66.1%  realized=$-39.00
  b265|lab0265_s403_w2_1005_1045_r2  n=  1  avg=-52.5%  med=-52.5%  realized=$-31.00
  b266|lab0266_s403_w3_1045_1120_r1  n=  1  avg=-85.9%  med=-85.9%  realized=$-61.00
  b267|lab0267_s403_w3_1045_1120_r2  n=  1  avg=-77.5%  med=-77.5%  realized=$-55.00
  b268|lab0268_s403_w4_1120_1135_r1  n=  2  avg=+320.0%  med=+320.0%  realized=$+160.00
  b269|lab0269_s403_w4_1120_1135_r2  n=  4  avg=+158.4%  med=+316.0%  realized=$+182.00
  b26|lab0026_s203_w2_1005_1045_r1  n=  3  avg=-54.5%  med=-54.0%  realized=$-78.00
  b276|lab0276_s350_w1_0928_1005_r1  n=  6  avg=+84.1%  med=+102.9%  realized=$+218.00
  b277|lab0277_s350_w1_0928_1005_r2  n=  4  avg=+154.0%  med=+260.0%  realized=$+258.00
  b278|lab0278_s350_w2_1005_1045_r1  n=  8  avg=+23.2%  med=+15.0%  realized=$+27.00
  b279|lab0279_s350_w2_1005_1045_r2  n=  8  avg=+66.8%  med=+94.1%  realized=$+137.00
  b27|lab0027_s203_w2_1005_1045_r2  n=  8  avg=-66.2%  med=-56.2%  realized=$-253.00
  b280|lab0280_s351_w1_0928_1005_r1  n=  5  avg=+104.3%  med=+171.9%  realized=$+164.00
  b281|lab0281_s351_w1_0928_1005_r2  n=  4  avg=+209.5%  med=+346.9%  realized=$+310.00
  b282|lab0282_s351_w2_1005_1045_r1  n=  6  avg=-51.8%  med=-62.5%  realized=$-127.00
  b283|lab0283_s351_w2_1005_1045_r2  n=  7  avg=-42.2%  med=-52.9%  realized=$-114.00
  b285|lab0285_s351_w3_1045_1120_r2  n=  1  avg=-33.3%  med=-33.3%  realized=$-1.00
  b286|lab0286_s351_w4_1120_1135_r1  n=  2  avg=-94.9%  med=-94.9%  realized=$-74.00
  b287|lab0287_s351_w4_1120_1135_r2  n=  5  avg=-50.4%  med=-40.0%  realized=$-79.00
  b288|lab0288_s352_w1_0928_1005_r1  n=  2  avg=+76.2%  med=+100.0%  realized=$+54.00
  b289|lab0289_s352_w1_0928_1005_r2  n=  2  avg=+70.7%  med=+93.8%  realized=$+50.00
  b28|c028_s165_w1_0928_1005_r2  n= 17  avg=+49.5%  med=+80.0%  realized=$+448.00
  b28|c028_s173_w1_0928_1005_r2  n=  5  avg=+51.6%  med=+80.0%  realized=$+142.00
  b28|lab0028_s203_w3_1045_1120_r1  n=  2  avg=-50.9%  med=-49.0%  realized=$-54.00
  b290|lab0290_s352_w2_1005_1045_r1  n=  2  avg=+73.6%  med=+108.3%  realized=$+40.00
  b291|lab0291_s352_w2_1005_1045_r2  n=  4  avg=+101.6%  med=+194.4%  realized=$+104.00
  b293|lab0293_s352_w3_1045_1120_r2  n=  1  avg=+90.0%  med=+90.0%  realized=$+18.00
  b296|lab0296_s353_w1_0928_1005_r1  n=  2  avg=+123.7%  med=+123.7%  realized=$+94.00
  b297|lab0297_s353_w1_0928_1005_r2  n=  2  avg=+79.0%  med=+79.0%  realized=$+60.00
  b298|lab0298_s353_w2_1005_1045_r1  n=  6  avg=-56.2%  med=-50.8%  realized=$-174.00
  b299|lab0299_s353_w2_1005_1045_r2  n=  3  avg=-75.9%  med=-76.3%  realized=$-86.00
  b29|c029_s165_w2_1005_1045_r2  n=  9  avg=-23.3%  med=-50.0%  realized=$-221.00
  b29|c029_s173_w2_1005_1045_r2  n=  2  avg=-69.3%  med=-48.5%  realized=$-78.00
  b29|lab0029_s203_w3_1045_1120_r2  n=  2  avg=-50.9%  med=-49.0%  realized=$-54.00
  b304|lab0304_s354_w1_0928_1005_r1  n=  1  avg=+93.6%  med=+93.6%  realized=$+44.00
  b305|lab0305_s354_w1_0928_1005_r2  n=  1  avg=+100.0%  med=+100.0%  realized=$+47.00
  b306|lab0306_s354_w2_1005_1045_r1  n=  3  avg=+68.4%  med=+133.3%  realized=$+91.00
  b307|lab0307_s354_w2_1005_1045_r2  n=  4  avg=+36.4%  med=+137.8%  realized=$+64.00
  b308|lab0308_s354_w3_1045_1120_r1  n=  3  avg=+102.3%  med=+136.9%  realized=$+162.00
  b309|lab0309_s354_w3_1045_1120_r2  n=  3  avg=+75.3%  med=+103.1%  realized=$+117.00
  b30|c030_s165_w3_1045_1120_r2  n=  9  avg=+38.8%  med=+0.0%  realized=$+260.00
  b30|c030_s173_w3_1045_1120_r2  n=  2  avg=-9.5%  med=+0.0%  realized=$-14.00
  b30|lab0030_s203_w4_1120_1135_r1  n=  3  avg=-61.1%  med=-66.1%  realized=$-99.00
  b310|lab0310_s354_w4_1120_1135_r1  n=  3  avg=+56.5%  med=+116.7%  realized=$+122.00
  b311|lab0311_s354_w4_1120_1135_r2  n=  2  avg=+209.1%  med=+290.5%  realized=$+214.00
  b312|lab0312_s355_w1_0928_1005_r1  n=  2  avg=+19.0%  med=+91.5%  realized=$+20.00
  b313|lab0313_s355_w1_0928_1005_r2  n=  2  avg=+18.1%  med=+85.1%  realized=$+19.00
  b314|lab0314_s355_w2_1005_1045_r1  n=  5  avg=+15.0%  med=-63.4%  realized=$+35.00
  b315|lab0315_s355_w2_1005_1045_r2  n=  5  avg=+8.2%  med=-37.1%  realized=$+26.00
  b316|lab0316_s355_w3_1045_1120_r1  n=  1  avg=+193.8%  med=+193.8%  realized=$+93.00
  b317|lab0317_s355_w3_1045_1120_r2  n=  1  avg=+187.5%  med=+187.5%  realized=$+90.00
  b318|lab0318_s355_w4_1120_1135_r1  n=  1  avg=+292.9%  med=+292.9%  realized=$+123.00
  b319|lab0319_s355_w4_1120_1135_r2  n=  1  avg=+328.6%  med=+328.6%  realized=$+138.00
  b31|c031_s165_w4_1120_1135_r2  n=  2  avg=+145.5%  med=+175.8%  realized=$+192.00
  b31|lab0031_s203_w4_1120_1135_r2  n=  3  avg=-57.3%  med=-62.7%  realized=$-93.00
  b320|lab0320_s356_w1_0928_1005_r1  n=  2  avg=+37.9%  med=+37.9%  realized=$+44.00
  b321|lab0321_s356_w1_0928_1005_r2  n=  2  avg=+58.6%  med=+58.6%  realized=$+68.00
  b328|lab0328_s357_w1_0928_1005_r1  n=  2  avg=+47.1%  med=+47.1%  realized=$+64.00
  b329|lab0329_s357_w1_0928_1005_r2  n=  2  avg=+47.1%  med=+47.1%  realized=$+64.00
  b332|lab0332_s357_w3_1045_1120_r1  n=  1  avg=+59.7%  med=+59.7%  realized=$+37.00
  b333|lab0333_s357_w3_1045_1120_r2  n=  2  avg=+65.0%  med=+71.9%  realized=$+77.00
  b344|lab0344_s359_w1_0928_1005_r1  n=  2  avg=+37.2%  med=+142.9%  realized=$-19.00
  b345|lab0345_s359_w1_0928_1005_r2  n=  2  avg=+82.7%  med=+228.6%  realized=$-4.00
  b346|lab0346_s359_w2_1005_1045_r1  n=  7  avg=-38.7%  med=-46.7%  realized=$-98.00
  b347|lab0347_s359_w2_1005_1045_r2  n=  7  avg=-40.7%  med=-46.7%  realized=$-100.00
  b348|lab0348_s360_w1_0928_1005_r1  n=  1  avg=-82.2%  med=-82.2%  realized=$-37.00
  b349|lab0349_s360_w1_0928_1005_r2  n=  1  avg=-77.8%  med=-77.8%  realized=$-35.00
  b350|lab0350_s360_w2_1005_1045_r1  n=  7  avg=-37.4%  med=-46.7%  realized=$-93.00
  b351|lab0351_s360_w2_1005_1045_r2  n=  7  avg=-45.7%  med=-56.4%  realized=$-120.00
  b352|lab0352_s360_w3_1045_1120_r1  n=  1  avg=-50.0%  med=-50.0%  realized=$-6.00
  b353|lab0353_s360_w3_1045_1120_r2  n=  1  avg=-50.0%  med=-50.0%  realized=$-6.00
  b354|lab0354_s360_w4_1120_1135_r1  n=  2  avg=-33.3%  med=-33.3%  realized=$-12.00
  b355|lab0355_s360_w4_1120_1135_r2  n=  3  avg=-34.9%  med=-54.8%  realized=$-32.00
  b364|lab0364_s361_w2_1005_1045_r1  n=  6  avg=+9.5%  med=+81.8%  realized=$+15.00
  b365|lab0365_s361_w2_1005_1045_r2  n=  9  avg=+108.9%  med=+82.8%  realized=$+204.00
  b367|lab0367_s361_w3_1045_1120_r2  n=  3  avg=+16.0%  med=-8.3%  realized=$+3.00
  b376|lab0376_s362_w1_0928_1005_r1  n=  3  avg=+43.9%  med=+8.7%  realized=$+52.00
  b377|lab0377_s362_w1_0928_1005_r2  n=  3  avg=+49.6%  med=+13.0%  realized=$+61.00
  b378|lab0378_s362_w2_1005_1045_r1  n=  3  avg=+52.7%  med=+52.6%  realized=$+59.00
  b379|lab0379_s362_w2_1005_1045_r2  n=  7  avg=+41.8%  med=+38.2%  realized=$+123.00
  b380|lab0380_s362_w3_1045_1120_r1  n=  4  avg=+63.0%  med=+103.3%  realized=$+164.00
  b381|lab0381_s362_w3_1045_1120_r2  n=  4  avg=+67.4%  med=+108.3%  realized=$+174.00
  b382|lab0382_s362_w4_1120_1135_r1  n=  1  avg=+1125.8%  med=+1125.8%  realized=$+349.00
  b383|lab0383_s362_w4_1120_1135_r2  n=  1  avg=+1222.6%  med=+1222.6%  realized=$+379.00
  b390|lab0390_s363_w1_0928_1005_r1  n=  1  avg=+106.5%  med=+106.5%  realized=$+33.00
  b391|lab0391_s363_w1_0928_1005_r2  n=  1  avg=+103.2%  med=+103.2%  realized=$+32.00
  b392|lab0392_s363_w2_1005_1045_r1  n=  3  avg=+27.8%  med=+9.5%  realized=$+26.00
  b393|lab0393_s363_w2_1005_1045_r2  n=  3  avg=+25.0%  med=+7.1%  realized=$+23.00
  b397|lab0397_s363_w4_1120_1135_r2  n=  2  avg=+52.9%  med=+52.9%  realized=$+36.00
  b405|lab0405_s364_w1_0928_1005_r2  n=  1  avg=+50.0%  med=+50.0%  realized=$+25.00
  b406|lab0406_s364_w2_1005_1045_r1  n=  3  avg=+71.9%  med=+77.8%  realized=$+100.00
  b407|lab0407_s364_w2_1005_1045_r2  n=  4  avg=+36.3%  med=+69.6%  realized=$+62.00
  b408|lab0408_s364_w3_1045_1120_r1  n=  2  avg=+66.7%  med=+66.7%  realized=$+44.00
  b409|lab0409_s364_w3_1045_1120_r2  n=  3  avg=+61.6%  med=+63.6%  realized=$+61.00
  b410|lab0410_s364_w4_1120_1135_r1  n=  2  avg=+233.3%  med=+233.3%  realized=$+168.00
  b411|lab0411_s364_w4_1120_1135_r2  n=  2  avg=+188.9%  med=+188.9%  realized=$+136.00
  b48|c048_s164_w1_0928_1005_r2  n=  5  avg=-33.1%  med=-49.1%  realized=$-91.00
  b48|c048_s165_w1_0928_1005_r3  n= 16  avg=-35.9%  med=-49.1%  realized=$-344.00
  b49|c049_s164_w2_1005_1045_r2  n=  4  avg=-51.8%  med=-44.0%  realized=$-133.00
  b49|c049_s165_w2_1005_1045_r3  n= 15  avg=-49.3%  med=-49.1%  realized=$-458.00
  b50|c050_s164_w3_1045_1120_r2  n=  4  avg=-39.6%  med=-16.7%  realized=$-115.00
  b50|c050_s165_w3_1045_1120_r3  n=  9  avg=-23.6%  med=-23.1%  realized=$-142.00
  b51|c051_s165_w4_1120_1135_r3  n=  1  avg=+263.6%  med=+263.6%  realized=$+174.00
  b56|g056_lim_tp20_sl65  n=  1  avg=+47.7%  med=+47.7%  realized=$+20.52
  b57|g057_mid_tp20_sl65  n=  1  avg=+47.7%  med=+47.7%  realized=$+20.52
  b58|g058_eod_tp20_sl65  n=  1  avg=+59.1%  med=+59.1%  realized=$+25.41
  b58|lab0058_s207_w2_1005_1045_r1  n=  5  avg=-19.4%  med=-32.0%  realized=$-66.00
  b59|lab0059_s207_w2_1005_1045_r2  n=  5  avg=-48.7%  med=-49.1%  realized=$-153.00
  b60|lab0060_s207_w3_1045_1120_r1  n=  5  avg=-40.3%  med=-45.5%  realized=$-118.00
  b61|lab0061_s207_w3_1045_1120_r2  n=  6  avg=-41.7%  med=-51.5%  realized=$-135.00
  b62|lab0062_s207_w4_1120_1135_r1  n=  5  avg=-51.2%  med=-59.7%  realized=$-158.00
  b63|lab0063_s207_w4_1120_1135_r2  n=  4  avg=-32.9%  med=-45.8%  realized=$-83.00
  b68|c068_s165_w1_0928_1005_r4  n= 16  avg=-51.3%  med=-49.1%  realized=$-446.00
  b68|c068_s166_w1_0928_1005_r3  n=  4  avg=-52.7%  med=-49.1%  realized=$-116.00
  b69|c069_s165_w2_1005_1045_r4  n= 11  avg=+19.0%  med=-43.6%  realized=$-179.00
  b69|c069_s166_w2_1005_1045_r3  n=  4  avg=+10.1%  med=-40.0%  realized=$-87.00
  b70|c070_s165_w3_1045_1120_r4  n= 11  avg=-2.1%  med=-16.9%  realized=$-6.00
  b70|c070_s166_w3_1045_1120_r3  n=  4  avg=-42.5%  med=-27.0%  realized=$-124.00
  b70|g070_eod_tp30_sl20  n=  1  avg=+59.1%  med=+59.1%  realized=$+27.77
  b76|c076_s164_w1_0928_1005_r3  n=  1  avg=-50.0%  med=-50.0%  realized=$-2.00
  b776|lab0776_s397_w1_0928_1005_r1  n=  1  avg=+40.4%  med=+40.4%  realized=$+23.00
  b777|lab0777_s397_w1_0928_1005_r2  n=  1  avg=+38.6%  med=+38.6%  realized=$+22.00
  b778|lab0778_s397_w2_1005_1045_r1  n=  2  avg=+62.2%  med=+73.0%  realized=$+83.00
  b779|lab0779_s397_w2_1005_1045_r2  n=  2  avg=+52.8%  med=+61.9%  realized=$+70.00
  b780|lab0780_s397_w3_1045_1120_r1  n=  1  avg=+114.8%  med=+114.8%  realized=$+70.00
  b781|lab0781_s397_w3_1045_1120_r2  n=  1  avg=+116.4%  med=+116.4%  realized=$+71.00
  b783|lab0783_s397_w4_1120_1135_r2  n=  1  avg=+151.6%  med=+151.6%  realized=$+94.00
  b784|lab0784_s398_w1_0928_1005_r1  n=  1  avg=+49.0%  med=+49.0%  realized=$+24.00
  b785|lab0785_s398_w1_0928_1005_r2  n=  1  avg=+49.0%  med=+49.0%  realized=$+24.00
  b786|lab0786_s398_w2_1005_1045_r1  n=  6  avg=-2.7%  med=+3.3%  realized=$+3.00
  b787|lab0787_s398_w2_1005_1045_r2  n=  2  avg=+69.9%  med=+78.6%  realized=$+82.00
  b788|lab0788_s398_w3_1045_1120_r1  n=  4  avg=+44.6%  med=+77.1%  realized=$+87.00
  b789|lab0789_s398_w3_1045_1120_r2  n=  3  avg=+55.2%  med=+65.7%  realized=$+95.00
  b790|lab0790_s398_w4_1120_1135_r1  n=  2  avg=+226.1%  med=+311.9%  realized=$+232.00
  b791|lab0791_s398_w4_1120_1135_r2  n=  3  avg=+150.8%  med=+155.6%  realized=$+242.00
  b792|lab0792_s399_w1_0928_1005_r1  n=  2  avg=+145.0%  med=+150.0%  realized=$+71.00
  b793|lab0793_s399_w1_0928_1005_r2  n=  8  avg=+37.9%  med=+100.0%  realized=$+85.00
  b794|lab0794_s399_w2_1005_1045_r1  n=  5  avg=-5.3%  med=-17.2%  realized=$-30.00
  b795|lab0795_s399_w2_1005_1045_r2  n=  4  avg=+14.9%  med=+65.5%  realized=$+15.00
  b797|lab0797_s399_w3_1045_1120_r2  n=  5  avg=-64.6%  med=-66.7%  realized=$-121.00
  b798|lab0798_s399_w4_1120_1135_r1  n=  2  avg=+134.0%  med=+134.0%  realized=$+134.00
  b799|lab0799_s399_w4_1120_1135_r2  n=  2  avg=+149.2%  med=+186.5%  realized=$+125.00
  b800|lab0800_s404_w1_0928_1005_r1  n=  1  avg=+38.6%  med=+38.6%  realized=$+22.00
  b801|lab0801_s404_w1_0928_1005_r2  n=  1  avg=+31.6%  med=+31.6%  realized=$+18.00
  b802|lab0802_s404_w2_1005_1045_r1  n=  2  avg=+53.0%  med=+60.9%  realized=$+71.00
  b803|lab0803_s404_w2_1005_1045_r2  n=  2  avg=+48.5%  med=+50.8%  realized=$+64.00
  b804|lab0804_s404_w3_1045_1120_r1  n=  1  avg=+106.6%  med=+106.6%  realized=$+65.00
  b805|lab0805_s404_w3_1045_1120_r2  n=  1  avg=+86.9%  med=+86.9%  realized=$+53.00
  b806|lab0806_s404_w4_1120_1135_r1  n=  1  avg=+145.2%  med=+145.2%  realized=$+90.00
  b807|lab0807_s404_w4_1120_1135_r2  n=  1  avg=+124.2%  med=+124.2%  realized=$+77.00
  b80|lab0080_s210_w1_0928_1005_r1  n=  3  avg=+12.2%  med=-8.5%  realized=$+7.00
  b814|lab0814_s405_w1_0928_1005_r1  n=  1  avg=+53.1%  med=+53.1%  realized=$+26.00
  b815|lab0815_s405_w1_0928_1005_r2  n=  1  avg=+46.9%  med=+46.9%  realized=$+23.00
  b816|lab0816_s405_w2_1005_1045_r1  n=  2  avg=+61.4%  med=+69.6%  realized=$+72.00
  b817|lab0817_s405_w2_1005_1045_r2  n=  8  avg=-19.9%  med=-40.0%  realized=$-71.00
  b818|lab0818_s405_w3_1045_1120_r1  n=  3  avg=+46.7%  med=+55.7%  realized=$+81.00
  b819|lab0819_s405_w3_1045_1120_r2  n=  4  avg=+21.7%  med=+42.9%  realized=$+37.00
  b81|lab0081_s210_w1_0928_1005_r2  n=  3  avg=+14.8%  med=-6.4%  realized=$+10.00
  b820|lab0820_s405_w4_1120_1135_r1  n=  3  avg=+105.6%  med=+106.9%  realized=$+171.00
  b821|lab0821_s405_w4_1120_1135_r2  n=  5  avg=+46.2%  med=+3.5%  realized=$+92.00
  b828|lab0828_s406_w1_0928_1005_r1  n=  2  avg=+11.3%  med=+72.5%  realized=$+22.00
  b829|lab0829_s406_w1_0928_1005_r2  n=  2  avg=+9.3%  med=+68.6%  realized=$+20.00
  b82|lab0082_s210_w2_1005_1045_r1  n=  3  avg=-63.6%  med=-71.0%  realized=$-75.00
  b830|lab0830_s406_w2_1005_1045_r1  n=  6  avg=+54.8%  med=+72.4%  realized=$+64.00
  b831|lab0831_s406_w2_1005_1045_r2  n=  7  avg=+48.0%  med=+82.8%  realized=$+41.00
  b832|lab0832_s406_w3_1045_1120_r1  n=  5  avg=+205.4%  med=+55.3%  realized=$+451.00
  b833|lab0833_s406_w3_1045_1120_r2  n=  7  avg=+254.2%  med=+73.1%  realized=$+469.00
  b834|lab0834_s406_w4_1120_1135_r1  n=  2  avg=+53.8%  med=+63.6%  realized=$+25.00
  b835|lab0835_s406_w4_1120_1135_r2  n=  2  avg=-53.0%  med=-50.0%  realized=$-25.00
  b83|lab0083_s210_w2_1005_1045_r2  n=  4  avg=+28.5%  med=+50.0%  realized=$+34.00
  b842|lab0842_s407_w1_0928_1005_r1  n=  1  avg=+140.0%  med=+140.0%  realized=$+28.00
  b843|lab0843_s407_w1_0928_1005_r2  n=  1  avg=+125.0%  med=+125.0%  realized=$+25.00
  b844|lab0844_s407_w2_1005_1045_r1  n=  6  avg=+126.7%  med=+44.9%  realized=$+102.00
  b845|lab0845_s407_w2_1005_1045_r2  n=  5  avg=+138.4%  med=+38.8%  realized=$+111.00
  b848|lab0848_s407_w4_1120_1135_r1  n=  2  avg=-95.9%  med=-95.9%  realized=$-94.00
  b849|lab0849_s407_w4_1120_1135_r2  n=  5  avg=+104.6%  med=+229.2%  realized=$+115.00
  b84|lab0084_s210_w3_1045_1120_r1  n=  3  avg=+35.7%  med=+16.7%  realized=$+28.00
  b857|lab0857_s408_w1_0928_1005_r2  n=  1  avg=+52.6%  med=+52.6%  realized=$+10.00
  b858|lab0858_s408_w2_1005_1045_r1  n=  1  avg=+41.9%  med=+41.9%  realized=$+13.00
  b859|lab0859_s408_w2_1005_1045_r2  n=  2  avg=+1.1%  med=+45.2%  realized=$+8.00
  b85|lab0085_s210_w3_1045_1120_r2  n=  4  avg=+13.7%  med=+13.9%  realized=$+7.00
  b860|lab0860_s408_w3_1045_1120_r1  n=  4  avg=+631.1%  med=+1188.9%  realized=$+411.00
  b861|lab0861_s408_w3_1045_1120_r2  n=  7  avg=+246.8%  med=+100.0%  realized=$+278.00
  b862|lab0862_s408_w4_1120_1135_r1  n=  1  avg=-50.0%  med=-50.0%  realized=$-8.00
  b863|lab0863_s408_w4_1120_1135_r2  n=  5  avg=-12.5%  med=-6.2%  realized=$-10.00
  b86|lab0086_s210_w4_1120_1135_r1  n=  3  avg=+26.1%  med=+16.7%  realized=$+25.00
  b87|lab0087_s210_w4_1120_1135_r2  n=  3  avg=+29.1%  med=+19.4%  realized=$+28.00
  b88|c088_s165_w1_0928_1005_r5  n= 21  avg=-5.0%  med=-2.7%  realized=$-63.00
  b88|c088_s167_w1_0928_1005_r4  n=  4  avg=-12.7%  med=+30.9%  realized=$-28.00
  b898|lab0898_s411_w1_0928_1005_r1  n=  1  avg=-51.4%  med=-51.4%  realized=$-37.00
  b899|lab0899_s411_w1_0928_1005_r2  n=  1  avg=-48.6%  med=-48.6%  realized=$-35.00
  b89|c089_s165_w2_1005_1045_r5  n=  7  avg=+113.1%  med=+30.9%  realized=$+67.00
  b89|c089_s167_w2_1005_1045_r4  n=  2  avg=-16.2%  med=+30.9%  realized=$-22.00
  b8|c008_s165_w1_0928_1005_r1  n= 23  avg=-19.6%  med=-35.3%  realized=$-250.00
  b900|lab0900_s411_w2_1005_1045_r1  n=  2  avg=+37.4%  med=+45.0%  realized=$+47.00
  b901|lab0901_s411_w2_1005_1045_r2  n=  3  avg=+32.8%  med=+36.1%  realized=$+61.00
  b902|lab0902_s411_w3_1045_1120_r1  n=  4  avg=+22.8%  med=+13.4%  realized=$+49.00
  b903|lab0903_s411_w3_1045_1120_r2  n=  4  avg=+19.6%  med=+10.4%  realized=$+41.00
  b905|lab0905_s411_w4_1120_1135_r2  n=  1  avg=+13.1%  med=+13.1%  realized=$+8.00
  b90|c090_s165_w3_1045_1120_r5  n= 13  avg=+7.7%  med=+0.0%  realized=$+47.00
  b90|c090_s167_w3_1045_1120_r4  n=  4  avg=-41.6%  med=-18.9%  realized=$-123.00
  b914|lab0914_s412_w2_1005_1045_r1  n=  4  avg=+75.2%  med=+68.2%  realized=$+124.00
  b915|lab0915_s412_w2_1005_1045_r2  n=  3  avg=+54.2%  med=+43.2%  realized=$+64.00
  b916|lab0916_s412_w3_1045_1120_r1  n=  7  avg=+26.3%  med=-10.7%  realized=$+24.00
  b917|lab0917_s412_w3_1045_1120_r2  n=  1  avg=-51.8%  med=-51.8%  realized=$-29.00
  b919|lab0919_s412_w4_1120_1135_r2  n=  1  avg=+37.5%  med=+37.5%  realized=$+12.00
  b91|c091_s165_w4_1120_1135_r5  n=  2  avg=+222.0%  med=+247.0%  realized=$+293.00
  b94|lab0094_s211_w1_0928_1005_r1  n=  3  avg=-21.0%  med=-5.7%  realized=$-39.00
  b95|lab0095_s211_w1_0928_1005_r2  n=  3  avg=-30.5%  med=-17.1%  realized=$-51.00
  b96|lab0096_s211_w2_1005_1045_r1  n=  2  avg=-34.8%  med=-31.6%  realized=$-28.00
  b97|lab0097_s211_w2_1005_1045_r2  n=  3  avg=-23.6%  med=-16.7%  realized=$-40.00
  b98|lab0098_s211_w3_1045_1120_r1  n=  3  avg=-45.9%  med=-44.4%  realized=$-51.00
  b99|lab0099_s211_w3_1045_1120_r2  n=  4  avg=+102.6%  med=+125.0%  realized=$+160.00
  b9|c009_s165_w2_1005_1045_r1  n=  7  avg=-74.4%  med=-66.2%  realized=$-301.00
========================================================
+========================================================================+
|  OPTIONS BOT SUMMARY                                                   |
+------------------------------------------------------------------------+
|  Mode                          after_hours                             |
|  Equity                        $143,277.28                             |
|  Signals this run              0                                       |
|  Orders submitted (session)    0                                       |
|  Orders filled today (ledger)  0                                       |
|  Entries placed this run       0                                       |
|  Open virtual lots             156                                     |
|  Broker option positions       26                                      |
|  Unattributed contracts        3 (orphan reconcile)                    |
|  Pending orders                0                                       |
+========================================================================+
+========================================================================+
|  BUCKET LEADERBOARD (reflected ex-S173,S174)                           |
+------------------------------------------------------------------------+
|  Reflected trades=1034  buckets=250  win=45%                           |
|  Returns   avg=+26.3%  med=-15.6%  p10=-73.8%  p90=+140.0%             |
|  Realized  $+11,975.32                                                 |
|  Raw incl dropped  trades=1568  real=$+10,379.77                       |
+------------------------------------------------------------------------+
|  BKT PROFILE               N  WIN  AVG%   MED%   BEST%  REAL$          |
+------------------------------------------------------------------------+
|  b383 lab0383_s362_w4_11  1 100% +1222.6 +1222.6 +1222.6 $   +379      |
|  b382 lab0382_s362_w4_11  1 100% +1125.8 +1125.8 +1125.8 $   +349      |
|  b860 lab0860_s408_w3_10  4  50% +631.1 +566.7 +1446.7 $   +411        |
|  b196 lab0196_s218_w3_10  3 100% +453.8 +403.1 +906.2 $   +310         |
|  b319 lab0319_s355_w4_11  1 100% +328.6 +328.6 +328.6 $   +138         |
|  b268 lab0268_s403_w4_11  2 100% +320.0 +320.0 +320.0 $   +160         |
|  b197 lab0197_s218_w3_10  3 100% +368.0 +318.8 +737.5 $   +253         |
|  b318 lab0318_s355_w4_11  1 100% +292.9 +292.9 +292.9 $   +123         |
|  ... 242 more bucket(s) with exits                                     |
+------------------------------------------------------------------------+
|  Low  b108 lab0108_s212_w1_09  4   0% -82.2 -98.4 -98.6 $   -199       |
+========================================================================+
+========================================================================+
|  PENDING EXITS (9)                                                     |
+------------------------------------------------------------------------+
|  b0   ORPHAN PLTR260807C00172500 x3 stop_loss (-54.4%)                 |
|  b802 S404 AMZN260807C00295000 x1 stop_loss (-90.1%)                   |
|  b0   ORPHAN AMZN260807C00302500 x1 stop_loss (-92.7%)                 |
|  b196 S218 RBLX260807C00040000 x1 stop_loss (-84.8%)                   |
|  b300 S353 AMZN260807C00292500 x1 stop_loss (-90.7%)                   |
|  ... 4 more pending exit(s)                                            |
+========================================================================+
+========================================================================+
|  OPEN OPTIONS (26)                                                     |
+------------------------------------------------------------------------+
|  SYMBOL                      QTY    RET%        OPEN P&L               |
|------------------------------------------------------------------------|
|  AMZN260807C00295000          35    -90.1%   $ -1,271.67               |
|  AMZN260807C00292500          20    -90.7%   $   -977.00               |
|  AMZN260807C00297500           9    -94.1%   $   -287.31               |
|  UBER260807C00078000           5    -98.0%   $   -247.67               |
|  DKNG260807C00024500           7    -59.4%   $   -163.80               |
|  NKE260807C00042000           10    +13.9%   $    +89.00               |
|  RBLX260807C00040000           3    -84.8%   $    -84.00               |
|  TTD260807P00017000            4    -34.5%   $    -76.00               |
|  ... 18 more position(s)                                               |
+========================================================================+
Full detail: logs/options_trial/runs/2026-08-06.log
elapsed=0.6s reconcile=0.14s

=== 09:25:47 ET — after hours (exit summary) [elapsed=0.5s reconcile=0.13s] ===
=== options_morning_bot (PAPER) 2026-08-06T09:25:47.012611-04:00 ===

[Run context]
After hours (09:25 ET) — exit summary only.
Paper auth OK — equity $143264.28, account PA36KS87UPRS
  reconcile: layout changed controlled:100:c000_s173_w1_0928_1005_r1 -> controlled:1024:lab0000_s200_w1_0928_1005_r1

[Exit summary]
========================================================
OPTIONS EXIT SUMMARY — 2026-08-06
========================================================
Account equity: $143,264.28
Open broker positions: 26  unrealized $-3,220.68

No closed trades today.
========================================================

[Portfolio snapshot]
========================================================
OPTIONS TRIAL STATS
========================================================
Account equity: $143,264.28
Active buckets: 1024 of 1024 profiles ($500 virtual each) — paper unlimited mode

P&L summary
  Reflected (ex-S173,S174): $+11,975.32 all-time  |  $+0.00 today
  Raw (incl dropped):     $+10,379.77 all-time  |  $+0.00 today
  Open (not sold yet): $-3,120.86 unrealized (virtual lots)
                       $-3,220.68 unrealized (broker total)
  Premium deployed:    $8,121.20 in open positions
  Combined P&L:        $+8,854.46 (reflected realized + open virtual)

Ledger (master)
  Total events:     8682
  Today entries:    0
  Today exits (reflected): 0
  All-time exits (reflected): 1034  wins 45%
  Avg return/trade: +26.3%  median -15.2%

Open virtual lots (by bucket)
  b0 lab0000_s200_w1_0928_1005_r1  prem=$  1042  real=$ +0.00  open=$ +0.00  lots=15  [ORPHAN:NKEx1, ORPHAN:UBERx1, ORPHAN:AAPLx2, ORPHAN:AMZNx1 +11 more]
       buy: ask-0.01  sell: bid-0.01  tp=+50% sl=-50%
  b16 lab0016_s202_w1_0928_1005_r1  prem=$     0  real=$-39.00  open=$ +0.00  lots=0  [-]
       buy: ask-0.01  sell: bid-0.01  tp=+50% sl=-50%
  b17 lab0017_s202_w1_0928_1005_r2  prem=$     0  real=$-40.00  open=$ +0.00  lots=0  [-]
       buy: ask-0.01  sell: bid-0.01  tp=+50% sl=-50%
  b18 lab0018_s202_w2_1005_1045_r1  prem=$     0  real=$-29.00  open=$ +0.00  lots=0  [-]
       buy: ask-0.01  sell: bid-0.01  tp=+50% sl=-50%
  b19 lab0019_s202_w2_1005_1045_r2  prem=$     0  real=$-22.00  open=$ +0.00  lots=0  [-]
       buy: ask-0.01  sell: bid-0.01  tp=+50% sl=-50%
  b24 lab0024_s203_w1_0928_1005_r1  prem=$     0  real=$-65.00  open=$ +0.00  lots=0  [-]
       buy: ask-0.01  sell: bid-0.01  tp=+50% sl=-50%
  b26 lab0026_s203_w2_1005_1045_r1  prem=$     0  real=$-78.00  open=$ +0.00  lots=0  [-]
       buy: ask-0.01  sell: bid-0.01  tp=+50% sl=-50%
  b27 lab0027_s203_w2_1005_1045_r2  prem=$     0  real=$-253.00  open=$ +0.00  lots=0  [-]
       buy: ask-0.01  sell: bid-0.01  tp=+50% sl=-50%
  b28 lab0028_s203_w3_1045_1120_r1  prem=$    51  real=$-54.00  open=$-17.62  lots=1  [S203:TTDx1]
       buy: ask-0.01  sell: bid-0.01  tp=+50% sl=-50%
  b29 lab0029_s203_w3_1045_1120_r2  prem=$    51  real=$-54.00  open=$-17.62  lots=1  [S203:TTDx1]
       buy: ask-0.01  sell: bid-0.01  tp=+50% sl=-50%
  b30 lab0030_s203_w4_1120_1135_r1  prem=$    59  real=$-99.00  open=$-20.38  lots=1  [S203:TTDx1]
       buy: ask-0.01  sell: bid-0.01  tp=+50% sl=-50%
  b31 lab0031_s203_w4_1120_1135_r2  prem=$    59  real=$-93.00  open=$-20.38  lots=1  [S203:TTDx1]
       buy: ask-0.01  sell: bid-0.01  tp=+50% sl=-50%
  b58 lab0058_s207_w2_1005_1045_r1  prem=$     0  real=$-66.00  open=$ +0.00  lots=0  [-]
       buy: ask-0.01  sell: bid-0.01  tp=+50% sl=-50%
  b59 lab0059_s207_w2_1005_1045_r2  prem=$     0  real=$-153.00  open=$ +0.00  lots=0  [-]
       buy: ask-0.01  sell: bid-0.01  tp=+50% sl=-50%
  b60 lab0060_s207_w3_1045_1120_r1  prem=$     0  real=$-118.00  open=$ +0.00  lots=0  [-]
       buy: ask-0.01  sell: bid-0.01  tp=+50% sl=-50%
  b61 lab0061_s207_w3_1045_1120_r2  prem=$     0  real=$-135.00  open=$ +0.00  lots=0  [-]
       buy: ask-0.01  sell: bid-0.01  tp=+50% sl=-50%
  b62 lab0062_s207_w4_1120_1135_r1  prem=$     0  real=$-158.00  open=$ +0.00  lots=0  [-]
       buy: ask-0.01  sell: bid-0.01  tp=+50% sl=-50%
  b63 lab0063_s207_w4_1120_1135_r2  prem=$     0  real=$-83.00  open=$ +0.00  lots=0  [-]
       buy: ask-0.01  sell: bid-0.01  tp=+50% sl=-50%
  b80 lab0080_s210_w1_0928_1005_r1  prem=$     0  real=$ +7.00  open=$ +0.00  lots=0  [-]
       buy: ask-0.01  sell: bid-0.01  tp=+50% sl=-50%
  b81 lab0081_s210_w1_0928_1005_r2  prem=$     0  real=$+10.00  open=$ +0.00  lots=0  [-]
       buy: ask-0.01  sell: bid-0.01  tp=+50% sl=-50%
  (258 more active bucket(s) omitted)
  (746 quiet bucket profile(s) — no trades yet)

Alpaca option positions
  AAPL260807C00317500  qty=1  cost=$63.00  return=+39.7%  open P&L=$+25.00
  AAPL260814C00330000  qty=6  cost=$358.50  return=+2.1%  open P&L=$+7.50
  AMD260807C00555000  qty=2  cost=$122.00  return=-49.2%  open P&L=$-60.00
  AMZN260807C00292500  qty=20  cost=$1,077.00  return=-90.7%  open P&L=$-977.00
  AMZN260807C00295000  qty=35  cost=$1,411.67  return=-90.1%  open P&L=$-1,271.67
  AMZN260807C00297500  qty=9  cost=$305.31  return=-94.1%  open P&L=$-287.31
  AMZN260807C00302500  qty=1  cost=$13.67  return=-92.7%  open P&L=$-12.67
  DKNG260807C00024500  qty=7  cost=$275.80  return=-59.4%  open P&L=$-163.80
  HOOD260807C00100000  qty=2  cost=$112.00  return=-44.6%  open P&L=$-50.00
  HOOD260807C00101000  qty=2  cost=$96.00  return=-54.2%  open P&L=$-52.00
  NKE260807C00042000  qty=10  cost=$641.00  return=+13.9%  open P&L=$+89.00
  NKE260807C00043000  qty=4  cost=$94.00  return=+14.9%  open P&L=$+14.00
  NKE260821C00044000  qty=12  cost=$756.00  return=+1.6%  open P&L=$+12.00
  NKE260828C00045000  qty=12  cost=$758.00  return=-1.8%  open P&L=$-14.00
  NKE260904C00045000  qty=4  cost=$288.00  return=+6.9%  open P&L=$+20.00
  PLTR260807C00172500  qty=3  cost=$118.50  return=-54.4%  open P&L=$-64.50
  RBLX260807C00040000  qty=3  cost=$99.00  return=-84.8%  open P&L=$-84.00
  T260807C00022500  qty=2  cost=$88.00  return=+31.8%  open P&L=$+28.00
  TTD260807C00020500  qty=4  cost=$268.00  return=+0.0%  open P&L=$+0.00
  TTD260807C00021500  qty=2  cost=$92.00  return=-2.2%  open P&L=$-2.00
  TTD260807P00017000  qty=4  cost=$220.00  return=-34.5%  open P&L=$-76.00
  UBER260807C00070000  qty=9  cost=$290.08  return=-6.9%  open P&L=$-20.08
  UBER260807C00078000  qty=5  cost=$252.67  return=-98.0%  open P&L=$-247.67
  UBER260814C00072000  qty=4  cost=$170.00  return=-8.2%  open P&L=$-14.00
  UBER260814C00073000  qty=1  cost=$40.50  return=-33.3%  open P&L=$-13.50
  UBER260828C00075000  qty=4  cost=$210.00  return=-2.9%  open P&L=$-6.00

Per-bucket exit stats (all time)
  b0|orphan_reconcile     n= 88  avg=-6.9%  med=-60.0%  realized=$+5,826.10
  b104|c104_s164_w1_0928_1005_r4  n=  1  avg=-88.9%  med=-88.9%  realized=$-8.00
  b108|c108_s202_w3_1045_1120_r1  n=  1  avg=-33.3%  med=-33.3%  realized=$-1.00
  b108|lab0108_s212_w1_0928_1005_r1  n=  3  avg=-98.5%  med=-98.6%  realized=$-198.00
  b109|c109_s202_w3_1045_1120_r2  n=  1  avg=-66.7%  med=-66.7%  realized=$-2.00
  b109|lab0109_s212_w1_0928_1005_r2  n=  3  avg=-85.2%  med=-98.2%  realized=$-169.00
  b10|c010_s165_w3_1045_1120_r1  n=  8  avg=-37.2%  med=-18.9%  realized=$-205.00
  b110|lab0110_s212_w2_1005_1045_r1  n=  3  avg=-71.9%  med=-74.6%  realized=$-140.00
  b111|lab0111_s212_w2_1005_1045_r2  n=  3  avg=-63.7%  med=-66.1%  realized=$-124.00
  b112|lab0112_s212_w3_1045_1120_r1  n=  5  avg=-62.0%  med=-68.1%  realized=$-158.00
  b113|lab0113_s212_w3_1045_1120_r2  n=  8  avg=-79.5%  med=-74.5%  realized=$-347.00
  b114|lab0114_s212_w4_1120_1135_r1  n=  6  avg=-67.2%  med=-73.5%  realized=$-206.00
  b115|lab0115_s212_w4_1120_1135_r2  n=  4  avg=-73.2%  med=-54.1%  realized=$-150.00
  b132|c132_s164_w1_0928_1005_r5  n=  2  avg=-65.7%  med=-53.6%  realized=$-37.00
  b135|c135_s164_w4_1120_1135_r5  n=  1  avg=-50.0%  med=-50.0%  realized=$-4.00
  b164|lab0164_s216_w1_0928_1005_r1  n=  1  avg=-51.7%  med=-51.7%  realized=$-31.00
  b165|lab0165_s216_w1_0928_1005_r2  n=  1  avg=-51.7%  med=-51.7%  realized=$-31.00
  b166|lab0166_s216_w2_1005_1045_r1  n=  2  avg=-69.6%  med=-63.4%  realized=$-73.00
  b167|lab0167_s216_w2_1005_1045_r2  n=  4  avg=-82.1%  med=-80.5%  realized=$-153.00
  b169|lab0169_s216_w3_1045_1120_r2  n=  2  avg=-54.3%  med=-52.3%  realized=$-50.00
  b16|lab0016_s202_w1_0928_1005_r1  n=  1  avg=-63.9%  med=-63.9%  realized=$-39.00
  b178|lab0178_s217_w1_0928_1005_r1  n=  1  avg=+66.0%  med=+66.0%  realized=$+31.00
  b179|lab0179_s217_w1_0928_1005_r2  n=  1  avg=+51.1%  med=+51.1%  realized=$+24.00
  b17|lab0017_s202_w1_0928_1005_r2  n=  1  avg=-65.6%  med=-65.6%  realized=$-40.00
  b180|lab0180_s217_w2_1005_1045_r1  n=  7  avg=+209.4%  med=+135.3%  realized=$+392.00
  b181|lab0181_s217_w2_1005_1045_r2  n=  7  avg=+219.5%  med=+73.3%  realized=$+374.00
  b182|lab0182_s217_w3_1045_1120_r1  n=  2  avg=-43.8%  med=-43.8%  realized=$-28.00
  b183|lab0183_s217_w3_1045_1120_r2  n=  3  avg=-64.2%  med=-68.8%  realized=$-66.00
  b185|lab0185_s217_w4_1120_1135_r2  n=  1  avg=-55.6%  med=-55.6%  realized=$-25.00
  b18|lab0018_s202_w2_1005_1045_r1  n=  1  avg=-74.4%  med=-74.4%  realized=$-29.00
  b192|lab0192_s218_w1_0928_1005_r1  n=  2  avg=+50.0%  med=+50.0%  realized=$+66.00
  b193|lab0193_s218_w1_0928_1005_r2  n=  3  avg=+40.9%  med=+36.4%  realized=$+78.00
  b194|lab0194_s218_w2_1005_1045_r1  n=  9  avg=+13.9%  med=+22.2%  realized=$-41.00
  b195|lab0195_s218_w2_1005_1045_r2  n=  9  avg=+33.6%  med=+58.8%  realized=$+67.00
  b196|lab0196_s218_w3_1045_1120_r1  n=  3  avg=+453.8%  med=+403.1%  realized=$+310.00
  b197|lab0197_s218_w3_1045_1120_r2  n=  3  avg=+368.0%  med=+318.8%  realized=$+253.00
  b198|lab0198_s218_w4_1120_1135_r1  n=  1  avg=+71.9%  med=+71.9%  realized=$+41.00
  b199|lab0199_s218_w4_1120_1135_r2  n=  1  avg=+75.4%  med=+75.4%  realized=$+43.00
  b19|lab0019_s202_w2_1005_1045_r2  n=  1  avg=-56.4%  med=-56.4%  realized=$-22.00
  b20|c020_s164_w1_0928_1005_r1  n=  1  avg=-88.9%  med=-88.9%  realized=$-8.00
  b222|lab0222_s400_w2_1005_1045_r1  n=  1  avg=-50.0%  med=-50.0%  realized=$-4.00
  b223|lab0223_s400_w2_1005_1045_r2  n=  1  avg=-50.0%  med=-50.0%  realized=$-4.00
  b224|lab0224_s400_w3_1045_1120_r1  n=  1  avg=-66.7%  med=-66.7%  realized=$-10.00
  b225|lab0225_s400_w3_1045_1120_r2  n=  1  avg=-66.7%  med=-66.7%  realized=$-10.00
  b227|lab0227_s400_w4_1120_1135_r2  n=  1  avg=-22.2%  med=-22.2%  realized=$-2.00
  b234|lab0234_s401_w1_0928_1005_r1  n=  4  avg=-6.9%  med=+8.3%  realized=$-12.00
  b235|lab0235_s401_w1_0928_1005_r2  n=  6  avg=+69.3%  med=+80.6%  realized=$+229.00
  b236|c236_s218_w3_1045_1120_r1  n=  1  avg=-33.3%  med=-33.3%  realized=$-1.00
  b236|lab0236_s401_w2_1005_1045_r1  n=  2  avg=-96.2%  med=-96.2%  realized=$-102.00
  b237|c237_s218_w3_1045_1120_r2  n=  1  avg=-66.7%  med=-66.7%  realized=$-2.00
  b237|lab0237_s401_w2_1005_1045_r2  n=  2  avg=-96.2%  med=-96.2%  realized=$-102.00
  b238|lab0238_s401_w3_1045_1120_r1  n=  5  avg=+295.6%  med=+273.1%  realized=$+424.00
  b239|lab0239_s401_w3_1045_1120_r2  n=  4  avg=+27.0%  med=+38.5%  realized=$+13.00
  b240|lab0240_s401_w4_1120_1135_r1  n=  5  avg=+20.2%  med=+21.1%  realized=$+29.00
  b241|lab0241_s401_w4_1120_1135_r2  n=  4  avg=+26.1%  med=+31.6%  realized=$+31.00
  b24|lab0024_s203_w1_0928_1005_r1  n=  2  avg=-75.6%  med=-74.4%  realized=$-65.00
  b262|lab0262_s403_w1_0928_1005_r1  n=  1  avg=+65.4%  med=+65.4%  realized=$+34.00
  b263|lab0263_s403_w1_0928_1005_r2  n=  1  avg=+50.0%  med=+50.0%  realized=$+26.00
  b264|lab0264_s403_w2_1005_1045_r1  n=  1  avg=-66.1%  med=-66.1%  realized=$-39.00
  b265|lab0265_s403_w2_1005_1045_r2  n=  1  avg=-52.5%  med=-52.5%  realized=$-31.00
  b266|lab0266_s403_w3_1045_1120_r1  n=  1  avg=-85.9%  med=-85.9%  realized=$-61.00
  b267|lab0267_s403_w3_1045_1120_r2  n=  1  avg=-77.5%  med=-77.5%  realized=$-55.00
  b268|lab0268_s403_w4_1120_1135_r1  n=  2  avg=+320.0%  med=+320.0%  realized=$+160.00
  b269|lab0269_s403_w4_1120_1135_r2  n=  4  avg=+158.4%  med=+316.0%  realized=$+182.00
  b26|lab0026_s203_w2_1005_1045_r1  n=  3  avg=-54.5%  med=-54.0%  realized=$-78.00
  b276|lab0276_s350_w1_0928_1005_r1  n=  6  avg=+84.1%  med=+102.9%  realized=$+218.00
  b277|lab0277_s350_w1_0928_1005_r2  n=  4  avg=+154.0%  med=+260.0%  realized=$+258.00
  b278|lab0278_s350_w2_1005_1045_r1  n=  8  avg=+23.2%  med=+15.0%  realized=$+27.00
  b279|lab0279_s350_w2_1005_1045_r2  n=  8  avg=+66.8%  med=+94.1%  realized=$+137.00
  b27|lab0027_s203_w2_1005_1045_r2  n=  8  avg=-66.2%  med=-56.2%  realized=$-253.00
  b280|lab0280_s351_w1_0928_1005_r1  n=  5  avg=+104.3%  med=+171.9%  realized=$+164.00
  b281|lab0281_s351_w1_0928_1005_r2  n=  4  avg=+209.5%  med=+346.9%  realized=$+310.00
  b282|lab0282_s351_w2_1005_1045_r1  n=  6  avg=-51.8%  med=-62.5%  realized=$-127.00
  b283|lab0283_s351_w2_1005_1045_r2  n=  7  avg=-42.2%  med=-52.9%  realized=$-114.00
  b285|lab0285_s351_w3_1045_1120_r2  n=  1  avg=-33.3%  med=-33.3%  realized=$-1.00
  b286|lab0286_s351_w4_1120_1135_r1  n=  2  avg=-94.9%  med=-94.9%  realized=$-74.00
  b287|lab0287_s351_w4_1120_1135_r2  n=  5  avg=-50.4%  med=-40.0%  realized=$-79.00
  b288|lab0288_s352_w1_0928_1005_r1  n=  2  avg=+76.2%  med=+100.0%  realized=$+54.00
  b289|lab0289_s352_w1_0928_1005_r2  n=  2  avg=+70.7%  med=+93.8%  realized=$+50.00
  b28|c028_s165_w1_0928_1005_r2  n= 17  avg=+49.5%  med=+80.0%  realized=$+448.00
  b28|c028_s173_w1_0928_1005_r2  n=  5  avg=+51.6%  med=+80.0%  realized=$+142.00
  b28|lab0028_s203_w3_1045_1120_r1  n=  2  avg=-50.9%  med=-49.0%  realized=$-54.00
  b290|lab0290_s352_w2_1005_1045_r1  n=  2  avg=+73.6%  med=+108.3%  realized=$+40.00
  b291|lab0291_s352_w2_1005_1045_r2  n=  4  avg=+101.6%  med=+194.4%  realized=$+104.00
  b293|lab0293_s352_w3_1045_1120_r2  n=  1  avg=+90.0%  med=+90.0%  realized=$+18.00
  b296|lab0296_s353_w1_0928_1005_r1  n=  2  avg=+123.7%  med=+123.7%  realized=$+94.00
  b297|lab0297_s353_w1_0928_1005_r2  n=  2  avg=+79.0%  med=+79.0%  realized=$+60.00
  b298|lab0298_s353_w2_1005_1045_r1  n=  6  avg=-56.2%  med=-50.8%  realized=$-174.00
  b299|lab0299_s353_w2_1005_1045_r2  n=  3  avg=-75.9%  med=-76.3%  realized=$-86.00
  b29|c029_s165_w2_1005_1045_r2  n=  9  avg=-23.3%  med=-50.0%  realized=$-221.00
  b29|c029_s173_w2_1005_1045_r2  n=  2  avg=-69.3%  med=-48.5%  realized=$-78.00
  b29|lab0029_s203_w3_1045_1120_r2  n=  2  avg=-50.9%  med=-49.0%  realized=$-54.00
  b304|lab0304_s354_w1_0928_1005_r1  n=  1  avg=+93.6%  med=+93.6%  realized=$+44.00
  b305|lab0305_s354_w1_0928_1005_r2  n=  1  avg=+100.0%  med=+100.0%  realized=$+47.00
  b306|lab0306_s354_w2_1005_1045_r1  n=  3  avg=+68.4%  med=+133.3%  realized=$+91.00
  b307|lab0307_s354_w2_1005_1045_r2  n=  4  avg=+36.4%  med=+137.8%  realized=$+64.00
  b308|lab0308_s354_w3_1045_1120_r1  n=  3  avg=+102.3%  med=+136.9%  realized=$+162.00
  b309|lab0309_s354_w3_1045_1120_r2  n=  3  avg=+75.3%  med=+103.1%  realized=$+117.00
  b30|c030_s165_w3_1045_1120_r2  n=  9  avg=+38.8%  med=+0.0%  realized=$+260.00
  b30|c030_s173_w3_1045_1120_r2  n=  2  avg=-9.5%  med=+0.0%  realized=$-14.00
  b30|lab0030_s203_w4_1120_1135_r1  n=  3  avg=-61.1%  med=-66.1%  realized=$-99.00
  b310|lab0310_s354_w4_1120_1135_r1  n=  3  avg=+56.5%  med=+116.7%  realized=$+122.00
  b311|lab0311_s354_w4_1120_1135_r2  n=  2  avg=+209.1%  med=+290.5%  realized=$+214.00
  b312|lab0312_s355_w1_0928_1005_r1  n=  2  avg=+19.0%  med=+91.5%  realized=$+20.00
  b313|lab0313_s355_w1_0928_1005_r2  n=  2  avg=+18.1%  med=+85.1%  realized=$+19.00
  b314|lab0314_s355_w2_1005_1045_r1  n=  5  avg=+15.0%  med=-63.4%  realized=$+35.00
  b315|lab0315_s355_w2_1005_1045_r2  n=  5  avg=+8.2%  med=-37.1%  realized=$+26.00
  b316|lab0316_s355_w3_1045_1120_r1  n=  1  avg=+193.8%  med=+193.8%  realized=$+93.00
  b317|lab0317_s355_w3_1045_1120_r2  n=  1  avg=+187.5%  med=+187.5%  realized=$+90.00
  b318|lab0318_s355_w4_1120_1135_r1  n=  1  avg=+292.9%  med=+292.9%  realized=$+123.00
  b319|lab0319_s355_w4_1120_1135_r2  n=  1  avg=+328.6%  med=+328.6%  realized=$+138.00
  b31|c031_s165_w4_1120_1135_r2  n=  2  avg=+145.5%  med=+175.8%  realized=$+192.00
  b31|lab0031_s203_w4_1120_1135_r2  n=  3  avg=-57.3%  med=-62.7%  realized=$-93.00
  b320|lab0320_s356_w1_0928_1005_r1  n=  2  avg=+37.9%  med=+37.9%  realized=$+44.00
  b321|lab0321_s356_w1_0928_1005_r2  n=  2  avg=+58.6%  med=+58.6%  realized=$+68.00
  b328|lab0328_s357_w1_0928_1005_r1  n=  2  avg=+47.1%  med=+47.1%  realized=$+64.00
  b329|lab0329_s357_w1_0928_1005_r2  n=  2  avg=+47.1%  med=+47.1%  realized=$+64.00
  b332|lab0332_s357_w3_1045_1120_r1  n=  1  avg=+59.7%  med=+59.7%  realized=$+37.00
  b333|lab0333_s357_w3_1045_1120_r2  n=  2  avg=+65.0%  med=+71.9%  realized=$+77.00
  b344|lab0344_s359_w1_0928_1005_r1  n=  2  avg=+37.2%  med=+142.9%  realized=$-19.00
  b345|lab0345_s359_w1_0928_1005_r2  n=  2  avg=+82.7%  med=+228.6%  realized=$-4.00
  b346|lab0346_s359_w2_1005_1045_r1  n=  7  avg=-38.7%  med=-46.7%  realized=$-98.00
  b347|lab0347_s359_w2_1005_1045_r2  n=  7  avg=-40.7%  med=-46.7%  realized=$-100.00
  b348|lab0348_s360_w1_0928_1005_r1  n=  1  avg=-82.2%  med=-82.2%  realized=$-37.00
  b349|lab0349_s360_w1_0928_1005_r2  n=  1  avg=-77.8%  med=-77.8%  realized=$-35.00
  b350|lab0350_s360_w2_1005_1045_r1  n=  7  avg=-37.4%  med=-46.7%  realized=$-93.00
  b351|lab0351_s360_w2_1005_1045_r2  n=  7  avg=-45.7%  med=-56.4%  realized=$-120.00
  b352|lab0352_s360_w3_1045_1120_r1  n=  1  avg=-50.0%  med=-50.0%  realized=$-6.00
  b353|lab0353_s360_w3_1045_1120_r2  n=  1  avg=-50.0%  med=-50.0%  realized=$-6.00
  b354|lab0354_s360_w4_1120_1135_r1  n=  2  avg=-33.3%  med=-33.3%  realized=$-12.00
  b355|lab0355_s360_w4_1120_1135_r2  n=  3  avg=-34.9%  med=-54.8%  realized=$-32.00
  b364|lab0364_s361_w2_1005_1045_r1  n=  6  avg=+9.5%  med=+81.8%  realized=$+15.00
  b365|lab0365_s361_w2_1005_1045_r2  n=  9  avg=+108.9%  med=+82.8%  realized=$+204.00
  b367|lab0367_s361_w3_1045_1120_r2  n=  3  avg=+16.0%  med=-8.3%  realized=$+3.00
  b376|lab0376_s362_w1_0928_1005_r1  n=  3  avg=+43.9%  med=+8.7%  realized=$+52.00
  b377|lab0377_s362_w1_0928_1005_r2  n=  3  avg=+49.6%  med=+13.0%  realized=$+61.00
  b378|lab0378_s362_w2_1005_1045_r1  n=  3  avg=+52.7%  med=+52.6%  realized=$+59.00
  b379|lab0379_s362_w2_1005_1045_r2  n=  7  avg=+41.8%  med=+38.2%  realized=$+123.00
  b380|lab0380_s362_w3_1045_1120_r1  n=  4  avg=+63.0%  med=+103.3%  realized=$+164.00
  b381|lab0381_s362_w3_1045_1120_r2  n=  4  avg=+67.4%  med=+108.3%  realized=$+174.00
  b382|lab0382_s362_w4_1120_1135_r1  n=  1  avg=+1125.8%  med=+1125.8%  realized=$+349.00
  b383|lab0383_s362_w4_1120_1135_r2  n=  1  avg=+1222.6%  med=+1222.6%  realized=$+379.00
  b390|lab0390_s363_w1_0928_1005_r1  n=  1  avg=+106.5%  med=+106.5%  realized=$+33.00
  b391|lab0391_s363_w1_0928_1005_r2  n=  1  avg=+103.2%  med=+103.2%  realized=$+32.00
  b392|lab0392_s363_w2_1005_1045_r1  n=  3  avg=+27.8%  med=+9.5%  realized=$+26.00
  b393|lab0393_s363_w2_1005_1045_r2  n=  3  avg=+25.0%  med=+7.1%  realized=$+23.00
  b397|lab0397_s363_w4_1120_1135_r2  n=  2  avg=+52.9%  med=+52.9%  realized=$+36.00
  b405|lab0405_s364_w1_0928_1005_r2  n=  1  avg=+50.0%  med=+50.0%  realized=$+25.00
  b406|lab0406_s364_w2_1005_1045_r1  n=  3  avg=+71.9%  med=+77.8%  realized=$+100.00
  b407|lab0407_s364_w2_1005_1045_r2  n=  4  avg=+36.3%  med=+69.6%  realized=$+62.00
  b408|lab0408_s364_w3_1045_1120_r1  n=  2  avg=+66.7%  med=+66.7%  realized=$+44.00
  b409|lab0409_s364_w3_1045_1120_r2  n=  3  avg=+61.6%  med=+63.6%  realized=$+61.00
  b410|lab0410_s364_w4_1120_1135_r1  n=  2  avg=+233.3%  med=+233.3%  realized=$+168.00
  b411|lab0411_s364_w4_1120_1135_r2  n=  2  avg=+188.9%  med=+188.9%  realized=$+136.00
  b48|c048_s164_w1_0928_1005_r2  n=  5  avg=-33.1%  med=-49.1%  realized=$-91.00
  b48|c048_s165_w1_0928_1005_r3  n= 16  avg=-35.9%  med=-49.1%  realized=$-344.00
  b49|c049_s164_w2_1005_1045_r2  n=  4  avg=-51.8%  med=-44.0%  realized=$-133.00
  b49|c049_s165_w2_1005_1045_r3  n= 15  avg=-49.3%  med=-49.1%  realized=$-458.00
  b50|c050_s164_w3_1045_1120_r2  n=  4  avg=-39.6%  med=-16.7%  realized=$-115.00
  b50|c050_s165_w3_1045_1120_r3  n=  9  avg=-23.6%  med=-23.1%  realized=$-142.00
  b51|c051_s165_w4_1120_1135_r3  n=  1  avg=+263.6%  med=+263.6%  realized=$+174.00
  b56|g056_lim_tp20_sl65  n=  1  avg=+47.7%  med=+47.7%  realized=$+20.52
  b57|g057_mid_tp20_sl65  n=  1  avg=+47.7%  med=+47.7%  realized=$+20.52
  b58|g058_eod_tp20_sl65  n=  1  avg=+59.1%  med=+59.1%  realized=$+25.41
  b58|lab0058_s207_w2_1005_1045_r1  n=  5  avg=-19.4%  med=-32.0%  realized=$-66.00
  b59|lab0059_s207_w2_1005_1045_r2  n=  5  avg=-48.7%  med=-49.1%  realized=$-153.00
  b60|lab0060_s207_w3_1045_1120_r1  n=  5  avg=-40.3%  med=-45.5%  realized=$-118.00
  b61|lab0061_s207_w3_1045_1120_r2  n=  6  avg=-41.7%  med=-51.5%  realized=$-135.00
  b62|lab0062_s207_w4_1120_1135_r1  n=  5  avg=-51.2%  med=-59.7%  realized=$-158.00
  b63|lab0063_s207_w4_1120_1135_r2  n=  4  avg=-32.9%  med=-45.8%  realized=$-83.00
  b68|c068_s165_w1_0928_1005_r4  n= 16  avg=-51.3%  med=-49.1%  realized=$-446.00
  b68|c068_s166_w1_0928_1005_r3  n=  4  avg=-52.7%  med=-49.1%  realized=$-116.00
  b69|c069_s165_w2_1005_1045_r4  n= 11  avg=+19.0%  med=-43.6%  realized=$-179.00
  b69|c069_s166_w2_1005_1045_r3  n=  4  avg=+10.1%  med=-40.0%  realized=$-87.00
  b70|c070_s165_w3_1045_1120_r4  n= 11  avg=-2.1%  med=-16.9%  realized=$-6.00
  b70|c070_s166_w3_1045_1120_r3  n=  4  avg=-42.5%  med=-27.0%  realized=$-124.00
  b70|g070_eod_tp30_sl20  n=  1  avg=+59.1%  med=+59.1%  realized=$+27.77
  b76|c076_s164_w1_0928_1005_r3  n=  1  avg=-50.0%  med=-50.0%  realized=$-2.00
  b776|lab0776_s397_w1_0928_1005_r1  n=  1  avg=+40.4%  med=+40.4%  realized=$+23.00
  b777|lab0777_s397_w1_0928_1005_r2  n=  1  avg=+38.6%  med=+38.6%  realized=$+22.00
  b778|lab0778_s397_w2_1005_1045_r1  n=  2  avg=+62.2%  med=+73.0%  realized=$+83.00
  b779|lab0779_s397_w2_1005_1045_r2  n=  2  avg=+52.8%  med=+61.9%  realized=$+70.00
  b780|lab0780_s397_w3_1045_1120_r1  n=  1  avg=+114.8%  med=+114.8%  realized=$+70.00
  b781|lab0781_s397_w3_1045_1120_r2  n=  1  avg=+116.4%  med=+116.4%  realized=$+71.00
  b783|lab0783_s397_w4_1120_1135_r2  n=  1  avg=+151.6%  med=+151.6%  realized=$+94.00
  b784|lab0784_s398_w1_0928_1005_r1  n=  1  avg=+49.0%  med=+49.0%  realized=$+24.00
  b785|lab0785_s398_w1_0928_1005_r2  n=  1  avg=+49.0%  med=+49.0%  realized=$+24.00
  b786|lab0786_s398_w2_1005_1045_r1  n=  6  avg=-2.7%  med=+3.3%  realized=$+3.00
  b787|lab0787_s398_w2_1005_1045_r2  n=  2  avg=+69.9%  med=+78.6%  realized=$+82.00
  b788|lab0788_s398_w3_1045_1120_r1  n=  4  avg=+44.6%  med=+77.1%  realized=$+87.00
  b789|lab0789_s398_w3_1045_1120_r2  n=  3  avg=+55.2%  med=+65.7%  realized=$+95.00
  b790|lab0790_s398_w4_1120_1135_r1  n=  2  avg=+226.1%  med=+311.9%  realized=$+232.00
  b791|lab0791_s398_w4_1120_1135_r2  n=  3  avg=+150.8%  med=+155.6%  realized=$+242.00
  b792|lab0792_s399_w1_0928_1005_r1  n=  2  avg=+145.0%  med=+150.0%  realized=$+71.00
  b793|lab0793_s399_w1_0928_1005_r2  n=  8  avg=+37.9%  med=+100.0%  realized=$+85.00
  b794|lab0794_s399_w2_1005_1045_r1  n=  5  avg=-5.3%  med=-17.2%  realized=$-30.00
  b795|lab0795_s399_w2_1005_1045_r2  n=  4  avg=+14.9%  med=+65.5%  realized=$+15.00
  b797|lab0797_s399_w3_1045_1120_r2  n=  5  avg=-64.6%  med=-66.7%  realized=$-121.00
  b798|lab0798_s399_w4_1120_1135_r1  n=  2  avg=+134.0%  med=+134.0%  realized=$+134.00
  b799|lab0799_s399_w4_1120_1135_r2  n=  2  avg=+149.2%  med=+186.5%  realized=$+125.00
  b800|lab0800_s404_w1_0928_1005_r1  n=  1  avg=+38.6%  med=+38.6%  realized=$+22.00
  b801|lab0801_s404_w1_0928_1005_r2  n=  1  avg=+31.6%  med=+31.6%  realized=$+18.00
  b802|lab0802_s404_w2_1005_1045_r1  n=  2  avg=+53.0%  med=+60.9%  realized=$+71.00
  b803|lab0803_s404_w2_1005_1045_r2  n=  2  avg=+48.5%  med=+50.8%  realized=$+64.00
  b804|lab0804_s404_w3_1045_1120_r1  n=  1  avg=+106.6%  med=+106.6%  realized=$+65.00
  b805|lab0805_s404_w3_1045_1120_r2  n=  1  avg=+86.9%  med=+86.9%  realized=$+53.00
  b806|lab0806_s404_w4_1120_1135_r1  n=  1  avg=+145.2%  med=+145.2%  realized=$+90.00
  b807|lab0807_s404_w4_1120_1135_r2  n=  1  avg=+124.2%  med=+124.2%  realized=$+77.00
  b80|lab0080_s210_w1_0928_1005_r1  n=  3  avg=+12.2%  med=-8.5%  realized=$+7.00
  b814|lab0814_s405_w1_0928_1005_r1  n=  1  avg=+53.1%  med=+53.1%  realized=$+26.00
  b815|lab0815_s405_w1_0928_1005_r2  n=  1  avg=+46.9%  med=+46.9%  realized=$+23.00
  b816|lab0816_s405_w2_1005_1045_r1  n=  2  avg=+61.4%  med=+69.6%  realized=$+72.00
  b817|lab0817_s405_w2_1005_1045_r2  n=  8  avg=-19.9%  med=-40.0%  realized=$-71.00
  b818|lab0818_s405_w3_1045_1120_r1  n=  3  avg=+46.7%  med=+55.7%  realized=$+81.00
  b819|lab0819_s405_w3_1045_1120_r2  n=  4  avg=+21.7%  med=+42.9%  realized=$+37.00
  b81|lab0081_s210_w1_0928_1005_r2  n=  3  avg=+14.8%  med=-6.4%  realized=$+10.00
  b820|lab0820_s405_w4_1120_1135_r1  n=  3  avg=+105.6%  med=+106.9%  realized=$+171.00
  b821|lab0821_s405_w4_1120_1135_r2  n=  5  avg=+46.2%  med=+3.5%  realized=$+92.00
  b828|lab0828_s406_w1_0928_1005_r1  n=  2  avg=+11.3%  med=+72.5%  realized=$+22.00
  b829|lab0829_s406_w1_0928_1005_r2  n=  2  avg=+9.3%  med=+68.6%  realized=$+20.00
  b82|lab0082_s210_w2_1005_1045_r1  n=  3  avg=-63.6%  med=-71.0%  realized=$-75.00
  b830|lab0830_s406_w2_1005_1045_r1  n=  6  avg=+54.8%  med=+72.4%  realized=$+64.00
  b831|lab0831_s406_w2_1005_1045_r2  n=  7  avg=+48.0%  med=+82.8%  realized=$+41.00
  b832|lab0832_s406_w3_1045_1120_r1  n=  5  avg=+205.4%  med=+55.3%  realized=$+451.00
  b833|lab0833_s406_w3_1045_1120_r2  n=  7  avg=+254.2%  med=+73.1%  realized=$+469.00
  b834|lab0834_s406_w4_1120_1135_r1  n=  2  avg=+53.8%  med=+63.6%  realized=$+25.00
  b835|lab0835_s406_w4_1120_1135_r2  n=  2  avg=-53.0%  med=-50.0%  realized=$-25.00
  b83|lab0083_s210_w2_1005_1045_r2  n=  4  avg=+28.5%  med=+50.0%  realized=$+34.00
  b842|lab0842_s407_w1_0928_1005_r1  n=  1  avg=+140.0%  med=+140.0%  realized=$+28.00
  b843|lab0843_s407_w1_0928_1005_r2  n=  1  avg=+125.0%  med=+125.0%  realized=$+25.00
  b844|lab0844_s407_w2_1005_1045_r1  n=  6  avg=+126.7%  med=+44.9%  realized=$+102.00
  b845|lab0845_s407_w2_1005_1045_r2  n=  5  avg=+138.4%  med=+38.8%  realized=$+111.00
  b848|lab0848_s407_w4_1120_1135_r1  n=  2  avg=-95.9%  med=-95.9%  realized=$-94.00
  b849|lab0849_s407_w4_1120_1135_r2  n=  5  avg=+104.6%  med=+229.2%  realized=$+115.00
  b84|lab0084_s210_w3_1045_1120_r1  n=  3  avg=+35.7%  med=+16.7%  realized=$+28.00
  b857|lab0857_s408_w1_0928_1005_r2  n=  1  avg=+52.6%  med=+52.6%  realized=$+10.00
  b858|lab0858_s408_w2_1005_1045_r1  n=  1  avg=+41.9%  med=+41.9%  realized=$+13.00
  b859|lab0859_s408_w2_1005_1045_r2  n=  2  avg=+1.1%  med=+45.2%  realized=$+8.00
  b85|lab0085_s210_w3_1045_1120_r2  n=  4  avg=+13.7%  med=+13.9%  realized=$+7.00
  b860|lab0860_s408_w3_1045_1120_r1  n=  4  avg=+631.1%  med=+1188.9%  realized=$+411.00
  b861|lab0861_s408_w3_1045_1120_r2  n=  7  avg=+246.8%  med=+100.0%  realized=$+278.00
  b862|lab0862_s408_w4_1120_1135_r1  n=  1  avg=-50.0%  med=-50.0%  realized=$-8.00
  b863|lab0863_s408_w4_1120_1135_r2  n=  5  avg=-12.5%  med=-6.2%  realized=$-10.00
  b86|lab0086_s210_w4_1120_1135_r1  n=  3  avg=+26.1%  med=+16.7%  realized=$+25.00
  b87|lab0087_s210_w4_1120_1135_r2  n=  3  avg=+29.1%  med=+19.4%  realized=$+28.00
  b88|c088_s165_w1_0928_1005_r5  n= 21  avg=-5.0%  med=-2.7%  realized=$-63.00
  b88|c088_s167_w1_0928_1005_r4  n=  4  avg=-12.7%  med=+30.9%  realized=$-28.00
  b898|lab0898_s411_w1_0928_1005_r1  n=  1  avg=-51.4%  med=-51.4%  realized=$-37.00
  b899|lab0899_s411_w1_0928_1005_r2  n=  1  avg=-48.6%  med=-48.6%  realized=$-35.00
  b89|c089_s165_w2_1005_1045_r5  n=  7  avg=+113.1%  med=+30.9%  realized=$+67.00
  b89|c089_s167_w2_1005_1045_r4  n=  2  avg=-16.2%  med=+30.9%  realized=$-22.00
  b8|c008_s165_w1_0928_1005_r1  n= 23  avg=-19.6%  med=-35.3%  realized=$-250.00
  b900|lab0900_s411_w2_1005_1045_r1  n=  2  avg=+37.4%  med=+45.0%  realized=$+47.00
  b901|lab0901_s411_w2_1005_1045_r2  n=  3  avg=+32.8%  med=+36.1%  realized=$+61.00
  b902|lab0902_s411_w3_1045_1120_r1  n=  4  avg=+22.8%  med=+13.4%  realized=$+49.00
  b903|lab0903_s411_w3_1045_1120_r2  n=  4  avg=+19.6%  med=+10.4%  realized=$+41.00
  b905|lab0905_s411_w4_1120_1135_r2  n=  1  avg=+13.1%  med=+13.1%  realized=$+8.00
  b90|c090_s165_w3_1045_1120_r5  n= 13  avg=+7.7%  med=+0.0%  realized=$+47.00
  b90|c090_s167_w3_1045_1120_r4  n=  4  avg=-41.6%  med=-18.9%  realized=$-123.00
  b914|lab0914_s412_w2_1005_1045_r1  n=  4  avg=+75.2%  med=+68.2%  realized=$+124.00
  b915|lab0915_s412_w2_1005_1045_r2  n=  3  avg=+54.2%  med=+43.2%  realized=$+64.00
  b916|lab0916_s412_w3_1045_1120_r1  n=  7  avg=+26.3%  med=-10.7%  realized=$+24.00
  b917|lab0917_s412_w3_1045_1120_r2  n=  1  avg=-51.8%  med=-51.8%  realized=$-29.00
  b919|lab0919_s412_w4_1120_1135_r2  n=  1  avg=+37.5%  med=+37.5%  realized=$+12.00
  b91|c091_s165_w4_1120_1135_r5  n=  2  avg=+222.0%  med=+247.0%  realized=$+293.00
  b94|lab0094_s211_w1_0928_1005_r1  n=  3  avg=-21.0%  med=-5.7%  realized=$-39.00
  b95|lab0095_s211_w1_0928_1005_r2  n=  3  avg=-30.5%  med=-17.1%  realized=$-51.00
  b96|lab0096_s211_w2_1005_1045_r1  n=  2  avg=-34.8%  med=-31.6%  realized=$-28.00
  b97|lab0097_s211_w2_1005_1045_r2  n=  3  avg=-23.6%  med=-16.7%  realized=$-40.00
  b98|lab0098_s211_w3_1045_1120_r1  n=  3  avg=-45.9%  med=-44.4%  realized=$-51.00
  b99|lab0099_s211_w3_1045_1120_r2  n=  4  avg=+102.6%  med=+125.0%  realized=$+160.00
  b9|c009_s165_w2_1005_1045_r1  n=  7  avg=-74.4%  med=-66.2%  realized=$-301.00
========================================================
+========================================================================+
|  OPTIONS BOT SUMMARY                                                   |
+------------------------------------------------------------------------+
|  Mode                          after_hours                             |
|  Equity                        $143,264.28                             |
|  Signals this run              0                                       |
|  Orders submitted (session)    0                                       |
|  Orders filled today (ledger)  0                                       |
|  Entries placed this run       0                                       |
|  Open virtual lots             156                                     |
|  Broker option positions       26                                      |
|  Unattributed contracts        3 (orphan reconcile)                    |
|  Pending orders                0                                       |
+========================================================================+
+========================================================================+
|  BUCKET LEADERBOARD (reflected ex-S173,S174)                           |
+------------------------------------------------------------------------+
|  Reflected trades=1034  buckets=250  win=45%                           |
|  Returns   avg=+26.3%  med=-15.6%  p10=-73.8%  p90=+140.0%             |
|  Realized  $+11,975.32                                                 |
|  Raw incl dropped  trades=1568  real=$+10,379.77                       |
+------------------------------------------------------------------------+
|  BKT PROFILE               N  WIN  AVG%   MED%   BEST%  REAL$          |
+------------------------------------------------------------------------+
|  b383 lab0383_s362_w4_11  1 100% +1222.6 +1222.6 +1222.6 $   +379      |
|  b382 lab0382_s362_w4_11  1 100% +1125.8 +1125.8 +1125.8 $   +349      |
|  b860 lab0860_s408_w3_10  4  50% +631.1 +566.7 +1446.7 $   +411        |
|  b196 lab0196_s218_w3_10  3 100% +453.8 +403.1 +906.2 $   +310         |
|  b319 lab0319_s355_w4_11  1 100% +328.6 +328.6 +328.6 $   +138         |
|  b268 lab0268_s403_w4_11  2 100% +320.0 +320.0 +320.0 $   +160         |
|  b197 lab0197_s218_w3_10  3 100% +368.0 +318.8 +737.5 $   +253         |
|  b318 lab0318_s355_w4_11  1 100% +292.9 +292.9 +292.9 $   +123         |
|  ... 242 more bucket(s) with exits                                     |
+------------------------------------------------------------------------+
|  Low  b108 lab0108_s212_w1_09  4   0% -82.2 -98.4 -98.6 $   -199       |
+========================================================================+
+========================================================================+
|  PENDING EXITS (9)                                                     |
+------------------------------------------------------------------------+
|  b0   ORPHAN PLTR260807C00172500 x3 stop_loss (-54.4%)                 |
|  b802 S404 AMZN260807C00295000 x1 stop_loss (-90.1%)                   |
|  b0   ORPHAN AMZN260807C00302500 x1 stop_loss (-92.7%)                 |
|  b196 S218 RBLX260807C00040000 x1 stop_loss (-84.8%)                   |
|  b300 S353 AMZN260807C00292500 x1 stop_loss (-90.7%)                   |
|  ... 4 more pending exit(s)                                            |
+========================================================================+
+========================================================================+
|  OPEN OPTIONS (26)                                                     |
+------------------------------------------------------------------------+
|  SYMBOL                      QTY    RET%        OPEN P&L               |
|------------------------------------------------------------------------|
|  AMZN260807C00295000          35    -90.1%   $ -1,271.67               |
|  AMZN260807C00292500          20    -90.7%   $   -977.00               |
|  AMZN260807C00297500           9    -94.1%   $   -287.31               |
|  UBER260807C00078000           5    -98.0%   $   -247.67               |
|  DKNG260807C00024500           7    -59.4%   $   -163.80               |
|  NKE260807C00042000           10    +13.9%   $    +89.00               |
|  RBLX260807C00040000           3    -84.8%   $    -84.00               |
|  TTD260807P00017000            4    -34.5%   $    -76.00               |
|  ... 18 more position(s)                                               |
+========================================================================+
Full detail: logs/options_trial/runs/2026-08-06.log
elapsed=0.5s reconcile=0.13s

=== 10:11:51 ET — entry+manage (14 new) [elapsed=162.9s reconcile=4.26s cancel=0.02s manage=9.42s scan=67.88s entries=78.23s] ===
=== options_morning_bot (PAPER) 2026-08-06T10:11:51.716425-04:00 ===

[Run context]
Paper auth OK — equity $145089.53, account PA36KS87UPRS
  reconcile: layout changed controlled:100:c000_s173_w1_0928_1005_r1 -> controlled:1024:lab0000_s200_w1_0928_1005_r1
  reconcile: exit fill b303|S353 UBER +93.1%
  reconcile: entry fill b407|S364 MARA x1 @ 0.52
  reconcile: entry fill b406|S364 MARA x1 @ 0.52
  reconcile: entry fill b393|S363 MARA x1 @ 0.52
  reconcile: entry fill b392|S363 MARA x1 @ 0.52
  reconcile: entry fill b351|S360 COIN x1 @ 0.27
  reconcile: entry fill b350|S360 COIN x1 @ 0.27
  reconcile: entry fill b347|S359 COIN x1 @ 0.27
  reconcile: entry fill b346|S359 COIN x1 @ 0.27
  reconcile: entry fill b307|S354 MARA x1 @ 0.51
  reconcile: entry fill b306|S354 MARA x1 @ 0.51
  reconcile: entry fill b291|S352 COIN x1 @ 0.27
  reconcile: entry fill b290|S352 COIN x1 @ 0.27
  reconcile: entry fill b283|S351 COIN x1 @ 0.27
  reconcile: entry fill b282|S351 COIN x1 @ 0.27
  reconcile: entry fill b279|S350 COIN x1 @ 0.27
  reconcile: entry fill b278|S350 COIN x1 @ 0.27
  reconcile: entry fill b237|S401 TSLA x1 @ 0.53
  reconcile: entry fill b236|S401 TSLA x1 @ 0.53
  reconcile: entry fill b167|S216 META x1 @ 0.57
  reconcile: entry fill b166|S216 META x1 @ 0.57
  reconcile: entry fill b111|S212 GOOGL x1 @ 0.58
  reconcile: entry fill b110|S212 GOOGL x1 @ 0.58
  reconcile: exit fill b790|S398 UBER +79.3%
  reconcile: exit fill b166|S216 META -52.6%
  reconcile: exit fill b406|S364 MARA -44.2%
  reconcile: exit fill b0|ORPHAN NKE -67.2%
  reconcile: exit fill b0|ORPHAN DKNG -46.7%
  reconcile: entry fill b861|S408 DKNG x1 @ 0.22
  reconcile: entry fill b860|S408 DKNG x1 @ 0.22
  reconcile: entry fill b61|S207 T x1 @ 0.44
  reconcile: entry fill b60|S207 T x1 @ 0.44
  reconcile: entry fill b367|S361 DKNG x1 @ 0.38
  reconcile: entry fill b833|S406 DKNG x1 @ 0.38
  reconcile: entry fill b832|S406 DKNG x1 @ 0.38
  reconcile: entry fill b381|S362 DKNG x1 @ 0.38
  reconcile: entry fill b380|S362 DKNG x1 @ 0.38
  reconcile: exit fill b110|S212 GOOGL -56.9%
  reconcile: exit fill b346|S359 COIN -63.0%
  reconcile: exit fill b111|S212 GOOGL -46.6%
  reconcile: exit fill b306|S354 MARA -76.5%
  reconcile: exit fill b347|S359 COIN -44.4%
  reconcile: exit fill b350|S360 COIN -44.4%
  reconcile: exit fill b307|S354 MARA -74.5%
  reconcile: exit fill b832|S406 DKNG +1084.2%
  reconcile: exit fill b61|S207 T -47.7%
  reconcile: exit fill b833|S406 DKNG +965.8%
  reconcile: exit fill b291|S352 COIN -51.9%
  reconcile: exit fill b860|S408 DKNG +954.5%
  reconcile: exit fill b351|S360 COIN -81.5%
  reconcile: exit fill b861|S408 DKNG +518.2%
  reconcile: backfill ledger entry b903|S411 TTD x1
  reconcile: backfill ledger entry b902|S411 TTD x1
  reconcile: entry fill b861|S408 NKE x1 @ 0.18
  reconcile: entry fill b860|S408 NKE x1 @ 0.18
  reconcile: backfill ledger entry b847|S407 NKE x1
  reconcile: backfill ledger entry b846|S407 NKE x1
  reconcile: entry fill b832|S406 TTD x1 @ 0.47
  reconcile: entry fill b805|S404 AMZN x1 @ 0.48
  reconcile: entry fill b804|S404 AMZN x1 @ 0.48
  reconcile: reattributed orphan -> b797|S399 AMZN x1 @ 0.36
  reconcile: entry fill b797|S399 AMZN x1 @ 0.36
  reconcile: backfill ledger entry b796|S399 AMZN x1
  reconcile: entry fill b781|S397 AMZN x1 @ 0.48
  reconcile: backfill ledger entry b780|S397 AMZN x1
  reconcile: backfill ledger entry b437|S366 NKE x1
  reconcile: backfill ledger entry b436|S366 NKE x1
  reconcile: backfill ledger entry b423|S365 NKE x1
  reconcile: backfill ledger entry b422|S365 NKE x1
  reconcile: entry fill b381|S362 NKE x1 @ 0.60
  reconcile: entry fill b380|S362 NKE x1 @ 0.60
  reconcile: entry fill b367|S361 NKE x1 @ 0.60
  reconcile: backfill ledger entry b301|S353 AMZN x1
  reconcile: entry fill b300|S353 AMZN x1 @ 0.51
  reconcile: entry fill b293|S352 AMZN x1 @ 0.32
  reconcile: entry fill b292|S352 AMZN x1 @ 0.32
  reconcile: entry fill b285|S351 AMZN x1 @ 0.32
  reconcile: entry fill b284|S351 AMZN x1 @ 0.32
  reconcile: entry fill b238|S401 META x1 @ 0.60
  reconcile: entry fill b197|S218 RBLX x1 @ 0.32
  reconcile: entry fill b196|S218 RBLX x1 @ 0.32
  reconcile: entry fill b183|S217 RBLX x1 @ 0.32
  reconcile: entry fill b182|S217 RBLX x1 @ 0.32
  reconcile: entry fill b113|S212 UBER x1 @ 0.51
  reconcile: backfill ledger entry b112|S212 UBER x1
  reconcile: backfill ledger entry b99|S211 AMZN x1
  reconcile: backfill ledger entry b98|S211 AMZN x1
  reconcile: reattributed orphan -> b85|S210 AMZN x1 @ 0.36
  reconcile: entry fill b85|S210 AMZN x1 @ 0.36
  reconcile: backfill ledger entry b84|S210 AMZN x1
  reconcile: entry fill b61|S207 XOM x1 @ 0.33
  reconcile: entry fill b60|S207 XOM x1 @ 0.33
  reconcile: exit fill b86|S210 AMZN +16.7%
  reconcile: exit fill b87|S210 AMZN +19.4%
  reconcile: backfill ledger entry b901|S411 TTD x1
  reconcile: backfill ledger entry b900|S411 TTD x1
  reconcile: reattributed orphan -> b817|S405 AMZN x1 @ 0.40
  reconcile: entry fill b817|S405 AMZN x1 @ 0.40
  reconcile: entry fill b291|S352 AMZN x1 @ 0.37
  reconcile: entry fill b290|S352 AMZN x1 @ 0.37
  reconcile: entry fill b283|S351 AMZN x1 @ 0.37
  reconcile: entry fill b282|S351 AMZN x1 @ 0.37
  reconcile: entry fill b279|S350 AMZN x1 @ 0.40
  reconcile: entry fill b278|S350 AMZN x1 @ 0.40
  reconcile: exit fill b84|S210 AMZN +16.7%
  reconcile: exit fill b60|S207 T -36.4%
  reconcile: exit fill b61|S207 XOM -6.1%
  reconcile: removed 19 stale lot(s)
  reconcile: trimmed AMZN260807C00292500 lots to match pos qty 16
  reconcile: orphan lot b0 AMZN260807C00295000 x3 @ 0.40 (legacy/unattributed)
  reconcile: orphan lot b0 COIN260807C00160000 x5 @ 0.27 (legacy/unattributed)
  reconcile: orphan lot b0 GOOGL260807C00372500 x2 @ 0.58 (legacy/unattributed)
  reconcile: orphan lot b0 MARA260814C00011500 x3 @ 0.52 (legacy/unattributed)
  reconcile: orphan lot b0 META260807C00622500 x1 @ 0.57 (legacy/unattributed)
  reconcile: orphan lot b0 NKE260807C00042000 x1 @ 0.64 (legacy/unattributed)
  reconcile: trimmed UBER260807C00078000 lots to match pos qty 1

[Setup]
Active buckets: 1024 | Strategies: S165, S164, S168, S167, S166, S163, S169, S170, S171, S172, S175, S200, S201, S202, S203, S204, S205, S206, S207, S208, S209, S210, S211, S212, S213, S214, S215, S216, S217, S218, S219, S220, S221, S400, S401, S402, S403, S350, S351, S352, S353, S354, S355, S356, S357, S358, S359, S360, S361, S362, S363, S364, S365, S366, S367, S368, S369, S370, S371, S372, S373, S374, S375, S376, S377, S378, S379, S380, S381, S382, S383, S384, S385, S386, S387, S388, S389, S390, S391, S392, S393, S394, S413, S414, S415, S416, S417, S418, S395, S396, S397, S398, S399, S404, S405, S406, S407, S408, S409, S410, S411, S412, S413, S414, S415, S416, S417, S418, S419
Dropped (no new entries; ex-reflected P&L): S173, S174
  EXIT [b302|lab0302_s353_w4_1120_1135_r1|S353] take_profit (+76.8%) SELL 1 UBER260807C00070000 @<= 0.54  id=44833cbe-6663-472a-a0a3-021d029d1e87
  EXIT skip AMZN260807C00292500: open sell already pending
  EXIT skip DKNG260807C00024500: open sell already pending
  EXIT skip AMZN260807C00295000: open sell already pending
  EXIT skip AMZN260807C00302500: open sell already pending
  EXIT skip AMZN260807C00297500: open sell already pending
  EXIT skip UBER260807C00078000: open sell already pending

[Scan + entries]
Scanning 117 symbols for [S165, S164, S168, S167, S166, S163, S169, S170, S171, S172, S175, S200, S201, S202, S203, S204, S205, S206, S207, S208, S209, S210, S211, S212, S213, S214, S215, S216, S217, S218, S219, S220, S221, S400, S401, S402, S403, S350, S351, S352, S353, S354, S355, S356, S357, S358, S359, S360, S361, S362, S363, S364, S365, S366, S367, S368, S369, S370, S371, S372, S373, S374, S375, S376, S377, S378, S379, S380, S381, S382, S383, S384, S385, S386, S387, S388, S389, S390, S391, S392, S393, S394, S413, S414, S415, S416, S417, S418, S395, S396, S397, S398, S399, S404, S405, S406, S407, S408, S409, S410, S411, S412, S413, S414, S415, S416, S417, S418, S419] …
Fetched daily bars for 114/117 symbols
Found 850 signal(s); top: ['S165:AMD', 'S165:COIN', 'S165:CRWD', 'S165:SNOW', 'S165:MARA', 'S165:MSTR', 'S165:ARM', 'S165:PANW']
Paper lab: $145639 broker equity -> 1024 bucket(s) ($500 virtual each, unlimited paper)
  [b18|lab0018_s202_w2_1005_1045_r1] S202 DDOG (tier: fast): no tradeable call
  [b19|lab0019_s202_w2_1005_1045_r2] S202 DDOG (tier: fast): no tradeable call
  [b18|lab0018_s202_w2_1005_1045_r1] S202 CELH (tier: fast): no tradeable call
  [b19|lab0019_s202_w2_1005_1045_r2] S202 CELH (tier: fast): no tradeable call
  [b18|lab0018_s202_w2_1005_1045_r1] S202 GTLB (tier: fast): no tradeable call
  [b19|lab0019_s202_w2_1005_1045_r2] S202 GTLB (tier: fast): no tradeable call
  [b18|lab0018_s202_w2_1005_1045_r1] S202 FSLY (tier: fast): no tradeable call
  [b19|lab0019_s202_w2_1005_1045_r2] S202 FSLY (tier: fast): no tradeable call
  [b26|lab0026_s203_w2_1005_1045_r1] S203 COP (tier: neutral): no tradeable put
  [b27|lab0027_s203_w2_1005_1045_r2] S203 COP (tier: neutral): no tradeable put
  [b26|lab0026_s203_w2_1005_1045_r1] S203 ZTS (tier: neutral): no tradeable put
  [b27|lab0027_s203_w2_1005_1045_r2] S203 ZTS (tier: neutral): no tradeable put
  [b74|lab0074_s209_w2_1005_1045_r1] S209 AMD (tier: fast): no tradeable call
  [b75|lab0075_s209_w2_1005_1045_r2] S209 AMD (tier: fast): no tradeable call
  [b74|lab0074_s209_w2_1005_1045_r1] S209 SNOW (tier: fast): no tradeable call
  [b75|lab0075_s209_w2_1005_1045_r2] S209 SNOW (tier: fast): no tradeable call
  [b74|lab0074_s209_w2_1005_1045_r1] S209 ARM (tier: fast): no tradeable call
  [b75|lab0075_s209_w2_1005_1045_r2] S209 ARM (tier: fast): no tradeable call
  [b74|lab0074_s209_w2_1005_1045_r1] S209 UPST (tier: fast): no tradeable call
  [b75|lab0075_s209_w2_1005_1045_r2] S209 UPST (tier: fast): no tradeable call
  [b74|lab0074_s209_w2_1005_1045_r1] S209 DOCN (tier: fast): no tradeable call
  [b75|lab0075_s209_w2_1005_1045_r2] S209 DOCN (tier: fast): no tradeable call
  [b82|lab0082_s210_w2_1005_1045_r1] S210 CRWD (tier: fast): no tradeable call
  [b83|lab0083_s210_w2_1005_1045_r2] S210 CRWD (tier: fast): no tradeable call
  [b82|lab0082_s210_w2_1005_1045_r1] S210 PANW (tier: fast): no tradeable call
  [b83|lab0083_s210_w2_1005_1045_r2] S210 PANW (tier: fast): no tradeable call
  [b82|lab0082_s210_w2_1005_1045_r1] S210 TTD (tier: fast): no tradeable call
  [b83|lab0083_s210_w2_1005_1045_r2] S210 TTD (tier: fast): no tradeable call
  [b82|lab0082_s210_w2_1005_1045_r1] S210 CVNA (tier: fast): no tradeable call
  [b83|lab0083_s210_w2_1005_1045_r2] S210 CVNA (tier: fast): no tradeable call
  ENTRY [b180|lab0180_s217_w2_1005_1045_r1|S217] BUY 1x RBLX260807C00037500 (RSI=21.7 green|fast) limit=0.37 (ask=0.38 off=-0.01) tp=+75% sl=-75% pending id=5ac75c40-5b94-494c-afad-bf1b7bdfc702
  ENTRY [b181|lab0181_s217_w2_1005_1045_r2|S217] BUY 1x RBLX260807C00037500 (RSI=21.7 green|fast) limit=0.37 (ask=0.38 off=-0.01) tp=+75% sl=-75% pending id=81686ec8-2b05-45fc-99cf-366ba39009c9
  [b194|lab0194_s218_w2_1005_1045_r1] S218 DDOG (tier: fast): no tradeable call
  [b195|lab0195_s218_w2_1005_1045_r2] S218 DDOG (tier: fast): no tradeable call
  ENTRY [b194|lab0194_s218_w2_1005_1045_r1|S218] BUY 1x DKNG260807C00023000 (low=21.34 BB_lower=21.39 touch+green|fast) limit=0.43 (ask=0.44 off=-0.01) tp=+75% sl=-75% pending id=b231c485-c6f6-45cd-bdc9-bcfe4ea6c124
  ENTRY [b195|lab0195_s218_w2_1005_1045_r2|S218] BUY 1x DKNG260807C00023000 (low=21.34 BB_lower=21.39 touch+green|fast) limit=0.43 (ask=0.44 off=-0.01) tp=+75% sl=-75% pending id=f9a3fc10-9a8c-4796-913a-2b3fc8179145
  [b264|lab0264_s403_w2_1005_1045_r1] S403 GS (tier: neutral): no tradeable call
  [b265|lab0265_s403_w2_1005_1045_r2] S403 GS (tier: neutral): no tradeable call
  [b338|lab0338_s358_w2_1005_1045_r1] S358 AMD (tier: fast): no tradeable call
  [b339|lab0339_s358_w2_1005_1045_r2] S358 AMD (tier: fast): no tradeable call
  [b338|lab0338_s358_w2_1005_1045_r1] S358 COIN (tier: fast): no tradeable call
  [b339|lab0339_s358_w2_1005_1045_r2] S358 COIN (tier: fast): no tradeable call
  [b338|lab0338_s358_w2_1005_1045_r1] S358 CRWD (tier: fast): no tradeable call
  [b339|lab0339_s358_w2_1005_1045_r2] S358 CRWD (tier: fast): no tradeable call
  [b338|lab0338_s358_w2_1005_1045_r1] S358 SNOW (tier: fast): no tradeable call
  [b339|lab0339_s358_w2_1005_1045_r2] S358 SNOW (tier: fast): no tradeable call
  [b338|lab0338_s358_w2_1005_1045_r1] S358 MARA (tier: fast): no tradeable call
  [b339|lab0339_s358_w2_1005_1045_r2] S358 MARA (tier: fast): no tradeable call
  [b338|lab0338_s358_w2_1005_1045_r1] S358 MSTR (tier: fast): no tradeable call
  [b339|lab0339_s358_w2_1005_1045_r2] S358 MSTR (tier: fast): no tradeable call
  [b338|lab0338_s358_w2_1005_1045_r1] S358 ARM (tier: fast): no tradeable call
  [b339|lab0339_s358_w2_1005_1045_r2] S358 ARM (tier: fast): no tradeable call
  [b338|lab0338_s358_w2_1005_1045_r1] S358 PANW (tier: fast): no tradeable call
  [b339|lab0339_s358_w2_1005_1045_r2] S358 PANW (tier: fast): no tradeable call
  [b338|lab0338_s358_w2_1005_1045_r1] S358 HOOD (tier: fast): no tradeable call
  [b339|lab0339_s358_w2_1005_1045_r2] S358 HOOD (tier: fast): no tradeable call
  [b338|lab0338_s358_w2_1005_1045_r1] S358 DDOG (tier: fast): no tradeable call
  [b339|lab0339_s358_w2_1005_1045_r2] S358 DDOG (tier: fast): no tradeable call
  [b338|lab0338_s358_w2_1005_1045_r1] S358 TTD (tier: fast): no tradeable call
  [b339|lab0339_s358_w2_1005_1045_r2] S358 TTD (tier: fast): no tradeable call
  [b338|lab0338_s358_w2_1005_1045_r1] S358 UPST (tier: fast): no tradeable call
  [b339|lab0339_s358_w2_1005_1045_r2] S358 UPST (tier: fast): no tradeable call
  [b338|lab0338_s358_w2_1005_1045_r1] S358 ZS (tier: fast): no tradeable call
  [b339|lab0339_s358_w2_1005_1045_r2] S358 ZS (tier: fast): no tradeable call
  [b338|lab0338_s358_w2_1005_1045_r1] S358 NET (tier: fast): no tradeable call
  [b339|lab0339_s358_w2_1005_1045_r2] S358 NET (tier: fast): no tradeable call
  [b338|lab0338_s358_w2_1005_1045_r1] S358 MDB (tier: fast): no tradeable call
  [b339|lab0339_s358_w2_1005_1045_r2] S358 MDB (tier: fast): no tradeable call
  [b338|lab0338_s358_w2_1005_1045_r1] S358 CELH (tier: fast): no tradeable call
  [b339|lab0339_s358_w2_1005_1045_r2] S358 CELH (tier: fast): no tradeable call
  [b338|lab0338_s358_w2_1005_1045_r1] S358 PATH (tier: fast): no tradeable call
  [b339|lab0339_s358_w2_1005_1045_r2] S358 PATH (tier: fast): no tradeable call
  [b338|lab0338_s358_w2_1005_1045_r1] S358 DOCN (tier: fast): no tradeable call
  [b339|lab0339_s358_w2_1005_1045_r2] S358 DOCN (tier: fast): no tradeable call
  [b338|lab0338_s358_w2_1005_1045_r1] S358 GTLB (tier: fast): no tradeable call
  [b339|lab0339_s358_w2_1005_1045_r2] S358 GTLB (tier: fast): no tradeable call
  [b338|lab0338_s358_w2_1005_1045_r1] S358 FSLY (tier: fast): no tradeable call
  [b339|lab0339_s358_w2_1005_1045_r2] S358 FSLY (tier: fast): no tradeable call
  [b338|lab0338_s358_w2_1005_1045_r1] S358 BILL (tier: fast): no tradeable call
  [b339|lab0339_s358_w2_1005_1045_r2] S358 BILL (tier: fast): no tradeable call
  [b338|lab0338_s358_w2_1005_1045_r1] S358 TWLO (tier: fast): no tradeable call
  [b339|lab0339_s358_w2_1005_1045_r2] S358 TWLO (tier: fast): no tradeable call
  [b448|lab0448_s367_w2_1005_1045_r1] S367 AMD (tier: fast): no tradeable call
  [b449|lab0449_s367_w2_1005_1045_r2] S367 AMD (tier: fast): no tradeable call
  [b448|lab0448_s367_w2_1005_1045_r1] S367 COIN (tier: fast): no tradeable call
  [b449|lab0449_s367_w2_1005_1045_r2] S367 COIN (tier: fast): no tradeable call
  [b448|lab0448_s367_w2_1005_1045_r1] S367 PLTR (tier: fast): no tradeable call
  [b449|lab0449_s367_w2_1005_1045_r2] S367 PLTR (tier: fast): no tradeable call
  [b448|lab0448_s367_w2_1005_1045_r1] S367 SNOW (tier: fast): no tradeable call
  [b449|lab0449_s367_w2_1005_1045_r2] S367 SNOW (tier: fast): no tradeable call
  [b448|lab0448_s367_w2_1005_1045_r1] S367 MARA (tier: fast): no tradeable call
  [b449|lab0449_s367_w2_1005_1045_r2] S367 MARA (tier: fast): no tradeable call
  [b448|lab0448_s367_w2_1005_1045_r1] S367 MSTR (tier: fast): no tradeable call
  [b449|lab0449_s367_w2_1005_1045_r2] S367 MSTR (tier: fast): no tradeable call
  [b448|lab0448_s367_w2_1005_1045_r1] S367 ARM (tier: fast): no tradeable call
  [b449|lab0449_s367_w2_1005_1045_r2] S367 ARM (tier: fast): no tradeable call
  [b448|lab0448_s367_w2_1005_1045_r1] S367 HOOD (tier: fast): no tradeable call
  [b449|lab0449_s367_w2_1005_1045_r2] S367 HOOD (tier: fast): no tradeable call
  [b448|lab0448_s367_w2_1005_1045_r1] S367 DDOG (tier: fast): no tradeable call
  [b449|lab0449_s367_w2_1005_1045_r2] S367 DDOG (tier: fast): no tradeable call
  [b448|lab0448_s367_w2_1005_1045_r1] S367 AFRM (tier: fast): no tradeable call
  [b449|lab0449_s367_w2_1005_1045_r2] S367 AFRM (tier: fast): no tradeable call
  [b448|lab0448_s367_w2_1005_1045_r1] S367 CVNA (tier: fast): no tradeable call
  [b449|lab0449_s367_w2_1005_1045_r2] S367 CVNA (tier: fast): no tradeable call
  [b448|lab0448_s367_w2_1005_1045_r1] S367 UPST (tier: fast): no tradeable call
  [b449|lab0449_s367_w2_1005_1045_r2] S367 UPST (tier: fast): no tradeable call
  [b448|lab0448_s367_w2_1005_1045_r1] S367 ZS (tier: fast): no tradeable call
  [b449|lab0449_s367_w2_1005_1045_r2] S367 ZS (tier: fast): no tradeable call
  [b448|lab0448_s367_w2_1005_1045_r1] S367 NET (tier: fast): no tradeable call
  [b449|lab0449_s367_w2_1005_1045_r2] S367 NET (tier: fast): no tradeable call
  [b448|lab0448_s367_w2_1005_1045_r1] S367 MDB (tier: fast): no tradeable call
  [b449|lab0449_s367_w2_1005_1045_r2] S367 MDB (tier: fast): no tradeable call
  [b448|lab0448_s367_w2_1005_1045_r1] S367 RBLX (tier: fast): no tradeable call
  [b449|lab0449_s367_w2_1005_1045_r2] S367 RBLX (tier: fast): no tradeable call
  [b448|lab0448_s367_w2_1005_1045_r1] S367 PATH (tier: fast): no tradeable call
  [b449|lab0449_s367_w2_1005_1045_r2] S367 PATH (tier: fast): no tradeable call
  [b448|lab0448_s367_w2_1005_1045_r1] S367 DOCN (tier: fast): no tradeable call
  [b449|lab0449_s367_w2_1005_1045_r2] S367 DOCN (tier: fast): no tradeable call
  [b448|lab0448_s367_w2_1005_1045_r1] S367 GTLB (tier: fast): no tradeable call
  [b449|lab0449_s367_w2_1005_1045_r2] S367 GTLB (tier: fast): no tradeable call
  [b448|lab0448_s367_w2_1005_1045_r1] S367 FSLY (tier: fast): no tradeable call
  [b449|lab0449_s367_w2_1005_1045_r2] S367 FSLY (tier: fast): no tradeable call
  [b448|lab0448_s367_w2_1005_1045_r1] S367 BILL (tier: fast): no tradeable call
  [b449|lab0449_s367_w2_1005_1045_r2] S367 BILL (tier: fast): no tradeable call
  [b762|lab0762_s395_w2_1005_1045_r1] S395 AMD (tier: fast): no tradeable call
  [b763|lab0763_s395_w2_1005_1045_r2] S395 AMD (tier: fast): no tradeable call
  [b762|lab0762_s395_w2_1005_1045_r1] S395 COIN (tier: fast): no tradeable call
  [b763|lab0763_s395_w2_1005_1045_r2] S395 COIN (tier: fast): no tradeable call
  [b762|lab0762_s395_w2_1005_1045_r1] S395 CRWD (tier: fast): no tradeable call
  [b763|lab0763_s395_w2_1005_1045_r2] S395 CRWD (tier: fast): no tradeable call
  [b762|lab0762_s395_w2_1005_1045_r1] S395 SNOW (tier: fast): no tradeable call
  [b763|lab0763_s395_w2_1005_1045_r2] S395 SNOW (tier: fast): no tradeable call
  [b762|lab0762_s395_w2_1005_1045_r1] S395 MARA (tier: fast): no tradeable call
  [b763|lab0763_s395_w2_1005_1045_r2] S395 MARA (tier: fast): no tradeable call
  [b762|lab0762_s395_w2_1005_1045_r1] S395 MSTR (tier: fast): no tradeable call
  [b763|lab0763_s395_w2_1005_1045_r2] S395 MSTR (tier: fast): no tradeable call
  [b762|lab0762_s395_w2_1005_1045_r1] S395 ARM (tier: fast): no tradeable call
  [b763|lab0763_s395_w2_1005_1045_r2] S395 ARM (tier: fast): no tradeable call
  [b762|lab0762_s395_w2_1005_1045_r1] S395 PANW (tier: fast): no tradeable call
  [b763|lab0763_s395_w2_1005_1045_r2] S395 PANW (tier: fast): no tradeable call
  [b762|lab0762_s395_w2_1005_1045_r1] S395 HOOD (tier: fast): no tradeable call
  [b763|lab0763_s395_w2_1005_1045_r2] S395 HOOD (tier: fast): no tradeable call
  [b762|lab0762_s395_w2_1005_1045_r1] S395 DDOG (tier: fast): no tradeable call
  [b763|lab0763_s395_w2_1005_1045_r2] S395 DDOG (tier: fast): no tradeable call
  [b762|lab0762_s395_w2_1005_1045_r1] S395 TTD (tier: fast): no tradeable call
  [b763|lab0763_s395_w2_1005_1045_r2] S395 TTD (tier: fast): no tradeable call
  [b762|lab0762_s395_w2_1005_1045_r1] S395 UPST (tier: fast): no tradeable call
  [b763|lab0763_s395_w2_1005_1045_r2] S395 UPST (tier: fast): no tradeable call
  [b762|lab0762_s395_w2_1005_1045_r1] S395 ZS (tier: fast): no tradeable call
  [b763|lab0763_s395_w2_1005_1045_r2] S395 ZS (tier: fast): no tradeable call
  [b762|lab0762_s395_w2_1005_1045_r1] S395 NET (tier: fast): no tradeable call
  [b763|lab0763_s395_w2_1005_1045_r2] S395 NET (tier: fast): no tradeable call
  [b762|lab0762_s395_w2_1005_1045_r1] S395 MDB (tier: fast): no tradeable call
  [b763|lab0763_s395_w2_1005_1045_r2] S395 MDB (tier: fast): no tradeable call
  [b762|lab0762_s395_w2_1005_1045_r1] S395 CELH (tier: fast): no tradeable call
  [b763|lab0763_s395_w2_1005_1045_r2] S395 CELH (tier: fast): no tradeable call
  [b762|lab0762_s395_w2_1005_1045_r1] S395 PATH (tier: fast): no tradeable call
  [b763|lab0763_s395_w2_1005_1045_r2] S395 PATH (tier: fast): no tradeable call
  [b762|lab0762_s395_w2_1005_1045_r1] S395 DOCN (tier: fast): no tradeable call
  [b763|lab0763_s395_w2_1005_1045_r2] S395 DOCN (tier: fast): no tradeable call
  [b762|lab0762_s395_w2_1005_1045_r1] S395 GTLB (tier: fast): no tradeable call
  [b763|lab0763_s395_w2_1005_1045_r2] S395 GTLB (tier: fast): no tradeable call
  [b762|lab0762_s395_w2_1005_1045_r1] S395 FSLY (tier: fast): no tradeable call
  [b763|lab0763_s395_w2_1005_1045_r2] S395 FSLY (tier: fast): no tradeable call
  [b762|lab0762_s395_w2_1005_1045_r1] S395 BILL (tier: fast): no tradeable call
  [b763|lab0763_s395_w2_1005_1045_r2] S395 BILL (tier: fast): no tradeable call
  [b762|lab0762_s395_w2_1005_1045_r1] S395 TWLO (tier: fast): no tradeable call
  [b763|lab0763_s395_w2_1005_1045_r2] S395 TWLO (tier: fast): no tradeable call
  [b770|lab0770_s396_w2_1005_1045_r1] S396 AMD (tier: fast): no tradeable call
  [b771|lab0771_s396_w2_1005_1045_r2] S396 AMD (tier: fast): no tradeable call
  [b770|lab0770_s396_w2_1005_1045_r1] S396 COIN (tier: fast): no tradeable call
  [b771|lab0771_s396_w2_1005_1045_r2] S396 COIN (tier: fast): no tradeable call
  [b770|lab0770_s396_w2_1005_1045_r1] S396 CRWD (tier: fast): no tradeable call
  [b771|lab0771_s396_w2_1005_1045_r2] S396 CRWD (tier: fast): no tradeable call
  [b770|lab0770_s396_w2_1005_1045_r1] S396 SNOW (tier: fast): no tradeable call
  [b771|lab0771_s396_w2_1005_1045_r2] S396 SNOW (tier: fast): no tradeable call
  [b770|lab0770_s396_w2_1005_1045_r1] S396 MARA (tier: fast): no tradeable call
  [b771|lab0771_s396_w2_1005_1045_r2] S396 MARA (tier: fast): no tradeable call
  [b770|lab0770_s396_w2_1005_1045_r1] S396 MSTR (tier: fast): no tradeable call
  [b771|lab0771_s396_w2_1005_1045_r2] S396 MSTR (tier: fast): no tradeable call
  [b770|lab0770_s396_w2_1005_1045_r1] S396 ARM (tier: fast): no tradeable call
  [b771|lab0771_s396_w2_1005_1045_r2] S396 ARM (tier: fast): no tradeable call
  [b770|lab0770_s396_w2_1005_1045_r1] S396 PANW (tier: fast): no tradeable call
  [b771|lab0771_s396_w2_1005_1045_r2] S396 PANW (tier: fast): no tradeable call
  [b770|lab0770_s396_w2_1005_1045_r1] S396 HOOD (tier: fast): no tradeable call
  [b771|lab0771_s396_w2_1005_1045_r2] S396 HOOD (tier: fast): no tradeable call
  [b770|lab0770_s396_w2_1005_1045_r1] S396 DDOG (tier: fast): no tradeable call
  [b771|lab0771_s396_w2_1005_1045_r2] S396 DDOG (tier: fast): no tradeable call
  [b770|lab0770_s396_w2_1005_1045_r1] S396 TTD (tier: fast): no tradeable call
  [b771|lab0771_s396_w2_1005_1045_r2] S396 TTD (tier: fast): no tradeable call
  [b770|lab0770_s396_w2_1005_1045_r1] S396 UPST (tier: fast): no tradeable call
  [b771|lab0771_s396_w2_1005_1045_r2] S396 UPST (tier: fast): no tradeable call
  [b770|lab0770_s396_w2_1005_1045_r1] S396 ZS (tier: fast): no tradeable call
  [b771|lab0771_s396_w2_1005_1045_r2] S396 ZS (tier: fast): no tradeable call
  [b770|lab0770_s396_w2_1005_1045_r1] S396 NET (tier: fast): no tradeable call
  [b771|lab0771_s396_w2_1005_1045_r2] S396 NET (tier: fast): no tradeable call
  [b770|lab0770_s396_w2_1005_1045_r1] S396 MDB (tier: fast): no tradeable call
  [b771|lab0771_s396_w2_1005_1045_r2] S396 MDB (tier: fast): no tradeable call
  [b770|lab0770_s396_w2_1005_1045_r1] S396 CELH (tier: fast): no tradeable call
  [b771|lab0771_s396_w2_1005_1045_r2] S396 CELH (tier: fast): no tradeable call
  [b770|lab0770_s396_w2_1005_1045_r1] S396 PATH (tier: fast): no tradeable call
  [b771|lab0771_s396_w2_1005_1045_r2] S396 PATH (tier: fast): no tradeable call
  [b770|lab0770_s396_w2_1005_1045_r1] S396 DOCN (tier: fast): no tradeable call
  [b771|lab0771_s396_w2_1005_1045_r2] S396 DOCN (tier: fast): no tradeable call
  [b770|lab0770_s396_w2_1005_1045_r1] S396 GTLB (tier: fast): no tradeable call
  [b771|lab0771_s396_w2_1005_1045_r2] S396 GTLB (tier: fast): no tradeable call
  [b770|lab0770_s396_w2_1005_1045_r1] S396 FSLY (tier: fast): no tradeable call
  [b771|lab0771_s396_w2_1005_1045_r2] S396 FSLY (tier: fast): no tradeable call
  [b770|lab0770_s396_w2_1005_1045_r1] S396 BILL (tier: fast): no tradeable call
  [b771|lab0771_s396_w2_1005_1045_r2] S396 BILL (tier: fast): no tradeable call
  [b770|lab0770_s396_w2_1005_1045_r1] S396 TWLO (tier: fast): no tradeable call
  [b771|lab0771_s396_w2_1005_1045_r2] S396 TWLO (tier: fast): no tradeable call
  [b786|lab0786_s398_w2_1005_1045_r1] S398 AMD (tier: fast): no tradeable call
  [b786|lab0786_s398_w2_1005_1045_r1] S398 COIN (tier: fast): no tradeable call
  ENTRY [b786|lab0786_s398_w2_1005_1045_r1|S398] BUY 1x CRWD260807C00215000 (gap -3.3%|fast) limit=0.42 (ask=0.43 off=-0.01) tp=+75% sl=-75% pending id=d4ee49b2-1350-4714-9271-4591d689c7ce
  [b794|lab0794_s399_w2_1005_1045_r1] S399 AMD (tier: fast): no tradeable call
  [b795|lab0795_s399_w2_1005_1045_r2] S399 AMD (tier: fast): no tradeable call
  ENTRY [b794|lab0794_s399_w2_1005_1045_r1|S399] BUY 1x COIN260807C00170000 (gap -2.1%|fast) limit=0.06 (ask=0.07 off=-0.01) tp=+75% sl=-75% pending id=381215b8-4be0-4901-81fa-833d9b471dfd
  ENTRY [b795|lab0795_s399_w2_1005_1045_r2|S399] BUY 1x COIN260807C00170000 (gap -2.1%|fast) limit=0.06 (ask=0.07 off=-0.01) tp=+75% sl=-75% pending id=665be47a-9a8c-49d3-a517-b6bede3306b1
  ENTRY [b830|lab0830_s406_w2_1005_1045_r1|S406] BUY 1x AMD260807C00545000 (RB gap -2.1% reclaim|fast) limit=0.43 (ask=0.44 off=-0.01) tp=+75% sl=-75% pending id=3e17a6ec-de45-4422-9819-423467204e01
  ENTRY [b831|lab0831_s406_w2_1005_1045_r2|S406] BUY 1x AMD260807C00545000 (RB gap -2.1% reclaim|fast) limit=0.43 (ask=0.44 off=-0.01) tp=+75% sl=-75% pending id=f256988f-1787-4579-a0d4-3e0b7b04d3bf
  ENTRY [b844|lab0844_s407_w2_1005_1045_r1|S407] BUY 1x AMD260807C00550000 (RB gap -2.1% reclaim|fast) limit=0.36 (ask=0.37 off=-0.01) tp=+75% sl=-75% pending id=c5d64bb9-2f4c-47ec-829f-347e322f4081
  ENTRY [b858|lab0858_s408_w2_1005_1045_r1|S408] BUY 1x AMD260807C00552500 (RB gap -2.1% reclaim|fast) limit=0.27 (ask=0.28 off=-0.01) tp=+75% sl=-75% pending id=488196ed-d71f-4f81-a1f2-9e698190e1e2
  ENTRY [b859|lab0859_s408_w2_1005_1045_r2|S408] BUY 1x AMD260807C00552500 (RB gap -2.1% reclaim|fast) limit=0.27 (ask=0.28 off=-0.01) tp=+75% sl=-75% pending id=b98882d8-d83a-438d-8d5f-6f97d66f4045
  [b872|lab0872_s409_w2_1005_1045_r1] S409 AMD (tier: fast): no tradeable call
  [b873|lab0873_s409_w2_1005_1045_r2] S409 AMD (tier: fast): no tradeable call
  [b872|lab0872_s409_w2_1005_1045_r1] S409 COIN (tier: fast): no tradeable call
  [b873|lab0873_s409_w2_1005_1045_r2] S409 COIN (tier: fast): no tradeable call
  [b872|lab0872_s409_w2_1005_1045_r1] S409 PLTR (tier: fast): no tradeable call
  [b873|lab0873_s409_w2_1005_1045_r2] S409 PLTR (tier: fast): no tradeable call
  [b872|lab0872_s409_w2_1005_1045_r1] S409 SNOW (tier: fast): no tradeable call
  [b873|lab0873_s409_w2_1005_1045_r2] S409 SNOW (tier: fast): no tradeable call
  [b872|lab0872_s409_w2_1005_1045_r1] S409 MARA (tier: fast): no tradeable call
  [b873|lab0873_s409_w2_1005_1045_r2] S409 MARA (tier: fast): no tradeable call
  [b872|lab0872_s409_w2_1005_1045_r1] S409 MSTR (tier: fast): no tradeable call
  [b873|lab0873_s409_w2_1005_1045_r2] S409 MSTR (tier: fast): no tradeable call
  [b872|lab0872_s409_w2_1005_1045_r1] S409 ARM (tier: fast): no tradeable call
  [b873|lab0873_s409_w2_1005_1045_r2] S409 ARM (tier: fast): no tradeable call
  [b872|lab0872_s409_w2_1005_1045_r1] S409 HOOD (tier: fast): no tradeable call
  [b873|lab0873_s409_w2_1005_1045_r2] S409 HOOD (tier: fast): no tradeable call
  [b872|lab0872_s409_w2_1005_1045_r1] S409 DDOG (tier: fast): no tradeable call
  [b873|lab0873_s409_w2_1005_1045_r2] S409 DDOG (tier: fast): no tradeable call
  [b872|lab0872_s409_w2_1005_1045_r1] S409 AFRM (tier: fast): no tradeable call
  [b873|lab0873_s409_w2_1005_1045_r2] S409 AFRM (tier: fast): no tradeable call
  [b872|lab0872_s409_w2_1005_1045_r1] S409 CVNA (tier: fast): no tradeable call
  [b873|lab0873_s409_w2_1005_1045_r2] S409 CVNA (tier: fast): no tradeable call
  [b872|lab0872_s409_w2_1005_1045_r1] S409 UPST (tier: fast): no tradeable call
  [b873|lab0873_s409_w2_1005_1045_r2] S409 UPST (tier: fast): no tradeable call
  [b872|lab0872_s409_w2_1005_1045_r1] S409 ZS (tier: fast): no tradeable call
  [b873|lab0873_s409_w2_1005_1045_r2] S409 ZS (tier: fast): no tradeable call
  [b872|lab0872_s409_w2_1005_1045_r1] S409 NET (tier: fast): no tradeable call
  [b873|lab0873_s409_w2_1005_1045_r2] S409 NET (tier: fast): no tradeable call
  [b872|lab0872_s409_w2_1005_1045_r1] S409 MDB (tier: fast): no tradeable call
  [b873|lab0873_s409_w2_1005_1045_r2] S409 MDB (tier: fast): no tradeable call
  [b872|lab0872_s409_w2_1005_1045_r1] S409 RBLX (tier: fast): no tradeable call
  [b873|lab0873_s409_w2_1005_1045_r2] S409 RBLX (tier: fast): no tradeable call
  [b872|lab0872_s409_w2_1005_1045_r1] S409 PATH (tier: fast): no tradeable call
  [b873|lab0873_s409_w2_1005_1045_r2] S409 PATH (tier: fast): no tradeable call
  [b872|lab0872_s409_w2_1005_1045_r1] S409 DOCN (tier: fast): no tradeable call
  [b873|lab0873_s409_w2_1005_1045_r2] S409 DOCN (tier: fast): no tradeable call
  [b872|lab0872_s409_w2_1005_1045_r1] S409 GTLB (tier: fast): no tradeable call
  [b873|lab0873_s409_w2_1005_1045_r2] S409 GTLB (tier: fast): no tradeable call
  [b872|lab0872_s409_w2_1005_1045_r1] S409 FSLY (tier: fast): no tradeable call
  [b873|lab0873_s409_w2_1005_1045_r2] S409 FSLY (tier: fast): no tradeable call
  [b872|lab0872_s409_w2_1005_1045_r1] S409 BILL (tier: fast): no tradeable call
  [b873|lab0873_s409_w2_1005_1045_r2] S409 BILL (tier: fast): no tradeable call
  [b886|lab0886_s410_w2_1005_1045_r1] S410 AMD (tier: fast): no tradeable call
  [b887|lab0887_s410_w2_1005_1045_r2] S410 AMD (tier: fast): no tradeable call
  [b886|lab0886_s410_w2_1005_1045_r1] S410 COIN (tier: fast): no tradeable call
  [b887|lab0887_s410_w2_1005_1045_r2] S410 COIN (tier: fast): no tradeable call
  [b886|lab0886_s410_w2_1005_1045_r1] S410 PLTR (tier: fast): no tradeable call
  [b887|lab0887_s410_w2_1005_1045_r2] S410 PLTR (tier: fast): no tradeable call
  [b886|lab0886_s410_w2_1005_1045_r1] S410 SNOW (tier: fast): no tradeable call
  [b887|lab0887_s410_w2_1005_1045_r2] S410 SNOW (tier: fast): no tradeable call
  [b886|lab0886_s410_w2_1005_1045_r1] S410 MARA (tier: fast): no tradeable call
  [b887|lab0887_s410_w2_1005_1045_r2] S410 MARA (tier: fast): no tradeable call
  [b886|lab0886_s410_w2_1005_1045_r1] S410 MSTR (tier: fast): no tradeable call
  [b887|lab0887_s410_w2_1005_1045_r2] S410 MSTR (tier: fast): no tradeable call
  [b886|lab0886_s410_w2_1005_1045_r1] S410 ARM (tier: fast): no tradeable call
  [b887|lab0887_s410_w2_1005_1045_r2] S410 ARM (tier: fast): no tradeable call
  [b886|lab0886_s410_w2_1005_1045_r1] S410 HOOD (tier: fast): no tradeable call
  [b887|lab0887_s410_w2_1005_1045_r2] S410 HOOD (tier: fast): no tradeable call
  [b886|lab0886_s410_w2_1005_1045_r1] S410 DDOG (tier: fast): no tradeable call
  [b887|lab0887_s410_w2_1005_1045_r2] S410 DDOG (tier: fast): no tradeable call
  [b886|lab0886_s410_w2_1005_1045_r1] S410 AFRM (tier: fast): no tradeable call
  [b887|lab0887_s410_w2_1005_1045_r2] S410 AFRM (tier: fast): no tradeable call
  [b886|lab0886_s410_w2_1005_1045_r1] S410 CVNA (tier: fast): no tradeable call
  [b887|lab0887_s410_w2_1005_1045_r2] S410 CVNA (tier: fast): no tradeable call
  [b886|lab0886_s410_w2_1005_1045_r1] S410 UPST (tier: fast): no tradeable call
  [b887|lab0887_s410_w2_1005_1045_r2] S410 UPST (tier: fast): no tradeable call
  [b886|lab0886_s410_w2_1005_1045_r1] S410 ZS (tier: fast): no tradeable call
  [b887|lab0887_s410_w2_1005_1045_r2] S410 ZS (tier: fast): no tradeable call
  [b886|lab0886_s410_w2_1005_1045_r1] S410 NET (tier: fast): no tradeable call
  [b887|lab0887_s410_w2_1005_1045_r2] S410 NET (tier: fast): no tradeable call
  [b886|lab0886_s410_w2_1005_1045_r1] S410 MDB (tier: fast): no tradeable call
  [b887|lab0887_s410_w2_1005_1045_r2] S410 MDB (tier: fast): no tradeable call
  [b886|lab0886_s410_w2_1005_1045_r1] S410 RBLX (tier: fast): no tradeable call
  [b887|lab0887_s410_w2_1005_1045_r2] S410 RBLX (tier: fast): no tradeable call
  ENTRY [b886|lab0886_s410_w2_1005_1045_r1|S410] BUY 1x PATH260807C00013000 (RB gap -4.5% reclaim|fast) limit=0.68 (ask=0.69 off=-0.01) tp=+75% sl=-75% pending id=79466839-4978-4bd9-a8a2-772b0207cf95
  ENTRY [b887|lab0887_s410_w2_1005_1045_r2|S410] BUY 1x PATH260807C00013000 (RB gap -4.5% reclaim|fast) limit=0.68 (ask=0.69 off=-0.01) tp=+75% sl=-75% pending id=c3468fb6-94e4-454e-bef5-10035a47d62f
  Skipped: 286 no tradeable call, 184 already attempted today, 255 pending order
Placed 14 new entry order(s).
  reconcile: layout changed controlled:100:c000_s173_w1_0928_1005_r1 -> controlled:1024:lab0000_s200_w1_0928_1005_r1
  reconcile: entry fill b886|S410 PATH x1 @ 0.67
  reconcile: entry fill b844|S407 AMD x1 @ 0.35
  reconcile: entry fill b831|S406 AMD x1 @ 0.41
  reconcile: entry fill b830|S406 AMD x1 @ 0.41
  reconcile: entry fill b795|S399 COIN x1 @ 0.05
  reconcile: entry fill b794|S399 COIN x1 @ 0.05
  reconcile: entry fill b195|S218 DKNG x1 @ 0.42
  reconcile: entry fill b194|S218 DKNG x1 @ 0.42
  reconcile: exit fill b302|S353 UBER +96.6%
  reconcile: exit fill b830|S406 AMD -63.4%
  reconcile: exit fill b113|S212 UBER -33.3%
  reconcile: backfill ledger entry b366|S361 DKNG x1
  reconcile: entry fill b353|S360 DKNG x1 @ 0.38
  reconcile: entry fill b352|S360 DKNG x1 @ 0.38
  reconcile: exit fill b831|S406 AMD -51.2%
  reconcile: exit fill b844|S407 AMD -51.4%
  reconcile: entry fill b283|S351 AMD x1 @ 0.44
  reconcile: entry fill b282|S351 AMD x1 @ 0.44
  reconcile: entry fill b829|S406 DKNG x1 @ 0.30
  reconcile: entry fill b828|S406 DKNG x1 @ 0.30
  reconcile: reattributed orphan -> b313|S355 UBER x1 @ 0.43
  reconcile: entry fill b313|S355 UBER x1 @ 0.43
  reconcile: entry fill b312|S355 UBER x1 @ 0.43
  reconcile: entry fill b235|S401 TSLA x1 @ 0.46
  reconcile: entry fill b81|S210 PLTR x1 @ 0.47
  reconcile: entry fill b80|S210 PLTR x1 @ 0.47
  reconcile: entry fill b25|S203 DIS x1 @ 0.70
  reconcile: exit fill b0|ORPHAN AAPL -98.3%
  reconcile: exit fill b845|S407 AMZN -66.7%
  reconcile: exit fill b195|S218 DKNG -71.4%
  reconcile: exit fill b194|S218 DKNG -71.4%
  reconcile: entry fill b62|S207 XOM x1 @ 0.35
  reconcile: entry fill b863|S408 NKE x1 @ 0.16
  reconcile: entry fill b862|S408 NKE x1 @ 0.16
  reconcile: reattributed orphan -> b849|S407 NKE x1 @ 0.24
  reconcile: entry fill b849|S407 NKE x1 @ 0.24
  reconcile: backfill ledger entry b848|S407 NKE x1
  reconcile: entry fill b833|S406 TTD x1 @ 0.45
  reconcile: backfill ledger entry b807|S404 AMZN x1
  reconcile: backfill ledger entry b806|S404 AMZN x1
  reconcile: backfill ledger entry b783|S397 AMZN x1
  reconcile: backfill ledger entry b782|S397 AMZN x1
  reconcile: backfill ledger entry b439|S366 NKE x1
  reconcile: backfill ledger entry b438|S366 NKE x1
  reconcile: backfill ledger entry b327|S356 NKE x1
  reconcile: backfill ledger entry b326|S356 NKE x1
  reconcile: entry fill b295|S352 AMZN x1 @ 0.31
  reconcile: entry fill b294|S352 AMZN x1 @ 0.31
  reconcile: entry fill b286|S351 AMZN x1 @ 0.31
  reconcile: entry fill b240|S401 META x1 @ 0.60
  reconcile: entry fill b114|S212 UBER x1 @ 0.50
  reconcile: backfill ledger entry b101|S211 AMZN x1
  reconcile: backfill ledger entry b100|S211 AMZN x1
  reconcile: reattributed orphan -> b87|S210 AMZN x1 @ 0.36
  reconcile: entry fill b87|S210 AMZN x1 @ 0.36
  reconcile: reattributed orphan -> b86|S210 AMZN x1 @ 0.36
  reconcile: entry fill b86|S210 AMZN x1 @ 0.36
  reconcile: exit fill b62|S207 XOM -17.1%
  reconcile: exit fill b80|S210 PLTR -8.5%
  reconcile: backfill ledger entry b803|S404 AMZN x1
  reconcile: reattributed orphan -> b802|S404 AMZN x1 @ 0.55
  reconcile: entry fill b802|S404 AMZN x1 @ 0.55
  reconcile: entry fill b887|S410 PATH x1 @ 0.67
  reconcile: removed 14 stale lot(s)
  reconcile: orphan lot b0 AAPL260814C00330000 x2 @ 0.60 (legacy/unattributed)
  reconcile: orphan lot b0 AMD260807C00545000 x2 @ 0.41 (legacy/unattributed)
  reconcile: orphan lot b0 AMD260807C00550000 x1 @ 0.35 (legacy/unattributed)
  reconcile: orphan lot b0 AMZN260807C00302500 x1 @ 0.14 (legacy/unattributed)
  reconcile: orphan lot b0 DKNG260807C00023000 x2 @ 0.42 (legacy/unattributed)
  reconcile: trimmed DKNG260807C00024500 lots to match pos qty 4
  reconcile: trimmed UBER260814C00073000 lots to match pos qty 1

[Portfolio snapshot]
========================================================
OPTIONS TRIAL STATS
========================================================
Account equity: $145,089.53
Active buckets: 1024 of 1024 profiles ($500 virtual each) — paper unlimited mode

P&L summary
  Reflected (ex-S173,S174): $+11,994.46 all-time  |  $-597.85 today
  Raw (incl dropped):     $+10,398.91 all-time  |  $-597.85 today
  Open (not sold yet): $-3,026.60 unrealized (virtual lots)
                       $-2,971.75 unrealized (broker total)
  Premium deployed:    $8,210.50 in open positions
  Combined P&L:        $+8,967.86 (reflected realized + open virtual)

Ledger (master)
  Total events:     8944
  Today entries:    37
  Today exits (reflected): 22
  All-time exits (reflected): 1112  wins 44%
  Avg return/trade: +25.7%  median -17.9%

Open virtual lots (by bucket)
  b0 lab0000_s200_w1_0928_1005_r1  prem=$  1283  real=$ +0.00  open=$ +0.00  lots=15  [ORPHAN:UBERx2, ORPHAN:AMZNx3, ORPHAN:GOOGLx1, ORPHAN:METAx2 +11 more]
       buy: ask-0.01  sell: bid-0.01  tp=+50% sl=-50%
  b16 lab0016_s202_w1_0928_1005_r1  prem=$     0  real=$-39.00  open=$ +0.00  lots=0  [-]
       buy: ask-0.01  sell: bid-0.01  tp=+50% sl=-50%
  b17 lab0017_s202_w1_0928_1005_r2  prem=$     0  real=$-40.00  open=$ +0.00  lots=0  [-]
       buy: ask-0.01  sell: bid-0.01  tp=+50% sl=-50%
  b18 lab0018_s202_w2_1005_1045_r1  prem=$     0  real=$-29.00  open=$ +0.00  lots=0  [-]
       buy: ask-0.01  sell: bid-0.01  tp=+50% sl=-50%
  b19 lab0019_s202_w2_1005_1045_r2  prem=$     0  real=$-22.00  open=$ +0.00  lots=0  [-]
       buy: ask-0.01  sell: bid-0.01  tp=+50% sl=-50%
  b24 lab0024_s203_w1_0928_1005_r1  prem=$     0  real=$-65.00  open=$ +0.00  lots=0  [-]
       buy: ask-0.01  sell: bid-0.01  tp=+50% sl=-50%
  b26 lab0026_s203_w2_1005_1045_r1  prem=$     0  real=$-78.00  open=$ +0.00  lots=0  [-]
       buy: ask-0.01  sell: bid-0.01  tp=+50% sl=-50%
  b27 lab0027_s203_w2_1005_1045_r2  prem=$     0  real=$-253.00  open=$ +0.00  lots=0  [-]
       buy: ask-0.01  sell: bid-0.01  tp=+50% sl=-50%
  b28 lab0028_s203_w3_1045_1120_r1  prem=$    51  real=$-54.00  open=$ +9.27  lots=1  [S203:TTDx1]
       buy: ask-0.01  sell: bid-0.01  tp=+50% sl=-50%
  b29 lab0029_s203_w3_1045_1120_r2  prem=$    51  real=$-54.00  open=$ +9.27  lots=1  [S203:TTDx1]
       buy: ask-0.01  sell: bid-0.01  tp=+50% sl=-50%
  b30 lab0030_s203_w4_1120_1135_r1  prem=$    59  real=$-99.00  open=$+10.73  lots=1  [S203:TTDx1]
       buy: ask-0.01  sell: bid-0.01  tp=+50% sl=-50%
  b31 lab0031_s203_w4_1120_1135_r2  prem=$    59  real=$-93.00  open=$+10.73  lots=1  [S203:TTDx1]
       buy: ask-0.01  sell: bid-0.01  tp=+50% sl=-50%
  b58 lab0058_s207_w2_1005_1045_r1  prem=$     0  real=$-82.00  open=$ +0.00  lots=0  [-]
       buy: ask-0.01  sell: bid-0.01  tp=+50% sl=-50%
  b59 lab0059_s207_w2_1005_1045_r2  prem=$     0  real=$-153.00  open=$ +0.00  lots=0  [-]
       buy: ask-0.01  sell: bid-0.01  tp=+50% sl=-50%
  b60 lab0060_s207_w3_1045_1120_r1  prem=$     0  real=$-134.00  open=$ +0.00  lots=0  [-]
       buy: ask-0.01  sell: bid-0.01  tp=+50% sl=-50%
  b61 lab0061_s207_w3_1045_1120_r2  prem=$     0  real=$-158.00  open=$ +0.00  lots=0  [-]
       buy: ask-0.01  sell: bid-0.01  tp=+50% sl=-50%
  b62 lab0062_s207_w4_1120_1135_r1  prem=$     0  real=$-164.00  open=$ +0.00  lots=0  [-]
       buy: ask-0.01  sell: bid-0.01  tp=+50% sl=-50%
  b63 lab0063_s207_w4_1120_1135_r2  prem=$     0  real=$-83.00  open=$ +0.00  lots=0  [-]
       buy: ask-0.01  sell: bid-0.01  tp=+50% sl=-50%
  b72 lab0072_s209_w1_0928_1005_r1  prem=$    17  real=$ +0.00  open=$ -6.00  lots=1  [S209:UPSTx1]
       buy: ask-0.01  sell: bid-0.01  tp=+50% sl=-50%
  b73 lab0073_s209_w1_0928_1005_r2  prem=$    17  real=$ +0.00  open=$ -6.00  lots=1  [S209:UPSTx1]
       buy: ask-0.01  sell: bid-0.01  tp=+50% sl=-50%
  (258 more active bucket(s) omitted)
  (746 quiet bucket profile(s) — no trades yet)

Pending orders: 9
  b314 S355 MARA limit=0.48
  b315 S355 MARA limit=0.48
  b364 S361 MARA limit=0.22
  b365 S361 MARA limit=0.22
  b180 S217 RBLX limit=0.37

Alpaca option positions
  AAPL260814C00330000  qty=5  cost=$298.75  return=+17.2%  open P&L=$+51.25
  AMD260807C00545000  qty=2  cost=$82.00  return=-12.2%  open P&L=$-10.00
  AMD260807C00550000  qty=1  cost=$35.00  return=-20.0%  open P&L=$-7.00
  AMZN260807C00292500  qty=16  cost=$861.60  return=-96.3%  open P&L=$-829.60
  AMZN260807C00295000  qty=34  cost=$1,371.33  return=-97.5%  open P&L=$-1,337.33
  AMZN260807C00297500  qty=8  cost=$271.38  return=-100.0%  open P&L=$-271.38
  AMZN260807C00302500  qty=1  cost=$13.67  return=-100.0%  open P&L=$-13.67
  COIN260807C00160000  qty=10  cost=$270.00  return=+11.1%  open P&L=$+30.00
  COIN260807C00170000  qty=2  cost=$10.00  return=-20.0%  open P&L=$-2.00
  DKNG260807C00023000  qty=2  cost=$84.00  return=-16.7%  open P&L=$-14.00
  DKNG260807C00024500  qty=4  cost=$157.60  return=-67.0%  open P&L=$-105.60
  GOOGL260807C00372500  qty=2  cost=$116.00  return=-6.9%  open P&L=$-8.00
  GOOGL260810C00380000  qty=2  cost=$118.00  return=-30.5%  open P&L=$-36.00
  MARA260814C00011500  qty=6  cost=$310.00  return=+0.6%  open P&L=$+2.00
  META260807C00622500  qty=2  cost=$114.00  return=-29.8%  open P&L=$-34.00
  META260807C00625000  qty=2  cost=$92.00  return=-26.1%  open P&L=$-24.00
  NKE260807C00042000  qty=10  cost=$641.00  return=-29.8%  open P&L=$-191.00
  NKE260807C00043000  qty=4  cost=$94.00  return=-44.7%  open P&L=$-42.00
  NKE260821C00044000  qty=12  cost=$756.00  return=-14.3%  open P&L=$-108.00
  NKE260828C00045000  qty=12  cost=$758.00  return=-19.3%  open P&L=$-146.00
  NKE260904C00045000  qty=4  cost=$288.00  return=-9.7%  open P&L=$-28.00
  PATH260807C00013000  qty=2  cost=$134.00  return=-13.4%  open P&L=$-18.00
  TSLA260810C00342500  qty=2  cost=$106.00  return=+7.5%  open P&L=$+8.00
  TTD260807C00020500  qty=4  cost=$268.00  return=-47.8%  open P&L=$-128.00
  TTD260807P00017000  qty=4  cost=$220.00  return=+18.2%  open P&L=$+40.00
  UBER260807C00070000  qty=6  cost=$193.38  return=+80.0%  open P&L=$+154.62
  UBER260807C00078000  qty=1  cost=$50.53  return=-98.0%  open P&L=$-49.53
  UBER260814C00072000  qty=4  cost=$170.00  return=+48.2%  open P&L=$+82.00
  UBER260814C00073000  qty=1  cost=$40.50  return=+3.7%  open P&L=$+1.50
  UBER260828C00075000  qty=4  cost=$210.00  return=+35.2%  open P&L=$+74.00
  UPST260807C00032000  qty=2  cost=$34.00  return=-35.3%  open P&L=$-12.00

Per-bucket exit stats (all time)
  b0|orphan_reconcile     n=103  avg=-9.1%  med=-60.0%  realized=$+5,476.24
  b104|c104_s164_w1_0928_1005_r4  n=  1  avg=-88.9%  med=-88.9%  realized=$-8.00
  b108|c108_s202_w3_1045_1120_r1  n=  1  avg=-33.3%  med=-33.3%  realized=$-1.00
  b108|lab0108_s212_w1_0928_1005_r1  n=  3  avg=-98.5%  med=-98.6%  realized=$-198.00
  b109|c109_s202_w3_1045_1120_r2  n=  1  avg=-66.7%  med=-66.7%  realized=$-2.00
  b109|lab0109_s212_w1_0928_1005_r2  n=  4  avg=-76.2%  med=-58.9%  realized=$-198.00
  b10|c010_s165_w3_1045_1120_r1  n=  8  avg=-37.2%  med=-18.9%  realized=$-205.00
  b110|lab0110_s212_w2_1005_1045_r1  n=  4  avg=-68.2%  med=-63.2%  realized=$-173.00
  b111|lab0111_s212_w2_1005_1045_r2  n=  4  avg=-59.4%  med=-54.4%  realized=$-151.00
  b112|lab0112_s212_w3_1045_1120_r1  n=  5  avg=-62.0%  med=-68.1%  realized=$-158.00
  b113|lab0113_s212_w3_1045_1120_r2  n=  9  avg=-74.4%  med=-74.5%  realized=$-364.00
  b114|lab0114_s212_w4_1120_1135_r1  n=  7  avg=-71.6%  med=-73.5%  realized=$-254.00
  b115|lab0115_s212_w4_1120_1135_r2  n=  4  avg=-73.2%  med=-54.1%  realized=$-150.00
  b132|c132_s164_w1_0928_1005_r5  n=  2  avg=-65.7%  med=-53.6%  realized=$-37.00
  b135|c135_s164_w4_1120_1135_r5  n=  1  avg=-50.0%  med=-50.0%  realized=$-4.00
  b164|lab0164_s216_w1_0928_1005_r1  n=  2  avg=-44.3%  med=-37.0%  realized=$-48.00
  b165|lab0165_s216_w1_0928_1005_r2  n=  2  avg=-44.3%  med=-37.0%  realized=$-48.00
  b166|lab0166_s216_w2_1005_1045_r1  n=  3  avg=-63.9%  med=-63.4%  realized=$-103.00
  b167|lab0167_s216_w2_1005_1045_r2  n=  4  avg=-82.1%  med=-80.5%  realized=$-153.00
  b168|lab0168_s216_w3_1045_1120_r1  n=  1  avg=-89.6%  med=-89.6%  realized=$-43.00
  b169|lab0169_s216_w3_1045_1120_r2  n=  3  avg=-54.9%  med=-56.2%  realized=$-77.00
  b16|lab0016_s202_w1_0928_1005_r1  n=  1  avg=-63.9%  med=-63.9%  realized=$-39.00
  b178|lab0178_s217_w1_0928_1005_r1  n=  1  avg=+66.0%  med=+66.0%  realized=$+31.00
  b179|lab0179_s217_w1_0928_1005_r2  n=  1  avg=+51.1%  med=+51.1%  realized=$+24.00
  b17|lab0017_s202_w1_0928_1005_r2  n=  1  avg=-65.6%  med=-65.6%  realized=$-40.00
  b180|lab0180_s217_w2_1005_1045_r1  n=  7  avg=+209.4%  med=+135.3%  realized=$+392.00
  b181|lab0181_s217_w2_1005_1045_r2  n=  7  avg=+219.5%  med=+73.3%  realized=$+374.00
  b182|lab0182_s217_w3_1045_1120_r1  n=  2  avg=-43.8%  med=-43.8%  realized=$-28.00
  b183|lab0183_s217_w3_1045_1120_r2  n=  3  avg=-64.2%  med=-68.8%  realized=$-66.00
  b185|lab0185_s217_w4_1120_1135_r2  n=  1  avg=-55.6%  med=-55.6%  realized=$-25.00
  b18|lab0018_s202_w2_1005_1045_r1  n=  1  avg=-74.4%  med=-74.4%  realized=$-29.00
  b192|lab0192_s218_w1_0928_1005_r1  n=  2  avg=+50.0%  med=+50.0%  realized=$+66.00
  b193|lab0193_s218_w1_0928_1005_r2  n=  3  avg=+40.9%  med=+36.4%  realized=$+78.00
  b194|lab0194_s218_w2_1005_1045_r1  n= 10  avg=+5.4%  med=+22.2%  realized=$-71.00
  b195|lab0195_s218_w2_1005_1045_r2  n= 10  avg=+23.1%  med=+58.8%  realized=$+37.00
  b196|lab0196_s218_w3_1045_1120_r1  n=  4  avg=+319.3%  med=+403.1%  realized=$+283.00
  b197|lab0197_s218_w3_1045_1120_r2  n=  3  avg=+368.0%  med=+318.8%  realized=$+253.00
  b198|lab0198_s218_w4_1120_1135_r1  n=  1  avg=+71.9%  med=+71.9%  realized=$+41.00
  b199|lab0199_s218_w4_1120_1135_r2  n=  1  avg=+75.4%  med=+75.4%  realized=$+43.00
  b19|lab0019_s202_w2_1005_1045_r2  n=  1  avg=-56.4%  med=-56.4%  realized=$-22.00
  b20|c020_s164_w1_0928_1005_r1  n=  1  avg=-88.9%  med=-88.9%  realized=$-8.00
  b222|lab0222_s400_w2_1005_1045_r1  n=  1  avg=-50.0%  med=-50.0%  realized=$-4.00
  b223|lab0223_s400_w2_1005_1045_r2  n=  1  avg=-50.0%  med=-50.0%  realized=$-4.00
  b224|lab0224_s400_w3_1045_1120_r1  n=  1  avg=-66.7%  med=-66.7%  realized=$-10.00
  b225|lab0225_s400_w3_1045_1120_r2  n=  1  avg=-66.7%  med=-66.7%  realized=$-10.00
  b227|lab0227_s400_w4_1120_1135_r2  n=  1  avg=-22.2%  med=-22.2%  realized=$-2.00
  b234|lab0234_s401_w1_0928_1005_r1  n=  4  avg=-6.9%  med=+8.3%  realized=$-12.00
  b235|lab0235_s401_w1_0928_1005_r2  n=  6  avg=+69.3%  med=+80.6%  realized=$+229.00
  b236|c236_s218_w3_1045_1120_r1  n=  1  avg=-33.3%  med=-33.3%  realized=$-1.00
  b236|lab0236_s401_w2_1005_1045_r1  n=  2  avg=-96.2%  med=-96.2%  realized=$-102.00
  b237|c237_s218_w3_1045_1120_r2  n=  1  avg=-66.7%  med=-66.7%  realized=$-2.00
  b237|lab0237_s401_w2_1005_1045_r2  n=  2  avg=-96.2%  med=-96.2%  realized=$-102.00
  b238|lab0238_s401_w3_1045_1120_r1  n=  6  avg=+295.8%  med=+273.1%  realized=$+602.00
  b239|lab0239_s401_w3_1045_1120_r2  n=  5  avg=+20.3%  med=-6.7%  realized=$+9.00
  b240|lab0240_s401_w4_1120_1135_r1  n=  5  avg=+20.2%  med=+21.1%  realized=$+29.00
  b241|lab0241_s401_w4_1120_1135_r2  n=  4  avg=+26.1%  med=+31.6%  realized=$+31.00
  b24|lab0024_s203_w1_0928_1005_r1  n=  2  avg=-75.6%  med=-74.4%  realized=$-65.00
  b262|lab0262_s403_w1_0928_1005_r1  n=  1  avg=+65.4%  med=+65.4%  realized=$+34.00
  b263|lab0263_s403_w1_0928_1005_r2  n=  1  avg=+50.0%  med=+50.0%  realized=$+26.00
  b264|lab0264_s403_w2_1005_1045_r1  n=  1  avg=-66.1%  med=-66.1%  realized=$-39.00
  b265|lab0265_s403_w2_1005_1045_r2  n=  1  avg=-52.5%  med=-52.5%  realized=$-31.00
  b266|lab0266_s403_w3_1045_1120_r1  n=  1  avg=-85.9%  med=-85.9%  realized=$-61.00
  b267|lab0267_s403_w3_1045_1120_r2  n=  1  avg=-77.5%  med=-77.5%  realized=$-55.00
  b268|lab0268_s403_w4_1120_1135_r1  n=  2  avg=+320.0%  med=+320.0%  realized=$+160.00
  b269|lab0269_s403_w4_1120_1135_r2  n=  4  avg=+158.4%  med=+316.0%  realized=$+182.00
  b26|lab0026_s203_w2_1005_1045_r1  n=  3  avg=-54.5%  med=-54.0%  realized=$-78.00
  b276|lab0276_s350_w1_0928_1005_r1  n=  6  avg=+84.1%  med=+102.9%  realized=$+218.00
  b277|lab0277_s350_w1_0928_1005_r2  n=  4  avg=+154.0%  med=+260.0%  realized=$+258.00
  b278|lab0278_s350_w2_1005_1045_r1  n=  8  avg=+23.2%  med=+15.0%  realized=$+27.00
  b279|lab0279_s350_w2_1005_1045_r2  n=  8  avg=+66.8%  med=+94.1%  realized=$+137.00
  b27|lab0027_s203_w2_1005_1045_r2  n=  8  avg=-66.2%  med=-56.2%  realized=$-253.00
  b280|lab0280_s351_w1_0928_1005_r1  n=  5  avg=+104.3%  med=+171.9%  realized=$+164.00
  b281|lab0281_s351_w1_0928_1005_r2  n=  4  avg=+209.5%  med=+346.9%  realized=$+310.00
  b282|lab0282_s351_w2_1005_1045_r1  n=  6  avg=-51.8%  med=-62.5%  realized=$-127.00
  b283|lab0283_s351_w2_1005_1045_r2  n=  7  avg=-42.2%  med=-52.9%  realized=$-114.00
  b285|lab0285_s351_w3_1045_1120_r2  n=  1  avg=-33.3%  med=-33.3%  realized=$-1.00
  b286|lab0286_s351_w4_1120_1135_r1  n=  2  avg=-94.9%  med=-94.9%  realized=$-74.00
  b287|lab0287_s351_w4_1120_1135_r2  n=  5  avg=-50.4%  med=-40.0%  realized=$-79.00
  b288|lab0288_s352_w1_0928_1005_r1  n=  2  avg=+76.2%  med=+100.0%  realized=$+54.00
  b289|lab0289_s352_w1_0928_1005_r2  n=  2  avg=+70.7%  med=+93.8%  realized=$+50.00
  b28|c028_s165_w1_0928_1005_r2  n= 17  avg=+49.5%  med=+80.0%  realized=$+448.00
  b28|c028_s173_w1_0928_1005_r2  n=  5  avg=+51.6%  med=+80.0%  realized=$+142.00
  b28|lab0028_s203_w3_1045_1120_r1  n=  2  avg=-50.9%  med=-49.0%  realized=$-54.00
  b290|lab0290_s352_w2_1005_1045_r1  n=  2  avg=+73.6%  med=+108.3%  realized=$+40.00
  b291|lab0291_s352_w2_1005_1045_r2  n=  5  avg=+70.9%  med=-51.9%  realized=$+90.00
  b293|lab0293_s352_w3_1045_1120_r2  n=  1  avg=+90.0%  med=+90.0%  realized=$+18.00
  b296|lab0296_s353_w1_0928_1005_r1  n=  2  avg=+123.7%  med=+123.7%  realized=$+94.00
  b297|lab0297_s353_w1_0928_1005_r2  n=  2  avg=+79.0%  med=+79.0%  realized=$+60.00
  b298|lab0298_s353_w2_1005_1045_r1  n=  6  avg=-56.2%  med=-50.8%  realized=$-174.00
  b299|lab0299_s353_w2_1005_1045_r2  n=  3  avg=-75.9%  med=-76.3%  realized=$-86.00
  b29|c029_s165_w2_1005_1045_r2  n=  9  avg=-23.3%  med=-50.0%  realized=$-221.00
  b29|c029_s173_w2_1005_1045_r2  n=  2  avg=-69.3%  med=-48.5%  realized=$-78.00
  b29|lab0029_s203_w3_1045_1120_r2  n=  2  avg=-50.9%  med=-49.0%  realized=$-54.00
  b300|lab0300_s353_w3_1045_1120_r1  n=  1  avg=-94.1%  med=-94.1%  realized=$-48.00
  b302|lab0302_s353_w4_1120_1135_r1  n=  1  avg=+96.5%  med=+96.5%  realized=$+28.00
  b303|lab0303_s353_w4_1120_1135_r2  n=  1  avg=+93.1%  med=+93.1%  realized=$+27.00
  b304|lab0304_s354_w1_0928_1005_r1  n=  1  avg=+93.6%  med=+93.6%  realized=$+44.00
  b305|lab0305_s354_w1_0928_1005_r2  n=  1  avg=+100.0%  med=+100.0%  realized=$+47.00
  b306|lab0306_s354_w2_1005_1045_r1  n=  4  avg=+32.2%  med=+133.3%  realized=$+52.00
  b307|lab0307_s354_w2_1005_1045_r2  n=  5  avg=+14.2%  med=-64.4%  realized=$+26.00
  b308|lab0308_s354_w3_1045_1120_r1  n=  3  avg=+102.3%  med=+136.9%  realized=$+162.00
  b309|lab0309_s354_w3_1045_1120_r2  n=  3  avg=+75.3%  med=+103.1%  realized=$+117.00
  b30|c030_s165_w3_1045_1120_r2  n=  9  avg=+38.8%  med=+0.0%  realized=$+260.00
  b30|c030_s173_w3_1045_1120_r2  n=  2  avg=-9.5%  med=+0.0%  realized=$-14.00
  b30|lab0030_s203_w4_1120_1135_r1  n=  3  avg=-61.1%  med=-66.1%  realized=$-99.00
  b310|lab0310_s354_w4_1120_1135_r1  n=  3  avg=+56.5%  med=+116.7%  realized=$+122.00
  b311|lab0311_s354_w4_1120_1135_r2  n=  2  avg=+209.1%  med=+290.5%  realized=$+214.00
  b312|lab0312_s355_w1_0928_1005_r1  n=  2  avg=+19.0%  med=+91.5%  realized=$+20.00
  b313|lab0313_s355_w1_0928_1005_r2  n=  2  avg=+18.1%  med=+85.1%  realized=$+19.00
  b314|lab0314_s355_w2_1005_1045_r1  n=  5  avg=+15.0%  med=-63.4%  realized=$+35.00
  b315|lab0315_s355_w2_1005_1045_r2  n=  5  avg=+8.2%  med=-37.1%  realized=$+26.00
  b316|lab0316_s355_w3_1045_1120_r1  n=  1  avg=+193.8%  med=+193.8%  realized=$+93.00
  b317|lab0317_s355_w3_1045_1120_r2  n=  1  avg=+187.5%  med=+187.5%  realized=$+90.00
  b318|lab0318_s355_w4_1120_1135_r1  n=  1  avg=+292.9%  med=+292.9%  realized=$+123.00
  b319|lab0319_s355_w4_1120_1135_r2  n=  1  avg=+328.6%  med=+328.6%  realized=$+138.00
  b31|c031_s165_w4_1120_1135_r2  n=  2  avg=+145.5%  med=+175.8%  realized=$+192.00
  b31|lab0031_s203_w4_1120_1135_r2  n=  3  avg=-57.3%  med=-62.7%  realized=$-93.00
  b320|lab0320_s356_w1_0928_1005_r1  n=  2  avg=+37.9%  med=+37.9%  realized=$+44.00
  b321|lab0321_s356_w1_0928_1005_r2  n=  2  avg=+58.6%  med=+58.6%  realized=$+68.00
  b328|lab0328_s357_w1_0928_1005_r1  n=  2  avg=+47.1%  med=+47.1%  realized=$+64.00
  b329|lab0329_s357_w1_0928_1005_r2  n=  2  avg=+47.1%  med=+47.1%  realized=$+64.00
  b332|lab0332_s357_w3_1045_1120_r1  n=  2  avg=+66.7%  med=+73.7%  realized=$+79.00
  b333|lab0333_s357_w3_1045_1120_r2  n=  3  avg=+67.3%  med=+71.9%  realized=$+118.00
  b344|lab0344_s359_w1_0928_1005_r1  n=  2  avg=+37.2%  med=+142.9%  realized=$-19.00
  b345|lab0345_s359_w1_0928_1005_r2  n=  2  avg=+82.7%  med=+228.6%  realized=$-4.00
  b346|lab0346_s359_w2_1005_1045_r1  n=  8  avg=-41.8%  med=-46.7%  realized=$-115.00
  b347|lab0347_s359_w2_1005_1045_r2  n=  8  avg=-41.1%  med=-44.4%  realized=$-112.00
  b348|lab0348_s360_w1_0928_1005_r1  n=  1  avg=-82.2%  med=-82.2%  realized=$-37.00
  b349|lab0349_s360_w1_0928_1005_r2  n=  1  avg=-77.8%  med=-77.8%  realized=$-35.00
  b350|lab0350_s360_w2_1005_1045_r1  n=  8  avg=-38.3%  med=-44.4%  realized=$-105.00
  b351|lab0351_s360_w2_1005_1045_r2  n=  8  avg=-50.2%  med=-56.4%  realized=$-142.00
  b352|lab0352_s360_w3_1045_1120_r1  n=  2  avg=-65.8%  med=-50.0%  realized=$-37.00
  b353|lab0353_s360_w3_1045_1120_r2  n=  2  avg=-67.1%  med=-50.0%  realized=$-38.00
  b354|lab0354_s360_w4_1120_1135_r1  n=  2  avg=-33.3%  med=-33.3%  realized=$-12.00
  b355|lab0355_s360_w4_1120_1135_r2  n=  3  avg=-34.9%  med=-54.8%  realized=$-32.00
  b364|lab0364_s361_w2_1005_1045_r1  n=  7  avg=-3.6%  med=-66.7%  realized=$-22.00
  b365|lab0365_s361_w2_1005_1045_r2  n= 10  avg=+97.3%  med=+82.8%  realized=$+201.00
  b367|lab0367_s361_w3_1045_1120_r2  n=  4  avg=+9.9%  med=-8.3%  realized=$-2.00
  b376|lab0376_s362_w1_0928_1005_r1  n=  3  avg=+43.9%  med=+8.7%  realized=$+52.00
  b377|lab0377_s362_w1_0928_1005_r2  n=  3  avg=+49.6%  med=+13.0%  realized=$+61.00
  b378|lab0378_s362_w2_1005_1045_r1  n=  3  avg=+52.7%  med=+52.6%  realized=$+59.00
  b379|lab0379_s362_w2_1005_1045_r2  n=  7  avg=+41.8%  med=+38.2%  realized=$+123.00
  b380|lab0380_s362_w3_1045_1120_r1  n=  4  avg=+63.0%  med=+103.3%  realized=$+164.00
  b381|lab0381_s362_w3_1045_1120_r2  n=  4  avg=+67.4%  med=+108.3%  realized=$+174.00
  b382|lab0382_s362_w4_1120_1135_r1  n=  1  avg=+1125.8%  med=+1125.8%  realized=$+349.00
  b383|lab0383_s362_w4_1120_1135_r2  n=  1  avg=+1222.6%  med=+1222.6%  realized=$+379.00
  b390|lab0390_s363_w1_0928_1005_r1  n=  1  avg=+106.5%  med=+106.5%  realized=$+33.00
  b391|lab0391_s363_w1_0928_1005_r2  n=  1  avg=+103.2%  med=+103.2%  realized=$+32.00
  b392|lab0392_s363_w2_1005_1045_r1  n=  3  avg=+27.8%  med=+9.5%  realized=$+26.00
  b393|lab0393_s363_w2_1005_1045_r2  n=  3  avg=+25.0%  med=+7.1%  realized=$+23.00
  b397|lab0397_s363_w4_1120_1135_r2  n=  2  avg=+52.9%  med=+52.9%  realized=$+36.00
  b405|lab0405_s364_w1_0928_1005_r2  n=  1  avg=+50.0%  med=+50.0%  realized=$+25.00
  b406|lab0406_s364_w2_1005_1045_r1  n=  4  avg=+42.8%  med=+77.8%  realized=$+77.00
  b407|lab0407_s364_w2_1005_1045_r2  n=  4  avg=+36.3%  med=+69.6%  realized=$+62.00
  b408|lab0408_s364_w3_1045_1120_r1  n=  2  avg=+66.7%  med=+66.7%  realized=$+44.00
  b409|lab0409_s364_w3_1045_1120_r2  n=  3  avg=+61.6%  med=+63.6%  realized=$+61.00
  b410|lab0410_s364_w4_1120_1135_r1  n=  2  avg=+233.3%  med=+233.3%  realized=$+168.00
  b411|lab0411_s364_w4_1120_1135_r2  n=  2  avg=+188.9%  med=+188.9%  realized=$+136.00
  b425|lab0425_s365_w4_1120_1135_r2  n=  1  avg=+54.8%  med=+54.8%  realized=$+34.00
  b48|c048_s164_w1_0928_1005_r2  n=  5  avg=-33.1%  med=-49.1%  realized=$-91.00
  b48|c048_s165_w1_0928_1005_r3  n= 16  avg=-35.9%  med=-49.1%  realized=$-344.00
  b49|c049_s164_w2_1005_1045_r2  n=  4  avg=-51.8%  med=-44.0%  realized=$-133.00
  b49|c049_s165_w2_1005_1045_r3  n= 15  avg=-49.3%  med=-49.1%  realized=$-458.00
  b50|c050_s164_w3_1045_1120_r2  n=  4  avg=-39.6%  med=-16.7%  realized=$-115.00
  b50|c050_s165_w3_1045_1120_r3  n=  9  avg=-23.6%  med=-23.1%  realized=$-142.00
  b51|c051_s165_w4_1120_1135_r3  n=  1  avg=+263.6%  med=+263.6%  realized=$+174.00
  b56|g056_lim_tp20_sl65  n=  1  avg=+47.7%  med=+47.7%  realized=$+20.52
  b57|g057_mid_tp20_sl65  n=  1  avg=+47.7%  med=+47.7%  realized=$+20.52
  b58|g058_eod_tp20_sl65  n=  1  avg=+59.1%  med=+59.1%  realized=$+25.41
  b58|lab0058_s207_w2_1005_1045_r1  n=  6  avg=-21.5%  med=-32.0%  realized=$-82.00
  b59|lab0059_s207_w2_1005_1045_r2  n=  5  avg=-48.7%  med=-49.1%  realized=$-153.00
  b60|lab0060_s207_w3_1045_1120_r1  n=  6  avg=-39.6%  med=-36.4%  realized=$-134.00
  b61|lab0061_s207_w3_1045_1120_r2  n=  8  avg=-38.0%  med=-47.7%  realized=$-158.00
  b62|lab0062_s207_w4_1120_1135_r1  n=  6  avg=-45.5%  med=-54.3%  realized=$-164.00
  b63|lab0063_s207_w4_1120_1135_r2  n=  4  avg=-32.9%  med=-45.8%  realized=$-83.00
  b68|c068_s165_w1_0928_1005_r4  n= 16  avg=-51.3%  med=-49.1%  realized=$-446.00
  b68|c068_s166_w1_0928_1005_r3  n=  4  avg=-52.7%  med=-49.1%  realized=$-116.00
  b69|c069_s165_w2_1005_1045_r4  n= 11  avg=+19.0%  med=-43.6%  realized=$-179.00
  b69|c069_s166_w2_1005_1045_r3  n=  4  avg=+10.1%  med=-40.0%  realized=$-87.00
  b70|c070_s165_w3_1045_1120_r4  n= 11  avg=-2.1%  med=-16.9%  realized=$-6.00
  b70|c070_s166_w3_1045_1120_r3  n=  4  avg=-42.5%  med=-27.0%  realized=$-124.00
  b70|g070_eod_tp30_sl20  n=  1  avg=+59.1%  med=+59.1%  realized=$+27.77
  b76|c076_s164_w1_0928_1005_r3  n=  1  avg=-50.0%  med=-50.0%  realized=$-2.00
  b776|lab0776_s397_w1_0928_1005_r1  n=  1  avg=+40.4%  med=+40.4%  realized=$+23.00
  b777|lab0777_s397_w1_0928_1005_r2  n=  1  avg=+38.6%  med=+38.6%  realized=$+22.00
  b778|lab0778_s397_w2_1005_1045_r1  n=  2  avg=+62.2%  med=+73.0%  realized=$+83.00
  b779|lab0779_s397_w2_1005_1045_r2  n=  2  avg=+52.8%  med=+61.9%  realized=$+70.00
  b780|lab0780_s397_w3_1045_1120_r1  n=  1  avg=+114.8%  med=+114.8%  realized=$+70.00
  b781|lab0781_s397_w3_1045_1120_r2  n=  2  avg=+12.4%  med=+116.4%  realized=$+27.00
  b783|lab0783_s397_w4_1120_1135_r2  n=  1  avg=+151.6%  med=+151.6%  realized=$+94.00
  b784|lab0784_s398_w1_0928_1005_r1  n=  1  avg=+49.0%  med=+49.0%  realized=$+24.00
  b785|lab0785_s398_w1_0928_1005_r2  n=  1  avg=+49.0%  med=+49.0%  realized=$+24.00
  b786|lab0786_s398_w2_1005_1045_r1  n=  6  avg=-2.7%  med=+3.3%  realized=$+3.00
  b787|lab0787_s398_w2_1005_1045_r2  n=  2  avg=+69.9%  med=+78.6%  realized=$+82.00
  b788|lab0788_s398_w3_1045_1120_r1  n=  5  avg=+32.0%  med=-18.4%  realized=$+80.00
  b789|lab0789_s398_w3_1045_1120_r2  n=  3  avg=+55.2%  med=+65.7%  realized=$+95.00
  b790|lab0790_s398_w4_1120_1135_r1  n=  3  avg=+177.2%  med=+140.3%  realized=$+255.00
  b791|lab0791_s398_w4_1120_1135_r2  n=  3  avg=+150.8%  med=+155.6%  realized=$+242.00
  b792|lab0792_s399_w1_0928_1005_r1  n=  2  avg=+145.0%  med=+150.0%  realized=$+71.00
  b793|lab0793_s399_w1_0928_1005_r2  n=  8  avg=+37.9%  med=+100.0%  realized=$+85.00
  b794|lab0794_s399_w2_1005_1045_r1  n=  5  avg=-5.3%  med=-17.2%  realized=$-30.00
  b795|lab0795_s399_w2_1005_1045_r2  n=  5  avg=+1.6%  med=-46.1%  realized=$+0.00
  b797|lab0797_s399_w3_1045_1120_r2  n=  5  avg=-64.6%  med=-66.7%  realized=$-121.00
  b798|lab0798_s399_w4_1120_1135_r1  n=  2  avg=+134.0%  med=+134.0%  realized=$+134.00
  b799|lab0799_s399_w4_1120_1135_r2  n=  2  avg=+149.2%  med=+186.5%  realized=$+125.00
  b800|lab0800_s404_w1_0928_1005_r1  n=  1  avg=+38.6%  med=+38.6%  realized=$+22.00
  b801|lab0801_s404_w1_0928_1005_r2  n=  1  avg=+31.6%  med=+31.6%  realized=$+18.00
  b802|lab0802_s404_w2_1005_1045_r1  n=  3  avg=+2.6%  med=+45.1%  realized=$+17.00
  b803|lab0803_s404_w2_1005_1045_r2  n=  2  avg=+48.5%  med=+50.8%  realized=$+64.00
  b804|lab0804_s404_w3_1045_1120_r1  n=  2  avg=+7.4%  med=+106.6%  realized=$+21.00
  b805|lab0805_s404_w3_1045_1120_r2  n=  2  avg=-2.4%  med=+86.9%  realized=$+9.00
  b806|lab0806_s404_w4_1120_1135_r1  n=  1  avg=+145.2%  med=+145.2%  realized=$+90.00
  b807|lab0807_s404_w4_1120_1135_r2  n=  1  avg=+124.2%  med=+124.2%  realized=$+77.00
  b80|lab0080_s210_w1_0928_1005_r1  n=  4  avg=+7.0%  med=-8.5%  realized=$+3.00
  b814|lab0814_s405_w1_0928_1005_r1  n=  1  avg=+53.1%  med=+53.1%  realized=$+26.00
  b815|lab0815_s405_w1_0928_1005_r2  n=  1  avg=+46.9%  med=+46.9%  realized=$+23.00
  b816|lab0816_s405_w2_1005_1045_r1  n=  2  avg=+61.4%  med=+69.6%  realized=$+72.00
  b817|lab0817_s405_w2_1005_1045_r2  n=  9  avg=-20.2%  med=-40.0%  realized=$-80.00
  b818|lab0818_s405_w3_1045_1120_r1  n=  3  avg=+46.7%  med=+55.7%  realized=$+81.00
  b819|lab0819_s405_w3_1045_1120_r2  n=  4  avg=+21.7%  med=+42.9%  realized=$+37.00
  b81|lab0081_s210_w1_0928_1005_r2  n=  3  avg=+14.8%  med=-6.4%  realized=$+10.00
  b820|lab0820_s405_w4_1120_1135_r1  n=  3  avg=+105.6%  med=+106.9%  realized=$+171.00
  b821|lab0821_s405_w4_1120_1135_r2  n=  5  avg=+46.2%  med=+3.5%  realized=$+92.00
  b828|lab0828_s406_w1_0928_1005_r1  n=  2  avg=+11.3%  med=+72.5%  realized=$+22.00
  b829|lab0829_s406_w1_0928_1005_r2  n=  2  avg=+9.3%  med=+68.6%  realized=$+20.00
  b82|lab0082_s210_w2_1005_1045_r1  n=  4  avg=-58.3%  med=-48.8%  realized=$-91.00
  b830|lab0830_s406_w2_1005_1045_r1  n=  7  avg=+37.9%  med=+61.3%  realized=$+38.00
  b831|lab0831_s406_w2_1005_1045_r2  n=  8  avg=+35.6%  med=+82.8%  realized=$+20.00
  b832|lab0832_s406_w3_1045_1120_r1  n=  6  avg=+351.8%  med=+126.9%  realized=$+863.00
  b833|lab0833_s406_w3_1045_1120_r2  n=  8  avg=+343.2%  med=+73.1%  realized=$+836.00
  b834|lab0834_s406_w4_1120_1135_r1  n=  2  avg=+53.8%  med=+63.6%  realized=$+25.00
  b835|lab0835_s406_w4_1120_1135_r2  n=  2  avg=-53.0%  med=-50.0%  realized=$-25.00
  b83|lab0083_s210_w2_1005_1045_r2  n=  4  avg=+28.5%  med=+50.0%  realized=$+34.00
  b842|lab0842_s407_w1_0928_1005_r1  n=  1  avg=+140.0%  med=+140.0%  realized=$+28.00
  b843|lab0843_s407_w1_0928_1005_r2  n=  1  avg=+125.0%  med=+125.0%  realized=$+25.00
  b844|lab0844_s407_w2_1005_1045_r1  n=  7  avg=+101.2%  med=-51.4%  realized=$+84.00
  b845|lab0845_s407_w2_1005_1045_r2  n=  6  avg=+104.2%  med=+38.8%  realized=$+101.00
  b848|lab0848_s407_w4_1120_1135_r1  n=  2  avg=-95.9%  med=-95.9%  realized=$-94.00
  b849|lab0849_s407_w4_1120_1135_r2  n=  5  avg=+104.6%  med=+229.2%  realized=$+115.00
  b84|lab0084_s210_w3_1045_1120_r1  n=  4  avg=+30.9%  med=+16.7%  realized=$+34.00
  b857|lab0857_s408_w1_0928_1005_r2  n=  1  avg=+52.6%  med=+52.6%  realized=$+10.00
  b858|lab0858_s408_w2_1005_1045_r1  n=  1  avg=+41.9%  med=+41.9%  realized=$+13.00
  b859|lab0859_s408_w2_1005_1045_r2  n=  2  avg=+1.1%  med=+45.2%  realized=$+8.00
  b85|lab0085_s210_w3_1045_1120_r2  n=  5  avg=+13.7%  med=+13.9%  realized=$+12.00
  b860|lab0860_s408_w3_1045_1120_r1  n=  5  avg=+695.8%  med=+954.5%  realized=$+621.00
  b861|lab0861_s408_w3_1045_1120_r2  n=  8  avg=+280.7%  med=+100.0%  realized=$+392.00
  b862|lab0862_s408_w4_1120_1135_r1  n=  1  avg=-50.0%  med=-50.0%  realized=$-8.00
  b863|lab0863_s408_w4_1120_1135_r2  n=  5  avg=-12.5%  med=-6.2%  realized=$-10.00
  b86|lab0086_s210_w4_1120_1135_r1  n=  4  avg=+23.7%  med=+16.7%  realized=$+31.00
  b87|lab0087_s210_w4_1120_1135_r2  n=  4  avg=+26.6%  med=+19.4%  realized=$+35.00
  b88|c088_s165_w1_0928_1005_r5  n= 21  avg=-5.0%  med=-2.7%  realized=$-63.00
  b88|c088_s167_w1_0928_1005_r4  n=  4  avg=-12.7%  med=+30.9%  realized=$-28.00
  b898|lab0898_s411_w1_0928_1005_r1  n=  1  avg=-51.4%  med=-51.4%  realized=$-37.00
  b899|lab0899_s411_w1_0928_1005_r2  n=  1  avg=-48.6%  med=-48.6%  realized=$-35.00
  b89|c089_s165_w2_1005_1045_r5  n=  7  avg=+113.1%  med=+30.9%  realized=$+67.00
  b89|c089_s167_w2_1005_1045_r4  n=  2  avg=-16.2%  med=+30.9%  realized=$-22.00
  b8|c008_s165_w1_0928_1005_r1  n= 23  avg=-19.6%  med=-35.3%  realized=$-250.00
  b900|lab0900_s411_w2_1005_1045_r1  n=  2  avg=+37.4%  med=+45.0%  realized=$+47.00
  b901|lab0901_s411_w2_1005_1045_r2  n=  3  avg=+32.8%  med=+36.1%  realized=$+61.00
  b902|lab0902_s411_w3_1045_1120_r1  n=  4  avg=+22.8%  med=+13.4%  realized=$+49.00
  b903|lab0903_s411_w3_1045_1120_r2  n=  4  avg=+19.6%  med=+10.4%  realized=$+41.00
  b905|lab0905_s411_w4_1120_1135_r2  n=  1  avg=+13.1%  med=+13.1%  realized=$+8.00
  b90|c090_s165_w3_1045_1120_r5  n= 13  avg=+7.7%  med=+0.0%  realized=$+47.00
  b90|c090_s167_w3_1045_1120_r4  n=  4  avg=-41.6%  med=-18.9%  realized=$-123.00
  b914|lab0914_s412_w2_1005_1045_r1  n=  4  avg=+75.2%  med=+68.2%  realized=$+124.00
  b915|lab0915_s412_w2_1005_1045_r2  n=  3  avg=+54.2%  med=+43.2%  realized=$+64.00
  b916|lab0916_s412_w3_1045_1120_r1  n=  8  avg=+21.1%  med=-10.7%  realized=$+15.00
  b917|lab0917_s412_w3_1045_1120_r2  n=  1  avg=-51.8%  med=-51.8%  realized=$-29.00
  b919|lab0919_s412_w4_1120_1135_r2  n=  1  avg=+37.5%  med=+37.5%  realized=$+12.00
  b91|c091_s165_w4_1120_1135_r5  n=  2  avg=+222.0%  med=+247.0%  realized=$+293.00
  b94|lab0094_s211_w1_0928_1005_r1  n=  3  avg=-21.0%  med=-5.7%  realized=$-39.00
  b95|lab0095_s211_w1_0928_1005_r2  n=  3  avg=-30.5%  med=-17.1%  realized=$-51.00
  b96|lab0096_s211_w2_1005_1045_r1  n=  2  avg=-34.8%  med=-31.6%  realized=$-28.00
  b97|lab0097_s211_w2_1005_1045_r2  n=  4  avg=-42.0%  med=-16.7%  realized=$-77.00
  b98|lab0098_s211_w3_1045_1120_r1  n=  3  avg=-45.9%  med=-44.4%  realized=$-51.00
  b99|lab0099_s211_w3_1045_1120_r2  n=  4  avg=+102.6%  med=+125.0%  realized=$+160.00
  b9|c009_s165_w2_1005_1045_r1  n=  7  avg=-74.4%  med=-66.2%  realized=$-301.00
========================================================
+========================================================================+
|  OPTIONS BOT SUMMARY                                                   |
+------------------------------------------------------------------------+
|  Mode                          entry+manage                            |
|  Equity                        $145,089.53                             |
|  Signals this run              850                                     |
|  Orders submitted (session)    40                                      |
|  Orders filled today (ledger)  37                                      |
|  Entries placed this run       14                                      |
|  Open virtual lots             156                                     |
|  Broker option positions       31                                      |
|  Pending orders                9                                       |
+========================================================================+
+========================================================================+
|  BUCKET LEADERBOARD (reflected ex-S173,S174)                           |
+------------------------------------------------------------------------+
|  Reflected trades=1112  buckets=255  win=44%                           |
|  Returns   avg=+25.7%  med=-18.2%  p10=-75.6%  p90=+138.6%             |
|  Realized  $+11,994.46                                                 |
|  Raw incl dropped  trades=1646  real=$+10,398.91                       |
|  Today     trades=22  avg=-46.5%  med=-87.0%  real=$-597.85            |
+------------------------------------------------------------------------+
|  BKT PROFILE               N  WIN  AVG%   MED%   BEST%  REAL$          |
+------------------------------------------------------------------------+
|  b383 lab0383_s362_w4_11  1 100% +1222.6 +1222.6 +1222.6 $   +379      |
|  b382 lab0382_s362_w4_11  1 100% +1125.8 +1125.8 +1125.8 $   +349      |
|  b860 lab0860_s408_w3_10  5  60% +695.8 +954.5 +1446.7 $   +621        |
|  b319 lab0319_s355_w4_11  1 100% +328.6 +328.6 +328.6 $   +138         |
|  b268 lab0268_s403_w4_11  2 100% +320.0 +320.0 +320.0 $   +160         |
|  b197 lab0197_s218_w3_10  3 100% +368.0 +318.8 +737.5 $   +253         |
|  b318 lab0318_s355_w4_11  1 100% +292.9 +292.9 +292.9 $   +123         |
|  b238 lab0238_s401_w3_10  6 100% +295.8 +273.1 +815.4 $   +602         |
|  ... 247 more bucket(s) with exits                                     |
+------------------------------------------------------------------------+
|  Low  b108 lab0108_s212_w1_09  4   0% -82.2 -98.4 -98.6 $   -199       |
+========================================================================+
+========================================================================+
|  PENDING ORDERS (9)                                                    |
+------------------------------------------------------------------------+
|  Top groups                    S355:MARA(2), S361:MARA(2), S217:RBLX(2)|
+------------------------------------------------------------------------+
|  b314 S355 MARA     limit=0.48                                         |
|  b315 S355 MARA     limit=0.48                                         |
|  b364 S361 MARA     limit=0.22                                         |
|  b365 S361 MARA     limit=0.22                                         |
|  b180 S217 RBLX     limit=0.37                                         |
|  ... 4 more pending order(s)                                           |
+========================================================================+
+========================================================================+
|  PENDING EXITS (5)                                                     |
+------------------------------------------------------------------------+
|  b0   ORPHAN AMZN260807C00302500 x1 stop_loss (-92.7%)                 |
|  b96  S211 AMZN260807C00297500 x1 stop_loss (-97.1%)                   |
|  b779 S397 AMZN260807C00295000 x1 stop_loss (-95.0%)                   |
|  b0   ORPHAN DKNG260807C00024500 x2 stop_loss (-67.0%)                 |
|  b780 S397 AMZN260807C00292500 x1 stop_loss (-96.3%)                   |
+========================================================================+
+========================================================================+
|  OPEN OPTIONS (31)                                                     |
+------------------------------------------------------------------------+
|  SYMBOL                      QTY    RET%        OPEN P&L               |
|------------------------------------------------------------------------|
|  AMZN260807C00295000          34    -97.5%   $ -1,337.33               |
|  AMZN260807C00292500          16    -96.3%   $   -829.60               |
|  AMZN260807C00297500           8   -100.0%   $   -271.38               |
|  NKE260807C00042000           10    -29.8%   $   -191.00               |
|  UBER260807C00070000           6    +80.0%   $   +154.62               |
|  NKE260828C00045000           12    -19.3%   $   -146.00               |
|  TTD260807C00020500            4    -47.8%   $   -128.00               |
|  NKE260821C00044000           12    -14.3%   $   -108.00               |
|  ... 23 more position(s)                                               |
+========================================================================+
Full detail: logs/options_trial/runs/2026-08-06.log
elapsed=162.9s reconcile=4.26s cancel=0.02s manage=9.42s scan=67.88s entries=78.23s

=== 10:15:58 ET — entry+manage (5 new) [elapsed=137.2s reconcile=0.34s cancel=0.03s manage=15.99s scan=62.95s entries=56.81s] ===
=== options_morning_bot (PAPER) 2026-08-06T10:15:58.980070-04:00 ===

[Run context]
Paper auth OK — equity $145504.33, account PA36KS87UPRS
  reconcile: layout changed controlled:100:c000_s173_w1_0928_1005_r1 -> controlled:1024:lab0000_s200_w1_0928_1005_r1
  reconcile: entry fill b859|S408 AMD x1 @ 0.27
  reconcile: entry fill b858|S408 AMD x1 @ 0.27
  reconcile: exit fill b0|ORPHAN UBER -73.3%
  reconcile: exit fill b858|S408 AMD -81.5%
  reconcile: orphan lot b0 AMD260807C00552500 x1 @ 0.27 (legacy/unattributed)
  reconcile: trimmed DKNG260807C00024500 lots to match pos qty 2
  reconcile: orphan lot b0 UBER260828C00075000 x2 @ 0.53 (legacy/unattributed)

[Setup]
Active buckets: 1024 | Strategies: S165, S164, S168, S167, S166, S163, S169, S170, S171, S172, S175, S200, S201, S202, S203, S204, S205, S206, S207, S208, S209, S210, S211, S212, S213, S214, S215, S216, S217, S218, S219, S220, S221, S400, S401, S402, S403, S350, S351, S352, S353, S354, S355, S356, S357, S358, S359, S360, S361, S362, S363, S364, S365, S366, S367, S368, S369, S370, S371, S372, S373, S374, S375, S376, S377, S378, S379, S380, S381, S382, S383, S384, S385, S386, S387, S388, S389, S390, S391, S392, S393, S394, S413, S414, S415, S416, S417, S418, S395, S396, S397, S398, S399, S404, S405, S406, S407, S408, S409, S410, S411, S412, S413, S414, S415, S416, S417, S418, S419
Dropped (no new entries; ex-reflected P&L): S173, S174
  EXIT [b293|lab0293_s352_w3_1045_1120_r2|S352] take_profit (+98.6%) SELL 1 UBER260807C00070000 @<= 0.61  id=a49e913f-b7f7-49b8-bc9f-3c40020fced4
  EXIT skip AMZN260807C00295000: open sell already pending
  EXIT [b317|lab0317_s355_w3_1045_1120_r2|S355] take_profit (+55.3%) SELL 1 UBER260814C00072000 @<= 0.63  id=2b56a2a0-0a93-4572-bbd6-914a44097869
  EXIT skip UBER260807C00078000: open sell already pending
  EXIT [b353|lab0353_s360_w3_1045_1120_r2|S360] stop_loss (-64.5%) SELL 1 DKNG260807C00024500 @<= 0.15  id=63273533-b109-4085-97e7-5078e16f4cb2
  EXIT [b903|lab0903_s411_w3_1045_1120_r2|S411] stop_loss (-50.7%) SELL 1 TTD260807C00020500 @<= 0.34  id=69aea99e-7dcc-4e03-9372-6ff6d345ba11
  EXIT skip AMZN260807C00302500: open sell already pending
  EXIT skip AMZN260807C00297500: open sell already pending
  EXIT skip AMZN260807C00292500: open sell already pending

[Scan + entries]
Scanning 117 symbols for [S165, S164, S168, S167, S166, S163, S169, S170, S171, S172, S175, S200, S201, S202, S203, S204, S205, S206, S207, S208, S209, S210, S211, S212, S213, S214, S215, S216, S217, S218, S219, S220, S221, S400, S401, S402, S403, S350, S351, S352, S353, S354, S355, S356, S357, S358, S359, S360, S361, S362, S363, S364, S365, S366, S367, S368, S369, S370, S371, S372, S373, S374, S375, S376, S377, S378, S379, S380, S381, S382, S383, S384, S385, S386, S387, S388, S389, S390, S391, S392, S393, S394, S413, S414, S415, S416, S417, S418, S395, S396, S397, S398, S399, S404, S405, S406, S407, S408, S409, S410, S411, S412, S413, S414, S415, S416, S417, S418, S419] …
Fetched daily bars for 114/117 symbols
Found 853 signal(s); top: ['S165:AMD', 'S165:COIN', 'S165:CRWD', 'S165:SNOW', 'S165:MARA', 'S165:MSTR', 'S165:ARM', 'S165:PANW']
Paper lab: $145730 broker equity -> 1024 bucket(s) ($500 virtual each, unlimited paper)
  [b18|lab0018_s202_w2_1005_1045_r1] S202 DDOG (tier: fast): no tradeable call
  [b19|lab0019_s202_w2_1005_1045_r2] S202 DDOG (tier: fast): no tradeable call
  [b18|lab0018_s202_w2_1005_1045_r1] S202 CELH (tier: fast): no tradeable call
  [b19|lab0019_s202_w2_1005_1045_r2] S202 CELH (tier: fast): no tradeable call
  [b18|lab0018_s202_w2_1005_1045_r1] S202 GTLB (tier: fast): no tradeable call
  [b19|lab0019_s202_w2_1005_1045_r2] S202 GTLB (tier: fast): no tradeable call
  [b18|lab0018_s202_w2_1005_1045_r1] S202 FSLY (tier: fast): no tradeable call
  [b19|lab0019_s202_w2_1005_1045_r2] S202 FSLY (tier: fast): no tradeable call
  ENTRY [b26|lab0026_s203_w2_1005_1045_r1|S203] BUY 1x COP260807P00111000 (gap +4.3% red close|neutral) limit=0.13 (ask=0.14 off=-0.01) tp=+50% sl=-50% pending id=34431e6d-82ff-497f-aa4a-9671e9edf784
  ENTRY [b27|lab0027_s203_w2_1005_1045_r2|S203] BUY 1x COP260807P00111000 (gap +4.3% red close|neutral) limit=0.13 (ask=0.14 off=-0.01) tp=+50% sl=-50% pending id=586f1d8e-bb91-4133-806c-721e4f99600f
  [b74|lab0074_s209_w2_1005_1045_r1] S209 AMD (tier: fast): no tradeable call
  [b75|lab0075_s209_w2_1005_1045_r2] S209 AMD (tier: fast): no tradeable call
  [b74|lab0074_s209_w2_1005_1045_r1] S209 SNOW (tier: fast): no tradeable call
  [b75|lab0075_s209_w2_1005_1045_r2] S209 SNOW (tier: fast): no tradeable call
  [b74|lab0074_s209_w2_1005_1045_r1] S209 ARM (tier: fast): no tradeable call
  [b75|lab0075_s209_w2_1005_1045_r2] S209 ARM (tier: fast): no tradeable call
  [b74|lab0074_s209_w2_1005_1045_r1] S209 UPST (tier: fast): no tradeable call
  [b75|lab0075_s209_w2_1005_1045_r2] S209 UPST (tier: fast): no tradeable call
  [b74|lab0074_s209_w2_1005_1045_r1] S209 DOCN (tier: fast): no tradeable call
  [b75|lab0075_s209_w2_1005_1045_r2] S209 DOCN (tier: fast): no tradeable call
  [b82|lab0082_s210_w2_1005_1045_r1] S210 CRWD (tier: fast): no tradeable call
  [b83|lab0083_s210_w2_1005_1045_r2] S210 CRWD (tier: fast): no tradeable call
  [b82|lab0082_s210_w2_1005_1045_r1] S210 PANW (tier: fast): no tradeable call
  [b83|lab0083_s210_w2_1005_1045_r2] S210 PANW (tier: fast): no tradeable call
  [b82|lab0082_s210_w2_1005_1045_r1] S210 TTD (tier: fast): no tradeable call
  [b83|lab0083_s210_w2_1005_1045_r2] S210 TTD (tier: fast): no tradeable call
  ENTRY [b82|lab0082_s210_w2_1005_1045_r1|S210] BUY 1x CVNA260807C00073000 (MA8 66.18 crossed above MA21|fast) limit=0.23 (ask=0.24 off=-0.01) tp=+75% sl=-75% pending id=25fdf8e3-6aaf-4267-af63-f6dc93ec4521
  ENTRY [b83|lab0083_s210_w2_1005_1045_r2|S210] BUY 1x CVNA260807C00073000 (MA8 66.18 crossed above MA21|fast) limit=0.23 (ask=0.24 off=-0.01) tp=+75% sl=-75% pending id=ad4fdbd5-9061-42c1-80c9-80eb4ebf51c1
  [b264|lab0264_s403_w2_1005_1045_r1] S403 GS (tier: neutral): no tradeable call
  [b265|lab0265_s403_w2_1005_1045_r2] S403 GS (tier: neutral): no tradeable call
  [b264|lab0264_s403_w2_1005_1045_r1] S403 MS (tier: neutral): no tradeable call
  [b265|lab0265_s403_w2_1005_1045_r2] S403 MS (tier: neutral): no tradeable call
  [b338|lab0338_s358_w2_1005_1045_r1] S358 AMD (tier: fast): no tradeable call
  [b339|lab0339_s358_w2_1005_1045_r2] S358 AMD (tier: fast): no tradeable call
  [b338|lab0338_s358_w2_1005_1045_r1] S358 COIN (tier: fast): no tradeable call
  [b339|lab0339_s358_w2_1005_1045_r2] S358 COIN (tier: fast): no tradeable call
  [b338|lab0338_s358_w2_1005_1045_r1] S358 CRWD (tier: fast): no tradeable call
  [b339|lab0339_s358_w2_1005_1045_r2] S358 CRWD (tier: fast): no tradeable call
  [b338|lab0338_s358_w2_1005_1045_r1] S358 SNOW (tier: fast): no tradeable call
  [b339|lab0339_s358_w2_1005_1045_r2] S358 SNOW (tier: fast): no tradeable call
  [b338|lab0338_s358_w2_1005_1045_r1] S358 MARA (tier: fast): no tradeable call
  [b339|lab0339_s358_w2_1005_1045_r2] S358 MARA (tier: fast): no tradeable call
  [b338|lab0338_s358_w2_1005_1045_r1] S358 MSTR (tier: fast): no tradeable call
  [b339|lab0339_s358_w2_1005_1045_r2] S358 MSTR (tier: fast): no tradeable call
  [b338|lab0338_s358_w2_1005_1045_r1] S358 ARM (tier: fast): no tradeable call
  [b339|lab0339_s358_w2_1005_1045_r2] S358 ARM (tier: fast): no tradeable call
  [b338|lab0338_s358_w2_1005_1045_r1] S358 PANW (tier: fast): no tradeable call
  [b339|lab0339_s358_w2_1005_1045_r2] S358 PANW (tier: fast): no tradeable call
  [b338|lab0338_s358_w2_1005_1045_r1] S358 HOOD (tier: fast): no tradeable call
  [b339|lab0339_s358_w2_1005_1045_r2] S358 HOOD (tier: fast): no tradeable call
  [b338|lab0338_s358_w2_1005_1045_r1] S358 DDOG (tier: fast): no tradeable call
  [b339|lab0339_s358_w2_1005_1045_r2] S358 DDOG (tier: fast): no tradeable call
  [b338|lab0338_s358_w2_1005_1045_r1] S358 TTD (tier: fast): no tradeable call
  [b339|lab0339_s358_w2_1005_1045_r2] S358 TTD (tier: fast): no tradeable call
  [b338|lab0338_s358_w2_1005_1045_r1] S358 UPST (tier: fast): no tradeable call
  [b339|lab0339_s358_w2_1005_1045_r2] S358 UPST (tier: fast): no tradeable call
  [b338|lab0338_s358_w2_1005_1045_r1] S358 ZS (tier: fast): no tradeable call
  [b339|lab0339_s358_w2_1005_1045_r2] S358 ZS (tier: fast): no tradeable call
  [b338|lab0338_s358_w2_1005_1045_r1] S358 NET (tier: fast): no tradeable call
  [b339|lab0339_s358_w2_1005_1045_r2] S358 NET (tier: fast): no tradeable call
  [b338|lab0338_s358_w2_1005_1045_r1] S358 MDB (tier: fast): no tradeable call
  [b339|lab0339_s358_w2_1005_1045_r2] S358 MDB (tier: fast): no tradeable call
  [b338|lab0338_s358_w2_1005_1045_r1] S358 CELH (tier: fast): no tradeable call
  [b339|lab0339_s358_w2_1005_1045_r2] S358 CELH (tier: fast): no tradeable call
  [b338|lab0338_s358_w2_1005_1045_r1] S358 PATH (tier: fast): no tradeable call
  [b339|lab0339_s358_w2_1005_1045_r2] S358 PATH (tier: fast): no tradeable call
  [b338|lab0338_s358_w2_1005_1045_r1] S358 DOCN (tier: fast): no tradeable call
  [b339|lab0339_s358_w2_1005_1045_r2] S358 DOCN (tier: fast): no tradeable call
  [b338|lab0338_s358_w2_1005_1045_r1] S358 GTLB (tier: fast): no tradeable call
  [b339|lab0339_s358_w2_1005_1045_r2] S358 GTLB (tier: fast): no tradeable call
  [b338|lab0338_s358_w2_1005_1045_r1] S358 FSLY (tier: fast): no tradeable call
  [b339|lab0339_s358_w2_1005_1045_r2] S358 FSLY (tier: fast): no tradeable call
  [b338|lab0338_s358_w2_1005_1045_r1] S358 BILL (tier: fast): no tradeable call
  [b339|lab0339_s358_w2_1005_1045_r2] S358 BILL (tier: fast): no tradeable call
  [b338|lab0338_s358_w2_1005_1045_r1] S358 TWLO (tier: fast): no tradeable call
  [b339|lab0339_s358_w2_1005_1045_r2] S358 TWLO (tier: fast): no tradeable call
  [b448|lab0448_s367_w2_1005_1045_r1] S367 AMD (tier: fast): no tradeable call
  [b449|lab0449_s367_w2_1005_1045_r2] S367 AMD (tier: fast): no tradeable call
  [b448|lab0448_s367_w2_1005_1045_r1] S367 COIN (tier: fast): no tradeable call
  [b449|lab0449_s367_w2_1005_1045_r2] S367 COIN (tier: fast): no tradeable call
  [b448|lab0448_s367_w2_1005_1045_r1] S367 PLTR (tier: fast): no tradeable call
  [b449|lab0449_s367_w2_1005_1045_r2] S367 PLTR (tier: fast): no tradeable call
  [b448|lab0448_s367_w2_1005_1045_r1] S367 SNOW (tier: fast): no tradeable call
  [b449|lab0449_s367_w2_1005_1045_r2] S367 SNOW (tier: fast): no tradeable call
  [b448|lab0448_s367_w2_1005_1045_r1] S367 MARA (tier: fast): no tradeable call
  [b449|lab0449_s367_w2_1005_1045_r2] S367 MARA (tier: fast): no tradeable call
  [b448|lab0448_s367_w2_1005_1045_r1] S367 MSTR (tier: fast): no tradeable call
  [b449|lab0449_s367_w2_1005_1045_r2] S367 MSTR (tier: fast): no tradeable call
  [b448|lab0448_s367_w2_1005_1045_r1] S367 ARM (tier: fast): no tradeable call
  [b449|lab0449_s367_w2_1005_1045_r2] S367 ARM (tier: fast): no tradeable call
  [b448|lab0448_s367_w2_1005_1045_r1] S367 HOOD (tier: fast): no tradeable call
  [b449|lab0449_s367_w2_1005_1045_r2] S367 HOOD (tier: fast): no tradeable call
  [b448|lab0448_s367_w2_1005_1045_r1] S367 DDOG (tier: fast): no tradeable call
  [b449|lab0449_s367_w2_1005_1045_r2] S367 DDOG (tier: fast): no tradeable call
  [b448|lab0448_s367_w2_1005_1045_r1] S367 AFRM (tier: fast): no tradeable call
  [b449|lab0449_s367_w2_1005_1045_r2] S367 AFRM (tier: fast): no tradeable call
  [b448|lab0448_s367_w2_1005_1045_r1] S367 CVNA (tier: fast): no tradeable call
  [b449|lab0449_s367_w2_1005_1045_r2] S367 CVNA (tier: fast): no tradeable call
  [b448|lab0448_s367_w2_1005_1045_r1] S367 UPST (tier: fast): no tradeable call
  [b449|lab0449_s367_w2_1005_1045_r2] S367 UPST (tier: fast): no tradeable call
  [b448|lab0448_s367_w2_1005_1045_r1] S367 ZS (tier: fast): no tradeable call
  [b449|lab0449_s367_w2_1005_1045_r2] S367 ZS (tier: fast): no tradeable call
  [b448|lab0448_s367_w2_1005_1045_r1] S367 NET (tier: fast): no tradeable call
  [b449|lab0449_s367_w2_1005_1045_r2] S367 NET (tier: fast): no tradeable call
  [b448|lab0448_s367_w2_1005_1045_r1] S367 MDB (tier: fast): no tradeable call
  [b449|lab0449_s367_w2_1005_1045_r2] S367 MDB (tier: fast): no tradeable call
  [b448|lab0448_s367_w2_1005_1045_r1] S367 RBLX (tier: fast): no tradeable call
  [b449|lab0449_s367_w2_1005_1045_r2] S367 RBLX (tier: fast): no tradeable call
  [b448|lab0448_s367_w2_1005_1045_r1] S367 PATH (tier: fast): no tradeable call
  [b449|lab0449_s367_w2_1005_1045_r2] S367 PATH (tier: fast): no tradeable call
  [b448|lab0448_s367_w2_1005_1045_r1] S367 DOCN (tier: fast): no tradeable call
  [b449|lab0449_s367_w2_1005_1045_r2] S367 DOCN (tier: fast): no tradeable call
  [b448|lab0448_s367_w2_1005_1045_r1] S367 GTLB (tier: fast): no tradeable call
  [b449|lab0449_s367_w2_1005_1045_r2] S367 GTLB (tier: fast): no tradeable call
  [b448|lab0448_s367_w2_1005_1045_r1] S367 FSLY (tier: fast): no tradeable call
  [b449|lab0449_s367_w2_1005_1045_r2] S367 FSLY (tier: fast): no tradeable call
  [b448|lab0448_s367_w2_1005_1045_r1] S367 BILL (tier: fast): no tradeable call
  [b449|lab0449_s367_w2_1005_1045_r2] S367 BILL (tier: fast): no tradeable call
  [b762|lab0762_s395_w2_1005_1045_r1] S395 AMD (tier: fast): no tradeable call
  [b763|lab0763_s395_w2_1005_1045_r2] S395 AMD (tier: fast): no tradeable call
  [b762|lab0762_s395_w2_1005_1045_r1] S395 COIN (tier: fast): no tradeable call
  [b763|lab0763_s395_w2_1005_1045_r2] S395 COIN (tier: fast): no tradeable call
  [b762|lab0762_s395_w2_1005_1045_r1] S395 CRWD (tier: fast): no tradeable call
  [b763|lab0763_s395_w2_1005_1045_r2] S395 CRWD (tier: fast): no tradeable call
  [b762|lab0762_s395_w2_1005_1045_r1] S395 SNOW (tier: fast): no tradeable call
  [b763|lab0763_s395_w2_1005_1045_r2] S395 SNOW (tier: fast): no tradeable call
  [b762|lab0762_s395_w2_1005_1045_r1] S395 MARA (tier: fast): no tradeable call
  [b763|lab0763_s395_w2_1005_1045_r2] S395 MARA (tier: fast): no tradeable call
  [b762|lab0762_s395_w2_1005_1045_r1] S395 MSTR (tier: fast): no tradeable call
  [b763|lab0763_s395_w2_1005_1045_r2] S395 MSTR (tier: fast): no tradeable call
  [b762|lab0762_s395_w2_1005_1045_r1] S395 ARM (tier: fast): no tradeable call
  [b763|lab0763_s395_w2_1005_1045_r2] S395 ARM (tier: fast): no tradeable call
  [b762|lab0762_s395_w2_1005_1045_r1] S395 PANW (tier: fast): no tradeable call
  [b763|lab0763_s395_w2_1005_1045_r2] S395 PANW (tier: fast): no tradeable call
  [b762|lab0762_s395_w2_1005_1045_r1] S395 HOOD (tier: fast): no tradeable call
  [b763|lab0763_s395_w2_1005_1045_r2] S395 HOOD (tier: fast): no tradeable call
  [b762|lab0762_s395_w2_1005_1045_r1] S395 DDOG (tier: fast): no tradeable call
  [b763|lab0763_s395_w2_1005_1045_r2] S395 DDOG (tier: fast): no tradeable call
  [b762|lab0762_s395_w2_1005_1045_r1] S395 TTD (tier: fast): no tradeable call
  [b763|lab0763_s395_w2_1005_1045_r2] S395 TTD (tier: fast): no tradeable call
  [b762|lab0762_s395_w2_1005_1045_r1] S395 UPST (tier: fast): no tradeable call
  [b763|lab0763_s395_w2_1005_1045_r2] S395 UPST (tier: fast): no tradeable call
  [b762|lab0762_s395_w2_1005_1045_r1] S395 ZS (tier: fast): no tradeable call
  [b763|lab0763_s395_w2_1005_1045_r2] S395 ZS (tier: fast): no tradeable call
  [b762|lab0762_s395_w2_1005_1045_r1] S395 NET (tier: fast): no tradeable call
  [b763|lab0763_s395_w2_1005_1045_r2] S395 NET (tier: fast): no tradeable call
  [b762|lab0762_s395_w2_1005_1045_r1] S395 MDB (tier: fast): no tradeable call
  [b763|lab0763_s395_w2_1005_1045_r2] S395 MDB (tier: fast): no tradeable call
  [b762|lab0762_s395_w2_1005_1045_r1] S395 CELH (tier: fast): no tradeable call
  [b763|lab0763_s395_w2_1005_1045_r2] S395 CELH (tier: fast): no tradeable call
  [b762|lab0762_s395_w2_1005_1045_r1] S395 PATH (tier: fast): no tradeable call
  [b763|lab0763_s395_w2_1005_1045_r2] S395 PATH (tier: fast): no tradeable call
  [b762|lab0762_s395_w2_1005_1045_r1] S395 DOCN (tier: fast): no tradeable call
  [b763|lab0763_s395_w2_1005_1045_r2] S395 DOCN (tier: fast): no tradeable call
  [b762|lab0762_s395_w2_1005_1045_r1] S395 GTLB (tier: fast): no tradeable call
  [b763|lab0763_s395_w2_1005_1045_r2] S395 GTLB (tier: fast): no tradeable call
  [b762|lab0762_s395_w2_1005_1045_r1] S395 FSLY (tier: fast): no tradeable call
  [b763|lab0763_s395_w2_1005_1045_r2] S395 FSLY (tier: fast): no tradeable call
  [b762|lab0762_s395_w2_1005_1045_r1] S395 BILL (tier: fast): no tradeable call
  [b763|lab0763_s395_w2_1005_1045_r2] S395 BILL (tier: fast): no tradeable call
  [b762|lab0762_s395_w2_1005_1045_r1] S395 TWLO (tier: fast): no tradeable call
  [b763|lab0763_s395_w2_1005_1045_r2] S395 TWLO (tier: fast): no tradeable call
  [b770|lab0770_s396_w2_1005_1045_r1] S396 AMD (tier: fast): no tradeable call
  [b771|lab0771_s396_w2_1005_1045_r2] S396 AMD (tier: fast): no tradeable call
  [b770|lab0770_s396_w2_1005_1045_r1] S396 COIN (tier: fast): no tradeable call
  [b771|lab0771_s396_w2_1005_1045_r2] S396 COIN (tier: fast): no tradeable call
  [b770|lab0770_s396_w2_1005_1045_r1] S396 CRWD (tier: fast): no tradeable call
  [b771|lab0771_s396_w2_1005_1045_r2] S396 CRWD (tier: fast): no tradeable call
  [b770|lab0770_s396_w2_1005_1045_r1] S396 SNOW (tier: fast): no tradeable call
  [b771|lab0771_s396_w2_1005_1045_r2] S396 SNOW (tier: fast): no tradeable call
  [b770|lab0770_s396_w2_1005_1045_r1] S396 MARA (tier: fast): no tradeable call
  [b771|lab0771_s396_w2_1005_1045_r2] S396 MARA (tier: fast): no tradeable call
  [b770|lab0770_s396_w2_1005_1045_r1] S396 MSTR (tier: fast): no tradeable call
  [b771|lab0771_s396_w2_1005_1045_r2] S396 MSTR (tier: fast): no tradeable call
  [b770|lab0770_s396_w2_1005_1045_r1] S396 ARM (tier: fast): no tradeable call
  [b771|lab0771_s396_w2_1005_1045_r2] S396 ARM (tier: fast): no tradeable call
  [b770|lab0770_s396_w2_1005_1045_r1] S396 PANW (tier: fast): no tradeable call
  [b771|lab0771_s396_w2_1005_1045_r2] S396 PANW (tier: fast): no tradeable call
  [b770|lab0770_s396_w2_1005_1045_r1] S396 HOOD (tier: fast): no tradeable call
  [b771|lab0771_s396_w2_1005_1045_r2] S396 HOOD (tier: fast): no tradeable call
  [b770|lab0770_s396_w2_1005_1045_r1] S396 DDOG (tier: fast): no tradeable call
  [b771|lab0771_s396_w2_1005_1045_r2] S396 DDOG (tier: fast): no tradeable call
  [b770|lab0770_s396_w2_1005_1045_r1] S396 TTD (tier: fast): no tradeable call
  [b771|lab0771_s396_w2_1005_1045_r2] S396 TTD (tier: fast): no tradeable call
  [b770|lab0770_s396_w2_1005_1045_r1] S396 UPST (tier: fast): no tradeable call
  [b771|lab0771_s396_w2_1005_1045_r2] S396 UPST (tier: fast): no tradeable call
  [b770|lab0770_s396_w2_1005_1045_r1] S396 ZS (tier: fast): no tradeable call
  [b771|lab0771_s396_w2_1005_1045_r2] S396 ZS (tier: fast): no tradeable call
  [b770|lab0770_s396_w2_1005_1045_r1] S396 NET (tier: fast): no tradeable call
  [b771|lab0771_s396_w2_1005_1045_r2] S396 NET (tier: fast): no tradeable call
  [b770|lab0770_s396_w2_1005_1045_r1] S396 MDB (tier: fast): no tradeable call
  [b771|lab0771_s396_w2_1005_1045_r2] S396 MDB (tier: fast): no tradeable call
  [b770|lab0770_s396_w2_1005_1045_r1] S396 CELH (tier: fast): no tradeable call
  [b771|lab0771_s396_w2_1005_1045_r2] S396 CELH (tier: fast): no tradeable call
  [b770|lab0770_s396_w2_1005_1045_r1] S396 PATH (tier: fast): no tradeable call
  [b771|lab0771_s396_w2_1005_1045_r2] S396 PATH (tier: fast): no tradeable call
  [b770|lab0770_s396_w2_1005_1045_r1] S396 DOCN (tier: fast): no tradeable call
  [b771|lab0771_s396_w2_1005_1045_r2] S396 DOCN (tier: fast): no tradeable call
  [b770|lab0770_s396_w2_1005_1045_r1] S396 GTLB (tier: fast): no tradeable call
  [b771|lab0771_s396_w2_1005_1045_r2] S396 GTLB (tier: fast): no tradeable call
  [b770|lab0770_s396_w2_1005_1045_r1] S396 FSLY (tier: fast): no tradeable call
  [b771|lab0771_s396_w2_1005_1045_r2] S396 FSLY (tier: fast): no tradeable call
  [b770|lab0770_s396_w2_1005_1045_r1] S396 BILL (tier: fast): no tradeable call
  [b771|lab0771_s396_w2_1005_1045_r2] S396 BILL (tier: fast): no tradeable call
  [b770|lab0770_s396_w2_1005_1045_r1] S396 TWLO (tier: fast): no tradeable call
  [b771|lab0771_s396_w2_1005_1045_r2] S396 TWLO (tier: fast): no tradeable call
  [b845|lab0845_s407_w2_1005_1045_r2] S407 AMD (tier: fast): no tradeable call
  [b845|lab0845_s407_w2_1005_1045_r2] S407 COIN (tier: fast): no tradeable call
  ENTRY [b845|lab0845_s407_w2_1005_1045_r2|S407] BUY 1x PLTR260807C00170000 (RB gap -1.6% reclaim|fast) limit=0.12 (ask=0.13 off=-0.01) tp=+75% sl=-75% pending id=935308b8-185d-4398-a2e3-1cbb983c1342
  [b872|lab0872_s409_w2_1005_1045_r1] S409 AMD (tier: fast): no tradeable call
  [b873|lab0873_s409_w2_1005_1045_r2] S409 AMD (tier: fast): no tradeable call
  [b872|lab0872_s409_w2_1005_1045_r1] S409 COIN (tier: fast): no tradeable call
  [b873|lab0873_s409_w2_1005_1045_r2] S409 COIN (tier: fast): no tradeable call
  [b872|lab0872_s409_w2_1005_1045_r1] S409 PLTR (tier: fast): no tradeable call
  [b873|lab0873_s409_w2_1005_1045_r2] S409 PLTR (tier: fast): no tradeable call
  [b872|lab0872_s409_w2_1005_1045_r1] S409 SNOW (tier: fast): no tradeable call
  [b873|lab0873_s409_w2_1005_1045_r2] S409 SNOW (tier: fast): no tradeable call
  [b872|lab0872_s409_w2_1005_1045_r1] S409 MARA (tier: fast): no tradeable call
  [b873|lab0873_s409_w2_1005_1045_r2] S409 MARA (tier: fast): no tradeable call
  [b872|lab0872_s409_w2_1005_1045_r1] S409 MSTR (tier: fast): no tradeable call
  [b873|lab0873_s409_w2_1005_1045_r2] S409 MSTR (tier: fast): no tradeable call
  [b872|lab0872_s409_w2_1005_1045_r1] S409 ARM (tier: fast): no tradeable call
  [b873|lab0873_s409_w2_1005_1045_r2] S409 ARM (tier: fast): no tradeable call
  [b872|lab0872_s409_w2_1005_1045_r1] S409 HOOD (tier: fast): no tradeable call
  [b873|lab0873_s409_w2_1005_1045_r2] S409 HOOD (tier: fast): no tradeable call
  [b872|lab0872_s409_w2_1005_1045_r1] S409 DDOG (tier: fast): no tradeable call
  [b873|lab0873_s409_w2_1005_1045_r2] S409 DDOG (tier: fast): no tradeable call
  [b872|lab0872_s409_w2_1005_1045_r1] S409 AFRM (tier: fast): no tradeable call
  [b873|lab0873_s409_w2_1005_1045_r2] S409 AFRM (tier: fast): no tradeable call
  [b872|lab0872_s409_w2_1005_1045_r1] S409 CVNA (tier: fast): no tradeable call
  [b873|lab0873_s409_w2_1005_1045_r2] S409 CVNA (tier: fast): no tradeable call
  [b872|lab0872_s409_w2_1005_1045_r1] S409 UPST (tier: fast): no tradeable call
  [b873|lab0873_s409_w2_1005_1045_r2] S409 UPST (tier: fast): no tradeable call
  [b872|lab0872_s409_w2_1005_1045_r1] S409 ZS (tier: fast): no tradeable call
  [b873|lab0873_s409_w2_1005_1045_r2] S409 ZS (tier: fast): no tradeable call
  [b872|lab0872_s409_w2_1005_1045_r1] S409 NET (tier: fast): no tradeable call
  [b873|lab0873_s409_w2_1005_1045_r2] S409 NET (tier: fast): no tradeable call
  [b872|lab0872_s409_w2_1005_1045_r1] S409 MDB (tier: fast): no tradeable call
  [b873|lab0873_s409_w2_1005_1045_r2] S409 MDB (tier: fast): no tradeable call
  [b872|lab0872_s409_w2_1005_1045_r1] S409 RBLX (tier: fast): no tradeable call
  [b873|lab0873_s409_w2_1005_1045_r2] S409 RBLX (tier: fast): no tradeable call
  [b872|lab0872_s409_w2_1005_1045_r1] S409 PATH (tier: fast): no tradeable call
  [b873|lab0873_s409_w2_1005_1045_r2] S409 PATH (tier: fast): no tradeable call
  [b872|lab0872_s409_w2_1005_1045_r1] S409 DOCN (tier: fast): no tradeable call
  [b873|lab0873_s409_w2_1005_1045_r2] S409 DOCN (tier: fast): no tradeable call
  [b872|lab0872_s409_w2_1005_1045_r1] S409 GTLB (tier: fast): no tradeable call
  [b873|lab0873_s409_w2_1005_1045_r2] S409 GTLB (tier: fast): no tradeable call
  [b872|lab0872_s409_w2_1005_1045_r1] S409 FSLY (tier: fast): no tradeable call
  [b873|lab0873_s409_w2_1005_1045_r2] S409 FSLY (tier: fast): no tradeable call
  [b872|lab0872_s409_w2_1005_1045_r1] S409 BILL (tier: fast): no tradeable call
  [b873|lab0873_s409_w2_1005_1045_r2] S409 BILL (tier: fast): no tradeable call
  Skipped: 246 no tradeable call, 275 already attempted today, 132 pending order
Placed 5 new entry order(s).
  reconcile: layout changed controlled:100:c000_s173_w1_0928_1005_r1 -> controlled:1024:lab0000_s200_w1_0928_1005_r1
  reconcile: entry fill b845|S407 PLTR x1 @ 0.11
  reconcile: exit fill b903|S411 TTD -47.8%
  reconcile: exit fill b353|S360 DKNG -60.5%
  reconcile: exit fill b317|S355 UBER +43.5%
  reconcile: exit fill b293|S352 UBER +137.0%
  reconcile: entry fill b181|S217 RBLX x1 @ 0.35
  reconcile: entry fill b180|S217 RBLX x1 @ 0.35
  reconcile: exit fill b180|S217 RBLX -60.0%
  reconcile: exit fill b181|S217 RBLX -54.3%
  reconcile: orphan lot b0 RBLX260807C00037500 x2 @ 0.35 (legacy/unattributed)

[Portfolio snapshot]
========================================================
OPTIONS TRIAL STATS
========================================================
Account equity: $145,504.33
Active buckets: 1024 of 1024 profiles ($500 virtual each) — paper unlimited mode

P&L summary
  Reflected (ex-S173,S174): $+11,857.46 all-time  |  $-672.85 today
  Raw (incl dropped):     $+10,261.91 all-time  |  $-672.85 today
  Open (not sold yet): $-2,878.01 unrealized (virtual lots)
                       $-2,824.82 unrealized (broker total)
  Premium deployed:    $8,091.50 in open positions
  Combined P&L:        $+8,979.45 (reflected realized + open virtual)

Ledger (master)
  Total events:     8957
  Today entries:    42
  Today exits (reflected): 27
  All-time exits (reflected): 1120  wins 43%
  Avg return/trade: +25.4%  median -18.4%

Open virtual lots (by bucket)
  b0 lab0000_s200_w1_0928_1005_r1  prem=$  1380  real=$ +0.00  open=$ +0.00  lots=17  [ORPHAN:AMZNx3, ORPHAN:GOOGLx1, ORPHAN:METAx2, ORPHAN:UBERx2 +13 more]
       buy: ask-0.01  sell: bid-0.01  tp=+50% sl=-50%
  b16 lab0016_s202_w1_0928_1005_r1  prem=$     0  real=$-39.00  open=$ +0.00  lots=0  [-]
       buy: ask-0.01  sell: bid-0.01  tp=+50% sl=-50%
  b17 lab0017_s202_w1_0928_1005_r2  prem=$     0  real=$-40.00  open=$ +0.00  lots=0  [-]
       buy: ask-0.01  sell: bid-0.01  tp=+50% sl=-50%
  b18 lab0018_s202_w2_1005_1045_r1  prem=$     0  real=$-29.00  open=$ +0.00  lots=0  [-]
       buy: ask-0.01  sell: bid-0.01  tp=+50% sl=-50%
  b19 lab0019_s202_w2_1005_1045_r2  prem=$     0  real=$-22.00  open=$ +0.00  lots=0  [-]
       buy: ask-0.01  sell: bid-0.01  tp=+50% sl=-50%
  b24 lab0024_s203_w1_0928_1005_r1  prem=$     0  real=$-65.00  open=$ +0.00  lots=0  [-]
       buy: ask-0.01  sell: bid-0.01  tp=+50% sl=-50%
  b26 lab0026_s203_w2_1005_1045_r1  prem=$     0  real=$-78.00  open=$ +0.00  lots=0  [-]
       buy: ask-0.01  sell: bid-0.01  tp=+50% sl=-50%
  b27 lab0027_s203_w2_1005_1045_r2  prem=$     0  real=$-253.00  open=$ +0.00  lots=0  [-]
       buy: ask-0.01  sell: bid-0.01  tp=+50% sl=-50%
  b28 lab0028_s203_w3_1045_1120_r1  prem=$    51  real=$-54.00  open=$ +9.27  lots=1  [S203:TTDx1]
       buy: ask-0.01  sell: bid-0.01  tp=+50% sl=-50%
  b29 lab0029_s203_w3_1045_1120_r2  prem=$    51  real=$-54.00  open=$ +9.27  lots=1  [S203:TTDx1]
       buy: ask-0.01  sell: bid-0.01  tp=+50% sl=-50%
  b30 lab0030_s203_w4_1120_1135_r1  prem=$    59  real=$-99.00  open=$+10.73  lots=1  [S203:TTDx1]
       buy: ask-0.01  sell: bid-0.01  tp=+50% sl=-50%
  b31 lab0031_s203_w4_1120_1135_r2  prem=$    59  real=$-93.00  open=$+10.73  lots=1  [S203:TTDx1]
       buy: ask-0.01  sell: bid-0.01  tp=+50% sl=-50%
  b58 lab0058_s207_w2_1005_1045_r1  prem=$     0  real=$-82.00  open=$ +0.00  lots=0  [-]
       buy: ask-0.01  sell: bid-0.01  tp=+50% sl=-50%
  b59 lab0059_s207_w2_1005_1045_r2  prem=$     0  real=$-153.00  open=$ +0.00  lots=0  [-]
       buy: ask-0.01  sell: bid-0.01  tp=+50% sl=-50%
  b60 lab0060_s207_w3_1045_1120_r1  prem=$     0  real=$-134.00  open=$ +0.00  lots=0  [-]
       buy: ask-0.01  sell: bid-0.01  tp=+50% sl=-50%
  b61 lab0061_s207_w3_1045_1120_r2  prem=$     0  real=$-158.00  open=$ +0.00  lots=0  [-]
       buy: ask-0.01  sell: bid-0.01  tp=+50% sl=-50%
  b62 lab0062_s207_w4_1120_1135_r1  prem=$     0  real=$-164.00  open=$ +0.00  lots=0  [-]
       buy: ask-0.01  sell: bid-0.01  tp=+50% sl=-50%
  b63 lab0063_s207_w4_1120_1135_r2  prem=$     0  real=$-83.00  open=$ +0.00  lots=0  [-]
       buy: ask-0.01  sell: bid-0.01  tp=+50% sl=-50%
  b72 lab0072_s209_w1_0928_1005_r1  prem=$    17  real=$ +0.00  open=$ -6.00  lots=1  [S209:UPSTx1]
       buy: ask-0.01  sell: bid-0.01  tp=+50% sl=-50%
  b73 lab0073_s209_w1_0928_1005_r2  prem=$    17  real=$ +0.00  open=$ -6.00  lots=1  [S209:UPSTx1]
       buy: ask-0.01  sell: bid-0.01  tp=+50% sl=-50%
  (258 more active bucket(s) omitted)
  (746 quiet bucket profile(s) — no trades yet)

Pending orders: 9
  b314 S355 MARA limit=0.48
  b315 S355 MARA limit=0.48
  b364 S361 MARA limit=0.22
  b365 S361 MARA limit=0.22
  b786 S398 CRWD limit=0.42

Alpaca option positions
  AAPL260814C00330000  qty=5  cost=$298.75  return=+12.1%  open P&L=$+36.25
  AMD260807C00545000  qty=2  cost=$82.00  return=-22.0%  open P&L=$-18.00
  AMD260807C00550000  qty=1  cost=$35.00  return=-28.6%  open P&L=$-10.00
  AMD260807C00552500  qty=2  cost=$54.00  return=-29.6%  open P&L=$-16.00
  AMZN260807C00292500  qty=16  cost=$861.60  return=-96.3%  open P&L=$-829.60
  AMZN260807C00295000  qty=34  cost=$1,371.33  return=-97.5%  open P&L=$-1,337.33
  AMZN260807C00297500  qty=8  cost=$271.38  return=-100.0%  open P&L=$-271.38
  AMZN260807C00302500  qty=1  cost=$13.67  return=-100.0%  open P&L=$-13.67
  COIN260807C00160000  qty=10  cost=$270.00  return=+11.1%  open P&L=$+30.00
  COIN260807C00170000  qty=2  cost=$10.00  return=-20.0%  open P&L=$-2.00
  DKNG260807C00023000  qty=2  cost=$84.00  return=-16.7%  open P&L=$-14.00
  DKNG260807C00024500  qty=1  cost=$39.40  return=-61.9%  open P&L=$-24.40
  GOOGL260807C00372500  qty=2  cost=$116.00  return=-3.4%  open P&L=$-4.00
  GOOGL260810C00380000  qty=2  cost=$118.00  return=-23.7%  open P&L=$-28.00
  MARA260814C00011500  qty=6  cost=$310.00  return=+0.6%  open P&L=$+2.00
  META260807C00622500  qty=2  cost=$114.00  return=-19.3%  open P&L=$-22.00
  META260807C00625000  qty=2  cost=$92.00  return=-21.7%  open P&L=$-20.00
  NKE260807C00042000  qty=10  cost=$641.00  return=-26.7%  open P&L=$-171.00
  NKE260807C00043000  qty=4  cost=$94.00  return=-40.4%  open P&L=$-38.00
  NKE260821C00044000  qty=12  cost=$756.00  return=-11.1%  open P&L=$-84.00
  NKE260828C00045000  qty=12  cost=$758.00  return=-17.7%  open P&L=$-134.00
  NKE260904C00045000  qty=4  cost=$288.00  return=-5.6%  open P&L=$-16.00
  PATH260807C00013000  qty=2  cost=$134.00  return=-6.0%  open P&L=$-8.00
  PLTR260807C00170000  qty=1  cost=$11.00  return=+0.0%  open P&L=$+0.00
  RBLX260807C00037500  qty=2  cost=$70.00  return=-20.0%  open P&L=$-14.00
  TSLA260810C00342500  qty=2  cost=$106.00  return=+3.8%  open P&L=$+4.00
  TTD260807C00020500  qty=3  cost=$201.00  return=-49.3%  open P&L=$-99.00
  TTD260807P00017000  qty=4  cost=$220.00  return=+18.2%  open P&L=$+40.00
  UBER260807C00070000  qty=5  cost=$161.15  return=+98.6%  open P&L=$+158.85
  UBER260807C00078000  qty=1  cost=$50.53  return=-98.0%  open P&L=$-49.53
  UBER260814C00072000  qty=3  cost=$127.50  return=+52.9%  open P&L=$+67.50
  UBER260814C00073000  qty=1  cost=$40.50  return=+6.2%  open P&L=$+2.50
  UBER260828C00075000  qty=4  cost=$210.00  return=+33.3%  open P&L=$+70.00
  UPST260807C00032000  qty=2  cost=$34.00  return=-35.3%  open P&L=$-12.00

Per-bucket exit stats (all time)
  b0|orphan_reconcile     n=104  avg=-9.8%  med=-60.0%  realized=$+5,399.24
  b104|c104_s164_w1_0928_1005_r4  n=  1  avg=-88.9%  med=-88.9%  realized=$-8.00
  b108|c108_s202_w3_1045_1120_r1  n=  1  avg=-33.3%  med=-33.3%  realized=$-1.00
  b108|lab0108_s212_w1_0928_1005_r1  n=  3  avg=-98.5%  med=-98.6%  realized=$-198.00
  b109|c109_s202_w3_1045_1120_r2  n=  1  avg=-66.7%  med=-66.7%  realized=$-2.00
  b109|lab0109_s212_w1_0928_1005_r2  n=  4  avg=-76.2%  med=-58.9%  realized=$-198.00
  b10|c010_s165_w3_1045_1120_r1  n=  8  avg=-37.2%  med=-18.9%  realized=$-205.00
  b110|lab0110_s212_w2_1005_1045_r1  n=  4  avg=-68.2%  med=-63.2%  realized=$-173.00
  b111|lab0111_s212_w2_1005_1045_r2  n=  4  avg=-59.4%  med=-54.4%  realized=$-151.00
  b112|lab0112_s212_w3_1045_1120_r1  n=  5  avg=-62.0%  med=-68.1%  realized=$-158.00
  b113|lab0113_s212_w3_1045_1120_r2  n=  9  avg=-74.4%  med=-74.5%  realized=$-364.00
  b114|lab0114_s212_w4_1120_1135_r1  n=  7  avg=-71.6%  med=-73.5%  realized=$-254.00
  b115|lab0115_s212_w4_1120_1135_r2  n=  4  avg=-73.2%  med=-54.1%  realized=$-150.00
  b132|c132_s164_w1_0928_1005_r5  n=  2  avg=-65.7%  med=-53.6%  realized=$-37.00
  b135|c135_s164_w4_1120_1135_r5  n=  1  avg=-50.0%  med=-50.0%  realized=$-4.00
  b164|lab0164_s216_w1_0928_1005_r1  n=  2  avg=-44.3%  med=-37.0%  realized=$-48.00
  b165|lab0165_s216_w1_0928_1005_r2  n=  2  avg=-44.3%  med=-37.0%  realized=$-48.00
  b166|lab0166_s216_w2_1005_1045_r1  n=  3  avg=-63.9%  med=-63.4%  realized=$-103.00
  b167|lab0167_s216_w2_1005_1045_r2  n=  4  avg=-82.1%  med=-80.5%  realized=$-153.00
  b168|lab0168_s216_w3_1045_1120_r1  n=  1  avg=-89.6%  med=-89.6%  realized=$-43.00
  b169|lab0169_s216_w3_1045_1120_r2  n=  3  avg=-54.9%  med=-56.2%  realized=$-77.00
  b16|lab0016_s202_w1_0928_1005_r1  n=  1  avg=-63.9%  med=-63.9%  realized=$-39.00
  b178|lab0178_s217_w1_0928_1005_r1  n=  1  avg=+66.0%  med=+66.0%  realized=$+31.00
  b179|lab0179_s217_w1_0928_1005_r2  n=  1  avg=+51.1%  med=+51.1%  realized=$+24.00
  b17|lab0017_s202_w1_0928_1005_r2  n=  1  avg=-65.6%  med=-65.6%  realized=$-40.00
  b180|lab0180_s217_w2_1005_1045_r1  n=  8  avg=+175.7%  med=+135.3%  realized=$+371.00
  b181|lab0181_s217_w2_1005_1045_r2  n=  8  avg=+185.3%  med=+73.3%  realized=$+355.00
  b182|lab0182_s217_w3_1045_1120_r1  n=  2  avg=-43.8%  med=-43.8%  realized=$-28.00
  b183|lab0183_s217_w3_1045_1120_r2  n=  3  avg=-64.2%  med=-68.8%  realized=$-66.00
  b185|lab0185_s217_w4_1120_1135_r2  n=  1  avg=-55.6%  med=-55.6%  realized=$-25.00
  b18|lab0018_s202_w2_1005_1045_r1  n=  1  avg=-74.4%  med=-74.4%  realized=$-29.00
  b192|lab0192_s218_w1_0928_1005_r1  n=  2  avg=+50.0%  med=+50.0%  realized=$+66.00
  b193|lab0193_s218_w1_0928_1005_r2  n=  3  avg=+40.9%  med=+36.4%  realized=$+78.00
  b194|lab0194_s218_w2_1005_1045_r1  n= 10  avg=+5.4%  med=+22.2%  realized=$-71.00
  b195|lab0195_s218_w2_1005_1045_r2  n= 10  avg=+23.1%  med=+58.8%  realized=$+37.00
  b196|lab0196_s218_w3_1045_1120_r1  n=  4  avg=+319.3%  med=+403.1%  realized=$+283.00
  b197|lab0197_s218_w3_1045_1120_r2  n=  3  avg=+368.0%  med=+318.8%  realized=$+253.00
  b198|lab0198_s218_w4_1120_1135_r1  n=  1  avg=+71.9%  med=+71.9%  realized=$+41.00
  b199|lab0199_s218_w4_1120_1135_r2  n=  1  avg=+75.4%  med=+75.4%  realized=$+43.00
  b19|lab0019_s202_w2_1005_1045_r2  n=  1  avg=-56.4%  med=-56.4%  realized=$-22.00
  b20|c020_s164_w1_0928_1005_r1  n=  1  avg=-88.9%  med=-88.9%  realized=$-8.00
  b222|lab0222_s400_w2_1005_1045_r1  n=  1  avg=-50.0%  med=-50.0%  realized=$-4.00
  b223|lab0223_s400_w2_1005_1045_r2  n=  1  avg=-50.0%  med=-50.0%  realized=$-4.00
  b224|lab0224_s400_w3_1045_1120_r1  n=  1  avg=-66.7%  med=-66.7%  realized=$-10.00
  b225|lab0225_s400_w3_1045_1120_r2  n=  1  avg=-66.7%  med=-66.7%  realized=$-10.00
  b227|lab0227_s400_w4_1120_1135_r2  n=  1  avg=-22.2%  med=-22.2%  realized=$-2.00
  b234|lab0234_s401_w1_0928_1005_r1  n=  4  avg=-6.9%  med=+8.3%  realized=$-12.00
  b235|lab0235_s401_w1_0928_1005_r2  n=  6  avg=+69.3%  med=+80.6%  realized=$+229.00
  b236|c236_s218_w3_1045_1120_r1  n=  1  avg=-33.3%  med=-33.3%  realized=$-1.00
  b236|lab0236_s401_w2_1005_1045_r1  n=  2  avg=-96.2%  med=-96.2%  realized=$-102.00
  b237|c237_s218_w3_1045_1120_r2  n=  1  avg=-66.7%  med=-66.7%  realized=$-2.00
  b237|lab0237_s401_w2_1005_1045_r2  n=  2  avg=-96.2%  med=-96.2%  realized=$-102.00
  b238|lab0238_s401_w3_1045_1120_r1  n=  6  avg=+295.8%  med=+273.1%  realized=$+602.00
  b239|lab0239_s401_w3_1045_1120_r2  n=  5  avg=+20.3%  med=-6.7%  realized=$+9.00
  b240|lab0240_s401_w4_1120_1135_r1  n=  5  avg=+20.2%  med=+21.1%  realized=$+29.00
  b241|lab0241_s401_w4_1120_1135_r2  n=  4  avg=+26.1%  med=+31.6%  realized=$+31.00
  b24|lab0024_s203_w1_0928_1005_r1  n=  2  avg=-75.6%  med=-74.4%  realized=$-65.00
  b262|lab0262_s403_w1_0928_1005_r1  n=  1  avg=+65.4%  med=+65.4%  realized=$+34.00
  b263|lab0263_s403_w1_0928_1005_r2  n=  1  avg=+50.0%  med=+50.0%  realized=$+26.00
  b264|lab0264_s403_w2_1005_1045_r1  n=  1  avg=-66.1%  med=-66.1%  realized=$-39.00
  b265|lab0265_s403_w2_1005_1045_r2  n=  1  avg=-52.5%  med=-52.5%  realized=$-31.00
  b266|lab0266_s403_w3_1045_1120_r1  n=  1  avg=-85.9%  med=-85.9%  realized=$-61.00
  b267|lab0267_s403_w3_1045_1120_r2  n=  1  avg=-77.5%  med=-77.5%  realized=$-55.00
  b268|lab0268_s403_w4_1120_1135_r1  n=  2  avg=+320.0%  med=+320.0%  realized=$+160.00
  b269|lab0269_s403_w4_1120_1135_r2  n=  4  avg=+158.4%  med=+316.0%  realized=$+182.00
  b26|lab0026_s203_w2_1005_1045_r1  n=  3  avg=-54.5%  med=-54.0%  realized=$-78.00
  b276|lab0276_s350_w1_0928_1005_r1  n=  6  avg=+84.1%  med=+102.9%  realized=$+218.00
  b277|lab0277_s350_w1_0928_1005_r2  n=  4  avg=+154.0%  med=+260.0%  realized=$+258.00
  b278|lab0278_s350_w2_1005_1045_r1  n=  8  avg=+23.2%  med=+15.0%  realized=$+27.00
  b279|lab0279_s350_w2_1005_1045_r2  n=  8  avg=+66.8%  med=+94.1%  realized=$+137.00
  b27|lab0027_s203_w2_1005_1045_r2  n=  8  avg=-66.2%  med=-56.2%  realized=$-253.00
  b280|lab0280_s351_w1_0928_1005_r1  n=  5  avg=+104.3%  med=+171.9%  realized=$+164.00
  b281|lab0281_s351_w1_0928_1005_r2  n=  4  avg=+209.5%  med=+346.9%  realized=$+310.00
  b282|lab0282_s351_w2_1005_1045_r1  n=  6  avg=-51.8%  med=-62.5%  realized=$-127.00
  b283|lab0283_s351_w2_1005_1045_r2  n=  7  avg=-42.2%  med=-52.9%  realized=$-114.00
  b285|lab0285_s351_w3_1045_1120_r2  n=  1  avg=-33.3%  med=-33.3%  realized=$-1.00
  b286|lab0286_s351_w4_1120_1135_r1  n=  2  avg=-94.9%  med=-94.9%  realized=$-74.00
  b287|lab0287_s351_w4_1120_1135_r2  n=  5  avg=-50.4%  med=-40.0%  realized=$-79.00
  b288|lab0288_s352_w1_0928_1005_r1  n=  2  avg=+76.2%  med=+100.0%  realized=$+54.00
  b289|lab0289_s352_w1_0928_1005_r2  n=  2  avg=+70.7%  med=+93.8%  realized=$+50.00
  b28|c028_s165_w1_0928_1005_r2  n= 17  avg=+49.5%  med=+80.0%  realized=$+448.00
  b28|c028_s173_w1_0928_1005_r2  n=  5  avg=+51.6%  med=+80.0%  realized=$+142.00
  b28|lab0028_s203_w3_1045_1120_r1  n=  2  avg=-50.9%  med=-49.0%  realized=$-54.00
  b290|lab0290_s352_w2_1005_1045_r1  n=  2  avg=+73.6%  med=+108.3%  realized=$+40.00
  b291|lab0291_s352_w2_1005_1045_r2  n=  5  avg=+70.9%  med=-51.9%  realized=$+90.00
  b293|lab0293_s352_w3_1045_1120_r2  n=  2  avg=+113.5%  med=+137.0%  realized=$+55.00
  b296|lab0296_s353_w1_0928_1005_r1  n=  2  avg=+123.7%  med=+123.7%  realized=$+94.00
  b297|lab0297_s353_w1_0928_1005_r2  n=  2  avg=+79.0%  med=+79.0%  realized=$+60.00
  b298|lab0298_s353_w2_1005_1045_r1  n=  6  avg=-56.2%  med=-50.8%  realized=$-174.00
  b299|lab0299_s353_w2_1005_1045_r2  n=  3  avg=-75.9%  med=-76.3%  realized=$-86.00
  b29|c029_s165_w2_1005_1045_r2  n=  9  avg=-23.3%  med=-50.0%  realized=$-221.00
  b29|c029_s173_w2_1005_1045_r2  n=  2  avg=-69.3%  med=-48.5%  realized=$-78.00
  b29|lab0029_s203_w3_1045_1120_r2  n=  2  avg=-50.9%  med=-49.0%  realized=$-54.00
  b300|lab0300_s353_w3_1045_1120_r1  n=  1  avg=-94.1%  med=-94.1%  realized=$-48.00
  b302|lab0302_s353_w4_1120_1135_r1  n=  1  avg=+96.5%  med=+96.5%  realized=$+28.00
  b303|lab0303_s353_w4_1120_1135_r2  n=  1  avg=+93.1%  med=+93.1%  realized=$+27.00
  b304|lab0304_s354_w1_0928_1005_r1  n=  1  avg=+93.6%  med=+93.6%  realized=$+44.00
  b305|lab0305_s354_w1_0928_1005_r2  n=  1  avg=+100.0%  med=+100.0%  realized=$+47.00
  b306|lab0306_s354_w2_1005_1045_r1  n=  4  avg=+32.2%  med=+133.3%  realized=$+52.00
  b307|lab0307_s354_w2_1005_1045_r2  n=  5  avg=+14.2%  med=-64.4%  realized=$+26.00
  b308|lab0308_s354_w3_1045_1120_r1  n=  3  avg=+102.3%  med=+136.9%  realized=$+162.00
  b309|lab0309_s354_w3_1045_1120_r2  n=  3  avg=+75.3%  med=+103.1%  realized=$+117.00
  b30|c030_s165_w3_1045_1120_r2  n=  9  avg=+38.8%  med=+0.0%  realized=$+260.00
  b30|c030_s173_w3_1045_1120_r2  n=  2  avg=-9.5%  med=+0.0%  realized=$-14.00
  b30|lab0030_s203_w4_1120_1135_r1  n=  3  avg=-61.1%  med=-66.1%  realized=$-99.00
  b310|lab0310_s354_w4_1120_1135_r1  n=  3  avg=+56.5%  med=+116.7%  realized=$+122.00
  b311|lab0311_s354_w4_1120_1135_r2  n=  2  avg=+209.1%  med=+290.5%  realized=$+214.00
  b312|lab0312_s355_w1_0928_1005_r1  n=  2  avg=+19.0%  med=+91.5%  realized=$+20.00
  b313|lab0313_s355_w1_0928_1005_r2  n=  2  avg=+18.1%  med=+85.1%  realized=$+19.00
  b314|lab0314_s355_w2_1005_1045_r1  n=  5  avg=+15.0%  med=-63.4%  realized=$+35.00
  b315|lab0315_s355_w2_1005_1045_r2  n=  5  avg=+8.2%  med=-37.1%  realized=$+26.00
  b316|lab0316_s355_w3_1045_1120_r1  n=  1  avg=+193.8%  med=+193.8%  realized=$+93.00
  b317|lab0317_s355_w3_1045_1120_r2  n=  2  avg=+115.5%  med=+187.5%  realized=$+110.00
  b318|lab0318_s355_w4_1120_1135_r1  n=  1  avg=+292.9%  med=+292.9%  realized=$+123.00
  b319|lab0319_s355_w4_1120_1135_r2  n=  1  avg=+328.6%  med=+328.6%  realized=$+138.00
  b31|c031_s165_w4_1120_1135_r2  n=  2  avg=+145.5%  med=+175.8%  realized=$+192.00
  b31|lab0031_s203_w4_1120_1135_r2  n=  3  avg=-57.3%  med=-62.7%  realized=$-93.00
  b320|lab0320_s356_w1_0928_1005_r1  n=  2  avg=+37.9%  med=+37.9%  realized=$+44.00
  b321|lab0321_s356_w1_0928_1005_r2  n=  2  avg=+58.6%  med=+58.6%  realized=$+68.00
  b328|lab0328_s357_w1_0928_1005_r1  n=  2  avg=+47.1%  med=+47.1%  realized=$+64.00
  b329|lab0329_s357_w1_0928_1005_r2  n=  2  avg=+47.1%  med=+47.1%  realized=$+64.00
  b332|lab0332_s357_w3_1045_1120_r1  n=  2  avg=+66.7%  med=+73.7%  realized=$+79.00
  b333|lab0333_s357_w3_1045_1120_r2  n=  3  avg=+67.3%  med=+71.9%  realized=$+118.00
  b344|lab0344_s359_w1_0928_1005_r1  n=  2  avg=+37.2%  med=+142.9%  realized=$-19.00
  b345|lab0345_s359_w1_0928_1005_r2  n=  2  avg=+82.7%  med=+228.6%  realized=$-4.00
  b346|lab0346_s359_w2_1005_1045_r1  n=  8  avg=-41.8%  med=-46.7%  realized=$-115.00
  b347|lab0347_s359_w2_1005_1045_r2  n=  8  avg=-41.1%  med=-44.4%  realized=$-112.00
  b348|lab0348_s360_w1_0928_1005_r1  n=  1  avg=-82.2%  med=-82.2%  realized=$-37.00
  b349|lab0349_s360_w1_0928_1005_r2  n=  1  avg=-77.8%  med=-77.8%  realized=$-35.00
  b350|lab0350_s360_w2_1005_1045_r1  n=  8  avg=-38.3%  med=-44.4%  realized=$-105.00
  b351|lab0351_s360_w2_1005_1045_r2  n=  8  avg=-50.2%  med=-56.4%  realized=$-142.00
  b352|lab0352_s360_w3_1045_1120_r1  n=  2  avg=-65.8%  med=-50.0%  realized=$-37.00
  b353|lab0353_s360_w3_1045_1120_r2  n=  3  avg=-64.9%  med=-60.5%  realized=$-61.00
  b354|lab0354_s360_w4_1120_1135_r1  n=  2  avg=-33.3%  med=-33.3%  realized=$-12.00
  b355|lab0355_s360_w4_1120_1135_r2  n=  3  avg=-34.9%  med=-54.8%  realized=$-32.00
  b364|lab0364_s361_w2_1005_1045_r1  n=  7  avg=-3.6%  med=-66.7%  realized=$-22.00
  b365|lab0365_s361_w2_1005_1045_r2  n= 10  avg=+97.3%  med=+82.8%  realized=$+201.00
  b367|lab0367_s361_w3_1045_1120_r2  n=  4  avg=+9.9%  med=-8.3%  realized=$-2.00
  b376|lab0376_s362_w1_0928_1005_r1  n=  3  avg=+43.9%  med=+8.7%  realized=$+52.00
  b377|lab0377_s362_w1_0928_1005_r2  n=  3  avg=+49.6%  med=+13.0%  realized=$+61.00
  b378|lab0378_s362_w2_1005_1045_r1  n=  3  avg=+52.7%  med=+52.6%  realized=$+59.00
  b379|lab0379_s362_w2_1005_1045_r2  n=  7  avg=+41.8%  med=+38.2%  realized=$+123.00
  b380|lab0380_s362_w3_1045_1120_r1  n=  4  avg=+63.0%  med=+103.3%  realized=$+164.00
  b381|lab0381_s362_w3_1045_1120_r2  n=  4  avg=+67.4%  med=+108.3%  realized=$+174.00
  b382|lab0382_s362_w4_1120_1135_r1  n=  1  avg=+1125.8%  med=+1125.8%  realized=$+349.00
  b383|lab0383_s362_w4_1120_1135_r2  n=  1  avg=+1222.6%  med=+1222.6%  realized=$+379.00
  b390|lab0390_s363_w1_0928_1005_r1  n=  1  avg=+106.5%  med=+106.5%  realized=$+33.00
  b391|lab0391_s363_w1_0928_1005_r2  n=  1  avg=+103.2%  med=+103.2%  realized=$+32.00
  b392|lab0392_s363_w2_1005_1045_r1  n=  3  avg=+27.8%  med=+9.5%  realized=$+26.00
  b393|lab0393_s363_w2_1005_1045_r2  n=  3  avg=+25.0%  med=+7.1%  realized=$+23.00
  b397|lab0397_s363_w4_1120_1135_r2  n=  2  avg=+52.9%  med=+52.9%  realized=$+36.00
  b405|lab0405_s364_w1_0928_1005_r2  n=  1  avg=+50.0%  med=+50.0%  realized=$+25.00
  b406|lab0406_s364_w2_1005_1045_r1  n=  4  avg=+42.8%  med=+77.8%  realized=$+77.00
  b407|lab0407_s364_w2_1005_1045_r2  n=  4  avg=+36.3%  med=+69.6%  realized=$+62.00
  b408|lab0408_s364_w3_1045_1120_r1  n=  2  avg=+66.7%  med=+66.7%  realized=$+44.00
  b409|lab0409_s364_w3_1045_1120_r2  n=  3  avg=+61.6%  med=+63.6%  realized=$+61.00
  b410|lab0410_s364_w4_1120_1135_r1  n=  2  avg=+233.3%  med=+233.3%  realized=$+168.00
  b411|lab0411_s364_w4_1120_1135_r2  n=  2  avg=+188.9%  med=+188.9%  realized=$+136.00
  b425|lab0425_s365_w4_1120_1135_r2  n=  1  avg=+54.8%  med=+54.8%  realized=$+34.00
  b48|c048_s164_w1_0928_1005_r2  n=  5  avg=-33.1%  med=-49.1%  realized=$-91.00
  b48|c048_s165_w1_0928_1005_r3  n= 16  avg=-35.9%  med=-49.1%  realized=$-344.00
  b49|c049_s164_w2_1005_1045_r2  n=  4  avg=-51.8%  med=-44.0%  realized=$-133.00
  b49|c049_s165_w2_1005_1045_r3  n= 15  avg=-49.3%  med=-49.1%  realized=$-458.00
  b50|c050_s164_w3_1045_1120_r2  n=  4  avg=-39.6%  med=-16.7%  realized=$-115.00
  b50|c050_s165_w3_1045_1120_r3  n=  9  avg=-23.6%  med=-23.1%  realized=$-142.00
  b51|c051_s165_w4_1120_1135_r3  n=  1  avg=+263.6%  med=+263.6%  realized=$+174.00
  b56|g056_lim_tp20_sl65  n=  1  avg=+47.7%  med=+47.7%  realized=$+20.52
  b57|g057_mid_tp20_sl65  n=  1  avg=+47.7%  med=+47.7%  realized=$+20.52
  b58|g058_eod_tp20_sl65  n=  1  avg=+59.1%  med=+59.1%  realized=$+25.41
  b58|lab0058_s207_w2_1005_1045_r1  n=  6  avg=-21.5%  med=-32.0%  realized=$-82.00
  b59|lab0059_s207_w2_1005_1045_r2  n=  5  avg=-48.7%  med=-49.1%  realized=$-153.00
  b60|lab0060_s207_w3_1045_1120_r1  n=  6  avg=-39.6%  med=-36.4%  realized=$-134.00
  b61|lab0061_s207_w3_1045_1120_r2  n=  8  avg=-38.0%  med=-47.7%  realized=$-158.00
  b62|lab0062_s207_w4_1120_1135_r1  n=  6  avg=-45.5%  med=-54.3%  realized=$-164.00
  b63|lab0063_s207_w4_1120_1135_r2  n=  4  avg=-32.9%  med=-45.8%  realized=$-83.00
  b68|c068_s165_w1_0928_1005_r4  n= 16  avg=-51.3%  med=-49.1%  realized=$-446.00
  b68|c068_s166_w1_0928_1005_r3  n=  4  avg=-52.7%  med=-49.1%  realized=$-116.00
  b69|c069_s165_w2_1005_1045_r4  n= 11  avg=+19.0%  med=-43.6%  realized=$-179.00
  b69|c069_s166_w2_1005_1045_r3  n=  4  avg=+10.1%  med=-40.0%  realized=$-87.00
  b70|c070_s165_w3_1045_1120_r4  n= 11  avg=-2.1%  med=-16.9%  realized=$-6.00
  b70|c070_s166_w3_1045_1120_r3  n=  4  avg=-42.5%  med=-27.0%  realized=$-124.00
  b70|g070_eod_tp30_sl20  n=  1  avg=+59.1%  med=+59.1%  realized=$+27.77
  b76|c076_s164_w1_0928_1005_r3  n=  1  avg=-50.0%  med=-50.0%  realized=$-2.00
  b776|lab0776_s397_w1_0928_1005_r1  n=  1  avg=+40.4%  med=+40.4%  realized=$+23.00
  b777|lab0777_s397_w1_0928_1005_r2  n=  1  avg=+38.6%  med=+38.6%  realized=$+22.00
  b778|lab0778_s397_w2_1005_1045_r1  n=  2  avg=+62.2%  med=+73.0%  realized=$+83.00
  b779|lab0779_s397_w2_1005_1045_r2  n=  2  avg=+52.8%  med=+61.9%  realized=$+70.00
  b780|lab0780_s397_w3_1045_1120_r1  n=  1  avg=+114.8%  med=+114.8%  realized=$+70.00
  b781|lab0781_s397_w3_1045_1120_r2  n=  2  avg=+12.4%  med=+116.4%  realized=$+27.00
  b783|lab0783_s397_w4_1120_1135_r2  n=  1  avg=+151.6%  med=+151.6%  realized=$+94.00
  b784|lab0784_s398_w1_0928_1005_r1  n=  1  avg=+49.0%  med=+49.0%  realized=$+24.00
  b785|lab0785_s398_w1_0928_1005_r2  n=  1  avg=+49.0%  med=+49.0%  realized=$+24.00
  b786|lab0786_s398_w2_1005_1045_r1  n=  6  avg=-2.7%  med=+3.3%  realized=$+3.00
  b787|lab0787_s398_w2_1005_1045_r2  n=  2  avg=+69.9%  med=+78.6%  realized=$+82.00
  b788|lab0788_s398_w3_1045_1120_r1  n=  5  avg=+32.0%  med=-18.4%  realized=$+80.00
  b789|lab0789_s398_w3_1045_1120_r2  n=  3  avg=+55.2%  med=+65.7%  realized=$+95.00
  b790|lab0790_s398_w4_1120_1135_r1  n=  3  avg=+177.2%  med=+140.3%  realized=$+255.00
  b791|lab0791_s398_w4_1120_1135_r2  n=  3  avg=+150.8%  med=+155.6%  realized=$+242.00
  b792|lab0792_s399_w1_0928_1005_r1  n=  2  avg=+145.0%  med=+150.0%  realized=$+71.00
  b793|lab0793_s399_w1_0928_1005_r2  n=  8  avg=+37.9%  med=+100.0%  realized=$+85.00
  b794|lab0794_s399_w2_1005_1045_r1  n=  5  avg=-5.3%  med=-17.2%  realized=$-30.00
  b795|lab0795_s399_w2_1005_1045_r2  n=  5  avg=+1.6%  med=-46.1%  realized=$+0.00
  b797|lab0797_s399_w3_1045_1120_r2  n=  5  avg=-64.6%  med=-66.7%  realized=$-121.00
  b798|lab0798_s399_w4_1120_1135_r1  n=  2  avg=+134.0%  med=+134.0%  realized=$+134.00
  b799|lab0799_s399_w4_1120_1135_r2  n=  2  avg=+149.2%  med=+186.5%  realized=$+125.00
  b800|lab0800_s404_w1_0928_1005_r1  n=  1  avg=+38.6%  med=+38.6%  realized=$+22.00
  b801|lab0801_s404_w1_0928_1005_r2  n=  1  avg=+31.6%  med=+31.6%  realized=$+18.00
  b802|lab0802_s404_w2_1005_1045_r1  n=  3  avg=+2.6%  med=+45.1%  realized=$+17.00
  b803|lab0803_s404_w2_1005_1045_r2  n=  2  avg=+48.5%  med=+50.8%  realized=$+64.00
  b804|lab0804_s404_w3_1045_1120_r1  n=  2  avg=+7.4%  med=+106.6%  realized=$+21.00
  b805|lab0805_s404_w3_1045_1120_r2  n=  2  avg=-2.4%  med=+86.9%  realized=$+9.00
  b806|lab0806_s404_w4_1120_1135_r1  n=  1  avg=+145.2%  med=+145.2%  realized=$+90.00
  b807|lab0807_s404_w4_1120_1135_r2  n=  1  avg=+124.2%  med=+124.2%  realized=$+77.00
  b80|lab0080_s210_w1_0928_1005_r1  n=  4  avg=+7.0%  med=-8.5%  realized=$+3.00
  b814|lab0814_s405_w1_0928_1005_r1  n=  1  avg=+53.1%  med=+53.1%  realized=$+26.00
  b815|lab0815_s405_w1_0928_1005_r2  n=  1  avg=+46.9%  med=+46.9%  realized=$+23.00
  b816|lab0816_s405_w2_1005_1045_r1  n=  2  avg=+61.4%  med=+69.6%  realized=$+72.00
  b817|lab0817_s405_w2_1005_1045_r2  n=  9  avg=-20.2%  med=-40.0%  realized=$-80.00
  b818|lab0818_s405_w3_1045_1120_r1  n=  3  avg=+46.7%  med=+55.7%  realized=$+81.00
  b819|lab0819_s405_w3_1045_1120_r2  n=  4  avg=+21.7%  med=+42.9%  realized=$+37.00
  b81|lab0081_s210_w1_0928_1005_r2  n=  3  avg=+14.8%  med=-6.4%  realized=$+10.00
  b820|lab0820_s405_w4_1120_1135_r1  n=  3  avg=+105.6%  med=+106.9%  realized=$+171.00
  b821|lab0821_s405_w4_1120_1135_r2  n=  5  avg=+46.2%  med=+3.5%  realized=$+92.00
  b828|lab0828_s406_w1_0928_1005_r1  n=  2  avg=+11.3%  med=+72.5%  realized=$+22.00
  b829|lab0829_s406_w1_0928_1005_r2  n=  2  avg=+9.3%  med=+68.6%  realized=$+20.00
  b82|lab0082_s210_w2_1005_1045_r1  n=  4  avg=-58.3%  med=-48.8%  realized=$-91.00
  b830|lab0830_s406_w2_1005_1045_r1  n=  7  avg=+37.9%  med=+61.3%  realized=$+38.00
  b831|lab0831_s406_w2_1005_1045_r2  n=  8  avg=+35.6%  med=+82.8%  realized=$+20.00
  b832|lab0832_s406_w3_1045_1120_r1  n=  6  avg=+351.8%  med=+126.9%  realized=$+863.00
  b833|lab0833_s406_w3_1045_1120_r2  n=  8  avg=+343.2%  med=+73.1%  realized=$+836.00
  b834|lab0834_s406_w4_1120_1135_r1  n=  2  avg=+53.8%  med=+63.6%  realized=$+25.00
  b835|lab0835_s406_w4_1120_1135_r2  n=  2  avg=-53.0%  med=-50.0%  realized=$-25.00
  b83|lab0083_s210_w2_1005_1045_r2  n=  4  avg=+28.5%  med=+50.0%  realized=$+34.00
  b842|lab0842_s407_w1_0928_1005_r1  n=  1  avg=+140.0%  med=+140.0%  realized=$+28.00
  b843|lab0843_s407_w1_0928_1005_r2  n=  1  avg=+125.0%  med=+125.0%  realized=$+25.00
  b844|lab0844_s407_w2_1005_1045_r1  n=  7  avg=+101.2%  med=-51.4%  realized=$+84.00
  b845|lab0845_s407_w2_1005_1045_r2  n=  6  avg=+104.2%  med=+38.8%  realized=$+101.00
  b848|lab0848_s407_w4_1120_1135_r1  n=  2  avg=-95.9%  med=-95.9%  realized=$-94.00
  b849|lab0849_s407_w4_1120_1135_r2  n=  5  avg=+104.6%  med=+229.2%  realized=$+115.00
  b84|lab0084_s210_w3_1045_1120_r1  n=  4  avg=+30.9%  med=+16.7%  realized=$+34.00
  b857|lab0857_s408_w1_0928_1005_r2  n=  1  avg=+52.6%  med=+52.6%  realized=$+10.00
  b858|lab0858_s408_w2_1005_1045_r1  n=  2  avg=-19.8%  med=+41.9%  realized=$-9.00
  b859|lab0859_s408_w2_1005_1045_r2  n=  2  avg=+1.1%  med=+45.2%  realized=$+8.00
  b85|lab0085_s210_w3_1045_1120_r2  n=  5  avg=+13.7%  med=+13.9%  realized=$+12.00
  b860|lab0860_s408_w3_1045_1120_r1  n=  5  avg=+695.8%  med=+954.5%  realized=$+621.00
  b861|lab0861_s408_w3_1045_1120_r2  n=  8  avg=+280.7%  med=+100.0%  realized=$+392.00
  b862|lab0862_s408_w4_1120_1135_r1  n=  1  avg=-50.0%  med=-50.0%  realized=$-8.00
  b863|lab0863_s408_w4_1120_1135_r2  n=  5  avg=-12.5%  med=-6.2%  realized=$-10.00
  b86|lab0086_s210_w4_1120_1135_r1  n=  4  avg=+23.7%  med=+16.7%  realized=$+31.00
  b87|lab0087_s210_w4_1120_1135_r2  n=  4  avg=+26.6%  med=+19.4%  realized=$+35.00
  b88|c088_s165_w1_0928_1005_r5  n= 21  avg=-5.0%  med=-2.7%  realized=$-63.00
  b88|c088_s167_w1_0928_1005_r4  n=  4  avg=-12.7%  med=+30.9%  realized=$-28.00
  b898|lab0898_s411_w1_0928_1005_r1  n=  1  avg=-51.4%  med=-51.4%  realized=$-37.00
  b899|lab0899_s411_w1_0928_1005_r2  n=  1  avg=-48.6%  med=-48.6%  realized=$-35.00
  b89|c089_s165_w2_1005_1045_r5  n=  7  avg=+113.1%  med=+30.9%  realized=$+67.00
  b89|c089_s167_w2_1005_1045_r4  n=  2  avg=-16.2%  med=+30.9%  realized=$-22.00
  b8|c008_s165_w1_0928_1005_r1  n= 23  avg=-19.6%  med=-35.3%  realized=$-250.00
  b900|lab0900_s411_w2_1005_1045_r1  n=  2  avg=+37.4%  med=+45.0%  realized=$+47.00
  b901|lab0901_s411_w2_1005_1045_r2  n=  3  avg=+32.8%  med=+36.1%  realized=$+61.00
  b902|lab0902_s411_w3_1045_1120_r1  n=  4  avg=+22.8%  med=+13.4%  realized=$+49.00
  b903|lab0903_s411_w3_1045_1120_r2  n=  5  avg=+6.1%  med=+10.4%  realized=$+9.00
  b905|lab0905_s411_w4_1120_1135_r2  n=  1  avg=+13.1%  med=+13.1%  realized=$+8.00
  b90|c090_s165_w3_1045_1120_r5  n= 13  avg=+7.7%  med=+0.0%  realized=$+47.00
  b90|c090_s167_w3_1045_1120_r4  n=  4  avg=-41.6%  med=-18.9%  realized=$-123.00
  b914|lab0914_s412_w2_1005_1045_r1  n=  4  avg=+75.2%  med=+68.2%  realized=$+124.00
  b915|lab0915_s412_w2_1005_1045_r2  n=  3  avg=+54.2%  med=+43.2%  realized=$+64.00
  b916|lab0916_s412_w3_1045_1120_r1  n=  8  avg=+21.1%  med=-10.7%  realized=$+15.00
  b917|lab0917_s412_w3_1045_1120_r2  n=  1  avg=-51.8%  med=-51.8%  realized=$-29.00
  b919|lab0919_s412_w4_1120_1135_r2  n=  1  avg=+37.5%  med=+37.5%  realized=$+12.00
  b91|c091_s165_w4_1120_1135_r5  n=  2  avg=+222.0%  med=+247.0%  realized=$+293.00
  b94|lab0094_s211_w1_0928_1005_r1  n=  3  avg=-21.0%  med=-5.7%  realized=$-39.00
  b95|lab0095_s211_w1_0928_1005_r2  n=  3  avg=-30.5%  med=-17.1%  realized=$-51.00
  b96|lab0096_s211_w2_1005_1045_r1  n=  2  avg=-34.8%  med=-31.6%  realized=$-28.00
  b97|lab0097_s211_w2_1005_1045_r2  n=  4  avg=-42.0%  med=-16.7%  realized=$-77.00
  b98|lab0098_s211_w3_1045_1120_r1  n=  3  avg=-45.9%  med=-44.4%  realized=$-51.00
  b99|lab0099_s211_w3_1045_1120_r2  n=  4  avg=+102.6%  med=+125.0%  realized=$+160.00
  b9|c009_s165_w2_1005_1045_r1  n=  7  avg=-74.4%  med=-66.2%  realized=$-301.00
========================================================
+========================================================================+
|  OPTIONS BOT SUMMARY                                                   |
+------------------------------------------------------------------------+
|  Mode                          entry+manage                            |
|  Equity                        $145,504.33                             |
|  Signals this run              853                                     |
|  Orders submitted (session)    45                                      |
|  Orders filled today (ledger)  42                                      |
|  Entries placed this run       5                                       |
|  Open virtual lots             154                                     |
|  Broker option positions       34                                      |
|  Pending orders                9                                       |
+========================================================================+
+========================================================================+
|  BUCKET LEADERBOARD (reflected ex-S173,S174)                           |
+------------------------------------------------------------------------+
|  Reflected trades=1120  buckets=255  win=43%                           |
|  Returns   avg=+25.4%  med=-18.7%  p10=-75.7%  p90=+138.6%             |
|  Realized  $+11,857.46                                                 |
|  Raw incl dropped  trades=1654  real=$+10,261.91                       |
|  Today     trades=27  avg=-37.9%  med=-82.8%  real=$-672.85            |
+------------------------------------------------------------------------+
|  BKT PROFILE               N  WIN  AVG%   MED%   BEST%  REAL$          |
+------------------------------------------------------------------------+
|  b383 lab0383_s362_w4_11  1 100% +1222.6 +1222.6 +1222.6 $   +379      |
|  b382 lab0382_s362_w4_11  1 100% +1125.8 +1125.8 +1125.8 $   +349      |
|  b860 lab0860_s408_w3_10  5  60% +695.8 +954.5 +1446.7 $   +621        |
|  b319 lab0319_s355_w4_11  1 100% +328.6 +328.6 +328.6 $   +138         |
|  b268 lab0268_s403_w4_11  2 100% +320.0 +320.0 +320.0 $   +160         |
|  b197 lab0197_s218_w3_10  3 100% +368.0 +318.8 +737.5 $   +253         |
|  b318 lab0318_s355_w4_11  1 100% +292.9 +292.9 +292.9 $   +123         |
|  b238 lab0238_s401_w3_10  6 100% +295.8 +273.1 +815.4 $   +602         |
|  ... 247 more bucket(s) with exits                                     |
+------------------------------------------------------------------------+
|  Low  b108 lab0108_s212_w1_09  4   0% -82.2 -98.4 -98.6 $   -199       |
+========================================================================+
+========================================================================+
|  PENDING ORDERS (9)                                                    |
+------------------------------------------------------------------------+
|  Top groups                    S355:MARA(2), S361:MARA(2), S203:COP(2) |
+------------------------------------------------------------------------+
|  b314 S355 MARA     limit=0.48                                         |
|  b315 S355 MARA     limit=0.48                                         |
|  b364 S361 MARA     limit=0.22                                         |
|  b365 S361 MARA     limit=0.22                                         |
|  b786 S398 CRWD     limit=0.42                                         |
|  ... 4 more pending order(s)                                           |
+========================================================================+
+========================================================================+
|  PENDING EXITS (4)                                                     |
+------------------------------------------------------------------------+
|  b0   ORPHAN AMZN260807C00302500 x1 stop_loss (-92.7%)                 |
|  b96  S211 AMZN260807C00297500 x1 stop_loss (-97.1%)                   |
|  b779 S397 AMZN260807C00295000 x1 stop_loss (-95.0%)                   |
|  b780 S397 AMZN260807C00292500 x1 stop_loss (-96.3%)                   |
+========================================================================+
+========================================================================+
|  OPEN OPTIONS (34)                                                     |
+------------------------------------------------------------------------+
|  SYMBOL                      QTY    RET%        OPEN P&L               |
|------------------------------------------------------------------------|
|  AMZN260807C00295000          34    -97.5%   $ -1,337.33               |
|  AMZN260807C00292500          16    -96.3%   $   -829.60               |
|  AMZN260807C00297500           8   -100.0%   $   -271.38               |
|  NKE260807C00042000           10    -26.7%   $   -171.00               |
|  UBER260807C00070000           5    +98.6%   $   +158.85               |
|  NKE260828C00045000           12    -17.7%   $   -134.00               |
|  TTD260807C00020500            3    -49.3%   $    -99.00               |
|  NKE260821C00044000           12    -11.1%   $    -84.00               |
|  ... 26 more position(s)                                               |
+========================================================================+
Full detail: logs/options_trial/runs/2026-08-06.log
elapsed=137.2s reconcile=0.34s cancel=0.03s manage=15.99s scan=62.95s entries=56.81s

=== 10:20:47 ET — entry+manage (0 new) [elapsed=130.2s reconcile=0.13s cancel=0.03s manage=16.73s scan=57.62s entries=54.6s] ===
=== options_morning_bot (PAPER) 2026-08-06T10:20:47.849022-04:00 ===

[Run context]
Paper auth OK — equity $145606.16, account PA36KS87UPRS
  reconcile: layout changed controlled:100:c000_s173_w1_0928_1005_r1 -> controlled:1024:lab0000_s200_w1_0928_1005_r1

[Setup]
Active buckets: 1024 | Strategies: S165, S164, S168, S167, S166, S163, S169, S170, S171, S172, S175, S200, S201, S202, S203, S204, S205, S206, S207, S208, S209, S210, S211, S212, S213, S214, S215, S216, S217, S218, S219, S220, S221, S400, S401, S402, S403, S350, S351, S352, S353, S354, S355, S356, S357, S358, S359, S360, S361, S362, S363, S364, S365, S366, S367, S368, S369, S370, S371, S372, S373, S374, S375, S376, S377, S378, S379, S380, S381, S382, S383, S384, S385, S386, S387, S388, S389, S390, S391, S392, S393, S394, S413, S414, S415, S416, S417, S418, S395, S396, S397, S398, S399, S404, S405, S406, S407, S408, S409, S410, S411, S412, S413, S414, S415, S416, S417, S418, S419
Dropped (no new entries; ex-reflected P&L): S173, S174
  EXIT skip AMZN260807C00302500: open sell already pending
  EXIT skip AMZN260807C00295000: open sell already pending
  EXIT skip UBER260807C00078000: open sell already pending
  EXIT skip AMZN260807C00297500: open sell already pending
  EXIT [b902|lab0902_s411_w3_1045_1120_r1|S411] stop_loss (-53.7%) SELL 1 TTD260807C00020500 @<= 0.28  id=b28ee7eb-edf9-467e-a38c-de178f1bb4a9
  EXIT [b292|lab0292_s352_w3_1045_1120_r1|S352] take_profit (+61.3%) SELL 1 UBER260807C00070000 @<= 0.49  id=6c696ec4-e63f-4de5-b4ae-d548482bb40c
  EXIT [b352|lab0352_s360_w3_1045_1120_r1|S360] stop_loss (-64.5%) SELL 1 DKNG260807C00024500 @<= 0.15  id=5e02e50b-e7b3-4c1b-9c83-7f6b6c56b523
  EXIT skip AMZN260807C00292500: open sell already pending

[Scan + entries]
Scanning 117 symbols for [S165, S164, S168, S167, S166, S163, S169, S170, S171, S172, S175, S200, S201, S202, S203, S204, S205, S206, S207, S208, S209, S210, S211, S212, S213, S214, S215, S216, S217, S218, S219, S220, S221, S400, S401, S402, S403, S350, S351, S352, S353, S354, S355, S356, S357, S358, S359, S360, S361, S362, S363, S364, S365, S366, S367, S368, S369, S370, S371, S372, S373, S374, S375, S376, S377, S378, S379, S380, S381, S382, S383, S384, S385, S386, S387, S388, S389, S390, S391, S392, S393, S394, S413, S414, S415, S416, S417, S418, S395, S396, S397, S398, S399, S404, S405, S406, S407, S408, S409, S410, S411, S412, S413, S414, S415, S416, S417, S418, S419] …
Fetched daily bars for 114/117 symbols
Found 884 signal(s); top: ['S165:AMD', 'S165:COIN', 'S165:CRWD', 'S165:SNOW', 'S165:MARA', 'S165:MSTR', 'S165:ARM', 'S165:PANW']
Paper lab: $145276 broker equity -> 1024 bucket(s) ($500 virtual each, unlimited paper)
  [b18|lab0018_s202_w2_1005_1045_r1] S202 DDOG (tier: fast): no tradeable call
  [b19|lab0019_s202_w2_1005_1045_r2] S202 DDOG (tier: fast): no tradeable call
  [b18|lab0018_s202_w2_1005_1045_r1] S202 CELH (tier: fast): no tradeable call
  [b19|lab0019_s202_w2_1005_1045_r2] S202 CELH (tier: fast): no tradeable call
  [b18|lab0018_s202_w2_1005_1045_r1] S202 GTLB (tier: fast): no tradeable call
  [b19|lab0019_s202_w2_1005_1045_r2] S202 GTLB (tier: fast): no tradeable call
  [b18|lab0018_s202_w2_1005_1045_r1] S202 FSLY (tier: fast): no tradeable call
  [b19|lab0019_s202_w2_1005_1045_r2] S202 FSLY (tier: fast): no tradeable call
  [b74|lab0074_s209_w2_1005_1045_r1] S209 AMD (tier: fast): no tradeable call
  [b75|lab0075_s209_w2_1005_1045_r2] S209 AMD (tier: fast): no tradeable call
  [b74|lab0074_s209_w2_1005_1045_r1] S209 SNOW (tier: fast): no tradeable call
  [b75|lab0075_s209_w2_1005_1045_r2] S209 SNOW (tier: fast): no tradeable call
  [b74|lab0074_s209_w2_1005_1045_r1] S209 ARM (tier: fast): no tradeable call
  [b75|lab0075_s209_w2_1005_1045_r2] S209 ARM (tier: fast): no tradeable call
  [b74|lab0074_s209_w2_1005_1045_r1] S209 UPST (tier: fast): no tradeable call
  [b75|lab0075_s209_w2_1005_1045_r2] S209 UPST (tier: fast): no tradeable call
  [b74|lab0074_s209_w2_1005_1045_r1] S209 DOCN (tier: fast): no tradeable call
  [b75|lab0075_s209_w2_1005_1045_r2] S209 DOCN (tier: fast): no tradeable call
  [b264|lab0264_s403_w2_1005_1045_r1] S403 GS (tier: neutral): no tradeable call
  [b265|lab0265_s403_w2_1005_1045_r2] S403 GS (tier: neutral): no tradeable call
  [b264|lab0264_s403_w2_1005_1045_r1] S403 MS (tier: neutral): no tradeable call
  [b265|lab0265_s403_w2_1005_1045_r2] S403 MS (tier: neutral): no tradeable call
  [b338|lab0338_s358_w2_1005_1045_r1] S358 AMD (tier: fast): no tradeable call
  [b339|lab0339_s358_w2_1005_1045_r2] S358 AMD (tier: fast): no tradeable call
  [b338|lab0338_s358_w2_1005_1045_r1] S358 COIN (tier: fast): no tradeable call
  [b339|lab0339_s358_w2_1005_1045_r2] S358 COIN (tier: fast): no tradeable call
  [b338|lab0338_s358_w2_1005_1045_r1] S358 CRWD (tier: fast): no tradeable call
  [b339|lab0339_s358_w2_1005_1045_r2] S358 CRWD (tier: fast): no tradeable call
  [b338|lab0338_s358_w2_1005_1045_r1] S358 SNOW (tier: fast): no tradeable call
  [b339|lab0339_s358_w2_1005_1045_r2] S358 SNOW (tier: fast): no tradeable call
  [b338|lab0338_s358_w2_1005_1045_r1] S358 MARA (tier: fast): no tradeable call
  [b339|lab0339_s358_w2_1005_1045_r2] S358 MARA (tier: fast): no tradeable call
  [b338|lab0338_s358_w2_1005_1045_r1] S358 MSTR (tier: fast): no tradeable call
  [b339|lab0339_s358_w2_1005_1045_r2] S358 MSTR (tier: fast): no tradeable call
  [b338|lab0338_s358_w2_1005_1045_r1] S358 ARM (tier: fast): no tradeable call
  [b339|lab0339_s358_w2_1005_1045_r2] S358 ARM (tier: fast): no tradeable call
  [b338|lab0338_s358_w2_1005_1045_r1] S358 PANW (tier: fast): no tradeable call
  [b339|lab0339_s358_w2_1005_1045_r2] S358 PANW (tier: fast): no tradeable call
  [b338|lab0338_s358_w2_1005_1045_r1] S358 HOOD (tier: fast): no tradeable call
  [b339|lab0339_s358_w2_1005_1045_r2] S358 HOOD (tier: fast): no tradeable call
  [b338|lab0338_s358_w2_1005_1045_r1] S358 DDOG (tier: fast): no tradeable call
  [b339|lab0339_s358_w2_1005_1045_r2] S358 DDOG (tier: fast): no tradeable call
  [b338|lab0338_s358_w2_1005_1045_r1] S358 TTD (tier: fast): no tradeable call
  [b339|lab0339_s358_w2_1005_1045_r2] S358 TTD (tier: fast): no tradeable call
  [b338|lab0338_s358_w2_1005_1045_r1] S358 UPST (tier: fast): no tradeable call
  [b339|lab0339_s358_w2_1005_1045_r2] S358 UPST (tier: fast): no tradeable call
  [b338|lab0338_s358_w2_1005_1045_r1] S358 ZS (tier: fast): no tradeable call
  [b339|lab0339_s358_w2_1005_1045_r2] S358 ZS (tier: fast): no tradeable call
  [b338|lab0338_s358_w2_1005_1045_r1] S358 NET (tier: fast): no tradeable call
  [b339|lab0339_s358_w2_1005_1045_r2] S358 NET (tier: fast): no tradeable call
  [b338|lab0338_s358_w2_1005_1045_r1] S358 MDB (tier: fast): no tradeable call
  [b339|lab0339_s358_w2_1005_1045_r2] S358 MDB (tier: fast): no tradeable call
  [b338|lab0338_s358_w2_1005_1045_r1] S358 CELH (tier: fast): no tradeable call
  [b339|lab0339_s358_w2_1005_1045_r2] S358 CELH (tier: fast): no tradeable call
  [b338|lab0338_s358_w2_1005_1045_r1] S358 PATH (tier: fast): no tradeable call
  [b339|lab0339_s358_w2_1005_1045_r2] S358 PATH (tier: fast): no tradeable call
  [b338|lab0338_s358_w2_1005_1045_r1] S358 DOCN (tier: fast): no tradeable call
  [b339|lab0339_s358_w2_1005_1045_r2] S358 DOCN (tier: fast): no tradeable call
  [b338|lab0338_s358_w2_1005_1045_r1] S358 GTLB (tier: fast): no tradeable call
  [b339|lab0339_s358_w2_1005_1045_r2] S358 GTLB (tier: fast): no tradeable call
  [b338|lab0338_s358_w2_1005_1045_r1] S358 FSLY (tier: fast): no tradeable call
  [b339|lab0339_s358_w2_1005_1045_r2] S358 FSLY (tier: fast): no tradeable call
  [b338|lab0338_s358_w2_1005_1045_r1] S358 BILL (tier: fast): no tradeable call
  [b339|lab0339_s358_w2_1005_1045_r2] S358 BILL (tier: fast): no tradeable call
  [b338|lab0338_s358_w2_1005_1045_r1] S358 TWLO (tier: fast): no tradeable call
  [b339|lab0339_s358_w2_1005_1045_r2] S358 TWLO (tier: fast): no tradeable call
  [b448|lab0448_s367_w2_1005_1045_r1] S367 AMD (tier: fast): no tradeable call
  [b449|lab0449_s367_w2_1005_1045_r2] S367 AMD (tier: fast): no tradeable call
  [b448|lab0448_s367_w2_1005_1045_r1] S367 COIN (tier: fast): no tradeable call
  [b449|lab0449_s367_w2_1005_1045_r2] S367 COIN (tier: fast): no tradeable call
  [b448|lab0448_s367_w2_1005_1045_r1] S367 PLTR (tier: fast): no tradeable call
  [b449|lab0449_s367_w2_1005_1045_r2] S367 PLTR (tier: fast): no tradeable call
  [b448|lab0448_s367_w2_1005_1045_r1] S367 CRWD (tier: fast): no tradeable call
  [b449|lab0449_s367_w2_1005_1045_r2] S367 CRWD (tier: fast): no tradeable call
  [b448|lab0448_s367_w2_1005_1045_r1] S367 SNOW (tier: fast): no tradeable call
  [b449|lab0449_s367_w2_1005_1045_r2] S367 SNOW (tier: fast): no tradeable call
  [b448|lab0448_s367_w2_1005_1045_r1] S367 MARA (tier: fast): no tradeable call
  [b449|lab0449_s367_w2_1005_1045_r2] S367 MARA (tier: fast): no tradeable call
  [b448|lab0448_s367_w2_1005_1045_r1] S367 MSTR (tier: fast): no tradeable call
  [b449|lab0449_s367_w2_1005_1045_r2] S367 MSTR (tier: fast): no tradeable call
  [b448|lab0448_s367_w2_1005_1045_r1] S367 ARM (tier: fast): no tradeable call
  [b449|lab0449_s367_w2_1005_1045_r2] S367 ARM (tier: fast): no tradeable call
  [b448|lab0448_s367_w2_1005_1045_r1] S367 PANW (tier: fast): no tradeable call
  [b449|lab0449_s367_w2_1005_1045_r2] S367 PANW (tier: fast): no tradeable call
  [b448|lab0448_s367_w2_1005_1045_r1] S367 HOOD (tier: fast): no tradeable call
  [b449|lab0449_s367_w2_1005_1045_r2] S367 HOOD (tier: fast): no tradeable call
  [b448|lab0448_s367_w2_1005_1045_r1] S367 DDOG (tier: fast): no tradeable call
  [b449|lab0449_s367_w2_1005_1045_r2] S367 DDOG (tier: fast): no tradeable call
  [b448|lab0448_s367_w2_1005_1045_r1] S367 AFRM (tier: fast): no tradeable call
  [b449|lab0449_s367_w2_1005_1045_r2] S367 AFRM (tier: fast): no tradeable call
  [b448|lab0448_s367_w2_1005_1045_r1] S367 CVNA (tier: fast): no tradeable call
  [b449|lab0449_s367_w2_1005_1045_r2] S367 CVNA (tier: fast): no tradeable call
  [b448|lab0448_s367_w2_1005_1045_r1] S367 UPST (tier: fast): no tradeable call
  [b449|lab0449_s367_w2_1005_1045_r2] S367 UPST (tier: fast): no tradeable call
  [b448|lab0448_s367_w2_1005_1045_r1] S367 ZS (tier: fast): no tradeable call
  [b449|lab0449_s367_w2_1005_1045_r2] S367 ZS (tier: fast): no tradeable call
  [b448|lab0448_s367_w2_1005_1045_r1] S367 NET (tier: fast): no tradeable call
  [b449|lab0449_s367_w2_1005_1045_r2] S367 NET (tier: fast): no tradeable call
  [b448|lab0448_s367_w2_1005_1045_r1] S367 MDB (tier: fast): no tradeable call
  [b449|lab0449_s367_w2_1005_1045_r2] S367 MDB (tier: fast): no tradeable call
  [b448|lab0448_s367_w2_1005_1045_r1] S367 RBLX (tier: fast): no tradeable call
  [b449|lab0449_s367_w2_1005_1045_r2] S367 RBLX (tier: fast): no tradeable call
  [b448|lab0448_s367_w2_1005_1045_r1] S367 PATH (tier: fast): no tradeable call
  [b449|lab0449_s367_w2_1005_1045_r2] S367 PATH (tier: fast): no tradeable call
  [b448|lab0448_s367_w2_1005_1045_r1] S367 DOCN (tier: fast): no tradeable call
  [b449|lab0449_s367_w2_1005_1045_r2] S367 DOCN (tier: fast): no tradeable call
  [b448|lab0448_s367_w2_1005_1045_r1] S367 GTLB (tier: fast): no tradeable call
  [b449|lab0449_s367_w2_1005_1045_r2] S367 GTLB (tier: fast): no tradeable call
  [b448|lab0448_s367_w2_1005_1045_r1] S367 BILL (tier: fast): no tradeable call
  [b449|lab0449_s367_w2_1005_1045_r2] S367 BILL (tier: fast): no tradeable call
  [b448|lab0448_s367_w2_1005_1045_r1] S367 TWLO (tier: fast): no tradeable call
  [b449|lab0449_s367_w2_1005_1045_r2] S367 TWLO (tier: fast): no tradeable call
  [b762|lab0762_s395_w2_1005_1045_r1] S395 AMD (tier: fast): no tradeable call
  [b763|lab0763_s395_w2_1005_1045_r2] S395 AMD (tier: fast): no tradeable call
  [b762|lab0762_s395_w2_1005_1045_r1] S395 COIN (tier: fast): no tradeable call
  [b763|lab0763_s395_w2_1005_1045_r2] S395 COIN (tier: fast): no tradeable call
  [b762|lab0762_s395_w2_1005_1045_r1] S395 CRWD (tier: fast): no tradeable call
  [b763|lab0763_s395_w2_1005_1045_r2] S395 CRWD (tier: fast): no tradeable call
  [b762|lab0762_s395_w2_1005_1045_r1] S395 SNOW (tier: fast): no tradeable call
  [b763|lab0763_s395_w2_1005_1045_r2] S395 SNOW (tier: fast): no tradeable call
  [b762|lab0762_s395_w2_1005_1045_r1] S395 MARA (tier: fast): no tradeable call
  [b763|lab0763_s395_w2_1005_1045_r2] S395 MARA (tier: fast): no tradeable call
  [b762|lab0762_s395_w2_1005_1045_r1] S395 MSTR (tier: fast): no tradeable call
  [b763|lab0763_s395_w2_1005_1045_r2] S395 MSTR (tier: fast): no tradeable call
  [b762|lab0762_s395_w2_1005_1045_r1] S395 ARM (tier: fast): no tradeable call
  [b763|lab0763_s395_w2_1005_1045_r2] S395 ARM (tier: fast): no tradeable call
  [b762|lab0762_s395_w2_1005_1045_r1] S395 PANW (tier: fast): no tradeable call
  [b763|lab0763_s395_w2_1005_1045_r2] S395 PANW (tier: fast): no tradeable call
  [b762|lab0762_s395_w2_1005_1045_r1] S395 HOOD (tier: fast): no tradeable call
  [b763|lab0763_s395_w2_1005_1045_r2] S395 HOOD (tier: fast): no tradeable call
  [b762|lab0762_s395_w2_1005_1045_r1] S395 DDOG (tier: fast): no tradeable call
  [b763|lab0763_s395_w2_1005_1045_r2] S395 DDOG (tier: fast): no tradeable call
  [b762|lab0762_s395_w2_1005_1045_r1] S395 TTD (tier: fast): no tradeable call
  [b763|lab0763_s395_w2_1005_1045_r2] S395 TTD (tier: fast): no tradeable call
  [b762|lab0762_s395_w2_1005_1045_r1] S395 UPST (tier: fast): no tradeable call
  [b763|lab0763_s395_w2_1005_1045_r2] S395 UPST (tier: fast): no tradeable call
  [b762|lab0762_s395_w2_1005_1045_r1] S395 ZS (tier: fast): no tradeable call
  [b763|lab0763_s395_w2_1005_1045_r2] S395 ZS (tier: fast): no tradeable call
  [b762|lab0762_s395_w2_1005_1045_r1] S395 NET (tier: fast): no tradeable call
  [b763|lab0763_s395_w2_1005_1045_r2] S395 NET (tier: fast): no tradeable call
  [b762|lab0762_s395_w2_1005_1045_r1] S395 MDB (tier: fast): no tradeable call
  [b763|lab0763_s395_w2_1005_1045_r2] S395 MDB (tier: fast): no tradeable call
  [b762|lab0762_s395_w2_1005_1045_r1] S395 CELH (tier: fast): no tradeable call
  [b763|lab0763_s395_w2_1005_1045_r2] S395 CELH (tier: fast): no tradeable call
  [b762|lab0762_s395_w2_1005_1045_r1] S395 PATH (tier: fast): no tradeable call
  [b763|lab0763_s395_w2_1005_1045_r2] S395 PATH (tier: fast): no tradeable call
  [b762|lab0762_s395_w2_1005_1045_r1] S395 DOCN (tier: fast): no tradeable call
  [b763|lab0763_s395_w2_1005_1045_r2] S395 DOCN (tier: fast): no tradeable call
  [b762|lab0762_s395_w2_1005_1045_r1] S395 GTLB (tier: fast): no tradeable call
  [b763|lab0763_s395_w2_1005_1045_r2] S395 GTLB (tier: fast): no tradeable call
  [b762|lab0762_s395_w2_1005_1045_r1] S395 FSLY (tier: fast): no tradeable call
  [b763|lab0763_s395_w2_1005_1045_r2] S395 FSLY (tier: fast): no tradeable call
  [b762|lab0762_s395_w2_1005_1045_r1] S395 BILL (tier: fast): no tradeable call
  [b763|lab0763_s395_w2_1005_1045_r2] S395 BILL (tier: fast): no tradeable call
  [b762|lab0762_s395_w2_1005_1045_r1] S395 TWLO (tier: fast): no tradeable call
  [b763|lab0763_s395_w2_1005_1045_r2] S395 TWLO (tier: fast): no tradeable call
  [b770|lab0770_s396_w2_1005_1045_r1] S396 AMD (tier: fast): no tradeable call
  [b771|lab0771_s396_w2_1005_1045_r2] S396 AMD (tier: fast): no tradeable call
  [b770|lab0770_s396_w2_1005_1045_r1] S396 COIN (tier: fast): no tradeable call
  [b771|lab0771_s396_w2_1005_1045_r2] S396 COIN (tier: fast): no tradeable call
  [b770|lab0770_s396_w2_1005_1045_r1] S396 CRWD (tier: fast): no tradeable call
  [b771|lab0771_s396_w2_1005_1045_r2] S396 CRWD (tier: fast): no tradeable call
  [b770|lab0770_s396_w2_1005_1045_r1] S396 SNOW (tier: fast): no tradeable call
  [b771|lab0771_s396_w2_1005_1045_r2] S396 SNOW (tier: fast): no tradeable call
  [b770|lab0770_s396_w2_1005_1045_r1] S396 MARA (tier: fast): no tradeable call
  [b771|lab0771_s396_w2_1005_1045_r2] S396 MARA (tier: fast): no tradeable call
  [b770|lab0770_s396_w2_1005_1045_r1] S396 MSTR (tier: fast): no tradeable call
  [b771|lab0771_s396_w2_1005_1045_r2] S396 MSTR (tier: fast): no tradeable call
  [b770|lab0770_s396_w2_1005_1045_r1] S396 ARM (tier: fast): no tradeable call
  [b771|lab0771_s396_w2_1005_1045_r2] S396 ARM (tier: fast): no tradeable call
  [b770|lab0770_s396_w2_1005_1045_r1] S396 PANW (tier: fast): no tradeable call
  [b771|lab0771_s396_w2_1005_1045_r2] S396 PANW (tier: fast): no tradeable call
  [b770|lab0770_s396_w2_1005_1045_r1] S396 HOOD (tier: fast): no tradeable call
  [b771|lab0771_s396_w2_1005_1045_r2] S396 HOOD (tier: fast): no tradeable call
  [b770|lab0770_s396_w2_1005_1045_r1] S396 DDOG (tier: fast): no tradeable call
  [b771|lab0771_s396_w2_1005_1045_r2] S396 DDOG (tier: fast): no tradeable call
  [b770|lab0770_s396_w2_1005_1045_r1] S396 TTD (tier: fast): no tradeable call
  [b771|lab0771_s396_w2_1005_1045_r2] S396 TTD (tier: fast): no tradeable call
  [b770|lab0770_s396_w2_1005_1045_r1] S396 UPST (tier: fast): no tradeable call
  [b771|lab0771_s396_w2_1005_1045_r2] S396 UPST (tier: fast): no tradeable call
  [b770|lab0770_s396_w2_1005_1045_r1] S396 ZS (tier: fast): no tradeable call
  [b771|lab0771_s396_w2_1005_1045_r2] S396 ZS (tier: fast): no tradeable call
  [b770|lab0770_s396_w2_1005_1045_r1] S396 NET (tier: fast): no tradeable call
  [b771|lab0771_s396_w2_1005_1045_r2] S396 NET (tier: fast): no tradeable call
  [b770|lab0770_s396_w2_1005_1045_r1] S396 MDB (tier: fast): no tradeable call
  [b771|lab0771_s396_w2_1005_1045_r2] S396 MDB (tier: fast): no tradeable call
  [b770|lab0770_s396_w2_1005_1045_r1] S396 CELH (tier: fast): no tradeable call
  [b771|lab0771_s396_w2_1005_1045_r2] S396 CELH (tier: fast): no tradeable call
  [b770|lab0770_s396_w2_1005_1045_r1] S396 PATH (tier: fast): no tradeable call
  [b771|lab0771_s396_w2_1005_1045_r2] S396 PATH (tier: fast): no tradeable call
  [b770|lab0770_s396_w2_1005_1045_r1] S396 DOCN (tier: fast): no tradeable call
  [b771|lab0771_s396_w2_1005_1045_r2] S396 DOCN (tier: fast): no tradeable call
  [b770|lab0770_s396_w2_1005_1045_r1] S396 GTLB (tier: fast): no tradeable call
  [b771|lab0771_s396_w2_1005_1045_r2] S396 GTLB (tier: fast): no tradeable call
  [b770|lab0770_s396_w2_1005_1045_r1] S396 FSLY (tier: fast): no tradeable call
  [b771|lab0771_s396_w2_1005_1045_r2] S396 FSLY (tier: fast): no tradeable call
  [b770|lab0770_s396_w2_1005_1045_r1] S396 BILL (tier: fast): no tradeable call
  [b771|lab0771_s396_w2_1005_1045_r2] S396 BILL (tier: fast): no tradeable call
  [b770|lab0770_s396_w2_1005_1045_r1] S396 TWLO (tier: fast): no tradeable call
  [b771|lab0771_s396_w2_1005_1045_r2] S396 TWLO (tier: fast): no tradeable call
  [b872|lab0872_s409_w2_1005_1045_r1] S409 AMD (tier: fast): no tradeable call
  [b873|lab0873_s409_w2_1005_1045_r2] S409 AMD (tier: fast): no tradeable call
  [b872|lab0872_s409_w2_1005_1045_r1] S409 COIN (tier: fast): no tradeable call
  [b873|lab0873_s409_w2_1005_1045_r2] S409 COIN (tier: fast): no tradeable call
  [b872|lab0872_s409_w2_1005_1045_r1] S409 PLTR (tier: fast): no tradeable call
  [b873|lab0873_s409_w2_1005_1045_r2] S409 PLTR (tier: fast): no tradeable call
  [b872|lab0872_s409_w2_1005_1045_r1] S409 CRWD (tier: fast): no tradeable call
  [b873|lab0873_s409_w2_1005_1045_r2] S409 CRWD (tier: fast): no tradeable call
  [b872|lab0872_s409_w2_1005_1045_r1] S409 SNOW (tier: fast): no tradeable call
  [b873|lab0873_s409_w2_1005_1045_r2] S409 SNOW (tier: fast): no tradeable call
  [b872|lab0872_s409_w2_1005_1045_r1] S409 MARA (tier: fast): no tradeable call
  [b873|lab0873_s409_w2_1005_1045_r2] S409 MARA (tier: fast): no tradeable call
  [b872|lab0872_s409_w2_1005_1045_r1] S409 MSTR (tier: fast): no tradeable call
  [b873|lab0873_s409_w2_1005_1045_r2] S409 MSTR (tier: fast): no tradeable call
  [b872|lab0872_s409_w2_1005_1045_r1] S409 ARM (tier: fast): no tradeable call
  [b873|lab0873_s409_w2_1005_1045_r2] S409 ARM (tier: fast): no tradeable call
  [b872|lab0872_s409_w2_1005_1045_r1] S409 PANW (tier: fast): no tradeable call
  [b873|lab0873_s409_w2_1005_1045_r2] S409 PANW (tier: fast): no tradeable call
  [b872|lab0872_s409_w2_1005_1045_r1] S409 HOOD (tier: fast): no tradeable call
  [b873|lab0873_s409_w2_1005_1045_r2] S409 HOOD (tier: fast): no tradeable call
  [b872|lab0872_s409_w2_1005_1045_r1] S409 DDOG (tier: fast): no tradeable call
  [b873|lab0873_s409_w2_1005_1045_r2] S409 DDOG (tier: fast): no tradeable call
  [b872|lab0872_s409_w2_1005_1045_r1] S409 AFRM (tier: fast): no tradeable call
  [b873|lab0873_s409_w2_1005_1045_r2] S409 AFRM (tier: fast): no tradeable call
  [b872|lab0872_s409_w2_1005_1045_r1] S409 CVNA (tier: fast): no tradeable call
  [b873|lab0873_s409_w2_1005_1045_r2] S409 CVNA (tier: fast): no tradeable call
  [b872|lab0872_s409_w2_1005_1045_r1] S409 UPST (tier: fast): no tradeable call
  [b873|lab0873_s409_w2_1005_1045_r2] S409 UPST (tier: fast): no tradeable call
  [b872|lab0872_s409_w2_1005_1045_r1] S409 ZS (tier: fast): no tradeable call
  [b873|lab0873_s409_w2_1005_1045_r2] S409 ZS (tier: fast): no tradeable call
  [b872|lab0872_s409_w2_1005_1045_r1] S409 NET (tier: fast): no tradeable call
  [b873|lab0873_s409_w2_1005_1045_r2] S409 NET (tier: fast): no tradeable call
  [b872|lab0872_s409_w2_1005_1045_r1] S409 MDB (tier: fast): no tradeable call
  [b873|lab0873_s409_w2_1005_1045_r2] S409 MDB (tier: fast): no tradeable call
  [b872|lab0872_s409_w2_1005_1045_r1] S409 RBLX (tier: fast): no tradeable call
  [b873|lab0873_s409_w2_1005_1045_r2] S409 RBLX (tier: fast): no tradeable call
  [b872|lab0872_s409_w2_1005_1045_r1] S409 PATH (tier: fast): no tradeable call
  [b873|lab0873_s409_w2_1005_1045_r2] S409 PATH (tier: fast): no tradeable call
  [b872|lab0872_s409_w2_1005_1045_r1] S409 DOCN (tier: fast): no tradeable call
  [b873|lab0873_s409_w2_1005_1045_r2] S409 DOCN (tier: fast): no tradeable call
  [b872|lab0872_s409_w2_1005_1045_r1] S409 GTLB (tier: fast): no tradeable call
  [b873|lab0873_s409_w2_1005_1045_r2] S409 GTLB (tier: fast): no tradeable call
  [b872|lab0872_s409_w2_1005_1045_r1] S409 BILL (tier: fast): no tradeable call
  [b873|lab0873_s409_w2_1005_1045_r2] S409 BILL (tier: fast): no tradeable call
  [b872|lab0872_s409_w2_1005_1045_r1] S409 TWLO (tier: fast): no tradeable call
  [b873|lab0873_s409_w2_1005_1045_r2] S409 TWLO (tier: fast): no tradeable call
  Skipped: 246 no tradeable call, 295 already attempted today, 124 pending order
Placed 0 new entry order(s).
  reconcile: layout changed controlled:100:c000_s173_w1_0928_1005_r1 -> controlled:1024:lab0000_s200_w1_0928_1005_r1
  reconcile: exit fill b292|S352 UBER +92.6%
  reconcile: exit fill b902|S411 TTD -53.7%
  reconcile: entry fill b27|S203 COP x1 @ 0.11
  reconcile: entry fill b26|S203 COP x1 @ 0.11
  reconcile: exit fill b27|S203 COP -9.1%
  reconcile: orphan lot b0 COP260807P00111000 x1 @ 0.11 (legacy/unattributed)

[Portfolio snapshot]
========================================================
OPTIONS TRIAL STATS
========================================================
Account equity: $145,606.16
Active buckets: 1024 of 1024 profiles ($500 virtual each) — paper unlimited mode

P&L summary
  Reflected (ex-S173,S174): $+11,845.46 all-time  |  $-683.85 today
  Raw (incl dropped):     $+10,249.91 all-time  |  $-683.85 today
  Open (not sold yet): $-2,775.97 unrealized (virtual lots)
                       $-2,725.59 unrealized (broker total)
  Premium deployed:    $8,019.50 in open positions
  Combined P&L:        $+9,069.49 (reflected realized + open virtual)

Ledger (master)
  Total events:     8962
  Today entries:    44
  Today exits (reflected): 29
  All-time exits (reflected): 1123  wins 43%
  Avg return/trade: +25.3%  median -18.4%

Open virtual lots (by bucket)
  b0 lab0000_s200_w1_0928_1005_r1  prem=$  1391  real=$ +0.00  open=$ +0.00  lots=18  [ORPHAN:AMZNx3, ORPHAN:GOOGLx1, ORPHAN:METAx2, ORPHAN:UBERx2 +14 more]
       buy: ask-0.01  sell: bid-0.01  tp=+50% sl=-50%
  b16 lab0016_s202_w1_0928_1005_r1  prem=$     0  real=$-39.00  open=$ +0.00  lots=0  [-]
       buy: ask-0.01  sell: bid-0.01  tp=+50% sl=-50%
  b17 lab0017_s202_w1_0928_1005_r2  prem=$     0  real=$-40.00  open=$ +0.00  lots=0  [-]
       buy: ask-0.01  sell: bid-0.01  tp=+50% sl=-50%
  b18 lab0018_s202_w2_1005_1045_r1  prem=$     0  real=$-29.00  open=$ +0.00  lots=0  [-]
       buy: ask-0.01  sell: bid-0.01  tp=+50% sl=-50%
  b19 lab0019_s202_w2_1005_1045_r2  prem=$     0  real=$-22.00  open=$ +0.00  lots=0  [-]
       buy: ask-0.01  sell: bid-0.01  tp=+50% sl=-50%
  b24 lab0024_s203_w1_0928_1005_r1  prem=$     0  real=$-65.00  open=$ +0.00  lots=0  [-]
       buy: ask-0.01  sell: bid-0.01  tp=+50% sl=-50%
  b26 lab0026_s203_w2_1005_1045_r1  prem=$    11  real=$-78.00  open=$ -4.00  lots=1  [S203:COPx1]
       buy: ask-0.01  sell: bid-0.01  tp=+50% sl=-50%
  b27 lab0027_s203_w2_1005_1045_r2  prem=$     0  real=$-254.00  open=$ +0.00  lots=0  [-]
       buy: ask-0.01  sell: bid-0.01  tp=+50% sl=-50%
  b28 lab0028_s203_w3_1045_1120_r1  prem=$    51  real=$-54.00  open=$ +9.27  lots=1  [S203:TTDx1]
       buy: ask-0.01  sell: bid-0.01  tp=+50% sl=-50%
  b29 lab0029_s203_w3_1045_1120_r2  prem=$    51  real=$-54.00  open=$ +9.27  lots=1  [S203:TTDx1]
       buy: ask-0.01  sell: bid-0.01  tp=+50% sl=-50%
  b30 lab0030_s203_w4_1120_1135_r1  prem=$    59  real=$-99.00  open=$+10.73  lots=1  [S203:TTDx1]
       buy: ask-0.01  sell: bid-0.01  tp=+50% sl=-50%
  b31 lab0031_s203_w4_1120_1135_r2  prem=$    59  real=$-93.00  open=$+10.73  lots=1  [S203:TTDx1]
       buy: ask-0.01  sell: bid-0.01  tp=+50% sl=-50%
  b58 lab0058_s207_w2_1005_1045_r1  prem=$     0  real=$-82.00  open=$ +0.00  lots=0  [-]
       buy: ask-0.01  sell: bid-0.01  tp=+50% sl=-50%
  b59 lab0059_s207_w2_1005_1045_r2  prem=$     0  real=$-153.00  open=$ +0.00  lots=0  [-]
       buy: ask-0.01  sell: bid-0.01  tp=+50% sl=-50%
  b60 lab0060_s207_w3_1045_1120_r1  prem=$     0  real=$-134.00  open=$ +0.00  lots=0  [-]
       buy: ask-0.01  sell: bid-0.01  tp=+50% sl=-50%
  b61 lab0061_s207_w3_1045_1120_r2  prem=$     0  real=$-158.00  open=$ +0.00  lots=0  [-]
       buy: ask-0.01  sell: bid-0.01  tp=+50% sl=-50%
  b62 lab0062_s207_w4_1120_1135_r1  prem=$     0  real=$-164.00  open=$ +0.00  lots=0  [-]
       buy: ask-0.01  sell: bid-0.01  tp=+50% sl=-50%
  b63 lab0063_s207_w4_1120_1135_r2  prem=$     0  real=$-83.00  open=$ +0.00  lots=0  [-]
       buy: ask-0.01  sell: bid-0.01  tp=+50% sl=-50%
  b72 lab0072_s209_w1_0928_1005_r1  prem=$    17  real=$ +0.00  open=$ -2.00  lots=1  [S209:UPSTx1]
       buy: ask-0.01  sell: bid-0.01  tp=+50% sl=-50%
  b73 lab0073_s209_w1_0928_1005_r2  prem=$    17  real=$ +0.00  open=$ -2.00  lots=1  [S209:UPSTx1]
       buy: ask-0.01  sell: bid-0.01  tp=+50% sl=-50%
  (258 more active bucket(s) omitted)
  (746 quiet bucket profile(s) — no trades yet)

Pending orders: 7
  b314 S355 MARA limit=0.48
  b315 S355 MARA limit=0.48
  b364 S361 MARA limit=0.22
  b365 S361 MARA limit=0.22
  b786 S398 CRWD limit=0.42

Alpaca option positions
  AAPL260814C00330000  qty=5  cost=$298.75  return=+5.4%  open P&L=$+16.25
  AMD260807C00545000  qty=2  cost=$82.00  return=-22.0%  open P&L=$-18.00
  AMD260807C00550000  qty=1  cost=$35.00  return=-25.7%  open P&L=$-9.00
  AMD260807C00552500  qty=2  cost=$54.00  return=-29.6%  open P&L=$-16.00
  AMZN260807C00292500  qty=16  cost=$861.60  return=-98.1%  open P&L=$-845.60
  AMZN260807C00295000  qty=34  cost=$1,371.33  return=-97.5%  open P&L=$-1,337.33
  AMZN260807C00297500  qty=8  cost=$271.38  return=-100.0%  open P&L=$-271.38
  AMZN260807C00302500  qty=1  cost=$13.67  return=-100.0%  open P&L=$-13.67
  COIN260807C00160000  qty=10  cost=$270.00  return=+33.3%  open P&L=$+90.00
  COIN260807C00170000  qty=2  cost=$10.00  return=+0.0%  open P&L=$+0.00
  COP260807P00111000  qty=2  cost=$22.00  return=-36.4%  open P&L=$-8.00
  DKNG260807C00023000  qty=2  cost=$84.00  return=-7.1%  open P&L=$-6.00
  DKNG260807C00024500  qty=1  cost=$39.40  return=-64.5%  open P&L=$-25.40
  GOOGL260807C00372500  qty=2  cost=$116.00  return=-6.9%  open P&L=$-8.00
  GOOGL260810C00380000  qty=2  cost=$118.00  return=-25.4%  open P&L=$-30.00
  MARA260814C00011500  qty=6  cost=$310.00  return=+0.6%  open P&L=$+2.00
  META260807C00622500  qty=2  cost=$114.00  return=-24.6%  open P&L=$-28.00
  META260807C00625000  qty=2  cost=$92.00  return=-30.4%  open P&L=$-28.00
  NKE260807C00042000  qty=10  cost=$641.00  return=-20.4%  open P&L=$-131.00
  NKE260807C00043000  qty=4  cost=$94.00  return=-36.2%  open P&L=$-34.00
  NKE260821C00044000  qty=12  cost=$756.00  return=-7.9%  open P&L=$-60.00
  NKE260828C00045000  qty=12  cost=$758.00  return=-12.9%  open P&L=$-98.00
  NKE260904C00045000  qty=4  cost=$288.00  return=-4.2%  open P&L=$-12.00
  PATH260807C00013000  qty=2  cost=$134.00  return=+3.0%  open P&L=$+4.00
  PLTR260807C00170000  qty=1  cost=$11.00  return=+18.2%  open P&L=$+2.00
  RBLX260807C00037500  qty=2  cost=$70.00  return=-20.0%  open P&L=$-14.00
  TSLA260810C00342500  qty=2  cost=$106.00  return=+7.5%  open P&L=$+8.00
  TTD260807C00020500  qty=2  cost=$134.00  return=-52.2%  open P&L=$-70.00
  TTD260807P00017000  qty=4  cost=$220.00  return=+18.2%  open P&L=$+40.00
  UBER260807C00070000  qty=4  cost=$128.92  return=+73.7%  open P&L=$+95.08
  UBER260807C00078000  qty=1  cost=$50.53  return=-98.0%  open P&L=$-49.53
  UBER260814C00072000  qty=3  cost=$127.50  return=+48.2%  open P&L=$+61.50
  UBER260814C00073000  qty=1  cost=$40.50  return=+6.2%  open P&L=$+2.50
  UBER260828C00075000  qty=4  cost=$210.00  return=+33.3%  open P&L=$+70.00
  UPST260807C00032000  qty=2  cost=$34.00  return=-11.8%  open P&L=$-4.00

Per-bucket exit stats (all time)
  b0|orphan_reconcile     n=104  avg=-9.8%  med=-60.0%  realized=$+5,399.24
  b104|c104_s164_w1_0928_1005_r4  n=  1  avg=-88.9%  med=-88.9%  realized=$-8.00
  b108|c108_s202_w3_1045_1120_r1  n=  1  avg=-33.3%  med=-33.3%  realized=$-1.00
  b108|lab0108_s212_w1_0928_1005_r1  n=  3  avg=-98.5%  med=-98.6%  realized=$-198.00
  b109|c109_s202_w3_1045_1120_r2  n=  1  avg=-66.7%  med=-66.7%  realized=$-2.00
  b109|lab0109_s212_w1_0928_1005_r2  n=  4  avg=-76.2%  med=-58.9%  realized=$-198.00
  b10|c010_s165_w3_1045_1120_r1  n=  8  avg=-37.2%  med=-18.9%  realized=$-205.00
  b110|lab0110_s212_w2_1005_1045_r1  n=  4  avg=-68.2%  med=-63.2%  realized=$-173.00
  b111|lab0111_s212_w2_1005_1045_r2  n=  4  avg=-59.4%  med=-54.4%  realized=$-151.00
  b112|lab0112_s212_w3_1045_1120_r1  n=  5  avg=-62.0%  med=-68.1%  realized=$-158.00
  b113|lab0113_s212_w3_1045_1120_r2  n=  9  avg=-74.4%  med=-74.5%  realized=$-364.00
  b114|lab0114_s212_w4_1120_1135_r1  n=  7  avg=-71.6%  med=-73.5%  realized=$-254.00
  b115|lab0115_s212_w4_1120_1135_r2  n=  4  avg=-73.2%  med=-54.1%  realized=$-150.00
  b132|c132_s164_w1_0928_1005_r5  n=  2  avg=-65.7%  med=-53.6%  realized=$-37.00
  b135|c135_s164_w4_1120_1135_r5  n=  1  avg=-50.0%  med=-50.0%  realized=$-4.00
  b164|lab0164_s216_w1_0928_1005_r1  n=  2  avg=-44.3%  med=-37.0%  realized=$-48.00
  b165|lab0165_s216_w1_0928_1005_r2  n=  2  avg=-44.3%  med=-37.0%  realized=$-48.00
  b166|lab0166_s216_w2_1005_1045_r1  n=  3  avg=-63.9%  med=-63.4%  realized=$-103.00
  b167|lab0167_s216_w2_1005_1045_r2  n=  4  avg=-82.1%  med=-80.5%  realized=$-153.00
  b168|lab0168_s216_w3_1045_1120_r1  n=  1  avg=-89.6%  med=-89.6%  realized=$-43.00
  b169|lab0169_s216_w3_1045_1120_r2  n=  3  avg=-54.9%  med=-56.2%  realized=$-77.00
  b16|lab0016_s202_w1_0928_1005_r1  n=  1  avg=-63.9%  med=-63.9%  realized=$-39.00
  b178|lab0178_s217_w1_0928_1005_r1  n=  1  avg=+66.0%  med=+66.0%  realized=$+31.00
  b179|lab0179_s217_w1_0928_1005_r2  n=  1  avg=+51.1%  med=+51.1%  realized=$+24.00
  b17|lab0017_s202_w1_0928_1005_r2  n=  1  avg=-65.6%  med=-65.6%  realized=$-40.00
  b180|lab0180_s217_w2_1005_1045_r1  n=  8  avg=+175.7%  med=+135.3%  realized=$+371.00
  b181|lab0181_s217_w2_1005_1045_r2  n=  8  avg=+185.3%  med=+73.3%  realized=$+355.00
  b182|lab0182_s217_w3_1045_1120_r1  n=  2  avg=-43.8%  med=-43.8%  realized=$-28.00
  b183|lab0183_s217_w3_1045_1120_r2  n=  3  avg=-64.2%  med=-68.8%  realized=$-66.00
  b185|lab0185_s217_w4_1120_1135_r2  n=  1  avg=-55.6%  med=-55.6%  realized=$-25.00
  b18|lab0018_s202_w2_1005_1045_r1  n=  1  avg=-74.4%  med=-74.4%  realized=$-29.00
  b192|lab0192_s218_w1_0928_1005_r1  n=  2  avg=+50.0%  med=+50.0%  realized=$+66.00
  b193|lab0193_s218_w1_0928_1005_r2  n=  3  avg=+40.9%  med=+36.4%  realized=$+78.00
  b194|lab0194_s218_w2_1005_1045_r1  n= 10  avg=+5.4%  med=+22.2%  realized=$-71.00
  b195|lab0195_s218_w2_1005_1045_r2  n= 10  avg=+23.1%  med=+58.8%  realized=$+37.00
  b196|lab0196_s218_w3_1045_1120_r1  n=  4  avg=+319.3%  med=+403.1%  realized=$+283.00
  b197|lab0197_s218_w3_1045_1120_r2  n=  3  avg=+368.0%  med=+318.8%  realized=$+253.00
  b198|lab0198_s218_w4_1120_1135_r1  n=  1  avg=+71.9%  med=+71.9%  realized=$+41.00
  b199|lab0199_s218_w4_1120_1135_r2  n=  1  avg=+75.4%  med=+75.4%  realized=$+43.00
  b19|lab0019_s202_w2_1005_1045_r2  n=  1  avg=-56.4%  med=-56.4%  realized=$-22.00
  b20|c020_s164_w1_0928_1005_r1  n=  1  avg=-88.9%  med=-88.9%  realized=$-8.00
  b222|lab0222_s400_w2_1005_1045_r1  n=  1  avg=-50.0%  med=-50.0%  realized=$-4.00
  b223|lab0223_s400_w2_1005_1045_r2  n=  1  avg=-50.0%  med=-50.0%  realized=$-4.00
  b224|lab0224_s400_w3_1045_1120_r1  n=  1  avg=-66.7%  med=-66.7%  realized=$-10.00
  b225|lab0225_s400_w3_1045_1120_r2  n=  1  avg=-66.7%  med=-66.7%  realized=$-10.00
  b227|lab0227_s400_w4_1120_1135_r2  n=  1  avg=-22.2%  med=-22.2%  realized=$-2.00
  b234|lab0234_s401_w1_0928_1005_r1  n=  4  avg=-6.9%  med=+8.3%  realized=$-12.00
  b235|lab0235_s401_w1_0928_1005_r2  n=  6  avg=+69.3%  med=+80.6%  realized=$+229.00
  b236|c236_s218_w3_1045_1120_r1  n=  1  avg=-33.3%  med=-33.3%  realized=$-1.00
  b236|lab0236_s401_w2_1005_1045_r1  n=  2  avg=-96.2%  med=-96.2%  realized=$-102.00
  b237|c237_s218_w3_1045_1120_r2  n=  1  avg=-66.7%  med=-66.7%  realized=$-2.00
  b237|lab0237_s401_w2_1005_1045_r2  n=  2  avg=-96.2%  med=-96.2%  realized=$-102.00
  b238|lab0238_s401_w3_1045_1120_r1  n=  6  avg=+295.8%  med=+273.1%  realized=$+602.00
  b239|lab0239_s401_w3_1045_1120_r2  n=  5  avg=+20.3%  med=-6.7%  realized=$+9.00
  b240|lab0240_s401_w4_1120_1135_r1  n=  5  avg=+20.2%  med=+21.1%  realized=$+29.00
  b241|lab0241_s401_w4_1120_1135_r2  n=  4  avg=+26.1%  med=+31.6%  realized=$+31.00
  b24|lab0024_s203_w1_0928_1005_r1  n=  2  avg=-75.6%  med=-74.4%  realized=$-65.00
  b262|lab0262_s403_w1_0928_1005_r1  n=  1  avg=+65.4%  med=+65.4%  realized=$+34.00
  b263|lab0263_s403_w1_0928_1005_r2  n=  1  avg=+50.0%  med=+50.0%  realized=$+26.00
  b264|lab0264_s403_w2_1005_1045_r1  n=  1  avg=-66.1%  med=-66.1%  realized=$-39.00
  b265|lab0265_s403_w2_1005_1045_r2  n=  1  avg=-52.5%  med=-52.5%  realized=$-31.00
  b266|lab0266_s403_w3_1045_1120_r1  n=  1  avg=-85.9%  med=-85.9%  realized=$-61.00
  b267|lab0267_s403_w3_1045_1120_r2  n=  1  avg=-77.5%  med=-77.5%  realized=$-55.00
  b268|lab0268_s403_w4_1120_1135_r1  n=  2  avg=+320.0%  med=+320.0%  realized=$+160.00
  b269|lab0269_s403_w4_1120_1135_r2  n=  4  avg=+158.4%  med=+316.0%  realized=$+182.00
  b26|lab0026_s203_w2_1005_1045_r1  n=  3  avg=-54.5%  med=-54.0%  realized=$-78.00
  b276|lab0276_s350_w1_0928_1005_r1  n=  6  avg=+84.1%  med=+102.9%  realized=$+218.00
  b277|lab0277_s350_w1_0928_1005_r2  n=  4  avg=+154.0%  med=+260.0%  realized=$+258.00
  b278|lab0278_s350_w2_1005_1045_r1  n=  8  avg=+23.2%  med=+15.0%  realized=$+27.00
  b279|lab0279_s350_w2_1005_1045_r2  n=  8  avg=+66.8%  med=+94.1%  realized=$+137.00
  b27|lab0027_s203_w2_1005_1045_r2  n=  9  avg=-59.9%  med=-56.2%  realized=$-254.00
  b280|lab0280_s351_w1_0928_1005_r1  n=  5  avg=+104.3%  med=+171.9%  realized=$+164.00
  b281|lab0281_s351_w1_0928_1005_r2  n=  4  avg=+209.5%  med=+346.9%  realized=$+310.00
  b282|lab0282_s351_w2_1005_1045_r1  n=  6  avg=-51.8%  med=-62.5%  realized=$-127.00
  b283|lab0283_s351_w2_1005_1045_r2  n=  7  avg=-42.2%  med=-52.9%  realized=$-114.00
  b285|lab0285_s351_w3_1045_1120_r2  n=  1  avg=-33.3%  med=-33.3%  realized=$-1.00
  b286|lab0286_s351_w4_1120_1135_r1  n=  2  avg=-94.9%  med=-94.9%  realized=$-74.00
  b287|lab0287_s351_w4_1120_1135_r2  n=  5  avg=-50.4%  med=-40.0%  realized=$-79.00
  b288|lab0288_s352_w1_0928_1005_r1  n=  2  avg=+76.2%  med=+100.0%  realized=$+54.00
  b289|lab0289_s352_w1_0928_1005_r2  n=  2  avg=+70.7%  med=+93.8%  realized=$+50.00
  b28|c028_s165_w1_0928_1005_r2  n= 17  avg=+49.5%  med=+80.0%  realized=$+448.00
  b28|c028_s173_w1_0928_1005_r2  n=  5  avg=+51.6%  med=+80.0%  realized=$+142.00
  b28|lab0028_s203_w3_1045_1120_r1  n=  2  avg=-50.9%  med=-49.0%  realized=$-54.00
  b290|lab0290_s352_w2_1005_1045_r1  n=  2  avg=+73.6%  med=+108.3%  realized=$+40.00
  b291|lab0291_s352_w2_1005_1045_r2  n=  5  avg=+70.9%  med=-51.9%  realized=$+90.00
  b292|lab0292_s352_w3_1045_1120_r1  n=  1  avg=+92.6%  med=+92.6%  realized=$+25.00
  b293|lab0293_s352_w3_1045_1120_r2  n=  2  avg=+113.5%  med=+137.0%  realized=$+55.00
  b296|lab0296_s353_w1_0928_1005_r1  n=  2  avg=+123.7%  med=+123.7%  realized=$+94.00
  b297|lab0297_s353_w1_0928_1005_r2  n=  2  avg=+79.0%  med=+79.0%  realized=$+60.00
  b298|lab0298_s353_w2_1005_1045_r1  n=  6  avg=-56.2%  med=-50.8%  realized=$-174.00
  b299|lab0299_s353_w2_1005_1045_r2  n=  3  avg=-75.9%  med=-76.3%  realized=$-86.00
  b29|c029_s165_w2_1005_1045_r2  n=  9  avg=-23.3%  med=-50.0%  realized=$-221.00
  b29|c029_s173_w2_1005_1045_r2  n=  2  avg=-69.3%  med=-48.5%  realized=$-78.00
  b29|lab0029_s203_w3_1045_1120_r2  n=  2  avg=-50.9%  med=-49.0%  realized=$-54.00
  b300|lab0300_s353_w3_1045_1120_r1  n=  1  avg=-94.1%  med=-94.1%  realized=$-48.00
  b302|lab0302_s353_w4_1120_1135_r1  n=  1  avg=+96.5%  med=+96.5%  realized=$+28.00
  b303|lab0303_s353_w4_1120_1135_r2  n=  1  avg=+93.1%  med=+93.1%  realized=$+27.00
  b304|lab0304_s354_w1_0928_1005_r1  n=  1  avg=+93.6%  med=+93.6%  realized=$+44.00
  b305|lab0305_s354_w1_0928_1005_r2  n=  1  avg=+100.0%  med=+100.0%  realized=$+47.00
  b306|lab0306_s354_w2_1005_1045_r1  n=  4  avg=+32.2%  med=+133.3%  realized=$+52.00
  b307|lab0307_s354_w2_1005_1045_r2  n=  5  avg=+14.2%  med=-64.4%  realized=$+26.00
  b308|lab0308_s354_w3_1045_1120_r1  n=  3  avg=+102.3%  med=+136.9%  realized=$+162.00
  b309|lab0309_s354_w3_1045_1120_r2  n=  3  avg=+75.3%  med=+103.1%  realized=$+117.00
  b30|c030_s165_w3_1045_1120_r2  n=  9  avg=+38.8%  med=+0.0%  realized=$+260.00
  b30|c030_s173_w3_1045_1120_r2  n=  2  avg=-9.5%  med=+0.0%  realized=$-14.00
  b30|lab0030_s203_w4_1120_1135_r1  n=  3  avg=-61.1%  med=-66.1%  realized=$-99.00
  b310|lab0310_s354_w4_1120_1135_r1  n=  3  avg=+56.5%  med=+116.7%  realized=$+122.00
  b311|lab0311_s354_w4_1120_1135_r2  n=  2  avg=+209.1%  med=+290.5%  realized=$+214.00
  b312|lab0312_s355_w1_0928_1005_r1  n=  2  avg=+19.0%  med=+91.5%  realized=$+20.00
  b313|lab0313_s355_w1_0928_1005_r2  n=  2  avg=+18.1%  med=+85.1%  realized=$+19.00
  b314|lab0314_s355_w2_1005_1045_r1  n=  5  avg=+15.0%  med=-63.4%  realized=$+35.00
  b315|lab0315_s355_w2_1005_1045_r2  n=  5  avg=+8.2%  med=-37.1%  realized=$+26.00
  b316|lab0316_s355_w3_1045_1120_r1  n=  1  avg=+193.8%  med=+193.8%  realized=$+93.00
  b317|lab0317_s355_w3_1045_1120_r2  n=  2  avg=+115.5%  med=+187.5%  realized=$+110.00
  b318|lab0318_s355_w4_1120_1135_r1  n=  1  avg=+292.9%  med=+292.9%  realized=$+123.00
  b319|lab0319_s355_w4_1120_1135_r2  n=  1  avg=+328.6%  med=+328.6%  realized=$+138.00
  b31|c031_s165_w4_1120_1135_r2  n=  2  avg=+145.5%  med=+175.8%  realized=$+192.00
  b31|lab0031_s203_w4_1120_1135_r2  n=  3  avg=-57.3%  med=-62.7%  realized=$-93.00
  b320|lab0320_s356_w1_0928_1005_r1  n=  2  avg=+37.9%  med=+37.9%  realized=$+44.00
  b321|lab0321_s356_w1_0928_1005_r2  n=  2  avg=+58.6%  med=+58.6%  realized=$+68.00
  b328|lab0328_s357_w1_0928_1005_r1  n=  2  avg=+47.1%  med=+47.1%  realized=$+64.00
  b329|lab0329_s357_w1_0928_1005_r2  n=  2  avg=+47.1%  med=+47.1%  realized=$+64.00
  b332|lab0332_s357_w3_1045_1120_r1  n=  2  avg=+66.7%  med=+73.7%  realized=$+79.00
  b333|lab0333_s357_w3_1045_1120_r2  n=  3  avg=+67.3%  med=+71.9%  realized=$+118.00
  b344|lab0344_s359_w1_0928_1005_r1  n=  2  avg=+37.2%  med=+142.9%  realized=$-19.00
  b345|lab0345_s359_w1_0928_1005_r2  n=  2  avg=+82.7%  med=+228.6%  realized=$-4.00
  b346|lab0346_s359_w2_1005_1045_r1  n=  8  avg=-41.8%  med=-46.7%  realized=$-115.00
  b347|lab0347_s359_w2_1005_1045_r2  n=  8  avg=-41.1%  med=-44.4%  realized=$-112.00
  b348|lab0348_s360_w1_0928_1005_r1  n=  1  avg=-82.2%  med=-82.2%  realized=$-37.00
  b349|lab0349_s360_w1_0928_1005_r2  n=  1  avg=-77.8%  med=-77.8%  realized=$-35.00
  b350|lab0350_s360_w2_1005_1045_r1  n=  8  avg=-38.3%  med=-44.4%  realized=$-105.00
  b351|lab0351_s360_w2_1005_1045_r2  n=  8  avg=-50.2%  med=-56.4%  realized=$-142.00
  b352|lab0352_s360_w3_1045_1120_r1  n=  2  avg=-65.8%  med=-50.0%  realized=$-37.00
  b353|lab0353_s360_w3_1045_1120_r2  n=  3  avg=-64.9%  med=-60.5%  realized=$-61.00
  b354|lab0354_s360_w4_1120_1135_r1  n=  2  avg=-33.3%  med=-33.3%  realized=$-12.00
  b355|lab0355_s360_w4_1120_1135_r2  n=  3  avg=-34.9%  med=-54.8%  realized=$-32.00
  b364|lab0364_s361_w2_1005_1045_r1  n=  7  avg=-3.6%  med=-66.7%  realized=$-22.00
  b365|lab0365_s361_w2_1005_1045_r2  n= 10  avg=+97.3%  med=+82.8%  realized=$+201.00
  b367|lab0367_s361_w3_1045_1120_r2  n=  4  avg=+9.9%  med=-8.3%  realized=$-2.00
  b376|lab0376_s362_w1_0928_1005_r1  n=  3  avg=+43.9%  med=+8.7%  realized=$+52.00
  b377|lab0377_s362_w1_0928_1005_r2  n=  3  avg=+49.6%  med=+13.0%  realized=$+61.00
  b378|lab0378_s362_w2_1005_1045_r1  n=  3  avg=+52.7%  med=+52.6%  realized=$+59.00
  b379|lab0379_s362_w2_1005_1045_r2  n=  7  avg=+41.8%  med=+38.2%  realized=$+123.00
  b380|lab0380_s362_w3_1045_1120_r1  n=  4  avg=+63.0%  med=+103.3%  realized=$+164.00
  b381|lab0381_s362_w3_1045_1120_r2  n=  4  avg=+67.4%  med=+108.3%  realized=$+174.00
  b382|lab0382_s362_w4_1120_1135_r1  n=  1  avg=+1125.8%  med=+1125.8%  realized=$+349.00
  b383|lab0383_s362_w4_1120_1135_r2  n=  1  avg=+1222.6%  med=+1222.6%  realized=$+379.00
  b390|lab0390_s363_w1_0928_1005_r1  n=  1  avg=+106.5%  med=+106.5%  realized=$+33.00
  b391|lab0391_s363_w1_0928_1005_r2  n=  1  avg=+103.2%  med=+103.2%  realized=$+32.00
  b392|lab0392_s363_w2_1005_1045_r1  n=  3  avg=+27.8%  med=+9.5%  realized=$+26.00
  b393|lab0393_s363_w2_1005_1045_r2  n=  3  avg=+25.0%  med=+7.1%  realized=$+23.00
  b397|lab0397_s363_w4_1120_1135_r2  n=  2  avg=+52.9%  med=+52.9%  realized=$+36.00
  b405|lab0405_s364_w1_0928_1005_r2  n=  1  avg=+50.0%  med=+50.0%  realized=$+25.00
  b406|lab0406_s364_w2_1005_1045_r1  n=  4  avg=+42.8%  med=+77.8%  realized=$+77.00
  b407|lab0407_s364_w2_1005_1045_r2  n=  4  avg=+36.3%  med=+69.6%  realized=$+62.00
  b408|lab0408_s364_w3_1045_1120_r1  n=  2  avg=+66.7%  med=+66.7%  realized=$+44.00
  b409|lab0409_s364_w3_1045_1120_r2  n=  3  avg=+61.6%  med=+63.6%  realized=$+61.00
  b410|lab0410_s364_w4_1120_1135_r1  n=  2  avg=+233.3%  med=+233.3%  realized=$+168.00
  b411|lab0411_s364_w4_1120_1135_r2  n=  2  avg=+188.9%  med=+188.9%  realized=$+136.00
  b425|lab0425_s365_w4_1120_1135_r2  n=  1  avg=+54.8%  med=+54.8%  realized=$+34.00
  b48|c048_s164_w1_0928_1005_r2  n=  5  avg=-33.1%  med=-49.1%  realized=$-91.00
  b48|c048_s165_w1_0928_1005_r3  n= 16  avg=-35.9%  med=-49.1%  realized=$-344.00
  b49|c049_s164_w2_1005_1045_r2  n=  4  avg=-51.8%  med=-44.0%  realized=$-133.00
  b49|c049_s165_w2_1005_1045_r3  n= 15  avg=-49.3%  med=-49.1%  realized=$-458.00
  b50|c050_s164_w3_1045_1120_r2  n=  4  avg=-39.6%  med=-16.7%  realized=$-115.00
  b50|c050_s165_w3_1045_1120_r3  n=  9  avg=-23.6%  med=-23.1%  realized=$-142.00
  b51|c051_s165_w4_1120_1135_r3  n=  1  avg=+263.6%  med=+263.6%  realized=$+174.00
  b56|g056_lim_tp20_sl65  n=  1  avg=+47.7%  med=+47.7%  realized=$+20.52
  b57|g057_mid_tp20_sl65  n=  1  avg=+47.7%  med=+47.7%  realized=$+20.52
  b58|g058_eod_tp20_sl65  n=  1  avg=+59.1%  med=+59.1%  realized=$+25.41
  b58|lab0058_s207_w2_1005_1045_r1  n=  6  avg=-21.5%  med=-32.0%  realized=$-82.00
  b59|lab0059_s207_w2_1005_1045_r2  n=  5  avg=-48.7%  med=-49.1%  realized=$-153.00
  b60|lab0060_s207_w3_1045_1120_r1  n=  6  avg=-39.6%  med=-36.4%  realized=$-134.00
  b61|lab0061_s207_w3_1045_1120_r2  n=  8  avg=-38.0%  med=-47.7%  realized=$-158.00
  b62|lab0062_s207_w4_1120_1135_r1  n=  6  avg=-45.5%  med=-54.3%  realized=$-164.00
  b63|lab0063_s207_w4_1120_1135_r2  n=  4  avg=-32.9%  med=-45.8%  realized=$-83.00
  b68|c068_s165_w1_0928_1005_r4  n= 16  avg=-51.3%  med=-49.1%  realized=$-446.00
  b68|c068_s166_w1_0928_1005_r3  n=  4  avg=-52.7%  med=-49.1%  realized=$-116.00
  b69|c069_s165_w2_1005_1045_r4  n= 11  avg=+19.0%  med=-43.6%  realized=$-179.00
  b69|c069_s166_w2_1005_1045_r3  n=  4  avg=+10.1%  med=-40.0%  realized=$-87.00
  b70|c070_s165_w3_1045_1120_r4  n= 11  avg=-2.1%  med=-16.9%  realized=$-6.00
  b70|c070_s166_w3_1045_1120_r3  n=  4  avg=-42.5%  med=-27.0%  realized=$-124.00
  b70|g070_eod_tp30_sl20  n=  1  avg=+59.1%  med=+59.1%  realized=$+27.77
  b76|c076_s164_w1_0928_1005_r3  n=  1  avg=-50.0%  med=-50.0%  realized=$-2.00
  b776|lab0776_s397_w1_0928_1005_r1  n=  1  avg=+40.4%  med=+40.4%  realized=$+23.00
  b777|lab0777_s397_w1_0928_1005_r2  n=  1  avg=+38.6%  med=+38.6%  realized=$+22.00
  b778|lab0778_s397_w2_1005_1045_r1  n=  2  avg=+62.2%  med=+73.0%  realized=$+83.00
  b779|lab0779_s397_w2_1005_1045_r2  n=  2  avg=+52.8%  med=+61.9%  realized=$+70.00
  b780|lab0780_s397_w3_1045_1120_r1  n=  1  avg=+114.8%  med=+114.8%  realized=$+70.00
  b781|lab0781_s397_w3_1045_1120_r2  n=  2  avg=+12.4%  med=+116.4%  realized=$+27.00
  b783|lab0783_s397_w4_1120_1135_r2  n=  1  avg=+151.6%  med=+151.6%  realized=$+94.00
  b784|lab0784_s398_w1_0928_1005_r1  n=  1  avg=+49.0%  med=+49.0%  realized=$+24.00
  b785|lab0785_s398_w1_0928_1005_r2  n=  1  avg=+49.0%  med=+49.0%  realized=$+24.00
  b786|lab0786_s398_w2_1005_1045_r1  n=  6  avg=-2.7%  med=+3.3%  realized=$+3.00
  b787|lab0787_s398_w2_1005_1045_r2  n=  2  avg=+69.9%  med=+78.6%  realized=$+82.00
  b788|lab0788_s398_w3_1045_1120_r1  n=  5  avg=+32.0%  med=-18.4%  realized=$+80.00
  b789|lab0789_s398_w3_1045_1120_r2  n=  3  avg=+55.2%  med=+65.7%  realized=$+95.00
  b790|lab0790_s398_w4_1120_1135_r1  n=  3  avg=+177.2%  med=+140.3%  realized=$+255.00
  b791|lab0791_s398_w4_1120_1135_r2  n=  3  avg=+150.8%  med=+155.6%  realized=$+242.00
  b792|lab0792_s399_w1_0928_1005_r1  n=  2  avg=+145.0%  med=+150.0%  realized=$+71.00
  b793|lab0793_s399_w1_0928_1005_r2  n=  8  avg=+37.9%  med=+100.0%  realized=$+85.00
  b794|lab0794_s399_w2_1005_1045_r1  n=  5  avg=-5.3%  med=-17.2%  realized=$-30.00
  b795|lab0795_s399_w2_1005_1045_r2  n=  5  avg=+1.6%  med=-46.1%  realized=$+0.00
  b797|lab0797_s399_w3_1045_1120_r2  n=  5  avg=-64.6%  med=-66.7%  realized=$-121.00
  b798|lab0798_s399_w4_1120_1135_r1  n=  2  avg=+134.0%  med=+134.0%  realized=$+134.00
  b799|lab0799_s399_w4_1120_1135_r2  n=  2  avg=+149.2%  med=+186.5%  realized=$+125.00
  b800|lab0800_s404_w1_0928_1005_r1  n=  1  avg=+38.6%  med=+38.6%  realized=$+22.00
  b801|lab0801_s404_w1_0928_1005_r2  n=  1  avg=+31.6%  med=+31.6%  realized=$+18.00
  b802|lab0802_s404_w2_1005_1045_r1  n=  3  avg=+2.6%  med=+45.1%  realized=$+17.00
  b803|lab0803_s404_w2_1005_1045_r2  n=  2  avg=+48.5%  med=+50.8%  realized=$+64.00
  b804|lab0804_s404_w3_1045_1120_r1  n=  2  avg=+7.4%  med=+106.6%  realized=$+21.00
  b805|lab0805_s404_w3_1045_1120_r2  n=  2  avg=-2.4%  med=+86.9%  realized=$+9.00
  b806|lab0806_s404_w4_1120_1135_r1  n=  1  avg=+145.2%  med=+145.2%  realized=$+90.00
  b807|lab0807_s404_w4_1120_1135_r2  n=  1  avg=+124.2%  med=+124.2%  realized=$+77.00
  b80|lab0080_s210_w1_0928_1005_r1  n=  4  avg=+7.0%  med=-8.5%  realized=$+3.00
  b814|lab0814_s405_w1_0928_1005_r1  n=  1  avg=+53.1%  med=+53.1%  realized=$+26.00
  b815|lab0815_s405_w1_0928_1005_r2  n=  1  avg=+46.9%  med=+46.9%  realized=$+23.00
  b816|lab0816_s405_w2_1005_1045_r1  n=  2  avg=+61.4%  med=+69.6%  realized=$+72.00
  b817|lab0817_s405_w2_1005_1045_r2  n=  9  avg=-20.2%  med=-40.0%  realized=$-80.00
  b818|lab0818_s405_w3_1045_1120_r1  n=  3  avg=+46.7%  med=+55.7%  realized=$+81.00
  b819|lab0819_s405_w3_1045_1120_r2  n=  4  avg=+21.7%  med=+42.9%  realized=$+37.00
  b81|lab0081_s210_w1_0928_1005_r2  n=  3  avg=+14.8%  med=-6.4%  realized=$+10.00
  b820|lab0820_s405_w4_1120_1135_r1  n=  3  avg=+105.6%  med=+106.9%  realized=$+171.00
  b821|lab0821_s405_w4_1120_1135_r2  n=  5  avg=+46.2%  med=+3.5%  realized=$+92.00
  b828|lab0828_s406_w1_0928_1005_r1  n=  2  avg=+11.3%  med=+72.5%  realized=$+22.00
  b829|lab0829_s406_w1_0928_1005_r2  n=  2  avg=+9.3%  med=+68.6%  realized=$+20.00
  b82|lab0082_s210_w2_1005_1045_r1  n=  4  avg=-58.3%  med=-48.8%  realized=$-91.00
  b830|lab0830_s406_w2_1005_1045_r1  n=  7  avg=+37.9%  med=+61.3%  realized=$+38.00
  b831|lab0831_s406_w2_1005_1045_r2  n=  8  avg=+35.6%  med=+82.8%  realized=$+20.00
  b832|lab0832_s406_w3_1045_1120_r1  n=  6  avg=+351.8%  med=+126.9%  realized=$+863.00
  b833|lab0833_s406_w3_1045_1120_r2  n=  8  avg=+343.2%  med=+73.1%  realized=$+836.00
  b834|lab0834_s406_w4_1120_1135_r1  n=  2  avg=+53.8%  med=+63.6%  realized=$+25.00
  b835|lab0835_s406_w4_1120_1135_r2  n=  2  avg=-53.0%  med=-50.0%  realized=$-25.00
  b83|lab0083_s210_w2_1005_1045_r2  n=  4  avg=+28.5%  med=+50.0%  realized=$+34.00
  b842|lab0842_s407_w1_0928_1005_r1  n=  1  avg=+140.0%  med=+140.0%  realized=$+28.00
  b843|lab0843_s407_w1_0928_1005_r2  n=  1  avg=+125.0%  med=+125.0%  realized=$+25.00
  b844|lab0844_s407_w2_1005_1045_r1  n=  7  avg=+101.2%  med=-51.4%  realized=$+84.00
  b845|lab0845_s407_w2_1005_1045_r2  n=  6  avg=+104.2%  med=+38.8%  realized=$+101.00
  b848|lab0848_s407_w4_1120_1135_r1  n=  2  avg=-95.9%  med=-95.9%  realized=$-94.00
  b849|lab0849_s407_w4_1120_1135_r2  n=  5  avg=+104.6%  med=+229.2%  realized=$+115.00
  b84|lab0084_s210_w3_1045_1120_r1  n=  4  avg=+30.9%  med=+16.7%  realized=$+34.00
  b857|lab0857_s408_w1_0928_1005_r2  n=  1  avg=+52.6%  med=+52.6%  realized=$+10.00
  b858|lab0858_s408_w2_1005_1045_r1  n=  2  avg=-19.8%  med=+41.9%  realized=$-9.00
  b859|lab0859_s408_w2_1005_1045_r2  n=  2  avg=+1.1%  med=+45.2%  realized=$+8.00
  b85|lab0085_s210_w3_1045_1120_r2  n=  5  avg=+13.7%  med=+13.9%  realized=$+12.00
  b860|lab0860_s408_w3_1045_1120_r1  n=  5  avg=+695.8%  med=+954.5%  realized=$+621.00
  b861|lab0861_s408_w3_1045_1120_r2  n=  8  avg=+280.7%  med=+100.0%  realized=$+392.00
  b862|lab0862_s408_w4_1120_1135_r1  n=  1  avg=-50.0%  med=-50.0%  realized=$-8.00
  b863|lab0863_s408_w4_1120_1135_r2  n=  5  avg=-12.5%  med=-6.2%  realized=$-10.00
  b86|lab0086_s210_w4_1120_1135_r1  n=  4  avg=+23.7%  med=+16.7%  realized=$+31.00
  b87|lab0087_s210_w4_1120_1135_r2  n=  4  avg=+26.6%  med=+19.4%  realized=$+35.00
  b88|c088_s165_w1_0928_1005_r5  n= 21  avg=-5.0%  med=-2.7%  realized=$-63.00
  b88|c088_s167_w1_0928_1005_r4  n=  4  avg=-12.7%  med=+30.9%  realized=$-28.00
  b898|lab0898_s411_w1_0928_1005_r1  n=  1  avg=-51.4%  med=-51.4%  realized=$-37.00
  b899|lab0899_s411_w1_0928_1005_r2  n=  1  avg=-48.6%  med=-48.6%  realized=$-35.00
  b89|c089_s165_w2_1005_1045_r5  n=  7  avg=+113.1%  med=+30.9%  realized=$+67.00
  b89|c089_s167_w2_1005_1045_r4  n=  2  avg=-16.2%  med=+30.9%  realized=$-22.00
  b8|c008_s165_w1_0928_1005_r1  n= 23  avg=-19.6%  med=-35.3%  realized=$-250.00
  b900|lab0900_s411_w2_1005_1045_r1  n=  2  avg=+37.4%  med=+45.0%  realized=$+47.00
  b901|lab0901_s411_w2_1005_1045_r2  n=  3  avg=+32.8%  med=+36.1%  realized=$+61.00
  b902|lab0902_s411_w3_1045_1120_r1  n=  5  avg=+7.5%  med=+13.4%  realized=$+13.00
  b903|lab0903_s411_w3_1045_1120_r2  n=  5  avg=+6.1%  med=+10.4%  realized=$+9.00
  b905|lab0905_s411_w4_1120_1135_r2  n=  1  avg=+13.1%  med=+13.1%  realized=$+8.00
  b90|c090_s165_w3_1045_1120_r5  n= 13  avg=+7.7%  med=+0.0%  realized=$+47.00
  b90|c090_s167_w3_1045_1120_r4  n=  4  avg=-41.6%  med=-18.9%  realized=$-123.00
  b914|lab0914_s412_w2_1005_1045_r1  n=  4  avg=+75.2%  med=+68.2%  realized=$+124.00
  b915|lab0915_s412_w2_1005_1045_r2  n=  3  avg=+54.2%  med=+43.2%  realized=$+64.00
  b916|lab0916_s412_w3_1045_1120_r1  n=  8  avg=+21.1%  med=-10.7%  realized=$+15.00
  b917|lab0917_s412_w3_1045_1120_r2  n=  1  avg=-51.8%  med=-51.8%  realized=$-29.00
  b919|lab0919_s412_w4_1120_1135_r2  n=  1  avg=+37.5%  med=+37.5%  realized=$+12.00
  b91|c091_s165_w4_1120_1135_r5  n=  2  avg=+222.0%  med=+247.0%  realized=$+293.00
  b94|lab0094_s211_w1_0928_1005_r1  n=  3  avg=-21.0%  med=-5.7%  realized=$-39.00
  b95|lab0095_s211_w1_0928_1005_r2  n=  3  avg=-30.5%  med=-17.1%  realized=$-51.00
  b96|lab0096_s211_w2_1005_1045_r1  n=  2  avg=-34.8%  med=-31.6%  realized=$-28.00
  b97|lab0097_s211_w2_1005_1045_r2  n=  4  avg=-42.0%  med=-16.7%  realized=$-77.00
  b98|lab0098_s211_w3_1045_1120_r1  n=  3  avg=-45.9%  med=-44.4%  realized=$-51.00
  b99|lab0099_s211_w3_1045_1120_r2  n=  4  avg=+102.6%  med=+125.0%  realized=$+160.00
  b9|c009_s165_w2_1005_1045_r1  n=  7  avg=-74.4%  med=-66.2%  realized=$-301.00
========================================================
+========================================================================+
|  OPTIONS BOT SUMMARY                                                   |
+------------------------------------------------------------------------+
|  Mode                          entry+manage                            |
|  Equity                        $145,606.16                             |
|  Signals this run              884                                     |
|  Orders submitted (session)    45                                      |
|  Orders filled today (ledger)  44                                      |
|  Entries placed this run       0                                       |
|  Open virtual lots             154                                     |
|  Broker option positions       35                                      |
|  Pending orders                7                                       |
+========================================================================+
+========================================================================+
|  BUCKET LEADERBOARD (reflected ex-S173,S174)                           |
+------------------------------------------------------------------------+
|  Reflected trades=1123  buckets=256  win=43%                           |
|  Returns   avg=+25.3%  med=-18.4%  p10=-75.6%  p90=+138.5%             |
|  Realized  $+11,845.46                                                 |
|  Raw incl dropped  trades=1657  real=$+10,249.91                       |
|  Today     trades=29  avg=-34.0%  med=-82.2%  real=$-683.85            |
+------------------------------------------------------------------------+
|  BKT PROFILE               N  WIN  AVG%   MED%   BEST%  REAL$          |
+------------------------------------------------------------------------+
|  b383 lab0383_s362_w4_11  1 100% +1222.6 +1222.6 +1222.6 $   +379      |
|  b382 lab0382_s362_w4_11  1 100% +1125.8 +1125.8 +1125.8 $   +349      |
|  b860 lab0860_s408_w3_10  5  60% +695.8 +954.5 +1446.7 $   +621        |
|  b319 lab0319_s355_w4_11  1 100% +328.6 +328.6 +328.6 $   +138         |
|  b268 lab0268_s403_w4_11  2 100% +320.0 +320.0 +320.0 $   +160         |
|  b197 lab0197_s218_w3_10  3 100% +368.0 +318.8 +737.5 $   +253         |
|  b318 lab0318_s355_w4_11  1 100% +292.9 +292.9 +292.9 $   +123         |
|  b238 lab0238_s401_w3_10  6 100% +295.8 +273.1 +815.4 $   +602         |
|  ... 248 more bucket(s) with exits                                     |
+------------------------------------------------------------------------+
|  Low  b108 lab0108_s212_w1_09  4   0% -82.2 -98.4 -98.6 $   -199       |
+========================================================================+
+========================================================================+
|  PENDING ORDERS (7)                                                    |
+------------------------------------------------------------------------+
|  Top groups                    S355:MARA(2), S361:MARA(2), S210:CVNA(2)|
+------------------------------------------------------------------------+
|  b314 S355 MARA     limit=0.48                                         |
|  b315 S355 MARA     limit=0.48                                         |
|  b364 S361 MARA     limit=0.22                                         |
|  b365 S361 MARA     limit=0.22                                         |
|  b786 S398 CRWD     limit=0.42                                         |
|  ... 2 more pending order(s)                                           |
+========================================================================+
+========================================================================+
|  PENDING EXITS (5)                                                     |
+------------------------------------------------------------------------+
|  b0   ORPHAN AMZN260807C00302500 x1 stop_loss (-92.7%)                 |
|  b96  S211 AMZN260807C00297500 x1 stop_loss (-97.1%)                   |
|  b779 S397 AMZN260807C00295000 x1 stop_loss (-95.0%)                   |
|  b780 S397 AMZN260807C00292500 x1 stop_loss (-96.3%)                   |
|  b352 S360 DKNG260807C00024500 x1 stop_loss (-64.5%)                   |
+========================================================================+
+========================================================================+
|  OPEN OPTIONS (35)                                                     |
+------------------------------------------------------------------------+
|  SYMBOL                      QTY    RET%        OPEN P&L               |
|------------------------------------------------------------------------|
|  AMZN260807C00295000          34    -97.5%   $ -1,337.33               |
|  AMZN260807C00292500          16    -98.1%   $   -845.60               |
|  AMZN260807C00297500           8   -100.0%   $   -271.38               |
|  NKE260807C00042000           10    -20.4%   $   -131.00               |
|  NKE260828C00045000           12    -12.9%   $    -98.00               |
|  UBER260807C00070000           4    +73.7%   $    +95.08               |
|  COIN260807C00160000          10    +33.3%   $    +90.00               |
|  TTD260807C00020500            2    -52.2%   $    -70.00               |
|  ... 27 more position(s)                                               |
+========================================================================+
Full detail: logs/options_trial/runs/2026-08-06.log
elapsed=130.2s reconcile=0.13s cancel=0.03s manage=16.73s scan=57.62s entries=54.6s

=== 10:25:56 ET — entry+manage (0 new) [elapsed=124.7s reconcile=0.26s cancel=0.06s manage=13.11s scan=59.45s entries=51.05s] ===
=== options_morning_bot (PAPER) 2026-08-06T10:25:56.794872-04:00 ===

[Run context]
Paper auth OK — equity $144889.06, account PA36KS87UPRS
  reconcile: layout changed controlled:100:c000_s173_w1_0928_1005_r1 -> controlled:1024:lab0000_s200_w1_0928_1005_r1

[Setup]
Active buckets: 1024 | Strategies: S165, S164, S168, S167, S166, S163, S169, S170, S171, S172, S175, S200, S201, S202, S203, S204, S205, S206, S207, S208, S209, S210, S211, S212, S213, S214, S215, S216, S217, S218, S219, S220, S221, S400, S401, S402, S403, S350, S351, S352, S353, S354, S355, S356, S357, S358, S359, S360, S361, S362, S363, S364, S365, S366, S367, S368, S369, S370, S371, S372, S373, S374, S375, S376, S377, S378, S379, S380, S381, S382, S383, S384, S385, S386, S387, S388, S389, S390, S391, S392, S393, S394, S413, S414, S415, S416, S417, S418, S395, S396, S397, S398, S399, S404, S405, S406, S407, S408, S409, S410, S411, S412, S413, S414, S415, S416, S417, S418, S419
Dropped (no new entries; ex-reflected P&L): S173, S174
  EXIT skip AMZN260807C00297500: open sell already pending
  EXIT skip AMZN260807C00302500: open sell already pending
  EXIT skip DKNG260807C00024500: open sell already pending
  EXIT skip AMZN260807C00295000: open sell already pending
  EXIT skip AMZN260807C00292500: open sell already pending
  EXIT [b901|lab0901_s411_w2_1005_1045_r2|S411] stop_loss (-58.2%) SELL 1 TTD260807C00020500 @<= 0.25  id=36c9f295-a44c-4059-be93-1de40195a127
  EXIT skip UBER260807C00078000: open sell already pending

[Scan + entries]
Scanning 117 symbols for [S165, S164, S168, S167, S166, S163, S169, S170, S171, S172, S175, S200, S201, S202, S203, S204, S205, S206, S207, S208, S209, S210, S211, S212, S213, S214, S215, S216, S217, S218, S219, S220, S221, S400, S401, S402, S403, S350, S351, S352, S353, S354, S355, S356, S357, S358, S359, S360, S361, S362, S363, S364, S365, S366, S367, S368, S369, S370, S371, S372, S373, S374, S375, S376, S377, S378, S379, S380, S381, S382, S383, S384, S385, S386, S387, S388, S389, S390, S391, S392, S393, S394, S413, S414, S415, S416, S417, S418, S395, S396, S397, S398, S399, S404, S405, S406, S407, S408, S409, S410, S411, S412, S413, S414, S415, S416, S417, S418, S419] …
Fetched daily bars for 114/117 symbols
Found 865 signal(s); top: ['S165:AMD', 'S165:COIN', 'S165:CRWD', 'S165:SNOW', 'S165:MARA', 'S165:MSTR', 'S165:ARM', 'S165:PANW']
Paper lab: $144386 broker equity -> 1024 bucket(s) ($500 virtual each, unlimited paper)
  [b18|lab0018_s202_w2_1005_1045_r1] S202 DDOG (tier: fast): no tradeable call
  [b19|lab0019_s202_w2_1005_1045_r2] S202 DDOG (tier: fast): no tradeable call
  [b18|lab0018_s202_w2_1005_1045_r1] S202 CELH (tier: fast): no tradeable call
  [b19|lab0019_s202_w2_1005_1045_r2] S202 CELH (tier: fast): no tradeable call
  [b18|lab0018_s202_w2_1005_1045_r1] S202 GTLB (tier: fast): no tradeable call
  [b19|lab0019_s202_w2_1005_1045_r2] S202 GTLB (tier: fast): no tradeable call
  [b18|lab0018_s202_w2_1005_1045_r1] S202 FSLY (tier: fast): no tradeable call
  [b19|lab0019_s202_w2_1005_1045_r2] S202 FSLY (tier: fast): no tradeable call
  [b74|lab0074_s209_w2_1005_1045_r1] S209 AMD (tier: fast): no tradeable call
  [b75|lab0075_s209_w2_1005_1045_r2] S209 AMD (tier: fast): no tradeable call
  [b74|lab0074_s209_w2_1005_1045_r1] S209 SNOW (tier: fast): no tradeable call
  [b75|lab0075_s209_w2_1005_1045_r2] S209 SNOW (tier: fast): no tradeable call
  [b74|lab0074_s209_w2_1005_1045_r1] S209 ARM (tier: fast): no tradeable call
  [b75|lab0075_s209_w2_1005_1045_r2] S209 ARM (tier: fast): no tradeable call
  [b74|lab0074_s209_w2_1005_1045_r1] S209 UPST (tier: fast): no tradeable call
  [b75|lab0075_s209_w2_1005_1045_r2] S209 UPST (tier: fast): no tradeable call
  [b74|lab0074_s209_w2_1005_1045_r1] S209 DOCN (tier: fast): no tradeable call
  [b75|lab0075_s209_w2_1005_1045_r2] S209 DOCN (tier: fast): no tradeable call
  [b264|lab0264_s403_w2_1005_1045_r1] S403 GS (tier: neutral): no tradeable call
  [b265|lab0265_s403_w2_1005_1045_r2] S403 GS (tier: neutral): no tradeable call
  [b338|lab0338_s358_w2_1005_1045_r1] S358 AMD (tier: fast): no tradeable call
  [b339|lab0339_s358_w2_1005_1045_r2] S358 AMD (tier: fast): no tradeable call
  [b338|lab0338_s358_w2_1005_1045_r1] S358 COIN (tier: fast): no tradeable call
  [b339|lab0339_s358_w2_1005_1045_r2] S358 COIN (tier: fast): no tradeable call
  [b338|lab0338_s358_w2_1005_1045_r1] S358 CRWD (tier: fast): no tradeable call
  [b339|lab0339_s358_w2_1005_1045_r2] S358 CRWD (tier: fast): no tradeable call
  [b338|lab0338_s358_w2_1005_1045_r1] S358 SNOW (tier: fast): no tradeable call
  [b339|lab0339_s358_w2_1005_1045_r2] S358 SNOW (tier: fast): no tradeable call
  [b338|lab0338_s358_w2_1005_1045_r1] S358 MARA (tier: fast): no tradeable call
  [b339|lab0339_s358_w2_1005_1045_r2] S358 MARA (tier: fast): no tradeable call
  [b338|lab0338_s358_w2_1005_1045_r1] S358 MSTR (tier: fast): no tradeable call
  [b339|lab0339_s358_w2_1005_1045_r2] S358 MSTR (tier: fast): no tradeable call
  [b338|lab0338_s358_w2_1005_1045_r1] S358 ARM (tier: fast): no tradeable call
  [b339|lab0339_s358_w2_1005_1045_r2] S358 ARM (tier: fast): no tradeable call
  [b338|lab0338_s358_w2_1005_1045_r1] S358 PANW (tier: fast): no tradeable call
  [b339|lab0339_s358_w2_1005_1045_r2] S358 PANW (tier: fast): no tradeable call
  [b338|lab0338_s358_w2_1005_1045_r1] S358 HOOD (tier: fast): no tradeable call
  [b339|lab0339_s358_w2_1005_1045_r2] S358 HOOD (tier: fast): no tradeable call
  [b338|lab0338_s358_w2_1005_1045_r1] S358 DDOG (tier: fast): no tradeable call
  [b339|lab0339_s358_w2_1005_1045_r2] S358 DDOG (tier: fast): no tradeable call
  [b338|lab0338_s358_w2_1005_1045_r1] S358 TTD (tier: fast): no tradeable call
  [b339|lab0339_s358_w2_1005_1045_r2] S358 TTD (tier: fast): no tradeable call
  [b338|lab0338_s358_w2_1005_1045_r1] S358 UPST (tier: fast): no tradeable call
  [b339|lab0339_s358_w2_1005_1045_r2] S358 UPST (tier: fast): no tradeable call
  [b338|lab0338_s358_w2_1005_1045_r1] S358 ZS (tier: fast): no tradeable call
  [b339|lab0339_s358_w2_1005_1045_r2] S358 ZS (tier: fast): no tradeable call
  [b338|lab0338_s358_w2_1005_1045_r1] S358 NET (tier: fast): no tradeable call
  [b339|lab0339_s358_w2_1005_1045_r2] S358 NET (tier: fast): no tradeable call
  [b338|lab0338_s358_w2_1005_1045_r1] S358 MDB (tier: fast): no tradeable call
  [b339|lab0339_s358_w2_1005_1045_r2] S358 MDB (tier: fast): no tradeable call
  [b338|lab0338_s358_w2_1005_1045_r1] S358 CELH (tier: fast): no tradeable call
  [b339|lab0339_s358_w2_1005_1045_r2] S358 CELH (tier: fast): no tradeable call
  [b338|lab0338_s358_w2_1005_1045_r1] S358 PATH (tier: fast): no tradeable call
  [b339|lab0339_s358_w2_1005_1045_r2] S358 PATH (tier: fast): no tradeable call
  [b338|lab0338_s358_w2_1005_1045_r1] S358 DOCN (tier: fast): no tradeable call
  [b339|lab0339_s358_w2_1005_1045_r2] S358 DOCN (tier: fast): no tradeable call
  [b338|lab0338_s358_w2_1005_1045_r1] S358 GTLB (tier: fast): no tradeable call
  [b339|lab0339_s358_w2_1005_1045_r2] S358 GTLB (tier: fast): no tradeable call
  [b338|lab0338_s358_w2_1005_1045_r1] S358 FSLY (tier: fast): no tradeable call
  [b339|lab0339_s358_w2_1005_1045_r2] S358 FSLY (tier: fast): no tradeable call
  [b338|lab0338_s358_w2_1005_1045_r1] S358 BILL (tier: fast): no tradeable call
  [b339|lab0339_s358_w2_1005_1045_r2] S358 BILL (tier: fast): no tradeable call
  [b338|lab0338_s358_w2_1005_1045_r1] S358 TWLO (tier: fast): no tradeable call
  [b339|lab0339_s358_w2_1005_1045_r2] S358 TWLO (tier: fast): no tradeable call
  [b448|lab0448_s367_w2_1005_1045_r1] S367 AMD (tier: fast): no tradeable call
  [b449|lab0449_s367_w2_1005_1045_r2] S367 AMD (tier: fast): no tradeable call
  [b448|lab0448_s367_w2_1005_1045_r1] S367 COIN (tier: fast): no tradeable call
  [b449|lab0449_s367_w2_1005_1045_r2] S367 COIN (tier: fast): no tradeable call
  [b448|lab0448_s367_w2_1005_1045_r1] S367 PLTR (tier: fast): no tradeable call
  [b449|lab0449_s367_w2_1005_1045_r2] S367 PLTR (tier: fast): no tradeable call
  [b448|lab0448_s367_w2_1005_1045_r1] S367 CRWD (tier: fast): no tradeable call
  [b449|lab0449_s367_w2_1005_1045_r2] S367 CRWD (tier: fast): no tradeable call
  [b448|lab0448_s367_w2_1005_1045_r1] S367 SNOW (tier: fast): no tradeable call
  [b449|lab0449_s367_w2_1005_1045_r2] S367 SNOW (tier: fast): no tradeable call
  [b448|lab0448_s367_w2_1005_1045_r1] S367 MARA (tier: fast): no tradeable call
  [b449|lab0449_s367_w2_1005_1045_r2] S367 MARA (tier: fast): no tradeable call
  [b448|lab0448_s367_w2_1005_1045_r1] S367 MSTR (tier: fast): no tradeable call
  [b449|lab0449_s367_w2_1005_1045_r2] S367 MSTR (tier: fast): no tradeable call
  [b448|lab0448_s367_w2_1005_1045_r1] S367 ARM (tier: fast): no tradeable call
  [b449|lab0449_s367_w2_1005_1045_r2] S367 ARM (tier: fast): no tradeable call
  [b448|lab0448_s367_w2_1005_1045_r1] S367 HOOD (tier: fast): no tradeable call
  [b449|lab0449_s367_w2_1005_1045_r2] S367 HOOD (tier: fast): no tradeable call
  [b448|lab0448_s367_w2_1005_1045_r1] S367 DDOG (tier: fast): no tradeable call
  [b449|lab0449_s367_w2_1005_1045_r2] S367 DDOG (tier: fast): no tradeable call
  [b448|lab0448_s367_w2_1005_1045_r1] S367 AFRM (tier: fast): no tradeable call
  [b449|lab0449_s367_w2_1005_1045_r2] S367 AFRM (tier: fast): no tradeable call
  [b448|lab0448_s367_w2_1005_1045_r1] S367 CVNA (tier: fast): no tradeable call
  [b449|lab0449_s367_w2_1005_1045_r2] S367 CVNA (tier: fast): no tradeable call
  [b448|lab0448_s367_w2_1005_1045_r1] S367 UPST (tier: fast): no tradeable call
  [b449|lab0449_s367_w2_1005_1045_r2] S367 UPST (tier: fast): no tradeable call
  [b448|lab0448_s367_w2_1005_1045_r1] S367 ZS (tier: fast): no tradeable call
  [b449|lab0449_s367_w2_1005_1045_r2] S367 ZS (tier: fast): no tradeable call
  [b448|lab0448_s367_w2_1005_1045_r1] S367 NET (tier: fast): no tradeable call
  [b449|lab0449_s367_w2_1005_1045_r2] S367 NET (tier: fast): no tradeable call
  [b448|lab0448_s367_w2_1005_1045_r1] S367 MDB (tier: fast): no tradeable call
  [b449|lab0449_s367_w2_1005_1045_r2] S367 MDB (tier: fast): no tradeable call
  [b448|lab0448_s367_w2_1005_1045_r1] S367 RBLX (tier: fast): no tradeable call
  [b449|lab0449_s367_w2_1005_1045_r2] S367 RBLX (tier: fast): no tradeable call
  [b448|lab0448_s367_w2_1005_1045_r1] S367 PATH (tier: fast): no tradeable call
  [b449|lab0449_s367_w2_1005_1045_r2] S367 PATH (tier: fast): no tradeable call
  [b448|lab0448_s367_w2_1005_1045_r1] S367 DOCN (tier: fast): no tradeable call
  [b449|lab0449_s367_w2_1005_1045_r2] S367 DOCN (tier: fast): no tradeable call
  [b448|lab0448_s367_w2_1005_1045_r1] S367 GTLB (tier: fast): no tradeable call
  [b449|lab0449_s367_w2_1005_1045_r2] S367 GTLB (tier: fast): no tradeable call
  [b448|lab0448_s367_w2_1005_1045_r1] S367 BILL (tier: fast): no tradeable call
  [b449|lab0449_s367_w2_1005_1045_r2] S367 BILL (tier: fast): no tradeable call
  [b448|lab0448_s367_w2_1005_1045_r1] S367 TWLO (tier: fast): no tradeable call
  [b449|lab0449_s367_w2_1005_1045_r2] S367 TWLO (tier: fast): no tradeable call
  [b762|lab0762_s395_w2_1005_1045_r1] S395 AMD (tier: fast): no tradeable call
  [b763|lab0763_s395_w2_1005_1045_r2] S395 AMD (tier: fast): no tradeable call
  [b762|lab0762_s395_w2_1005_1045_r1] S395 COIN (tier: fast): no tradeable call
  [b763|lab0763_s395_w2_1005_1045_r2] S395 COIN (tier: fast): no tradeable call
  [b762|lab0762_s395_w2_1005_1045_r1] S395 CRWD (tier: fast): no tradeable call
  [b763|lab0763_s395_w2_1005_1045_r2] S395 CRWD (tier: fast): no tradeable call
  [b762|lab0762_s395_w2_1005_1045_r1] S395 SNOW (tier: fast): no tradeable call
  [b763|lab0763_s395_w2_1005_1045_r2] S395 SNOW (tier: fast): no tradeable call
  [b762|lab0762_s395_w2_1005_1045_r1] S395 MARA (tier: fast): no tradeable call
  [b763|lab0763_s395_w2_1005_1045_r2] S395 MARA (tier: fast): no tradeable call
  [b762|lab0762_s395_w2_1005_1045_r1] S395 MSTR (tier: fast): no tradeable call
  [b763|lab0763_s395_w2_1005_1045_r2] S395 MSTR (tier: fast): no tradeable call
  [b762|lab0762_s395_w2_1005_1045_r1] S395 ARM (tier: fast): no tradeable call
  [b763|lab0763_s395_w2_1005_1045_r2] S395 ARM (tier: fast): no tradeable call
  [b762|lab0762_s395_w2_1005_1045_r1] S395 PANW (tier: fast): no tradeable call
  [b763|lab0763_s395_w2_1005_1045_r2] S395 PANW (tier: fast): no tradeable call
  [b762|lab0762_s395_w2_1005_1045_r1] S395 HOOD (tier: fast): no tradeable call
  [b763|lab0763_s395_w2_1005_1045_r2] S395 HOOD (tier: fast): no tradeable call
  [b762|lab0762_s395_w2_1005_1045_r1] S395 DDOG (tier: fast): no tradeable call
  [b763|lab0763_s395_w2_1005_1045_r2] S395 DDOG (tier: fast): no tradeable call
  [b762|lab0762_s395_w2_1005_1045_r1] S395 TTD (tier: fast): no tradeable call
  [b763|lab0763_s395_w2_1005_1045_r2] S395 TTD (tier: fast): no tradeable call
  [b762|lab0762_s395_w2_1005_1045_r1] S395 UPST (tier: fast): no tradeable call
  [b763|lab0763_s395_w2_1005_1045_r2] S395 UPST (tier: fast): no tradeable call
  [b762|lab0762_s395_w2_1005_1045_r1] S395 ZS (tier: fast): no tradeable call
  [b763|lab0763_s395_w2_1005_1045_r2] S395 ZS (tier: fast): no tradeable call
  [b762|lab0762_s395_w2_1005_1045_r1] S395 NET (tier: fast): no tradeable call
  [b763|lab0763_s395_w2_1005_1045_r2] S395 NET (tier: fast): no tradeable call
  [b762|lab0762_s395_w2_1005_1045_r1] S395 MDB (tier: fast): no tradeable call
  [b763|lab0763_s395_w2_1005_1045_r2] S395 MDB (tier: fast): no tradeable call
  [b762|lab0762_s395_w2_1005_1045_r1] S395 CELH (tier: fast): no tradeable call
  [b763|lab0763_s395_w2_1005_1045_r2] S395 CELH (tier: fast): no tradeable call
  [b762|lab0762_s395_w2_1005_1045_r1] S395 PATH (tier: fast): no tradeable call
  [b763|lab0763_s395_w2_1005_1045_r2] S395 PATH (tier: fast): no tradeable call
  [b762|lab0762_s395_w2_1005_1045_r1] S395 DOCN (tier: fast): no tradeable call
  [b763|lab0763_s395_w2_1005_1045_r2] S395 DOCN (tier: fast): no tradeable call
  [b762|lab0762_s395_w2_1005_1045_r1] S395 GTLB (tier: fast): no tradeable call
  [b763|lab0763_s395_w2_1005_1045_r2] S395 GTLB (tier: fast): no tradeable call
  [b762|lab0762_s395_w2_1005_1045_r1] S395 FSLY (tier: fast): no tradeable call
  [b763|lab0763_s395_w2_1005_1045_r2] S395 FSLY (tier: fast): no tradeable call
  [b762|lab0762_s395_w2_1005_1045_r1] S395 BILL (tier: fast): no tradeable call
  [b763|lab0763_s395_w2_1005_1045_r2] S395 BILL (tier: fast): no tradeable call
  [b762|lab0762_s395_w2_1005_1045_r1] S395 TWLO (tier: fast): no tradeable call
  [b763|lab0763_s395_w2_1005_1045_r2] S395 TWLO (tier: fast): no tradeable call
  [b770|lab0770_s396_w2_1005_1045_r1] S396 AMD (tier: fast): no tradeable call
  [b771|lab0771_s396_w2_1005_1045_r2] S396 AMD (tier: fast): no tradeable call
  [b770|lab0770_s396_w2_1005_1045_r1] S396 COIN (tier: fast): no tradeable call
  [b771|lab0771_s396_w2_1005_1045_r2] S396 COIN (tier: fast): no tradeable call
  [b770|lab0770_s396_w2_1005_1045_r1] S396 CRWD (tier: fast): no tradeable call
  [b771|lab0771_s396_w2_1005_1045_r2] S396 CRWD (tier: fast): no tradeable call
  [b770|lab0770_s396_w2_1005_1045_r1] S396 SNOW (tier: fast): no tradeable call
  [b771|lab0771_s396_w2_1005_1045_r2] S396 SNOW (tier: fast): no tradeable call
  [b770|lab0770_s396_w2_1005_1045_r1] S396 MARA (tier: fast): no tradeable call
  [b771|lab0771_s396_w2_1005_1045_r2] S396 MARA (tier: fast): no tradeable call
  [b770|lab0770_s396_w2_1005_1045_r1] S396 MSTR (tier: fast): no tradeable call
  [b771|lab0771_s396_w2_1005_1045_r2] S396 MSTR (tier: fast): no tradeable call
  [b770|lab0770_s396_w2_1005_1045_r1] S396 ARM (tier: fast): no tradeable call
  [b771|lab0771_s396_w2_1005_1045_r2] S396 ARM (tier: fast): no tradeable call
  [b770|lab0770_s396_w2_1005_1045_r1] S396 PANW (tier: fast): no tradeable call
  [b771|lab0771_s396_w2_1005_1045_r2] S396 PANW (tier: fast): no tradeable call
  [b770|lab0770_s396_w2_1005_1045_r1] S396 HOOD (tier: fast): no tradeable call
  [b771|lab0771_s396_w2_1005_1045_r2] S396 HOOD (tier: fast): no tradeable call
  [b770|lab0770_s396_w2_1005_1045_r1] S396 DDOG (tier: fast): no tradeable call
  [b771|lab0771_s396_w2_1005_1045_r2] S396 DDOG (tier: fast): no tradeable call
  [b770|lab0770_s396_w2_1005_1045_r1] S396 TTD (tier: fast): no tradeable call
  [b771|lab0771_s396_w2_1005_1045_r2] S396 TTD (tier: fast): no tradeable call
  [b770|lab0770_s396_w2_1005_1045_r1] S396 UPST (tier: fast): no tradeable call
  [b771|lab0771_s396_w2_1005_1045_r2] S396 UPST (tier: fast): no tradeable call
  [b770|lab0770_s396_w2_1005_1045_r1] S396 ZS (tier: fast): no tradeable call
  [b771|lab0771_s396_w2_1005_1045_r2] S396 ZS (tier: fast): no tradeable call
  [b770|lab0770_s396_w2_1005_1045_r1] S396 NET (tier: fast): no tradeable call
  [b771|lab0771_s396_w2_1005_1045_r2] S396 NET (tier: fast): no tradeable call
  [b770|lab0770_s396_w2_1005_1045_r1] S396 MDB (tier: fast): no tradeable call
  [b771|lab0771_s396_w2_1005_1045_r2] S396 MDB (tier: fast): no tradeable call
  [b770|lab0770_s396_w2_1005_1045_r1] S396 CELH (tier: fast): no tradeable call
  [b771|lab0771_s396_w2_1005_1045_r2] S396 CELH (tier: fast): no tradeable call
  [b770|lab0770_s396_w2_1005_1045_r1] S396 PATH (tier: fast): no tradeable call
  [b771|lab0771_s396_w2_1005_1045_r2] S396 PATH (tier: fast): no tradeable call
  [b770|lab0770_s396_w2_1005_1045_r1] S396 DOCN (tier: fast): no tradeable call
  [b771|lab0771_s396_w2_1005_1045_r2] S396 DOCN (tier: fast): no tradeable call
  [b770|lab0770_s396_w2_1005_1045_r1] S396 GTLB (tier: fast): no tradeable call
  [b771|lab0771_s396_w2_1005_1045_r2] S396 GTLB (tier: fast): no tradeable call
  [b770|lab0770_s396_w2_1005_1045_r1] S396 FSLY (tier: fast): no tradeable call
  [b771|lab0771_s396_w2_1005_1045_r2] S396 FSLY (tier: fast): no tradeable call
  [b770|lab0770_s396_w2_1005_1045_r1] S396 BILL (tier: fast): no tradeable call
  [b771|lab0771_s396_w2_1005_1045_r2] S396 BILL (tier: fast): no tradeable call
  [b770|lab0770_s396_w2_1005_1045_r1] S396 TWLO (tier: fast): no tradeable call
  [b771|lab0771_s396_w2_1005_1045_r2] S396 TWLO (tier: fast): no tradeable call
  [b872|lab0872_s409_w2_1005_1045_r1] S409 AMD (tier: fast): no tradeable call
  [b873|lab0873_s409_w2_1005_1045_r2] S409 AMD (tier: fast): no tradeable call
  [b872|lab0872_s409_w2_1005_1045_r1] S409 COIN (tier: fast): no tradeable call
  [b873|lab0873_s409_w2_1005_1045_r2] S409 COIN (tier: fast): no tradeable call
  [b872|lab0872_s409_w2_1005_1045_r1] S409 PLTR (tier: fast): no tradeable call
  [b873|lab0873_s409_w2_1005_1045_r2] S409 PLTR (tier: fast): no tradeable call
  [b872|lab0872_s409_w2_1005_1045_r1] S409 CRWD (tier: fast): no tradeable call
  [b873|lab0873_s409_w2_1005_1045_r2] S409 CRWD (tier: fast): no tradeable call
  [b872|lab0872_s409_w2_1005_1045_r1] S409 SNOW (tier: fast): no tradeable call
  [b873|lab0873_s409_w2_1005_1045_r2] S409 SNOW (tier: fast): no tradeable call
  [b872|lab0872_s409_w2_1005_1045_r1] S409 MARA (tier: fast): no tradeable call
  [b873|lab0873_s409_w2_1005_1045_r2] S409 MARA (tier: fast): no tradeable call
  [b872|lab0872_s409_w2_1005_1045_r1] S409 MSTR (tier: fast): no tradeable call
  [b873|lab0873_s409_w2_1005_1045_r2] S409 MSTR (tier: fast): no tradeable call
  [b872|lab0872_s409_w2_1005_1045_r1] S409 ARM (tier: fast): no tradeable call
  [b873|lab0873_s409_w2_1005_1045_r2] S409 ARM (tier: fast): no tradeable call
  [b872|lab0872_s409_w2_1005_1045_r1] S409 HOOD (tier: fast): no tradeable call
  [b873|lab0873_s409_w2_1005_1045_r2] S409 HOOD (tier: fast): no tradeable call
  [b872|lab0872_s409_w2_1005_1045_r1] S409 DDOG (tier: fast): no tradeable call
  [b873|lab0873_s409_w2_1005_1045_r2] S409 DDOG (tier: fast): no tradeable call
  [b872|lab0872_s409_w2_1005_1045_r1] S409 AFRM (tier: fast): no tradeable call
  [b873|lab0873_s409_w2_1005_1045_r2] S409 AFRM (tier: fast): no tradeable call
  [b872|lab0872_s409_w2_1005_1045_r1] S409 CVNA (tier: fast): no tradeable call
  [b873|lab0873_s409_w2_1005_1045_r2] S409 CVNA (tier: fast): no tradeable call
  [b872|lab0872_s409_w2_1005_1045_r1] S409 UPST (tier: fast): no tradeable call
  [b873|lab0873_s409_w2_1005_1045_r2] S409 UPST (tier: fast): no tradeable call
  [b872|lab0872_s409_w2_1005_1045_r1] S409 ZS (tier: fast): no tradeable call
  [b873|lab0873_s409_w2_1005_1045_r2] S409 ZS (tier: fast): no tradeable call
  [b872|lab0872_s409_w2_1005_1045_r1] S409 NET (tier: fast): no tradeable call
  [b873|lab0873_s409_w2_1005_1045_r2] S409 NET (tier: fast): no tradeable call
  [b872|lab0872_s409_w2_1005_1045_r1] S409 MDB (tier: fast): no tradeable call
  [b873|lab0873_s409_w2_1005_1045_r2] S409 MDB (tier: fast): no tradeable call
  [b872|lab0872_s409_w2_1005_1045_r1] S409 RBLX (tier: fast): no tradeable call
  [b873|lab0873_s409_w2_1005_1045_r2] S409 RBLX (tier: fast): no tradeable call
  [b872|lab0872_s409_w2_1005_1045_r1] S409 PATH (tier: fast): no tradeable call
  [b873|lab0873_s409_w2_1005_1045_r2] S409 PATH (tier: fast): no tradeable call
  [b872|lab0872_s409_w2_1005_1045_r1] S409 DOCN (tier: fast): no tradeable call
  [b873|lab0873_s409_w2_1005_1045_r2] S409 DOCN (tier: fast): no tradeable call
  [b872|lab0872_s409_w2_1005_1045_r1] S409 GTLB (tier: fast): no tradeable call
  [b873|lab0873_s409_w2_1005_1045_r2] S409 GTLB (tier: fast): no tradeable call
  [b872|lab0872_s409_w2_1005_1045_r1] S409 BILL (tier: fast): no tradeable call
  [b873|lab0873_s409_w2_1005_1045_r2] S409 BILL (tier: fast): no tradeable call
  [b872|lab0872_s409_w2_1005_1045_r1] S409 TWLO (tier: fast): no tradeable call
  [b873|lab0873_s409_w2_1005_1045_r2] S409 TWLO (tier: fast): no tradeable call
  Skipped: 240 no tradeable call, 286 already attempted today, 116 pending order
Placed 0 new entry order(s).
  reconcile: layout changed controlled:100:c000_s173_w1_0928_1005_r1 -> controlled:1024:lab0000_s200_w1_0928_1005_r1
  reconcile: exit fill b901|S411 TTD -58.2%

[Portfolio snapshot]
========================================================
OPTIONS TRIAL STATS
========================================================
Account equity: $144,889.06
Active buckets: 1024 of 1024 profiles ($500 virtual each) — paper unlimited mode

P&L summary
  Reflected (ex-S173,S174): $+11,806.46 all-time  |  $-722.85 today
  Raw (incl dropped):     $+10,210.91 all-time  |  $-722.85 today
  Open (not sold yet): $-3,142.81 unrealized (virtual lots)
                       $-3,088.59 unrealized (broker total)
  Premium deployed:    $7,952.50 in open positions
  Combined P&L:        $+8,663.65 (reflected realized + open virtual)

Ledger (master)
  Total events:     8963
  Today entries:    44
  Today exits (reflected): 30
  All-time exits (reflected): 1124  wins 43%
  Avg return/trade: +25.2%  median -18.4%

Open virtual lots (by bucket)
  b0 lab0000_s200_w1_0928_1005_r1  prem=$  1391  real=$ +0.00  open=$ +0.00  lots=18  [ORPHAN:AMZNx3, ORPHAN:GOOGLx1, ORPHAN:METAx2, ORPHAN:UBERx2 +14 more]
       buy: ask-0.01  sell: bid-0.01  tp=+50% sl=-50%
  b16 lab0016_s202_w1_0928_1005_r1  prem=$     0  real=$-39.00  open=$ +0.00  lots=0  [-]
       buy: ask-0.01  sell: bid-0.01  tp=+50% sl=-50%
  b17 lab0017_s202_w1_0928_1005_r2  prem=$     0  real=$-40.00  open=$ +0.00  lots=0  [-]
       buy: ask-0.01  sell: bid-0.01  tp=+50% sl=-50%
  b18 lab0018_s202_w2_1005_1045_r1  prem=$     0  real=$-29.00  open=$ +0.00  lots=0  [-]
       buy: ask-0.01  sell: bid-0.01  tp=+50% sl=-50%
  b19 lab0019_s202_w2_1005_1045_r2  prem=$     0  real=$-22.00  open=$ +0.00  lots=0  [-]
       buy: ask-0.01  sell: bid-0.01  tp=+50% sl=-50%
  b24 lab0024_s203_w1_0928_1005_r1  prem=$     0  real=$-65.00  open=$ +0.00  lots=0  [-]
       buy: ask-0.01  sell: bid-0.01  tp=+50% sl=-50%
  b26 lab0026_s203_w2_1005_1045_r1  prem=$    11  real=$-78.00  open=$ -4.00  lots=1  [S203:COPx1]
       buy: ask-0.01  sell: bid-0.01  tp=+50% sl=-50%
  b27 lab0027_s203_w2_1005_1045_r2  prem=$     0  real=$-254.00  open=$ +0.00  lots=0  [-]
       buy: ask-0.01  sell: bid-0.01  tp=+50% sl=-50%
  b28 lab0028_s203_w3_1045_1120_r1  prem=$    51  real=$-54.00  open=$+16.69  lots=1  [S203:TTDx1]
       buy: ask-0.01  sell: bid-0.01  tp=+50% sl=-50%
  b29 lab0029_s203_w3_1045_1120_r2  prem=$    51  real=$-54.00  open=$+16.69  lots=1  [S203:TTDx1]
       buy: ask-0.01  sell: bid-0.01  tp=+50% sl=-50%
  b30 lab0030_s203_w4_1120_1135_r1  prem=$    59  real=$-99.00  open=$+19.31  lots=1  [S203:TTDx1]
       buy: ask-0.01  sell: bid-0.01  tp=+50% sl=-50%
  b31 lab0031_s203_w4_1120_1135_r2  prem=$    59  real=$-93.00  open=$+19.31  lots=1  [S203:TTDx1]
       buy: ask-0.01  sell: bid-0.01  tp=+50% sl=-50%
  b58 lab0058_s207_w2_1005_1045_r1  prem=$     0  real=$-82.00  open=$ +0.00  lots=0  [-]
       buy: ask-0.01  sell: bid-0.01  tp=+50% sl=-50%
  b59 lab0059_s207_w2_1005_1045_r2  prem=$     0  real=$-153.00  open=$ +0.00  lots=0  [-]
       buy: ask-0.01  sell: bid-0.01  tp=+50% sl=-50%
  b60 lab0060_s207_w3_1045_1120_r1  prem=$     0  real=$-134.00  open=$ +0.00  lots=0  [-]
       buy: ask-0.01  sell: bid-0.01  tp=+50% sl=-50%
  b61 lab0061_s207_w3_1045_1120_r2  prem=$     0  real=$-158.00  open=$ +0.00  lots=0  [-]
       buy: ask-0.01  sell: bid-0.01  tp=+50% sl=-50%
  b62 lab0062_s207_w4_1120_1135_r1  prem=$     0  real=$-164.00  open=$ +0.00  lots=0  [-]
       buy: ask-0.01  sell: bid-0.01  tp=+50% sl=-50%
  b63 lab0063_s207_w4_1120_1135_r2  prem=$     0  real=$-83.00  open=$ +0.00  lots=0  [-]
       buy: ask-0.01  sell: bid-0.01  tp=+50% sl=-50%
  b72 lab0072_s209_w1_0928_1005_r1  prem=$    17  real=$ +0.00  open=$ -4.00  lots=1  [S209:UPSTx1]
       buy: ask-0.01  sell: bid-0.01  tp=+50% sl=-50%
  b73 lab0073_s209_w1_0928_1005_r2  prem=$    17  real=$ +0.00  open=$ -4.00  lots=1  [S209:UPSTx1]
       buy: ask-0.01  sell: bid-0.01  tp=+50% sl=-50%
  (258 more active bucket(s) omitted)
  (746 quiet bucket profile(s) — no trades yet)

Pending orders: 7
  b314 S355 MARA limit=0.48
  b315 S355 MARA limit=0.48
  b364 S361 MARA limit=0.22
  b365 S361 MARA limit=0.22
  b786 S398 CRWD limit=0.42

Alpaca option positions
  AAPL260814C00330000  qty=5  cost=$298.75  return=+10.5%  open P&L=$+31.25
  AMD260807C00545000  qty=2  cost=$82.00  return=-26.8%  open P&L=$-22.00
  AMD260807C00550000  qty=1  cost=$35.00  return=-37.1%  open P&L=$-13.00
  AMD260807C00552500  qty=2  cost=$54.00  return=-33.3%  open P&L=$-18.00
  AMZN260807C00292500  qty=16  cost=$861.60  return=-98.1%  open P&L=$-845.60
  AMZN260807C00295000  qty=34  cost=$1,371.33  return=-100.0%  open P&L=$-1,371.33
  AMZN260807C00297500  qty=8  cost=$271.38  return=-100.0%  open P&L=$-271.38
  AMZN260807C00302500  qty=1  cost=$13.67  return=-100.0%  open P&L=$-13.67
  COIN260807C00160000  qty=10  cost=$270.00  return=+3.7%  open P&L=$+10.00
  COIN260807C00170000  qty=2  cost=$10.00  return=-20.0%  open P&L=$-2.00
  COP260807P00111000  qty=2  cost=$22.00  return=-36.4%  open P&L=$-8.00
  DKNG260807C00023000  qty=2  cost=$84.00  return=-11.9%  open P&L=$-10.00
  DKNG260807C00024500  qty=1  cost=$39.40  return=-64.5%  open P&L=$-25.40
  GOOGL260807C00372500  qty=2  cost=$116.00  return=-27.6%  open P&L=$-32.00
  GOOGL260810C00380000  qty=2  cost=$118.00  return=-39.0%  open P&L=$-46.00
  MARA260814C00011500  qty=6  cost=$310.00  return=-3.2%  open P&L=$-10.00
  META260807C00622500  qty=2  cost=$114.00  return=-29.8%  open P&L=$-34.00
  META260807C00625000  qty=2  cost=$92.00  return=-30.4%  open P&L=$-28.00
  NKE260807C00042000  qty=10  cost=$641.00  return=-31.4%  open P&L=$-201.00
  NKE260807C00043000  qty=4  cost=$94.00  return=-48.9%  open P&L=$-46.00
  NKE260821C00044000  qty=12  cost=$756.00  return=-12.7%  open P&L=$-96.00
  NKE260828C00045000  qty=12  cost=$758.00  return=-16.1%  open P&L=$-122.00
  NKE260904C00045000  qty=4  cost=$288.00  return=-6.9%  open P&L=$-20.00
  PATH260807C00013000  qty=2  cost=$134.00  return=+3.0%  open P&L=$+4.00
  PLTR260807C00170000  qty=1  cost=$11.00  return=+18.2%  open P&L=$+2.00
  RBLX260807C00037500  qty=2  cost=$70.00  return=-2.9%  open P&L=$-2.00
  TSLA260810C00342500  qty=2  cost=$106.00  return=+5.7%  open P&L=$+6.00
  TTD260807C00020500  qty=1  cost=$67.00  return=-58.2%  open P&L=$-39.00
  TTD260807P00017000  qty=4  cost=$220.00  return=+32.7%  open P&L=$+72.00
  UBER260807C00070000  qty=4  cost=$128.92  return=+39.6%  open P&L=$+51.08
  UBER260807C00078000  qty=1  cost=$50.53  return=-98.0%  open P&L=$-49.53
  UBER260814C00072000  qty=3  cost=$127.50  return=+24.7%  open P&L=$+31.50
  UBER260814C00073000  qty=1  cost=$40.50  return=-11.1%  open P&L=$-4.50
  UBER260828C00075000  qty=4  cost=$210.00  return=+20.0%  open P&L=$+42.00
  UPST260807C00032000  qty=2  cost=$34.00  return=-23.5%  open P&L=$-8.00

Per-bucket exit stats (all time)
  b0|orphan_reconcile     n=104  avg=-9.8%  med=-60.0%  realized=$+5,399.24
  b104|c104_s164_w1_0928_1005_r4  n=  1  avg=-88.9%  med=-88.9%  realized=$-8.00
  b108|c108_s202_w3_1045_1120_r1  n=  1  avg=-33.3%  med=-33.3%  realized=$-1.00
  b108|lab0108_s212_w1_0928_1005_r1  n=  3  avg=-98.5%  med=-98.6%  realized=$-198.00
  b109|c109_s202_w3_1045_1120_r2  n=  1  avg=-66.7%  med=-66.7%  realized=$-2.00
  b109|lab0109_s212_w1_0928_1005_r2  n=  4  avg=-76.2%  med=-58.9%  realized=$-198.00
  b10|c010_s165_w3_1045_1120_r1  n=  8  avg=-37.2%  med=-18.9%  realized=$-205.00
  b110|lab0110_s212_w2_1005_1045_r1  n=  4  avg=-68.2%  med=-63.2%  realized=$-173.00
  b111|lab0111_s212_w2_1005_1045_r2  n=  4  avg=-59.4%  med=-54.4%  realized=$-151.00
  b112|lab0112_s212_w3_1045_1120_r1  n=  5  avg=-62.0%  med=-68.1%  realized=$-158.00
  b113|lab0113_s212_w3_1045_1120_r2  n=  9  avg=-74.4%  med=-74.5%  realized=$-364.00
  b114|lab0114_s212_w4_1120_1135_r1  n=  7  avg=-71.6%  med=-73.5%  realized=$-254.00
  b115|lab0115_s212_w4_1120_1135_r2  n=  4  avg=-73.2%  med=-54.1%  realized=$-150.00
  b132|c132_s164_w1_0928_1005_r5  n=  2  avg=-65.7%  med=-53.6%  realized=$-37.00
  b135|c135_s164_w4_1120_1135_r5  n=  1  avg=-50.0%  med=-50.0%  realized=$-4.00
  b164|lab0164_s216_w1_0928_1005_r1  n=  2  avg=-44.3%  med=-37.0%  realized=$-48.00
  b165|lab0165_s216_w1_0928_1005_r2  n=  2  avg=-44.3%  med=-37.0%  realized=$-48.00
  b166|lab0166_s216_w2_1005_1045_r1  n=  3  avg=-63.9%  med=-63.4%  realized=$-103.00
  b167|lab0167_s216_w2_1005_1045_r2  n=  4  avg=-82.1%  med=-80.5%  realized=$-153.00
  b168|lab0168_s216_w3_1045_1120_r1  n=  1  avg=-89.6%  med=-89.6%  realized=$-43.00
  b169|lab0169_s216_w3_1045_1120_r2  n=  3  avg=-54.9%  med=-56.2%  realized=$-77.00
  b16|lab0016_s202_w1_0928_1005_r1  n=  1  avg=-63.9%  med=-63.9%  realized=$-39.00
  b178|lab0178_s217_w1_0928_1005_r1  n=  1  avg=+66.0%  med=+66.0%  realized=$+31.00
  b179|lab0179_s217_w1_0928_1005_r2  n=  1  avg=+51.1%  med=+51.1%  realized=$+24.00
  b17|lab0017_s202_w1_0928_1005_r2  n=  1  avg=-65.6%  med=-65.6%  realized=$-40.00
  b180|lab0180_s217_w2_1005_1045_r1  n=  8  avg=+175.7%  med=+135.3%  realized=$+371.00
  b181|lab0181_s217_w2_1005_1045_r2  n=  8  avg=+185.3%  med=+73.3%  realized=$+355.00
  b182|lab0182_s217_w3_1045_1120_r1  n=  2  avg=-43.8%  med=-43.8%  realized=$-28.00
  b183|lab0183_s217_w3_1045_1120_r2  n=  3  avg=-64.2%  med=-68.8%  realized=$-66.00
  b185|lab0185_s217_w4_1120_1135_r2  n=  1  avg=-55.6%  med=-55.6%  realized=$-25.00
  b18|lab0018_s202_w2_1005_1045_r1  n=  1  avg=-74.4%  med=-74.4%  realized=$-29.00
  b192|lab0192_s218_w1_0928_1005_r1  n=  2  avg=+50.0%  med=+50.0%  realized=$+66.00
  b193|lab0193_s218_w1_0928_1005_r2  n=  3  avg=+40.9%  med=+36.4%  realized=$+78.00
  b194|lab0194_s218_w2_1005_1045_r1  n= 10  avg=+5.4%  med=+22.2%  realized=$-71.00
  b195|lab0195_s218_w2_1005_1045_r2  n= 10  avg=+23.1%  med=+58.8%  realized=$+37.00
  b196|lab0196_s218_w3_1045_1120_r1  n=  4  avg=+319.3%  med=+403.1%  realized=$+283.00
  b197|lab0197_s218_w3_1045_1120_r2  n=  3  avg=+368.0%  med=+318.8%  realized=$+253.00
  b198|lab0198_s218_w4_1120_1135_r1  n=  1  avg=+71.9%  med=+71.9%  realized=$+41.00
  b199|lab0199_s218_w4_1120_1135_r2  n=  1  avg=+75.4%  med=+75.4%  realized=$+43.00
  b19|lab0019_s202_w2_1005_1045_r2  n=  1  avg=-56.4%  med=-56.4%  realized=$-22.00
  b20|c020_s164_w1_0928_1005_r1  n=  1  avg=-88.9%  med=-88.9%  realized=$-8.00
  b222|lab0222_s400_w2_1005_1045_r1  n=  1  avg=-50.0%  med=-50.0%  realized=$-4.00
  b223|lab0223_s400_w2_1005_1045_r2  n=  1  avg=-50.0%  med=-50.0%  realized=$-4.00
  b224|lab0224_s400_w3_1045_1120_r1  n=  1  avg=-66.7%  med=-66.7%  realized=$-10.00
  b225|lab0225_s400_w3_1045_1120_r2  n=  1  avg=-66.7%  med=-66.7%  realized=$-10.00
  b227|lab0227_s400_w4_1120_1135_r2  n=  1  avg=-22.2%  med=-22.2%  realized=$-2.00
  b234|lab0234_s401_w1_0928_1005_r1  n=  4  avg=-6.9%  med=+8.3%  realized=$-12.00
  b235|lab0235_s401_w1_0928_1005_r2  n=  6  avg=+69.3%  med=+80.6%  realized=$+229.00
  b236|c236_s218_w3_1045_1120_r1  n=  1  avg=-33.3%  med=-33.3%  realized=$-1.00
  b236|lab0236_s401_w2_1005_1045_r1  n=  2  avg=-96.2%  med=-96.2%  realized=$-102.00
  b237|c237_s218_w3_1045_1120_r2  n=  1  avg=-66.7%  med=-66.7%  realized=$-2.00
  b237|lab0237_s401_w2_1005_1045_r2  n=  2  avg=-96.2%  med=-96.2%  realized=$-102.00
  b238|lab0238_s401_w3_1045_1120_r1  n=  6  avg=+295.8%  med=+273.1%  realized=$+602.00
  b239|lab0239_s401_w3_1045_1120_r2  n=  5  avg=+20.3%  med=-6.7%  realized=$+9.00
  b240|lab0240_s401_w4_1120_1135_r1  n=  5  avg=+20.2%  med=+21.1%  realized=$+29.00
  b241|lab0241_s401_w4_1120_1135_r2  n=  4  avg=+26.1%  med=+31.6%  realized=$+31.00
  b24|lab0024_s203_w1_0928_1005_r1  n=  2  avg=-75.6%  med=-74.4%  realized=$-65.00
  b262|lab0262_s403_w1_0928_1005_r1  n=  1  avg=+65.4%  med=+65.4%  realized=$+34.00
  b263|lab0263_s403_w1_0928_1005_r2  n=  1  avg=+50.0%  med=+50.0%  realized=$+26.00
  b264|lab0264_s403_w2_1005_1045_r1  n=  1  avg=-66.1%  med=-66.1%  realized=$-39.00
  b265|lab0265_s403_w2_1005_1045_r2  n=  1  avg=-52.5%  med=-52.5%  realized=$-31.00
  b266|lab0266_s403_w3_1045_1120_r1  n=  1  avg=-85.9%  med=-85.9%  realized=$-61.00
  b267|lab0267_s403_w3_1045_1120_r2  n=  1  avg=-77.5%  med=-77.5%  realized=$-55.00
  b268|lab0268_s403_w4_1120_1135_r1  n=  2  avg=+320.0%  med=+320.0%  realized=$+160.00
  b269|lab0269_s403_w4_1120_1135_r2  n=  4  avg=+158.4%  med=+316.0%  realized=$+182.00
  b26|lab0026_s203_w2_1005_1045_r1  n=  3  avg=-54.5%  med=-54.0%  realized=$-78.00
  b276|lab0276_s350_w1_0928_1005_r1  n=  6  avg=+84.1%  med=+102.9%  realized=$+218.00
  b277|lab0277_s350_w1_0928_1005_r2  n=  4  avg=+154.0%  med=+260.0%  realized=$+258.00
  b278|lab0278_s350_w2_1005_1045_r1  n=  8  avg=+23.2%  med=+15.0%  realized=$+27.00
  b279|lab0279_s350_w2_1005_1045_r2  n=  8  avg=+66.8%  med=+94.1%  realized=$+137.00
  b27|lab0027_s203_w2_1005_1045_r2  n=  9  avg=-59.9%  med=-56.2%  realized=$-254.00
  b280|lab0280_s351_w1_0928_1005_r1  n=  5  avg=+104.3%  med=+171.9%  realized=$+164.00
  b281|lab0281_s351_w1_0928_1005_r2  n=  4  avg=+209.5%  med=+346.9%  realized=$+310.00
  b282|lab0282_s351_w2_1005_1045_r1  n=  6  avg=-51.8%  med=-62.5%  realized=$-127.00
  b283|lab0283_s351_w2_1005_1045_r2  n=  7  avg=-42.2%  med=-52.9%  realized=$-114.00
  b285|lab0285_s351_w3_1045_1120_r2  n=  1  avg=-33.3%  med=-33.3%  realized=$-1.00
  b286|lab0286_s351_w4_1120_1135_r1  n=  2  avg=-94.9%  med=-94.9%  realized=$-74.00
  b287|lab0287_s351_w4_1120_1135_r2  n=  5  avg=-50.4%  med=-40.0%  realized=$-79.00
  b288|lab0288_s352_w1_0928_1005_r1  n=  2  avg=+76.2%  med=+100.0%  realized=$+54.00
  b289|lab0289_s352_w1_0928_1005_r2  n=  2  avg=+70.7%  med=+93.8%  realized=$+50.00
  b28|c028_s165_w1_0928_1005_r2  n= 17  avg=+49.5%  med=+80.0%  realized=$+448.00
  b28|c028_s173_w1_0928_1005_r2  n=  5  avg=+51.6%  med=+80.0%  realized=$+142.00
  b28|lab0028_s203_w3_1045_1120_r1  n=  2  avg=-50.9%  med=-49.0%  realized=$-54.00
  b290|lab0290_s352_w2_1005_1045_r1  n=  2  avg=+73.6%  med=+108.3%  realized=$+40.00
  b291|lab0291_s352_w2_1005_1045_r2  n=  5  avg=+70.9%  med=-51.9%  realized=$+90.00
  b292|lab0292_s352_w3_1045_1120_r1  n=  1  avg=+92.6%  med=+92.6%  realized=$+25.00
  b293|lab0293_s352_w3_1045_1120_r2  n=  2  avg=+113.5%  med=+137.0%  realized=$+55.00
  b296|lab0296_s353_w1_0928_1005_r1  n=  2  avg=+123.7%  med=+123.7%  realized=$+94.00
  b297|lab0297_s353_w1_0928_1005_r2  n=  2  avg=+79.0%  med=+79.0%  realized=$+60.00
  b298|lab0298_s353_w2_1005_1045_r1  n=  6  avg=-56.2%  med=-50.8%  realized=$-174.00
  b299|lab0299_s353_w2_1005_1045_r2  n=  3  avg=-75.9%  med=-76.3%  realized=$-86.00
  b29|c029_s165_w2_1005_1045_r2  n=  9  avg=-23.3%  med=-50.0%  realized=$-221.00
  b29|c029_s173_w2_1005_1045_r2  n=  2  avg=-69.3%  med=-48.5%  realized=$-78.00
  b29|lab0029_s203_w3_1045_1120_r2  n=  2  avg=-50.9%  med=-49.0%  realized=$-54.00
  b300|lab0300_s353_w3_1045_1120_r1  n=  1  avg=-94.1%  med=-94.1%  realized=$-48.00
  b302|lab0302_s353_w4_1120_1135_r1  n=  1  avg=+96.5%  med=+96.5%  realized=$+28.00
  b303|lab0303_s353_w4_1120_1135_r2  n=  1  avg=+93.1%  med=+93.1%  realized=$+27.00
  b304|lab0304_s354_w1_0928_1005_r1  n=  1  avg=+93.6%  med=+93.6%  realized=$+44.00
  b305|lab0305_s354_w1_0928_1005_r2  n=  1  avg=+100.0%  med=+100.0%  realized=$+47.00
  b306|lab0306_s354_w2_1005_1045_r1  n=  4  avg=+32.2%  med=+133.3%  realized=$+52.00
  b307|lab0307_s354_w2_1005_1045_r2  n=  5  avg=+14.2%  med=-64.4%  realized=$+26.00
  b308|lab0308_s354_w3_1045_1120_r1  n=  3  avg=+102.3%  med=+136.9%  realized=$+162.00
  b309|lab0309_s354_w3_1045_1120_r2  n=  3  avg=+75.3%  med=+103.1%  realized=$+117.00
  b30|c030_s165_w3_1045_1120_r2  n=  9  avg=+38.8%  med=+0.0%  realized=$+260.00
  b30|c030_s173_w3_1045_1120_r2  n=  2  avg=-9.5%  med=+0.0%  realized=$-14.00
  b30|lab0030_s203_w4_1120_1135_r1  n=  3  avg=-61.1%  med=-66.1%  realized=$-99.00
  b310|lab0310_s354_w4_1120_1135_r1  n=  3  avg=+56.5%  med=+116.7%  realized=$+122.00
  b311|lab0311_s354_w4_1120_1135_r2  n=  2  avg=+209.1%  med=+290.5%  realized=$+214.00
  b312|lab0312_s355_w1_0928_1005_r1  n=  2  avg=+19.0%  med=+91.5%  realized=$+20.00
  b313|lab0313_s355_w1_0928_1005_r2  n=  2  avg=+18.1%  med=+85.1%  realized=$+19.00
  b314|lab0314_s355_w2_1005_1045_r1  n=  5  avg=+15.0%  med=-63.4%  realized=$+35.00
  b315|lab0315_s355_w2_1005_1045_r2  n=  5  avg=+8.2%  med=-37.1%  realized=$+26.00
  b316|lab0316_s355_w3_1045_1120_r1  n=  1  avg=+193.8%  med=+193.8%  realized=$+93.00
  b317|lab0317_s355_w3_1045_1120_r2  n=  2  avg=+115.5%  med=+187.5%  realized=$+110.00
  b318|lab0318_s355_w4_1120_1135_r1  n=  1  avg=+292.9%  med=+292.9%  realized=$+123.00
  b319|lab0319_s355_w4_1120_1135_r2  n=  1  avg=+328.6%  med=+328.6%  realized=$+138.00
  b31|c031_s165_w4_1120_1135_r2  n=  2  avg=+145.5%  med=+175.8%  realized=$+192.00
  b31|lab0031_s203_w4_1120_1135_r2  n=  3  avg=-57.3%  med=-62.7%  realized=$-93.00
  b320|lab0320_s356_w1_0928_1005_r1  n=  2  avg=+37.9%  med=+37.9%  realized=$+44.00
  b321|lab0321_s356_w1_0928_1005_r2  n=  2  avg=+58.6%  med=+58.6%  realized=$+68.00
  b328|lab0328_s357_w1_0928_1005_r1  n=  2  avg=+47.1%  med=+47.1%  realized=$+64.00
  b329|lab0329_s357_w1_0928_1005_r2  n=  2  avg=+47.1%  med=+47.1%  realized=$+64.00
  b332|lab0332_s357_w3_1045_1120_r1  n=  2  avg=+66.7%  med=+73.7%  realized=$+79.00
  b333|lab0333_s357_w3_1045_1120_r2  n=  3  avg=+67.3%  med=+71.9%  realized=$+118.00
  b344|lab0344_s359_w1_0928_1005_r1  n=  2  avg=+37.2%  med=+142.9%  realized=$-19.00
  b345|lab0345_s359_w1_0928_1005_r2  n=  2  avg=+82.7%  med=+228.6%  realized=$-4.00
  b346|lab0346_s359_w2_1005_1045_r1  n=  8  avg=-41.8%  med=-46.7%  realized=$-115.00
  b347|lab0347_s359_w2_1005_1045_r2  n=  8  avg=-41.1%  med=-44.4%  realized=$-112.00
  b348|lab0348_s360_w1_0928_1005_r1  n=  1  avg=-82.2%  med=-82.2%  realized=$-37.00
  b349|lab0349_s360_w1_0928_1005_r2  n=  1  avg=-77.8%  med=-77.8%  realized=$-35.00
  b350|lab0350_s360_w2_1005_1045_r1  n=  8  avg=-38.3%  med=-44.4%  realized=$-105.00
  b351|lab0351_s360_w2_1005_1045_r2  n=  8  avg=-50.2%  med=-56.4%  realized=$-142.00
  b352|lab0352_s360_w3_1045_1120_r1  n=  2  avg=-65.8%  med=-50.0%  realized=$-37.00
  b353|lab0353_s360_w3_1045_1120_r2  n=  3  avg=-64.9%  med=-60.5%  realized=$-61.00
  b354|lab0354_s360_w4_1120_1135_r1  n=  2  avg=-33.3%  med=-33.3%  realized=$-12.00
  b355|lab0355_s360_w4_1120_1135_r2  n=  3  avg=-34.9%  med=-54.8%  realized=$-32.00
  b364|lab0364_s361_w2_1005_1045_r1  n=  7  avg=-3.6%  med=-66.7%  realized=$-22.00
  b365|lab0365_s361_w2_1005_1045_r2  n= 10  avg=+97.3%  med=+82.8%  realized=$+201.00
  b367|lab0367_s361_w3_1045_1120_r2  n=  4  avg=+9.9%  med=-8.3%  realized=$-2.00
  b376|lab0376_s362_w1_0928_1005_r1  n=  3  avg=+43.9%  med=+8.7%  realized=$+52.00
  b377|lab0377_s362_w1_0928_1005_r2  n=  3  avg=+49.6%  med=+13.0%  realized=$+61.00
  b378|lab0378_s362_w2_1005_1045_r1  n=  3  avg=+52.7%  med=+52.6%  realized=$+59.00
  b379|lab0379_s362_w2_1005_1045_r2  n=  7  avg=+41.8%  med=+38.2%  realized=$+123.00
  b380|lab0380_s362_w3_1045_1120_r1  n=  4  avg=+63.0%  med=+103.3%  realized=$+164.00
  b381|lab0381_s362_w3_1045_1120_r2  n=  4  avg=+67.4%  med=+108.3%  realized=$+174.00
  b382|lab0382_s362_w4_1120_1135_r1  n=  1  avg=+1125.8%  med=+1125.8%  realized=$+349.00
  b383|lab0383_s362_w4_1120_1135_r2  n=  1  avg=+1222.6%  med=+1222.6%  realized=$+379.00
  b390|lab0390_s363_w1_0928_1005_r1  n=  1  avg=+106.5%  med=+106.5%  realized=$+33.00
  b391|lab0391_s363_w1_0928_1005_r2  n=  1  avg=+103.2%  med=+103.2%  realized=$+32.00
  b392|lab0392_s363_w2_1005_1045_r1  n=  3  avg=+27.8%  med=+9.5%  realized=$+26.00
  b393|lab0393_s363_w2_1005_1045_r2  n=  3  avg=+25.0%  med=+7.1%  realized=$+23.00
  b397|lab0397_s363_w4_1120_1135_r2  n=  2  avg=+52.9%  med=+52.9%  realized=$+36.00
  b405|lab0405_s364_w1_0928_1005_r2  n=  1  avg=+50.0%  med=+50.0%  realized=$+25.00
  b406|lab0406_s364_w2_1005_1045_r1  n=  4  avg=+42.8%  med=+77.8%  realized=$+77.00
  b407|lab0407_s364_w2_1005_1045_r2  n=  4  avg=+36.3%  med=+69.6%  realized=$+62.00
  b408|lab0408_s364_w3_1045_1120_r1  n=  2  avg=+66.7%  med=+66.7%  realized=$+44.00
  b409|lab0409_s364_w3_1045_1120_r2  n=  3  avg=+61.6%  med=+63.6%  realized=$+61.00
  b410|lab0410_s364_w4_1120_1135_r1  n=  2  avg=+233.3%  med=+233.3%  realized=$+168.00
  b411|lab0411_s364_w4_1120_1135_r2  n=  2  avg=+188.9%  med=+188.9%  realized=$+136.00
  b425|lab0425_s365_w4_1120_1135_r2  n=  1  avg=+54.8%  med=+54.8%  realized=$+34.00
  b48|c048_s164_w1_0928_1005_r2  n=  5  avg=-33.1%  med=-49.1%  realized=$-91.00
  b48|c048_s165_w1_0928_1005_r3  n= 16  avg=-35.9%  med=-49.1%  realized=$-344.00
  b49|c049_s164_w2_1005_1045_r2  n=  4  avg=-51.8%  med=-44.0%  realized=$-133.00
  b49|c049_s165_w2_1005_1045_r3  n= 15  avg=-49.3%  med=-49.1%  realized=$-458.00
  b50|c050_s164_w3_1045_1120_r2  n=  4  avg=-39.6%  med=-16.7%  realized=$-115.00
  b50|c050_s165_w3_1045_1120_r3  n=  9  avg=-23.6%  med=-23.1%  realized=$-142.00
  b51|c051_s165_w4_1120_1135_r3  n=  1  avg=+263.6%  med=+263.6%  realized=$+174.00
  b56|g056_lim_tp20_sl65  n=  1  avg=+47.7%  med=+47.7%  realized=$+20.52
  b57|g057_mid_tp20_sl65  n=  1  avg=+47.7%  med=+47.7%  realized=$+20.52
  b58|g058_eod_tp20_sl65  n=  1  avg=+59.1%  med=+59.1%  realized=$+25.41
  b58|lab0058_s207_w2_1005_1045_r1  n=  6  avg=-21.5%  med=-32.0%  realized=$-82.00
  b59|lab0059_s207_w2_1005_1045_r2  n=  5  avg=-48.7%  med=-49.1%  realized=$-153.00
  b60|lab0060_s207_w3_1045_1120_r1  n=  6  avg=-39.6%  med=-36.4%  realized=$-134.00
  b61|lab0061_s207_w3_1045_1120_r2  n=  8  avg=-38.0%  med=-47.7%  realized=$-158.00
  b62|lab0062_s207_w4_1120_1135_r1  n=  6  avg=-45.5%  med=-54.3%  realized=$-164.00
  b63|lab0063_s207_w4_1120_1135_r2  n=  4  avg=-32.9%  med=-45.8%  realized=$-83.00
  b68|c068_s165_w1_0928_1005_r4  n= 16  avg=-51.3%  med=-49.1%  realized=$-446.00
  b68|c068_s166_w1_0928_1005_r3  n=  4  avg=-52.7%  med=-49.1%  realized=$-116.00
  b69|c069_s165_w2_1005_1045_r4  n= 11  avg=+19.0%  med=-43.6%  realized=$-179.00
  b69|c069_s166_w2_1005_1045_r3  n=  4  avg=+10.1%  med=-40.0%  realized=$-87.00
  b70|c070_s165_w3_1045_1120_r4  n= 11  avg=-2.1%  med=-16.9%  realized=$-6.00
  b70|c070_s166_w3_1045_1120_r3  n=  4  avg=-42.5%  med=-27.0%  realized=$-124.00
  b70|g070_eod_tp30_sl20  n=  1  avg=+59.1%  med=+59.1%  realized=$+27.77
  b76|c076_s164_w1_0928_1005_r3  n=  1  avg=-50.0%  med=-50.0%  realized=$-2.00
  b776|lab0776_s397_w1_0928_1005_r1  n=  1  avg=+40.4%  med=+40.4%  realized=$+23.00
  b777|lab0777_s397_w1_0928_1005_r2  n=  1  avg=+38.6%  med=+38.6%  realized=$+22.00
  b778|lab0778_s397_w2_1005_1045_r1  n=  2  avg=+62.2%  med=+73.0%  realized=$+83.00
  b779|lab0779_s397_w2_1005_1045_r2  n=  2  avg=+52.8%  med=+61.9%  realized=$+70.00
  b780|lab0780_s397_w3_1045_1120_r1  n=  1  avg=+114.8%  med=+114.8%  realized=$+70.00
  b781|lab0781_s397_w3_1045_1120_r2  n=  2  avg=+12.4%  med=+116.4%  realized=$+27.00
  b783|lab0783_s397_w4_1120_1135_r2  n=  1  avg=+151.6%  med=+151.6%  realized=$+94.00
  b784|lab0784_s398_w1_0928_1005_r1  n=  1  avg=+49.0%  med=+49.0%  realized=$+24.00
  b785|lab0785_s398_w1_0928_1005_r2  n=  1  avg=+49.0%  med=+49.0%  realized=$+24.00
  b786|lab0786_s398_w2_1005_1045_r1  n=  6  avg=-2.7%  med=+3.3%  realized=$+3.00
  b787|lab0787_s398_w2_1005_1045_r2  n=  2  avg=+69.9%  med=+78.6%  realized=$+82.00
  b788|lab0788_s398_w3_1045_1120_r1  n=  5  avg=+32.0%  med=-18.4%  realized=$+80.00
  b789|lab0789_s398_w3_1045_1120_r2  n=  3  avg=+55.2%  med=+65.7%  realized=$+95.00
  b790|lab0790_s398_w4_1120_1135_r1  n=  3  avg=+177.2%  med=+140.3%  realized=$+255.00
  b791|lab0791_s398_w4_1120_1135_r2  n=  3  avg=+150.8%  med=+155.6%  realized=$+242.00
  b792|lab0792_s399_w1_0928_1005_r1  n=  2  avg=+145.0%  med=+150.0%  realized=$+71.00
  b793|lab0793_s399_w1_0928_1005_r2  n=  8  avg=+37.9%  med=+100.0%  realized=$+85.00
  b794|lab0794_s399_w2_1005_1045_r1  n=  5  avg=-5.3%  med=-17.2%  realized=$-30.00
  b795|lab0795_s399_w2_1005_1045_r2  n=  5  avg=+1.6%  med=-46.1%  realized=$+0.00
  b797|lab0797_s399_w3_1045_1120_r2  n=  5  avg=-64.6%  med=-66.7%  realized=$-121.00
  b798|lab0798_s399_w4_1120_1135_r1  n=  2  avg=+134.0%  med=+134.0%  realized=$+134.00
  b799|lab0799_s399_w4_1120_1135_r2  n=  2  avg=+149.2%  med=+186.5%  realized=$+125.00
  b800|lab0800_s404_w1_0928_1005_r1  n=  1  avg=+38.6%  med=+38.6%  realized=$+22.00
  b801|lab0801_s404_w1_0928_1005_r2  n=  1  avg=+31.6%  med=+31.6%  realized=$+18.00
  b802|lab0802_s404_w2_1005_1045_r1  n=  3  avg=+2.6%  med=+45.1%  realized=$+17.00
  b803|lab0803_s404_w2_1005_1045_r2  n=  2  avg=+48.5%  med=+50.8%  realized=$+64.00
  b804|lab0804_s404_w3_1045_1120_r1  n=  2  avg=+7.4%  med=+106.6%  realized=$+21.00
  b805|lab0805_s404_w3_1045_1120_r2  n=  2  avg=-2.4%  med=+86.9%  realized=$+9.00
  b806|lab0806_s404_w4_1120_1135_r1  n=  1  avg=+145.2%  med=+145.2%  realized=$+90.00
  b807|lab0807_s404_w4_1120_1135_r2  n=  1  avg=+124.2%  med=+124.2%  realized=$+77.00
  b80|lab0080_s210_w1_0928_1005_r1  n=  4  avg=+7.0%  med=-8.5%  realized=$+3.00
  b814|lab0814_s405_w1_0928_1005_r1  n=  1  avg=+53.1%  med=+53.1%  realized=$+26.00
  b815|lab0815_s405_w1_0928_1005_r2  n=  1  avg=+46.9%  med=+46.9%  realized=$+23.00
  b816|lab0816_s405_w2_1005_1045_r1  n=  2  avg=+61.4%  med=+69.6%  realized=$+72.00
  b817|lab0817_s405_w2_1005_1045_r2  n=  9  avg=-20.2%  med=-40.0%  realized=$-80.00
  b818|lab0818_s405_w3_1045_1120_r1  n=  3  avg=+46.7%  med=+55.7%  realized=$+81.00
  b819|lab0819_s405_w3_1045_1120_r2  n=  4  avg=+21.7%  med=+42.9%  realized=$+37.00
  b81|lab0081_s210_w1_0928_1005_r2  n=  3  avg=+14.8%  med=-6.4%  realized=$+10.00
  b820|lab0820_s405_w4_1120_1135_r1  n=  3  avg=+105.6%  med=+106.9%  realized=$+171.00
  b821|lab0821_s405_w4_1120_1135_r2  n=  5  avg=+46.2%  med=+3.5%  realized=$+92.00
  b828|lab0828_s406_w1_0928_1005_r1  n=  2  avg=+11.3%  med=+72.5%  realized=$+22.00
  b829|lab0829_s406_w1_0928_1005_r2  n=  2  avg=+9.3%  med=+68.6%  realized=$+20.00
  b82|lab0082_s210_w2_1005_1045_r1  n=  4  avg=-58.3%  med=-48.8%  realized=$-91.00
  b830|lab0830_s406_w2_1005_1045_r1  n=  7  avg=+37.9%  med=+61.3%  realized=$+38.00
  b831|lab0831_s406_w2_1005_1045_r2  n=  8  avg=+35.6%  med=+82.8%  realized=$+20.00
  b832|lab0832_s406_w3_1045_1120_r1  n=  6  avg=+351.8%  med=+126.9%  realized=$+863.00
  b833|lab0833_s406_w3_1045_1120_r2  n=  8  avg=+343.2%  med=+73.1%  realized=$+836.00
  b834|lab0834_s406_w4_1120_1135_r1  n=  2  avg=+53.8%  med=+63.6%  realized=$+25.00
  b835|lab0835_s406_w4_1120_1135_r2  n=  2  avg=-53.0%  med=-50.0%  realized=$-25.00
  b83|lab0083_s210_w2_1005_1045_r2  n=  4  avg=+28.5%  med=+50.0%  realized=$+34.00
  b842|lab0842_s407_w1_0928_1005_r1  n=  1  avg=+140.0%  med=+140.0%  realized=$+28.00
  b843|lab0843_s407_w1_0928_1005_r2  n=  1  avg=+125.0%  med=+125.0%  realized=$+25.00
  b844|lab0844_s407_w2_1005_1045_r1  n=  7  avg=+101.2%  med=-51.4%  realized=$+84.00
  b845|lab0845_s407_w2_1005_1045_r2  n=  6  avg=+104.2%  med=+38.8%  realized=$+101.00
  b848|lab0848_s407_w4_1120_1135_r1  n=  2  avg=-95.9%  med=-95.9%  realized=$-94.00
  b849|lab0849_s407_w4_1120_1135_r2  n=  5  avg=+104.6%  med=+229.2%  realized=$+115.00
  b84|lab0084_s210_w3_1045_1120_r1  n=  4  avg=+30.9%  med=+16.7%  realized=$+34.00
  b857|lab0857_s408_w1_0928_1005_r2  n=  1  avg=+52.6%  med=+52.6%  realized=$+10.00
  b858|lab0858_s408_w2_1005_1045_r1  n=  2  avg=-19.8%  med=+41.9%  realized=$-9.00
  b859|lab0859_s408_w2_1005_1045_r2  n=  2  avg=+1.1%  med=+45.2%  realized=$+8.00
  b85|lab0085_s210_w3_1045_1120_r2  n=  5  avg=+13.7%  med=+13.9%  realized=$+12.00
  b860|lab0860_s408_w3_1045_1120_r1  n=  5  avg=+695.8%  med=+954.5%  realized=$+621.00
  b861|lab0861_s408_w3_1045_1120_r2  n=  8  avg=+280.7%  med=+100.0%  realized=$+392.00
  b862|lab0862_s408_w4_1120_1135_r1  n=  1  avg=-50.0%  med=-50.0%  realized=$-8.00
  b863|lab0863_s408_w4_1120_1135_r2  n=  5  avg=-12.5%  med=-6.2%  realized=$-10.00
  b86|lab0086_s210_w4_1120_1135_r1  n=  4  avg=+23.7%  med=+16.7%  realized=$+31.00
  b87|lab0087_s210_w4_1120_1135_r2  n=  4  avg=+26.6%  med=+19.4%  realized=$+35.00
  b88|c088_s165_w1_0928_1005_r5  n= 21  avg=-5.0%  med=-2.7%  realized=$-63.00
  b88|c088_s167_w1_0928_1005_r4  n=  4  avg=-12.7%  med=+30.9%  realized=$-28.00
  b898|lab0898_s411_w1_0928_1005_r1  n=  1  avg=-51.4%  med=-51.4%  realized=$-37.00
  b899|lab0899_s411_w1_0928_1005_r2  n=  1  avg=-48.6%  med=-48.6%  realized=$-35.00
  b89|c089_s165_w2_1005_1045_r5  n=  7  avg=+113.1%  med=+30.9%  realized=$+67.00
  b89|c089_s167_w2_1005_1045_r4  n=  2  avg=-16.2%  med=+30.9%  realized=$-22.00
  b8|c008_s165_w1_0928_1005_r1  n= 23  avg=-19.6%  med=-35.3%  realized=$-250.00
  b900|lab0900_s411_w2_1005_1045_r1  n=  2  avg=+37.4%  med=+45.0%  realized=$+47.00
  b901|lab0901_s411_w2_1005_1045_r2  n=  4  avg=+10.0%  med=+36.1%  realized=$+22.00
  b902|lab0902_s411_w3_1045_1120_r1  n=  5  avg=+7.5%  med=+13.4%  realized=$+13.00
  b903|lab0903_s411_w3_1045_1120_r2  n=  5  avg=+6.1%  med=+10.4%  realized=$+9.00
  b905|lab0905_s411_w4_1120_1135_r2  n=  1  avg=+13.1%  med=+13.1%  realized=$+8.00
  b90|c090_s165_w3_1045_1120_r5  n= 13  avg=+7.7%  med=+0.0%  realized=$+47.00
  b90|c090_s167_w3_1045_1120_r4  n=  4  avg=-41.6%  med=-18.9%  realized=$-123.00
  b914|lab0914_s412_w2_1005_1045_r1  n=  4  avg=+75.2%  med=+68.2%  realized=$+124.00
  b915|lab0915_s412_w2_1005_1045_r2  n=  3  avg=+54.2%  med=+43.2%  realized=$+64.00
  b916|lab0916_s412_w3_1045_1120_r1  n=  8  avg=+21.1%  med=-10.7%  realized=$+15.00
  b917|lab0917_s412_w3_1045_1120_r2  n=  1  avg=-51.8%  med=-51.8%  realized=$-29.00
  b919|lab0919_s412_w4_1120_1135_r2  n=  1  avg=+37.5%  med=+37.5%  realized=$+12.00
  b91|c091_s165_w4_1120_1135_r5  n=  2  avg=+222.0%  med=+247.0%  realized=$+293.00
  b94|lab0094_s211_w1_0928_1005_r1  n=  3  avg=-21.0%  med=-5.7%  realized=$-39.00
  b95|lab0095_s211_w1_0928_1005_r2  n=  3  avg=-30.5%  med=-17.1%  realized=$-51.00
  b96|lab0096_s211_w2_1005_1045_r1  n=  2  avg=-34.8%  med=-31.6%  realized=$-28.00
  b97|lab0097_s211_w2_1005_1045_r2  n=  4  avg=-42.0%  med=-16.7%  realized=$-77.00
  b98|lab0098_s211_w3_1045_1120_r1  n=  3  avg=-45.9%  med=-44.4%  realized=$-51.00
  b99|lab0099_s211_w3_1045_1120_r2  n=  4  avg=+102.6%  med=+125.0%  realized=$+160.00
  b9|c009_s165_w2_1005_1045_r1  n=  7  avg=-74.4%  med=-66.2%  realized=$-301.00
========================================================
+========================================================================+
|  OPTIONS BOT SUMMARY                                                   |
+------------------------------------------------------------------------+
|  Mode                          entry+manage                            |
|  Equity                        $144,889.06                             |
|  Signals this run              865                                     |
|  Orders submitted (session)    45                                      |
|  Orders filled today (ledger)  44                                      |
|  Entries placed this run       0                                       |
|  Open virtual lots             153                                     |
|  Broker option positions       35                                      |
|  Pending orders                7                                       |
+========================================================================+
+========================================================================+
|  BUCKET LEADERBOARD (reflected ex-S173,S174)                           |
+------------------------------------------------------------------------+
|  Reflected trades=1124  buckets=256  win=43%                           |
|  Returns   avg=+25.2%  med=-18.7%  p10=-75.5%  p90=+138.4%             |
|  Realized  $+11,806.46                                                 |
|  Raw incl dropped  trades=1658  real=$+10,210.91                       |
|  Today     trades=30  avg=-34.8%  med=-81.9%  real=$-722.85            |
+------------------------------------------------------------------------+
|  BKT PROFILE               N  WIN  AVG%   MED%   BEST%  REAL$          |
+------------------------------------------------------------------------+
|  b383 lab0383_s362_w4_11  1 100% +1222.6 +1222.6 +1222.6 $   +379      |
|  b382 lab0382_s362_w4_11  1 100% +1125.8 +1125.8 +1125.8 $   +349      |
|  b860 lab0860_s408_w3_10  5  60% +695.8 +954.5 +1446.7 $   +621        |
|  b319 lab0319_s355_w4_11  1 100% +328.6 +328.6 +328.6 $   +138         |
|  b268 lab0268_s403_w4_11  2 100% +320.0 +320.0 +320.0 $   +160         |
|  b197 lab0197_s218_w3_10  3 100% +368.0 +318.8 +737.5 $   +253         |
|  b318 lab0318_s355_w4_11  1 100% +292.9 +292.9 +292.9 $   +123         |
|  b238 lab0238_s401_w3_10  6 100% +295.8 +273.1 +815.4 $   +602         |
|  ... 248 more bucket(s) with exits                                     |
+------------------------------------------------------------------------+
|  Low  b108 lab0108_s212_w1_09  4   0% -82.2 -98.4 -98.6 $   -199       |
+========================================================================+
+========================================================================+
|  PENDING ORDERS (7)                                                    |
+------------------------------------------------------------------------+
|  Top groups                    S355:MARA(2), S361:MARA(2), S210:CVNA(2)|
+------------------------------------------------------------------------+
|  b314 S355 MARA     limit=0.48                                         |
|  b315 S355 MARA     limit=0.48                                         |
|  b364 S361 MARA     limit=0.22                                         |
|  b365 S361 MARA     limit=0.22                                         |
|  b786 S398 CRWD     limit=0.42                                         |
|  ... 2 more pending order(s)                                           |
+========================================================================+
+========================================================================+
|  PENDING EXITS (5)                                                     |
+------------------------------------------------------------------------+
|  b0   ORPHAN AMZN260807C00302500 x1 stop_loss (-92.7%)                 |
|  b96  S211 AMZN260807C00297500 x1 stop_loss (-97.1%)                   |
|  b779 S397 AMZN260807C00295000 x1 stop_loss (-95.0%)                   |
|  b780 S397 AMZN260807C00292500 x1 stop_loss (-96.3%)                   |
|  b352 S360 DKNG260807C00024500 x1 stop_loss (-64.5%)                   |
+========================================================================+
+========================================================================+
|  OPEN OPTIONS (35)                                                     |
+------------------------------------------------------------------------+
|  SYMBOL                      QTY    RET%        OPEN P&L               |
|------------------------------------------------------------------------|
|  AMZN260807C00295000          34   -100.0%   $ -1,371.33               |
|  AMZN260807C00292500          16    -98.1%   $   -845.60               |
|  AMZN260807C00297500           8   -100.0%   $   -271.38               |
|  NKE260807C00042000           10    -31.4%   $   -201.00               |
|  NKE260828C00045000           12    -16.1%   $   -122.00               |
|  NKE260821C00044000           12    -12.7%   $    -96.00               |
|  TTD260807P00017000            4    +32.7%   $    +72.00               |
|  UBER260807C00070000           4    +39.6%   $    +51.08               |
|  ... 27 more position(s)                                               |
+========================================================================+
Full detail: logs/options_trial/runs/2026-08-06.log
elapsed=124.7s reconcile=0.26s cancel=0.06s manage=13.11s scan=59.45s entries=51.05s

