=== 00:54:09 ET — after hours (exit summary) [elapsed=0.9s reconcile=0.43s] ===
=== options_morning_bot (PAPER) 2026-07-29T00:54:09.466497-04:00 ===

[Run context]
After hours (00:54 ET) — exit summary only.
Paper auth OK — equity $126754.25, account PA36KS87UPRS
  reconcile: layout changed controlled:100:c000_s173_w1_0928_1005_r1 -> controlled:248:c000_s163_w1_0928_1005_r1

[Exit summary]
========================================================
OPTIONS EXIT SUMMARY — 2026-07-29
========================================================
Account equity: $126,754.25
Open positions: flat

No closed trades today.
========================================================

[Portfolio snapshot]
========================================================
OPTIONS TRIAL STATS
========================================================
Account equity: $126,754.25
Active buckets: 248 of 248 profiles ($500 virtual each) — paper unlimited mode

P&L summary
  Reflected (ex-S173,S174): $+4,423.13 all-time  |  $+0.00 today
  Raw (incl dropped):     $+2,827.58 all-time  |  $+0.00 today
  Open (not sold yet): $+0.00 unrealized (virtual lots)
  Premium deployed:    $0.00 in open positions
  Combined P&L:        $+4,423.13 (reflected realized + open virtual)

Ledger (master)
  Total events:     5917
  Today entries:    0
  Today exits (reflected): 0
  All-time exits (reflected): 273  wins 30%
  Avg return/trade: -5.1%  median -40.0%

Open virtual lots (by bucket)
  (248 quiet bucket profile(s) — no trades yet)
  (no open lots across active profiles)

Alpaca option positions
  (none)

Per-bucket exit stats (all time)
  b0|orphan_reconcile     n= 22  avg=+22.4%  med=-57.5%  realized=$+6,310.91
  b104|c104_s164_w1_0928_1005_r4  n=  1  avg=-88.9%  med=-88.9%  realized=$-8.00
  b10|c010_s165_w3_1045_1120_r1  n=  8  avg=-37.2%  med=-18.9%  realized=$-205.00
  b132|c132_s164_w1_0928_1005_r5  n=  2  avg=-65.7%  med=-53.6%  realized=$-37.00
  b135|c135_s164_w4_1120_1135_r5  n=  1  avg=-50.0%  med=-50.0%  realized=$-4.00
  b20|c020_s164_w1_0928_1005_r1  n=  1  avg=-88.9%  med=-88.9%  realized=$-8.00
  b28|c028_s165_w1_0928_1005_r2  n= 17  avg=+49.5%  med=+80.0%  realized=$+448.00
  b28|c028_s173_w1_0928_1005_r2  n=  5  avg=+51.6%  med=+80.0%  realized=$+142.00
  b29|c029_s165_w2_1005_1045_r2  n=  9  avg=-23.3%  med=-50.0%  realized=$-221.00
  b29|c029_s173_w2_1005_1045_r2  n=  2  avg=-69.3%  med=-48.5%  realized=$-78.00
  b30|c030_s165_w3_1045_1120_r2  n=  9  avg=+38.8%  med=+0.0%  realized=$+260.00
  b30|c030_s173_w3_1045_1120_r2  n=  2  avg=-9.5%  med=+0.0%  realized=$-14.00
  b31|c031_s165_w4_1120_1135_r2  n=  2  avg=+145.5%  med=+175.8%  realized=$+192.00
  b48|c048_s164_w1_0928_1005_r2  n=  5  avg=-33.1%  med=-49.1%  realized=$-91.00
  b48|c048_s165_w1_0928_1005_r3  n= 16  avg=-35.9%  med=-49.1%  realized=$-344.00
  b49|c049_s164_w2_1005_1045_r2  n=  4  avg=-51.8%  med=-44.0%  realized=$-133.00
  b49|c049_s165_w2_1005_1045_r3  n= 15  avg=-49.3%  med=-49.1%  realized=$-458.00
  b50|c050_s164_w3_1045_1120_r2  n=  4  avg=-39.6%  med=-16.7%  realized=$-115.00
  b50|c050_s165_w3_1045_1120_r3  n=  9  avg=-23.6%  med=-23.1%  realized=$-142.00
  b51|c051_s165_w4_1120_1135_r3  n=  1  avg=+263.6%  med=+263.6%  realized=$+174.00
  b56|g056_lim_tp20_sl65  n=  1  avg=+47.7%  med=+47.7%  realized=$+20.52
  b57|g057_mid_tp20_sl65  n=  1  avg=+47.7%  med=+47.7%  realized=$+20.52
  b58|g058_eod_tp20_sl65  n=  1  avg=+59.1%  med=+59.1%  realized=$+25.41
  b68|c068_s165_w1_0928_1005_r4  n= 16  avg=-51.3%  med=-49.1%  realized=$-446.00
  b68|c068_s166_w1_0928_1005_r3  n=  4  avg=-52.7%  med=-49.1%  realized=$-116.00
  b69|c069_s165_w2_1005_1045_r4  n= 11  avg=+19.0%  med=-43.6%  realized=$-179.00
  b69|c069_s166_w2_1005_1045_r3  n=  4  avg=+10.1%  med=-40.0%  realized=$-87.00
  b70|c070_s165_w3_1045_1120_r4  n= 11  avg=-2.1%  med=-16.9%  realized=$-6.00
  b70|c070_s166_w3_1045_1120_r3  n=  4  avg=-42.5%  med=-27.0%  realized=$-124.00
  b70|g070_eod_tp30_sl20  n=  1  avg=+59.1%  med=+59.1%  realized=$+27.77
  b76|c076_s164_w1_0928_1005_r3  n=  1  avg=-50.0%  med=-50.0%  realized=$-2.00
  b88|c088_s165_w1_0928_1005_r5  n= 21  avg=-5.0%  med=-2.7%  realized=$-63.00
  b88|c088_s167_w1_0928_1005_r4  n=  4  avg=-12.7%  med=+30.9%  realized=$-28.00
  b89|c089_s165_w2_1005_1045_r5  n=  7  avg=+113.1%  med=+30.9%  realized=$+67.00
  b89|c089_s167_w2_1005_1045_r4  n=  2  avg=-16.2%  med=+30.9%  realized=$-22.00
  b8|c008_s165_w1_0928_1005_r1  n= 23  avg=-19.6%  med=-35.3%  realized=$-250.00
  b90|c090_s165_w3_1045_1120_r5  n= 13  avg=+7.7%  med=+0.0%  realized=$+47.00
  b90|c090_s167_w3_1045_1120_r4  n=  4  avg=-41.6%  med=-18.9%  realized=$-123.00
  b91|c091_s165_w4_1120_1135_r5  n=  2  avg=+222.0%  med=+247.0%  realized=$+293.00
  b9|c009_s165_w2_1005_1045_r1  n=  7  avg=-74.4%  med=-66.2%  realized=$-301.00
========================================================
+========================================================================+
|  OPTIONS BOT SUMMARY                                                   |
+------------------------------------------------------------------------+
|  Mode                          after_hours                             |
|  Equity                        $126,754.25                             |
|  Signals this run              0                                       |
|  Orders submitted (session)    0                                       |
|  Orders filled today (ledger)  0                                       |
|  Entries placed this run       0                                       |
|  Open virtual lots             0                                       |
|  Broker option positions       0                                       |
|  Pending orders                0                                       |
+========================================================================+
+========================================================================+
|  BUCKET LEADERBOARD (reflected ex-S173,S174)                           |
+------------------------------------------------------------------------+
|  Reflected trades=273  buckets=27  win=30%                             |
|  Returns   avg=-5.1%  med=-40.0%  p10=-66.2%  p90=+81.8%               |
|  Realized  $+4,423.13                                                  |
|  Raw incl dropped  trades=807  real=$+2,827.58                         |
+------------------------------------------------------------------------+
|  BKT PROFILE               N  WIN  AVG%   MED%   BEST%  REAL$          |
+------------------------------------------------------------------------+
|  b51  c051_s169_w2_1005_  1 100% +263.6 +263.6 +263.6 $   +174         |
|  b91  c091_s200_w2_1005_  2 100% +222.0 +222.0 +247.0 $   +293         |
|  b31  c031_s166_w4_1120_  2 100% +145.5 +145.5 +175.8 $   +192         |
|  b28  c028_s166_w3_1045_ 22  77% +50.0 +80.0 +102.0 $   +590           |
|  b58  c058_s170_w2_1005_  1 100% +59.1 +59.1 +59.1 $    +25            |
|  b56  c056_s170_w1_0928_  1 100% +47.7 +47.7 +47.7 $    +21            |
|  b57  c057_s170_w1_0928_  1 100% +47.7 +47.7 +47.7 $    +21            |
|  b89  c089_s200_w1_0928_  9  56% +84.4 +30.9 +790.0 $    +45           |
|  ... 19 more bucket(s) with exits                                      |
+------------------------------------------------------------------------+
|  Low  b20  c020_s165_w3_1045_  1   0% -88.9 -88.9 -88.9 $     -8       |
+========================================================================+
+========================================================================+
|  OPEN OPTIONS (0)                                                      |
+------------------------------------------------------------------------+
|  No open option positions                                              |
+========================================================================+
Full detail: logs/options_trial/runs/2026-07-29.log
elapsed=0.9s reconcile=0.43s

=== 09:00:48 ET — after hours (exit summary) [elapsed=0.4s reconcile=0.08s] ===
=== options_morning_bot (PAPER) 2026-07-29T09:00:48.481601-04:00 ===

[Run context]
After hours (09:00 ET) — exit summary only.
Paper auth OK — equity $128671.20, account PA36KS87UPRS
  reconcile: layout changed controlled:100:c000_s173_w1_0928_1005_r1 -> controlled:248:c000_s163_w1_0928_1005_r1

[Exit summary]
========================================================
OPTIONS EXIT SUMMARY — 2026-07-29
========================================================
Account equity: $128,671.20
Open positions: flat

No closed trades today.
========================================================

[Portfolio snapshot]
========================================================
OPTIONS TRIAL STATS
========================================================
Account equity: $128,671.20
Active buckets: 248 of 248 profiles ($500 virtual each) — paper unlimited mode

P&L summary
  Reflected (ex-S173,S174): $+4,423.13 all-time  |  $+0.00 today
  Raw (incl dropped):     $+2,827.58 all-time  |  $+0.00 today
  Open (not sold yet): $+0.00 unrealized (virtual lots)
  Premium deployed:    $0.00 in open positions
  Combined P&L:        $+4,423.13 (reflected realized + open virtual)

Ledger (master)
  Total events:     5917
  Today entries:    0
  Today exits (reflected): 0
  All-time exits (reflected): 273  wins 30%
  Avg return/trade: -5.1%  median -40.0%

Open virtual lots (by bucket)
  (248 quiet bucket profile(s) — no trades yet)
  (no open lots across active profiles)

Alpaca option positions
  (none)

Per-bucket exit stats (all time)
  b0|orphan_reconcile     n= 22  avg=+22.4%  med=-57.5%  realized=$+6,310.91
  b104|c104_s164_w1_0928_1005_r4  n=  1  avg=-88.9%  med=-88.9%  realized=$-8.00
  b10|c010_s165_w3_1045_1120_r1  n=  8  avg=-37.2%  med=-18.9%  realized=$-205.00
  b132|c132_s164_w1_0928_1005_r5  n=  2  avg=-65.7%  med=-53.6%  realized=$-37.00
  b135|c135_s164_w4_1120_1135_r5  n=  1  avg=-50.0%  med=-50.0%  realized=$-4.00
  b20|c020_s164_w1_0928_1005_r1  n=  1  avg=-88.9%  med=-88.9%  realized=$-8.00
  b28|c028_s165_w1_0928_1005_r2  n= 17  avg=+49.5%  med=+80.0%  realized=$+448.00
  b28|c028_s173_w1_0928_1005_r2  n=  5  avg=+51.6%  med=+80.0%  realized=$+142.00
  b29|c029_s165_w2_1005_1045_r2  n=  9  avg=-23.3%  med=-50.0%  realized=$-221.00
  b29|c029_s173_w2_1005_1045_r2  n=  2  avg=-69.3%  med=-48.5%  realized=$-78.00
  b30|c030_s165_w3_1045_1120_r2  n=  9  avg=+38.8%  med=+0.0%  realized=$+260.00
  b30|c030_s173_w3_1045_1120_r2  n=  2  avg=-9.5%  med=+0.0%  realized=$-14.00
  b31|c031_s165_w4_1120_1135_r2  n=  2  avg=+145.5%  med=+175.8%  realized=$+192.00
  b48|c048_s164_w1_0928_1005_r2  n=  5  avg=-33.1%  med=-49.1%  realized=$-91.00
  b48|c048_s165_w1_0928_1005_r3  n= 16  avg=-35.9%  med=-49.1%  realized=$-344.00
  b49|c049_s164_w2_1005_1045_r2  n=  4  avg=-51.8%  med=-44.0%  realized=$-133.00
  b49|c049_s165_w2_1005_1045_r3  n= 15  avg=-49.3%  med=-49.1%  realized=$-458.00
  b50|c050_s164_w3_1045_1120_r2  n=  4  avg=-39.6%  med=-16.7%  realized=$-115.00
  b50|c050_s165_w3_1045_1120_r3  n=  9  avg=-23.6%  med=-23.1%  realized=$-142.00
  b51|c051_s165_w4_1120_1135_r3  n=  1  avg=+263.6%  med=+263.6%  realized=$+174.00
  b56|g056_lim_tp20_sl65  n=  1  avg=+47.7%  med=+47.7%  realized=$+20.52
  b57|g057_mid_tp20_sl65  n=  1  avg=+47.7%  med=+47.7%  realized=$+20.52
  b58|g058_eod_tp20_sl65  n=  1  avg=+59.1%  med=+59.1%  realized=$+25.41
  b68|c068_s165_w1_0928_1005_r4  n= 16  avg=-51.3%  med=-49.1%  realized=$-446.00
  b68|c068_s166_w1_0928_1005_r3  n=  4  avg=-52.7%  med=-49.1%  realized=$-116.00
  b69|c069_s165_w2_1005_1045_r4  n= 11  avg=+19.0%  med=-43.6%  realized=$-179.00
  b69|c069_s166_w2_1005_1045_r3  n=  4  avg=+10.1%  med=-40.0%  realized=$-87.00
  b70|c070_s165_w3_1045_1120_r4  n= 11  avg=-2.1%  med=-16.9%  realized=$-6.00
  b70|c070_s166_w3_1045_1120_r3  n=  4  avg=-42.5%  med=-27.0%  realized=$-124.00
  b70|g070_eod_tp30_sl20  n=  1  avg=+59.1%  med=+59.1%  realized=$+27.77
  b76|c076_s164_w1_0928_1005_r3  n=  1  avg=-50.0%  med=-50.0%  realized=$-2.00
  b88|c088_s165_w1_0928_1005_r5  n= 21  avg=-5.0%  med=-2.7%  realized=$-63.00
  b88|c088_s167_w1_0928_1005_r4  n=  4  avg=-12.7%  med=+30.9%  realized=$-28.00
  b89|c089_s165_w2_1005_1045_r5  n=  7  avg=+113.1%  med=+30.9%  realized=$+67.00
  b89|c089_s167_w2_1005_1045_r4  n=  2  avg=-16.2%  med=+30.9%  realized=$-22.00
  b8|c008_s165_w1_0928_1005_r1  n= 23  avg=-19.6%  med=-35.3%  realized=$-250.00
  b90|c090_s165_w3_1045_1120_r5  n= 13  avg=+7.7%  med=+0.0%  realized=$+47.00
  b90|c090_s167_w3_1045_1120_r4  n=  4  avg=-41.6%  med=-18.9%  realized=$-123.00
  b91|c091_s165_w4_1120_1135_r5  n=  2  avg=+222.0%  med=+247.0%  realized=$+293.00
  b9|c009_s165_w2_1005_1045_r1  n=  7  avg=-74.4%  med=-66.2%  realized=$-301.00
========================================================
+========================================================================+
|  OPTIONS BOT SUMMARY                                                   |
+------------------------------------------------------------------------+
|  Mode                          after_hours                             |
|  Equity                        $128,671.20                             |
|  Signals this run              0                                       |
|  Orders submitted (session)    0                                       |
|  Orders filled today (ledger)  0                                       |
|  Entries placed this run       0                                       |
|  Open virtual lots             0                                       |
|  Broker option positions       0                                       |
|  Pending orders                0                                       |
+========================================================================+
+========================================================================+
|  BUCKET LEADERBOARD (reflected ex-S173,S174)                           |
+------------------------------------------------------------------------+
|  Reflected trades=273  buckets=27  win=30%                             |
|  Returns   avg=-5.1%  med=-40.0%  p10=-66.2%  p90=+81.8%               |
|  Realized  $+4,423.13                                                  |
|  Raw incl dropped  trades=807  real=$+2,827.58                         |
+------------------------------------------------------------------------+
|  BKT PROFILE               N  WIN  AVG%   MED%   BEST%  REAL$          |
+------------------------------------------------------------------------+
|  b51  c051_s169_w2_1005_  1 100% +263.6 +263.6 +263.6 $   +174         |
|  b91  c091_s200_w2_1005_  2 100% +222.0 +222.0 +247.0 $   +293         |
|  b31  c031_s166_w4_1120_  2 100% +145.5 +145.5 +175.8 $   +192         |
|  b28  c028_s166_w3_1045_ 22  77% +50.0 +80.0 +102.0 $   +590           |
|  b58  c058_s170_w2_1005_  1 100% +59.1 +59.1 +59.1 $    +25            |
|  b56  c056_s170_w1_0928_  1 100% +47.7 +47.7 +47.7 $    +21            |
|  b57  c057_s170_w1_0928_  1 100% +47.7 +47.7 +47.7 $    +21            |
|  b89  c089_s200_w1_0928_  9  56% +84.4 +30.9 +790.0 $    +45           |
|  ... 19 more bucket(s) with exits                                      |
+------------------------------------------------------------------------+
|  Low  b20  c020_s165_w3_1045_  1   0% -88.9 -88.9 -88.9 $     -8       |
+========================================================================+
+========================================================================+
|  OPEN OPTIONS (0)                                                      |
+------------------------------------------------------------------------+
|  No open option positions                                              |
+========================================================================+
Full detail: logs/options_trial/runs/2026-07-29.log
elapsed=0.4s reconcile=0.08s

=== 09:05:50 ET — after hours (exit summary) [elapsed=0.9s reconcile=0.45s] ===
=== options_morning_bot (PAPER) 2026-07-29T09:05:50.554494-04:00 ===

[Run context]
After hours (09:05 ET) — exit summary only.
Paper auth OK — equity $128379.20, account PA36KS87UPRS
  reconcile: layout changed controlled:100:c000_s173_w1_0928_1005_r1 -> controlled:248:c000_s163_w1_0928_1005_r1

[Exit summary]
========================================================
OPTIONS EXIT SUMMARY — 2026-07-29
========================================================
Account equity: $128,379.20
Open positions: flat

No closed trades today.
========================================================

[Portfolio snapshot]
========================================================
OPTIONS TRIAL STATS
========================================================
Account equity: $128,379.20
Active buckets: 248 of 248 profiles ($500 virtual each) — paper unlimited mode

P&L summary
  Reflected (ex-S173,S174): $+4,423.13 all-time  |  $+0.00 today
  Raw (incl dropped):     $+2,827.58 all-time  |  $+0.00 today
  Open (not sold yet): $+0.00 unrealized (virtual lots)
  Premium deployed:    $0.00 in open positions
  Combined P&L:        $+4,423.13 (reflected realized + open virtual)

Ledger (master)
  Total events:     5917
  Today entries:    0
  Today exits (reflected): 0
  All-time exits (reflected): 273  wins 30%
  Avg return/trade: -5.1%  median -40.0%

Open virtual lots (by bucket)
  (248 quiet bucket profile(s) — no trades yet)
  (no open lots across active profiles)

Alpaca option positions
  (none)

Per-bucket exit stats (all time)
  b0|orphan_reconcile     n= 22  avg=+22.4%  med=-57.5%  realized=$+6,310.91
  b104|c104_s164_w1_0928_1005_r4  n=  1  avg=-88.9%  med=-88.9%  realized=$-8.00
  b10|c010_s165_w3_1045_1120_r1  n=  8  avg=-37.2%  med=-18.9%  realized=$-205.00
  b132|c132_s164_w1_0928_1005_r5  n=  2  avg=-65.7%  med=-53.6%  realized=$-37.00
  b135|c135_s164_w4_1120_1135_r5  n=  1  avg=-50.0%  med=-50.0%  realized=$-4.00
  b20|c020_s164_w1_0928_1005_r1  n=  1  avg=-88.9%  med=-88.9%  realized=$-8.00
  b28|c028_s165_w1_0928_1005_r2  n= 17  avg=+49.5%  med=+80.0%  realized=$+448.00
  b28|c028_s173_w1_0928_1005_r2  n=  5  avg=+51.6%  med=+80.0%  realized=$+142.00
  b29|c029_s165_w2_1005_1045_r2  n=  9  avg=-23.3%  med=-50.0%  realized=$-221.00
  b29|c029_s173_w2_1005_1045_r2  n=  2  avg=-69.3%  med=-48.5%  realized=$-78.00
  b30|c030_s165_w3_1045_1120_r2  n=  9  avg=+38.8%  med=+0.0%  realized=$+260.00
  b30|c030_s173_w3_1045_1120_r2  n=  2  avg=-9.5%  med=+0.0%  realized=$-14.00
  b31|c031_s165_w4_1120_1135_r2  n=  2  avg=+145.5%  med=+175.8%  realized=$+192.00
  b48|c048_s164_w1_0928_1005_r2  n=  5  avg=-33.1%  med=-49.1%  realized=$-91.00
  b48|c048_s165_w1_0928_1005_r3  n= 16  avg=-35.9%  med=-49.1%  realized=$-344.00
  b49|c049_s164_w2_1005_1045_r2  n=  4  avg=-51.8%  med=-44.0%  realized=$-133.00
  b49|c049_s165_w2_1005_1045_r3  n= 15  avg=-49.3%  med=-49.1%  realized=$-458.00
  b50|c050_s164_w3_1045_1120_r2  n=  4  avg=-39.6%  med=-16.7%  realized=$-115.00
  b50|c050_s165_w3_1045_1120_r3  n=  9  avg=-23.6%  med=-23.1%  realized=$-142.00
  b51|c051_s165_w4_1120_1135_r3  n=  1  avg=+263.6%  med=+263.6%  realized=$+174.00
  b56|g056_lim_tp20_sl65  n=  1  avg=+47.7%  med=+47.7%  realized=$+20.52
  b57|g057_mid_tp20_sl65  n=  1  avg=+47.7%  med=+47.7%  realized=$+20.52
  b58|g058_eod_tp20_sl65  n=  1  avg=+59.1%  med=+59.1%  realized=$+25.41
  b68|c068_s165_w1_0928_1005_r4  n= 16  avg=-51.3%  med=-49.1%  realized=$-446.00
  b68|c068_s166_w1_0928_1005_r3  n=  4  avg=-52.7%  med=-49.1%  realized=$-116.00
  b69|c069_s165_w2_1005_1045_r4  n= 11  avg=+19.0%  med=-43.6%  realized=$-179.00
  b69|c069_s166_w2_1005_1045_r3  n=  4  avg=+10.1%  med=-40.0%  realized=$-87.00
  b70|c070_s165_w3_1045_1120_r4  n= 11  avg=-2.1%  med=-16.9%  realized=$-6.00
  b70|c070_s166_w3_1045_1120_r3  n=  4  avg=-42.5%  med=-27.0%  realized=$-124.00
  b70|g070_eod_tp30_sl20  n=  1  avg=+59.1%  med=+59.1%  realized=$+27.77
  b76|c076_s164_w1_0928_1005_r3  n=  1  avg=-50.0%  med=-50.0%  realized=$-2.00
  b88|c088_s165_w1_0928_1005_r5  n= 21  avg=-5.0%  med=-2.7%  realized=$-63.00
  b88|c088_s167_w1_0928_1005_r4  n=  4  avg=-12.7%  med=+30.9%  realized=$-28.00
  b89|c089_s165_w2_1005_1045_r5  n=  7  avg=+113.1%  med=+30.9%  realized=$+67.00
  b89|c089_s167_w2_1005_1045_r4  n=  2  avg=-16.2%  med=+30.9%  realized=$-22.00
  b8|c008_s165_w1_0928_1005_r1  n= 23  avg=-19.6%  med=-35.3%  realized=$-250.00
  b90|c090_s165_w3_1045_1120_r5  n= 13  avg=+7.7%  med=+0.0%  realized=$+47.00
  b90|c090_s167_w3_1045_1120_r4  n=  4  avg=-41.6%  med=-18.9%  realized=$-123.00
  b91|c091_s165_w4_1120_1135_r5  n=  2  avg=+222.0%  med=+247.0%  realized=$+293.00
  b9|c009_s165_w2_1005_1045_r1  n=  7  avg=-74.4%  med=-66.2%  realized=$-301.00
========================================================
+========================================================================+
|  OPTIONS BOT SUMMARY                                                   |
+------------------------------------------------------------------------+
|  Mode                          after_hours                             |
|  Equity                        $128,379.20                             |
|  Signals this run              0                                       |
|  Orders submitted (session)    0                                       |
|  Orders filled today (ledger)  0                                       |
|  Entries placed this run       0                                       |
|  Open virtual lots             0                                       |
|  Broker option positions       0                                       |
|  Pending orders                0                                       |
+========================================================================+
+========================================================================+
|  BUCKET LEADERBOARD (reflected ex-S173,S174)                           |
+------------------------------------------------------------------------+
|  Reflected trades=273  buckets=27  win=30%                             |
|  Returns   avg=-5.1%  med=-40.0%  p10=-66.2%  p90=+81.8%               |
|  Realized  $+4,423.13                                                  |
|  Raw incl dropped  trades=807  real=$+2,827.58                         |
+------------------------------------------------------------------------+
|  BKT PROFILE               N  WIN  AVG%   MED%   BEST%  REAL$          |
+------------------------------------------------------------------------+
|  b51  c051_s169_w2_1005_  1 100% +263.6 +263.6 +263.6 $   +174         |
|  b91  c091_s200_w2_1005_  2 100% +222.0 +222.0 +247.0 $   +293         |
|  b31  c031_s166_w4_1120_  2 100% +145.5 +145.5 +175.8 $   +192         |
|  b28  c028_s166_w3_1045_ 22  77% +50.0 +80.0 +102.0 $   +590           |
|  b58  c058_s170_w2_1005_  1 100% +59.1 +59.1 +59.1 $    +25            |
|  b56  c056_s170_w1_0928_  1 100% +47.7 +47.7 +47.7 $    +21            |
|  b57  c057_s170_w1_0928_  1 100% +47.7 +47.7 +47.7 $    +21            |
|  b89  c089_s200_w1_0928_  9  56% +84.4 +30.9 +790.0 $    +45           |
|  ... 19 more bucket(s) with exits                                      |
+------------------------------------------------------------------------+
|  Low  b20  c020_s165_w3_1045_  1   0% -88.9 -88.9 -88.9 $     -8       |
+========================================================================+
+========================================================================+
|  OPEN OPTIONS (0)                                                      |
+------------------------------------------------------------------------+
|  No open option positions                                              |
+========================================================================+
Full detail: logs/options_trial/runs/2026-07-29.log
elapsed=0.9s reconcile=0.45s

=== 09:10:47 ET — after hours (exit summary) [elapsed=0.5s reconcile=0.17s] ===
=== options_morning_bot (PAPER) 2026-07-29T09:10:47.317745-04:00 ===

[Run context]
After hours (09:10 ET) — exit summary only.
Paper auth OK — equity $128407.20, account PA36KS87UPRS
  reconcile: layout changed controlled:100:c000_s173_w1_0928_1005_r1 -> controlled:248:c000_s163_w1_0928_1005_r1

[Exit summary]
========================================================
OPTIONS EXIT SUMMARY — 2026-07-29
========================================================
Account equity: $128,407.20
Open positions: flat

No closed trades today.
========================================================

[Portfolio snapshot]
========================================================
OPTIONS TRIAL STATS
========================================================
Account equity: $128,407.20
Active buckets: 248 of 248 profiles ($500 virtual each) — paper unlimited mode

P&L summary
  Reflected (ex-S173,S174): $+4,423.13 all-time  |  $+0.00 today
  Raw (incl dropped):     $+2,827.58 all-time  |  $+0.00 today
  Open (not sold yet): $+0.00 unrealized (virtual lots)
  Premium deployed:    $0.00 in open positions
  Combined P&L:        $+4,423.13 (reflected realized + open virtual)

Ledger (master)
  Total events:     5917
  Today entries:    0
  Today exits (reflected): 0
  All-time exits (reflected): 273  wins 30%
  Avg return/trade: -5.1%  median -40.0%

Open virtual lots (by bucket)
  (248 quiet bucket profile(s) — no trades yet)
  (no open lots across active profiles)

Alpaca option positions
  (none)

Per-bucket exit stats (all time)
  b0|orphan_reconcile     n= 22  avg=+22.4%  med=-57.5%  realized=$+6,310.91
  b104|c104_s164_w1_0928_1005_r4  n=  1  avg=-88.9%  med=-88.9%  realized=$-8.00
  b10|c010_s165_w3_1045_1120_r1  n=  8  avg=-37.2%  med=-18.9%  realized=$-205.00
  b132|c132_s164_w1_0928_1005_r5  n=  2  avg=-65.7%  med=-53.6%  realized=$-37.00
  b135|c135_s164_w4_1120_1135_r5  n=  1  avg=-50.0%  med=-50.0%  realized=$-4.00
  b20|c020_s164_w1_0928_1005_r1  n=  1  avg=-88.9%  med=-88.9%  realized=$-8.00
  b28|c028_s165_w1_0928_1005_r2  n= 17  avg=+49.5%  med=+80.0%  realized=$+448.00
  b28|c028_s173_w1_0928_1005_r2  n=  5  avg=+51.6%  med=+80.0%  realized=$+142.00
  b29|c029_s165_w2_1005_1045_r2  n=  9  avg=-23.3%  med=-50.0%  realized=$-221.00
  b29|c029_s173_w2_1005_1045_r2  n=  2  avg=-69.3%  med=-48.5%  realized=$-78.00
  b30|c030_s165_w3_1045_1120_r2  n=  9  avg=+38.8%  med=+0.0%  realized=$+260.00
  b30|c030_s173_w3_1045_1120_r2  n=  2  avg=-9.5%  med=+0.0%  realized=$-14.00
  b31|c031_s165_w4_1120_1135_r2  n=  2  avg=+145.5%  med=+175.8%  realized=$+192.00
  b48|c048_s164_w1_0928_1005_r2  n=  5  avg=-33.1%  med=-49.1%  realized=$-91.00
  b48|c048_s165_w1_0928_1005_r3  n= 16  avg=-35.9%  med=-49.1%  realized=$-344.00
  b49|c049_s164_w2_1005_1045_r2  n=  4  avg=-51.8%  med=-44.0%  realized=$-133.00
  b49|c049_s165_w2_1005_1045_r3  n= 15  avg=-49.3%  med=-49.1%  realized=$-458.00
  b50|c050_s164_w3_1045_1120_r2  n=  4  avg=-39.6%  med=-16.7%  realized=$-115.00
  b50|c050_s165_w3_1045_1120_r3  n=  9  avg=-23.6%  med=-23.1%  realized=$-142.00
  b51|c051_s165_w4_1120_1135_r3  n=  1  avg=+263.6%  med=+263.6%  realized=$+174.00
  b56|g056_lim_tp20_sl65  n=  1  avg=+47.7%  med=+47.7%  realized=$+20.52
  b57|g057_mid_tp20_sl65  n=  1  avg=+47.7%  med=+47.7%  realized=$+20.52
  b58|g058_eod_tp20_sl65  n=  1  avg=+59.1%  med=+59.1%  realized=$+25.41
  b68|c068_s165_w1_0928_1005_r4  n= 16  avg=-51.3%  med=-49.1%  realized=$-446.00
  b68|c068_s166_w1_0928_1005_r3  n=  4  avg=-52.7%  med=-49.1%  realized=$-116.00
  b69|c069_s165_w2_1005_1045_r4  n= 11  avg=+19.0%  med=-43.6%  realized=$-179.00
  b69|c069_s166_w2_1005_1045_r3  n=  4  avg=+10.1%  med=-40.0%  realized=$-87.00
  b70|c070_s165_w3_1045_1120_r4  n= 11  avg=-2.1%  med=-16.9%  realized=$-6.00
  b70|c070_s166_w3_1045_1120_r3  n=  4  avg=-42.5%  med=-27.0%  realized=$-124.00
  b70|g070_eod_tp30_sl20  n=  1  avg=+59.1%  med=+59.1%  realized=$+27.77
  b76|c076_s164_w1_0928_1005_r3  n=  1  avg=-50.0%  med=-50.0%  realized=$-2.00
  b88|c088_s165_w1_0928_1005_r5  n= 21  avg=-5.0%  med=-2.7%  realized=$-63.00
  b88|c088_s167_w1_0928_1005_r4  n=  4  avg=-12.7%  med=+30.9%  realized=$-28.00
  b89|c089_s165_w2_1005_1045_r5  n=  7  avg=+113.1%  med=+30.9%  realized=$+67.00
  b89|c089_s167_w2_1005_1045_r4  n=  2  avg=-16.2%  med=+30.9%  realized=$-22.00
  b8|c008_s165_w1_0928_1005_r1  n= 23  avg=-19.6%  med=-35.3%  realized=$-250.00
  b90|c090_s165_w3_1045_1120_r5  n= 13  avg=+7.7%  med=+0.0%  realized=$+47.00
  b90|c090_s167_w3_1045_1120_r4  n=  4  avg=-41.6%  med=-18.9%  realized=$-123.00
  b91|c091_s165_w4_1120_1135_r5  n=  2  avg=+222.0%  med=+247.0%  realized=$+293.00
  b9|c009_s165_w2_1005_1045_r1  n=  7  avg=-74.4%  med=-66.2%  realized=$-301.00
========================================================
+========================================================================+
|  OPTIONS BOT SUMMARY                                                   |
+------------------------------------------------------------------------+
|  Mode                          after_hours                             |
|  Equity                        $128,407.20                             |
|  Signals this run              0                                       |
|  Orders submitted (session)    0                                       |
|  Orders filled today (ledger)  0                                       |
|  Entries placed this run       0                                       |
|  Open virtual lots             0                                       |
|  Broker option positions       0                                       |
|  Pending orders                0                                       |
+========================================================================+
+========================================================================+
|  BUCKET LEADERBOARD (reflected ex-S173,S174)                           |
+------------------------------------------------------------------------+
|  Reflected trades=273  buckets=27  win=30%                             |
|  Returns   avg=-5.1%  med=-40.0%  p10=-66.2%  p90=+81.8%               |
|  Realized  $+4,423.13                                                  |
|  Raw incl dropped  trades=807  real=$+2,827.58                         |
+------------------------------------------------------------------------+
|  BKT PROFILE               N  WIN  AVG%   MED%   BEST%  REAL$          |
+------------------------------------------------------------------------+
|  b51  c051_s169_w2_1005_  1 100% +263.6 +263.6 +263.6 $   +174         |
|  b91  c091_s200_w2_1005_  2 100% +222.0 +222.0 +247.0 $   +293         |
|  b31  c031_s166_w4_1120_  2 100% +145.5 +145.5 +175.8 $   +192         |
|  b28  c028_s166_w3_1045_ 22  77% +50.0 +80.0 +102.0 $   +590           |
|  b58  c058_s170_w2_1005_  1 100% +59.1 +59.1 +59.1 $    +25            |
|  b56  c056_s170_w1_0928_  1 100% +47.7 +47.7 +47.7 $    +21            |
|  b57  c057_s170_w1_0928_  1 100% +47.7 +47.7 +47.7 $    +21            |
|  b89  c089_s200_w1_0928_  9  56% +84.4 +30.9 +790.0 $    +45           |
|  ... 19 more bucket(s) with exits                                      |
+------------------------------------------------------------------------+
|  Low  b20  c020_s165_w3_1045_  1   0% -88.9 -88.9 -88.9 $     -8       |
+========================================================================+
+========================================================================+
|  OPEN OPTIONS (0)                                                      |
+------------------------------------------------------------------------+
|  No open option positions                                              |
+========================================================================+
Full detail: logs/options_trial/runs/2026-07-29.log
elapsed=0.5s reconcile=0.17s

=== 09:15:52 ET — after hours (exit summary) [elapsed=0.8s reconcile=0.45s] ===
=== options_morning_bot (PAPER) 2026-07-29T09:15:52.925253-04:00 ===

[Run context]
After hours (09:15 ET) — exit summary only.
Paper auth OK — equity $128383.20, account PA36KS87UPRS
  reconcile: layout changed controlled:100:c000_s173_w1_0928_1005_r1 -> controlled:248:c000_s163_w1_0928_1005_r1

[Exit summary]
========================================================
OPTIONS EXIT SUMMARY — 2026-07-29
========================================================
Account equity: $128,383.20
Open positions: flat

No closed trades today.
========================================================

[Portfolio snapshot]
========================================================
OPTIONS TRIAL STATS
========================================================
Account equity: $128,383.20
Active buckets: 248 of 248 profiles ($500 virtual each) — paper unlimited mode

P&L summary
  Reflected (ex-S173,S174): $+4,423.13 all-time  |  $+0.00 today
  Raw (incl dropped):     $+2,827.58 all-time  |  $+0.00 today
  Open (not sold yet): $+0.00 unrealized (virtual lots)
  Premium deployed:    $0.00 in open positions
  Combined P&L:        $+4,423.13 (reflected realized + open virtual)

Ledger (master)
  Total events:     5917
  Today entries:    0
  Today exits (reflected): 0
  All-time exits (reflected): 273  wins 30%
  Avg return/trade: -5.1%  median -40.0%

Open virtual lots (by bucket)
  (248 quiet bucket profile(s) — no trades yet)
  (no open lots across active profiles)

Alpaca option positions
  (none)

Per-bucket exit stats (all time)
  b0|orphan_reconcile     n= 22  avg=+22.4%  med=-57.5%  realized=$+6,310.91
  b104|c104_s164_w1_0928_1005_r4  n=  1  avg=-88.9%  med=-88.9%  realized=$-8.00
  b10|c010_s165_w3_1045_1120_r1  n=  8  avg=-37.2%  med=-18.9%  realized=$-205.00
  b132|c132_s164_w1_0928_1005_r5  n=  2  avg=-65.7%  med=-53.6%  realized=$-37.00
  b135|c135_s164_w4_1120_1135_r5  n=  1  avg=-50.0%  med=-50.0%  realized=$-4.00
  b20|c020_s164_w1_0928_1005_r1  n=  1  avg=-88.9%  med=-88.9%  realized=$-8.00
  b28|c028_s165_w1_0928_1005_r2  n= 17  avg=+49.5%  med=+80.0%  realized=$+448.00
  b28|c028_s173_w1_0928_1005_r2  n=  5  avg=+51.6%  med=+80.0%  realized=$+142.00
  b29|c029_s165_w2_1005_1045_r2  n=  9  avg=-23.3%  med=-50.0%  realized=$-221.00
  b29|c029_s173_w2_1005_1045_r2  n=  2  avg=-69.3%  med=-48.5%  realized=$-78.00
  b30|c030_s165_w3_1045_1120_r2  n=  9  avg=+38.8%  med=+0.0%  realized=$+260.00
  b30|c030_s173_w3_1045_1120_r2  n=  2  avg=-9.5%  med=+0.0%  realized=$-14.00
  b31|c031_s165_w4_1120_1135_r2  n=  2  avg=+145.5%  med=+175.8%  realized=$+192.00
  b48|c048_s164_w1_0928_1005_r2  n=  5  avg=-33.1%  med=-49.1%  realized=$-91.00
  b48|c048_s165_w1_0928_1005_r3  n= 16  avg=-35.9%  med=-49.1%  realized=$-344.00
  b49|c049_s164_w2_1005_1045_r2  n=  4  avg=-51.8%  med=-44.0%  realized=$-133.00
  b49|c049_s165_w2_1005_1045_r3  n= 15  avg=-49.3%  med=-49.1%  realized=$-458.00
  b50|c050_s164_w3_1045_1120_r2  n=  4  avg=-39.6%  med=-16.7%  realized=$-115.00
  b50|c050_s165_w3_1045_1120_r3  n=  9  avg=-23.6%  med=-23.1%  realized=$-142.00
  b51|c051_s165_w4_1120_1135_r3  n=  1  avg=+263.6%  med=+263.6%  realized=$+174.00
  b56|g056_lim_tp20_sl65  n=  1  avg=+47.7%  med=+47.7%  realized=$+20.52
  b57|g057_mid_tp20_sl65  n=  1  avg=+47.7%  med=+47.7%  realized=$+20.52
  b58|g058_eod_tp20_sl65  n=  1  avg=+59.1%  med=+59.1%  realized=$+25.41
  b68|c068_s165_w1_0928_1005_r4  n= 16  avg=-51.3%  med=-49.1%  realized=$-446.00
  b68|c068_s166_w1_0928_1005_r3  n=  4  avg=-52.7%  med=-49.1%  realized=$-116.00
  b69|c069_s165_w2_1005_1045_r4  n= 11  avg=+19.0%  med=-43.6%  realized=$-179.00
  b69|c069_s166_w2_1005_1045_r3  n=  4  avg=+10.1%  med=-40.0%  realized=$-87.00
  b70|c070_s165_w3_1045_1120_r4  n= 11  avg=-2.1%  med=-16.9%  realized=$-6.00
  b70|c070_s166_w3_1045_1120_r3  n=  4  avg=-42.5%  med=-27.0%  realized=$-124.00
  b70|g070_eod_tp30_sl20  n=  1  avg=+59.1%  med=+59.1%  realized=$+27.77
  b76|c076_s164_w1_0928_1005_r3  n=  1  avg=-50.0%  med=-50.0%  realized=$-2.00
  b88|c088_s165_w1_0928_1005_r5  n= 21  avg=-5.0%  med=-2.7%  realized=$-63.00
  b88|c088_s167_w1_0928_1005_r4  n=  4  avg=-12.7%  med=+30.9%  realized=$-28.00
  b89|c089_s165_w2_1005_1045_r5  n=  7  avg=+113.1%  med=+30.9%  realized=$+67.00
  b89|c089_s167_w2_1005_1045_r4  n=  2  avg=-16.2%  med=+30.9%  realized=$-22.00
  b8|c008_s165_w1_0928_1005_r1  n= 23  avg=-19.6%  med=-35.3%  realized=$-250.00
  b90|c090_s165_w3_1045_1120_r5  n= 13  avg=+7.7%  med=+0.0%  realized=$+47.00
  b90|c090_s167_w3_1045_1120_r4  n=  4  avg=-41.6%  med=-18.9%  realized=$-123.00
  b91|c091_s165_w4_1120_1135_r5  n=  2  avg=+222.0%  med=+247.0%  realized=$+293.00
  b9|c009_s165_w2_1005_1045_r1  n=  7  avg=-74.4%  med=-66.2%  realized=$-301.00
========================================================
+========================================================================+
|  OPTIONS BOT SUMMARY                                                   |
+------------------------------------------------------------------------+
|  Mode                          after_hours                             |
|  Equity                        $128,383.20                             |
|  Signals this run              0                                       |
|  Orders submitted (session)    0                                       |
|  Orders filled today (ledger)  0                                       |
|  Entries placed this run       0                                       |
|  Open virtual lots             0                                       |
|  Broker option positions       0                                       |
|  Pending orders                0                                       |
+========================================================================+
+========================================================================+
|  BUCKET LEADERBOARD (reflected ex-S173,S174)                           |
+------------------------------------------------------------------------+
|  Reflected trades=273  buckets=27  win=30%                             |
|  Returns   avg=-5.1%  med=-40.0%  p10=-66.2%  p90=+81.8%               |
|  Realized  $+4,423.13                                                  |
|  Raw incl dropped  trades=807  real=$+2,827.58                         |
+------------------------------------------------------------------------+
|  BKT PROFILE               N  WIN  AVG%   MED%   BEST%  REAL$          |
+------------------------------------------------------------------------+
|  b51  c051_s169_w2_1005_  1 100% +263.6 +263.6 +263.6 $   +174         |
|  b91  c091_s200_w2_1005_  2 100% +222.0 +222.0 +247.0 $   +293         |
|  b31  c031_s166_w4_1120_  2 100% +145.5 +145.5 +175.8 $   +192         |
|  b28  c028_s166_w3_1045_ 22  77% +50.0 +80.0 +102.0 $   +590           |
|  b58  c058_s170_w2_1005_  1 100% +59.1 +59.1 +59.1 $    +25            |
|  b56  c056_s170_w1_0928_  1 100% +47.7 +47.7 +47.7 $    +21            |
|  b57  c057_s170_w1_0928_  1 100% +47.7 +47.7 +47.7 $    +21            |
|  b89  c089_s200_w1_0928_  9  56% +84.4 +30.9 +790.0 $    +45           |
|  ... 19 more bucket(s) with exits                                      |
+------------------------------------------------------------------------+
|  Low  b20  c020_s165_w3_1045_  1   0% -88.9 -88.9 -88.9 $     -8       |
+========================================================================+
+========================================================================+
|  OPEN OPTIONS (0)                                                      |
+------------------------------------------------------------------------+
|  No open option positions                                              |
+========================================================================+
Full detail: logs/options_trial/runs/2026-07-29.log
elapsed=0.8s reconcile=0.45s

=== 09:20:49 ET — after hours (exit summary) [elapsed=0.5s reconcile=0.17s] ===
=== options_morning_bot (PAPER) 2026-07-29T09:20:49.663877-04:00 ===

[Run context]
After hours (09:20 ET) — exit summary only.
Paper auth OK — equity $128243.20, account PA36KS87UPRS
  reconcile: layout changed controlled:100:c000_s173_w1_0928_1005_r1 -> controlled:248:c000_s163_w1_0928_1005_r1

[Exit summary]
========================================================
OPTIONS EXIT SUMMARY — 2026-07-29
========================================================
Account equity: $128,243.20
Open positions: flat

No closed trades today.
========================================================

[Portfolio snapshot]
========================================================
OPTIONS TRIAL STATS
========================================================
Account equity: $128,243.20
Active buckets: 248 of 248 profiles ($500 virtual each) — paper unlimited mode

P&L summary
  Reflected (ex-S173,S174): $+4,423.13 all-time  |  $+0.00 today
  Raw (incl dropped):     $+2,827.58 all-time  |  $+0.00 today
  Open (not sold yet): $+0.00 unrealized (virtual lots)
  Premium deployed:    $0.00 in open positions
  Combined P&L:        $+4,423.13 (reflected realized + open virtual)

Ledger (master)
  Total events:     5917
  Today entries:    0
  Today exits (reflected): 0
  All-time exits (reflected): 273  wins 30%
  Avg return/trade: -5.1%  median -40.0%

Open virtual lots (by bucket)
  (248 quiet bucket profile(s) — no trades yet)
  (no open lots across active profiles)

Alpaca option positions
  (none)

Per-bucket exit stats (all time)
  b0|orphan_reconcile     n= 22  avg=+22.4%  med=-57.5%  realized=$+6,310.91
  b104|c104_s164_w1_0928_1005_r4  n=  1  avg=-88.9%  med=-88.9%  realized=$-8.00
  b10|c010_s165_w3_1045_1120_r1  n=  8  avg=-37.2%  med=-18.9%  realized=$-205.00
  b132|c132_s164_w1_0928_1005_r5  n=  2  avg=-65.7%  med=-53.6%  realized=$-37.00
  b135|c135_s164_w4_1120_1135_r5  n=  1  avg=-50.0%  med=-50.0%  realized=$-4.00
  b20|c020_s164_w1_0928_1005_r1  n=  1  avg=-88.9%  med=-88.9%  realized=$-8.00
  b28|c028_s165_w1_0928_1005_r2  n= 17  avg=+49.5%  med=+80.0%  realized=$+448.00
  b28|c028_s173_w1_0928_1005_r2  n=  5  avg=+51.6%  med=+80.0%  realized=$+142.00
  b29|c029_s165_w2_1005_1045_r2  n=  9  avg=-23.3%  med=-50.0%  realized=$-221.00
  b29|c029_s173_w2_1005_1045_r2  n=  2  avg=-69.3%  med=-48.5%  realized=$-78.00
  b30|c030_s165_w3_1045_1120_r2  n=  9  avg=+38.8%  med=+0.0%  realized=$+260.00
  b30|c030_s173_w3_1045_1120_r2  n=  2  avg=-9.5%  med=+0.0%  realized=$-14.00
  b31|c031_s165_w4_1120_1135_r2  n=  2  avg=+145.5%  med=+175.8%  realized=$+192.00
  b48|c048_s164_w1_0928_1005_r2  n=  5  avg=-33.1%  med=-49.1%  realized=$-91.00
  b48|c048_s165_w1_0928_1005_r3  n= 16  avg=-35.9%  med=-49.1%  realized=$-344.00
  b49|c049_s164_w2_1005_1045_r2  n=  4  avg=-51.8%  med=-44.0%  realized=$-133.00
  b49|c049_s165_w2_1005_1045_r3  n= 15  avg=-49.3%  med=-49.1%  realized=$-458.00
  b50|c050_s164_w3_1045_1120_r2  n=  4  avg=-39.6%  med=-16.7%  realized=$-115.00
  b50|c050_s165_w3_1045_1120_r3  n=  9  avg=-23.6%  med=-23.1%  realized=$-142.00
  b51|c051_s165_w4_1120_1135_r3  n=  1  avg=+263.6%  med=+263.6%  realized=$+174.00
  b56|g056_lim_tp20_sl65  n=  1  avg=+47.7%  med=+47.7%  realized=$+20.52
  b57|g057_mid_tp20_sl65  n=  1  avg=+47.7%  med=+47.7%  realized=$+20.52
  b58|g058_eod_tp20_sl65  n=  1  avg=+59.1%  med=+59.1%  realized=$+25.41
  b68|c068_s165_w1_0928_1005_r4  n= 16  avg=-51.3%  med=-49.1%  realized=$-446.00
  b68|c068_s166_w1_0928_1005_r3  n=  4  avg=-52.7%  med=-49.1%  realized=$-116.00
  b69|c069_s165_w2_1005_1045_r4  n= 11  avg=+19.0%  med=-43.6%  realized=$-179.00
  b69|c069_s166_w2_1005_1045_r3  n=  4  avg=+10.1%  med=-40.0%  realized=$-87.00
  b70|c070_s165_w3_1045_1120_r4  n= 11  avg=-2.1%  med=-16.9%  realized=$-6.00
  b70|c070_s166_w3_1045_1120_r3  n=  4  avg=-42.5%  med=-27.0%  realized=$-124.00
  b70|g070_eod_tp30_sl20  n=  1  avg=+59.1%  med=+59.1%  realized=$+27.77
  b76|c076_s164_w1_0928_1005_r3  n=  1  avg=-50.0%  med=-50.0%  realized=$-2.00
  b88|c088_s165_w1_0928_1005_r5  n= 21  avg=-5.0%  med=-2.7%  realized=$-63.00
  b88|c088_s167_w1_0928_1005_r4  n=  4  avg=-12.7%  med=+30.9%  realized=$-28.00
  b89|c089_s165_w2_1005_1045_r5  n=  7  avg=+113.1%  med=+30.9%  realized=$+67.00
  b89|c089_s167_w2_1005_1045_r4  n=  2  avg=-16.2%  med=+30.9%  realized=$-22.00
  b8|c008_s165_w1_0928_1005_r1  n= 23  avg=-19.6%  med=-35.3%  realized=$-250.00
  b90|c090_s165_w3_1045_1120_r5  n= 13  avg=+7.7%  med=+0.0%  realized=$+47.00
  b90|c090_s167_w3_1045_1120_r4  n=  4  avg=-41.6%  med=-18.9%  realized=$-123.00
  b91|c091_s165_w4_1120_1135_r5  n=  2  avg=+222.0%  med=+247.0%  realized=$+293.00
  b9|c009_s165_w2_1005_1045_r1  n=  7  avg=-74.4%  med=-66.2%  realized=$-301.00
========================================================
+========================================================================+
|  OPTIONS BOT SUMMARY                                                   |
+------------------------------------------------------------------------+
|  Mode                          after_hours                             |
|  Equity                        $128,243.20                             |
|  Signals this run              0                                       |
|  Orders submitted (session)    0                                       |
|  Orders filled today (ledger)  0                                       |
|  Entries placed this run       0                                       |
|  Open virtual lots             0                                       |
|  Broker option positions       0                                       |
|  Pending orders                0                                       |
+========================================================================+
+========================================================================+
|  BUCKET LEADERBOARD (reflected ex-S173,S174)                           |
+------------------------------------------------------------------------+
|  Reflected trades=273  buckets=27  win=30%                             |
|  Returns   avg=-5.1%  med=-40.0%  p10=-66.2%  p90=+81.8%               |
|  Realized  $+4,423.13                                                  |
|  Raw incl dropped  trades=807  real=$+2,827.58                         |
+------------------------------------------------------------------------+
|  BKT PROFILE               N  WIN  AVG%   MED%   BEST%  REAL$          |
+------------------------------------------------------------------------+
|  b51  c051_s169_w2_1005_  1 100% +263.6 +263.6 +263.6 $   +174         |
|  b91  c091_s200_w2_1005_  2 100% +222.0 +222.0 +247.0 $   +293         |
|  b31  c031_s166_w4_1120_  2 100% +145.5 +145.5 +175.8 $   +192         |
|  b28  c028_s166_w3_1045_ 22  77% +50.0 +80.0 +102.0 $   +590           |
|  b58  c058_s170_w2_1005_  1 100% +59.1 +59.1 +59.1 $    +25            |
|  b56  c056_s170_w1_0928_  1 100% +47.7 +47.7 +47.7 $    +21            |
|  b57  c057_s170_w1_0928_  1 100% +47.7 +47.7 +47.7 $    +21            |
|  b89  c089_s200_w1_0928_  9  56% +84.4 +30.9 +790.0 $    +45           |
|  ... 19 more bucket(s) with exits                                      |
+------------------------------------------------------------------------+
|  Low  b20  c020_s165_w3_1045_  1   0% -88.9 -88.9 -88.9 $     -8       |
+========================================================================+
+========================================================================+
|  OPEN OPTIONS (0)                                                      |
+------------------------------------------------------------------------+
|  No open option positions                                              |
+========================================================================+
Full detail: logs/options_trial/runs/2026-07-29.log
elapsed=0.5s reconcile=0.17s

=== 09:25:54 ET — after hours (exit summary) [elapsed=0.6s reconcile=0.27s] ===
=== options_morning_bot (PAPER) 2026-07-29T09:25:54.413319-04:00 ===

[Run context]
After hours (09:25 ET) — exit summary only.
Paper auth OK — equity $128467.20, account PA36KS87UPRS
  reconcile: layout changed controlled:100:c000_s173_w1_0928_1005_r1 -> controlled:248:c000_s163_w1_0928_1005_r1

[Exit summary]
========================================================
OPTIONS EXIT SUMMARY — 2026-07-29
========================================================
Account equity: $128,467.20
Open positions: flat

No closed trades today.
========================================================

[Portfolio snapshot]
========================================================
OPTIONS TRIAL STATS
========================================================
Account equity: $128,467.20
Active buckets: 248 of 248 profiles ($500 virtual each) — paper unlimited mode

P&L summary
  Reflected (ex-S173,S174): $+4,423.13 all-time  |  $+0.00 today
  Raw (incl dropped):     $+2,827.58 all-time  |  $+0.00 today
  Open (not sold yet): $+0.00 unrealized (virtual lots)
  Premium deployed:    $0.00 in open positions
  Combined P&L:        $+4,423.13 (reflected realized + open virtual)

Ledger (master)
  Total events:     5917
  Today entries:    0
  Today exits (reflected): 0
  All-time exits (reflected): 273  wins 30%
  Avg return/trade: -5.1%  median -40.0%

Open virtual lots (by bucket)
  (248 quiet bucket profile(s) — no trades yet)
  (no open lots across active profiles)

Alpaca option positions
  (none)

Per-bucket exit stats (all time)
  b0|orphan_reconcile     n= 22  avg=+22.4%  med=-57.5%  realized=$+6,310.91
  b104|c104_s164_w1_0928_1005_r4  n=  1  avg=-88.9%  med=-88.9%  realized=$-8.00
  b10|c010_s165_w3_1045_1120_r1  n=  8  avg=-37.2%  med=-18.9%  realized=$-205.00
  b132|c132_s164_w1_0928_1005_r5  n=  2  avg=-65.7%  med=-53.6%  realized=$-37.00
  b135|c135_s164_w4_1120_1135_r5  n=  1  avg=-50.0%  med=-50.0%  realized=$-4.00
  b20|c020_s164_w1_0928_1005_r1  n=  1  avg=-88.9%  med=-88.9%  realized=$-8.00
  b28|c028_s165_w1_0928_1005_r2  n= 17  avg=+49.5%  med=+80.0%  realized=$+448.00
  b28|c028_s173_w1_0928_1005_r2  n=  5  avg=+51.6%  med=+80.0%  realized=$+142.00
  b29|c029_s165_w2_1005_1045_r2  n=  9  avg=-23.3%  med=-50.0%  realized=$-221.00
  b29|c029_s173_w2_1005_1045_r2  n=  2  avg=-69.3%  med=-48.5%  realized=$-78.00
  b30|c030_s165_w3_1045_1120_r2  n=  9  avg=+38.8%  med=+0.0%  realized=$+260.00
  b30|c030_s173_w3_1045_1120_r2  n=  2  avg=-9.5%  med=+0.0%  realized=$-14.00
  b31|c031_s165_w4_1120_1135_r2  n=  2  avg=+145.5%  med=+175.8%  realized=$+192.00
  b48|c048_s164_w1_0928_1005_r2  n=  5  avg=-33.1%  med=-49.1%  realized=$-91.00
  b48|c048_s165_w1_0928_1005_r3  n= 16  avg=-35.9%  med=-49.1%  realized=$-344.00
  b49|c049_s164_w2_1005_1045_r2  n=  4  avg=-51.8%  med=-44.0%  realized=$-133.00
  b49|c049_s165_w2_1005_1045_r3  n= 15  avg=-49.3%  med=-49.1%  realized=$-458.00
  b50|c050_s164_w3_1045_1120_r2  n=  4  avg=-39.6%  med=-16.7%  realized=$-115.00
  b50|c050_s165_w3_1045_1120_r3  n=  9  avg=-23.6%  med=-23.1%  realized=$-142.00
  b51|c051_s165_w4_1120_1135_r3  n=  1  avg=+263.6%  med=+263.6%  realized=$+174.00
  b56|g056_lim_tp20_sl65  n=  1  avg=+47.7%  med=+47.7%  realized=$+20.52
  b57|g057_mid_tp20_sl65  n=  1  avg=+47.7%  med=+47.7%  realized=$+20.52
  b58|g058_eod_tp20_sl65  n=  1  avg=+59.1%  med=+59.1%  realized=$+25.41
  b68|c068_s165_w1_0928_1005_r4  n= 16  avg=-51.3%  med=-49.1%  realized=$-446.00
  b68|c068_s166_w1_0928_1005_r3  n=  4  avg=-52.7%  med=-49.1%  realized=$-116.00
  b69|c069_s165_w2_1005_1045_r4  n= 11  avg=+19.0%  med=-43.6%  realized=$-179.00
  b69|c069_s166_w2_1005_1045_r3  n=  4  avg=+10.1%  med=-40.0%  realized=$-87.00
  b70|c070_s165_w3_1045_1120_r4  n= 11  avg=-2.1%  med=-16.9%  realized=$-6.00
  b70|c070_s166_w3_1045_1120_r3  n=  4  avg=-42.5%  med=-27.0%  realized=$-124.00
  b70|g070_eod_tp30_sl20  n=  1  avg=+59.1%  med=+59.1%  realized=$+27.77
  b76|c076_s164_w1_0928_1005_r3  n=  1  avg=-50.0%  med=-50.0%  realized=$-2.00
  b88|c088_s165_w1_0928_1005_r5  n= 21  avg=-5.0%  med=-2.7%  realized=$-63.00
  b88|c088_s167_w1_0928_1005_r4  n=  4  avg=-12.7%  med=+30.9%  realized=$-28.00
  b89|c089_s165_w2_1005_1045_r5  n=  7  avg=+113.1%  med=+30.9%  realized=$+67.00
  b89|c089_s167_w2_1005_1045_r4  n=  2  avg=-16.2%  med=+30.9%  realized=$-22.00
  b8|c008_s165_w1_0928_1005_r1  n= 23  avg=-19.6%  med=-35.3%  realized=$-250.00
  b90|c090_s165_w3_1045_1120_r5  n= 13  avg=+7.7%  med=+0.0%  realized=$+47.00
  b90|c090_s167_w3_1045_1120_r4  n=  4  avg=-41.6%  med=-18.9%  realized=$-123.00
  b91|c091_s165_w4_1120_1135_r5  n=  2  avg=+222.0%  med=+247.0%  realized=$+293.00
  b9|c009_s165_w2_1005_1045_r1  n=  7  avg=-74.4%  med=-66.2%  realized=$-301.00
========================================================
+========================================================================+
|  OPTIONS BOT SUMMARY                                                   |
+------------------------------------------------------------------------+
|  Mode                          after_hours                             |
|  Equity                        $128,467.20                             |
|  Signals this run              0                                       |
|  Orders submitted (session)    0                                       |
|  Orders filled today (ledger)  0                                       |
|  Entries placed this run       0                                       |
|  Open virtual lots             0                                       |
|  Broker option positions       0                                       |
|  Pending orders                0                                       |
+========================================================================+
+========================================================================+
|  BUCKET LEADERBOARD (reflected ex-S173,S174)                           |
+------------------------------------------------------------------------+
|  Reflected trades=273  buckets=27  win=30%                             |
|  Returns   avg=-5.1%  med=-40.0%  p10=-66.2%  p90=+81.8%               |
|  Realized  $+4,423.13                                                  |
|  Raw incl dropped  trades=807  real=$+2,827.58                         |
+------------------------------------------------------------------------+
|  BKT PROFILE               N  WIN  AVG%   MED%   BEST%  REAL$          |
+------------------------------------------------------------------------+
|  b51  c051_s169_w2_1005_  1 100% +263.6 +263.6 +263.6 $   +174         |
|  b91  c091_s200_w2_1005_  2 100% +222.0 +222.0 +247.0 $   +293         |
|  b31  c031_s166_w4_1120_  2 100% +145.5 +145.5 +175.8 $   +192         |
|  b28  c028_s166_w3_1045_ 22  77% +50.0 +80.0 +102.0 $   +590           |
|  b58  c058_s170_w2_1005_  1 100% +59.1 +59.1 +59.1 $    +25            |
|  b56  c056_s170_w1_0928_  1 100% +47.7 +47.7 +47.7 $    +21            |
|  b57  c057_s170_w1_0928_  1 100% +47.7 +47.7 +47.7 $    +21            |
|  b89  c089_s200_w1_0928_  9  56% +84.4 +30.9 +790.0 $    +45           |
|  ... 19 more bucket(s) with exits                                      |
+------------------------------------------------------------------------+
|  Low  b20  c020_s165_w3_1045_  1   0% -88.9 -88.9 -88.9 $     -8       |
+========================================================================+
+========================================================================+
|  OPEN OPTIONS (0)                                                      |
+------------------------------------------------------------------------+
|  No open option positions                                              |
+========================================================================+
Full detail: logs/options_trial/runs/2026-07-29.log
elapsed=0.6s reconcile=0.27s

=== 10:10:46 ET — entry+manage (20 new) [elapsed=221.0s reconcile=0.16s cancel=0.02s manage=0.11s scan=180.98s entries=39.36s] ===
=== options_morning_bot (PAPER) 2026-07-29T10:10:46.194385-04:00 ===

[Run context]
Paper auth OK — equity $128031.12, account PA36KS87UPRS
  reconcile: layout changed controlled:100:c000_s173_w1_0928_1005_r1 -> controlled:248:c000_s163_w1_0928_1005_r1
  reconcile: entry fill b17|S165 CCL x1 @ 0.59
  reconcile: entry fill b16|S165 CCL x1 @ 0.59

[Setup]
Active buckets: 248 | Strategies: S165, S164, S168, S167, S166, S163, S169, S170, S171, S172, S175, S200, S201, S202, S203, S204, S205, S206, S207, S208, S209, S210, S211, S212, S213, S214, S215, S216, S217, S218, S219
Dropped (no new entries; ex-reflected P&L): S173, S174

[Scan + entries]
Scanning 903 symbols for [S165, S164, S168, S167, S166, S163, S169, S170, S171, S172, S175, S200, S201, S202, S203, S204, S205, S206, S207, S208, S209, S210, S211, S212, S213, S214, S215, S216, S217, S218, S219] …
Fetched daily bars for 903/903 symbols
Found 524 signal(s); top: ['S165:AMCR', 'S165:AON', 'S165:AMAT', 'S165:ACGL', 'S165:BSX', 'S165:BLDR', 'S165:BG', 'S165:CCL']
Paper lab: $127313 broker equity -> 248 bucket(s) ($500 virtual each, unlimited paper)
  [b42|c042_s168_w2_1005_1045_r1] S168 AMCR: no tradeable call
  [b43|c043_s168_w2_1005_1045_r2] S168 AMCR: no tradeable call
  [b42|c042_s168_w2_1005_1045_r1] S168 AON: no tradeable call
  [b43|c043_s168_w2_1005_1045_r2] S168 AON: no tradeable call
  [b42|c042_s168_w2_1005_1045_r1] S168 AMAT: no tradeable call
  [b43|c043_s168_w2_1005_1045_r2] S168 AMAT: no tradeable call
  [b42|c042_s168_w2_1005_1045_r1] S168 ACGL: no tradeable call
  [b43|c043_s168_w2_1005_1045_r2] S168 ACGL: no tradeable call
  [b42|c042_s168_w2_1005_1045_r1] S168 BSX: no tradeable call
  [b43|c043_s168_w2_1005_1045_r2] S168 BSX: no tradeable call
  [b42|c042_s168_w2_1005_1045_r1] S168 BLDR: no tradeable call
  [b43|c043_s168_w2_1005_1045_r2] S168 BLDR: no tradeable call
  [b42|c042_s168_w2_1005_1045_r1] S168 BG: no tradeable call
  [b43|c043_s168_w2_1005_1045_r2] S168 BG: no tradeable call
  [b42|c042_s168_w2_1005_1045_r1] S168 CCL: no tradeable call
  [b43|c043_s168_w2_1005_1045_r2] S168 CCL: no tradeable call
  [b42|c042_s168_w2_1005_1045_r1] S168 CAT: no tradeable call
  [b43|c043_s168_w2_1005_1045_r2] S168 CAT: no tradeable call
  [b42|c042_s168_w2_1005_1045_r1] S168 CSGP: no tradeable call
  [b43|c043_s168_w2_1005_1045_r2] S168 CSGP: no tradeable call
  [b42|c042_s168_w2_1005_1045_r1] S168 DAL: no tradeable call
  [b43|c043_s168_w2_1005_1045_r2] S168 DAL: no tradeable call
  [b42|c042_s168_w2_1005_1045_r1] S168 FLEX: no tradeable call
  [b43|c043_s168_w2_1005_1045_r2] S168 FLEX: no tradeable call
  [b42|c042_s168_w2_1005_1045_r1] S168 FTV: no tradeable call
  [b43|c043_s168_w2_1005_1045_r2] S168 FTV: no tradeable call
  [b42|c042_s168_w2_1005_1045_r1] S168 IP: no tradeable call
  [b43|c043_s168_w2_1005_1045_r2] S168 IP: no tradeable call
  [b42|c042_s168_w2_1005_1045_r1] S168 KKR: no tradeable call
  [b43|c043_s168_w2_1005_1045_r2] S168 KKR: no tradeable call
  [b42|c042_s168_w2_1005_1045_r1] S168 KLAC: no tradeable call
  [b43|c043_s168_w2_1005_1045_r2] S168 KLAC: no tradeable call
  [b42|c042_s168_w2_1005_1045_r1] S168 LII: no tradeable call
  [b43|c043_s168_w2_1005_1045_r2] S168 LII: no tradeable call
  [b42|c042_s168_w2_1005_1045_r1] S168 MAS: no tradeable call
  [b43|c043_s168_w2_1005_1045_r2] S168 MAS: no tradeable call
  [b42|c042_s168_w2_1005_1045_r1] S168 NCLH: no tradeable call
  [b43|c043_s168_w2_1005_1045_r2] S168 NCLH: no tradeable call
  [b42|c042_s168_w2_1005_1045_r1] S168 NXPI: no tradeable call
  [b43|c043_s168_w2_1005_1045_r2] S168 NXPI: no tradeable call
  [b42|c042_s168_w2_1005_1045_r1] S168 ODFL: no tradeable call
  [b43|c043_s168_w2_1005_1045_r2] S168 ODFL: no tradeable call
  [b42|c042_s168_w2_1005_1045_r1] S168 OMC: no tradeable call
  [b43|c043_s168_w2_1005_1045_r2] S168 OMC: no tradeable call
  [b42|c042_s168_w2_1005_1045_r1] S168 PPG: no tradeable call
  [b43|c043_s168_w2_1005_1045_r2] S168 PPG: no tradeable call
  [b42|c042_s168_w2_1005_1045_r1] S168 PG: no tradeable call
  [b43|c043_s168_w2_1005_1045_r2] S168 PG: no tradeable call
  [b42|c042_s168_w2_1005_1045_r1] S168 SWKS: no tradeable call
  [b43|c043_s168_w2_1005_1045_r2] S168 SWKS: no tradeable call
  [b42|c042_s168_w2_1005_1045_r1] S168 SW: no tradeable call
  [b43|c043_s168_w2_1005_1045_r2] S168 SW: no tradeable call
  [b42|c042_s168_w2_1005_1045_r1] S168 LUV: no tradeable call
  [b43|c043_s168_w2_1005_1045_r2] S168 LUV: no tradeable call
  [b42|c042_s168_w2_1005_1045_r1] S168 TPR: no tradeable call
  [b43|c043_s168_w2_1005_1045_r2] S168 TPR: no tradeable call
  [b42|c042_s168_w2_1005_1045_r1] S168 UAL: no tradeable call
  [b43|c043_s168_w2_1005_1045_r2] S168 UAL: no tradeable call
  [b42|c042_s168_w2_1005_1045_r1] S168 VRT: no tradeable call
  [b43|c043_s168_w2_1005_1045_r2] S168 VRT: no tradeable call
  [b42|c042_s168_w2_1005_1045_r1] S168 V: no tradeable call
  [b43|c043_s168_w2_1005_1045_r2] S168 V: no tradeable call
  [b42|c042_s168_w2_1005_1045_r1] S168 AAL: no tradeable call
  [b43|c043_s168_w2_1005_1045_r2] S168 AAL: no tradeable call
  [b42|c042_s168_w2_1005_1045_r1] S168 AGCO: no tradeable call
  [b43|c043_s168_w2_1005_1045_r2] S168 AGCO: no tradeable call
  [b42|c042_s168_w2_1005_1045_r1] S168 ALK: no tradeable call
  [b43|c043_s168_w2_1005_1045_r2] S168 ALK: no tradeable call
  [b42|c042_s168_w2_1005_1045_r1] S168 ANF: no tradeable call
  [b43|c043_s168_w2_1005_1045_r2] S168 ANF: no tradeable call
  [b42|c042_s168_w2_1005_1045_r1] S168 BBWI: no tradeable call
  [b43|c043_s168_w2_1005_1045_r2] S168 BBWI: no tradeable call
  [b42|c042_s168_w2_1005_1045_r1] S168 CAR: no tradeable call
  [b43|c043_s168_w2_1005_1045_r2] S168 CAR: no tradeable call
  [b42|c042_s168_w2_1005_1045_r1] S168 CHWY: no tradeable call
  [b43|c043_s168_w2_1005_1045_r2] S168 CHWY: no tradeable call
  [b42|c042_s168_w2_1005_1045_r1] S168 CPRI: no tradeable call
  [b43|c043_s168_w2_1005_1045_r2] S168 CPRI: no tradeable call
  [b42|c042_s168_w2_1005_1045_r1] S168 CR: no tradeable call
  [b43|c043_s168_w2_1005_1045_r2] S168 CR: no tradeable call
  [b42|c042_s168_w2_1005_1045_r1] S168 ELF: no tradeable call
  [b43|c043_s168_w2_1005_1045_r2] S168 ELF: no tradeable call
  [b42|c042_s168_w2_1005_1045_r1] S168 ENTG: no tradeable call
  [b43|c043_s168_w2_1005_1045_r2] S168 ENTG: no tradeable call
  [b42|c042_s168_w2_1005_1045_r1] S168 ESAB: no tradeable call
  [b43|c043_s168_w2_1005_1045_r2] S168 ESAB: no tradeable call
  [b42|c042_s168_w2_1005_1045_r1] S168 EVR: no tradeable call
  [b43|c043_s168_w2_1005_1045_r2] S168 EVR: no tradeable call
  [b42|c042_s168_w2_1005_1045_r1] S168 FBIN: no tradeable call
  [b43|c043_s168_w2_1005_1045_r2] S168 FBIN: no tradeable call
  [b42|c042_s168_w2_1005_1045_r1] S168 GPK: no tradeable call
  [b43|c043_s168_w2_1005_1045_r2] S168 GPK: no tradeable call
  [b42|c042_s168_w2_1005_1045_r1] S168 H: no tradeable call
  [b43|c043_s168_w2_1005_1045_r2] S168 H: no tradeable call
  [b42|c042_s168_w2_1005_1045_r1] S168 HIMS: no tradeable call
  [b43|c043_s168_w2_1005_1045_r2] S168 HIMS: no tradeable call
  [b42|c042_s168_w2_1005_1045_r1] S168 KEX: no tradeable call
  [b43|c043_s168_w2_1005_1045_r2] S168 KEX: no tradeable call
  [b42|c042_s168_w2_1005_1045_r1] S168 LSTR: no tradeable call
  [b43|c043_s168_w2_1005_1045_r2] S168 LSTR: no tradeable call
  [b42|c042_s168_w2_1005_1045_r1] S168 M: no tradeable call
  [b43|c043_s168_w2_1005_1045_r2] S168 M: no tradeable call
  [b42|c042_s168_w2_1005_1045_r1] S168 ONTO: no tradeable call
  [b43|c043_s168_w2_1005_1045_r2] S168 ONTO: no tradeable call
  [b42|c042_s168_w2_1005_1045_r1] S168 OSK: no tradeable call
  [b43|c043_s168_w2_1005_1045_r2] S168 OSK: no tradeable call
  [b42|c042_s168_w2_1005_1045_r1] S168 PSN: no tradeable call
  [b43|c043_s168_w2_1005_1045_r2] S168 PSN: no tradeable call
  [b42|c042_s168_w2_1005_1045_r1] S168 PVH: no tradeable call
  [b43|c043_s168_w2_1005_1045_r2] S168 PVH: no tradeable call
  [b42|c042_s168_w2_1005_1045_r1] S168 RH: no tradeable call
  [b43|c043_s168_w2_1005_1045_r2] S168 RH: no tradeable call
  [b42|c042_s168_w2_1005_1045_r1] S168 SGI: no tradeable call
  [b43|c043_s168_w2_1005_1045_r2] S168 SGI: no tradeable call
  [b42|c042_s168_w2_1005_1045_r1] S168 SLGN: no tradeable call
  [b43|c043_s168_w2_1005_1045_r2] S168 SLGN: no tradeable call
  [b42|c042_s168_w2_1005_1045_r1] S168 TEX: no tradeable call
  [b43|c043_s168_w2_1005_1045_r2] S168 TEX: no tradeable call
  [b42|c042_s168_w2_1005_1045_r1] S168 UNM: no tradeable call
  [b43|c043_s168_w2_1005_1045_r2] S168 UNM: no tradeable call
  [b42|c042_s168_w2_1005_1045_r1] S168 VFC: no tradeable call
  [b43|c043_s168_w2_1005_1045_r2] S168 VFC: no tradeable call
  [b42|c042_s168_w2_1005_1045_r1] S168 VIAV: no tradeable call
  [b43|c043_s168_w2_1005_1045_r2] S168 VIAV: no tradeable call
  [b42|c042_s168_w2_1005_1045_r1] S168 WMS: no tradeable call
  [b43|c043_s168_w2_1005_1045_r2] S168 WMS: no tradeable call
  [b42|c042_s168_w2_1005_1045_r1] S168 WSO: no tradeable call
  [b43|c043_s168_w2_1005_1045_r2] S168 WSO: no tradeable call
  [b34|c034_s167_w2_1005_1045_r1] S167 AMCR: no tradeable call
  [b35|c035_s167_w2_1005_1045_r2] S167 AMCR: no tradeable call
  [b34|c034_s167_w2_1005_1045_r1] S167 AON: no tradeable call
  [b35|c035_s167_w2_1005_1045_r2] S167 AON: no tradeable call
  [b34|c034_s167_w2_1005_1045_r1] S167 AMAT: no tradeable call
  [b35|c035_s167_w2_1005_1045_r2] S167 AMAT: no tradeable call
  [b34|c034_s167_w2_1005_1045_r1] S167 ACGL: no tradeable call
  [b35|c035_s167_w2_1005_1045_r2] S167 ACGL: no tradeable call
  [b34|c034_s167_w2_1005_1045_r1] S167 BSX: no tradeable call
  [b35|c035_s167_w2_1005_1045_r2] S167 BSX: no tradeable call
  [b34|c034_s167_w2_1005_1045_r1] S167 BLDR: no tradeable call
  [b35|c035_s167_w2_1005_1045_r2] S167 BLDR: no tradeable call
  [b34|c034_s167_w2_1005_1045_r1] S167 BG: no tradeable call
  [b35|c035_s167_w2_1005_1045_r2] S167 BG: no tradeable call
  ENTRY [b34|c034_s167_w2_1005_1045_r1|S167] BUY 1x CCL260731C00028500 (gap -2.7%) limit=0.37 (ask=0.38 off=-0.01) tp=+50% sl=-50% pending id=6384224d-48e6-4e4b-8c0b-3b1ce8192e52
  ENTRY [b35|c035_s167_w2_1005_1045_r2|S167] BUY 1x CCL260731C00028500 (gap -2.7%) limit=0.37 (ask=0.38 off=-0.01) tp=+50% sl=-50% pending id=fb056b8f-41b6-41a3-9351-cf20bad41f1f
  [b26|c026_s166_w2_1005_1045_r1] S166 AON: no tradeable call
  [b27|c027_s166_w2_1005_1045_r2] S166 AON: no tradeable call
  [b26|c026_s166_w2_1005_1045_r1] S166 ACGL: no tradeable call
  [b27|c027_s166_w2_1005_1045_r2] S166 ACGL: no tradeable call
  [b26|c026_s166_w2_1005_1045_r1] S166 BSX: no tradeable call
  [b27|c027_s166_w2_1005_1045_r2] S166 BSX: no tradeable call
  [b26|c026_s166_w2_1005_1045_r1] S166 BG: no tradeable call
  [b27|c027_s166_w2_1005_1045_r2] S166 BG: no tradeable call
  [b26|c026_s166_w2_1005_1045_r1] S166 CAT: no tradeable call
  [b27|c027_s166_w2_1005_1045_r2] S166 CAT: no tradeable call
  [b26|c026_s166_w2_1005_1045_r1] S166 CSGP: no tradeable call
  [b27|c027_s166_w2_1005_1045_r2] S166 CSGP: no tradeable call
  [b26|c026_s166_w2_1005_1045_r1] S166 FLEX: no tradeable call
  [b27|c027_s166_w2_1005_1045_r2] S166 FLEX: no tradeable call
  [b26|c026_s166_w2_1005_1045_r1] S166 KLAC: no tradeable call
  [b27|c027_s166_w2_1005_1045_r2] S166 KLAC: no tradeable call
  [b26|c026_s166_w2_1005_1045_r1] S166 LII: no tradeable call
  [b27|c027_s166_w2_1005_1045_r2] S166 LII: no tradeable call
  [b26|c026_s166_w2_1005_1045_r1] S166 MAS: no tradeable call
  [b27|c027_s166_w2_1005_1045_r2] S166 MAS: no tradeable call
  ENTRY [b26|c026_s166_w2_1005_1045_r1|S166] BUY 1x NCLH260731C00022000 (gap -3.4%) limit=0.46 (ask=0.47 off=-0.01) tp=+50% sl=-50% pending id=999dc791-a0a1-4ca9-b23a-7c5f944746d3
  ENTRY [b27|c027_s166_w2_1005_1045_r2|S166] BUY 1x NCLH260731C00022000 (gap -3.4%) limit=0.46 (ask=0.47 off=-0.01) tp=+50% sl=-50% pending id=6cf631ee-bf1b-43ea-9dd3-85601805092d
  [b2|c002_s163_w2_1005_1045_r1] S163 AMCR: no tradeable call
  [b3|c003_s163_w2_1005_1045_r2] S163 AMCR: no tradeable call
  [b2|c002_s163_w2_1005_1045_r1] S163 AON: no tradeable call
  [b3|c003_s163_w2_1005_1045_r2] S163 AON: no tradeable call
  [b2|c002_s163_w2_1005_1045_r1] S163 AMAT: no tradeable call
  [b3|c003_s163_w2_1005_1045_r2] S163 AMAT: no tradeable call
  [b2|c002_s163_w2_1005_1045_r1] S163 ACGL: no tradeable call
  [b3|c003_s163_w2_1005_1045_r2] S163 ACGL: no tradeable call
  [b2|c002_s163_w2_1005_1045_r1] S163 BSX: no tradeable call
  [b3|c003_s163_w2_1005_1045_r2] S163 BSX: no tradeable call
  [b2|c002_s163_w2_1005_1045_r1] S163 BLDR: no tradeable call
  [b3|c003_s163_w2_1005_1045_r2] S163 BLDR: no tradeable call
  [b2|c002_s163_w2_1005_1045_r1] S163 BG: no tradeable call
  [b3|c003_s163_w2_1005_1045_r2] S163 BG: no tradeable call
  ENTRY [b2|c002_s163_w2_1005_1045_r1|S163] BUY 1x CCL260731C00028000 (gap -2.7%) limit=0.59 (ask=0.60 off=-0.01) tp=+50% sl=-50% pending id=a03ea111-d0eb-480f-b80f-efc13b17780e
  ENTRY [b3|c003_s163_w2_1005_1045_r2|S163] BUY 1x CCL260731C00028000 (gap -2.7%) limit=0.59 (ask=0.60 off=-0.01) tp=+50% sl=-50% pending id=a7141434-89a8-4380-8fbd-79cb9ab73530
  ENTRY [b106|c106_s202_w2_1005_1045_r1|S202] BUY 1x BSX260731C00050000 (gap -7.4%) limit=0.07 (ask=0.08 off=-0.01) tp=+50% sl=-50% pending id=bb634f57-f0c5-4c91-98ce-307ebfba1279
  ENTRY [b107|c107_s202_w2_1005_1045_r2|S202] BUY 1x BSX260731C00050000 (gap -7.4%) limit=0.07 (ask=0.08 off=-0.01) tp=+50% sl=-50% pending id=ea7c6249-7a37-4703-aafc-4f8919910282
  [b114|c114_s203_w2_1005_1045_r1] S203 APA: no tradeable put
  [b115|c115_s203_w2_1005_1045_r2] S203 APA: no tradeable put
  [b114|c114_s203_w2_1005_1045_r1] S203 BKR: no tradeable put
  [b115|c115_s203_w2_1005_1045_r2] S203 BKR: no tradeable put
  [b114|c114_s203_w2_1005_1045_r1] S203 COP: no tradeable put
  [b115|c115_s203_w2_1005_1045_r2] S203 COP: no tradeable put
  [b114|c114_s203_w2_1005_1045_r1] S203 EOG: no tradeable put
  [b115|c115_s203_w2_1005_1045_r2] S203 EOG: no tradeable put
  [b114|c114_s203_w2_1005_1045_r1] S203 EXE: no tradeable put
  [b115|c115_s203_w2_1005_1045_r2] S203 EXE: no tradeable put
  ENTRY [b114|c114_s203_w2_1005_1045_r1|S203] BUY 1x XOM260731P00150000 (gap +3.1% red close) limit=0.46 (ask=0.47 off=-0.01) tp=+50% sl=-50% pending id=30f0d827-4bb0-483d-8547-1f1aeed87f16
  ENTRY [b115|c115_s203_w2_1005_1045_r2|S203] BUY 1x XOM260731P00150000 (gap +3.1% red close) limit=0.46 (ask=0.47 off=-0.01) tp=+50% sl=-50% pending id=3e56a793-1c21-47a2-a8f8-0adc44c82611
  [b130|c130_s205_w2_1005_1045_r1] S205 PSN: no tradeable call
  [b131|c131_s205_w2_1005_1045_r2] S205 PSN: no tradeable call
  ENTRY [b146|c146_s207_w2_1005_1045_r1|S207] BUY 1x CCL260731C00028000 (gap -2.7% MA50 dist=1.9%) limit=0.59 (ask=0.60 off=-0.01) tp=+50% sl=-50% pending id=ce1a5b95-c245-4400-8342-02179deab98d
  ENTRY [b147|c147_s207_w2_1005_1045_r2|S207] BUY 1x CCL260731C00028000 (gap -2.7% MA50 dist=1.9%) limit=0.59 (ask=0.60 off=-0.01) tp=+50% sl=-50% pending id=790b7dbb-5fd9-4702-8ace-e52ace2404ce
  [b162|c162_s209_w2_1005_1045_r1] S209 V: no tradeable call
  [b163|c163_s209_w2_1005_1045_r2] S209 V: no tradeable call
  [b170|c170_s210_w2_1005_1045_r1] S210 CNP: no tradeable call
  [b171|c171_s210_w2_1005_1045_r2] S210 CNP: no tradeable call
  [b170|c170_s210_w2_1005_1045_r1] S210 CI: no tradeable call
  [b171|c171_s210_w2_1005_1045_r2] S210 CI: no tradeable call
  ENTRY [b170|c170_s210_w2_1005_1045_r1|S210] BUY 1x KO260731C00091000 (MA8 84.04 crossed above MA21) limit=0.57 (ask=0.58 off=-0.01) tp=+50% sl=-50% pending id=bb06173d-f5da-4b7e-b9d8-87015d432eda
  ENTRY [b171|c171_s210_w2_1005_1045_r2|S210] BUY 1x KO260731C00091000 (MA8 84.04 crossed above MA21) limit=0.57 (ask=0.58 off=-0.01) tp=+50% sl=-50% pending id=6cc003c8-47ab-40ae-bf7b-cf7991bdfc10
  [b178|c178_s211_w2_1005_1045_r1] S211 BLK: no tradeable call
  [b179|c179_s211_w2_1005_1045_r2] S211 BLK: no tradeable call
  ENTRY [b178|c178_s211_w2_1005_1045_r1|S211] BUY 1x HPQ260731C00028500 (MA21 crossed above MA50) limit=0.60 (ask=0.61 off=-0.01) tp=+50% sl=-50% pending id=3849b58b-1ed1-4767-84e9-9f94103740c2
  ENTRY [b179|c179_s211_w2_1005_1045_r2|S211] BUY 1x HPQ260731C00028500 (MA21 crossed above MA50) limit=0.60 (ask=0.61 off=-0.01) tp=+50% sl=-50% pending id=e98d033e-04c9-4795-b2b0-40cf249ca014
  [b186|c186_s212_w2_1005_1045_r1] S212 ALGN: no tradeable call
  [b187|c187_s212_w2_1005_1045_r2] S212 ALGN: no tradeable call
  [b186|c186_s212_w2_1005_1045_r1] S212 AXP: no tradeable call
  [b187|c187_s212_w2_1005_1045_r2] S212 AXP: no tradeable call
  [b186|c186_s212_w2_1005_1045_r1] S212 APH: no tradeable call
  [b187|c187_s212_w2_1005_1045_r2] S212 APH: no tradeable call
  [b186|c186_s212_w2_1005_1045_r1] S212 AZO: no tradeable call
  [b187|c187_s212_w2_1005_1045_r2] S212 AZO: no tradeable call
  ENTRY [b186|c186_s212_w2_1005_1045_r1|S212] BUY 1x CCL260731C00028000 (low=27.33 MA50=27.48 touch+green) limit=0.59 (ask=0.60 off=-0.01) tp=+50% sl=-50% pending id=19259a1c-0783-49fe-a027-d9cd9b3deb4e
  ENTRY [b187|c187_s212_w2_1005_1045_r2|S212] BUY 1x CCL260731C00028000 (low=27.33 MA50=27.48 touch+green) limit=0.59 (ask=0.60 off=-0.01) tp=+50% sl=-50% pending id=ea1a7bf0-3549-41e0-a0bb-1826b3efc3a1
  ENTRY [b218|c218_s216_w2_1005_1045_r1|S216] BUY 1x HAL260731C00032000 (RSI crossed 30: 26.6 -> 33.5) limit=0.32 (ask=0.33 off=-0.01) tp=+50% sl=-50% pending id=94b3ec7a-9817-4712-a3b2-233b326dcd02
  ENTRY [b219|c219_s216_w2_1005_1045_r2|S216] BUY 1x HAL260731C00032000 (RSI crossed 30: 26.6 -> 33.5) limit=0.32 (ask=0.33 off=-0.01) tp=+50% sl=-50% pending id=87cd7b04-2659-4083-ae52-f15e4a112b11
  [b226|c226_s217_w2_1005_1045_r1] S217 GLW: no tradeable call
  [b227|c227_s217_w2_1005_1045_r2] S217 GLW: no tradeable call
  [b226|c226_s217_w2_1005_1045_r1] S217 FLEX: no tradeable call
  [b227|c227_s217_w2_1005_1045_r2] S217 FLEX: no tradeable call
  [b226|c226_s217_w2_1005_1045_r1] S217 KLAC: no tradeable call
  [b227|c227_s217_w2_1005_1045_r2] S217 KLAC: no tradeable call
  [b226|c226_s217_w2_1005_1045_r1] S217 MRNA: no tradeable call
  [b227|c227_s217_w2_1005_1045_r2] S217 MRNA: no tradeable call
  [b226|c226_s217_w2_1005_1045_r1] S217 ALGM: no tradeable call
  [b227|c227_s217_w2_1005_1045_r2] S217 ALGM: no tradeable call
  [b226|c226_s217_w2_1005_1045_r1] S217 AMKR: no tradeable call
  [b227|c227_s217_w2_1005_1045_r2] S217 AMKR: no tradeable call
  [b234|c234_s218_w2_1005_1045_r1] S218 CL: no tradeable call
  [b235|c235_s218_w2_1005_1045_r2] S218 CL: no tradeable call
  [b234|c234_s218_w2_1005_1045_r1] S218 CSGP: no tradeable call
  [b235|c235_s218_w2_1005_1045_r2] S218 CSGP: no tradeable call
  [b234|c234_s218_w2_1005_1045_r1] S218 FLEX: no tradeable call
  [b235|c235_s218_w2_1005_1045_r2] S218 FLEX: no tradeable call
  [b234|c234_s218_w2_1005_1045_r1] S218 KEY: no tradeable call
  [b235|c235_s218_w2_1005_1045_r2] S218 KEY: no tradeable call
  [b234|c234_s218_w2_1005_1045_r1] S218 KEYS: no tradeable call
  [b235|c235_s218_w2_1005_1045_r2] S218 KEYS: no tradeable call
  [b234|c234_s218_w2_1005_1045_r1] S218 KLAC: no tradeable call
  [b235|c235_s218_w2_1005_1045_r2] S218 KLAC: no tradeable call
  [b234|c234_s218_w2_1005_1045_r1] S218 MPWR: no tradeable call
  [b235|c235_s218_w2_1005_1045_r2] S218 MPWR: no tradeable call
  [b234|c234_s218_w2_1005_1045_r1] S218 PNW: no tradeable call
  [b235|c235_s218_w2_1005_1045_r2] S218 PNW: no tradeable call
  [b234|c234_s218_w2_1005_1045_r1] S218 PG: no tradeable call
  [b235|c235_s218_w2_1005_1045_r2] S218 PG: no tradeable call
  [b234|c234_s218_w2_1005_1045_r1] S218 AM: no tradeable call
  [b235|c235_s218_w2_1005_1045_r2] S218 AM: no tradeable call
  [b234|c234_s218_w2_1005_1045_r1] S218 AMKR: no tradeable call
  [b235|c235_s218_w2_1005_1045_r2] S218 AMKR: no tradeable call
  [b234|c234_s218_w2_1005_1045_r1] S218 CVLT: no tradeable call
  [b235|c235_s218_w2_1005_1045_r2] S218 CVLT: no tradeable call
  [b234|c234_s218_w2_1005_1045_r1] S218 DTM: no tradeable call
  [b235|c235_s218_w2_1005_1045_r2] S218 DTM: no tradeable call
  [b234|c234_s218_w2_1005_1045_r1] S218 FLG: no tradeable call
  [b235|c235_s218_w2_1005_1045_r2] S218 FLG: no tradeable call
  [b234|c234_s218_w2_1005_1045_r1] S218 H: no tradeable call
  [b235|c235_s218_w2_1005_1045_r2] S218 H: no tradeable call
  [b234|c234_s218_w2_1005_1045_r1] S218 PEN: no tradeable call
  [b235|c235_s218_w2_1005_1045_r2] S218 PEN: no tradeable call
  [b234|c234_s218_w2_1005_1045_r1] S218 SANM: no tradeable call
  [b235|c235_s218_w2_1005_1045_r2] S218 SANM: no tradeable call
  [b234|c234_s218_w2_1005_1045_r1] S218 SIGI: no tradeable call
  [b235|c235_s218_w2_1005_1045_r2] S218 SIGI: no tradeable call
  Skipped: 252 no tradeable call, 776 pending order
Placed 20 new entry order(s).
  reconcile: layout changed controlled:100:c000_s173_w1_0928_1005_r1 -> controlled:248:c000_s163_w1_0928_1005_r1
  reconcile: entry fill b27|S166 NCLH x1 @ 0.45
  reconcile: entry fill b26|S166 NCLH x1 @ 0.45
  reconcile: entry fill b35|S167 CCL x1 @ 0.36
  reconcile: entry fill b34|S167 CCL x1 @ 0.36

[Portfolio snapshot]
========================================================
OPTIONS TRIAL STATS
========================================================
Account equity: $128,031.12
Active buckets: 248 of 248 profiles ($500 virtual each) — paper unlimited mode

P&L summary
  Reflected (ex-S173,S174): $+4,423.13 all-time  |  $+0.00 today
  Raw (incl dropped):     $+2,827.58 all-time  |  $+0.00 today
  Open (not sold yet): $-94.00 unrealized (virtual lots)
  Premium deployed:    $420.00 in open positions
  Combined P&L:        $+4,329.13 (reflected realized + open virtual)

Ledger (master)
  Total events:     5927
  Today entries:    8
  Today exits (reflected): 0
  All-time exits (reflected): 273  wins 30%
  Avg return/trade: -5.1%  median -40.0%

Open virtual lots (by bucket)
  b8 c008_s164_w1_0928_1005_r1  prem=$    70  real=$ +0.00  open=$-17.91  lots=1  [S164:CCLx1]
       buy: ask-0.01  sell: bid-0.01  tp=+50% sl=-50%
  b9 c009_s164_w1_0928_1005_r2  prem=$    70  real=$ +0.00  open=$-17.91  lots=1  [S164:CCLx1]
       buy: ask-0.01  sell: bid-0.01  tp=+50% sl=-50%
  b16 c016_s165_w1_0928_1005_r1  prem=$    59  real=$ +0.00  open=$-15.09  lots=1  [S165:CCLx1]
       buy: ask-0.01  sell: bid-0.01  tp=+50% sl=-50%
  b17 c017_s165_w1_0928_1005_r2  prem=$    59  real=$ +0.00  open=$-15.09  lots=1  [S165:CCLx1]
       buy: ask-0.01  sell: bid-0.01  tp=+50% sl=-50%
  b26 c026_s166_w2_1005_1045_r1  prem=$    45  real=$ +0.00  open=$ -7.00  lots=1  [S166:NCLHx1]
       buy: ask-0.01  sell: bid-0.01  tp=+50% sl=-50%
  b27 c027_s166_w2_1005_1045_r2  prem=$    45  real=$ +0.00  open=$ -7.00  lots=1  [S166:NCLHx1]
       buy: ask-0.01  sell: bid-0.01  tp=+50% sl=-50%
  b34 c034_s167_w2_1005_1045_r1  prem=$    36  real=$ +0.00  open=$ -7.00  lots=1  [S167:CCLx1]
       buy: ask-0.01  sell: bid-0.01  tp=+50% sl=-50%
  b35 c035_s167_w2_1005_1045_r2  prem=$    36  real=$ +0.00  open=$ -7.00  lots=1  [S167:CCLx1]
       buy: ask-0.01  sell: bid-0.01  tp=+50% sl=-50%
  (240 quiet bucket profile(s) — no trades yet)

Pending orders: 20
  b18 S165 CCL limit=0.59
  b19 S165 CCL limit=0.59
  b10 S164 CCL limit=0.59
  b11 S164 CCL limit=0.59
  b2 S163 CCL limit=0.59

Alpaca option positions
  CCL260731C00028000  qty=4  cost=$258.00  return=-25.6%  open P&L=$-66.00
  CCL260731C00028500  qty=2  cost=$72.00  return=-19.4%  open P&L=$-14.00
  NCLH260731C00022000  qty=2  cost=$90.00  return=-15.6%  open P&L=$-14.00

Per-bucket exit stats (all time)
  b0|orphan_reconcile     n= 22  avg=+22.4%  med=-57.5%  realized=$+6,310.91
  b104|c104_s164_w1_0928_1005_r4  n=  1  avg=-88.9%  med=-88.9%  realized=$-8.00
  b10|c010_s165_w3_1045_1120_r1  n=  8  avg=-37.2%  med=-18.9%  realized=$-205.00
  b132|c132_s164_w1_0928_1005_r5  n=  2  avg=-65.7%  med=-53.6%  realized=$-37.00
  b135|c135_s164_w4_1120_1135_r5  n=  1  avg=-50.0%  med=-50.0%  realized=$-4.00
  b20|c020_s164_w1_0928_1005_r1  n=  1  avg=-88.9%  med=-88.9%  realized=$-8.00
  b28|c028_s165_w1_0928_1005_r2  n= 17  avg=+49.5%  med=+80.0%  realized=$+448.00
  b28|c028_s173_w1_0928_1005_r2  n=  5  avg=+51.6%  med=+80.0%  realized=$+142.00
  b29|c029_s165_w2_1005_1045_r2  n=  9  avg=-23.3%  med=-50.0%  realized=$-221.00
  b29|c029_s173_w2_1005_1045_r2  n=  2  avg=-69.3%  med=-48.5%  realized=$-78.00
  b30|c030_s165_w3_1045_1120_r2  n=  9  avg=+38.8%  med=+0.0%  realized=$+260.00
  b30|c030_s173_w3_1045_1120_r2  n=  2  avg=-9.5%  med=+0.0%  realized=$-14.00
  b31|c031_s165_w4_1120_1135_r2  n=  2  avg=+145.5%  med=+175.8%  realized=$+192.00
  b48|c048_s164_w1_0928_1005_r2  n=  5  avg=-33.1%  med=-49.1%  realized=$-91.00
  b48|c048_s165_w1_0928_1005_r3  n= 16  avg=-35.9%  med=-49.1%  realized=$-344.00
  b49|c049_s164_w2_1005_1045_r2  n=  4  avg=-51.8%  med=-44.0%  realized=$-133.00
  b49|c049_s165_w2_1005_1045_r3  n= 15  avg=-49.3%  med=-49.1%  realized=$-458.00
  b50|c050_s164_w3_1045_1120_r2  n=  4  avg=-39.6%  med=-16.7%  realized=$-115.00
  b50|c050_s165_w3_1045_1120_r3  n=  9  avg=-23.6%  med=-23.1%  realized=$-142.00
  b51|c051_s165_w4_1120_1135_r3  n=  1  avg=+263.6%  med=+263.6%  realized=$+174.00
  b56|g056_lim_tp20_sl65  n=  1  avg=+47.7%  med=+47.7%  realized=$+20.52
  b57|g057_mid_tp20_sl65  n=  1  avg=+47.7%  med=+47.7%  realized=$+20.52
  b58|g058_eod_tp20_sl65  n=  1  avg=+59.1%  med=+59.1%  realized=$+25.41
  b68|c068_s165_w1_0928_1005_r4  n= 16  avg=-51.3%  med=-49.1%  realized=$-446.00
  b68|c068_s166_w1_0928_1005_r3  n=  4  avg=-52.7%  med=-49.1%  realized=$-116.00
  b69|c069_s165_w2_1005_1045_r4  n= 11  avg=+19.0%  med=-43.6%  realized=$-179.00
  b69|c069_s166_w2_1005_1045_r3  n=  4  avg=+10.1%  med=-40.0%  realized=$-87.00
  b70|c070_s165_w3_1045_1120_r4  n= 11  avg=-2.1%  med=-16.9%  realized=$-6.00
  b70|c070_s166_w3_1045_1120_r3  n=  4  avg=-42.5%  med=-27.0%  realized=$-124.00
  b70|g070_eod_tp30_sl20  n=  1  avg=+59.1%  med=+59.1%  realized=$+27.77
  b76|c076_s164_w1_0928_1005_r3  n=  1  avg=-50.0%  med=-50.0%  realized=$-2.00
  b88|c088_s165_w1_0928_1005_r5  n= 21  avg=-5.0%  med=-2.7%  realized=$-63.00
  b88|c088_s167_w1_0928_1005_r4  n=  4  avg=-12.7%  med=+30.9%  realized=$-28.00
  b89|c089_s165_w2_1005_1045_r5  n=  7  avg=+113.1%  med=+30.9%  realized=$+67.00
  b89|c089_s167_w2_1005_1045_r4  n=  2  avg=-16.2%  med=+30.9%  realized=$-22.00
  b8|c008_s165_w1_0928_1005_r1  n= 23  avg=-19.6%  med=-35.3%  realized=$-250.00
  b90|c090_s165_w3_1045_1120_r5  n= 13  avg=+7.7%  med=+0.0%  realized=$+47.00
  b90|c090_s167_w3_1045_1120_r4  n=  4  avg=-41.6%  med=-18.9%  realized=$-123.00
  b91|c091_s165_w4_1120_1135_r5  n=  2  avg=+222.0%  med=+247.0%  realized=$+293.00
  b9|c009_s165_w2_1005_1045_r1  n=  7  avg=-74.4%  med=-66.2%  realized=$-301.00
========================================================
+========================================================================+
|  OPTIONS BOT SUMMARY                                                   |
+------------------------------------------------------------------------+
|  Mode                          entry+manage                            |
|  Equity                        $128,031.12                             |
|  Signals this run              524                                     |
|  Orders submitted (session)    24                                      |
|  Orders filled today (ledger)  8                                       |
|  Entries placed this run       20                                      |
|  Open virtual lots             8                                       |
|  Broker option positions       3                                       |
|  Pending orders                20                                      |
+========================================================================+
+========================================================================+
|  BUCKET LEADERBOARD (reflected ex-S173,S174)                           |
+------------------------------------------------------------------------+
|  Reflected trades=273  buckets=27  win=30%                             |
|  Returns   avg=-5.1%  med=-40.0%  p10=-66.2%  p90=+81.8%               |
|  Realized  $+4,423.13                                                  |
|  Raw incl dropped  trades=807  real=$+2,827.58                         |
+------------------------------------------------------------------------+
|  BKT PROFILE               N  WIN  AVG%   MED%   BEST%  REAL$          |
+------------------------------------------------------------------------+
|  b51  c051_s169_w2_1005_  1 100% +263.6 +263.6 +263.6 $   +174         |
|  b91  c091_s200_w2_1005_  2 100% +222.0 +222.0 +247.0 $   +293         |
|  b31  c031_s166_w4_1120_  2 100% +145.5 +145.5 +175.8 $   +192         |
|  b28  c028_s166_w3_1045_ 22  77% +50.0 +80.0 +102.0 $   +590           |
|  b58  c058_s170_w2_1005_  1 100% +59.1 +59.1 +59.1 $    +25            |
|  b56  c056_s170_w1_0928_  1 100% +47.7 +47.7 +47.7 $    +21            |
|  b57  c057_s170_w1_0928_  1 100% +47.7 +47.7 +47.7 $    +21            |
|  b89  c089_s200_w1_0928_  9  56% +84.4 +30.9 +790.0 $    +45           |
|  ... 19 more bucket(s) with exits                                      |
+------------------------------------------------------------------------+
|  Low  b20  c020_s165_w3_1045_  1   0% -88.9 -88.9 -88.9 $     -8       |
+========================================================================+
+========================================================================+
|  PENDING ORDERS (20)                                                   |
+------------------------------------------------------------------------+
|  Top groups                    S165:CCL(2), S164:CCL(2), S163:CCL(2)   |
+------------------------------------------------------------------------+
|  b18  S165 CCL      limit=0.59                                         |
|  b19  S165 CCL      limit=0.59                                         |
|  b10  S164 CCL      limit=0.59                                         |
|  b11  S164 CCL      limit=0.59                                         |
|  b2   S163 CCL      limit=0.59                                         |
|  ... 15 more pending order(s)                                          |
+========================================================================+
+========================================================================+
|  OPEN OPTIONS (3)                                                      |
+------------------------------------------------------------------------+
|  SYMBOL                      QTY    RET%        OPEN P&L               |
|------------------------------------------------------------------------|
|  CCL260731C00028000            4    -25.6%   $    -66.00               |
|  CCL260731C00028500            2    -19.4%   $    -14.00               |
|  NCLH260731C00022000           2    -15.6%   $    -14.00               |
+========================================================================+
Full detail: logs/options_trial/runs/2026-07-29.log
elapsed=221.0s reconcile=0.16s cancel=0.02s manage=0.11s scan=180.98s entries=39.36s

=== 10:15:43 ET — entry+manage (0 new) [elapsed=214.2s reconcile=0.18s cancel=0.02s manage=0.13s scan=198.03s entries=15.48s] ===
=== options_morning_bot (PAPER) 2026-07-29T10:15:43.314398-04:00 ===

[Run context]
Paper auth OK — equity $126986.68, account PA36KS87UPRS
  reconcile: layout changed controlled:100:c000_s173_w1_0928_1005_r1 -> controlled:248:c000_s163_w1_0928_1005_r1
  reconcile: entry fill b187|S212 CCL x1 @ 0.59
  reconcile: entry fill b186|S212 CCL x1 @ 0.59
  reconcile: entry fill b147|S207 CCL x1 @ 0.59
  reconcile: entry fill b146|S207 CCL x1 @ 0.59
  reconcile: entry fill b3|S163 CCL x1 @ 0.59
  reconcile: entry fill b2|S163 CCL x1 @ 0.59
  reconcile: entry fill b11|S164 CCL x1 @ 0.59
  reconcile: entry fill b10|S164 CCL x1 @ 0.59
  reconcile: entry fill b19|S165 CCL x1 @ 0.59
  reconcile: entry fill b18|S165 CCL x1 @ 0.59
  reconcile: removed 4 stale lot(s)
  reconcile: trimmed CCL260731C00028000 lots to match pos qty 10

[Setup]
Active buckets: 248 | Strategies: S165, S164, S168, S167, S166, S163, S169, S170, S171, S172, S175, S200, S201, S202, S203, S204, S205, S206, S207, S208, S209, S210, S211, S212, S213, S214, S215, S216, S217, S218, S219
Dropped (no new entries; ex-reflected P&L): S173, S174

[Scan + entries]
Scanning 903 symbols for [S165, S164, S168, S167, S166, S163, S169, S170, S171, S172, S175, S200, S201, S202, S203, S204, S205, S206, S207, S208, S209, S210, S211, S212, S213, S214, S215, S216, S217, S218, S219] …
Fetched daily bars for 903/903 symbols
Found 516 signal(s); top: ['S165:AMCR', 'S165:AON', 'S165:AMAT', 'S165:ACGL', 'S165:BSX', 'S165:BLDR', 'S165:BG', 'S165:CCL']
Paper lab: $127313 broker equity -> 248 bucket(s) ($500 virtual each, unlimited paper)
  [b42|c042_s168_w2_1005_1045_r1] S168 AMCR: no tradeable call
  [b43|c043_s168_w2_1005_1045_r2] S168 AMCR: no tradeable call
  [b42|c042_s168_w2_1005_1045_r1] S168 AON: no tradeable call
  [b43|c043_s168_w2_1005_1045_r2] S168 AON: no tradeable call
  [b42|c042_s168_w2_1005_1045_r1] S168 AMAT: no tradeable call
  [b43|c043_s168_w2_1005_1045_r2] S168 AMAT: no tradeable call
  [b42|c042_s168_w2_1005_1045_r1] S168 ACGL: no tradeable call
  [b43|c043_s168_w2_1005_1045_r2] S168 ACGL: no tradeable call
  [b42|c042_s168_w2_1005_1045_r1] S168 BSX: no tradeable call
  [b43|c043_s168_w2_1005_1045_r2] S168 BSX: no tradeable call
  [b42|c042_s168_w2_1005_1045_r1] S168 BLDR: no tradeable call
  [b43|c043_s168_w2_1005_1045_r2] S168 BLDR: no tradeable call
  [b42|c042_s168_w2_1005_1045_r1] S168 BG: no tradeable call
  [b43|c043_s168_w2_1005_1045_r2] S168 BG: no tradeable call
  [b42|c042_s168_w2_1005_1045_r1] S168 CCL: no tradeable call
  [b43|c043_s168_w2_1005_1045_r2] S168 CCL: no tradeable call
  [b42|c042_s168_w2_1005_1045_r1] S168 CAT: no tradeable call
  [b43|c043_s168_w2_1005_1045_r2] S168 CAT: no tradeable call
  [b42|c042_s168_w2_1005_1045_r1] S168 CSGP: no tradeable call
  [b43|c043_s168_w2_1005_1045_r2] S168 CSGP: no tradeable call
  [b42|c042_s168_w2_1005_1045_r1] S168 DAL: no tradeable call
  [b43|c043_s168_w2_1005_1045_r2] S168 DAL: no tradeable call
  [b42|c042_s168_w2_1005_1045_r1] S168 FLEX: no tradeable call
  [b43|c043_s168_w2_1005_1045_r2] S168 FLEX: no tradeable call
  [b42|c042_s168_w2_1005_1045_r1] S168 FTV: no tradeable call
  [b43|c043_s168_w2_1005_1045_r2] S168 FTV: no tradeable call
  [b42|c042_s168_w2_1005_1045_r1] S168 IP: no tradeable call
  [b43|c043_s168_w2_1005_1045_r2] S168 IP: no tradeable call
  [b42|c042_s168_w2_1005_1045_r1] S168 KKR: no tradeable call
  [b43|c043_s168_w2_1005_1045_r2] S168 KKR: no tradeable call
  [b42|c042_s168_w2_1005_1045_r1] S168 KLAC: no tradeable call
  [b43|c043_s168_w2_1005_1045_r2] S168 KLAC: no tradeable call
  [b42|c042_s168_w2_1005_1045_r1] S168 LII: no tradeable call
  [b43|c043_s168_w2_1005_1045_r2] S168 LII: no tradeable call
  [b42|c042_s168_w2_1005_1045_r1] S168 MAS: no tradeable call
  [b43|c043_s168_w2_1005_1045_r2] S168 MAS: no tradeable call
  [b42|c042_s168_w2_1005_1045_r1] S168 NCLH: no tradeable call
  [b43|c043_s168_w2_1005_1045_r2] S168 NCLH: no tradeable call
  [b42|c042_s168_w2_1005_1045_r1] S168 NXPI: no tradeable call
  [b43|c043_s168_w2_1005_1045_r2] S168 NXPI: no tradeable call
  [b42|c042_s168_w2_1005_1045_r1] S168 ODFL: no tradeable call
  [b43|c043_s168_w2_1005_1045_r2] S168 ODFL: no tradeable call
  [b42|c042_s168_w2_1005_1045_r1] S168 OMC: no tradeable call
  [b43|c043_s168_w2_1005_1045_r2] S168 OMC: no tradeable call
  [b42|c042_s168_w2_1005_1045_r1] S168 PPG: no tradeable call
  [b43|c043_s168_w2_1005_1045_r2] S168 PPG: no tradeable call
  [b42|c042_s168_w2_1005_1045_r1] S168 PG: no tradeable call
  [b43|c043_s168_w2_1005_1045_r2] S168 PG: no tradeable call
  [b42|c042_s168_w2_1005_1045_r1] S168 SWKS: no tradeable call
  [b43|c043_s168_w2_1005_1045_r2] S168 SWKS: no tradeable call
  [b42|c042_s168_w2_1005_1045_r1] S168 SW: no tradeable call
  [b43|c043_s168_w2_1005_1045_r2] S168 SW: no tradeable call
  [b42|c042_s168_w2_1005_1045_r1] S168 LUV: no tradeable call
  [b43|c043_s168_w2_1005_1045_r2] S168 LUV: no tradeable call
  [b42|c042_s168_w2_1005_1045_r1] S168 TPR: no tradeable call
  [b43|c043_s168_w2_1005_1045_r2] S168 TPR: no tradeable call
  [b42|c042_s168_w2_1005_1045_r1] S168 UAL: no tradeable call
  [b43|c043_s168_w2_1005_1045_r2] S168 UAL: no tradeable call
  [b42|c042_s168_w2_1005_1045_r1] S168 VRT: no tradeable call
  [b43|c043_s168_w2_1005_1045_r2] S168 VRT: no tradeable call
  [b42|c042_s168_w2_1005_1045_r1] S168 V: no tradeable call
  [b43|c043_s168_w2_1005_1045_r2] S168 V: no tradeable call
  [b42|c042_s168_w2_1005_1045_r1] S168 AAL: no tradeable call
  [b43|c043_s168_w2_1005_1045_r2] S168 AAL: no tradeable call
  [b42|c042_s168_w2_1005_1045_r1] S168 AGCO: no tradeable call
  [b43|c043_s168_w2_1005_1045_r2] S168 AGCO: no tradeable call
  [b42|c042_s168_w2_1005_1045_r1] S168 ALK: no tradeable call
  [b43|c043_s168_w2_1005_1045_r2] S168 ALK: no tradeable call
  [b42|c042_s168_w2_1005_1045_r1] S168 ANF: no tradeable call
  [b43|c043_s168_w2_1005_1045_r2] S168 ANF: no tradeable call
  [b42|c042_s168_w2_1005_1045_r1] S168 BBWI: no tradeable call
  [b43|c043_s168_w2_1005_1045_r2] S168 BBWI: no tradeable call
  [b42|c042_s168_w2_1005_1045_r1] S168 CAR: no tradeable call
  [b43|c043_s168_w2_1005_1045_r2] S168 CAR: no tradeable call
  [b42|c042_s168_w2_1005_1045_r1] S168 CHWY: no tradeable call
  [b43|c043_s168_w2_1005_1045_r2] S168 CHWY: no tradeable call
  [b42|c042_s168_w2_1005_1045_r1] S168 CPRI: no tradeable call
  [b43|c043_s168_w2_1005_1045_r2] S168 CPRI: no tradeable call
  [b42|c042_s168_w2_1005_1045_r1] S168 CR: no tradeable call
  [b43|c043_s168_w2_1005_1045_r2] S168 CR: no tradeable call
  [b42|c042_s168_w2_1005_1045_r1] S168 ELF: no tradeable call
  [b43|c043_s168_w2_1005_1045_r2] S168 ELF: no tradeable call
  [b42|c042_s168_w2_1005_1045_r1] S168 ENTG: no tradeable call
  [b43|c043_s168_w2_1005_1045_r2] S168 ENTG: no tradeable call
  [b42|c042_s168_w2_1005_1045_r1] S168 ESAB: no tradeable call
  [b43|c043_s168_w2_1005_1045_r2] S168 ESAB: no tradeable call
  [b42|c042_s168_w2_1005_1045_r1] S168 EVR: no tradeable call
  [b43|c043_s168_w2_1005_1045_r2] S168 EVR: no tradeable call
  [b42|c042_s168_w2_1005_1045_r1] S168 FBIN: no tradeable call
  [b43|c043_s168_w2_1005_1045_r2] S168 FBIN: no tradeable call
  [b42|c042_s168_w2_1005_1045_r1] S168 GPK: no tradeable call
  [b43|c043_s168_w2_1005_1045_r2] S168 GPK: no tradeable call
  [b42|c042_s168_w2_1005_1045_r1] S168 H: no tradeable call
  [b43|c043_s168_w2_1005_1045_r2] S168 H: no tradeable call
  [b42|c042_s168_w2_1005_1045_r1] S168 HIMS: no tradeable call
  [b43|c043_s168_w2_1005_1045_r2] S168 HIMS: no tradeable call
  [b42|c042_s168_w2_1005_1045_r1] S168 KEX: no tradeable call
  [b43|c043_s168_w2_1005_1045_r2] S168 KEX: no tradeable call
  [b42|c042_s168_w2_1005_1045_r1] S168 LSTR: no tradeable call
  [b43|c043_s168_w2_1005_1045_r2] S168 LSTR: no tradeable call
  [b42|c042_s168_w2_1005_1045_r1] S168 M: no tradeable call
  [b43|c043_s168_w2_1005_1045_r2] S168 M: no tradeable call
  [b42|c042_s168_w2_1005_1045_r1] S168 ONTO: no tradeable call
  [b43|c043_s168_w2_1005_1045_r2] S168 ONTO: no tradeable call
  [b42|c042_s168_w2_1005_1045_r1] S168 OSK: no tradeable call
  [b43|c043_s168_w2_1005_1045_r2] S168 OSK: no tradeable call
  [b42|c042_s168_w2_1005_1045_r1] S168 PSN: no tradeable call
  [b43|c043_s168_w2_1005_1045_r2] S168 PSN: no tradeable call
  [b42|c042_s168_w2_1005_1045_r1] S168 PVH: no tradeable call
  [b43|c043_s168_w2_1005_1045_r2] S168 PVH: no tradeable call
  [b42|c042_s168_w2_1005_1045_r1] S168 RH: no tradeable call
  [b43|c043_s168_w2_1005_1045_r2] S168 RH: no tradeable call
  [b42|c042_s168_w2_1005_1045_r1] S168 SGI: no tradeable call
  [b43|c043_s168_w2_1005_1045_r2] S168 SGI: no tradeable call
  [b42|c042_s168_w2_1005_1045_r1] S168 SLGN: no tradeable call
  [b43|c043_s168_w2_1005_1045_r2] S168 SLGN: no tradeable call
  [b42|c042_s168_w2_1005_1045_r1] S168 TEX: no tradeable call
  [b43|c043_s168_w2_1005_1045_r2] S168 TEX: no tradeable call
  [b42|c042_s168_w2_1005_1045_r1] S168 UNM: no tradeable call
  [b43|c043_s168_w2_1005_1045_r2] S168 UNM: no tradeable call
  [b42|c042_s168_w2_1005_1045_r1] S168 VFC: no tradeable call
  [b43|c043_s168_w2_1005_1045_r2] S168 VFC: no tradeable call
  [b42|c042_s168_w2_1005_1045_r1] S168 VIAV: no tradeable call
  [b43|c043_s168_w2_1005_1045_r2] S168 VIAV: no tradeable call
  [b42|c042_s168_w2_1005_1045_r1] S168 WMS: no tradeable call
  [b43|c043_s168_w2_1005_1045_r2] S168 WMS: no tradeable call
  [b42|c042_s168_w2_1005_1045_r1] S168 WSO: no tradeable call
  [b43|c043_s168_w2_1005_1045_r2] S168 WSO: no tradeable call
  [b130|c130_s205_w2_1005_1045_r1] S205 PSN: no tradeable call
  [b131|c131_s205_w2_1005_1045_r2] S205 PSN: no tradeable call
  [b162|c162_s209_w2_1005_1045_r1] S209 V: no tradeable call
  [b163|c163_s209_w2_1005_1045_r2] S209 V: no tradeable call
  [b226|c226_s217_w2_1005_1045_r1] S217 GLW: no tradeable call
  [b227|c227_s217_w2_1005_1045_r2] S217 GLW: no tradeable call
  [b226|c226_s217_w2_1005_1045_r1] S217 FLEX: no tradeable call
  [b227|c227_s217_w2_1005_1045_r2] S217 FLEX: no tradeable call
  [b226|c226_s217_w2_1005_1045_r1] S217 KLAC: no tradeable call
  [b227|c227_s217_w2_1005_1045_r2] S217 KLAC: no tradeable call
  [b226|c226_s217_w2_1005_1045_r1] S217 MRNA: no tradeable call
  [b227|c227_s217_w2_1005_1045_r2] S217 MRNA: no tradeable call
  [b226|c226_s217_w2_1005_1045_r1] S217 CVLT: no tradeable call
  [b227|c227_s217_w2_1005_1045_r2] S217 CVLT: no tradeable call
  [b234|c234_s218_w2_1005_1045_r1] S218 CL: no tradeable call
  [b235|c235_s218_w2_1005_1045_r2] S218 CL: no tradeable call
  [b234|c234_s218_w2_1005_1045_r1] S218 CSGP: no tradeable call
  [b235|c235_s218_w2_1005_1045_r2] S218 CSGP: no tradeable call
  [b234|c234_s218_w2_1005_1045_r1] S218 FLEX: no tradeable call
  [b235|c235_s218_w2_1005_1045_r2] S218 FLEX: no tradeable call
  [b234|c234_s218_w2_1005_1045_r1] S218 KEY: no tradeable call
  [b235|c235_s218_w2_1005_1045_r2] S218 KEY: no tradeable call
  [b234|c234_s218_w2_1005_1045_r1] S218 KEYS: no tradeable call
  [b235|c235_s218_w2_1005_1045_r2] S218 KEYS: no tradeable call
  [b234|c234_s218_w2_1005_1045_r1] S218 KLAC: no tradeable call
  [b235|c235_s218_w2_1005_1045_r2] S218 KLAC: no tradeable call
  [b234|c234_s218_w2_1005_1045_r1] S218 MPWR: no tradeable call
  [b235|c235_s218_w2_1005_1045_r2] S218 MPWR: no tradeable call
  [b234|c234_s218_w2_1005_1045_r1] S218 PNW: no tradeable call
  [b235|c235_s218_w2_1005_1045_r2] S218 PNW: no tradeable call
  [b234|c234_s218_w2_1005_1045_r1] S218 PG: no tradeable call
  [b235|c235_s218_w2_1005_1045_r2] S218 PG: no tradeable call
  [b234|c234_s218_w2_1005_1045_r1] S218 AM: no tradeable call
  [b235|c235_s218_w2_1005_1045_r2] S218 AM: no tradeable call
  [b234|c234_s218_w2_1005_1045_r1] S218 CVLT: no tradeable call
  [b235|c235_s218_w2_1005_1045_r2] S218 CVLT: no tradeable call
  [b234|c234_s218_w2_1005_1045_r1] S218 DTM: no tradeable call
  [b235|c235_s218_w2_1005_1045_r2] S218 DTM: no tradeable call
  [b234|c234_s218_w2_1005_1045_r1] S218 FLG: no tradeable call
  [b235|c235_s218_w2_1005_1045_r2] S218 FLG: no tradeable call
  [b234|c234_s218_w2_1005_1045_r1] S218 H: no tradeable call
  [b235|c235_s218_w2_1005_1045_r2] S218 H: no tradeable call
  [b234|c234_s218_w2_1005_1045_r1] S218 PEN: no tradeable call
  [b235|c235_s218_w2_1005_1045_r2] S218 PEN: no tradeable call
  [b234|c234_s218_w2_1005_1045_r1] S218 SANM: no tradeable call
  [b235|c235_s218_w2_1005_1045_r2] S218 SANM: no tradeable call
  [b234|c234_s218_w2_1005_1045_r1] S218 SIGI: no tradeable call
  [b235|c235_s218_w2_1005_1045_r2] S218 SIGI: no tradeable call
  [b234|c234_s218_w2_1005_1045_r1] S218 UNM: no tradeable call
  [b235|c235_s218_w2_1005_1045_r2] S218 UNM: no tradeable call
  Skipped: 178 no tradeable call, 194 already attempted today, 154 pending order
Placed 0 new entry order(s).
  reconcile: layout changed controlled:100:c000_s173_w1_0928_1005_r1 -> controlled:248:c000_s163_w1_0928_1005_r1
  reconcile: entry fill b219|S216 HAL x1 @ 0.30
  reconcile: entry fill b218|S216 HAL x1 @ 0.30

[Portfolio snapshot]
========================================================
OPTIONS TRIAL STATS
========================================================
Account equity: $126,986.68
Active buckets: 248 of 248 profiles ($500 virtual each) — paper unlimited mode

P&L summary
  Reflected (ex-S173,S174): $+4,423.13 all-time  |  $+0.00 today
  Raw (incl dropped):     $+2,827.58 all-time  |  $+0.00 today
  Open (not sold yet): $-124.71 unrealized (virtual lots)
                       $-127.71 unrealized (broker total)
  Premium deployed:    $650.00 in open positions
  Combined P&L:        $+4,298.42 (reflected realized + open virtual)

Ledger (master)
  Total events:     5947
  Today entries:    20
  Today exits (reflected): 0
  All-time exits (reflected): 273  wins 30%
  Avg return/trade: -5.1%  median -40.0%

Open virtual lots (by bucket)
  b2 c002_s163_w2_1005_1045_r1  prem=$    59  real=$ +0.00  open=$-11.27  lots=1  [S163:CCLx1]
       buy: ask-0.01  sell: bid-0.01  tp=+50% sl=-50%
  b3 c003_s163_w2_1005_1045_r2  prem=$    59  real=$ +0.00  open=$-11.27  lots=1  [S163:CCLx1]
       buy: ask-0.01  sell: bid-0.01  tp=+50% sl=-50%
  b10 c010_s164_w2_1005_1045_r1  prem=$    59  real=$ +0.00  open=$-11.27  lots=1  [S164:CCLx1]
       buy: ask-0.01  sell: bid-0.01  tp=+50% sl=-50%
  b11 c011_s164_w2_1005_1045_r2  prem=$    59  real=$ +0.00  open=$-11.27  lots=1  [S164:CCLx1]
       buy: ask-0.01  sell: bid-0.01  tp=+50% sl=-50%
  b18 c018_s165_w2_1005_1045_r1  prem=$    59  real=$ +0.00  open=$-11.27  lots=1  [S165:CCLx1]
       buy: ask-0.01  sell: bid-0.01  tp=+50% sl=-50%
  b19 c019_s165_w2_1005_1045_r2  prem=$    59  real=$ +0.00  open=$-11.27  lots=1  [S165:CCLx1]
       buy: ask-0.01  sell: bid-0.01  tp=+50% sl=-50%
  b146 c146_s207_w2_1005_1045_r1  prem=$    59  real=$ +0.00  open=$-11.27  lots=1  [S207:CCLx1]
       buy: ask-0.01  sell: bid-0.01  tp=+50% sl=-50%
  b147 c147_s207_w2_1005_1045_r2  prem=$    59  real=$ +0.00  open=$-11.27  lots=1  [S207:CCLx1]
       buy: ask-0.01  sell: bid-0.01  tp=+50% sl=-50%
  b186 c186_s212_w2_1005_1045_r1  prem=$    59  real=$ +0.00  open=$-11.27  lots=1  [S212:CCLx1]
       buy: ask-0.01  sell: bid-0.01  tp=+50% sl=-50%
  b187 c187_s212_w2_1005_1045_r2  prem=$    59  real=$ +0.00  open=$-11.27  lots=1  [S212:CCLx1]
       buy: ask-0.01  sell: bid-0.01  tp=+50% sl=-50%
  b218 c218_s216_w2_1005_1045_r1  prem=$    30  real=$ +0.00  open=$ -6.00  lots=1  [S216:HALx1]
       buy: ask-0.01  sell: bid-0.01  tp=+50% sl=-50%
  b219 c219_s216_w2_1005_1045_r2  prem=$    30  real=$ +0.00  open=$ -6.00  lots=1  [S216:HALx1]
       buy: ask-0.01  sell: bid-0.01  tp=+50% sl=-50%
  (236 quiet bucket profile(s) — no trades yet)

Pending orders: 8
  b106 S202 BSX limit=0.07
  b107 S202 BSX limit=0.07
  b114 S203 XOM limit=0.46
  b115 S203 XOM limit=0.46
  b170 S210 KO limit=0.57

Alpaca option positions
  CCL260731C00028000  qty=10  cost=$605.71  return=-19.1%  open P&L=$-115.71
  HAL260731C00032000  qty=2  cost=$60.00  return=-20.0%  open P&L=$-12.00

Per-bucket exit stats (all time)
  b0|orphan_reconcile     n= 22  avg=+22.4%  med=-57.5%  realized=$+6,310.91
  b104|c104_s164_w1_0928_1005_r4  n=  1  avg=-88.9%  med=-88.9%  realized=$-8.00
  b10|c010_s165_w3_1045_1120_r1  n=  8  avg=-37.2%  med=-18.9%  realized=$-205.00
  b132|c132_s164_w1_0928_1005_r5  n=  2  avg=-65.7%  med=-53.6%  realized=$-37.00
  b135|c135_s164_w4_1120_1135_r5  n=  1  avg=-50.0%  med=-50.0%  realized=$-4.00
  b20|c020_s164_w1_0928_1005_r1  n=  1  avg=-88.9%  med=-88.9%  realized=$-8.00
  b28|c028_s165_w1_0928_1005_r2  n= 17  avg=+49.5%  med=+80.0%  realized=$+448.00
  b28|c028_s173_w1_0928_1005_r2  n=  5  avg=+51.6%  med=+80.0%  realized=$+142.00
  b29|c029_s165_w2_1005_1045_r2  n=  9  avg=-23.3%  med=-50.0%  realized=$-221.00
  b29|c029_s173_w2_1005_1045_r2  n=  2  avg=-69.3%  med=-48.5%  realized=$-78.00
  b30|c030_s165_w3_1045_1120_r2  n=  9  avg=+38.8%  med=+0.0%  realized=$+260.00
  b30|c030_s173_w3_1045_1120_r2  n=  2  avg=-9.5%  med=+0.0%  realized=$-14.00
  b31|c031_s165_w4_1120_1135_r2  n=  2  avg=+145.5%  med=+175.8%  realized=$+192.00
  b48|c048_s164_w1_0928_1005_r2  n=  5  avg=-33.1%  med=-49.1%  realized=$-91.00
  b48|c048_s165_w1_0928_1005_r3  n= 16  avg=-35.9%  med=-49.1%  realized=$-344.00
  b49|c049_s164_w2_1005_1045_r2  n=  4  avg=-51.8%  med=-44.0%  realized=$-133.00
  b49|c049_s165_w2_1005_1045_r3  n= 15  avg=-49.3%  med=-49.1%  realized=$-458.00
  b50|c050_s164_w3_1045_1120_r2  n=  4  avg=-39.6%  med=-16.7%  realized=$-115.00
  b50|c050_s165_w3_1045_1120_r3  n=  9  avg=-23.6%  med=-23.1%  realized=$-142.00
  b51|c051_s165_w4_1120_1135_r3  n=  1  avg=+263.6%  med=+263.6%  realized=$+174.00
  b56|g056_lim_tp20_sl65  n=  1  avg=+47.7%  med=+47.7%  realized=$+20.52
  b57|g057_mid_tp20_sl65  n=  1  avg=+47.7%  med=+47.7%  realized=$+20.52
  b58|g058_eod_tp20_sl65  n=  1  avg=+59.1%  med=+59.1%  realized=$+25.41
  b68|c068_s165_w1_0928_1005_r4  n= 16  avg=-51.3%  med=-49.1%  realized=$-446.00
  b68|c068_s166_w1_0928_1005_r3  n=  4  avg=-52.7%  med=-49.1%  realized=$-116.00
  b69|c069_s165_w2_1005_1045_r4  n= 11  avg=+19.0%  med=-43.6%  realized=$-179.00
  b69|c069_s166_w2_1005_1045_r3  n=  4  avg=+10.1%  med=-40.0%  realized=$-87.00
  b70|c070_s165_w3_1045_1120_r4  n= 11  avg=-2.1%  med=-16.9%  realized=$-6.00
  b70|c070_s166_w3_1045_1120_r3  n=  4  avg=-42.5%  med=-27.0%  realized=$-124.00
  b70|g070_eod_tp30_sl20  n=  1  avg=+59.1%  med=+59.1%  realized=$+27.77
  b76|c076_s164_w1_0928_1005_r3  n=  1  avg=-50.0%  med=-50.0%  realized=$-2.00
  b88|c088_s165_w1_0928_1005_r5  n= 21  avg=-5.0%  med=-2.7%  realized=$-63.00
  b88|c088_s167_w1_0928_1005_r4  n=  4  avg=-12.7%  med=+30.9%  realized=$-28.00
  b89|c089_s165_w2_1005_1045_r5  n=  7  avg=+113.1%  med=+30.9%  realized=$+67.00
  b89|c089_s167_w2_1005_1045_r4  n=  2  avg=-16.2%  med=+30.9%  realized=$-22.00
  b8|c008_s165_w1_0928_1005_r1  n= 23  avg=-19.6%  med=-35.3%  realized=$-250.00
  b90|c090_s165_w3_1045_1120_r5  n= 13  avg=+7.7%  med=+0.0%  realized=$+47.00
  b90|c090_s167_w3_1045_1120_r4  n=  4  avg=-41.6%  med=-18.9%  realized=$-123.00
  b91|c091_s165_w4_1120_1135_r5  n=  2  avg=+222.0%  med=+247.0%  realized=$+293.00
  b9|c009_s165_w2_1005_1045_r1  n=  7  avg=-74.4%  med=-66.2%  realized=$-301.00
========================================================
+========================================================================+
|  OPTIONS BOT SUMMARY                                                   |
+------------------------------------------------------------------------+
|  Mode                          entry+manage                            |
|  Equity                        $126,986.68                             |
|  Signals this run              516                                     |
|  Orders submitted (session)    24                                      |
|  Orders filled today (ledger)  20                                      |
|  Entries placed this run       0                                       |
|  Open virtual lots             12                                      |
|  Broker option positions       2                                       |
|  Pending orders                8                                       |
+========================================================================+
+========================================================================+
|  BUCKET LEADERBOARD (reflected ex-S173,S174)                           |
+------------------------------------------------------------------------+
|  Reflected trades=273  buckets=27  win=30%                             |
|  Returns   avg=-5.1%  med=-40.0%  p10=-66.2%  p90=+81.8%               |
|  Realized  $+4,423.13                                                  |
|  Raw incl dropped  trades=807  real=$+2,827.58                         |
+------------------------------------------------------------------------+
|  BKT PROFILE               N  WIN  AVG%   MED%   BEST%  REAL$          |
+------------------------------------------------------------------------+
|  b51  c051_s169_w2_1005_  1 100% +263.6 +263.6 +263.6 $   +174         |
|  b91  c091_s200_w2_1005_  2 100% +222.0 +222.0 +247.0 $   +293         |
|  b31  c031_s166_w4_1120_  2 100% +145.5 +145.5 +175.8 $   +192         |
|  b28  c028_s166_w3_1045_ 22  77% +50.0 +80.0 +102.0 $   +590           |
|  b58  c058_s170_w2_1005_  1 100% +59.1 +59.1 +59.1 $    +25            |
|  b56  c056_s170_w1_0928_  1 100% +47.7 +47.7 +47.7 $    +21            |
|  b57  c057_s170_w1_0928_  1 100% +47.7 +47.7 +47.7 $    +21            |
|  b89  c089_s200_w1_0928_  9  56% +84.4 +30.9 +790.0 $    +45           |
|  ... 19 more bucket(s) with exits                                      |
+------------------------------------------------------------------------+
|  Low  b20  c020_s165_w3_1045_  1   0% -88.9 -88.9 -88.9 $     -8       |
+========================================================================+
+========================================================================+
|  PENDING ORDERS (8)                                                    |
+------------------------------------------------------------------------+
|  Top groups                    S202:BSX(2), S203:XOM(2), S210:KO(2)    |
+------------------------------------------------------------------------+
|  b106 S202 BSX      limit=0.07                                         |
|  b107 S202 BSX      limit=0.07                                         |
|  b114 S203 XOM      limit=0.46                                         |
|  b115 S203 XOM      limit=0.46                                         |
|  b170 S210 KO       limit=0.57                                         |
|  ... 3 more pending order(s)                                           |
+========================================================================+
+========================================================================+
|  OPEN OPTIONS (2)                                                      |
+------------------------------------------------------------------------+
|  SYMBOL                      QTY    RET%        OPEN P&L               |
|------------------------------------------------------------------------|
|  CCL260731C00028000           10    -19.1%   $   -115.71               |
|  HAL260731C00032000            2    -20.0%   $    -12.00               |
+========================================================================+
Full detail: logs/options_trial/runs/2026-07-29.log
elapsed=214.2s reconcile=0.18s cancel=0.02s manage=0.13s scan=198.03s entries=15.48s

=== 10:20:48 ET — entry+manage (3 new) [elapsed=239.7s reconcile=0.5s cancel=0.16s manage=0.15s scan=193.7s entries=44.1s] ===
=== options_morning_bot (PAPER) 2026-07-29T10:20:48.085641-04:00 ===

[Run context]
Paper auth OK — equity $127320.40, account PA36KS87UPRS
  reconcile: layout changed controlled:100:c000_s173_w1_0928_1005_r1 -> controlled:248:c000_s163_w1_0928_1005_r1
  reconcile: removed 12 stale lot(s)

[Setup]
Active buckets: 248 | Strategies: S165, S164, S168, S167, S166, S163, S169, S170, S171, S172, S175, S200, S201, S202, S203, S204, S205, S206, S207, S208, S209, S210, S211, S212, S213, S214, S215, S216, S217, S218, S219
Dropped (no new entries; ex-reflected P&L): S173, S174

[Scan + entries]
Scanning 903 symbols for [S165, S164, S168, S167, S166, S163, S169, S170, S171, S172, S175, S200, S201, S202, S203, S204, S205, S206, S207, S208, S209, S210, S211, S212, S213, S214, S215, S216, S217, S218, S219] …
Fetched daily bars for 903/903 symbols
Found 514 signal(s); top: ['S165:AMCR', 'S165:AON', 'S165:AMAT', 'S165:ACGL', 'S165:BSX', 'S165:BLDR', 'S165:BG', 'S165:CCL']
Paper lab: $127146 broker equity -> 248 bucket(s) ($500 virtual each, unlimited paper)
  [b11|c011_s164_w2_1005_1045_r2] S164 AMCR: no tradeable call
  [b11|c011_s164_w2_1005_1045_r2] S164 AON: no tradeable call
  [b11|c011_s164_w2_1005_1045_r2] S164 AMAT: no tradeable call
  [b11|c011_s164_w2_1005_1045_r2] S164 ACGL: no tradeable call
  [b11|c011_s164_w2_1005_1045_r2] S164 BSX: no tradeable call
  [b11|c011_s164_w2_1005_1045_r2] S164 BLDR: no tradeable call
  [b11|c011_s164_w2_1005_1045_r2] S164 BG: no tradeable call
  [b11|c011_s164_w2_1005_1045_r2] S164 CCL: no tradeable call
  [b11|c011_s164_w2_1005_1045_r2] S164 CAT: no tradeable call
  [b11|c011_s164_w2_1005_1045_r2] S164 CSGP: no tradeable call
  [b11|c011_s164_w2_1005_1045_r2] S164 DAL: no tradeable call
  [b11|c011_s164_w2_1005_1045_r2] S164 FLEX: no tradeable call
  [b11|c011_s164_w2_1005_1045_r2] S164 FTV: no tradeable call
  [b11|c011_s164_w2_1005_1045_r2] S164 IP: no tradeable call
  [b11|c011_s164_w2_1005_1045_r2] S164 KKR: no tradeable call
  [b11|c011_s164_w2_1005_1045_r2] S164 KLAC: no tradeable call
  [b11|c011_s164_w2_1005_1045_r2] S164 LII: no tradeable call
  [b11|c011_s164_w2_1005_1045_r2] S164 MAS: no tradeable call
  ENTRY [b11|c011_s164_w2_1005_1045_r2|S164] BUY 1x NCLH260731C00022000 (gap -3.4%) limit=0.42 (ask=0.43 off=-0.01) tp=+50% sl=-50% pending id=37b86fef-3fcd-4f29-8c69-255cc33582a4
  [b42|c042_s168_w2_1005_1045_r1] S168 AMCR: no tradeable call
  [b43|c043_s168_w2_1005_1045_r2] S168 AMCR: no tradeable call
  [b42|c042_s168_w2_1005_1045_r1] S168 AON: no tradeable call
  [b43|c043_s168_w2_1005_1045_r2] S168 AON: no tradeable call
  [b42|c042_s168_w2_1005_1045_r1] S168 AMAT: no tradeable call
  [b43|c043_s168_w2_1005_1045_r2] S168 AMAT: no tradeable call
  [b42|c042_s168_w2_1005_1045_r1] S168 ACGL: no tradeable call
  [b43|c043_s168_w2_1005_1045_r2] S168 ACGL: no tradeable call
  [b42|c042_s168_w2_1005_1045_r1] S168 BSX: no tradeable call
  [b43|c043_s168_w2_1005_1045_r2] S168 BSX: no tradeable call
  [b42|c042_s168_w2_1005_1045_r1] S168 BLDR: no tradeable call
  [b43|c043_s168_w2_1005_1045_r2] S168 BLDR: no tradeable call
  [b42|c042_s168_w2_1005_1045_r1] S168 BG: no tradeable call
  [b43|c043_s168_w2_1005_1045_r2] S168 BG: no tradeable call
  [b42|c042_s168_w2_1005_1045_r1] S168 CCL: no tradeable call
  [b43|c043_s168_w2_1005_1045_r2] S168 CCL: no tradeable call
  [b42|c042_s168_w2_1005_1045_r1] S168 CAT: no tradeable call
  [b43|c043_s168_w2_1005_1045_r2] S168 CAT: no tradeable call
  [b42|c042_s168_w2_1005_1045_r1] S168 CSGP: no tradeable call
  [b43|c043_s168_w2_1005_1045_r2] S168 CSGP: no tradeable call
  [b42|c042_s168_w2_1005_1045_r1] S168 DAL: no tradeable call
  [b43|c043_s168_w2_1005_1045_r2] S168 DAL: no tradeable call
  [b42|c042_s168_w2_1005_1045_r1] S168 FLEX: no tradeable call
  [b43|c043_s168_w2_1005_1045_r2] S168 FLEX: no tradeable call
  [b42|c042_s168_w2_1005_1045_r1] S168 FTV: no tradeable call
  [b43|c043_s168_w2_1005_1045_r2] S168 FTV: no tradeable call
  [b42|c042_s168_w2_1005_1045_r1] S168 IP: no tradeable call
  [b43|c043_s168_w2_1005_1045_r2] S168 IP: no tradeable call
  [b42|c042_s168_w2_1005_1045_r1] S168 KKR: no tradeable call
  [b43|c043_s168_w2_1005_1045_r2] S168 KKR: no tradeable call
  [b42|c042_s168_w2_1005_1045_r1] S168 KLAC: no tradeable call
  [b43|c043_s168_w2_1005_1045_r2] S168 KLAC: no tradeable call
  [b42|c042_s168_w2_1005_1045_r1] S168 LII: no tradeable call
  [b43|c043_s168_w2_1005_1045_r2] S168 LII: no tradeable call
  [b42|c042_s168_w2_1005_1045_r1] S168 MAS: no tradeable call
  [b43|c043_s168_w2_1005_1045_r2] S168 MAS: no tradeable call
  [b42|c042_s168_w2_1005_1045_r1] S168 NCLH: no tradeable call
  [b43|c043_s168_w2_1005_1045_r2] S168 NCLH: no tradeable call
  [b42|c042_s168_w2_1005_1045_r1] S168 NXPI: no tradeable call
  [b43|c043_s168_w2_1005_1045_r2] S168 NXPI: no tradeable call
  [b42|c042_s168_w2_1005_1045_r1] S168 ODFL: no tradeable call
  [b43|c043_s168_w2_1005_1045_r2] S168 ODFL: no tradeable call
  [b42|c042_s168_w2_1005_1045_r1] S168 OMC: no tradeable call
  [b43|c043_s168_w2_1005_1045_r2] S168 OMC: no tradeable call
  [b42|c042_s168_w2_1005_1045_r1] S168 PPG: no tradeable call
  [b43|c043_s168_w2_1005_1045_r2] S168 PPG: no tradeable call
  [b42|c042_s168_w2_1005_1045_r1] S168 PG: no tradeable call
  [b43|c043_s168_w2_1005_1045_r2] S168 PG: no tradeable call
  [b42|c042_s168_w2_1005_1045_r1] S168 SWKS: no tradeable call
  [b43|c043_s168_w2_1005_1045_r2] S168 SWKS: no tradeable call
  [b42|c042_s168_w2_1005_1045_r1] S168 SW: no tradeable call
  [b43|c043_s168_w2_1005_1045_r2] S168 SW: no tradeable call
  [b42|c042_s168_w2_1005_1045_r1] S168 LUV: no tradeable call
  [b43|c043_s168_w2_1005_1045_r2] S168 LUV: no tradeable call
  [b42|c042_s168_w2_1005_1045_r1] S168 TPR: no tradeable call
  [b43|c043_s168_w2_1005_1045_r2] S168 TPR: no tradeable call
  [b42|c042_s168_w2_1005_1045_r1] S168 UAL: no tradeable call
  [b43|c043_s168_w2_1005_1045_r2] S168 UAL: no tradeable call
  [b42|c042_s168_w2_1005_1045_r1] S168 VRT: no tradeable call
  [b43|c043_s168_w2_1005_1045_r2] S168 VRT: no tradeable call
  [b42|c042_s168_w2_1005_1045_r1] S168 V: no tradeable call
  [b43|c043_s168_w2_1005_1045_r2] S168 V: no tradeable call
  [b42|c042_s168_w2_1005_1045_r1] S168 AAL: no tradeable call
  [b43|c043_s168_w2_1005_1045_r2] S168 AAL: no tradeable call
  [b42|c042_s168_w2_1005_1045_r1] S168 AGCO: no tradeable call
  [b43|c043_s168_w2_1005_1045_r2] S168 AGCO: no tradeable call
  [b42|c042_s168_w2_1005_1045_r1] S168 ALK: no tradeable call
  [b43|c043_s168_w2_1005_1045_r2] S168 ALK: no tradeable call
  [b42|c042_s168_w2_1005_1045_r1] S168 ANF: no tradeable call
  [b43|c043_s168_w2_1005_1045_r2] S168 ANF: no tradeable call
  [b42|c042_s168_w2_1005_1045_r1] S168 BBWI: no tradeable call
  [b43|c043_s168_w2_1005_1045_r2] S168 BBWI: no tradeable call
  [b42|c042_s168_w2_1005_1045_r1] S168 CAR: no tradeable call
  [b43|c043_s168_w2_1005_1045_r2] S168 CAR: no tradeable call
  [b42|c042_s168_w2_1005_1045_r1] S168 CHWY: no tradeable call
  [b43|c043_s168_w2_1005_1045_r2] S168 CHWY: no tradeable call
  [b42|c042_s168_w2_1005_1045_r1] S168 CPRI: no tradeable call
  [b43|c043_s168_w2_1005_1045_r2] S168 CPRI: no tradeable call
  [b42|c042_s168_w2_1005_1045_r1] S168 CR: no tradeable call
  [b43|c043_s168_w2_1005_1045_r2] S168 CR: no tradeable call
  [b42|c042_s168_w2_1005_1045_r1] S168 ELF: no tradeable call
  [b43|c043_s168_w2_1005_1045_r2] S168 ELF: no tradeable call
  [b42|c042_s168_w2_1005_1045_r1] S168 ENTG: no tradeable call
  [b43|c043_s168_w2_1005_1045_r2] S168 ENTG: no tradeable call
  [b42|c042_s168_w2_1005_1045_r1] S168 ESAB: no tradeable call
  [b43|c043_s168_w2_1005_1045_r2] S168 ESAB: no tradeable call
  [b42|c042_s168_w2_1005_1045_r1] S168 EVR: no tradeable call
  [b43|c043_s168_w2_1005_1045_r2] S168 EVR: no tradeable call
  [b42|c042_s168_w2_1005_1045_r1] S168 FBIN: no tradeable call
  [b43|c043_s168_w2_1005_1045_r2] S168 FBIN: no tradeable call
  [b42|c042_s168_w2_1005_1045_r1] S168 GPK: no tradeable call
  [b43|c043_s168_w2_1005_1045_r2] S168 GPK: no tradeable call
  [b42|c042_s168_w2_1005_1045_r1] S168 H: no tradeable call
  [b43|c043_s168_w2_1005_1045_r2] S168 H: no tradeable call
  [b42|c042_s168_w2_1005_1045_r1] S168 HIMS: no tradeable call
  [b43|c043_s168_w2_1005_1045_r2] S168 HIMS: no tradeable call
  [b42|c042_s168_w2_1005_1045_r1] S168 KEX: no tradeable call
  [b43|c043_s168_w2_1005_1045_r2] S168 KEX: no tradeable call
  [b42|c042_s168_w2_1005_1045_r1] S168 LSTR: no tradeable call
  [b43|c043_s168_w2_1005_1045_r2] S168 LSTR: no tradeable call
  [b42|c042_s168_w2_1005_1045_r1] S168 M: no tradeable call
  [b43|c043_s168_w2_1005_1045_r2] S168 M: no tradeable call
  [b42|c042_s168_w2_1005_1045_r1] S168 ONTO: no tradeable call
  [b43|c043_s168_w2_1005_1045_r2] S168 ONTO: no tradeable call
  [b42|c042_s168_w2_1005_1045_r1] S168 OSK: no tradeable call
  [b43|c043_s168_w2_1005_1045_r2] S168 OSK: no tradeable call
  [b42|c042_s168_w2_1005_1045_r1] S168 PSN: no tradeable call
  [b43|c043_s168_w2_1005_1045_r2] S168 PSN: no tradeable call
  [b42|c042_s168_w2_1005_1045_r1] S168 PVH: no tradeable call
  [b43|c043_s168_w2_1005_1045_r2] S168 PVH: no tradeable call
  [b42|c042_s168_w2_1005_1045_r1] S168 RH: no tradeable call
  [b43|c043_s168_w2_1005_1045_r2] S168 RH: no tradeable call
  [b42|c042_s168_w2_1005_1045_r1] S168 SGI: no tradeable call
  [b43|c043_s168_w2_1005_1045_r2] S168 SGI: no tradeable call
  [b42|c042_s168_w2_1005_1045_r1] S168 SLGN: no tradeable call
  [b43|c043_s168_w2_1005_1045_r2] S168 SLGN: no tradeable call
  [b42|c042_s168_w2_1005_1045_r1] S168 TEX: no tradeable call
  [b43|c043_s168_w2_1005_1045_r2] S168 TEX: no tradeable call
  [b42|c042_s168_w2_1005_1045_r1] S168 UNM: no tradeable call
  [b43|c043_s168_w2_1005_1045_r2] S168 UNM: no tradeable call
  [b42|c042_s168_w2_1005_1045_r1] S168 VFC: no tradeable call
  [b43|c043_s168_w2_1005_1045_r2] S168 VFC: no tradeable call
  [b42|c042_s168_w2_1005_1045_r1] S168 VIAV: no tradeable call
  [b43|c043_s168_w2_1005_1045_r2] S168 VIAV: no tradeable call
  [b42|c042_s168_w2_1005_1045_r1] S168 WMS: no tradeable call
  [b43|c043_s168_w2_1005_1045_r2] S168 WMS: no tradeable call
  [b42|c042_s168_w2_1005_1045_r1] S168 WSO: no tradeable call
  [b43|c043_s168_w2_1005_1045_r2] S168 WSO: no tradeable call
  [b130|c130_s205_w2_1005_1045_r1] S205 PSN: no tradeable call
  [b131|c131_s205_w2_1005_1045_r2] S205 PSN: no tradeable call
  [b162|c162_s209_w2_1005_1045_r1] S209 V: no tradeable call
  [b163|c163_s209_w2_1005_1045_r2] S209 V: no tradeable call
  [b226|c226_s217_w2_1005_1045_r1] S217 GLW: no tradeable call
  [b227|c227_s217_w2_1005_1045_r2] S217 GLW: no tradeable call
  [b226|c226_s217_w2_1005_1045_r1] S217 FLEX: no tradeable call
  [b227|c227_s217_w2_1005_1045_r2] S217 FLEX: no tradeable call
  [b226|c226_s217_w2_1005_1045_r1] S217 KLAC: no tradeable call
  [b227|c227_s217_w2_1005_1045_r2] S217 KLAC: no tradeable call
  [b226|c226_s217_w2_1005_1045_r1] S217 CVLT: no tradeable call
  [b227|c227_s217_w2_1005_1045_r2] S217 CVLT: no tradeable call
  [b234|c234_s218_w2_1005_1045_r1] S218 BSX: no tradeable call
  [b235|c235_s218_w2_1005_1045_r2] S218 BSX: no tradeable call
  [b234|c234_s218_w2_1005_1045_r1] S218 CL: no tradeable call
  [b235|c235_s218_w2_1005_1045_r2] S218 CL: no tradeable call
  [b234|c234_s218_w2_1005_1045_r1] S218 CSGP: no tradeable call
  [b235|c235_s218_w2_1005_1045_r2] S218 CSGP: no tradeable call
  [b234|c234_s218_w2_1005_1045_r1] S218 FLEX: no tradeable call
  [b235|c235_s218_w2_1005_1045_r2] S218 FLEX: no tradeable call
  [b234|c234_s218_w2_1005_1045_r1] S218 KEY: no tradeable call
  [b235|c235_s218_w2_1005_1045_r2] S218 KEY: no tradeable call
  [b234|c234_s218_w2_1005_1045_r1] S218 KEYS: no tradeable call
  [b235|c235_s218_w2_1005_1045_r2] S218 KEYS: no tradeable call
  [b234|c234_s218_w2_1005_1045_r1] S218 KLAC: no tradeable call
  [b235|c235_s218_w2_1005_1045_r2] S218 KLAC: no tradeable call
  [b234|c234_s218_w2_1005_1045_r1] S218 MPWR: no tradeable call
  [b235|c235_s218_w2_1005_1045_r2] S218 MPWR: no tradeable call
  [b234|c234_s218_w2_1005_1045_r1] S218 PNW: no tradeable call
  [b235|c235_s218_w2_1005_1045_r2] S218 PNW: no tradeable call
  [b234|c234_s218_w2_1005_1045_r1] S218 PG: no tradeable call
  [b235|c235_s218_w2_1005_1045_r2] S218 PG: no tradeable call
  ENTRY [b234|c234_s218_w2_1005_1045_r1|S218] BUY 1x UPS260731C00109000 (low=103.97 BB_lower=105.61 touch+green) limit=0.19 (ask=0.20 off=-0.01) tp=+50% sl=-50% pending id=add99c61-a7fd-4e2f-9331-c7e745f5c24b
  ENTRY [b235|c235_s218_w2_1005_1045_r2|S218] BUY 1x UPS260731C00109000 (low=103.97 BB_lower=105.61 touch+green) limit=0.19 (ask=0.20 off=-0.01) tp=+50% sl=-50% pending id=d4dbe73e-0668-44ac-9914-345cb92cd643
  Skipped: 178 no tradeable call, 644 already attempted today, 203 pending order
Placed 3 new entry order(s).
  reconcile: layout changed controlled:100:c000_s173_w1_0928_1005_r1 -> controlled:248:c000_s163_w1_0928_1005_r1
  reconcile: entry fill b115|S203 XOM x1 @ 0.44
  reconcile: entry fill b114|S203 XOM x1 @ 0.44

[Portfolio snapshot]
========================================================
OPTIONS TRIAL STATS
========================================================
Account equity: $127,320.40
Active buckets: 248 of 248 profiles ($500 virtual each) — paper unlimited mode

P&L summary
  Reflected (ex-S173,S174): $+4,423.13 all-time  |  $+0.00 today
  Raw (incl dropped):     $+2,827.58 all-time  |  $+0.00 today
  Open (not sold yet): $-12.00 unrealized (virtual lots)
  Premium deployed:    $88.00 in open positions
  Combined P&L:        $+4,411.13 (reflected realized + open virtual)

Ledger (master)
  Total events:     5961
  Today entries:    22
  Today exits (reflected): 0
  All-time exits (reflected): 273  wins 30%
  Avg return/trade: -5.1%  median -40.0%

Open virtual lots (by bucket)
  b114 c114_s203_w2_1005_1045_r1  prem=$    44  real=$ +0.00  open=$ -6.00  lots=1  [S203:XOMx1]
       buy: ask-0.01  sell: bid-0.01  tp=+50% sl=-50%
  b115 c115_s203_w2_1005_1045_r2  prem=$    44  real=$ +0.00  open=$ -6.00  lots=1  [S203:XOMx1]
       buy: ask-0.01  sell: bid-0.01  tp=+50% sl=-50%
  (246 quiet bucket profile(s) — no trades yet)

Pending orders: 9
  b106 S202 BSX limit=0.07
  b107 S202 BSX limit=0.07
  b170 S210 KO limit=0.57
  b171 S210 KO limit=0.57
  b178 S211 HPQ limit=0.60

Alpaca option positions
  XOM260731P00150000  qty=2  cost=$88.00  return=-13.6%  open P&L=$-12.00

Per-bucket exit stats (all time)
  b0|orphan_reconcile     n= 22  avg=+22.4%  med=-57.5%  realized=$+6,310.91
  b104|c104_s164_w1_0928_1005_r4  n=  1  avg=-88.9%  med=-88.9%  realized=$-8.00
  b10|c010_s165_w3_1045_1120_r1  n=  8  avg=-37.2%  med=-18.9%  realized=$-205.00
  b132|c132_s164_w1_0928_1005_r5  n=  2  avg=-65.7%  med=-53.6%  realized=$-37.00
  b135|c135_s164_w4_1120_1135_r5  n=  1  avg=-50.0%  med=-50.0%  realized=$-4.00
  b20|c020_s164_w1_0928_1005_r1  n=  1  avg=-88.9%  med=-88.9%  realized=$-8.00
  b28|c028_s165_w1_0928_1005_r2  n= 17  avg=+49.5%  med=+80.0%  realized=$+448.00
  b28|c028_s173_w1_0928_1005_r2  n=  5  avg=+51.6%  med=+80.0%  realized=$+142.00
  b29|c029_s165_w2_1005_1045_r2  n=  9  avg=-23.3%  med=-50.0%  realized=$-221.00
  b29|c029_s173_w2_1005_1045_r2  n=  2  avg=-69.3%  med=-48.5%  realized=$-78.00
  b30|c030_s165_w3_1045_1120_r2  n=  9  avg=+38.8%  med=+0.0%  realized=$+260.00
  b30|c030_s173_w3_1045_1120_r2  n=  2  avg=-9.5%  med=+0.0%  realized=$-14.00
  b31|c031_s165_w4_1120_1135_r2  n=  2  avg=+145.5%  med=+175.8%  realized=$+192.00
  b48|c048_s164_w1_0928_1005_r2  n=  5  avg=-33.1%  med=-49.1%  realized=$-91.00
  b48|c048_s165_w1_0928_1005_r3  n= 16  avg=-35.9%  med=-49.1%  realized=$-344.00
  b49|c049_s164_w2_1005_1045_r2  n=  4  avg=-51.8%  med=-44.0%  realized=$-133.00
  b49|c049_s165_w2_1005_1045_r3  n= 15  avg=-49.3%  med=-49.1%  realized=$-458.00
  b50|c050_s164_w3_1045_1120_r2  n=  4  avg=-39.6%  med=-16.7%  realized=$-115.00
  b50|c050_s165_w3_1045_1120_r3  n=  9  avg=-23.6%  med=-23.1%  realized=$-142.00
  b51|c051_s165_w4_1120_1135_r3  n=  1  avg=+263.6%  med=+263.6%  realized=$+174.00
  b56|g056_lim_tp20_sl65  n=  1  avg=+47.7%  med=+47.7%  realized=$+20.52
  b57|g057_mid_tp20_sl65  n=  1  avg=+47.7%  med=+47.7%  realized=$+20.52
  b58|g058_eod_tp20_sl65  n=  1  avg=+59.1%  med=+59.1%  realized=$+25.41
  b68|c068_s165_w1_0928_1005_r4  n= 16  avg=-51.3%  med=-49.1%  realized=$-446.00
  b68|c068_s166_w1_0928_1005_r3  n=  4  avg=-52.7%  med=-49.1%  realized=$-116.00
  b69|c069_s165_w2_1005_1045_r4  n= 11  avg=+19.0%  med=-43.6%  realized=$-179.00
  b69|c069_s166_w2_1005_1045_r3  n=  4  avg=+10.1%  med=-40.0%  realized=$-87.00
  b70|c070_s165_w3_1045_1120_r4  n= 11  avg=-2.1%  med=-16.9%  realized=$-6.00
  b70|c070_s166_w3_1045_1120_r3  n=  4  avg=-42.5%  med=-27.0%  realized=$-124.00
  b70|g070_eod_tp30_sl20  n=  1  avg=+59.1%  med=+59.1%  realized=$+27.77
  b76|c076_s164_w1_0928_1005_r3  n=  1  avg=-50.0%  med=-50.0%  realized=$-2.00
  b88|c088_s165_w1_0928_1005_r5  n= 21  avg=-5.0%  med=-2.7%  realized=$-63.00
  b88|c088_s167_w1_0928_1005_r4  n=  4  avg=-12.7%  med=+30.9%  realized=$-28.00
  b89|c089_s165_w2_1005_1045_r5  n=  7  avg=+113.1%  med=+30.9%  realized=$+67.00
  b89|c089_s167_w2_1005_1045_r4  n=  2  avg=-16.2%  med=+30.9%  realized=$-22.00
  b8|c008_s165_w1_0928_1005_r1  n= 23  avg=-19.6%  med=-35.3%  realized=$-250.00
  b90|c090_s165_w3_1045_1120_r5  n= 13  avg=+7.7%  med=+0.0%  realized=$+47.00
  b90|c090_s167_w3_1045_1120_r4  n=  4  avg=-41.6%  med=-18.9%  realized=$-123.00
  b91|c091_s165_w4_1120_1135_r5  n=  2  avg=+222.0%  med=+247.0%  realized=$+293.00
  b9|c009_s165_w2_1005_1045_r1  n=  7  avg=-74.4%  med=-66.2%  realized=$-301.00
========================================================
+========================================================================+
|  OPTIONS BOT SUMMARY                                                   |
+------------------------------------------------------------------------+
|  Mode                          entry+manage                            |
|  Equity                        $127,320.40                             |
|  Signals this run              514                                     |
|  Orders submitted (session)    27                                      |
|  Orders filled today (ledger)  22                                      |
|  Entries placed this run       3                                       |
|  Open virtual lots             2                                       |
|  Broker option positions       1                                       |
|  Pending orders                9                                       |
+========================================================================+
+========================================================================+
|  BUCKET LEADERBOARD (reflected ex-S173,S174)                           |
+------------------------------------------------------------------------+
|  Reflected trades=273  buckets=27  win=30%                             |
|  Returns   avg=-5.1%  med=-40.0%  p10=-66.2%  p90=+81.8%               |
|  Realized  $+4,423.13                                                  |
|  Raw incl dropped  trades=807  real=$+2,827.58                         |
+------------------------------------------------------------------------+
|  BKT PROFILE               N  WIN  AVG%   MED%   BEST%  REAL$          |
+------------------------------------------------------------------------+
|  b51  c051_s169_w2_1005_  1 100% +263.6 +263.6 +263.6 $   +174         |
|  b91  c091_s200_w2_1005_  2 100% +222.0 +222.0 +247.0 $   +293         |
|  b31  c031_s166_w4_1120_  2 100% +145.5 +145.5 +175.8 $   +192         |
|  b28  c028_s166_w3_1045_ 22  77% +50.0 +80.0 +102.0 $   +590           |
|  b58  c058_s170_w2_1005_  1 100% +59.1 +59.1 +59.1 $    +25            |
|  b56  c056_s170_w1_0928_  1 100% +47.7 +47.7 +47.7 $    +21            |
|  b57  c057_s170_w1_0928_  1 100% +47.7 +47.7 +47.7 $    +21            |
|  b89  c089_s200_w1_0928_  9  56% +84.4 +30.9 +790.0 $    +45           |
|  ... 19 more bucket(s) with exits                                      |
+------------------------------------------------------------------------+
|  Low  b20  c020_s165_w3_1045_  1   0% -88.9 -88.9 -88.9 $     -8       |
+========================================================================+
+========================================================================+
|  PENDING ORDERS (9)                                                    |
+------------------------------------------------------------------------+
|  Top groups                    S202:BSX(2), S210:KO(2), S211:HPQ(2)    |
+------------------------------------------------------------------------+
|  b106 S202 BSX      limit=0.07                                         |
|  b107 S202 BSX      limit=0.07                                         |
|  b170 S210 KO       limit=0.57                                         |
|  b171 S210 KO       limit=0.57                                         |
|  b178 S211 HPQ      limit=0.60                                         |
|  ... 4 more pending order(s)                                           |
+========================================================================+
+========================================================================+
|  OPEN OPTIONS (1)                                                      |
+------------------------------------------------------------------------+
|  SYMBOL                      QTY    RET%        OPEN P&L               |
|------------------------------------------------------------------------|
|  XOM260731P00150000            2    -13.6%   $    -12.00               |
+========================================================================+
Full detail: logs/options_trial/runs/2026-07-29.log
elapsed=239.7s reconcile=0.5s cancel=0.16s manage=0.15s scan=193.7s entries=44.1s

=== 10:25:55 ET — entry+manage (2 new) [elapsed=231.4s reconcile=0.45s cancel=0.14s manage=0.15s scan=200.74s entries=28.92s] ===
=== options_morning_bot (PAPER) 2026-07-29T10:25:55.955771-04:00 ===

[Run context]
Paper auth OK — equity $126722.32, account PA36KS87UPRS
  reconcile: layout changed controlled:100:c000_s173_w1_0928_1005_r1 -> controlled:248:c000_s163_w1_0928_1005_r1
  reconcile: removed 2 stale lot(s)

[Setup]
Active buckets: 248 | Strategies: S165, S164, S168, S167, S166, S163, S169, S170, S171, S172, S175, S200, S201, S202, S203, S204, S205, S206, S207, S208, S209, S210, S211, S212, S213, S214, S215, S216, S217, S218, S219
Dropped (no new entries; ex-reflected P&L): S173, S174

[Scan + entries]
Scanning 903 symbols for [S165, S164, S168, S167, S166, S163, S169, S170, S171, S172, S175, S200, S201, S202, S203, S204, S205, S206, S207, S208, S209, S210, S211, S212, S213, S214, S215, S216, S217, S218, S219] …
Fetched daily bars for 903/903 symbols
Found 512 signal(s); top: ['S165:AMCR', 'S165:AON', 'S165:AMAT', 'S165:ACGL', 'S165:BSX', 'S165:BLDR', 'S165:BG', 'S165:CCL']
Paper lab: $126552 broker equity -> 248 bucket(s) ($500 virtual each, unlimited paper)
  [b42|c042_s168_w2_1005_1045_r1] S168 AMCR: no tradeable call
  [b43|c043_s168_w2_1005_1045_r2] S168 AMCR: no tradeable call
  [b42|c042_s168_w2_1005_1045_r1] S168 AON: no tradeable call
  [b43|c043_s168_w2_1005_1045_r2] S168 AON: no tradeable call
  [b42|c042_s168_w2_1005_1045_r1] S168 AMAT: no tradeable call
  [b43|c043_s168_w2_1005_1045_r2] S168 AMAT: no tradeable call
  [b42|c042_s168_w2_1005_1045_r1] S168 ACGL: no tradeable call
  [b43|c043_s168_w2_1005_1045_r2] S168 ACGL: no tradeable call
  [b42|c042_s168_w2_1005_1045_r1] S168 BSX: no tradeable call
  [b43|c043_s168_w2_1005_1045_r2] S168 BSX: no tradeable call
  [b42|c042_s168_w2_1005_1045_r1] S168 BLDR: no tradeable call
  [b43|c043_s168_w2_1005_1045_r2] S168 BLDR: no tradeable call
  [b42|c042_s168_w2_1005_1045_r1] S168 BG: no tradeable call
  [b43|c043_s168_w2_1005_1045_r2] S168 BG: no tradeable call
  [b42|c042_s168_w2_1005_1045_r1] S168 CCL: no tradeable call
  [b43|c043_s168_w2_1005_1045_r2] S168 CCL: no tradeable call
  [b42|c042_s168_w2_1005_1045_r1] S168 CAT: no tradeable call
  [b43|c043_s168_w2_1005_1045_r2] S168 CAT: no tradeable call
  [b42|c042_s168_w2_1005_1045_r1] S168 CSGP: no tradeable call
  [b43|c043_s168_w2_1005_1045_r2] S168 CSGP: no tradeable call
  [b42|c042_s168_w2_1005_1045_r1] S168 DAL: no tradeable call
  [b43|c043_s168_w2_1005_1045_r2] S168 DAL: no tradeable call
  [b42|c042_s168_w2_1005_1045_r1] S168 FLEX: no tradeable call
  [b43|c043_s168_w2_1005_1045_r2] S168 FLEX: no tradeable call
  [b42|c042_s168_w2_1005_1045_r1] S168 FTV: no tradeable call
  [b43|c043_s168_w2_1005_1045_r2] S168 FTV: no tradeable call
  [b42|c042_s168_w2_1005_1045_r1] S168 IP: no tradeable call
  [b43|c043_s168_w2_1005_1045_r2] S168 IP: no tradeable call
  [b42|c042_s168_w2_1005_1045_r1] S168 KKR: no tradeable call
  [b43|c043_s168_w2_1005_1045_r2] S168 KKR: no tradeable call
  [b42|c042_s168_w2_1005_1045_r1] S168 KLAC: no tradeable call
  [b43|c043_s168_w2_1005_1045_r2] S168 KLAC: no tradeable call
  [b42|c042_s168_w2_1005_1045_r1] S168 LII: no tradeable call
  [b43|c043_s168_w2_1005_1045_r2] S168 LII: no tradeable call
  [b42|c042_s168_w2_1005_1045_r1] S168 MAS: no tradeable call
  [b43|c043_s168_w2_1005_1045_r2] S168 MAS: no tradeable call
  [b42|c042_s168_w2_1005_1045_r1] S168 NCLH: no tradeable call
  [b43|c043_s168_w2_1005_1045_r2] S168 NCLH: no tradeable call
  [b42|c042_s168_w2_1005_1045_r1] S168 NXPI: no tradeable call
  [b43|c043_s168_w2_1005_1045_r2] S168 NXPI: no tradeable call
  [b42|c042_s168_w2_1005_1045_r1] S168 ODFL: no tradeable call
  [b43|c043_s168_w2_1005_1045_r2] S168 ODFL: no tradeable call
  [b42|c042_s168_w2_1005_1045_r1] S168 OMC: no tradeable call
  [b43|c043_s168_w2_1005_1045_r2] S168 OMC: no tradeable call
  [b42|c042_s168_w2_1005_1045_r1] S168 PPG: no tradeable call
  [b43|c043_s168_w2_1005_1045_r2] S168 PPG: no tradeable call
  [b42|c042_s168_w2_1005_1045_r1] S168 PG: no tradeable call
  [b43|c043_s168_w2_1005_1045_r2] S168 PG: no tradeable call
  [b42|c042_s168_w2_1005_1045_r1] S168 SWKS: no tradeable call
  [b43|c043_s168_w2_1005_1045_r2] S168 SWKS: no tradeable call
  [b42|c042_s168_w2_1005_1045_r1] S168 SW: no tradeable call
  [b43|c043_s168_w2_1005_1045_r2] S168 SW: no tradeable call
  [b42|c042_s168_w2_1005_1045_r1] S168 LUV: no tradeable call
  [b43|c043_s168_w2_1005_1045_r2] S168 LUV: no tradeable call
  [b42|c042_s168_w2_1005_1045_r1] S168 TPR: no tradeable call
  [b43|c043_s168_w2_1005_1045_r2] S168 TPR: no tradeable call
  [b42|c042_s168_w2_1005_1045_r1] S168 UAL: no tradeable call
  [b43|c043_s168_w2_1005_1045_r2] S168 UAL: no tradeable call
  [b42|c042_s168_w2_1005_1045_r1] S168 VRT: no tradeable call
  [b43|c043_s168_w2_1005_1045_r2] S168 VRT: no tradeable call
  [b42|c042_s168_w2_1005_1045_r1] S168 V: no tradeable call
  [b43|c043_s168_w2_1005_1045_r2] S168 V: no tradeable call
  [b42|c042_s168_w2_1005_1045_r1] S168 AAL: no tradeable call
  [b43|c043_s168_w2_1005_1045_r2] S168 AAL: no tradeable call
  [b42|c042_s168_w2_1005_1045_r1] S168 AGCO: no tradeable call
  [b43|c043_s168_w2_1005_1045_r2] S168 AGCO: no tradeable call
  [b42|c042_s168_w2_1005_1045_r1] S168 ALK: no tradeable call
  [b43|c043_s168_w2_1005_1045_r2] S168 ALK: no tradeable call
  [b42|c042_s168_w2_1005_1045_r1] S168 ANF: no tradeable call
  [b43|c043_s168_w2_1005_1045_r2] S168 ANF: no tradeable call
  [b42|c042_s168_w2_1005_1045_r1] S168 BBWI: no tradeable call
  [b43|c043_s168_w2_1005_1045_r2] S168 BBWI: no tradeable call
  [b42|c042_s168_w2_1005_1045_r1] S168 CAR: no tradeable call
  [b43|c043_s168_w2_1005_1045_r2] S168 CAR: no tradeable call
  [b42|c042_s168_w2_1005_1045_r1] S168 CHWY: no tradeable call
  [b43|c043_s168_w2_1005_1045_r2] S168 CHWY: no tradeable call
  [b42|c042_s168_w2_1005_1045_r1] S168 CPRI: no tradeable call
  [b43|c043_s168_w2_1005_1045_r2] S168 CPRI: no tradeable call
  [b42|c042_s168_w2_1005_1045_r1] S168 CR: no tradeable call
  [b43|c043_s168_w2_1005_1045_r2] S168 CR: no tradeable call
  [b42|c042_s168_w2_1005_1045_r1] S168 ELF: no tradeable call
  [b43|c043_s168_w2_1005_1045_r2] S168 ELF: no tradeable call
  [b42|c042_s168_w2_1005_1045_r1] S168 ENTG: no tradeable call
  [b43|c043_s168_w2_1005_1045_r2] S168 ENTG: no tradeable call
  [b42|c042_s168_w2_1005_1045_r1] S168 ESAB: no tradeable call
  [b43|c043_s168_w2_1005_1045_r2] S168 ESAB: no tradeable call
  [b42|c042_s168_w2_1005_1045_r1] S168 EVR: no tradeable call
  [b43|c043_s168_w2_1005_1045_r2] S168 EVR: no tradeable call
  [b42|c042_s168_w2_1005_1045_r1] S168 FBIN: no tradeable call
  [b43|c043_s168_w2_1005_1045_r2] S168 FBIN: no tradeable call
  [b42|c042_s168_w2_1005_1045_r1] S168 GPK: no tradeable call
  [b43|c043_s168_w2_1005_1045_r2] S168 GPK: no tradeable call
  [b42|c042_s168_w2_1005_1045_r1] S168 H: no tradeable call
  [b43|c043_s168_w2_1005_1045_r2] S168 H: no tradeable call
  [b42|c042_s168_w2_1005_1045_r1] S168 HIMS: no tradeable call
  [b43|c043_s168_w2_1005_1045_r2] S168 HIMS: no tradeable call
  [b42|c042_s168_w2_1005_1045_r1] S168 KEX: no tradeable call
  [b43|c043_s168_w2_1005_1045_r2] S168 KEX: no tradeable call
  [b42|c042_s168_w2_1005_1045_r1] S168 LSTR: no tradeable call
  [b43|c043_s168_w2_1005_1045_r2] S168 LSTR: no tradeable call
  [b42|c042_s168_w2_1005_1045_r1] S168 M: no tradeable call
  [b43|c043_s168_w2_1005_1045_r2] S168 M: no tradeable call
  [b42|c042_s168_w2_1005_1045_r1] S168 ONTO: no tradeable call
  [b43|c043_s168_w2_1005_1045_r2] S168 ONTO: no tradeable call
  [b42|c042_s168_w2_1005_1045_r1] S168 OSK: no tradeable call
  [b43|c043_s168_w2_1005_1045_r2] S168 OSK: no tradeable call
  [b42|c042_s168_w2_1005_1045_r1] S168 PSN: no tradeable call
  [b43|c043_s168_w2_1005_1045_r2] S168 PSN: no tradeable call
  [b42|c042_s168_w2_1005_1045_r1] S168 PVH: no tradeable call
  [b43|c043_s168_w2_1005_1045_r2] S168 PVH: no tradeable call
  [b42|c042_s168_w2_1005_1045_r1] S168 RH: no tradeable call
  [b43|c043_s168_w2_1005_1045_r2] S168 RH: no tradeable call
  [b42|c042_s168_w2_1005_1045_r1] S168 SGI: no tradeable call
  [b43|c043_s168_w2_1005_1045_r2] S168 SGI: no tradeable call
  [b42|c042_s168_w2_1005_1045_r1] S168 SLGN: no tradeable call
  [b43|c043_s168_w2_1005_1045_r2] S168 SLGN: no tradeable call
  [b42|c042_s168_w2_1005_1045_r1] S168 TEX: no tradeable call
  [b43|c043_s168_w2_1005_1045_r2] S168 TEX: no tradeable call
  [b42|c042_s168_w2_1005_1045_r1] S168 UNM: no tradeable call
  [b43|c043_s168_w2_1005_1045_r2] S168 UNM: no tradeable call
  [b42|c042_s168_w2_1005_1045_r1] S168 VFC: no tradeable call
  [b43|c043_s168_w2_1005_1045_r2] S168 VFC: no tradeable call
  [b42|c042_s168_w2_1005_1045_r1] S168 VIAV: no tradeable call
  [b43|c043_s168_w2_1005_1045_r2] S168 VIAV: no tradeable call
  [b42|c042_s168_w2_1005_1045_r1] S168 WMS: no tradeable call
  [b43|c043_s168_w2_1005_1045_r2] S168 WMS: no tradeable call
  [b42|c042_s168_w2_1005_1045_r1] S168 WSO: no tradeable call
  [b43|c043_s168_w2_1005_1045_r2] S168 WSO: no tradeable call
  [b130|c130_s205_w2_1005_1045_r1] S205 PSN: no tradeable call
  [b131|c131_s205_w2_1005_1045_r2] S205 PSN: no tradeable call
  ENTRY [b162|c162_s209_w2_1005_1045_r1|S209] BUY 1x V260731C00382500 (gap -2.6% recovery above prev close) limit=0.56 (ask=0.57 off=-0.01) tp=+50% sl=-50% pending id=7c84cefe-5797-4698-a251-62fc6507a102
  ENTRY [b163|c163_s209_w2_1005_1045_r2|S209] BUY 1x V260731C00382500 (gap -2.6% recovery above prev close) limit=0.56 (ask=0.57 off=-0.01) tp=+50% sl=-50% pending id=b767064f-6762-4b52-842a-6dc9cc9d3633
  [b226|c226_s217_w2_1005_1045_r1] S217 GLW: no tradeable call
  [b227|c227_s217_w2_1005_1045_r2] S217 GLW: no tradeable call
  [b226|c226_s217_w2_1005_1045_r1] S217 FLEX: no tradeable call
  [b227|c227_s217_w2_1005_1045_r2] S217 FLEX: no tradeable call
  Skipped: 134 no tradeable call, 684 already attempted today, 204 pending order
Placed 2 new entry order(s).
  reconcile: layout changed controlled:100:c000_s173_w1_0928_1005_r1 -> controlled:248:c000_s163_w1_0928_1005_r1

[Portfolio snapshot]
========================================================
OPTIONS TRIAL STATS
========================================================
Account equity: $126,722.32
Active buckets: 248 of 248 profiles ($500 virtual each) — paper unlimited mode

P&L summary
  Reflected (ex-S173,S174): $+4,423.13 all-time  |  $+0.00 today
  Raw (incl dropped):     $+2,827.58 all-time  |  $+0.00 today
  Open (not sold yet): $+0.00 unrealized (virtual lots)
  Premium deployed:    $0.00 in open positions
  Combined P&L:        $+4,423.13 (reflected realized + open virtual)

Ledger (master)
  Total events:     5963
  Today entries:    22
  Today exits (reflected): 0
  All-time exits (reflected): 273  wins 30%
  Avg return/trade: -5.1%  median -40.0%

Open virtual lots (by bucket)
  (248 quiet bucket profile(s) — no trades yet)
  (no open lots across active profiles)

Pending orders: 11
  b106 S202 BSX limit=0.07
  b107 S202 BSX limit=0.07
  b170 S210 KO limit=0.57
  b171 S210 KO limit=0.57
  b178 S211 HPQ limit=0.60

Alpaca option positions
  (none)

Per-bucket exit stats (all time)
  b0|orphan_reconcile     n= 22  avg=+22.4%  med=-57.5%  realized=$+6,310.91
  b104|c104_s164_w1_0928_1005_r4  n=  1  avg=-88.9%  med=-88.9%  realized=$-8.00
  b10|c010_s165_w3_1045_1120_r1  n=  8  avg=-37.2%  med=-18.9%  realized=$-205.00
  b132|c132_s164_w1_0928_1005_r5  n=  2  avg=-65.7%  med=-53.6%  realized=$-37.00
  b135|c135_s164_w4_1120_1135_r5  n=  1  avg=-50.0%  med=-50.0%  realized=$-4.00
  b20|c020_s164_w1_0928_1005_r1  n=  1  avg=-88.9%  med=-88.9%  realized=$-8.00
  b28|c028_s165_w1_0928_1005_r2  n= 17  avg=+49.5%  med=+80.0%  realized=$+448.00
  b28|c028_s173_w1_0928_1005_r2  n=  5  avg=+51.6%  med=+80.0%  realized=$+142.00
  b29|c029_s165_w2_1005_1045_r2  n=  9  avg=-23.3%  med=-50.0%  realized=$-221.00
  b29|c029_s173_w2_1005_1045_r2  n=  2  avg=-69.3%  med=-48.5%  realized=$-78.00
  b30|c030_s165_w3_1045_1120_r2  n=  9  avg=+38.8%  med=+0.0%  realized=$+260.00
  b30|c030_s173_w3_1045_1120_r2  n=  2  avg=-9.5%  med=+0.0%  realized=$-14.00
  b31|c031_s165_w4_1120_1135_r2  n=  2  avg=+145.5%  med=+175.8%  realized=$+192.00
  b48|c048_s164_w1_0928_1005_r2  n=  5  avg=-33.1%  med=-49.1%  realized=$-91.00
  b48|c048_s165_w1_0928_1005_r3  n= 16  avg=-35.9%  med=-49.1%  realized=$-344.00
  b49|c049_s164_w2_1005_1045_r2  n=  4  avg=-51.8%  med=-44.0%  realized=$-133.00
  b49|c049_s165_w2_1005_1045_r3  n= 15  avg=-49.3%  med=-49.1%  realized=$-458.00
  b50|c050_s164_w3_1045_1120_r2  n=  4  avg=-39.6%  med=-16.7%  realized=$-115.00
  b50|c050_s165_w3_1045_1120_r3  n=  9  avg=-23.6%  med=-23.1%  realized=$-142.00
  b51|c051_s165_w4_1120_1135_r3  n=  1  avg=+263.6%  med=+263.6%  realized=$+174.00
  b56|g056_lim_tp20_sl65  n=  1  avg=+47.7%  med=+47.7%  realized=$+20.52
  b57|g057_mid_tp20_sl65  n=  1  avg=+47.7%  med=+47.7%  realized=$+20.52
  b58|g058_eod_tp20_sl65  n=  1  avg=+59.1%  med=+59.1%  realized=$+25.41
  b68|c068_s165_w1_0928_1005_r4  n= 16  avg=-51.3%  med=-49.1%  realized=$-446.00
  b68|c068_s166_w1_0928_1005_r3  n=  4  avg=-52.7%  med=-49.1%  realized=$-116.00
  b69|c069_s165_w2_1005_1045_r4  n= 11  avg=+19.0%  med=-43.6%  realized=$-179.00
  b69|c069_s166_w2_1005_1045_r3  n=  4  avg=+10.1%  med=-40.0%  realized=$-87.00
  b70|c070_s165_w3_1045_1120_r4  n= 11  avg=-2.1%  med=-16.9%  realized=$-6.00
  b70|c070_s166_w3_1045_1120_r3  n=  4  avg=-42.5%  med=-27.0%  realized=$-124.00
  b70|g070_eod_tp30_sl20  n=  1  avg=+59.1%  med=+59.1%  realized=$+27.77
  b76|c076_s164_w1_0928_1005_r3  n=  1  avg=-50.0%  med=-50.0%  realized=$-2.00
  b88|c088_s165_w1_0928_1005_r5  n= 21  avg=-5.0%  med=-2.7%  realized=$-63.00
  b88|c088_s167_w1_0928_1005_r4  n=  4  avg=-12.7%  med=+30.9%  realized=$-28.00
  b89|c089_s165_w2_1005_1045_r5  n=  7  avg=+113.1%  med=+30.9%  realized=$+67.00
  b89|c089_s167_w2_1005_1045_r4  n=  2  avg=-16.2%  med=+30.9%  realized=$-22.00
  b8|c008_s165_w1_0928_1005_r1  n= 23  avg=-19.6%  med=-35.3%  realized=$-250.00
  b90|c090_s165_w3_1045_1120_r5  n= 13  avg=+7.7%  med=+0.0%  realized=$+47.00
  b90|c090_s167_w3_1045_1120_r4  n=  4  avg=-41.6%  med=-18.9%  realized=$-123.00
  b91|c091_s165_w4_1120_1135_r5  n=  2  avg=+222.0%  med=+247.0%  realized=$+293.00
  b9|c009_s165_w2_1005_1045_r1  n=  7  avg=-74.4%  med=-66.2%  realized=$-301.00
========================================================
+========================================================================+
|  OPTIONS BOT SUMMARY                                                   |
+------------------------------------------------------------------------+
|  Mode                          entry+manage                            |
|  Equity                        $126,722.32                             |
|  Signals this run              512                                     |
|  Orders submitted (session)    29                                      |
|  Orders filled today (ledger)  22                                      |
|  Entries placed this run       2                                       |
|  Open virtual lots             0                                       |
|  Broker option positions       0                                       |
|  Pending orders                11                                      |
+========================================================================+
+========================================================================+
|  BUCKET LEADERBOARD (reflected ex-S173,S174)                           |
+------------------------------------------------------------------------+
|  Reflected trades=273  buckets=27  win=30%                             |
|  Returns   avg=-5.1%  med=-40.0%  p10=-66.2%  p90=+81.8%               |
|  Realized  $+4,423.13                                                  |
|  Raw incl dropped  trades=807  real=$+2,827.58                         |
+------------------------------------------------------------------------+
|  BKT PROFILE               N  WIN  AVG%   MED%   BEST%  REAL$          |
+------------------------------------------------------------------------+
|  b51  c051_s169_w2_1005_  1 100% +263.6 +263.6 +263.6 $   +174         |
|  b91  c091_s200_w2_1005_  2 100% +222.0 +222.0 +247.0 $   +293         |
|  b31  c031_s166_w4_1120_  2 100% +145.5 +145.5 +175.8 $   +192         |
|  b28  c028_s166_w3_1045_ 22  77% +50.0 +80.0 +102.0 $   +590           |
|  b58  c058_s170_w2_1005_  1 100% +59.1 +59.1 +59.1 $    +25            |
|  b56  c056_s170_w1_0928_  1 100% +47.7 +47.7 +47.7 $    +21            |
|  b57  c057_s170_w1_0928_  1 100% +47.7 +47.7 +47.7 $    +21            |
|  b89  c089_s200_w1_0928_  9  56% +84.4 +30.9 +790.0 $    +45           |
|  ... 19 more bucket(s) with exits                                      |
+------------------------------------------------------------------------+
|  Low  b20  c020_s165_w3_1045_  1   0% -88.9 -88.9 -88.9 $     -8       |
+========================================================================+
+========================================================================+
|  PENDING ORDERS (11)                                                   |
+------------------------------------------------------------------------+
|  Top groups                    S202:BSX(2), S210:KO(2), S211:HPQ(2)    |
+------------------------------------------------------------------------+
|  b106 S202 BSX      limit=0.07                                         |
|  b107 S202 BSX      limit=0.07                                         |
|  b170 S210 KO       limit=0.57                                         |
|  b171 S210 KO       limit=0.57                                         |
|  b178 S211 HPQ      limit=0.60                                         |
|  ... 6 more pending order(s)                                           |
+========================================================================+
+========================================================================+
|  OPEN OPTIONS (0)                                                      |
+------------------------------------------------------------------------+
|  No open option positions                                              |
+========================================================================+
Full detail: logs/options_trial/runs/2026-07-29.log
elapsed=231.4s reconcile=0.45s cancel=0.14s manage=0.15s scan=200.74s entries=28.92s

=== 10:30:53 ET — entry+manage (0 new) [elapsed=203.3s reconcile=0.44s cancel=0.14s manage=0.13s scan=172.57s entries=29.02s] ===
=== options_morning_bot (PAPER) 2026-07-29T10:30:53.236891-04:00 ===

[Run context]
Paper auth OK — equity $126766.32, account PA36KS87UPRS
  reconcile: layout changed controlled:100:c000_s173_w1_0928_1005_r1 -> controlled:248:c000_s163_w1_0928_1005_r1

[Setup]
Active buckets: 248 | Strategies: S165, S164, S168, S167, S166, S163, S169, S170, S171, S172, S175, S200, S201, S202, S203, S204, S205, S206, S207, S208, S209, S210, S211, S212, S213, S214, S215, S216, S217, S218, S219
Dropped (no new entries; ex-reflected P&L): S173, S174

[Scan + entries]
Scanning 903 symbols for [S165, S164, S168, S167, S166, S163, S169, S170, S171, S172, S175, S200, S201, S202, S203, S204, S205, S206, S207, S208, S209, S210, S211, S212, S213, S214, S215, S216, S217, S218, S219] …
Fetched daily bars for 903/903 symbols
Found 509 signal(s); top: ['S165:AMCR', 'S165:AON', 'S165:AMAT', 'S165:ACGL', 'S165:BSX', 'S165:BLDR', 'S165:BG', 'S165:CCL']
Paper lab: $126824 broker equity -> 248 bucket(s) ($500 virtual each, unlimited paper)
  [b42|c042_s168_w2_1005_1045_r1] S168 AMCR: no tradeable call
  [b43|c043_s168_w2_1005_1045_r2] S168 AMCR: no tradeable call
  [b42|c042_s168_w2_1005_1045_r1] S168 AON: no tradeable call
  [b43|c043_s168_w2_1005_1045_r2] S168 AON: no tradeable call
  [b42|c042_s168_w2_1005_1045_r1] S168 AMAT: no tradeable call
  [b43|c043_s168_w2_1005_1045_r2] S168 AMAT: no tradeable call
  [b42|c042_s168_w2_1005_1045_r1] S168 ACGL: no tradeable call
  [b43|c043_s168_w2_1005_1045_r2] S168 ACGL: no tradeable call
  [b42|c042_s168_w2_1005_1045_r1] S168 BSX: no tradeable call
  [b43|c043_s168_w2_1005_1045_r2] S168 BSX: no tradeable call
  [b42|c042_s168_w2_1005_1045_r1] S168 BLDR: no tradeable call
  [b43|c043_s168_w2_1005_1045_r2] S168 BLDR: no tradeable call
  [b42|c042_s168_w2_1005_1045_r1] S168 BG: no tradeable call
  [b43|c043_s168_w2_1005_1045_r2] S168 BG: no tradeable call
  [b42|c042_s168_w2_1005_1045_r1] S168 CCL: no tradeable call
  [b43|c043_s168_w2_1005_1045_r2] S168 CCL: no tradeable call
  [b42|c042_s168_w2_1005_1045_r1] S168 CAT: no tradeable call
  [b43|c043_s168_w2_1005_1045_r2] S168 CAT: no tradeable call
  [b42|c042_s168_w2_1005_1045_r1] S168 CSGP: no tradeable call
  [b43|c043_s168_w2_1005_1045_r2] S168 CSGP: no tradeable call
  [b42|c042_s168_w2_1005_1045_r1] S168 DAL: no tradeable call
  [b43|c043_s168_w2_1005_1045_r2] S168 DAL: no tradeable call
  [b42|c042_s168_w2_1005_1045_r1] S168 FLEX: no tradeable call
  [b43|c043_s168_w2_1005_1045_r2] S168 FLEX: no tradeable call
  [b42|c042_s168_w2_1005_1045_r1] S168 FTV: no tradeable call
  [b43|c043_s168_w2_1005_1045_r2] S168 FTV: no tradeable call
  [b42|c042_s168_w2_1005_1045_r1] S168 IP: no tradeable call
  [b43|c043_s168_w2_1005_1045_r2] S168 IP: no tradeable call
  [b42|c042_s168_w2_1005_1045_r1] S168 KKR: no tradeable call
  [b43|c043_s168_w2_1005_1045_r2] S168 KKR: no tradeable call
  [b42|c042_s168_w2_1005_1045_r1] S168 KLAC: no tradeable call
  [b43|c043_s168_w2_1005_1045_r2] S168 KLAC: no tradeable call
  [b42|c042_s168_w2_1005_1045_r1] S168 LII: no tradeable call
  [b43|c043_s168_w2_1005_1045_r2] S168 LII: no tradeable call
  [b42|c042_s168_w2_1005_1045_r1] S168 MAS: no tradeable call
  [b43|c043_s168_w2_1005_1045_r2] S168 MAS: no tradeable call
  [b42|c042_s168_w2_1005_1045_r1] S168 NCLH: no tradeable call
  [b43|c043_s168_w2_1005_1045_r2] S168 NCLH: no tradeable call
  [b42|c042_s168_w2_1005_1045_r1] S168 NXPI: no tradeable call
  [b43|c043_s168_w2_1005_1045_r2] S168 NXPI: no tradeable call
  [b42|c042_s168_w2_1005_1045_r1] S168 ODFL: no tradeable call
  [b43|c043_s168_w2_1005_1045_r2] S168 ODFL: no tradeable call
  [b42|c042_s168_w2_1005_1045_r1] S168 OMC: no tradeable call
  [b43|c043_s168_w2_1005_1045_r2] S168 OMC: no tradeable call
  [b42|c042_s168_w2_1005_1045_r1] S168 PPG: no tradeable call
  [b43|c043_s168_w2_1005_1045_r2] S168 PPG: no tradeable call
  [b42|c042_s168_w2_1005_1045_r1] S168 PG: no tradeable call
  [b43|c043_s168_w2_1005_1045_r2] S168 PG: no tradeable call
  [b42|c042_s168_w2_1005_1045_r1] S168 SWKS: no tradeable call
  [b43|c043_s168_w2_1005_1045_r2] S168 SWKS: no tradeable call
  [b42|c042_s168_w2_1005_1045_r1] S168 SW: no tradeable call
  [b43|c043_s168_w2_1005_1045_r2] S168 SW: no tradeable call
  [b42|c042_s168_w2_1005_1045_r1] S168 LUV: no tradeable call
  [b43|c043_s168_w2_1005_1045_r2] S168 LUV: no tradeable call
  [b42|c042_s168_w2_1005_1045_r1] S168 TPR: no tradeable call
  [b43|c043_s168_w2_1005_1045_r2] S168 TPR: no tradeable call
  [b42|c042_s168_w2_1005_1045_r1] S168 UAL: no tradeable call
  [b43|c043_s168_w2_1005_1045_r2] S168 UAL: no tradeable call
  [b42|c042_s168_w2_1005_1045_r1] S168 VRT: no tradeable call
  [b43|c043_s168_w2_1005_1045_r2] S168 VRT: no tradeable call
  [b42|c042_s168_w2_1005_1045_r1] S168 V: no tradeable call
  [b43|c043_s168_w2_1005_1045_r2] S168 V: no tradeable call
  [b42|c042_s168_w2_1005_1045_r1] S168 AAL: no tradeable call
  [b43|c043_s168_w2_1005_1045_r2] S168 AAL: no tradeable call
  [b42|c042_s168_w2_1005_1045_r1] S168 AGCO: no tradeable call
  [b43|c043_s168_w2_1005_1045_r2] S168 AGCO: no tradeable call
  [b42|c042_s168_w2_1005_1045_r1] S168 ALK: no tradeable call
  [b43|c043_s168_w2_1005_1045_r2] S168 ALK: no tradeable call
  [b42|c042_s168_w2_1005_1045_r1] S168 ANF: no tradeable call
  [b43|c043_s168_w2_1005_1045_r2] S168 ANF: no tradeable call
  [b42|c042_s168_w2_1005_1045_r1] S168 BBWI: no tradeable call
  [b43|c043_s168_w2_1005_1045_r2] S168 BBWI: no tradeable call
  [b42|c042_s168_w2_1005_1045_r1] S168 CAR: no tradeable call
  [b43|c043_s168_w2_1005_1045_r2] S168 CAR: no tradeable call
  [b42|c042_s168_w2_1005_1045_r1] S168 CHWY: no tradeable call
  [b43|c043_s168_w2_1005_1045_r2] S168 CHWY: no tradeable call
  [b42|c042_s168_w2_1005_1045_r1] S168 CPRI: no tradeable call
  [b43|c043_s168_w2_1005_1045_r2] S168 CPRI: no tradeable call
  [b42|c042_s168_w2_1005_1045_r1] S168 CR: no tradeable call
  [b43|c043_s168_w2_1005_1045_r2] S168 CR: no tradeable call
  [b42|c042_s168_w2_1005_1045_r1] S168 ELF: no tradeable call
  [b43|c043_s168_w2_1005_1045_r2] S168 ELF: no tradeable call
  [b42|c042_s168_w2_1005_1045_r1] S168 ENTG: no tradeable call
  [b43|c043_s168_w2_1005_1045_r2] S168 ENTG: no tradeable call
  [b42|c042_s168_w2_1005_1045_r1] S168 ESAB: no tradeable call
  [b43|c043_s168_w2_1005_1045_r2] S168 ESAB: no tradeable call
  [b42|c042_s168_w2_1005_1045_r1] S168 EVR: no tradeable call
  [b43|c043_s168_w2_1005_1045_r2] S168 EVR: no tradeable call
  [b42|c042_s168_w2_1005_1045_r1] S168 FBIN: no tradeable call
  [b43|c043_s168_w2_1005_1045_r2] S168 FBIN: no tradeable call
  [b42|c042_s168_w2_1005_1045_r1] S168 GPK: no tradeable call
  [b43|c043_s168_w2_1005_1045_r2] S168 GPK: no tradeable call
  [b42|c042_s168_w2_1005_1045_r1] S168 H: no tradeable call
  [b43|c043_s168_w2_1005_1045_r2] S168 H: no tradeable call
  [b42|c042_s168_w2_1005_1045_r1] S168 HIMS: no tradeable call
  [b43|c043_s168_w2_1005_1045_r2] S168 HIMS: no tradeable call
  [b42|c042_s168_w2_1005_1045_r1] S168 KEX: no tradeable call
  [b43|c043_s168_w2_1005_1045_r2] S168 KEX: no tradeable call
  [b42|c042_s168_w2_1005_1045_r1] S168 LSTR: no tradeable call
  [b43|c043_s168_w2_1005_1045_r2] S168 LSTR: no tradeable call
  [b42|c042_s168_w2_1005_1045_r1] S168 M: no tradeable call
  [b43|c043_s168_w2_1005_1045_r2] S168 M: no tradeable call
  [b42|c042_s168_w2_1005_1045_r1] S168 ONTO: no tradeable call
  [b43|c043_s168_w2_1005_1045_r2] S168 ONTO: no tradeable call
  [b42|c042_s168_w2_1005_1045_r1] S168 OSK: no tradeable call
  [b43|c043_s168_w2_1005_1045_r2] S168 OSK: no tradeable call
  [b42|c042_s168_w2_1005_1045_r1] S168 PSN: no tradeable call
  [b43|c043_s168_w2_1005_1045_r2] S168 PSN: no tradeable call
  [b42|c042_s168_w2_1005_1045_r1] S168 PVH: no tradeable call
  [b43|c043_s168_w2_1005_1045_r2] S168 PVH: no tradeable call
  [b42|c042_s168_w2_1005_1045_r1] S168 RH: no tradeable call
  [b43|c043_s168_w2_1005_1045_r2] S168 RH: no tradeable call
  [b42|c042_s168_w2_1005_1045_r1] S168 SGI: no tradeable call
  [b43|c043_s168_w2_1005_1045_r2] S168 SGI: no tradeable call
  [b42|c042_s168_w2_1005_1045_r1] S168 SLGN: no tradeable call
  [b43|c043_s168_w2_1005_1045_r2] S168 SLGN: no tradeable call
  [b42|c042_s168_w2_1005_1045_r1] S168 TEX: no tradeable call
  [b43|c043_s168_w2_1005_1045_r2] S168 TEX: no tradeable call
  [b42|c042_s168_w2_1005_1045_r1] S168 UNM: no tradeable call
  [b43|c043_s168_w2_1005_1045_r2] S168 UNM: no tradeable call
  [b42|c042_s168_w2_1005_1045_r1] S168 VFC: no tradeable call
  [b43|c043_s168_w2_1005_1045_r2] S168 VFC: no tradeable call
  [b42|c042_s168_w2_1005_1045_r1] S168 VIAV: no tradeable call
  [b43|c043_s168_w2_1005_1045_r2] S168 VIAV: no tradeable call
  [b42|c042_s168_w2_1005_1045_r1] S168 WMS: no tradeable call
  [b43|c043_s168_w2_1005_1045_r2] S168 WMS: no tradeable call
  [b42|c042_s168_w2_1005_1045_r1] S168 WSO: no tradeable call
  [b43|c043_s168_w2_1005_1045_r2] S168 WSO: no tradeable call
  [b130|c130_s205_w2_1005_1045_r1] S205 PSN: no tradeable call
  [b131|c131_s205_w2_1005_1045_r2] S205 PSN: no tradeable call
  [b226|c226_s217_w2_1005_1045_r1] S217 GLW: no tradeable call
  [b227|c227_s217_w2_1005_1045_r2] S217 GLW: no tradeable call
  [b226|c226_s217_w2_1005_1045_r1] S217 FLEX: no tradeable call
  [b227|c227_s217_w2_1005_1045_r2] S217 FLEX: no tradeable call
  [b226|c226_s217_w2_1005_1045_r1] S217 MRNA: no tradeable call
  [b227|c227_s217_w2_1005_1045_r2] S217 MRNA: no tradeable call
  Skipped: 136 no tradeable call, 680 already attempted today, 202 pending order
Placed 0 new entry order(s).
  reconcile: layout changed controlled:100:c000_s173_w1_0928_1005_r1 -> controlled:248:c000_s163_w1_0928_1005_r1
  reconcile: entry fill b163|S209 V x1 @ 0.56
  reconcile: entry fill b162|S209 V x1 @ 0.56

[Portfolio snapshot]
========================================================
OPTIONS TRIAL STATS
========================================================
Account equity: $126,766.32
Active buckets: 248 of 248 profiles ($500 virtual each) — paper unlimited mode

P&L summary
  Reflected (ex-S173,S174): $+4,423.13 all-time  |  $+0.00 today
  Raw (incl dropped):     $+2,827.58 all-time  |  $+0.00 today
  Open (not sold yet): $-32.00 unrealized (virtual lots)
  Premium deployed:    $112.00 in open positions
  Combined P&L:        $+4,391.13 (reflected realized + open virtual)

Ledger (master)
  Total events:     5965
  Today entries:    24
  Today exits (reflected): 0
  All-time exits (reflected): 273  wins 30%
  Avg return/trade: -5.1%  median -40.0%

Open virtual lots (by bucket)
  b162 c162_s209_w2_1005_1045_r1  prem=$    56  real=$ +0.00  open=$-16.00  lots=1  [S209:Vx1]
       buy: ask-0.01  sell: bid-0.01  tp=+50% sl=-50%
  b163 c163_s209_w2_1005_1045_r2  prem=$    56  real=$ +0.00  open=$-16.00  lots=1  [S209:Vx1]
       buy: ask-0.01  sell: bid-0.01  tp=+50% sl=-50%
  (246 quiet bucket profile(s) — no trades yet)

Pending orders: 9
  b106 S202 BSX limit=0.07
  b107 S202 BSX limit=0.07
  b170 S210 KO limit=0.57
  b171 S210 KO limit=0.57
  b178 S211 HPQ limit=0.60

Alpaca option positions
  V260731C00382500  qty=2  cost=$112.00  return=-28.6%  open P&L=$-32.00

Per-bucket exit stats (all time)
  b0|orphan_reconcile     n= 22  avg=+22.4%  med=-57.5%  realized=$+6,310.91
  b104|c104_s164_w1_0928_1005_r4  n=  1  avg=-88.9%  med=-88.9%  realized=$-8.00
  b10|c010_s165_w3_1045_1120_r1  n=  8  avg=-37.2%  med=-18.9%  realized=$-205.00
  b132|c132_s164_w1_0928_1005_r5  n=  2  avg=-65.7%  med=-53.6%  realized=$-37.00
  b135|c135_s164_w4_1120_1135_r5  n=  1  avg=-50.0%  med=-50.0%  realized=$-4.00
  b20|c020_s164_w1_0928_1005_r1  n=  1  avg=-88.9%  med=-88.9%  realized=$-8.00
  b28|c028_s165_w1_0928_1005_r2  n= 17  avg=+49.5%  med=+80.0%  realized=$+448.00
  b28|c028_s173_w1_0928_1005_r2  n=  5  avg=+51.6%  med=+80.0%  realized=$+142.00
  b29|c029_s165_w2_1005_1045_r2  n=  9  avg=-23.3%  med=-50.0%  realized=$-221.00
  b29|c029_s173_w2_1005_1045_r2  n=  2  avg=-69.3%  med=-48.5%  realized=$-78.00
  b30|c030_s165_w3_1045_1120_r2  n=  9  avg=+38.8%  med=+0.0%  realized=$+260.00
  b30|c030_s173_w3_1045_1120_r2  n=  2  avg=-9.5%  med=+0.0%  realized=$-14.00
  b31|c031_s165_w4_1120_1135_r2  n=  2  avg=+145.5%  med=+175.8%  realized=$+192.00
  b48|c048_s164_w1_0928_1005_r2  n=  5  avg=-33.1%  med=-49.1%  realized=$-91.00
  b48|c048_s165_w1_0928_1005_r3  n= 16  avg=-35.9%  med=-49.1%  realized=$-344.00
  b49|c049_s164_w2_1005_1045_r2  n=  4  avg=-51.8%  med=-44.0%  realized=$-133.00
  b49|c049_s165_w2_1005_1045_r3  n= 15  avg=-49.3%  med=-49.1%  realized=$-458.00
  b50|c050_s164_w3_1045_1120_r2  n=  4  avg=-39.6%  med=-16.7%  realized=$-115.00
  b50|c050_s165_w3_1045_1120_r3  n=  9  avg=-23.6%  med=-23.1%  realized=$-142.00
  b51|c051_s165_w4_1120_1135_r3  n=  1  avg=+263.6%  med=+263.6%  realized=$+174.00
  b56|g056_lim_tp20_sl65  n=  1  avg=+47.7%  med=+47.7%  realized=$+20.52
  b57|g057_mid_tp20_sl65  n=  1  avg=+47.7%  med=+47.7%  realized=$+20.52
  b58|g058_eod_tp20_sl65  n=  1  avg=+59.1%  med=+59.1%  realized=$+25.41
  b68|c068_s165_w1_0928_1005_r4  n= 16  avg=-51.3%  med=-49.1%  realized=$-446.00
  b68|c068_s166_w1_0928_1005_r3  n=  4  avg=-52.7%  med=-49.1%  realized=$-116.00
  b69|c069_s165_w2_1005_1045_r4  n= 11  avg=+19.0%  med=-43.6%  realized=$-179.00
  b69|c069_s166_w2_1005_1045_r3  n=  4  avg=+10.1%  med=-40.0%  realized=$-87.00
  b70|c070_s165_w3_1045_1120_r4  n= 11  avg=-2.1%  med=-16.9%  realized=$-6.00
  b70|c070_s166_w3_1045_1120_r3  n=  4  avg=-42.5%  med=-27.0%  realized=$-124.00
  b70|g070_eod_tp30_sl20  n=  1  avg=+59.1%  med=+59.1%  realized=$+27.77
  b76|c076_s164_w1_0928_1005_r3  n=  1  avg=-50.0%  med=-50.0%  realized=$-2.00
  b88|c088_s165_w1_0928_1005_r5  n= 21  avg=-5.0%  med=-2.7%  realized=$-63.00
  b88|c088_s167_w1_0928_1005_r4  n=  4  avg=-12.7%  med=+30.9%  realized=$-28.00
  b89|c089_s165_w2_1005_1045_r5  n=  7  avg=+113.1%  med=+30.9%  realized=$+67.00
  b89|c089_s167_w2_1005_1045_r4  n=  2  avg=-16.2%  med=+30.9%  realized=$-22.00
  b8|c008_s165_w1_0928_1005_r1  n= 23  avg=-19.6%  med=-35.3%  realized=$-250.00
  b90|c090_s165_w3_1045_1120_r5  n= 13  avg=+7.7%  med=+0.0%  realized=$+47.00
  b90|c090_s167_w3_1045_1120_r4  n=  4  avg=-41.6%  med=-18.9%  realized=$-123.00
  b91|c091_s165_w4_1120_1135_r5  n=  2  avg=+222.0%  med=+247.0%  realized=$+293.00
  b9|c009_s165_w2_1005_1045_r1  n=  7  avg=-74.4%  med=-66.2%  realized=$-301.00
========================================================
+========================================================================+
|  OPTIONS BOT SUMMARY                                                   |
+------------------------------------------------------------------------+
|  Mode                          entry+manage                            |
|  Equity                        $126,766.32                             |
|  Signals this run              509                                     |
|  Orders submitted (session)    29                                      |
|  Orders filled today (ledger)  24                                      |
|  Entries placed this run       0                                       |
|  Open virtual lots             2                                       |
|  Broker option positions       1                                       |
|  Pending orders                9                                       |
+========================================================================+
+========================================================================+
|  BUCKET LEADERBOARD (reflected ex-S173,S174)                           |
+------------------------------------------------------------------------+
|  Reflected trades=273  buckets=27  win=30%                             |
|  Returns   avg=-5.1%  med=-40.0%  p10=-66.2%  p90=+81.8%               |
|  Realized  $+4,423.13                                                  |
|  Raw incl dropped  trades=807  real=$+2,827.58                         |
+------------------------------------------------------------------------+
|  BKT PROFILE               N  WIN  AVG%   MED%   BEST%  REAL$          |
+------------------------------------------------------------------------+
|  b51  c051_s169_w2_1005_  1 100% +263.6 +263.6 +263.6 $   +174         |
|  b91  c091_s200_w2_1005_  2 100% +222.0 +222.0 +247.0 $   +293         |
|  b31  c031_s166_w4_1120_  2 100% +145.5 +145.5 +175.8 $   +192         |
|  b28  c028_s166_w3_1045_ 22  77% +50.0 +80.0 +102.0 $   +590           |
|  b58  c058_s170_w2_1005_  1 100% +59.1 +59.1 +59.1 $    +25            |
|  b56  c056_s170_w1_0928_  1 100% +47.7 +47.7 +47.7 $    +21            |
|  b57  c057_s170_w1_0928_  1 100% +47.7 +47.7 +47.7 $    +21            |
|  b89  c089_s200_w1_0928_  9  56% +84.4 +30.9 +790.0 $    +45           |
|  ... 19 more bucket(s) with exits                                      |
+------------------------------------------------------------------------+
|  Low  b20  c020_s165_w3_1045_  1   0% -88.9 -88.9 -88.9 $     -8       |
+========================================================================+
+========================================================================+
|  PENDING ORDERS (9)                                                    |
+------------------------------------------------------------------------+
|  Top groups                    S202:BSX(2), S210:KO(2), S211:HPQ(2)    |
+------------------------------------------------------------------------+
|  b106 S202 BSX      limit=0.07                                         |
|  b107 S202 BSX      limit=0.07                                         |
|  b170 S210 KO       limit=0.57                                         |
|  b171 S210 KO       limit=0.57                                         |
|  b178 S211 HPQ      limit=0.60                                         |
|  ... 4 more pending order(s)                                           |
+========================================================================+
+========================================================================+
|  OPEN OPTIONS (1)                                                      |
+------------------------------------------------------------------------+
|  SYMBOL                      QTY    RET%        OPEN P&L               |
|------------------------------------------------------------------------|
|  V260731C00382500              2    -28.6%   $    -32.00               |
+========================================================================+
Full detail: logs/options_trial/runs/2026-07-29.log
elapsed=203.3s reconcile=0.44s cancel=0.14s manage=0.13s scan=172.57s entries=29.02s

=== 10:41:06 ET — entry+manage (0 new) [elapsed=163.5s reconcile=0.24s cancel=0.05s manage=0.32s scan=147.23s entries=15.05s] ===
=== options_morning_bot (PAPER) 2026-07-29T10:41:06.658373-04:00 ===

[Run context]
Paper auth OK — equity $125841.16, account PA36KS87UPRS
  reconcile: layout changed controlled:100:c000_s173_w1_0928_1005_r1 -> controlled:248:c000_s163_w1_0928_1005_r1
  reconcile: entry fill b235|S218 UPS x1 @ 0.19
  reconcile: entry fill b234|S218 UPS x1 @ 0.19
  reconcile: removed 2 stale lot(s)

[Setup]
Active buckets: 248 | Strategies: S165, S164, S168, S167, S166, S163, S169, S170, S171, S172, S175, S200, S201, S202, S203, S204, S205, S206, S207, S208, S209, S210, S211, S212, S213, S214, S215, S216, S217, S218, S219
Dropped (no new entries; ex-reflected P&L): S173, S174

[Scan + entries]
Scanning 903 symbols for [S165, S164, S168, S167, S166, S163, S169, S170, S171, S172, S175, S200, S201, S202, S203, S204, S205, S206, S207, S208, S209, S210, S211, S212, S213, S214, S215, S216, S217, S218, S219] …
Fetched daily bars for 903/903 symbols
Found 507 signal(s); top: ['S165:AMCR', 'S165:AON', 'S165:AMAT', 'S165:ACGL', 'S165:BSX', 'S165:BLDR', 'S165:BG', 'S165:CCL']
Paper lab: $125778 broker equity -> 248 bucket(s) ($500 virtual each, unlimited paper)
  [b42|c042_s168_w2_1005_1045_r1] S168 AMCR: no tradeable call
  [b43|c043_s168_w2_1005_1045_r2] S168 AMCR: no tradeable call
  [b42|c042_s168_w2_1005_1045_r1] S168 AON: no tradeable call
  [b43|c043_s168_w2_1005_1045_r2] S168 AON: no tradeable call
  [b42|c042_s168_w2_1005_1045_r1] S168 AMAT: no tradeable call
  [b43|c043_s168_w2_1005_1045_r2] S168 AMAT: no tradeable call
  [b42|c042_s168_w2_1005_1045_r1] S168 ACGL: no tradeable call
  [b43|c043_s168_w2_1005_1045_r2] S168 ACGL: no tradeable call
  [b42|c042_s168_w2_1005_1045_r1] S168 BSX: no tradeable call
  [b43|c043_s168_w2_1005_1045_r2] S168 BSX: no tradeable call
  [b42|c042_s168_w2_1005_1045_r1] S168 BLDR: no tradeable call
  [b43|c043_s168_w2_1005_1045_r2] S168 BLDR: no tradeable call
  [b42|c042_s168_w2_1005_1045_r1] S168 BG: no tradeable call
  [b43|c043_s168_w2_1005_1045_r2] S168 BG: no tradeable call
  [b42|c042_s168_w2_1005_1045_r1] S168 CCL: no tradeable call
  [b43|c043_s168_w2_1005_1045_r2] S168 CCL: no tradeable call
  [b42|c042_s168_w2_1005_1045_r1] S168 CAT: no tradeable call
  [b43|c043_s168_w2_1005_1045_r2] S168 CAT: no tradeable call
  [b42|c042_s168_w2_1005_1045_r1] S168 CSGP: no tradeable call
  [b43|c043_s168_w2_1005_1045_r2] S168 CSGP: no tradeable call
  [b42|c042_s168_w2_1005_1045_r1] S168 DAL: no tradeable call
  [b43|c043_s168_w2_1005_1045_r2] S168 DAL: no tradeable call
  [b42|c042_s168_w2_1005_1045_r1] S168 FLEX: no tradeable call
  [b43|c043_s168_w2_1005_1045_r2] S168 FLEX: no tradeable call
  [b42|c042_s168_w2_1005_1045_r1] S168 FTV: no tradeable call
  [b43|c043_s168_w2_1005_1045_r2] S168 FTV: no tradeable call
  [b42|c042_s168_w2_1005_1045_r1] S168 IP: no tradeable call
  [b43|c043_s168_w2_1005_1045_r2] S168 IP: no tradeable call
  [b42|c042_s168_w2_1005_1045_r1] S168 KKR: no tradeable call
  [b43|c043_s168_w2_1005_1045_r2] S168 KKR: no tradeable call
  [b42|c042_s168_w2_1005_1045_r1] S168 KLAC: no tradeable call
  [b43|c043_s168_w2_1005_1045_r2] S168 KLAC: no tradeable call
  [b42|c042_s168_w2_1005_1045_r1] S168 LII: no tradeable call
  [b43|c043_s168_w2_1005_1045_r2] S168 LII: no tradeable call
  [b42|c042_s168_w2_1005_1045_r1] S168 MAS: no tradeable call
  [b43|c043_s168_w2_1005_1045_r2] S168 MAS: no tradeable call
  [b42|c042_s168_w2_1005_1045_r1] S168 NCLH: no tradeable call
  [b43|c043_s168_w2_1005_1045_r2] S168 NCLH: no tradeable call
  [b42|c042_s168_w2_1005_1045_r1] S168 NXPI: no tradeable call
  [b43|c043_s168_w2_1005_1045_r2] S168 NXPI: no tradeable call
  [b42|c042_s168_w2_1005_1045_r1] S168 ODFL: no tradeable call
  [b43|c043_s168_w2_1005_1045_r2] S168 ODFL: no tradeable call
  [b42|c042_s168_w2_1005_1045_r1] S168 OMC: no tradeable call
  [b43|c043_s168_w2_1005_1045_r2] S168 OMC: no tradeable call
  [b42|c042_s168_w2_1005_1045_r1] S168 PPG: no tradeable call
  [b43|c043_s168_w2_1005_1045_r2] S168 PPG: no tradeable call
  [b42|c042_s168_w2_1005_1045_r1] S168 PG: no tradeable call
  [b43|c043_s168_w2_1005_1045_r2] S168 PG: no tradeable call
  [b42|c042_s168_w2_1005_1045_r1] S168 SWKS: no tradeable call
  [b43|c043_s168_w2_1005_1045_r2] S168 SWKS: no tradeable call
  [b42|c042_s168_w2_1005_1045_r1] S168 SW: no tradeable call
  [b43|c043_s168_w2_1005_1045_r2] S168 SW: no tradeable call
  [b42|c042_s168_w2_1005_1045_r1] S168 LUV: no tradeable call
  [b43|c043_s168_w2_1005_1045_r2] S168 LUV: no tradeable call
  [b42|c042_s168_w2_1005_1045_r1] S168 TPR: no tradeable call
  [b43|c043_s168_w2_1005_1045_r2] S168 TPR: no tradeable call
  [b42|c042_s168_w2_1005_1045_r1] S168 UAL: no tradeable call
  [b43|c043_s168_w2_1005_1045_r2] S168 UAL: no tradeable call
  [b42|c042_s168_w2_1005_1045_r1] S168 VRT: no tradeable call
  [b43|c043_s168_w2_1005_1045_r2] S168 VRT: no tradeable call
  [b42|c042_s168_w2_1005_1045_r1] S168 V: no tradeable call
  [b43|c043_s168_w2_1005_1045_r2] S168 V: no tradeable call
  [b42|c042_s168_w2_1005_1045_r1] S168 AAL: no tradeable call
  [b43|c043_s168_w2_1005_1045_r2] S168 AAL: no tradeable call
  [b42|c042_s168_w2_1005_1045_r1] S168 AGCO: no tradeable call
  [b43|c043_s168_w2_1005_1045_r2] S168 AGCO: no tradeable call
  [b42|c042_s168_w2_1005_1045_r1] S168 ALK: no tradeable call
  [b43|c043_s168_w2_1005_1045_r2] S168 ALK: no tradeable call
  [b42|c042_s168_w2_1005_1045_r1] S168 ANF: no tradeable call
  [b43|c043_s168_w2_1005_1045_r2] S168 ANF: no tradeable call
  [b42|c042_s168_w2_1005_1045_r1] S168 BBWI: no tradeable call
  [b43|c043_s168_w2_1005_1045_r2] S168 BBWI: no tradeable call
  [b42|c042_s168_w2_1005_1045_r1] S168 CAR: no tradeable call
  [b43|c043_s168_w2_1005_1045_r2] S168 CAR: no tradeable call
  [b42|c042_s168_w2_1005_1045_r1] S168 CHWY: no tradeable call
  [b43|c043_s168_w2_1005_1045_r2] S168 CHWY: no tradeable call
  [b42|c042_s168_w2_1005_1045_r1] S168 CPRI: no tradeable call
  [b43|c043_s168_w2_1005_1045_r2] S168 CPRI: no tradeable call
  [b42|c042_s168_w2_1005_1045_r1] S168 CR: no tradeable call
  [b43|c043_s168_w2_1005_1045_r2] S168 CR: no tradeable call
  [b42|c042_s168_w2_1005_1045_r1] S168 ELF: no tradeable call
  [b43|c043_s168_w2_1005_1045_r2] S168 ELF: no tradeable call
  [b42|c042_s168_w2_1005_1045_r1] S168 ENTG: no tradeable call
  [b43|c043_s168_w2_1005_1045_r2] S168 ENTG: no tradeable call
  [b42|c042_s168_w2_1005_1045_r1] S168 ESAB: no tradeable call
  [b43|c043_s168_w2_1005_1045_r2] S168 ESAB: no tradeable call
  [b42|c042_s168_w2_1005_1045_r1] S168 EVR: no tradeable call
  [b43|c043_s168_w2_1005_1045_r2] S168 EVR: no tradeable call
  [b42|c042_s168_w2_1005_1045_r1] S168 FBIN: no tradeable call
  [b43|c043_s168_w2_1005_1045_r2] S168 FBIN: no tradeable call
  [b42|c042_s168_w2_1005_1045_r1] S168 GPK: no tradeable call
  [b43|c043_s168_w2_1005_1045_r2] S168 GPK: no tradeable call
  [b42|c042_s168_w2_1005_1045_r1] S168 H: no tradeable call
  [b43|c043_s168_w2_1005_1045_r2] S168 H: no tradeable call
  [b42|c042_s168_w2_1005_1045_r1] S168 HIMS: no tradeable call
  [b43|c043_s168_w2_1005_1045_r2] S168 HIMS: no tradeable call
  [b42|c042_s168_w2_1005_1045_r1] S168 KEX: no tradeable call
  [b43|c043_s168_w2_1005_1045_r2] S168 KEX: no tradeable call
  [b42|c042_s168_w2_1005_1045_r1] S168 LSTR: no tradeable call
  [b43|c043_s168_w2_1005_1045_r2] S168 LSTR: no tradeable call
  [b42|c042_s168_w2_1005_1045_r1] S168 M: no tradeable call
  [b43|c043_s168_w2_1005_1045_r2] S168 M: no tradeable call
  [b42|c042_s168_w2_1005_1045_r1] S168 ONTO: no tradeable call
  [b43|c043_s168_w2_1005_1045_r2] S168 ONTO: no tradeable call
  [b42|c042_s168_w2_1005_1045_r1] S168 OSK: no tradeable call
  [b43|c043_s168_w2_1005_1045_r2] S168 OSK: no tradeable call
  [b42|c042_s168_w2_1005_1045_r1] S168 PSN: no tradeable call
  [b43|c043_s168_w2_1005_1045_r2] S168 PSN: no tradeable call
  [b42|c042_s168_w2_1005_1045_r1] S168 PVH: no tradeable call
  [b43|c043_s168_w2_1005_1045_r2] S168 PVH: no tradeable call
  [b42|c042_s168_w2_1005_1045_r1] S168 RH: no tradeable call
  [b43|c043_s168_w2_1005_1045_r2] S168 RH: no tradeable call
  [b42|c042_s168_w2_1005_1045_r1] S168 SGI: no tradeable call
  [b43|c043_s168_w2_1005_1045_r2] S168 SGI: no tradeable call
  [b42|c042_s168_w2_1005_1045_r1] S168 SLGN: no tradeable call
  [b43|c043_s168_w2_1005_1045_r2] S168 SLGN: no tradeable call
  [b42|c042_s168_w2_1005_1045_r1] S168 TEX: no tradeable call
  [b43|c043_s168_w2_1005_1045_r2] S168 TEX: no tradeable call
  [b42|c042_s168_w2_1005_1045_r1] S168 UNM: no tradeable call
  [b43|c043_s168_w2_1005_1045_r2] S168 UNM: no tradeable call
  [b42|c042_s168_w2_1005_1045_r1] S168 VFC: no tradeable call
  [b43|c043_s168_w2_1005_1045_r2] S168 VFC: no tradeable call
  [b42|c042_s168_w2_1005_1045_r1] S168 VIAV: no tradeable call
  [b43|c043_s168_w2_1005_1045_r2] S168 VIAV: no tradeable call
  [b42|c042_s168_w2_1005_1045_r1] S168 WMS: no tradeable call
  [b43|c043_s168_w2_1005_1045_r2] S168 WMS: no tradeable call
  [b42|c042_s168_w2_1005_1045_r1] S168 WSO: no tradeable call
  [b43|c043_s168_w2_1005_1045_r2] S168 WSO: no tradeable call
  [b130|c130_s205_w2_1005_1045_r1] S205 PSN: no tradeable call
  [b131|c131_s205_w2_1005_1045_r2] S205 PSN: no tradeable call
  [b226|c226_s217_w2_1005_1045_r1] S217 GLW: no tradeable call
  [b227|c227_s217_w2_1005_1045_r2] S217 GLW: no tradeable call
  [b226|c226_s217_w2_1005_1045_r1] S217 FLEX: no tradeable call
  [b227|c227_s217_w2_1005_1045_r2] S217 FLEX: no tradeable call
  [b226|c226_s217_w2_1005_1045_r1] S217 CVLT: no tradeable call
  [b227|c227_s217_w2_1005_1045_r2] S217 CVLT: no tradeable call
  Skipped: 136 no tradeable call, 684 already attempted today, 168 pending order
Placed 0 new entry order(s).
  reconcile: layout changed controlled:100:c000_s173_w1_0928_1005_r1 -> controlled:248:c000_s163_w1_0928_1005_r1

[Portfolio snapshot]
========================================================
OPTIONS TRIAL STATS
========================================================
Account equity: $125,841.16
Active buckets: 248 of 248 profiles ($500 virtual each) — paper unlimited mode

P&L summary
  Reflected (ex-S173,S174): $+4,423.13 all-time  |  $+0.00 today
  Raw (incl dropped):     $+2,827.58 all-time  |  $+0.00 today
  Open (not sold yet): $-10.00 unrealized (virtual lots)
  Premium deployed:    $38.00 in open positions
  Combined P&L:        $+4,413.13 (reflected realized + open virtual)

Ledger (master)
  Total events:     5969
  Today entries:    26
  Today exits (reflected): 0
  All-time exits (reflected): 273  wins 30%
  Avg return/trade: -5.1%  median -40.0%

Open virtual lots (by bucket)
  b234 c234_s218_w2_1005_1045_r1  prem=$    19  real=$ +0.00  open=$ -5.00  lots=1  [S218:UPSx1]
       buy: ask-0.01  sell: bid-0.01  tp=+50% sl=-50%
  b235 c235_s218_w2_1005_1045_r2  prem=$    19  real=$ +0.00  open=$ -5.00  lots=1  [S218:UPSx1]
       buy: ask-0.01  sell: bid-0.01  tp=+50% sl=-50%
  (246 quiet bucket profile(s) — no trades yet)

Pending orders: 7
  b106 S202 BSX limit=0.07
  b107 S202 BSX limit=0.07
  b170 S210 KO limit=0.57
  b171 S210 KO limit=0.57
  b178 S211 HPQ limit=0.60

Alpaca option positions
  UPS260731C00109000  qty=2  cost=$38.00  return=-26.3%  open P&L=$-10.00

Per-bucket exit stats (all time)
  b0|orphan_reconcile     n= 22  avg=+22.4%  med=-57.5%  realized=$+6,310.91
  b104|c104_s164_w1_0928_1005_r4  n=  1  avg=-88.9%  med=-88.9%  realized=$-8.00
  b10|c010_s165_w3_1045_1120_r1  n=  8  avg=-37.2%  med=-18.9%  realized=$-205.00
  b132|c132_s164_w1_0928_1005_r5  n=  2  avg=-65.7%  med=-53.6%  realized=$-37.00
  b135|c135_s164_w4_1120_1135_r5  n=  1  avg=-50.0%  med=-50.0%  realized=$-4.00
  b20|c020_s164_w1_0928_1005_r1  n=  1  avg=-88.9%  med=-88.9%  realized=$-8.00
  b28|c028_s165_w1_0928_1005_r2  n= 17  avg=+49.5%  med=+80.0%  realized=$+448.00
  b28|c028_s173_w1_0928_1005_r2  n=  5  avg=+51.6%  med=+80.0%  realized=$+142.00
  b29|c029_s165_w2_1005_1045_r2  n=  9  avg=-23.3%  med=-50.0%  realized=$-221.00
  b29|c029_s173_w2_1005_1045_r2  n=  2  avg=-69.3%  med=-48.5%  realized=$-78.00
  b30|c030_s165_w3_1045_1120_r2  n=  9  avg=+38.8%  med=+0.0%  realized=$+260.00
  b30|c030_s173_w3_1045_1120_r2  n=  2  avg=-9.5%  med=+0.0%  realized=$-14.00
  b31|c031_s165_w4_1120_1135_r2  n=  2  avg=+145.5%  med=+175.8%  realized=$+192.00
  b48|c048_s164_w1_0928_1005_r2  n=  5  avg=-33.1%  med=-49.1%  realized=$-91.00
  b48|c048_s165_w1_0928_1005_r3  n= 16  avg=-35.9%  med=-49.1%  realized=$-344.00
  b49|c049_s164_w2_1005_1045_r2  n=  4  avg=-51.8%  med=-44.0%  realized=$-133.00
  b49|c049_s165_w2_1005_1045_r3  n= 15  avg=-49.3%  med=-49.1%  realized=$-458.00
  b50|c050_s164_w3_1045_1120_r2  n=  4  avg=-39.6%  med=-16.7%  realized=$-115.00
  b50|c050_s165_w3_1045_1120_r3  n=  9  avg=-23.6%  med=-23.1%  realized=$-142.00
  b51|c051_s165_w4_1120_1135_r3  n=  1  avg=+263.6%  med=+263.6%  realized=$+174.00
  b56|g056_lim_tp20_sl65  n=  1  avg=+47.7%  med=+47.7%  realized=$+20.52
  b57|g057_mid_tp20_sl65  n=  1  avg=+47.7%  med=+47.7%  realized=$+20.52
  b58|g058_eod_tp20_sl65  n=  1  avg=+59.1%  med=+59.1%  realized=$+25.41
  b68|c068_s165_w1_0928_1005_r4  n= 16  avg=-51.3%  med=-49.1%  realized=$-446.00
  b68|c068_s166_w1_0928_1005_r3  n=  4  avg=-52.7%  med=-49.1%  realized=$-116.00
  b69|c069_s165_w2_1005_1045_r4  n= 11  avg=+19.0%  med=-43.6%  realized=$-179.00
  b69|c069_s166_w2_1005_1045_r3  n=  4  avg=+10.1%  med=-40.0%  realized=$-87.00
  b70|c070_s165_w3_1045_1120_r4  n= 11  avg=-2.1%  med=-16.9%  realized=$-6.00
  b70|c070_s166_w3_1045_1120_r3  n=  4  avg=-42.5%  med=-27.0%  realized=$-124.00
  b70|g070_eod_tp30_sl20  n=  1  avg=+59.1%  med=+59.1%  realized=$+27.77
  b76|c076_s164_w1_0928_1005_r3  n=  1  avg=-50.0%  med=-50.0%  realized=$-2.00
  b88|c088_s165_w1_0928_1005_r5  n= 21  avg=-5.0%  med=-2.7%  realized=$-63.00
  b88|c088_s167_w1_0928_1005_r4  n=  4  avg=-12.7%  med=+30.9%  realized=$-28.00
  b89|c089_s165_w2_1005_1045_r5  n=  7  avg=+113.1%  med=+30.9%  realized=$+67.00
  b89|c089_s167_w2_1005_1045_r4  n=  2  avg=-16.2%  med=+30.9%  realized=$-22.00
  b8|c008_s165_w1_0928_1005_r1  n= 23  avg=-19.6%  med=-35.3%  realized=$-250.00
  b90|c090_s165_w3_1045_1120_r5  n= 13  avg=+7.7%  med=+0.0%  realized=$+47.00
  b90|c090_s167_w3_1045_1120_r4  n=  4  avg=-41.6%  med=-18.9%  realized=$-123.00
  b91|c091_s165_w4_1120_1135_r5  n=  2  avg=+222.0%  med=+247.0%  realized=$+293.00
  b9|c009_s165_w2_1005_1045_r1  n=  7  avg=-74.4%  med=-66.2%  realized=$-301.00
========================================================
+========================================================================+
|  OPTIONS BOT SUMMARY                                                   |
+------------------------------------------------------------------------+
|  Mode                          entry+manage                            |
|  Equity                        $125,841.16                             |
|  Signals this run              507                                     |
|  Orders submitted (session)    29                                      |
|  Orders filled today (ledger)  26                                      |
|  Entries placed this run       0                                       |
|  Open virtual lots             2                                       |
|  Broker option positions       1                                       |
|  Pending orders                7                                       |
+========================================================================+
+========================================================================+
|  BUCKET LEADERBOARD (reflected ex-S173,S174)                           |
+------------------------------------------------------------------------+
|  Reflected trades=273  buckets=27  win=30%                             |
|  Returns   avg=-5.1%  med=-40.0%  p10=-66.2%  p90=+81.8%               |
|  Realized  $+4,423.13                                                  |
|  Raw incl dropped  trades=807  real=$+2,827.58                         |
+------------------------------------------------------------------------+
|  BKT PROFILE               N  WIN  AVG%   MED%   BEST%  REAL$          |
+------------------------------------------------------------------------+
|  b51  c051_s169_w2_1005_  1 100% +263.6 +263.6 +263.6 $   +174         |
|  b91  c091_s200_w2_1005_  2 100% +222.0 +222.0 +247.0 $   +293         |
|  b31  c031_s166_w4_1120_  2 100% +145.5 +145.5 +175.8 $   +192         |
|  b28  c028_s166_w3_1045_ 22  77% +50.0 +80.0 +102.0 $   +590           |
|  b58  c058_s170_w2_1005_  1 100% +59.1 +59.1 +59.1 $    +25            |
|  b56  c056_s170_w1_0928_  1 100% +47.7 +47.7 +47.7 $    +21            |
|  b57  c057_s170_w1_0928_  1 100% +47.7 +47.7 +47.7 $    +21            |
|  b89  c089_s200_w1_0928_  9  56% +84.4 +30.9 +790.0 $    +45           |
|  ... 19 more bucket(s) with exits                                      |
+------------------------------------------------------------------------+
|  Low  b20  c020_s165_w3_1045_  1   0% -88.9 -88.9 -88.9 $     -8       |
+========================================================================+
+========================================================================+
|  PENDING ORDERS (7)                                                    |
+------------------------------------------------------------------------+
|  Top groups                    S202:BSX(2), S210:KO(2), S211:HPQ(2)    |
+------------------------------------------------------------------------+
|  b106 S202 BSX      limit=0.07                                         |
|  b107 S202 BSX      limit=0.07                                         |
|  b170 S210 KO       limit=0.57                                         |
|  b171 S210 KO       limit=0.57                                         |
|  b178 S211 HPQ      limit=0.60                                         |
|  ... 2 more pending order(s)                                           |
+========================================================================+
+========================================================================+
|  OPEN OPTIONS (1)                                                      |
+------------------------------------------------------------------------+
|  SYMBOL                      QTY    RET%        OPEN P&L               |
|------------------------------------------------------------------------|
|  UPS260731C00109000            2    -26.3%   $    -10.00               |
+========================================================================+
Full detail: logs/options_trial/runs/2026-07-29.log
elapsed=163.5s reconcile=0.24s cancel=0.05s manage=0.32s scan=147.23s entries=15.05s

=== 10:45:39 ET — entry+manage (28 new) [elapsed=223.9s reconcile=0.15s cancel=0.05s manage=0.05s scan=141.11s entries=81.96s] ===
=== options_morning_bot (PAPER) 2026-07-29T10:45:39.960935-04:00 ===

[Run context]
Paper auth OK — equity $125712.16, account PA36KS87UPRS
  reconcile: layout changed controlled:100:c000_s173_w1_0928_1005_r1 -> controlled:248:c000_s163_w1_0928_1005_r1
  reconcile: removed 2 stale lot(s)

[Setup]
Active buckets: 248 | Strategies: S165, S164, S168, S167, S166, S163, S169, S170, S171, S172, S175, S200, S201, S202, S203, S204, S205, S206, S207, S208, S209, S210, S211, S212, S213, S214, S215, S216, S217, S218, S219
Dropped (no new entries; ex-reflected P&L): S173, S174

[Scan + entries]
Scanning 903 symbols for [S165, S164, S168, S167, S166, S163, S169, S170, S171, S172, S175, S200, S201, S202, S203, S204, S205, S206, S207, S208, S209, S210, S211, S212, S213, S214, S215, S216, S217, S218, S219] …
Fetched daily bars for 903/903 symbols
Found 509 signal(s); top: ['S165:AMCR', 'S165:AON', 'S165:AMAT', 'S165:ACGL', 'S165:BSX', 'S165:BLDR', 'S165:BG', 'S165:CCL']
Paper lab: $126134 broker equity -> 248 bucket(s) ($500 virtual each, unlimited paper)
  [b20|c020_s165_w3_1045_1120_r1] S165 AMCR: no tradeable call
  [b21|c021_s165_w3_1045_1120_r2] S165 AMCR: no tradeable call
  [b20|c020_s165_w3_1045_1120_r1] S165 AON: no tradeable call
  [b21|c021_s165_w3_1045_1120_r2] S165 AON: no tradeable call
  [b20|c020_s165_w3_1045_1120_r1] S165 AMAT: no tradeable call
  [b21|c021_s165_w3_1045_1120_r2] S165 AMAT: no tradeable call
  [b20|c020_s165_w3_1045_1120_r1] S165 ACGL: no tradeable call
  [b21|c021_s165_w3_1045_1120_r2] S165 ACGL: no tradeable call
  [b20|c020_s165_w3_1045_1120_r1] S165 BSX: no tradeable call
  [b21|c021_s165_w3_1045_1120_r2] S165 BSX: no tradeable call
  [b20|c020_s165_w3_1045_1120_r1] S165 BLDR: no tradeable call
  [b21|c021_s165_w3_1045_1120_r2] S165 BLDR: no tradeable call
  [b20|c020_s165_w3_1045_1120_r1] S165 BG: no tradeable call
  [b21|c021_s165_w3_1045_1120_r2] S165 BG: no tradeable call
  ENTRY [b20|c020_s165_w3_1045_1120_r1|S165] BUY 1x CCL260731C00028000 (gap -2.7%) limit=0.45 (ask=0.46 off=-0.01) tp=+50% sl=-50% pending id=951ef5f7-f93b-4ed4-bfac-652dacd7914c
  ENTRY [b21|c021_s165_w3_1045_1120_r2|S165] BUY 1x CCL260731C00028000 (gap -2.7%) limit=0.45 (ask=0.46 off=-0.01) tp=+50% sl=-50% pending id=96df6f14-4b98-44d9-ad42-8b2b8496e189
  [b12|c012_s164_w3_1045_1120_r1] S164 AMCR: no tradeable call
  [b13|c013_s164_w3_1045_1120_r2] S164 AMCR: no tradeable call
  [b12|c012_s164_w3_1045_1120_r1] S164 AON: no tradeable call
  [b13|c013_s164_w3_1045_1120_r2] S164 AON: no tradeable call
  [b12|c012_s164_w3_1045_1120_r1] S164 AMAT: no tradeable call
  [b13|c013_s164_w3_1045_1120_r2] S164 AMAT: no tradeable call
  [b12|c012_s164_w3_1045_1120_r1] S164 ACGL: no tradeable call
  [b13|c013_s164_w3_1045_1120_r2] S164 ACGL: no tradeable call
  [b12|c012_s164_w3_1045_1120_r1] S164 BSX: no tradeable call
  [b13|c013_s164_w3_1045_1120_r2] S164 BSX: no tradeable call
  [b12|c012_s164_w3_1045_1120_r1] S164 BLDR: no tradeable call
  [b13|c013_s164_w3_1045_1120_r2] S164 BLDR: no tradeable call
  [b12|c012_s164_w3_1045_1120_r1] S164 BG: no tradeable call
  [b13|c013_s164_w3_1045_1120_r2] S164 BG: no tradeable call
  ENTRY [b12|c012_s164_w3_1045_1120_r1|S164] BUY 1x CCL260731C00028000 (gap -2.7%) limit=0.45 (ask=0.46 off=-0.01) tp=+50% sl=-50% pending id=52ea755b-642c-4c41-a51c-ce5fbadf743f
  ENTRY [b13|c013_s164_w3_1045_1120_r2|S164] BUY 1x CCL260731C00028000 (gap -2.7%) limit=0.45 (ask=0.46 off=-0.01) tp=+50% sl=-50% pending id=f3fd691f-2c9f-42e6-b5dc-3bda7dc4ec37
  [b42|c042_s168_w2_1005_1045_r1] S168 AMCR: no tradeable call
  [b43|c043_s168_w2_1005_1045_r2] S168 AMCR: no tradeable call
  [b44|c044_s168_w3_1045_1120_r1] S168 AMCR: no tradeable call
  [b45|c045_s168_w3_1045_1120_r2] S168 AMCR: no tradeable call
  [b42|c042_s168_w2_1005_1045_r1] S168 AON: no tradeable call
  [b43|c043_s168_w2_1005_1045_r2] S168 AON: no tradeable call
  [b44|c044_s168_w3_1045_1120_r1] S168 AON: no tradeable call
  [b45|c045_s168_w3_1045_1120_r2] S168 AON: no tradeable call
  [b42|c042_s168_w2_1005_1045_r1] S168 AMAT: no tradeable call
  [b43|c043_s168_w2_1005_1045_r2] S168 AMAT: no tradeable call
  [b44|c044_s168_w3_1045_1120_r1] S168 AMAT: no tradeable call
  [b45|c045_s168_w3_1045_1120_r2] S168 AMAT: no tradeable call
  [b42|c042_s168_w2_1005_1045_r1] S168 ACGL: no tradeable call
  [b43|c043_s168_w2_1005_1045_r2] S168 ACGL: no tradeable call
  [b44|c044_s168_w3_1045_1120_r1] S168 ACGL: no tradeable call
  [b45|c045_s168_w3_1045_1120_r2] S168 ACGL: no tradeable call
  [b42|c042_s168_w2_1005_1045_r1] S168 BSX: no tradeable call
  [b43|c043_s168_w2_1005_1045_r2] S168 BSX: no tradeable call
  [b44|c044_s168_w3_1045_1120_r1] S168 BSX: no tradeable call
  [b45|c045_s168_w3_1045_1120_r2] S168 BSX: no tradeable call
  [b42|c042_s168_w2_1005_1045_r1] S168 BLDR: no tradeable call
  [b43|c043_s168_w2_1005_1045_r2] S168 BLDR: no tradeable call
  [b44|c044_s168_w3_1045_1120_r1] S168 BLDR: no tradeable call
  [b45|c045_s168_w3_1045_1120_r2] S168 BLDR: no tradeable call
  [b42|c042_s168_w2_1005_1045_r1] S168 BG: no tradeable call
  [b43|c043_s168_w2_1005_1045_r2] S168 BG: no tradeable call
  [b44|c044_s168_w3_1045_1120_r1] S168 BG: no tradeable call
  [b45|c045_s168_w3_1045_1120_r2] S168 BG: no tradeable call
  [b42|c042_s168_w2_1005_1045_r1] S168 CCL: no tradeable call
  [b43|c043_s168_w2_1005_1045_r2] S168 CCL: no tradeable call
  [b44|c044_s168_w3_1045_1120_r1] S168 CCL: no tradeable call
  [b45|c045_s168_w3_1045_1120_r2] S168 CCL: no tradeable call
  [b42|c042_s168_w2_1005_1045_r1] S168 CAT: no tradeable call
  [b43|c043_s168_w2_1005_1045_r2] S168 CAT: no tradeable call
  [b44|c044_s168_w3_1045_1120_r1] S168 CAT: no tradeable call
  [b45|c045_s168_w3_1045_1120_r2] S168 CAT: no tradeable call
  [b42|c042_s168_w2_1005_1045_r1] S168 CSGP: no tradeable call
  [b43|c043_s168_w2_1005_1045_r2] S168 CSGP: no tradeable call
  [b44|c044_s168_w3_1045_1120_r1] S168 CSGP: no tradeable call
  [b45|c045_s168_w3_1045_1120_r2] S168 CSGP: no tradeable call
  [b42|c042_s168_w2_1005_1045_r1] S168 DAL: no tradeable call
  [b43|c043_s168_w2_1005_1045_r2] S168 DAL: no tradeable call
  [b44|c044_s168_w3_1045_1120_r1] S168 DAL: no tradeable call
  [b45|c045_s168_w3_1045_1120_r2] S168 DAL: no tradeable call
  [b42|c042_s168_w2_1005_1045_r1] S168 FLEX: no tradeable call
  [b43|c043_s168_w2_1005_1045_r2] S168 FLEX: no tradeable call
  [b44|c044_s168_w3_1045_1120_r1] S168 FLEX: no tradeable call
  [b45|c045_s168_w3_1045_1120_r2] S168 FLEX: no tradeable call
  [b42|c042_s168_w2_1005_1045_r1] S168 FTV: no tradeable call
  [b43|c043_s168_w2_1005_1045_r2] S168 FTV: no tradeable call
  [b44|c044_s168_w3_1045_1120_r1] S168 FTV: no tradeable call
  [b45|c045_s168_w3_1045_1120_r2] S168 FTV: no tradeable call
  [b42|c042_s168_w2_1005_1045_r1] S168 IP: no tradeable call
  [b43|c043_s168_w2_1005_1045_r2] S168 IP: no tradeable call
  [b44|c044_s168_w3_1045_1120_r1] S168 IP: no tradeable call
  [b45|c045_s168_w3_1045_1120_r2] S168 IP: no tradeable call
  [b42|c042_s168_w2_1005_1045_r1] S168 KKR: no tradeable call
  [b43|c043_s168_w2_1005_1045_r2] S168 KKR: no tradeable call
  [b44|c044_s168_w3_1045_1120_r1] S168 KKR: no tradeable call
  [b45|c045_s168_w3_1045_1120_r2] S168 KKR: no tradeable call
  [b42|c042_s168_w2_1005_1045_r1] S168 KLAC: no tradeable call
  [b43|c043_s168_w2_1005_1045_r2] S168 KLAC: no tradeable call
  [b44|c044_s168_w3_1045_1120_r1] S168 KLAC: no tradeable call
  [b45|c045_s168_w3_1045_1120_r2] S168 KLAC: no tradeable call
  [b42|c042_s168_w2_1005_1045_r1] S168 LII: no tradeable call
  [b43|c043_s168_w2_1005_1045_r2] S168 LII: no tradeable call
  [b44|c044_s168_w3_1045_1120_r1] S168 LII: no tradeable call
  [b45|c045_s168_w3_1045_1120_r2] S168 LII: no tradeable call
  [b42|c042_s168_w2_1005_1045_r1] S168 MAS: no tradeable call
  [b43|c043_s168_w2_1005_1045_r2] S168 MAS: no tradeable call
  [b44|c044_s168_w3_1045_1120_r1] S168 MAS: no tradeable call
  [b45|c045_s168_w3_1045_1120_r2] S168 MAS: no tradeable call
  [b42|c042_s168_w2_1005_1045_r1] S168 NCLH: no tradeable call
  [b43|c043_s168_w2_1005_1045_r2] S168 NCLH: no tradeable call
  [b44|c044_s168_w3_1045_1120_r1] S168 NCLH: no tradeable call
  [b45|c045_s168_w3_1045_1120_r2] S168 NCLH: no tradeable call
  [b42|c042_s168_w2_1005_1045_r1] S168 NXPI: no tradeable call
  [b43|c043_s168_w2_1005_1045_r2] S168 NXPI: no tradeable call
  [b44|c044_s168_w3_1045_1120_r1] S168 NXPI: no tradeable call
  [b45|c045_s168_w3_1045_1120_r2] S168 NXPI: no tradeable call
  [b42|c042_s168_w2_1005_1045_r1] S168 ODFL: no tradeable call
  [b43|c043_s168_w2_1005_1045_r2] S168 ODFL: no tradeable call
  [b44|c044_s168_w3_1045_1120_r1] S168 ODFL: no tradeable call
  [b45|c045_s168_w3_1045_1120_r2] S168 ODFL: no tradeable call
  [b42|c042_s168_w2_1005_1045_r1] S168 OMC: no tradeable call
  [b43|c043_s168_w2_1005_1045_r2] S168 OMC: no tradeable call
  [b44|c044_s168_w3_1045_1120_r1] S168 OMC: no tradeable call
  [b45|c045_s168_w3_1045_1120_r2] S168 OMC: no tradeable call
  [b42|c042_s168_w2_1005_1045_r1] S168 PPG: no tradeable call
  [b43|c043_s168_w2_1005_1045_r2] S168 PPG: no tradeable call
  [b44|c044_s168_w3_1045_1120_r1] S168 PPG: no tradeable call
  [b45|c045_s168_w3_1045_1120_r2] S168 PPG: no tradeable call
  [b42|c042_s168_w2_1005_1045_r1] S168 PG: no tradeable call
  [b43|c043_s168_w2_1005_1045_r2] S168 PG: no tradeable call
  [b44|c044_s168_w3_1045_1120_r1] S168 PG: no tradeable call
  [b45|c045_s168_w3_1045_1120_r2] S168 PG: no tradeable call
  [b42|c042_s168_w2_1005_1045_r1] S168 SWKS: no tradeable call
  [b43|c043_s168_w2_1005_1045_r2] S168 SWKS: no tradeable call
  [b44|c044_s168_w3_1045_1120_r1] S168 SWKS: no tradeable call
  [b45|c045_s168_w3_1045_1120_r2] S168 SWKS: no tradeable call
  [b42|c042_s168_w2_1005_1045_r1] S168 SW: no tradeable call
  [b43|c043_s168_w2_1005_1045_r2] S168 SW: no tradeable call
  [b44|c044_s168_w3_1045_1120_r1] S168 SW: no tradeable call
  [b45|c045_s168_w3_1045_1120_r2] S168 SW: no tradeable call
  [b42|c042_s168_w2_1005_1045_r1] S168 LUV: no tradeable call
  [b43|c043_s168_w2_1005_1045_r2] S168 LUV: no tradeable call
  [b44|c044_s168_w3_1045_1120_r1] S168 LUV: no tradeable call
  [b45|c045_s168_w3_1045_1120_r2] S168 LUV: no tradeable call
  [b42|c042_s168_w2_1005_1045_r1] S168 TPR: no tradeable call
  [b43|c043_s168_w2_1005_1045_r2] S168 TPR: no tradeable call
  [b44|c044_s168_w3_1045_1120_r1] S168 TPR: no tradeable call
  [b45|c045_s168_w3_1045_1120_r2] S168 TPR: no tradeable call
  [b42|c042_s168_w2_1005_1045_r1] S168 UAL: no tradeable call
  [b43|c043_s168_w2_1005_1045_r2] S168 UAL: no tradeable call
  [b44|c044_s168_w3_1045_1120_r1] S168 UAL: no tradeable call
  [b45|c045_s168_w3_1045_1120_r2] S168 UAL: no tradeable call
  [b42|c042_s168_w2_1005_1045_r1] S168 VRT: no tradeable call
  [b43|c043_s168_w2_1005_1045_r2] S168 VRT: no tradeable call
  [b44|c044_s168_w3_1045_1120_r1] S168 VRT: no tradeable call
  [b45|c045_s168_w3_1045_1120_r2] S168 VRT: no tradeable call
  [b42|c042_s168_w2_1005_1045_r1] S168 V: no tradeable call
  [b43|c043_s168_w2_1005_1045_r2] S168 V: no tradeable call
  [b44|c044_s168_w3_1045_1120_r1] S168 V: no tradeable call
  [b45|c045_s168_w3_1045_1120_r2] S168 V: no tradeable call
  [b42|c042_s168_w2_1005_1045_r1] S168 AAL: no tradeable call
  [b43|c043_s168_w2_1005_1045_r2] S168 AAL: no tradeable call
  [b44|c044_s168_w3_1045_1120_r1] S168 AAL: no tradeable call
  [b45|c045_s168_w3_1045_1120_r2] S168 AAL: no tradeable call
  [b42|c042_s168_w2_1005_1045_r1] S168 AGCO: no tradeable call
  [b43|c043_s168_w2_1005_1045_r2] S168 AGCO: no tradeable call
  [b44|c044_s168_w3_1045_1120_r1] S168 AGCO: no tradeable call
  [b45|c045_s168_w3_1045_1120_r2] S168 AGCO: no tradeable call
  [b42|c042_s168_w2_1005_1045_r1] S168 ALK: no tradeable call
  [b43|c043_s168_w2_1005_1045_r2] S168 ALK: no tradeable call
  [b44|c044_s168_w3_1045_1120_r1] S168 ALK: no tradeable call
  [b45|c045_s168_w3_1045_1120_r2] S168 ALK: no tradeable call
  [b42|c042_s168_w2_1005_1045_r1] S168 ANF: no tradeable call
  [b43|c043_s168_w2_1005_1045_r2] S168 ANF: no tradeable call
  [b44|c044_s168_w3_1045_1120_r1] S168 ANF: no tradeable call
  [b45|c045_s168_w3_1045_1120_r2] S168 ANF: no tradeable call
  [b42|c042_s168_w2_1005_1045_r1] S168 BBWI: no tradeable call
  [b43|c043_s168_w2_1005_1045_r2] S168 BBWI: no tradeable call
  [b44|c044_s168_w3_1045_1120_r1] S168 BBWI: no tradeable call
  [b45|c045_s168_w3_1045_1120_r2] S168 BBWI: no tradeable call
  [b42|c042_s168_w2_1005_1045_r1] S168 CAR: no tradeable call
  [b43|c043_s168_w2_1005_1045_r2] S168 CAR: no tradeable call
  [b44|c044_s168_w3_1045_1120_r1] S168 CAR: no tradeable call
  [b45|c045_s168_w3_1045_1120_r2] S168 CAR: no tradeable call
  [b42|c042_s168_w2_1005_1045_r1] S168 CHWY: no tradeable call
  [b43|c043_s168_w2_1005_1045_r2] S168 CHWY: no tradeable call
  [b44|c044_s168_w3_1045_1120_r1] S168 CHWY: no tradeable call
  [b45|c045_s168_w3_1045_1120_r2] S168 CHWY: no tradeable call
  [b42|c042_s168_w2_1005_1045_r1] S168 CPRI: no tradeable call
  [b43|c043_s168_w2_1005_1045_r2] S168 CPRI: no tradeable call
  [b44|c044_s168_w3_1045_1120_r1] S168 CPRI: no tradeable call
  [b45|c045_s168_w3_1045_1120_r2] S168 CPRI: no tradeable call
  [b42|c042_s168_w2_1005_1045_r1] S168 CR: no tradeable call
  [b43|c043_s168_w2_1005_1045_r2] S168 CR: no tradeable call
  [b44|c044_s168_w3_1045_1120_r1] S168 CR: no tradeable call
  [b45|c045_s168_w3_1045_1120_r2] S168 CR: no tradeable call
  [b42|c042_s168_w2_1005_1045_r1] S168 ELF: no tradeable call
  [b43|c043_s168_w2_1005_1045_r2] S168 ELF: no tradeable call
  [b44|c044_s168_w3_1045_1120_r1] S168 ELF: no tradeable call
  [b45|c045_s168_w3_1045_1120_r2] S168 ELF: no tradeable call
  [b42|c042_s168_w2_1005_1045_r1] S168 ENTG: no tradeable call
  [b43|c043_s168_w2_1005_1045_r2] S168 ENTG: no tradeable call
  [b44|c044_s168_w3_1045_1120_r1] S168 ENTG: no tradeable call
  [b45|c045_s168_w3_1045_1120_r2] S168 ENTG: no tradeable call
  [b42|c042_s168_w2_1005_1045_r1] S168 ESAB: no tradeable call
  [b43|c043_s168_w2_1005_1045_r2] S168 ESAB: no tradeable call
  [b44|c044_s168_w3_1045_1120_r1] S168 ESAB: no tradeable call
  [b45|c045_s168_w3_1045_1120_r2] S168 ESAB: no tradeable call
  [b42|c042_s168_w2_1005_1045_r1] S168 EVR: no tradeable call
  [b43|c043_s168_w2_1005_1045_r2] S168 EVR: no tradeable call
  [b44|c044_s168_w3_1045_1120_r1] S168 EVR: no tradeable call
  [b45|c045_s168_w3_1045_1120_r2] S168 EVR: no tradeable call
  [b42|c042_s168_w2_1005_1045_r1] S168 FBIN: no tradeable call
  [b43|c043_s168_w2_1005_1045_r2] S168 FBIN: no tradeable call
  [b44|c044_s168_w3_1045_1120_r1] S168 FBIN: no tradeable call
  [b45|c045_s168_w3_1045_1120_r2] S168 FBIN: no tradeable call
  [b42|c042_s168_w2_1005_1045_r1] S168 GPK: no tradeable call
  [b43|c043_s168_w2_1005_1045_r2] S168 GPK: no tradeable call
  [b44|c044_s168_w3_1045_1120_r1] S168 GPK: no tradeable call
  [b45|c045_s168_w3_1045_1120_r2] S168 GPK: no tradeable call
  [b42|c042_s168_w2_1005_1045_r1] S168 H: no tradeable call
  [b43|c043_s168_w2_1005_1045_r2] S168 H: no tradeable call
  [b44|c044_s168_w3_1045_1120_r1] S168 H: no tradeable call
  [b45|c045_s168_w3_1045_1120_r2] S168 H: no tradeable call
  [b42|c042_s168_w2_1005_1045_r1] S168 HIMS: no tradeable call
  [b43|c043_s168_w2_1005_1045_r2] S168 HIMS: no tradeable call
  [b44|c044_s168_w3_1045_1120_r1] S168 HIMS: no tradeable call
  [b45|c045_s168_w3_1045_1120_r2] S168 HIMS: no tradeable call
  [b42|c042_s168_w2_1005_1045_r1] S168 KEX: no tradeable call
  [b43|c043_s168_w2_1005_1045_r2] S168 KEX: no tradeable call
  [b44|c044_s168_w3_1045_1120_r1] S168 KEX: no tradeable call
  [b45|c045_s168_w3_1045_1120_r2] S168 KEX: no tradeable call
  [b42|c042_s168_w2_1005_1045_r1] S168 LSTR: no tradeable call
  [b43|c043_s168_w2_1005_1045_r2] S168 LSTR: no tradeable call
  [b44|c044_s168_w3_1045_1120_r1] S168 LSTR: no tradeable call
  [b45|c045_s168_w3_1045_1120_r2] S168 LSTR: no tradeable call
  [b42|c042_s168_w2_1005_1045_r1] S168 M: no tradeable call
  [b43|c043_s168_w2_1005_1045_r2] S168 M: no tradeable call
  [b44|c044_s168_w3_1045_1120_r1] S168 M: no tradeable call
  [b45|c045_s168_w3_1045_1120_r2] S168 M: no tradeable call
  [b42|c042_s168_w2_1005_1045_r1] S168 ONTO: no tradeable call
  [b43|c043_s168_w2_1005_1045_r2] S168 ONTO: no tradeable call
  [b44|c044_s168_w3_1045_1120_r1] S168 ONTO: no tradeable call
  [b45|c045_s168_w3_1045_1120_r2] S168 ONTO: no tradeable call
  [b42|c042_s168_w2_1005_1045_r1] S168 OSK: no tradeable call
  [b43|c043_s168_w2_1005_1045_r2] S168 OSK: no tradeable call
  [b44|c044_s168_w3_1045_1120_r1] S168 OSK: no tradeable call
  [b45|c045_s168_w3_1045_1120_r2] S168 OSK: no tradeable call
  [b42|c042_s168_w2_1005_1045_r1] S168 PSN: no tradeable call
  [b43|c043_s168_w2_1005_1045_r2] S168 PSN: no tradeable call
  [b44|c044_s168_w3_1045_1120_r1] S168 PSN: no tradeable call
  [b45|c045_s168_w3_1045_1120_r2] S168 PSN: no tradeable call
  [b42|c042_s168_w2_1005_1045_r1] S168 PVH: no tradeable call
  [b43|c043_s168_w2_1005_1045_r2] S168 PVH: no tradeable call
  [b44|c044_s168_w3_1045_1120_r1] S168 PVH: no tradeable call
  [b45|c045_s168_w3_1045_1120_r2] S168 PVH: no tradeable call
  [b42|c042_s168_w2_1005_1045_r1] S168 RH: no tradeable call
  [b43|c043_s168_w2_1005_1045_r2] S168 RH: no tradeable call
  [b44|c044_s168_w3_1045_1120_r1] S168 RH: no tradeable call
  [b45|c045_s168_w3_1045_1120_r2] S168 RH: no tradeable call
  [b42|c042_s168_w2_1005_1045_r1] S168 SGI: no tradeable call
  [b43|c043_s168_w2_1005_1045_r2] S168 SGI: no tradeable call
  [b44|c044_s168_w3_1045_1120_r1] S168 SGI: no tradeable call
  [b45|c045_s168_w3_1045_1120_r2] S168 SGI: no tradeable call
  [b42|c042_s168_w2_1005_1045_r1] S168 SLGN: no tradeable call
  [b43|c043_s168_w2_1005_1045_r2] S168 SLGN: no tradeable call
  [b44|c044_s168_w3_1045_1120_r1] S168 SLGN: no tradeable call
  [b45|c045_s168_w3_1045_1120_r2] S168 SLGN: no tradeable call
  [b42|c042_s168_w2_1005_1045_r1] S168 TEX: no tradeable call
  [b43|c043_s168_w2_1005_1045_r2] S168 TEX: no tradeable call
  [b44|c044_s168_w3_1045_1120_r1] S168 TEX: no tradeable call
  [b45|c045_s168_w3_1045_1120_r2] S168 TEX: no tradeable call
  [b42|c042_s168_w2_1005_1045_r1] S168 UNM: no tradeable call
  [b43|c043_s168_w2_1005_1045_r2] S168 UNM: no tradeable call
  [b44|c044_s168_w3_1045_1120_r1] S168 UNM: no tradeable call
  [b45|c045_s168_w3_1045_1120_r2] S168 UNM: no tradeable call
  [b42|c042_s168_w2_1005_1045_r1] S168 VFC: no tradeable call
  [b43|c043_s168_w2_1005_1045_r2] S168 VFC: no tradeable call
  [b44|c044_s168_w3_1045_1120_r1] S168 VFC: no tradeable call
  [b45|c045_s168_w3_1045_1120_r2] S168 VFC: no tradeable call
  [b42|c042_s168_w2_1005_1045_r1] S168 VIAV: no tradeable call
  [b43|c043_s168_w2_1005_1045_r2] S168 VIAV: no tradeable call
  [b44|c044_s168_w3_1045_1120_r1] S168 VIAV: no tradeable call
  [b45|c045_s168_w3_1045_1120_r2] S168 VIAV: no tradeable call
  [b42|c042_s168_w2_1005_1045_r1] S168 WMS: no tradeable call
  [b43|c043_s168_w2_1005_1045_r2] S168 WMS: no tradeable call
  [b44|c044_s168_w3_1045_1120_r1] S168 WMS: no tradeable call
  [b45|c045_s168_w3_1045_1120_r2] S168 WMS: no tradeable call
  [b42|c042_s168_w2_1005_1045_r1] S168 WSO: no tradeable call
  [b43|c043_s168_w2_1005_1045_r2] S168 WSO: no tradeable call
  [b44|c044_s168_w3_1045_1120_r1] S168 WSO: no tradeable call
  [b45|c045_s168_w3_1045_1120_r2] S168 WSO: no tradeable call
  [b36|c036_s167_w3_1045_1120_r1] S167 AMCR: no tradeable call
  [b37|c037_s167_w3_1045_1120_r2] S167 AMCR: no tradeable call
  [b36|c036_s167_w3_1045_1120_r1] S167 AON: no tradeable call
  [b37|c037_s167_w3_1045_1120_r2] S167 AON: no tradeable call
  [b36|c036_s167_w3_1045_1120_r1] S167 AMAT: no tradeable call
  [b37|c037_s167_w3_1045_1120_r2] S167 AMAT: no tradeable call
  [b36|c036_s167_w3_1045_1120_r1] S167 ACGL: no tradeable call
  [b37|c037_s167_w3_1045_1120_r2] S167 ACGL: no tradeable call
  [b36|c036_s167_w3_1045_1120_r1] S167 BSX: no tradeable call
  [b37|c037_s167_w3_1045_1120_r2] S167 BSX: no tradeable call
  [b36|c036_s167_w3_1045_1120_r1] S167 BLDR: no tradeable call
  [b37|c037_s167_w3_1045_1120_r2] S167 BLDR: no tradeable call
  [b36|c036_s167_w3_1045_1120_r1] S167 BG: no tradeable call
  [b37|c037_s167_w3_1045_1120_r2] S167 BG: no tradeable call
  ENTRY [b36|c036_s167_w3_1045_1120_r1|S167] BUY 1x CCL260731C00028000 (gap -2.7%) limit=0.45 (ask=0.46 off=-0.01) tp=+50% sl=-50% pending id=69ec0b51-4953-474d-a173-abe64455b4f4
  ENTRY [b37|c037_s167_w3_1045_1120_r2|S167] BUY 1x CCL260731C00028000 (gap -2.7%) limit=0.45 (ask=0.46 off=-0.01) tp=+50% sl=-50% pending id=4b667dd3-9644-4c43-8b77-07a995c3a2b1
  [b28|c028_s166_w3_1045_1120_r1] S166 AON: no tradeable call
  [b29|c029_s166_w3_1045_1120_r2] S166 AON: no tradeable call
  [b28|c028_s166_w3_1045_1120_r1] S166 ACGL: no tradeable call
  [b29|c029_s166_w3_1045_1120_r2] S166 ACGL: no tradeable call
  [b28|c028_s166_w3_1045_1120_r1] S166 BSX: no tradeable call
  [b29|c029_s166_w3_1045_1120_r2] S166 BSX: no tradeable call
  [b28|c028_s166_w3_1045_1120_r1] S166 BG: no tradeable call
  [b29|c029_s166_w3_1045_1120_r2] S166 BG: no tradeable call
  [b28|c028_s166_w3_1045_1120_r1] S166 CAT: no tradeable call
  [b29|c029_s166_w3_1045_1120_r2] S166 CAT: no tradeable call
  [b28|c028_s166_w3_1045_1120_r1] S166 CSGP: no tradeable call
  [b29|c029_s166_w3_1045_1120_r2] S166 CSGP: no tradeable call
  [b28|c028_s166_w3_1045_1120_r1] S166 FLEX: no tradeable call
  [b29|c029_s166_w3_1045_1120_r2] S166 FLEX: no tradeable call
  [b28|c028_s166_w3_1045_1120_r1] S166 KLAC: no tradeable call
  [b29|c029_s166_w3_1045_1120_r2] S166 KLAC: no tradeable call
  [b28|c028_s166_w3_1045_1120_r1] S166 LII: no tradeable call
  [b29|c029_s166_w3_1045_1120_r2] S166 LII: no tradeable call
  [b28|c028_s166_w3_1045_1120_r1] S166 MAS: no tradeable call
  [b29|c029_s166_w3_1045_1120_r2] S166 MAS: no tradeable call
  ENTRY [b28|c028_s166_w3_1045_1120_r1|S166] BUY 1x NCLH260731C00021500 (gap -3.4%) limit=0.49 (ask=0.50 off=-0.01) tp=+50% sl=-50% pending id=4038d022-6746-433b-aeab-cb84d6708041
  ENTRY [b29|c029_s166_w3_1045_1120_r2|S166] BUY 1x NCLH260731C00021500 (gap -3.4%) limit=0.49 (ask=0.50 off=-0.01) tp=+50% sl=-50% pending id=263f0bd7-5c88-4fb4-bab9-60feab7ea9ae
  [b4|c004_s163_w3_1045_1120_r1] S163 AMCR: no tradeable call
  [b5|c005_s163_w3_1045_1120_r2] S163 AMCR: no tradeable call
  [b4|c004_s163_w3_1045_1120_r1] S163 AON: no tradeable call
  [b5|c005_s163_w3_1045_1120_r2] S163 AON: no tradeable call
  [b4|c004_s163_w3_1045_1120_r1] S163 AMAT: no tradeable call
  [b5|c005_s163_w3_1045_1120_r2] S163 AMAT: no tradeable call
  [b4|c004_s163_w3_1045_1120_r1] S163 ACGL: no tradeable call
  [b5|c005_s163_w3_1045_1120_r2] S163 ACGL: no tradeable call
  [b4|c004_s163_w3_1045_1120_r1] S163 BSX: no tradeable call
  [b5|c005_s163_w3_1045_1120_r2] S163 BSX: no tradeable call
  [b4|c004_s163_w3_1045_1120_r1] S163 BLDR: no tradeable call
  [b5|c005_s163_w3_1045_1120_r2] S163 BLDR: no tradeable call
  [b4|c004_s163_w3_1045_1120_r1] S163 BG: no tradeable call
  [b5|c005_s163_w3_1045_1120_r2] S163 BG: no tradeable call
  ENTRY [b4|c004_s163_w3_1045_1120_r1|S163] BUY 1x CCL260731C00028000 (gap -2.7%) limit=0.47 (ask=0.48 off=-0.01) tp=+50% sl=-50% pending id=584551b7-1936-483a-ac9f-bd773a517047
  ENTRY [b5|c005_s163_w3_1045_1120_r2|S163] BUY 1x CCL260731C00028000 (gap -2.7%) limit=0.47 (ask=0.48 off=-0.01) tp=+50% sl=-50% pending id=98a2f246-92e0-4b4a-b30b-be088a8373fd
  [b108|c108_s202_w3_1045_1120_r1] S202 BSX: no tradeable call
  [b109|c109_s202_w3_1045_1120_r2] S202 BSX: no tradeable call
  [b108|c108_s202_w3_1045_1120_r1] S202 CSGP: no tradeable call
  [b109|c109_s202_w3_1045_1120_r2] S202 CSGP: no tradeable call
  [b108|c108_s202_w3_1045_1120_r1] S202 FLEX: no tradeable call
  [b109|c109_s202_w3_1045_1120_r2] S202 FLEX: no tradeable call
  [b108|c108_s202_w3_1045_1120_r1] S202 KLAC: no tradeable call
  [b109|c109_s202_w3_1045_1120_r2] S202 KLAC: no tradeable call
  [b108|c108_s202_w3_1045_1120_r1] S202 LII: no tradeable call
  [b109|c109_s202_w3_1045_1120_r2] S202 LII: no tradeable call
  [b108|c108_s202_w3_1045_1120_r1] S202 MAS: no tradeable call
  [b109|c109_s202_w3_1045_1120_r2] S202 MAS: no tradeable call
  ENTRY [b108|c108_s202_w3_1045_1120_r1|S202] BUY 1x PG260731C00155000 (gap -5.0%) limit=0.04 (ask=0.05 off=-0.01) tp=+50% sl=-50% pending id=423864a3-be6c-414e-b012-52980bd616a8
  ENTRY [b109|c109_s202_w3_1045_1120_r2|S202] BUY 1x PG260731C00155000 (gap -5.0%) limit=0.04 (ask=0.05 off=-0.01) tp=+50% sl=-50% pending id=67ebe617-1fa9-4909-b33e-c8dcec38a1c4
  [b116|c116_s203_w3_1045_1120_r1] S203 APH: no tradeable put
  [b117|c117_s203_w3_1045_1120_r2] S203 APH: no tradeable put
  ENTRY [b116|c116_s203_w3_1045_1120_r1|S203] BUY 1x APA260731P00036000 (gap +4.6% red close) limit=0.49 (ask=0.50 off=-0.01) tp=+50% sl=-50% pending id=17de61df-cf96-4e3d-b495-964eb4369bc9
  ENTRY [b117|c117_s203_w3_1045_1120_r2|S203] BUY 1x APA260731P00036000 (gap +4.6% red close) limit=0.49 (ask=0.50 off=-0.01) tp=+50% sl=-50% pending id=20d7c0b3-1587-4a7d-95cb-415c1a1788c0
  [b130|c130_s205_w2_1005_1045_r1] S205 PSN: no tradeable call
  [b131|c131_s205_w2_1005_1045_r2] S205 PSN: no tradeable call
  [b132|c132_s205_w3_1045_1120_r1] S205 PSN: no tradeable call
  [b133|c133_s205_w3_1045_1120_r2] S205 PSN: no tradeable call
  ENTRY [b148|c148_s207_w3_1045_1120_r1|S207] BUY 1x CCL260731C00028500 (gap -2.7% MA50 dist=0.9%) limit=0.27 (ask=0.28 off=-0.01) tp=+50% sl=-50% pending id=e26ef74c-6b4c-435c-869d-521635701576
  ENTRY [b149|c149_s207_w3_1045_1120_r2|S207] BUY 1x CCL260731C00028500 (gap -2.7% MA50 dist=0.9%) limit=0.27 (ask=0.28 off=-0.01) tp=+50% sl=-50% pending id=22f8d495-3dc2-4864-bb3d-b56a9bffb0e4
  [b164|c164_s209_w3_1045_1120_r1] S209 BSX: no tradeable call
  [b165|c165_s209_w3_1045_1120_r2] S209 BSX: no tradeable call
  ENTRY [b164|c164_s209_w3_1045_1120_r1|S209] BUY 1x V260731C00382500 (gap -2.6% recovery above prev close) limit=0.55 (ask=0.56 off=-0.01) tp=+50% sl=-50% pending id=6fa5ffa7-8ffb-42c1-ad40-43dbf3332916
  ENTRY [b165|c165_s209_w3_1045_1120_r2|S209] BUY 1x V260731C00382500 (gap -2.6% recovery above prev close) limit=0.55 (ask=0.56 off=-0.01) tp=+50% sl=-50% pending id=c3e9711b-97bb-4182-9303-caa3cbb64d4b
  [b172|c172_s210_w3_1045_1120_r1] S210 CNP: no tradeable call
  [b173|c173_s210_w3_1045_1120_r2] S210 CNP: no tradeable call
  [b172|c172_s210_w3_1045_1120_r1] S210 CI: no tradeable call
  [b173|c173_s210_w3_1045_1120_r2] S210 CI: no tradeable call
  ENTRY [b172|c172_s210_w3_1045_1120_r1|S210] BUY 1x KO260731C00091000 (MA8 84.08 crossed above MA21) limit=0.67 (ask=0.68 off=-0.01) tp=+50% sl=-50% pending id=a50c54d3-dccb-4b23-9c5b-a9494f98fcdd
  ENTRY [b173|c173_s210_w3_1045_1120_r2|S210] BUY 1x KO260731C00091000 (MA8 84.08 crossed above MA21) limit=0.67 (ask=0.68 off=-0.01) tp=+50% sl=-50% pending id=4245e3c5-43e5-4ba4-87f8-6247ef65f8c5
  [b180|c180_s211_w3_1045_1120_r1] S211 BLK: no tradeable call
  [b181|c181_s211_w3_1045_1120_r2] S211 BLK: no tradeable call
  ENTRY [b180|c180_s211_w3_1045_1120_r1|S211] BUY 1x HPQ260731C00028500 (MA21 crossed above MA50) limit=0.64 (ask=0.65 off=-0.01) tp=+50% sl=-50% pending id=621c775d-ee46-418e-b4ea-3659af0b0ef4
  ENTRY [b181|c181_s211_w3_1045_1120_r2|S211] BUY 1x HPQ260731C00028500 (MA21 crossed above MA50) limit=0.64 (ask=0.65 off=-0.01) tp=+50% sl=-50% pending id=a2ddf60a-c9a1-4ea3-88e0-6a9448bb932b
  [b188|c188_s212_w3_1045_1120_r1] S212 ALGN: no tradeable call
  [b189|c189_s212_w3_1045_1120_r2] S212 ALGN: no tradeable call
  [b188|c188_s212_w3_1045_1120_r1] S212 AZO: no tradeable call
  [b189|c189_s212_w3_1045_1120_r2] S212 AZO: no tradeable call
  ENTRY [b188|c188_s212_w3_1045_1120_r1|S212] BUY 1x CCL260731C00028500 (low=27.33 MA50=27.48 touch+green) limit=0.27 (ask=0.28 off=-0.01) tp=+50% sl=-50% pending id=eb6f6550-8e7f-4bb7-9f56-1d4b77cbe124
  ENTRY [b189|c189_s212_w3_1045_1120_r2|S212] BUY 1x CCL260731C00028500 (low=27.33 MA50=27.48 touch+green) limit=0.27 (ask=0.28 off=-0.01) tp=+50% sl=-50% pending id=cae125f3-d574-4e0e-ad24-b5b0122dae44
  ENTRY [b220|c220_s216_w3_1045_1120_r1|S216] BUY 1x HAL260731C00031500 (RSI crossed 30: 26.6 -> 31.9) limit=0.49 (ask=0.50 off=-0.01) tp=+50% sl=-50% pending id=4adb4cb1-86ed-4da2-980b-e3c268d66dd9
  ENTRY [b221|c221_s216_w3_1045_1120_r2|S216] BUY 1x HAL260731C00031500 (RSI crossed 30: 26.6 -> 31.9) limit=0.49 (ask=0.50 off=-0.01) tp=+50% sl=-50% pending id=e33a644f-303f-40f3-be37-2d97361b3030
  [b226|c226_s217_w2_1005_1045_r1] S217 GLW: no tradeable call
  [b227|c227_s217_w2_1005_1045_r2] S217 GLW: no tradeable call
  [b228|c228_s217_w3_1045_1120_r1] S217 GLW: no tradeable call
  [b229|c229_s217_w3_1045_1120_r2] S217 GLW: no tradeable call
  [b226|c226_s217_w2_1005_1045_r1] S217 FLEX: no tradeable call
  [b227|c227_s217_w2_1005_1045_r2] S217 FLEX: no tradeable call
  [b228|c228_s217_w3_1045_1120_r1] S217 FLEX: no tradeable call
  [b229|c229_s217_w3_1045_1120_r2] S217 FLEX: no tradeable call
  [b236|c236_s218_w3_1045_1120_r1] S218 CL: no tradeable call
  [b237|c237_s218_w3_1045_1120_r2] S218 CL: no tradeable call
  [b236|c236_s218_w3_1045_1120_r1] S218 CSGP: no tradeable call
  [b237|c237_s218_w3_1045_1120_r2] S218 CSGP: no tradeable call
  [b236|c236_s218_w3_1045_1120_r1] S218 FLEX: no tradeable call
  [b237|c237_s218_w3_1045_1120_r2] S218 FLEX: no tradeable call
  [b236|c236_s218_w3_1045_1120_r1] S218 KEY: no tradeable call
  [b237|c237_s218_w3_1045_1120_r2] S218 KEY: no tradeable call
  [b236|c236_s218_w3_1045_1120_r1] S218 PNW: no tradeable call
  [b237|c237_s218_w3_1045_1120_r2] S218 PNW: no tradeable call
  ENTRY [b236|c236_s218_w3_1045_1120_r1|S218] BUY 1x PG260731C00155000 (low=140.20 BB_lower=144.79 touch+green) limit=0.04 (ask=0.05 off=-0.01) tp=+50% sl=-50% pending id=f2ad38c9-d4fa-42ba-9365-f109028353c2
  ENTRY [b237|c237_s218_w3_1045_1120_r2|S218] BUY 1x PG260731C00155000 (low=140.20 BB_lower=144.79 touch+green) limit=0.04 (ask=0.05 off=-0.01) tp=+50% sl=-50% pending id=8c880f8e-b9ce-482f-8241-1b54184ea0f4
  Skipped: 380 no tradeable call, 716 already attempted today, 912 pending order
Placed 28 new entry order(s).
  reconcile: layout changed controlled:100:c000_s173_w1_0928_1005_r1 -> controlled:248:c000_s163_w1_0928_1005_r1
  reconcile: entry fill b221|S216 HAL x1 @ 0.48
  reconcile: entry fill b220|S216 HAL x1 @ 0.48
  reconcile: entry fill b181|S211 HPQ x1 @ 0.63
  reconcile: entry fill b180|S211 HPQ x1 @ 0.63
  reconcile: entry fill b173|S210 KO x1 @ 0.66
  reconcile: entry fill b172|S210 KO x1 @ 0.66
  reconcile: entry fill b165|S209 V x1 @ 0.55
  reconcile: entry fill b164|S209 V x1 @ 0.55
  reconcile: entry fill b109|S202 PG x1 @ 0.03
  reconcile: entry fill b108|S202 PG x1 @ 0.03
  reconcile: entry fill b5|S163 CCL x1 @ 0.46
  reconcile: entry fill b4|S163 CCL x1 @ 0.46
  reconcile: entry fill b236|S218 PG x1 @ 0.03
  reconcile: entry fill b237|S218 PG x1 @ 0.03

[Portfolio snapshot]
========================================================
OPTIONS TRIAL STATS
========================================================
Account equity: $125,712.16
Active buckets: 248 of 248 profiles ($500 virtual each) — paper unlimited mode

P&L summary
  Reflected (ex-S173,S174): $+4,423.13 all-time  |  $+0.00 today
  Raw (incl dropped):     $+2,827.58 all-time  |  $+0.00 today
  Open (not sold yet): $-92.00 unrealized (virtual lots)
  Premium deployed:    $568.00 in open positions
  Combined P&L:        $+4,331.13 (reflected realized + open virtual)

Ledger (master)
  Total events:     5985
  Today entries:    40
  Today exits (reflected): 0
  All-time exits (reflected): 273  wins 30%
  Avg return/trade: -5.1%  median -40.0%

Open virtual lots (by bucket)
  b4 c004_s163_w3_1045_1120_r1  prem=$    46  real=$ +0.00  open=$ -6.00  lots=1  [S163:CCLx1]
       buy: ask-0.01  sell: bid-0.01  tp=+50% sl=-50%
  b5 c005_s163_w3_1045_1120_r2  prem=$    46  real=$ +0.00  open=$ -6.00  lots=1  [S163:CCLx1]
       buy: ask-0.01  sell: bid-0.01  tp=+50% sl=-50%
  b108 c108_s202_w3_1045_1120_r1  prem=$     3  real=$ +0.00  open=$ -1.00  lots=1  [S202:PGx1]
       buy: ask-0.01  sell: bid-0.01  tp=+50% sl=-50%
  b109 c109_s202_w3_1045_1120_r2  prem=$     3  real=$ +0.00  open=$ -1.00  lots=1  [S202:PGx1]
       buy: ask-0.01  sell: bid-0.01  tp=+50% sl=-50%
  b164 c164_s209_w3_1045_1120_r1  prem=$    55  real=$ +0.00  open=$ -8.00  lots=1  [S209:Vx1]
       buy: ask-0.01  sell: bid-0.01  tp=+50% sl=-50%
  b165 c165_s209_w3_1045_1120_r2  prem=$    55  real=$ +0.00  open=$ -8.00  lots=1  [S209:Vx1]
       buy: ask-0.01  sell: bid-0.01  tp=+50% sl=-50%
  b172 c172_s210_w3_1045_1120_r1  prem=$    66  real=$ +0.00  open=$-11.00  lots=1  [S210:KOx1]
       buy: ask-0.01  sell: bid-0.01  tp=+50% sl=-50%
  b173 c173_s210_w3_1045_1120_r2  prem=$    66  real=$ +0.00  open=$-11.00  lots=1  [S210:KOx1]
       buy: ask-0.01  sell: bid-0.01  tp=+50% sl=-50%
  b180 c180_s211_w3_1045_1120_r1  prem=$    63  real=$ +0.00  open=$-12.00  lots=1  [S211:HPQx1]
       buy: ask-0.01  sell: bid-0.01  tp=+50% sl=-50%
  b181 c181_s211_w3_1045_1120_r2  prem=$    63  real=$ +0.00  open=$-12.00  lots=1  [S211:HPQx1]
       buy: ask-0.01  sell: bid-0.01  tp=+50% sl=-50%
  b220 c220_s216_w3_1045_1120_r1  prem=$    48  real=$ +0.00  open=$ -7.00  lots=1  [S216:HALx1]
       buy: ask-0.01  sell: bid-0.01  tp=+50% sl=-50%
  b221 c221_s216_w3_1045_1120_r2  prem=$    48  real=$ +0.00  open=$ -7.00  lots=1  [S216:HALx1]
       buy: ask-0.01  sell: bid-0.01  tp=+50% sl=-50%
  b236 c236_s218_w3_1045_1120_r1  prem=$     3  real=$ +0.00  open=$ -1.00  lots=1  [S218:PGx1]
       buy: ask-0.01  sell: bid-0.01  tp=+50% sl=-50%
  b237 c237_s218_w3_1045_1120_r2  prem=$     3  real=$ +0.00  open=$ -1.00  lots=1  [S218:PGx1]
       buy: ask-0.01  sell: bid-0.01  tp=+50% sl=-50%
  (234 quiet bucket profile(s) — no trades yet)

Pending orders: 21
  b106 S202 BSX limit=0.07
  b107 S202 BSX limit=0.07
  b170 S210 KO limit=0.57
  b171 S210 KO limit=0.57
  b178 S211 HPQ limit=0.60

Alpaca option positions
  CCL260731C00028000  qty=2  cost=$92.00  return=-13.0%  open P&L=$-12.00
  HAL260731C00031500  qty=2  cost=$96.00  return=-14.6%  open P&L=$-14.00
  HPQ260731C00028500  qty=2  cost=$126.00  return=-19.0%  open P&L=$-24.00
  KO260731C00091000  qty=2  cost=$132.00  return=-16.7%  open P&L=$-22.00
  PG260731C00155000  qty=4  cost=$12.00  return=-33.3%  open P&L=$-4.00
  V260731C00382500  qty=2  cost=$110.00  return=-14.5%  open P&L=$-16.00

Per-bucket exit stats (all time)
  b0|orphan_reconcile     n= 22  avg=+22.4%  med=-57.5%  realized=$+6,310.91
  b104|c104_s164_w1_0928_1005_r4  n=  1  avg=-88.9%  med=-88.9%  realized=$-8.00
  b10|c010_s165_w3_1045_1120_r1  n=  8  avg=-37.2%  med=-18.9%  realized=$-205.00
  b132|c132_s164_w1_0928_1005_r5  n=  2  avg=-65.7%  med=-53.6%  realized=$-37.00
  b135|c135_s164_w4_1120_1135_r5  n=  1  avg=-50.0%  med=-50.0%  realized=$-4.00
  b20|c020_s164_w1_0928_1005_r1  n=  1  avg=-88.9%  med=-88.9%  realized=$-8.00
  b28|c028_s165_w1_0928_1005_r2  n= 17  avg=+49.5%  med=+80.0%  realized=$+448.00
  b28|c028_s173_w1_0928_1005_r2  n=  5  avg=+51.6%  med=+80.0%  realized=$+142.00
  b29|c029_s165_w2_1005_1045_r2  n=  9  avg=-23.3%  med=-50.0%  realized=$-221.00
  b29|c029_s173_w2_1005_1045_r2  n=  2  avg=-69.3%  med=-48.5%  realized=$-78.00
  b30|c030_s165_w3_1045_1120_r2  n=  9  avg=+38.8%  med=+0.0%  realized=$+260.00
  b30|c030_s173_w3_1045_1120_r2  n=  2  avg=-9.5%  med=+0.0%  realized=$-14.00
  b31|c031_s165_w4_1120_1135_r2  n=  2  avg=+145.5%  med=+175.8%  realized=$+192.00
  b48|c048_s164_w1_0928_1005_r2  n=  5  avg=-33.1%  med=-49.1%  realized=$-91.00
  b48|c048_s165_w1_0928_1005_r3  n= 16  avg=-35.9%  med=-49.1%  realized=$-344.00
  b49|c049_s164_w2_1005_1045_r2  n=  4  avg=-51.8%  med=-44.0%  realized=$-133.00
  b49|c049_s165_w2_1005_1045_r3  n= 15  avg=-49.3%  med=-49.1%  realized=$-458.00
  b50|c050_s164_w3_1045_1120_r2  n=  4  avg=-39.6%  med=-16.7%  realized=$-115.00
  b50|c050_s165_w3_1045_1120_r3  n=  9  avg=-23.6%  med=-23.1%  realized=$-142.00
  b51|c051_s165_w4_1120_1135_r3  n=  1  avg=+263.6%  med=+263.6%  realized=$+174.00
  b56|g056_lim_tp20_sl65  n=  1  avg=+47.7%  med=+47.7%  realized=$+20.52
  b57|g057_mid_tp20_sl65  n=  1  avg=+47.7%  med=+47.7%  realized=$+20.52
  b58|g058_eod_tp20_sl65  n=  1  avg=+59.1%  med=+59.1%  realized=$+25.41
  b68|c068_s165_w1_0928_1005_r4  n= 16  avg=-51.3%  med=-49.1%  realized=$-446.00
  b68|c068_s166_w1_0928_1005_r3  n=  4  avg=-52.7%  med=-49.1%  realized=$-116.00
  b69|c069_s165_w2_1005_1045_r4  n= 11  avg=+19.0%  med=-43.6%  realized=$-179.00
  b69|c069_s166_w2_1005_1045_r3  n=  4  avg=+10.1%  med=-40.0%  realized=$-87.00
  b70|c070_s165_w3_1045_1120_r4  n= 11  avg=-2.1%  med=-16.9%  realized=$-6.00
  b70|c070_s166_w3_1045_1120_r3  n=  4  avg=-42.5%  med=-27.0%  realized=$-124.00
  b70|g070_eod_tp30_sl20  n=  1  avg=+59.1%  med=+59.1%  realized=$+27.77
  b76|c076_s164_w1_0928_1005_r3  n=  1  avg=-50.0%  med=-50.0%  realized=$-2.00
  b88|c088_s165_w1_0928_1005_r5  n= 21  avg=-5.0%  med=-2.7%  realized=$-63.00
  b88|c088_s167_w1_0928_1005_r4  n=  4  avg=-12.7%  med=+30.9%  realized=$-28.00
  b89|c089_s165_w2_1005_1045_r5  n=  7  avg=+113.1%  med=+30.9%  realized=$+67.00
  b89|c089_s167_w2_1005_1045_r4  n=  2  avg=-16.2%  med=+30.9%  realized=$-22.00
  b8|c008_s165_w1_0928_1005_r1  n= 23  avg=-19.6%  med=-35.3%  realized=$-250.00
  b90|c090_s165_w3_1045_1120_r5  n= 13  avg=+7.7%  med=+0.0%  realized=$+47.00
  b90|c090_s167_w3_1045_1120_r4  n=  4  avg=-41.6%  med=-18.9%  realized=$-123.00
  b91|c091_s165_w4_1120_1135_r5  n=  2  avg=+222.0%  med=+247.0%  realized=$+293.00
  b9|c009_s165_w2_1005_1045_r1  n=  7  avg=-74.4%  med=-66.2%  realized=$-301.00
========================================================
+========================================================================+
|  OPTIONS BOT SUMMARY                                                   |
+------------------------------------------------------------------------+
|  Mode                          entry+manage                            |
|  Equity                        $125,712.16                             |
|  Signals this run              509                                     |
|  Orders submitted (session)    57                                      |
|  Orders filled today (ledger)  40                                      |
|  Entries placed this run       28                                      |
|  Open virtual lots             14                                      |
|  Broker option positions       6                                       |
|  Pending orders                21                                      |
+========================================================================+
+========================================================================+
|  BUCKET LEADERBOARD (reflected ex-S173,S174)                           |
+------------------------------------------------------------------------+
|  Reflected trades=273  buckets=27  win=30%                             |
|  Returns   avg=-5.1%  med=-40.0%  p10=-66.2%  p90=+81.8%               |
|  Realized  $+4,423.13                                                  |
|  Raw incl dropped  trades=807  real=$+2,827.58                         |
+------------------------------------------------------------------------+
|  BKT PROFILE               N  WIN  AVG%   MED%   BEST%  REAL$          |
+------------------------------------------------------------------------+
|  b51  c051_s169_w2_1005_  1 100% +263.6 +263.6 +263.6 $   +174         |
|  b91  c091_s200_w2_1005_  2 100% +222.0 +222.0 +247.0 $   +293         |
|  b31  c031_s166_w4_1120_  2 100% +145.5 +145.5 +175.8 $   +192         |
|  b28  c028_s166_w3_1045_ 22  77% +50.0 +80.0 +102.0 $   +590           |
|  b58  c058_s170_w2_1005_  1 100% +59.1 +59.1 +59.1 $    +25            |
|  b56  c056_s170_w1_0928_  1 100% +47.7 +47.7 +47.7 $    +21            |
|  b57  c057_s170_w1_0928_  1 100% +47.7 +47.7 +47.7 $    +21            |
|  b89  c089_s200_w1_0928_  9  56% +84.4 +30.9 +790.0 $    +45           |
|  ... 19 more bucket(s) with exits                                      |
+------------------------------------------------------------------------+
|  Low  b20  c020_s165_w3_1045_  1   0% -88.9 -88.9 -88.9 $     -8       |
+========================================================================+
+========================================================================+
|  PENDING ORDERS (21)                                                   |
+------------------------------------------------------------------------+
|  Top groups                    S202:BSX(2), S210:KO(2), S211:HPQ(2)    |
+------------------------------------------------------------------------+
|  b106 S202 BSX      limit=0.07                                         |
|  b107 S202 BSX      limit=0.07                                         |
|  b170 S210 KO       limit=0.57                                         |
|  b171 S210 KO       limit=0.57                                         |
|  b178 S211 HPQ      limit=0.60                                         |
|  ... 16 more pending order(s)                                          |
+========================================================================+
+========================================================================+
|  OPEN OPTIONS (6)                                                      |
+------------------------------------------------------------------------+
|  SYMBOL                      QTY    RET%        OPEN P&L               |
|------------------------------------------------------------------------|
|  HPQ260731C00028500            2    -19.0%   $    -24.00               |
|  KO260731C00091000             2    -16.7%   $    -22.00               |
|  V260731C00382500              2    -14.5%   $    -16.00               |
|  HAL260731C00031500            2    -14.6%   $    -14.00               |
|  CCL260731C00028000            2    -13.0%   $    -12.00               |
|  PG260731C00155000             4    -33.3%   $     -4.00               |
+========================================================================+
Full detail: logs/options_trial/runs/2026-07-29.log
elapsed=223.9s reconcile=0.15s cancel=0.05s manage=0.05s scan=141.11s entries=81.96s

=== 10:50:52 ET — entry+manage (0 new) [elapsed=207.0s reconcile=0.12s cancel=0.03s manage=0.48s scan=192.11s entries=13.48s] ===
=== options_morning_bot (PAPER) 2026-07-29T10:50:52.696322-04:00 ===

[Run context]
Paper auth OK — equity $126647.72, account PA36KS87UPRS
  reconcile: layout changed controlled:100:c000_s173_w1_0928_1005_r1 -> controlled:248:c000_s163_w1_0928_1005_r1
  reconcile: entry fill b171|S210 KO x1 @ 0.57
  reconcile: entry fill b170|S210 KO x1 @ 0.57
  reconcile: removed 4 stale lot(s)
  reconcile: trimmed KO260731C00091000 lots to match pos qty 2

[Setup]
Active buckets: 248 | Strategies: S165, S164, S168, S167, S166, S163, S169, S170, S171, S172, S175, S200, S201, S202, S203, S204, S205, S206, S207, S208, S209, S210, S211, S212, S213, S214, S215, S216, S217, S218, S219
Dropped (no new entries; ex-reflected P&L): S173, S174

[Scan + entries]
Scanning 903 symbols for [S165, S164, S168, S167, S166, S163, S169, S170, S171, S172, S175, S200, S201, S202, S203, S204, S205, S206, S207, S208, S209, S210, S211, S212, S213, S214, S215, S216, S217, S218, S219] …
Fetched daily bars for 903/903 symbols
Found 508 signal(s); top: ['S165:AMCR', 'S165:AON', 'S165:AMAT', 'S165:ACGL', 'S165:BSX', 'S165:BLDR', 'S165:BG', 'S165:CCL']
Paper lab: $126636 broker equity -> 248 bucket(s) ($500 virtual each, unlimited paper)
  [b44|c044_s168_w3_1045_1120_r1] S168 AMCR: no tradeable call
  [b45|c045_s168_w3_1045_1120_r2] S168 AMCR: no tradeable call
  [b44|c044_s168_w3_1045_1120_r1] S168 AON: no tradeable call
  [b45|c045_s168_w3_1045_1120_r2] S168 AON: no tradeable call
  [b44|c044_s168_w3_1045_1120_r1] S168 AMAT: no tradeable call
  [b45|c045_s168_w3_1045_1120_r2] S168 AMAT: no tradeable call
  [b44|c044_s168_w3_1045_1120_r1] S168 ACGL: no tradeable call
  [b45|c045_s168_w3_1045_1120_r2] S168 ACGL: no tradeable call
  [b44|c044_s168_w3_1045_1120_r1] S168 BSX: no tradeable call
  [b45|c045_s168_w3_1045_1120_r2] S168 BSX: no tradeable call
  [b44|c044_s168_w3_1045_1120_r1] S168 BLDR: no tradeable call
  [b45|c045_s168_w3_1045_1120_r2] S168 BLDR: no tradeable call
  [b44|c044_s168_w3_1045_1120_r1] S168 BG: no tradeable call
  [b45|c045_s168_w3_1045_1120_r2] S168 BG: no tradeable call
  [b44|c044_s168_w3_1045_1120_r1] S168 CCL: no tradeable call
  [b45|c045_s168_w3_1045_1120_r2] S168 CCL: no tradeable call
  [b44|c044_s168_w3_1045_1120_r1] S168 CAT: no tradeable call
  [b45|c045_s168_w3_1045_1120_r2] S168 CAT: no tradeable call
  [b44|c044_s168_w3_1045_1120_r1] S168 CSGP: no tradeable call
  [b45|c045_s168_w3_1045_1120_r2] S168 CSGP: no tradeable call
  [b44|c044_s168_w3_1045_1120_r1] S168 DAL: no tradeable call
  [b45|c045_s168_w3_1045_1120_r2] S168 DAL: no tradeable call
  [b44|c044_s168_w3_1045_1120_r1] S168 FLEX: no tradeable call
  [b45|c045_s168_w3_1045_1120_r2] S168 FLEX: no tradeable call
  [b44|c044_s168_w3_1045_1120_r1] S168 FTV: no tradeable call
  [b45|c045_s168_w3_1045_1120_r2] S168 FTV: no tradeable call
  [b44|c044_s168_w3_1045_1120_r1] S168 IP: no tradeable call
  [b45|c045_s168_w3_1045_1120_r2] S168 IP: no tradeable call
  [b44|c044_s168_w3_1045_1120_r1] S168 KKR: no tradeable call
  [b45|c045_s168_w3_1045_1120_r2] S168 KKR: no tradeable call
  [b44|c044_s168_w3_1045_1120_r1] S168 KLAC: no tradeable call
  [b45|c045_s168_w3_1045_1120_r2] S168 KLAC: no tradeable call
  [b44|c044_s168_w3_1045_1120_r1] S168 LII: no tradeable call
  [b45|c045_s168_w3_1045_1120_r2] S168 LII: no tradeable call
  [b44|c044_s168_w3_1045_1120_r1] S168 MAS: no tradeable call
  [b45|c045_s168_w3_1045_1120_r2] S168 MAS: no tradeable call
  [b44|c044_s168_w3_1045_1120_r1] S168 NCLH: no tradeable call
  [b45|c045_s168_w3_1045_1120_r2] S168 NCLH: no tradeable call
  [b44|c044_s168_w3_1045_1120_r1] S168 NXPI: no tradeable call
  [b45|c045_s168_w3_1045_1120_r2] S168 NXPI: no tradeable call
  [b44|c044_s168_w3_1045_1120_r1] S168 ODFL: no tradeable call
  [b45|c045_s168_w3_1045_1120_r2] S168 ODFL: no tradeable call
  [b44|c044_s168_w3_1045_1120_r1] S168 OMC: no tradeable call
  [b45|c045_s168_w3_1045_1120_r2] S168 OMC: no tradeable call
  [b44|c044_s168_w3_1045_1120_r1] S168 PPG: no tradeable call
  [b45|c045_s168_w3_1045_1120_r2] S168 PPG: no tradeable call
  [b44|c044_s168_w3_1045_1120_r1] S168 PG: no tradeable call
  [b45|c045_s168_w3_1045_1120_r2] S168 PG: no tradeable call
  [b44|c044_s168_w3_1045_1120_r1] S168 SWKS: no tradeable call
  [b45|c045_s168_w3_1045_1120_r2] S168 SWKS: no tradeable call
  [b44|c044_s168_w3_1045_1120_r1] S168 SW: no tradeable call
  [b45|c045_s168_w3_1045_1120_r2] S168 SW: no tradeable call
  [b44|c044_s168_w3_1045_1120_r1] S168 LUV: no tradeable call
  [b45|c045_s168_w3_1045_1120_r2] S168 LUV: no tradeable call
  [b44|c044_s168_w3_1045_1120_r1] S168 TPR: no tradeable call
  [b45|c045_s168_w3_1045_1120_r2] S168 TPR: no tradeable call
  [b44|c044_s168_w3_1045_1120_r1] S168 UAL: no tradeable call
  [b45|c045_s168_w3_1045_1120_r2] S168 UAL: no tradeable call
  [b44|c044_s168_w3_1045_1120_r1] S168 VRT: no tradeable call
  [b45|c045_s168_w3_1045_1120_r2] S168 VRT: no tradeable call
  [b44|c044_s168_w3_1045_1120_r1] S168 V: no tradeable call
  [b45|c045_s168_w3_1045_1120_r2] S168 V: no tradeable call
  [b44|c044_s168_w3_1045_1120_r1] S168 AAL: no tradeable call
  [b45|c045_s168_w3_1045_1120_r2] S168 AAL: no tradeable call
  [b44|c044_s168_w3_1045_1120_r1] S168 AGCO: no tradeable call
  [b45|c045_s168_w3_1045_1120_r2] S168 AGCO: no tradeable call
  [b44|c044_s168_w3_1045_1120_r1] S168 ALK: no tradeable call
  [b45|c045_s168_w3_1045_1120_r2] S168 ALK: no tradeable call
  [b44|c044_s168_w3_1045_1120_r1] S168 ANF: no tradeable call
  [b45|c045_s168_w3_1045_1120_r2] S168 ANF: no tradeable call
  [b44|c044_s168_w3_1045_1120_r1] S168 BBWI: no tradeable call
  [b45|c045_s168_w3_1045_1120_r2] S168 BBWI: no tradeable call
  [b44|c044_s168_w3_1045_1120_r1] S168 CAR: no tradeable call
  [b45|c045_s168_w3_1045_1120_r2] S168 CAR: no tradeable call
  [b44|c044_s168_w3_1045_1120_r1] S168 CHWY: no tradeable call
  [b45|c045_s168_w3_1045_1120_r2] S168 CHWY: no tradeable call
  [b44|c044_s168_w3_1045_1120_r1] S168 CPRI: no tradeable call
  [b45|c045_s168_w3_1045_1120_r2] S168 CPRI: no tradeable call
  [b44|c044_s168_w3_1045_1120_r1] S168 CR: no tradeable call
  [b45|c045_s168_w3_1045_1120_r2] S168 CR: no tradeable call
  [b44|c044_s168_w3_1045_1120_r1] S168 ELF: no tradeable call
  [b45|c045_s168_w3_1045_1120_r2] S168 ELF: no tradeable call
  [b44|c044_s168_w3_1045_1120_r1] S168 ENTG: no tradeable call
  [b45|c045_s168_w3_1045_1120_r2] S168 ENTG: no tradeable call
  [b44|c044_s168_w3_1045_1120_r1] S168 ESAB: no tradeable call
  [b45|c045_s168_w3_1045_1120_r2] S168 ESAB: no tradeable call
  [b44|c044_s168_w3_1045_1120_r1] S168 EVR: no tradeable call
  [b45|c045_s168_w3_1045_1120_r2] S168 EVR: no tradeable call
  [b44|c044_s168_w3_1045_1120_r1] S168 FBIN: no tradeable call
  [b45|c045_s168_w3_1045_1120_r2] S168 FBIN: no tradeable call
  [b44|c044_s168_w3_1045_1120_r1] S168 GPK: no tradeable call
  [b45|c045_s168_w3_1045_1120_r2] S168 GPK: no tradeable call
  [b44|c044_s168_w3_1045_1120_r1] S168 H: no tradeable call
  [b45|c045_s168_w3_1045_1120_r2] S168 H: no tradeable call
  [b44|c044_s168_w3_1045_1120_r1] S168 HIMS: no tradeable call
  [b45|c045_s168_w3_1045_1120_r2] S168 HIMS: no tradeable call
  [b44|c044_s168_w3_1045_1120_r1] S168 KEX: no tradeable call
  [b45|c045_s168_w3_1045_1120_r2] S168 KEX: no tradeable call
  [b44|c044_s168_w3_1045_1120_r1] S168 LSTR: no tradeable call
  [b45|c045_s168_w3_1045_1120_r2] S168 LSTR: no tradeable call
  [b44|c044_s168_w3_1045_1120_r1] S168 M: no tradeable call
  [b45|c045_s168_w3_1045_1120_r2] S168 M: no tradeable call
  [b44|c044_s168_w3_1045_1120_r1] S168 ONTO: no tradeable call
  [b45|c045_s168_w3_1045_1120_r2] S168 ONTO: no tradeable call
  [b44|c044_s168_w3_1045_1120_r1] S168 OSK: no tradeable call
  [b45|c045_s168_w3_1045_1120_r2] S168 OSK: no tradeable call
  [b44|c044_s168_w3_1045_1120_r1] S168 PSN: no tradeable call
  [b45|c045_s168_w3_1045_1120_r2] S168 PSN: no tradeable call
  [b44|c044_s168_w3_1045_1120_r1] S168 PVH: no tradeable call
  [b45|c045_s168_w3_1045_1120_r2] S168 PVH: no tradeable call
  [b44|c044_s168_w3_1045_1120_r1] S168 RH: no tradeable call
  [b45|c045_s168_w3_1045_1120_r2] S168 RH: no tradeable call
  [b44|c044_s168_w3_1045_1120_r1] S168 SGI: no tradeable call
  [b45|c045_s168_w3_1045_1120_r2] S168 SGI: no tradeable call
  [b44|c044_s168_w3_1045_1120_r1] S168 SLGN: no tradeable call
  [b45|c045_s168_w3_1045_1120_r2] S168 SLGN: no tradeable call
  [b44|c044_s168_w3_1045_1120_r1] S168 TEX: no tradeable call
  [b45|c045_s168_w3_1045_1120_r2] S168 TEX: no tradeable call
  [b44|c044_s168_w3_1045_1120_r1] S168 UNM: no tradeable call
  [b45|c045_s168_w3_1045_1120_r2] S168 UNM: no tradeable call
  [b44|c044_s168_w3_1045_1120_r1] S168 VFC: no tradeable call
  [b45|c045_s168_w3_1045_1120_r2] S168 VFC: no tradeable call
  [b44|c044_s168_w3_1045_1120_r1] S168 VIAV: no tradeable call
  [b45|c045_s168_w3_1045_1120_r2] S168 VIAV: no tradeable call
  [b44|c044_s168_w3_1045_1120_r1] S168 WMS: no tradeable call
  [b45|c045_s168_w3_1045_1120_r2] S168 WMS: no tradeable call
  [b44|c044_s168_w3_1045_1120_r1] S168 WSO: no tradeable call
  [b45|c045_s168_w3_1045_1120_r2] S168 WSO: no tradeable call
  [b132|c132_s205_w3_1045_1120_r1] S205 PSN: no tradeable call
  [b133|c133_s205_w3_1045_1120_r2] S205 PSN: no tradeable call
  [b228|c228_s217_w3_1045_1120_r1] S217 GLW: no tradeable call
  [b229|c229_s217_w3_1045_1120_r2] S217 GLW: no tradeable call
  [b228|c228_s217_w3_1045_1120_r1] S217 FLEX: no tradeable call
  [b229|c229_s217_w3_1045_1120_r2] S217 FLEX: no tradeable call
  [b228|c228_s217_w3_1045_1120_r1] S217 LSTR: no tradeable call
  [b229|c229_s217_w3_1045_1120_r2] S217 LSTR: no tradeable call
  Skipped: 136 no tradeable call, 70 already attempted today, 612 pending order
Placed 0 new entry order(s).
  reconcile: layout changed controlled:100:c000_s173_w1_0928_1005_r1 -> controlled:248:c000_s163_w1_0928_1005_r1
  reconcile: entry fill b179|S211 HPQ x1 @ 0.59
  reconcile: entry fill b178|S211 HPQ x1 @ 0.59

[Portfolio snapshot]
========================================================
OPTIONS TRIAL STATS
========================================================
Account equity: $126,647.72
Active buckets: 248 of 248 profiles ($500 virtual each) — paper unlimited mode

P&L summary
  Reflected (ex-S173,S174): $+4,423.13 all-time  |  $+0.00 today
  Raw (incl dropped):     $+2,827.58 all-time  |  $+0.00 today
  Open (not sold yet): $-40.20 unrealized (virtual lots)
                       $-41.00 unrealized (broker total)
  Premium deployed:    $462.00 in open positions
  Combined P&L:        $+4,382.93 (reflected realized + open virtual)

Ledger (master)
  Total events:     5999
  Today entries:    44
  Today exits (reflected): 0
  All-time exits (reflected): 273  wins 30%
  Avg return/trade: -5.1%  median -40.0%

Open virtual lots (by bucket)
  b4 c004_s163_w3_1045_1120_r1  prem=$    46  real=$ +0.00  open=$ -3.00  lots=1  [S163:CCLx1]
       buy: ask-0.01  sell: bid-0.01  tp=+50% sl=-50%
  b5 c005_s163_w3_1045_1120_r2  prem=$    46  real=$ +0.00  open=$ -3.00  lots=1  [S163:CCLx1]
       buy: ask-0.01  sell: bid-0.01  tp=+50% sl=-50%
  b108 c108_s202_w3_1045_1120_r1  prem=$     3  real=$ +0.00  open=$ -1.00  lots=1  [S202:PGx1]
       buy: ask-0.01  sell: bid-0.01  tp=+50% sl=-50%
  b109 c109_s202_w3_1045_1120_r2  prem=$     3  real=$ +0.00  open=$ -1.00  lots=1  [S202:PGx1]
       buy: ask-0.01  sell: bid-0.01  tp=+50% sl=-50%
  b170 c170_s210_w2_1005_1045_r1  prem=$    57  real=$ +0.00  open=$ -5.10  lots=1  [S210:KOx1]
       buy: ask-0.01  sell: bid-0.01  tp=+50% sl=-50%
  b171 c171_s210_w2_1005_1045_r2  prem=$    57  real=$ +0.00  open=$ -5.10  lots=1  [S210:KOx1]
       buy: ask-0.01  sell: bid-0.01  tp=+50% sl=-50%
  b178 c178_s211_w2_1005_1045_r1  prem=$    59  real=$ +0.00  open=$ -4.84  lots=1  [S211:HPQx1]
       buy: ask-0.01  sell: bid-0.01  tp=+50% sl=-50%
  b179 c179_s211_w2_1005_1045_r2  prem=$    59  real=$ +0.00  open=$ -4.84  lots=1  [S211:HPQx1]
       buy: ask-0.01  sell: bid-0.01  tp=+50% sl=-50%
  b180 c180_s211_w3_1045_1120_r1  prem=$    63  real=$ +0.00  open=$ -5.16  lots=1  [S211:HPQx1]
       buy: ask-0.01  sell: bid-0.01  tp=+50% sl=-50%
  b181 c181_s211_w3_1045_1120_r2  prem=$    63  real=$ +0.00  open=$ -5.16  lots=1  [S211:HPQx1]
       buy: ask-0.01  sell: bid-0.01  tp=+50% sl=-50%
  b236 c236_s218_w3_1045_1120_r1  prem=$     3  real=$ +0.00  open=$ -1.00  lots=1  [S218:PGx1]
       buy: ask-0.01  sell: bid-0.01  tp=+50% sl=-50%
  b237 c237_s218_w3_1045_1120_r2  prem=$     3  real=$ +0.00  open=$ -1.00  lots=1  [S218:PGx1]
       buy: ask-0.01  sell: bid-0.01  tp=+50% sl=-50%
  (236 quiet bucket profile(s) — no trades yet)

Pending orders: 17
  b106 S202 BSX limit=0.07
  b107 S202 BSX limit=0.07
  b11 S164 NCLH limit=0.42
  b20 S165 CCL limit=0.45
  b21 S165 CCL limit=0.45

Alpaca option positions
  CCL260731C00028000  qty=2  cost=$92.00  return=-6.5%  open P&L=$-6.00
  HPQ260731C00028500  qty=4  cost=$244.00  return=-8.2%  open P&L=$-20.00
  KO260731C00091000  qty=2  cost=$123.00  return=-8.9%  open P&L=$-11.00
  PG260731C00155000  qty=4  cost=$12.00  return=-33.3%  open P&L=$-4.00

Per-bucket exit stats (all time)
  b0|orphan_reconcile     n= 22  avg=+22.4%  med=-57.5%  realized=$+6,310.91
  b104|c104_s164_w1_0928_1005_r4  n=  1  avg=-88.9%  med=-88.9%  realized=$-8.00
  b10|c010_s165_w3_1045_1120_r1  n=  8  avg=-37.2%  med=-18.9%  realized=$-205.00
  b132|c132_s164_w1_0928_1005_r5  n=  2  avg=-65.7%  med=-53.6%  realized=$-37.00
  b135|c135_s164_w4_1120_1135_r5  n=  1  avg=-50.0%  med=-50.0%  realized=$-4.00
  b20|c020_s164_w1_0928_1005_r1  n=  1  avg=-88.9%  med=-88.9%  realized=$-8.00
  b28|c028_s165_w1_0928_1005_r2  n= 17  avg=+49.5%  med=+80.0%  realized=$+448.00
  b28|c028_s173_w1_0928_1005_r2  n=  5  avg=+51.6%  med=+80.0%  realized=$+142.00
  b29|c029_s165_w2_1005_1045_r2  n=  9  avg=-23.3%  med=-50.0%  realized=$-221.00
  b29|c029_s173_w2_1005_1045_r2  n=  2  avg=-69.3%  med=-48.5%  realized=$-78.00
  b30|c030_s165_w3_1045_1120_r2  n=  9  avg=+38.8%  med=+0.0%  realized=$+260.00
  b30|c030_s173_w3_1045_1120_r2  n=  2  avg=-9.5%  med=+0.0%  realized=$-14.00
  b31|c031_s165_w4_1120_1135_r2  n=  2  avg=+145.5%  med=+175.8%  realized=$+192.00
  b48|c048_s164_w1_0928_1005_r2  n=  5  avg=-33.1%  med=-49.1%  realized=$-91.00
  b48|c048_s165_w1_0928_1005_r3  n= 16  avg=-35.9%  med=-49.1%  realized=$-344.00
  b49|c049_s164_w2_1005_1045_r2  n=  4  avg=-51.8%  med=-44.0%  realized=$-133.00
  b49|c049_s165_w2_1005_1045_r3  n= 15  avg=-49.3%  med=-49.1%  realized=$-458.00
  b50|c050_s164_w3_1045_1120_r2  n=  4  avg=-39.6%  med=-16.7%  realized=$-115.00
  b50|c050_s165_w3_1045_1120_r3  n=  9  avg=-23.6%  med=-23.1%  realized=$-142.00
  b51|c051_s165_w4_1120_1135_r3  n=  1  avg=+263.6%  med=+263.6%  realized=$+174.00
  b56|g056_lim_tp20_sl65  n=  1  avg=+47.7%  med=+47.7%  realized=$+20.52
  b57|g057_mid_tp20_sl65  n=  1  avg=+47.7%  med=+47.7%  realized=$+20.52
  b58|g058_eod_tp20_sl65  n=  1  avg=+59.1%  med=+59.1%  realized=$+25.41
  b68|c068_s165_w1_0928_1005_r4  n= 16  avg=-51.3%  med=-49.1%  realized=$-446.00
  b68|c068_s166_w1_0928_1005_r3  n=  4  avg=-52.7%  med=-49.1%  realized=$-116.00
  b69|c069_s165_w2_1005_1045_r4  n= 11  avg=+19.0%  med=-43.6%  realized=$-179.00
  b69|c069_s166_w2_1005_1045_r3  n=  4  avg=+10.1%  med=-40.0%  realized=$-87.00
  b70|c070_s165_w3_1045_1120_r4  n= 11  avg=-2.1%  med=-16.9%  realized=$-6.00
  b70|c070_s166_w3_1045_1120_r3  n=  4  avg=-42.5%  med=-27.0%  realized=$-124.00
  b70|g070_eod_tp30_sl20  n=  1  avg=+59.1%  med=+59.1%  realized=$+27.77
  b76|c076_s164_w1_0928_1005_r3  n=  1  avg=-50.0%  med=-50.0%  realized=$-2.00
  b88|c088_s165_w1_0928_1005_r5  n= 21  avg=-5.0%  med=-2.7%  realized=$-63.00
  b88|c088_s167_w1_0928_1005_r4  n=  4  avg=-12.7%  med=+30.9%  realized=$-28.00
  b89|c089_s165_w2_1005_1045_r5  n=  7  avg=+113.1%  med=+30.9%  realized=$+67.00
  b89|c089_s167_w2_1005_1045_r4  n=  2  avg=-16.2%  med=+30.9%  realized=$-22.00
  b8|c008_s165_w1_0928_1005_r1  n= 23  avg=-19.6%  med=-35.3%  realized=$-250.00
  b90|c090_s165_w3_1045_1120_r5  n= 13  avg=+7.7%  med=+0.0%  realized=$+47.00
  b90|c090_s167_w3_1045_1120_r4  n=  4  avg=-41.6%  med=-18.9%  realized=$-123.00
  b91|c091_s165_w4_1120_1135_r5  n=  2  avg=+222.0%  med=+247.0%  realized=$+293.00
  b9|c009_s165_w2_1005_1045_r1  n=  7  avg=-74.4%  med=-66.2%  realized=$-301.00
========================================================
+========================================================================+
|  OPTIONS BOT SUMMARY                                                   |
+------------------------------------------------------------------------+
|  Mode                          entry+manage                            |
|  Equity                        $126,647.72                             |
|  Signals this run              508                                     |
|  Orders submitted (session)    57                                      |
|  Orders filled today (ledger)  44                                      |
|  Entries placed this run       0                                       |
|  Open virtual lots             12                                      |
|  Broker option positions       4                                       |
|  Pending orders                17                                      |
+========================================================================+
+========================================================================+
|  BUCKET LEADERBOARD (reflected ex-S173,S174)                           |
+------------------------------------------------------------------------+
|  Reflected trades=273  buckets=27  win=30%                             |
|  Returns   avg=-5.1%  med=-40.0%  p10=-66.2%  p90=+81.8%               |
|  Realized  $+4,423.13                                                  |
|  Raw incl dropped  trades=807  real=$+2,827.58                         |
+------------------------------------------------------------------------+
|  BKT PROFILE               N  WIN  AVG%   MED%   BEST%  REAL$          |
+------------------------------------------------------------------------+
|  b51  c051_s169_w2_1005_  1 100% +263.6 +263.6 +263.6 $   +174         |
|  b91  c091_s200_w2_1005_  2 100% +222.0 +222.0 +247.0 $   +293         |
|  b31  c031_s166_w4_1120_  2 100% +145.5 +145.5 +175.8 $   +192         |
|  b28  c028_s166_w3_1045_ 22  77% +50.0 +80.0 +102.0 $   +590           |
|  b58  c058_s170_w2_1005_  1 100% +59.1 +59.1 +59.1 $    +25            |
|  b56  c056_s170_w1_0928_  1 100% +47.7 +47.7 +47.7 $    +21            |
|  b57  c057_s170_w1_0928_  1 100% +47.7 +47.7 +47.7 $    +21            |
|  b89  c089_s200_w1_0928_  9  56% +84.4 +30.9 +790.0 $    +45           |
|  ... 19 more bucket(s) with exits                                      |
+------------------------------------------------------------------------+
|  Low  b20  c020_s165_w3_1045_  1   0% -88.9 -88.9 -88.9 $     -8       |
+========================================================================+
+========================================================================+
|  PENDING ORDERS (17)                                                   |
+------------------------------------------------------------------------+
|  Top groups                    S202:BSX(2), S165:CCL(2), S164:CCL(2)   |
+------------------------------------------------------------------------+
|  b106 S202 BSX      limit=0.07                                         |
|  b107 S202 BSX      limit=0.07                                         |
|  b11  S164 NCLH     limit=0.42                                         |
|  b20  S165 CCL      limit=0.45                                         |
|  b21  S165 CCL      limit=0.45                                         |
|  ... 12 more pending order(s)                                          |
+========================================================================+
+========================================================================+
|  OPEN OPTIONS (4)                                                      |
+------------------------------------------------------------------------+
|  SYMBOL                      QTY    RET%        OPEN P&L               |
|------------------------------------------------------------------------|
|  HPQ260731C00028500            4     -8.2%   $    -20.00               |
|  KO260731C00091000             2     -8.9%   $    -11.00               |
|  CCL260731C00028000            2     -6.5%   $     -6.00               |
|  PG260731C00155000             4    -33.3%   $     -4.00               |
+========================================================================+
Full detail: logs/options_trial/runs/2026-07-29.log
elapsed=207.0s reconcile=0.12s cancel=0.03s manage=0.48s scan=192.11s entries=13.48s

=== 10:55:48 ET — entry+manage (0 new) [elapsed=176.4s reconcile=0.08s cancel=0.02s manage=0.46s scan=163.15s entries=12.31s] ===
=== options_morning_bot (PAPER) 2026-07-29T10:55:48.328032-04:00 ===

[Run context]
Paper auth OK — equity $126429.56, account PA36KS87UPRS
  reconcile: layout changed controlled:100:c000_s173_w1_0928_1005_r1 -> controlled:248:c000_s163_w1_0928_1005_r1
  reconcile: removed 6 stale lot(s)

[Setup]
Active buckets: 248 | Strategies: S165, S164, S168, S167, S166, S163, S169, S170, S171, S172, S175, S200, S201, S202, S203, S204, S205, S206, S207, S208, S209, S210, S211, S212, S213, S214, S215, S216, S217, S218, S219
Dropped (no new entries; ex-reflected P&L): S173, S174
  EXIT [b109|c109_s202_w3_1045_1120_r2|S202] stop_loss (-66.7%) SELL 1 PG260731C00155000 @<= 0.01  id=7d718d40-8caf-4c62-8a45-70f69a776000

[Scan + entries]
Scanning 903 symbols for [S165, S164, S168, S167, S166, S163, S169, S170, S171, S172, S175, S200, S201, S202, S203, S204, S205, S206, S207, S208, S209, S210, S211, S212, S213, S214, S215, S216, S217, S218, S219] …
Fetched daily bars for 903/903 symbols
Found 509 signal(s); top: ['S165:AMCR', 'S165:AON', 'S165:AMAT', 'S165:ACGL', 'S165:BSX', 'S165:BLDR', 'S165:BG', 'S165:CCL']
Paper lab: $126451 broker equity -> 248 bucket(s) ($500 virtual each, unlimited paper)
  [b44|c044_s168_w3_1045_1120_r1] S168 AMCR: no tradeable call
  [b45|c045_s168_w3_1045_1120_r2] S168 AMCR: no tradeable call
  [b44|c044_s168_w3_1045_1120_r1] S168 AON: no tradeable call
  [b45|c045_s168_w3_1045_1120_r2] S168 AON: no tradeable call
  [b44|c044_s168_w3_1045_1120_r1] S168 AMAT: no tradeable call
  [b45|c045_s168_w3_1045_1120_r2] S168 AMAT: no tradeable call
  [b44|c044_s168_w3_1045_1120_r1] S168 ACGL: no tradeable call
  [b45|c045_s168_w3_1045_1120_r2] S168 ACGL: no tradeable call
  [b44|c044_s168_w3_1045_1120_r1] S168 BSX: no tradeable call
  [b45|c045_s168_w3_1045_1120_r2] S168 BSX: no tradeable call
  [b44|c044_s168_w3_1045_1120_r1] S168 BLDR: no tradeable call
  [b45|c045_s168_w3_1045_1120_r2] S168 BLDR: no tradeable call
  [b44|c044_s168_w3_1045_1120_r1] S168 BG: no tradeable call
  [b45|c045_s168_w3_1045_1120_r2] S168 BG: no tradeable call
  [b44|c044_s168_w3_1045_1120_r1] S168 CCL: no tradeable call
  [b45|c045_s168_w3_1045_1120_r2] S168 CCL: no tradeable call
  [b44|c044_s168_w3_1045_1120_r1] S168 CAT: no tradeable call
  [b45|c045_s168_w3_1045_1120_r2] S168 CAT: no tradeable call
  [b44|c044_s168_w3_1045_1120_r1] S168 CSGP: no tradeable call
  [b45|c045_s168_w3_1045_1120_r2] S168 CSGP: no tradeable call
  [b44|c044_s168_w3_1045_1120_r1] S168 DAL: no tradeable call
  [b45|c045_s168_w3_1045_1120_r2] S168 DAL: no tradeable call
  [b44|c044_s168_w3_1045_1120_r1] S168 FLEX: no tradeable call
  [b45|c045_s168_w3_1045_1120_r2] S168 FLEX: no tradeable call
  [b44|c044_s168_w3_1045_1120_r1] S168 FTV: no tradeable call
  [b45|c045_s168_w3_1045_1120_r2] S168 FTV: no tradeable call
  [b44|c044_s168_w3_1045_1120_r1] S168 IP: no tradeable call
  [b45|c045_s168_w3_1045_1120_r2] S168 IP: no tradeable call
  [b44|c044_s168_w3_1045_1120_r1] S168 KKR: no tradeable call
  [b45|c045_s168_w3_1045_1120_r2] S168 KKR: no tradeable call
  [b44|c044_s168_w3_1045_1120_r1] S168 KLAC: no tradeable call
  [b45|c045_s168_w3_1045_1120_r2] S168 KLAC: no tradeable call
  [b44|c044_s168_w3_1045_1120_r1] S168 LII: no tradeable call
  [b45|c045_s168_w3_1045_1120_r2] S168 LII: no tradeable call
  [b44|c044_s168_w3_1045_1120_r1] S168 MAS: no tradeable call
  [b45|c045_s168_w3_1045_1120_r2] S168 MAS: no tradeable call
  [b44|c044_s168_w3_1045_1120_r1] S168 NCLH: no tradeable call
  [b45|c045_s168_w3_1045_1120_r2] S168 NCLH: no tradeable call
  [b44|c044_s168_w3_1045_1120_r1] S168 NXPI: no tradeable call
  [b45|c045_s168_w3_1045_1120_r2] S168 NXPI: no tradeable call
  [b44|c044_s168_w3_1045_1120_r1] S168 ODFL: no tradeable call
  [b45|c045_s168_w3_1045_1120_r2] S168 ODFL: no tradeable call
  [b44|c044_s168_w3_1045_1120_r1] S168 OMC: no tradeable call
  [b45|c045_s168_w3_1045_1120_r2] S168 OMC: no tradeable call
  [b44|c044_s168_w3_1045_1120_r1] S168 PPG: no tradeable call
  [b45|c045_s168_w3_1045_1120_r2] S168 PPG: no tradeable call
  [b44|c044_s168_w3_1045_1120_r1] S168 PG: no tradeable call
  [b45|c045_s168_w3_1045_1120_r2] S168 PG: no tradeable call
  [b44|c044_s168_w3_1045_1120_r1] S168 SWKS: no tradeable call
  [b45|c045_s168_w3_1045_1120_r2] S168 SWKS: no tradeable call
  [b44|c044_s168_w3_1045_1120_r1] S168 SW: no tradeable call
  [b45|c045_s168_w3_1045_1120_r2] S168 SW: no tradeable call
  [b44|c044_s168_w3_1045_1120_r1] S168 LUV: no tradeable call
  [b45|c045_s168_w3_1045_1120_r2] S168 LUV: no tradeable call
  [b44|c044_s168_w3_1045_1120_r1] S168 TPR: no tradeable call
  [b45|c045_s168_w3_1045_1120_r2] S168 TPR: no tradeable call
  [b44|c044_s168_w3_1045_1120_r1] S168 UAL: no tradeable call
  [b45|c045_s168_w3_1045_1120_r2] S168 UAL: no tradeable call
  [b44|c044_s168_w3_1045_1120_r1] S168 VRT: no tradeable call
  [b45|c045_s168_w3_1045_1120_r2] S168 VRT: no tradeable call
  [b44|c044_s168_w3_1045_1120_r1] S168 V: no tradeable call
  [b45|c045_s168_w3_1045_1120_r2] S168 V: no tradeable call
  [b44|c044_s168_w3_1045_1120_r1] S168 AAL: no tradeable call
  [b45|c045_s168_w3_1045_1120_r2] S168 AAL: no tradeable call
  [b44|c044_s168_w3_1045_1120_r1] S168 AGCO: no tradeable call
  [b45|c045_s168_w3_1045_1120_r2] S168 AGCO: no tradeable call
  [b44|c044_s168_w3_1045_1120_r1] S168 ALK: no tradeable call
  [b45|c045_s168_w3_1045_1120_r2] S168 ALK: no tradeable call
  [b44|c044_s168_w3_1045_1120_r1] S168 ANF: no tradeable call
  [b45|c045_s168_w3_1045_1120_r2] S168 ANF: no tradeable call
  [b44|c044_s168_w3_1045_1120_r1] S168 BBWI: no tradeable call
  [b45|c045_s168_w3_1045_1120_r2] S168 BBWI: no tradeable call
  [b44|c044_s168_w3_1045_1120_r1] S168 CAR: no tradeable call
  [b45|c045_s168_w3_1045_1120_r2] S168 CAR: no tradeable call
  [b44|c044_s168_w3_1045_1120_r1] S168 CHWY: no tradeable call
  [b45|c045_s168_w3_1045_1120_r2] S168 CHWY: no tradeable call
  [b44|c044_s168_w3_1045_1120_r1] S168 CPRI: no tradeable call
  [b45|c045_s168_w3_1045_1120_r2] S168 CPRI: no tradeable call
  [b44|c044_s168_w3_1045_1120_r1] S168 CR: no tradeable call
  [b45|c045_s168_w3_1045_1120_r2] S168 CR: no tradeable call
  [b44|c044_s168_w3_1045_1120_r1] S168 ELF: no tradeable call
  [b45|c045_s168_w3_1045_1120_r2] S168 ELF: no tradeable call
  [b44|c044_s168_w3_1045_1120_r1] S168 ENTG: no tradeable call
  [b45|c045_s168_w3_1045_1120_r2] S168 ENTG: no tradeable call
  [b44|c044_s168_w3_1045_1120_r1] S168 ESAB: no tradeable call
  [b45|c045_s168_w3_1045_1120_r2] S168 ESAB: no tradeable call
  [b44|c044_s168_w3_1045_1120_r1] S168 EVR: no tradeable call
  [b45|c045_s168_w3_1045_1120_r2] S168 EVR: no tradeable call
  [b44|c044_s168_w3_1045_1120_r1] S168 FBIN: no tradeable call
  [b45|c045_s168_w3_1045_1120_r2] S168 FBIN: no tradeable call
  [b44|c044_s168_w3_1045_1120_r1] S168 GPK: no tradeable call
  [b45|c045_s168_w3_1045_1120_r2] S168 GPK: no tradeable call
  [b44|c044_s168_w3_1045_1120_r1] S168 H: no tradeable call
  [b45|c045_s168_w3_1045_1120_r2] S168 H: no tradeable call
  [b44|c044_s168_w3_1045_1120_r1] S168 HIMS: no tradeable call
  [b45|c045_s168_w3_1045_1120_r2] S168 HIMS: no tradeable call
  [b44|c044_s168_w3_1045_1120_r1] S168 KEX: no tradeable call
  [b45|c045_s168_w3_1045_1120_r2] S168 KEX: no tradeable call
  [b44|c044_s168_w3_1045_1120_r1] S168 LSTR: no tradeable call
  [b45|c045_s168_w3_1045_1120_r2] S168 LSTR: no tradeable call
  [b44|c044_s168_w3_1045_1120_r1] S168 M: no tradeable call
  [b45|c045_s168_w3_1045_1120_r2] S168 M: no tradeable call
  [b44|c044_s168_w3_1045_1120_r1] S168 ONTO: no tradeable call
  [b45|c045_s168_w3_1045_1120_r2] S168 ONTO: no tradeable call
  [b44|c044_s168_w3_1045_1120_r1] S168 OSK: no tradeable call
  [b45|c045_s168_w3_1045_1120_r2] S168 OSK: no tradeable call
  [b44|c044_s168_w3_1045_1120_r1] S168 PSN: no tradeable call
  [b45|c045_s168_w3_1045_1120_r2] S168 PSN: no tradeable call
  [b44|c044_s168_w3_1045_1120_r1] S168 PVH: no tradeable call
  [b45|c045_s168_w3_1045_1120_r2] S168 PVH: no tradeable call
  [b44|c044_s168_w3_1045_1120_r1] S168 RH: no tradeable call
  [b45|c045_s168_w3_1045_1120_r2] S168 RH: no tradeable call
  [b44|c044_s168_w3_1045_1120_r1] S168 SGI: no tradeable call
  [b45|c045_s168_w3_1045_1120_r2] S168 SGI: no tradeable call
  [b44|c044_s168_w3_1045_1120_r1] S168 SLGN: no tradeable call
  [b45|c045_s168_w3_1045_1120_r2] S168 SLGN: no tradeable call
  [b44|c044_s168_w3_1045_1120_r1] S168 TEX: no tradeable call
  [b45|c045_s168_w3_1045_1120_r2] S168 TEX: no tradeable call
  [b44|c044_s168_w3_1045_1120_r1] S168 UNM: no tradeable call
  [b45|c045_s168_w3_1045_1120_r2] S168 UNM: no tradeable call
  [b44|c044_s168_w3_1045_1120_r1] S168 VFC: no tradeable call
  [b45|c045_s168_w3_1045_1120_r2] S168 VFC: no tradeable call
  [b44|c044_s168_w3_1045_1120_r1] S168 VIAV: no tradeable call
  [b45|c045_s168_w3_1045_1120_r2] S168 VIAV: no tradeable call
  [b44|c044_s168_w3_1045_1120_r1] S168 WMS: no tradeable call
  [b45|c045_s168_w3_1045_1120_r2] S168 WMS: no tradeable call
  [b44|c044_s168_w3_1045_1120_r1] S168 WSO: no tradeable call
  [b45|c045_s168_w3_1045_1120_r2] S168 WSO: no tradeable call
  [b132|c132_s205_w3_1045_1120_r1] S205 PSN: no tradeable call
  [b133|c133_s205_w3_1045_1120_r2] S205 PSN: no tradeable call
  [b228|c228_s217_w3_1045_1120_r1] S217 GLW: no tradeable call
  [b229|c229_s217_w3_1045_1120_r2] S217 GLW: no tradeable call
  [b228|c228_s217_w3_1045_1120_r1] S217 FLEX: no tradeable call
  [b229|c229_s217_w3_1045_1120_r2] S217 FLEX: no tradeable call
  [b228|c228_s217_w3_1045_1120_r1] S217 MRNA: no tradeable call
  [b229|c229_s217_w3_1045_1120_r2] S217 MRNA: no tradeable call
  [b228|c228_s217_w3_1045_1120_r1] S217 LSTR: no tradeable call
  [b229|c229_s217_w3_1045_1120_r2] S217 LSTR: no tradeable call
  Skipped: 138 no tradeable call, 80 already attempted today, 610 pending order
Placed 0 new entry order(s).
  reconcile: layout changed controlled:100:c000_s173_w1_0928_1005_r1 -> controlled:248:c000_s163_w1_0928_1005_r1
  reconcile: exit fill b109|S202 PG -66.7%
  reconcile: entry fill b11|S164 NCLH x1 @ 0.38

[Portfolio snapshot]
========================================================
OPTIONS TRIAL STATS
========================================================
Account equity: $126,429.56
Active buckets: 248 of 248 profiles ($500 virtual each) — paper unlimited mode

P&L summary
  Reflected (ex-S173,S174): $+4,421.13 all-time  |  $-2.00 today
  Raw (incl dropped):     $+2,825.58 all-time  |  $-2.00 today
  Open (not sold yet): $-21.00 unrealized (virtual lots)
  Premium deployed:    $139.00 in open positions
  Combined P&L:        $+4,400.13 (reflected realized + open virtual)

Ledger (master)
  Total events:     6009
  Today entries:    45
  Today exits (reflected): 1
  All-time exits (reflected): 274  wins 30%
  Avg return/trade: -5.3%  median -40.0%

Open virtual lots (by bucket)
  b4 c004_s163_w3_1045_1120_r1  prem=$    46  real=$ +0.00  open=$ -3.00  lots=1  [S163:CCLx1]
       buy: ask-0.01  sell: bid-0.01  tp=+50% sl=-50%
  b5 c005_s163_w3_1045_1120_r2  prem=$    46  real=$ +0.00  open=$ -3.00  lots=1  [S163:CCLx1]
       buy: ask-0.01  sell: bid-0.01  tp=+50% sl=-50%
  b11 c011_s164_w2_1005_1045_r2  prem=$    38  real=$ +0.00  open=$ -9.00  lots=1  [S164:NCLHx1]
       buy: ask-0.01  sell: bid-0.01  tp=+50% sl=-50%
  b108 c108_s202_w3_1045_1120_r1  prem=$     3  real=$ +0.00  open=$ -2.00  lots=1  [S202:PGx1]
       buy: ask-0.01  sell: bid-0.01  tp=+50% sl=-50%
  b109 c109_s202_w3_1045_1120_r2  prem=$     0  real=$ -2.00  open=$ +0.00  lots=0  [-]
       buy: ask-0.01  sell: bid-0.01  tp=+50% sl=-50%
  b236 c236_s218_w3_1045_1120_r1  prem=$     3  real=$ +0.00  open=$ -2.00  lots=1  [S218:PGx1]
       buy: ask-0.01  sell: bid-0.01  tp=+50% sl=-50%
  b237 c237_s218_w3_1045_1120_r2  prem=$     3  real=$ +0.00  open=$ -2.00  lots=1  [S218:PGx1]
       buy: ask-0.01  sell: bid-0.01  tp=+50% sl=-50%
  (241 quiet bucket profile(s) — no trades yet)

Pending orders: 16
  b106 S202 BSX limit=0.07
  b107 S202 BSX limit=0.07
  b20 S165 CCL limit=0.45
  b21 S165 CCL limit=0.45
  b12 S164 CCL limit=0.45

Alpaca option positions
  CCL260731C00028000  qty=2  cost=$92.00  return=-6.5%  open P&L=$-6.00
  NCLH260731C00022000  qty=1  cost=$38.00  return=-23.7%  open P&L=$-9.00
  PG260731C00155000  qty=3  cost=$9.00  return=-66.7%  open P&L=$-6.00

Per-bucket exit stats (all time)
  b0|orphan_reconcile     n= 22  avg=+22.4%  med=-57.5%  realized=$+6,310.91
  b104|c104_s164_w1_0928_1005_r4  n=  1  avg=-88.9%  med=-88.9%  realized=$-8.00
  b109|c109_s202_w3_1045_1120_r2  n=  1  avg=-66.7%  med=-66.7%  realized=$-2.00
  b10|c010_s165_w3_1045_1120_r1  n=  8  avg=-37.2%  med=-18.9%  realized=$-205.00
  b132|c132_s164_w1_0928_1005_r5  n=  2  avg=-65.7%  med=-53.6%  realized=$-37.00
  b135|c135_s164_w4_1120_1135_r5  n=  1  avg=-50.0%  med=-50.0%  realized=$-4.00
  b20|c020_s164_w1_0928_1005_r1  n=  1  avg=-88.9%  med=-88.9%  realized=$-8.00
  b28|c028_s165_w1_0928_1005_r2  n= 17  avg=+49.5%  med=+80.0%  realized=$+448.00
  b28|c028_s173_w1_0928_1005_r2  n=  5  avg=+51.6%  med=+80.0%  realized=$+142.00
  b29|c029_s165_w2_1005_1045_r2  n=  9  avg=-23.3%  med=-50.0%  realized=$-221.00
  b29|c029_s173_w2_1005_1045_r2  n=  2  avg=-69.3%  med=-48.5%  realized=$-78.00
  b30|c030_s165_w3_1045_1120_r2  n=  9  avg=+38.8%  med=+0.0%  realized=$+260.00
  b30|c030_s173_w3_1045_1120_r2  n=  2  avg=-9.5%  med=+0.0%  realized=$-14.00
  b31|c031_s165_w4_1120_1135_r2  n=  2  avg=+145.5%  med=+175.8%  realized=$+192.00
  b48|c048_s164_w1_0928_1005_r2  n=  5  avg=-33.1%  med=-49.1%  realized=$-91.00
  b48|c048_s165_w1_0928_1005_r3  n= 16  avg=-35.9%  med=-49.1%  realized=$-344.00
  b49|c049_s164_w2_1005_1045_r2  n=  4  avg=-51.8%  med=-44.0%  realized=$-133.00
  b49|c049_s165_w2_1005_1045_r3  n= 15  avg=-49.3%  med=-49.1%  realized=$-458.00
  b50|c050_s164_w3_1045_1120_r2  n=  4  avg=-39.6%  med=-16.7%  realized=$-115.00
  b50|c050_s165_w3_1045_1120_r3  n=  9  avg=-23.6%  med=-23.1%  realized=$-142.00
  b51|c051_s165_w4_1120_1135_r3  n=  1  avg=+263.6%  med=+263.6%  realized=$+174.00
  b56|g056_lim_tp20_sl65  n=  1  avg=+47.7%  med=+47.7%  realized=$+20.52
  b57|g057_mid_tp20_sl65  n=  1  avg=+47.7%  med=+47.7%  realized=$+20.52
  b58|g058_eod_tp20_sl65  n=  1  avg=+59.1%  med=+59.1%  realized=$+25.41
  b68|c068_s165_w1_0928_1005_r4  n= 16  avg=-51.3%  med=-49.1%  realized=$-446.00
  b68|c068_s166_w1_0928_1005_r3  n=  4  avg=-52.7%  med=-49.1%  realized=$-116.00
  b69|c069_s165_w2_1005_1045_r4  n= 11  avg=+19.0%  med=-43.6%  realized=$-179.00
  b69|c069_s166_w2_1005_1045_r3  n=  4  avg=+10.1%  med=-40.0%  realized=$-87.00
  b70|c070_s165_w3_1045_1120_r4  n= 11  avg=-2.1%  med=-16.9%  realized=$-6.00
  b70|c070_s166_w3_1045_1120_r3  n=  4  avg=-42.5%  med=-27.0%  realized=$-124.00
  b70|g070_eod_tp30_sl20  n=  1  avg=+59.1%  med=+59.1%  realized=$+27.77
  b76|c076_s164_w1_0928_1005_r3  n=  1  avg=-50.0%  med=-50.0%  realized=$-2.00
  b88|c088_s165_w1_0928_1005_r5  n= 21  avg=-5.0%  med=-2.7%  realized=$-63.00
  b88|c088_s167_w1_0928_1005_r4  n=  4  avg=-12.7%  med=+30.9%  realized=$-28.00
  b89|c089_s165_w2_1005_1045_r5  n=  7  avg=+113.1%  med=+30.9%  realized=$+67.00
  b89|c089_s167_w2_1005_1045_r4  n=  2  avg=-16.2%  med=+30.9%  realized=$-22.00
  b8|c008_s165_w1_0928_1005_r1  n= 23  avg=-19.6%  med=-35.3%  realized=$-250.00
  b90|c090_s165_w3_1045_1120_r5  n= 13  avg=+7.7%  med=+0.0%  realized=$+47.00
  b90|c090_s167_w3_1045_1120_r4  n=  4  avg=-41.6%  med=-18.9%  realized=$-123.00
  b91|c091_s165_w4_1120_1135_r5  n=  2  avg=+222.0%  med=+247.0%  realized=$+293.00
  b9|c009_s165_w2_1005_1045_r1  n=  7  avg=-74.4%  med=-66.2%  realized=$-301.00
========================================================
+========================================================================+
|  OPTIONS BOT SUMMARY                                                   |
+------------------------------------------------------------------------+
|  Mode                          entry+manage                            |
|  Equity                        $126,429.56                             |
|  Signals this run              509                                     |
|  Orders submitted (session)    57                                      |
|  Orders filled today (ledger)  45                                      |
|  Entries placed this run       0                                       |
|  Open virtual lots             6                                       |
|  Broker option positions       3                                       |
|  Pending orders                16                                      |
+========================================================================+
+========================================================================+
|  BUCKET LEADERBOARD (reflected ex-S173,S174)                           |
+------------------------------------------------------------------------+
|  Reflected trades=274  buckets=28  win=30%                             |
|  Returns   avg=-5.3%  med=-40.0%  p10=-66.2%  p90=+81.8%               |
|  Realized  $+4,421.13                                                  |
|  Raw incl dropped  trades=808  real=$+2,825.58                         |
|  Today     trades=1  avg=-66.7%  med=-66.7%  real=$-2.00               |
+------------------------------------------------------------------------+
|  BKT PROFILE               N  WIN  AVG%   MED%   BEST%  REAL$          |
+------------------------------------------------------------------------+
|  b51  c051_s169_w2_1005_  1 100% +263.6 +263.6 +263.6 $   +174         |
|  b91  c091_s200_w2_1005_  2 100% +222.0 +222.0 +247.0 $   +293         |
|  b31  c031_s166_w4_1120_  2 100% +145.5 +145.5 +175.8 $   +192         |
|  b28  c028_s166_w3_1045_ 22  77% +50.0 +80.0 +102.0 $   +590           |
|  b58  c058_s170_w2_1005_  1 100% +59.1 +59.1 +59.1 $    +25            |
|  b56  c056_s170_w1_0928_  1 100% +47.7 +47.7 +47.7 $    +21            |
|  b57  c057_s170_w1_0928_  1 100% +47.7 +47.7 +47.7 $    +21            |
|  b89  c089_s200_w1_0928_  9  56% +84.4 +30.9 +790.0 $    +45           |
|  ... 20 more bucket(s) with exits                                      |
+------------------------------------------------------------------------+
|  Low  b20  c020_s165_w3_1045_  1   0% -88.9 -88.9 -88.9 $     -8       |
+========================================================================+
+========================================================================+
|  PENDING ORDERS (16)                                                   |
+------------------------------------------------------------------------+
|  Top groups                    S202:BSX(2), S165:CCL(2), S164:CCL(2)   |
+------------------------------------------------------------------------+
|  b106 S202 BSX      limit=0.07                                         |
|  b107 S202 BSX      limit=0.07                                         |
|  b20  S165 CCL      limit=0.45                                         |
|  b21  S165 CCL      limit=0.45                                         |
|  b12  S164 CCL      limit=0.45                                         |
|  ... 11 more pending order(s)                                          |
+========================================================================+
+========================================================================+
|  OPEN OPTIONS (3)                                                      |
+------------------------------------------------------------------------+
|  SYMBOL                      QTY    RET%        OPEN P&L               |
|------------------------------------------------------------------------|
|  NCLH260731C00022000           1    -23.7%   $     -9.00               |
|  CCL260731C00028000            2     -6.5%   $     -6.00               |
|  PG260731C00155000             3    -66.7%   $     -6.00               |
+========================================================================+
Full detail: logs/options_trial/runs/2026-07-29.log
elapsed=176.4s reconcile=0.08s cancel=0.02s manage=0.46s scan=163.15s entries=12.31s

=== 11:06:11 ET — entry+manage (0 new) [elapsed=230.9s reconcile=0.48s cancel=0.15s manage=0.97s scan=197.49s entries=30.69s] ===
=== options_morning_bot (PAPER) 2026-07-29T11:06:11.026417-04:00 ===

[Run context]
Paper auth OK — equity $127123.52, account PA36KS87UPRS
  reconcile: layout changed controlled:100:c000_s173_w1_0928_1005_r1 -> controlled:248:c000_s163_w1_0928_1005_r1
  reconcile: exit fill b108|S202 PG -33.3%
  reconcile: removed 1 stale lot(s)

[Setup]
Active buckets: 248 | Strategies: S165, S164, S168, S167, S166, S163, S169, S170, S171, S172, S175, S200, S201, S202, S203, S204, S205, S206, S207, S208, S209, S210, S211, S212, S213, S214, S215, S216, S217, S218, S219
Dropped (no new entries; ex-reflected P&L): S173, S174

[Scan + entries]
Scanning 903 symbols for [S165, S164, S168, S167, S166, S163, S169, S170, S171, S172, S175, S200, S201, S202, S203, S204, S205, S206, S207, S208, S209, S210, S211, S212, S213, S214, S215, S216, S217, S218, S219] …
Fetched daily bars for 903/903 symbols
Found 505 signal(s); top: ['S165:AMCR', 'S165:AON', 'S165:AMAT', 'S165:ACGL', 'S165:BSX', 'S165:BLDR', 'S165:BG', 'S165:CCL']
Paper lab: $126918 broker equity -> 248 bucket(s) ($500 virtual each, unlimited paper)
  [b44|c044_s168_w3_1045_1120_r1] S168 AMCR: no tradeable call
  [b45|c045_s168_w3_1045_1120_r2] S168 AMCR: no tradeable call
  [b44|c044_s168_w3_1045_1120_r1] S168 AON: no tradeable call
  [b45|c045_s168_w3_1045_1120_r2] S168 AON: no tradeable call
  [b44|c044_s168_w3_1045_1120_r1] S168 AMAT: no tradeable call
  [b45|c045_s168_w3_1045_1120_r2] S168 AMAT: no tradeable call
  [b44|c044_s168_w3_1045_1120_r1] S168 ACGL: no tradeable call
  [b45|c045_s168_w3_1045_1120_r2] S168 ACGL: no tradeable call
  [b44|c044_s168_w3_1045_1120_r1] S168 BSX: no tradeable call
  [b45|c045_s168_w3_1045_1120_r2] S168 BSX: no tradeable call
  [b44|c044_s168_w3_1045_1120_r1] S168 BLDR: no tradeable call
  [b45|c045_s168_w3_1045_1120_r2] S168 BLDR: no tradeable call
  [b44|c044_s168_w3_1045_1120_r1] S168 BG: no tradeable call
  [b45|c045_s168_w3_1045_1120_r2] S168 BG: no tradeable call
  [b44|c044_s168_w3_1045_1120_r1] S168 CCL: no tradeable call
  [b45|c045_s168_w3_1045_1120_r2] S168 CCL: no tradeable call
  [b44|c044_s168_w3_1045_1120_r1] S168 CAT: no tradeable call
  [b45|c045_s168_w3_1045_1120_r2] S168 CAT: no tradeable call
  [b44|c044_s168_w3_1045_1120_r1] S168 CSGP: no tradeable call
  [b45|c045_s168_w3_1045_1120_r2] S168 CSGP: no tradeable call
  [b44|c044_s168_w3_1045_1120_r1] S168 DAL: no tradeable call
  [b45|c045_s168_w3_1045_1120_r2] S168 DAL: no tradeable call
  [b44|c044_s168_w3_1045_1120_r1] S168 FLEX: no tradeable call
  [b45|c045_s168_w3_1045_1120_r2] S168 FLEX: no tradeable call
  [b44|c044_s168_w3_1045_1120_r1] S168 FTV: no tradeable call
  [b45|c045_s168_w3_1045_1120_r2] S168 FTV: no tradeable call
  [b44|c044_s168_w3_1045_1120_r1] S168 IP: no tradeable call
  [b45|c045_s168_w3_1045_1120_r2] S168 IP: no tradeable call
  [b44|c044_s168_w3_1045_1120_r1] S168 KKR: no tradeable call
  [b45|c045_s168_w3_1045_1120_r2] S168 KKR: no tradeable call
  [b44|c044_s168_w3_1045_1120_r1] S168 KLAC: no tradeable call
  [b45|c045_s168_w3_1045_1120_r2] S168 KLAC: no tradeable call
  [b44|c044_s168_w3_1045_1120_r1] S168 LII: no tradeable call
  [b45|c045_s168_w3_1045_1120_r2] S168 LII: no tradeable call
  [b44|c044_s168_w3_1045_1120_r1] S168 MAS: no tradeable call
  [b45|c045_s168_w3_1045_1120_r2] S168 MAS: no tradeable call
  [b44|c044_s168_w3_1045_1120_r1] S168 NCLH: no tradeable call
  [b45|c045_s168_w3_1045_1120_r2] S168 NCLH: no tradeable call
  [b44|c044_s168_w3_1045_1120_r1] S168 NXPI: no tradeable call
  [b45|c045_s168_w3_1045_1120_r2] S168 NXPI: no tradeable call
  [b44|c044_s168_w3_1045_1120_r1] S168 ODFL: no tradeable call
  [b45|c045_s168_w3_1045_1120_r2] S168 ODFL: no tradeable call
  [b44|c044_s168_w3_1045_1120_r1] S168 OMC: no tradeable call
  [b45|c045_s168_w3_1045_1120_r2] S168 OMC: no tradeable call
  [b44|c044_s168_w3_1045_1120_r1] S168 PPG: no tradeable call
  [b45|c045_s168_w3_1045_1120_r2] S168 PPG: no tradeable call
  [b44|c044_s168_w3_1045_1120_r1] S168 PG: no tradeable call
  [b45|c045_s168_w3_1045_1120_r2] S168 PG: no tradeable call
  [b44|c044_s168_w3_1045_1120_r1] S168 SWKS: no tradeable call
  [b45|c045_s168_w3_1045_1120_r2] S168 SWKS: no tradeable call
  [b44|c044_s168_w3_1045_1120_r1] S168 SW: no tradeable call
  [b45|c045_s168_w3_1045_1120_r2] S168 SW: no tradeable call
  [b44|c044_s168_w3_1045_1120_r1] S168 LUV: no tradeable call
  [b45|c045_s168_w3_1045_1120_r2] S168 LUV: no tradeable call
  [b44|c044_s168_w3_1045_1120_r1] S168 TPR: no tradeable call
  [b45|c045_s168_w3_1045_1120_r2] S168 TPR: no tradeable call
  [b44|c044_s168_w3_1045_1120_r1] S168 UAL: no tradeable call
  [b45|c045_s168_w3_1045_1120_r2] S168 UAL: no tradeable call
  [b44|c044_s168_w3_1045_1120_r1] S168 VRT: no tradeable call
  [b45|c045_s168_w3_1045_1120_r2] S168 VRT: no tradeable call
  [b44|c044_s168_w3_1045_1120_r1] S168 V: no tradeable call
  [b45|c045_s168_w3_1045_1120_r2] S168 V: no tradeable call
  [b44|c044_s168_w3_1045_1120_r1] S168 AAL: no tradeable call
  [b45|c045_s168_w3_1045_1120_r2] S168 AAL: no tradeable call
  [b44|c044_s168_w3_1045_1120_r1] S168 AGCO: no tradeable call
  [b45|c045_s168_w3_1045_1120_r2] S168 AGCO: no tradeable call
  [b44|c044_s168_w3_1045_1120_r1] S168 ALK: no tradeable call
  [b45|c045_s168_w3_1045_1120_r2] S168 ALK: no tradeable call
  [b44|c044_s168_w3_1045_1120_r1] S168 ANF: no tradeable call
  [b45|c045_s168_w3_1045_1120_r2] S168 ANF: no tradeable call
  [b44|c044_s168_w3_1045_1120_r1] S168 BBWI: no tradeable call
  [b45|c045_s168_w3_1045_1120_r2] S168 BBWI: no tradeable call
  [b44|c044_s168_w3_1045_1120_r1] S168 CAR: no tradeable call
  [b45|c045_s168_w3_1045_1120_r2] S168 CAR: no tradeable call
  [b44|c044_s168_w3_1045_1120_r1] S168 CHWY: no tradeable call
  [b45|c045_s168_w3_1045_1120_r2] S168 CHWY: no tradeable call
  [b44|c044_s168_w3_1045_1120_r1] S168 CPRI: no tradeable call
  [b45|c045_s168_w3_1045_1120_r2] S168 CPRI: no tradeable call
  [b44|c044_s168_w3_1045_1120_r1] S168 CR: no tradeable call
  [b45|c045_s168_w3_1045_1120_r2] S168 CR: no tradeable call
  [b44|c044_s168_w3_1045_1120_r1] S168 ELF: no tradeable call
  [b45|c045_s168_w3_1045_1120_r2] S168 ELF: no tradeable call
  [b44|c044_s168_w3_1045_1120_r1] S168 ENTG: no tradeable call
  [b45|c045_s168_w3_1045_1120_r2] S168 ENTG: no tradeable call
  [b44|c044_s168_w3_1045_1120_r1] S168 ESAB: no tradeable call
  [b45|c045_s168_w3_1045_1120_r2] S168 ESAB: no tradeable call
  [b44|c044_s168_w3_1045_1120_r1] S168 EVR: no tradeable call
  [b45|c045_s168_w3_1045_1120_r2] S168 EVR: no tradeable call
  [b44|c044_s168_w3_1045_1120_r1] S168 FBIN: no tradeable call
  [b45|c045_s168_w3_1045_1120_r2] S168 FBIN: no tradeable call
  [b44|c044_s168_w3_1045_1120_r1] S168 GPK: no tradeable call
  [b45|c045_s168_w3_1045_1120_r2] S168 GPK: no tradeable call
  [b44|c044_s168_w3_1045_1120_r1] S168 H: no tradeable call
  [b45|c045_s168_w3_1045_1120_r2] S168 H: no tradeable call
  [b44|c044_s168_w3_1045_1120_r1] S168 HIMS: no tradeable call
  [b45|c045_s168_w3_1045_1120_r2] S168 HIMS: no tradeable call
  [b44|c044_s168_w3_1045_1120_r1] S168 KEX: no tradeable call
  [b45|c045_s168_w3_1045_1120_r2] S168 KEX: no tradeable call
  [b44|c044_s168_w3_1045_1120_r1] S168 LSTR: no tradeable call
  [b45|c045_s168_w3_1045_1120_r2] S168 LSTR: no tradeable call
  [b44|c044_s168_w3_1045_1120_r1] S168 M: no tradeable call
  [b45|c045_s168_w3_1045_1120_r2] S168 M: no tradeable call
  [b44|c044_s168_w3_1045_1120_r1] S168 ONTO: no tradeable call
  [b45|c045_s168_w3_1045_1120_r2] S168 ONTO: no tradeable call
  [b44|c044_s168_w3_1045_1120_r1] S168 OSK: no tradeable call
  [b45|c045_s168_w3_1045_1120_r2] S168 OSK: no tradeable call
  [b44|c044_s168_w3_1045_1120_r1] S168 PSN: no tradeable call
  [b45|c045_s168_w3_1045_1120_r2] S168 PSN: no tradeable call
  [b44|c044_s168_w3_1045_1120_r1] S168 PVH: no tradeable call
  [b45|c045_s168_w3_1045_1120_r2] S168 PVH: no tradeable call
  [b44|c044_s168_w3_1045_1120_r1] S168 RH: no tradeable call
  [b45|c045_s168_w3_1045_1120_r2] S168 RH: no tradeable call
  [b44|c044_s168_w3_1045_1120_r1] S168 SGI: no tradeable call
  [b45|c045_s168_w3_1045_1120_r2] S168 SGI: no tradeable call
  [b44|c044_s168_w3_1045_1120_r1] S168 SLGN: no tradeable call
  [b45|c045_s168_w3_1045_1120_r2] S168 SLGN: no tradeable call
  [b44|c044_s168_w3_1045_1120_r1] S168 TEX: no tradeable call
  [b45|c045_s168_w3_1045_1120_r2] S168 TEX: no tradeable call
  [b44|c044_s168_w3_1045_1120_r1] S168 UNM: no tradeable call
  [b45|c045_s168_w3_1045_1120_r2] S168 UNM: no tradeable call
  [b44|c044_s168_w3_1045_1120_r1] S168 VFC: no tradeable call
  [b45|c045_s168_w3_1045_1120_r2] S168 VFC: no tradeable call
  [b44|c044_s168_w3_1045_1120_r1] S168 VIAV: no tradeable call
  [b45|c045_s168_w3_1045_1120_r2] S168 VIAV: no tradeable call
  [b44|c044_s168_w3_1045_1120_r1] S168 WMS: no tradeable call
  [b45|c045_s168_w3_1045_1120_r2] S168 WMS: no tradeable call
  [b44|c044_s168_w3_1045_1120_r1] S168 WSO: no tradeable call
  [b45|c045_s168_w3_1045_1120_r2] S168 WSO: no tradeable call
  [b124|c124_s204_w3_1045_1120_r1] S204 LAD: no tradeable call
  [b125|c125_s204_w3_1045_1120_r2] S204 LAD: no tradeable call
  [b132|c132_s205_w3_1045_1120_r1] S205 PSN: no tradeable call
  [b133|c133_s205_w3_1045_1120_r2] S205 PSN: no tradeable call
  [b228|c228_s217_w3_1045_1120_r1] S217 GLW: no tradeable call
  [b229|c229_s217_w3_1045_1120_r2] S217 GLW: no tradeable call
  [b228|c228_s217_w3_1045_1120_r1] S217 FLEX: no tradeable call
  [b229|c229_s217_w3_1045_1120_r2] S217 FLEX: no tradeable call
  [b228|c228_s217_w3_1045_1120_r1] S217 KLAC: no tradeable call
  [b229|c229_s217_w3_1045_1120_r2] S217 KLAC: no tradeable call
  [b228|c228_s217_w3_1045_1120_r1] S217 MRNA: no tradeable call
  [b229|c229_s217_w3_1045_1120_r2] S217 MRNA: no tradeable call
  [b228|c228_s217_w3_1045_1120_r1] S217 CVLT: no tradeable call
  [b229|c229_s217_w3_1045_1120_r2] S217 CVLT: no tradeable call
  [b228|c228_s217_w3_1045_1120_r1] S217 LSTR: no tradeable call
  [b229|c229_s217_w3_1045_1120_r2] S217 LSTR: no tradeable call
  Skipped: 144 no tradeable call, 110 already attempted today, 594 pending order
Placed 0 new entry order(s).
  reconcile: layout changed controlled:100:c000_s173_w1_0928_1005_r1 -> controlled:248:c000_s163_w1_0928_1005_r1

[Portfolio snapshot]
========================================================
OPTIONS TRIAL STATS
========================================================
Account equity: $127,123.52
Active buckets: 248 of 248 profiles ($500 virtual each) — paper unlimited mode

P&L summary
  Reflected (ex-S173,S174): $+4,420.13 all-time  |  $-3.00 today
  Raw (incl dropped):     $+2,824.58 all-time  |  $-3.00 today
  Open (not sold yet): $-6.00 unrealized (virtual lots)
  Premium deployed:    $98.00 in open positions
  Combined P&L:        $+4,414.13 (reflected realized + open virtual)

Ledger (master)
  Total events:     6013
  Today entries:    45
  Today exits (reflected): 2
  All-time exits (reflected): 275  wins 30%
  Avg return/trade: -5.4%  median -40.0%

Open virtual lots (by bucket)
  b4 c004_s163_w3_1045_1120_r1  prem=$    46  real=$ +0.00  open=$ -2.00  lots=1  [S163:CCLx1]
       buy: ask-0.01  sell: bid-0.01  tp=+50% sl=-50%
  b5 c005_s163_w3_1045_1120_r2  prem=$    46  real=$ +0.00  open=$ -2.00  lots=1  [S163:CCLx1]
       buy: ask-0.01  sell: bid-0.01  tp=+50% sl=-50%
  b108 c108_s202_w3_1045_1120_r1  prem=$     0  real=$ -1.00  open=$ +0.00  lots=0  [-]
       buy: ask-0.01  sell: bid-0.01  tp=+50% sl=-50%
  b109 c109_s202_w3_1045_1120_r2  prem=$     0  real=$ -2.00  open=$ +0.00  lots=0  [-]
       buy: ask-0.01  sell: bid-0.01  tp=+50% sl=-50%
  b236 c236_s218_w3_1045_1120_r1  prem=$     3  real=$ +0.00  open=$ -1.00  lots=1  [S218:PGx1]
       buy: ask-0.01  sell: bid-0.01  tp=+50% sl=-50%
  b237 c237_s218_w3_1045_1120_r2  prem=$     3  real=$ +0.00  open=$ -1.00  lots=1  [S218:PGx1]
       buy: ask-0.01  sell: bid-0.01  tp=+50% sl=-50%
  (242 quiet bucket profile(s) — no trades yet)

Pending orders: 16
  b106 S202 BSX limit=0.07
  b107 S202 BSX limit=0.07
  b20 S165 CCL limit=0.45
  b21 S165 CCL limit=0.45
  b12 S164 CCL limit=0.45

Alpaca option positions
  CCL260731C00028000  qty=2  cost=$92.00  return=-4.3%  open P&L=$-4.00
  PG260731C00155000  qty=2  cost=$6.00  return=-33.3%  open P&L=$-2.00

Per-bucket exit stats (all time)
  b0|orphan_reconcile     n= 22  avg=+22.4%  med=-57.5%  realized=$+6,310.91
  b104|c104_s164_w1_0928_1005_r4  n=  1  avg=-88.9%  med=-88.9%  realized=$-8.00
  b108|c108_s202_w3_1045_1120_r1  n=  1  avg=-33.3%  med=-33.3%  realized=$-1.00
  b109|c109_s202_w3_1045_1120_r2  n=  1  avg=-66.7%  med=-66.7%  realized=$-2.00
  b10|c010_s165_w3_1045_1120_r1  n=  8  avg=-37.2%  med=-18.9%  realized=$-205.00
  b132|c132_s164_w1_0928_1005_r5  n=  2  avg=-65.7%  med=-53.6%  realized=$-37.00
  b135|c135_s164_w4_1120_1135_r5  n=  1  avg=-50.0%  med=-50.0%  realized=$-4.00
  b20|c020_s164_w1_0928_1005_r1  n=  1  avg=-88.9%  med=-88.9%  realized=$-8.00
  b28|c028_s165_w1_0928_1005_r2  n= 17  avg=+49.5%  med=+80.0%  realized=$+448.00
  b28|c028_s173_w1_0928_1005_r2  n=  5  avg=+51.6%  med=+80.0%  realized=$+142.00
  b29|c029_s165_w2_1005_1045_r2  n=  9  avg=-23.3%  med=-50.0%  realized=$-221.00
  b29|c029_s173_w2_1005_1045_r2  n=  2  avg=-69.3%  med=-48.5%  realized=$-78.00
  b30|c030_s165_w3_1045_1120_r2  n=  9  avg=+38.8%  med=+0.0%  realized=$+260.00
  b30|c030_s173_w3_1045_1120_r2  n=  2  avg=-9.5%  med=+0.0%  realized=$-14.00
  b31|c031_s165_w4_1120_1135_r2  n=  2  avg=+145.5%  med=+175.8%  realized=$+192.00
  b48|c048_s164_w1_0928_1005_r2  n=  5  avg=-33.1%  med=-49.1%  realized=$-91.00
  b48|c048_s165_w1_0928_1005_r3  n= 16  avg=-35.9%  med=-49.1%  realized=$-344.00
  b49|c049_s164_w2_1005_1045_r2  n=  4  avg=-51.8%  med=-44.0%  realized=$-133.00
  b49|c049_s165_w2_1005_1045_r3  n= 15  avg=-49.3%  med=-49.1%  realized=$-458.00
  b50|c050_s164_w3_1045_1120_r2  n=  4  avg=-39.6%  med=-16.7%  realized=$-115.00
  b50|c050_s165_w3_1045_1120_r3  n=  9  avg=-23.6%  med=-23.1%  realized=$-142.00
  b51|c051_s165_w4_1120_1135_r3  n=  1  avg=+263.6%  med=+263.6%  realized=$+174.00
  b56|g056_lim_tp20_sl65  n=  1  avg=+47.7%  med=+47.7%  realized=$+20.52
  b57|g057_mid_tp20_sl65  n=  1  avg=+47.7%  med=+47.7%  realized=$+20.52
  b58|g058_eod_tp20_sl65  n=  1  avg=+59.1%  med=+59.1%  realized=$+25.41
  b68|c068_s165_w1_0928_1005_r4  n= 16  avg=-51.3%  med=-49.1%  realized=$-446.00
  b68|c068_s166_w1_0928_1005_r3  n=  4  avg=-52.7%  med=-49.1%  realized=$-116.00
  b69|c069_s165_w2_1005_1045_r4  n= 11  avg=+19.0%  med=-43.6%  realized=$-179.00
  b69|c069_s166_w2_1005_1045_r3  n=  4  avg=+10.1%  med=-40.0%  realized=$-87.00
  b70|c070_s165_w3_1045_1120_r4  n= 11  avg=-2.1%  med=-16.9%  realized=$-6.00
  b70|c070_s166_w3_1045_1120_r3  n=  4  avg=-42.5%  med=-27.0%  realized=$-124.00
  b70|g070_eod_tp30_sl20  n=  1  avg=+59.1%  med=+59.1%  realized=$+27.77
  b76|c076_s164_w1_0928_1005_r3  n=  1  avg=-50.0%  med=-50.0%  realized=$-2.00
  b88|c088_s165_w1_0928_1005_r5  n= 21  avg=-5.0%  med=-2.7%  realized=$-63.00
  b88|c088_s167_w1_0928_1005_r4  n=  4  avg=-12.7%  med=+30.9%  realized=$-28.00
  b89|c089_s165_w2_1005_1045_r5  n=  7  avg=+113.1%  med=+30.9%  realized=$+67.00
  b89|c089_s167_w2_1005_1045_r4  n=  2  avg=-16.2%  med=+30.9%  realized=$-22.00
  b8|c008_s165_w1_0928_1005_r1  n= 23  avg=-19.6%  med=-35.3%  realized=$-250.00
  b90|c090_s165_w3_1045_1120_r5  n= 13  avg=+7.7%  med=+0.0%  realized=$+47.00
  b90|c090_s167_w3_1045_1120_r4  n=  4  avg=-41.6%  med=-18.9%  realized=$-123.00
  b91|c091_s165_w4_1120_1135_r5  n=  2  avg=+222.0%  med=+247.0%  realized=$+293.00
  b9|c009_s165_w2_1005_1045_r1  n=  7  avg=-74.4%  med=-66.2%  realized=$-301.00
========================================================
+========================================================================+
|  OPTIONS BOT SUMMARY                                                   |
+------------------------------------------------------------------------+
|  Mode                          entry+manage                            |
|  Equity                        $127,123.52                             |
|  Signals this run              505                                     |
|  Orders submitted (session)    57                                      |
|  Orders filled today (ledger)  45                                      |
|  Entries placed this run       0                                       |
|  Open virtual lots             4                                       |
|  Broker option positions       2                                       |
|  Pending orders                16                                      |
+========================================================================+
+========================================================================+
|  BUCKET LEADERBOARD (reflected ex-S173,S174)                           |
+------------------------------------------------------------------------+
|  Reflected trades=275  buckets=29  win=30%                             |
|  Returns   avg=-5.4%  med=-40.0%  p10=-66.2%  p90=+81.8%               |
|  Realized  $+4,420.13                                                  |
|  Raw incl dropped  trades=809  real=$+2,824.58                         |
|  Today     trades=2  avg=-50.0%  med=-50.0%  real=$-3.00               |
+------------------------------------------------------------------------+
|  BKT PROFILE               N  WIN  AVG%   MED%   BEST%  REAL$          |
+------------------------------------------------------------------------+
|  b51  c051_s169_w2_1005_  1 100% +263.6 +263.6 +263.6 $   +174         |
|  b91  c091_s200_w2_1005_  2 100% +222.0 +222.0 +247.0 $   +293         |
|  b31  c031_s166_w4_1120_  2 100% +145.5 +145.5 +175.8 $   +192         |
|  b28  c028_s166_w3_1045_ 22  77% +50.0 +80.0 +102.0 $   +590           |
|  b58  c058_s170_w2_1005_  1 100% +59.1 +59.1 +59.1 $    +25            |
|  b56  c056_s170_w1_0928_  1 100% +47.7 +47.7 +47.7 $    +21            |
|  b57  c057_s170_w1_0928_  1 100% +47.7 +47.7 +47.7 $    +21            |
|  b89  c089_s200_w1_0928_  9  56% +84.4 +30.9 +790.0 $    +45           |
|  ... 21 more bucket(s) with exits                                      |
+------------------------------------------------------------------------+
|  Low  b20  c020_s165_w3_1045_  1   0% -88.9 -88.9 -88.9 $     -8       |
+========================================================================+
+========================================================================+
|  PENDING ORDERS (16)                                                   |
+------------------------------------------------------------------------+
|  Top groups                    S202:BSX(2), S165:CCL(2), S164:CCL(2)   |
+------------------------------------------------------------------------+
|  b106 S202 BSX      limit=0.07                                         |
|  b107 S202 BSX      limit=0.07                                         |
|  b20  S165 CCL      limit=0.45                                         |
|  b21  S165 CCL      limit=0.45                                         |
|  b12  S164 CCL      limit=0.45                                         |
|  ... 11 more pending order(s)                                          |
+========================================================================+
+========================================================================+
|  OPEN OPTIONS (2)                                                      |
+------------------------------------------------------------------------+
|  SYMBOL                      QTY    RET%        OPEN P&L               |
|------------------------------------------------------------------------|
|  CCL260731C00028000            2     -4.3%   $     -4.00               |
|  PG260731C00155000             2    -33.3%   $     -2.00               |
+========================================================================+
Full detail: logs/options_trial/runs/2026-07-29.log
elapsed=230.9s reconcile=0.48s cancel=0.15s manage=0.97s scan=197.49s entries=30.69s

=== 11:16:05 ET — entry+manage (0 new) [elapsed=205.8s reconcile=0.21s cancel=0.06s manage=0.54s scan=180.99s entries=23.26s] ===
=== options_morning_bot (PAPER) 2026-07-29T11:16:05.664607-04:00 ===

[Run context]
Paper auth OK — equity $126207.60, account PA36KS87UPRS
  reconcile: layout changed controlled:100:c000_s173_w1_0928_1005_r1 -> controlled:248:c000_s163_w1_0928_1005_r1

[Setup]
Active buckets: 248 | Strategies: S165, S164, S168, S167, S166, S163, S169, S170, S171, S172, S175, S200, S201, S202, S203, S204, S205, S206, S207, S208, S209, S210, S211, S212, S213, S214, S215, S216, S217, S218, S219
Dropped (no new entries; ex-reflected P&L): S173, S174

[Scan + entries]
Scanning 903 symbols for [S165, S164, S168, S167, S166, S163, S169, S170, S171, S172, S175, S200, S201, S202, S203, S204, S205, S206, S207, S208, S209, S210, S211, S212, S213, S214, S215, S216, S217, S218, S219] …
Fetched daily bars for 903/903 symbols
Found 505 signal(s); top: ['S165:AMCR', 'S165:AON', 'S165:AMAT', 'S165:ACGL', 'S165:BSX', 'S165:BLDR', 'S165:BG', 'S165:CCL']
Paper lab: $126209 broker equity -> 248 bucket(s) ($500 virtual each, unlimited paper)
  [b44|c044_s168_w3_1045_1120_r1] S168 AMCR: no tradeable call
  [b45|c045_s168_w3_1045_1120_r2] S168 AMCR: no tradeable call
  [b44|c044_s168_w3_1045_1120_r1] S168 AON: no tradeable call
  [b45|c045_s168_w3_1045_1120_r2] S168 AON: no tradeable call
  [b44|c044_s168_w3_1045_1120_r1] S168 AMAT: no tradeable call
  [b45|c045_s168_w3_1045_1120_r2] S168 AMAT: no tradeable call
  [b44|c044_s168_w3_1045_1120_r1] S168 ACGL: no tradeable call
  [b45|c045_s168_w3_1045_1120_r2] S168 ACGL: no tradeable call
  [b44|c044_s168_w3_1045_1120_r1] S168 BSX: no tradeable call
  [b45|c045_s168_w3_1045_1120_r2] S168 BSX: no tradeable call
  [b44|c044_s168_w3_1045_1120_r1] S168 BLDR: no tradeable call
  [b45|c045_s168_w3_1045_1120_r2] S168 BLDR: no tradeable call
  [b44|c044_s168_w3_1045_1120_r1] S168 BG: no tradeable call
  [b45|c045_s168_w3_1045_1120_r2] S168 BG: no tradeable call
  [b44|c044_s168_w3_1045_1120_r1] S168 CCL: no tradeable call
  [b45|c045_s168_w3_1045_1120_r2] S168 CCL: no tradeable call
  [b44|c044_s168_w3_1045_1120_r1] S168 CAT: no tradeable call
  [b45|c045_s168_w3_1045_1120_r2] S168 CAT: no tradeable call
  [b44|c044_s168_w3_1045_1120_r1] S168 CSGP: no tradeable call
  [b45|c045_s168_w3_1045_1120_r2] S168 CSGP: no tradeable call
  [b44|c044_s168_w3_1045_1120_r1] S168 DAL: no tradeable call
  [b45|c045_s168_w3_1045_1120_r2] S168 DAL: no tradeable call
  [b44|c044_s168_w3_1045_1120_r1] S168 FLEX: no tradeable call
  [b45|c045_s168_w3_1045_1120_r2] S168 FLEX: no tradeable call
  [b44|c044_s168_w3_1045_1120_r1] S168 FTV: no tradeable call
  [b45|c045_s168_w3_1045_1120_r2] S168 FTV: no tradeable call
  [b44|c044_s168_w3_1045_1120_r1] S168 IP: no tradeable call
  [b45|c045_s168_w3_1045_1120_r2] S168 IP: no tradeable call
  [b44|c044_s168_w3_1045_1120_r1] S168 KKR: no tradeable call
  [b45|c045_s168_w3_1045_1120_r2] S168 KKR: no tradeable call
  [b44|c044_s168_w3_1045_1120_r1] S168 KLAC: no tradeable call
  [b45|c045_s168_w3_1045_1120_r2] S168 KLAC: no tradeable call
  [b44|c044_s168_w3_1045_1120_r1] S168 LII: no tradeable call
  [b45|c045_s168_w3_1045_1120_r2] S168 LII: no tradeable call
  [b44|c044_s168_w3_1045_1120_r1] S168 MAS: no tradeable call
  [b45|c045_s168_w3_1045_1120_r2] S168 MAS: no tradeable call
  [b44|c044_s168_w3_1045_1120_r1] S168 NCLH: no tradeable call
  [b45|c045_s168_w3_1045_1120_r2] S168 NCLH: no tradeable call
  [b44|c044_s168_w3_1045_1120_r1] S168 NXPI: no tradeable call
  [b45|c045_s168_w3_1045_1120_r2] S168 NXPI: no tradeable call
  [b44|c044_s168_w3_1045_1120_r1] S168 ODFL: no tradeable call
  [b45|c045_s168_w3_1045_1120_r2] S168 ODFL: no tradeable call
  [b44|c044_s168_w3_1045_1120_r1] S168 OMC: no tradeable call
  [b45|c045_s168_w3_1045_1120_r2] S168 OMC: no tradeable call
  [b44|c044_s168_w3_1045_1120_r1] S168 PPG: no tradeable call
  [b45|c045_s168_w3_1045_1120_r2] S168 PPG: no tradeable call
  [b44|c044_s168_w3_1045_1120_r1] S168 PG: no tradeable call
  [b45|c045_s168_w3_1045_1120_r2] S168 PG: no tradeable call
  [b44|c044_s168_w3_1045_1120_r1] S168 SWKS: no tradeable call
  [b45|c045_s168_w3_1045_1120_r2] S168 SWKS: no tradeable call
  [b44|c044_s168_w3_1045_1120_r1] S168 SW: no tradeable call
  [b45|c045_s168_w3_1045_1120_r2] S168 SW: no tradeable call
  [b44|c044_s168_w3_1045_1120_r1] S168 LUV: no tradeable call
  [b45|c045_s168_w3_1045_1120_r2] S168 LUV: no tradeable call
  [b44|c044_s168_w3_1045_1120_r1] S168 TPR: no tradeable call
  [b45|c045_s168_w3_1045_1120_r2] S168 TPR: no tradeable call
  [b44|c044_s168_w3_1045_1120_r1] S168 UAL: no tradeable call
  [b45|c045_s168_w3_1045_1120_r2] S168 UAL: no tradeable call
  [b44|c044_s168_w3_1045_1120_r1] S168 VRT: no tradeable call
  [b45|c045_s168_w3_1045_1120_r2] S168 VRT: no tradeable call
  [b44|c044_s168_w3_1045_1120_r1] S168 V: no tradeable call
  [b45|c045_s168_w3_1045_1120_r2] S168 V: no tradeable call
  [b44|c044_s168_w3_1045_1120_r1] S168 AAL: no tradeable call
  [b45|c045_s168_w3_1045_1120_r2] S168 AAL: no tradeable call
  [b44|c044_s168_w3_1045_1120_r1] S168 AGCO: no tradeable call
  [b45|c045_s168_w3_1045_1120_r2] S168 AGCO: no tradeable call
  [b44|c044_s168_w3_1045_1120_r1] S168 ALK: no tradeable call
  [b45|c045_s168_w3_1045_1120_r2] S168 ALK: no tradeable call
  [b44|c044_s168_w3_1045_1120_r1] S168 ANF: no tradeable call
  [b45|c045_s168_w3_1045_1120_r2] S168 ANF: no tradeable call
  [b44|c044_s168_w3_1045_1120_r1] S168 BBWI: no tradeable call
  [b45|c045_s168_w3_1045_1120_r2] S168 BBWI: no tradeable call
  [b44|c044_s168_w3_1045_1120_r1] S168 CAR: no tradeable call
  [b45|c045_s168_w3_1045_1120_r2] S168 CAR: no tradeable call
  [b44|c044_s168_w3_1045_1120_r1] S168 CHWY: no tradeable call
  [b45|c045_s168_w3_1045_1120_r2] S168 CHWY: no tradeable call
  [b44|c044_s168_w3_1045_1120_r1] S168 CPRI: no tradeable call
  [b45|c045_s168_w3_1045_1120_r2] S168 CPRI: no tradeable call
  [b44|c044_s168_w3_1045_1120_r1] S168 CR: no tradeable call
  [b45|c045_s168_w3_1045_1120_r2] S168 CR: no tradeable call
  [b44|c044_s168_w3_1045_1120_r1] S168 ELF: no tradeable call
  [b45|c045_s168_w3_1045_1120_r2] S168 ELF: no tradeable call
  [b44|c044_s168_w3_1045_1120_r1] S168 ENTG: no tradeable call
  [b45|c045_s168_w3_1045_1120_r2] S168 ENTG: no tradeable call
  [b44|c044_s168_w3_1045_1120_r1] S168 ESAB: no tradeable call
  [b45|c045_s168_w3_1045_1120_r2] S168 ESAB: no tradeable call
  [b44|c044_s168_w3_1045_1120_r1] S168 EVR: no tradeable call
  [b45|c045_s168_w3_1045_1120_r2] S168 EVR: no tradeable call
  [b44|c044_s168_w3_1045_1120_r1] S168 FBIN: no tradeable call
  [b45|c045_s168_w3_1045_1120_r2] S168 FBIN: no tradeable call
  [b44|c044_s168_w3_1045_1120_r1] S168 GPK: no tradeable call
  [b45|c045_s168_w3_1045_1120_r2] S168 GPK: no tradeable call
  [b44|c044_s168_w3_1045_1120_r1] S168 H: no tradeable call
  [b45|c045_s168_w3_1045_1120_r2] S168 H: no tradeable call
  [b44|c044_s168_w3_1045_1120_r1] S168 HIMS: no tradeable call
  [b45|c045_s168_w3_1045_1120_r2] S168 HIMS: no tradeable call
  [b44|c044_s168_w3_1045_1120_r1] S168 KEX: no tradeable call
  [b45|c045_s168_w3_1045_1120_r2] S168 KEX: no tradeable call
  [b44|c044_s168_w3_1045_1120_r1] S168 LSTR: no tradeable call
  [b45|c045_s168_w3_1045_1120_r2] S168 LSTR: no tradeable call
  [b44|c044_s168_w3_1045_1120_r1] S168 M: no tradeable call
  [b45|c045_s168_w3_1045_1120_r2] S168 M: no tradeable call
  [b44|c044_s168_w3_1045_1120_r1] S168 ONTO: no tradeable call
  [b45|c045_s168_w3_1045_1120_r2] S168 ONTO: no tradeable call
  [b44|c044_s168_w3_1045_1120_r1] S168 OSK: no tradeable call
  [b45|c045_s168_w3_1045_1120_r2] S168 OSK: no tradeable call
  [b44|c044_s168_w3_1045_1120_r1] S168 PSN: no tradeable call
  [b45|c045_s168_w3_1045_1120_r2] S168 PSN: no tradeable call
  [b44|c044_s168_w3_1045_1120_r1] S168 PVH: no tradeable call
  [b45|c045_s168_w3_1045_1120_r2] S168 PVH: no tradeable call
  [b44|c044_s168_w3_1045_1120_r1] S168 RH: no tradeable call
  [b45|c045_s168_w3_1045_1120_r2] S168 RH: no tradeable call
  [b44|c044_s168_w3_1045_1120_r1] S168 SGI: no tradeable call
  [b45|c045_s168_w3_1045_1120_r2] S168 SGI: no tradeable call
  [b44|c044_s168_w3_1045_1120_r1] S168 SLGN: no tradeable call
  [b45|c045_s168_w3_1045_1120_r2] S168 SLGN: no tradeable call
  [b44|c044_s168_w3_1045_1120_r1] S168 TEX: no tradeable call
  [b45|c045_s168_w3_1045_1120_r2] S168 TEX: no tradeable call
  [b44|c044_s168_w3_1045_1120_r1] S168 UNM: no tradeable call
  [b45|c045_s168_w3_1045_1120_r2] S168 UNM: no tradeable call
  [b44|c044_s168_w3_1045_1120_r1] S168 VFC: no tradeable call
  [b45|c045_s168_w3_1045_1120_r2] S168 VFC: no tradeable call
  [b44|c044_s168_w3_1045_1120_r1] S168 VIAV: no tradeable call
  [b45|c045_s168_w3_1045_1120_r2] S168 VIAV: no tradeable call
  [b44|c044_s168_w3_1045_1120_r1] S168 WMS: no tradeable call
  [b45|c045_s168_w3_1045_1120_r2] S168 WMS: no tradeable call
  [b44|c044_s168_w3_1045_1120_r1] S168 WSO: no tradeable call
  [b45|c045_s168_w3_1045_1120_r2] S168 WSO: no tradeable call
  [b124|c124_s204_w3_1045_1120_r1] S204 LAD: no tradeable call
  [b125|c125_s204_w3_1045_1120_r2] S204 LAD: no tradeable call
  [b132|c132_s205_w3_1045_1120_r1] S205 PSN: no tradeable call
  [b133|c133_s205_w3_1045_1120_r2] S205 PSN: no tradeable call
  [b228|c228_s217_w3_1045_1120_r1] S217 GLW: no tradeable call
  [b229|c229_s217_w3_1045_1120_r2] S217 GLW: no tradeable call
  [b228|c228_s217_w3_1045_1120_r1] S217 FLEX: no tradeable call
  [b229|c229_s217_w3_1045_1120_r2] S217 FLEX: no tradeable call
  [b228|c228_s217_w3_1045_1120_r1] S217 KLAC: no tradeable call
  [b229|c229_s217_w3_1045_1120_r2] S217 KLAC: no tradeable call
  [b228|c228_s217_w3_1045_1120_r1] S217 MRNA: no tradeable call
  [b229|c229_s217_w3_1045_1120_r2] S217 MRNA: no tradeable call
  [b228|c228_s217_w3_1045_1120_r1] S217 CVLT: no tradeable call
  [b229|c229_s217_w3_1045_1120_r2] S217 CVLT: no tradeable call
  [b228|c228_s217_w3_1045_1120_r1] S217 LSTR: no tradeable call
  [b229|c229_s217_w3_1045_1120_r2] S217 LSTR: no tradeable call
  Skipped: 144 no tradeable call, 108 already attempted today, 600 pending order
Placed 0 new entry order(s).
  reconcile: layout changed controlled:100:c000_s173_w1_0928_1005_r1 -> controlled:248:c000_s163_w1_0928_1005_r1
  reconcile: entry fill b37|S167 CCL x1 @ 0.45
  reconcile: entry fill b36|S167 CCL x1 @ 0.45
  reconcile: entry fill b13|S164 CCL x1 @ 0.45
  reconcile: entry fill b12|S164 CCL x1 @ 0.45
  reconcile: entry fill b21|S165 CCL x1 @ 0.45
  reconcile: entry fill b20|S165 CCL x1 @ 0.45

[Portfolio snapshot]
========================================================
OPTIONS TRIAL STATS
========================================================
Account equity: $126,207.60
Active buckets: 248 of 248 profiles ($500 virtual each) — paper unlimited mode

P&L summary
  Reflected (ex-S173,S174): $+4,420.13 all-time  |  $-3.00 today
  Raw (incl dropped):     $+2,824.58 all-time  |  $-3.00 today
  Open (not sold yet): $-28.00 unrealized (virtual lots)
  Premium deployed:    $368.00 in open positions
  Combined P&L:        $+4,392.13 (reflected realized + open virtual)

Ledger (master)
  Total events:     6021
  Today entries:    51
  Today exits (reflected): 2
  All-time exits (reflected): 275  wins 30%
  Avg return/trade: -5.4%  median -40.0%

Open virtual lots (by bucket)
  b4 c004_s163_w3_1045_1120_r1  prem=$    46  real=$ +0.00  open=$ -3.30  lots=1  [S163:CCLx1]
       buy: ask-0.01  sell: bid-0.01  tp=+50% sl=-50%
  b5 c005_s163_w3_1045_1120_r2  prem=$    46  real=$ +0.00  open=$ -3.30  lots=1  [S163:CCLx1]
       buy: ask-0.01  sell: bid-0.01  tp=+50% sl=-50%
  b12 c012_s164_w3_1045_1120_r1  prem=$    45  real=$ +0.00  open=$ -3.23  lots=1  [S164:CCLx1]
       buy: ask-0.01  sell: bid-0.01  tp=+50% sl=-50%
  b13 c013_s164_w3_1045_1120_r2  prem=$    45  real=$ +0.00  open=$ -3.23  lots=1  [S164:CCLx1]
       buy: ask-0.01  sell: bid-0.01  tp=+50% sl=-50%
  b20 c020_s165_w3_1045_1120_r1  prem=$    45  real=$ +0.00  open=$ -3.23  lots=1  [S165:CCLx1]
       buy: ask-0.01  sell: bid-0.01  tp=+50% sl=-50%
  b21 c021_s165_w3_1045_1120_r2  prem=$    45  real=$ +0.00  open=$ -3.23  lots=1  [S165:CCLx1]
       buy: ask-0.01  sell: bid-0.01  tp=+50% sl=-50%
  b36 c036_s167_w3_1045_1120_r1  prem=$    45  real=$ +0.00  open=$ -3.23  lots=1  [S167:CCLx1]
       buy: ask-0.01  sell: bid-0.01  tp=+50% sl=-50%
  b37 c037_s167_w3_1045_1120_r2  prem=$    45  real=$ +0.00  open=$ -3.23  lots=1  [S167:CCLx1]
       buy: ask-0.01  sell: bid-0.01  tp=+50% sl=-50%
  b108 c108_s202_w3_1045_1120_r1  prem=$     0  real=$ -1.00  open=$ +0.00  lots=0  [-]
       buy: ask-0.01  sell: bid-0.01  tp=+50% sl=-50%
  b109 c109_s202_w3_1045_1120_r2  prem=$     0  real=$ -2.00  open=$ +0.00  lots=0  [-]
       buy: ask-0.01  sell: bid-0.01  tp=+50% sl=-50%
  b236 c236_s218_w3_1045_1120_r1  prem=$     3  real=$ +0.00  open=$ -1.00  lots=1  [S218:PGx1]
       buy: ask-0.01  sell: bid-0.01  tp=+50% sl=-50%
  b237 c237_s218_w3_1045_1120_r2  prem=$     3  real=$ +0.00  open=$ -1.00  lots=1  [S218:PGx1]
       buy: ask-0.01  sell: bid-0.01  tp=+50% sl=-50%
  (236 quiet bucket profile(s) — no trades yet)

Pending orders: 10
  b106 S202 BSX limit=0.07
  b107 S202 BSX limit=0.07
  b28 S166 NCLH limit=0.49
  b29 S166 NCLH limit=0.49
  b116 S203 APA limit=0.49

Alpaca option positions
  CCL260731C00028000  qty=8  cost=$362.00  return=-7.2%  open P&L=$-26.00
  PG260731C00155000  qty=2  cost=$6.00  return=-33.3%  open P&L=$-2.00

Per-bucket exit stats (all time)
  b0|orphan_reconcile     n= 22  avg=+22.4%  med=-57.5%  realized=$+6,310.91
  b104|c104_s164_w1_0928_1005_r4  n=  1  avg=-88.9%  med=-88.9%  realized=$-8.00
  b108|c108_s202_w3_1045_1120_r1  n=  1  avg=-33.3%  med=-33.3%  realized=$-1.00
  b109|c109_s202_w3_1045_1120_r2  n=  1  avg=-66.7%  med=-66.7%  realized=$-2.00
  b10|c010_s165_w3_1045_1120_r1  n=  8  avg=-37.2%  med=-18.9%  realized=$-205.00
  b132|c132_s164_w1_0928_1005_r5  n=  2  avg=-65.7%  med=-53.6%  realized=$-37.00
  b135|c135_s164_w4_1120_1135_r5  n=  1  avg=-50.0%  med=-50.0%  realized=$-4.00
  b20|c020_s164_w1_0928_1005_r1  n=  1  avg=-88.9%  med=-88.9%  realized=$-8.00
  b28|c028_s165_w1_0928_1005_r2  n= 17  avg=+49.5%  med=+80.0%  realized=$+448.00
  b28|c028_s173_w1_0928_1005_r2  n=  5  avg=+51.6%  med=+80.0%  realized=$+142.00
  b29|c029_s165_w2_1005_1045_r2  n=  9  avg=-23.3%  med=-50.0%  realized=$-221.00
  b29|c029_s173_w2_1005_1045_r2  n=  2  avg=-69.3%  med=-48.5%  realized=$-78.00
  b30|c030_s165_w3_1045_1120_r2  n=  9  avg=+38.8%  med=+0.0%  realized=$+260.00
  b30|c030_s173_w3_1045_1120_r2  n=  2  avg=-9.5%  med=+0.0%  realized=$-14.00
  b31|c031_s165_w4_1120_1135_r2  n=  2  avg=+145.5%  med=+175.8%  realized=$+192.00
  b48|c048_s164_w1_0928_1005_r2  n=  5  avg=-33.1%  med=-49.1%  realized=$-91.00
  b48|c048_s165_w1_0928_1005_r3  n= 16  avg=-35.9%  med=-49.1%  realized=$-344.00
  b49|c049_s164_w2_1005_1045_r2  n=  4  avg=-51.8%  med=-44.0%  realized=$-133.00
  b49|c049_s165_w2_1005_1045_r3  n= 15  avg=-49.3%  med=-49.1%  realized=$-458.00
  b50|c050_s164_w3_1045_1120_r2  n=  4  avg=-39.6%  med=-16.7%  realized=$-115.00
  b50|c050_s165_w3_1045_1120_r3  n=  9  avg=-23.6%  med=-23.1%  realized=$-142.00
  b51|c051_s165_w4_1120_1135_r3  n=  1  avg=+263.6%  med=+263.6%  realized=$+174.00
  b56|g056_lim_tp20_sl65  n=  1  avg=+47.7%  med=+47.7%  realized=$+20.52
  b57|g057_mid_tp20_sl65  n=  1  avg=+47.7%  med=+47.7%  realized=$+20.52
  b58|g058_eod_tp20_sl65  n=  1  avg=+59.1%  med=+59.1%  realized=$+25.41
  b68|c068_s165_w1_0928_1005_r4  n= 16  avg=-51.3%  med=-49.1%  realized=$-446.00
  b68|c068_s166_w1_0928_1005_r3  n=  4  avg=-52.7%  med=-49.1%  realized=$-116.00
  b69|c069_s165_w2_1005_1045_r4  n= 11  avg=+19.0%  med=-43.6%  realized=$-179.00
  b69|c069_s166_w2_1005_1045_r3  n=  4  avg=+10.1%  med=-40.0%  realized=$-87.00
  b70|c070_s165_w3_1045_1120_r4  n= 11  avg=-2.1%  med=-16.9%  realized=$-6.00
  b70|c070_s166_w3_1045_1120_r3  n=  4  avg=-42.5%  med=-27.0%  realized=$-124.00
  b70|g070_eod_tp30_sl20  n=  1  avg=+59.1%  med=+59.1%  realized=$+27.77
  b76|c076_s164_w1_0928_1005_r3  n=  1  avg=-50.0%  med=-50.0%  realized=$-2.00
  b88|c088_s165_w1_0928_1005_r5  n= 21  avg=-5.0%  med=-2.7%  realized=$-63.00
  b88|c088_s167_w1_0928_1005_r4  n=  4  avg=-12.7%  med=+30.9%  realized=$-28.00
  b89|c089_s165_w2_1005_1045_r5  n=  7  avg=+113.1%  med=+30.9%  realized=$+67.00
  b89|c089_s167_w2_1005_1045_r4  n=  2  avg=-16.2%  med=+30.9%  realized=$-22.00
  b8|c008_s165_w1_0928_1005_r1  n= 23  avg=-19.6%  med=-35.3%  realized=$-250.00
  b90|c090_s165_w3_1045_1120_r5  n= 13  avg=+7.7%  med=+0.0%  realized=$+47.00
  b90|c090_s167_w3_1045_1120_r4  n=  4  avg=-41.6%  med=-18.9%  realized=$-123.00
  b91|c091_s165_w4_1120_1135_r5  n=  2  avg=+222.0%  med=+247.0%  realized=$+293.00
  b9|c009_s165_w2_1005_1045_r1  n=  7  avg=-74.4%  med=-66.2%  realized=$-301.00
========================================================
+========================================================================+
|  OPTIONS BOT SUMMARY                                                   |
+------------------------------------------------------------------------+
|  Mode                          entry+manage                            |
|  Equity                        $126,207.60                             |
|  Signals this run              505                                     |
|  Orders submitted (session)    57                                      |
|  Orders filled today (ledger)  51                                      |
|  Entries placed this run       0                                       |
|  Open virtual lots             10                                      |
|  Broker option positions       2                                       |
|  Pending orders                10                                      |
+========================================================================+
+========================================================================+
|  BUCKET LEADERBOARD (reflected ex-S173,S174)                           |
+------------------------------------------------------------------------+
|  Reflected trades=275  buckets=29  win=30%                             |
|  Returns   avg=-5.4%  med=-40.0%  p10=-66.2%  p90=+81.8%               |
|  Realized  $+4,420.13                                                  |
|  Raw incl dropped  trades=809  real=$+2,824.58                         |
|  Today     trades=2  avg=-50.0%  med=-50.0%  real=$-3.00               |
+------------------------------------------------------------------------+
|  BKT PROFILE               N  WIN  AVG%   MED%   BEST%  REAL$          |
+------------------------------------------------------------------------+
|  b51  c051_s169_w2_1005_  1 100% +263.6 +263.6 +263.6 $   +174         |
|  b91  c091_s200_w2_1005_  2 100% +222.0 +222.0 +247.0 $   +293         |
|  b31  c031_s166_w4_1120_  2 100% +145.5 +145.5 +175.8 $   +192         |
|  b28  c028_s166_w3_1045_ 22  77% +50.0 +80.0 +102.0 $   +590           |
|  b58  c058_s170_w2_1005_  1 100% +59.1 +59.1 +59.1 $    +25            |
|  b56  c056_s170_w1_0928_  1 100% +47.7 +47.7 +47.7 $    +21            |
|  b57  c057_s170_w1_0928_  1 100% +47.7 +47.7 +47.7 $    +21            |
|  b89  c089_s200_w1_0928_  9  56% +84.4 +30.9 +790.0 $    +45           |
|  ... 21 more bucket(s) with exits                                      |
+------------------------------------------------------------------------+
|  Low  b20  c020_s165_w3_1045_  1   0% -88.9 -88.9 -88.9 $     -8       |
+========================================================================+
+========================================================================+
|  PENDING ORDERS (10)                                                   |
+------------------------------------------------------------------------+
|  Top groups                    S202:BSX(2), S166:NCLH(2), S203:APA(2)  |
+------------------------------------------------------------------------+
|  b106 S202 BSX      limit=0.07                                         |
|  b107 S202 BSX      limit=0.07                                         |
|  b28  S166 NCLH     limit=0.49                                         |
|  b29  S166 NCLH     limit=0.49                                         |
|  b116 S203 APA      limit=0.49                                         |
|  ... 5 more pending order(s)                                           |
+========================================================================+
+========================================================================+
|  OPEN OPTIONS (2)                                                      |
+------------------------------------------------------------------------+
|  SYMBOL                      QTY    RET%        OPEN P&L               |
|------------------------------------------------------------------------|
|  CCL260731C00028000            8     -7.2%   $    -26.00               |
|  PG260731C00155000             2    -33.3%   $     -2.00               |
+========================================================================+
Full detail: logs/options_trial/runs/2026-07-29.log
elapsed=205.8s reconcile=0.21s cancel=0.06s manage=0.54s scan=180.99s entries=23.26s

=== 11:31:12 ET — entry+manage (8 new) [elapsed=165.5s reconcile=0.39s cancel=0.06s manage=0.93s scan=139.88s entries=23.46s] ===
=== options_morning_bot (PAPER) 2026-07-29T11:31:12.693972-04:00 ===

[Run context]
Paper auth OK — equity $125182.76, account PA36KS87UPRS
  reconcile: layout changed controlled:100:c000_s173_w1_0928_1005_r1 -> controlled:248:c000_s163_w1_0928_1005_r1
  reconcile: entry fill b7|S163 CCL x1 @ 0.45
  reconcile: entry fill b6|S163 CCL x1 @ 0.45
  reconcile: entry fill b191|S212 CCL x1 @ 0.47
  reconcile: entry fill b190|S212 CCL x1 @ 0.47
  reconcile: entry fill b151|S207 CCL x1 @ 0.47
  reconcile: entry fill b150|S207 CCL x1 @ 0.47
  reconcile: entry fill b119|S203 APA x1 @ 0.55
  reconcile: entry fill b118|S203 APA x1 @ 0.55
  reconcile: entry fill b111|S202 PG x1 @ 0.25
  reconcile: entry fill b110|S202 PG x1 @ 0.25
  reconcile: entry fill b7|S163 CCL x1 @ 0.45
  reconcile: entry fill b6|S163 CCL x1 @ 0.45
  reconcile: entry fill b31|S166 AAL x1 @ 0.72
  reconcile: entry fill b30|S166 AAL x1 @ 0.72
  reconcile: entry fill b39|S167 CCL x1 @ 0.45
  reconcile: entry fill b38|S167 CCL x1 @ 0.45
  reconcile: entry fill b15|S164 CCL x1 @ 0.45
  reconcile: entry fill b14|S164 CCL x1 @ 0.45
  reconcile: entry fill b23|S165 CCL x1 @ 0.45
  reconcile: entry fill b22|S165 CCL x1 @ 0.45

[Setup]
Active buckets: 248 | Strategies: S165, S164, S168, S167, S166, S163, S169, S170, S171, S172, S175, S200, S201, S202, S203, S204, S205, S206, S207, S208, S209, S210, S211, S212, S213, S214, S215, S216, S217, S218, S219
Dropped (no new entries; ex-reflected P&L): S173, S174

[Scan + entries]
Scanning 903 symbols for [S165, S164, S168, S167, S166, S163, S169, S170, S171, S172, S175, S200, S201, S202, S203, S204, S205, S206, S207, S208, S209, S210, S211, S212, S213, S214, S215, S216, S217, S218, S219] …
Fetched daily bars for 903/903 symbols
Found 503 signal(s); top: ['S165:AMCR', 'S165:AON', 'S165:AMAT', 'S165:ACGL', 'S165:BSX', 'S165:BLDR', 'S165:BG', 'S165:CCL']
Paper lab: $124995 broker equity -> 248 bucket(s) ($500 virtual each, unlimited paper)
  [b46|c046_s168_w4_1120_1135_r1] S168 AMCR: no tradeable call
  [b47|c047_s168_w4_1120_1135_r2] S168 AMCR: no tradeable call
  [b46|c046_s168_w4_1120_1135_r1] S168 AON: no tradeable call
  [b47|c047_s168_w4_1120_1135_r2] S168 AON: no tradeable call
  [b46|c046_s168_w4_1120_1135_r1] S168 AMAT: no tradeable call
  [b47|c047_s168_w4_1120_1135_r2] S168 AMAT: no tradeable call
  [b46|c046_s168_w4_1120_1135_r1] S168 ACGL: no tradeable call
  [b47|c047_s168_w4_1120_1135_r2] S168 ACGL: no tradeable call
  [b46|c046_s168_w4_1120_1135_r1] S168 BSX: no tradeable call
  [b47|c047_s168_w4_1120_1135_r2] S168 BSX: no tradeable call
  [b46|c046_s168_w4_1120_1135_r1] S168 BLDR: no tradeable call
  [b47|c047_s168_w4_1120_1135_r2] S168 BLDR: no tradeable call
  [b46|c046_s168_w4_1120_1135_r1] S168 BG: no tradeable call
  [b47|c047_s168_w4_1120_1135_r2] S168 BG: no tradeable call
  [b46|c046_s168_w4_1120_1135_r1] S168 CCL: no tradeable call
  [b47|c047_s168_w4_1120_1135_r2] S168 CCL: no tradeable call
  [b46|c046_s168_w4_1120_1135_r1] S168 CAT: no tradeable call
  [b47|c047_s168_w4_1120_1135_r2] S168 CAT: no tradeable call
  [b46|c046_s168_w4_1120_1135_r1] S168 CSGP: no tradeable call
  [b47|c047_s168_w4_1120_1135_r2] S168 CSGP: no tradeable call
  [b46|c046_s168_w4_1120_1135_r1] S168 DAL: no tradeable call
  [b47|c047_s168_w4_1120_1135_r2] S168 DAL: no tradeable call
  [b46|c046_s168_w4_1120_1135_r1] S168 FLEX: no tradeable call
  [b47|c047_s168_w4_1120_1135_r2] S168 FLEX: no tradeable call
  [b46|c046_s168_w4_1120_1135_r1] S168 FTV: no tradeable call
  [b47|c047_s168_w4_1120_1135_r2] S168 FTV: no tradeable call
  [b46|c046_s168_w4_1120_1135_r1] S168 IP: no tradeable call
  [b47|c047_s168_w4_1120_1135_r2] S168 IP: no tradeable call
  [b46|c046_s168_w4_1120_1135_r1] S168 KKR: no tradeable call
  [b47|c047_s168_w4_1120_1135_r2] S168 KKR: no tradeable call
  [b46|c046_s168_w4_1120_1135_r1] S168 KLAC: no tradeable call
  [b47|c047_s168_w4_1120_1135_r2] S168 KLAC: no tradeable call
  [b46|c046_s168_w4_1120_1135_r1] S168 LII: no tradeable call
  [b47|c047_s168_w4_1120_1135_r2] S168 LII: no tradeable call
  [b46|c046_s168_w4_1120_1135_r1] S168 MAS: no tradeable call
  [b47|c047_s168_w4_1120_1135_r2] S168 MAS: no tradeable call
  [b46|c046_s168_w4_1120_1135_r1] S168 NCLH: no tradeable call
  [b47|c047_s168_w4_1120_1135_r2] S168 NCLH: no tradeable call
  [b46|c046_s168_w4_1120_1135_r1] S168 NXPI: no tradeable call
  [b47|c047_s168_w4_1120_1135_r2] S168 NXPI: no tradeable call
  [b46|c046_s168_w4_1120_1135_r1] S168 ODFL: no tradeable call
  [b47|c047_s168_w4_1120_1135_r2] S168 ODFL: no tradeable call
  [b46|c046_s168_w4_1120_1135_r1] S168 OMC: no tradeable call
  [b47|c047_s168_w4_1120_1135_r2] S168 OMC: no tradeable call
  [b46|c046_s168_w4_1120_1135_r1] S168 PPG: no tradeable call
  [b47|c047_s168_w4_1120_1135_r2] S168 PPG: no tradeable call
  [b46|c046_s168_w4_1120_1135_r1] S168 PG: no tradeable call
  [b47|c047_s168_w4_1120_1135_r2] S168 PG: no tradeable call
  [b46|c046_s168_w4_1120_1135_r1] S168 SWKS: no tradeable call
  [b47|c047_s168_w4_1120_1135_r2] S168 SWKS: no tradeable call
  [b46|c046_s168_w4_1120_1135_r1] S168 SW: no tradeable call
  [b47|c047_s168_w4_1120_1135_r2] S168 SW: no tradeable call
  [b46|c046_s168_w4_1120_1135_r1] S168 LUV: no tradeable call
  [b47|c047_s168_w4_1120_1135_r2] S168 LUV: no tradeable call
  [b46|c046_s168_w4_1120_1135_r1] S168 TPR: no tradeable call
  [b47|c047_s168_w4_1120_1135_r2] S168 TPR: no tradeable call
  [b46|c046_s168_w4_1120_1135_r1] S168 UAL: no tradeable call
  [b47|c047_s168_w4_1120_1135_r2] S168 UAL: no tradeable call
  [b46|c046_s168_w4_1120_1135_r1] S168 VRT: no tradeable call
  [b47|c047_s168_w4_1120_1135_r2] S168 VRT: no tradeable call
  [b46|c046_s168_w4_1120_1135_r1] S168 V: no tradeable call
  [b47|c047_s168_w4_1120_1135_r2] S168 V: no tradeable call
  [b46|c046_s168_w4_1120_1135_r1] S168 AAL: no tradeable call
  [b47|c047_s168_w4_1120_1135_r2] S168 AAL: no tradeable call
  [b46|c046_s168_w4_1120_1135_r1] S168 AGCO: no tradeable call
  [b47|c047_s168_w4_1120_1135_r2] S168 AGCO: no tradeable call
  [b46|c046_s168_w4_1120_1135_r1] S168 ALK: no tradeable call
  [b47|c047_s168_w4_1120_1135_r2] S168 ALK: no tradeable call
  [b46|c046_s168_w4_1120_1135_r1] S168 ANF: no tradeable call
  [b47|c047_s168_w4_1120_1135_r2] S168 ANF: no tradeable call
  [b46|c046_s168_w4_1120_1135_r1] S168 BBWI: no tradeable call
  [b47|c047_s168_w4_1120_1135_r2] S168 BBWI: no tradeable call
  [b46|c046_s168_w4_1120_1135_r1] S168 CAR: no tradeable call
  [b47|c047_s168_w4_1120_1135_r2] S168 CAR: no tradeable call
  [b46|c046_s168_w4_1120_1135_r1] S168 CHWY: no tradeable call
  [b47|c047_s168_w4_1120_1135_r2] S168 CHWY: no tradeable call
  [b46|c046_s168_w4_1120_1135_r1] S168 CPRI: no tradeable call
  [b47|c047_s168_w4_1120_1135_r2] S168 CPRI: no tradeable call
  [b46|c046_s168_w4_1120_1135_r1] S168 CR: no tradeable call
  [b47|c047_s168_w4_1120_1135_r2] S168 CR: no tradeable call
  [b46|c046_s168_w4_1120_1135_r1] S168 ELF: no tradeable call
  [b47|c047_s168_w4_1120_1135_r2] S168 ELF: no tradeable call
  [b46|c046_s168_w4_1120_1135_r1] S168 ENTG: no tradeable call
  [b47|c047_s168_w4_1120_1135_r2] S168 ENTG: no tradeable call
  [b46|c046_s168_w4_1120_1135_r1] S168 ESAB: no tradeable call
  [b47|c047_s168_w4_1120_1135_r2] S168 ESAB: no tradeable call
  [b46|c046_s168_w4_1120_1135_r1] S168 EVR: no tradeable call
  [b47|c047_s168_w4_1120_1135_r2] S168 EVR: no tradeable call
  [b46|c046_s168_w4_1120_1135_r1] S168 FBIN: no tradeable call
  [b47|c047_s168_w4_1120_1135_r2] S168 FBIN: no tradeable call
  [b46|c046_s168_w4_1120_1135_r1] S168 GPK: no tradeable call
  [b47|c047_s168_w4_1120_1135_r2] S168 GPK: no tradeable call
  [b46|c046_s168_w4_1120_1135_r1] S168 H: no tradeable call
  [b47|c047_s168_w4_1120_1135_r2] S168 H: no tradeable call
  [b46|c046_s168_w4_1120_1135_r1] S168 HIMS: no tradeable call
  [b47|c047_s168_w4_1120_1135_r2] S168 HIMS: no tradeable call
  [b46|c046_s168_w4_1120_1135_r1] S168 KEX: no tradeable call
  [b47|c047_s168_w4_1120_1135_r2] S168 KEX: no tradeable call
  [b46|c046_s168_w4_1120_1135_r1] S168 LSTR: no tradeable call
  [b47|c047_s168_w4_1120_1135_r2] S168 LSTR: no tradeable call
  [b46|c046_s168_w4_1120_1135_r1] S168 M: no tradeable call
  [b47|c047_s168_w4_1120_1135_r2] S168 M: no tradeable call
  [b46|c046_s168_w4_1120_1135_r1] S168 ONTO: no tradeable call
  [b47|c047_s168_w4_1120_1135_r2] S168 ONTO: no tradeable call
  [b46|c046_s168_w4_1120_1135_r1] S168 OSK: no tradeable call
  [b47|c047_s168_w4_1120_1135_r2] S168 OSK: no tradeable call
  [b46|c046_s168_w4_1120_1135_r1] S168 PSN: no tradeable call
  [b47|c047_s168_w4_1120_1135_r2] S168 PSN: no tradeable call
  [b46|c046_s168_w4_1120_1135_r1] S168 PVH: no tradeable call
  [b47|c047_s168_w4_1120_1135_r2] S168 PVH: no tradeable call
  [b46|c046_s168_w4_1120_1135_r1] S168 RH: no tradeable call
  [b47|c047_s168_w4_1120_1135_r2] S168 RH: no tradeable call
  [b46|c046_s168_w4_1120_1135_r1] S168 SGI: no tradeable call
  [b47|c047_s168_w4_1120_1135_r2] S168 SGI: no tradeable call
  [b46|c046_s168_w4_1120_1135_r1] S168 SLGN: no tradeable call
  [b47|c047_s168_w4_1120_1135_r2] S168 SLGN: no tradeable call
  [b46|c046_s168_w4_1120_1135_r1] S168 TEX: no tradeable call
  [b47|c047_s168_w4_1120_1135_r2] S168 TEX: no tradeable call
  [b46|c046_s168_w4_1120_1135_r1] S168 UNM: no tradeable call
  [b47|c047_s168_w4_1120_1135_r2] S168 UNM: no tradeable call
  [b46|c046_s168_w4_1120_1135_r1] S168 VFC: no tradeable call
  [b47|c047_s168_w4_1120_1135_r2] S168 VFC: no tradeable call
  [b46|c046_s168_w4_1120_1135_r1] S168 VIAV: no tradeable call
  [b47|c047_s168_w4_1120_1135_r2] S168 VIAV: no tradeable call
  [b46|c046_s168_w4_1120_1135_r1] S168 WMS: no tradeable call
  [b47|c047_s168_w4_1120_1135_r2] S168 WMS: no tradeable call
  [b46|c046_s168_w4_1120_1135_r1] S168 WSO: no tradeable call
  [b47|c047_s168_w4_1120_1135_r2] S168 WSO: no tradeable call
  [b126|c126_s204_w4_1120_1135_r1] S204 LAD: no tradeable call
  [b127|c127_s204_w4_1120_1135_r2] S204 LAD: no tradeable call
  [b134|c134_s205_w4_1120_1135_r1] S205 PSN: no tradeable call
  [b135|c135_s205_w4_1120_1135_r2] S205 PSN: no tradeable call
  ENTRY [b166|c166_s209_w4_1120_1135_r1|S209] BUY 1x BSX260731C00048000 (gap -7.4% recovery above prev close) limit=0.57 (ask=0.58 off=-0.01) tp=+50% sl=-50% pending id=b67532cc-44fb-4110-ab32-a582d85abc07
  ENTRY [b167|c167_s209_w4_1120_1135_r2|S209] BUY 1x BSX260731C00048000 (gap -7.4% recovery above prev close) limit=0.57 (ask=0.58 off=-0.01) tp=+50% sl=-50% pending id=cc49e1a3-dec3-4b54-8145-f57edb589dce
  [b182|c182_s211_w4_1120_1135_r1] S211 BLK: no tradeable call
  [b183|c183_s211_w4_1120_1135_r2] S211 BLK: no tradeable call
  ENTRY [b182|c182_s211_w4_1120_1135_r1|S211] BUY 1x HPQ260731C00028500 (MA21 crossed above MA50) limit=0.53 (ask=0.54 off=-0.01) tp=+50% sl=-50% pending id=8e6e68d0-743c-4eb1-8172-2dafb4a0b4af
  ENTRY [b183|c183_s211_w4_1120_1135_r2|S211] BUY 1x HPQ260731C00028500 (MA21 crossed above MA50) limit=0.53 (ask=0.54 off=-0.01) tp=+50% sl=-50% pending id=be6ca785-1034-4c98-b176-46d7b6a50321
  ENTRY [b222|c222_s216_w4_1120_1135_r1|S216] BUY 1x HAL260731C00031500 (RSI crossed 30: 26.6 -> 30.3) limit=0.42 (ask=0.43 off=-0.01) tp=+50% sl=-50% pending id=e08f43de-a12d-423c-81e3-df45f1c9fc92
  ENTRY [b223|c223_s216_w4_1120_1135_r2|S216] BUY 1x HAL260731C00031500 (RSI crossed 30: 26.6 -> 30.3) limit=0.42 (ask=0.43 off=-0.01) tp=+50% sl=-50% pending id=e81cf839-68bd-4b6e-89bd-8d6ce47b8509
  [b230|c230_s217_w4_1120_1135_r1] S217 FLEX: no tradeable call
  [b231|c231_s217_w4_1120_1135_r2] S217 FLEX: no tradeable call
  [b230|c230_s217_w4_1120_1135_r1] S217 MRNA: no tradeable call
  [b231|c231_s217_w4_1120_1135_r2] S217 MRNA: no tradeable call
  [b238|c238_s218_w4_1120_1135_r1] S218 CL: no tradeable call
  [b239|c239_s218_w4_1120_1135_r2] S218 CL: no tradeable call
  [b238|c238_s218_w4_1120_1135_r1] S218 CSGP: no tradeable call
  [b239|c239_s218_w4_1120_1135_r2] S218 CSGP: no tradeable call
  [b238|c238_s218_w4_1120_1135_r1] S218 FLEX: no tradeable call
  [b239|c239_s218_w4_1120_1135_r2] S218 FLEX: no tradeable call
  [b238|c238_s218_w4_1120_1135_r1] S218 KEY: no tradeable call
  [b239|c239_s218_w4_1120_1135_r2] S218 KEY: no tradeable call
  ENTRY [b238|c238_s218_w4_1120_1135_r1|S218] BUY 1x PG260731C00150000 (low=140.20 BB_lower=144.72 touch+green) limit=0.22 (ask=0.23 off=-0.01) tp=+50% sl=-50% pending id=79267919-0337-4a4e-b0e2-66cf7e942382
  ENTRY [b239|c239_s218_w4_1120_1135_r2|S218] BUY 1x PG260731C00150000 (low=140.20 BB_lower=144.72 touch+green) limit=0.22 (ask=0.23 off=-0.01) tp=+50% sl=-50% pending id=5de783c7-9112-4906-a966-fdae956d7984
  Skipped: 146 no tradeable call, 90 pending order
Placed 8 new entry order(s).
  reconcile: layout changed controlled:100:c000_s173_w1_0928_1005_r1 -> controlled:248:c000_s163_w1_0928_1005_r1
  reconcile: entry fill b223|S216 HAL x1 @ 0.41
  reconcile: entry fill b222|S216 HAL x1 @ 0.41
  reconcile: entry fill b183|S211 HPQ x1 @ 0.52
  reconcile: entry fill b182|S211 HPQ x1 @ 0.52

[Portfolio snapshot]
========================================================
OPTIONS TRIAL STATS
========================================================
Account equity: $125,182.76
Active buckets: 248 of 248 profiles ($500 virtual each) — paper unlimited mode

P&L summary
  Reflected (ex-S173,S174): $+4,420.13 all-time  |  $-3.00 today
  Raw (incl dropped):     $+2,824.58 all-time  |  $-3.00 today
  Open (not sold yet): $-122.00 unrealized (virtual lots)
  Premium deployed:    $1,134.00 in open positions
  Combined P&L:        $+4,298.13 (reflected realized + open virtual)

Ledger (master)
  Total events:     6053
  Today entries:    75
  Today exits (reflected): 2
  All-time exits (reflected): 275  wins 30%
  Avg return/trade: -5.4%  median -40.0%

Open virtual lots (by bucket)
  b6 c006_s163_w4_1120_1135_r1  prem=$    90  real=$ +0.00  open=$ -7.05  lots=2  [S163:CCLx1, S163:CCLx1]
       buy: ask-0.01  sell: bid-0.01  tp=+50% sl=-50%
  b7 c007_s163_w4_1120_1135_r2  prem=$    90  real=$ +0.00  open=$ -7.05  lots=2  [S163:CCLx1, S163:CCLx1]
       buy: ask-0.01  sell: bid-0.01  tp=+50% sl=-50%
  b14 c014_s164_w4_1120_1135_r1  prem=$    45  real=$ +0.00  open=$ -3.53  lots=1  [S164:CCLx1]
       buy: ask-0.01  sell: bid-0.01  tp=+50% sl=-50%
  b15 c015_s164_w4_1120_1135_r2  prem=$    45  real=$ +0.00  open=$ -3.53  lots=1  [S164:CCLx1]
       buy: ask-0.01  sell: bid-0.01  tp=+50% sl=-50%
  b22 c022_s165_w4_1120_1135_r1  prem=$    45  real=$ +0.00  open=$ -3.53  lots=1  [S165:CCLx1]
       buy: ask-0.01  sell: bid-0.01  tp=+50% sl=-50%
  b23 c023_s165_w4_1120_1135_r2  prem=$    45  real=$ +0.00  open=$ -3.53  lots=1  [S165:CCLx1]
       buy: ask-0.01  sell: bid-0.01  tp=+50% sl=-50%
  b30 c030_s166_w4_1120_1135_r1  prem=$    72  real=$ +0.00  open=$-10.00  lots=1  [S166:AALx1]
       buy: ask-0.01  sell: bid-0.01  tp=+50% sl=-50%
  b31 c031_s166_w4_1120_1135_r2  prem=$    72  real=$ +0.00  open=$-10.00  lots=1  [S166:AALx1]
       buy: ask-0.01  sell: bid-0.01  tp=+50% sl=-50%
  b38 c038_s167_w4_1120_1135_r1  prem=$    45  real=$ +0.00  open=$ -3.53  lots=1  [S167:CCLx1]
       buy: ask-0.01  sell: bid-0.01  tp=+50% sl=-50%
  b39 c039_s167_w4_1120_1135_r2  prem=$    45  real=$ +0.00  open=$ -3.53  lots=1  [S167:CCLx1]
       buy: ask-0.01  sell: bid-0.01  tp=+50% sl=-50%
  b108 c108_s202_w3_1045_1120_r1  prem=$     0  real=$ -1.00  open=$ +0.00  lots=0  [-]
       buy: ask-0.01  sell: bid-0.01  tp=+50% sl=-50%
  b109 c109_s202_w3_1045_1120_r2  prem=$     0  real=$ -2.00  open=$ +0.00  lots=0  [-]
       buy: ask-0.01  sell: bid-0.01  tp=+50% sl=-50%
  b110 c110_s202_w4_1120_1135_r1  prem=$    25  real=$ +0.00  open=$ -5.00  lots=1  [S202:PGx1]
       buy: ask-0.01  sell: bid-0.01  tp=+50% sl=-50%
  b111 c111_s202_w4_1120_1135_r2  prem=$    25  real=$ +0.00  open=$ -5.00  lots=1  [S202:PGx1]
       buy: ask-0.01  sell: bid-0.01  tp=+50% sl=-50%
  b118 c118_s203_w4_1120_1135_r1  prem=$    55  real=$ +0.00  open=$ -8.00  lots=1  [S203:APAx1]
       buy: ask-0.01  sell: bid-0.01  tp=+50% sl=-50%
  b119 c119_s203_w4_1120_1135_r2  prem=$    55  real=$ +0.00  open=$ -8.00  lots=1  [S203:APAx1]
       buy: ask-0.01  sell: bid-0.01  tp=+50% sl=-50%
  b150 c150_s207_w4_1120_1135_r1  prem=$    47  real=$ +0.00  open=$ -3.68  lots=1  [S207:CCLx1]
       buy: ask-0.01  sell: bid-0.01  tp=+50% sl=-50%
  b151 c151_s207_w4_1120_1135_r2  prem=$    47  real=$ +0.00  open=$ -3.68  lots=1  [S207:CCLx1]
       buy: ask-0.01  sell: bid-0.01  tp=+50% sl=-50%
  b182 c182_s211_w4_1120_1135_r1  prem=$    52  real=$ +0.00  open=$ -5.00  lots=1  [S211:HPQx1]
       buy: ask-0.01  sell: bid-0.01  tp=+50% sl=-50%
  b183 c183_s211_w4_1120_1135_r2  prem=$    52  real=$ +0.00  open=$ -5.00  lots=1  [S211:HPQx1]
       buy: ask-0.01  sell: bid-0.01  tp=+50% sl=-50%
  (6 more active bucket(s) omitted)
  (222 quiet bucket profile(s) — no trades yet)

Pending orders: 16
  b106 S202 BSX limit=0.07
  b107 S202 BSX limit=0.07
  b28 S166 NCLH limit=0.49
  b29 S166 NCLH limit=0.49
  b116 S203 APA limit=0.49

Alpaca option positions
  AAL260731C00014500  qty=2  cost=$144.00  return=-13.9%  open P&L=$-20.00
  APA260731P00036000  qty=2  cost=$110.00  return=-14.5%  open P&L=$-16.00
  CCL260731C00028000  qty=14  cost=$638.00  return=-7.8%  open P&L=$-50.00
  HAL260731C00031500  qty=2  cost=$82.00  return=-17.1%  open P&L=$-14.00
  HPQ260731C00028500  qty=2  cost=$104.00  return=-9.6%  open P&L=$-10.00
  PG260731C00150000  qty=2  cost=$50.00  return=-20.0%  open P&L=$-10.00
  PG260731C00155000  qty=2  cost=$6.00  return=-33.3%  open P&L=$-2.00

Per-bucket exit stats (all time)
  b0|orphan_reconcile     n= 22  avg=+22.4%  med=-57.5%  realized=$+6,310.91
  b104|c104_s164_w1_0928_1005_r4  n=  1  avg=-88.9%  med=-88.9%  realized=$-8.00
  b108|c108_s202_w3_1045_1120_r1  n=  1  avg=-33.3%  med=-33.3%  realized=$-1.00
  b109|c109_s202_w3_1045_1120_r2  n=  1  avg=-66.7%  med=-66.7%  realized=$-2.00
  b10|c010_s165_w3_1045_1120_r1  n=  8  avg=-37.2%  med=-18.9%  realized=$-205.00
  b132|c132_s164_w1_0928_1005_r5  n=  2  avg=-65.7%  med=-53.6%  realized=$-37.00
  b135|c135_s164_w4_1120_1135_r5  n=  1  avg=-50.0%  med=-50.0%  realized=$-4.00
  b20|c020_s164_w1_0928_1005_r1  n=  1  avg=-88.9%  med=-88.9%  realized=$-8.00
  b28|c028_s165_w1_0928_1005_r2  n= 17  avg=+49.5%  med=+80.0%  realized=$+448.00
  b28|c028_s173_w1_0928_1005_r2  n=  5  avg=+51.6%  med=+80.0%  realized=$+142.00
  b29|c029_s165_w2_1005_1045_r2  n=  9  avg=-23.3%  med=-50.0%  realized=$-221.00
  b29|c029_s173_w2_1005_1045_r2  n=  2  avg=-69.3%  med=-48.5%  realized=$-78.00
  b30|c030_s165_w3_1045_1120_r2  n=  9  avg=+38.8%  med=+0.0%  realized=$+260.00
  b30|c030_s173_w3_1045_1120_r2  n=  2  avg=-9.5%  med=+0.0%  realized=$-14.00
  b31|c031_s165_w4_1120_1135_r2  n=  2  avg=+145.5%  med=+175.8%  realized=$+192.00
  b48|c048_s164_w1_0928_1005_r2  n=  5  avg=-33.1%  med=-49.1%  realized=$-91.00
  b48|c048_s165_w1_0928_1005_r3  n= 16  avg=-35.9%  med=-49.1%  realized=$-344.00
  b49|c049_s164_w2_1005_1045_r2  n=  4  avg=-51.8%  med=-44.0%  realized=$-133.00
  b49|c049_s165_w2_1005_1045_r3  n= 15  avg=-49.3%  med=-49.1%  realized=$-458.00
  b50|c050_s164_w3_1045_1120_r2  n=  4  avg=-39.6%  med=-16.7%  realized=$-115.00
  b50|c050_s165_w3_1045_1120_r3  n=  9  avg=-23.6%  med=-23.1%  realized=$-142.00
  b51|c051_s165_w4_1120_1135_r3  n=  1  avg=+263.6%  med=+263.6%  realized=$+174.00
  b56|g056_lim_tp20_sl65  n=  1  avg=+47.7%  med=+47.7%  realized=$+20.52
  b57|g057_mid_tp20_sl65  n=  1  avg=+47.7%  med=+47.7%  realized=$+20.52
  b58|g058_eod_tp20_sl65  n=  1  avg=+59.1%  med=+59.1%  realized=$+25.41
  b68|c068_s165_w1_0928_1005_r4  n= 16  avg=-51.3%  med=-49.1%  realized=$-446.00
  b68|c068_s166_w1_0928_1005_r3  n=  4  avg=-52.7%  med=-49.1%  realized=$-116.00
  b69|c069_s165_w2_1005_1045_r4  n= 11  avg=+19.0%  med=-43.6%  realized=$-179.00
  b69|c069_s166_w2_1005_1045_r3  n=  4  avg=+10.1%  med=-40.0%  realized=$-87.00
  b70|c070_s165_w3_1045_1120_r4  n= 11  avg=-2.1%  med=-16.9%  realized=$-6.00
  b70|c070_s166_w3_1045_1120_r3  n=  4  avg=-42.5%  med=-27.0%  realized=$-124.00
  b70|g070_eod_tp30_sl20  n=  1  avg=+59.1%  med=+59.1%  realized=$+27.77
  b76|c076_s164_w1_0928_1005_r3  n=  1  avg=-50.0%  med=-50.0%  realized=$-2.00
  b88|c088_s165_w1_0928_1005_r5  n= 21  avg=-5.0%  med=-2.7%  realized=$-63.00
  b88|c088_s167_w1_0928_1005_r4  n=  4  avg=-12.7%  med=+30.9%  realized=$-28.00
  b89|c089_s165_w2_1005_1045_r5  n=  7  avg=+113.1%  med=+30.9%  realized=$+67.00
  b89|c089_s167_w2_1005_1045_r4  n=  2  avg=-16.2%  med=+30.9%  realized=$-22.00
  b8|c008_s165_w1_0928_1005_r1  n= 23  avg=-19.6%  med=-35.3%  realized=$-250.00
  b90|c090_s165_w3_1045_1120_r5  n= 13  avg=+7.7%  med=+0.0%  realized=$+47.00
  b90|c090_s167_w3_1045_1120_r4  n=  4  avg=-41.6%  med=-18.9%  realized=$-123.00
  b91|c091_s165_w4_1120_1135_r5  n=  2  avg=+222.0%  med=+247.0%  realized=$+293.00
  b9|c009_s165_w2_1005_1045_r1  n=  7  avg=-74.4%  med=-66.2%  realized=$-301.00
========================================================
+========================================================================+
|  OPTIONS BOT SUMMARY                                                   |
+------------------------------------------------------------------------+
|  Mode                          entry+manage                            |
|  Equity                        $125,182.76                             |
|  Signals this run              503                                     |
|  Orders submitted (session)    83                                      |
|  Orders filled today (ledger)  75                                      |
|  Entries placed this run       8                                       |
|  Open virtual lots             26                                      |
|  Broker option positions       7                                       |
|  Pending orders                16                                      |
+========================================================================+
+========================================================================+
|  BUCKET LEADERBOARD (reflected ex-S173,S174)                           |
+------------------------------------------------------------------------+
|  Reflected trades=275  buckets=29  win=30%                             |
|  Returns   avg=-5.4%  med=-40.0%  p10=-66.2%  p90=+81.8%               |
|  Realized  $+4,420.13                                                  |
|  Raw incl dropped  trades=809  real=$+2,824.58                         |
|  Today     trades=2  avg=-50.0%  med=-50.0%  real=$-3.00               |
+------------------------------------------------------------------------+
|  BKT PROFILE               N  WIN  AVG%   MED%   BEST%  REAL$          |
+------------------------------------------------------------------------+
|  b51  c051_s169_w2_1005_  1 100% +263.6 +263.6 +263.6 $   +174         |
|  b91  c091_s200_w2_1005_  2 100% +222.0 +222.0 +247.0 $   +293         |
|  b31  c031_s166_w4_1120_  2 100% +145.5 +145.5 +175.8 $   +192         |
|  b28  c028_s166_w3_1045_ 22  77% +50.0 +80.0 +102.0 $   +590           |
|  b58  c058_s170_w2_1005_  1 100% +59.1 +59.1 +59.1 $    +25            |
|  b56  c056_s170_w1_0928_  1 100% +47.7 +47.7 +47.7 $    +21            |
|  b57  c057_s170_w1_0928_  1 100% +47.7 +47.7 +47.7 $    +21            |
|  b89  c089_s200_w1_0928_  9  56% +84.4 +30.9 +790.0 $    +45           |
|  ... 21 more bucket(s) with exits                                      |
+------------------------------------------------------------------------+
|  Low  b20  c020_s165_w3_1045_  1   0% -88.9 -88.9 -88.9 $     -8       |
+========================================================================+
+========================================================================+
|  PENDING ORDERS (16)                                                   |
+------------------------------------------------------------------------+
|  Top groups                    S202:BSX(2), S166:NCLH(2), S203:APA(2)  |
+------------------------------------------------------------------------+
|  b106 S202 BSX      limit=0.07                                         |
|  b107 S202 BSX      limit=0.07                                         |
|  b28  S166 NCLH     limit=0.49                                         |
|  b29  S166 NCLH     limit=0.49                                         |
|  b116 S203 APA      limit=0.49                                         |
|  ... 11 more pending order(s)                                          |
+========================================================================+
+========================================================================+
|  OPEN OPTIONS (7)                                                      |
+------------------------------------------------------------------------+
|  SYMBOL                      QTY    RET%        OPEN P&L               |
|------------------------------------------------------------------------|
|  CCL260731C00028000           14     -7.8%   $    -50.00               |
|  AAL260731C00014500            2    -13.9%   $    -20.00               |
|  APA260731P00036000            2    -14.5%   $    -16.00               |
|  HAL260731C00031500            2    -17.1%   $    -14.00               |
|  HPQ260731C00028500            2     -9.6%   $    -10.00               |
|  PG260731C00150000             2    -20.0%   $    -10.00               |
|  PG260731C00155000             2    -33.3%   $     -2.00               |
+========================================================================+
Full detail: logs/options_trial/runs/2026-07-29.log
elapsed=165.5s reconcile=0.39s cancel=0.06s manage=0.93s scan=139.88s entries=23.46s

=== 11:37:21 ET — manage-only (past entry window) [elapsed=1.0s reconcile=0.1s cancel=0.19s manage=0.44s] ===
=== options_morning_bot (PAPER) 2026-07-29T11:37:21.290793-04:00 ===

[Run context]
Paper auth OK — equity $125106.28, account PA36KS87UPRS
  reconcile: layout changed controlled:100:c000_s173_w1_0928_1005_r1 -> controlled:248:c000_s163_w1_0928_1005_r1
  reconcile: entry fill b167|S209 BSX x1 @ 0.55
  reconcile: entry fill b166|S209 BSX x1 @ 0.55
  reconcile: removed 20 stale lot(s)

[Setup]
Active buckets: 248 | Strategies: S165, S164, S168, S167, S166, S163, S169, S170, S171, S172, S175, S200, S201, S202, S203, S204, S205, S206, S207, S208, S209, S210, S211, S212, S213, S214, S215, S216, S217, S218, S219
Dropped (no new entries; ex-reflected P&L): S173, S174
Cancelled 20 unfilled LAB entry order(s).
  EXIT [b236|c236_s218_w3_1045_1120_r1|S218] stop_loss (-66.7%) SELL 1 PG260731C00155000 @<= 0.02  id=b20a35a0-2fab-4dab-993d-d85ed49508fa

[Manage only]
Past entry window; manage/exit only.

[Portfolio snapshot]
========================================================
OPTIONS TRIAL STATS
========================================================
Account equity: $125,106.28
Active buckets: 248 of 248 profiles ($500 virtual each) — paper unlimited mode

P&L summary
  Reflected (ex-S173,S174): $+4,420.13 all-time  |  $-3.00 today
  Raw (incl dropped):     $+2,824.58 all-time  |  $-3.00 today
  Open (not sold yet): $-60.00 unrealized (virtual lots)
  Premium deployed:    $276.00 in open positions
  Combined P&L:        $+4,360.13 (reflected realized + open virtual)

Ledger (master)
  Total events:     6079
  Today entries:    77
  Today exits (reflected): 2
  All-time exits (reflected): 275  wins 30%
  Avg return/trade: -5.4%  median -40.0%

Open virtual lots (by bucket)
  b108 c108_s202_w3_1045_1120_r1  prem=$     0  real=$ -1.00  open=$ +0.00  lots=0  [-]
       buy: ask-0.01  sell: bid-0.01  tp=+50% sl=-50%
  b109 c109_s202_w3_1045_1120_r2  prem=$     0  real=$ -2.00  open=$ +0.00  lots=0  [-]
       buy: ask-0.01  sell: bid-0.01  tp=+50% sl=-50%
  b110 c110_s202_w4_1120_1135_r1  prem=$    25  real=$ +0.00  open=$ -5.00  lots=1  [S202:PGx1]
       buy: ask-0.01  sell: bid-0.01  tp=+50% sl=-50%
  b111 c111_s202_w4_1120_1135_r2  prem=$    25  real=$ +0.00  open=$ -5.00  lots=1  [S202:PGx1]
       buy: ask-0.01  sell: bid-0.01  tp=+50% sl=-50%
  b118 c118_s203_w4_1120_1135_r1  prem=$    55  real=$ +0.00  open=$ -8.00  lots=1  [S203:APAx1]
       buy: ask-0.01  sell: bid-0.01  tp=+50% sl=-50%
  b119 c119_s203_w4_1120_1135_r2  prem=$    55  real=$ +0.00  open=$ -8.00  lots=1  [S203:APAx1]
       buy: ask-0.01  sell: bid-0.01  tp=+50% sl=-50%
  b166 c166_s209_w4_1120_1135_r1  prem=$    55  real=$ +0.00  open=$-15.00  lots=1  [S209:BSXx1]
       buy: ask-0.01  sell: bid-0.01  tp=+50% sl=-50%
  b167 c167_s209_w4_1120_1135_r2  prem=$    55  real=$ +0.00  open=$-15.00  lots=1  [S209:BSXx1]
       buy: ask-0.01  sell: bid-0.01  tp=+50% sl=-50%
  b236 c236_s218_w3_1045_1120_r1  prem=$     3  real=$ +0.00  open=$ -2.00  lots=1  [S218:PGx1]
       buy: ask-0.01  sell: bid-0.01  tp=+50% sl=-50%
  b237 c237_s218_w3_1045_1120_r2  prem=$     3  real=$ +0.00  open=$ -2.00  lots=1  [S218:PGx1]
       buy: ask-0.01  sell: bid-0.01  tp=+50% sl=-50%
  (238 quiet bucket profile(s) — no trades yet)

Pending orders: 14
  b106 S202 BSX limit=0.07
  b107 S202 BSX limit=0.07
  b28 S166 NCLH limit=0.49
  b29 S166 NCLH limit=0.49
  b116 S203 APA limit=0.49

Alpaca option positions
  APA260731P00036000  qty=2  cost=$110.00  return=-14.5%  open P&L=$-16.00
  BSX260731C00048000  qty=2  cost=$110.00  return=-27.3%  open P&L=$-30.00
  PG260731C00150000  qty=2  cost=$50.00  return=-20.0%  open P&L=$-10.00
  PG260731C00155000  qty=2  cost=$6.00  return=-66.7%  open P&L=$-4.00

Per-bucket exit stats (all time)
  b0|orphan_reconcile     n= 22  avg=+22.4%  med=-57.5%  realized=$+6,310.91
  b104|c104_s164_w1_0928_1005_r4  n=  1  avg=-88.9%  med=-88.9%  realized=$-8.00
  b108|c108_s202_w3_1045_1120_r1  n=  1  avg=-33.3%  med=-33.3%  realized=$-1.00
  b109|c109_s202_w3_1045_1120_r2  n=  1  avg=-66.7%  med=-66.7%  realized=$-2.00
  b10|c010_s165_w3_1045_1120_r1  n=  8  avg=-37.2%  med=-18.9%  realized=$-205.00
  b132|c132_s164_w1_0928_1005_r5  n=  2  avg=-65.7%  med=-53.6%  realized=$-37.00
  b135|c135_s164_w4_1120_1135_r5  n=  1  avg=-50.0%  med=-50.0%  realized=$-4.00
  b20|c020_s164_w1_0928_1005_r1  n=  1  avg=-88.9%  med=-88.9%  realized=$-8.00
  b28|c028_s165_w1_0928_1005_r2  n= 17  avg=+49.5%  med=+80.0%  realized=$+448.00
  b28|c028_s173_w1_0928_1005_r2  n=  5  avg=+51.6%  med=+80.0%  realized=$+142.00
  b29|c029_s165_w2_1005_1045_r2  n=  9  avg=-23.3%  med=-50.0%  realized=$-221.00
  b29|c029_s173_w2_1005_1045_r2  n=  2  avg=-69.3%  med=-48.5%  realized=$-78.00
  b30|c030_s165_w3_1045_1120_r2  n=  9  avg=+38.8%  med=+0.0%  realized=$+260.00
  b30|c030_s173_w3_1045_1120_r2  n=  2  avg=-9.5%  med=+0.0%  realized=$-14.00
  b31|c031_s165_w4_1120_1135_r2  n=  2  avg=+145.5%  med=+175.8%  realized=$+192.00
  b48|c048_s164_w1_0928_1005_r2  n=  5  avg=-33.1%  med=-49.1%  realized=$-91.00
  b48|c048_s165_w1_0928_1005_r3  n= 16  avg=-35.9%  med=-49.1%  realized=$-344.00
  b49|c049_s164_w2_1005_1045_r2  n=  4  avg=-51.8%  med=-44.0%  realized=$-133.00
  b49|c049_s165_w2_1005_1045_r3  n= 15  avg=-49.3%  med=-49.1%  realized=$-458.00
  b50|c050_s164_w3_1045_1120_r2  n=  4  avg=-39.6%  med=-16.7%  realized=$-115.00
  b50|c050_s165_w3_1045_1120_r3  n=  9  avg=-23.6%  med=-23.1%  realized=$-142.00
  b51|c051_s165_w4_1120_1135_r3  n=  1  avg=+263.6%  med=+263.6%  realized=$+174.00
  b56|g056_lim_tp20_sl65  n=  1  avg=+47.7%  med=+47.7%  realized=$+20.52
  b57|g057_mid_tp20_sl65  n=  1  avg=+47.7%  med=+47.7%  realized=$+20.52
  b58|g058_eod_tp20_sl65  n=  1  avg=+59.1%  med=+59.1%  realized=$+25.41
  b68|c068_s165_w1_0928_1005_r4  n= 16  avg=-51.3%  med=-49.1%  realized=$-446.00
  b68|c068_s166_w1_0928_1005_r3  n=  4  avg=-52.7%  med=-49.1%  realized=$-116.00
  b69|c069_s165_w2_1005_1045_r4  n= 11  avg=+19.0%  med=-43.6%  realized=$-179.00
  b69|c069_s166_w2_1005_1045_r3  n=  4  avg=+10.1%  med=-40.0%  realized=$-87.00
  b70|c070_s165_w3_1045_1120_r4  n= 11  avg=-2.1%  med=-16.9%  realized=$-6.00
  b70|c070_s166_w3_1045_1120_r3  n=  4  avg=-42.5%  med=-27.0%  realized=$-124.00
  b70|g070_eod_tp30_sl20  n=  1  avg=+59.1%  med=+59.1%  realized=$+27.77
  b76|c076_s164_w1_0928_1005_r3  n=  1  avg=-50.0%  med=-50.0%  realized=$-2.00
  b88|c088_s165_w1_0928_1005_r5  n= 21  avg=-5.0%  med=-2.7%  realized=$-63.00
  b88|c088_s167_w1_0928_1005_r4  n=  4  avg=-12.7%  med=+30.9%  realized=$-28.00
  b89|c089_s165_w2_1005_1045_r5  n=  7  avg=+113.1%  med=+30.9%  realized=$+67.00
  b89|c089_s167_w2_1005_1045_r4  n=  2  avg=-16.2%  med=+30.9%  realized=$-22.00
  b8|c008_s165_w1_0928_1005_r1  n= 23  avg=-19.6%  med=-35.3%  realized=$-250.00
  b90|c090_s165_w3_1045_1120_r5  n= 13  avg=+7.7%  med=+0.0%  realized=$+47.00
  b90|c090_s167_w3_1045_1120_r4  n=  4  avg=-41.6%  med=-18.9%  realized=$-123.00
  b91|c091_s165_w4_1120_1135_r5  n=  2  avg=+222.0%  med=+247.0%  realized=$+293.00
  b9|c009_s165_w2_1005_1045_r1  n=  7  avg=-74.4%  med=-66.2%  realized=$-301.00
========================================================
+========================================================================+
|  OPTIONS BOT SUMMARY                                                   |
+------------------------------------------------------------------------+
|  Mode                          manage-only                             |
|  Equity                        $125,106.28                             |
|  Signals this run              0                                       |
|  Orders submitted (session)    83                                      |
|  Orders filled today (ledger)  77                                      |
|  Entries placed this run       0                                       |
|  Open virtual lots             8                                       |
|  Broker option positions       4                                       |
|  Pending orders                14                                      |
+========================================================================+
+========================================================================+
|  BUCKET LEADERBOARD (reflected ex-S173,S174)                           |
+------------------------------------------------------------------------+
|  Reflected trades=275  buckets=29  win=30%                             |
|  Returns   avg=-5.4%  med=-40.0%  p10=-66.2%  p90=+81.8%               |
|  Realized  $+4,420.13                                                  |
|  Raw incl dropped  trades=809  real=$+2,824.58                         |
|  Today     trades=2  avg=-50.0%  med=-50.0%  real=$-3.00               |
+------------------------------------------------------------------------+
|  BKT PROFILE               N  WIN  AVG%   MED%   BEST%  REAL$          |
+------------------------------------------------------------------------+
|  b51  c051_s169_w2_1005_  1 100% +263.6 +263.6 +263.6 $   +174         |
|  b91  c091_s200_w2_1005_  2 100% +222.0 +222.0 +247.0 $   +293         |
|  b31  c031_s166_w4_1120_  2 100% +145.5 +145.5 +175.8 $   +192         |
|  b28  c028_s166_w3_1045_ 22  77% +50.0 +80.0 +102.0 $   +590           |
|  b58  c058_s170_w2_1005_  1 100% +59.1 +59.1 +59.1 $    +25            |
|  b56  c056_s170_w1_0928_  1 100% +47.7 +47.7 +47.7 $    +21            |
|  b57  c057_s170_w1_0928_  1 100% +47.7 +47.7 +47.7 $    +21            |
|  b89  c089_s200_w1_0928_  9  56% +84.4 +30.9 +790.0 $    +45           |
|  ... 21 more bucket(s) with exits                                      |
+------------------------------------------------------------------------+
|  Low  b20  c020_s165_w3_1045_  1   0% -88.9 -88.9 -88.9 $     -8       |
+========================================================================+
+========================================================================+
|  PENDING ORDERS (14)                                                   |
+------------------------------------------------------------------------+
|  Top groups                    S202:BSX(2), S166:NCLH(2), S203:APA(2)  |
+------------------------------------------------------------------------+
|  b106 S202 BSX      limit=0.07                                         |
|  b107 S202 BSX      limit=0.07                                         |
|  b28  S166 NCLH     limit=0.49                                         |
|  b29  S166 NCLH     limit=0.49                                         |
|  b116 S203 APA      limit=0.49                                         |
|  ... 9 more pending order(s)                                           |
+========================================================================+
+========================================================================+
|  PENDING EXITS (1)                                                     |
+------------------------------------------------------------------------+
|  b236 S218 PG260731C00155000 x1 stop_loss (-66.7%)                     |
+========================================================================+
+========================================================================+
|  OPEN OPTIONS (4)                                                      |
+------------------------------------------------------------------------+
|  SYMBOL                      QTY    RET%        OPEN P&L               |
|------------------------------------------------------------------------|
|  BSX260731C00048000            2    -27.3%   $    -30.00               |
|  APA260731P00036000            2    -14.5%   $    -16.00               |
|  PG260731C00150000             2    -20.0%   $    -10.00               |
|  PG260731C00155000             2    -66.7%   $     -4.00               |
+========================================================================+
Full detail: logs/options_trial/runs/2026-07-29.log
elapsed=1.0s reconcile=0.1s cancel=0.19s manage=0.44s

=== 11:40:57 ET — manage-only (past entry window) [elapsed=1.6s reconcile=0.39s cancel=0.19s manage=0.51s] ===
=== options_morning_bot (PAPER) 2026-07-29T11:40:57.659861-04:00 ===

[Run context]
Paper auth OK — equity $124772.14, account PA36KS87UPRS
  reconcile: layout changed controlled:100:c000_s173_w1_0928_1005_r1 -> controlled:248:c000_s163_w1_0928_1005_r1
  reconcile: exit fill b236|S218 PG -33.3%
  reconcile: cleared 14 resolved pending order(s)
  reconcile: removed 6 stale lot(s)

[Setup]
Active buckets: 248 | Strategies: S165, S164, S168, S167, S166, S163, S169, S170, S171, S172, S175, S200, S201, S202, S203, S204, S205, S206, S207, S208, S209, S210, S211, S212, S213, S214, S215, S216, S217, S218, S219
Dropped (no new entries; ex-reflected P&L): S173, S174

[Manage only]
Past entry window; manage/exit only.

[Portfolio snapshot]
========================================================
OPTIONS TRIAL STATS
========================================================
Account equity: $124,772.14
Active buckets: 248 of 248 profiles ($500 virtual each) — paper unlimited mode

P&L summary
  Reflected (ex-S173,S174): $+4,419.13 all-time  |  $-4.00 today
  Raw (incl dropped):     $+2,823.58 all-time  |  $-4.00 today
  Open (not sold yet): $-1.00 unrealized (virtual lots)
  Premium deployed:    $3.00 in open positions
  Combined P&L:        $+4,418.13 (reflected realized + open virtual)

Ledger (master)
  Total events:     6086
  Today entries:    77
  Today exits (reflected): 3
  All-time exits (reflected): 276  wins 30%
  Avg return/trade: -5.5%  median -40.0%

Open virtual lots (by bucket)
  b108 c108_s202_w3_1045_1120_r1  prem=$     0  real=$ -1.00  open=$ +0.00  lots=0  [-]
       buy: ask-0.01  sell: bid-0.01  tp=+50% sl=-50%
  b109 c109_s202_w3_1045_1120_r2  prem=$     0  real=$ -2.00  open=$ +0.00  lots=0  [-]
       buy: ask-0.01  sell: bid-0.01  tp=+50% sl=-50%
  b236 c236_s218_w3_1045_1120_r1  prem=$     0  real=$ -1.00  open=$ +0.00  lots=0  [-]
       buy: ask-0.01  sell: bid-0.01  tp=+50% sl=-50%
  b237 c237_s218_w3_1045_1120_r2  prem=$     3  real=$ +0.00  open=$ -1.00  lots=1  [S218:PGx1]
       buy: ask-0.01  sell: bid-0.01  tp=+50% sl=-50%
  (244 quiet bucket profile(s) — no trades yet)

Alpaca option positions
  PG260731C00155000  qty=1  cost=$3.00  return=-33.3%  open P&L=$-1.00

Per-bucket exit stats (all time)
  b0|orphan_reconcile     n= 22  avg=+22.4%  med=-57.5%  realized=$+6,310.91
  b104|c104_s164_w1_0928_1005_r4  n=  1  avg=-88.9%  med=-88.9%  realized=$-8.00
  b108|c108_s202_w3_1045_1120_r1  n=  1  avg=-33.3%  med=-33.3%  realized=$-1.00
  b109|c109_s202_w3_1045_1120_r2  n=  1  avg=-66.7%  med=-66.7%  realized=$-2.00
  b10|c010_s165_w3_1045_1120_r1  n=  8  avg=-37.2%  med=-18.9%  realized=$-205.00
  b132|c132_s164_w1_0928_1005_r5  n=  2  avg=-65.7%  med=-53.6%  realized=$-37.00
  b135|c135_s164_w4_1120_1135_r5  n=  1  avg=-50.0%  med=-50.0%  realized=$-4.00
  b20|c020_s164_w1_0928_1005_r1  n=  1  avg=-88.9%  med=-88.9%  realized=$-8.00
  b236|c236_s218_w3_1045_1120_r1  n=  1  avg=-33.3%  med=-33.3%  realized=$-1.00
  b28|c028_s165_w1_0928_1005_r2  n= 17  avg=+49.5%  med=+80.0%  realized=$+448.00
  b28|c028_s173_w1_0928_1005_r2  n=  5  avg=+51.6%  med=+80.0%  realized=$+142.00
  b29|c029_s165_w2_1005_1045_r2  n=  9  avg=-23.3%  med=-50.0%  realized=$-221.00
  b29|c029_s173_w2_1005_1045_r2  n=  2  avg=-69.3%  med=-48.5%  realized=$-78.00
  b30|c030_s165_w3_1045_1120_r2  n=  9  avg=+38.8%  med=+0.0%  realized=$+260.00
  b30|c030_s173_w3_1045_1120_r2  n=  2  avg=-9.5%  med=+0.0%  realized=$-14.00
  b31|c031_s165_w4_1120_1135_r2  n=  2  avg=+145.5%  med=+175.8%  realized=$+192.00
  b48|c048_s164_w1_0928_1005_r2  n=  5  avg=-33.1%  med=-49.1%  realized=$-91.00
  b48|c048_s165_w1_0928_1005_r3  n= 16  avg=-35.9%  med=-49.1%  realized=$-344.00
  b49|c049_s164_w2_1005_1045_r2  n=  4  avg=-51.8%  med=-44.0%  realized=$-133.00
  b49|c049_s165_w2_1005_1045_r3  n= 15  avg=-49.3%  med=-49.1%  realized=$-458.00
  b50|c050_s164_w3_1045_1120_r2  n=  4  avg=-39.6%  med=-16.7%  realized=$-115.00
  b50|c050_s165_w3_1045_1120_r3  n=  9  avg=-23.6%  med=-23.1%  realized=$-142.00
  b51|c051_s165_w4_1120_1135_r3  n=  1  avg=+263.6%  med=+263.6%  realized=$+174.00
  b56|g056_lim_tp20_sl65  n=  1  avg=+47.7%  med=+47.7%  realized=$+20.52
  b57|g057_mid_tp20_sl65  n=  1  avg=+47.7%  med=+47.7%  realized=$+20.52
  b58|g058_eod_tp20_sl65  n=  1  avg=+59.1%  med=+59.1%  realized=$+25.41
  b68|c068_s165_w1_0928_1005_r4  n= 16  avg=-51.3%  med=-49.1%  realized=$-446.00
  b68|c068_s166_w1_0928_1005_r3  n=  4  avg=-52.7%  med=-49.1%  realized=$-116.00
  b69|c069_s165_w2_1005_1045_r4  n= 11  avg=+19.0%  med=-43.6%  realized=$-179.00
  b69|c069_s166_w2_1005_1045_r3  n=  4  avg=+10.1%  med=-40.0%  realized=$-87.00
  b70|c070_s165_w3_1045_1120_r4  n= 11  avg=-2.1%  med=-16.9%  realized=$-6.00
  b70|c070_s166_w3_1045_1120_r3  n=  4  avg=-42.5%  med=-27.0%  realized=$-124.00
  b70|g070_eod_tp30_sl20  n=  1  avg=+59.1%  med=+59.1%  realized=$+27.77
  b76|c076_s164_w1_0928_1005_r3  n=  1  avg=-50.0%  med=-50.0%  realized=$-2.00
  b88|c088_s165_w1_0928_1005_r5  n= 21  avg=-5.0%  med=-2.7%  realized=$-63.00
  b88|c088_s167_w1_0928_1005_r4  n=  4  avg=-12.7%  med=+30.9%  realized=$-28.00
  b89|c089_s165_w2_1005_1045_r5  n=  7  avg=+113.1%  med=+30.9%  realized=$+67.00
  b89|c089_s167_w2_1005_1045_r4  n=  2  avg=-16.2%  med=+30.9%  realized=$-22.00
  b8|c008_s165_w1_0928_1005_r1  n= 23  avg=-19.6%  med=-35.3%  realized=$-250.00
  b90|c090_s165_w3_1045_1120_r5  n= 13  avg=+7.7%  med=+0.0%  realized=$+47.00
  b90|c090_s167_w3_1045_1120_r4  n=  4  avg=-41.6%  med=-18.9%  realized=$-123.00
  b91|c091_s165_w4_1120_1135_r5  n=  2  avg=+222.0%  med=+247.0%  realized=$+293.00
  b9|c009_s165_w2_1005_1045_r1  n=  7  avg=-74.4%  med=-66.2%  realized=$-301.00
========================================================
+========================================================================+
|  OPTIONS BOT SUMMARY                                                   |
+------------------------------------------------------------------------+
|  Mode                          manage-only                             |
|  Equity                        $124,772.14                             |
|  Signals this run              0                                       |
|  Orders submitted (session)    83                                      |
|  Orders filled today (ledger)  77                                      |
|  Entries placed this run       0                                       |
|  Open virtual lots             1                                       |
|  Broker option positions       1                                       |
|  Pending orders                0                                       |
+========================================================================+
+========================================================================+
|  BUCKET LEADERBOARD (reflected ex-S173,S174)                           |
+------------------------------------------------------------------------+
|  Reflected trades=276  buckets=30  win=30%                             |
|  Returns   avg=-5.5%  med=-40.0%  p10=-66.2%  p90=+81.8%               |
|  Realized  $+4,419.13                                                  |
|  Raw incl dropped  trades=810  real=$+2,823.58                         |
|  Today     trades=3  avg=-44.4%  med=-33.3%  real=$-4.00               |
+------------------------------------------------------------------------+
|  BKT PROFILE               N  WIN  AVG%   MED%   BEST%  REAL$          |
+------------------------------------------------------------------------+
|  b51  c051_s169_w2_1005_  1 100% +263.6 +263.6 +263.6 $   +174         |
|  b91  c091_s200_w2_1005_  2 100% +222.0 +222.0 +247.0 $   +293         |
|  b31  c031_s166_w4_1120_  2 100% +145.5 +145.5 +175.8 $   +192         |
|  b28  c028_s166_w3_1045_ 22  77% +50.0 +80.0 +102.0 $   +590           |
|  b58  c058_s170_w2_1005_  1 100% +59.1 +59.1 +59.1 $    +25            |
|  b56  c056_s170_w1_0928_  1 100% +47.7 +47.7 +47.7 $    +21            |
|  b57  c057_s170_w1_0928_  1 100% +47.7 +47.7 +47.7 $    +21            |
|  b89  c089_s200_w1_0928_  9  56% +84.4 +30.9 +790.0 $    +45           |
|  ... 22 more bucket(s) with exits                                      |
+------------------------------------------------------------------------+
|  Low  b20  c020_s165_w3_1045_  1   0% -88.9 -88.9 -88.9 $     -8       |
+========================================================================+
+========================================================================+
|  OPEN OPTIONS (1)                                                      |
+------------------------------------------------------------------------+
|  SYMBOL                      QTY    RET%        OPEN P&L               |
|------------------------------------------------------------------------|
|  PG260731C00155000             1    -33.3%   $     -1.00               |
+========================================================================+
Full detail: logs/options_trial/runs/2026-07-29.log
elapsed=1.6s reconcile=0.39s cancel=0.19s manage=0.51s

=== 11:45:49 ET — manage-only (past entry window) [elapsed=1.9s reconcile=0.49s cancel=0.22s manage=0.58s] ===
=== options_morning_bot (PAPER) 2026-07-29T11:45:49.124099-04:00 ===

[Run context]
Paper auth OK — equity $124664.14, account PA36KS87UPRS
  reconcile: layout changed controlled:100:c000_s173_w1_0928_1005_r1 -> controlled:248:c000_s163_w1_0928_1005_r1

[Setup]
Active buckets: 248 | Strategies: S165, S164, S168, S167, S166, S163, S169, S170, S171, S172, S175, S200, S201, S202, S203, S204, S205, S206, S207, S208, S209, S210, S211, S212, S213, S214, S215, S216, S217, S218, S219
Dropped (no new entries; ex-reflected P&L): S173, S174

[Manage only]
Past entry window; manage/exit only.

[Portfolio snapshot]
========================================================
OPTIONS TRIAL STATS
========================================================
Account equity: $124,664.14
Active buckets: 248 of 248 profiles ($500 virtual each) — paper unlimited mode

P&L summary
  Reflected (ex-S173,S174): $+4,419.13 all-time  |  $-4.00 today
  Raw (incl dropped):     $+2,823.58 all-time  |  $-4.00 today
  Open (not sold yet): $-1.00 unrealized (virtual lots)
  Premium deployed:    $3.00 in open positions
  Combined P&L:        $+4,418.13 (reflected realized + open virtual)

Ledger (master)
  Total events:     6086
  Today entries:    77
  Today exits (reflected): 3
  All-time exits (reflected): 276  wins 30%
  Avg return/trade: -5.5%  median -40.0%

Open virtual lots (by bucket)
  b108 c108_s202_w3_1045_1120_r1  prem=$     0  real=$ -1.00  open=$ +0.00  lots=0  [-]
       buy: ask-0.01  sell: bid-0.01  tp=+50% sl=-50%
  b109 c109_s202_w3_1045_1120_r2  prem=$     0  real=$ -2.00  open=$ +0.00  lots=0  [-]
       buy: ask-0.01  sell: bid-0.01  tp=+50% sl=-50%
  b236 c236_s218_w3_1045_1120_r1  prem=$     0  real=$ -1.00  open=$ +0.00  lots=0  [-]
       buy: ask-0.01  sell: bid-0.01  tp=+50% sl=-50%
  b237 c237_s218_w3_1045_1120_r2  prem=$     3  real=$ +0.00  open=$ -1.00  lots=1  [S218:PGx1]
       buy: ask-0.01  sell: bid-0.01  tp=+50% sl=-50%
  (244 quiet bucket profile(s) — no trades yet)

Alpaca option positions
  PG260731C00155000  qty=1  cost=$3.00  return=-33.3%  open P&L=$-1.00

Per-bucket exit stats (all time)
  b0|orphan_reconcile     n= 22  avg=+22.4%  med=-57.5%  realized=$+6,310.91
  b104|c104_s164_w1_0928_1005_r4  n=  1  avg=-88.9%  med=-88.9%  realized=$-8.00
  b108|c108_s202_w3_1045_1120_r1  n=  1  avg=-33.3%  med=-33.3%  realized=$-1.00
  b109|c109_s202_w3_1045_1120_r2  n=  1  avg=-66.7%  med=-66.7%  realized=$-2.00
  b10|c010_s165_w3_1045_1120_r1  n=  8  avg=-37.2%  med=-18.9%  realized=$-205.00
  b132|c132_s164_w1_0928_1005_r5  n=  2  avg=-65.7%  med=-53.6%  realized=$-37.00
  b135|c135_s164_w4_1120_1135_r5  n=  1  avg=-50.0%  med=-50.0%  realized=$-4.00
  b20|c020_s164_w1_0928_1005_r1  n=  1  avg=-88.9%  med=-88.9%  realized=$-8.00
  b236|c236_s218_w3_1045_1120_r1  n=  1  avg=-33.3%  med=-33.3%  realized=$-1.00
  b28|c028_s165_w1_0928_1005_r2  n= 17  avg=+49.5%  med=+80.0%  realized=$+448.00
  b28|c028_s173_w1_0928_1005_r2  n=  5  avg=+51.6%  med=+80.0%  realized=$+142.00
  b29|c029_s165_w2_1005_1045_r2  n=  9  avg=-23.3%  med=-50.0%  realized=$-221.00
  b29|c029_s173_w2_1005_1045_r2  n=  2  avg=-69.3%  med=-48.5%  realized=$-78.00
  b30|c030_s165_w3_1045_1120_r2  n=  9  avg=+38.8%  med=+0.0%  realized=$+260.00
  b30|c030_s173_w3_1045_1120_r2  n=  2  avg=-9.5%  med=+0.0%  realized=$-14.00
  b31|c031_s165_w4_1120_1135_r2  n=  2  avg=+145.5%  med=+175.8%  realized=$+192.00
  b48|c048_s164_w1_0928_1005_r2  n=  5  avg=-33.1%  med=-49.1%  realized=$-91.00
  b48|c048_s165_w1_0928_1005_r3  n= 16  avg=-35.9%  med=-49.1%  realized=$-344.00
  b49|c049_s164_w2_1005_1045_r2  n=  4  avg=-51.8%  med=-44.0%  realized=$-133.00
  b49|c049_s165_w2_1005_1045_r3  n= 15  avg=-49.3%  med=-49.1%  realized=$-458.00
  b50|c050_s164_w3_1045_1120_r2  n=  4  avg=-39.6%  med=-16.7%  realized=$-115.00
  b50|c050_s165_w3_1045_1120_r3  n=  9  avg=-23.6%  med=-23.1%  realized=$-142.00
  b51|c051_s165_w4_1120_1135_r3  n=  1  avg=+263.6%  med=+263.6%  realized=$+174.00
  b56|g056_lim_tp20_sl65  n=  1  avg=+47.7%  med=+47.7%  realized=$+20.52
  b57|g057_mid_tp20_sl65  n=  1  avg=+47.7%  med=+47.7%  realized=$+20.52
  b58|g058_eod_tp20_sl65  n=  1  avg=+59.1%  med=+59.1%  realized=$+25.41
  b68|c068_s165_w1_0928_1005_r4  n= 16  avg=-51.3%  med=-49.1%  realized=$-446.00
  b68|c068_s166_w1_0928_1005_r3  n=  4  avg=-52.7%  med=-49.1%  realized=$-116.00
  b69|c069_s165_w2_1005_1045_r4  n= 11  avg=+19.0%  med=-43.6%  realized=$-179.00
  b69|c069_s166_w2_1005_1045_r3  n=  4  avg=+10.1%  med=-40.0%  realized=$-87.00
  b70|c070_s165_w3_1045_1120_r4  n= 11  avg=-2.1%  med=-16.9%  realized=$-6.00
  b70|c070_s166_w3_1045_1120_r3  n=  4  avg=-42.5%  med=-27.0%  realized=$-124.00
  b70|g070_eod_tp30_sl20  n=  1  avg=+59.1%  med=+59.1%  realized=$+27.77
  b76|c076_s164_w1_0928_1005_r3  n=  1  avg=-50.0%  med=-50.0%  realized=$-2.00
  b88|c088_s165_w1_0928_1005_r5  n= 21  avg=-5.0%  med=-2.7%  realized=$-63.00
  b88|c088_s167_w1_0928_1005_r4  n=  4  avg=-12.7%  med=+30.9%  realized=$-28.00
  b89|c089_s165_w2_1005_1045_r5  n=  7  avg=+113.1%  med=+30.9%  realized=$+67.00
  b89|c089_s167_w2_1005_1045_r4  n=  2  avg=-16.2%  med=+30.9%  realized=$-22.00
  b8|c008_s165_w1_0928_1005_r1  n= 23  avg=-19.6%  med=-35.3%  realized=$-250.00
  b90|c090_s165_w3_1045_1120_r5  n= 13  avg=+7.7%  med=+0.0%  realized=$+47.00
  b90|c090_s167_w3_1045_1120_r4  n=  4  avg=-41.6%  med=-18.9%  realized=$-123.00
  b91|c091_s165_w4_1120_1135_r5  n=  2  avg=+222.0%  med=+247.0%  realized=$+293.00
  b9|c009_s165_w2_1005_1045_r1  n=  7  avg=-74.4%  med=-66.2%  realized=$-301.00
========================================================
+========================================================================+
|  OPTIONS BOT SUMMARY                                                   |
+------------------------------------------------------------------------+
|  Mode                          manage-only                             |
|  Equity                        $124,664.14                             |
|  Signals this run              0                                       |
|  Orders submitted (session)    83                                      |
|  Orders filled today (ledger)  77                                      |
|  Entries placed this run       0                                       |
|  Open virtual lots             1                                       |
|  Broker option positions       1                                       |
|  Pending orders                0                                       |
+========================================================================+
+========================================================================+
|  BUCKET LEADERBOARD (reflected ex-S173,S174)                           |
+------------------------------------------------------------------------+
|  Reflected trades=276  buckets=30  win=30%                             |
|  Returns   avg=-5.5%  med=-40.0%  p10=-66.2%  p90=+81.8%               |
|  Realized  $+4,419.13                                                  |
|  Raw incl dropped  trades=810  real=$+2,823.58                         |
|  Today     trades=3  avg=-44.4%  med=-33.3%  real=$-4.00               |
+------------------------------------------------------------------------+
|  BKT PROFILE               N  WIN  AVG%   MED%   BEST%  REAL$          |
+------------------------------------------------------------------------+
|  b51  c051_s169_w2_1005_  1 100% +263.6 +263.6 +263.6 $   +174         |
|  b91  c091_s200_w2_1005_  2 100% +222.0 +222.0 +247.0 $   +293         |
|  b31  c031_s166_w4_1120_  2 100% +145.5 +145.5 +175.8 $   +192         |
|  b28  c028_s166_w3_1045_ 22  77% +50.0 +80.0 +102.0 $   +590           |
|  b58  c058_s170_w2_1005_  1 100% +59.1 +59.1 +59.1 $    +25            |
|  b56  c056_s170_w1_0928_  1 100% +47.7 +47.7 +47.7 $    +21            |
|  b57  c057_s170_w1_0928_  1 100% +47.7 +47.7 +47.7 $    +21            |
|  b89  c089_s200_w1_0928_  9  56% +84.4 +30.9 +790.0 $    +45           |
|  ... 22 more bucket(s) with exits                                      |
+------------------------------------------------------------------------+
|  Low  b20  c020_s165_w3_1045_  1   0% -88.9 -88.9 -88.9 $     -8       |
+========================================================================+
+========================================================================+
|  OPEN OPTIONS (1)                                                      |
+------------------------------------------------------------------------+
|  SYMBOL                      QTY    RET%        OPEN P&L               |
|------------------------------------------------------------------------|
|  PG260731C00155000             1    -33.3%   $     -1.00               |
+========================================================================+
Full detail: logs/options_trial/runs/2026-07-29.log
elapsed=1.9s reconcile=0.49s cancel=0.22s manage=0.58s

=== 11:51:20 ET — manage-only (past entry window) [elapsed=1.9s reconcile=0.49s cancel=0.21s manage=0.59s] ===
=== options_morning_bot (PAPER) 2026-07-29T11:51:20.886949-04:00 ===

[Run context]
Paper auth OK — equity $124814.14, account PA36KS87UPRS
  reconcile: layout changed controlled:100:c000_s173_w1_0928_1005_r1 -> controlled:248:c000_s163_w1_0928_1005_r1

[Setup]
Active buckets: 248 | Strategies: S165, S164, S168, S167, S166, S163, S169, S170, S171, S172, S175, S200, S201, S202, S203, S204, S205, S206, S207, S208, S209, S210, S211, S212, S213, S214, S215, S216, S217, S218, S219
Dropped (no new entries; ex-reflected P&L): S173, S174

[Manage only]
Past entry window; manage/exit only.

[Portfolio snapshot]
========================================================
OPTIONS TRIAL STATS
========================================================
Account equity: $124,814.14
Active buckets: 248 of 248 profiles ($500 virtual each) — paper unlimited mode

P&L summary
  Reflected (ex-S173,S174): $+4,419.13 all-time  |  $-4.00 today
  Raw (incl dropped):     $+2,823.58 all-time  |  $-4.00 today
  Open (not sold yet): $-1.00 unrealized (virtual lots)
  Premium deployed:    $3.00 in open positions
  Combined P&L:        $+4,418.13 (reflected realized + open virtual)

Ledger (master)
  Total events:     6086
  Today entries:    77
  Today exits (reflected): 3
  All-time exits (reflected): 276  wins 30%
  Avg return/trade: -5.5%  median -40.0%

Open virtual lots (by bucket)
  b108 c108_s202_w3_1045_1120_r1  prem=$     0  real=$ -1.00  open=$ +0.00  lots=0  [-]
       buy: ask-0.01  sell: bid-0.01  tp=+50% sl=-50%
  b109 c109_s202_w3_1045_1120_r2  prem=$     0  real=$ -2.00  open=$ +0.00  lots=0  [-]
       buy: ask-0.01  sell: bid-0.01  tp=+50% sl=-50%
  b236 c236_s218_w3_1045_1120_r1  prem=$     0  real=$ -1.00  open=$ +0.00  lots=0  [-]
       buy: ask-0.01  sell: bid-0.01  tp=+50% sl=-50%
  b237 c237_s218_w3_1045_1120_r2  prem=$     3  real=$ +0.00  open=$ -1.00  lots=1  [S218:PGx1]
       buy: ask-0.01  sell: bid-0.01  tp=+50% sl=-50%
  (244 quiet bucket profile(s) — no trades yet)

Alpaca option positions
  PG260731C00155000  qty=1  cost=$3.00  return=-33.3%  open P&L=$-1.00

Per-bucket exit stats (all time)
  b0|orphan_reconcile     n= 22  avg=+22.4%  med=-57.5%  realized=$+6,310.91
  b104|c104_s164_w1_0928_1005_r4  n=  1  avg=-88.9%  med=-88.9%  realized=$-8.00
  b108|c108_s202_w3_1045_1120_r1  n=  1  avg=-33.3%  med=-33.3%  realized=$-1.00
  b109|c109_s202_w3_1045_1120_r2  n=  1  avg=-66.7%  med=-66.7%  realized=$-2.00
  b10|c010_s165_w3_1045_1120_r1  n=  8  avg=-37.2%  med=-18.9%  realized=$-205.00
  b132|c132_s164_w1_0928_1005_r5  n=  2  avg=-65.7%  med=-53.6%  realized=$-37.00
  b135|c135_s164_w4_1120_1135_r5  n=  1  avg=-50.0%  med=-50.0%  realized=$-4.00
  b20|c020_s164_w1_0928_1005_r1  n=  1  avg=-88.9%  med=-88.9%  realized=$-8.00
  b236|c236_s218_w3_1045_1120_r1  n=  1  avg=-33.3%  med=-33.3%  realized=$-1.00
  b28|c028_s165_w1_0928_1005_r2  n= 17  avg=+49.5%  med=+80.0%  realized=$+448.00
  b28|c028_s173_w1_0928_1005_r2  n=  5  avg=+51.6%  med=+80.0%  realized=$+142.00
  b29|c029_s165_w2_1005_1045_r2  n=  9  avg=-23.3%  med=-50.0%  realized=$-221.00
  b29|c029_s173_w2_1005_1045_r2  n=  2  avg=-69.3%  med=-48.5%  realized=$-78.00
  b30|c030_s165_w3_1045_1120_r2  n=  9  avg=+38.8%  med=+0.0%  realized=$+260.00
  b30|c030_s173_w3_1045_1120_r2  n=  2  avg=-9.5%  med=+0.0%  realized=$-14.00
  b31|c031_s165_w4_1120_1135_r2  n=  2  avg=+145.5%  med=+175.8%  realized=$+192.00
  b48|c048_s164_w1_0928_1005_r2  n=  5  avg=-33.1%  med=-49.1%  realized=$-91.00
  b48|c048_s165_w1_0928_1005_r3  n= 16  avg=-35.9%  med=-49.1%  realized=$-344.00
  b49|c049_s164_w2_1005_1045_r2  n=  4  avg=-51.8%  med=-44.0%  realized=$-133.00
  b49|c049_s165_w2_1005_1045_r3  n= 15  avg=-49.3%  med=-49.1%  realized=$-458.00
  b50|c050_s164_w3_1045_1120_r2  n=  4  avg=-39.6%  med=-16.7%  realized=$-115.00
  b50|c050_s165_w3_1045_1120_r3  n=  9  avg=-23.6%  med=-23.1%  realized=$-142.00
  b51|c051_s165_w4_1120_1135_r3  n=  1  avg=+263.6%  med=+263.6%  realized=$+174.00
  b56|g056_lim_tp20_sl65  n=  1  avg=+47.7%  med=+47.7%  realized=$+20.52
  b57|g057_mid_tp20_sl65  n=  1  avg=+47.7%  med=+47.7%  realized=$+20.52
  b58|g058_eod_tp20_sl65  n=  1  avg=+59.1%  med=+59.1%  realized=$+25.41
  b68|c068_s165_w1_0928_1005_r4  n= 16  avg=-51.3%  med=-49.1%  realized=$-446.00
  b68|c068_s166_w1_0928_1005_r3  n=  4  avg=-52.7%  med=-49.1%  realized=$-116.00
  b69|c069_s165_w2_1005_1045_r4  n= 11  avg=+19.0%  med=-43.6%  realized=$-179.00
  b69|c069_s166_w2_1005_1045_r3  n=  4  avg=+10.1%  med=-40.0%  realized=$-87.00
  b70|c070_s165_w3_1045_1120_r4  n= 11  avg=-2.1%  med=-16.9%  realized=$-6.00
  b70|c070_s166_w3_1045_1120_r3  n=  4  avg=-42.5%  med=-27.0%  realized=$-124.00
  b70|g070_eod_tp30_sl20  n=  1  avg=+59.1%  med=+59.1%  realized=$+27.77
  b76|c076_s164_w1_0928_1005_r3  n=  1  avg=-50.0%  med=-50.0%  realized=$-2.00
  b88|c088_s165_w1_0928_1005_r5  n= 21  avg=-5.0%  med=-2.7%  realized=$-63.00
  b88|c088_s167_w1_0928_1005_r4  n=  4  avg=-12.7%  med=+30.9%  realized=$-28.00
  b89|c089_s165_w2_1005_1045_r5  n=  7  avg=+113.1%  med=+30.9%  realized=$+67.00
  b89|c089_s167_w2_1005_1045_r4  n=  2  avg=-16.2%  med=+30.9%  realized=$-22.00
  b8|c008_s165_w1_0928_1005_r1  n= 23  avg=-19.6%  med=-35.3%  realized=$-250.00
  b90|c090_s165_w3_1045_1120_r5  n= 13  avg=+7.7%  med=+0.0%  realized=$+47.00
  b90|c090_s167_w3_1045_1120_r4  n=  4  avg=-41.6%  med=-18.9%  realized=$-123.00
  b91|c091_s165_w4_1120_1135_r5  n=  2  avg=+222.0%  med=+247.0%  realized=$+293.00
  b9|c009_s165_w2_1005_1045_r1  n=  7  avg=-74.4%  med=-66.2%  realized=$-301.00
========================================================
+========================================================================+
|  OPTIONS BOT SUMMARY                                                   |
+------------------------------------------------------------------------+
|  Mode                          manage-only                             |
|  Equity                        $124,814.14                             |
|  Signals this run              0                                       |
|  Orders submitted (session)    83                                      |
|  Orders filled today (ledger)  77                                      |
|  Entries placed this run       0                                       |
|  Open virtual lots             1                                       |
|  Broker option positions       1                                       |
|  Pending orders                0                                       |
+========================================================================+
+========================================================================+
|  BUCKET LEADERBOARD (reflected ex-S173,S174)                           |
+------------------------------------------------------------------------+
|  Reflected trades=276  buckets=30  win=30%                             |
|  Returns   avg=-5.5%  med=-40.0%  p10=-66.2%  p90=+81.8%               |
|  Realized  $+4,419.13                                                  |
|  Raw incl dropped  trades=810  real=$+2,823.58                         |
|  Today     trades=3  avg=-44.4%  med=-33.3%  real=$-4.00               |
+------------------------------------------------------------------------+
|  BKT PROFILE               N  WIN  AVG%   MED%   BEST%  REAL$          |
+------------------------------------------------------------------------+
|  b51  c051_s169_w2_1005_  1 100% +263.6 +263.6 +263.6 $   +174         |
|  b91  c091_s200_w2_1005_  2 100% +222.0 +222.0 +247.0 $   +293         |
|  b31  c031_s166_w4_1120_  2 100% +145.5 +145.5 +175.8 $   +192         |
|  b28  c028_s166_w3_1045_ 22  77% +50.0 +80.0 +102.0 $   +590           |
|  b58  c058_s170_w2_1005_  1 100% +59.1 +59.1 +59.1 $    +25            |
|  b56  c056_s170_w1_0928_  1 100% +47.7 +47.7 +47.7 $    +21            |
|  b57  c057_s170_w1_0928_  1 100% +47.7 +47.7 +47.7 $    +21            |
|  b89  c089_s200_w1_0928_  9  56% +84.4 +30.9 +790.0 $    +45           |
|  ... 22 more bucket(s) with exits                                      |
+------------------------------------------------------------------------+
|  Low  b20  c020_s165_w3_1045_  1   0% -88.9 -88.9 -88.9 $     -8       |
+========================================================================+
+========================================================================+
|  OPEN OPTIONS (1)                                                      |
+------------------------------------------------------------------------+
|  SYMBOL                      QTY    RET%        OPEN P&L               |
|------------------------------------------------------------------------|
|  PG260731C00155000             1    -33.3%   $     -1.00               |
+========================================================================+
Full detail: logs/options_trial/runs/2026-07-29.log
elapsed=1.9s reconcile=0.49s cancel=0.21s manage=0.59s

=== 11:55:46 ET — manage-only (past entry window) [elapsed=1.8s reconcile=0.49s cancel=0.22s manage=0.56s] ===
=== options_morning_bot (PAPER) 2026-07-29T11:55:46.389758-04:00 ===

[Run context]
Paper auth OK — equity $124378.14, account PA36KS87UPRS
  reconcile: layout changed controlled:100:c000_s173_w1_0928_1005_r1 -> controlled:248:c000_s163_w1_0928_1005_r1

[Setup]
Active buckets: 248 | Strategies: S165, S164, S168, S167, S166, S163, S169, S170, S171, S172, S175, S200, S201, S202, S203, S204, S205, S206, S207, S208, S209, S210, S211, S212, S213, S214, S215, S216, S217, S218, S219
Dropped (no new entries; ex-reflected P&L): S173, S174

[Manage only]
Past entry window; manage/exit only.

[Portfolio snapshot]
========================================================
OPTIONS TRIAL STATS
========================================================
Account equity: $124,378.14
Active buckets: 248 of 248 profiles ($500 virtual each) — paper unlimited mode

P&L summary
  Reflected (ex-S173,S174): $+4,419.13 all-time  |  $-4.00 today
  Raw (incl dropped):     $+2,823.58 all-time  |  $-4.00 today
  Open (not sold yet): $-1.00 unrealized (virtual lots)
  Premium deployed:    $3.00 in open positions
  Combined P&L:        $+4,418.13 (reflected realized + open virtual)

Ledger (master)
  Total events:     6086
  Today entries:    77
  Today exits (reflected): 3
  All-time exits (reflected): 276  wins 30%
  Avg return/trade: -5.5%  median -40.0%

Open virtual lots (by bucket)
  b108 c108_s202_w3_1045_1120_r1  prem=$     0  real=$ -1.00  open=$ +0.00  lots=0  [-]
       buy: ask-0.01  sell: bid-0.01  tp=+50% sl=-50%
  b109 c109_s202_w3_1045_1120_r2  prem=$     0  real=$ -2.00  open=$ +0.00  lots=0  [-]
       buy: ask-0.01  sell: bid-0.01  tp=+50% sl=-50%
  b236 c236_s218_w3_1045_1120_r1  prem=$     0  real=$ -1.00  open=$ +0.00  lots=0  [-]
       buy: ask-0.01  sell: bid-0.01  tp=+50% sl=-50%
  b237 c237_s218_w3_1045_1120_r2  prem=$     3  real=$ +0.00  open=$ -1.00  lots=1  [S218:PGx1]
       buy: ask-0.01  sell: bid-0.01  tp=+50% sl=-50%
  (244 quiet bucket profile(s) — no trades yet)

Alpaca option positions
  PG260731C00155000  qty=1  cost=$3.00  return=-33.3%  open P&L=$-1.00

Per-bucket exit stats (all time)
  b0|orphan_reconcile     n= 22  avg=+22.4%  med=-57.5%  realized=$+6,310.91
  b104|c104_s164_w1_0928_1005_r4  n=  1  avg=-88.9%  med=-88.9%  realized=$-8.00
  b108|c108_s202_w3_1045_1120_r1  n=  1  avg=-33.3%  med=-33.3%  realized=$-1.00
  b109|c109_s202_w3_1045_1120_r2  n=  1  avg=-66.7%  med=-66.7%  realized=$-2.00
  b10|c010_s165_w3_1045_1120_r1  n=  8  avg=-37.2%  med=-18.9%  realized=$-205.00
  b132|c132_s164_w1_0928_1005_r5  n=  2  avg=-65.7%  med=-53.6%  realized=$-37.00
  b135|c135_s164_w4_1120_1135_r5  n=  1  avg=-50.0%  med=-50.0%  realized=$-4.00
  b20|c020_s164_w1_0928_1005_r1  n=  1  avg=-88.9%  med=-88.9%  realized=$-8.00
  b236|c236_s218_w3_1045_1120_r1  n=  1  avg=-33.3%  med=-33.3%  realized=$-1.00
  b28|c028_s165_w1_0928_1005_r2  n= 17  avg=+49.5%  med=+80.0%  realized=$+448.00
  b28|c028_s173_w1_0928_1005_r2  n=  5  avg=+51.6%  med=+80.0%  realized=$+142.00
  b29|c029_s165_w2_1005_1045_r2  n=  9  avg=-23.3%  med=-50.0%  realized=$-221.00
  b29|c029_s173_w2_1005_1045_r2  n=  2  avg=-69.3%  med=-48.5%  realized=$-78.00
  b30|c030_s165_w3_1045_1120_r2  n=  9  avg=+38.8%  med=+0.0%  realized=$+260.00
  b30|c030_s173_w3_1045_1120_r2  n=  2  avg=-9.5%  med=+0.0%  realized=$-14.00
  b31|c031_s165_w4_1120_1135_r2  n=  2  avg=+145.5%  med=+175.8%  realized=$+192.00
  b48|c048_s164_w1_0928_1005_r2  n=  5  avg=-33.1%  med=-49.1%  realized=$-91.00
  b48|c048_s165_w1_0928_1005_r3  n= 16  avg=-35.9%  med=-49.1%  realized=$-344.00
  b49|c049_s164_w2_1005_1045_r2  n=  4  avg=-51.8%  med=-44.0%  realized=$-133.00
  b49|c049_s165_w2_1005_1045_r3  n= 15  avg=-49.3%  med=-49.1%  realized=$-458.00
  b50|c050_s164_w3_1045_1120_r2  n=  4  avg=-39.6%  med=-16.7%  realized=$-115.00
  b50|c050_s165_w3_1045_1120_r3  n=  9  avg=-23.6%  med=-23.1%  realized=$-142.00
  b51|c051_s165_w4_1120_1135_r3  n=  1  avg=+263.6%  med=+263.6%  realized=$+174.00
  b56|g056_lim_tp20_sl65  n=  1  avg=+47.7%  med=+47.7%  realized=$+20.52
  b57|g057_mid_tp20_sl65  n=  1  avg=+47.7%  med=+47.7%  realized=$+20.52
  b58|g058_eod_tp20_sl65  n=  1  avg=+59.1%  med=+59.1%  realized=$+25.41
  b68|c068_s165_w1_0928_1005_r4  n= 16  avg=-51.3%  med=-49.1%  realized=$-446.00
  b68|c068_s166_w1_0928_1005_r3  n=  4  avg=-52.7%  med=-49.1%  realized=$-116.00
  b69|c069_s165_w2_1005_1045_r4  n= 11  avg=+19.0%  med=-43.6%  realized=$-179.00
  b69|c069_s166_w2_1005_1045_r3  n=  4  avg=+10.1%  med=-40.0%  realized=$-87.00
  b70|c070_s165_w3_1045_1120_r4  n= 11  avg=-2.1%  med=-16.9%  realized=$-6.00
  b70|c070_s166_w3_1045_1120_r3  n=  4  avg=-42.5%  med=-27.0%  realized=$-124.00
  b70|g070_eod_tp30_sl20  n=  1  avg=+59.1%  med=+59.1%  realized=$+27.77
  b76|c076_s164_w1_0928_1005_r3  n=  1  avg=-50.0%  med=-50.0%  realized=$-2.00
  b88|c088_s165_w1_0928_1005_r5  n= 21  avg=-5.0%  med=-2.7%  realized=$-63.00
  b88|c088_s167_w1_0928_1005_r4  n=  4  avg=-12.7%  med=+30.9%  realized=$-28.00
  b89|c089_s165_w2_1005_1045_r5  n=  7  avg=+113.1%  med=+30.9%  realized=$+67.00
  b89|c089_s167_w2_1005_1045_r4  n=  2  avg=-16.2%  med=+30.9%  realized=$-22.00
  b8|c008_s165_w1_0928_1005_r1  n= 23  avg=-19.6%  med=-35.3%  realized=$-250.00
  b90|c090_s165_w3_1045_1120_r5  n= 13  avg=+7.7%  med=+0.0%  realized=$+47.00
  b90|c090_s167_w3_1045_1120_r4  n=  4  avg=-41.6%  med=-18.9%  realized=$-123.00
  b91|c091_s165_w4_1120_1135_r5  n=  2  avg=+222.0%  med=+247.0%  realized=$+293.00
  b9|c009_s165_w2_1005_1045_r1  n=  7  avg=-74.4%  med=-66.2%  realized=$-301.00
========================================================
+========================================================================+
|  OPTIONS BOT SUMMARY                                                   |
+------------------------------------------------------------------------+
|  Mode                          manage-only                             |
|  Equity                        $124,378.14                             |
|  Signals this run              0                                       |
|  Orders submitted (session)    83                                      |
|  Orders filled today (ledger)  77                                      |
|  Entries placed this run       0                                       |
|  Open virtual lots             1                                       |
|  Broker option positions       1                                       |
|  Pending orders                0                                       |
+========================================================================+
+========================================================================+
|  BUCKET LEADERBOARD (reflected ex-S173,S174)                           |
+------------------------------------------------------------------------+
|  Reflected trades=276  buckets=30  win=30%                             |
|  Returns   avg=-5.5%  med=-40.0%  p10=-66.2%  p90=+81.8%               |
|  Realized  $+4,419.13                                                  |
|  Raw incl dropped  trades=810  real=$+2,823.58                         |
|  Today     trades=3  avg=-44.4%  med=-33.3%  real=$-4.00               |
+------------------------------------------------------------------------+
|  BKT PROFILE               N  WIN  AVG%   MED%   BEST%  REAL$          |
+------------------------------------------------------------------------+
|  b51  c051_s169_w2_1005_  1 100% +263.6 +263.6 +263.6 $   +174         |
|  b91  c091_s200_w2_1005_  2 100% +222.0 +222.0 +247.0 $   +293         |
|  b31  c031_s166_w4_1120_  2 100% +145.5 +145.5 +175.8 $   +192         |
|  b28  c028_s166_w3_1045_ 22  77% +50.0 +80.0 +102.0 $   +590           |
|  b58  c058_s170_w2_1005_  1 100% +59.1 +59.1 +59.1 $    +25            |
|  b56  c056_s170_w1_0928_  1 100% +47.7 +47.7 +47.7 $    +21            |
|  b57  c057_s170_w1_0928_  1 100% +47.7 +47.7 +47.7 $    +21            |
|  b89  c089_s200_w1_0928_  9  56% +84.4 +30.9 +790.0 $    +45           |
|  ... 22 more bucket(s) with exits                                      |
+------------------------------------------------------------------------+
|  Low  b20  c020_s165_w3_1045_  1   0% -88.9 -88.9 -88.9 $     -8       |
+========================================================================+
+========================================================================+
|  OPEN OPTIONS (1)                                                      |
+------------------------------------------------------------------------+
|  SYMBOL                      QTY    RET%        OPEN P&L               |
|------------------------------------------------------------------------|
|  PG260731C00155000             1    -33.3%   $     -1.00               |
+========================================================================+
Full detail: logs/options_trial/runs/2026-07-29.log
elapsed=1.8s reconcile=0.49s cancel=0.22s manage=0.56s

=== 11:58:58 ET — manage-only (past entry window) [elapsed=0.5s reconcile=0.07s cancel=0.03s manage=0.11s] ===
=== options_morning_bot (PAPER) 2026-07-29T11:58:58.621767-04:00 ===

[Run context]
Paper auth OK — equity $124490.14, account PA36KS87UPRS
  reconcile: layout changed controlled:100:c000_s173_w1_0928_1005_r1 -> controlled:248:c000_s163_w1_0928_1005_r1

[Setup]
Active buckets: 248 | Strategies: S165, S164, S168, S167, S166, S163, S169, S170, S171, S172, S175, S200, S201, S202, S203, S204, S205, S206, S207, S208, S209, S210, S211, S212, S213, S214, S215, S216, S217, S218, S219
Dropped (no new entries; ex-reflected P&L): S173, S174

[Manage only]
Past entry window; manage/exit only.

[Portfolio snapshot]
========================================================
OPTIONS TRIAL STATS
========================================================
Account equity: $124,490.14
Active buckets: 248 of 248 profiles ($500 virtual each) — paper unlimited mode

P&L summary
  Reflected (ex-S173,S174): $+4,419.13 all-time  |  $-4.00 today
  Raw (incl dropped):     $+2,823.58 all-time  |  $-4.00 today
  Open (not sold yet): $-1.00 unrealized (virtual lots)
  Premium deployed:    $3.00 in open positions
  Combined P&L:        $+4,418.13 (reflected realized + open virtual)

Ledger (master)
  Total events:     6086
  Today entries:    77
  Today exits (reflected): 3
  All-time exits (reflected): 276  wins 30%
  Avg return/trade: -5.5%  median -40.0%

Open virtual lots (by bucket)
  b108 c108_s202_w3_1045_1120_r1  prem=$     0  real=$ -1.00  open=$ +0.00  lots=0  [-]
       buy: ask-0.01  sell: bid-0.01  tp=+50% sl=-50%
  b109 c109_s202_w3_1045_1120_r2  prem=$     0  real=$ -2.00  open=$ +0.00  lots=0  [-]
       buy: ask-0.01  sell: bid-0.01  tp=+50% sl=-50%
  b236 c236_s218_w3_1045_1120_r1  prem=$     0  real=$ -1.00  open=$ +0.00  lots=0  [-]
       buy: ask-0.01  sell: bid-0.01  tp=+50% sl=-50%
  b237 c237_s218_w3_1045_1120_r2  prem=$     3  real=$ +0.00  open=$ -1.00  lots=1  [S218:PGx1]
       buy: ask-0.01  sell: bid-0.01  tp=+50% sl=-50%
  (244 quiet bucket profile(s) — no trades yet)

Alpaca option positions
  PG260731C00155000  qty=1  cost=$3.00  return=-33.3%  open P&L=$-1.00

Per-bucket exit stats (all time)
  b0|orphan_reconcile     n= 22  avg=+22.4%  med=-57.5%  realized=$+6,310.91
  b104|c104_s164_w1_0928_1005_r4  n=  1  avg=-88.9%  med=-88.9%  realized=$-8.00
  b108|c108_s202_w3_1045_1120_r1  n=  1  avg=-33.3%  med=-33.3%  realized=$-1.00
  b109|c109_s202_w3_1045_1120_r2  n=  1  avg=-66.7%  med=-66.7%  realized=$-2.00
  b10|c010_s165_w3_1045_1120_r1  n=  8  avg=-37.2%  med=-18.9%  realized=$-205.00
  b132|c132_s164_w1_0928_1005_r5  n=  2  avg=-65.7%  med=-53.6%  realized=$-37.00
  b135|c135_s164_w4_1120_1135_r5  n=  1  avg=-50.0%  med=-50.0%  realized=$-4.00
  b20|c020_s164_w1_0928_1005_r1  n=  1  avg=-88.9%  med=-88.9%  realized=$-8.00
  b236|c236_s218_w3_1045_1120_r1  n=  1  avg=-33.3%  med=-33.3%  realized=$-1.00
  b28|c028_s165_w1_0928_1005_r2  n= 17  avg=+49.5%  med=+80.0%  realized=$+448.00
  b28|c028_s173_w1_0928_1005_r2  n=  5  avg=+51.6%  med=+80.0%  realized=$+142.00
  b29|c029_s165_w2_1005_1045_r2  n=  9  avg=-23.3%  med=-50.0%  realized=$-221.00
  b29|c029_s173_w2_1005_1045_r2  n=  2  avg=-69.3%  med=-48.5%  realized=$-78.00
  b30|c030_s165_w3_1045_1120_r2  n=  9  avg=+38.8%  med=+0.0%  realized=$+260.00
  b30|c030_s173_w3_1045_1120_r2  n=  2  avg=-9.5%  med=+0.0%  realized=$-14.00
  b31|c031_s165_w4_1120_1135_r2  n=  2  avg=+145.5%  med=+175.8%  realized=$+192.00
  b48|c048_s164_w1_0928_1005_r2  n=  5  avg=-33.1%  med=-49.1%  realized=$-91.00
  b48|c048_s165_w1_0928_1005_r3  n= 16  avg=-35.9%  med=-49.1%  realized=$-344.00
  b49|c049_s164_w2_1005_1045_r2  n=  4  avg=-51.8%  med=-44.0%  realized=$-133.00
  b49|c049_s165_w2_1005_1045_r3  n= 15  avg=-49.3%  med=-49.1%  realized=$-458.00
  b50|c050_s164_w3_1045_1120_r2  n=  4  avg=-39.6%  med=-16.7%  realized=$-115.00
  b50|c050_s165_w3_1045_1120_r3  n=  9  avg=-23.6%  med=-23.1%  realized=$-142.00
  b51|c051_s165_w4_1120_1135_r3  n=  1  avg=+263.6%  med=+263.6%  realized=$+174.00
  b56|g056_lim_tp20_sl65  n=  1  avg=+47.7%  med=+47.7%  realized=$+20.52
  b57|g057_mid_tp20_sl65  n=  1  avg=+47.7%  med=+47.7%  realized=$+20.52
  b58|g058_eod_tp20_sl65  n=  1  avg=+59.1%  med=+59.1%  realized=$+25.41
  b68|c068_s165_w1_0928_1005_r4  n= 16  avg=-51.3%  med=-49.1%  realized=$-446.00
  b68|c068_s166_w1_0928_1005_r3  n=  4  avg=-52.7%  med=-49.1%  realized=$-116.00
  b69|c069_s165_w2_1005_1045_r4  n= 11  avg=+19.0%  med=-43.6%  realized=$-179.00
  b69|c069_s166_w2_1005_1045_r3  n=  4  avg=+10.1%  med=-40.0%  realized=$-87.00
  b70|c070_s165_w3_1045_1120_r4  n= 11  avg=-2.1%  med=-16.9%  realized=$-6.00
  b70|c070_s166_w3_1045_1120_r3  n=  4  avg=-42.5%  med=-27.0%  realized=$-124.00
  b70|g070_eod_tp30_sl20  n=  1  avg=+59.1%  med=+59.1%  realized=$+27.77
  b76|c076_s164_w1_0928_1005_r3  n=  1  avg=-50.0%  med=-50.0%  realized=$-2.00
  b88|c088_s165_w1_0928_1005_r5  n= 21  avg=-5.0%  med=-2.7%  realized=$-63.00
  b88|c088_s167_w1_0928_1005_r4  n=  4  avg=-12.7%  med=+30.9%  realized=$-28.00
  b89|c089_s165_w2_1005_1045_r5  n=  7  avg=+113.1%  med=+30.9%  realized=$+67.00
  b89|c089_s167_w2_1005_1045_r4  n=  2  avg=-16.2%  med=+30.9%  realized=$-22.00
  b8|c008_s165_w1_0928_1005_r1  n= 23  avg=-19.6%  med=-35.3%  realized=$-250.00
  b90|c090_s165_w3_1045_1120_r5  n= 13  avg=+7.7%  med=+0.0%  realized=$+47.00
  b90|c090_s167_w3_1045_1120_r4  n=  4  avg=-41.6%  med=-18.9%  realized=$-123.00
  b91|c091_s165_w4_1120_1135_r5  n=  2  avg=+222.0%  med=+247.0%  realized=$+293.00
  b9|c009_s165_w2_1005_1045_r1  n=  7  avg=-74.4%  med=-66.2%  realized=$-301.00
========================================================
+========================================================================+
|  OPTIONS BOT SUMMARY                                                   |
+------------------------------------------------------------------------+
|  Mode                          manage-only                             |
|  Equity                        $124,490.14                             |
|  Signals this run              0                                       |
|  Orders submitted (session)    83                                      |
|  Orders filled today (ledger)  77                                      |
|  Entries placed this run       0                                       |
|  Open virtual lots             1                                       |
|  Broker option positions       1                                       |
|  Pending orders                0                                       |
+========================================================================+
+========================================================================+
|  BUCKET LEADERBOARD (reflected ex-S173,S174)                           |
+------------------------------------------------------------------------+
|  Reflected trades=276  buckets=30  win=30%                             |
|  Returns   avg=-5.5%  med=-40.0%  p10=-66.2%  p90=+81.8%               |
|  Realized  $+4,419.13                                                  |
|  Raw incl dropped  trades=810  real=$+2,823.58                         |
|  Today     trades=3  avg=-44.4%  med=-33.3%  real=$-4.00               |
+------------------------------------------------------------------------+
|  BKT PROFILE               N  WIN  AVG%   MED%   BEST%  REAL$          |
+------------------------------------------------------------------------+
|  b51  c051_s169_w2_1005_  1 100% +263.6 +263.6 +263.6 $   +174         |
|  b91  c091_s200_w2_1005_  2 100% +222.0 +222.0 +247.0 $   +293         |
|  b31  c031_s166_w4_1120_  2 100% +145.5 +145.5 +175.8 $   +192         |
|  b28  c028_s166_w3_1045_ 22  77% +50.0 +80.0 +102.0 $   +590           |
|  b58  c058_s170_w2_1005_  1 100% +59.1 +59.1 +59.1 $    +25            |
|  b56  c056_s170_w1_0928_  1 100% +47.7 +47.7 +47.7 $    +21            |
|  b57  c057_s170_w1_0928_  1 100% +47.7 +47.7 +47.7 $    +21            |
|  b89  c089_s200_w1_0928_  9  56% +84.4 +30.9 +790.0 $    +45           |
|  ... 22 more bucket(s) with exits                                      |
+------------------------------------------------------------------------+
|  Low  b20  c020_s165_w3_1045_  1   0% -88.9 -88.9 -88.9 $     -8       |
+========================================================================+
+========================================================================+
|  OPEN OPTIONS (1)                                                      |
+------------------------------------------------------------------------+
|  SYMBOL                      QTY    RET%        OPEN P&L               |
|------------------------------------------------------------------------|
|  PG260731C00155000             1    -33.3%   $     -1.00               |
+========================================================================+
Full detail: logs/options_trial/runs/2026-07-29.log
elapsed=0.5s reconcile=0.07s cancel=0.03s manage=0.11s

=== 12:00:46 ET — manage-only (past entry window) [elapsed=2.1s reconcile=0.49s cancel=0.22s manage=0.81s] ===
=== options_morning_bot (PAPER) 2026-07-29T12:00:46.630172-04:00 ===

[Run context]
Paper auth OK — equity $124704.14, account PA36KS87UPRS
  reconcile: layout changed controlled:100:c000_s173_w1_0928_1005_r1 -> controlled:248:c000_s163_w1_0928_1005_r1

[Setup]
Active buckets: 248 | Strategies: S165, S164, S168, S167, S166, S163, S169, S170, S171, S172, S175, S200, S201, S202, S203, S204, S205, S206, S207, S208, S209, S210, S211, S212, S213, S214, S215, S216, S217, S218, S219
Dropped (no new entries; ex-reflected P&L): S173, S174

[Manage only]
Past entry window; manage/exit only.

[Portfolio snapshot]
========================================================
OPTIONS TRIAL STATS
========================================================
Account equity: $124,704.14
Active buckets: 248 of 248 profiles ($500 virtual each) — paper unlimited mode

P&L summary
  Reflected (ex-S173,S174): $+4,419.13 all-time  |  $-4.00 today
  Raw (incl dropped):     $+2,823.58 all-time  |  $-4.00 today
  Open (not sold yet): $-1.00 unrealized (virtual lots)
  Premium deployed:    $3.00 in open positions
  Combined P&L:        $+4,418.13 (reflected realized + open virtual)

Ledger (master)
  Total events:     6086
  Today entries:    77
  Today exits (reflected): 3
  All-time exits (reflected): 276  wins 30%
  Avg return/trade: -5.5%  median -40.0%

Open virtual lots (by bucket)
  b108 c108_s202_w3_1045_1120_r1  prem=$     0  real=$ -1.00  open=$ +0.00  lots=0  [-]
       buy: ask-0.01  sell: bid-0.01  tp=+50% sl=-50%
  b109 c109_s202_w3_1045_1120_r2  prem=$     0  real=$ -2.00  open=$ +0.00  lots=0  [-]
       buy: ask-0.01  sell: bid-0.01  tp=+50% sl=-50%
  b236 c236_s218_w3_1045_1120_r1  prem=$     0  real=$ -1.00  open=$ +0.00  lots=0  [-]
       buy: ask-0.01  sell: bid-0.01  tp=+50% sl=-50%
  b237 c237_s218_w3_1045_1120_r2  prem=$     3  real=$ +0.00  open=$ -1.00  lots=1  [S218:PGx1]
       buy: ask-0.01  sell: bid-0.01  tp=+50% sl=-50%
  (244 quiet bucket profile(s) — no trades yet)

Alpaca option positions
  PG260731C00155000  qty=1  cost=$3.00  return=-33.3%  open P&L=$-1.00

Per-bucket exit stats (all time)
  b0|orphan_reconcile     n= 22  avg=+22.4%  med=-57.5%  realized=$+6,310.91
  b104|c104_s164_w1_0928_1005_r4  n=  1  avg=-88.9%  med=-88.9%  realized=$-8.00
  b108|c108_s202_w3_1045_1120_r1  n=  1  avg=-33.3%  med=-33.3%  realized=$-1.00
  b109|c109_s202_w3_1045_1120_r2  n=  1  avg=-66.7%  med=-66.7%  realized=$-2.00
  b10|c010_s165_w3_1045_1120_r1  n=  8  avg=-37.2%  med=-18.9%  realized=$-205.00
  b132|c132_s164_w1_0928_1005_r5  n=  2  avg=-65.7%  med=-53.6%  realized=$-37.00
  b135|c135_s164_w4_1120_1135_r5  n=  1  avg=-50.0%  med=-50.0%  realized=$-4.00
  b20|c020_s164_w1_0928_1005_r1  n=  1  avg=-88.9%  med=-88.9%  realized=$-8.00
  b236|c236_s218_w3_1045_1120_r1  n=  1  avg=-33.3%  med=-33.3%  realized=$-1.00
  b28|c028_s165_w1_0928_1005_r2  n= 17  avg=+49.5%  med=+80.0%  realized=$+448.00
  b28|c028_s173_w1_0928_1005_r2  n=  5  avg=+51.6%  med=+80.0%  realized=$+142.00
  b29|c029_s165_w2_1005_1045_r2  n=  9  avg=-23.3%  med=-50.0%  realized=$-221.00
  b29|c029_s173_w2_1005_1045_r2  n=  2  avg=-69.3%  med=-48.5%  realized=$-78.00
  b30|c030_s165_w3_1045_1120_r2  n=  9  avg=+38.8%  med=+0.0%  realized=$+260.00
  b30|c030_s173_w3_1045_1120_r2  n=  2  avg=-9.5%  med=+0.0%  realized=$-14.00
  b31|c031_s165_w4_1120_1135_r2  n=  2  avg=+145.5%  med=+175.8%  realized=$+192.00
  b48|c048_s164_w1_0928_1005_r2  n=  5  avg=-33.1%  med=-49.1%  realized=$-91.00
  b48|c048_s165_w1_0928_1005_r3  n= 16  avg=-35.9%  med=-49.1%  realized=$-344.00
  b49|c049_s164_w2_1005_1045_r2  n=  4  avg=-51.8%  med=-44.0%  realized=$-133.00
  b49|c049_s165_w2_1005_1045_r3  n= 15  avg=-49.3%  med=-49.1%  realized=$-458.00
  b50|c050_s164_w3_1045_1120_r2  n=  4  avg=-39.6%  med=-16.7%  realized=$-115.00
  b50|c050_s165_w3_1045_1120_r3  n=  9  avg=-23.6%  med=-23.1%  realized=$-142.00
  b51|c051_s165_w4_1120_1135_r3  n=  1  avg=+263.6%  med=+263.6%  realized=$+174.00
  b56|g056_lim_tp20_sl65  n=  1  avg=+47.7%  med=+47.7%  realized=$+20.52
  b57|g057_mid_tp20_sl65  n=  1  avg=+47.7%  med=+47.7%  realized=$+20.52
  b58|g058_eod_tp20_sl65  n=  1  avg=+59.1%  med=+59.1%  realized=$+25.41
  b68|c068_s165_w1_0928_1005_r4  n= 16  avg=-51.3%  med=-49.1%  realized=$-446.00
  b68|c068_s166_w1_0928_1005_r3  n=  4  avg=-52.7%  med=-49.1%  realized=$-116.00
  b69|c069_s165_w2_1005_1045_r4  n= 11  avg=+19.0%  med=-43.6%  realized=$-179.00
  b69|c069_s166_w2_1005_1045_r3  n=  4  avg=+10.1%  med=-40.0%  realized=$-87.00
  b70|c070_s165_w3_1045_1120_r4  n= 11  avg=-2.1%  med=-16.9%  realized=$-6.00
  b70|c070_s166_w3_1045_1120_r3  n=  4  avg=-42.5%  med=-27.0%  realized=$-124.00
  b70|g070_eod_tp30_sl20  n=  1  avg=+59.1%  med=+59.1%  realized=$+27.77
  b76|c076_s164_w1_0928_1005_r3  n=  1  avg=-50.0%  med=-50.0%  realized=$-2.00
  b88|c088_s165_w1_0928_1005_r5  n= 21  avg=-5.0%  med=-2.7%  realized=$-63.00
  b88|c088_s167_w1_0928_1005_r4  n=  4  avg=-12.7%  med=+30.9%  realized=$-28.00
  b89|c089_s165_w2_1005_1045_r5  n=  7  avg=+113.1%  med=+30.9%  realized=$+67.00
  b89|c089_s167_w2_1005_1045_r4  n=  2  avg=-16.2%  med=+30.9%  realized=$-22.00
  b8|c008_s165_w1_0928_1005_r1  n= 23  avg=-19.6%  med=-35.3%  realized=$-250.00
  b90|c090_s165_w3_1045_1120_r5  n= 13  avg=+7.7%  med=+0.0%  realized=$+47.00
  b90|c090_s167_w3_1045_1120_r4  n=  4  avg=-41.6%  med=-18.9%  realized=$-123.00
  b91|c091_s165_w4_1120_1135_r5  n=  2  avg=+222.0%  med=+247.0%  realized=$+293.00
  b9|c009_s165_w2_1005_1045_r1  n=  7  avg=-74.4%  med=-66.2%  realized=$-301.00
========================================================
+========================================================================+
|  OPTIONS BOT SUMMARY                                                   |
+------------------------------------------------------------------------+
|  Mode                          manage-only                             |
|  Equity                        $124,704.14                             |
|  Signals this run              0                                       |
|  Orders submitted (session)    83                                      |
|  Orders filled today (ledger)  77                                      |
|  Entries placed this run       0                                       |
|  Open virtual lots             1                                       |
|  Broker option positions       1                                       |
|  Pending orders                0                                       |
+========================================================================+
+========================================================================+
|  BUCKET LEADERBOARD (reflected ex-S173,S174)                           |
+------------------------------------------------------------------------+
|  Reflected trades=276  buckets=30  win=30%                             |
|  Returns   avg=-5.5%  med=-40.0%  p10=-66.2%  p90=+81.8%               |
|  Realized  $+4,419.13                                                  |
|  Raw incl dropped  trades=810  real=$+2,823.58                         |
|  Today     trades=3  avg=-44.4%  med=-33.3%  real=$-4.00               |
+------------------------------------------------------------------------+
|  BKT PROFILE               N  WIN  AVG%   MED%   BEST%  REAL$          |
+------------------------------------------------------------------------+
|  b51  c051_s169_w2_1005_  1 100% +263.6 +263.6 +263.6 $   +174         |
|  b91  c091_s200_w2_1005_  2 100% +222.0 +222.0 +247.0 $   +293         |
|  b31  c031_s166_w4_1120_  2 100% +145.5 +145.5 +175.8 $   +192         |
|  b28  c028_s166_w3_1045_ 22  77% +50.0 +80.0 +102.0 $   +590           |
|  b58  c058_s170_w2_1005_  1 100% +59.1 +59.1 +59.1 $    +25            |
|  b56  c056_s170_w1_0928_  1 100% +47.7 +47.7 +47.7 $    +21            |
|  b57  c057_s170_w1_0928_  1 100% +47.7 +47.7 +47.7 $    +21            |
|  b89  c089_s200_w1_0928_  9  56% +84.4 +30.9 +790.0 $    +45           |
|  ... 22 more bucket(s) with exits                                      |
+------------------------------------------------------------------------+
|  Low  b20  c020_s165_w3_1045_  1   0% -88.9 -88.9 -88.9 $     -8       |
+========================================================================+
+========================================================================+
|  OPEN OPTIONS (1)                                                      |
+------------------------------------------------------------------------+
|  SYMBOL                      QTY    RET%        OPEN P&L               |
|------------------------------------------------------------------------|
|  PG260731C00155000             1    -33.3%   $     -1.00               |
+========================================================================+
Full detail: logs/options_trial/runs/2026-07-29.log
elapsed=2.1s reconcile=0.49s cancel=0.22s manage=0.81s

=== 12:05:41 ET — manage-only (past entry window) [elapsed=0.5s reconcile=0.07s cancel=0.03s manage=0.13s] ===
=== options_morning_bot (PAPER) 2026-07-29T12:05:41.085398-04:00 ===

[Run context]
Paper auth OK — equity $123711.18, account PA36KS87UPRS
  reconcile: layout changed controlled:100:c000_s173_w1_0928_1005_r1 -> controlled:248:c000_s163_w1_0928_1005_r1

[Setup]
Active buckets: 248 | Strategies: S165, S164, S168, S167, S166, S163, S169, S170, S171, S172, S175, S200, S201, S202, S203, S204, S205, S206, S207, S208, S209, S210, S211, S212, S213, S214, S215, S216, S217, S218, S219
Dropped (no new entries; ex-reflected P&L): S173, S174

[Manage only]
Past entry window; manage/exit only.

[Portfolio snapshot]
========================================================
OPTIONS TRIAL STATS
========================================================
Account equity: $123,711.18
Active buckets: 248 of 248 profiles ($500 virtual each) — paper unlimited mode

P&L summary
  Reflected (ex-S173,S174): $+4,419.13 all-time  |  $-4.00 today
  Raw (incl dropped):     $+2,823.58 all-time  |  $-4.00 today
  Open (not sold yet): $-1.00 unrealized (virtual lots)
  Premium deployed:    $3.00 in open positions
  Combined P&L:        $+4,418.13 (reflected realized + open virtual)

Ledger (master)
  Total events:     6086
  Today entries:    77
  Today exits (reflected): 3
  All-time exits (reflected): 276  wins 30%
  Avg return/trade: -5.5%  median -40.0%

Open virtual lots (by bucket)
  b108 c108_s202_w3_1045_1120_r1  prem=$     0  real=$ -1.00  open=$ +0.00  lots=0  [-]
       buy: ask-0.01  sell: bid-0.01  tp=+50% sl=-50%
  b109 c109_s202_w3_1045_1120_r2  prem=$     0  real=$ -2.00  open=$ +0.00  lots=0  [-]
       buy: ask-0.01  sell: bid-0.01  tp=+50% sl=-50%
  b236 c236_s218_w3_1045_1120_r1  prem=$     0  real=$ -1.00  open=$ +0.00  lots=0  [-]
       buy: ask-0.01  sell: bid-0.01  tp=+50% sl=-50%
  b237 c237_s218_w3_1045_1120_r2  prem=$     3  real=$ +0.00  open=$ -1.00  lots=1  [S218:PGx1]
       buy: ask-0.01  sell: bid-0.01  tp=+50% sl=-50%
  (244 quiet bucket profile(s) — no trades yet)

Alpaca option positions
  PG260731C00155000  qty=1  cost=$3.00  return=-33.3%  open P&L=$-1.00

Per-bucket exit stats (all time)
  b0|orphan_reconcile     n= 22  avg=+22.4%  med=-57.5%  realized=$+6,310.91
  b104|c104_s164_w1_0928_1005_r4  n=  1  avg=-88.9%  med=-88.9%  realized=$-8.00
  b108|c108_s202_w3_1045_1120_r1  n=  1  avg=-33.3%  med=-33.3%  realized=$-1.00
  b109|c109_s202_w3_1045_1120_r2  n=  1  avg=-66.7%  med=-66.7%  realized=$-2.00
  b10|c010_s165_w3_1045_1120_r1  n=  8  avg=-37.2%  med=-18.9%  realized=$-205.00
  b132|c132_s164_w1_0928_1005_r5  n=  2  avg=-65.7%  med=-53.6%  realized=$-37.00
  b135|c135_s164_w4_1120_1135_r5  n=  1  avg=-50.0%  med=-50.0%  realized=$-4.00
  b20|c020_s164_w1_0928_1005_r1  n=  1  avg=-88.9%  med=-88.9%  realized=$-8.00
  b236|c236_s218_w3_1045_1120_r1  n=  1  avg=-33.3%  med=-33.3%  realized=$-1.00
  b28|c028_s165_w1_0928_1005_r2  n= 17  avg=+49.5%  med=+80.0%  realized=$+448.00
  b28|c028_s173_w1_0928_1005_r2  n=  5  avg=+51.6%  med=+80.0%  realized=$+142.00
  b29|c029_s165_w2_1005_1045_r2  n=  9  avg=-23.3%  med=-50.0%  realized=$-221.00
  b29|c029_s173_w2_1005_1045_r2  n=  2  avg=-69.3%  med=-48.5%  realized=$-78.00
  b30|c030_s165_w3_1045_1120_r2  n=  9  avg=+38.8%  med=+0.0%  realized=$+260.00
  b30|c030_s173_w3_1045_1120_r2  n=  2  avg=-9.5%  med=+0.0%  realized=$-14.00
  b31|c031_s165_w4_1120_1135_r2  n=  2  avg=+145.5%  med=+175.8%  realized=$+192.00
  b48|c048_s164_w1_0928_1005_r2  n=  5  avg=-33.1%  med=-49.1%  realized=$-91.00
  b48|c048_s165_w1_0928_1005_r3  n= 16  avg=-35.9%  med=-49.1%  realized=$-344.00
  b49|c049_s164_w2_1005_1045_r2  n=  4  avg=-51.8%  med=-44.0%  realized=$-133.00
  b49|c049_s165_w2_1005_1045_r3  n= 15  avg=-49.3%  med=-49.1%  realized=$-458.00
  b50|c050_s164_w3_1045_1120_r2  n=  4  avg=-39.6%  med=-16.7%  realized=$-115.00
  b50|c050_s165_w3_1045_1120_r3  n=  9  avg=-23.6%  med=-23.1%  realized=$-142.00
  b51|c051_s165_w4_1120_1135_r3  n=  1  avg=+263.6%  med=+263.6%  realized=$+174.00
  b56|g056_lim_tp20_sl65  n=  1  avg=+47.7%  med=+47.7%  realized=$+20.52
  b57|g057_mid_tp20_sl65  n=  1  avg=+47.7%  med=+47.7%  realized=$+20.52
  b58|g058_eod_tp20_sl65  n=  1  avg=+59.1%  med=+59.1%  realized=$+25.41
  b68|c068_s165_w1_0928_1005_r4  n= 16  avg=-51.3%  med=-49.1%  realized=$-446.00
  b68|c068_s166_w1_0928_1005_r3  n=  4  avg=-52.7%  med=-49.1%  realized=$-116.00
  b69|c069_s165_w2_1005_1045_r4  n= 11  avg=+19.0%  med=-43.6%  realized=$-179.00
  b69|c069_s166_w2_1005_1045_r3  n=  4  avg=+10.1%  med=-40.0%  realized=$-87.00
  b70|c070_s165_w3_1045_1120_r4  n= 11  avg=-2.1%  med=-16.9%  realized=$-6.00
  b70|c070_s166_w3_1045_1120_r3  n=  4  avg=-42.5%  med=-27.0%  realized=$-124.00
  b70|g070_eod_tp30_sl20  n=  1  avg=+59.1%  med=+59.1%  realized=$+27.77
  b76|c076_s164_w1_0928_1005_r3  n=  1  avg=-50.0%  med=-50.0%  realized=$-2.00
  b88|c088_s165_w1_0928_1005_r5  n= 21  avg=-5.0%  med=-2.7%  realized=$-63.00
  b88|c088_s167_w1_0928_1005_r4  n=  4  avg=-12.7%  med=+30.9%  realized=$-28.00
  b89|c089_s165_w2_1005_1045_r5  n=  7  avg=+113.1%  med=+30.9%  realized=$+67.00
  b89|c089_s167_w2_1005_1045_r4  n=  2  avg=-16.2%  med=+30.9%  realized=$-22.00
  b8|c008_s165_w1_0928_1005_r1  n= 23  avg=-19.6%  med=-35.3%  realized=$-250.00
  b90|c090_s165_w3_1045_1120_r5  n= 13  avg=+7.7%  med=+0.0%  realized=$+47.00
  b90|c090_s167_w3_1045_1120_r4  n=  4  avg=-41.6%  med=-18.9%  realized=$-123.00
  b91|c091_s165_w4_1120_1135_r5  n=  2  avg=+222.0%  med=+247.0%  realized=$+293.00
  b9|c009_s165_w2_1005_1045_r1  n=  7  avg=-74.4%  med=-66.2%  realized=$-301.00
========================================================
+========================================================================+
|  OPTIONS BOT SUMMARY                                                   |
+------------------------------------------------------------------------+
|  Mode                          manage-only                             |
|  Equity                        $123,711.18                             |
|  Signals this run              0                                       |
|  Orders submitted (session)    83                                      |
|  Orders filled today (ledger)  77                                      |
|  Entries placed this run       0                                       |
|  Open virtual lots             1                                       |
|  Broker option positions       1                                       |
|  Pending orders                0                                       |
+========================================================================+
+========================================================================+
|  BUCKET LEADERBOARD (reflected ex-S173,S174)                           |
+------------------------------------------------------------------------+
|  Reflected trades=276  buckets=30  win=30%                             |
|  Returns   avg=-5.5%  med=-40.0%  p10=-66.2%  p90=+81.8%               |
|  Realized  $+4,419.13                                                  |
|  Raw incl dropped  trades=810  real=$+2,823.58                         |
|  Today     trades=3  avg=-44.4%  med=-33.3%  real=$-4.00               |
+------------------------------------------------------------------------+
|  BKT PROFILE               N  WIN  AVG%   MED%   BEST%  REAL$          |
+------------------------------------------------------------------------+
|  b51  c051_s169_w2_1005_  1 100% +263.6 +263.6 +263.6 $   +174         |
|  b91  c091_s200_w2_1005_  2 100% +222.0 +222.0 +247.0 $   +293         |
|  b31  c031_s166_w4_1120_  2 100% +145.5 +145.5 +175.8 $   +192         |
|  b28  c028_s166_w3_1045_ 22  77% +50.0 +80.0 +102.0 $   +590           |
|  b58  c058_s170_w2_1005_  1 100% +59.1 +59.1 +59.1 $    +25            |
|  b56  c056_s170_w1_0928_  1 100% +47.7 +47.7 +47.7 $    +21            |
|  b57  c057_s170_w1_0928_  1 100% +47.7 +47.7 +47.7 $    +21            |
|  b89  c089_s200_w1_0928_  9  56% +84.4 +30.9 +790.0 $    +45           |
|  ... 22 more bucket(s) with exits                                      |
+------------------------------------------------------------------------+
|  Low  b20  c020_s165_w3_1045_  1   0% -88.9 -88.9 -88.9 $     -8       |
+========================================================================+
+========================================================================+
|  OPEN OPTIONS (1)                                                      |
+------------------------------------------------------------------------+
|  SYMBOL                      QTY    RET%        OPEN P&L               |
|------------------------------------------------------------------------|
|  PG260731C00155000             1    -33.3%   $     -1.00               |
+========================================================================+
Full detail: logs/options_trial/runs/2026-07-29.log
elapsed=0.5s reconcile=0.07s cancel=0.03s manage=0.13s

=== 12:11:25 ET — manage-only (past entry window) [elapsed=2.0s reconcile=0.51s cancel=0.22s manage=0.61s] ===
=== options_morning_bot (PAPER) 2026-07-29T12:11:25.206000-04:00 ===

[Run context]
Paper auth OK — equity $124450.10, account PA36KS87UPRS
  reconcile: layout changed controlled:100:c000_s173_w1_0928_1005_r1 -> controlled:248:c000_s163_w1_0928_1005_r1

[Setup]
Active buckets: 248 | Strategies: S165, S164, S168, S167, S166, S163, S169, S170, S171, S172, S175, S200, S201, S202, S203, S204, S205, S206, S207, S208, S209, S210, S211, S212, S213, S214, S215, S216, S217, S218, S219
Dropped (no new entries; ex-reflected P&L): S173, S174

[Manage only]
Past entry window; manage/exit only.

[Portfolio snapshot]
========================================================
OPTIONS TRIAL STATS
========================================================
Account equity: $124,450.10
Active buckets: 248 of 248 profiles ($500 virtual each) — paper unlimited mode

P&L summary
  Reflected (ex-S173,S174): $+4,419.13 all-time  |  $-4.00 today
  Raw (incl dropped):     $+2,823.58 all-time  |  $-4.00 today
  Open (not sold yet): $-1.00 unrealized (virtual lots)
  Premium deployed:    $3.00 in open positions
  Combined P&L:        $+4,418.13 (reflected realized + open virtual)

Ledger (master)
  Total events:     6086
  Today entries:    77
  Today exits (reflected): 3
  All-time exits (reflected): 276  wins 30%
  Avg return/trade: -5.5%  median -40.0%

Open virtual lots (by bucket)
  b108 c108_s202_w3_1045_1120_r1  prem=$     0  real=$ -1.00  open=$ +0.00  lots=0  [-]
       buy: ask-0.01  sell: bid-0.01  tp=+50% sl=-50%
  b109 c109_s202_w3_1045_1120_r2  prem=$     0  real=$ -2.00  open=$ +0.00  lots=0  [-]
       buy: ask-0.01  sell: bid-0.01  tp=+50% sl=-50%
  b236 c236_s218_w3_1045_1120_r1  prem=$     0  real=$ -1.00  open=$ +0.00  lots=0  [-]
       buy: ask-0.01  sell: bid-0.01  tp=+50% sl=-50%
  b237 c237_s218_w3_1045_1120_r2  prem=$     3  real=$ +0.00  open=$ -1.00  lots=1  [S218:PGx1]
       buy: ask-0.01  sell: bid-0.01  tp=+50% sl=-50%
  (244 quiet bucket profile(s) — no trades yet)

Alpaca option positions
  PG260731C00155000  qty=1  cost=$3.00  return=-33.3%  open P&L=$-1.00

Per-bucket exit stats (all time)
  b0|orphan_reconcile     n= 22  avg=+22.4%  med=-57.5%  realized=$+6,310.91
  b104|c104_s164_w1_0928_1005_r4  n=  1  avg=-88.9%  med=-88.9%  realized=$-8.00
  b108|c108_s202_w3_1045_1120_r1  n=  1  avg=-33.3%  med=-33.3%  realized=$-1.00
  b109|c109_s202_w3_1045_1120_r2  n=  1  avg=-66.7%  med=-66.7%  realized=$-2.00
  b10|c010_s165_w3_1045_1120_r1  n=  8  avg=-37.2%  med=-18.9%  realized=$-205.00
  b132|c132_s164_w1_0928_1005_r5  n=  2  avg=-65.7%  med=-53.6%  realized=$-37.00
  b135|c135_s164_w4_1120_1135_r5  n=  1  avg=-50.0%  med=-50.0%  realized=$-4.00
  b20|c020_s164_w1_0928_1005_r1  n=  1  avg=-88.9%  med=-88.9%  realized=$-8.00
  b236|c236_s218_w3_1045_1120_r1  n=  1  avg=-33.3%  med=-33.3%  realized=$-1.00
  b28|c028_s165_w1_0928_1005_r2  n= 17  avg=+49.5%  med=+80.0%  realized=$+448.00
  b28|c028_s173_w1_0928_1005_r2  n=  5  avg=+51.6%  med=+80.0%  realized=$+142.00
  b29|c029_s165_w2_1005_1045_r2  n=  9  avg=-23.3%  med=-50.0%  realized=$-221.00
  b29|c029_s173_w2_1005_1045_r2  n=  2  avg=-69.3%  med=-48.5%  realized=$-78.00
  b30|c030_s165_w3_1045_1120_r2  n=  9  avg=+38.8%  med=+0.0%  realized=$+260.00
  b30|c030_s173_w3_1045_1120_r2  n=  2  avg=-9.5%  med=+0.0%  realized=$-14.00
  b31|c031_s165_w4_1120_1135_r2  n=  2  avg=+145.5%  med=+175.8%  realized=$+192.00
  b48|c048_s164_w1_0928_1005_r2  n=  5  avg=-33.1%  med=-49.1%  realized=$-91.00
  b48|c048_s165_w1_0928_1005_r3  n= 16  avg=-35.9%  med=-49.1%  realized=$-344.00
  b49|c049_s164_w2_1005_1045_r2  n=  4  avg=-51.8%  med=-44.0%  realized=$-133.00
  b49|c049_s165_w2_1005_1045_r3  n= 15  avg=-49.3%  med=-49.1%  realized=$-458.00
  b50|c050_s164_w3_1045_1120_r2  n=  4  avg=-39.6%  med=-16.7%  realized=$-115.00
  b50|c050_s165_w3_1045_1120_r3  n=  9  avg=-23.6%  med=-23.1%  realized=$-142.00
  b51|c051_s165_w4_1120_1135_r3  n=  1  avg=+263.6%  med=+263.6%  realized=$+174.00
  b56|g056_lim_tp20_sl65  n=  1  avg=+47.7%  med=+47.7%  realized=$+20.52
  b57|g057_mid_tp20_sl65  n=  1  avg=+47.7%  med=+47.7%  realized=$+20.52
  b58|g058_eod_tp20_sl65  n=  1  avg=+59.1%  med=+59.1%  realized=$+25.41
  b68|c068_s165_w1_0928_1005_r4  n= 16  avg=-51.3%  med=-49.1%  realized=$-446.00
  b68|c068_s166_w1_0928_1005_r3  n=  4  avg=-52.7%  med=-49.1%  realized=$-116.00
  b69|c069_s165_w2_1005_1045_r4  n= 11  avg=+19.0%  med=-43.6%  realized=$-179.00
  b69|c069_s166_w2_1005_1045_r3  n=  4  avg=+10.1%  med=-40.0%  realized=$-87.00
  b70|c070_s165_w3_1045_1120_r4  n= 11  avg=-2.1%  med=-16.9%  realized=$-6.00
  b70|c070_s166_w3_1045_1120_r3  n=  4  avg=-42.5%  med=-27.0%  realized=$-124.00
  b70|g070_eod_tp30_sl20  n=  1  avg=+59.1%  med=+59.1%  realized=$+27.77
  b76|c076_s164_w1_0928_1005_r3  n=  1  avg=-50.0%  med=-50.0%  realized=$-2.00
  b88|c088_s165_w1_0928_1005_r5  n= 21  avg=-5.0%  med=-2.7%  realized=$-63.00
  b88|c088_s167_w1_0928_1005_r4  n=  4  avg=-12.7%  med=+30.9%  realized=$-28.00
  b89|c089_s165_w2_1005_1045_r5  n=  7  avg=+113.1%  med=+30.9%  realized=$+67.00
  b89|c089_s167_w2_1005_1045_r4  n=  2  avg=-16.2%  med=+30.9%  realized=$-22.00
  b8|c008_s165_w1_0928_1005_r1  n= 23  avg=-19.6%  med=-35.3%  realized=$-250.00
  b90|c090_s165_w3_1045_1120_r5  n= 13  avg=+7.7%  med=+0.0%  realized=$+47.00
  b90|c090_s167_w3_1045_1120_r4  n=  4  avg=-41.6%  med=-18.9%  realized=$-123.00
  b91|c091_s165_w4_1120_1135_r5  n=  2  avg=+222.0%  med=+247.0%  realized=$+293.00
  b9|c009_s165_w2_1005_1045_r1  n=  7  avg=-74.4%  med=-66.2%  realized=$-301.00
========================================================
+========================================================================+
|  OPTIONS BOT SUMMARY                                                   |
+------------------------------------------------------------------------+
|  Mode                          manage-only                             |
|  Equity                        $124,450.10                             |
|  Signals this run              0                                       |
|  Orders submitted (session)    83                                      |
|  Orders filled today (ledger)  77                                      |
|  Entries placed this run       0                                       |
|  Open virtual lots             1                                       |
|  Broker option positions       1                                       |
|  Pending orders                0                                       |
+========================================================================+
+========================================================================+
|  BUCKET LEADERBOARD (reflected ex-S173,S174)                           |
+------------------------------------------------------------------------+
|  Reflected trades=276  buckets=30  win=30%                             |
|  Returns   avg=-5.5%  med=-40.0%  p10=-66.2%  p90=+81.8%               |
|  Realized  $+4,419.13                                                  |
|  Raw incl dropped  trades=810  real=$+2,823.58                         |
|  Today     trades=3  avg=-44.4%  med=-33.3%  real=$-4.00               |
+------------------------------------------------------------------------+
|  BKT PROFILE               N  WIN  AVG%   MED%   BEST%  REAL$          |
+------------------------------------------------------------------------+
|  b51  c051_s169_w2_1005_  1 100% +263.6 +263.6 +263.6 $   +174         |
|  b91  c091_s200_w2_1005_  2 100% +222.0 +222.0 +247.0 $   +293         |
|  b31  c031_s166_w4_1120_  2 100% +145.5 +145.5 +175.8 $   +192         |
|  b28  c028_s166_w3_1045_ 22  77% +50.0 +80.0 +102.0 $   +590           |
|  b58  c058_s170_w2_1005_  1 100% +59.1 +59.1 +59.1 $    +25            |
|  b56  c056_s170_w1_0928_  1 100% +47.7 +47.7 +47.7 $    +21            |
|  b57  c057_s170_w1_0928_  1 100% +47.7 +47.7 +47.7 $    +21            |
|  b89  c089_s200_w1_0928_  9  56% +84.4 +30.9 +790.0 $    +45           |
|  ... 22 more bucket(s) with exits                                      |
+------------------------------------------------------------------------+
|  Low  b20  c020_s165_w3_1045_  1   0% -88.9 -88.9 -88.9 $     -8       |
+========================================================================+
+========================================================================+
|  OPEN OPTIONS (1)                                                      |
+------------------------------------------------------------------------+
|  SYMBOL                      QTY    RET%        OPEN P&L               |
|------------------------------------------------------------------------|
|  PG260731C00155000             1    -33.3%   $     -1.00               |
+========================================================================+
Full detail: logs/options_trial/runs/2026-07-29.log
elapsed=2.0s reconcile=0.51s cancel=0.22s manage=0.61s

=== 12:15:47 ET — manage-only (past entry window) [elapsed=0.8s reconcile=0.17s cancel=0.07s manage=0.28s] ===
=== options_morning_bot (PAPER) 2026-07-29T12:15:47.644440-04:00 ===

[Run context]
Paper auth OK — equity $124418.14, account PA36KS87UPRS
  reconcile: layout changed controlled:100:c000_s173_w1_0928_1005_r1 -> controlled:248:c000_s163_w1_0928_1005_r1

[Setup]
Active buckets: 248 | Strategies: S165, S164, S168, S167, S166, S163, S169, S170, S171, S172, S175, S200, S201, S202, S203, S204, S205, S206, S207, S208, S209, S210, S211, S212, S213, S214, S215, S216, S217, S218, S219
Dropped (no new entries; ex-reflected P&L): S173, S174

[Manage only]
Past entry window; manage/exit only.

[Portfolio snapshot]
========================================================
OPTIONS TRIAL STATS
========================================================
Account equity: $124,418.14
Active buckets: 248 of 248 profiles ($500 virtual each) — paper unlimited mode

P&L summary
  Reflected (ex-S173,S174): $+4,419.13 all-time  |  $-4.00 today
  Raw (incl dropped):     $+2,823.58 all-time  |  $-4.00 today
  Open (not sold yet): $-1.00 unrealized (virtual lots)
  Premium deployed:    $3.00 in open positions
  Combined P&L:        $+4,418.13 (reflected realized + open virtual)

Ledger (master)
  Total events:     6086
  Today entries:    77
  Today exits (reflected): 3
  All-time exits (reflected): 276  wins 30%
  Avg return/trade: -5.5%  median -40.0%

Open virtual lots (by bucket)
  b108 c108_s202_w3_1045_1120_r1  prem=$     0  real=$ -1.00  open=$ +0.00  lots=0  [-]
       buy: ask-0.01  sell: bid-0.01  tp=+50% sl=-50%
  b109 c109_s202_w3_1045_1120_r2  prem=$     0  real=$ -2.00  open=$ +0.00  lots=0  [-]
       buy: ask-0.01  sell: bid-0.01  tp=+50% sl=-50%
  b236 c236_s218_w3_1045_1120_r1  prem=$     0  real=$ -1.00  open=$ +0.00  lots=0  [-]
       buy: ask-0.01  sell: bid-0.01  tp=+50% sl=-50%
  b237 c237_s218_w3_1045_1120_r2  prem=$     3  real=$ +0.00  open=$ -1.00  lots=1  [S218:PGx1]
       buy: ask-0.01  sell: bid-0.01  tp=+50% sl=-50%
  (244 quiet bucket profile(s) — no trades yet)

Alpaca option positions
  PG260731C00155000  qty=1  cost=$3.00  return=-33.3%  open P&L=$-1.00

Per-bucket exit stats (all time)
  b0|orphan_reconcile     n= 22  avg=+22.4%  med=-57.5%  realized=$+6,310.91
  b104|c104_s164_w1_0928_1005_r4  n=  1  avg=-88.9%  med=-88.9%  realized=$-8.00
  b108|c108_s202_w3_1045_1120_r1  n=  1  avg=-33.3%  med=-33.3%  realized=$-1.00
  b109|c109_s202_w3_1045_1120_r2  n=  1  avg=-66.7%  med=-66.7%  realized=$-2.00
  b10|c010_s165_w3_1045_1120_r1  n=  8  avg=-37.2%  med=-18.9%  realized=$-205.00
  b132|c132_s164_w1_0928_1005_r5  n=  2  avg=-65.7%  med=-53.6%  realized=$-37.00
  b135|c135_s164_w4_1120_1135_r5  n=  1  avg=-50.0%  med=-50.0%  realized=$-4.00
  b20|c020_s164_w1_0928_1005_r1  n=  1  avg=-88.9%  med=-88.9%  realized=$-8.00
  b236|c236_s218_w3_1045_1120_r1  n=  1  avg=-33.3%  med=-33.3%  realized=$-1.00
  b28|c028_s165_w1_0928_1005_r2  n= 17  avg=+49.5%  med=+80.0%  realized=$+448.00
  b28|c028_s173_w1_0928_1005_r2  n=  5  avg=+51.6%  med=+80.0%  realized=$+142.00
  b29|c029_s165_w2_1005_1045_r2  n=  9  avg=-23.3%  med=-50.0%  realized=$-221.00
  b29|c029_s173_w2_1005_1045_r2  n=  2  avg=-69.3%  med=-48.5%  realized=$-78.00
  b30|c030_s165_w3_1045_1120_r2  n=  9  avg=+38.8%  med=+0.0%  realized=$+260.00
  b30|c030_s173_w3_1045_1120_r2  n=  2  avg=-9.5%  med=+0.0%  realized=$-14.00
  b31|c031_s165_w4_1120_1135_r2  n=  2  avg=+145.5%  med=+175.8%  realized=$+192.00
  b48|c048_s164_w1_0928_1005_r2  n=  5  avg=-33.1%  med=-49.1%  realized=$-91.00
  b48|c048_s165_w1_0928_1005_r3  n= 16  avg=-35.9%  med=-49.1%  realized=$-344.00
  b49|c049_s164_w2_1005_1045_r2  n=  4  avg=-51.8%  med=-44.0%  realized=$-133.00
  b49|c049_s165_w2_1005_1045_r3  n= 15  avg=-49.3%  med=-49.1%  realized=$-458.00
  b50|c050_s164_w3_1045_1120_r2  n=  4  avg=-39.6%  med=-16.7%  realized=$-115.00
  b50|c050_s165_w3_1045_1120_r3  n=  9  avg=-23.6%  med=-23.1%  realized=$-142.00
  b51|c051_s165_w4_1120_1135_r3  n=  1  avg=+263.6%  med=+263.6%  realized=$+174.00
  b56|g056_lim_tp20_sl65  n=  1  avg=+47.7%  med=+47.7%  realized=$+20.52
  b57|g057_mid_tp20_sl65  n=  1  avg=+47.7%  med=+47.7%  realized=$+20.52
  b58|g058_eod_tp20_sl65  n=  1  avg=+59.1%  med=+59.1%  realized=$+25.41
  b68|c068_s165_w1_0928_1005_r4  n= 16  avg=-51.3%  med=-49.1%  realized=$-446.00
  b68|c068_s166_w1_0928_1005_r3  n=  4  avg=-52.7%  med=-49.1%  realized=$-116.00
  b69|c069_s165_w2_1005_1045_r4  n= 11  avg=+19.0%  med=-43.6%  realized=$-179.00
  b69|c069_s166_w2_1005_1045_r3  n=  4  avg=+10.1%  med=-40.0%  realized=$-87.00
  b70|c070_s165_w3_1045_1120_r4  n= 11  avg=-2.1%  med=-16.9%  realized=$-6.00
  b70|c070_s166_w3_1045_1120_r3  n=  4  avg=-42.5%  med=-27.0%  realized=$-124.00
  b70|g070_eod_tp30_sl20  n=  1  avg=+59.1%  med=+59.1%  realized=$+27.77
  b76|c076_s164_w1_0928_1005_r3  n=  1  avg=-50.0%  med=-50.0%  realized=$-2.00
  b88|c088_s165_w1_0928_1005_r5  n= 21  avg=-5.0%  med=-2.7%  realized=$-63.00
  b88|c088_s167_w1_0928_1005_r4  n=  4  avg=-12.7%  med=+30.9%  realized=$-28.00
  b89|c089_s165_w2_1005_1045_r5  n=  7  avg=+113.1%  med=+30.9%  realized=$+67.00
  b89|c089_s167_w2_1005_1045_r4  n=  2  avg=-16.2%  med=+30.9%  realized=$-22.00
  b8|c008_s165_w1_0928_1005_r1  n= 23  avg=-19.6%  med=-35.3%  realized=$-250.00
  b90|c090_s165_w3_1045_1120_r5  n= 13  avg=+7.7%  med=+0.0%  realized=$+47.00
  b90|c090_s167_w3_1045_1120_r4  n=  4  avg=-41.6%  med=-18.9%  realized=$-123.00
  b91|c091_s165_w4_1120_1135_r5  n=  2  avg=+222.0%  med=+247.0%  realized=$+293.00
  b9|c009_s165_w2_1005_1045_r1  n=  7  avg=-74.4%  med=-66.2%  realized=$-301.00
========================================================
+========================================================================+
|  OPTIONS BOT SUMMARY                                                   |
+------------------------------------------------------------------------+
|  Mode                          manage-only                             |
|  Equity                        $124,418.14                             |
|  Signals this run              0                                       |
|  Orders submitted (session)    83                                      |
|  Orders filled today (ledger)  77                                      |
|  Entries placed this run       0                                       |
|  Open virtual lots             1                                       |
|  Broker option positions       1                                       |
|  Pending orders                0                                       |
+========================================================================+
+========================================================================+
|  BUCKET LEADERBOARD (reflected ex-S173,S174)                           |
+------------------------------------------------------------------------+
|  Reflected trades=276  buckets=30  win=30%                             |
|  Returns   avg=-5.5%  med=-40.0%  p10=-66.2%  p90=+81.8%               |
|  Realized  $+4,419.13                                                  |
|  Raw incl dropped  trades=810  real=$+2,823.58                         |
|  Today     trades=3  avg=-44.4%  med=-33.3%  real=$-4.00               |
+------------------------------------------------------------------------+
|  BKT PROFILE               N  WIN  AVG%   MED%   BEST%  REAL$          |
+------------------------------------------------------------------------+
|  b51  c051_s169_w2_1005_  1 100% +263.6 +263.6 +263.6 $   +174         |
|  b91  c091_s200_w2_1005_  2 100% +222.0 +222.0 +247.0 $   +293         |
|  b31  c031_s166_w4_1120_  2 100% +145.5 +145.5 +175.8 $   +192         |
|  b28  c028_s166_w3_1045_ 22  77% +50.0 +80.0 +102.0 $   +590           |
|  b58  c058_s170_w2_1005_  1 100% +59.1 +59.1 +59.1 $    +25            |
|  b56  c056_s170_w1_0928_  1 100% +47.7 +47.7 +47.7 $    +21            |
|  b57  c057_s170_w1_0928_  1 100% +47.7 +47.7 +47.7 $    +21            |
|  b89  c089_s200_w1_0928_  9  56% +84.4 +30.9 +790.0 $    +45           |
|  ... 22 more bucket(s) with exits                                      |
+------------------------------------------------------------------------+
|  Low  b20  c020_s165_w3_1045_  1   0% -88.9 -88.9 -88.9 $     -8       |
+========================================================================+
+========================================================================+
|  OPEN OPTIONS (1)                                                      |
+------------------------------------------------------------------------+
|  SYMBOL                      QTY    RET%        OPEN P&L               |
|------------------------------------------------------------------------|
|  PG260731C00155000             1    -33.3%   $     -1.00               |
+========================================================================+
Full detail: logs/options_trial/runs/2026-07-29.log
elapsed=0.8s reconcile=0.17s cancel=0.07s manage=0.28s

=== 12:21:11 ET — manage-only (past entry window) [elapsed=0.9s reconcile=0.17s cancel=0.07s manage=0.3s] ===
=== options_morning_bot (PAPER) 2026-07-29T12:21:11.015262-04:00 ===

[Run context]
Paper auth OK — equity $124709.14, account PA36KS87UPRS
  reconcile: layout changed controlled:100:c000_s173_w1_0928_1005_r1 -> controlled:248:c000_s163_w1_0928_1005_r1

[Setup]
Active buckets: 248 | Strategies: S165, S164, S168, S167, S166, S163, S169, S170, S171, S172, S175, S200, S201, S202, S203, S204, S205, S206, S207, S208, S209, S210, S211, S212, S213, S214, S215, S216, S217, S218, S219
Dropped (no new entries; ex-reflected P&L): S173, S174
  EXIT [b237|c237_s218_w3_1045_1120_r2|S218] stop_loss (-66.7%) SELL 1 PG260731C00155000 @<= 0.01  id=2d30859b-7e69-4d1e-845b-c76a12940229

[Manage only]
Past entry window; manage/exit only.

[Portfolio snapshot]
========================================================
OPTIONS TRIAL STATS
========================================================
Account equity: $124,709.14
Active buckets: 248 of 248 profiles ($500 virtual each) — paper unlimited mode

P&L summary
  Reflected (ex-S173,S174): $+4,419.13 all-time  |  $-4.00 today
  Raw (incl dropped):     $+2,823.58 all-time  |  $-4.00 today
  Open (not sold yet): $-2.00 unrealized (virtual lots)
  Premium deployed:    $3.00 in open positions
  Combined P&L:        $+4,417.13 (reflected realized + open virtual)

Ledger (master)
  Total events:     6086
  Today entries:    77
  Today exits (reflected): 3
  All-time exits (reflected): 276  wins 30%
  Avg return/trade: -5.5%  median -40.0%

Open virtual lots (by bucket)
  b108 c108_s202_w3_1045_1120_r1  prem=$     0  real=$ -1.00  open=$ +0.00  lots=0  [-]
       buy: ask-0.01  sell: bid-0.01  tp=+50% sl=-50%
  b109 c109_s202_w3_1045_1120_r2  prem=$     0  real=$ -2.00  open=$ +0.00  lots=0  [-]
       buy: ask-0.01  sell: bid-0.01  tp=+50% sl=-50%
  b236 c236_s218_w3_1045_1120_r1  prem=$     0  real=$ -1.00  open=$ +0.00  lots=0  [-]
       buy: ask-0.01  sell: bid-0.01  tp=+50% sl=-50%
  b237 c237_s218_w3_1045_1120_r2  prem=$     3  real=$ +0.00  open=$ -2.00  lots=1  [S218:PGx1]
       buy: ask-0.01  sell: bid-0.01  tp=+50% sl=-50%
  (244 quiet bucket profile(s) — no trades yet)

Alpaca option positions
  PG260731C00155000  qty=1  cost=$3.00  return=-66.7%  open P&L=$-2.00

Per-bucket exit stats (all time)
  b0|orphan_reconcile     n= 22  avg=+22.4%  med=-57.5%  realized=$+6,310.91
  b104|c104_s164_w1_0928_1005_r4  n=  1  avg=-88.9%  med=-88.9%  realized=$-8.00
  b108|c108_s202_w3_1045_1120_r1  n=  1  avg=-33.3%  med=-33.3%  realized=$-1.00
  b109|c109_s202_w3_1045_1120_r2  n=  1  avg=-66.7%  med=-66.7%  realized=$-2.00
  b10|c010_s165_w3_1045_1120_r1  n=  8  avg=-37.2%  med=-18.9%  realized=$-205.00
  b132|c132_s164_w1_0928_1005_r5  n=  2  avg=-65.7%  med=-53.6%  realized=$-37.00
  b135|c135_s164_w4_1120_1135_r5  n=  1  avg=-50.0%  med=-50.0%  realized=$-4.00
  b20|c020_s164_w1_0928_1005_r1  n=  1  avg=-88.9%  med=-88.9%  realized=$-8.00
  b236|c236_s218_w3_1045_1120_r1  n=  1  avg=-33.3%  med=-33.3%  realized=$-1.00
  b28|c028_s165_w1_0928_1005_r2  n= 17  avg=+49.5%  med=+80.0%  realized=$+448.00
  b28|c028_s173_w1_0928_1005_r2  n=  5  avg=+51.6%  med=+80.0%  realized=$+142.00
  b29|c029_s165_w2_1005_1045_r2  n=  9  avg=-23.3%  med=-50.0%  realized=$-221.00
  b29|c029_s173_w2_1005_1045_r2  n=  2  avg=-69.3%  med=-48.5%  realized=$-78.00
  b30|c030_s165_w3_1045_1120_r2  n=  9  avg=+38.8%  med=+0.0%  realized=$+260.00
  b30|c030_s173_w3_1045_1120_r2  n=  2  avg=-9.5%  med=+0.0%  realized=$-14.00
  b31|c031_s165_w4_1120_1135_r2  n=  2  avg=+145.5%  med=+175.8%  realized=$+192.00
  b48|c048_s164_w1_0928_1005_r2  n=  5  avg=-33.1%  med=-49.1%  realized=$-91.00
  b48|c048_s165_w1_0928_1005_r3  n= 16  avg=-35.9%  med=-49.1%  realized=$-344.00
  b49|c049_s164_w2_1005_1045_r2  n=  4  avg=-51.8%  med=-44.0%  realized=$-133.00
  b49|c049_s165_w2_1005_1045_r3  n= 15  avg=-49.3%  med=-49.1%  realized=$-458.00
  b50|c050_s164_w3_1045_1120_r2  n=  4  avg=-39.6%  med=-16.7%  realized=$-115.00
  b50|c050_s165_w3_1045_1120_r3  n=  9  avg=-23.6%  med=-23.1%  realized=$-142.00
  b51|c051_s165_w4_1120_1135_r3  n=  1  avg=+263.6%  med=+263.6%  realized=$+174.00
  b56|g056_lim_tp20_sl65  n=  1  avg=+47.7%  med=+47.7%  realized=$+20.52
  b57|g057_mid_tp20_sl65  n=  1  avg=+47.7%  med=+47.7%  realized=$+20.52
  b58|g058_eod_tp20_sl65  n=  1  avg=+59.1%  med=+59.1%  realized=$+25.41
  b68|c068_s165_w1_0928_1005_r4  n= 16  avg=-51.3%  med=-49.1%  realized=$-446.00
  b68|c068_s166_w1_0928_1005_r3  n=  4  avg=-52.7%  med=-49.1%  realized=$-116.00
  b69|c069_s165_w2_1005_1045_r4  n= 11  avg=+19.0%  med=-43.6%  realized=$-179.00
  b69|c069_s166_w2_1005_1045_r3  n=  4  avg=+10.1%  med=-40.0%  realized=$-87.00
  b70|c070_s165_w3_1045_1120_r4  n= 11  avg=-2.1%  med=-16.9%  realized=$-6.00
  b70|c070_s166_w3_1045_1120_r3  n=  4  avg=-42.5%  med=-27.0%  realized=$-124.00
  b70|g070_eod_tp30_sl20  n=  1  avg=+59.1%  med=+59.1%  realized=$+27.77
  b76|c076_s164_w1_0928_1005_r3  n=  1  avg=-50.0%  med=-50.0%  realized=$-2.00
  b88|c088_s165_w1_0928_1005_r5  n= 21  avg=-5.0%  med=-2.7%  realized=$-63.00
  b88|c088_s167_w1_0928_1005_r4  n=  4  avg=-12.7%  med=+30.9%  realized=$-28.00
  b89|c089_s165_w2_1005_1045_r5  n=  7  avg=+113.1%  med=+30.9%  realized=$+67.00
  b89|c089_s167_w2_1005_1045_r4  n=  2  avg=-16.2%  med=+30.9%  realized=$-22.00
  b8|c008_s165_w1_0928_1005_r1  n= 23  avg=-19.6%  med=-35.3%  realized=$-250.00
  b90|c090_s165_w3_1045_1120_r5  n= 13  avg=+7.7%  med=+0.0%  realized=$+47.00
  b90|c090_s167_w3_1045_1120_r4  n=  4  avg=-41.6%  med=-18.9%  realized=$-123.00
  b91|c091_s165_w4_1120_1135_r5  n=  2  avg=+222.0%  med=+247.0%  realized=$+293.00
  b9|c009_s165_w2_1005_1045_r1  n=  7  avg=-74.4%  med=-66.2%  realized=$-301.00
========================================================
+========================================================================+
|  OPTIONS BOT SUMMARY                                                   |
+------------------------------------------------------------------------+
|  Mode                          manage-only                             |
|  Equity                        $124,709.14                             |
|  Signals this run              0                                       |
|  Orders submitted (session)    83                                      |
|  Orders filled today (ledger)  77                                      |
|  Entries placed this run       0                                       |
|  Open virtual lots             1                                       |
|  Broker option positions       1                                       |
|  Pending orders                0                                       |
+========================================================================+
+========================================================================+
|  BUCKET LEADERBOARD (reflected ex-S173,S174)                           |
+------------------------------------------------------------------------+
|  Reflected trades=276  buckets=30  win=30%                             |
|  Returns   avg=-5.5%  med=-40.0%  p10=-66.2%  p90=+81.8%               |
|  Realized  $+4,419.13                                                  |
|  Raw incl dropped  trades=810  real=$+2,823.58                         |
|  Today     trades=3  avg=-44.4%  med=-33.3%  real=$-4.00               |
+------------------------------------------------------------------------+
|  BKT PROFILE               N  WIN  AVG%   MED%   BEST%  REAL$          |
+------------------------------------------------------------------------+
|  b51  c051_s169_w2_1005_  1 100% +263.6 +263.6 +263.6 $   +174         |
|  b91  c091_s200_w2_1005_  2 100% +222.0 +222.0 +247.0 $   +293         |
|  b31  c031_s166_w4_1120_  2 100% +145.5 +145.5 +175.8 $   +192         |
|  b28  c028_s166_w3_1045_ 22  77% +50.0 +80.0 +102.0 $   +590           |
|  b58  c058_s170_w2_1005_  1 100% +59.1 +59.1 +59.1 $    +25            |
|  b56  c056_s170_w1_0928_  1 100% +47.7 +47.7 +47.7 $    +21            |
|  b57  c057_s170_w1_0928_  1 100% +47.7 +47.7 +47.7 $    +21            |
|  b89  c089_s200_w1_0928_  9  56% +84.4 +30.9 +790.0 $    +45           |
|  ... 22 more bucket(s) with exits                                      |
+------------------------------------------------------------------------+
|  Low  b20  c020_s165_w3_1045_  1   0% -88.9 -88.9 -88.9 $     -8       |
+========================================================================+
+========================================================================+
|  PENDING EXITS (1)                                                     |
+------------------------------------------------------------------------+
|  b237 S218 PG260731C00155000 x1 stop_loss (-66.7%)                     |
+========================================================================+
+========================================================================+
|  OPEN OPTIONS (1)                                                      |
+------------------------------------------------------------------------+
|  SYMBOL                      QTY    RET%        OPEN P&L               |
|------------------------------------------------------------------------|
|  PG260731C00155000             1    -66.7%   $     -2.00               |
+========================================================================+
Full detail: logs/options_trial/runs/2026-07-29.log
elapsed=0.9s reconcile=0.17s cancel=0.07s manage=0.3s

=== 12:25:46 ET — manage-only (past entry window) [elapsed=0.9s reconcile=0.25s cancel=0.11s manage=0.09s] ===
=== options_morning_bot (PAPER) 2026-07-29T12:25:46.050861-04:00 ===

[Run context]
Paper auth OK — equity $125028.36, account PA36KS87UPRS
  reconcile: layout changed controlled:100:c000_s173_w1_0928_1005_r1 -> controlled:248:c000_s163_w1_0928_1005_r1
  reconcile: exit fill b237|S218 PG -66.7%

[Setup]
Active buckets: 248 | Strategies: S165, S164, S168, S167, S166, S163, S169, S170, S171, S172, S175, S200, S201, S202, S203, S204, S205, S206, S207, S208, S209, S210, S211, S212, S213, S214, S215, S216, S217, S218, S219
Dropped (no new entries; ex-reflected P&L): S173, S174

[Manage only]
Past entry window; manage/exit only.

[Portfolio snapshot]
========================================================
OPTIONS TRIAL STATS
========================================================
Account equity: $125,028.36
Active buckets: 248 of 248 profiles ($500 virtual each) — paper unlimited mode

P&L summary
  Reflected (ex-S173,S174): $+4,417.13 all-time  |  $-6.00 today
  Raw (incl dropped):     $+2,821.58 all-time  |  $-6.00 today
  Open (not sold yet): $+0.00 unrealized (virtual lots)
  Premium deployed:    $0.00 in open positions
  Combined P&L:        $+4,417.13 (reflected realized + open virtual)

Ledger (master)
  Total events:     6087
  Today entries:    77
  Today exits (reflected): 4
  All-time exits (reflected): 277  wins 30%
  Avg return/trade: -5.7%  median -40.0%

Open virtual lots (by bucket)
  b108 c108_s202_w3_1045_1120_r1  prem=$     0  real=$ -1.00  open=$ +0.00  lots=0  [-]
       buy: ask-0.01  sell: bid-0.01  tp=+50% sl=-50%
  b109 c109_s202_w3_1045_1120_r2  prem=$     0  real=$ -2.00  open=$ +0.00  lots=0  [-]
       buy: ask-0.01  sell: bid-0.01  tp=+50% sl=-50%
  b236 c236_s218_w3_1045_1120_r1  prem=$     0  real=$ -1.00  open=$ +0.00  lots=0  [-]
       buy: ask-0.01  sell: bid-0.01  tp=+50% sl=-50%
  b237 c237_s218_w3_1045_1120_r2  prem=$     0  real=$ -2.00  open=$ +0.00  lots=0  [-]
       buy: ask-0.01  sell: bid-0.01  tp=+50% sl=-50%
  (244 quiet bucket profile(s) — no trades yet)

Alpaca option positions
  (none)

Per-bucket exit stats (all time)
  b0|orphan_reconcile     n= 22  avg=+22.4%  med=-57.5%  realized=$+6,310.91
  b104|c104_s164_w1_0928_1005_r4  n=  1  avg=-88.9%  med=-88.9%  realized=$-8.00
  b108|c108_s202_w3_1045_1120_r1  n=  1  avg=-33.3%  med=-33.3%  realized=$-1.00
  b109|c109_s202_w3_1045_1120_r2  n=  1  avg=-66.7%  med=-66.7%  realized=$-2.00
  b10|c010_s165_w3_1045_1120_r1  n=  8  avg=-37.2%  med=-18.9%  realized=$-205.00
  b132|c132_s164_w1_0928_1005_r5  n=  2  avg=-65.7%  med=-53.6%  realized=$-37.00
  b135|c135_s164_w4_1120_1135_r5  n=  1  avg=-50.0%  med=-50.0%  realized=$-4.00
  b20|c020_s164_w1_0928_1005_r1  n=  1  avg=-88.9%  med=-88.9%  realized=$-8.00
  b236|c236_s218_w3_1045_1120_r1  n=  1  avg=-33.3%  med=-33.3%  realized=$-1.00
  b237|c237_s218_w3_1045_1120_r2  n=  1  avg=-66.7%  med=-66.7%  realized=$-2.00
  b28|c028_s165_w1_0928_1005_r2  n= 17  avg=+49.5%  med=+80.0%  realized=$+448.00
  b28|c028_s173_w1_0928_1005_r2  n=  5  avg=+51.6%  med=+80.0%  realized=$+142.00
  b29|c029_s165_w2_1005_1045_r2  n=  9  avg=-23.3%  med=-50.0%  realized=$-221.00
  b29|c029_s173_w2_1005_1045_r2  n=  2  avg=-69.3%  med=-48.5%  realized=$-78.00
  b30|c030_s165_w3_1045_1120_r2  n=  9  avg=+38.8%  med=+0.0%  realized=$+260.00
  b30|c030_s173_w3_1045_1120_r2  n=  2  avg=-9.5%  med=+0.0%  realized=$-14.00
  b31|c031_s165_w4_1120_1135_r2  n=  2  avg=+145.5%  med=+175.8%  realized=$+192.00
  b48|c048_s164_w1_0928_1005_r2  n=  5  avg=-33.1%  med=-49.1%  realized=$-91.00
  b48|c048_s165_w1_0928_1005_r3  n= 16  avg=-35.9%  med=-49.1%  realized=$-344.00
  b49|c049_s164_w2_1005_1045_r2  n=  4  avg=-51.8%  med=-44.0%  realized=$-133.00
  b49|c049_s165_w2_1005_1045_r3  n= 15  avg=-49.3%  med=-49.1%  realized=$-458.00
  b50|c050_s164_w3_1045_1120_r2  n=  4  avg=-39.6%  med=-16.7%  realized=$-115.00
  b50|c050_s165_w3_1045_1120_r3  n=  9  avg=-23.6%  med=-23.1%  realized=$-142.00
  b51|c051_s165_w4_1120_1135_r3  n=  1  avg=+263.6%  med=+263.6%  realized=$+174.00
  b56|g056_lim_tp20_sl65  n=  1  avg=+47.7%  med=+47.7%  realized=$+20.52
  b57|g057_mid_tp20_sl65  n=  1  avg=+47.7%  med=+47.7%  realized=$+20.52
  b58|g058_eod_tp20_sl65  n=  1  avg=+59.1%  med=+59.1%  realized=$+25.41
  b68|c068_s165_w1_0928_1005_r4  n= 16  avg=-51.3%  med=-49.1%  realized=$-446.00
  b68|c068_s166_w1_0928_1005_r3  n=  4  avg=-52.7%  med=-49.1%  realized=$-116.00
  b69|c069_s165_w2_1005_1045_r4  n= 11  avg=+19.0%  med=-43.6%  realized=$-179.00
  b69|c069_s166_w2_1005_1045_r3  n=  4  avg=+10.1%  med=-40.0%  realized=$-87.00
  b70|c070_s165_w3_1045_1120_r4  n= 11  avg=-2.1%  med=-16.9%  realized=$-6.00
  b70|c070_s166_w3_1045_1120_r3  n=  4  avg=-42.5%  med=-27.0%  realized=$-124.00
  b70|g070_eod_tp30_sl20  n=  1  avg=+59.1%  med=+59.1%  realized=$+27.77
  b76|c076_s164_w1_0928_1005_r3  n=  1  avg=-50.0%  med=-50.0%  realized=$-2.00
  b88|c088_s165_w1_0928_1005_r5  n= 21  avg=-5.0%  med=-2.7%  realized=$-63.00
  b88|c088_s167_w1_0928_1005_r4  n=  4  avg=-12.7%  med=+30.9%  realized=$-28.00
  b89|c089_s165_w2_1005_1045_r5  n=  7  avg=+113.1%  med=+30.9%  realized=$+67.00
  b89|c089_s167_w2_1005_1045_r4  n=  2  avg=-16.2%  med=+30.9%  realized=$-22.00
  b8|c008_s165_w1_0928_1005_r1  n= 23  avg=-19.6%  med=-35.3%  realized=$-250.00
  b90|c090_s165_w3_1045_1120_r5  n= 13  avg=+7.7%  med=+0.0%  realized=$+47.00
  b90|c090_s167_w3_1045_1120_r4  n=  4  avg=-41.6%  med=-18.9%  realized=$-123.00
  b91|c091_s165_w4_1120_1135_r5  n=  2  avg=+222.0%  med=+247.0%  realized=$+293.00
  b9|c009_s165_w2_1005_1045_r1  n=  7  avg=-74.4%  med=-66.2%  realized=$-301.00
========================================================
+========================================================================+
|  OPTIONS BOT SUMMARY                                                   |
+------------------------------------------------------------------------+
|  Mode                          manage-only                             |
|  Equity                        $125,028.36                             |
|  Signals this run              0                                       |
|  Orders submitted (session)    83                                      |
|  Orders filled today (ledger)  77                                      |
|  Entries placed this run       0                                       |
|  Open virtual lots             0                                       |
|  Broker option positions       0                                       |
|  Pending orders                0                                       |
+========================================================================+
+========================================================================+
|  BUCKET LEADERBOARD (reflected ex-S173,S174)                           |
+------------------------------------------------------------------------+
|  Reflected trades=277  buckets=31  win=30%                             |
|  Returns   avg=-5.7%  med=-40.0%  p10=-66.2%  p90=+81.8%               |
|  Realized  $+4,417.13                                                  |
|  Raw incl dropped  trades=811  real=$+2,821.58                         |
|  Today     trades=4  avg=-50.0%  med=-50.0%  real=$-6.00               |
+------------------------------------------------------------------------+
|  BKT PROFILE               N  WIN  AVG%   MED%   BEST%  REAL$          |
+------------------------------------------------------------------------+
|  b51  c051_s169_w2_1005_  1 100% +263.6 +263.6 +263.6 $   +174         |
|  b91  c091_s200_w2_1005_  2 100% +222.0 +222.0 +247.0 $   +293         |
|  b31  c031_s166_w4_1120_  2 100% +145.5 +145.5 +175.8 $   +192         |
|  b28  c028_s166_w3_1045_ 22  77% +50.0 +80.0 +102.0 $   +590           |
|  b58  c058_s170_w2_1005_  1 100% +59.1 +59.1 +59.1 $    +25            |
|  b56  c056_s170_w1_0928_  1 100% +47.7 +47.7 +47.7 $    +21            |
|  b57  c057_s170_w1_0928_  1 100% +47.7 +47.7 +47.7 $    +21            |
|  b89  c089_s200_w1_0928_  9  56% +84.4 +30.9 +790.0 $    +45           |
|  ... 23 more bucket(s) with exits                                      |
+------------------------------------------------------------------------+
|  Low  b20  c020_s165_w3_1045_  1   0% -88.9 -88.9 -88.9 $     -8       |
+========================================================================+
+========================================================================+
|  OPEN OPTIONS (0)                                                      |
+------------------------------------------------------------------------+
|  No open option positions                                              |
+========================================================================+
Full detail: logs/options_trial/runs/2026-07-29.log
elapsed=0.9s reconcile=0.25s cancel=0.11s manage=0.09s

=== 12:30:44 ET — manage-only (past entry window) [elapsed=0.4s reconcile=0.09s cancel=0.03s manage=0.01s] ===
=== options_morning_bot (PAPER) 2026-07-29T12:30:44.569297-04:00 ===

[Run context]
Paper auth OK — equity $125555.12, account PA36KS87UPRS
  reconcile: layout changed controlled:100:c000_s173_w1_0928_1005_r1 -> controlled:248:c000_s163_w1_0928_1005_r1

[Setup]
Active buckets: 248 | Strategies: S165, S164, S168, S167, S166, S163, S169, S170, S171, S172, S175, S200, S201, S202, S203, S204, S205, S206, S207, S208, S209, S210, S211, S212, S213, S214, S215, S216, S217, S218, S219
Dropped (no new entries; ex-reflected P&L): S173, S174

[Manage only]
Past entry window; manage/exit only.

[Portfolio snapshot]
========================================================
OPTIONS TRIAL STATS
========================================================
Account equity: $125,555.12
Active buckets: 248 of 248 profiles ($500 virtual each) — paper unlimited mode

P&L summary
  Reflected (ex-S173,S174): $+4,417.13 all-time  |  $-6.00 today
  Raw (incl dropped):     $+2,821.58 all-time  |  $-6.00 today
  Open (not sold yet): $+0.00 unrealized (virtual lots)
  Premium deployed:    $0.00 in open positions
  Combined P&L:        $+4,417.13 (reflected realized + open virtual)

Ledger (master)
  Total events:     6087
  Today entries:    77
  Today exits (reflected): 4
  All-time exits (reflected): 277  wins 30%
  Avg return/trade: -5.7%  median -40.0%

Open virtual lots (by bucket)
  b108 c108_s202_w3_1045_1120_r1  prem=$     0  real=$ -1.00  open=$ +0.00  lots=0  [-]
       buy: ask-0.01  sell: bid-0.01  tp=+50% sl=-50%
  b109 c109_s202_w3_1045_1120_r2  prem=$     0  real=$ -2.00  open=$ +0.00  lots=0  [-]
       buy: ask-0.01  sell: bid-0.01  tp=+50% sl=-50%
  b236 c236_s218_w3_1045_1120_r1  prem=$     0  real=$ -1.00  open=$ +0.00  lots=0  [-]
       buy: ask-0.01  sell: bid-0.01  tp=+50% sl=-50%
  b237 c237_s218_w3_1045_1120_r2  prem=$     0  real=$ -2.00  open=$ +0.00  lots=0  [-]
       buy: ask-0.01  sell: bid-0.01  tp=+50% sl=-50%
  (244 quiet bucket profile(s) — no trades yet)

Alpaca option positions
  (none)

Per-bucket exit stats (all time)
  b0|orphan_reconcile     n= 22  avg=+22.4%  med=-57.5%  realized=$+6,310.91
  b104|c104_s164_w1_0928_1005_r4  n=  1  avg=-88.9%  med=-88.9%  realized=$-8.00
  b108|c108_s202_w3_1045_1120_r1  n=  1  avg=-33.3%  med=-33.3%  realized=$-1.00
  b109|c109_s202_w3_1045_1120_r2  n=  1  avg=-66.7%  med=-66.7%  realized=$-2.00
  b10|c010_s165_w3_1045_1120_r1  n=  8  avg=-37.2%  med=-18.9%  realized=$-205.00
  b132|c132_s164_w1_0928_1005_r5  n=  2  avg=-65.7%  med=-53.6%  realized=$-37.00
  b135|c135_s164_w4_1120_1135_r5  n=  1  avg=-50.0%  med=-50.0%  realized=$-4.00
  b20|c020_s164_w1_0928_1005_r1  n=  1  avg=-88.9%  med=-88.9%  realized=$-8.00
  b236|c236_s218_w3_1045_1120_r1  n=  1  avg=-33.3%  med=-33.3%  realized=$-1.00
  b237|c237_s218_w3_1045_1120_r2  n=  1  avg=-66.7%  med=-66.7%  realized=$-2.00
  b28|c028_s165_w1_0928_1005_r2  n= 17  avg=+49.5%  med=+80.0%  realized=$+448.00
  b28|c028_s173_w1_0928_1005_r2  n=  5  avg=+51.6%  med=+80.0%  realized=$+142.00
  b29|c029_s165_w2_1005_1045_r2  n=  9  avg=-23.3%  med=-50.0%  realized=$-221.00
  b29|c029_s173_w2_1005_1045_r2  n=  2  avg=-69.3%  med=-48.5%  realized=$-78.00
  b30|c030_s165_w3_1045_1120_r2  n=  9  avg=+38.8%  med=+0.0%  realized=$+260.00
  b30|c030_s173_w3_1045_1120_r2  n=  2  avg=-9.5%  med=+0.0%  realized=$-14.00
  b31|c031_s165_w4_1120_1135_r2  n=  2  avg=+145.5%  med=+175.8%  realized=$+192.00
  b48|c048_s164_w1_0928_1005_r2  n=  5  avg=-33.1%  med=-49.1%  realized=$-91.00
  b48|c048_s165_w1_0928_1005_r3  n= 16  avg=-35.9%  med=-49.1%  realized=$-344.00
  b49|c049_s164_w2_1005_1045_r2  n=  4  avg=-51.8%  med=-44.0%  realized=$-133.00
  b49|c049_s165_w2_1005_1045_r3  n= 15  avg=-49.3%  med=-49.1%  realized=$-458.00
  b50|c050_s164_w3_1045_1120_r2  n=  4  avg=-39.6%  med=-16.7%  realized=$-115.00
  b50|c050_s165_w3_1045_1120_r3  n=  9  avg=-23.6%  med=-23.1%  realized=$-142.00
  b51|c051_s165_w4_1120_1135_r3  n=  1  avg=+263.6%  med=+263.6%  realized=$+174.00
  b56|g056_lim_tp20_sl65  n=  1  avg=+47.7%  med=+47.7%  realized=$+20.52
  b57|g057_mid_tp20_sl65  n=  1  avg=+47.7%  med=+47.7%  realized=$+20.52
  b58|g058_eod_tp20_sl65  n=  1  avg=+59.1%  med=+59.1%  realized=$+25.41
  b68|c068_s165_w1_0928_1005_r4  n= 16  avg=-51.3%  med=-49.1%  realized=$-446.00
  b68|c068_s166_w1_0928_1005_r3  n=  4  avg=-52.7%  med=-49.1%  realized=$-116.00
  b69|c069_s165_w2_1005_1045_r4  n= 11  avg=+19.0%  med=-43.6%  realized=$-179.00
  b69|c069_s166_w2_1005_1045_r3  n=  4  avg=+10.1%  med=-40.0%  realized=$-87.00
  b70|c070_s165_w3_1045_1120_r4  n= 11  avg=-2.1%  med=-16.9%  realized=$-6.00
  b70|c070_s166_w3_1045_1120_r3  n=  4  avg=-42.5%  med=-27.0%  realized=$-124.00
  b70|g070_eod_tp30_sl20  n=  1  avg=+59.1%  med=+59.1%  realized=$+27.77
  b76|c076_s164_w1_0928_1005_r3  n=  1  avg=-50.0%  med=-50.0%  realized=$-2.00
  b88|c088_s165_w1_0928_1005_r5  n= 21  avg=-5.0%  med=-2.7%  realized=$-63.00
  b88|c088_s167_w1_0928_1005_r4  n=  4  avg=-12.7%  med=+30.9%  realized=$-28.00
  b89|c089_s165_w2_1005_1045_r5  n=  7  avg=+113.1%  med=+30.9%  realized=$+67.00
  b89|c089_s167_w2_1005_1045_r4  n=  2  avg=-16.2%  med=+30.9%  realized=$-22.00
  b8|c008_s165_w1_0928_1005_r1  n= 23  avg=-19.6%  med=-35.3%  realized=$-250.00
  b90|c090_s165_w3_1045_1120_r5  n= 13  avg=+7.7%  med=+0.0%  realized=$+47.00
  b90|c090_s167_w3_1045_1120_r4  n=  4  avg=-41.6%  med=-18.9%  realized=$-123.00
  b91|c091_s165_w4_1120_1135_r5  n=  2  avg=+222.0%  med=+247.0%  realized=$+293.00
  b9|c009_s165_w2_1005_1045_r1  n=  7  avg=-74.4%  med=-66.2%  realized=$-301.00
========================================================
+========================================================================+
|  OPTIONS BOT SUMMARY                                                   |
+------------------------------------------------------------------------+
|  Mode                          manage-only                             |
|  Equity                        $125,555.12                             |
|  Signals this run              0                                       |
|  Orders submitted (session)    83                                      |
|  Orders filled today (ledger)  77                                      |
|  Entries placed this run       0                                       |
|  Open virtual lots             0                                       |
|  Broker option positions       0                                       |
|  Pending orders                0                                       |
+========================================================================+
+========================================================================+
|  BUCKET LEADERBOARD (reflected ex-S173,S174)                           |
+------------------------------------------------------------------------+
|  Reflected trades=277  buckets=31  win=30%                             |
|  Returns   avg=-5.7%  med=-40.0%  p10=-66.2%  p90=+81.8%               |
|  Realized  $+4,417.13                                                  |
|  Raw incl dropped  trades=811  real=$+2,821.58                         |
|  Today     trades=4  avg=-50.0%  med=-50.0%  real=$-6.00               |
+------------------------------------------------------------------------+
|  BKT PROFILE               N  WIN  AVG%   MED%   BEST%  REAL$          |
+------------------------------------------------------------------------+
|  b51  c051_s169_w2_1005_  1 100% +263.6 +263.6 +263.6 $   +174         |
|  b91  c091_s200_w2_1005_  2 100% +222.0 +222.0 +247.0 $   +293         |
|  b31  c031_s166_w4_1120_  2 100% +145.5 +145.5 +175.8 $   +192         |
|  b28  c028_s166_w3_1045_ 22  77% +50.0 +80.0 +102.0 $   +590           |
|  b58  c058_s170_w2_1005_  1 100% +59.1 +59.1 +59.1 $    +25            |
|  b56  c056_s170_w1_0928_  1 100% +47.7 +47.7 +47.7 $    +21            |
|  b57  c057_s170_w1_0928_  1 100% +47.7 +47.7 +47.7 $    +21            |
|  b89  c089_s200_w1_0928_  9  56% +84.4 +30.9 +790.0 $    +45           |
|  ... 23 more bucket(s) with exits                                      |
+------------------------------------------------------------------------+
|  Low  b20  c020_s165_w3_1045_  1   0% -88.9 -88.9 -88.9 $     -8       |
+========================================================================+
+========================================================================+
|  OPEN OPTIONS (0)                                                      |
+------------------------------------------------------------------------+
|  No open option positions                                              |
+========================================================================+
Full detail: logs/options_trial/runs/2026-07-29.log
elapsed=0.4s reconcile=0.09s cancel=0.03s manage=0.01s

=== 12:35:48 ET — manage-only (past entry window) [elapsed=0.5s reconcile=0.1s cancel=0.04s manage=0.02s] ===
=== options_morning_bot (PAPER) 2026-07-29T12:35:48.779178-04:00 ===

[Run context]
Paper auth OK — equity $125037.12, account PA36KS87UPRS
  reconcile: layout changed controlled:100:c000_s173_w1_0928_1005_r1 -> controlled:248:c000_s163_w1_0928_1005_r1

[Setup]
Active buckets: 248 | Strategies: S165, S164, S168, S167, S166, S163, S169, S170, S171, S172, S175, S200, S201, S202, S203, S204, S205, S206, S207, S208, S209, S210, S211, S212, S213, S214, S215, S216, S217, S218, S219
Dropped (no new entries; ex-reflected P&L): S173, S174

[Manage only]
Past entry window; manage/exit only.

[Portfolio snapshot]
========================================================
OPTIONS TRIAL STATS
========================================================
Account equity: $125,037.12
Active buckets: 248 of 248 profiles ($500 virtual each) — paper unlimited mode

P&L summary
  Reflected (ex-S173,S174): $+4,417.13 all-time  |  $-6.00 today
  Raw (incl dropped):     $+2,821.58 all-time  |  $-6.00 today
  Open (not sold yet): $+0.00 unrealized (virtual lots)
  Premium deployed:    $0.00 in open positions
  Combined P&L:        $+4,417.13 (reflected realized + open virtual)

Ledger (master)
  Total events:     6087
  Today entries:    77
  Today exits (reflected): 4
  All-time exits (reflected): 277  wins 30%
  Avg return/trade: -5.7%  median -40.0%

Open virtual lots (by bucket)
  b108 c108_s202_w3_1045_1120_r1  prem=$     0  real=$ -1.00  open=$ +0.00  lots=0  [-]
       buy: ask-0.01  sell: bid-0.01  tp=+50% sl=-50%
  b109 c109_s202_w3_1045_1120_r2  prem=$     0  real=$ -2.00  open=$ +0.00  lots=0  [-]
       buy: ask-0.01  sell: bid-0.01  tp=+50% sl=-50%
  b236 c236_s218_w3_1045_1120_r1  prem=$     0  real=$ -1.00  open=$ +0.00  lots=0  [-]
       buy: ask-0.01  sell: bid-0.01  tp=+50% sl=-50%
  b237 c237_s218_w3_1045_1120_r2  prem=$     0  real=$ -2.00  open=$ +0.00  lots=0  [-]
       buy: ask-0.01  sell: bid-0.01  tp=+50% sl=-50%
  (244 quiet bucket profile(s) — no trades yet)

Alpaca option positions
  (none)

Per-bucket exit stats (all time)
  b0|orphan_reconcile     n= 22  avg=+22.4%  med=-57.5%  realized=$+6,310.91
  b104|c104_s164_w1_0928_1005_r4  n=  1  avg=-88.9%  med=-88.9%  realized=$-8.00
  b108|c108_s202_w3_1045_1120_r1  n=  1  avg=-33.3%  med=-33.3%  realized=$-1.00
  b109|c109_s202_w3_1045_1120_r2  n=  1  avg=-66.7%  med=-66.7%  realized=$-2.00
  b10|c010_s165_w3_1045_1120_r1  n=  8  avg=-37.2%  med=-18.9%  realized=$-205.00
  b132|c132_s164_w1_0928_1005_r5  n=  2  avg=-65.7%  med=-53.6%  realized=$-37.00
  b135|c135_s164_w4_1120_1135_r5  n=  1  avg=-50.0%  med=-50.0%  realized=$-4.00
  b20|c020_s164_w1_0928_1005_r1  n=  1  avg=-88.9%  med=-88.9%  realized=$-8.00
  b236|c236_s218_w3_1045_1120_r1  n=  1  avg=-33.3%  med=-33.3%  realized=$-1.00
  b237|c237_s218_w3_1045_1120_r2  n=  1  avg=-66.7%  med=-66.7%  realized=$-2.00
  b28|c028_s165_w1_0928_1005_r2  n= 17  avg=+49.5%  med=+80.0%  realized=$+448.00
  b28|c028_s173_w1_0928_1005_r2  n=  5  avg=+51.6%  med=+80.0%  realized=$+142.00
  b29|c029_s165_w2_1005_1045_r2  n=  9  avg=-23.3%  med=-50.0%  realized=$-221.00
  b29|c029_s173_w2_1005_1045_r2  n=  2  avg=-69.3%  med=-48.5%  realized=$-78.00
  b30|c030_s165_w3_1045_1120_r2  n=  9  avg=+38.8%  med=+0.0%  realized=$+260.00
  b30|c030_s173_w3_1045_1120_r2  n=  2  avg=-9.5%  med=+0.0%  realized=$-14.00
  b31|c031_s165_w4_1120_1135_r2  n=  2  avg=+145.5%  med=+175.8%  realized=$+192.00
  b48|c048_s164_w1_0928_1005_r2  n=  5  avg=-33.1%  med=-49.1%  realized=$-91.00
  b48|c048_s165_w1_0928_1005_r3  n= 16  avg=-35.9%  med=-49.1%  realized=$-344.00
  b49|c049_s164_w2_1005_1045_r2  n=  4  avg=-51.8%  med=-44.0%  realized=$-133.00
  b49|c049_s165_w2_1005_1045_r3  n= 15  avg=-49.3%  med=-49.1%  realized=$-458.00
  b50|c050_s164_w3_1045_1120_r2  n=  4  avg=-39.6%  med=-16.7%  realized=$-115.00
  b50|c050_s165_w3_1045_1120_r3  n=  9  avg=-23.6%  med=-23.1%  realized=$-142.00
  b51|c051_s165_w4_1120_1135_r3  n=  1  avg=+263.6%  med=+263.6%  realized=$+174.00
  b56|g056_lim_tp20_sl65  n=  1  avg=+47.7%  med=+47.7%  realized=$+20.52
  b57|g057_mid_tp20_sl65  n=  1  avg=+47.7%  med=+47.7%  realized=$+20.52
  b58|g058_eod_tp20_sl65  n=  1  avg=+59.1%  med=+59.1%  realized=$+25.41
  b68|c068_s165_w1_0928_1005_r4  n= 16  avg=-51.3%  med=-49.1%  realized=$-446.00
  b68|c068_s166_w1_0928_1005_r3  n=  4  avg=-52.7%  med=-49.1%  realized=$-116.00
  b69|c069_s165_w2_1005_1045_r4  n= 11  avg=+19.0%  med=-43.6%  realized=$-179.00
  b69|c069_s166_w2_1005_1045_r3  n=  4  avg=+10.1%  med=-40.0%  realized=$-87.00
  b70|c070_s165_w3_1045_1120_r4  n= 11  avg=-2.1%  med=-16.9%  realized=$-6.00
  b70|c070_s166_w3_1045_1120_r3  n=  4  avg=-42.5%  med=-27.0%  realized=$-124.00
  b70|g070_eod_tp30_sl20  n=  1  avg=+59.1%  med=+59.1%  realized=$+27.77
  b76|c076_s164_w1_0928_1005_r3  n=  1  avg=-50.0%  med=-50.0%  realized=$-2.00
  b88|c088_s165_w1_0928_1005_r5  n= 21  avg=-5.0%  med=-2.7%  realized=$-63.00
  b88|c088_s167_w1_0928_1005_r4  n=  4  avg=-12.7%  med=+30.9%  realized=$-28.00
  b89|c089_s165_w2_1005_1045_r5  n=  7  avg=+113.1%  med=+30.9%  realized=$+67.00
  b89|c089_s167_w2_1005_1045_r4  n=  2  avg=-16.2%  med=+30.9%  realized=$-22.00
  b8|c008_s165_w1_0928_1005_r1  n= 23  avg=-19.6%  med=-35.3%  realized=$-250.00
  b90|c090_s165_w3_1045_1120_r5  n= 13  avg=+7.7%  med=+0.0%  realized=$+47.00
  b90|c090_s167_w3_1045_1120_r4  n=  4  avg=-41.6%  med=-18.9%  realized=$-123.00
  b91|c091_s165_w4_1120_1135_r5  n=  2  avg=+222.0%  med=+247.0%  realized=$+293.00
  b9|c009_s165_w2_1005_1045_r1  n=  7  avg=-74.4%  med=-66.2%  realized=$-301.00
========================================================
+========================================================================+
|  OPTIONS BOT SUMMARY                                                   |
+------------------------------------------------------------------------+
|  Mode                          manage-only                             |
|  Equity                        $125,037.12                             |
|  Signals this run              0                                       |
|  Orders submitted (session)    83                                      |
|  Orders filled today (ledger)  77                                      |
|  Entries placed this run       0                                       |
|  Open virtual lots             0                                       |
|  Broker option positions       0                                       |
|  Pending orders                0                                       |
+========================================================================+
+========================================================================+
|  BUCKET LEADERBOARD (reflected ex-S173,S174)                           |
+------------------------------------------------------------------------+
|  Reflected trades=277  buckets=31  win=30%                             |
|  Returns   avg=-5.7%  med=-40.0%  p10=-66.2%  p90=+81.8%               |
|  Realized  $+4,417.13                                                  |
|  Raw incl dropped  trades=811  real=$+2,821.58                         |
|  Today     trades=4  avg=-50.0%  med=-50.0%  real=$-6.00               |
+------------------------------------------------------------------------+
|  BKT PROFILE               N  WIN  AVG%   MED%   BEST%  REAL$          |
+------------------------------------------------------------------------+
|  b51  c051_s169_w2_1005_  1 100% +263.6 +263.6 +263.6 $   +174         |
|  b91  c091_s200_w2_1005_  2 100% +222.0 +222.0 +247.0 $   +293         |
|  b31  c031_s166_w4_1120_  2 100% +145.5 +145.5 +175.8 $   +192         |
|  b28  c028_s166_w3_1045_ 22  77% +50.0 +80.0 +102.0 $   +590           |
|  b58  c058_s170_w2_1005_  1 100% +59.1 +59.1 +59.1 $    +25            |
|  b56  c056_s170_w1_0928_  1 100% +47.7 +47.7 +47.7 $    +21            |
|  b57  c057_s170_w1_0928_  1 100% +47.7 +47.7 +47.7 $    +21            |
|  b89  c089_s200_w1_0928_  9  56% +84.4 +30.9 +790.0 $    +45           |
|  ... 23 more bucket(s) with exits                                      |
+------------------------------------------------------------------------+
|  Low  b20  c020_s165_w3_1045_  1   0% -88.9 -88.9 -88.9 $     -8       |
+========================================================================+
+========================================================================+
|  OPEN OPTIONS (0)                                                      |
+------------------------------------------------------------------------+
|  No open option positions                                              |
+========================================================================+
Full detail: logs/options_trial/runs/2026-07-29.log
elapsed=0.5s reconcile=0.1s cancel=0.04s manage=0.02s

=== 12:40:51 ET — manage-only (past entry window) [elapsed=1.8s reconcile=0.46s cancel=0.22s manage=0.14s] ===
=== options_morning_bot (PAPER) 2026-07-29T12:40:51.452072-04:00 ===

[Run context]
Paper auth OK — equity $125415.12, account PA36KS87UPRS
  reconcile: layout changed controlled:100:c000_s173_w1_0928_1005_r1 -> controlled:248:c000_s163_w1_0928_1005_r1

[Setup]
Active buckets: 248 | Strategies: S165, S164, S168, S167, S166, S163, S169, S170, S171, S172, S175, S200, S201, S202, S203, S204, S205, S206, S207, S208, S209, S210, S211, S212, S213, S214, S215, S216, S217, S218, S219
Dropped (no new entries; ex-reflected P&L): S173, S174

[Manage only]
Past entry window; manage/exit only.

[Portfolio snapshot]
========================================================
OPTIONS TRIAL STATS
========================================================
Account equity: $125,415.12
Active buckets: 248 of 248 profiles ($500 virtual each) — paper unlimited mode

P&L summary
  Reflected (ex-S173,S174): $+4,417.13 all-time  |  $-6.00 today
  Raw (incl dropped):     $+2,821.58 all-time  |  $-6.00 today
  Open (not sold yet): $+0.00 unrealized (virtual lots)
  Premium deployed:    $0.00 in open positions
  Combined P&L:        $+4,417.13 (reflected realized + open virtual)

Ledger (master)
  Total events:     6087
  Today entries:    77
  Today exits (reflected): 4
  All-time exits (reflected): 277  wins 30%
  Avg return/trade: -5.7%  median -40.0%

Open virtual lots (by bucket)
  b108 c108_s202_w3_1045_1120_r1  prem=$     0  real=$ -1.00  open=$ +0.00  lots=0  [-]
       buy: ask-0.01  sell: bid-0.01  tp=+50% sl=-50%
  b109 c109_s202_w3_1045_1120_r2  prem=$     0  real=$ -2.00  open=$ +0.00  lots=0  [-]
       buy: ask-0.01  sell: bid-0.01  tp=+50% sl=-50%
  b236 c236_s218_w3_1045_1120_r1  prem=$     0  real=$ -1.00  open=$ +0.00  lots=0  [-]
       buy: ask-0.01  sell: bid-0.01  tp=+50% sl=-50%
  b237 c237_s218_w3_1045_1120_r2  prem=$     0  real=$ -2.00  open=$ +0.00  lots=0  [-]
       buy: ask-0.01  sell: bid-0.01  tp=+50% sl=-50%
  (244 quiet bucket profile(s) — no trades yet)

Alpaca option positions
  (none)

Per-bucket exit stats (all time)
  b0|orphan_reconcile     n= 22  avg=+22.4%  med=-57.5%  realized=$+6,310.91
  b104|c104_s164_w1_0928_1005_r4  n=  1  avg=-88.9%  med=-88.9%  realized=$-8.00
  b108|c108_s202_w3_1045_1120_r1  n=  1  avg=-33.3%  med=-33.3%  realized=$-1.00
  b109|c109_s202_w3_1045_1120_r2  n=  1  avg=-66.7%  med=-66.7%  realized=$-2.00
  b10|c010_s165_w3_1045_1120_r1  n=  8  avg=-37.2%  med=-18.9%  realized=$-205.00
  b132|c132_s164_w1_0928_1005_r5  n=  2  avg=-65.7%  med=-53.6%  realized=$-37.00
  b135|c135_s164_w4_1120_1135_r5  n=  1  avg=-50.0%  med=-50.0%  realized=$-4.00
  b20|c020_s164_w1_0928_1005_r1  n=  1  avg=-88.9%  med=-88.9%  realized=$-8.00
  b236|c236_s218_w3_1045_1120_r1  n=  1  avg=-33.3%  med=-33.3%  realized=$-1.00
  b237|c237_s218_w3_1045_1120_r2  n=  1  avg=-66.7%  med=-66.7%  realized=$-2.00
  b28|c028_s165_w1_0928_1005_r2  n= 17  avg=+49.5%  med=+80.0%  realized=$+448.00
  b28|c028_s173_w1_0928_1005_r2  n=  5  avg=+51.6%  med=+80.0%  realized=$+142.00
  b29|c029_s165_w2_1005_1045_r2  n=  9  avg=-23.3%  med=-50.0%  realized=$-221.00
  b29|c029_s173_w2_1005_1045_r2  n=  2  avg=-69.3%  med=-48.5%  realized=$-78.00
  b30|c030_s165_w3_1045_1120_r2  n=  9  avg=+38.8%  med=+0.0%  realized=$+260.00
  b30|c030_s173_w3_1045_1120_r2  n=  2  avg=-9.5%  med=+0.0%  realized=$-14.00
  b31|c031_s165_w4_1120_1135_r2  n=  2  avg=+145.5%  med=+175.8%  realized=$+192.00
  b48|c048_s164_w1_0928_1005_r2  n=  5  avg=-33.1%  med=-49.1%  realized=$-91.00
  b48|c048_s165_w1_0928_1005_r3  n= 16  avg=-35.9%  med=-49.1%  realized=$-344.00
  b49|c049_s164_w2_1005_1045_r2  n=  4  avg=-51.8%  med=-44.0%  realized=$-133.00
  b49|c049_s165_w2_1005_1045_r3  n= 15  avg=-49.3%  med=-49.1%  realized=$-458.00
  b50|c050_s164_w3_1045_1120_r2  n=  4  avg=-39.6%  med=-16.7%  realized=$-115.00
  b50|c050_s165_w3_1045_1120_r3  n=  9  avg=-23.6%  med=-23.1%  realized=$-142.00
  b51|c051_s165_w4_1120_1135_r3  n=  1  avg=+263.6%  med=+263.6%  realized=$+174.00
  b56|g056_lim_tp20_sl65  n=  1  avg=+47.7%  med=+47.7%  realized=$+20.52
  b57|g057_mid_tp20_sl65  n=  1  avg=+47.7%  med=+47.7%  realized=$+20.52
  b58|g058_eod_tp20_sl65  n=  1  avg=+59.1%  med=+59.1%  realized=$+25.41
  b68|c068_s165_w1_0928_1005_r4  n= 16  avg=-51.3%  med=-49.1%  realized=$-446.00
  b68|c068_s166_w1_0928_1005_r3  n=  4  avg=-52.7%  med=-49.1%  realized=$-116.00
  b69|c069_s165_w2_1005_1045_r4  n= 11  avg=+19.0%  med=-43.6%  realized=$-179.00
  b69|c069_s166_w2_1005_1045_r3  n=  4  avg=+10.1%  med=-40.0%  realized=$-87.00
  b70|c070_s165_w3_1045_1120_r4  n= 11  avg=-2.1%  med=-16.9%  realized=$-6.00
  b70|c070_s166_w3_1045_1120_r3  n=  4  avg=-42.5%  med=-27.0%  realized=$-124.00
  b70|g070_eod_tp30_sl20  n=  1  avg=+59.1%  med=+59.1%  realized=$+27.77
  b76|c076_s164_w1_0928_1005_r3  n=  1  avg=-50.0%  med=-50.0%  realized=$-2.00
  b88|c088_s165_w1_0928_1005_r5  n= 21  avg=-5.0%  med=-2.7%  realized=$-63.00
  b88|c088_s167_w1_0928_1005_r4  n=  4  avg=-12.7%  med=+30.9%  realized=$-28.00
  b89|c089_s165_w2_1005_1045_r5  n=  7  avg=+113.1%  med=+30.9%  realized=$+67.00
  b89|c089_s167_w2_1005_1045_r4  n=  2  avg=-16.2%  med=+30.9%  realized=$-22.00
  b8|c008_s165_w1_0928_1005_r1  n= 23  avg=-19.6%  med=-35.3%  realized=$-250.00
  b90|c090_s165_w3_1045_1120_r5  n= 13  avg=+7.7%  med=+0.0%  realized=$+47.00
  b90|c090_s167_w3_1045_1120_r4  n=  4  avg=-41.6%  med=-18.9%  realized=$-123.00
  b91|c091_s165_w4_1120_1135_r5  n=  2  avg=+222.0%  med=+247.0%  realized=$+293.00
  b9|c009_s165_w2_1005_1045_r1  n=  7  avg=-74.4%  med=-66.2%  realized=$-301.00
========================================================
+========================================================================+
|  OPTIONS BOT SUMMARY                                                   |
+------------------------------------------------------------------------+
|  Mode                          manage-only                             |
|  Equity                        $125,415.12                             |
|  Signals this run              0                                       |
|  Orders submitted (session)    83                                      |
|  Orders filled today (ledger)  77                                      |
|  Entries placed this run       0                                       |
|  Open virtual lots             0                                       |
|  Broker option positions       0                                       |
|  Pending orders                0                                       |
+========================================================================+
+========================================================================+
|  BUCKET LEADERBOARD (reflected ex-S173,S174)                           |
+------------------------------------------------------------------------+
|  Reflected trades=277  buckets=31  win=30%                             |
|  Returns   avg=-5.7%  med=-40.0%  p10=-66.2%  p90=+81.8%               |
|  Realized  $+4,417.13                                                  |
|  Raw incl dropped  trades=811  real=$+2,821.58                         |
|  Today     trades=4  avg=-50.0%  med=-50.0%  real=$-6.00               |
+------------------------------------------------------------------------+
|  BKT PROFILE               N  WIN  AVG%   MED%   BEST%  REAL$          |
+------------------------------------------------------------------------+
|  b51  c051_s169_w2_1005_  1 100% +263.6 +263.6 +263.6 $   +174         |
|  b91  c091_s200_w2_1005_  2 100% +222.0 +222.0 +247.0 $   +293         |
|  b31  c031_s166_w4_1120_  2 100% +145.5 +145.5 +175.8 $   +192         |
|  b28  c028_s166_w3_1045_ 22  77% +50.0 +80.0 +102.0 $   +590           |
|  b58  c058_s170_w2_1005_  1 100% +59.1 +59.1 +59.1 $    +25            |
|  b56  c056_s170_w1_0928_  1 100% +47.7 +47.7 +47.7 $    +21            |
|  b57  c057_s170_w1_0928_  1 100% +47.7 +47.7 +47.7 $    +21            |
|  b89  c089_s200_w1_0928_  9  56% +84.4 +30.9 +790.0 $    +45           |
|  ... 23 more bucket(s) with exits                                      |
+------------------------------------------------------------------------+
|  Low  b20  c020_s165_w3_1045_  1   0% -88.9 -88.9 -88.9 $     -8       |
+========================================================================+
+========================================================================+
|  OPEN OPTIONS (0)                                                      |
+------------------------------------------------------------------------+
|  No open option positions                                              |
+========================================================================+
Full detail: logs/options_trial/runs/2026-07-29.log
elapsed=1.8s reconcile=0.46s cancel=0.22s manage=0.14s

=== 12:45:50 ET — manage-only (past entry window) [elapsed=0.7s reconcile=0.23s cancel=0.1s manage=0.07s] ===
=== options_morning_bot (PAPER) 2026-07-29T12:45:50.693322-04:00 ===

[Run context]
Paper auth OK — equity $125297.12, account PA36KS87UPRS
  reconcile: layout changed controlled:100:c000_s173_w1_0928_1005_r1 -> controlled:248:c000_s163_w1_0928_1005_r1

[Setup]
Active buckets: 248 | Strategies: S165, S164, S168, S167, S166, S163, S169, S170, S171, S172, S175, S200, S201, S202, S203, S204, S205, S206, S207, S208, S209, S210, S211, S212, S213, S214, S215, S216, S217, S218, S219
Dropped (no new entries; ex-reflected P&L): S173, S174

[Manage only]
Past entry window; manage/exit only.

[Portfolio snapshot]
========================================================
OPTIONS TRIAL STATS
========================================================
Account equity: $125,297.12
Active buckets: 248 of 248 profiles ($500 virtual each) — paper unlimited mode

P&L summary
  Reflected (ex-S173,S174): $+4,417.13 all-time  |  $-6.00 today
  Raw (incl dropped):     $+2,821.58 all-time  |  $-6.00 today
  Open (not sold yet): $+0.00 unrealized (virtual lots)
  Premium deployed:    $0.00 in open positions
  Combined P&L:        $+4,417.13 (reflected realized + open virtual)

Ledger (master)
  Total events:     6087
  Today entries:    77
  Today exits (reflected): 4
  All-time exits (reflected): 277  wins 30%
  Avg return/trade: -5.7%  median -40.0%

Open virtual lots (by bucket)
  b108 c108_s202_w3_1045_1120_r1  prem=$     0  real=$ -1.00  open=$ +0.00  lots=0  [-]
       buy: ask-0.01  sell: bid-0.01  tp=+50% sl=-50%
  b109 c109_s202_w3_1045_1120_r2  prem=$     0  real=$ -2.00  open=$ +0.00  lots=0  [-]
       buy: ask-0.01  sell: bid-0.01  tp=+50% sl=-50%
  b236 c236_s218_w3_1045_1120_r1  prem=$     0  real=$ -1.00  open=$ +0.00  lots=0  [-]
       buy: ask-0.01  sell: bid-0.01  tp=+50% sl=-50%
  b237 c237_s218_w3_1045_1120_r2  prem=$     0  real=$ -2.00  open=$ +0.00  lots=0  [-]
       buy: ask-0.01  sell: bid-0.01  tp=+50% sl=-50%
  (244 quiet bucket profile(s) — no trades yet)

Alpaca option positions
  (none)

Per-bucket exit stats (all time)
  b0|orphan_reconcile     n= 22  avg=+22.4%  med=-57.5%  realized=$+6,310.91
  b104|c104_s164_w1_0928_1005_r4  n=  1  avg=-88.9%  med=-88.9%  realized=$-8.00
  b108|c108_s202_w3_1045_1120_r1  n=  1  avg=-33.3%  med=-33.3%  realized=$-1.00
  b109|c109_s202_w3_1045_1120_r2  n=  1  avg=-66.7%  med=-66.7%  realized=$-2.00
  b10|c010_s165_w3_1045_1120_r1  n=  8  avg=-37.2%  med=-18.9%  realized=$-205.00
  b132|c132_s164_w1_0928_1005_r5  n=  2  avg=-65.7%  med=-53.6%  realized=$-37.00
  b135|c135_s164_w4_1120_1135_r5  n=  1  avg=-50.0%  med=-50.0%  realized=$-4.00
  b20|c020_s164_w1_0928_1005_r1  n=  1  avg=-88.9%  med=-88.9%  realized=$-8.00
  b236|c236_s218_w3_1045_1120_r1  n=  1  avg=-33.3%  med=-33.3%  realized=$-1.00
  b237|c237_s218_w3_1045_1120_r2  n=  1  avg=-66.7%  med=-66.7%  realized=$-2.00
  b28|c028_s165_w1_0928_1005_r2  n= 17  avg=+49.5%  med=+80.0%  realized=$+448.00
  b28|c028_s173_w1_0928_1005_r2  n=  5  avg=+51.6%  med=+80.0%  realized=$+142.00
  b29|c029_s165_w2_1005_1045_r2  n=  9  avg=-23.3%  med=-50.0%  realized=$-221.00
  b29|c029_s173_w2_1005_1045_r2  n=  2  avg=-69.3%  med=-48.5%  realized=$-78.00
  b30|c030_s165_w3_1045_1120_r2  n=  9  avg=+38.8%  med=+0.0%  realized=$+260.00
  b30|c030_s173_w3_1045_1120_r2  n=  2  avg=-9.5%  med=+0.0%  realized=$-14.00
  b31|c031_s165_w4_1120_1135_r2  n=  2  avg=+145.5%  med=+175.8%  realized=$+192.00
  b48|c048_s164_w1_0928_1005_r2  n=  5  avg=-33.1%  med=-49.1%  realized=$-91.00
  b48|c048_s165_w1_0928_1005_r3  n= 16  avg=-35.9%  med=-49.1%  realized=$-344.00
  b49|c049_s164_w2_1005_1045_r2  n=  4  avg=-51.8%  med=-44.0%  realized=$-133.00
  b49|c049_s165_w2_1005_1045_r3  n= 15  avg=-49.3%  med=-49.1%  realized=$-458.00
  b50|c050_s164_w3_1045_1120_r2  n=  4  avg=-39.6%  med=-16.7%  realized=$-115.00
  b50|c050_s165_w3_1045_1120_r3  n=  9  avg=-23.6%  med=-23.1%  realized=$-142.00
  b51|c051_s165_w4_1120_1135_r3  n=  1  avg=+263.6%  med=+263.6%  realized=$+174.00
  b56|g056_lim_tp20_sl65  n=  1  avg=+47.7%  med=+47.7%  realized=$+20.52
  b57|g057_mid_tp20_sl65  n=  1  avg=+47.7%  med=+47.7%  realized=$+20.52
  b58|g058_eod_tp20_sl65  n=  1  avg=+59.1%  med=+59.1%  realized=$+25.41
  b68|c068_s165_w1_0928_1005_r4  n= 16  avg=-51.3%  med=-49.1%  realized=$-446.00
  b68|c068_s166_w1_0928_1005_r3  n=  4  avg=-52.7%  med=-49.1%  realized=$-116.00
  b69|c069_s165_w2_1005_1045_r4  n= 11  avg=+19.0%  med=-43.6%  realized=$-179.00
  b69|c069_s166_w2_1005_1045_r3  n=  4  avg=+10.1%  med=-40.0%  realized=$-87.00
  b70|c070_s165_w3_1045_1120_r4  n= 11  avg=-2.1%  med=-16.9%  realized=$-6.00
  b70|c070_s166_w3_1045_1120_r3  n=  4  avg=-42.5%  med=-27.0%  realized=$-124.00
  b70|g070_eod_tp30_sl20  n=  1  avg=+59.1%  med=+59.1%  realized=$+27.77
  b76|c076_s164_w1_0928_1005_r3  n=  1  avg=-50.0%  med=-50.0%  realized=$-2.00
  b88|c088_s165_w1_0928_1005_r5  n= 21  avg=-5.0%  med=-2.7%  realized=$-63.00
  b88|c088_s167_w1_0928_1005_r4  n=  4  avg=-12.7%  med=+30.9%  realized=$-28.00
  b89|c089_s165_w2_1005_1045_r5  n=  7  avg=+113.1%  med=+30.9%  realized=$+67.00
  b89|c089_s167_w2_1005_1045_r4  n=  2  avg=-16.2%  med=+30.9%  realized=$-22.00
  b8|c008_s165_w1_0928_1005_r1  n= 23  avg=-19.6%  med=-35.3%  realized=$-250.00
  b90|c090_s165_w3_1045_1120_r5  n= 13  avg=+7.7%  med=+0.0%  realized=$+47.00
  b90|c090_s167_w3_1045_1120_r4  n=  4  avg=-41.6%  med=-18.9%  realized=$-123.00
  b91|c091_s165_w4_1120_1135_r5  n=  2  avg=+222.0%  med=+247.0%  realized=$+293.00
  b9|c009_s165_w2_1005_1045_r1  n=  7  avg=-74.4%  med=-66.2%  realized=$-301.00
========================================================
+========================================================================+
|  OPTIONS BOT SUMMARY                                                   |
+------------------------------------------------------------------------+
|  Mode                          manage-only                             |
|  Equity                        $125,297.12                             |
|  Signals this run              0                                       |
|  Orders submitted (session)    83                                      |
|  Orders filled today (ledger)  77                                      |
|  Entries placed this run       0                                       |
|  Open virtual lots             0                                       |
|  Broker option positions       0                                       |
|  Pending orders                0                                       |
+========================================================================+
+========================================================================+
|  BUCKET LEADERBOARD (reflected ex-S173,S174)                           |
+------------------------------------------------------------------------+
|  Reflected trades=277  buckets=31  win=30%                             |
|  Returns   avg=-5.7%  med=-40.0%  p10=-66.2%  p90=+81.8%               |
|  Realized  $+4,417.13                                                  |
|  Raw incl dropped  trades=811  real=$+2,821.58                         |
|  Today     trades=4  avg=-50.0%  med=-50.0%  real=$-6.00               |
+------------------------------------------------------------------------+
|  BKT PROFILE               N  WIN  AVG%   MED%   BEST%  REAL$          |
+------------------------------------------------------------------------+
|  b51  c051_s169_w2_1005_  1 100% +263.6 +263.6 +263.6 $   +174         |
|  b91  c091_s200_w2_1005_  2 100% +222.0 +222.0 +247.0 $   +293         |
|  b31  c031_s166_w4_1120_  2 100% +145.5 +145.5 +175.8 $   +192         |
|  b28  c028_s166_w3_1045_ 22  77% +50.0 +80.0 +102.0 $   +590           |
|  b58  c058_s170_w2_1005_  1 100% +59.1 +59.1 +59.1 $    +25            |
|  b56  c056_s170_w1_0928_  1 100% +47.7 +47.7 +47.7 $    +21            |
|  b57  c057_s170_w1_0928_  1 100% +47.7 +47.7 +47.7 $    +21            |
|  b89  c089_s200_w1_0928_  9  56% +84.4 +30.9 +790.0 $    +45           |
|  ... 23 more bucket(s) with exits                                      |
+------------------------------------------------------------------------+
|  Low  b20  c020_s165_w3_1045_  1   0% -88.9 -88.9 -88.9 $     -8       |
+========================================================================+
+========================================================================+
|  OPEN OPTIONS (0)                                                      |
+------------------------------------------------------------------------+
|  No open option positions                                              |
+========================================================================+
Full detail: logs/options_trial/runs/2026-07-29.log
elapsed=0.7s reconcile=0.23s cancel=0.1s manage=0.07s

=== 12:50:44 ET — manage-only (past entry window) [elapsed=1.2s reconcile=0.38s cancel=0.18s manage=0.12s] ===
=== options_morning_bot (PAPER) 2026-07-29T12:50:44.090942-04:00 ===

[Run context]
Paper auth OK — equity $125567.12, account PA36KS87UPRS
  reconcile: layout changed controlled:100:c000_s173_w1_0928_1005_r1 -> controlled:248:c000_s163_w1_0928_1005_r1

[Setup]
Active buckets: 248 | Strategies: S165, S164, S168, S167, S166, S163, S169, S170, S171, S172, S175, S200, S201, S202, S203, S204, S205, S206, S207, S208, S209, S210, S211, S212, S213, S214, S215, S216, S217, S218, S219
Dropped (no new entries; ex-reflected P&L): S173, S174

[Manage only]
Past entry window; manage/exit only.

[Portfolio snapshot]
========================================================
OPTIONS TRIAL STATS
========================================================
Account equity: $125,567.12
Active buckets: 248 of 248 profiles ($500 virtual each) — paper unlimited mode

P&L summary
  Reflected (ex-S173,S174): $+4,417.13 all-time  |  $-6.00 today
  Raw (incl dropped):     $+2,821.58 all-time  |  $-6.00 today
  Open (not sold yet): $+0.00 unrealized (virtual lots)
  Premium deployed:    $0.00 in open positions
  Combined P&L:        $+4,417.13 (reflected realized + open virtual)

Ledger (master)
  Total events:     6087
  Today entries:    77
  Today exits (reflected): 4
  All-time exits (reflected): 277  wins 30%
  Avg return/trade: -5.7%  median -40.0%

Open virtual lots (by bucket)
  b108 c108_s202_w3_1045_1120_r1  prem=$     0  real=$ -1.00  open=$ +0.00  lots=0  [-]
       buy: ask-0.01  sell: bid-0.01  tp=+50% sl=-50%
  b109 c109_s202_w3_1045_1120_r2  prem=$     0  real=$ -2.00  open=$ +0.00  lots=0  [-]
       buy: ask-0.01  sell: bid-0.01  tp=+50% sl=-50%
  b236 c236_s218_w3_1045_1120_r1  prem=$     0  real=$ -1.00  open=$ +0.00  lots=0  [-]
       buy: ask-0.01  sell: bid-0.01  tp=+50% sl=-50%
  b237 c237_s218_w3_1045_1120_r2  prem=$     0  real=$ -2.00  open=$ +0.00  lots=0  [-]
       buy: ask-0.01  sell: bid-0.01  tp=+50% sl=-50%
  (244 quiet bucket profile(s) — no trades yet)

Alpaca option positions
  (none)

Per-bucket exit stats (all time)
  b0|orphan_reconcile     n= 22  avg=+22.4%  med=-57.5%  realized=$+6,310.91
  b104|c104_s164_w1_0928_1005_r4  n=  1  avg=-88.9%  med=-88.9%  realized=$-8.00
  b108|c108_s202_w3_1045_1120_r1  n=  1  avg=-33.3%  med=-33.3%  realized=$-1.00
  b109|c109_s202_w3_1045_1120_r2  n=  1  avg=-66.7%  med=-66.7%  realized=$-2.00
  b10|c010_s165_w3_1045_1120_r1  n=  8  avg=-37.2%  med=-18.9%  realized=$-205.00
  b132|c132_s164_w1_0928_1005_r5  n=  2  avg=-65.7%  med=-53.6%  realized=$-37.00
  b135|c135_s164_w4_1120_1135_r5  n=  1  avg=-50.0%  med=-50.0%  realized=$-4.00
  b20|c020_s164_w1_0928_1005_r1  n=  1  avg=-88.9%  med=-88.9%  realized=$-8.00
  b236|c236_s218_w3_1045_1120_r1  n=  1  avg=-33.3%  med=-33.3%  realized=$-1.00
  b237|c237_s218_w3_1045_1120_r2  n=  1  avg=-66.7%  med=-66.7%  realized=$-2.00
  b28|c028_s165_w1_0928_1005_r2  n= 17  avg=+49.5%  med=+80.0%  realized=$+448.00
  b28|c028_s173_w1_0928_1005_r2  n=  5  avg=+51.6%  med=+80.0%  realized=$+142.00
  b29|c029_s165_w2_1005_1045_r2  n=  9  avg=-23.3%  med=-50.0%  realized=$-221.00
  b29|c029_s173_w2_1005_1045_r2  n=  2  avg=-69.3%  med=-48.5%  realized=$-78.00
  b30|c030_s165_w3_1045_1120_r2  n=  9  avg=+38.8%  med=+0.0%  realized=$+260.00
  b30|c030_s173_w3_1045_1120_r2  n=  2  avg=-9.5%  med=+0.0%  realized=$-14.00
  b31|c031_s165_w4_1120_1135_r2  n=  2  avg=+145.5%  med=+175.8%  realized=$+192.00
  b48|c048_s164_w1_0928_1005_r2  n=  5  avg=-33.1%  med=-49.1%  realized=$-91.00
  b48|c048_s165_w1_0928_1005_r3  n= 16  avg=-35.9%  med=-49.1%  realized=$-344.00
  b49|c049_s164_w2_1005_1045_r2  n=  4  avg=-51.8%  med=-44.0%  realized=$-133.00
  b49|c049_s165_w2_1005_1045_r3  n= 15  avg=-49.3%  med=-49.1%  realized=$-458.00
  b50|c050_s164_w3_1045_1120_r2  n=  4  avg=-39.6%  med=-16.7%  realized=$-115.00
  b50|c050_s165_w3_1045_1120_r3  n=  9  avg=-23.6%  med=-23.1%  realized=$-142.00
  b51|c051_s165_w4_1120_1135_r3  n=  1  avg=+263.6%  med=+263.6%  realized=$+174.00
  b56|g056_lim_tp20_sl65  n=  1  avg=+47.7%  med=+47.7%  realized=$+20.52
  b57|g057_mid_tp20_sl65  n=  1  avg=+47.7%  med=+47.7%  realized=$+20.52
  b58|g058_eod_tp20_sl65  n=  1  avg=+59.1%  med=+59.1%  realized=$+25.41
  b68|c068_s165_w1_0928_1005_r4  n= 16  avg=-51.3%  med=-49.1%  realized=$-446.00
  b68|c068_s166_w1_0928_1005_r3  n=  4  avg=-52.7%  med=-49.1%  realized=$-116.00
  b69|c069_s165_w2_1005_1045_r4  n= 11  avg=+19.0%  med=-43.6%  realized=$-179.00
  b69|c069_s166_w2_1005_1045_r3  n=  4  avg=+10.1%  med=-40.0%  realized=$-87.00
  b70|c070_s165_w3_1045_1120_r4  n= 11  avg=-2.1%  med=-16.9%  realized=$-6.00
  b70|c070_s166_w3_1045_1120_r3  n=  4  avg=-42.5%  med=-27.0%  realized=$-124.00
  b70|g070_eod_tp30_sl20  n=  1  avg=+59.1%  med=+59.1%  realized=$+27.77
  b76|c076_s164_w1_0928_1005_r3  n=  1  avg=-50.0%  med=-50.0%  realized=$-2.00
  b88|c088_s165_w1_0928_1005_r5  n= 21  avg=-5.0%  med=-2.7%  realized=$-63.00
  b88|c088_s167_w1_0928_1005_r4  n=  4  avg=-12.7%  med=+30.9%  realized=$-28.00
  b89|c089_s165_w2_1005_1045_r5  n=  7  avg=+113.1%  med=+30.9%  realized=$+67.00
  b89|c089_s167_w2_1005_1045_r4  n=  2  avg=-16.2%  med=+30.9%  realized=$-22.00
  b8|c008_s165_w1_0928_1005_r1  n= 23  avg=-19.6%  med=-35.3%  realized=$-250.00
  b90|c090_s165_w3_1045_1120_r5  n= 13  avg=+7.7%  med=+0.0%  realized=$+47.00
  b90|c090_s167_w3_1045_1120_r4  n=  4  avg=-41.6%  med=-18.9%  realized=$-123.00
  b91|c091_s165_w4_1120_1135_r5  n=  2  avg=+222.0%  med=+247.0%  realized=$+293.00
  b9|c009_s165_w2_1005_1045_r1  n=  7  avg=-74.4%  med=-66.2%  realized=$-301.00
========================================================
+========================================================================+
|  OPTIONS BOT SUMMARY                                                   |
+------------------------------------------------------------------------+
|  Mode                          manage-only                             |
|  Equity                        $125,567.12                             |
|  Signals this run              0                                       |
|  Orders submitted (session)    83                                      |
|  Orders filled today (ledger)  77                                      |
|  Entries placed this run       0                                       |
|  Open virtual lots             0                                       |
|  Broker option positions       0                                       |
|  Pending orders                0                                       |
+========================================================================+
+========================================================================+
|  BUCKET LEADERBOARD (reflected ex-S173,S174)                           |
+------------------------------------------------------------------------+
|  Reflected trades=277  buckets=31  win=30%                             |
|  Returns   avg=-5.7%  med=-40.0%  p10=-66.2%  p90=+81.8%               |
|  Realized  $+4,417.13                                                  |
|  Raw incl dropped  trades=811  real=$+2,821.58                         |
|  Today     trades=4  avg=-50.0%  med=-50.0%  real=$-6.00               |
+------------------------------------------------------------------------+
|  BKT PROFILE               N  WIN  AVG%   MED%   BEST%  REAL$          |
+------------------------------------------------------------------------+
|  b51  c051_s169_w2_1005_  1 100% +263.6 +263.6 +263.6 $   +174         |
|  b91  c091_s200_w2_1005_  2 100% +222.0 +222.0 +247.0 $   +293         |
|  b31  c031_s166_w4_1120_  2 100% +145.5 +145.5 +175.8 $   +192         |
|  b28  c028_s166_w3_1045_ 22  77% +50.0 +80.0 +102.0 $   +590           |
|  b58  c058_s170_w2_1005_  1 100% +59.1 +59.1 +59.1 $    +25            |
|  b56  c056_s170_w1_0928_  1 100% +47.7 +47.7 +47.7 $    +21            |
|  b57  c057_s170_w1_0928_  1 100% +47.7 +47.7 +47.7 $    +21            |
|  b89  c089_s200_w1_0928_  9  56% +84.4 +30.9 +790.0 $    +45           |
|  ... 23 more bucket(s) with exits                                      |
+------------------------------------------------------------------------+
|  Low  b20  c020_s165_w3_1045_  1   0% -88.9 -88.9 -88.9 $     -8       |
+========================================================================+
+========================================================================+
|  OPEN OPTIONS (0)                                                      |
+------------------------------------------------------------------------+
|  No open option positions                                              |
+========================================================================+
Full detail: logs/options_trial/runs/2026-07-29.log
elapsed=1.2s reconcile=0.38s cancel=0.18s manage=0.12s

=== 12:55:47 ET — manage-only (past entry window) [elapsed=0.4s reconcile=0.08s cancel=0.02s manage=0.02s] ===
=== options_morning_bot (PAPER) 2026-07-29T12:55:47.630715-04:00 ===

[Run context]
Paper auth OK — equity $125803.12, account PA36KS87UPRS
  reconcile: layout changed controlled:100:c000_s173_w1_0928_1005_r1 -> controlled:248:c000_s163_w1_0928_1005_r1

[Setup]
Active buckets: 248 | Strategies: S165, S164, S168, S167, S166, S163, S169, S170, S171, S172, S175, S200, S201, S202, S203, S204, S205, S206, S207, S208, S209, S210, S211, S212, S213, S214, S215, S216, S217, S218, S219
Dropped (no new entries; ex-reflected P&L): S173, S174

[Manage only]
Past entry window; manage/exit only.

[Portfolio snapshot]
========================================================
OPTIONS TRIAL STATS
========================================================
Account equity: $125,803.12
Active buckets: 248 of 248 profiles ($500 virtual each) — paper unlimited mode

P&L summary
  Reflected (ex-S173,S174): $+4,417.13 all-time  |  $-6.00 today
  Raw (incl dropped):     $+2,821.58 all-time  |  $-6.00 today
  Open (not sold yet): $+0.00 unrealized (virtual lots)
  Premium deployed:    $0.00 in open positions
  Combined P&L:        $+4,417.13 (reflected realized + open virtual)

Ledger (master)
  Total events:     6087
  Today entries:    77
  Today exits (reflected): 4
  All-time exits (reflected): 277  wins 30%
  Avg return/trade: -5.7%  median -40.0%

Open virtual lots (by bucket)
  b108 c108_s202_w3_1045_1120_r1  prem=$     0  real=$ -1.00  open=$ +0.00  lots=0  [-]
       buy: ask-0.01  sell: bid-0.01  tp=+50% sl=-50%
  b109 c109_s202_w3_1045_1120_r2  prem=$     0  real=$ -2.00  open=$ +0.00  lots=0  [-]
       buy: ask-0.01  sell: bid-0.01  tp=+50% sl=-50%
  b236 c236_s218_w3_1045_1120_r1  prem=$     0  real=$ -1.00  open=$ +0.00  lots=0  [-]
       buy: ask-0.01  sell: bid-0.01  tp=+50% sl=-50%
  b237 c237_s218_w3_1045_1120_r2  prem=$     0  real=$ -2.00  open=$ +0.00  lots=0  [-]
       buy: ask-0.01  sell: bid-0.01  tp=+50% sl=-50%
  (244 quiet bucket profile(s) — no trades yet)

Alpaca option positions
  (none)

Per-bucket exit stats (all time)
  b0|orphan_reconcile     n= 22  avg=+22.4%  med=-57.5%  realized=$+6,310.91
  b104|c104_s164_w1_0928_1005_r4  n=  1  avg=-88.9%  med=-88.9%  realized=$-8.00
  b108|c108_s202_w3_1045_1120_r1  n=  1  avg=-33.3%  med=-33.3%  realized=$-1.00
  b109|c109_s202_w3_1045_1120_r2  n=  1  avg=-66.7%  med=-66.7%  realized=$-2.00
  b10|c010_s165_w3_1045_1120_r1  n=  8  avg=-37.2%  med=-18.9%  realized=$-205.00
  b132|c132_s164_w1_0928_1005_r5  n=  2  avg=-65.7%  med=-53.6%  realized=$-37.00
  b135|c135_s164_w4_1120_1135_r5  n=  1  avg=-50.0%  med=-50.0%  realized=$-4.00
  b20|c020_s164_w1_0928_1005_r1  n=  1  avg=-88.9%  med=-88.9%  realized=$-8.00
  b236|c236_s218_w3_1045_1120_r1  n=  1  avg=-33.3%  med=-33.3%  realized=$-1.00
  b237|c237_s218_w3_1045_1120_r2  n=  1  avg=-66.7%  med=-66.7%  realized=$-2.00
  b28|c028_s165_w1_0928_1005_r2  n= 17  avg=+49.5%  med=+80.0%  realized=$+448.00
  b28|c028_s173_w1_0928_1005_r2  n=  5  avg=+51.6%  med=+80.0%  realized=$+142.00
  b29|c029_s165_w2_1005_1045_r2  n=  9  avg=-23.3%  med=-50.0%  realized=$-221.00
  b29|c029_s173_w2_1005_1045_r2  n=  2  avg=-69.3%  med=-48.5%  realized=$-78.00
  b30|c030_s165_w3_1045_1120_r2  n=  9  avg=+38.8%  med=+0.0%  realized=$+260.00
  b30|c030_s173_w3_1045_1120_r2  n=  2  avg=-9.5%  med=+0.0%  realized=$-14.00
  b31|c031_s165_w4_1120_1135_r2  n=  2  avg=+145.5%  med=+175.8%  realized=$+192.00
  b48|c048_s164_w1_0928_1005_r2  n=  5  avg=-33.1%  med=-49.1%  realized=$-91.00
  b48|c048_s165_w1_0928_1005_r3  n= 16  avg=-35.9%  med=-49.1%  realized=$-344.00
  b49|c049_s164_w2_1005_1045_r2  n=  4  avg=-51.8%  med=-44.0%  realized=$-133.00
  b49|c049_s165_w2_1005_1045_r3  n= 15  avg=-49.3%  med=-49.1%  realized=$-458.00
  b50|c050_s164_w3_1045_1120_r2  n=  4  avg=-39.6%  med=-16.7%  realized=$-115.00
  b50|c050_s165_w3_1045_1120_r3  n=  9  avg=-23.6%  med=-23.1%  realized=$-142.00
  b51|c051_s165_w4_1120_1135_r3  n=  1  avg=+263.6%  med=+263.6%  realized=$+174.00
  b56|g056_lim_tp20_sl65  n=  1  avg=+47.7%  med=+47.7%  realized=$+20.52
  b57|g057_mid_tp20_sl65  n=  1  avg=+47.7%  med=+47.7%  realized=$+20.52
  b58|g058_eod_tp20_sl65  n=  1  avg=+59.1%  med=+59.1%  realized=$+25.41
  b68|c068_s165_w1_0928_1005_r4  n= 16  avg=-51.3%  med=-49.1%  realized=$-446.00
  b68|c068_s166_w1_0928_1005_r3  n=  4  avg=-52.7%  med=-49.1%  realized=$-116.00
  b69|c069_s165_w2_1005_1045_r4  n= 11  avg=+19.0%  med=-43.6%  realized=$-179.00
  b69|c069_s166_w2_1005_1045_r3  n=  4  avg=+10.1%  med=-40.0%  realized=$-87.00
  b70|c070_s165_w3_1045_1120_r4  n= 11  avg=-2.1%  med=-16.9%  realized=$-6.00
  b70|c070_s166_w3_1045_1120_r3  n=  4  avg=-42.5%  med=-27.0%  realized=$-124.00
  b70|g070_eod_tp30_sl20  n=  1  avg=+59.1%  med=+59.1%  realized=$+27.77
  b76|c076_s164_w1_0928_1005_r3  n=  1  avg=-50.0%  med=-50.0%  realized=$-2.00
  b88|c088_s165_w1_0928_1005_r5  n= 21  avg=-5.0%  med=-2.7%  realized=$-63.00
  b88|c088_s167_w1_0928_1005_r4  n=  4  avg=-12.7%  med=+30.9%  realized=$-28.00
  b89|c089_s165_w2_1005_1045_r5  n=  7  avg=+113.1%  med=+30.9%  realized=$+67.00
  b89|c089_s167_w2_1005_1045_r4  n=  2  avg=-16.2%  med=+30.9%  realized=$-22.00
  b8|c008_s165_w1_0928_1005_r1  n= 23  avg=-19.6%  med=-35.3%  realized=$-250.00
  b90|c090_s165_w3_1045_1120_r5  n= 13  avg=+7.7%  med=+0.0%  realized=$+47.00
  b90|c090_s167_w3_1045_1120_r4  n=  4  avg=-41.6%  med=-18.9%  realized=$-123.00
  b91|c091_s165_w4_1120_1135_r5  n=  2  avg=+222.0%  med=+247.0%  realized=$+293.00
  b9|c009_s165_w2_1005_1045_r1  n=  7  avg=-74.4%  med=-66.2%  realized=$-301.00
========================================================
+========================================================================+
|  OPTIONS BOT SUMMARY                                                   |
+------------------------------------------------------------------------+
|  Mode                          manage-only                             |
|  Equity                        $125,803.12                             |
|  Signals this run              0                                       |
|  Orders submitted (session)    83                                      |
|  Orders filled today (ledger)  77                                      |
|  Entries placed this run       0                                       |
|  Open virtual lots             0                                       |
|  Broker option positions       0                                       |
|  Pending orders                0                                       |
+========================================================================+
+========================================================================+
|  BUCKET LEADERBOARD (reflected ex-S173,S174)                           |
+------------------------------------------------------------------------+
|  Reflected trades=277  buckets=31  win=30%                             |
|  Returns   avg=-5.7%  med=-40.0%  p10=-66.2%  p90=+81.8%               |
|  Realized  $+4,417.13                                                  |
|  Raw incl dropped  trades=811  real=$+2,821.58                         |
|  Today     trades=4  avg=-50.0%  med=-50.0%  real=$-6.00               |
+------------------------------------------------------------------------+
|  BKT PROFILE               N  WIN  AVG%   MED%   BEST%  REAL$          |
+------------------------------------------------------------------------+
|  b51  c051_s169_w2_1005_  1 100% +263.6 +263.6 +263.6 $   +174         |
|  b91  c091_s200_w2_1005_  2 100% +222.0 +222.0 +247.0 $   +293         |
|  b31  c031_s166_w4_1120_  2 100% +145.5 +145.5 +175.8 $   +192         |
|  b28  c028_s166_w3_1045_ 22  77% +50.0 +80.0 +102.0 $   +590           |
|  b58  c058_s170_w2_1005_  1 100% +59.1 +59.1 +59.1 $    +25            |
|  b56  c056_s170_w1_0928_  1 100% +47.7 +47.7 +47.7 $    +21            |
|  b57  c057_s170_w1_0928_  1 100% +47.7 +47.7 +47.7 $    +21            |
|  b89  c089_s200_w1_0928_  9  56% +84.4 +30.9 +790.0 $    +45           |
|  ... 23 more bucket(s) with exits                                      |
+------------------------------------------------------------------------+
|  Low  b20  c020_s165_w3_1045_  1   0% -88.9 -88.9 -88.9 $     -8       |
+========================================================================+
+========================================================================+
|  OPEN OPTIONS (0)                                                      |
+------------------------------------------------------------------------+
|  No open option positions                                              |
+========================================================================+
Full detail: logs/options_trial/runs/2026-07-29.log
elapsed=0.4s reconcile=0.08s cancel=0.02s manage=0.02s

=== 13:00:48 ET — manage-only (past entry window) [elapsed=0.9s reconcile=0.27s cancel=0.13s manage=0.08s] ===
=== options_morning_bot (PAPER) 2026-07-29T13:00:48.037419-04:00 ===

[Run context]
Paper auth OK — equity $125755.16, account PA36KS87UPRS
  reconcile: layout changed controlled:100:c000_s173_w1_0928_1005_r1 -> controlled:248:c000_s163_w1_0928_1005_r1

[Setup]
Active buckets: 248 | Strategies: S165, S164, S168, S167, S166, S163, S169, S170, S171, S172, S175, S200, S201, S202, S203, S204, S205, S206, S207, S208, S209, S210, S211, S212, S213, S214, S215, S216, S217, S218, S219
Dropped (no new entries; ex-reflected P&L): S173, S174

[Manage only]
Past entry window; manage/exit only.

[Portfolio snapshot]
========================================================
OPTIONS TRIAL STATS
========================================================
Account equity: $125,755.16
Active buckets: 248 of 248 profiles ($500 virtual each) — paper unlimited mode

P&L summary
  Reflected (ex-S173,S174): $+4,417.13 all-time  |  $-6.00 today
  Raw (incl dropped):     $+2,821.58 all-time  |  $-6.00 today
  Open (not sold yet): $+0.00 unrealized (virtual lots)
  Premium deployed:    $0.00 in open positions
  Combined P&L:        $+4,417.13 (reflected realized + open virtual)

Ledger (master)
  Total events:     6087
  Today entries:    77
  Today exits (reflected): 4
  All-time exits (reflected): 277  wins 30%
  Avg return/trade: -5.7%  median -40.0%

Open virtual lots (by bucket)
  b108 c108_s202_w3_1045_1120_r1  prem=$     0  real=$ -1.00  open=$ +0.00  lots=0  [-]
       buy: ask-0.01  sell: bid-0.01  tp=+50% sl=-50%
  b109 c109_s202_w3_1045_1120_r2  prem=$     0  real=$ -2.00  open=$ +0.00  lots=0  [-]
       buy: ask-0.01  sell: bid-0.01  tp=+50% sl=-50%
  b236 c236_s218_w3_1045_1120_r1  prem=$     0  real=$ -1.00  open=$ +0.00  lots=0  [-]
       buy: ask-0.01  sell: bid-0.01  tp=+50% sl=-50%
  b237 c237_s218_w3_1045_1120_r2  prem=$     0  real=$ -2.00  open=$ +0.00  lots=0  [-]
       buy: ask-0.01  sell: bid-0.01  tp=+50% sl=-50%
  (244 quiet bucket profile(s) — no trades yet)

Alpaca option positions
  (none)

Per-bucket exit stats (all time)
  b0|orphan_reconcile     n= 22  avg=+22.4%  med=-57.5%  realized=$+6,310.91
  b104|c104_s164_w1_0928_1005_r4  n=  1  avg=-88.9%  med=-88.9%  realized=$-8.00
  b108|c108_s202_w3_1045_1120_r1  n=  1  avg=-33.3%  med=-33.3%  realized=$-1.00
  b109|c109_s202_w3_1045_1120_r2  n=  1  avg=-66.7%  med=-66.7%  realized=$-2.00
  b10|c010_s165_w3_1045_1120_r1  n=  8  avg=-37.2%  med=-18.9%  realized=$-205.00
  b132|c132_s164_w1_0928_1005_r5  n=  2  avg=-65.7%  med=-53.6%  realized=$-37.00
  b135|c135_s164_w4_1120_1135_r5  n=  1  avg=-50.0%  med=-50.0%  realized=$-4.00
  b20|c020_s164_w1_0928_1005_r1  n=  1  avg=-88.9%  med=-88.9%  realized=$-8.00
  b236|c236_s218_w3_1045_1120_r1  n=  1  avg=-33.3%  med=-33.3%  realized=$-1.00
  b237|c237_s218_w3_1045_1120_r2  n=  1  avg=-66.7%  med=-66.7%  realized=$-2.00
  b28|c028_s165_w1_0928_1005_r2  n= 17  avg=+49.5%  med=+80.0%  realized=$+448.00
  b28|c028_s173_w1_0928_1005_r2  n=  5  avg=+51.6%  med=+80.0%  realized=$+142.00
  b29|c029_s165_w2_1005_1045_r2  n=  9  avg=-23.3%  med=-50.0%  realized=$-221.00
  b29|c029_s173_w2_1005_1045_r2  n=  2  avg=-69.3%  med=-48.5%  realized=$-78.00
  b30|c030_s165_w3_1045_1120_r2  n=  9  avg=+38.8%  med=+0.0%  realized=$+260.00
  b30|c030_s173_w3_1045_1120_r2  n=  2  avg=-9.5%  med=+0.0%  realized=$-14.00
  b31|c031_s165_w4_1120_1135_r2  n=  2  avg=+145.5%  med=+175.8%  realized=$+192.00
  b48|c048_s164_w1_0928_1005_r2  n=  5  avg=-33.1%  med=-49.1%  realized=$-91.00
  b48|c048_s165_w1_0928_1005_r3  n= 16  avg=-35.9%  med=-49.1%  realized=$-344.00
  b49|c049_s164_w2_1005_1045_r2  n=  4  avg=-51.8%  med=-44.0%  realized=$-133.00
  b49|c049_s165_w2_1005_1045_r3  n= 15  avg=-49.3%  med=-49.1%  realized=$-458.00
  b50|c050_s164_w3_1045_1120_r2  n=  4  avg=-39.6%  med=-16.7%  realized=$-115.00
  b50|c050_s165_w3_1045_1120_r3  n=  9  avg=-23.6%  med=-23.1%  realized=$-142.00
  b51|c051_s165_w4_1120_1135_r3  n=  1  avg=+263.6%  med=+263.6%  realized=$+174.00
  b56|g056_lim_tp20_sl65  n=  1  avg=+47.7%  med=+47.7%  realized=$+20.52
  b57|g057_mid_tp20_sl65  n=  1  avg=+47.7%  med=+47.7%  realized=$+20.52
  b58|g058_eod_tp20_sl65  n=  1  avg=+59.1%  med=+59.1%  realized=$+25.41
  b68|c068_s165_w1_0928_1005_r4  n= 16  avg=-51.3%  med=-49.1%  realized=$-446.00
  b68|c068_s166_w1_0928_1005_r3  n=  4  avg=-52.7%  med=-49.1%  realized=$-116.00
  b69|c069_s165_w2_1005_1045_r4  n= 11  avg=+19.0%  med=-43.6%  realized=$-179.00
  b69|c069_s166_w2_1005_1045_r3  n=  4  avg=+10.1%  med=-40.0%  realized=$-87.00
  b70|c070_s165_w3_1045_1120_r4  n= 11  avg=-2.1%  med=-16.9%  realized=$-6.00
  b70|c070_s166_w3_1045_1120_r3  n=  4  avg=-42.5%  med=-27.0%  realized=$-124.00
  b70|g070_eod_tp30_sl20  n=  1  avg=+59.1%  med=+59.1%  realized=$+27.77
  b76|c076_s164_w1_0928_1005_r3  n=  1  avg=-50.0%  med=-50.0%  realized=$-2.00
  b88|c088_s165_w1_0928_1005_r5  n= 21  avg=-5.0%  med=-2.7%  realized=$-63.00
  b88|c088_s167_w1_0928_1005_r4  n=  4  avg=-12.7%  med=+30.9%  realized=$-28.00
  b89|c089_s165_w2_1005_1045_r5  n=  7  avg=+113.1%  med=+30.9%  realized=$+67.00
  b89|c089_s167_w2_1005_1045_r4  n=  2  avg=-16.2%  med=+30.9%  realized=$-22.00
  b8|c008_s165_w1_0928_1005_r1  n= 23  avg=-19.6%  med=-35.3%  realized=$-250.00
  b90|c090_s165_w3_1045_1120_r5  n= 13  avg=+7.7%  med=+0.0%  realized=$+47.00
  b90|c090_s167_w3_1045_1120_r4  n=  4  avg=-41.6%  med=-18.9%  realized=$-123.00
  b91|c091_s165_w4_1120_1135_r5  n=  2  avg=+222.0%  med=+247.0%  realized=$+293.00
  b9|c009_s165_w2_1005_1045_r1  n=  7  avg=-74.4%  med=-66.2%  realized=$-301.00
========================================================
+========================================================================+
|  OPTIONS BOT SUMMARY                                                   |
+------------------------------------------------------------------------+
|  Mode                          manage-only                             |
|  Equity                        $125,755.16                             |
|  Signals this run              0                                       |
|  Orders submitted (session)    83                                      |
|  Orders filled today (ledger)  77                                      |
|  Entries placed this run       0                                       |
|  Open virtual lots             0                                       |
|  Broker option positions       0                                       |
|  Pending orders                0                                       |
+========================================================================+
+========================================================================+
|  BUCKET LEADERBOARD (reflected ex-S173,S174)                           |
+------------------------------------------------------------------------+
|  Reflected trades=277  buckets=31  win=30%                             |
|  Returns   avg=-5.7%  med=-40.0%  p10=-66.2%  p90=+81.8%               |
|  Realized  $+4,417.13                                                  |
|  Raw incl dropped  trades=811  real=$+2,821.58                         |
|  Today     trades=4  avg=-50.0%  med=-50.0%  real=$-6.00               |
+------------------------------------------------------------------------+
|  BKT PROFILE               N  WIN  AVG%   MED%   BEST%  REAL$          |
+------------------------------------------------------------------------+
|  b51  c051_s169_w2_1005_  1 100% +263.6 +263.6 +263.6 $   +174         |
|  b91  c091_s200_w2_1005_  2 100% +222.0 +222.0 +247.0 $   +293         |
|  b31  c031_s166_w4_1120_  2 100% +145.5 +145.5 +175.8 $   +192         |
|  b28  c028_s166_w3_1045_ 22  77% +50.0 +80.0 +102.0 $   +590           |
|  b58  c058_s170_w2_1005_  1 100% +59.1 +59.1 +59.1 $    +25            |
|  b56  c056_s170_w1_0928_  1 100% +47.7 +47.7 +47.7 $    +21            |
|  b57  c057_s170_w1_0928_  1 100% +47.7 +47.7 +47.7 $    +21            |
|  b89  c089_s200_w1_0928_  9  56% +84.4 +30.9 +790.0 $    +45           |
|  ... 23 more bucket(s) with exits                                      |
+------------------------------------------------------------------------+
|  Low  b20  c020_s165_w3_1045_  1   0% -88.9 -88.9 -88.9 $     -8       |
+========================================================================+
+========================================================================+
|  OPEN OPTIONS (0)                                                      |
+------------------------------------------------------------------------+
|  No open option positions                                              |
+========================================================================+
Full detail: logs/options_trial/runs/2026-07-29.log
elapsed=0.9s reconcile=0.27s cancel=0.13s manage=0.08s

=== 13:05:42 ET — manage-only (past entry window) [elapsed=0.9s reconcile=0.28s cancel=0.13s manage=0.08s] ===
=== options_morning_bot (PAPER) 2026-07-29T13:05:42.023253-04:00 ===

[Run context]
Paper auth OK — equity $126113.12, account PA36KS87UPRS
  reconcile: layout changed controlled:100:c000_s173_w1_0928_1005_r1 -> controlled:248:c000_s163_w1_0928_1005_r1

[Setup]
Active buckets: 248 | Strategies: S165, S164, S168, S167, S166, S163, S169, S170, S171, S172, S175, S200, S201, S202, S203, S204, S205, S206, S207, S208, S209, S210, S211, S212, S213, S214, S215, S216, S217, S218, S219
Dropped (no new entries; ex-reflected P&L): S173, S174

[Manage only]
Past entry window; manage/exit only.

[Portfolio snapshot]
========================================================
OPTIONS TRIAL STATS
========================================================
Account equity: $126,113.12
Active buckets: 248 of 248 profiles ($500 virtual each) — paper unlimited mode

P&L summary
  Reflected (ex-S173,S174): $+4,417.13 all-time  |  $-6.00 today
  Raw (incl dropped):     $+2,821.58 all-time  |  $-6.00 today
  Open (not sold yet): $+0.00 unrealized (virtual lots)
  Premium deployed:    $0.00 in open positions
  Combined P&L:        $+4,417.13 (reflected realized + open virtual)

Ledger (master)
  Total events:     6087
  Today entries:    77
  Today exits (reflected): 4
  All-time exits (reflected): 277  wins 30%
  Avg return/trade: -5.7%  median -40.0%

Open virtual lots (by bucket)
  b108 c108_s202_w3_1045_1120_r1  prem=$     0  real=$ -1.00  open=$ +0.00  lots=0  [-]
       buy: ask-0.01  sell: bid-0.01  tp=+50% sl=-50%
  b109 c109_s202_w3_1045_1120_r2  prem=$     0  real=$ -2.00  open=$ +0.00  lots=0  [-]
       buy: ask-0.01  sell: bid-0.01  tp=+50% sl=-50%
  b236 c236_s218_w3_1045_1120_r1  prem=$     0  real=$ -1.00  open=$ +0.00  lots=0  [-]
       buy: ask-0.01  sell: bid-0.01  tp=+50% sl=-50%
  b237 c237_s218_w3_1045_1120_r2  prem=$     0  real=$ -2.00  open=$ +0.00  lots=0  [-]
       buy: ask-0.01  sell: bid-0.01  tp=+50% sl=-50%
  (244 quiet bucket profile(s) — no trades yet)

Alpaca option positions
  (none)

Per-bucket exit stats (all time)
  b0|orphan_reconcile     n= 22  avg=+22.4%  med=-57.5%  realized=$+6,310.91
  b104|c104_s164_w1_0928_1005_r4  n=  1  avg=-88.9%  med=-88.9%  realized=$-8.00
  b108|c108_s202_w3_1045_1120_r1  n=  1  avg=-33.3%  med=-33.3%  realized=$-1.00
  b109|c109_s202_w3_1045_1120_r2  n=  1  avg=-66.7%  med=-66.7%  realized=$-2.00
  b10|c010_s165_w3_1045_1120_r1  n=  8  avg=-37.2%  med=-18.9%  realized=$-205.00
  b132|c132_s164_w1_0928_1005_r5  n=  2  avg=-65.7%  med=-53.6%  realized=$-37.00
  b135|c135_s164_w4_1120_1135_r5  n=  1  avg=-50.0%  med=-50.0%  realized=$-4.00
  b20|c020_s164_w1_0928_1005_r1  n=  1  avg=-88.9%  med=-88.9%  realized=$-8.00
  b236|c236_s218_w3_1045_1120_r1  n=  1  avg=-33.3%  med=-33.3%  realized=$-1.00
  b237|c237_s218_w3_1045_1120_r2  n=  1  avg=-66.7%  med=-66.7%  realized=$-2.00
  b28|c028_s165_w1_0928_1005_r2  n= 17  avg=+49.5%  med=+80.0%  realized=$+448.00
  b28|c028_s173_w1_0928_1005_r2  n=  5  avg=+51.6%  med=+80.0%  realized=$+142.00
  b29|c029_s165_w2_1005_1045_r2  n=  9  avg=-23.3%  med=-50.0%  realized=$-221.00
  b29|c029_s173_w2_1005_1045_r2  n=  2  avg=-69.3%  med=-48.5%  realized=$-78.00
  b30|c030_s165_w3_1045_1120_r2  n=  9  avg=+38.8%  med=+0.0%  realized=$+260.00
  b30|c030_s173_w3_1045_1120_r2  n=  2  avg=-9.5%  med=+0.0%  realized=$-14.00
  b31|c031_s165_w4_1120_1135_r2  n=  2  avg=+145.5%  med=+175.8%  realized=$+192.00
  b48|c048_s164_w1_0928_1005_r2  n=  5  avg=-33.1%  med=-49.1%  realized=$-91.00
  b48|c048_s165_w1_0928_1005_r3  n= 16  avg=-35.9%  med=-49.1%  realized=$-344.00
  b49|c049_s164_w2_1005_1045_r2  n=  4  avg=-51.8%  med=-44.0%  realized=$-133.00
  b49|c049_s165_w2_1005_1045_r3  n= 15  avg=-49.3%  med=-49.1%  realized=$-458.00
  b50|c050_s164_w3_1045_1120_r2  n=  4  avg=-39.6%  med=-16.7%  realized=$-115.00
  b50|c050_s165_w3_1045_1120_r3  n=  9  avg=-23.6%  med=-23.1%  realized=$-142.00
  b51|c051_s165_w4_1120_1135_r3  n=  1  avg=+263.6%  med=+263.6%  realized=$+174.00
  b56|g056_lim_tp20_sl65  n=  1  avg=+47.7%  med=+47.7%  realized=$+20.52
  b57|g057_mid_tp20_sl65  n=  1  avg=+47.7%  med=+47.7%  realized=$+20.52
  b58|g058_eod_tp20_sl65  n=  1  avg=+59.1%  med=+59.1%  realized=$+25.41
  b68|c068_s165_w1_0928_1005_r4  n= 16  avg=-51.3%  med=-49.1%  realized=$-446.00
  b68|c068_s166_w1_0928_1005_r3  n=  4  avg=-52.7%  med=-49.1%  realized=$-116.00
  b69|c069_s165_w2_1005_1045_r4  n= 11  avg=+19.0%  med=-43.6%  realized=$-179.00
  b69|c069_s166_w2_1005_1045_r3  n=  4  avg=+10.1%  med=-40.0%  realized=$-87.00
  b70|c070_s165_w3_1045_1120_r4  n= 11  avg=-2.1%  med=-16.9%  realized=$-6.00
  b70|c070_s166_w3_1045_1120_r3  n=  4  avg=-42.5%  med=-27.0%  realized=$-124.00
  b70|g070_eod_tp30_sl20  n=  1  avg=+59.1%  med=+59.1%  realized=$+27.77
  b76|c076_s164_w1_0928_1005_r3  n=  1  avg=-50.0%  med=-50.0%  realized=$-2.00
  b88|c088_s165_w1_0928_1005_r5  n= 21  avg=-5.0%  med=-2.7%  realized=$-63.00
  b88|c088_s167_w1_0928_1005_r4  n=  4  avg=-12.7%  med=+30.9%  realized=$-28.00
  b89|c089_s165_w2_1005_1045_r5  n=  7  avg=+113.1%  med=+30.9%  realized=$+67.00
  b89|c089_s167_w2_1005_1045_r4  n=  2  avg=-16.2%  med=+30.9%  realized=$-22.00
  b8|c008_s165_w1_0928_1005_r1  n= 23  avg=-19.6%  med=-35.3%  realized=$-250.00
  b90|c090_s165_w3_1045_1120_r5  n= 13  avg=+7.7%  med=+0.0%  realized=$+47.00
  b90|c090_s167_w3_1045_1120_r4  n=  4  avg=-41.6%  med=-18.9%  realized=$-123.00
  b91|c091_s165_w4_1120_1135_r5  n=  2  avg=+222.0%  med=+247.0%  realized=$+293.00
  b9|c009_s165_w2_1005_1045_r1  n=  7  avg=-74.4%  med=-66.2%  realized=$-301.00
========================================================
+========================================================================+
|  OPTIONS BOT SUMMARY                                                   |
+------------------------------------------------------------------------+
|  Mode                          manage-only                             |
|  Equity                        $126,113.12                             |
|  Signals this run              0                                       |
|  Orders submitted (session)    83                                      |
|  Orders filled today (ledger)  77                                      |
|  Entries placed this run       0                                       |
|  Open virtual lots             0                                       |
|  Broker option positions       0                                       |
|  Pending orders                0                                       |
+========================================================================+
+========================================================================+
|  BUCKET LEADERBOARD (reflected ex-S173,S174)                           |
+------------------------------------------------------------------------+
|  Reflected trades=277  buckets=31  win=30%                             |
|  Returns   avg=-5.7%  med=-40.0%  p10=-66.2%  p90=+81.8%               |
|  Realized  $+4,417.13                                                  |
|  Raw incl dropped  trades=811  real=$+2,821.58                         |
|  Today     trades=4  avg=-50.0%  med=-50.0%  real=$-6.00               |
+------------------------------------------------------------------------+
|  BKT PROFILE               N  WIN  AVG%   MED%   BEST%  REAL$          |
+------------------------------------------------------------------------+
|  b51  c051_s169_w2_1005_  1 100% +263.6 +263.6 +263.6 $   +174         |
|  b91  c091_s200_w2_1005_  2 100% +222.0 +222.0 +247.0 $   +293         |
|  b31  c031_s166_w4_1120_  2 100% +145.5 +145.5 +175.8 $   +192         |
|  b28  c028_s166_w3_1045_ 22  77% +50.0 +80.0 +102.0 $   +590           |
|  b58  c058_s170_w2_1005_  1 100% +59.1 +59.1 +59.1 $    +25            |
|  b56  c056_s170_w1_0928_  1 100% +47.7 +47.7 +47.7 $    +21            |
|  b57  c057_s170_w1_0928_  1 100% +47.7 +47.7 +47.7 $    +21            |
|  b89  c089_s200_w1_0928_  9  56% +84.4 +30.9 +790.0 $    +45           |
|  ... 23 more bucket(s) with exits                                      |
+------------------------------------------------------------------------+
|  Low  b20  c020_s165_w3_1045_  1   0% -88.9 -88.9 -88.9 $     -8       |
+========================================================================+
+========================================================================+
|  OPEN OPTIONS (0)                                                      |
+------------------------------------------------------------------------+
|  No open option positions                                              |
+========================================================================+
Full detail: logs/options_trial/runs/2026-07-29.log
elapsed=0.9s reconcile=0.28s cancel=0.13s manage=0.08s

=== 13:10:51 ET — manage-only (past entry window) [elapsed=1.4s reconcile=0.45s cancel=0.21s manage=0.15s] ===
=== options_morning_bot (PAPER) 2026-07-29T13:10:51.993872-04:00 ===

[Run context]
Paper auth OK — equity $126419.12, account PA36KS87UPRS
  reconcile: layout changed controlled:100:c000_s173_w1_0928_1005_r1 -> controlled:248:c000_s163_w1_0928_1005_r1

[Setup]
Active buckets: 248 | Strategies: S165, S164, S168, S167, S166, S163, S169, S170, S171, S172, S175, S200, S201, S202, S203, S204, S205, S206, S207, S208, S209, S210, S211, S212, S213, S214, S215, S216, S217, S218, S219
Dropped (no new entries; ex-reflected P&L): S173, S174

[Manage only]
Past entry window; manage/exit only.

[Portfolio snapshot]
========================================================
OPTIONS TRIAL STATS
========================================================
Account equity: $126,419.12
Active buckets: 248 of 248 profiles ($500 virtual each) — paper unlimited mode

P&L summary
  Reflected (ex-S173,S174): $+4,417.13 all-time  |  $-6.00 today
  Raw (incl dropped):     $+2,821.58 all-time  |  $-6.00 today
  Open (not sold yet): $+0.00 unrealized (virtual lots)
  Premium deployed:    $0.00 in open positions
  Combined P&L:        $+4,417.13 (reflected realized + open virtual)

Ledger (master)
  Total events:     6087
  Today entries:    77
  Today exits (reflected): 4
  All-time exits (reflected): 277  wins 30%
  Avg return/trade: -5.7%  median -40.0%

Open virtual lots (by bucket)
  b108 c108_s202_w3_1045_1120_r1  prem=$     0  real=$ -1.00  open=$ +0.00  lots=0  [-]
       buy: ask-0.01  sell: bid-0.01  tp=+50% sl=-50%
  b109 c109_s202_w3_1045_1120_r2  prem=$     0  real=$ -2.00  open=$ +0.00  lots=0  [-]
       buy: ask-0.01  sell: bid-0.01  tp=+50% sl=-50%
  b236 c236_s218_w3_1045_1120_r1  prem=$     0  real=$ -1.00  open=$ +0.00  lots=0  [-]
       buy: ask-0.01  sell: bid-0.01  tp=+50% sl=-50%
  b237 c237_s218_w3_1045_1120_r2  prem=$     0  real=$ -2.00  open=$ +0.00  lots=0  [-]
       buy: ask-0.01  sell: bid-0.01  tp=+50% sl=-50%
  (244 quiet bucket profile(s) — no trades yet)

Alpaca option positions
  (none)

Per-bucket exit stats (all time)
  b0|orphan_reconcile     n= 22  avg=+22.4%  med=-57.5%  realized=$+6,310.91
  b104|c104_s164_w1_0928_1005_r4  n=  1  avg=-88.9%  med=-88.9%  realized=$-8.00
  b108|c108_s202_w3_1045_1120_r1  n=  1  avg=-33.3%  med=-33.3%  realized=$-1.00
  b109|c109_s202_w3_1045_1120_r2  n=  1  avg=-66.7%  med=-66.7%  realized=$-2.00
  b10|c010_s165_w3_1045_1120_r1  n=  8  avg=-37.2%  med=-18.9%  realized=$-205.00
  b132|c132_s164_w1_0928_1005_r5  n=  2  avg=-65.7%  med=-53.6%  realized=$-37.00
  b135|c135_s164_w4_1120_1135_r5  n=  1  avg=-50.0%  med=-50.0%  realized=$-4.00
  b20|c020_s164_w1_0928_1005_r1  n=  1  avg=-88.9%  med=-88.9%  realized=$-8.00
  b236|c236_s218_w3_1045_1120_r1  n=  1  avg=-33.3%  med=-33.3%  realized=$-1.00
  b237|c237_s218_w3_1045_1120_r2  n=  1  avg=-66.7%  med=-66.7%  realized=$-2.00
  b28|c028_s165_w1_0928_1005_r2  n= 17  avg=+49.5%  med=+80.0%  realized=$+448.00
  b28|c028_s173_w1_0928_1005_r2  n=  5  avg=+51.6%  med=+80.0%  realized=$+142.00
  b29|c029_s165_w2_1005_1045_r2  n=  9  avg=-23.3%  med=-50.0%  realized=$-221.00
  b29|c029_s173_w2_1005_1045_r2  n=  2  avg=-69.3%  med=-48.5%  realized=$-78.00
  b30|c030_s165_w3_1045_1120_r2  n=  9  avg=+38.8%  med=+0.0%  realized=$+260.00
  b30|c030_s173_w3_1045_1120_r2  n=  2  avg=-9.5%  med=+0.0%  realized=$-14.00
  b31|c031_s165_w4_1120_1135_r2  n=  2  avg=+145.5%  med=+175.8%  realized=$+192.00
  b48|c048_s164_w1_0928_1005_r2  n=  5  avg=-33.1%  med=-49.1%  realized=$-91.00
  b48|c048_s165_w1_0928_1005_r3  n= 16  avg=-35.9%  med=-49.1%  realized=$-344.00
  b49|c049_s164_w2_1005_1045_r2  n=  4  avg=-51.8%  med=-44.0%  realized=$-133.00
  b49|c049_s165_w2_1005_1045_r3  n= 15  avg=-49.3%  med=-49.1%  realized=$-458.00
  b50|c050_s164_w3_1045_1120_r2  n=  4  avg=-39.6%  med=-16.7%  realized=$-115.00
  b50|c050_s165_w3_1045_1120_r3  n=  9  avg=-23.6%  med=-23.1%  realized=$-142.00
  b51|c051_s165_w4_1120_1135_r3  n=  1  avg=+263.6%  med=+263.6%  realized=$+174.00
  b56|g056_lim_tp20_sl65  n=  1  avg=+47.7%  med=+47.7%  realized=$+20.52
  b57|g057_mid_tp20_sl65  n=  1  avg=+47.7%  med=+47.7%  realized=$+20.52
  b58|g058_eod_tp20_sl65  n=  1  avg=+59.1%  med=+59.1%  realized=$+25.41
  b68|c068_s165_w1_0928_1005_r4  n= 16  avg=-51.3%  med=-49.1%  realized=$-446.00
  b68|c068_s166_w1_0928_1005_r3  n=  4  avg=-52.7%  med=-49.1%  realized=$-116.00
  b69|c069_s165_w2_1005_1045_r4  n= 11  avg=+19.0%  med=-43.6%  realized=$-179.00
  b69|c069_s166_w2_1005_1045_r3  n=  4  avg=+10.1%  med=-40.0%  realized=$-87.00
  b70|c070_s165_w3_1045_1120_r4  n= 11  avg=-2.1%  med=-16.9%  realized=$-6.00
  b70|c070_s166_w3_1045_1120_r3  n=  4  avg=-42.5%  med=-27.0%  realized=$-124.00
  b70|g070_eod_tp30_sl20  n=  1  avg=+59.1%  med=+59.1%  realized=$+27.77
  b76|c076_s164_w1_0928_1005_r3  n=  1  avg=-50.0%  med=-50.0%  realized=$-2.00
  b88|c088_s165_w1_0928_1005_r5  n= 21  avg=-5.0%  med=-2.7%  realized=$-63.00
  b88|c088_s167_w1_0928_1005_r4  n=  4  avg=-12.7%  med=+30.9%  realized=$-28.00
  b89|c089_s165_w2_1005_1045_r5  n=  7  avg=+113.1%  med=+30.9%  realized=$+67.00
  b89|c089_s167_w2_1005_1045_r4  n=  2  avg=-16.2%  med=+30.9%  realized=$-22.00
  b8|c008_s165_w1_0928_1005_r1  n= 23  avg=-19.6%  med=-35.3%  realized=$-250.00
  b90|c090_s165_w3_1045_1120_r5  n= 13  avg=+7.7%  med=+0.0%  realized=$+47.00
  b90|c090_s167_w3_1045_1120_r4  n=  4  avg=-41.6%  med=-18.9%  realized=$-123.00
  b91|c091_s165_w4_1120_1135_r5  n=  2  avg=+222.0%  med=+247.0%  realized=$+293.00
  b9|c009_s165_w2_1005_1045_r1  n=  7  avg=-74.4%  med=-66.2%  realized=$-301.00
========================================================
+========================================================================+
|  OPTIONS BOT SUMMARY                                                   |
+------------------------------------------------------------------------+
|  Mode                          manage-only                             |
|  Equity                        $126,419.12                             |
|  Signals this run              0                                       |
|  Orders submitted (session)    83                                      |
|  Orders filled today (ledger)  77                                      |
|  Entries placed this run       0                                       |
|  Open virtual lots             0                                       |
|  Broker option positions       0                                       |
|  Pending orders                0                                       |
+========================================================================+
+========================================================================+
|  BUCKET LEADERBOARD (reflected ex-S173,S174)                           |
+------------------------------------------------------------------------+
|  Reflected trades=277  buckets=31  win=30%                             |
|  Returns   avg=-5.7%  med=-40.0%  p10=-66.2%  p90=+81.8%               |
|  Realized  $+4,417.13                                                  |
|  Raw incl dropped  trades=811  real=$+2,821.58                         |
|  Today     trades=4  avg=-50.0%  med=-50.0%  real=$-6.00               |
+------------------------------------------------------------------------+
|  BKT PROFILE               N  WIN  AVG%   MED%   BEST%  REAL$          |
+------------------------------------------------------------------------+
|  b51  c051_s169_w2_1005_  1 100% +263.6 +263.6 +263.6 $   +174         |
|  b91  c091_s200_w2_1005_  2 100% +222.0 +222.0 +247.0 $   +293         |
|  b31  c031_s166_w4_1120_  2 100% +145.5 +145.5 +175.8 $   +192         |
|  b28  c028_s166_w3_1045_ 22  77% +50.0 +80.0 +102.0 $   +590           |
|  b58  c058_s170_w2_1005_  1 100% +59.1 +59.1 +59.1 $    +25            |
|  b56  c056_s170_w1_0928_  1 100% +47.7 +47.7 +47.7 $    +21            |
|  b57  c057_s170_w1_0928_  1 100% +47.7 +47.7 +47.7 $    +21            |
|  b89  c089_s200_w1_0928_  9  56% +84.4 +30.9 +790.0 $    +45           |
|  ... 23 more bucket(s) with exits                                      |
+------------------------------------------------------------------------+
|  Low  b20  c020_s165_w3_1045_  1   0% -88.9 -88.9 -88.9 $     -8       |
+========================================================================+
+========================================================================+
|  OPEN OPTIONS (0)                                                      |
+------------------------------------------------------------------------+
|  No open option positions                                              |
+========================================================================+
Full detail: logs/options_trial/runs/2026-07-29.log
elapsed=1.4s reconcile=0.45s cancel=0.21s manage=0.15s

=== 13:15:46 ET — manage-only (past entry window) [elapsed=1.4s reconcile=0.47s cancel=0.22s manage=0.15s] ===
=== options_morning_bot (PAPER) 2026-07-29T13:15:46.848466-04:00 ===

[Run context]
Paper auth OK — equity $126927.12, account PA36KS87UPRS
  reconcile: layout changed controlled:100:c000_s173_w1_0928_1005_r1 -> controlled:248:c000_s163_w1_0928_1005_r1

[Setup]
Active buckets: 248 | Strategies: S165, S164, S168, S167, S166, S163, S169, S170, S171, S172, S175, S200, S201, S202, S203, S204, S205, S206, S207, S208, S209, S210, S211, S212, S213, S214, S215, S216, S217, S218, S219
Dropped (no new entries; ex-reflected P&L): S173, S174

[Manage only]
Past entry window; manage/exit only.

[Portfolio snapshot]
========================================================
OPTIONS TRIAL STATS
========================================================
Account equity: $126,927.12
Active buckets: 248 of 248 profiles ($500 virtual each) — paper unlimited mode

P&L summary
  Reflected (ex-S173,S174): $+4,417.13 all-time  |  $-6.00 today
  Raw (incl dropped):     $+2,821.58 all-time  |  $-6.00 today
  Open (not sold yet): $+0.00 unrealized (virtual lots)
  Premium deployed:    $0.00 in open positions
  Combined P&L:        $+4,417.13 (reflected realized + open virtual)

Ledger (master)
  Total events:     6087
  Today entries:    77
  Today exits (reflected): 4
  All-time exits (reflected): 277  wins 30%
  Avg return/trade: -5.7%  median -40.0%

Open virtual lots (by bucket)
  b108 c108_s202_w3_1045_1120_r1  prem=$     0  real=$ -1.00  open=$ +0.00  lots=0  [-]
       buy: ask-0.01  sell: bid-0.01  tp=+50% sl=-50%
  b109 c109_s202_w3_1045_1120_r2  prem=$     0  real=$ -2.00  open=$ +0.00  lots=0  [-]
       buy: ask-0.01  sell: bid-0.01  tp=+50% sl=-50%
  b236 c236_s218_w3_1045_1120_r1  prem=$     0  real=$ -1.00  open=$ +0.00  lots=0  [-]
       buy: ask-0.01  sell: bid-0.01  tp=+50% sl=-50%
  b237 c237_s218_w3_1045_1120_r2  prem=$     0  real=$ -2.00  open=$ +0.00  lots=0  [-]
       buy: ask-0.01  sell: bid-0.01  tp=+50% sl=-50%
  (244 quiet bucket profile(s) — no trades yet)

Alpaca option positions
  (none)

Per-bucket exit stats (all time)
  b0|orphan_reconcile     n= 22  avg=+22.4%  med=-57.5%  realized=$+6,310.91
  b104|c104_s164_w1_0928_1005_r4  n=  1  avg=-88.9%  med=-88.9%  realized=$-8.00
  b108|c108_s202_w3_1045_1120_r1  n=  1  avg=-33.3%  med=-33.3%  realized=$-1.00
  b109|c109_s202_w3_1045_1120_r2  n=  1  avg=-66.7%  med=-66.7%  realized=$-2.00
  b10|c010_s165_w3_1045_1120_r1  n=  8  avg=-37.2%  med=-18.9%  realized=$-205.00
  b132|c132_s164_w1_0928_1005_r5  n=  2  avg=-65.7%  med=-53.6%  realized=$-37.00
  b135|c135_s164_w4_1120_1135_r5  n=  1  avg=-50.0%  med=-50.0%  realized=$-4.00
  b20|c020_s164_w1_0928_1005_r1  n=  1  avg=-88.9%  med=-88.9%  realized=$-8.00
  b236|c236_s218_w3_1045_1120_r1  n=  1  avg=-33.3%  med=-33.3%  realized=$-1.00
  b237|c237_s218_w3_1045_1120_r2  n=  1  avg=-66.7%  med=-66.7%  realized=$-2.00
  b28|c028_s165_w1_0928_1005_r2  n= 17  avg=+49.5%  med=+80.0%  realized=$+448.00
  b28|c028_s173_w1_0928_1005_r2  n=  5  avg=+51.6%  med=+80.0%  realized=$+142.00
  b29|c029_s165_w2_1005_1045_r2  n=  9  avg=-23.3%  med=-50.0%  realized=$-221.00
  b29|c029_s173_w2_1005_1045_r2  n=  2  avg=-69.3%  med=-48.5%  realized=$-78.00
  b30|c030_s165_w3_1045_1120_r2  n=  9  avg=+38.8%  med=+0.0%  realized=$+260.00
  b30|c030_s173_w3_1045_1120_r2  n=  2  avg=-9.5%  med=+0.0%  realized=$-14.00
  b31|c031_s165_w4_1120_1135_r2  n=  2  avg=+145.5%  med=+175.8%  realized=$+192.00
  b48|c048_s164_w1_0928_1005_r2  n=  5  avg=-33.1%  med=-49.1%  realized=$-91.00
  b48|c048_s165_w1_0928_1005_r3  n= 16  avg=-35.9%  med=-49.1%  realized=$-344.00
  b49|c049_s164_w2_1005_1045_r2  n=  4  avg=-51.8%  med=-44.0%  realized=$-133.00
  b49|c049_s165_w2_1005_1045_r3  n= 15  avg=-49.3%  med=-49.1%  realized=$-458.00
  b50|c050_s164_w3_1045_1120_r2  n=  4  avg=-39.6%  med=-16.7%  realized=$-115.00
  b50|c050_s165_w3_1045_1120_r3  n=  9  avg=-23.6%  med=-23.1%  realized=$-142.00
  b51|c051_s165_w4_1120_1135_r3  n=  1  avg=+263.6%  med=+263.6%  realized=$+174.00
  b56|g056_lim_tp20_sl65  n=  1  avg=+47.7%  med=+47.7%  realized=$+20.52
  b57|g057_mid_tp20_sl65  n=  1  avg=+47.7%  med=+47.7%  realized=$+20.52
  b58|g058_eod_tp20_sl65  n=  1  avg=+59.1%  med=+59.1%  realized=$+25.41
  b68|c068_s165_w1_0928_1005_r4  n= 16  avg=-51.3%  med=-49.1%  realized=$-446.00
  b68|c068_s166_w1_0928_1005_r3  n=  4  avg=-52.7%  med=-49.1%  realized=$-116.00
  b69|c069_s165_w2_1005_1045_r4  n= 11  avg=+19.0%  med=-43.6%  realized=$-179.00
  b69|c069_s166_w2_1005_1045_r3  n=  4  avg=+10.1%  med=-40.0%  realized=$-87.00
  b70|c070_s165_w3_1045_1120_r4  n= 11  avg=-2.1%  med=-16.9%  realized=$-6.00
  b70|c070_s166_w3_1045_1120_r3  n=  4  avg=-42.5%  med=-27.0%  realized=$-124.00
  b70|g070_eod_tp30_sl20  n=  1  avg=+59.1%  med=+59.1%  realized=$+27.77
  b76|c076_s164_w1_0928_1005_r3  n=  1  avg=-50.0%  med=-50.0%  realized=$-2.00
  b88|c088_s165_w1_0928_1005_r5  n= 21  avg=-5.0%  med=-2.7%  realized=$-63.00
  b88|c088_s167_w1_0928_1005_r4  n=  4  avg=-12.7%  med=+30.9%  realized=$-28.00
  b89|c089_s165_w2_1005_1045_r5  n=  7  avg=+113.1%  med=+30.9%  realized=$+67.00
  b89|c089_s167_w2_1005_1045_r4  n=  2  avg=-16.2%  med=+30.9%  realized=$-22.00
  b8|c008_s165_w1_0928_1005_r1  n= 23  avg=-19.6%  med=-35.3%  realized=$-250.00
  b90|c090_s165_w3_1045_1120_r5  n= 13  avg=+7.7%  med=+0.0%  realized=$+47.00
  b90|c090_s167_w3_1045_1120_r4  n=  4  avg=-41.6%  med=-18.9%  realized=$-123.00
  b91|c091_s165_w4_1120_1135_r5  n=  2  avg=+222.0%  med=+247.0%  realized=$+293.00
  b9|c009_s165_w2_1005_1045_r1  n=  7  avg=-74.4%  med=-66.2%  realized=$-301.00
========================================================
+========================================================================+
|  OPTIONS BOT SUMMARY                                                   |
+------------------------------------------------------------------------+
|  Mode                          manage-only                             |
|  Equity                        $126,927.12                             |
|  Signals this run              0                                       |
|  Orders submitted (session)    83                                      |
|  Orders filled today (ledger)  77                                      |
|  Entries placed this run       0                                       |
|  Open virtual lots             0                                       |
|  Broker option positions       0                                       |
|  Pending orders                0                                       |
+========================================================================+
+========================================================================+
|  BUCKET LEADERBOARD (reflected ex-S173,S174)                           |
+------------------------------------------------------------------------+
|  Reflected trades=277  buckets=31  win=30%                             |
|  Returns   avg=-5.7%  med=-40.0%  p10=-66.2%  p90=+81.8%               |
|  Realized  $+4,417.13                                                  |
|  Raw incl dropped  trades=811  real=$+2,821.58                         |
|  Today     trades=4  avg=-50.0%  med=-50.0%  real=$-6.00               |
+------------------------------------------------------------------------+
|  BKT PROFILE               N  WIN  AVG%   MED%   BEST%  REAL$          |
+------------------------------------------------------------------------+
|  b51  c051_s169_w2_1005_  1 100% +263.6 +263.6 +263.6 $   +174         |
|  b91  c091_s200_w2_1005_  2 100% +222.0 +222.0 +247.0 $   +293         |
|  b31  c031_s166_w4_1120_  2 100% +145.5 +145.5 +175.8 $   +192         |
|  b28  c028_s166_w3_1045_ 22  77% +50.0 +80.0 +102.0 $   +590           |
|  b58  c058_s170_w2_1005_  1 100% +59.1 +59.1 +59.1 $    +25            |
|  b56  c056_s170_w1_0928_  1 100% +47.7 +47.7 +47.7 $    +21            |
|  b57  c057_s170_w1_0928_  1 100% +47.7 +47.7 +47.7 $    +21            |
|  b89  c089_s200_w1_0928_  9  56% +84.4 +30.9 +790.0 $    +45           |
|  ... 23 more bucket(s) with exits                                      |
+------------------------------------------------------------------------+
|  Low  b20  c020_s165_w3_1045_  1   0% -88.9 -88.9 -88.9 $     -8       |
+========================================================================+
+========================================================================+
|  OPEN OPTIONS (0)                                                      |
+------------------------------------------------------------------------+
|  No open option positions                                              |
+========================================================================+
Full detail: logs/options_trial/runs/2026-07-29.log
elapsed=1.4s reconcile=0.47s cancel=0.22s manage=0.15s

=== 13:20:43 ET — manage-only (past entry window) [elapsed=1.3s reconcile=0.38s cancel=0.18s manage=0.12s] ===
=== options_morning_bot (PAPER) 2026-07-29T13:20:43.712193-04:00 ===

[Run context]
Paper auth OK — equity $126687.12, account PA36KS87UPRS
  reconcile: layout changed controlled:100:c000_s173_w1_0928_1005_r1 -> controlled:248:c000_s163_w1_0928_1005_r1

[Setup]
Active buckets: 248 | Strategies: S165, S164, S168, S167, S166, S163, S169, S170, S171, S172, S175, S200, S201, S202, S203, S204, S205, S206, S207, S208, S209, S210, S211, S212, S213, S214, S215, S216, S217, S218, S219
Dropped (no new entries; ex-reflected P&L): S173, S174

[Manage only]
Past entry window; manage/exit only.

[Portfolio snapshot]
========================================================
OPTIONS TRIAL STATS
========================================================
Account equity: $126,687.12
Active buckets: 248 of 248 profiles ($500 virtual each) — paper unlimited mode

P&L summary
  Reflected (ex-S173,S174): $+4,417.13 all-time  |  $-6.00 today
  Raw (incl dropped):     $+2,821.58 all-time  |  $-6.00 today
  Open (not sold yet): $+0.00 unrealized (virtual lots)
  Premium deployed:    $0.00 in open positions
  Combined P&L:        $+4,417.13 (reflected realized + open virtual)

Ledger (master)
  Total events:     6087
  Today entries:    77
  Today exits (reflected): 4
  All-time exits (reflected): 277  wins 30%
  Avg return/trade: -5.7%  median -40.0%

Open virtual lots (by bucket)
  b108 c108_s202_w3_1045_1120_r1  prem=$     0  real=$ -1.00  open=$ +0.00  lots=0  [-]
       buy: ask-0.01  sell: bid-0.01  tp=+50% sl=-50%
  b109 c109_s202_w3_1045_1120_r2  prem=$     0  real=$ -2.00  open=$ +0.00  lots=0  [-]
       buy: ask-0.01  sell: bid-0.01  tp=+50% sl=-50%
  b236 c236_s218_w3_1045_1120_r1  prem=$     0  real=$ -1.00  open=$ +0.00  lots=0  [-]
       buy: ask-0.01  sell: bid-0.01  tp=+50% sl=-50%
  b237 c237_s218_w3_1045_1120_r2  prem=$     0  real=$ -2.00  open=$ +0.00  lots=0  [-]
       buy: ask-0.01  sell: bid-0.01  tp=+50% sl=-50%
  (244 quiet bucket profile(s) — no trades yet)

Alpaca option positions
  (none)

Per-bucket exit stats (all time)
  b0|orphan_reconcile     n= 22  avg=+22.4%  med=-57.5%  realized=$+6,310.91
  b104|c104_s164_w1_0928_1005_r4  n=  1  avg=-88.9%  med=-88.9%  realized=$-8.00
  b108|c108_s202_w3_1045_1120_r1  n=  1  avg=-33.3%  med=-33.3%  realized=$-1.00
  b109|c109_s202_w3_1045_1120_r2  n=  1  avg=-66.7%  med=-66.7%  realized=$-2.00
  b10|c010_s165_w3_1045_1120_r1  n=  8  avg=-37.2%  med=-18.9%  realized=$-205.00
  b132|c132_s164_w1_0928_1005_r5  n=  2  avg=-65.7%  med=-53.6%  realized=$-37.00
  b135|c135_s164_w4_1120_1135_r5  n=  1  avg=-50.0%  med=-50.0%  realized=$-4.00
  b20|c020_s164_w1_0928_1005_r1  n=  1  avg=-88.9%  med=-88.9%  realized=$-8.00
  b236|c236_s218_w3_1045_1120_r1  n=  1  avg=-33.3%  med=-33.3%  realized=$-1.00
  b237|c237_s218_w3_1045_1120_r2  n=  1  avg=-66.7%  med=-66.7%  realized=$-2.00
  b28|c028_s165_w1_0928_1005_r2  n= 17  avg=+49.5%  med=+80.0%  realized=$+448.00
  b28|c028_s173_w1_0928_1005_r2  n=  5  avg=+51.6%  med=+80.0%  realized=$+142.00
  b29|c029_s165_w2_1005_1045_r2  n=  9  avg=-23.3%  med=-50.0%  realized=$-221.00
  b29|c029_s173_w2_1005_1045_r2  n=  2  avg=-69.3%  med=-48.5%  realized=$-78.00
  b30|c030_s165_w3_1045_1120_r2  n=  9  avg=+38.8%  med=+0.0%  realized=$+260.00
  b30|c030_s173_w3_1045_1120_r2  n=  2  avg=-9.5%  med=+0.0%  realized=$-14.00
  b31|c031_s165_w4_1120_1135_r2  n=  2  avg=+145.5%  med=+175.8%  realized=$+192.00
  b48|c048_s164_w1_0928_1005_r2  n=  5  avg=-33.1%  med=-49.1%  realized=$-91.00
  b48|c048_s165_w1_0928_1005_r3  n= 16  avg=-35.9%  med=-49.1%  realized=$-344.00
  b49|c049_s164_w2_1005_1045_r2  n=  4  avg=-51.8%  med=-44.0%  realized=$-133.00
  b49|c049_s165_w2_1005_1045_r3  n= 15  avg=-49.3%  med=-49.1%  realized=$-458.00
  b50|c050_s164_w3_1045_1120_r2  n=  4  avg=-39.6%  med=-16.7%  realized=$-115.00
  b50|c050_s165_w3_1045_1120_r3  n=  9  avg=-23.6%  med=-23.1%  realized=$-142.00
  b51|c051_s165_w4_1120_1135_r3  n=  1  avg=+263.6%  med=+263.6%  realized=$+174.00
  b56|g056_lim_tp20_sl65  n=  1  avg=+47.7%  med=+47.7%  realized=$+20.52
  b57|g057_mid_tp20_sl65  n=  1  avg=+47.7%  med=+47.7%  realized=$+20.52
  b58|g058_eod_tp20_sl65  n=  1  avg=+59.1%  med=+59.1%  realized=$+25.41
  b68|c068_s165_w1_0928_1005_r4  n= 16  avg=-51.3%  med=-49.1%  realized=$-446.00
  b68|c068_s166_w1_0928_1005_r3  n=  4  avg=-52.7%  med=-49.1%  realized=$-116.00
  b69|c069_s165_w2_1005_1045_r4  n= 11  avg=+19.0%  med=-43.6%  realized=$-179.00
  b69|c069_s166_w2_1005_1045_r3  n=  4  avg=+10.1%  med=-40.0%  realized=$-87.00
  b70|c070_s165_w3_1045_1120_r4  n= 11  avg=-2.1%  med=-16.9%  realized=$-6.00
  b70|c070_s166_w3_1045_1120_r3  n=  4  avg=-42.5%  med=-27.0%  realized=$-124.00
  b70|g070_eod_tp30_sl20  n=  1  avg=+59.1%  med=+59.1%  realized=$+27.77
  b76|c076_s164_w1_0928_1005_r3  n=  1  avg=-50.0%  med=-50.0%  realized=$-2.00
  b88|c088_s165_w1_0928_1005_r5  n= 21  avg=-5.0%  med=-2.7%  realized=$-63.00
  b88|c088_s167_w1_0928_1005_r4  n=  4  avg=-12.7%  med=+30.9%  realized=$-28.00
  b89|c089_s165_w2_1005_1045_r5  n=  7  avg=+113.1%  med=+30.9%  realized=$+67.00
  b89|c089_s167_w2_1005_1045_r4  n=  2  avg=-16.2%  med=+30.9%  realized=$-22.00
  b8|c008_s165_w1_0928_1005_r1  n= 23  avg=-19.6%  med=-35.3%  realized=$-250.00
  b90|c090_s165_w3_1045_1120_r5  n= 13  avg=+7.7%  med=+0.0%  realized=$+47.00
  b90|c090_s167_w3_1045_1120_r4  n=  4  avg=-41.6%  med=-18.9%  realized=$-123.00
  b91|c091_s165_w4_1120_1135_r5  n=  2  avg=+222.0%  med=+247.0%  realized=$+293.00
  b9|c009_s165_w2_1005_1045_r1  n=  7  avg=-74.4%  med=-66.2%  realized=$-301.00
========================================================
+========================================================================+
|  OPTIONS BOT SUMMARY                                                   |
+------------------------------------------------------------------------+
|  Mode                          manage-only                             |
|  Equity                        $126,687.12                             |
|  Signals this run              0                                       |
|  Orders submitted (session)    83                                      |
|  Orders filled today (ledger)  77                                      |
|  Entries placed this run       0                                       |
|  Open virtual lots             0                                       |
|  Broker option positions       0                                       |
|  Pending orders                0                                       |
+========================================================================+
+========================================================================+
|  BUCKET LEADERBOARD (reflected ex-S173,S174)                           |
+------------------------------------------------------------------------+
|  Reflected trades=277  buckets=31  win=30%                             |
|  Returns   avg=-5.7%  med=-40.0%  p10=-66.2%  p90=+81.8%               |
|  Realized  $+4,417.13                                                  |
|  Raw incl dropped  trades=811  real=$+2,821.58                         |
|  Today     trades=4  avg=-50.0%  med=-50.0%  real=$-6.00               |
+------------------------------------------------------------------------+
|  BKT PROFILE               N  WIN  AVG%   MED%   BEST%  REAL$          |
+------------------------------------------------------------------------+
|  b51  c051_s169_w2_1005_  1 100% +263.6 +263.6 +263.6 $   +174         |
|  b91  c091_s200_w2_1005_  2 100% +222.0 +222.0 +247.0 $   +293         |
|  b31  c031_s166_w4_1120_  2 100% +145.5 +145.5 +175.8 $   +192         |
|  b28  c028_s166_w3_1045_ 22  77% +50.0 +80.0 +102.0 $   +590           |
|  b58  c058_s170_w2_1005_  1 100% +59.1 +59.1 +59.1 $    +25            |
|  b56  c056_s170_w1_0928_  1 100% +47.7 +47.7 +47.7 $    +21            |
|  b57  c057_s170_w1_0928_  1 100% +47.7 +47.7 +47.7 $    +21            |
|  b89  c089_s200_w1_0928_  9  56% +84.4 +30.9 +790.0 $    +45           |
|  ... 23 more bucket(s) with exits                                      |
+------------------------------------------------------------------------+
|  Low  b20  c020_s165_w3_1045_  1   0% -88.9 -88.9 -88.9 $     -8       |
+========================================================================+
+========================================================================+
|  OPEN OPTIONS (0)                                                      |
+------------------------------------------------------------------------+
|  No open option positions                                              |
+========================================================================+
Full detail: logs/options_trial/runs/2026-07-29.log
elapsed=1.3s reconcile=0.38s cancel=0.18s manage=0.12s

=== 13:23:26 ET — manage-only (past entry window) [elapsed=0.6s reconcile=0.09s cancel=0.02s manage=0.02s] ===
=== options_morning_bot (PAPER) 2026-07-29T13:23:26.885810-04:00 ===

[Run context]
Paper auth OK — equity $126689.12, account PA36KS87UPRS
  reconcile: layout changed controlled:100:c000_s173_w1_0928_1005_r1 -> controlled:248:c000_s163_w1_0928_1005_r1

[Setup]
Active buckets: 248 | Strategies: S165, S164, S168, S167, S166, S163, S169, S170, S171, S172, S175, S200, S201, S202, S203, S204, S205, S206, S207, S208, S209, S210, S211, S212, S213, S214, S215, S216, S217, S218, S219
Dropped (no new entries; ex-reflected P&L): S173, S174

[Manage only]
Past entry window; manage/exit only.

[Portfolio snapshot]
========================================================
OPTIONS TRIAL STATS
========================================================
Account equity: $126,689.12
Active buckets: 248 of 248 profiles ($500 virtual each) — paper unlimited mode

P&L summary
  Reflected (ex-S173,S174): $+4,417.13 all-time  |  $-6.00 today
  Raw (incl dropped):     $+2,821.58 all-time  |  $-6.00 today
  Open (not sold yet): $+0.00 unrealized (virtual lots)
  Premium deployed:    $0.00 in open positions
  Combined P&L:        $+4,417.13 (reflected realized + open virtual)

Ledger (master)
  Total events:     6087
  Today entries:    77
  Today exits (reflected): 4
  All-time exits (reflected): 277  wins 30%
  Avg return/trade: -5.7%  median -40.0%

Open virtual lots (by bucket)
  b108 c108_s202_w3_1045_1120_r1  prem=$     0  real=$ -1.00  open=$ +0.00  lots=0  [-]
       buy: ask-0.01  sell: bid-0.01  tp=+50% sl=-50%
  b109 c109_s202_w3_1045_1120_r2  prem=$     0  real=$ -2.00  open=$ +0.00  lots=0  [-]
       buy: ask-0.01  sell: bid-0.01  tp=+50% sl=-50%
  b236 c236_s218_w3_1045_1120_r1  prem=$     0  real=$ -1.00  open=$ +0.00  lots=0  [-]
       buy: ask-0.01  sell: bid-0.01  tp=+50% sl=-50%
  b237 c237_s218_w3_1045_1120_r2  prem=$     0  real=$ -2.00  open=$ +0.00  lots=0  [-]
       buy: ask-0.01  sell: bid-0.01  tp=+50% sl=-50%
  (244 quiet bucket profile(s) — no trades yet)

Alpaca option positions
  (none)

Per-bucket exit stats (all time)
  b0|orphan_reconcile     n= 22  avg=+22.4%  med=-57.5%  realized=$+6,310.91
  b104|c104_s164_w1_0928_1005_r4  n=  1  avg=-88.9%  med=-88.9%  realized=$-8.00
  b108|c108_s202_w3_1045_1120_r1  n=  1  avg=-33.3%  med=-33.3%  realized=$-1.00
  b109|c109_s202_w3_1045_1120_r2  n=  1  avg=-66.7%  med=-66.7%  realized=$-2.00
  b10|c010_s165_w3_1045_1120_r1  n=  8  avg=-37.2%  med=-18.9%  realized=$-205.00
  b132|c132_s164_w1_0928_1005_r5  n=  2  avg=-65.7%  med=-53.6%  realized=$-37.00
  b135|c135_s164_w4_1120_1135_r5  n=  1  avg=-50.0%  med=-50.0%  realized=$-4.00
  b20|c020_s164_w1_0928_1005_r1  n=  1  avg=-88.9%  med=-88.9%  realized=$-8.00
  b236|c236_s218_w3_1045_1120_r1  n=  1  avg=-33.3%  med=-33.3%  realized=$-1.00
  b237|c237_s218_w3_1045_1120_r2  n=  1  avg=-66.7%  med=-66.7%  realized=$-2.00
  b28|c028_s165_w1_0928_1005_r2  n= 17  avg=+49.5%  med=+80.0%  realized=$+448.00
  b28|c028_s173_w1_0928_1005_r2  n=  5  avg=+51.6%  med=+80.0%  realized=$+142.00
  b29|c029_s165_w2_1005_1045_r2  n=  9  avg=-23.3%  med=-50.0%  realized=$-221.00
  b29|c029_s173_w2_1005_1045_r2  n=  2  avg=-69.3%  med=-48.5%  realized=$-78.00
  b30|c030_s165_w3_1045_1120_r2  n=  9  avg=+38.8%  med=+0.0%  realized=$+260.00
  b30|c030_s173_w3_1045_1120_r2  n=  2  avg=-9.5%  med=+0.0%  realized=$-14.00
  b31|c031_s165_w4_1120_1135_r2  n=  2  avg=+145.5%  med=+175.8%  realized=$+192.00
  b48|c048_s164_w1_0928_1005_r2  n=  5  avg=-33.1%  med=-49.1%  realized=$-91.00
  b48|c048_s165_w1_0928_1005_r3  n= 16  avg=-35.9%  med=-49.1%  realized=$-344.00
  b49|c049_s164_w2_1005_1045_r2  n=  4  avg=-51.8%  med=-44.0%  realized=$-133.00
  b49|c049_s165_w2_1005_1045_r3  n= 15  avg=-49.3%  med=-49.1%  realized=$-458.00
  b50|c050_s164_w3_1045_1120_r2  n=  4  avg=-39.6%  med=-16.7%  realized=$-115.00
  b50|c050_s165_w3_1045_1120_r3  n=  9  avg=-23.6%  med=-23.1%  realized=$-142.00
  b51|c051_s165_w4_1120_1135_r3  n=  1  avg=+263.6%  med=+263.6%  realized=$+174.00
  b56|g056_lim_tp20_sl65  n=  1  avg=+47.7%  med=+47.7%  realized=$+20.52
  b57|g057_mid_tp20_sl65  n=  1  avg=+47.7%  med=+47.7%  realized=$+20.52
  b58|g058_eod_tp20_sl65  n=  1  avg=+59.1%  med=+59.1%  realized=$+25.41
  b68|c068_s165_w1_0928_1005_r4  n= 16  avg=-51.3%  med=-49.1%  realized=$-446.00
  b68|c068_s166_w1_0928_1005_r3  n=  4  avg=-52.7%  med=-49.1%  realized=$-116.00
  b69|c069_s165_w2_1005_1045_r4  n= 11  avg=+19.0%  med=-43.6%  realized=$-179.00
  b69|c069_s166_w2_1005_1045_r3  n=  4  avg=+10.1%  med=-40.0%  realized=$-87.00
  b70|c070_s165_w3_1045_1120_r4  n= 11  avg=-2.1%  med=-16.9%  realized=$-6.00
  b70|c070_s166_w3_1045_1120_r3  n=  4  avg=-42.5%  med=-27.0%  realized=$-124.00
  b70|g070_eod_tp30_sl20  n=  1  avg=+59.1%  med=+59.1%  realized=$+27.77
  b76|c076_s164_w1_0928_1005_r3  n=  1  avg=-50.0%  med=-50.0%  realized=$-2.00
  b88|c088_s165_w1_0928_1005_r5  n= 21  avg=-5.0%  med=-2.7%  realized=$-63.00
  b88|c088_s167_w1_0928_1005_r4  n=  4  avg=-12.7%  med=+30.9%  realized=$-28.00
  b89|c089_s165_w2_1005_1045_r5  n=  7  avg=+113.1%  med=+30.9%  realized=$+67.00
  b89|c089_s167_w2_1005_1045_r4  n=  2  avg=-16.2%  med=+30.9%  realized=$-22.00
  b8|c008_s165_w1_0928_1005_r1  n= 23  avg=-19.6%  med=-35.3%  realized=$-250.00
  b90|c090_s165_w3_1045_1120_r5  n= 13  avg=+7.7%  med=+0.0%  realized=$+47.00
  b90|c090_s167_w3_1045_1120_r4  n=  4  avg=-41.6%  med=-18.9%  realized=$-123.00
  b91|c091_s165_w4_1120_1135_r5  n=  2  avg=+222.0%  med=+247.0%  realized=$+293.00
  b9|c009_s165_w2_1005_1045_r1  n=  7  avg=-74.4%  med=-66.2%  realized=$-301.00
========================================================
+========================================================================+
|  OPTIONS BOT SUMMARY                                                   |
+------------------------------------------------------------------------+
|  Mode                          manage-only                             |
|  Equity                        $126,689.12                             |
|  Signals this run              0                                       |
|  Orders submitted (session)    83                                      |
|  Orders filled today (ledger)  77                                      |
|  Entries placed this run       0                                       |
|  Open virtual lots             0                                       |
|  Broker option positions       0                                       |
|  Pending orders                0                                       |
+========================================================================+
+========================================================================+
|  BUCKET LEADERBOARD (reflected ex-S173,S174)                           |
+------------------------------------------------------------------------+
|  Reflected trades=277  buckets=31  win=30%                             |
|  Returns   avg=-5.7%  med=-40.0%  p10=-66.2%  p90=+81.8%               |
|  Realized  $+4,417.13                                                  |
|  Raw incl dropped  trades=811  real=$+2,821.58                         |
|  Today     trades=4  avg=-50.0%  med=-50.0%  real=$-6.00               |
+------------------------------------------------------------------------+
|  BKT PROFILE               N  WIN  AVG%   MED%   BEST%  REAL$          |
+------------------------------------------------------------------------+
|  b51  c051_s169_w2_1005_  1 100% +263.6 +263.6 +263.6 $   +174         |
|  b91  c091_s200_w2_1005_  2 100% +222.0 +222.0 +247.0 $   +293         |
|  b31  c031_s166_w4_1120_  2 100% +145.5 +145.5 +175.8 $   +192         |
|  b28  c028_s166_w3_1045_ 22  77% +50.0 +80.0 +102.0 $   +590           |
|  b58  c058_s170_w2_1005_  1 100% +59.1 +59.1 +59.1 $    +25            |
|  b56  c056_s170_w1_0928_  1 100% +47.7 +47.7 +47.7 $    +21            |
|  b57  c057_s170_w1_0928_  1 100% +47.7 +47.7 +47.7 $    +21            |
|  b89  c089_s200_w1_0928_  9  56% +84.4 +30.9 +790.0 $    +45           |
|  ... 23 more bucket(s) with exits                                      |
+------------------------------------------------------------------------+
|  Low  b20  c020_s165_w3_1045_  1   0% -88.9 -88.9 -88.9 $     -8       |
+========================================================================+
+========================================================================+
|  OPEN OPTIONS (0)                                                      |
+------------------------------------------------------------------------+
|  No open option positions                                              |
+========================================================================+
Full detail: logs/options_trial/runs/2026-07-29.log
elapsed=0.6s reconcile=0.09s cancel=0.02s manage=0.02s

=== 13:28:04 ET — manage-only (past entry window) [elapsed=1.3s reconcile=0.42s cancel=0.2s manage=0.13s] ===
=== options_morning_bot (PAPER) 2026-07-29T13:28:04.602276-04:00 ===

[Run context]
Paper auth OK — equity $126535.08, account PA36KS87UPRS
  reconcile: layout changed controlled:100:c000_s173_w1_0928_1005_r1 -> controlled:248:c000_s163_w1_0928_1005_r1

[Setup]
Active buckets: 248 | Strategies: S165, S164, S168, S167, S166, S163, S169, S170, S171, S172, S175, S200, S201, S202, S203, S204, S205, S206, S207, S208, S209, S210, S211, S212, S213, S214, S215, S216, S217, S218, S219
Dropped (no new entries; ex-reflected P&L): S173, S174

[Manage only]
Past entry window; manage/exit only.

[Portfolio snapshot]
========================================================
OPTIONS TRIAL STATS
========================================================
Account equity: $126,545.08
Active buckets: 248 of 248 profiles ($500 virtual each) — paper unlimited mode

P&L summary
  Reflected (ex-S173,S174): $+4,417.13 all-time  |  $-6.00 today
  Raw (incl dropped):     $+2,821.58 all-time  |  $-6.00 today
  Open (not sold yet): $+0.00 unrealized (virtual lots)
  Premium deployed:    $0.00 in open positions
  Combined P&L:        $+4,417.13 (reflected realized + open virtual)

Ledger (master)
  Total events:     6087
  Today entries:    77
  Today exits (reflected): 4
  All-time exits (reflected): 277  wins 30%
  Avg return/trade: -5.7%  median -40.0%

Open virtual lots (by bucket)
  b108 c108_s202_w3_1045_1120_r1  prem=$     0  real=$ -1.00  open=$ +0.00  lots=0  [-]
       buy: ask-0.01  sell: bid-0.01  tp=+50% sl=-50%
  b109 c109_s202_w3_1045_1120_r2  prem=$     0  real=$ -2.00  open=$ +0.00  lots=0  [-]
       buy: ask-0.01  sell: bid-0.01  tp=+50% sl=-50%
  b236 c236_s218_w3_1045_1120_r1  prem=$     0  real=$ -1.00  open=$ +0.00  lots=0  [-]
       buy: ask-0.01  sell: bid-0.01  tp=+50% sl=-50%
  b237 c237_s218_w3_1045_1120_r2  prem=$     0  real=$ -2.00  open=$ +0.00  lots=0  [-]
       buy: ask-0.01  sell: bid-0.01  tp=+50% sl=-50%
  (244 quiet bucket profile(s) — no trades yet)

Alpaca option positions
  (none)

Per-bucket exit stats (all time)
  b0|orphan_reconcile     n= 22  avg=+22.4%  med=-57.5%  realized=$+6,310.91
  b104|c104_s164_w1_0928_1005_r4  n=  1  avg=-88.9%  med=-88.9%  realized=$-8.00
  b108|c108_s202_w3_1045_1120_r1  n=  1  avg=-33.3%  med=-33.3%  realized=$-1.00
  b109|c109_s202_w3_1045_1120_r2  n=  1  avg=-66.7%  med=-66.7%  realized=$-2.00
  b10|c010_s165_w3_1045_1120_r1  n=  8  avg=-37.2%  med=-18.9%  realized=$-205.00
  b132|c132_s164_w1_0928_1005_r5  n=  2  avg=-65.7%  med=-53.6%  realized=$-37.00
  b135|c135_s164_w4_1120_1135_r5  n=  1  avg=-50.0%  med=-50.0%  realized=$-4.00
  b20|c020_s164_w1_0928_1005_r1  n=  1  avg=-88.9%  med=-88.9%  realized=$-8.00
  b236|c236_s218_w3_1045_1120_r1  n=  1  avg=-33.3%  med=-33.3%  realized=$-1.00
  b237|c237_s218_w3_1045_1120_r2  n=  1  avg=-66.7%  med=-66.7%  realized=$-2.00
  b28|c028_s165_w1_0928_1005_r2  n= 17  avg=+49.5%  med=+80.0%  realized=$+448.00
  b28|c028_s173_w1_0928_1005_r2  n=  5  avg=+51.6%  med=+80.0%  realized=$+142.00
  b29|c029_s165_w2_1005_1045_r2  n=  9  avg=-23.3%  med=-50.0%  realized=$-221.00
  b29|c029_s173_w2_1005_1045_r2  n=  2  avg=-69.3%  med=-48.5%  realized=$-78.00
  b30|c030_s165_w3_1045_1120_r2  n=  9  avg=+38.8%  med=+0.0%  realized=$+260.00
  b30|c030_s173_w3_1045_1120_r2  n=  2  avg=-9.5%  med=+0.0%  realized=$-14.00
  b31|c031_s165_w4_1120_1135_r2  n=  2  avg=+145.5%  med=+175.8%  realized=$+192.00
  b48|c048_s164_w1_0928_1005_r2  n=  5  avg=-33.1%  med=-49.1%  realized=$-91.00
  b48|c048_s165_w1_0928_1005_r3  n= 16  avg=-35.9%  med=-49.1%  realized=$-344.00
  b49|c049_s164_w2_1005_1045_r2  n=  4  avg=-51.8%  med=-44.0%  realized=$-133.00
  b49|c049_s165_w2_1005_1045_r3  n= 15  avg=-49.3%  med=-49.1%  realized=$-458.00
  b50|c050_s164_w3_1045_1120_r2  n=  4  avg=-39.6%  med=-16.7%  realized=$-115.00
  b50|c050_s165_w3_1045_1120_r3  n=  9  avg=-23.6%  med=-23.1%  realized=$-142.00
  b51|c051_s165_w4_1120_1135_r3  n=  1  avg=+263.6%  med=+263.6%  realized=$+174.00
  b56|g056_lim_tp20_sl65  n=  1  avg=+47.7%  med=+47.7%  realized=$+20.52
  b57|g057_mid_tp20_sl65  n=  1  avg=+47.7%  med=+47.7%  realized=$+20.52
  b58|g058_eod_tp20_sl65  n=  1  avg=+59.1%  med=+59.1%  realized=$+25.41
  b68|c068_s165_w1_0928_1005_r4  n= 16  avg=-51.3%  med=-49.1%  realized=$-446.00
  b68|c068_s166_w1_0928_1005_r3  n=  4  avg=-52.7%  med=-49.1%  realized=$-116.00
  b69|c069_s165_w2_1005_1045_r4  n= 11  avg=+19.0%  med=-43.6%  realized=$-179.00
  b69|c069_s166_w2_1005_1045_r3  n=  4  avg=+10.1%  med=-40.0%  realized=$-87.00
  b70|c070_s165_w3_1045_1120_r4  n= 11  avg=-2.1%  med=-16.9%  realized=$-6.00
  b70|c070_s166_w3_1045_1120_r3  n=  4  avg=-42.5%  med=-27.0%  realized=$-124.00
  b70|g070_eod_tp30_sl20  n=  1  avg=+59.1%  med=+59.1%  realized=$+27.77
  b76|c076_s164_w1_0928_1005_r3  n=  1  avg=-50.0%  med=-50.0%  realized=$-2.00
  b88|c088_s165_w1_0928_1005_r5  n= 21  avg=-5.0%  med=-2.7%  realized=$-63.00
  b88|c088_s167_w1_0928_1005_r4  n=  4  avg=-12.7%  med=+30.9%  realized=$-28.00
  b89|c089_s165_w2_1005_1045_r5  n=  7  avg=+113.1%  med=+30.9%  realized=$+67.00
  b89|c089_s167_w2_1005_1045_r4  n=  2  avg=-16.2%  med=+30.9%  realized=$-22.00
  b8|c008_s165_w1_0928_1005_r1  n= 23  avg=-19.6%  med=-35.3%  realized=$-250.00
  b90|c090_s165_w3_1045_1120_r5  n= 13  avg=+7.7%  med=+0.0%  realized=$+47.00
  b90|c090_s167_w3_1045_1120_r4  n=  4  avg=-41.6%  med=-18.9%  realized=$-123.00
  b91|c091_s165_w4_1120_1135_r5  n=  2  avg=+222.0%  med=+247.0%  realized=$+293.00
  b9|c009_s165_w2_1005_1045_r1  n=  7  avg=-74.4%  med=-66.2%  realized=$-301.00
========================================================
+========================================================================+
|  OPTIONS BOT SUMMARY                                                   |
+------------------------------------------------------------------------+
|  Mode                          manage-only                             |
|  Equity                        $126,545.08                             |
|  Signals this run              0                                       |
|  Orders submitted (session)    83                                      |
|  Orders filled today (ledger)  77                                      |
|  Entries placed this run       0                                       |
|  Open virtual lots             0                                       |
|  Broker option positions       0                                       |
|  Pending orders                0                                       |
+========================================================================+
+========================================================================+
|  BUCKET LEADERBOARD (reflected ex-S173,S174)                           |
+------------------------------------------------------------------------+
|  Reflected trades=277  buckets=31  win=30%                             |
|  Returns   avg=-5.7%  med=-40.0%  p10=-66.2%  p90=+81.8%               |
|  Realized  $+4,417.13                                                  |
|  Raw incl dropped  trades=811  real=$+2,821.58                         |
|  Today     trades=4  avg=-50.0%  med=-50.0%  real=$-6.00               |
+------------------------------------------------------------------------+
|  BKT PROFILE               N  WIN  AVG%   MED%   BEST%  REAL$          |
+------------------------------------------------------------------------+
|  b51  c051_s169_w2_1005_  1 100% +263.6 +263.6 +263.6 $   +174         |
|  b91  c091_s200_w2_1005_  2 100% +222.0 +222.0 +247.0 $   +293         |
|  b31  c031_s166_w4_1120_  2 100% +145.5 +145.5 +175.8 $   +192         |
|  b28  c028_s166_w3_1045_ 22  77% +50.0 +80.0 +102.0 $   +590           |
|  b58  c058_s170_w2_1005_  1 100% +59.1 +59.1 +59.1 $    +25            |
|  b56  c056_s170_w1_0928_  1 100% +47.7 +47.7 +47.7 $    +21            |
|  b57  c057_s170_w1_0928_  1 100% +47.7 +47.7 +47.7 $    +21            |
|  b89  c089_s200_w1_0928_  9  56% +84.4 +30.9 +790.0 $    +45           |
|  ... 23 more bucket(s) with exits                                      |
+------------------------------------------------------------------------+
|  Low  b20  c020_s165_w3_1045_  1   0% -88.9 -88.9 -88.9 $     -8       |
+========================================================================+
+========================================================================+
|  OPEN OPTIONS (0)                                                      |
+------------------------------------------------------------------------+
|  No open option positions                                              |
+========================================================================+
Full detail: logs/options_trial/runs/2026-07-29.log
elapsed=1.3s reconcile=0.42s cancel=0.2s manage=0.13s

=== 13:33:02 ET — manage-only (past entry window) [elapsed=0.4s reconcile=0.09s cancel=0.04s manage=0.03s] ===
=== options_morning_bot (PAPER) 2026-07-29T13:33:02.951471-04:00 ===

[Run context]
Paper auth OK — equity $126399.12, account PA36KS87UPRS
  reconcile: layout changed controlled:100:c000_s173_w1_0928_1005_r1 -> controlled:248:c000_s163_w1_0928_1005_r1

[Setup]
Active buckets: 248 | Strategies: S165, S164, S168, S167, S166, S163, S169, S170, S171, S172, S175, S200, S201, S202, S203, S204, S205, S206, S207, S208, S209, S210, S211, S212, S213, S214, S215, S216, S217, S218, S219
Dropped (no new entries; ex-reflected P&L): S173, S174

[Manage only]
Past entry window; manage/exit only.

[Portfolio snapshot]
========================================================
OPTIONS TRIAL STATS
========================================================
Account equity: $126,399.12
Active buckets: 248 of 248 profiles ($500 virtual each) — paper unlimited mode

P&L summary
  Reflected (ex-S173,S174): $+4,417.13 all-time  |  $-6.00 today
  Raw (incl dropped):     $+2,821.58 all-time  |  $-6.00 today
  Open (not sold yet): $+0.00 unrealized (virtual lots)
  Premium deployed:    $0.00 in open positions
  Combined P&L:        $+4,417.13 (reflected realized + open virtual)

Ledger (master)
  Total events:     6087
  Today entries:    77
  Today exits (reflected): 4
  All-time exits (reflected): 277  wins 30%
  Avg return/trade: -5.7%  median -40.0%

Open virtual lots (by bucket)
  b108 c108_s202_w3_1045_1120_r1  prem=$     0  real=$ -1.00  open=$ +0.00  lots=0  [-]
       buy: ask-0.01  sell: bid-0.01  tp=+50% sl=-50%
  b109 c109_s202_w3_1045_1120_r2  prem=$     0  real=$ -2.00  open=$ +0.00  lots=0  [-]
       buy: ask-0.01  sell: bid-0.01  tp=+50% sl=-50%
  b236 c236_s218_w3_1045_1120_r1  prem=$     0  real=$ -1.00  open=$ +0.00  lots=0  [-]
       buy: ask-0.01  sell: bid-0.01  tp=+50% sl=-50%
  b237 c237_s218_w3_1045_1120_r2  prem=$     0  real=$ -2.00  open=$ +0.00  lots=0  [-]
       buy: ask-0.01  sell: bid-0.01  tp=+50% sl=-50%
  (244 quiet bucket profile(s) — no trades yet)

Alpaca option positions
  (none)

Per-bucket exit stats (all time)
  b0|orphan_reconcile     n= 22  avg=+22.4%  med=-57.5%  realized=$+6,310.91
  b104|c104_s164_w1_0928_1005_r4  n=  1  avg=-88.9%  med=-88.9%  realized=$-8.00
  b108|c108_s202_w3_1045_1120_r1  n=  1  avg=-33.3%  med=-33.3%  realized=$-1.00
  b109|c109_s202_w3_1045_1120_r2  n=  1  avg=-66.7%  med=-66.7%  realized=$-2.00
  b10|c010_s165_w3_1045_1120_r1  n=  8  avg=-37.2%  med=-18.9%  realized=$-205.00
  b132|c132_s164_w1_0928_1005_r5  n=  2  avg=-65.7%  med=-53.6%  realized=$-37.00
  b135|c135_s164_w4_1120_1135_r5  n=  1  avg=-50.0%  med=-50.0%  realized=$-4.00
  b20|c020_s164_w1_0928_1005_r1  n=  1  avg=-88.9%  med=-88.9%  realized=$-8.00
  b236|c236_s218_w3_1045_1120_r1  n=  1  avg=-33.3%  med=-33.3%  realized=$-1.00
  b237|c237_s218_w3_1045_1120_r2  n=  1  avg=-66.7%  med=-66.7%  realized=$-2.00
  b28|c028_s165_w1_0928_1005_r2  n= 17  avg=+49.5%  med=+80.0%  realized=$+448.00
  b28|c028_s173_w1_0928_1005_r2  n=  5  avg=+51.6%  med=+80.0%  realized=$+142.00
  b29|c029_s165_w2_1005_1045_r2  n=  9  avg=-23.3%  med=-50.0%  realized=$-221.00
  b29|c029_s173_w2_1005_1045_r2  n=  2  avg=-69.3%  med=-48.5%  realized=$-78.00
  b30|c030_s165_w3_1045_1120_r2  n=  9  avg=+38.8%  med=+0.0%  realized=$+260.00
  b30|c030_s173_w3_1045_1120_r2  n=  2  avg=-9.5%  med=+0.0%  realized=$-14.00
  b31|c031_s165_w4_1120_1135_r2  n=  2  avg=+145.5%  med=+175.8%  realized=$+192.00
  b48|c048_s164_w1_0928_1005_r2  n=  5  avg=-33.1%  med=-49.1%  realized=$-91.00
  b48|c048_s165_w1_0928_1005_r3  n= 16  avg=-35.9%  med=-49.1%  realized=$-344.00
  b49|c049_s164_w2_1005_1045_r2  n=  4  avg=-51.8%  med=-44.0%  realized=$-133.00
  b49|c049_s165_w2_1005_1045_r3  n= 15  avg=-49.3%  med=-49.1%  realized=$-458.00
  b50|c050_s164_w3_1045_1120_r2  n=  4  avg=-39.6%  med=-16.7%  realized=$-115.00
  b50|c050_s165_w3_1045_1120_r3  n=  9  avg=-23.6%  med=-23.1%  realized=$-142.00
  b51|c051_s165_w4_1120_1135_r3  n=  1  avg=+263.6%  med=+263.6%  realized=$+174.00
  b56|g056_lim_tp20_sl65  n=  1  avg=+47.7%  med=+47.7%  realized=$+20.52
  b57|g057_mid_tp20_sl65  n=  1  avg=+47.7%  med=+47.7%  realized=$+20.52
  b58|g058_eod_tp20_sl65  n=  1  avg=+59.1%  med=+59.1%  realized=$+25.41
  b68|c068_s165_w1_0928_1005_r4  n= 16  avg=-51.3%  med=-49.1%  realized=$-446.00
  b68|c068_s166_w1_0928_1005_r3  n=  4  avg=-52.7%  med=-49.1%  realized=$-116.00
  b69|c069_s165_w2_1005_1045_r4  n= 11  avg=+19.0%  med=-43.6%  realized=$-179.00
  b69|c069_s166_w2_1005_1045_r3  n=  4  avg=+10.1%  med=-40.0%  realized=$-87.00
  b70|c070_s165_w3_1045_1120_r4  n= 11  avg=-2.1%  med=-16.9%  realized=$-6.00
  b70|c070_s166_w3_1045_1120_r3  n=  4  avg=-42.5%  med=-27.0%  realized=$-124.00
  b70|g070_eod_tp30_sl20  n=  1  avg=+59.1%  med=+59.1%  realized=$+27.77
  b76|c076_s164_w1_0928_1005_r3  n=  1  avg=-50.0%  med=-50.0%  realized=$-2.00
  b88|c088_s165_w1_0928_1005_r5  n= 21  avg=-5.0%  med=-2.7%  realized=$-63.00
  b88|c088_s167_w1_0928_1005_r4  n=  4  avg=-12.7%  med=+30.9%  realized=$-28.00
  b89|c089_s165_w2_1005_1045_r5  n=  7  avg=+113.1%  med=+30.9%  realized=$+67.00
  b89|c089_s167_w2_1005_1045_r4  n=  2  avg=-16.2%  med=+30.9%  realized=$-22.00
  b8|c008_s165_w1_0928_1005_r1  n= 23  avg=-19.6%  med=-35.3%  realized=$-250.00
  b90|c090_s165_w3_1045_1120_r5  n= 13  avg=+7.7%  med=+0.0%  realized=$+47.00
  b90|c090_s167_w3_1045_1120_r4  n=  4  avg=-41.6%  med=-18.9%  realized=$-123.00
  b91|c091_s165_w4_1120_1135_r5  n=  2  avg=+222.0%  med=+247.0%  realized=$+293.00
  b9|c009_s165_w2_1005_1045_r1  n=  7  avg=-74.4%  med=-66.2%  realized=$-301.00
========================================================
+========================================================================+
|  OPTIONS BOT SUMMARY                                                   |
+------------------------------------------------------------------------+
|  Mode                          manage-only                             |
|  Equity                        $126,399.12                             |
|  Signals this run              0                                       |
|  Orders submitted (session)    83                                      |
|  Orders filled today (ledger)  77                                      |
|  Entries placed this run       0                                       |
|  Open virtual lots             0                                       |
|  Broker option positions       0                                       |
|  Pending orders                0                                       |
+========================================================================+
+========================================================================+
|  BUCKET LEADERBOARD (reflected ex-S173,S174)                           |
+------------------------------------------------------------------------+
|  Reflected trades=277  buckets=31  win=30%                             |
|  Returns   avg=-5.7%  med=-40.0%  p10=-66.2%  p90=+81.8%               |
|  Realized  $+4,417.13                                                  |
|  Raw incl dropped  trades=811  real=$+2,821.58                         |
|  Today     trades=4  avg=-50.0%  med=-50.0%  real=$-6.00               |
+------------------------------------------------------------------------+
|  BKT PROFILE               N  WIN  AVG%   MED%   BEST%  REAL$          |
+------------------------------------------------------------------------+
|  b51  c051_s169_w2_1005_  1 100% +263.6 +263.6 +263.6 $   +174         |
|  b91  c091_s200_w2_1005_  2 100% +222.0 +222.0 +247.0 $   +293         |
|  b31  c031_s166_w4_1120_  2 100% +145.5 +145.5 +175.8 $   +192         |
|  b28  c028_s166_w3_1045_ 22  77% +50.0 +80.0 +102.0 $   +590           |
|  b58  c058_s170_w2_1005_  1 100% +59.1 +59.1 +59.1 $    +25            |
|  b56  c056_s170_w1_0928_  1 100% +47.7 +47.7 +47.7 $    +21            |
|  b57  c057_s170_w1_0928_  1 100% +47.7 +47.7 +47.7 $    +21            |
|  b89  c089_s200_w1_0928_  9  56% +84.4 +30.9 +790.0 $    +45           |
|  ... 23 more bucket(s) with exits                                      |
+------------------------------------------------------------------------+
|  Low  b20  c020_s165_w3_1045_  1   0% -88.9 -88.9 -88.9 $     -8       |
+========================================================================+
+========================================================================+
|  OPEN OPTIONS (0)                                                      |
+------------------------------------------------------------------------+
|  No open option positions                                              |
+========================================================================+
Full detail: logs/options_trial/runs/2026-07-29.log
elapsed=0.4s reconcile=0.09s cancel=0.04s manage=0.03s

=== 13:35:40 ET — manage-only (past entry window) [elapsed=0.5s reconcile=0.1s cancel=0.04s manage=0.02s] ===
=== options_morning_bot (PAPER) 2026-07-29T13:35:40.107068-04:00 ===

[Run context]
Paper auth OK — equity $126303.12, account PA36KS87UPRS
  reconcile: layout changed controlled:100:c000_s173_w1_0928_1005_r1 -> controlled:248:c000_s163_w1_0928_1005_r1

[Setup]
Active buckets: 248 | Strategies: S165, S164, S168, S167, S166, S163, S169, S170, S171, S172, S175, S200, S201, S202, S203, S204, S205, S206, S207, S208, S209, S210, S211, S212, S213, S214, S215, S216, S217, S218, S219
Dropped (no new entries; ex-reflected P&L): S173, S174

[Manage only]
Past entry window; manage/exit only.

[Portfolio snapshot]
========================================================
OPTIONS TRIAL STATS
========================================================
Account equity: $126,303.12
Active buckets: 248 of 248 profiles ($500 virtual each) — paper unlimited mode

P&L summary
  Reflected (ex-S173,S174): $+4,417.13 all-time  |  $-6.00 today
  Raw (incl dropped):     $+2,821.58 all-time  |  $-6.00 today
  Open (not sold yet): $+0.00 unrealized (virtual lots)
  Premium deployed:    $0.00 in open positions
  Combined P&L:        $+4,417.13 (reflected realized + open virtual)

Ledger (master)
  Total events:     6087
  Today entries:    77
  Today exits (reflected): 4
  All-time exits (reflected): 277  wins 30%
  Avg return/trade: -5.7%  median -40.0%

Open virtual lots (by bucket)
  b108 c108_s202_w3_1045_1120_r1  prem=$     0  real=$ -1.00  open=$ +0.00  lots=0  [-]
       buy: ask-0.01  sell: bid-0.01  tp=+50% sl=-50%
  b109 c109_s202_w3_1045_1120_r2  prem=$     0  real=$ -2.00  open=$ +0.00  lots=0  [-]
       buy: ask-0.01  sell: bid-0.01  tp=+50% sl=-50%
  b236 c236_s218_w3_1045_1120_r1  prem=$     0  real=$ -1.00  open=$ +0.00  lots=0  [-]
       buy: ask-0.01  sell: bid-0.01  tp=+50% sl=-50%
  b237 c237_s218_w3_1045_1120_r2  prem=$     0  real=$ -2.00  open=$ +0.00  lots=0  [-]
       buy: ask-0.01  sell: bid-0.01  tp=+50% sl=-50%
  (244 quiet bucket profile(s) — no trades yet)

Alpaca option positions
  (none)

Per-bucket exit stats (all time)
  b0|orphan_reconcile     n= 22  avg=+22.4%  med=-57.5%  realized=$+6,310.91
  b104|c104_s164_w1_0928_1005_r4  n=  1  avg=-88.9%  med=-88.9%  realized=$-8.00
  b108|c108_s202_w3_1045_1120_r1  n=  1  avg=-33.3%  med=-33.3%  realized=$-1.00
  b109|c109_s202_w3_1045_1120_r2  n=  1  avg=-66.7%  med=-66.7%  realized=$-2.00
  b10|c010_s165_w3_1045_1120_r1  n=  8  avg=-37.2%  med=-18.9%  realized=$-205.00
  b132|c132_s164_w1_0928_1005_r5  n=  2  avg=-65.7%  med=-53.6%  realized=$-37.00
  b135|c135_s164_w4_1120_1135_r5  n=  1  avg=-50.0%  med=-50.0%  realized=$-4.00
  b20|c020_s164_w1_0928_1005_r1  n=  1  avg=-88.9%  med=-88.9%  realized=$-8.00
  b236|c236_s218_w3_1045_1120_r1  n=  1  avg=-33.3%  med=-33.3%  realized=$-1.00
  b237|c237_s218_w3_1045_1120_r2  n=  1  avg=-66.7%  med=-66.7%  realized=$-2.00
  b28|c028_s165_w1_0928_1005_r2  n= 17  avg=+49.5%  med=+80.0%  realized=$+448.00
  b28|c028_s173_w1_0928_1005_r2  n=  5  avg=+51.6%  med=+80.0%  realized=$+142.00
  b29|c029_s165_w2_1005_1045_r2  n=  9  avg=-23.3%  med=-50.0%  realized=$-221.00
  b29|c029_s173_w2_1005_1045_r2  n=  2  avg=-69.3%  med=-48.5%  realized=$-78.00
  b30|c030_s165_w3_1045_1120_r2  n=  9  avg=+38.8%  med=+0.0%  realized=$+260.00
  b30|c030_s173_w3_1045_1120_r2  n=  2  avg=-9.5%  med=+0.0%  realized=$-14.00
  b31|c031_s165_w4_1120_1135_r2  n=  2  avg=+145.5%  med=+175.8%  realized=$+192.00
  b48|c048_s164_w1_0928_1005_r2  n=  5  avg=-33.1%  med=-49.1%  realized=$-91.00
  b48|c048_s165_w1_0928_1005_r3  n= 16  avg=-35.9%  med=-49.1%  realized=$-344.00
  b49|c049_s164_w2_1005_1045_r2  n=  4  avg=-51.8%  med=-44.0%  realized=$-133.00
  b49|c049_s165_w2_1005_1045_r3  n= 15  avg=-49.3%  med=-49.1%  realized=$-458.00
  b50|c050_s164_w3_1045_1120_r2  n=  4  avg=-39.6%  med=-16.7%  realized=$-115.00
  b50|c050_s165_w3_1045_1120_r3  n=  9  avg=-23.6%  med=-23.1%  realized=$-142.00
  b51|c051_s165_w4_1120_1135_r3  n=  1  avg=+263.6%  med=+263.6%  realized=$+174.00
  b56|g056_lim_tp20_sl65  n=  1  avg=+47.7%  med=+47.7%  realized=$+20.52
  b57|g057_mid_tp20_sl65  n=  1  avg=+47.7%  med=+47.7%  realized=$+20.52
  b58|g058_eod_tp20_sl65  n=  1  avg=+59.1%  med=+59.1%  realized=$+25.41
  b68|c068_s165_w1_0928_1005_r4  n= 16  avg=-51.3%  med=-49.1%  realized=$-446.00
  b68|c068_s166_w1_0928_1005_r3  n=  4  avg=-52.7%  med=-49.1%  realized=$-116.00
  b69|c069_s165_w2_1005_1045_r4  n= 11  avg=+19.0%  med=-43.6%  realized=$-179.00
  b69|c069_s166_w2_1005_1045_r3  n=  4  avg=+10.1%  med=-40.0%  realized=$-87.00
  b70|c070_s165_w3_1045_1120_r4  n= 11  avg=-2.1%  med=-16.9%  realized=$-6.00
  b70|c070_s166_w3_1045_1120_r3  n=  4  avg=-42.5%  med=-27.0%  realized=$-124.00
  b70|g070_eod_tp30_sl20  n=  1  avg=+59.1%  med=+59.1%  realized=$+27.77
  b76|c076_s164_w1_0928_1005_r3  n=  1  avg=-50.0%  med=-50.0%  realized=$-2.00
  b88|c088_s165_w1_0928_1005_r5  n= 21  avg=-5.0%  med=-2.7%  realized=$-63.00
  b88|c088_s167_w1_0928_1005_r4  n=  4  avg=-12.7%  med=+30.9%  realized=$-28.00
  b89|c089_s165_w2_1005_1045_r5  n=  7  avg=+113.1%  med=+30.9%  realized=$+67.00
  b89|c089_s167_w2_1005_1045_r4  n=  2  avg=-16.2%  med=+30.9%  realized=$-22.00
  b8|c008_s165_w1_0928_1005_r1  n= 23  avg=-19.6%  med=-35.3%  realized=$-250.00
  b90|c090_s165_w3_1045_1120_r5  n= 13  avg=+7.7%  med=+0.0%  realized=$+47.00
  b90|c090_s167_w3_1045_1120_r4  n=  4  avg=-41.6%  med=-18.9%  realized=$-123.00
  b91|c091_s165_w4_1120_1135_r5  n=  2  avg=+222.0%  med=+247.0%  realized=$+293.00
  b9|c009_s165_w2_1005_1045_r1  n=  7  avg=-74.4%  med=-66.2%  realized=$-301.00
========================================================
+========================================================================+
|  OPTIONS BOT SUMMARY                                                   |
+------------------------------------------------------------------------+
|  Mode                          manage-only                             |
|  Equity                        $126,303.12                             |
|  Signals this run              0                                       |
|  Orders submitted (session)    83                                      |
|  Orders filled today (ledger)  77                                      |
|  Entries placed this run       0                                       |
|  Open virtual lots             0                                       |
|  Broker option positions       0                                       |
|  Pending orders                0                                       |
+========================================================================+
+========================================================================+
|  BUCKET LEADERBOARD (reflected ex-S173,S174)                           |
+------------------------------------------------------------------------+
|  Reflected trades=277  buckets=31  win=30%                             |
|  Returns   avg=-5.7%  med=-40.0%  p10=-66.2%  p90=+81.8%               |
|  Realized  $+4,417.13                                                  |
|  Raw incl dropped  trades=811  real=$+2,821.58                         |
|  Today     trades=4  avg=-50.0%  med=-50.0%  real=$-6.00               |
+------------------------------------------------------------------------+
|  BKT PROFILE               N  WIN  AVG%   MED%   BEST%  REAL$          |
+------------------------------------------------------------------------+
|  b51  c051_s169_w2_1005_  1 100% +263.6 +263.6 +263.6 $   +174         |
|  b91  c091_s200_w2_1005_  2 100% +222.0 +222.0 +247.0 $   +293         |
|  b31  c031_s166_w4_1120_  2 100% +145.5 +145.5 +175.8 $   +192         |
|  b28  c028_s166_w3_1045_ 22  77% +50.0 +80.0 +102.0 $   +590           |
|  b58  c058_s170_w2_1005_  1 100% +59.1 +59.1 +59.1 $    +25            |
|  b56  c056_s170_w1_0928_  1 100% +47.7 +47.7 +47.7 $    +21            |
|  b57  c057_s170_w1_0928_  1 100% +47.7 +47.7 +47.7 $    +21            |
|  b89  c089_s200_w1_0928_  9  56% +84.4 +30.9 +790.0 $    +45           |
|  ... 23 more bucket(s) with exits                                      |
+------------------------------------------------------------------------+
|  Low  b20  c020_s165_w3_1045_  1   0% -88.9 -88.9 -88.9 $     -8       |
+========================================================================+
+========================================================================+
|  OPEN OPTIONS (0)                                                      |
+------------------------------------------------------------------------+
|  No open option positions                                              |
+========================================================================+
Full detail: logs/options_trial/runs/2026-07-29.log
elapsed=0.5s reconcile=0.1s cancel=0.04s manage=0.02s

=== 13:43:29 ET — manage-only (past entry window) [elapsed=1.3s reconcile=0.44s cancel=0.2s manage=0.13s] ===
=== options_morning_bot (PAPER) 2026-07-29T13:43:29.578992-04:00 ===

[Run context]
Paper auth OK — equity $126213.04, account PA36KS87UPRS
  reconcile: layout changed controlled:100:c000_s173_w1_0928_1005_r1 -> controlled:248:c000_s163_w1_0928_1005_r1

[Setup]
Active buckets: 248 | Strategies: S165, S164, S168, S167, S166, S163, S169, S170, S171, S172, S175, S200, S201, S202, S203, S204, S205, S206, S207, S208, S209, S210, S211, S212, S213, S214, S215, S216, S217, S218, S219
Dropped (no new entries; ex-reflected P&L): S173, S174

[Manage only]
Past entry window; manage/exit only.

[Portfolio snapshot]
========================================================
OPTIONS TRIAL STATS
========================================================
Account equity: $126,213.04
Active buckets: 248 of 248 profiles ($500 virtual each) — paper unlimited mode

P&L summary
  Reflected (ex-S173,S174): $+4,417.13 all-time  |  $-6.00 today
  Raw (incl dropped):     $+2,821.58 all-time  |  $-6.00 today
  Open (not sold yet): $+0.00 unrealized (virtual lots)
  Premium deployed:    $0.00 in open positions
  Combined P&L:        $+4,417.13 (reflected realized + open virtual)

Ledger (master)
  Total events:     6087
  Today entries:    77
  Today exits (reflected): 4
  All-time exits (reflected): 277  wins 30%
  Avg return/trade: -5.7%  median -40.0%

Open virtual lots (by bucket)
  b108 c108_s202_w3_1045_1120_r1  prem=$     0  real=$ -1.00  open=$ +0.00  lots=0  [-]
       buy: ask-0.01  sell: bid-0.01  tp=+50% sl=-50%
  b109 c109_s202_w3_1045_1120_r2  prem=$     0  real=$ -2.00  open=$ +0.00  lots=0  [-]
       buy: ask-0.01  sell: bid-0.01  tp=+50% sl=-50%
  b236 c236_s218_w3_1045_1120_r1  prem=$     0  real=$ -1.00  open=$ +0.00  lots=0  [-]
       buy: ask-0.01  sell: bid-0.01  tp=+50% sl=-50%
  b237 c237_s218_w3_1045_1120_r2  prem=$     0  real=$ -2.00  open=$ +0.00  lots=0  [-]
       buy: ask-0.01  sell: bid-0.01  tp=+50% sl=-50%
  (244 quiet bucket profile(s) — no trades yet)

Alpaca option positions
  (none)

Per-bucket exit stats (all time)
  b0|orphan_reconcile     n= 22  avg=+22.4%  med=-57.5%  realized=$+6,310.91
  b104|c104_s164_w1_0928_1005_r4  n=  1  avg=-88.9%  med=-88.9%  realized=$-8.00
  b108|c108_s202_w3_1045_1120_r1  n=  1  avg=-33.3%  med=-33.3%  realized=$-1.00
  b109|c109_s202_w3_1045_1120_r2  n=  1  avg=-66.7%  med=-66.7%  realized=$-2.00
  b10|c010_s165_w3_1045_1120_r1  n=  8  avg=-37.2%  med=-18.9%  realized=$-205.00
  b132|c132_s164_w1_0928_1005_r5  n=  2  avg=-65.7%  med=-53.6%  realized=$-37.00
  b135|c135_s164_w4_1120_1135_r5  n=  1  avg=-50.0%  med=-50.0%  realized=$-4.00
  b20|c020_s164_w1_0928_1005_r1  n=  1  avg=-88.9%  med=-88.9%  realized=$-8.00
  b236|c236_s218_w3_1045_1120_r1  n=  1  avg=-33.3%  med=-33.3%  realized=$-1.00
  b237|c237_s218_w3_1045_1120_r2  n=  1  avg=-66.7%  med=-66.7%  realized=$-2.00
  b28|c028_s165_w1_0928_1005_r2  n= 17  avg=+49.5%  med=+80.0%  realized=$+448.00
  b28|c028_s173_w1_0928_1005_r2  n=  5  avg=+51.6%  med=+80.0%  realized=$+142.00
  b29|c029_s165_w2_1005_1045_r2  n=  9  avg=-23.3%  med=-50.0%  realized=$-221.00
  b29|c029_s173_w2_1005_1045_r2  n=  2  avg=-69.3%  med=-48.5%  realized=$-78.00
  b30|c030_s165_w3_1045_1120_r2  n=  9  avg=+38.8%  med=+0.0%  realized=$+260.00
  b30|c030_s173_w3_1045_1120_r2  n=  2  avg=-9.5%  med=+0.0%  realized=$-14.00
  b31|c031_s165_w4_1120_1135_r2  n=  2  avg=+145.5%  med=+175.8%  realized=$+192.00
  b48|c048_s164_w1_0928_1005_r2  n=  5  avg=-33.1%  med=-49.1%  realized=$-91.00
  b48|c048_s165_w1_0928_1005_r3  n= 16  avg=-35.9%  med=-49.1%  realized=$-344.00
  b49|c049_s164_w2_1005_1045_r2  n=  4  avg=-51.8%  med=-44.0%  realized=$-133.00
  b49|c049_s165_w2_1005_1045_r3  n= 15  avg=-49.3%  med=-49.1%  realized=$-458.00
  b50|c050_s164_w3_1045_1120_r2  n=  4  avg=-39.6%  med=-16.7%  realized=$-115.00
  b50|c050_s165_w3_1045_1120_r3  n=  9  avg=-23.6%  med=-23.1%  realized=$-142.00
  b51|c051_s165_w4_1120_1135_r3  n=  1  avg=+263.6%  med=+263.6%  realized=$+174.00
  b56|g056_lim_tp20_sl65  n=  1  avg=+47.7%  med=+47.7%  realized=$+20.52
  b57|g057_mid_tp20_sl65  n=  1  avg=+47.7%  med=+47.7%  realized=$+20.52
  b58|g058_eod_tp20_sl65  n=  1  avg=+59.1%  med=+59.1%  realized=$+25.41
  b68|c068_s165_w1_0928_1005_r4  n= 16  avg=-51.3%  med=-49.1%  realized=$-446.00
  b68|c068_s166_w1_0928_1005_r3  n=  4  avg=-52.7%  med=-49.1%  realized=$-116.00
  b69|c069_s165_w2_1005_1045_r4  n= 11  avg=+19.0%  med=-43.6%  realized=$-179.00
  b69|c069_s166_w2_1005_1045_r3  n=  4  avg=+10.1%  med=-40.0%  realized=$-87.00
  b70|c070_s165_w3_1045_1120_r4  n= 11  avg=-2.1%  med=-16.9%  realized=$-6.00
  b70|c070_s166_w3_1045_1120_r3  n=  4  avg=-42.5%  med=-27.0%  realized=$-124.00
  b70|g070_eod_tp30_sl20  n=  1  avg=+59.1%  med=+59.1%  realized=$+27.77
  b76|c076_s164_w1_0928_1005_r3  n=  1  avg=-50.0%  med=-50.0%  realized=$-2.00
  b88|c088_s165_w1_0928_1005_r5  n= 21  avg=-5.0%  med=-2.7%  realized=$-63.00
  b88|c088_s167_w1_0928_1005_r4  n=  4  avg=-12.7%  med=+30.9%  realized=$-28.00
  b89|c089_s165_w2_1005_1045_r5  n=  7  avg=+113.1%  med=+30.9%  realized=$+67.00
  b89|c089_s167_w2_1005_1045_r4  n=  2  avg=-16.2%  med=+30.9%  realized=$-22.00
  b8|c008_s165_w1_0928_1005_r1  n= 23  avg=-19.6%  med=-35.3%  realized=$-250.00
  b90|c090_s165_w3_1045_1120_r5  n= 13  avg=+7.7%  med=+0.0%  realized=$+47.00
  b90|c090_s167_w3_1045_1120_r4  n=  4  avg=-41.6%  med=-18.9%  realized=$-123.00
  b91|c091_s165_w4_1120_1135_r5  n=  2  avg=+222.0%  med=+247.0%  realized=$+293.00
  b9|c009_s165_w2_1005_1045_r1  n=  7  avg=-74.4%  med=-66.2%  realized=$-301.00
========================================================
+========================================================================+
|  OPTIONS BOT SUMMARY                                                   |
+------------------------------------------------------------------------+
|  Mode                          manage-only                             |
|  Equity                        $126,213.04                             |
|  Signals this run              0                                       |
|  Orders submitted (session)    83                                      |
|  Orders filled today (ledger)  77                                      |
|  Entries placed this run       0                                       |
|  Open virtual lots             0                                       |
|  Broker option positions       0                                       |
|  Pending orders                0                                       |
+========================================================================+
+========================================================================+
|  BUCKET LEADERBOARD (reflected ex-S173,S174)                           |
+------------------------------------------------------------------------+
|  Reflected trades=277  buckets=31  win=30%                             |
|  Returns   avg=-5.7%  med=-40.0%  p10=-66.2%  p90=+81.8%               |
|  Realized  $+4,417.13                                                  |
|  Raw incl dropped  trades=811  real=$+2,821.58                         |
|  Today     trades=4  avg=-50.0%  med=-50.0%  real=$-6.00               |
+------------------------------------------------------------------------+
|  BKT PROFILE               N  WIN  AVG%   MED%   BEST%  REAL$          |
+------------------------------------------------------------------------+
|  b51  c051_s169_w2_1005_  1 100% +263.6 +263.6 +263.6 $   +174         |
|  b91  c091_s200_w2_1005_  2 100% +222.0 +222.0 +247.0 $   +293         |
|  b31  c031_s166_w4_1120_  2 100% +145.5 +145.5 +175.8 $   +192         |
|  b28  c028_s166_w3_1045_ 22  77% +50.0 +80.0 +102.0 $   +590           |
|  b58  c058_s170_w2_1005_  1 100% +59.1 +59.1 +59.1 $    +25            |
|  b56  c056_s170_w1_0928_  1 100% +47.7 +47.7 +47.7 $    +21            |
|  b57  c057_s170_w1_0928_  1 100% +47.7 +47.7 +47.7 $    +21            |
|  b89  c089_s200_w1_0928_  9  56% +84.4 +30.9 +790.0 $    +45           |
|  ... 23 more bucket(s) with exits                                      |
+------------------------------------------------------------------------+
|  Low  b20  c020_s165_w3_1045_  1   0% -88.9 -88.9 -88.9 $     -8       |
+========================================================================+
+========================================================================+
|  OPEN OPTIONS (0)                                                      |
+------------------------------------------------------------------------+
|  No open option positions                                              |
+========================================================================+
Full detail: logs/options_trial/runs/2026-07-29.log
elapsed=1.3s reconcile=0.44s cancel=0.2s manage=0.13s

=== 13:46:04 ET — manage-only (past entry window) [elapsed=1.5s reconcile=0.49s cancel=0.22s manage=0.15s] ===
=== options_morning_bot (PAPER) 2026-07-29T13:46:04.032999-04:00 ===

[Run context]
Paper auth OK — equity $126311.12, account PA36KS87UPRS
  reconcile: layout changed controlled:100:c000_s173_w1_0928_1005_r1 -> controlled:248:c000_s163_w1_0928_1005_r1

[Setup]
Active buckets: 248 | Strategies: S165, S164, S168, S167, S166, S163, S169, S170, S171, S172, S175, S200, S201, S202, S203, S204, S205, S206, S207, S208, S209, S210, S211, S212, S213, S214, S215, S216, S217, S218, S219
Dropped (no new entries; ex-reflected P&L): S173, S174

[Manage only]
Past entry window; manage/exit only.

[Portfolio snapshot]
========================================================
OPTIONS TRIAL STATS
========================================================
Account equity: $126,311.12
Active buckets: 248 of 248 profiles ($500 virtual each) — paper unlimited mode

P&L summary
  Reflected (ex-S173,S174): $+4,417.13 all-time  |  $-6.00 today
  Raw (incl dropped):     $+2,821.58 all-time  |  $-6.00 today
  Open (not sold yet): $+0.00 unrealized (virtual lots)
  Premium deployed:    $0.00 in open positions
  Combined P&L:        $+4,417.13 (reflected realized + open virtual)

Ledger (master)
  Total events:     6087
  Today entries:    77
  Today exits (reflected): 4
  All-time exits (reflected): 277  wins 30%
  Avg return/trade: -5.7%  median -40.0%

Open virtual lots (by bucket)
  b108 c108_s202_w3_1045_1120_r1  prem=$     0  real=$ -1.00  open=$ +0.00  lots=0  [-]
       buy: ask-0.01  sell: bid-0.01  tp=+50% sl=-50%
  b109 c109_s202_w3_1045_1120_r2  prem=$     0  real=$ -2.00  open=$ +0.00  lots=0  [-]
       buy: ask-0.01  sell: bid-0.01  tp=+50% sl=-50%
  b236 c236_s218_w3_1045_1120_r1  prem=$     0  real=$ -1.00  open=$ +0.00  lots=0  [-]
       buy: ask-0.01  sell: bid-0.01  tp=+50% sl=-50%
  b237 c237_s218_w3_1045_1120_r2  prem=$     0  real=$ -2.00  open=$ +0.00  lots=0  [-]
       buy: ask-0.01  sell: bid-0.01  tp=+50% sl=-50%
  (244 quiet bucket profile(s) — no trades yet)

Alpaca option positions
  (none)

Per-bucket exit stats (all time)
  b0|orphan_reconcile     n= 22  avg=+22.4%  med=-57.5%  realized=$+6,310.91
  b104|c104_s164_w1_0928_1005_r4  n=  1  avg=-88.9%  med=-88.9%  realized=$-8.00
  b108|c108_s202_w3_1045_1120_r1  n=  1  avg=-33.3%  med=-33.3%  realized=$-1.00
  b109|c109_s202_w3_1045_1120_r2  n=  1  avg=-66.7%  med=-66.7%  realized=$-2.00
  b10|c010_s165_w3_1045_1120_r1  n=  8  avg=-37.2%  med=-18.9%  realized=$-205.00
  b132|c132_s164_w1_0928_1005_r5  n=  2  avg=-65.7%  med=-53.6%  realized=$-37.00
  b135|c135_s164_w4_1120_1135_r5  n=  1  avg=-50.0%  med=-50.0%  realized=$-4.00
  b20|c020_s164_w1_0928_1005_r1  n=  1  avg=-88.9%  med=-88.9%  realized=$-8.00
  b236|c236_s218_w3_1045_1120_r1  n=  1  avg=-33.3%  med=-33.3%  realized=$-1.00
  b237|c237_s218_w3_1045_1120_r2  n=  1  avg=-66.7%  med=-66.7%  realized=$-2.00
  b28|c028_s165_w1_0928_1005_r2  n= 17  avg=+49.5%  med=+80.0%  realized=$+448.00
  b28|c028_s173_w1_0928_1005_r2  n=  5  avg=+51.6%  med=+80.0%  realized=$+142.00
  b29|c029_s165_w2_1005_1045_r2  n=  9  avg=-23.3%  med=-50.0%  realized=$-221.00
  b29|c029_s173_w2_1005_1045_r2  n=  2  avg=-69.3%  med=-48.5%  realized=$-78.00
  b30|c030_s165_w3_1045_1120_r2  n=  9  avg=+38.8%  med=+0.0%  realized=$+260.00
  b30|c030_s173_w3_1045_1120_r2  n=  2  avg=-9.5%  med=+0.0%  realized=$-14.00
  b31|c031_s165_w4_1120_1135_r2  n=  2  avg=+145.5%  med=+175.8%  realized=$+192.00
  b48|c048_s164_w1_0928_1005_r2  n=  5  avg=-33.1%  med=-49.1%  realized=$-91.00
  b48|c048_s165_w1_0928_1005_r3  n= 16  avg=-35.9%  med=-49.1%  realized=$-344.00
  b49|c049_s164_w2_1005_1045_r2  n=  4  avg=-51.8%  med=-44.0%  realized=$-133.00
  b49|c049_s165_w2_1005_1045_r3  n= 15  avg=-49.3%  med=-49.1%  realized=$-458.00
  b50|c050_s164_w3_1045_1120_r2  n=  4  avg=-39.6%  med=-16.7%  realized=$-115.00
  b50|c050_s165_w3_1045_1120_r3  n=  9  avg=-23.6%  med=-23.1%  realized=$-142.00
  b51|c051_s165_w4_1120_1135_r3  n=  1  avg=+263.6%  med=+263.6%  realized=$+174.00
  b56|g056_lim_tp20_sl65  n=  1  avg=+47.7%  med=+47.7%  realized=$+20.52
  b57|g057_mid_tp20_sl65  n=  1  avg=+47.7%  med=+47.7%  realized=$+20.52
  b58|g058_eod_tp20_sl65  n=  1  avg=+59.1%  med=+59.1%  realized=$+25.41
  b68|c068_s165_w1_0928_1005_r4  n= 16  avg=-51.3%  med=-49.1%  realized=$-446.00
  b68|c068_s166_w1_0928_1005_r3  n=  4  avg=-52.7%  med=-49.1%  realized=$-116.00
  b69|c069_s165_w2_1005_1045_r4  n= 11  avg=+19.0%  med=-43.6%  realized=$-179.00
  b69|c069_s166_w2_1005_1045_r3  n=  4  avg=+10.1%  med=-40.0%  realized=$-87.00
  b70|c070_s165_w3_1045_1120_r4  n= 11  avg=-2.1%  med=-16.9%  realized=$-6.00
  b70|c070_s166_w3_1045_1120_r3  n=  4  avg=-42.5%  med=-27.0%  realized=$-124.00
  b70|g070_eod_tp30_sl20  n=  1  avg=+59.1%  med=+59.1%  realized=$+27.77
  b76|c076_s164_w1_0928_1005_r3  n=  1  avg=-50.0%  med=-50.0%  realized=$-2.00
  b88|c088_s165_w1_0928_1005_r5  n= 21  avg=-5.0%  med=-2.7%  realized=$-63.00
  b88|c088_s167_w1_0928_1005_r4  n=  4  avg=-12.7%  med=+30.9%  realized=$-28.00
  b89|c089_s165_w2_1005_1045_r5  n=  7  avg=+113.1%  med=+30.9%  realized=$+67.00
  b89|c089_s167_w2_1005_1045_r4  n=  2  avg=-16.2%  med=+30.9%  realized=$-22.00
  b8|c008_s165_w1_0928_1005_r1  n= 23  avg=-19.6%  med=-35.3%  realized=$-250.00
  b90|c090_s165_w3_1045_1120_r5  n= 13  avg=+7.7%  med=+0.0%  realized=$+47.00
  b90|c090_s167_w3_1045_1120_r4  n=  4  avg=-41.6%  med=-18.9%  realized=$-123.00
  b91|c091_s165_w4_1120_1135_r5  n=  2  avg=+222.0%  med=+247.0%  realized=$+293.00
  b9|c009_s165_w2_1005_1045_r1  n=  7  avg=-74.4%  med=-66.2%  realized=$-301.00
========================================================
+========================================================================+
|  OPTIONS BOT SUMMARY                                                   |
+------------------------------------------------------------------------+
|  Mode                          manage-only                             |
|  Equity                        $126,311.12                             |
|  Signals this run              0                                       |
|  Orders submitted (session)    83                                      |
|  Orders filled today (ledger)  77                                      |
|  Entries placed this run       0                                       |
|  Open virtual lots             0                                       |
|  Broker option positions       0                                       |
|  Pending orders                0                                       |
+========================================================================+
+========================================================================+
|  BUCKET LEADERBOARD (reflected ex-S173,S174)                           |
+------------------------------------------------------------------------+
|  Reflected trades=277  buckets=31  win=30%                             |
|  Returns   avg=-5.7%  med=-40.0%  p10=-66.2%  p90=+81.8%               |
|  Realized  $+4,417.13                                                  |
|  Raw incl dropped  trades=811  real=$+2,821.58                         |
|  Today     trades=4  avg=-50.0%  med=-50.0%  real=$-6.00               |
+------------------------------------------------------------------------+
|  BKT PROFILE               N  WIN  AVG%   MED%   BEST%  REAL$          |
+------------------------------------------------------------------------+
|  b51  c051_s169_w2_1005_  1 100% +263.6 +263.6 +263.6 $   +174         |
|  b91  c091_s200_w2_1005_  2 100% +222.0 +222.0 +247.0 $   +293         |
|  b31  c031_s166_w4_1120_  2 100% +145.5 +145.5 +175.8 $   +192         |
|  b28  c028_s166_w3_1045_ 22  77% +50.0 +80.0 +102.0 $   +590           |
|  b58  c058_s170_w2_1005_  1 100% +59.1 +59.1 +59.1 $    +25            |
|  b56  c056_s170_w1_0928_  1 100% +47.7 +47.7 +47.7 $    +21            |
|  b57  c057_s170_w1_0928_  1 100% +47.7 +47.7 +47.7 $    +21            |
|  b89  c089_s200_w1_0928_  9  56% +84.4 +30.9 +790.0 $    +45           |
|  ... 23 more bucket(s) with exits                                      |
+------------------------------------------------------------------------+
|  Low  b20  c020_s165_w3_1045_  1   0% -88.9 -88.9 -88.9 $     -8       |
+========================================================================+
+========================================================================+
|  OPEN OPTIONS (0)                                                      |
+------------------------------------------------------------------------+
|  No open option positions                                              |
+========================================================================+
Full detail: logs/options_trial/runs/2026-07-29.log
elapsed=1.5s reconcile=0.49s cancel=0.22s manage=0.15s

=== 13:50:50 ET — manage-only (past entry window) [elapsed=1.5s reconcile=0.46s cancel=0.22s manage=0.14s] ===
=== options_morning_bot (PAPER) 2026-07-29T13:50:50.153833-04:00 ===

[Run context]
Paper auth OK — equity $126749.12, account PA36KS87UPRS
  reconcile: layout changed controlled:100:c000_s173_w1_0928_1005_r1 -> controlled:248:c000_s163_w1_0928_1005_r1

[Setup]
Active buckets: 248 | Strategies: S165, S164, S168, S167, S166, S163, S169, S170, S171, S172, S175, S200, S201, S202, S203, S204, S205, S206, S207, S208, S209, S210, S211, S212, S213, S214, S215, S216, S217, S218, S219
Dropped (no new entries; ex-reflected P&L): S173, S174

[Manage only]
Past entry window; manage/exit only.

[Portfolio snapshot]
========================================================
OPTIONS TRIAL STATS
========================================================
Account equity: $126,749.12
Active buckets: 248 of 248 profiles ($500 virtual each) — paper unlimited mode

P&L summary
  Reflected (ex-S173,S174): $+4,417.13 all-time  |  $-6.00 today
  Raw (incl dropped):     $+2,821.58 all-time  |  $-6.00 today
  Open (not sold yet): $+0.00 unrealized (virtual lots)
  Premium deployed:    $0.00 in open positions
  Combined P&L:        $+4,417.13 (reflected realized + open virtual)

Ledger (master)
  Total events:     6087
  Today entries:    77
  Today exits (reflected): 4
  All-time exits (reflected): 277  wins 30%
  Avg return/trade: -5.7%  median -40.0%

Open virtual lots (by bucket)
  b108 c108_s202_w3_1045_1120_r1  prem=$     0  real=$ -1.00  open=$ +0.00  lots=0  [-]
       buy: ask-0.01  sell: bid-0.01  tp=+50% sl=-50%
  b109 c109_s202_w3_1045_1120_r2  prem=$     0  real=$ -2.00  open=$ +0.00  lots=0  [-]
       buy: ask-0.01  sell: bid-0.01  tp=+50% sl=-50%
  b236 c236_s218_w3_1045_1120_r1  prem=$     0  real=$ -1.00  open=$ +0.00  lots=0  [-]
       buy: ask-0.01  sell: bid-0.01  tp=+50% sl=-50%
  b237 c237_s218_w3_1045_1120_r2  prem=$     0  real=$ -2.00  open=$ +0.00  lots=0  [-]
       buy: ask-0.01  sell: bid-0.01  tp=+50% sl=-50%
  (244 quiet bucket profile(s) — no trades yet)

Alpaca option positions
  (none)

Per-bucket exit stats (all time)
  b0|orphan_reconcile     n= 22  avg=+22.4%  med=-57.5%  realized=$+6,310.91
  b104|c104_s164_w1_0928_1005_r4  n=  1  avg=-88.9%  med=-88.9%  realized=$-8.00
  b108|c108_s202_w3_1045_1120_r1  n=  1  avg=-33.3%  med=-33.3%  realized=$-1.00
  b109|c109_s202_w3_1045_1120_r2  n=  1  avg=-66.7%  med=-66.7%  realized=$-2.00
  b10|c010_s165_w3_1045_1120_r1  n=  8  avg=-37.2%  med=-18.9%  realized=$-205.00
  b132|c132_s164_w1_0928_1005_r5  n=  2  avg=-65.7%  med=-53.6%  realized=$-37.00
  b135|c135_s164_w4_1120_1135_r5  n=  1  avg=-50.0%  med=-50.0%  realized=$-4.00
  b20|c020_s164_w1_0928_1005_r1  n=  1  avg=-88.9%  med=-88.9%  realized=$-8.00
  b236|c236_s218_w3_1045_1120_r1  n=  1  avg=-33.3%  med=-33.3%  realized=$-1.00
  b237|c237_s218_w3_1045_1120_r2  n=  1  avg=-66.7%  med=-66.7%  realized=$-2.00
  b28|c028_s165_w1_0928_1005_r2  n= 17  avg=+49.5%  med=+80.0%  realized=$+448.00
  b28|c028_s173_w1_0928_1005_r2  n=  5  avg=+51.6%  med=+80.0%  realized=$+142.00
  b29|c029_s165_w2_1005_1045_r2  n=  9  avg=-23.3%  med=-50.0%  realized=$-221.00
  b29|c029_s173_w2_1005_1045_r2  n=  2  avg=-69.3%  med=-48.5%  realized=$-78.00
  b30|c030_s165_w3_1045_1120_r2  n=  9  avg=+38.8%  med=+0.0%  realized=$+260.00
  b30|c030_s173_w3_1045_1120_r2  n=  2  avg=-9.5%  med=+0.0%  realized=$-14.00
  b31|c031_s165_w4_1120_1135_r2  n=  2  avg=+145.5%  med=+175.8%  realized=$+192.00
  b48|c048_s164_w1_0928_1005_r2  n=  5  avg=-33.1%  med=-49.1%  realized=$-91.00
  b48|c048_s165_w1_0928_1005_r3  n= 16  avg=-35.9%  med=-49.1%  realized=$-344.00
  b49|c049_s164_w2_1005_1045_r2  n=  4  avg=-51.8%  med=-44.0%  realized=$-133.00
  b49|c049_s165_w2_1005_1045_r3  n= 15  avg=-49.3%  med=-49.1%  realized=$-458.00
  b50|c050_s164_w3_1045_1120_r2  n=  4  avg=-39.6%  med=-16.7%  realized=$-115.00
  b50|c050_s165_w3_1045_1120_r3  n=  9  avg=-23.6%  med=-23.1%  realized=$-142.00
  b51|c051_s165_w4_1120_1135_r3  n=  1  avg=+263.6%  med=+263.6%  realized=$+174.00
  b56|g056_lim_tp20_sl65  n=  1  avg=+47.7%  med=+47.7%  realized=$+20.52
  b57|g057_mid_tp20_sl65  n=  1  avg=+47.7%  med=+47.7%  realized=$+20.52
  b58|g058_eod_tp20_sl65  n=  1  avg=+59.1%  med=+59.1%  realized=$+25.41
  b68|c068_s165_w1_0928_1005_r4  n= 16  avg=-51.3%  med=-49.1%  realized=$-446.00
  b68|c068_s166_w1_0928_1005_r3  n=  4  avg=-52.7%  med=-49.1%  realized=$-116.00
  b69|c069_s165_w2_1005_1045_r4  n= 11  avg=+19.0%  med=-43.6%  realized=$-179.00
  b69|c069_s166_w2_1005_1045_r3  n=  4  avg=+10.1%  med=-40.0%  realized=$-87.00
  b70|c070_s165_w3_1045_1120_r4  n= 11  avg=-2.1%  med=-16.9%  realized=$-6.00
  b70|c070_s166_w3_1045_1120_r3  n=  4  avg=-42.5%  med=-27.0%  realized=$-124.00
  b70|g070_eod_tp30_sl20  n=  1  avg=+59.1%  med=+59.1%  realized=$+27.77
  b76|c076_s164_w1_0928_1005_r3  n=  1  avg=-50.0%  med=-50.0%  realized=$-2.00
  b88|c088_s165_w1_0928_1005_r5  n= 21  avg=-5.0%  med=-2.7%  realized=$-63.00
  b88|c088_s167_w1_0928_1005_r4  n=  4  avg=-12.7%  med=+30.9%  realized=$-28.00
  b89|c089_s165_w2_1005_1045_r5  n=  7  avg=+113.1%  med=+30.9%  realized=$+67.00
  b89|c089_s167_w2_1005_1045_r4  n=  2  avg=-16.2%  med=+30.9%  realized=$-22.00
  b8|c008_s165_w1_0928_1005_r1  n= 23  avg=-19.6%  med=-35.3%  realized=$-250.00
  b90|c090_s165_w3_1045_1120_r5  n= 13  avg=+7.7%  med=+0.0%  realized=$+47.00
  b90|c090_s167_w3_1045_1120_r4  n=  4  avg=-41.6%  med=-18.9%  realized=$-123.00
  b91|c091_s165_w4_1120_1135_r5  n=  2  avg=+222.0%  med=+247.0%  realized=$+293.00
  b9|c009_s165_w2_1005_1045_r1  n=  7  avg=-74.4%  med=-66.2%  realized=$-301.00
========================================================
+========================================================================+
|  OPTIONS BOT SUMMARY                                                   |
+------------------------------------------------------------------------+
|  Mode                          manage-only                             |
|  Equity                        $126,749.12                             |
|  Signals this run              0                                       |
|  Orders submitted (session)    83                                      |
|  Orders filled today (ledger)  77                                      |
|  Entries placed this run       0                                       |
|  Open virtual lots             0                                       |
|  Broker option positions       0                                       |
|  Pending orders                0                                       |
+========================================================================+
+========================================================================+
|  BUCKET LEADERBOARD (reflected ex-S173,S174)                           |
+------------------------------------------------------------------------+
|  Reflected trades=277  buckets=31  win=30%                             |
|  Returns   avg=-5.7%  med=-40.0%  p10=-66.2%  p90=+81.8%               |
|  Realized  $+4,417.13                                                  |
|  Raw incl dropped  trades=811  real=$+2,821.58                         |
|  Today     trades=4  avg=-50.0%  med=-50.0%  real=$-6.00               |
+------------------------------------------------------------------------+
|  BKT PROFILE               N  WIN  AVG%   MED%   BEST%  REAL$          |
+------------------------------------------------------------------------+
|  b51  c051_s169_w2_1005_  1 100% +263.6 +263.6 +263.6 $   +174         |
|  b91  c091_s200_w2_1005_  2 100% +222.0 +222.0 +247.0 $   +293         |
|  b31  c031_s166_w4_1120_  2 100% +145.5 +145.5 +175.8 $   +192         |
|  b28  c028_s166_w3_1045_ 22  77% +50.0 +80.0 +102.0 $   +590           |
|  b58  c058_s170_w2_1005_  1 100% +59.1 +59.1 +59.1 $    +25            |
|  b56  c056_s170_w1_0928_  1 100% +47.7 +47.7 +47.7 $    +21            |
|  b57  c057_s170_w1_0928_  1 100% +47.7 +47.7 +47.7 $    +21            |
|  b89  c089_s200_w1_0928_  9  56% +84.4 +30.9 +790.0 $    +45           |
|  ... 23 more bucket(s) with exits                                      |
+------------------------------------------------------------------------+
|  Low  b20  c020_s165_w3_1045_  1   0% -88.9 -88.9 -88.9 $     -8       |
+========================================================================+
+========================================================================+
|  OPEN OPTIONS (0)                                                      |
+------------------------------------------------------------------------+
|  No open option positions                                              |
+========================================================================+
Full detail: logs/options_trial/runs/2026-07-29.log
elapsed=1.5s reconcile=0.46s cancel=0.22s manage=0.14s

=== 13:55:53 ET — manage-only (past entry window) [elapsed=1.4s reconcile=0.45s cancel=0.21s manage=0.14s] ===
=== options_morning_bot (PAPER) 2026-07-29T13:55:53.122649-04:00 ===

[Run context]
Paper auth OK — equity $126589.12, account PA36KS87UPRS
  reconcile: layout changed controlled:100:c000_s173_w1_0928_1005_r1 -> controlled:248:c000_s163_w1_0928_1005_r1

[Setup]
Active buckets: 248 | Strategies: S165, S164, S168, S167, S166, S163, S169, S170, S171, S172, S175, S200, S201, S202, S203, S204, S205, S206, S207, S208, S209, S210, S211, S212, S213, S214, S215, S216, S217, S218, S219
Dropped (no new entries; ex-reflected P&L): S173, S174

[Manage only]
Past entry window; manage/exit only.

[Portfolio snapshot]
========================================================
OPTIONS TRIAL STATS
========================================================
Account equity: $126,589.12
Active buckets: 248 of 248 profiles ($500 virtual each) — paper unlimited mode

P&L summary
  Reflected (ex-S173,S174): $+4,417.13 all-time  |  $-6.00 today
  Raw (incl dropped):     $+2,821.58 all-time  |  $-6.00 today
  Open (not sold yet): $+0.00 unrealized (virtual lots)
  Premium deployed:    $0.00 in open positions
  Combined P&L:        $+4,417.13 (reflected realized + open virtual)

Ledger (master)
  Total events:     6087
  Today entries:    77
  Today exits (reflected): 4
  All-time exits (reflected): 277  wins 30%
  Avg return/trade: -5.7%  median -40.0%

Open virtual lots (by bucket)
  b108 c108_s202_w3_1045_1120_r1  prem=$     0  real=$ -1.00  open=$ +0.00  lots=0  [-]
       buy: ask-0.01  sell: bid-0.01  tp=+50% sl=-50%
  b109 c109_s202_w3_1045_1120_r2  prem=$     0  real=$ -2.00  open=$ +0.00  lots=0  [-]
       buy: ask-0.01  sell: bid-0.01  tp=+50% sl=-50%
  b236 c236_s218_w3_1045_1120_r1  prem=$     0  real=$ -1.00  open=$ +0.00  lots=0  [-]
       buy: ask-0.01  sell: bid-0.01  tp=+50% sl=-50%
  b237 c237_s218_w3_1045_1120_r2  prem=$     0  real=$ -2.00  open=$ +0.00  lots=0  [-]
       buy: ask-0.01  sell: bid-0.01  tp=+50% sl=-50%
  (244 quiet bucket profile(s) — no trades yet)

Alpaca option positions
  (none)

Per-bucket exit stats (all time)
  b0|orphan_reconcile     n= 22  avg=+22.4%  med=-57.5%  realized=$+6,310.91
  b104|c104_s164_w1_0928_1005_r4  n=  1  avg=-88.9%  med=-88.9%  realized=$-8.00
  b108|c108_s202_w3_1045_1120_r1  n=  1  avg=-33.3%  med=-33.3%  realized=$-1.00
  b109|c109_s202_w3_1045_1120_r2  n=  1  avg=-66.7%  med=-66.7%  realized=$-2.00
  b10|c010_s165_w3_1045_1120_r1  n=  8  avg=-37.2%  med=-18.9%  realized=$-205.00
  b132|c132_s164_w1_0928_1005_r5  n=  2  avg=-65.7%  med=-53.6%  realized=$-37.00
  b135|c135_s164_w4_1120_1135_r5  n=  1  avg=-50.0%  med=-50.0%  realized=$-4.00
  b20|c020_s164_w1_0928_1005_r1  n=  1  avg=-88.9%  med=-88.9%  realized=$-8.00
  b236|c236_s218_w3_1045_1120_r1  n=  1  avg=-33.3%  med=-33.3%  realized=$-1.00
  b237|c237_s218_w3_1045_1120_r2  n=  1  avg=-66.7%  med=-66.7%  realized=$-2.00
  b28|c028_s165_w1_0928_1005_r2  n= 17  avg=+49.5%  med=+80.0%  realized=$+448.00
  b28|c028_s173_w1_0928_1005_r2  n=  5  avg=+51.6%  med=+80.0%  realized=$+142.00
  b29|c029_s165_w2_1005_1045_r2  n=  9  avg=-23.3%  med=-50.0%  realized=$-221.00
  b29|c029_s173_w2_1005_1045_r2  n=  2  avg=-69.3%  med=-48.5%  realized=$-78.00
  b30|c030_s165_w3_1045_1120_r2  n=  9  avg=+38.8%  med=+0.0%  realized=$+260.00
  b30|c030_s173_w3_1045_1120_r2  n=  2  avg=-9.5%  med=+0.0%  realized=$-14.00
  b31|c031_s165_w4_1120_1135_r2  n=  2  avg=+145.5%  med=+175.8%  realized=$+192.00
  b48|c048_s164_w1_0928_1005_r2  n=  5  avg=-33.1%  med=-49.1%  realized=$-91.00
  b48|c048_s165_w1_0928_1005_r3  n= 16  avg=-35.9%  med=-49.1%  realized=$-344.00
  b49|c049_s164_w2_1005_1045_r2  n=  4  avg=-51.8%  med=-44.0%  realized=$-133.00
  b49|c049_s165_w2_1005_1045_r3  n= 15  avg=-49.3%  med=-49.1%  realized=$-458.00
  b50|c050_s164_w3_1045_1120_r2  n=  4  avg=-39.6%  med=-16.7%  realized=$-115.00
  b50|c050_s165_w3_1045_1120_r3  n=  9  avg=-23.6%  med=-23.1%  realized=$-142.00
  b51|c051_s165_w4_1120_1135_r3  n=  1  avg=+263.6%  med=+263.6%  realized=$+174.00
  b56|g056_lim_tp20_sl65  n=  1  avg=+47.7%  med=+47.7%  realized=$+20.52
  b57|g057_mid_tp20_sl65  n=  1  avg=+47.7%  med=+47.7%  realized=$+20.52
  b58|g058_eod_tp20_sl65  n=  1  avg=+59.1%  med=+59.1%  realized=$+25.41
  b68|c068_s165_w1_0928_1005_r4  n= 16  avg=-51.3%  med=-49.1%  realized=$-446.00
  b68|c068_s166_w1_0928_1005_r3  n=  4  avg=-52.7%  med=-49.1%  realized=$-116.00
  b69|c069_s165_w2_1005_1045_r4  n= 11  avg=+19.0%  med=-43.6%  realized=$-179.00
  b69|c069_s166_w2_1005_1045_r3  n=  4  avg=+10.1%  med=-40.0%  realized=$-87.00
  b70|c070_s165_w3_1045_1120_r4  n= 11  avg=-2.1%  med=-16.9%  realized=$-6.00
  b70|c070_s166_w3_1045_1120_r3  n=  4  avg=-42.5%  med=-27.0%  realized=$-124.00
  b70|g070_eod_tp30_sl20  n=  1  avg=+59.1%  med=+59.1%  realized=$+27.77
  b76|c076_s164_w1_0928_1005_r3  n=  1  avg=-50.0%  med=-50.0%  realized=$-2.00
  b88|c088_s165_w1_0928_1005_r5  n= 21  avg=-5.0%  med=-2.7%  realized=$-63.00
  b88|c088_s167_w1_0928_1005_r4  n=  4  avg=-12.7%  med=+30.9%  realized=$-28.00
  b89|c089_s165_w2_1005_1045_r5  n=  7  avg=+113.1%  med=+30.9%  realized=$+67.00
  b89|c089_s167_w2_1005_1045_r4  n=  2  avg=-16.2%  med=+30.9%  realized=$-22.00
  b8|c008_s165_w1_0928_1005_r1  n= 23  avg=-19.6%  med=-35.3%  realized=$-250.00
  b90|c090_s165_w3_1045_1120_r5  n= 13  avg=+7.7%  med=+0.0%  realized=$+47.00
  b90|c090_s167_w3_1045_1120_r4  n=  4  avg=-41.6%  med=-18.9%  realized=$-123.00
  b91|c091_s165_w4_1120_1135_r5  n=  2  avg=+222.0%  med=+247.0%  realized=$+293.00
  b9|c009_s165_w2_1005_1045_r1  n=  7  avg=-74.4%  med=-66.2%  realized=$-301.00
========================================================
+========================================================================+
|  OPTIONS BOT SUMMARY                                                   |
+------------------------------------------------------------------------+
|  Mode                          manage-only                             |
|  Equity                        $126,589.12                             |
|  Signals this run              0                                       |
|  Orders submitted (session)    83                                      |
|  Orders filled today (ledger)  77                                      |
|  Entries placed this run       0                                       |
|  Open virtual lots             0                                       |
|  Broker option positions       0                                       |
|  Pending orders                0                                       |
+========================================================================+
+========================================================================+
|  BUCKET LEADERBOARD (reflected ex-S173,S174)                           |
+------------------------------------------------------------------------+
|  Reflected trades=277  buckets=31  win=30%                             |
|  Returns   avg=-5.7%  med=-40.0%  p10=-66.2%  p90=+81.8%               |
|  Realized  $+4,417.13                                                  |
|  Raw incl dropped  trades=811  real=$+2,821.58                         |
|  Today     trades=4  avg=-50.0%  med=-50.0%  real=$-6.00               |
+------------------------------------------------------------------------+
|  BKT PROFILE               N  WIN  AVG%   MED%   BEST%  REAL$          |
+------------------------------------------------------------------------+
|  b51  c051_s169_w2_1005_  1 100% +263.6 +263.6 +263.6 $   +174         |
|  b91  c091_s200_w2_1005_  2 100% +222.0 +222.0 +247.0 $   +293         |
|  b31  c031_s166_w4_1120_  2 100% +145.5 +145.5 +175.8 $   +192         |
|  b28  c028_s166_w3_1045_ 22  77% +50.0 +80.0 +102.0 $   +590           |
|  b58  c058_s170_w2_1005_  1 100% +59.1 +59.1 +59.1 $    +25            |
|  b56  c056_s170_w1_0928_  1 100% +47.7 +47.7 +47.7 $    +21            |
|  b57  c057_s170_w1_0928_  1 100% +47.7 +47.7 +47.7 $    +21            |
|  b89  c089_s200_w1_0928_  9  56% +84.4 +30.9 +790.0 $    +45           |
|  ... 23 more bucket(s) with exits                                      |
+------------------------------------------------------------------------+
|  Low  b20  c020_s165_w3_1045_  1   0% -88.9 -88.9 -88.9 $     -8       |
+========================================================================+
+========================================================================+
|  OPEN OPTIONS (0)                                                      |
+------------------------------------------------------------------------+
|  No open option positions                                              |
+========================================================================+
Full detail: logs/options_trial/runs/2026-07-29.log
elapsed=1.4s reconcile=0.45s cancel=0.21s manage=0.14s

=== 14:00:50 ET — manage-only (past entry window) [elapsed=0.5s reconcile=0.1s cancel=0.03s manage=0.02s] ===
=== options_morning_bot (PAPER) 2026-07-29T14:00:50.026804-04:00 ===

[Run context]
Paper auth OK — equity $127825.12, account PA36KS87UPRS
  reconcile: layout changed controlled:100:c000_s173_w1_0928_1005_r1 -> controlled:248:c000_s163_w1_0928_1005_r1

[Setup]
Active buckets: 248 | Strategies: S165, S164, S168, S167, S166, S163, S169, S170, S171, S172, S175, S200, S201, S202, S203, S204, S205, S206, S207, S208, S209, S210, S211, S212, S213, S214, S215, S216, S217, S218, S219
Dropped (no new entries; ex-reflected P&L): S173, S174

[Manage only]
Past entry window; manage/exit only.

[Portfolio snapshot]
========================================================
OPTIONS TRIAL STATS
========================================================
Account equity: $127,825.12
Active buckets: 248 of 248 profiles ($500 virtual each) — paper unlimited mode

P&L summary
  Reflected (ex-S173,S174): $+4,417.13 all-time  |  $-6.00 today
  Raw (incl dropped):     $+2,821.58 all-time  |  $-6.00 today
  Open (not sold yet): $+0.00 unrealized (virtual lots)
  Premium deployed:    $0.00 in open positions
  Combined P&L:        $+4,417.13 (reflected realized + open virtual)

Ledger (master)
  Total events:     6087
  Today entries:    77
  Today exits (reflected): 4
  All-time exits (reflected): 277  wins 30%
  Avg return/trade: -5.7%  median -40.0%

Open virtual lots (by bucket)
  b108 c108_s202_w3_1045_1120_r1  prem=$     0  real=$ -1.00  open=$ +0.00  lots=0  [-]
       buy: ask-0.01  sell: bid-0.01  tp=+50% sl=-50%
  b109 c109_s202_w3_1045_1120_r2  prem=$     0  real=$ -2.00  open=$ +0.00  lots=0  [-]
       buy: ask-0.01  sell: bid-0.01  tp=+50% sl=-50%
  b236 c236_s218_w3_1045_1120_r1  prem=$     0  real=$ -1.00  open=$ +0.00  lots=0  [-]
       buy: ask-0.01  sell: bid-0.01  tp=+50% sl=-50%
  b237 c237_s218_w3_1045_1120_r2  prem=$     0  real=$ -2.00  open=$ +0.00  lots=0  [-]
       buy: ask-0.01  sell: bid-0.01  tp=+50% sl=-50%
  (244 quiet bucket profile(s) — no trades yet)

Alpaca option positions
  (none)

Per-bucket exit stats (all time)
  b0|orphan_reconcile     n= 22  avg=+22.4%  med=-57.5%  realized=$+6,310.91
  b104|c104_s164_w1_0928_1005_r4  n=  1  avg=-88.9%  med=-88.9%  realized=$-8.00
  b108|c108_s202_w3_1045_1120_r1  n=  1  avg=-33.3%  med=-33.3%  realized=$-1.00
  b109|c109_s202_w3_1045_1120_r2  n=  1  avg=-66.7%  med=-66.7%  realized=$-2.00
  b10|c010_s165_w3_1045_1120_r1  n=  8  avg=-37.2%  med=-18.9%  realized=$-205.00
  b132|c132_s164_w1_0928_1005_r5  n=  2  avg=-65.7%  med=-53.6%  realized=$-37.00
  b135|c135_s164_w4_1120_1135_r5  n=  1  avg=-50.0%  med=-50.0%  realized=$-4.00
  b20|c020_s164_w1_0928_1005_r1  n=  1  avg=-88.9%  med=-88.9%  realized=$-8.00
  b236|c236_s218_w3_1045_1120_r1  n=  1  avg=-33.3%  med=-33.3%  realized=$-1.00
  b237|c237_s218_w3_1045_1120_r2  n=  1  avg=-66.7%  med=-66.7%  realized=$-2.00
  b28|c028_s165_w1_0928_1005_r2  n= 17  avg=+49.5%  med=+80.0%  realized=$+448.00
  b28|c028_s173_w1_0928_1005_r2  n=  5  avg=+51.6%  med=+80.0%  realized=$+142.00
  b29|c029_s165_w2_1005_1045_r2  n=  9  avg=-23.3%  med=-50.0%  realized=$-221.00
  b29|c029_s173_w2_1005_1045_r2  n=  2  avg=-69.3%  med=-48.5%  realized=$-78.00
  b30|c030_s165_w3_1045_1120_r2  n=  9  avg=+38.8%  med=+0.0%  realized=$+260.00
  b30|c030_s173_w3_1045_1120_r2  n=  2  avg=-9.5%  med=+0.0%  realized=$-14.00
  b31|c031_s165_w4_1120_1135_r2  n=  2  avg=+145.5%  med=+175.8%  realized=$+192.00
  b48|c048_s164_w1_0928_1005_r2  n=  5  avg=-33.1%  med=-49.1%  realized=$-91.00
  b48|c048_s165_w1_0928_1005_r3  n= 16  avg=-35.9%  med=-49.1%  realized=$-344.00
  b49|c049_s164_w2_1005_1045_r2  n=  4  avg=-51.8%  med=-44.0%  realized=$-133.00
  b49|c049_s165_w2_1005_1045_r3  n= 15  avg=-49.3%  med=-49.1%  realized=$-458.00
  b50|c050_s164_w3_1045_1120_r2  n=  4  avg=-39.6%  med=-16.7%  realized=$-115.00
  b50|c050_s165_w3_1045_1120_r3  n=  9  avg=-23.6%  med=-23.1%  realized=$-142.00
  b51|c051_s165_w4_1120_1135_r3  n=  1  avg=+263.6%  med=+263.6%  realized=$+174.00
  b56|g056_lim_tp20_sl65  n=  1  avg=+47.7%  med=+47.7%  realized=$+20.52
  b57|g057_mid_tp20_sl65  n=  1  avg=+47.7%  med=+47.7%  realized=$+20.52
  b58|g058_eod_tp20_sl65  n=  1  avg=+59.1%  med=+59.1%  realized=$+25.41
  b68|c068_s165_w1_0928_1005_r4  n= 16  avg=-51.3%  med=-49.1%  realized=$-446.00
  b68|c068_s166_w1_0928_1005_r3  n=  4  avg=-52.7%  med=-49.1%  realized=$-116.00
  b69|c069_s165_w2_1005_1045_r4  n= 11  avg=+19.0%  med=-43.6%  realized=$-179.00
  b69|c069_s166_w2_1005_1045_r3  n=  4  avg=+10.1%  med=-40.0%  realized=$-87.00
  b70|c070_s165_w3_1045_1120_r4  n= 11  avg=-2.1%  med=-16.9%  realized=$-6.00
  b70|c070_s166_w3_1045_1120_r3  n=  4  avg=-42.5%  med=-27.0%  realized=$-124.00
  b70|g070_eod_tp30_sl20  n=  1  avg=+59.1%  med=+59.1%  realized=$+27.77
  b76|c076_s164_w1_0928_1005_r3  n=  1  avg=-50.0%  med=-50.0%  realized=$-2.00
  b88|c088_s165_w1_0928_1005_r5  n= 21  avg=-5.0%  med=-2.7%  realized=$-63.00
  b88|c088_s167_w1_0928_1005_r4  n=  4  avg=-12.7%  med=+30.9%  realized=$-28.00
  b89|c089_s165_w2_1005_1045_r5  n=  7  avg=+113.1%  med=+30.9%  realized=$+67.00
  b89|c089_s167_w2_1005_1045_r4  n=  2  avg=-16.2%  med=+30.9%  realized=$-22.00
  b8|c008_s165_w1_0928_1005_r1  n= 23  avg=-19.6%  med=-35.3%  realized=$-250.00
  b90|c090_s165_w3_1045_1120_r5  n= 13  avg=+7.7%  med=+0.0%  realized=$+47.00
  b90|c090_s167_w3_1045_1120_r4  n=  4  avg=-41.6%  med=-18.9%  realized=$-123.00
  b91|c091_s165_w4_1120_1135_r5  n=  2  avg=+222.0%  med=+247.0%  realized=$+293.00
  b9|c009_s165_w2_1005_1045_r1  n=  7  avg=-74.4%  med=-66.2%  realized=$-301.00
========================================================
+========================================================================+
|  OPTIONS BOT SUMMARY                                                   |
+------------------------------------------------------------------------+
|  Mode                          manage-only                             |
|  Equity                        $127,825.12                             |
|  Signals this run              0                                       |
|  Orders submitted (session)    83                                      |
|  Orders filled today (ledger)  77                                      |
|  Entries placed this run       0                                       |
|  Open virtual lots             0                                       |
|  Broker option positions       0                                       |
|  Pending orders                0                                       |
+========================================================================+
+========================================================================+
|  BUCKET LEADERBOARD (reflected ex-S173,S174)                           |
+------------------------------------------------------------------------+
|  Reflected trades=277  buckets=31  win=30%                             |
|  Returns   avg=-5.7%  med=-40.0%  p10=-66.2%  p90=+81.8%               |
|  Realized  $+4,417.13                                                  |
|  Raw incl dropped  trades=811  real=$+2,821.58                         |
|  Today     trades=4  avg=-50.0%  med=-50.0%  real=$-6.00               |
+------------------------------------------------------------------------+
|  BKT PROFILE               N  WIN  AVG%   MED%   BEST%  REAL$          |
+------------------------------------------------------------------------+
|  b51  c051_s169_w2_1005_  1 100% +263.6 +263.6 +263.6 $   +174         |
|  b91  c091_s200_w2_1005_  2 100% +222.0 +222.0 +247.0 $   +293         |
|  b31  c031_s166_w4_1120_  2 100% +145.5 +145.5 +175.8 $   +192         |
|  b28  c028_s166_w3_1045_ 22  77% +50.0 +80.0 +102.0 $   +590           |
|  b58  c058_s170_w2_1005_  1 100% +59.1 +59.1 +59.1 $    +25            |
|  b56  c056_s170_w1_0928_  1 100% +47.7 +47.7 +47.7 $    +21            |
|  b57  c057_s170_w1_0928_  1 100% +47.7 +47.7 +47.7 $    +21            |
|  b89  c089_s200_w1_0928_  9  56% +84.4 +30.9 +790.0 $    +45           |
|  ... 23 more bucket(s) with exits                                      |
+------------------------------------------------------------------------+
|  Low  b20  c020_s165_w3_1045_  1   0% -88.9 -88.9 -88.9 $     -8       |
+========================================================================+
+========================================================================+
|  OPEN OPTIONS (0)                                                      |
+------------------------------------------------------------------------+
|  No open option positions                                              |
+========================================================================+
Full detail: logs/options_trial/runs/2026-07-29.log
elapsed=0.5s reconcile=0.1s cancel=0.03s manage=0.02s

=== 14:05:42 ET — manage-only (past entry window) [elapsed=0.4s reconcile=0.07s cancel=0.02s manage=0.02s] ===
=== options_morning_bot (PAPER) 2026-07-29T14:05:42.709486-04:00 ===

[Run context]
Paper auth OK — equity $127531.16, account PA36KS87UPRS
  reconcile: layout changed controlled:100:c000_s173_w1_0928_1005_r1 -> controlled:248:c000_s163_w1_0928_1005_r1

[Setup]
Active buckets: 248 | Strategies: S165, S164, S168, S167, S166, S163, S169, S170, S171, S172, S175, S200, S201, S202, S203, S204, S205, S206, S207, S208, S209, S210, S211, S212, S213, S214, S215, S216, S217, S218, S219
Dropped (no new entries; ex-reflected P&L): S173, S174

[Manage only]
Past entry window; manage/exit only.

[Portfolio snapshot]
========================================================
OPTIONS TRIAL STATS
========================================================
Account equity: $127,531.16
Active buckets: 248 of 248 profiles ($500 virtual each) — paper unlimited mode

P&L summary
  Reflected (ex-S173,S174): $+4,417.13 all-time  |  $-6.00 today
  Raw (incl dropped):     $+2,821.58 all-time  |  $-6.00 today
  Open (not sold yet): $+0.00 unrealized (virtual lots)
  Premium deployed:    $0.00 in open positions
  Combined P&L:        $+4,417.13 (reflected realized + open virtual)

Ledger (master)
  Total events:     6087
  Today entries:    77
  Today exits (reflected): 4
  All-time exits (reflected): 277  wins 30%
  Avg return/trade: -5.7%  median -40.0%

Open virtual lots (by bucket)
  b108 c108_s202_w3_1045_1120_r1  prem=$     0  real=$ -1.00  open=$ +0.00  lots=0  [-]
       buy: ask-0.01  sell: bid-0.01  tp=+50% sl=-50%
  b109 c109_s202_w3_1045_1120_r2  prem=$     0  real=$ -2.00  open=$ +0.00  lots=0  [-]
       buy: ask-0.01  sell: bid-0.01  tp=+50% sl=-50%
  b236 c236_s218_w3_1045_1120_r1  prem=$     0  real=$ -1.00  open=$ +0.00  lots=0  [-]
       buy: ask-0.01  sell: bid-0.01  tp=+50% sl=-50%
  b237 c237_s218_w3_1045_1120_r2  prem=$     0  real=$ -2.00  open=$ +0.00  lots=0  [-]
       buy: ask-0.01  sell: bid-0.01  tp=+50% sl=-50%
  (244 quiet bucket profile(s) — no trades yet)

Alpaca option positions
  (none)

Per-bucket exit stats (all time)
  b0|orphan_reconcile     n= 22  avg=+22.4%  med=-57.5%  realized=$+6,310.91
  b104|c104_s164_w1_0928_1005_r4  n=  1  avg=-88.9%  med=-88.9%  realized=$-8.00
  b108|c108_s202_w3_1045_1120_r1  n=  1  avg=-33.3%  med=-33.3%  realized=$-1.00
  b109|c109_s202_w3_1045_1120_r2  n=  1  avg=-66.7%  med=-66.7%  realized=$-2.00
  b10|c010_s165_w3_1045_1120_r1  n=  8  avg=-37.2%  med=-18.9%  realized=$-205.00
  b132|c132_s164_w1_0928_1005_r5  n=  2  avg=-65.7%  med=-53.6%  realized=$-37.00
  b135|c135_s164_w4_1120_1135_r5  n=  1  avg=-50.0%  med=-50.0%  realized=$-4.00
  b20|c020_s164_w1_0928_1005_r1  n=  1  avg=-88.9%  med=-88.9%  realized=$-8.00
  b236|c236_s218_w3_1045_1120_r1  n=  1  avg=-33.3%  med=-33.3%  realized=$-1.00
  b237|c237_s218_w3_1045_1120_r2  n=  1  avg=-66.7%  med=-66.7%  realized=$-2.00
  b28|c028_s165_w1_0928_1005_r2  n= 17  avg=+49.5%  med=+80.0%  realized=$+448.00
  b28|c028_s173_w1_0928_1005_r2  n=  5  avg=+51.6%  med=+80.0%  realized=$+142.00
  b29|c029_s165_w2_1005_1045_r2  n=  9  avg=-23.3%  med=-50.0%  realized=$-221.00
  b29|c029_s173_w2_1005_1045_r2  n=  2  avg=-69.3%  med=-48.5%  realized=$-78.00
  b30|c030_s165_w3_1045_1120_r2  n=  9  avg=+38.8%  med=+0.0%  realized=$+260.00
  b30|c030_s173_w3_1045_1120_r2  n=  2  avg=-9.5%  med=+0.0%  realized=$-14.00
  b31|c031_s165_w4_1120_1135_r2  n=  2  avg=+145.5%  med=+175.8%  realized=$+192.00
  b48|c048_s164_w1_0928_1005_r2  n=  5  avg=-33.1%  med=-49.1%  realized=$-91.00
  b48|c048_s165_w1_0928_1005_r3  n= 16  avg=-35.9%  med=-49.1%  realized=$-344.00
  b49|c049_s164_w2_1005_1045_r2  n=  4  avg=-51.8%  med=-44.0%  realized=$-133.00
  b49|c049_s165_w2_1005_1045_r3  n= 15  avg=-49.3%  med=-49.1%  realized=$-458.00
  b50|c050_s164_w3_1045_1120_r2  n=  4  avg=-39.6%  med=-16.7%  realized=$-115.00
  b50|c050_s165_w3_1045_1120_r3  n=  9  avg=-23.6%  med=-23.1%  realized=$-142.00
  b51|c051_s165_w4_1120_1135_r3  n=  1  avg=+263.6%  med=+263.6%  realized=$+174.00
  b56|g056_lim_tp20_sl65  n=  1  avg=+47.7%  med=+47.7%  realized=$+20.52
  b57|g057_mid_tp20_sl65  n=  1  avg=+47.7%  med=+47.7%  realized=$+20.52
  b58|g058_eod_tp20_sl65  n=  1  avg=+59.1%  med=+59.1%  realized=$+25.41
  b68|c068_s165_w1_0928_1005_r4  n= 16  avg=-51.3%  med=-49.1%  realized=$-446.00
  b68|c068_s166_w1_0928_1005_r3  n=  4  avg=-52.7%  med=-49.1%  realized=$-116.00
  b69|c069_s165_w2_1005_1045_r4  n= 11  avg=+19.0%  med=-43.6%  realized=$-179.00
  b69|c069_s166_w2_1005_1045_r3  n=  4  avg=+10.1%  med=-40.0%  realized=$-87.00
  b70|c070_s165_w3_1045_1120_r4  n= 11  avg=-2.1%  med=-16.9%  realized=$-6.00
  b70|c070_s166_w3_1045_1120_r3  n=  4  avg=-42.5%  med=-27.0%  realized=$-124.00
  b70|g070_eod_tp30_sl20  n=  1  avg=+59.1%  med=+59.1%  realized=$+27.77
  b76|c076_s164_w1_0928_1005_r3  n=  1  avg=-50.0%  med=-50.0%  realized=$-2.00
  b88|c088_s165_w1_0928_1005_r5  n= 21  avg=-5.0%  med=-2.7%  realized=$-63.00
  b88|c088_s167_w1_0928_1005_r4  n=  4  avg=-12.7%  med=+30.9%  realized=$-28.00
  b89|c089_s165_w2_1005_1045_r5  n=  7  avg=+113.1%  med=+30.9%  realized=$+67.00
  b89|c089_s167_w2_1005_1045_r4  n=  2  avg=-16.2%  med=+30.9%  realized=$-22.00
  b8|c008_s165_w1_0928_1005_r1  n= 23  avg=-19.6%  med=-35.3%  realized=$-250.00
  b90|c090_s165_w3_1045_1120_r5  n= 13  avg=+7.7%  med=+0.0%  realized=$+47.00
  b90|c090_s167_w3_1045_1120_r4  n=  4  avg=-41.6%  med=-18.9%  realized=$-123.00
  b91|c091_s165_w4_1120_1135_r5  n=  2  avg=+222.0%  med=+247.0%  realized=$+293.00
  b9|c009_s165_w2_1005_1045_r1  n=  7  avg=-74.4%  med=-66.2%  realized=$-301.00
========================================================
+========================================================================+
|  OPTIONS BOT SUMMARY                                                   |
+------------------------------------------------------------------------+
|  Mode                          manage-only                             |
|  Equity                        $127,531.16                             |
|  Signals this run              0                                       |
|  Orders submitted (session)    83                                      |
|  Orders filled today (ledger)  77                                      |
|  Entries placed this run       0                                       |
|  Open virtual lots             0                                       |
|  Broker option positions       0                                       |
|  Pending orders                0                                       |
+========================================================================+
+========================================================================+
|  BUCKET LEADERBOARD (reflected ex-S173,S174)                           |
+------------------------------------------------------------------------+
|  Reflected trades=277  buckets=31  win=30%                             |
|  Returns   avg=-5.7%  med=-40.0%  p10=-66.2%  p90=+81.8%               |
|  Realized  $+4,417.13                                                  |
|  Raw incl dropped  trades=811  real=$+2,821.58                         |
|  Today     trades=4  avg=-50.0%  med=-50.0%  real=$-6.00               |
+------------------------------------------------------------------------+
|  BKT PROFILE               N  WIN  AVG%   MED%   BEST%  REAL$          |
+------------------------------------------------------------------------+
|  b51  c051_s169_w2_1005_  1 100% +263.6 +263.6 +263.6 $   +174         |
|  b91  c091_s200_w2_1005_  2 100% +222.0 +222.0 +247.0 $   +293         |
|  b31  c031_s166_w4_1120_  2 100% +145.5 +145.5 +175.8 $   +192         |
|  b28  c028_s166_w3_1045_ 22  77% +50.0 +80.0 +102.0 $   +590           |
|  b58  c058_s170_w2_1005_  1 100% +59.1 +59.1 +59.1 $    +25            |
|  b56  c056_s170_w1_0928_  1 100% +47.7 +47.7 +47.7 $    +21            |
|  b57  c057_s170_w1_0928_  1 100% +47.7 +47.7 +47.7 $    +21            |
|  b89  c089_s200_w1_0928_  9  56% +84.4 +30.9 +790.0 $    +45           |
|  ... 23 more bucket(s) with exits                                      |
+------------------------------------------------------------------------+
|  Low  b20  c020_s165_w3_1045_  1   0% -88.9 -88.9 -88.9 $     -8       |
+========================================================================+
+========================================================================+
|  OPEN OPTIONS (0)                                                      |
+------------------------------------------------------------------------+
|  No open option positions                                              |
+========================================================================+
Full detail: logs/options_trial/runs/2026-07-29.log
elapsed=0.4s reconcile=0.07s cancel=0.02s manage=0.02s

=== 14:10:56 ET — manage-only (past entry window) [elapsed=0.5s reconcile=0.1s cancel=0.04s manage=0.02s] ===
=== options_morning_bot (PAPER) 2026-07-29T14:10:56.360928-04:00 ===

[Run context]
Paper auth OK — equity $127945.12, account PA36KS87UPRS
  reconcile: layout changed controlled:100:c000_s173_w1_0928_1005_r1 -> controlled:248:c000_s163_w1_0928_1005_r1

[Setup]
Active buckets: 248 | Strategies: S165, S164, S168, S167, S166, S163, S169, S170, S171, S172, S175, S200, S201, S202, S203, S204, S205, S206, S207, S208, S209, S210, S211, S212, S213, S214, S215, S216, S217, S218, S219
Dropped (no new entries; ex-reflected P&L): S173, S174

[Manage only]
Past entry window; manage/exit only.

[Portfolio snapshot]
========================================================
OPTIONS TRIAL STATS
========================================================
Account equity: $127,945.12
Active buckets: 248 of 248 profiles ($500 virtual each) — paper unlimited mode

P&L summary
  Reflected (ex-S173,S174): $+4,417.13 all-time  |  $-6.00 today
  Raw (incl dropped):     $+2,821.58 all-time  |  $-6.00 today
  Open (not sold yet): $+0.00 unrealized (virtual lots)
  Premium deployed:    $0.00 in open positions
  Combined P&L:        $+4,417.13 (reflected realized + open virtual)

Ledger (master)
  Total events:     6087
  Today entries:    77
  Today exits (reflected): 4
  All-time exits (reflected): 277  wins 30%
  Avg return/trade: -5.7%  median -40.0%

Open virtual lots (by bucket)
  b108 c108_s202_w3_1045_1120_r1  prem=$     0  real=$ -1.00  open=$ +0.00  lots=0  [-]
       buy: ask-0.01  sell: bid-0.01  tp=+50% sl=-50%
  b109 c109_s202_w3_1045_1120_r2  prem=$     0  real=$ -2.00  open=$ +0.00  lots=0  [-]
       buy: ask-0.01  sell: bid-0.01  tp=+50% sl=-50%
  b236 c236_s218_w3_1045_1120_r1  prem=$     0  real=$ -1.00  open=$ +0.00  lots=0  [-]
       buy: ask-0.01  sell: bid-0.01  tp=+50% sl=-50%
  b237 c237_s218_w3_1045_1120_r2  prem=$     0  real=$ -2.00  open=$ +0.00  lots=0  [-]
       buy: ask-0.01  sell: bid-0.01  tp=+50% sl=-50%
  (244 quiet bucket profile(s) — no trades yet)

Alpaca option positions
  (none)

Per-bucket exit stats (all time)
  b0|orphan_reconcile     n= 22  avg=+22.4%  med=-57.5%  realized=$+6,310.91
  b104|c104_s164_w1_0928_1005_r4  n=  1  avg=-88.9%  med=-88.9%  realized=$-8.00
  b108|c108_s202_w3_1045_1120_r1  n=  1  avg=-33.3%  med=-33.3%  realized=$-1.00
  b109|c109_s202_w3_1045_1120_r2  n=  1  avg=-66.7%  med=-66.7%  realized=$-2.00
  b10|c010_s165_w3_1045_1120_r1  n=  8  avg=-37.2%  med=-18.9%  realized=$-205.00
  b132|c132_s164_w1_0928_1005_r5  n=  2  avg=-65.7%  med=-53.6%  realized=$-37.00
  b135|c135_s164_w4_1120_1135_r5  n=  1  avg=-50.0%  med=-50.0%  realized=$-4.00
  b20|c020_s164_w1_0928_1005_r1  n=  1  avg=-88.9%  med=-88.9%  realized=$-8.00
  b236|c236_s218_w3_1045_1120_r1  n=  1  avg=-33.3%  med=-33.3%  realized=$-1.00
  b237|c237_s218_w3_1045_1120_r2  n=  1  avg=-66.7%  med=-66.7%  realized=$-2.00
  b28|c028_s165_w1_0928_1005_r2  n= 17  avg=+49.5%  med=+80.0%  realized=$+448.00
  b28|c028_s173_w1_0928_1005_r2  n=  5  avg=+51.6%  med=+80.0%  realized=$+142.00
  b29|c029_s165_w2_1005_1045_r2  n=  9  avg=-23.3%  med=-50.0%  realized=$-221.00
  b29|c029_s173_w2_1005_1045_r2  n=  2  avg=-69.3%  med=-48.5%  realized=$-78.00
  b30|c030_s165_w3_1045_1120_r2  n=  9  avg=+38.8%  med=+0.0%  realized=$+260.00
  b30|c030_s173_w3_1045_1120_r2  n=  2  avg=-9.5%  med=+0.0%  realized=$-14.00
  b31|c031_s165_w4_1120_1135_r2  n=  2  avg=+145.5%  med=+175.8%  realized=$+192.00
  b48|c048_s164_w1_0928_1005_r2  n=  5  avg=-33.1%  med=-49.1%  realized=$-91.00
  b48|c048_s165_w1_0928_1005_r3  n= 16  avg=-35.9%  med=-49.1%  realized=$-344.00
  b49|c049_s164_w2_1005_1045_r2  n=  4  avg=-51.8%  med=-44.0%  realized=$-133.00
  b49|c049_s165_w2_1005_1045_r3  n= 15  avg=-49.3%  med=-49.1%  realized=$-458.00
  b50|c050_s164_w3_1045_1120_r2  n=  4  avg=-39.6%  med=-16.7%  realized=$-115.00
  b50|c050_s165_w3_1045_1120_r3  n=  9  avg=-23.6%  med=-23.1%  realized=$-142.00
  b51|c051_s165_w4_1120_1135_r3  n=  1  avg=+263.6%  med=+263.6%  realized=$+174.00
  b56|g056_lim_tp20_sl65  n=  1  avg=+47.7%  med=+47.7%  realized=$+20.52
  b57|g057_mid_tp20_sl65  n=  1  avg=+47.7%  med=+47.7%  realized=$+20.52
  b58|g058_eod_tp20_sl65  n=  1  avg=+59.1%  med=+59.1%  realized=$+25.41
  b68|c068_s165_w1_0928_1005_r4  n= 16  avg=-51.3%  med=-49.1%  realized=$-446.00
  b68|c068_s166_w1_0928_1005_r3  n=  4  avg=-52.7%  med=-49.1%  realized=$-116.00
  b69|c069_s165_w2_1005_1045_r4  n= 11  avg=+19.0%  med=-43.6%  realized=$-179.00
  b69|c069_s166_w2_1005_1045_r3  n=  4  avg=+10.1%  med=-40.0%  realized=$-87.00
  b70|c070_s165_w3_1045_1120_r4  n= 11  avg=-2.1%  med=-16.9%  realized=$-6.00
  b70|c070_s166_w3_1045_1120_r3  n=  4  avg=-42.5%  med=-27.0%  realized=$-124.00
  b70|g070_eod_tp30_sl20  n=  1  avg=+59.1%  med=+59.1%  realized=$+27.77
  b76|c076_s164_w1_0928_1005_r3  n=  1  avg=-50.0%  med=-50.0%  realized=$-2.00
  b88|c088_s165_w1_0928_1005_r5  n= 21  avg=-5.0%  med=-2.7%  realized=$-63.00
  b88|c088_s167_w1_0928_1005_r4  n=  4  avg=-12.7%  med=+30.9%  realized=$-28.00
  b89|c089_s165_w2_1005_1045_r5  n=  7  avg=+113.1%  med=+30.9%  realized=$+67.00
  b89|c089_s167_w2_1005_1045_r4  n=  2  avg=-16.2%  med=+30.9%  realized=$-22.00
  b8|c008_s165_w1_0928_1005_r1  n= 23  avg=-19.6%  med=-35.3%  realized=$-250.00
  b90|c090_s165_w3_1045_1120_r5  n= 13  avg=+7.7%  med=+0.0%  realized=$+47.00
  b90|c090_s167_w3_1045_1120_r4  n=  4  avg=-41.6%  med=-18.9%  realized=$-123.00
  b91|c091_s165_w4_1120_1135_r5  n=  2  avg=+222.0%  med=+247.0%  realized=$+293.00
  b9|c009_s165_w2_1005_1045_r1  n=  7  avg=-74.4%  med=-66.2%  realized=$-301.00
========================================================
+========================================================================+
|  OPTIONS BOT SUMMARY                                                   |
+------------------------------------------------------------------------+
|  Mode                          manage-only                             |
|  Equity                        $127,945.12                             |
|  Signals this run              0                                       |
|  Orders submitted (session)    83                                      |
|  Orders filled today (ledger)  77                                      |
|  Entries placed this run       0                                       |
|  Open virtual lots             0                                       |
|  Broker option positions       0                                       |
|  Pending orders                0                                       |
+========================================================================+
+========================================================================+
|  BUCKET LEADERBOARD (reflected ex-S173,S174)                           |
+------------------------------------------------------------------------+
|  Reflected trades=277  buckets=31  win=30%                             |
|  Returns   avg=-5.7%  med=-40.0%  p10=-66.2%  p90=+81.8%               |
|  Realized  $+4,417.13                                                  |
|  Raw incl dropped  trades=811  real=$+2,821.58                         |
|  Today     trades=4  avg=-50.0%  med=-50.0%  real=$-6.00               |
+------------------------------------------------------------------------+
|  BKT PROFILE               N  WIN  AVG%   MED%   BEST%  REAL$          |
+------------------------------------------------------------------------+
|  b51  c051_s169_w2_1005_  1 100% +263.6 +263.6 +263.6 $   +174         |
|  b91  c091_s200_w2_1005_  2 100% +222.0 +222.0 +247.0 $   +293         |
|  b31  c031_s166_w4_1120_  2 100% +145.5 +145.5 +175.8 $   +192         |
|  b28  c028_s166_w3_1045_ 22  77% +50.0 +80.0 +102.0 $   +590           |
|  b58  c058_s170_w2_1005_  1 100% +59.1 +59.1 +59.1 $    +25            |
|  b56  c056_s170_w1_0928_  1 100% +47.7 +47.7 +47.7 $    +21            |
|  b57  c057_s170_w1_0928_  1 100% +47.7 +47.7 +47.7 $    +21            |
|  b89  c089_s200_w1_0928_  9  56% +84.4 +30.9 +790.0 $    +45           |
|  ... 23 more bucket(s) with exits                                      |
+------------------------------------------------------------------------+
|  Low  b20  c020_s165_w3_1045_  1   0% -88.9 -88.9 -88.9 $     -8       |
+========================================================================+
+========================================================================+
|  OPEN OPTIONS (0)                                                      |
+------------------------------------------------------------------------+
|  No open option positions                                              |
+========================================================================+
Full detail: logs/options_trial/runs/2026-07-29.log
elapsed=0.5s reconcile=0.1s cancel=0.04s manage=0.02s

=== 14:16:12 ET — manage-only (past entry window) [elapsed=1.8s reconcile=0.48s cancel=0.23s manage=0.15s] ===
=== options_morning_bot (PAPER) 2026-07-29T14:16:12.331646-04:00 ===

[Run context]
Paper auth OK — equity $127759.44, account PA36KS87UPRS
  reconcile: layout changed controlled:100:c000_s173_w1_0928_1005_r1 -> controlled:248:c000_s163_w1_0928_1005_r1

[Setup]
Active buckets: 248 | Strategies: S165, S164, S168, S167, S166, S163, S169, S170, S171, S172, S175, S200, S201, S202, S203, S204, S205, S206, S207, S208, S209, S210, S211, S212, S213, S214, S215, S216, S217, S218, S219
Dropped (no new entries; ex-reflected P&L): S173, S174

[Manage only]
Past entry window; manage/exit only.

[Portfolio snapshot]
========================================================
OPTIONS TRIAL STATS
========================================================
Account equity: $127,759.44
Active buckets: 248 of 248 profiles ($500 virtual each) — paper unlimited mode

P&L summary
  Reflected (ex-S173,S174): $+4,417.13 all-time  |  $-6.00 today
  Raw (incl dropped):     $+2,821.58 all-time  |  $-6.00 today
  Open (not sold yet): $+0.00 unrealized (virtual lots)
  Premium deployed:    $0.00 in open positions
  Combined P&L:        $+4,417.13 (reflected realized + open virtual)

Ledger (master)
  Total events:     6087
  Today entries:    77
  Today exits (reflected): 4
  All-time exits (reflected): 277  wins 30%
  Avg return/trade: -5.7%  median -40.0%

Open virtual lots (by bucket)
  b108 c108_s202_w3_1045_1120_r1  prem=$     0  real=$ -1.00  open=$ +0.00  lots=0  [-]
       buy: ask-0.01  sell: bid-0.01  tp=+50% sl=-50%
  b109 c109_s202_w3_1045_1120_r2  prem=$     0  real=$ -2.00  open=$ +0.00  lots=0  [-]
       buy: ask-0.01  sell: bid-0.01  tp=+50% sl=-50%
  b236 c236_s218_w3_1045_1120_r1  prem=$     0  real=$ -1.00  open=$ +0.00  lots=0  [-]
       buy: ask-0.01  sell: bid-0.01  tp=+50% sl=-50%
  b237 c237_s218_w3_1045_1120_r2  prem=$     0  real=$ -2.00  open=$ +0.00  lots=0  [-]
       buy: ask-0.01  sell: bid-0.01  tp=+50% sl=-50%
  (244 quiet bucket profile(s) — no trades yet)

Alpaca option positions
  (none)

Per-bucket exit stats (all time)
  b0|orphan_reconcile     n= 22  avg=+22.4%  med=-57.5%  realized=$+6,310.91
  b104|c104_s164_w1_0928_1005_r4  n=  1  avg=-88.9%  med=-88.9%  realized=$-8.00
  b108|c108_s202_w3_1045_1120_r1  n=  1  avg=-33.3%  med=-33.3%  realized=$-1.00
  b109|c109_s202_w3_1045_1120_r2  n=  1  avg=-66.7%  med=-66.7%  realized=$-2.00
  b10|c010_s165_w3_1045_1120_r1  n=  8  avg=-37.2%  med=-18.9%  realized=$-205.00
  b132|c132_s164_w1_0928_1005_r5  n=  2  avg=-65.7%  med=-53.6%  realized=$-37.00
  b135|c135_s164_w4_1120_1135_r5  n=  1  avg=-50.0%  med=-50.0%  realized=$-4.00
  b20|c020_s164_w1_0928_1005_r1  n=  1  avg=-88.9%  med=-88.9%  realized=$-8.00
  b236|c236_s218_w3_1045_1120_r1  n=  1  avg=-33.3%  med=-33.3%  realized=$-1.00
  b237|c237_s218_w3_1045_1120_r2  n=  1  avg=-66.7%  med=-66.7%  realized=$-2.00
  b28|c028_s165_w1_0928_1005_r2  n= 17  avg=+49.5%  med=+80.0%  realized=$+448.00
  b28|c028_s173_w1_0928_1005_r2  n=  5  avg=+51.6%  med=+80.0%  realized=$+142.00
  b29|c029_s165_w2_1005_1045_r2  n=  9  avg=-23.3%  med=-50.0%  realized=$-221.00
  b29|c029_s173_w2_1005_1045_r2  n=  2  avg=-69.3%  med=-48.5%  realized=$-78.00
  b30|c030_s165_w3_1045_1120_r2  n=  9  avg=+38.8%  med=+0.0%  realized=$+260.00
  b30|c030_s173_w3_1045_1120_r2  n=  2  avg=-9.5%  med=+0.0%  realized=$-14.00
  b31|c031_s165_w4_1120_1135_r2  n=  2  avg=+145.5%  med=+175.8%  realized=$+192.00
  b48|c048_s164_w1_0928_1005_r2  n=  5  avg=-33.1%  med=-49.1%  realized=$-91.00
  b48|c048_s165_w1_0928_1005_r3  n= 16  avg=-35.9%  med=-49.1%  realized=$-344.00
  b49|c049_s164_w2_1005_1045_r2  n=  4  avg=-51.8%  med=-44.0%  realized=$-133.00
  b49|c049_s165_w2_1005_1045_r3  n= 15  avg=-49.3%  med=-49.1%  realized=$-458.00
  b50|c050_s164_w3_1045_1120_r2  n=  4  avg=-39.6%  med=-16.7%  realized=$-115.00
  b50|c050_s165_w3_1045_1120_r3  n=  9  avg=-23.6%  med=-23.1%  realized=$-142.00
  b51|c051_s165_w4_1120_1135_r3  n=  1  avg=+263.6%  med=+263.6%  realized=$+174.00
  b56|g056_lim_tp20_sl65  n=  1  avg=+47.7%  med=+47.7%  realized=$+20.52
  b57|g057_mid_tp20_sl65  n=  1  avg=+47.7%  med=+47.7%  realized=$+20.52
  b58|g058_eod_tp20_sl65  n=  1  avg=+59.1%  med=+59.1%  realized=$+25.41
  b68|c068_s165_w1_0928_1005_r4  n= 16  avg=-51.3%  med=-49.1%  realized=$-446.00
  b68|c068_s166_w1_0928_1005_r3  n=  4  avg=-52.7%  med=-49.1%  realized=$-116.00
  b69|c069_s165_w2_1005_1045_r4  n= 11  avg=+19.0%  med=-43.6%  realized=$-179.00
  b69|c069_s166_w2_1005_1045_r3  n=  4  avg=+10.1%  med=-40.0%  realized=$-87.00
  b70|c070_s165_w3_1045_1120_r4  n= 11  avg=-2.1%  med=-16.9%  realized=$-6.00
  b70|c070_s166_w3_1045_1120_r3  n=  4  avg=-42.5%  med=-27.0%  realized=$-124.00
  b70|g070_eod_tp30_sl20  n=  1  avg=+59.1%  med=+59.1%  realized=$+27.77
  b76|c076_s164_w1_0928_1005_r3  n=  1  avg=-50.0%  med=-50.0%  realized=$-2.00
  b88|c088_s165_w1_0928_1005_r5  n= 21  avg=-5.0%  med=-2.7%  realized=$-63.00
  b88|c088_s167_w1_0928_1005_r4  n=  4  avg=-12.7%  med=+30.9%  realized=$-28.00
  b89|c089_s165_w2_1005_1045_r5  n=  7  avg=+113.1%  med=+30.9%  realized=$+67.00
  b89|c089_s167_w2_1005_1045_r4  n=  2  avg=-16.2%  med=+30.9%  realized=$-22.00
  b8|c008_s165_w1_0928_1005_r1  n= 23  avg=-19.6%  med=-35.3%  realized=$-250.00
  b90|c090_s165_w3_1045_1120_r5  n= 13  avg=+7.7%  med=+0.0%  realized=$+47.00
  b90|c090_s167_w3_1045_1120_r4  n=  4  avg=-41.6%  med=-18.9%  realized=$-123.00
  b91|c091_s165_w4_1120_1135_r5  n=  2  avg=+222.0%  med=+247.0%  realized=$+293.00
  b9|c009_s165_w2_1005_1045_r1  n=  7  avg=-74.4%  med=-66.2%  realized=$-301.00
========================================================
+========================================================================+
|  OPTIONS BOT SUMMARY                                                   |
+------------------------------------------------------------------------+
|  Mode                          manage-only                             |
|  Equity                        $127,759.44                             |
|  Signals this run              0                                       |
|  Orders submitted (session)    83                                      |
|  Orders filled today (ledger)  77                                      |
|  Entries placed this run       0                                       |
|  Open virtual lots             0                                       |
|  Broker option positions       0                                       |
|  Pending orders                0                                       |
+========================================================================+
+========================================================================+
|  BUCKET LEADERBOARD (reflected ex-S173,S174)                           |
+------------------------------------------------------------------------+
|  Reflected trades=277  buckets=31  win=30%                             |
|  Returns   avg=-5.7%  med=-40.0%  p10=-66.2%  p90=+81.8%               |
|  Realized  $+4,417.13                                                  |
|  Raw incl dropped  trades=811  real=$+2,821.58                         |
|  Today     trades=4  avg=-50.0%  med=-50.0%  real=$-6.00               |
+------------------------------------------------------------------------+
|  BKT PROFILE               N  WIN  AVG%   MED%   BEST%  REAL$          |
+------------------------------------------------------------------------+
|  b51  c051_s169_w2_1005_  1 100% +263.6 +263.6 +263.6 $   +174         |
|  b91  c091_s200_w2_1005_  2 100% +222.0 +222.0 +247.0 $   +293         |
|  b31  c031_s166_w4_1120_  2 100% +145.5 +145.5 +175.8 $   +192         |
|  b28  c028_s166_w3_1045_ 22  77% +50.0 +80.0 +102.0 $   +590           |
|  b58  c058_s170_w2_1005_  1 100% +59.1 +59.1 +59.1 $    +25            |
|  b56  c056_s170_w1_0928_  1 100% +47.7 +47.7 +47.7 $    +21            |
|  b57  c057_s170_w1_0928_  1 100% +47.7 +47.7 +47.7 $    +21            |
|  b89  c089_s200_w1_0928_  9  56% +84.4 +30.9 +790.0 $    +45           |
|  ... 23 more bucket(s) with exits                                      |
+------------------------------------------------------------------------+
|  Low  b20  c020_s165_w3_1045_  1   0% -88.9 -88.9 -88.9 $     -8       |
+========================================================================+
+========================================================================+
|  OPEN OPTIONS (0)                                                      |
+------------------------------------------------------------------------+
|  No open option positions                                              |
+========================================================================+
Full detail: logs/options_trial/runs/2026-07-29.log
elapsed=1.8s reconcile=0.48s cancel=0.23s manage=0.15s

=== 14:20:53 ET — manage-only (past entry window) [elapsed=1.2s reconcile=0.38s cancel=0.18s manage=0.12s] ===
=== options_morning_bot (PAPER) 2026-07-29T14:20:53.627351-04:00 ===

[Run context]
Paper auth OK — equity $127263.12, account PA36KS87UPRS
  reconcile: layout changed controlled:100:c000_s173_w1_0928_1005_r1 -> controlled:1024:lab0000_s200_w1_0928_1005_r1

[Setup]
Active buckets: 1024 | Strategies: S165, S164, S168, S167, S166, S163, S169, S170, S171, S172, S175, S200, S201, S202, S203, S204, S205, S206, S207, S208, S209, S210, S211, S212, S213, S214, S215, S216, S217, S218, S219, S400, S401, S402, S403, S350, S351, S352, S353, S354, S355, S356, S357, S358, S359, S360, S361, S362, S363, S364, S365, S366, S367, S368, S369, S370, S371, S372, S373, S374, S375, S376, S377, S378, S379, S380, S381, S382, S383, S384, S385, S386, S387, S388, S389, S390, S391, S392, S393, S394, S395, S396, S397, S398, S399, S404, S405, S406, S407, S408, S409, S410, S411, S412, S413, S414, S415, S416, S417, S418, S419
Dropped (no new entries; ex-reflected P&L): S173, S174

[Manage only]
Past entry window; manage/exit only.

[Portfolio snapshot]
========================================================
OPTIONS TRIAL STATS
========================================================
Account equity: $127,263.12
Active buckets: 1024 of 1024 profiles ($500 virtual each) — paper unlimited mode

P&L summary
  Reflected (ex-S173,S174): $+4,417.13 all-time  |  $-6.00 today
  Raw (incl dropped):     $+2,821.58 all-time  |  $-6.00 today
  Open (not sold yet): $+0.00 unrealized (virtual lots)
  Premium deployed:    $0.00 in open positions
  Combined P&L:        $+4,417.13 (reflected realized + open virtual)

Ledger (master)
  Total events:     6087
  Today entries:    77
  Today exits (reflected): 4
  All-time exits (reflected): 277  wins 30%
  Avg return/trade: -5.7%  median -40.0%

Open virtual lots (by bucket)
  (1024 quiet bucket profile(s) — no trades yet)
  (no open lots across active profiles)

Alpaca option positions
  (none)

Per-bucket exit stats (all time)
  b0|orphan_reconcile     n= 22  avg=+22.4%  med=-57.5%  realized=$+6,310.91
  b104|c104_s164_w1_0928_1005_r4  n=  1  avg=-88.9%  med=-88.9%  realized=$-8.00
  b108|c108_s202_w3_1045_1120_r1  n=  1  avg=-33.3%  med=-33.3%  realized=$-1.00
  b109|c109_s202_w3_1045_1120_r2  n=  1  avg=-66.7%  med=-66.7%  realized=$-2.00
  b10|c010_s165_w3_1045_1120_r1  n=  8  avg=-37.2%  med=-18.9%  realized=$-205.00
  b132|c132_s164_w1_0928_1005_r5  n=  2  avg=-65.7%  med=-53.6%  realized=$-37.00
  b135|c135_s164_w4_1120_1135_r5  n=  1  avg=-50.0%  med=-50.0%  realized=$-4.00
  b20|c020_s164_w1_0928_1005_r1  n=  1  avg=-88.9%  med=-88.9%  realized=$-8.00
  b236|c236_s218_w3_1045_1120_r1  n=  1  avg=-33.3%  med=-33.3%  realized=$-1.00
  b237|c237_s218_w3_1045_1120_r2  n=  1  avg=-66.7%  med=-66.7%  realized=$-2.00
  b28|c028_s165_w1_0928_1005_r2  n= 17  avg=+49.5%  med=+80.0%  realized=$+448.00
  b28|c028_s173_w1_0928_1005_r2  n=  5  avg=+51.6%  med=+80.0%  realized=$+142.00
  b29|c029_s165_w2_1005_1045_r2  n=  9  avg=-23.3%  med=-50.0%  realized=$-221.00
  b29|c029_s173_w2_1005_1045_r2  n=  2  avg=-69.3%  med=-48.5%  realized=$-78.00
  b30|c030_s165_w3_1045_1120_r2  n=  9  avg=+38.8%  med=+0.0%  realized=$+260.00
  b30|c030_s173_w3_1045_1120_r2  n=  2  avg=-9.5%  med=+0.0%  realized=$-14.00
  b31|c031_s165_w4_1120_1135_r2  n=  2  avg=+145.5%  med=+175.8%  realized=$+192.00
  b48|c048_s164_w1_0928_1005_r2  n=  5  avg=-33.1%  med=-49.1%  realized=$-91.00
  b48|c048_s165_w1_0928_1005_r3  n= 16  avg=-35.9%  med=-49.1%  realized=$-344.00
  b49|c049_s164_w2_1005_1045_r2  n=  4  avg=-51.8%  med=-44.0%  realized=$-133.00
  b49|c049_s165_w2_1005_1045_r3  n= 15  avg=-49.3%  med=-49.1%  realized=$-458.00
  b50|c050_s164_w3_1045_1120_r2  n=  4  avg=-39.6%  med=-16.7%  realized=$-115.00
  b50|c050_s165_w3_1045_1120_r3  n=  9  avg=-23.6%  med=-23.1%  realized=$-142.00
  b51|c051_s165_w4_1120_1135_r3  n=  1  avg=+263.6%  med=+263.6%  realized=$+174.00
  b56|g056_lim_tp20_sl65  n=  1  avg=+47.7%  med=+47.7%  realized=$+20.52
  b57|g057_mid_tp20_sl65  n=  1  avg=+47.7%  med=+47.7%  realized=$+20.52
  b58|g058_eod_tp20_sl65  n=  1  avg=+59.1%  med=+59.1%  realized=$+25.41
  b68|c068_s165_w1_0928_1005_r4  n= 16  avg=-51.3%  med=-49.1%  realized=$-446.00
  b68|c068_s166_w1_0928_1005_r3  n=  4  avg=-52.7%  med=-49.1%  realized=$-116.00
  b69|c069_s165_w2_1005_1045_r4  n= 11  avg=+19.0%  med=-43.6%  realized=$-179.00
  b69|c069_s166_w2_1005_1045_r3  n=  4  avg=+10.1%  med=-40.0%  realized=$-87.00
  b70|c070_s165_w3_1045_1120_r4  n= 11  avg=-2.1%  med=-16.9%  realized=$-6.00
  b70|c070_s166_w3_1045_1120_r3  n=  4  avg=-42.5%  med=-27.0%  realized=$-124.00
  b70|g070_eod_tp30_sl20  n=  1  avg=+59.1%  med=+59.1%  realized=$+27.77
  b76|c076_s164_w1_0928_1005_r3  n=  1  avg=-50.0%  med=-50.0%  realized=$-2.00
  b88|c088_s165_w1_0928_1005_r5  n= 21  avg=-5.0%  med=-2.7%  realized=$-63.00
  b88|c088_s167_w1_0928_1005_r4  n=  4  avg=-12.7%  med=+30.9%  realized=$-28.00
  b89|c089_s165_w2_1005_1045_r5  n=  7  avg=+113.1%  med=+30.9%  realized=$+67.00
  b89|c089_s167_w2_1005_1045_r4  n=  2  avg=-16.2%  med=+30.9%  realized=$-22.00
  b8|c008_s165_w1_0928_1005_r1  n= 23  avg=-19.6%  med=-35.3%  realized=$-250.00
  b90|c090_s165_w3_1045_1120_r5  n= 13  avg=+7.7%  med=+0.0%  realized=$+47.00
  b90|c090_s167_w3_1045_1120_r4  n=  4  avg=-41.6%  med=-18.9%  realized=$-123.00
  b91|c091_s165_w4_1120_1135_r5  n=  2  avg=+222.0%  med=+247.0%  realized=$+293.00
  b9|c009_s165_w2_1005_1045_r1  n=  7  avg=-74.4%  med=-66.2%  realized=$-301.00
========================================================
+========================================================================+
|  OPTIONS BOT SUMMARY                                                   |
+------------------------------------------------------------------------+
|  Mode                          manage-only                             |
|  Equity                        $127,263.12                             |
|  Signals this run              0                                       |
|  Orders submitted (session)    83                                      |
|  Orders filled today (ledger)  77                                      |
|  Entries placed this run       0                                       |
|  Open virtual lots             0                                       |
|  Broker option positions       0                                       |
|  Pending orders                0                                       |
+========================================================================+
+========================================================================+
|  BUCKET LEADERBOARD (reflected ex-S173,S174)                           |
+------------------------------------------------------------------------+
|  Reflected trades=277  buckets=31  win=30%                             |
|  Returns   avg=-5.7%  med=-40.0%  p10=-66.2%  p90=+81.8%               |
|  Realized  $+4,417.13                                                  |
|  Raw incl dropped  trades=811  real=$+2,821.58                         |
|  Today     trades=4  avg=-50.0%  med=-50.0%  real=$-6.00               |
+------------------------------------------------------------------------+
|  BKT PROFILE               N  WIN  AVG%   MED%   BEST%  REAL$          |
+------------------------------------------------------------------------+
|  b51  lab0051_s206_w2_10  1 100% +263.6 +263.6 +263.6 $   +174         |
|  b91  lab0091_s210_w6_14  2 100% +222.0 +222.0 +247.0 $   +293         |
|  b31  lab0031_s203_w4_11  2 100% +145.5 +145.5 +175.8 $   +192         |
|  b28  lab0028_s203_w3_10 22  77% +50.0 +80.0 +102.0 $   +590           |
|  b58  lab0058_s207_w2_10  1 100% +59.1 +59.1 +59.1 $    +25            |
|  b56  lab0056_s207_w1_09  1 100% +47.7 +47.7 +47.7 $    +21            |
|  b57  lab0057_s207_w1_09  1 100% +47.7 +47.7 +47.7 $    +21            |
|  b89  lab0089_s210_w5_13  9  56% +84.4 +30.9 +790.0 $    +45           |
|  ... 23 more bucket(s) with exits                                      |
+------------------------------------------------------------------------+
|  Low  b20  lab0020_s202_w3_10  1   0% -88.9 -88.9 -88.9 $     -8       |
+========================================================================+
+========================================================================+
|  OPEN OPTIONS (0)                                                      |
+------------------------------------------------------------------------+
|  No open option positions                                              |
+========================================================================+
Full detail: logs/options_trial/runs/2026-07-29.log
elapsed=1.2s reconcile=0.38s cancel=0.18s manage=0.12s

=== 14:25:49 ET — manage-only (past entry window) [elapsed=1.0s reconcile=0.27s cancel=0.12s manage=0.08s] ===
=== options_morning_bot (PAPER) 2026-07-29T14:25:49.876331-04:00 ===

[Run context]
Paper auth OK — equity $126761.12, account PA36KS87UPRS
  reconcile: layout changed controlled:100:c000_s173_w1_0928_1005_r1 -> controlled:1024:lab0000_s200_w1_0928_1005_r1

[Setup]
Active buckets: 1024 | Strategies: S165, S164, S168, S167, S166, S163, S169, S170, S171, S172, S175, S200, S201, S202, S203, S204, S205, S206, S207, S208, S209, S210, S211, S212, S213, S214, S215, S216, S217, S218, S219, S400, S401, S402, S403, S350, S351, S352, S353, S354, S355, S356, S357, S358, S359, S360, S361, S362, S363, S364, S365, S366, S367, S368, S369, S370, S371, S372, S373, S374, S375, S376, S377, S378, S379, S380, S381, S382, S383, S384, S385, S386, S387, S388, S389, S390, S391, S392, S393, S394, S395, S396, S397, S398, S399, S404, S405, S406, S407, S408, S409, S410, S411, S412, S413, S414, S415, S416, S417, S418, S419
Dropped (no new entries; ex-reflected P&L): S173, S174

[Manage only]
Past entry window; manage/exit only.

[Portfolio snapshot]
========================================================
OPTIONS TRIAL STATS
========================================================
Account equity: $126,761.12
Active buckets: 1024 of 1024 profiles ($500 virtual each) — paper unlimited mode

P&L summary
  Reflected (ex-S173,S174): $+4,417.13 all-time  |  $-6.00 today
  Raw (incl dropped):     $+2,821.58 all-time  |  $-6.00 today
  Open (not sold yet): $+0.00 unrealized (virtual lots)
  Premium deployed:    $0.00 in open positions
  Combined P&L:        $+4,417.13 (reflected realized + open virtual)

Ledger (master)
  Total events:     6087
  Today entries:    77
  Today exits (reflected): 4
  All-time exits (reflected): 277  wins 30%
  Avg return/trade: -5.7%  median -40.0%

Open virtual lots (by bucket)
  (1024 quiet bucket profile(s) — no trades yet)
  (no open lots across active profiles)

Alpaca option positions
  (none)

Per-bucket exit stats (all time)
  b0|orphan_reconcile     n= 22  avg=+22.4%  med=-57.5%  realized=$+6,310.91
  b104|c104_s164_w1_0928_1005_r4  n=  1  avg=-88.9%  med=-88.9%  realized=$-8.00
  b108|c108_s202_w3_1045_1120_r1  n=  1  avg=-33.3%  med=-33.3%  realized=$-1.00
  b109|c109_s202_w3_1045_1120_r2  n=  1  avg=-66.7%  med=-66.7%  realized=$-2.00
  b10|c010_s165_w3_1045_1120_r1  n=  8  avg=-37.2%  med=-18.9%  realized=$-205.00
  b132|c132_s164_w1_0928_1005_r5  n=  2  avg=-65.7%  med=-53.6%  realized=$-37.00
  b135|c135_s164_w4_1120_1135_r5  n=  1  avg=-50.0%  med=-50.0%  realized=$-4.00
  b20|c020_s164_w1_0928_1005_r1  n=  1  avg=-88.9%  med=-88.9%  realized=$-8.00
  b236|c236_s218_w3_1045_1120_r1  n=  1  avg=-33.3%  med=-33.3%  realized=$-1.00
  b237|c237_s218_w3_1045_1120_r2  n=  1  avg=-66.7%  med=-66.7%  realized=$-2.00
  b28|c028_s165_w1_0928_1005_r2  n= 17  avg=+49.5%  med=+80.0%  realized=$+448.00
  b28|c028_s173_w1_0928_1005_r2  n=  5  avg=+51.6%  med=+80.0%  realized=$+142.00
  b29|c029_s165_w2_1005_1045_r2  n=  9  avg=-23.3%  med=-50.0%  realized=$-221.00
  b29|c029_s173_w2_1005_1045_r2  n=  2  avg=-69.3%  med=-48.5%  realized=$-78.00
  b30|c030_s165_w3_1045_1120_r2  n=  9  avg=+38.8%  med=+0.0%  realized=$+260.00
  b30|c030_s173_w3_1045_1120_r2  n=  2  avg=-9.5%  med=+0.0%  realized=$-14.00
  b31|c031_s165_w4_1120_1135_r2  n=  2  avg=+145.5%  med=+175.8%  realized=$+192.00
  b48|c048_s164_w1_0928_1005_r2  n=  5  avg=-33.1%  med=-49.1%  realized=$-91.00
  b48|c048_s165_w1_0928_1005_r3  n= 16  avg=-35.9%  med=-49.1%  realized=$-344.00
  b49|c049_s164_w2_1005_1045_r2  n=  4  avg=-51.8%  med=-44.0%  realized=$-133.00
  b49|c049_s165_w2_1005_1045_r3  n= 15  avg=-49.3%  med=-49.1%  realized=$-458.00
  b50|c050_s164_w3_1045_1120_r2  n=  4  avg=-39.6%  med=-16.7%  realized=$-115.00
  b50|c050_s165_w3_1045_1120_r3  n=  9  avg=-23.6%  med=-23.1%  realized=$-142.00
  b51|c051_s165_w4_1120_1135_r3  n=  1  avg=+263.6%  med=+263.6%  realized=$+174.00
  b56|g056_lim_tp20_sl65  n=  1  avg=+47.7%  med=+47.7%  realized=$+20.52
  b57|g057_mid_tp20_sl65  n=  1  avg=+47.7%  med=+47.7%  realized=$+20.52
  b58|g058_eod_tp20_sl65  n=  1  avg=+59.1%  med=+59.1%  realized=$+25.41
  b68|c068_s165_w1_0928_1005_r4  n= 16  avg=-51.3%  med=-49.1%  realized=$-446.00
  b68|c068_s166_w1_0928_1005_r3  n=  4  avg=-52.7%  med=-49.1%  realized=$-116.00
  b69|c069_s165_w2_1005_1045_r4  n= 11  avg=+19.0%  med=-43.6%  realized=$-179.00
  b69|c069_s166_w2_1005_1045_r3  n=  4  avg=+10.1%  med=-40.0%  realized=$-87.00
  b70|c070_s165_w3_1045_1120_r4  n= 11  avg=-2.1%  med=-16.9%  realized=$-6.00
  b70|c070_s166_w3_1045_1120_r3  n=  4  avg=-42.5%  med=-27.0%  realized=$-124.00
  b70|g070_eod_tp30_sl20  n=  1  avg=+59.1%  med=+59.1%  realized=$+27.77
  b76|c076_s164_w1_0928_1005_r3  n=  1  avg=-50.0%  med=-50.0%  realized=$-2.00
  b88|c088_s165_w1_0928_1005_r5  n= 21  avg=-5.0%  med=-2.7%  realized=$-63.00
  b88|c088_s167_w1_0928_1005_r4  n=  4  avg=-12.7%  med=+30.9%  realized=$-28.00
  b89|c089_s165_w2_1005_1045_r5  n=  7  avg=+113.1%  med=+30.9%  realized=$+67.00
  b89|c089_s167_w2_1005_1045_r4  n=  2  avg=-16.2%  med=+30.9%  realized=$-22.00
  b8|c008_s165_w1_0928_1005_r1  n= 23  avg=-19.6%  med=-35.3%  realized=$-250.00
  b90|c090_s165_w3_1045_1120_r5  n= 13  avg=+7.7%  med=+0.0%  realized=$+47.00
  b90|c090_s167_w3_1045_1120_r4  n=  4  avg=-41.6%  med=-18.9%  realized=$-123.00
  b91|c091_s165_w4_1120_1135_r5  n=  2  avg=+222.0%  med=+247.0%  realized=$+293.00
  b9|c009_s165_w2_1005_1045_r1  n=  7  avg=-74.4%  med=-66.2%  realized=$-301.00
========================================================
+========================================================================+
|  OPTIONS BOT SUMMARY                                                   |
+------------------------------------------------------------------------+
|  Mode                          manage-only                             |
|  Equity                        $126,761.12                             |
|  Signals this run              0                                       |
|  Orders submitted (session)    83                                      |
|  Orders filled today (ledger)  77                                      |
|  Entries placed this run       0                                       |
|  Open virtual lots             0                                       |
|  Broker option positions       0                                       |
|  Pending orders                0                                       |
+========================================================================+
+========================================================================+
|  BUCKET LEADERBOARD (reflected ex-S173,S174)                           |
+------------------------------------------------------------------------+
|  Reflected trades=277  buckets=31  win=30%                             |
|  Returns   avg=-5.7%  med=-40.0%  p10=-66.2%  p90=+81.8%               |
|  Realized  $+4,417.13                                                  |
|  Raw incl dropped  trades=811  real=$+2,821.58                         |
|  Today     trades=4  avg=-50.0%  med=-50.0%  real=$-6.00               |
+------------------------------------------------------------------------+
|  BKT PROFILE               N  WIN  AVG%   MED%   BEST%  REAL$          |
+------------------------------------------------------------------------+
|  b51  lab0051_s206_w2_10  1 100% +263.6 +263.6 +263.6 $   +174         |
|  b91  lab0091_s210_w6_14  2 100% +222.0 +222.0 +247.0 $   +293         |
|  b31  lab0031_s203_w4_11  2 100% +145.5 +145.5 +175.8 $   +192         |
|  b28  lab0028_s203_w3_10 22  77% +50.0 +80.0 +102.0 $   +590           |
|  b58  lab0058_s207_w2_10  1 100% +59.1 +59.1 +59.1 $    +25            |
|  b56  lab0056_s207_w1_09  1 100% +47.7 +47.7 +47.7 $    +21            |
|  b57  lab0057_s207_w1_09  1 100% +47.7 +47.7 +47.7 $    +21            |
|  b89  lab0089_s210_w5_13  9  56% +84.4 +30.9 +790.0 $    +45           |
|  ... 23 more bucket(s) with exits                                      |
+------------------------------------------------------------------------+
|  Low  b20  lab0020_s202_w3_10  1   0% -88.9 -88.9 -88.9 $     -8       |
+========================================================================+
+========================================================================+
|  OPEN OPTIONS (0)                                                      |
+------------------------------------------------------------------------+
|  No open option positions                                              |
+========================================================================+
Full detail: logs/options_trial/runs/2026-07-29.log
elapsed=1.0s reconcile=0.27s cancel=0.12s manage=0.08s

=== 14:30:56 ET — manage-only (past entry window) [elapsed=0.5s reconcile=0.1s cancel=0.02s manage=0.01s] ===
=== options_morning_bot (PAPER) 2026-07-29T14:30:56.028704-04:00 ===

[Run context]
Paper auth OK — equity $127091.12, account PA36KS87UPRS
  reconcile: layout changed controlled:100:c000_s173_w1_0928_1005_r1 -> controlled:1024:lab0000_s200_w1_0928_1005_r1

[Setup]
Active buckets: 1024 | Strategies: S165, S164, S168, S167, S166, S163, S169, S170, S171, S172, S175, S200, S201, S202, S203, S204, S205, S206, S207, S208, S209, S210, S211, S212, S213, S214, S215, S216, S217, S218, S219, S400, S401, S402, S403, S350, S351, S352, S353, S354, S355, S356, S357, S358, S359, S360, S361, S362, S363, S364, S365, S366, S367, S368, S369, S370, S371, S372, S373, S374, S375, S376, S377, S378, S379, S380, S381, S382, S383, S384, S385, S386, S387, S388, S389, S390, S391, S392, S393, S394, S395, S396, S397, S398, S399, S404, S405, S406, S407, S408, S409, S410, S411, S412, S413, S414, S415, S416, S417, S418, S419
Dropped (no new entries; ex-reflected P&L): S173, S174

[Manage only]
Past entry window; manage/exit only.

[Portfolio snapshot]
========================================================
OPTIONS TRIAL STATS
========================================================
Account equity: $127,091.12
Active buckets: 1024 of 1024 profiles ($500 virtual each) — paper unlimited mode

P&L summary
  Reflected (ex-S173,S174): $+4,417.13 all-time  |  $-6.00 today
  Raw (incl dropped):     $+2,821.58 all-time  |  $-6.00 today
  Open (not sold yet): $+0.00 unrealized (virtual lots)
  Premium deployed:    $0.00 in open positions
  Combined P&L:        $+4,417.13 (reflected realized + open virtual)

Ledger (master)
  Total events:     6087
  Today entries:    77
  Today exits (reflected): 4
  All-time exits (reflected): 277  wins 30%
  Avg return/trade: -5.7%  median -40.0%

Open virtual lots (by bucket)
  (1024 quiet bucket profile(s) — no trades yet)
  (no open lots across active profiles)

Alpaca option positions
  (none)

Per-bucket exit stats (all time)
  b0|orphan_reconcile     n= 22  avg=+22.4%  med=-57.5%  realized=$+6,310.91
  b104|c104_s164_w1_0928_1005_r4  n=  1  avg=-88.9%  med=-88.9%  realized=$-8.00
  b108|c108_s202_w3_1045_1120_r1  n=  1  avg=-33.3%  med=-33.3%  realized=$-1.00
  b109|c109_s202_w3_1045_1120_r2  n=  1  avg=-66.7%  med=-66.7%  realized=$-2.00
  b10|c010_s165_w3_1045_1120_r1  n=  8  avg=-37.2%  med=-18.9%  realized=$-205.00
  b132|c132_s164_w1_0928_1005_r5  n=  2  avg=-65.7%  med=-53.6%  realized=$-37.00
  b135|c135_s164_w4_1120_1135_r5  n=  1  avg=-50.0%  med=-50.0%  realized=$-4.00
  b20|c020_s164_w1_0928_1005_r1  n=  1  avg=-88.9%  med=-88.9%  realized=$-8.00
  b236|c236_s218_w3_1045_1120_r1  n=  1  avg=-33.3%  med=-33.3%  realized=$-1.00
  b237|c237_s218_w3_1045_1120_r2  n=  1  avg=-66.7%  med=-66.7%  realized=$-2.00
  b28|c028_s165_w1_0928_1005_r2  n= 17  avg=+49.5%  med=+80.0%  realized=$+448.00
  b28|c028_s173_w1_0928_1005_r2  n=  5  avg=+51.6%  med=+80.0%  realized=$+142.00
  b29|c029_s165_w2_1005_1045_r2  n=  9  avg=-23.3%  med=-50.0%  realized=$-221.00
  b29|c029_s173_w2_1005_1045_r2  n=  2  avg=-69.3%  med=-48.5%  realized=$-78.00
  b30|c030_s165_w3_1045_1120_r2  n=  9  avg=+38.8%  med=+0.0%  realized=$+260.00
  b30|c030_s173_w3_1045_1120_r2  n=  2  avg=-9.5%  med=+0.0%  realized=$-14.00
  b31|c031_s165_w4_1120_1135_r2  n=  2  avg=+145.5%  med=+175.8%  realized=$+192.00
  b48|c048_s164_w1_0928_1005_r2  n=  5  avg=-33.1%  med=-49.1%  realized=$-91.00
  b48|c048_s165_w1_0928_1005_r3  n= 16  avg=-35.9%  med=-49.1%  realized=$-344.00
  b49|c049_s164_w2_1005_1045_r2  n=  4  avg=-51.8%  med=-44.0%  realized=$-133.00
  b49|c049_s165_w2_1005_1045_r3  n= 15  avg=-49.3%  med=-49.1%  realized=$-458.00
  b50|c050_s164_w3_1045_1120_r2  n=  4  avg=-39.6%  med=-16.7%  realized=$-115.00
  b50|c050_s165_w3_1045_1120_r3  n=  9  avg=-23.6%  med=-23.1%  realized=$-142.00
  b51|c051_s165_w4_1120_1135_r3  n=  1  avg=+263.6%  med=+263.6%  realized=$+174.00
  b56|g056_lim_tp20_sl65  n=  1  avg=+47.7%  med=+47.7%  realized=$+20.52
  b57|g057_mid_tp20_sl65  n=  1  avg=+47.7%  med=+47.7%  realized=$+20.52
  b58|g058_eod_tp20_sl65  n=  1  avg=+59.1%  med=+59.1%  realized=$+25.41
  b68|c068_s165_w1_0928_1005_r4  n= 16  avg=-51.3%  med=-49.1%  realized=$-446.00
  b68|c068_s166_w1_0928_1005_r3  n=  4  avg=-52.7%  med=-49.1%  realized=$-116.00
  b69|c069_s165_w2_1005_1045_r4  n= 11  avg=+19.0%  med=-43.6%  realized=$-179.00
  b69|c069_s166_w2_1005_1045_r3  n=  4  avg=+10.1%  med=-40.0%  realized=$-87.00
  b70|c070_s165_w3_1045_1120_r4  n= 11  avg=-2.1%  med=-16.9%  realized=$-6.00
  b70|c070_s166_w3_1045_1120_r3  n=  4  avg=-42.5%  med=-27.0%  realized=$-124.00
  b70|g070_eod_tp30_sl20  n=  1  avg=+59.1%  med=+59.1%  realized=$+27.77
  b76|c076_s164_w1_0928_1005_r3  n=  1  avg=-50.0%  med=-50.0%  realized=$-2.00
  b88|c088_s165_w1_0928_1005_r5  n= 21  avg=-5.0%  med=-2.7%  realized=$-63.00
  b88|c088_s167_w1_0928_1005_r4  n=  4  avg=-12.7%  med=+30.9%  realized=$-28.00
  b89|c089_s165_w2_1005_1045_r5  n=  7  avg=+113.1%  med=+30.9%  realized=$+67.00
  b89|c089_s167_w2_1005_1045_r4  n=  2  avg=-16.2%  med=+30.9%  realized=$-22.00
  b8|c008_s165_w1_0928_1005_r1  n= 23  avg=-19.6%  med=-35.3%  realized=$-250.00
  b90|c090_s165_w3_1045_1120_r5  n= 13  avg=+7.7%  med=+0.0%  realized=$+47.00
  b90|c090_s167_w3_1045_1120_r4  n=  4  avg=-41.6%  med=-18.9%  realized=$-123.00
  b91|c091_s165_w4_1120_1135_r5  n=  2  avg=+222.0%  med=+247.0%  realized=$+293.00
  b9|c009_s165_w2_1005_1045_r1  n=  7  avg=-74.4%  med=-66.2%  realized=$-301.00
========================================================
+========================================================================+
|  OPTIONS BOT SUMMARY                                                   |
+------------------------------------------------------------------------+
|  Mode                          manage-only                             |
|  Equity                        $127,091.12                             |
|  Signals this run              0                                       |
|  Orders submitted (session)    83                                      |
|  Orders filled today (ledger)  77                                      |
|  Entries placed this run       0                                       |
|  Open virtual lots             0                                       |
|  Broker option positions       0                                       |
|  Pending orders                0                                       |
+========================================================================+
+========================================================================+
|  BUCKET LEADERBOARD (reflected ex-S173,S174)                           |
+------------------------------------------------------------------------+
|  Reflected trades=277  buckets=31  win=30%                             |
|  Returns   avg=-5.7%  med=-40.0%  p10=-66.2%  p90=+81.8%               |
|  Realized  $+4,417.13                                                  |
|  Raw incl dropped  trades=811  real=$+2,821.58                         |
|  Today     trades=4  avg=-50.0%  med=-50.0%  real=$-6.00               |
+------------------------------------------------------------------------+
|  BKT PROFILE               N  WIN  AVG%   MED%   BEST%  REAL$          |
+------------------------------------------------------------------------+
|  b51  lab0051_s206_w2_10  1 100% +263.6 +263.6 +263.6 $   +174         |
|  b91  lab0091_s210_w6_14  2 100% +222.0 +222.0 +247.0 $   +293         |
|  b31  lab0031_s203_w4_11  2 100% +145.5 +145.5 +175.8 $   +192         |
|  b28  lab0028_s203_w3_10 22  77% +50.0 +80.0 +102.0 $   +590           |
|  b58  lab0058_s207_w2_10  1 100% +59.1 +59.1 +59.1 $    +25            |
|  b56  lab0056_s207_w1_09  1 100% +47.7 +47.7 +47.7 $    +21            |
|  b57  lab0057_s207_w1_09  1 100% +47.7 +47.7 +47.7 $    +21            |
|  b89  lab0089_s210_w5_13  9  56% +84.4 +30.9 +790.0 $    +45           |
|  ... 23 more bucket(s) with exits                                      |
+------------------------------------------------------------------------+
|  Low  b20  lab0020_s202_w3_10  1   0% -88.9 -88.9 -88.9 $     -8       |
+========================================================================+
+========================================================================+
|  OPEN OPTIONS (0)                                                      |
+------------------------------------------------------------------------+
|  No open option positions                                              |
+========================================================================+
Full detail: logs/options_trial/runs/2026-07-29.log
elapsed=0.5s reconcile=0.1s cancel=0.02s manage=0.01s

=== 14:32:30 ET — manage-only (past entry window) [elapsed=0.9s reconcile=0.27s cancel=0.12s manage=0.08s] ===
=== options_morning_bot (PAPER) 2026-07-29T14:32:30.269319-04:00 ===

[Run context]
Paper auth OK — equity $126691.12, account PA36KS87UPRS
  reconcile: layout changed controlled:100:c000_s173_w1_0928_1005_r1 -> controlled:1024:lab0000_s200_w1_0928_1005_r1

[Setup]
Active buckets: 1024 | Strategies: S165, S164, S168, S167, S166, S163, S169, S170, S171, S172, S175, S200, S201, S202, S203, S204, S205, S206, S207, S208, S209, S210, S211, S212, S213, S214, S215, S216, S217, S218, S219, S400, S401, S402, S403, S350, S351, S352, S353, S354, S355, S356, S357, S358, S359, S360, S361, S362, S363, S364, S365, S366, S367, S368, S369, S370, S371, S372, S373, S374, S375, S376, S377, S378, S379, S380, S381, S382, S383, S384, S385, S386, S387, S388, S389, S390, S391, S392, S393, S394, S395, S396, S397, S398, S399, S404, S405, S406, S407, S408, S409, S410, S411, S412, S413, S414, S415, S416, S417, S418, S419
Dropped (no new entries; ex-reflected P&L): S173, S174

[Manage only]
Past entry window; manage/exit only.

[Portfolio snapshot]
========================================================
OPTIONS TRIAL STATS
========================================================
Account equity: $126,691.12
Active buckets: 1024 of 1024 profiles ($500 virtual each) — paper unlimited mode

P&L summary
  Reflected (ex-S173,S174): $+4,417.13 all-time  |  $-6.00 today
  Raw (incl dropped):     $+2,821.58 all-time  |  $-6.00 today
  Open (not sold yet): $+0.00 unrealized (virtual lots)
  Premium deployed:    $0.00 in open positions
  Combined P&L:        $+4,417.13 (reflected realized + open virtual)

Ledger (master)
  Total events:     6087
  Today entries:    77
  Today exits (reflected): 4
  All-time exits (reflected): 277  wins 30%
  Avg return/trade: -5.7%  median -40.0%

Open virtual lots (by bucket)
  (1024 quiet bucket profile(s) — no trades yet)
  (no open lots across active profiles)

Alpaca option positions
  (none)

Per-bucket exit stats (all time)
  b0|orphan_reconcile     n= 22  avg=+22.4%  med=-57.5%  realized=$+6,310.91
  b104|c104_s164_w1_0928_1005_r4  n=  1  avg=-88.9%  med=-88.9%  realized=$-8.00
  b108|c108_s202_w3_1045_1120_r1  n=  1  avg=-33.3%  med=-33.3%  realized=$-1.00
  b109|c109_s202_w3_1045_1120_r2  n=  1  avg=-66.7%  med=-66.7%  realized=$-2.00
  b10|c010_s165_w3_1045_1120_r1  n=  8  avg=-37.2%  med=-18.9%  realized=$-205.00
  b132|c132_s164_w1_0928_1005_r5  n=  2  avg=-65.7%  med=-53.6%  realized=$-37.00
  b135|c135_s164_w4_1120_1135_r5  n=  1  avg=-50.0%  med=-50.0%  realized=$-4.00
  b20|c020_s164_w1_0928_1005_r1  n=  1  avg=-88.9%  med=-88.9%  realized=$-8.00
  b236|c236_s218_w3_1045_1120_r1  n=  1  avg=-33.3%  med=-33.3%  realized=$-1.00
  b237|c237_s218_w3_1045_1120_r2  n=  1  avg=-66.7%  med=-66.7%  realized=$-2.00
  b28|c028_s165_w1_0928_1005_r2  n= 17  avg=+49.5%  med=+80.0%  realized=$+448.00
  b28|c028_s173_w1_0928_1005_r2  n=  5  avg=+51.6%  med=+80.0%  realized=$+142.00
  b29|c029_s165_w2_1005_1045_r2  n=  9  avg=-23.3%  med=-50.0%  realized=$-221.00
  b29|c029_s173_w2_1005_1045_r2  n=  2  avg=-69.3%  med=-48.5%  realized=$-78.00
  b30|c030_s165_w3_1045_1120_r2  n=  9  avg=+38.8%  med=+0.0%  realized=$+260.00
  b30|c030_s173_w3_1045_1120_r2  n=  2  avg=-9.5%  med=+0.0%  realized=$-14.00
  b31|c031_s165_w4_1120_1135_r2  n=  2  avg=+145.5%  med=+175.8%  realized=$+192.00
  b48|c048_s164_w1_0928_1005_r2  n=  5  avg=-33.1%  med=-49.1%  realized=$-91.00
  b48|c048_s165_w1_0928_1005_r3  n= 16  avg=-35.9%  med=-49.1%  realized=$-344.00
  b49|c049_s164_w2_1005_1045_r2  n=  4  avg=-51.8%  med=-44.0%  realized=$-133.00
  b49|c049_s165_w2_1005_1045_r3  n= 15  avg=-49.3%  med=-49.1%  realized=$-458.00
  b50|c050_s164_w3_1045_1120_r2  n=  4  avg=-39.6%  med=-16.7%  realized=$-115.00
  b50|c050_s165_w3_1045_1120_r3  n=  9  avg=-23.6%  med=-23.1%  realized=$-142.00
  b51|c051_s165_w4_1120_1135_r3  n=  1  avg=+263.6%  med=+263.6%  realized=$+174.00
  b56|g056_lim_tp20_sl65  n=  1  avg=+47.7%  med=+47.7%  realized=$+20.52
  b57|g057_mid_tp20_sl65  n=  1  avg=+47.7%  med=+47.7%  realized=$+20.52
  b58|g058_eod_tp20_sl65  n=  1  avg=+59.1%  med=+59.1%  realized=$+25.41
  b68|c068_s165_w1_0928_1005_r4  n= 16  avg=-51.3%  med=-49.1%  realized=$-446.00
  b68|c068_s166_w1_0928_1005_r3  n=  4  avg=-52.7%  med=-49.1%  realized=$-116.00
  b69|c069_s165_w2_1005_1045_r4  n= 11  avg=+19.0%  med=-43.6%  realized=$-179.00
  b69|c069_s166_w2_1005_1045_r3  n=  4  avg=+10.1%  med=-40.0%  realized=$-87.00
  b70|c070_s165_w3_1045_1120_r4  n= 11  avg=-2.1%  med=-16.9%  realized=$-6.00
  b70|c070_s166_w3_1045_1120_r3  n=  4  avg=-42.5%  med=-27.0%  realized=$-124.00
  b70|g070_eod_tp30_sl20  n=  1  avg=+59.1%  med=+59.1%  realized=$+27.77
  b76|c076_s164_w1_0928_1005_r3  n=  1  avg=-50.0%  med=-50.0%  realized=$-2.00
  b88|c088_s165_w1_0928_1005_r5  n= 21  avg=-5.0%  med=-2.7%  realized=$-63.00
  b88|c088_s167_w1_0928_1005_r4  n=  4  avg=-12.7%  med=+30.9%  realized=$-28.00
  b89|c089_s165_w2_1005_1045_r5  n=  7  avg=+113.1%  med=+30.9%  realized=$+67.00
  b89|c089_s167_w2_1005_1045_r4  n=  2  avg=-16.2%  med=+30.9%  realized=$-22.00
  b8|c008_s165_w1_0928_1005_r1  n= 23  avg=-19.6%  med=-35.3%  realized=$-250.00
  b90|c090_s165_w3_1045_1120_r5  n= 13  avg=+7.7%  med=+0.0%  realized=$+47.00
  b90|c090_s167_w3_1045_1120_r4  n=  4  avg=-41.6%  med=-18.9%  realized=$-123.00
  b91|c091_s165_w4_1120_1135_r5  n=  2  avg=+222.0%  med=+247.0%  realized=$+293.00
  b9|c009_s165_w2_1005_1045_r1  n=  7  avg=-74.4%  med=-66.2%  realized=$-301.00
========================================================
+========================================================================+
|  OPTIONS BOT SUMMARY                                                   |
+------------------------------------------------------------------------+
|  Mode                          manage-only                             |
|  Equity                        $126,691.12                             |
|  Signals this run              0                                       |
|  Orders submitted (session)    83                                      |
|  Orders filled today (ledger)  77                                      |
|  Entries placed this run       0                                       |
|  Open virtual lots             0                                       |
|  Broker option positions       0                                       |
|  Pending orders                0                                       |
+========================================================================+
+========================================================================+
|  BUCKET LEADERBOARD (reflected ex-S173,S174)                           |
+------------------------------------------------------------------------+
|  Reflected trades=277  buckets=31  win=30%                             |
|  Returns   avg=-5.7%  med=-40.0%  p10=-66.2%  p90=+81.8%               |
|  Realized  $+4,417.13                                                  |
|  Raw incl dropped  trades=811  real=$+2,821.58                         |
|  Today     trades=4  avg=-50.0%  med=-50.0%  real=$-6.00               |
+------------------------------------------------------------------------+
|  BKT PROFILE               N  WIN  AVG%   MED%   BEST%  REAL$          |
+------------------------------------------------------------------------+
|  b51  lab0051_s206_w2_10  1 100% +263.6 +263.6 +263.6 $   +174         |
|  b91  lab0091_s210_w6_14  2 100% +222.0 +222.0 +247.0 $   +293         |
|  b31  lab0031_s203_w4_11  2 100% +145.5 +145.5 +175.8 $   +192         |
|  b28  lab0028_s203_w3_10 22  77% +50.0 +80.0 +102.0 $   +590           |
|  b58  lab0058_s207_w2_10  1 100% +59.1 +59.1 +59.1 $    +25            |
|  b56  lab0056_s207_w1_09  1 100% +47.7 +47.7 +47.7 $    +21            |
|  b57  lab0057_s207_w1_09  1 100% +47.7 +47.7 +47.7 $    +21            |
|  b89  lab0089_s210_w5_13  9  56% +84.4 +30.9 +790.0 $    +45           |
|  ... 23 more bucket(s) with exits                                      |
+------------------------------------------------------------------------+
|  Low  b20  lab0020_s202_w3_10  1   0% -88.9 -88.9 -88.9 $     -8       |
+========================================================================+
+========================================================================+
|  OPEN OPTIONS (0)                                                      |
+------------------------------------------------------------------------+
|  No open option positions                                              |
+========================================================================+
Full detail: logs/options_trial/runs/2026-07-29.log
elapsed=0.9s reconcile=0.27s cancel=0.12s manage=0.08s

=== 14:35:43 ET — manage-only (past entry window) [elapsed=0.5s reconcile=0.1s cancel=0.04s manage=0.02s] ===
=== options_morning_bot (PAPER) 2026-07-29T14:35:43.877519-04:00 ===

[Run context]
Paper auth OK — equity $126685.12, account PA36KS87UPRS
  reconcile: layout changed controlled:100:c000_s173_w1_0928_1005_r1 -> controlled:1024:lab0000_s200_w1_0928_1005_r1

[Setup]
Active buckets: 1024 | Strategies: S165, S164, S168, S167, S166, S163, S169, S170, S171, S172, S175, S200, S201, S202, S203, S204, S205, S206, S207, S208, S209, S210, S211, S212, S213, S214, S215, S216, S217, S218, S219, S400, S401, S402, S403, S350, S351, S352, S353, S354, S355, S356, S357, S358, S359, S360, S361, S362, S363, S364, S365, S366, S367, S368, S369, S370, S371, S372, S373, S374, S375, S376, S377, S378, S379, S380, S381, S382, S383, S384, S385, S386, S387, S388, S389, S390, S391, S392, S393, S394, S395, S396, S397, S398, S399, S404, S405, S406, S407, S408, S409, S410, S411, S412, S413, S414, S415, S416, S417, S418, S419
Dropped (no new entries; ex-reflected P&L): S173, S174

[Manage only]
Past entry window; manage/exit only.

[Portfolio snapshot]
========================================================
OPTIONS TRIAL STATS
========================================================
Account equity: $126,685.12
Active buckets: 1024 of 1024 profiles ($500 virtual each) — paper unlimited mode

P&L summary
  Reflected (ex-S173,S174): $+4,417.13 all-time  |  $-6.00 today
  Raw (incl dropped):     $+2,821.58 all-time  |  $-6.00 today
  Open (not sold yet): $+0.00 unrealized (virtual lots)
  Premium deployed:    $0.00 in open positions
  Combined P&L:        $+4,417.13 (reflected realized + open virtual)

Ledger (master)
  Total events:     6087
  Today entries:    77
  Today exits (reflected): 4
  All-time exits (reflected): 277  wins 30%
  Avg return/trade: -5.7%  median -40.0%

Open virtual lots (by bucket)
  (1024 quiet bucket profile(s) — no trades yet)
  (no open lots across active profiles)

Alpaca option positions
  (none)

Per-bucket exit stats (all time)
  b0|orphan_reconcile     n= 22  avg=+22.4%  med=-57.5%  realized=$+6,310.91
  b104|c104_s164_w1_0928_1005_r4  n=  1  avg=-88.9%  med=-88.9%  realized=$-8.00
  b108|c108_s202_w3_1045_1120_r1  n=  1  avg=-33.3%  med=-33.3%  realized=$-1.00
  b109|c109_s202_w3_1045_1120_r2  n=  1  avg=-66.7%  med=-66.7%  realized=$-2.00
  b10|c010_s165_w3_1045_1120_r1  n=  8  avg=-37.2%  med=-18.9%  realized=$-205.00
  b132|c132_s164_w1_0928_1005_r5  n=  2  avg=-65.7%  med=-53.6%  realized=$-37.00
  b135|c135_s164_w4_1120_1135_r5  n=  1  avg=-50.0%  med=-50.0%  realized=$-4.00
  b20|c020_s164_w1_0928_1005_r1  n=  1  avg=-88.9%  med=-88.9%  realized=$-8.00
  b236|c236_s218_w3_1045_1120_r1  n=  1  avg=-33.3%  med=-33.3%  realized=$-1.00
  b237|c237_s218_w3_1045_1120_r2  n=  1  avg=-66.7%  med=-66.7%  realized=$-2.00
  b28|c028_s165_w1_0928_1005_r2  n= 17  avg=+49.5%  med=+80.0%  realized=$+448.00
  b28|c028_s173_w1_0928_1005_r2  n=  5  avg=+51.6%  med=+80.0%  realized=$+142.00
  b29|c029_s165_w2_1005_1045_r2  n=  9  avg=-23.3%  med=-50.0%  realized=$-221.00
  b29|c029_s173_w2_1005_1045_r2  n=  2  avg=-69.3%  med=-48.5%  realized=$-78.00
  b30|c030_s165_w3_1045_1120_r2  n=  9  avg=+38.8%  med=+0.0%  realized=$+260.00
  b30|c030_s173_w3_1045_1120_r2  n=  2  avg=-9.5%  med=+0.0%  realized=$-14.00
  b31|c031_s165_w4_1120_1135_r2  n=  2  avg=+145.5%  med=+175.8%  realized=$+192.00
  b48|c048_s164_w1_0928_1005_r2  n=  5  avg=-33.1%  med=-49.1%  realized=$-91.00
  b48|c048_s165_w1_0928_1005_r3  n= 16  avg=-35.9%  med=-49.1%  realized=$-344.00
  b49|c049_s164_w2_1005_1045_r2  n=  4  avg=-51.8%  med=-44.0%  realized=$-133.00
  b49|c049_s165_w2_1005_1045_r3  n= 15  avg=-49.3%  med=-49.1%  realized=$-458.00
  b50|c050_s164_w3_1045_1120_r2  n=  4  avg=-39.6%  med=-16.7%  realized=$-115.00
  b50|c050_s165_w3_1045_1120_r3  n=  9  avg=-23.6%  med=-23.1%  realized=$-142.00
  b51|c051_s165_w4_1120_1135_r3  n=  1  avg=+263.6%  med=+263.6%  realized=$+174.00
  b56|g056_lim_tp20_sl65  n=  1  avg=+47.7%  med=+47.7%  realized=$+20.52
  b57|g057_mid_tp20_sl65  n=  1  avg=+47.7%  med=+47.7%  realized=$+20.52
  b58|g058_eod_tp20_sl65  n=  1  avg=+59.1%  med=+59.1%  realized=$+25.41
  b68|c068_s165_w1_0928_1005_r4  n= 16  avg=-51.3%  med=-49.1%  realized=$-446.00
  b68|c068_s166_w1_0928_1005_r3  n=  4  avg=-52.7%  med=-49.1%  realized=$-116.00
  b69|c069_s165_w2_1005_1045_r4  n= 11  avg=+19.0%  med=-43.6%  realized=$-179.00
  b69|c069_s166_w2_1005_1045_r3  n=  4  avg=+10.1%  med=-40.0%  realized=$-87.00
  b70|c070_s165_w3_1045_1120_r4  n= 11  avg=-2.1%  med=-16.9%  realized=$-6.00
  b70|c070_s166_w3_1045_1120_r3  n=  4  avg=-42.5%  med=-27.0%  realized=$-124.00
  b70|g070_eod_tp30_sl20  n=  1  avg=+59.1%  med=+59.1%  realized=$+27.77
  b76|c076_s164_w1_0928_1005_r3  n=  1  avg=-50.0%  med=-50.0%  realized=$-2.00
  b88|c088_s165_w1_0928_1005_r5  n= 21  avg=-5.0%  med=-2.7%  realized=$-63.00
  b88|c088_s167_w1_0928_1005_r4  n=  4  avg=-12.7%  med=+30.9%  realized=$-28.00
  b89|c089_s165_w2_1005_1045_r5  n=  7  avg=+113.1%  med=+30.9%  realized=$+67.00
  b89|c089_s167_w2_1005_1045_r4  n=  2  avg=-16.2%  med=+30.9%  realized=$-22.00
  b8|c008_s165_w1_0928_1005_r1  n= 23  avg=-19.6%  med=-35.3%  realized=$-250.00
  b90|c090_s165_w3_1045_1120_r5  n= 13  avg=+7.7%  med=+0.0%  realized=$+47.00
  b90|c090_s167_w3_1045_1120_r4  n=  4  avg=-41.6%  med=-18.9%  realized=$-123.00
  b91|c091_s165_w4_1120_1135_r5  n=  2  avg=+222.0%  med=+247.0%  realized=$+293.00
  b9|c009_s165_w2_1005_1045_r1  n=  7  avg=-74.4%  med=-66.2%  realized=$-301.00
========================================================
+========================================================================+
|  OPTIONS BOT SUMMARY                                                   |
+------------------------------------------------------------------------+
|  Mode                          manage-only                             |
|  Equity                        $126,685.12                             |
|  Signals this run              0                                       |
|  Orders submitted (session)    83                                      |
|  Orders filled today (ledger)  77                                      |
|  Entries placed this run       0                                       |
|  Open virtual lots             0                                       |
|  Broker option positions       0                                       |
|  Pending orders                0                                       |
+========================================================================+
+========================================================================+
|  BUCKET LEADERBOARD (reflected ex-S173,S174)                           |
+------------------------------------------------------------------------+
|  Reflected trades=277  buckets=31  win=30%                             |
|  Returns   avg=-5.7%  med=-40.0%  p10=-66.2%  p90=+81.8%               |
|  Realized  $+4,417.13                                                  |
|  Raw incl dropped  trades=811  real=$+2,821.58                         |
|  Today     trades=4  avg=-50.0%  med=-50.0%  real=$-6.00               |
+------------------------------------------------------------------------+
|  BKT PROFILE               N  WIN  AVG%   MED%   BEST%  REAL$          |
+------------------------------------------------------------------------+
|  b51  lab0051_s206_w2_10  1 100% +263.6 +263.6 +263.6 $   +174         |
|  b91  lab0091_s210_w6_14  2 100% +222.0 +222.0 +247.0 $   +293         |
|  b31  lab0031_s203_w4_11  2 100% +145.5 +145.5 +175.8 $   +192         |
|  b28  lab0028_s203_w3_10 22  77% +50.0 +80.0 +102.0 $   +590           |
|  b58  lab0058_s207_w2_10  1 100% +59.1 +59.1 +59.1 $    +25            |
|  b56  lab0056_s207_w1_09  1 100% +47.7 +47.7 +47.7 $    +21            |
|  b57  lab0057_s207_w1_09  1 100% +47.7 +47.7 +47.7 $    +21            |
|  b89  lab0089_s210_w5_13  9  56% +84.4 +30.9 +790.0 $    +45           |
|  ... 23 more bucket(s) with exits                                      |
+------------------------------------------------------------------------+
|  Low  b20  lab0020_s202_w3_10  1   0% -88.9 -88.9 -88.9 $     -8       |
+========================================================================+
+========================================================================+
|  OPEN OPTIONS (0)                                                      |
+------------------------------------------------------------------------+
|  No open option positions                                              |
+========================================================================+
Full detail: logs/options_trial/runs/2026-07-29.log
elapsed=0.5s reconcile=0.1s cancel=0.04s manage=0.02s

=== 14:40:50 ET — manage-only (past entry window) [elapsed=0.7s reconcile=0.2s cancel=0.1s manage=0.07s] ===
=== options_morning_bot (PAPER) 2026-07-29T14:40:50.428107-04:00 ===

[Run context]
Paper auth OK — equity $128327.12, account PA36KS87UPRS
  reconcile: layout changed controlled:100:c000_s173_w1_0928_1005_r1 -> controlled:1024:lab0000_s200_w1_0928_1005_r1

[Setup]
Active buckets: 1024 | Strategies: S165, S164, S168, S167, S166, S163, S169, S170, S171, S172, S175, S200, S201, S202, S203, S204, S205, S206, S207, S208, S209, S210, S211, S212, S213, S214, S215, S216, S217, S218, S219, S400, S401, S402, S403, S350, S351, S352, S353, S354, S355, S356, S357, S358, S359, S360, S361, S362, S363, S364, S365, S366, S367, S368, S369, S370, S371, S372, S373, S374, S375, S376, S377, S378, S379, S380, S381, S382, S383, S384, S385, S386, S387, S388, S389, S390, S391, S392, S393, S394, S395, S396, S397, S398, S399, S404, S405, S406, S407, S408, S409, S410, S411, S412, S413, S414, S415, S416, S417, S418, S419
Dropped (no new entries; ex-reflected P&L): S173, S174

[Manage only]
Past entry window; manage/exit only.

[Portfolio snapshot]
========================================================
OPTIONS TRIAL STATS
========================================================
Account equity: $128,327.12
Active buckets: 1024 of 1024 profiles ($500 virtual each) — paper unlimited mode

P&L summary
  Reflected (ex-S173,S174): $+4,417.13 all-time  |  $-6.00 today
  Raw (incl dropped):     $+2,821.58 all-time  |  $-6.00 today
  Open (not sold yet): $+0.00 unrealized (virtual lots)
  Premium deployed:    $0.00 in open positions
  Combined P&L:        $+4,417.13 (reflected realized + open virtual)

Ledger (master)
  Total events:     6087
  Today entries:    77
  Today exits (reflected): 4
  All-time exits (reflected): 277  wins 30%
  Avg return/trade: -5.7%  median -40.0%

Open virtual lots (by bucket)
  (1024 quiet bucket profile(s) — no trades yet)
  (no open lots across active profiles)

Alpaca option positions
  (none)

Per-bucket exit stats (all time)
  b0|orphan_reconcile     n= 22  avg=+22.4%  med=-57.5%  realized=$+6,310.91
  b104|c104_s164_w1_0928_1005_r4  n=  1  avg=-88.9%  med=-88.9%  realized=$-8.00
  b108|c108_s202_w3_1045_1120_r1  n=  1  avg=-33.3%  med=-33.3%  realized=$-1.00
  b109|c109_s202_w3_1045_1120_r2  n=  1  avg=-66.7%  med=-66.7%  realized=$-2.00
  b10|c010_s165_w3_1045_1120_r1  n=  8  avg=-37.2%  med=-18.9%  realized=$-205.00
  b132|c132_s164_w1_0928_1005_r5  n=  2  avg=-65.7%  med=-53.6%  realized=$-37.00
  b135|c135_s164_w4_1120_1135_r5  n=  1  avg=-50.0%  med=-50.0%  realized=$-4.00
  b20|c020_s164_w1_0928_1005_r1  n=  1  avg=-88.9%  med=-88.9%  realized=$-8.00
  b236|c236_s218_w3_1045_1120_r1  n=  1  avg=-33.3%  med=-33.3%  realized=$-1.00
  b237|c237_s218_w3_1045_1120_r2  n=  1  avg=-66.7%  med=-66.7%  realized=$-2.00
  b28|c028_s165_w1_0928_1005_r2  n= 17  avg=+49.5%  med=+80.0%  realized=$+448.00
  b28|c028_s173_w1_0928_1005_r2  n=  5  avg=+51.6%  med=+80.0%  realized=$+142.00
  b29|c029_s165_w2_1005_1045_r2  n=  9  avg=-23.3%  med=-50.0%  realized=$-221.00
  b29|c029_s173_w2_1005_1045_r2  n=  2  avg=-69.3%  med=-48.5%  realized=$-78.00
  b30|c030_s165_w3_1045_1120_r2  n=  9  avg=+38.8%  med=+0.0%  realized=$+260.00
  b30|c030_s173_w3_1045_1120_r2  n=  2  avg=-9.5%  med=+0.0%  realized=$-14.00
  b31|c031_s165_w4_1120_1135_r2  n=  2  avg=+145.5%  med=+175.8%  realized=$+192.00
  b48|c048_s164_w1_0928_1005_r2  n=  5  avg=-33.1%  med=-49.1%  realized=$-91.00
  b48|c048_s165_w1_0928_1005_r3  n= 16  avg=-35.9%  med=-49.1%  realized=$-344.00
  b49|c049_s164_w2_1005_1045_r2  n=  4  avg=-51.8%  med=-44.0%  realized=$-133.00
  b49|c049_s165_w2_1005_1045_r3  n= 15  avg=-49.3%  med=-49.1%  realized=$-458.00
  b50|c050_s164_w3_1045_1120_r2  n=  4  avg=-39.6%  med=-16.7%  realized=$-115.00
  b50|c050_s165_w3_1045_1120_r3  n=  9  avg=-23.6%  med=-23.1%  realized=$-142.00
  b51|c051_s165_w4_1120_1135_r3  n=  1  avg=+263.6%  med=+263.6%  realized=$+174.00
  b56|g056_lim_tp20_sl65  n=  1  avg=+47.7%  med=+47.7%  realized=$+20.52
  b57|g057_mid_tp20_sl65  n=  1  avg=+47.7%  med=+47.7%  realized=$+20.52
  b58|g058_eod_tp20_sl65  n=  1  avg=+59.1%  med=+59.1%  realized=$+25.41
  b68|c068_s165_w1_0928_1005_r4  n= 16  avg=-51.3%  med=-49.1%  realized=$-446.00
  b68|c068_s166_w1_0928_1005_r3  n=  4  avg=-52.7%  med=-49.1%  realized=$-116.00
  b69|c069_s165_w2_1005_1045_r4  n= 11  avg=+19.0%  med=-43.6%  realized=$-179.00
  b69|c069_s166_w2_1005_1045_r3  n=  4  avg=+10.1%  med=-40.0%  realized=$-87.00
  b70|c070_s165_w3_1045_1120_r4  n= 11  avg=-2.1%  med=-16.9%  realized=$-6.00
  b70|c070_s166_w3_1045_1120_r3  n=  4  avg=-42.5%  med=-27.0%  realized=$-124.00
  b70|g070_eod_tp30_sl20  n=  1  avg=+59.1%  med=+59.1%  realized=$+27.77
  b76|c076_s164_w1_0928_1005_r3  n=  1  avg=-50.0%  med=-50.0%  realized=$-2.00
  b88|c088_s165_w1_0928_1005_r5  n= 21  avg=-5.0%  med=-2.7%  realized=$-63.00
  b88|c088_s167_w1_0928_1005_r4  n=  4  avg=-12.7%  med=+30.9%  realized=$-28.00
  b89|c089_s165_w2_1005_1045_r5  n=  7  avg=+113.1%  med=+30.9%  realized=$+67.00
  b89|c089_s167_w2_1005_1045_r4  n=  2  avg=-16.2%  med=+30.9%  realized=$-22.00
  b8|c008_s165_w1_0928_1005_r1  n= 23  avg=-19.6%  med=-35.3%  realized=$-250.00
  b90|c090_s165_w3_1045_1120_r5  n= 13  avg=+7.7%  med=+0.0%  realized=$+47.00
  b90|c090_s167_w3_1045_1120_r4  n=  4  avg=-41.6%  med=-18.9%  realized=$-123.00
  b91|c091_s165_w4_1120_1135_r5  n=  2  avg=+222.0%  med=+247.0%  realized=$+293.00
  b9|c009_s165_w2_1005_1045_r1  n=  7  avg=-74.4%  med=-66.2%  realized=$-301.00
========================================================
+========================================================================+
|  OPTIONS BOT SUMMARY                                                   |
+------------------------------------------------------------------------+
|  Mode                          manage-only                             |
|  Equity                        $128,327.12                             |
|  Signals this run              0                                       |
|  Orders submitted (session)    83                                      |
|  Orders filled today (ledger)  77                                      |
|  Entries placed this run       0                                       |
|  Open virtual lots             0                                       |
|  Broker option positions       0                                       |
|  Pending orders                0                                       |
+========================================================================+
+========================================================================+
|  BUCKET LEADERBOARD (reflected ex-S173,S174)                           |
+------------------------------------------------------------------------+
|  Reflected trades=277  buckets=31  win=30%                             |
|  Returns   avg=-5.7%  med=-40.0%  p10=-66.2%  p90=+81.8%               |
|  Realized  $+4,417.13                                                  |
|  Raw incl dropped  trades=811  real=$+2,821.58                         |
|  Today     trades=4  avg=-50.0%  med=-50.0%  real=$-6.00               |
+------------------------------------------------------------------------+
|  BKT PROFILE               N  WIN  AVG%   MED%   BEST%  REAL$          |
+------------------------------------------------------------------------+
|  b51  lab0051_s206_w2_10  1 100% +263.6 +263.6 +263.6 $   +174         |
|  b91  lab0091_s210_w6_14  2 100% +222.0 +222.0 +247.0 $   +293         |
|  b31  lab0031_s203_w4_11  2 100% +145.5 +145.5 +175.8 $   +192         |
|  b28  lab0028_s203_w3_10 22  77% +50.0 +80.0 +102.0 $   +590           |
|  b58  lab0058_s207_w2_10  1 100% +59.1 +59.1 +59.1 $    +25            |
|  b56  lab0056_s207_w1_09  1 100% +47.7 +47.7 +47.7 $    +21            |
|  b57  lab0057_s207_w1_09  1 100% +47.7 +47.7 +47.7 $    +21            |
|  b89  lab0089_s210_w5_13  9  56% +84.4 +30.9 +790.0 $    +45           |
|  ... 23 more bucket(s) with exits                                      |
+------------------------------------------------------------------------+
|  Low  b20  lab0020_s202_w3_10  1   0% -88.9 -88.9 -88.9 $     -8       |
+========================================================================+
+========================================================================+
|  OPEN OPTIONS (0)                                                      |
+------------------------------------------------------------------------+
|  No open option positions                                              |
+========================================================================+
Full detail: logs/options_trial/runs/2026-07-29.log
elapsed=0.7s reconcile=0.2s cancel=0.1s manage=0.07s

=== 14:45:47 ET — manage-only (past entry window) [elapsed=0.8s reconcile=0.1s cancel=0.04s manage=0.03s] ===
=== options_morning_bot (PAPER) 2026-07-29T14:45:47.290881-04:00 ===

[Run context]
Paper auth OK — equity $128770.52, account PA36KS87UPRS
  reconcile: layout changed controlled:100:c000_s173_w1_0928_1005_r1 -> controlled:1024:lab0000_s200_w1_0928_1005_r1

[Setup]
Active buckets: 1024 | Strategies: S165, S164, S168, S167, S166, S163, S169, S170, S171, S172, S175, S200, S201, S202, S203, S204, S205, S206, S207, S208, S209, S210, S211, S212, S213, S214, S215, S216, S217, S218, S219, S400, S401, S402, S403, S350, S351, S352, S353, S354, S355, S356, S357, S358, S359, S360, S361, S362, S363, S364, S365, S366, S367, S368, S369, S370, S371, S372, S373, S374, S375, S376, S377, S378, S379, S380, S381, S382, S383, S384, S385, S386, S387, S388, S389, S390, S391, S392, S393, S394, S395, S396, S397, S398, S399, S404, S405, S406, S407, S408, S409, S410, S411, S412, S413, S414, S415, S416, S417, S418, S419
Dropped (no new entries; ex-reflected P&L): S173, S174

[Manage only]
Past entry window; manage/exit only.

[Portfolio snapshot]
========================================================
OPTIONS TRIAL STATS
========================================================
Account equity: $128,770.52
Active buckets: 1024 of 1024 profiles ($500 virtual each) — paper unlimited mode

P&L summary
  Reflected (ex-S173,S174): $+4,417.13 all-time  |  $-6.00 today
  Raw (incl dropped):     $+2,821.58 all-time  |  $-6.00 today
  Open (not sold yet): $+0.00 unrealized (virtual lots)
  Premium deployed:    $0.00 in open positions
  Combined P&L:        $+4,417.13 (reflected realized + open virtual)

Ledger (master)
  Total events:     6087
  Today entries:    77
  Today exits (reflected): 4
  All-time exits (reflected): 277  wins 30%
  Avg return/trade: -5.7%  median -40.0%

Open virtual lots (by bucket)
  (1024 quiet bucket profile(s) — no trades yet)
  (no open lots across active profiles)

Alpaca option positions
  (none)

Per-bucket exit stats (all time)
  b0|orphan_reconcile     n= 22  avg=+22.4%  med=-57.5%  realized=$+6,310.91
  b104|c104_s164_w1_0928_1005_r4  n=  1  avg=-88.9%  med=-88.9%  realized=$-8.00
  b108|c108_s202_w3_1045_1120_r1  n=  1  avg=-33.3%  med=-33.3%  realized=$-1.00
  b109|c109_s202_w3_1045_1120_r2  n=  1  avg=-66.7%  med=-66.7%  realized=$-2.00
  b10|c010_s165_w3_1045_1120_r1  n=  8  avg=-37.2%  med=-18.9%  realized=$-205.00
  b132|c132_s164_w1_0928_1005_r5  n=  2  avg=-65.7%  med=-53.6%  realized=$-37.00
  b135|c135_s164_w4_1120_1135_r5  n=  1  avg=-50.0%  med=-50.0%  realized=$-4.00
  b20|c020_s164_w1_0928_1005_r1  n=  1  avg=-88.9%  med=-88.9%  realized=$-8.00
  b236|c236_s218_w3_1045_1120_r1  n=  1  avg=-33.3%  med=-33.3%  realized=$-1.00
  b237|c237_s218_w3_1045_1120_r2  n=  1  avg=-66.7%  med=-66.7%  realized=$-2.00
  b28|c028_s165_w1_0928_1005_r2  n= 17  avg=+49.5%  med=+80.0%  realized=$+448.00
  b28|c028_s173_w1_0928_1005_r2  n=  5  avg=+51.6%  med=+80.0%  realized=$+142.00
  b29|c029_s165_w2_1005_1045_r2  n=  9  avg=-23.3%  med=-50.0%  realized=$-221.00
  b29|c029_s173_w2_1005_1045_r2  n=  2  avg=-69.3%  med=-48.5%  realized=$-78.00
  b30|c030_s165_w3_1045_1120_r2  n=  9  avg=+38.8%  med=+0.0%  realized=$+260.00
  b30|c030_s173_w3_1045_1120_r2  n=  2  avg=-9.5%  med=+0.0%  realized=$-14.00
  b31|c031_s165_w4_1120_1135_r2  n=  2  avg=+145.5%  med=+175.8%  realized=$+192.00
  b48|c048_s164_w1_0928_1005_r2  n=  5  avg=-33.1%  med=-49.1%  realized=$-91.00
  b48|c048_s165_w1_0928_1005_r3  n= 16  avg=-35.9%  med=-49.1%  realized=$-344.00
  b49|c049_s164_w2_1005_1045_r2  n=  4  avg=-51.8%  med=-44.0%  realized=$-133.00
  b49|c049_s165_w2_1005_1045_r3  n= 15  avg=-49.3%  med=-49.1%  realized=$-458.00
  b50|c050_s164_w3_1045_1120_r2  n=  4  avg=-39.6%  med=-16.7%  realized=$-115.00
  b50|c050_s165_w3_1045_1120_r3  n=  9  avg=-23.6%  med=-23.1%  realized=$-142.00
  b51|c051_s165_w4_1120_1135_r3  n=  1  avg=+263.6%  med=+263.6%  realized=$+174.00
  b56|g056_lim_tp20_sl65  n=  1  avg=+47.7%  med=+47.7%  realized=$+20.52
  b57|g057_mid_tp20_sl65  n=  1  avg=+47.7%  med=+47.7%  realized=$+20.52
  b58|g058_eod_tp20_sl65  n=  1  avg=+59.1%  med=+59.1%  realized=$+25.41
  b68|c068_s165_w1_0928_1005_r4  n= 16  avg=-51.3%  med=-49.1%  realized=$-446.00
  b68|c068_s166_w1_0928_1005_r3  n=  4  avg=-52.7%  med=-49.1%  realized=$-116.00
  b69|c069_s165_w2_1005_1045_r4  n= 11  avg=+19.0%  med=-43.6%  realized=$-179.00
  b69|c069_s166_w2_1005_1045_r3  n=  4  avg=+10.1%  med=-40.0%  realized=$-87.00
  b70|c070_s165_w3_1045_1120_r4  n= 11  avg=-2.1%  med=-16.9%  realized=$-6.00
  b70|c070_s166_w3_1045_1120_r3  n=  4  avg=-42.5%  med=-27.0%  realized=$-124.00
  b70|g070_eod_tp30_sl20  n=  1  avg=+59.1%  med=+59.1%  realized=$+27.77
  b76|c076_s164_w1_0928_1005_r3  n=  1  avg=-50.0%  med=-50.0%  realized=$-2.00
  b88|c088_s165_w1_0928_1005_r5  n= 21  avg=-5.0%  med=-2.7%  realized=$-63.00
  b88|c088_s167_w1_0928_1005_r4  n=  4  avg=-12.7%  med=+30.9%  realized=$-28.00
  b89|c089_s165_w2_1005_1045_r5  n=  7  avg=+113.1%  med=+30.9%  realized=$+67.00
  b89|c089_s167_w2_1005_1045_r4  n=  2  avg=-16.2%  med=+30.9%  realized=$-22.00
  b8|c008_s165_w1_0928_1005_r1  n= 23  avg=-19.6%  med=-35.3%  realized=$-250.00
  b90|c090_s165_w3_1045_1120_r5  n= 13  avg=+7.7%  med=+0.0%  realized=$+47.00
  b90|c090_s167_w3_1045_1120_r4  n=  4  avg=-41.6%  med=-18.9%  realized=$-123.00
  b91|c091_s165_w4_1120_1135_r5  n=  2  avg=+222.0%  med=+247.0%  realized=$+293.00
  b9|c009_s165_w2_1005_1045_r1  n=  7  avg=-74.4%  med=-66.2%  realized=$-301.00
========================================================
+========================================================================+
|  OPTIONS BOT SUMMARY                                                   |
+------------------------------------------------------------------------+
|  Mode                          manage-only                             |
|  Equity                        $128,770.52                             |
|  Signals this run              0                                       |
|  Orders submitted (session)    83                                      |
|  Orders filled today (ledger)  77                                      |
|  Entries placed this run       0                                       |
|  Open virtual lots             0                                       |
|  Broker option positions       0                                       |
|  Pending orders                0                                       |
+========================================================================+
+========================================================================+
|  BUCKET LEADERBOARD (reflected ex-S173,S174)                           |
+------------------------------------------------------------------------+
|  Reflected trades=277  buckets=31  win=30%                             |
|  Returns   avg=-5.7%  med=-40.0%  p10=-66.2%  p90=+81.8%               |
|  Realized  $+4,417.13                                                  |
|  Raw incl dropped  trades=811  real=$+2,821.58                         |
|  Today     trades=4  avg=-50.0%  med=-50.0%  real=$-6.00               |
+------------------------------------------------------------------------+
|  BKT PROFILE               N  WIN  AVG%   MED%   BEST%  REAL$          |
+------------------------------------------------------------------------+
|  b51  lab0051_s206_w2_10  1 100% +263.6 +263.6 +263.6 $   +174         |
|  b91  lab0091_s210_w6_14  2 100% +222.0 +222.0 +247.0 $   +293         |
|  b31  lab0031_s203_w4_11  2 100% +145.5 +145.5 +175.8 $   +192         |
|  b28  lab0028_s203_w3_10 22  77% +50.0 +80.0 +102.0 $   +590           |
|  b58  lab0058_s207_w2_10  1 100% +59.1 +59.1 +59.1 $    +25            |
|  b56  lab0056_s207_w1_09  1 100% +47.7 +47.7 +47.7 $    +21            |
|  b57  lab0057_s207_w1_09  1 100% +47.7 +47.7 +47.7 $    +21            |
|  b89  lab0089_s210_w5_13  9  56% +84.4 +30.9 +790.0 $    +45           |
|  ... 23 more bucket(s) with exits                                      |
+------------------------------------------------------------------------+
|  Low  b20  lab0020_s202_w3_10  1   0% -88.9 -88.9 -88.9 $     -8       |
+========================================================================+
+========================================================================+
|  OPEN OPTIONS (0)                                                      |
+------------------------------------------------------------------------+
|  No open option positions                                              |
+========================================================================+
Full detail: logs/options_trial/runs/2026-07-29.log
elapsed=0.8s reconcile=0.1s cancel=0.04s manage=0.03s

=== 14:50:42 ET — manage-only (past entry window) [elapsed=0.5s reconcile=0.08s cancel=0.03s manage=0.06s] ===
=== options_morning_bot (PAPER) 2026-07-29T14:50:42.935074-04:00 ===

[Run context]
Paper auth OK — equity $129177.12, account PA36KS87UPRS
  reconcile: layout changed controlled:100:c000_s173_w1_0928_1005_r1 -> controlled:1024:lab0000_s200_w1_0928_1005_r1

[Setup]
Active buckets: 1024 | Strategies: S165, S164, S168, S167, S166, S163, S169, S170, S171, S172, S175, S200, S201, S202, S203, S204, S205, S206, S207, S208, S209, S210, S211, S212, S213, S214, S215, S216, S217, S218, S219, S400, S401, S402, S403, S350, S351, S352, S353, S354, S355, S356, S357, S358, S359, S360, S361, S362, S363, S364, S365, S366, S367, S368, S369, S370, S371, S372, S373, S374, S375, S376, S377, S378, S379, S380, S381, S382, S383, S384, S385, S386, S387, S388, S389, S390, S391, S392, S393, S394, S395, S396, S397, S398, S399, S404, S405, S406, S407, S408, S409, S410, S411, S412, S413, S414, S415, S416, S417, S418, S419
Dropped (no new entries; ex-reflected P&L): S173, S174

[Manage only]
Past entry window; manage/exit only.

[Portfolio snapshot]
========================================================
OPTIONS TRIAL STATS
========================================================
Account equity: $129,177.12
Active buckets: 1024 of 1024 profiles ($500 virtual each) — paper unlimited mode

P&L summary
  Reflected (ex-S173,S174): $+4,417.13 all-time  |  $-6.00 today
  Raw (incl dropped):     $+2,821.58 all-time  |  $-6.00 today
  Open (not sold yet): $+0.00 unrealized (virtual lots)
  Premium deployed:    $0.00 in open positions
  Combined P&L:        $+4,417.13 (reflected realized + open virtual)

Ledger (master)
  Total events:     6087
  Today entries:    77
  Today exits (reflected): 4
  All-time exits (reflected): 277  wins 30%
  Avg return/trade: -5.7%  median -40.0%

Open virtual lots (by bucket)
  (1024 quiet bucket profile(s) — no trades yet)
  (no open lots across active profiles)

Alpaca option positions
  (none)

Per-bucket exit stats (all time)
  b0|orphan_reconcile     n= 22  avg=+22.4%  med=-57.5%  realized=$+6,310.91
  b104|c104_s164_w1_0928_1005_r4  n=  1  avg=-88.9%  med=-88.9%  realized=$-8.00
  b108|c108_s202_w3_1045_1120_r1  n=  1  avg=-33.3%  med=-33.3%  realized=$-1.00
  b109|c109_s202_w3_1045_1120_r2  n=  1  avg=-66.7%  med=-66.7%  realized=$-2.00
  b10|c010_s165_w3_1045_1120_r1  n=  8  avg=-37.2%  med=-18.9%  realized=$-205.00
  b132|c132_s164_w1_0928_1005_r5  n=  2  avg=-65.7%  med=-53.6%  realized=$-37.00
  b135|c135_s164_w4_1120_1135_r5  n=  1  avg=-50.0%  med=-50.0%  realized=$-4.00
  b20|c020_s164_w1_0928_1005_r1  n=  1  avg=-88.9%  med=-88.9%  realized=$-8.00
  b236|c236_s218_w3_1045_1120_r1  n=  1  avg=-33.3%  med=-33.3%  realized=$-1.00
  b237|c237_s218_w3_1045_1120_r2  n=  1  avg=-66.7%  med=-66.7%  realized=$-2.00
  b28|c028_s165_w1_0928_1005_r2  n= 17  avg=+49.5%  med=+80.0%  realized=$+448.00
  b28|c028_s173_w1_0928_1005_r2  n=  5  avg=+51.6%  med=+80.0%  realized=$+142.00
  b29|c029_s165_w2_1005_1045_r2  n=  9  avg=-23.3%  med=-50.0%  realized=$-221.00
  b29|c029_s173_w2_1005_1045_r2  n=  2  avg=-69.3%  med=-48.5%  realized=$-78.00
  b30|c030_s165_w3_1045_1120_r2  n=  9  avg=+38.8%  med=+0.0%  realized=$+260.00
  b30|c030_s173_w3_1045_1120_r2  n=  2  avg=-9.5%  med=+0.0%  realized=$-14.00
  b31|c031_s165_w4_1120_1135_r2  n=  2  avg=+145.5%  med=+175.8%  realized=$+192.00
  b48|c048_s164_w1_0928_1005_r2  n=  5  avg=-33.1%  med=-49.1%  realized=$-91.00
  b48|c048_s165_w1_0928_1005_r3  n= 16  avg=-35.9%  med=-49.1%  realized=$-344.00
  b49|c049_s164_w2_1005_1045_r2  n=  4  avg=-51.8%  med=-44.0%  realized=$-133.00
  b49|c049_s165_w2_1005_1045_r3  n= 15  avg=-49.3%  med=-49.1%  realized=$-458.00
  b50|c050_s164_w3_1045_1120_r2  n=  4  avg=-39.6%  med=-16.7%  realized=$-115.00
  b50|c050_s165_w3_1045_1120_r3  n=  9  avg=-23.6%  med=-23.1%  realized=$-142.00
  b51|c051_s165_w4_1120_1135_r3  n=  1  avg=+263.6%  med=+263.6%  realized=$+174.00
  b56|g056_lim_tp20_sl65  n=  1  avg=+47.7%  med=+47.7%  realized=$+20.52
  b57|g057_mid_tp20_sl65  n=  1  avg=+47.7%  med=+47.7%  realized=$+20.52
  b58|g058_eod_tp20_sl65  n=  1  avg=+59.1%  med=+59.1%  realized=$+25.41
  b68|c068_s165_w1_0928_1005_r4  n= 16  avg=-51.3%  med=-49.1%  realized=$-446.00
  b68|c068_s166_w1_0928_1005_r3  n=  4  avg=-52.7%  med=-49.1%  realized=$-116.00
  b69|c069_s165_w2_1005_1045_r4  n= 11  avg=+19.0%  med=-43.6%  realized=$-179.00
  b69|c069_s166_w2_1005_1045_r3  n=  4  avg=+10.1%  med=-40.0%  realized=$-87.00
  b70|c070_s165_w3_1045_1120_r4  n= 11  avg=-2.1%  med=-16.9%  realized=$-6.00
  b70|c070_s166_w3_1045_1120_r3  n=  4  avg=-42.5%  med=-27.0%  realized=$-124.00
  b70|g070_eod_tp30_sl20  n=  1  avg=+59.1%  med=+59.1%  realized=$+27.77
  b76|c076_s164_w1_0928_1005_r3  n=  1  avg=-50.0%  med=-50.0%  realized=$-2.00
  b88|c088_s165_w1_0928_1005_r5  n= 21  avg=-5.0%  med=-2.7%  realized=$-63.00
  b88|c088_s167_w1_0928_1005_r4  n=  4  avg=-12.7%  med=+30.9%  realized=$-28.00
  b89|c089_s165_w2_1005_1045_r5  n=  7  avg=+113.1%  med=+30.9%  realized=$+67.00
  b89|c089_s167_w2_1005_1045_r4  n=  2  avg=-16.2%  med=+30.9%  realized=$-22.00
  b8|c008_s165_w1_0928_1005_r1  n= 23  avg=-19.6%  med=-35.3%  realized=$-250.00
  b90|c090_s165_w3_1045_1120_r5  n= 13  avg=+7.7%  med=+0.0%  realized=$+47.00
  b90|c090_s167_w3_1045_1120_r4  n=  4  avg=-41.6%  med=-18.9%  realized=$-123.00
  b91|c091_s165_w4_1120_1135_r5  n=  2  avg=+222.0%  med=+247.0%  realized=$+293.00
  b9|c009_s165_w2_1005_1045_r1  n=  7  avg=-74.4%  med=-66.2%  realized=$-301.00
========================================================
+========================================================================+
|  OPTIONS BOT SUMMARY                                                   |
+------------------------------------------------------------------------+
|  Mode                          manage-only                             |
|  Equity                        $129,177.12                             |
|  Signals this run              0                                       |
|  Orders submitted (session)    83                                      |
|  Orders filled today (ledger)  77                                      |
|  Entries placed this run       0                                       |
|  Open virtual lots             0                                       |
|  Broker option positions       0                                       |
|  Pending orders                0                                       |
+========================================================================+
+========================================================================+
|  BUCKET LEADERBOARD (reflected ex-S173,S174)                           |
+------------------------------------------------------------------------+
|  Reflected trades=277  buckets=31  win=30%                             |
|  Returns   avg=-5.7%  med=-40.0%  p10=-66.2%  p90=+81.8%               |
|  Realized  $+4,417.13                                                  |
|  Raw incl dropped  trades=811  real=$+2,821.58                         |
|  Today     trades=4  avg=-50.0%  med=-50.0%  real=$-6.00               |
+------------------------------------------------------------------------+
|  BKT PROFILE               N  WIN  AVG%   MED%   BEST%  REAL$          |
+------------------------------------------------------------------------+
|  b51  lab0051_s206_w2_10  1 100% +263.6 +263.6 +263.6 $   +174         |
|  b91  lab0091_s210_w6_14  2 100% +222.0 +222.0 +247.0 $   +293         |
|  b31  lab0031_s203_w4_11  2 100% +145.5 +145.5 +175.8 $   +192         |
|  b28  lab0028_s203_w3_10 22  77% +50.0 +80.0 +102.0 $   +590           |
|  b58  lab0058_s207_w2_10  1 100% +59.1 +59.1 +59.1 $    +25            |
|  b56  lab0056_s207_w1_09  1 100% +47.7 +47.7 +47.7 $    +21            |
|  b57  lab0057_s207_w1_09  1 100% +47.7 +47.7 +47.7 $    +21            |
|  b89  lab0089_s210_w5_13  9  56% +84.4 +30.9 +790.0 $    +45           |
|  ... 23 more bucket(s) with exits                                      |
+------------------------------------------------------------------------+
|  Low  b20  lab0020_s202_w3_10  1   0% -88.9 -88.9 -88.9 $     -8       |
+========================================================================+
+========================================================================+
|  OPEN OPTIONS (0)                                                      |
+------------------------------------------------------------------------+
|  No open option positions                                              |
+========================================================================+
Full detail: logs/options_trial/runs/2026-07-29.log
elapsed=0.5s reconcile=0.08s cancel=0.03s manage=0.06s

=== 14:55:49 ET — manage-only (past entry window) [elapsed=0.7s reconcile=0.19s cancel=0.07s manage=0.04s] ===
=== options_morning_bot (PAPER) 2026-07-29T14:55:49.389883-04:00 ===

[Run context]
Paper auth OK — equity $129361.12, account PA36KS87UPRS
  reconcile: layout changed controlled:100:c000_s173_w1_0928_1005_r1 -> controlled:1024:lab0000_s200_w1_0928_1005_r1

[Setup]
Active buckets: 1024 | Strategies: S165, S164, S168, S167, S166, S163, S169, S170, S171, S172, S175, S200, S201, S202, S203, S204, S205, S206, S207, S208, S209, S210, S211, S212, S213, S214, S215, S216, S217, S218, S219, S400, S401, S402, S403, S350, S351, S352, S353, S354, S355, S356, S357, S358, S359, S360, S361, S362, S363, S364, S365, S366, S367, S368, S369, S370, S371, S372, S373, S374, S375, S376, S377, S378, S379, S380, S381, S382, S383, S384, S385, S386, S387, S388, S389, S390, S391, S392, S393, S394, S395, S396, S397, S398, S399, S404, S405, S406, S407, S408, S409, S410, S411, S412, S413, S414, S415, S416, S417, S418, S419
Dropped (no new entries; ex-reflected P&L): S173, S174

[Manage only]
Past entry window; manage/exit only.

[Portfolio snapshot]
========================================================
OPTIONS TRIAL STATS
========================================================
Account equity: $129,361.12
Active buckets: 1024 of 1024 profiles ($500 virtual each) — paper unlimited mode

P&L summary
  Reflected (ex-S173,S174): $+4,417.13 all-time  |  $-6.00 today
  Raw (incl dropped):     $+2,821.58 all-time  |  $-6.00 today
  Open (not sold yet): $+0.00 unrealized (virtual lots)
  Premium deployed:    $0.00 in open positions
  Combined P&L:        $+4,417.13 (reflected realized + open virtual)

Ledger (master)
  Total events:     6087
  Today entries:    77
  Today exits (reflected): 4
  All-time exits (reflected): 277  wins 30%
  Avg return/trade: -5.7%  median -40.0%

Open virtual lots (by bucket)
  (1024 quiet bucket profile(s) — no trades yet)
  (no open lots across active profiles)

Alpaca option positions
  (none)

Per-bucket exit stats (all time)
  b0|orphan_reconcile     n= 22  avg=+22.4%  med=-57.5%  realized=$+6,310.91
  b104|c104_s164_w1_0928_1005_r4  n=  1  avg=-88.9%  med=-88.9%  realized=$-8.00
  b108|c108_s202_w3_1045_1120_r1  n=  1  avg=-33.3%  med=-33.3%  realized=$-1.00
  b109|c109_s202_w3_1045_1120_r2  n=  1  avg=-66.7%  med=-66.7%  realized=$-2.00
  b10|c010_s165_w3_1045_1120_r1  n=  8  avg=-37.2%  med=-18.9%  realized=$-205.00
  b132|c132_s164_w1_0928_1005_r5  n=  2  avg=-65.7%  med=-53.6%  realized=$-37.00
  b135|c135_s164_w4_1120_1135_r5  n=  1  avg=-50.0%  med=-50.0%  realized=$-4.00
  b20|c020_s164_w1_0928_1005_r1  n=  1  avg=-88.9%  med=-88.9%  realized=$-8.00
  b236|c236_s218_w3_1045_1120_r1  n=  1  avg=-33.3%  med=-33.3%  realized=$-1.00
  b237|c237_s218_w3_1045_1120_r2  n=  1  avg=-66.7%  med=-66.7%  realized=$-2.00
  b28|c028_s165_w1_0928_1005_r2  n= 17  avg=+49.5%  med=+80.0%  realized=$+448.00
  b28|c028_s173_w1_0928_1005_r2  n=  5  avg=+51.6%  med=+80.0%  realized=$+142.00
  b29|c029_s165_w2_1005_1045_r2  n=  9  avg=-23.3%  med=-50.0%  realized=$-221.00
  b29|c029_s173_w2_1005_1045_r2  n=  2  avg=-69.3%  med=-48.5%  realized=$-78.00
  b30|c030_s165_w3_1045_1120_r2  n=  9  avg=+38.8%  med=+0.0%  realized=$+260.00
  b30|c030_s173_w3_1045_1120_r2  n=  2  avg=-9.5%  med=+0.0%  realized=$-14.00
  b31|c031_s165_w4_1120_1135_r2  n=  2  avg=+145.5%  med=+175.8%  realized=$+192.00
  b48|c048_s164_w1_0928_1005_r2  n=  5  avg=-33.1%  med=-49.1%  realized=$-91.00
  b48|c048_s165_w1_0928_1005_r3  n= 16  avg=-35.9%  med=-49.1%  realized=$-344.00
  b49|c049_s164_w2_1005_1045_r2  n=  4  avg=-51.8%  med=-44.0%  realized=$-133.00
  b49|c049_s165_w2_1005_1045_r3  n= 15  avg=-49.3%  med=-49.1%  realized=$-458.00
  b50|c050_s164_w3_1045_1120_r2  n=  4  avg=-39.6%  med=-16.7%  realized=$-115.00
  b50|c050_s165_w3_1045_1120_r3  n=  9  avg=-23.6%  med=-23.1%  realized=$-142.00
  b51|c051_s165_w4_1120_1135_r3  n=  1  avg=+263.6%  med=+263.6%  realized=$+174.00
  b56|g056_lim_tp20_sl65  n=  1  avg=+47.7%  med=+47.7%  realized=$+20.52
  b57|g057_mid_tp20_sl65  n=  1  avg=+47.7%  med=+47.7%  realized=$+20.52
  b58|g058_eod_tp20_sl65  n=  1  avg=+59.1%  med=+59.1%  realized=$+25.41
  b68|c068_s165_w1_0928_1005_r4  n= 16  avg=-51.3%  med=-49.1%  realized=$-446.00
  b68|c068_s166_w1_0928_1005_r3  n=  4  avg=-52.7%  med=-49.1%  realized=$-116.00
  b69|c069_s165_w2_1005_1045_r4  n= 11  avg=+19.0%  med=-43.6%  realized=$-179.00
  b69|c069_s166_w2_1005_1045_r3  n=  4  avg=+10.1%  med=-40.0%  realized=$-87.00
  b70|c070_s165_w3_1045_1120_r4  n= 11  avg=-2.1%  med=-16.9%  realized=$-6.00
  b70|c070_s166_w3_1045_1120_r3  n=  4  avg=-42.5%  med=-27.0%  realized=$-124.00
  b70|g070_eod_tp30_sl20  n=  1  avg=+59.1%  med=+59.1%  realized=$+27.77
  b76|c076_s164_w1_0928_1005_r3  n=  1  avg=-50.0%  med=-50.0%  realized=$-2.00
  b88|c088_s165_w1_0928_1005_r5  n= 21  avg=-5.0%  med=-2.7%  realized=$-63.00
  b88|c088_s167_w1_0928_1005_r4  n=  4  avg=-12.7%  med=+30.9%  realized=$-28.00
  b89|c089_s165_w2_1005_1045_r5  n=  7  avg=+113.1%  med=+30.9%  realized=$+67.00
  b89|c089_s167_w2_1005_1045_r4  n=  2  avg=-16.2%  med=+30.9%  realized=$-22.00
  b8|c008_s165_w1_0928_1005_r1  n= 23  avg=-19.6%  med=-35.3%  realized=$-250.00
  b90|c090_s165_w3_1045_1120_r5  n= 13  avg=+7.7%  med=+0.0%  realized=$+47.00
  b90|c090_s167_w3_1045_1120_r4  n=  4  avg=-41.6%  med=-18.9%  realized=$-123.00
  b91|c091_s165_w4_1120_1135_r5  n=  2  avg=+222.0%  med=+247.0%  realized=$+293.00
  b9|c009_s165_w2_1005_1045_r1  n=  7  avg=-74.4%  med=-66.2%  realized=$-301.00
========================================================
+========================================================================+
|  OPTIONS BOT SUMMARY                                                   |
+------------------------------------------------------------------------+
|  Mode                          manage-only                             |
|  Equity                        $129,361.12                             |
|  Signals this run              0                                       |
|  Orders submitted (session)    83                                      |
|  Orders filled today (ledger)  77                                      |
|  Entries placed this run       0                                       |
|  Open virtual lots             0                                       |
|  Broker option positions       0                                       |
|  Pending orders                0                                       |
+========================================================================+
+========================================================================+
|  BUCKET LEADERBOARD (reflected ex-S173,S174)                           |
+------------------------------------------------------------------------+
|  Reflected trades=277  buckets=31  win=30%                             |
|  Returns   avg=-5.7%  med=-40.0%  p10=-66.2%  p90=+81.8%               |
|  Realized  $+4,417.13                                                  |
|  Raw incl dropped  trades=811  real=$+2,821.58                         |
|  Today     trades=4  avg=-50.0%  med=-50.0%  real=$-6.00               |
+------------------------------------------------------------------------+
|  BKT PROFILE               N  WIN  AVG%   MED%   BEST%  REAL$          |
+------------------------------------------------------------------------+
|  b51  lab0051_s206_w2_10  1 100% +263.6 +263.6 +263.6 $   +174         |
|  b91  lab0091_s210_w6_14  2 100% +222.0 +222.0 +247.0 $   +293         |
|  b31  lab0031_s203_w4_11  2 100% +145.5 +145.5 +175.8 $   +192         |
|  b28  lab0028_s203_w3_10 22  77% +50.0 +80.0 +102.0 $   +590           |
|  b58  lab0058_s207_w2_10  1 100% +59.1 +59.1 +59.1 $    +25            |
|  b56  lab0056_s207_w1_09  1 100% +47.7 +47.7 +47.7 $    +21            |
|  b57  lab0057_s207_w1_09  1 100% +47.7 +47.7 +47.7 $    +21            |
|  b89  lab0089_s210_w5_13  9  56% +84.4 +30.9 +790.0 $    +45           |
|  ... 23 more bucket(s) with exits                                      |
+------------------------------------------------------------------------+
|  Low  b20  lab0020_s202_w3_10  1   0% -88.9 -88.9 -88.9 $     -8       |
+========================================================================+
+========================================================================+
|  OPEN OPTIONS (0)                                                      |
+------------------------------------------------------------------------+
|  No open option positions                                              |
+========================================================================+
Full detail: logs/options_trial/runs/2026-07-29.log
elapsed=0.7s reconcile=0.19s cancel=0.07s manage=0.04s

=== 15:01:26 ET — manage-only (past entry window) [elapsed=1.4s reconcile=0.43s cancel=0.21s manage=0.14s] ===
=== options_morning_bot (PAPER) 2026-07-29T15:01:26.072041-04:00 ===

[Run context]
Paper auth OK — equity $129415.16, account PA36KS87UPRS
  reconcile: layout changed controlled:100:c000_s173_w1_0928_1005_r1 -> controlled:1024:lab0000_s200_w1_0928_1005_r1

[Setup]
Active buckets: 1024 | Strategies: S165, S164, S168, S167, S166, S163, S169, S170, S171, S172, S175, S200, S201, S202, S203, S204, S205, S206, S207, S208, S209, S210, S211, S212, S213, S214, S215, S216, S217, S218, S219, S400, S401, S402, S403, S350, S351, S352, S353, S354, S355, S356, S357, S358, S359, S360, S361, S362, S363, S364, S365, S366, S367, S368, S369, S370, S371, S372, S373, S374, S375, S376, S377, S378, S379, S380, S381, S382, S383, S384, S385, S386, S387, S388, S389, S390, S391, S392, S393, S394, S395, S396, S397, S398, S399, S404, S405, S406, S407, S408, S409, S410, S411, S412, S413, S414, S415, S416, S417, S418, S419
Dropped (no new entries; ex-reflected P&L): S173, S174

[Manage only]
Past entry window; manage/exit only.

[Portfolio snapshot]
========================================================
OPTIONS TRIAL STATS
========================================================
Account equity: $129,415.16
Active buckets: 1024 of 1024 profiles ($500 virtual each) — paper unlimited mode

P&L summary
  Reflected (ex-S173,S174): $+4,417.13 all-time  |  $-6.00 today
  Raw (incl dropped):     $+2,821.58 all-time  |  $-6.00 today
  Open (not sold yet): $+0.00 unrealized (virtual lots)
  Premium deployed:    $0.00 in open positions
  Combined P&L:        $+4,417.13 (reflected realized + open virtual)

Ledger (master)
  Total events:     6087
  Today entries:    77
  Today exits (reflected): 4
  All-time exits (reflected): 277  wins 30%
  Avg return/trade: -5.7%  median -40.0%

Open virtual lots (by bucket)
  (1024 quiet bucket profile(s) — no trades yet)
  (no open lots across active profiles)

Alpaca option positions
  (none)

Per-bucket exit stats (all time)
  b0|orphan_reconcile     n= 22  avg=+22.4%  med=-57.5%  realized=$+6,310.91
  b104|c104_s164_w1_0928_1005_r4  n=  1  avg=-88.9%  med=-88.9%  realized=$-8.00
  b108|c108_s202_w3_1045_1120_r1  n=  1  avg=-33.3%  med=-33.3%  realized=$-1.00
  b109|c109_s202_w3_1045_1120_r2  n=  1  avg=-66.7%  med=-66.7%  realized=$-2.00
  b10|c010_s165_w3_1045_1120_r1  n=  8  avg=-37.2%  med=-18.9%  realized=$-205.00
  b132|c132_s164_w1_0928_1005_r5  n=  2  avg=-65.7%  med=-53.6%  realized=$-37.00
  b135|c135_s164_w4_1120_1135_r5  n=  1  avg=-50.0%  med=-50.0%  realized=$-4.00
  b20|c020_s164_w1_0928_1005_r1  n=  1  avg=-88.9%  med=-88.9%  realized=$-8.00
  b236|c236_s218_w3_1045_1120_r1  n=  1  avg=-33.3%  med=-33.3%  realized=$-1.00
  b237|c237_s218_w3_1045_1120_r2  n=  1  avg=-66.7%  med=-66.7%  realized=$-2.00
  b28|c028_s165_w1_0928_1005_r2  n= 17  avg=+49.5%  med=+80.0%  realized=$+448.00
  b28|c028_s173_w1_0928_1005_r2  n=  5  avg=+51.6%  med=+80.0%  realized=$+142.00
  b29|c029_s165_w2_1005_1045_r2  n=  9  avg=-23.3%  med=-50.0%  realized=$-221.00
  b29|c029_s173_w2_1005_1045_r2  n=  2  avg=-69.3%  med=-48.5%  realized=$-78.00
  b30|c030_s165_w3_1045_1120_r2  n=  9  avg=+38.8%  med=+0.0%  realized=$+260.00
  b30|c030_s173_w3_1045_1120_r2  n=  2  avg=-9.5%  med=+0.0%  realized=$-14.00
  b31|c031_s165_w4_1120_1135_r2  n=  2  avg=+145.5%  med=+175.8%  realized=$+192.00
  b48|c048_s164_w1_0928_1005_r2  n=  5  avg=-33.1%  med=-49.1%  realized=$-91.00
  b48|c048_s165_w1_0928_1005_r3  n= 16  avg=-35.9%  med=-49.1%  realized=$-344.00
  b49|c049_s164_w2_1005_1045_r2  n=  4  avg=-51.8%  med=-44.0%  realized=$-133.00
  b49|c049_s165_w2_1005_1045_r3  n= 15  avg=-49.3%  med=-49.1%  realized=$-458.00
  b50|c050_s164_w3_1045_1120_r2  n=  4  avg=-39.6%  med=-16.7%  realized=$-115.00
  b50|c050_s165_w3_1045_1120_r3  n=  9  avg=-23.6%  med=-23.1%  realized=$-142.00
  b51|c051_s165_w4_1120_1135_r3  n=  1  avg=+263.6%  med=+263.6%  realized=$+174.00
  b56|g056_lim_tp20_sl65  n=  1  avg=+47.7%  med=+47.7%  realized=$+20.52
  b57|g057_mid_tp20_sl65  n=  1  avg=+47.7%  med=+47.7%  realized=$+20.52
  b58|g058_eod_tp20_sl65  n=  1  avg=+59.1%  med=+59.1%  realized=$+25.41
  b68|c068_s165_w1_0928_1005_r4  n= 16  avg=-51.3%  med=-49.1%  realized=$-446.00
  b68|c068_s166_w1_0928_1005_r3  n=  4  avg=-52.7%  med=-49.1%  realized=$-116.00
  b69|c069_s165_w2_1005_1045_r4  n= 11  avg=+19.0%  med=-43.6%  realized=$-179.00
  b69|c069_s166_w2_1005_1045_r3  n=  4  avg=+10.1%  med=-40.0%  realized=$-87.00
  b70|c070_s165_w3_1045_1120_r4  n= 11  avg=-2.1%  med=-16.9%  realized=$-6.00
  b70|c070_s166_w3_1045_1120_r3  n=  4  avg=-42.5%  med=-27.0%  realized=$-124.00
  b70|g070_eod_tp30_sl20  n=  1  avg=+59.1%  med=+59.1%  realized=$+27.77
  b76|c076_s164_w1_0928_1005_r3  n=  1  avg=-50.0%  med=-50.0%  realized=$-2.00
  b88|c088_s165_w1_0928_1005_r5  n= 21  avg=-5.0%  med=-2.7%  realized=$-63.00
  b88|c088_s167_w1_0928_1005_r4  n=  4  avg=-12.7%  med=+30.9%  realized=$-28.00
  b89|c089_s165_w2_1005_1045_r5  n=  7  avg=+113.1%  med=+30.9%  realized=$+67.00
  b89|c089_s167_w2_1005_1045_r4  n=  2  avg=-16.2%  med=+30.9%  realized=$-22.00
  b8|c008_s165_w1_0928_1005_r1  n= 23  avg=-19.6%  med=-35.3%  realized=$-250.00
  b90|c090_s165_w3_1045_1120_r5  n= 13  avg=+7.7%  med=+0.0%  realized=$+47.00
  b90|c090_s167_w3_1045_1120_r4  n=  4  avg=-41.6%  med=-18.9%  realized=$-123.00
  b91|c091_s165_w4_1120_1135_r5  n=  2  avg=+222.0%  med=+247.0%  realized=$+293.00
  b9|c009_s165_w2_1005_1045_r1  n=  7  avg=-74.4%  med=-66.2%  realized=$-301.00
========================================================
+========================================================================+
|  OPTIONS BOT SUMMARY                                                   |
+------------------------------------------------------------------------+
|  Mode                          manage-only                             |
|  Equity                        $129,415.16                             |
|  Signals this run              0                                       |
|  Orders submitted (session)    83                                      |
|  Orders filled today (ledger)  77                                      |
|  Entries placed this run       0                                       |
|  Open virtual lots             0                                       |
|  Broker option positions       0                                       |
|  Pending orders                0                                       |
+========================================================================+
+========================================================================+
|  BUCKET LEADERBOARD (reflected ex-S173,S174)                           |
+------------------------------------------------------------------------+
|  Reflected trades=277  buckets=31  win=30%                             |
|  Returns   avg=-5.7%  med=-40.0%  p10=-66.2%  p90=+81.8%               |
|  Realized  $+4,417.13                                                  |
|  Raw incl dropped  trades=811  real=$+2,821.58                         |
|  Today     trades=4  avg=-50.0%  med=-50.0%  real=$-6.00               |
+------------------------------------------------------------------------+
|  BKT PROFILE               N  WIN  AVG%   MED%   BEST%  REAL$          |
+------------------------------------------------------------------------+
|  b51  lab0051_s206_w2_10  1 100% +263.6 +263.6 +263.6 $   +174         |
|  b91  lab0091_s210_w6_14  2 100% +222.0 +222.0 +247.0 $   +293         |
|  b31  lab0031_s203_w4_11  2 100% +145.5 +145.5 +175.8 $   +192         |
|  b28  lab0028_s203_w3_10 22  77% +50.0 +80.0 +102.0 $   +590           |
|  b58  lab0058_s207_w2_10  1 100% +59.1 +59.1 +59.1 $    +25            |
|  b56  lab0056_s207_w1_09  1 100% +47.7 +47.7 +47.7 $    +21            |
|  b57  lab0057_s207_w1_09  1 100% +47.7 +47.7 +47.7 $    +21            |
|  b89  lab0089_s210_w5_13  9  56% +84.4 +30.9 +790.0 $    +45           |
|  ... 23 more bucket(s) with exits                                      |
+------------------------------------------------------------------------+
|  Low  b20  lab0020_s202_w3_10  1   0% -88.9 -88.9 -88.9 $     -8       |
+========================================================================+
+========================================================================+
|  OPEN OPTIONS (0)                                                      |
+------------------------------------------------------------------------+
|  No open option positions                                              |
+========================================================================+
Full detail: logs/options_trial/runs/2026-07-29.log
elapsed=1.4s reconcile=0.43s cancel=0.21s manage=0.14s

=== 15:05:57 ET — manage-only (past entry window) [elapsed=1.1s reconcile=0.35s cancel=0.17s manage=0.11s] ===
=== options_morning_bot (PAPER) 2026-07-29T15:05:57.968058-04:00 ===

[Run context]
Paper auth OK — equity $129087.12, account PA36KS87UPRS
  reconcile: layout changed controlled:100:c000_s173_w1_0928_1005_r1 -> controlled:1024:lab0000_s200_w1_0928_1005_r1

[Setup]
Active buckets: 1024 | Strategies: S165, S164, S168, S167, S166, S163, S169, S170, S171, S172, S175, S200, S201, S202, S203, S204, S205, S206, S207, S208, S209, S210, S211, S212, S213, S214, S215, S216, S217, S218, S219, S400, S401, S402, S403, S350, S351, S352, S353, S354, S355, S356, S357, S358, S359, S360, S361, S362, S363, S364, S365, S366, S367, S368, S369, S370, S371, S372, S373, S374, S375, S376, S377, S378, S379, S380, S381, S382, S383, S384, S385, S386, S387, S388, S389, S390, S391, S392, S393, S394, S395, S396, S397, S398, S399, S404, S405, S406, S407, S408, S409, S410, S411, S412, S413, S414, S415, S416, S417, S418, S419
Dropped (no new entries; ex-reflected P&L): S173, S174

[Manage only]
Past entry window; manage/exit only.

[Portfolio snapshot]
========================================================
OPTIONS TRIAL STATS
========================================================
Account equity: $129,127.12
Active buckets: 1024 of 1024 profiles ($500 virtual each) — paper unlimited mode

P&L summary
  Reflected (ex-S173,S174): $+4,417.13 all-time  |  $-6.00 today
  Raw (incl dropped):     $+2,821.58 all-time  |  $-6.00 today
  Open (not sold yet): $+0.00 unrealized (virtual lots)
  Premium deployed:    $0.00 in open positions
  Combined P&L:        $+4,417.13 (reflected realized + open virtual)

Ledger (master)
  Total events:     6087
  Today entries:    77
  Today exits (reflected): 4
  All-time exits (reflected): 277  wins 30%
  Avg return/trade: -5.7%  median -40.0%

Open virtual lots (by bucket)
  (1024 quiet bucket profile(s) — no trades yet)
  (no open lots across active profiles)

Alpaca option positions
  (none)

Per-bucket exit stats (all time)
  b0|orphan_reconcile     n= 22  avg=+22.4%  med=-57.5%  realized=$+6,310.91
  b104|c104_s164_w1_0928_1005_r4  n=  1  avg=-88.9%  med=-88.9%  realized=$-8.00
  b108|c108_s202_w3_1045_1120_r1  n=  1  avg=-33.3%  med=-33.3%  realized=$-1.00
  b109|c109_s202_w3_1045_1120_r2  n=  1  avg=-66.7%  med=-66.7%  realized=$-2.00
  b10|c010_s165_w3_1045_1120_r1  n=  8  avg=-37.2%  med=-18.9%  realized=$-205.00
  b132|c132_s164_w1_0928_1005_r5  n=  2  avg=-65.7%  med=-53.6%  realized=$-37.00
  b135|c135_s164_w4_1120_1135_r5  n=  1  avg=-50.0%  med=-50.0%  realized=$-4.00
  b20|c020_s164_w1_0928_1005_r1  n=  1  avg=-88.9%  med=-88.9%  realized=$-8.00
  b236|c236_s218_w3_1045_1120_r1  n=  1  avg=-33.3%  med=-33.3%  realized=$-1.00
  b237|c237_s218_w3_1045_1120_r2  n=  1  avg=-66.7%  med=-66.7%  realized=$-2.00
  b28|c028_s165_w1_0928_1005_r2  n= 17  avg=+49.5%  med=+80.0%  realized=$+448.00
  b28|c028_s173_w1_0928_1005_r2  n=  5  avg=+51.6%  med=+80.0%  realized=$+142.00
  b29|c029_s165_w2_1005_1045_r2  n=  9  avg=-23.3%  med=-50.0%  realized=$-221.00
  b29|c029_s173_w2_1005_1045_r2  n=  2  avg=-69.3%  med=-48.5%  realized=$-78.00
  b30|c030_s165_w3_1045_1120_r2  n=  9  avg=+38.8%  med=+0.0%  realized=$+260.00
  b30|c030_s173_w3_1045_1120_r2  n=  2  avg=-9.5%  med=+0.0%  realized=$-14.00
  b31|c031_s165_w4_1120_1135_r2  n=  2  avg=+145.5%  med=+175.8%  realized=$+192.00
  b48|c048_s164_w1_0928_1005_r2  n=  5  avg=-33.1%  med=-49.1%  realized=$-91.00
  b48|c048_s165_w1_0928_1005_r3  n= 16  avg=-35.9%  med=-49.1%  realized=$-344.00
  b49|c049_s164_w2_1005_1045_r2  n=  4  avg=-51.8%  med=-44.0%  realized=$-133.00
  b49|c049_s165_w2_1005_1045_r3  n= 15  avg=-49.3%  med=-49.1%  realized=$-458.00
  b50|c050_s164_w3_1045_1120_r2  n=  4  avg=-39.6%  med=-16.7%  realized=$-115.00
  b50|c050_s165_w3_1045_1120_r3  n=  9  avg=-23.6%  med=-23.1%  realized=$-142.00
  b51|c051_s165_w4_1120_1135_r3  n=  1  avg=+263.6%  med=+263.6%  realized=$+174.00
  b56|g056_lim_tp20_sl65  n=  1  avg=+47.7%  med=+47.7%  realized=$+20.52
  b57|g057_mid_tp20_sl65  n=  1  avg=+47.7%  med=+47.7%  realized=$+20.52
  b58|g058_eod_tp20_sl65  n=  1  avg=+59.1%  med=+59.1%  realized=$+25.41
  b68|c068_s165_w1_0928_1005_r4  n= 16  avg=-51.3%  med=-49.1%  realized=$-446.00
  b68|c068_s166_w1_0928_1005_r3  n=  4  avg=-52.7%  med=-49.1%  realized=$-116.00
  b69|c069_s165_w2_1005_1045_r4  n= 11  avg=+19.0%  med=-43.6%  realized=$-179.00
  b69|c069_s166_w2_1005_1045_r3  n=  4  avg=+10.1%  med=-40.0%  realized=$-87.00
  b70|c070_s165_w3_1045_1120_r4  n= 11  avg=-2.1%  med=-16.9%  realized=$-6.00
  b70|c070_s166_w3_1045_1120_r3  n=  4  avg=-42.5%  med=-27.0%  realized=$-124.00
  b70|g070_eod_tp30_sl20  n=  1  avg=+59.1%  med=+59.1%  realized=$+27.77
  b76|c076_s164_w1_0928_1005_r3  n=  1  avg=-50.0%  med=-50.0%  realized=$-2.00
  b88|c088_s165_w1_0928_1005_r5  n= 21  avg=-5.0%  med=-2.7%  realized=$-63.00
  b88|c088_s167_w1_0928_1005_r4  n=  4  avg=-12.7%  med=+30.9%  realized=$-28.00
  b89|c089_s165_w2_1005_1045_r5  n=  7  avg=+113.1%  med=+30.9%  realized=$+67.00
  b89|c089_s167_w2_1005_1045_r4  n=  2  avg=-16.2%  med=+30.9%  realized=$-22.00
  b8|c008_s165_w1_0928_1005_r1  n= 23  avg=-19.6%  med=-35.3%  realized=$-250.00
  b90|c090_s165_w3_1045_1120_r5  n= 13  avg=+7.7%  med=+0.0%  realized=$+47.00
  b90|c090_s167_w3_1045_1120_r4  n=  4  avg=-41.6%  med=-18.9%  realized=$-123.00
  b91|c091_s165_w4_1120_1135_r5  n=  2  avg=+222.0%  med=+247.0%  realized=$+293.00
  b9|c009_s165_w2_1005_1045_r1  n=  7  avg=-74.4%  med=-66.2%  realized=$-301.00
========================================================
+========================================================================+
|  OPTIONS BOT SUMMARY                                                   |
+------------------------------------------------------------------------+
|  Mode                          manage-only                             |
|  Equity                        $129,127.12                             |
|  Signals this run              0                                       |
|  Orders submitted (session)    83                                      |
|  Orders filled today (ledger)  77                                      |
|  Entries placed this run       0                                       |
|  Open virtual lots             0                                       |
|  Broker option positions       0                                       |
|  Pending orders                0                                       |
+========================================================================+
+========================================================================+
|  BUCKET LEADERBOARD (reflected ex-S173,S174)                           |
+------------------------------------------------------------------------+
|  Reflected trades=277  buckets=31  win=30%                             |
|  Returns   avg=-5.7%  med=-40.0%  p10=-66.2%  p90=+81.8%               |
|  Realized  $+4,417.13                                                  |
|  Raw incl dropped  trades=811  real=$+2,821.58                         |
|  Today     trades=4  avg=-50.0%  med=-50.0%  real=$-6.00               |
+------------------------------------------------------------------------+
|  BKT PROFILE               N  WIN  AVG%   MED%   BEST%  REAL$          |
+------------------------------------------------------------------------+
|  b51  lab0051_s206_w2_10  1 100% +263.6 +263.6 +263.6 $   +174         |
|  b91  lab0091_s210_w6_14  2 100% +222.0 +222.0 +247.0 $   +293         |
|  b31  lab0031_s203_w4_11  2 100% +145.5 +145.5 +175.8 $   +192         |
|  b28  lab0028_s203_w3_10 22  77% +50.0 +80.0 +102.0 $   +590           |
|  b58  lab0058_s207_w2_10  1 100% +59.1 +59.1 +59.1 $    +25            |
|  b56  lab0056_s207_w1_09  1 100% +47.7 +47.7 +47.7 $    +21            |
|  b57  lab0057_s207_w1_09  1 100% +47.7 +47.7 +47.7 $    +21            |
|  b89  lab0089_s210_w5_13  9  56% +84.4 +30.9 +790.0 $    +45           |
|  ... 23 more bucket(s) with exits                                      |
+------------------------------------------------------------------------+
|  Low  b20  lab0020_s202_w3_10  1   0% -88.9 -88.9 -88.9 $     -8       |
+========================================================================+
+========================================================================+
|  OPEN OPTIONS (0)                                                      |
+------------------------------------------------------------------------+
|  No open option positions                                              |
+========================================================================+
Full detail: logs/options_trial/runs/2026-07-29.log
elapsed=1.1s reconcile=0.35s cancel=0.17s manage=0.11s

=== 15:10:45 ET — manage-only (past entry window) [elapsed=1.0s reconcile=0.27s cancel=0.13s manage=0.08s] ===
=== options_morning_bot (PAPER) 2026-07-29T15:10:45.453762-04:00 ===

[Run context]
Paper auth OK — equity $128353.12, account PA36KS87UPRS
  reconcile: layout changed controlled:100:c000_s173_w1_0928_1005_r1 -> controlled:1024:lab0000_s200_w1_0928_1005_r1

[Setup]
Active buckets: 1024 | Strategies: S165, S164, S168, S167, S166, S163, S169, S170, S171, S172, S175, S200, S201, S202, S203, S204, S205, S206, S207, S208, S209, S210, S211, S212, S213, S214, S215, S216, S217, S218, S219, S400, S401, S402, S403, S350, S351, S352, S353, S354, S355, S356, S357, S358, S359, S360, S361, S362, S363, S364, S365, S366, S367, S368, S369, S370, S371, S372, S373, S374, S375, S376, S377, S378, S379, S380, S381, S382, S383, S384, S385, S386, S387, S388, S389, S390, S391, S392, S393, S394, S395, S396, S397, S398, S399, S404, S405, S406, S407, S408, S409, S410, S411, S412, S413, S414, S415, S416, S417, S418, S419
Dropped (no new entries; ex-reflected P&L): S173, S174

[Manage only]
Past entry window; manage/exit only.

[Portfolio snapshot]
========================================================
OPTIONS TRIAL STATS
========================================================
Account equity: $128,353.12
Active buckets: 1024 of 1024 profiles ($500 virtual each) — paper unlimited mode

P&L summary
  Reflected (ex-S173,S174): $+4,417.13 all-time  |  $-6.00 today
  Raw (incl dropped):     $+2,821.58 all-time  |  $-6.00 today
  Open (not sold yet): $+0.00 unrealized (virtual lots)
  Premium deployed:    $0.00 in open positions
  Combined P&L:        $+4,417.13 (reflected realized + open virtual)

Ledger (master)
  Total events:     6087
  Today entries:    77
  Today exits (reflected): 4
  All-time exits (reflected): 277  wins 30%
  Avg return/trade: -5.7%  median -40.0%

Open virtual lots (by bucket)
  (1024 quiet bucket profile(s) — no trades yet)
  (no open lots across active profiles)

Alpaca option positions
  (none)

Per-bucket exit stats (all time)
  b0|orphan_reconcile     n= 22  avg=+22.4%  med=-57.5%  realized=$+6,310.91
  b104|c104_s164_w1_0928_1005_r4  n=  1  avg=-88.9%  med=-88.9%  realized=$-8.00
  b108|c108_s202_w3_1045_1120_r1  n=  1  avg=-33.3%  med=-33.3%  realized=$-1.00
  b109|c109_s202_w3_1045_1120_r2  n=  1  avg=-66.7%  med=-66.7%  realized=$-2.00
  b10|c010_s165_w3_1045_1120_r1  n=  8  avg=-37.2%  med=-18.9%  realized=$-205.00
  b132|c132_s164_w1_0928_1005_r5  n=  2  avg=-65.7%  med=-53.6%  realized=$-37.00
  b135|c135_s164_w4_1120_1135_r5  n=  1  avg=-50.0%  med=-50.0%  realized=$-4.00
  b20|c020_s164_w1_0928_1005_r1  n=  1  avg=-88.9%  med=-88.9%  realized=$-8.00
  b236|c236_s218_w3_1045_1120_r1  n=  1  avg=-33.3%  med=-33.3%  realized=$-1.00
  b237|c237_s218_w3_1045_1120_r2  n=  1  avg=-66.7%  med=-66.7%  realized=$-2.00
  b28|c028_s165_w1_0928_1005_r2  n= 17  avg=+49.5%  med=+80.0%  realized=$+448.00
  b28|c028_s173_w1_0928_1005_r2  n=  5  avg=+51.6%  med=+80.0%  realized=$+142.00
  b29|c029_s165_w2_1005_1045_r2  n=  9  avg=-23.3%  med=-50.0%  realized=$-221.00
  b29|c029_s173_w2_1005_1045_r2  n=  2  avg=-69.3%  med=-48.5%  realized=$-78.00
  b30|c030_s165_w3_1045_1120_r2  n=  9  avg=+38.8%  med=+0.0%  realized=$+260.00
  b30|c030_s173_w3_1045_1120_r2  n=  2  avg=-9.5%  med=+0.0%  realized=$-14.00
  b31|c031_s165_w4_1120_1135_r2  n=  2  avg=+145.5%  med=+175.8%  realized=$+192.00
  b48|c048_s164_w1_0928_1005_r2  n=  5  avg=-33.1%  med=-49.1%  realized=$-91.00
  b48|c048_s165_w1_0928_1005_r3  n= 16  avg=-35.9%  med=-49.1%  realized=$-344.00
  b49|c049_s164_w2_1005_1045_r2  n=  4  avg=-51.8%  med=-44.0%  realized=$-133.00
  b49|c049_s165_w2_1005_1045_r3  n= 15  avg=-49.3%  med=-49.1%  realized=$-458.00
  b50|c050_s164_w3_1045_1120_r2  n=  4  avg=-39.6%  med=-16.7%  realized=$-115.00
  b50|c050_s165_w3_1045_1120_r3  n=  9  avg=-23.6%  med=-23.1%  realized=$-142.00
  b51|c051_s165_w4_1120_1135_r3  n=  1  avg=+263.6%  med=+263.6%  realized=$+174.00
  b56|g056_lim_tp20_sl65  n=  1  avg=+47.7%  med=+47.7%  realized=$+20.52
  b57|g057_mid_tp20_sl65  n=  1  avg=+47.7%  med=+47.7%  realized=$+20.52
  b58|g058_eod_tp20_sl65  n=  1  avg=+59.1%  med=+59.1%  realized=$+25.41
  b68|c068_s165_w1_0928_1005_r4  n= 16  avg=-51.3%  med=-49.1%  realized=$-446.00
  b68|c068_s166_w1_0928_1005_r3  n=  4  avg=-52.7%  med=-49.1%  realized=$-116.00
  b69|c069_s165_w2_1005_1045_r4  n= 11  avg=+19.0%  med=-43.6%  realized=$-179.00
  b69|c069_s166_w2_1005_1045_r3  n=  4  avg=+10.1%  med=-40.0%  realized=$-87.00
  b70|c070_s165_w3_1045_1120_r4  n= 11  avg=-2.1%  med=-16.9%  realized=$-6.00
  b70|c070_s166_w3_1045_1120_r3  n=  4  avg=-42.5%  med=-27.0%  realized=$-124.00
  b70|g070_eod_tp30_sl20  n=  1  avg=+59.1%  med=+59.1%  realized=$+27.77
  b76|c076_s164_w1_0928_1005_r3  n=  1  avg=-50.0%  med=-50.0%  realized=$-2.00
  b88|c088_s165_w1_0928_1005_r5  n= 21  avg=-5.0%  med=-2.7%  realized=$-63.00
  b88|c088_s167_w1_0928_1005_r4  n=  4  avg=-12.7%  med=+30.9%  realized=$-28.00
  b89|c089_s165_w2_1005_1045_r5  n=  7  avg=+113.1%  med=+30.9%  realized=$+67.00
  b89|c089_s167_w2_1005_1045_r4  n=  2  avg=-16.2%  med=+30.9%  realized=$-22.00
  b8|c008_s165_w1_0928_1005_r1  n= 23  avg=-19.6%  med=-35.3%  realized=$-250.00
  b90|c090_s165_w3_1045_1120_r5  n= 13  avg=+7.7%  med=+0.0%  realized=$+47.00
  b90|c090_s167_w3_1045_1120_r4  n=  4  avg=-41.6%  med=-18.9%  realized=$-123.00
  b91|c091_s165_w4_1120_1135_r5  n=  2  avg=+222.0%  med=+247.0%  realized=$+293.00
  b9|c009_s165_w2_1005_1045_r1  n=  7  avg=-74.4%  med=-66.2%  realized=$-301.00
========================================================
+========================================================================+
|  OPTIONS BOT SUMMARY                                                   |
+------------------------------------------------------------------------+
|  Mode                          manage-only                             |
|  Equity                        $128,353.12                             |
|  Signals this run              0                                       |
|  Orders submitted (session)    83                                      |
|  Orders filled today (ledger)  77                                      |
|  Entries placed this run       0                                       |
|  Open virtual lots             0                                       |
|  Broker option positions       0                                       |
|  Pending orders                0                                       |
+========================================================================+
+========================================================================+
|  BUCKET LEADERBOARD (reflected ex-S173,S174)                           |
+------------------------------------------------------------------------+
|  Reflected trades=277  buckets=31  win=30%                             |
|  Returns   avg=-5.7%  med=-40.0%  p10=-66.2%  p90=+81.8%               |
|  Realized  $+4,417.13                                                  |
|  Raw incl dropped  trades=811  real=$+2,821.58                         |
|  Today     trades=4  avg=-50.0%  med=-50.0%  real=$-6.00               |
+------------------------------------------------------------------------+
|  BKT PROFILE               N  WIN  AVG%   MED%   BEST%  REAL$          |
+------------------------------------------------------------------------+
|  b51  lab0051_s206_w2_10  1 100% +263.6 +263.6 +263.6 $   +174         |
|  b91  lab0091_s210_w6_14  2 100% +222.0 +222.0 +247.0 $   +293         |
|  b31  lab0031_s203_w4_11  2 100% +145.5 +145.5 +175.8 $   +192         |
|  b28  lab0028_s203_w3_10 22  77% +50.0 +80.0 +102.0 $   +590           |
|  b58  lab0058_s207_w2_10  1 100% +59.1 +59.1 +59.1 $    +25            |
|  b56  lab0056_s207_w1_09  1 100% +47.7 +47.7 +47.7 $    +21            |
|  b57  lab0057_s207_w1_09  1 100% +47.7 +47.7 +47.7 $    +21            |
|  b89  lab0089_s210_w5_13  9  56% +84.4 +30.9 +790.0 $    +45           |
|  ... 23 more bucket(s) with exits                                      |
+------------------------------------------------------------------------+
|  Low  b20  lab0020_s202_w3_10  1   0% -88.9 -88.9 -88.9 $     -8       |
+========================================================================+
+========================================================================+
|  OPEN OPTIONS (0)                                                      |
+------------------------------------------------------------------------+
|  No open option positions                                              |
+========================================================================+
Full detail: logs/options_trial/runs/2026-07-29.log
elapsed=1.0s reconcile=0.27s cancel=0.13s manage=0.08s

=== 15:16:06 ET — manage-only (past entry window) [elapsed=1.6s reconcile=0.44s cancel=0.22s manage=0.14s] ===
=== options_morning_bot (PAPER) 2026-07-29T15:16:06.859394-04:00 ===

[Run context]
Paper auth OK — equity $128895.12, account PA36KS87UPRS
  reconcile: layout changed controlled:100:c000_s173_w1_0928_1005_r1 -> controlled:1024:lab0000_s200_w1_0928_1005_r1

[Setup]
Active buckets: 1024 | Strategies: S165, S164, S168, S167, S166, S163, S169, S170, S171, S172, S175, S200, S201, S202, S203, S204, S205, S206, S207, S208, S209, S210, S211, S212, S213, S214, S215, S216, S217, S218, S219, S400, S401, S402, S403, S350, S351, S352, S353, S354, S355, S356, S357, S358, S359, S360, S361, S362, S363, S364, S365, S366, S367, S368, S369, S370, S371, S372, S373, S374, S375, S376, S377, S378, S379, S380, S381, S382, S383, S384, S385, S386, S387, S388, S389, S390, S391, S392, S393, S394, S395, S396, S397, S398, S399, S404, S405, S406, S407, S408, S409, S410, S411, S412, S413, S414, S415, S416, S417, S418, S419
Dropped (no new entries; ex-reflected P&L): S173, S174

[Manage only]
Past entry window; manage/exit only.

[Portfolio snapshot]
========================================================
OPTIONS TRIAL STATS
========================================================
Account equity: $128,895.12
Active buckets: 1024 of 1024 profiles ($500 virtual each) — paper unlimited mode

P&L summary
  Reflected (ex-S173,S174): $+4,417.13 all-time  |  $-6.00 today
  Raw (incl dropped):     $+2,821.58 all-time  |  $-6.00 today
  Open (not sold yet): $+0.00 unrealized (virtual lots)
  Premium deployed:    $0.00 in open positions
  Combined P&L:        $+4,417.13 (reflected realized + open virtual)

Ledger (master)
  Total events:     6087
  Today entries:    77
  Today exits (reflected): 4
  All-time exits (reflected): 277  wins 30%
  Avg return/trade: -5.7%  median -40.0%

Open virtual lots (by bucket)
  (1024 quiet bucket profile(s) — no trades yet)
  (no open lots across active profiles)

Alpaca option positions
  (none)

Per-bucket exit stats (all time)
  b0|orphan_reconcile     n= 22  avg=+22.4%  med=-57.5%  realized=$+6,310.91
  b104|c104_s164_w1_0928_1005_r4  n=  1  avg=-88.9%  med=-88.9%  realized=$-8.00
  b108|c108_s202_w3_1045_1120_r1  n=  1  avg=-33.3%  med=-33.3%  realized=$-1.00
  b109|c109_s202_w3_1045_1120_r2  n=  1  avg=-66.7%  med=-66.7%  realized=$-2.00
  b10|c010_s165_w3_1045_1120_r1  n=  8  avg=-37.2%  med=-18.9%  realized=$-205.00
  b132|c132_s164_w1_0928_1005_r5  n=  2  avg=-65.7%  med=-53.6%  realized=$-37.00
  b135|c135_s164_w4_1120_1135_r5  n=  1  avg=-50.0%  med=-50.0%  realized=$-4.00
  b20|c020_s164_w1_0928_1005_r1  n=  1  avg=-88.9%  med=-88.9%  realized=$-8.00
  b236|c236_s218_w3_1045_1120_r1  n=  1  avg=-33.3%  med=-33.3%  realized=$-1.00
  b237|c237_s218_w3_1045_1120_r2  n=  1  avg=-66.7%  med=-66.7%  realized=$-2.00
  b28|c028_s165_w1_0928_1005_r2  n= 17  avg=+49.5%  med=+80.0%  realized=$+448.00
  b28|c028_s173_w1_0928_1005_r2  n=  5  avg=+51.6%  med=+80.0%  realized=$+142.00
  b29|c029_s165_w2_1005_1045_r2  n=  9  avg=-23.3%  med=-50.0%  realized=$-221.00
  b29|c029_s173_w2_1005_1045_r2  n=  2  avg=-69.3%  med=-48.5%  realized=$-78.00
  b30|c030_s165_w3_1045_1120_r2  n=  9  avg=+38.8%  med=+0.0%  realized=$+260.00
  b30|c030_s173_w3_1045_1120_r2  n=  2  avg=-9.5%  med=+0.0%  realized=$-14.00
  b31|c031_s165_w4_1120_1135_r2  n=  2  avg=+145.5%  med=+175.8%  realized=$+192.00
  b48|c048_s164_w1_0928_1005_r2  n=  5  avg=-33.1%  med=-49.1%  realized=$-91.00
  b48|c048_s165_w1_0928_1005_r3  n= 16  avg=-35.9%  med=-49.1%  realized=$-344.00
  b49|c049_s164_w2_1005_1045_r2  n=  4  avg=-51.8%  med=-44.0%  realized=$-133.00
  b49|c049_s165_w2_1005_1045_r3  n= 15  avg=-49.3%  med=-49.1%  realized=$-458.00
  b50|c050_s164_w3_1045_1120_r2  n=  4  avg=-39.6%  med=-16.7%  realized=$-115.00
  b50|c050_s165_w3_1045_1120_r3  n=  9  avg=-23.6%  med=-23.1%  realized=$-142.00
  b51|c051_s165_w4_1120_1135_r3  n=  1  avg=+263.6%  med=+263.6%  realized=$+174.00
  b56|g056_lim_tp20_sl65  n=  1  avg=+47.7%  med=+47.7%  realized=$+20.52
  b57|g057_mid_tp20_sl65  n=  1  avg=+47.7%  med=+47.7%  realized=$+20.52
  b58|g058_eod_tp20_sl65  n=  1  avg=+59.1%  med=+59.1%  realized=$+25.41
  b68|c068_s165_w1_0928_1005_r4  n= 16  avg=-51.3%  med=-49.1%  realized=$-446.00
  b68|c068_s166_w1_0928_1005_r3  n=  4  avg=-52.7%  med=-49.1%  realized=$-116.00
  b69|c069_s165_w2_1005_1045_r4  n= 11  avg=+19.0%  med=-43.6%  realized=$-179.00
  b69|c069_s166_w2_1005_1045_r3  n=  4  avg=+10.1%  med=-40.0%  realized=$-87.00
  b70|c070_s165_w3_1045_1120_r4  n= 11  avg=-2.1%  med=-16.9%  realized=$-6.00
  b70|c070_s166_w3_1045_1120_r3  n=  4  avg=-42.5%  med=-27.0%  realized=$-124.00
  b70|g070_eod_tp30_sl20  n=  1  avg=+59.1%  med=+59.1%  realized=$+27.77
  b76|c076_s164_w1_0928_1005_r3  n=  1  avg=-50.0%  med=-50.0%  realized=$-2.00
  b88|c088_s165_w1_0928_1005_r5  n= 21  avg=-5.0%  med=-2.7%  realized=$-63.00
  b88|c088_s167_w1_0928_1005_r4  n=  4  avg=-12.7%  med=+30.9%  realized=$-28.00
  b89|c089_s165_w2_1005_1045_r5  n=  7  avg=+113.1%  med=+30.9%  realized=$+67.00
  b89|c089_s167_w2_1005_1045_r4  n=  2  avg=-16.2%  med=+30.9%  realized=$-22.00
  b8|c008_s165_w1_0928_1005_r1  n= 23  avg=-19.6%  med=-35.3%  realized=$-250.00
  b90|c090_s165_w3_1045_1120_r5  n= 13  avg=+7.7%  med=+0.0%  realized=$+47.00
  b90|c090_s167_w3_1045_1120_r4  n=  4  avg=-41.6%  med=-18.9%  realized=$-123.00
  b91|c091_s165_w4_1120_1135_r5  n=  2  avg=+222.0%  med=+247.0%  realized=$+293.00
  b9|c009_s165_w2_1005_1045_r1  n=  7  avg=-74.4%  med=-66.2%  realized=$-301.00
========================================================
+========================================================================+
|  OPTIONS BOT SUMMARY                                                   |
+------------------------------------------------------------------------+
|  Mode                          manage-only                             |
|  Equity                        $128,895.12                             |
|  Signals this run              0                                       |
|  Orders submitted (session)    83                                      |
|  Orders filled today (ledger)  77                                      |
|  Entries placed this run       0                                       |
|  Open virtual lots             0                                       |
|  Broker option positions       0                                       |
|  Pending orders                0                                       |
+========================================================================+
+========================================================================+
|  BUCKET LEADERBOARD (reflected ex-S173,S174)                           |
+------------------------------------------------------------------------+
|  Reflected trades=277  buckets=31  win=30%                             |
|  Returns   avg=-5.7%  med=-40.0%  p10=-66.2%  p90=+81.8%               |
|  Realized  $+4,417.13                                                  |
|  Raw incl dropped  trades=811  real=$+2,821.58                         |
|  Today     trades=4  avg=-50.0%  med=-50.0%  real=$-6.00               |
+------------------------------------------------------------------------+
|  BKT PROFILE               N  WIN  AVG%   MED%   BEST%  REAL$          |
+------------------------------------------------------------------------+
|  b51  lab0051_s206_w2_10  1 100% +263.6 +263.6 +263.6 $   +174         |
|  b91  lab0091_s210_w6_14  2 100% +222.0 +222.0 +247.0 $   +293         |
|  b31  lab0031_s203_w4_11  2 100% +145.5 +145.5 +175.8 $   +192         |
|  b28  lab0028_s203_w3_10 22  77% +50.0 +80.0 +102.0 $   +590           |
|  b58  lab0058_s207_w2_10  1 100% +59.1 +59.1 +59.1 $    +25            |
|  b56  lab0056_s207_w1_09  1 100% +47.7 +47.7 +47.7 $    +21            |
|  b57  lab0057_s207_w1_09  1 100% +47.7 +47.7 +47.7 $    +21            |
|  b89  lab0089_s210_w5_13  9  56% +84.4 +30.9 +790.0 $    +45           |
|  ... 23 more bucket(s) with exits                                      |
+------------------------------------------------------------------------+
|  Low  b20  lab0020_s202_w3_10  1   0% -88.9 -88.9 -88.9 $     -8       |
+========================================================================+
+========================================================================+
|  OPEN OPTIONS (0)                                                      |
+------------------------------------------------------------------------+
|  No open option positions                                              |
+========================================================================+
Full detail: logs/options_trial/runs/2026-07-29.log
elapsed=1.6s reconcile=0.44s cancel=0.22s manage=0.14s

=== 15:20:54 ET — manage-only (past entry window) [elapsed=1.5s reconcile=0.46s cancel=0.22s manage=0.15s] ===
=== options_morning_bot (PAPER) 2026-07-29T15:20:54.293116-04:00 ===

[Run context]
Paper auth OK — equity $127921.28, account PA36KS87UPRS
  reconcile: layout changed controlled:100:c000_s173_w1_0928_1005_r1 -> controlled:1024:lab0000_s200_w1_0928_1005_r1

[Setup]
Active buckets: 1024 | Strategies: S165, S164, S168, S167, S166, S163, S169, S170, S171, S172, S175, S200, S201, S202, S203, S204, S205, S206, S207, S208, S209, S210, S211, S212, S213, S214, S215, S216, S217, S218, S219, S400, S401, S402, S403, S350, S351, S352, S353, S354, S355, S356, S357, S358, S359, S360, S361, S362, S363, S364, S365, S366, S367, S368, S369, S370, S371, S372, S373, S374, S375, S376, S377, S378, S379, S380, S381, S382, S383, S384, S385, S386, S387, S388, S389, S390, S391, S392, S393, S394, S395, S396, S397, S398, S399, S404, S405, S406, S407, S408, S409, S410, S411, S412, S413, S414, S415, S416, S417, S418, S419
Dropped (no new entries; ex-reflected P&L): S173, S174

[Manage only]
Past entry window; manage/exit only.

[Portfolio snapshot]
========================================================
OPTIONS TRIAL STATS
========================================================
Account equity: $127,921.28
Active buckets: 1024 of 1024 profiles ($500 virtual each) — paper unlimited mode

P&L summary
  Reflected (ex-S173,S174): $+4,417.13 all-time  |  $-6.00 today
  Raw (incl dropped):     $+2,821.58 all-time  |  $-6.00 today
  Open (not sold yet): $+0.00 unrealized (virtual lots)
  Premium deployed:    $0.00 in open positions
  Combined P&L:        $+4,417.13 (reflected realized + open virtual)

Ledger (master)
  Total events:     6087
  Today entries:    77
  Today exits (reflected): 4
  All-time exits (reflected): 277  wins 30%
  Avg return/trade: -5.7%  median -40.0%

Open virtual lots (by bucket)
  (1024 quiet bucket profile(s) — no trades yet)
  (no open lots across active profiles)

Alpaca option positions
  (none)

Per-bucket exit stats (all time)
  b0|orphan_reconcile     n= 22  avg=+22.4%  med=-57.5%  realized=$+6,310.91
  b104|c104_s164_w1_0928_1005_r4  n=  1  avg=-88.9%  med=-88.9%  realized=$-8.00
  b108|c108_s202_w3_1045_1120_r1  n=  1  avg=-33.3%  med=-33.3%  realized=$-1.00
  b109|c109_s202_w3_1045_1120_r2  n=  1  avg=-66.7%  med=-66.7%  realized=$-2.00
  b10|c010_s165_w3_1045_1120_r1  n=  8  avg=-37.2%  med=-18.9%  realized=$-205.00
  b132|c132_s164_w1_0928_1005_r5  n=  2  avg=-65.7%  med=-53.6%  realized=$-37.00
  b135|c135_s164_w4_1120_1135_r5  n=  1  avg=-50.0%  med=-50.0%  realized=$-4.00
  b20|c020_s164_w1_0928_1005_r1  n=  1  avg=-88.9%  med=-88.9%  realized=$-8.00
  b236|c236_s218_w3_1045_1120_r1  n=  1  avg=-33.3%  med=-33.3%  realized=$-1.00
  b237|c237_s218_w3_1045_1120_r2  n=  1  avg=-66.7%  med=-66.7%  realized=$-2.00
  b28|c028_s165_w1_0928_1005_r2  n= 17  avg=+49.5%  med=+80.0%  realized=$+448.00
  b28|c028_s173_w1_0928_1005_r2  n=  5  avg=+51.6%  med=+80.0%  realized=$+142.00
  b29|c029_s165_w2_1005_1045_r2  n=  9  avg=-23.3%  med=-50.0%  realized=$-221.00
  b29|c029_s173_w2_1005_1045_r2  n=  2  avg=-69.3%  med=-48.5%  realized=$-78.00
  b30|c030_s165_w3_1045_1120_r2  n=  9  avg=+38.8%  med=+0.0%  realized=$+260.00
  b30|c030_s173_w3_1045_1120_r2  n=  2  avg=-9.5%  med=+0.0%  realized=$-14.00
  b31|c031_s165_w4_1120_1135_r2  n=  2  avg=+145.5%  med=+175.8%  realized=$+192.00
  b48|c048_s164_w1_0928_1005_r2  n=  5  avg=-33.1%  med=-49.1%  realized=$-91.00
  b48|c048_s165_w1_0928_1005_r3  n= 16  avg=-35.9%  med=-49.1%  realized=$-344.00
  b49|c049_s164_w2_1005_1045_r2  n=  4  avg=-51.8%  med=-44.0%  realized=$-133.00
  b49|c049_s165_w2_1005_1045_r3  n= 15  avg=-49.3%  med=-49.1%  realized=$-458.00
  b50|c050_s164_w3_1045_1120_r2  n=  4  avg=-39.6%  med=-16.7%  realized=$-115.00
  b50|c050_s165_w3_1045_1120_r3  n=  9  avg=-23.6%  med=-23.1%  realized=$-142.00
  b51|c051_s165_w4_1120_1135_r3  n=  1  avg=+263.6%  med=+263.6%  realized=$+174.00
  b56|g056_lim_tp20_sl65  n=  1  avg=+47.7%  med=+47.7%  realized=$+20.52
  b57|g057_mid_tp20_sl65  n=  1  avg=+47.7%  med=+47.7%  realized=$+20.52
  b58|g058_eod_tp20_sl65  n=  1  avg=+59.1%  med=+59.1%  realized=$+25.41
  b68|c068_s165_w1_0928_1005_r4  n= 16  avg=-51.3%  med=-49.1%  realized=$-446.00
  b68|c068_s166_w1_0928_1005_r3  n=  4  avg=-52.7%  med=-49.1%  realized=$-116.00
  b69|c069_s165_w2_1005_1045_r4  n= 11  avg=+19.0%  med=-43.6%  realized=$-179.00
  b69|c069_s166_w2_1005_1045_r3  n=  4  avg=+10.1%  med=-40.0%  realized=$-87.00
  b70|c070_s165_w3_1045_1120_r4  n= 11  avg=-2.1%  med=-16.9%  realized=$-6.00
  b70|c070_s166_w3_1045_1120_r3  n=  4  avg=-42.5%  med=-27.0%  realized=$-124.00
  b70|g070_eod_tp30_sl20  n=  1  avg=+59.1%  med=+59.1%  realized=$+27.77
  b76|c076_s164_w1_0928_1005_r3  n=  1  avg=-50.0%  med=-50.0%  realized=$-2.00
  b88|c088_s165_w1_0928_1005_r5  n= 21  avg=-5.0%  med=-2.7%  realized=$-63.00
  b88|c088_s167_w1_0928_1005_r4  n=  4  avg=-12.7%  med=+30.9%  realized=$-28.00
  b89|c089_s165_w2_1005_1045_r5  n=  7  avg=+113.1%  med=+30.9%  realized=$+67.00
  b89|c089_s167_w2_1005_1045_r4  n=  2  avg=-16.2%  med=+30.9%  realized=$-22.00
  b8|c008_s165_w1_0928_1005_r1  n= 23  avg=-19.6%  med=-35.3%  realized=$-250.00
  b90|c090_s165_w3_1045_1120_r5  n= 13  avg=+7.7%  med=+0.0%  realized=$+47.00
  b90|c090_s167_w3_1045_1120_r4  n=  4  avg=-41.6%  med=-18.9%  realized=$-123.00
  b91|c091_s165_w4_1120_1135_r5  n=  2  avg=+222.0%  med=+247.0%  realized=$+293.00
  b9|c009_s165_w2_1005_1045_r1  n=  7  avg=-74.4%  med=-66.2%  realized=$-301.00
========================================================
+========================================================================+
|  OPTIONS BOT SUMMARY                                                   |
+------------------------------------------------------------------------+
|  Mode                          manage-only                             |
|  Equity                        $127,921.28                             |
|  Signals this run              0                                       |
|  Orders submitted (session)    83                                      |
|  Orders filled today (ledger)  77                                      |
|  Entries placed this run       0                                       |
|  Open virtual lots             0                                       |
|  Broker option positions       0                                       |
|  Pending orders                0                                       |
+========================================================================+
+========================================================================+
|  BUCKET LEADERBOARD (reflected ex-S173,S174)                           |
+------------------------------------------------------------------------+
|  Reflected trades=277  buckets=31  win=30%                             |
|  Returns   avg=-5.7%  med=-40.0%  p10=-66.2%  p90=+81.8%               |
|  Realized  $+4,417.13                                                  |
|  Raw incl dropped  trades=811  real=$+2,821.58                         |
|  Today     trades=4  avg=-50.0%  med=-50.0%  real=$-6.00               |
+------------------------------------------------------------------------+
|  BKT PROFILE               N  WIN  AVG%   MED%   BEST%  REAL$          |
+------------------------------------------------------------------------+
|  b51  lab0051_s206_w2_10  1 100% +263.6 +263.6 +263.6 $   +174         |
|  b91  lab0091_s210_w6_14  2 100% +222.0 +222.0 +247.0 $   +293         |
|  b31  lab0031_s203_w4_11  2 100% +145.5 +145.5 +175.8 $   +192         |
|  b28  lab0028_s203_w3_10 22  77% +50.0 +80.0 +102.0 $   +590           |
|  b58  lab0058_s207_w2_10  1 100% +59.1 +59.1 +59.1 $    +25            |
|  b56  lab0056_s207_w1_09  1 100% +47.7 +47.7 +47.7 $    +21            |
|  b57  lab0057_s207_w1_09  1 100% +47.7 +47.7 +47.7 $    +21            |
|  b89  lab0089_s210_w5_13  9  56% +84.4 +30.9 +790.0 $    +45           |
|  ... 23 more bucket(s) with exits                                      |
+------------------------------------------------------------------------+
|  Low  b20  lab0020_s202_w3_10  1   0% -88.9 -88.9 -88.9 $     -8       |
+========================================================================+
+========================================================================+
|  OPEN OPTIONS (0)                                                      |
+------------------------------------------------------------------------+
|  No open option positions                                              |
+========================================================================+
Full detail: logs/options_trial/runs/2026-07-29.log
elapsed=1.5s reconcile=0.46s cancel=0.22s manage=0.15s

=== 15:25:42 ET — manage-only (past entry window) [elapsed=0.4s reconcile=0.08s cancel=0.03s manage=0.02s] ===
=== options_morning_bot (PAPER) 2026-07-29T15:25:42.137335-04:00 ===

[Run context]
Paper auth OK — equity $127425.12, account PA36KS87UPRS
  reconcile: layout changed controlled:100:c000_s173_w1_0928_1005_r1 -> controlled:1024:lab0000_s200_w1_0928_1005_r1

[Setup]
Active buckets: 1024 | Strategies: S165, S164, S168, S167, S166, S163, S169, S170, S171, S172, S175, S200, S201, S202, S203, S204, S205, S206, S207, S208, S209, S210, S211, S212, S213, S214, S215, S216, S217, S218, S219, S400, S401, S402, S403, S350, S351, S352, S353, S354, S355, S356, S357, S358, S359, S360, S361, S362, S363, S364, S365, S366, S367, S368, S369, S370, S371, S372, S373, S374, S375, S376, S377, S378, S379, S380, S381, S382, S383, S384, S385, S386, S387, S388, S389, S390, S391, S392, S393, S394, S395, S396, S397, S398, S399, S404, S405, S406, S407, S408, S409, S410, S411, S412, S413, S414, S415, S416, S417, S418, S419
Dropped (no new entries; ex-reflected P&L): S173, S174

[Manage only]
Past entry window; manage/exit only.

[Portfolio snapshot]
========================================================
OPTIONS TRIAL STATS
========================================================
Account equity: $127,425.12
Active buckets: 1024 of 1024 profiles ($500 virtual each) — paper unlimited mode

P&L summary
  Reflected (ex-S173,S174): $+4,417.13 all-time  |  $-6.00 today
  Raw (incl dropped):     $+2,821.58 all-time  |  $-6.00 today
  Open (not sold yet): $+0.00 unrealized (virtual lots)
  Premium deployed:    $0.00 in open positions
  Combined P&L:        $+4,417.13 (reflected realized + open virtual)

Ledger (master)
  Total events:     6087
  Today entries:    77
  Today exits (reflected): 4
  All-time exits (reflected): 277  wins 30%
  Avg return/trade: -5.7%  median -40.0%

Open virtual lots (by bucket)
  (1024 quiet bucket profile(s) — no trades yet)
  (no open lots across active profiles)

Alpaca option positions
  (none)

Per-bucket exit stats (all time)
  b0|orphan_reconcile     n= 22  avg=+22.4%  med=-57.5%  realized=$+6,310.91
  b104|c104_s164_w1_0928_1005_r4  n=  1  avg=-88.9%  med=-88.9%  realized=$-8.00
  b108|c108_s202_w3_1045_1120_r1  n=  1  avg=-33.3%  med=-33.3%  realized=$-1.00
  b109|c109_s202_w3_1045_1120_r2  n=  1  avg=-66.7%  med=-66.7%  realized=$-2.00
  b10|c010_s165_w3_1045_1120_r1  n=  8  avg=-37.2%  med=-18.9%  realized=$-205.00
  b132|c132_s164_w1_0928_1005_r5  n=  2  avg=-65.7%  med=-53.6%  realized=$-37.00
  b135|c135_s164_w4_1120_1135_r5  n=  1  avg=-50.0%  med=-50.0%  realized=$-4.00
  b20|c020_s164_w1_0928_1005_r1  n=  1  avg=-88.9%  med=-88.9%  realized=$-8.00
  b236|c236_s218_w3_1045_1120_r1  n=  1  avg=-33.3%  med=-33.3%  realized=$-1.00
  b237|c237_s218_w3_1045_1120_r2  n=  1  avg=-66.7%  med=-66.7%  realized=$-2.00
  b28|c028_s165_w1_0928_1005_r2  n= 17  avg=+49.5%  med=+80.0%  realized=$+448.00
  b28|c028_s173_w1_0928_1005_r2  n=  5  avg=+51.6%  med=+80.0%  realized=$+142.00
  b29|c029_s165_w2_1005_1045_r2  n=  9  avg=-23.3%  med=-50.0%  realized=$-221.00
  b29|c029_s173_w2_1005_1045_r2  n=  2  avg=-69.3%  med=-48.5%  realized=$-78.00
  b30|c030_s165_w3_1045_1120_r2  n=  9  avg=+38.8%  med=+0.0%  realized=$+260.00
  b30|c030_s173_w3_1045_1120_r2  n=  2  avg=-9.5%  med=+0.0%  realized=$-14.00
  b31|c031_s165_w4_1120_1135_r2  n=  2  avg=+145.5%  med=+175.8%  realized=$+192.00
  b48|c048_s164_w1_0928_1005_r2  n=  5  avg=-33.1%  med=-49.1%  realized=$-91.00
  b48|c048_s165_w1_0928_1005_r3  n= 16  avg=-35.9%  med=-49.1%  realized=$-344.00
  b49|c049_s164_w2_1005_1045_r2  n=  4  avg=-51.8%  med=-44.0%  realized=$-133.00
  b49|c049_s165_w2_1005_1045_r3  n= 15  avg=-49.3%  med=-49.1%  realized=$-458.00
  b50|c050_s164_w3_1045_1120_r2  n=  4  avg=-39.6%  med=-16.7%  realized=$-115.00
  b50|c050_s165_w3_1045_1120_r3  n=  9  avg=-23.6%  med=-23.1%  realized=$-142.00
  b51|c051_s165_w4_1120_1135_r3  n=  1  avg=+263.6%  med=+263.6%  realized=$+174.00
  b56|g056_lim_tp20_sl65  n=  1  avg=+47.7%  med=+47.7%  realized=$+20.52
  b57|g057_mid_tp20_sl65  n=  1  avg=+47.7%  med=+47.7%  realized=$+20.52
  b58|g058_eod_tp20_sl65  n=  1  avg=+59.1%  med=+59.1%  realized=$+25.41
  b68|c068_s165_w1_0928_1005_r4  n= 16  avg=-51.3%  med=-49.1%  realized=$-446.00
  b68|c068_s166_w1_0928_1005_r3  n=  4  avg=-52.7%  med=-49.1%  realized=$-116.00
  b69|c069_s165_w2_1005_1045_r4  n= 11  avg=+19.0%  med=-43.6%  realized=$-179.00
  b69|c069_s166_w2_1005_1045_r3  n=  4  avg=+10.1%  med=-40.0%  realized=$-87.00
  b70|c070_s165_w3_1045_1120_r4  n= 11  avg=-2.1%  med=-16.9%  realized=$-6.00
  b70|c070_s166_w3_1045_1120_r3  n=  4  avg=-42.5%  med=-27.0%  realized=$-124.00
  b70|g070_eod_tp30_sl20  n=  1  avg=+59.1%  med=+59.1%  realized=$+27.77
  b76|c076_s164_w1_0928_1005_r3  n=  1  avg=-50.0%  med=-50.0%  realized=$-2.00
  b88|c088_s165_w1_0928_1005_r5  n= 21  avg=-5.0%  med=-2.7%  realized=$-63.00
  b88|c088_s167_w1_0928_1005_r4  n=  4  avg=-12.7%  med=+30.9%  realized=$-28.00
  b89|c089_s165_w2_1005_1045_r5  n=  7  avg=+113.1%  med=+30.9%  realized=$+67.00
  b89|c089_s167_w2_1005_1045_r4  n=  2  avg=-16.2%  med=+30.9%  realized=$-22.00
  b8|c008_s165_w1_0928_1005_r1  n= 23  avg=-19.6%  med=-35.3%  realized=$-250.00
  b90|c090_s165_w3_1045_1120_r5  n= 13  avg=+7.7%  med=+0.0%  realized=$+47.00
  b90|c090_s167_w3_1045_1120_r4  n=  4  avg=-41.6%  med=-18.9%  realized=$-123.00
  b91|c091_s165_w4_1120_1135_r5  n=  2  avg=+222.0%  med=+247.0%  realized=$+293.00
  b9|c009_s165_w2_1005_1045_r1  n=  7  avg=-74.4%  med=-66.2%  realized=$-301.00
========================================================
+========================================================================+
|  OPTIONS BOT SUMMARY                                                   |
+------------------------------------------------------------------------+
|  Mode                          manage-only                             |
|  Equity                        $127,425.12                             |
|  Signals this run              0                                       |
|  Orders submitted (session)    83                                      |
|  Orders filled today (ledger)  77                                      |
|  Entries placed this run       0                                       |
|  Open virtual lots             0                                       |
|  Broker option positions       0                                       |
|  Pending orders                0                                       |
+========================================================================+
+========================================================================+
|  BUCKET LEADERBOARD (reflected ex-S173,S174)                           |
+------------------------------------------------------------------------+
|  Reflected trades=277  buckets=31  win=30%                             |
|  Returns   avg=-5.7%  med=-40.0%  p10=-66.2%  p90=+81.8%               |
|  Realized  $+4,417.13                                                  |
|  Raw incl dropped  trades=811  real=$+2,821.58                         |
|  Today     trades=4  avg=-50.0%  med=-50.0%  real=$-6.00               |
+------------------------------------------------------------------------+
|  BKT PROFILE               N  WIN  AVG%   MED%   BEST%  REAL$          |
+------------------------------------------------------------------------+
|  b51  lab0051_s206_w2_10  1 100% +263.6 +263.6 +263.6 $   +174         |
|  b91  lab0091_s210_w6_14  2 100% +222.0 +222.0 +247.0 $   +293         |
|  b31  lab0031_s203_w4_11  2 100% +145.5 +145.5 +175.8 $   +192         |
|  b28  lab0028_s203_w3_10 22  77% +50.0 +80.0 +102.0 $   +590           |
|  b58  lab0058_s207_w2_10  1 100% +59.1 +59.1 +59.1 $    +25            |
|  b56  lab0056_s207_w1_09  1 100% +47.7 +47.7 +47.7 $    +21            |
|  b57  lab0057_s207_w1_09  1 100% +47.7 +47.7 +47.7 $    +21            |
|  b89  lab0089_s210_w5_13  9  56% +84.4 +30.9 +790.0 $    +45           |
|  ... 23 more bucket(s) with exits                                      |
+------------------------------------------------------------------------+
|  Low  b20  lab0020_s202_w3_10  1   0% -88.9 -88.9 -88.9 $     -8       |
+========================================================================+
+========================================================================+
|  OPEN OPTIONS (0)                                                      |
+------------------------------------------------------------------------+
|  No open option positions                                              |
+========================================================================+
Full detail: logs/options_trial/runs/2026-07-29.log
elapsed=0.4s reconcile=0.08s cancel=0.03s manage=0.02s

=== 15:34:21 ET — manage-only (past entry window) [elapsed=0.4s reconcile=0.08s cancel=0.02s manage=0.05s] ===
=== options_morning_bot (PAPER) 2026-07-29T15:34:21.173707-04:00 ===

[Run context]
Paper auth OK — equity $126449.12, account PA36KS87UPRS
  reconcile: layout changed controlled:100:c000_s173_w1_0928_1005_r1 -> controlled:1024:lab0000_s200_w1_0928_1005_r1

[Setup]
Active buckets: 1024 | Strategies: S165, S164, S168, S167, S166, S163, S169, S170, S171, S172, S175, S200, S201, S202, S203, S204, S205, S206, S207, S208, S209, S210, S211, S212, S213, S214, S215, S216, S217, S218, S219, S400, S401, S402, S403, S350, S351, S352, S353, S354, S355, S356, S357, S358, S359, S360, S361, S362, S363, S364, S365, S366, S367, S368, S369, S370, S371, S372, S373, S374, S375, S376, S377, S378, S379, S380, S381, S382, S383, S384, S385, S386, S387, S388, S389, S390, S391, S392, S393, S394, S395, S396, S397, S398, S399, S404, S405, S406, S407, S408, S409, S410, S411, S412, S413, S414, S415, S416, S417, S418, S419
Dropped (no new entries; ex-reflected P&L): S173, S174

[Manage only]
Past entry window; manage/exit only.

[Portfolio snapshot]
========================================================
OPTIONS TRIAL STATS
========================================================
Account equity: $126,449.12
Active buckets: 1024 of 1024 profiles ($500 virtual each) — paper unlimited mode

P&L summary
  Reflected (ex-S173,S174): $+4,417.13 all-time  |  $-6.00 today
  Raw (incl dropped):     $+2,821.58 all-time  |  $-6.00 today
  Open (not sold yet): $+0.00 unrealized (virtual lots)
  Premium deployed:    $0.00 in open positions
  Combined P&L:        $+4,417.13 (reflected realized + open virtual)

Ledger (master)
  Total events:     6087
  Today entries:    77
  Today exits (reflected): 4
  All-time exits (reflected): 277  wins 30%
  Avg return/trade: -5.7%  median -40.0%

Open virtual lots (by bucket)
  (1024 quiet bucket profile(s) — no trades yet)
  (no open lots across active profiles)

Alpaca option positions
  (none)

Per-bucket exit stats (all time)
  b0|orphan_reconcile     n= 22  avg=+22.4%  med=-57.5%  realized=$+6,310.91
  b104|c104_s164_w1_0928_1005_r4  n=  1  avg=-88.9%  med=-88.9%  realized=$-8.00
  b108|c108_s202_w3_1045_1120_r1  n=  1  avg=-33.3%  med=-33.3%  realized=$-1.00
  b109|c109_s202_w3_1045_1120_r2  n=  1  avg=-66.7%  med=-66.7%  realized=$-2.00
  b10|c010_s165_w3_1045_1120_r1  n=  8  avg=-37.2%  med=-18.9%  realized=$-205.00
  b132|c132_s164_w1_0928_1005_r5  n=  2  avg=-65.7%  med=-53.6%  realized=$-37.00
  b135|c135_s164_w4_1120_1135_r5  n=  1  avg=-50.0%  med=-50.0%  realized=$-4.00
  b20|c020_s164_w1_0928_1005_r1  n=  1  avg=-88.9%  med=-88.9%  realized=$-8.00
  b236|c236_s218_w3_1045_1120_r1  n=  1  avg=-33.3%  med=-33.3%  realized=$-1.00
  b237|c237_s218_w3_1045_1120_r2  n=  1  avg=-66.7%  med=-66.7%  realized=$-2.00
  b28|c028_s165_w1_0928_1005_r2  n= 17  avg=+49.5%  med=+80.0%  realized=$+448.00
  b28|c028_s173_w1_0928_1005_r2  n=  5  avg=+51.6%  med=+80.0%  realized=$+142.00
  b29|c029_s165_w2_1005_1045_r2  n=  9  avg=-23.3%  med=-50.0%  realized=$-221.00
  b29|c029_s173_w2_1005_1045_r2  n=  2  avg=-69.3%  med=-48.5%  realized=$-78.00
  b30|c030_s165_w3_1045_1120_r2  n=  9  avg=+38.8%  med=+0.0%  realized=$+260.00
  b30|c030_s173_w3_1045_1120_r2  n=  2  avg=-9.5%  med=+0.0%  realized=$-14.00
  b31|c031_s165_w4_1120_1135_r2  n=  2  avg=+145.5%  med=+175.8%  realized=$+192.00
  b48|c048_s164_w1_0928_1005_r2  n=  5  avg=-33.1%  med=-49.1%  realized=$-91.00
  b48|c048_s165_w1_0928_1005_r3  n= 16  avg=-35.9%  med=-49.1%  realized=$-344.00
  b49|c049_s164_w2_1005_1045_r2  n=  4  avg=-51.8%  med=-44.0%  realized=$-133.00
  b49|c049_s165_w2_1005_1045_r3  n= 15  avg=-49.3%  med=-49.1%  realized=$-458.00
  b50|c050_s164_w3_1045_1120_r2  n=  4  avg=-39.6%  med=-16.7%  realized=$-115.00
  b50|c050_s165_w3_1045_1120_r3  n=  9  avg=-23.6%  med=-23.1%  realized=$-142.00
  b51|c051_s165_w4_1120_1135_r3  n=  1  avg=+263.6%  med=+263.6%  realized=$+174.00
  b56|g056_lim_tp20_sl65  n=  1  avg=+47.7%  med=+47.7%  realized=$+20.52
  b57|g057_mid_tp20_sl65  n=  1  avg=+47.7%  med=+47.7%  realized=$+20.52
  b58|g058_eod_tp20_sl65  n=  1  avg=+59.1%  med=+59.1%  realized=$+25.41
  b68|c068_s165_w1_0928_1005_r4  n= 16  avg=-51.3%  med=-49.1%  realized=$-446.00
  b68|c068_s166_w1_0928_1005_r3  n=  4  avg=-52.7%  med=-49.1%  realized=$-116.00
  b69|c069_s165_w2_1005_1045_r4  n= 11  avg=+19.0%  med=-43.6%  realized=$-179.00
  b69|c069_s166_w2_1005_1045_r3  n=  4  avg=+10.1%  med=-40.0%  realized=$-87.00
  b70|c070_s165_w3_1045_1120_r4  n= 11  avg=-2.1%  med=-16.9%  realized=$-6.00
  b70|c070_s166_w3_1045_1120_r3  n=  4  avg=-42.5%  med=-27.0%  realized=$-124.00
  b70|g070_eod_tp30_sl20  n=  1  avg=+59.1%  med=+59.1%  realized=$+27.77
  b76|c076_s164_w1_0928_1005_r3  n=  1  avg=-50.0%  med=-50.0%  realized=$-2.00
  b88|c088_s165_w1_0928_1005_r5  n= 21  avg=-5.0%  med=-2.7%  realized=$-63.00
  b88|c088_s167_w1_0928_1005_r4  n=  4  avg=-12.7%  med=+30.9%  realized=$-28.00
  b89|c089_s165_w2_1005_1045_r5  n=  7  avg=+113.1%  med=+30.9%  realized=$+67.00
  b89|c089_s167_w2_1005_1045_r4  n=  2  avg=-16.2%  med=+30.9%  realized=$-22.00
  b8|c008_s165_w1_0928_1005_r1  n= 23  avg=-19.6%  med=-35.3%  realized=$-250.00
  b90|c090_s165_w3_1045_1120_r5  n= 13  avg=+7.7%  med=+0.0%  realized=$+47.00
  b90|c090_s167_w3_1045_1120_r4  n=  4  avg=-41.6%  med=-18.9%  realized=$-123.00
  b91|c091_s165_w4_1120_1135_r5  n=  2  avg=+222.0%  med=+247.0%  realized=$+293.00
  b9|c009_s165_w2_1005_1045_r1  n=  7  avg=-74.4%  med=-66.2%  realized=$-301.00
========================================================
+========================================================================+
|  OPTIONS BOT SUMMARY                                                   |
+------------------------------------------------------------------------+
|  Mode                          manage-only                             |
|  Equity                        $126,449.12                             |
|  Signals this run              0                                       |
|  Orders submitted (session)    83                                      |
|  Orders filled today (ledger)  77                                      |
|  Entries placed this run       0                                       |
|  Open virtual lots             0                                       |
|  Broker option positions       0                                       |
|  Pending orders                0                                       |
+========================================================================+
+========================================================================+
|  BUCKET LEADERBOARD (reflected ex-S173,S174)                           |
+------------------------------------------------------------------------+
|  Reflected trades=277  buckets=31  win=30%                             |
|  Returns   avg=-5.7%  med=-40.0%  p10=-66.2%  p90=+81.8%               |
|  Realized  $+4,417.13                                                  |
|  Raw incl dropped  trades=811  real=$+2,821.58                         |
|  Today     trades=4  avg=-50.0%  med=-50.0%  real=$-6.00               |
+------------------------------------------------------------------------+
|  BKT PROFILE               N  WIN  AVG%   MED%   BEST%  REAL$          |
+------------------------------------------------------------------------+
|  b51  lab0051_s206_w2_10  1 100% +263.6 +263.6 +263.6 $   +174         |
|  b91  lab0091_s210_w6_14  2 100% +222.0 +222.0 +247.0 $   +293         |
|  b31  lab0031_s203_w4_11  2 100% +145.5 +145.5 +175.8 $   +192         |
|  b28  lab0028_s203_w3_10 22  77% +50.0 +80.0 +102.0 $   +590           |
|  b58  lab0058_s207_w2_10  1 100% +59.1 +59.1 +59.1 $    +25            |
|  b56  lab0056_s207_w1_09  1 100% +47.7 +47.7 +47.7 $    +21            |
|  b57  lab0057_s207_w1_09  1 100% +47.7 +47.7 +47.7 $    +21            |
|  b89  lab0089_s210_w5_13  9  56% +84.4 +30.9 +790.0 $    +45           |
|  ... 23 more bucket(s) with exits                                      |
+------------------------------------------------------------------------+
|  Low  b20  lab0020_s202_w3_10  1   0% -88.9 -88.9 -88.9 $     -8       |
+========================================================================+
+========================================================================+
|  OPEN OPTIONS (0)                                                      |
+------------------------------------------------------------------------+
|  No open option positions                                              |
+========================================================================+
Full detail: logs/options_trial/runs/2026-07-29.log
elapsed=0.4s reconcile=0.08s cancel=0.02s manage=0.05s

=== 15:39:23 ET — manage-only (past entry window) [elapsed=1.2s reconcile=0.38s cancel=0.18s manage=0.12s] ===
=== options_morning_bot (PAPER) 2026-07-29T15:39:23.861834-04:00 ===

[Run context]
Paper auth OK — equity $126336.52, account PA36KS87UPRS
  reconcile: layout changed controlled:100:c000_s173_w1_0928_1005_r1 -> controlled:1024:lab0000_s200_w1_0928_1005_r1

[Setup]
Active buckets: 1024 | Strategies: S165, S164, S168, S167, S166, S163, S169, S170, S171, S172, S175, S200, S201, S202, S203, S204, S205, S206, S207, S208, S209, S210, S211, S212, S213, S214, S215, S216, S217, S218, S219, S400, S401, S402, S403, S350, S351, S352, S353, S354, S355, S356, S357, S358, S359, S360, S361, S362, S363, S364, S365, S366, S367, S368, S369, S370, S371, S372, S373, S374, S375, S376, S377, S378, S379, S380, S381, S382, S383, S384, S385, S386, S387, S388, S389, S390, S391, S392, S393, S394, S395, S396, S397, S398, S399, S404, S405, S406, S407, S408, S409, S410, S411, S412, S413, S414, S415, S416, S417, S418, S419
Dropped (no new entries; ex-reflected P&L): S173, S174

[Manage only]
Past entry window; manage/exit only.

[Portfolio snapshot]
========================================================
OPTIONS TRIAL STATS
========================================================
Account equity: $126,336.52
Active buckets: 1024 of 1024 profiles ($500 virtual each) — paper unlimited mode

P&L summary
  Reflected (ex-S173,S174): $+4,417.13 all-time  |  $-6.00 today
  Raw (incl dropped):     $+2,821.58 all-time  |  $-6.00 today
  Open (not sold yet): $+0.00 unrealized (virtual lots)
  Premium deployed:    $0.00 in open positions
  Combined P&L:        $+4,417.13 (reflected realized + open virtual)

Ledger (master)
  Total events:     6087
  Today entries:    77
  Today exits (reflected): 4
  All-time exits (reflected): 277  wins 30%
  Avg return/trade: -5.7%  median -40.0%

Open virtual lots (by bucket)
  (1024 quiet bucket profile(s) — no trades yet)
  (no open lots across active profiles)

Alpaca option positions
  (none)

Per-bucket exit stats (all time)
  b0|orphan_reconcile     n= 22  avg=+22.4%  med=-57.5%  realized=$+6,310.91
  b104|c104_s164_w1_0928_1005_r4  n=  1  avg=-88.9%  med=-88.9%  realized=$-8.00
  b108|c108_s202_w3_1045_1120_r1  n=  1  avg=-33.3%  med=-33.3%  realized=$-1.00
  b109|c109_s202_w3_1045_1120_r2  n=  1  avg=-66.7%  med=-66.7%  realized=$-2.00
  b10|c010_s165_w3_1045_1120_r1  n=  8  avg=-37.2%  med=-18.9%  realized=$-205.00
  b132|c132_s164_w1_0928_1005_r5  n=  2  avg=-65.7%  med=-53.6%  realized=$-37.00
  b135|c135_s164_w4_1120_1135_r5  n=  1  avg=-50.0%  med=-50.0%  realized=$-4.00
  b20|c020_s164_w1_0928_1005_r1  n=  1  avg=-88.9%  med=-88.9%  realized=$-8.00
  b236|c236_s218_w3_1045_1120_r1  n=  1  avg=-33.3%  med=-33.3%  realized=$-1.00
  b237|c237_s218_w3_1045_1120_r2  n=  1  avg=-66.7%  med=-66.7%  realized=$-2.00
  b28|c028_s165_w1_0928_1005_r2  n= 17  avg=+49.5%  med=+80.0%  realized=$+448.00
  b28|c028_s173_w1_0928_1005_r2  n=  5  avg=+51.6%  med=+80.0%  realized=$+142.00
  b29|c029_s165_w2_1005_1045_r2  n=  9  avg=-23.3%  med=-50.0%  realized=$-221.00
  b29|c029_s173_w2_1005_1045_r2  n=  2  avg=-69.3%  med=-48.5%  realized=$-78.00
  b30|c030_s165_w3_1045_1120_r2  n=  9  avg=+38.8%  med=+0.0%  realized=$+260.00
  b30|c030_s173_w3_1045_1120_r2  n=  2  avg=-9.5%  med=+0.0%  realized=$-14.00
  b31|c031_s165_w4_1120_1135_r2  n=  2  avg=+145.5%  med=+175.8%  realized=$+192.00
  b48|c048_s164_w1_0928_1005_r2  n=  5  avg=-33.1%  med=-49.1%  realized=$-91.00
  b48|c048_s165_w1_0928_1005_r3  n= 16  avg=-35.9%  med=-49.1%  realized=$-344.00
  b49|c049_s164_w2_1005_1045_r2  n=  4  avg=-51.8%  med=-44.0%  realized=$-133.00
  b49|c049_s165_w2_1005_1045_r3  n= 15  avg=-49.3%  med=-49.1%  realized=$-458.00
  b50|c050_s164_w3_1045_1120_r2  n=  4  avg=-39.6%  med=-16.7%  realized=$-115.00
  b50|c050_s165_w3_1045_1120_r3  n=  9  avg=-23.6%  med=-23.1%  realized=$-142.00
  b51|c051_s165_w4_1120_1135_r3  n=  1  avg=+263.6%  med=+263.6%  realized=$+174.00
  b56|g056_lim_tp20_sl65  n=  1  avg=+47.7%  med=+47.7%  realized=$+20.52
  b57|g057_mid_tp20_sl65  n=  1  avg=+47.7%  med=+47.7%  realized=$+20.52
  b58|g058_eod_tp20_sl65  n=  1  avg=+59.1%  med=+59.1%  realized=$+25.41
  b68|c068_s165_w1_0928_1005_r4  n= 16  avg=-51.3%  med=-49.1%  realized=$-446.00
  b68|c068_s166_w1_0928_1005_r3  n=  4  avg=-52.7%  med=-49.1%  realized=$-116.00
  b69|c069_s165_w2_1005_1045_r4  n= 11  avg=+19.0%  med=-43.6%  realized=$-179.00
  b69|c069_s166_w2_1005_1045_r3  n=  4  avg=+10.1%  med=-40.0%  realized=$-87.00
  b70|c070_s165_w3_1045_1120_r4  n= 11  avg=-2.1%  med=-16.9%  realized=$-6.00
  b70|c070_s166_w3_1045_1120_r3  n=  4  avg=-42.5%  med=-27.0%  realized=$-124.00
  b70|g070_eod_tp30_sl20  n=  1  avg=+59.1%  med=+59.1%  realized=$+27.77
  b76|c076_s164_w1_0928_1005_r3  n=  1  avg=-50.0%  med=-50.0%  realized=$-2.00
  b88|c088_s165_w1_0928_1005_r5  n= 21  avg=-5.0%  med=-2.7%  realized=$-63.00
  b88|c088_s167_w1_0928_1005_r4  n=  4  avg=-12.7%  med=+30.9%  realized=$-28.00
  b89|c089_s165_w2_1005_1045_r5  n=  7  avg=+113.1%  med=+30.9%  realized=$+67.00
  b89|c089_s167_w2_1005_1045_r4  n=  2  avg=-16.2%  med=+30.9%  realized=$-22.00
  b8|c008_s165_w1_0928_1005_r1  n= 23  avg=-19.6%  med=-35.3%  realized=$-250.00
  b90|c090_s165_w3_1045_1120_r5  n= 13  avg=+7.7%  med=+0.0%  realized=$+47.00
  b90|c090_s167_w3_1045_1120_r4  n=  4  avg=-41.6%  med=-18.9%  realized=$-123.00
  b91|c091_s165_w4_1120_1135_r5  n=  2  avg=+222.0%  med=+247.0%  realized=$+293.00
  b9|c009_s165_w2_1005_1045_r1  n=  7  avg=-74.4%  med=-66.2%  realized=$-301.00
========================================================
+========================================================================+
|  OPTIONS BOT SUMMARY                                                   |
+------------------------------------------------------------------------+
|  Mode                          manage-only                             |
|  Equity                        $126,336.52                             |
|  Signals this run              0                                       |
|  Orders submitted (session)    83                                      |
|  Orders filled today (ledger)  77                                      |
|  Entries placed this run       0                                       |
|  Open virtual lots             0                                       |
|  Broker option positions       0                                       |
|  Pending orders                0                                       |
+========================================================================+
+========================================================================+
|  BUCKET LEADERBOARD (reflected ex-S173,S174)                           |
+------------------------------------------------------------------------+
|  Reflected trades=277  buckets=31  win=30%                             |
|  Returns   avg=-5.7%  med=-40.0%  p10=-66.2%  p90=+81.8%               |
|  Realized  $+4,417.13                                                  |
|  Raw incl dropped  trades=811  real=$+2,821.58                         |
|  Today     trades=4  avg=-50.0%  med=-50.0%  real=$-6.00               |
+------------------------------------------------------------------------+
|  BKT PROFILE               N  WIN  AVG%   MED%   BEST%  REAL$          |
+------------------------------------------------------------------------+
|  b51  lab0051_s206_w2_10  1 100% +263.6 +263.6 +263.6 $   +174         |
|  b91  lab0091_s210_w6_14  2 100% +222.0 +222.0 +247.0 $   +293         |
|  b31  lab0031_s203_w4_11  2 100% +145.5 +145.5 +175.8 $   +192         |
|  b28  lab0028_s203_w3_10 22  77% +50.0 +80.0 +102.0 $   +590           |
|  b58  lab0058_s207_w2_10  1 100% +59.1 +59.1 +59.1 $    +25            |
|  b56  lab0056_s207_w1_09  1 100% +47.7 +47.7 +47.7 $    +21            |
|  b57  lab0057_s207_w1_09  1 100% +47.7 +47.7 +47.7 $    +21            |
|  b89  lab0089_s210_w5_13  9  56% +84.4 +30.9 +790.0 $    +45           |
|  ... 23 more bucket(s) with exits                                      |
+------------------------------------------------------------------------+
|  Low  b20  lab0020_s202_w3_10  1   0% -88.9 -88.9 -88.9 $     -8       |
+========================================================================+
+========================================================================+
|  OPEN OPTIONS (0)                                                      |
+------------------------------------------------------------------------+
|  No open option positions                                              |
+========================================================================+
Full detail: logs/options_trial/runs/2026-07-29.log
elapsed=1.2s reconcile=0.38s cancel=0.18s manage=0.12s

=== 15:44:25 ET — manage-only (past entry window) [elapsed=0.9s reconcile=0.22s cancel=0.1s manage=0.07s] ===
=== options_morning_bot (PAPER) 2026-07-29T15:44:25.544684-04:00 ===

[Run context]
Paper auth OK — equity $126237.56, account PA36KS87UPRS
  reconcile: layout changed controlled:100:c000_s173_w1_0928_1005_r1 -> controlled:1024:lab0000_s200_w1_0928_1005_r1

[Setup]
Active buckets: 1024 | Strategies: S165, S164, S168, S167, S166, S163, S169, S170, S171, S172, S175, S200, S201, S202, S203, S204, S205, S206, S207, S208, S209, S210, S211, S212, S213, S214, S215, S216, S217, S218, S219, S400, S401, S402, S403, S350, S351, S352, S353, S354, S355, S356, S357, S358, S359, S360, S361, S362, S363, S364, S365, S366, S367, S368, S369, S370, S371, S372, S373, S374, S375, S376, S377, S378, S379, S380, S381, S382, S383, S384, S385, S386, S387, S388, S389, S390, S391, S392, S393, S394, S395, S396, S397, S398, S399, S404, S405, S406, S407, S408, S409, S410, S411, S412, S413, S414, S415, S416, S417, S418, S419
Dropped (no new entries; ex-reflected P&L): S173, S174

[Manage only]
Past entry window; manage/exit only.

[Portfolio snapshot]
========================================================
OPTIONS TRIAL STATS
========================================================
Account equity: $126,237.56
Active buckets: 1024 of 1024 profiles ($500 virtual each) — paper unlimited mode

P&L summary
  Reflected (ex-S173,S174): $+4,417.13 all-time  |  $-6.00 today
  Raw (incl dropped):     $+2,821.58 all-time  |  $-6.00 today
  Open (not sold yet): $+0.00 unrealized (virtual lots)
  Premium deployed:    $0.00 in open positions
  Combined P&L:        $+4,417.13 (reflected realized + open virtual)

Ledger (master)
  Total events:     6087
  Today entries:    77
  Today exits (reflected): 4
  All-time exits (reflected): 277  wins 30%
  Avg return/trade: -5.7%  median -40.0%

Open virtual lots (by bucket)
  (1024 quiet bucket profile(s) — no trades yet)
  (no open lots across active profiles)

Alpaca option positions
  (none)

Per-bucket exit stats (all time)
  b0|orphan_reconcile     n= 22  avg=+22.4%  med=-57.5%  realized=$+6,310.91
  b104|c104_s164_w1_0928_1005_r4  n=  1  avg=-88.9%  med=-88.9%  realized=$-8.00
  b108|c108_s202_w3_1045_1120_r1  n=  1  avg=-33.3%  med=-33.3%  realized=$-1.00
  b109|c109_s202_w3_1045_1120_r2  n=  1  avg=-66.7%  med=-66.7%  realized=$-2.00
  b10|c010_s165_w3_1045_1120_r1  n=  8  avg=-37.2%  med=-18.9%  realized=$-205.00
  b132|c132_s164_w1_0928_1005_r5  n=  2  avg=-65.7%  med=-53.6%  realized=$-37.00
  b135|c135_s164_w4_1120_1135_r5  n=  1  avg=-50.0%  med=-50.0%  realized=$-4.00
  b20|c020_s164_w1_0928_1005_r1  n=  1  avg=-88.9%  med=-88.9%  realized=$-8.00
  b236|c236_s218_w3_1045_1120_r1  n=  1  avg=-33.3%  med=-33.3%  realized=$-1.00
  b237|c237_s218_w3_1045_1120_r2  n=  1  avg=-66.7%  med=-66.7%  realized=$-2.00
  b28|c028_s165_w1_0928_1005_r2  n= 17  avg=+49.5%  med=+80.0%  realized=$+448.00
  b28|c028_s173_w1_0928_1005_r2  n=  5  avg=+51.6%  med=+80.0%  realized=$+142.00
  b29|c029_s165_w2_1005_1045_r2  n=  9  avg=-23.3%  med=-50.0%  realized=$-221.00
  b29|c029_s173_w2_1005_1045_r2  n=  2  avg=-69.3%  med=-48.5%  realized=$-78.00
  b30|c030_s165_w3_1045_1120_r2  n=  9  avg=+38.8%  med=+0.0%  realized=$+260.00
  b30|c030_s173_w3_1045_1120_r2  n=  2  avg=-9.5%  med=+0.0%  realized=$-14.00
  b31|c031_s165_w4_1120_1135_r2  n=  2  avg=+145.5%  med=+175.8%  realized=$+192.00
  b48|c048_s164_w1_0928_1005_r2  n=  5  avg=-33.1%  med=-49.1%  realized=$-91.00
  b48|c048_s165_w1_0928_1005_r3  n= 16  avg=-35.9%  med=-49.1%  realized=$-344.00
  b49|c049_s164_w2_1005_1045_r2  n=  4  avg=-51.8%  med=-44.0%  realized=$-133.00
  b49|c049_s165_w2_1005_1045_r3  n= 15  avg=-49.3%  med=-49.1%  realized=$-458.00
  b50|c050_s164_w3_1045_1120_r2  n=  4  avg=-39.6%  med=-16.7%  realized=$-115.00
  b50|c050_s165_w3_1045_1120_r3  n=  9  avg=-23.6%  med=-23.1%  realized=$-142.00
  b51|c051_s165_w4_1120_1135_r3  n=  1  avg=+263.6%  med=+263.6%  realized=$+174.00
  b56|g056_lim_tp20_sl65  n=  1  avg=+47.7%  med=+47.7%  realized=$+20.52
  b57|g057_mid_tp20_sl65  n=  1  avg=+47.7%  med=+47.7%  realized=$+20.52
  b58|g058_eod_tp20_sl65  n=  1  avg=+59.1%  med=+59.1%  realized=$+25.41
  b68|c068_s165_w1_0928_1005_r4  n= 16  avg=-51.3%  med=-49.1%  realized=$-446.00
  b68|c068_s166_w1_0928_1005_r3  n=  4  avg=-52.7%  med=-49.1%  realized=$-116.00
  b69|c069_s165_w2_1005_1045_r4  n= 11  avg=+19.0%  med=-43.6%  realized=$-179.00
  b69|c069_s166_w2_1005_1045_r3  n=  4  avg=+10.1%  med=-40.0%  realized=$-87.00
  b70|c070_s165_w3_1045_1120_r4  n= 11  avg=-2.1%  med=-16.9%  realized=$-6.00
  b70|c070_s166_w3_1045_1120_r3  n=  4  avg=-42.5%  med=-27.0%  realized=$-124.00
  b70|g070_eod_tp30_sl20  n=  1  avg=+59.1%  med=+59.1%  realized=$+27.77
  b76|c076_s164_w1_0928_1005_r3  n=  1  avg=-50.0%  med=-50.0%  realized=$-2.00
  b88|c088_s165_w1_0928_1005_r5  n= 21  avg=-5.0%  med=-2.7%  realized=$-63.00
  b88|c088_s167_w1_0928_1005_r4  n=  4  avg=-12.7%  med=+30.9%  realized=$-28.00
  b89|c089_s165_w2_1005_1045_r5  n=  7  avg=+113.1%  med=+30.9%  realized=$+67.00
  b89|c089_s167_w2_1005_1045_r4  n=  2  avg=-16.2%  med=+30.9%  realized=$-22.00
  b8|c008_s165_w1_0928_1005_r1  n= 23  avg=-19.6%  med=-35.3%  realized=$-250.00
  b90|c090_s165_w3_1045_1120_r5  n= 13  avg=+7.7%  med=+0.0%  realized=$+47.00
  b90|c090_s167_w3_1045_1120_r4  n=  4  avg=-41.6%  med=-18.9%  realized=$-123.00
  b91|c091_s165_w4_1120_1135_r5  n=  2  avg=+222.0%  med=+247.0%  realized=$+293.00
  b9|c009_s165_w2_1005_1045_r1  n=  7  avg=-74.4%  med=-66.2%  realized=$-301.00
========================================================
+========================================================================+
|  OPTIONS BOT SUMMARY                                                   |
+------------------------------------------------------------------------+
|  Mode                          manage-only                             |
|  Equity                        $126,237.56                             |
|  Signals this run              0                                       |
|  Orders submitted (session)    83                                      |
|  Orders filled today (ledger)  77                                      |
|  Entries placed this run       0                                       |
|  Open virtual lots             0                                       |
|  Broker option positions       0                                       |
|  Pending orders                0                                       |
+========================================================================+
+========================================================================+
|  BUCKET LEADERBOARD (reflected ex-S173,S174)                           |
+------------------------------------------------------------------------+
|  Reflected trades=277  buckets=31  win=30%                             |
|  Returns   avg=-5.7%  med=-40.0%  p10=-66.2%  p90=+81.8%               |
|  Realized  $+4,417.13                                                  |
|  Raw incl dropped  trades=811  real=$+2,821.58                         |
|  Today     trades=4  avg=-50.0%  med=-50.0%  real=$-6.00               |
+------------------------------------------------------------------------+
|  BKT PROFILE               N  WIN  AVG%   MED%   BEST%  REAL$          |
+------------------------------------------------------------------------+
|  b51  lab0051_s206_w2_10  1 100% +263.6 +263.6 +263.6 $   +174         |
|  b91  lab0091_s210_w6_14  2 100% +222.0 +222.0 +247.0 $   +293         |
|  b31  lab0031_s203_w4_11  2 100% +145.5 +145.5 +175.8 $   +192         |
|  b28  lab0028_s203_w3_10 22  77% +50.0 +80.0 +102.0 $   +590           |
|  b58  lab0058_s207_w2_10  1 100% +59.1 +59.1 +59.1 $    +25            |
|  b56  lab0056_s207_w1_09  1 100% +47.7 +47.7 +47.7 $    +21            |
|  b57  lab0057_s207_w1_09  1 100% +47.7 +47.7 +47.7 $    +21            |
|  b89  lab0089_s210_w5_13  9  56% +84.4 +30.9 +790.0 $    +45           |
|  ... 23 more bucket(s) with exits                                      |
+------------------------------------------------------------------------+
|  Low  b20  lab0020_s202_w3_10  1   0% -88.9 -88.9 -88.9 $     -8       |
+========================================================================+
+========================================================================+
|  OPEN OPTIONS (0)                                                      |
+------------------------------------------------------------------------+
|  No open option positions                                              |
+========================================================================+
Full detail: logs/options_trial/runs/2026-07-29.log
elapsed=0.9s reconcile=0.22s cancel=0.1s manage=0.07s

=== 16:00:55 ET — manage-only (past entry window) [elapsed=0.5s reconcile=0.08s cancel=0.03s manage=0.02s] ===
=== options_morning_bot (PAPER) 2026-07-29T16:00:55.152494-04:00 ===

[Run context]
Paper auth OK — equity $123701.12, account PA36KS87UPRS
  reconcile: layout changed controlled:100:c000_s173_w1_0928_1005_r1 -> controlled:1024:lab0000_s200_w1_0928_1005_r1

[Setup]
Active buckets: 1024 | Strategies: S165, S164, S168, S167, S166, S163, S169, S170, S171, S172, S175, S200, S201, S202, S203, S204, S205, S206, S207, S208, S209, S210, S211, S212, S213, S214, S215, S216, S217, S218, S219, S400, S401, S402, S403, S350, S351, S352, S353, S354, S355, S356, S357, S358, S359, S360, S361, S362, S363, S364, S365, S366, S367, S368, S369, S370, S371, S372, S373, S374, S375, S376, S377, S378, S379, S380, S381, S382, S383, S384, S385, S386, S387, S388, S389, S390, S391, S392, S393, S394, S395, S396, S397, S398, S399, S404, S405, S406, S407, S408, S409, S410, S411, S412, S413, S414, S415, S416, S417, S418, S419
Dropped (no new entries; ex-reflected P&L): S173, S174

[Manage only]
Past entry window; manage/exit only.

[Portfolio snapshot]
========================================================
OPTIONS TRIAL STATS
========================================================
Account equity: $123,701.12
Active buckets: 1024 of 1024 profiles ($500 virtual each) — paper unlimited mode

P&L summary
  Reflected (ex-S173,S174): $+4,417.13 all-time  |  $-6.00 today
  Raw (incl dropped):     $+2,821.58 all-time  |  $-6.00 today
  Open (not sold yet): $+0.00 unrealized (virtual lots)
  Premium deployed:    $0.00 in open positions
  Combined P&L:        $+4,417.13 (reflected realized + open virtual)

Ledger (master)
  Total events:     6087
  Today entries:    77
  Today exits (reflected): 4
  All-time exits (reflected): 277  wins 30%
  Avg return/trade: -5.7%  median -40.0%

Open virtual lots (by bucket)
  (1024 quiet bucket profile(s) — no trades yet)
  (no open lots across active profiles)

Alpaca option positions
  (none)

Per-bucket exit stats (all time)
  b0|orphan_reconcile     n= 22  avg=+22.4%  med=-57.5%  realized=$+6,310.91
  b104|c104_s164_w1_0928_1005_r4  n=  1  avg=-88.9%  med=-88.9%  realized=$-8.00
  b108|c108_s202_w3_1045_1120_r1  n=  1  avg=-33.3%  med=-33.3%  realized=$-1.00
  b109|c109_s202_w3_1045_1120_r2  n=  1  avg=-66.7%  med=-66.7%  realized=$-2.00
  b10|c010_s165_w3_1045_1120_r1  n=  8  avg=-37.2%  med=-18.9%  realized=$-205.00
  b132|c132_s164_w1_0928_1005_r5  n=  2  avg=-65.7%  med=-53.6%  realized=$-37.00
  b135|c135_s164_w4_1120_1135_r5  n=  1  avg=-50.0%  med=-50.0%  realized=$-4.00
  b20|c020_s164_w1_0928_1005_r1  n=  1  avg=-88.9%  med=-88.9%  realized=$-8.00
  b236|c236_s218_w3_1045_1120_r1  n=  1  avg=-33.3%  med=-33.3%  realized=$-1.00
  b237|c237_s218_w3_1045_1120_r2  n=  1  avg=-66.7%  med=-66.7%  realized=$-2.00
  b28|c028_s165_w1_0928_1005_r2  n= 17  avg=+49.5%  med=+80.0%  realized=$+448.00
  b28|c028_s173_w1_0928_1005_r2  n=  5  avg=+51.6%  med=+80.0%  realized=$+142.00
  b29|c029_s165_w2_1005_1045_r2  n=  9  avg=-23.3%  med=-50.0%  realized=$-221.00
  b29|c029_s173_w2_1005_1045_r2  n=  2  avg=-69.3%  med=-48.5%  realized=$-78.00
  b30|c030_s165_w3_1045_1120_r2  n=  9  avg=+38.8%  med=+0.0%  realized=$+260.00
  b30|c030_s173_w3_1045_1120_r2  n=  2  avg=-9.5%  med=+0.0%  realized=$-14.00
  b31|c031_s165_w4_1120_1135_r2  n=  2  avg=+145.5%  med=+175.8%  realized=$+192.00
  b48|c048_s164_w1_0928_1005_r2  n=  5  avg=-33.1%  med=-49.1%  realized=$-91.00
  b48|c048_s165_w1_0928_1005_r3  n= 16  avg=-35.9%  med=-49.1%  realized=$-344.00
  b49|c049_s164_w2_1005_1045_r2  n=  4  avg=-51.8%  med=-44.0%  realized=$-133.00
  b49|c049_s165_w2_1005_1045_r3  n= 15  avg=-49.3%  med=-49.1%  realized=$-458.00
  b50|c050_s164_w3_1045_1120_r2  n=  4  avg=-39.6%  med=-16.7%  realized=$-115.00
  b50|c050_s165_w3_1045_1120_r3  n=  9  avg=-23.6%  med=-23.1%  realized=$-142.00
  b51|c051_s165_w4_1120_1135_r3  n=  1  avg=+263.6%  med=+263.6%  realized=$+174.00
  b56|g056_lim_tp20_sl65  n=  1  avg=+47.7%  med=+47.7%  realized=$+20.52
  b57|g057_mid_tp20_sl65  n=  1  avg=+47.7%  med=+47.7%  realized=$+20.52
  b58|g058_eod_tp20_sl65  n=  1  avg=+59.1%  med=+59.1%  realized=$+25.41
  b68|c068_s165_w1_0928_1005_r4  n= 16  avg=-51.3%  med=-49.1%  realized=$-446.00
  b68|c068_s166_w1_0928_1005_r3  n=  4  avg=-52.7%  med=-49.1%  realized=$-116.00
  b69|c069_s165_w2_1005_1045_r4  n= 11  avg=+19.0%  med=-43.6%  realized=$-179.00
  b69|c069_s166_w2_1005_1045_r3  n=  4  avg=+10.1%  med=-40.0%  realized=$-87.00
  b70|c070_s165_w3_1045_1120_r4  n= 11  avg=-2.1%  med=-16.9%  realized=$-6.00
  b70|c070_s166_w3_1045_1120_r3  n=  4  avg=-42.5%  med=-27.0%  realized=$-124.00
  b70|g070_eod_tp30_sl20  n=  1  avg=+59.1%  med=+59.1%  realized=$+27.77
  b76|c076_s164_w1_0928_1005_r3  n=  1  avg=-50.0%  med=-50.0%  realized=$-2.00
  b88|c088_s165_w1_0928_1005_r5  n= 21  avg=-5.0%  med=-2.7%  realized=$-63.00
  b88|c088_s167_w1_0928_1005_r4  n=  4  avg=-12.7%  med=+30.9%  realized=$-28.00
  b89|c089_s165_w2_1005_1045_r5  n=  7  avg=+113.1%  med=+30.9%  realized=$+67.00
  b89|c089_s167_w2_1005_1045_r4  n=  2  avg=-16.2%  med=+30.9%  realized=$-22.00
  b8|c008_s165_w1_0928_1005_r1  n= 23  avg=-19.6%  med=-35.3%  realized=$-250.00
  b90|c090_s165_w3_1045_1120_r5  n= 13  avg=+7.7%  med=+0.0%  realized=$+47.00
  b90|c090_s167_w3_1045_1120_r4  n=  4  avg=-41.6%  med=-18.9%  realized=$-123.00
  b91|c091_s165_w4_1120_1135_r5  n=  2  avg=+222.0%  med=+247.0%  realized=$+293.00
  b9|c009_s165_w2_1005_1045_r1  n=  7  avg=-74.4%  med=-66.2%  realized=$-301.00
========================================================

[Exit summary]
========================================================
OPTIONS EXIT SUMMARY — 2026-07-29
========================================================
Account equity: $123,701.12
Open positions: flat

Today's closed trades
  Count:     4
  Win rate:  0/4 (0%)
  Return:    avg -50.0%  med -33.3%  best -33.3%  worst -66.7%
  Realized:  $-6.00

By strategy
  S202    n=  2  win=0%  avg=-50.0%
  S218    n=  2  win=0%  avg=-50.0%

By symbol
  PG      n=  4  avg=-50.0%

By exit type
  stop_loss     3
  reconcile_fill  1

Top buckets today (realized $)
  b108|c108_s202_w3_1045_1120_r1  $-1.00
  b236|c236_s218_w3_1045_1120_r1  $-1.00
  b109|c109_s202_w3_1045_1120_r2  $-2.00
  b237|c237_s218_w3_1045_1120_r2  $-2.00

Recent exits (last 4)
  14:55:48  b109 c109_s202_w3_1045_  PG    S202    -66.7%     $-2.00  stop_loss (-66.7%)
  15:03:13  b108 c108_s202_w3_1045_  PG    S202    -33.3%     $-1.00  reconcile_fill
  15:38:39  b236 c236_s218_w3_1045_  PG    S218    -33.3%     $-1.00  stop_loss (-66.7%)
  16:21:11  b237 c237_s218_w3_1045_  PG    S218    -66.7%     $-2.00  stop_loss (-66.7%)
========================================================
+========================================================================+
|  OPTIONS BOT SUMMARY                                                   |
+------------------------------------------------------------------------+
|  Mode                          manage-only                             |
|  Equity                        $123,701.12                             |
|  Signals this run              0                                       |
|  Orders submitted (session)    83                                      |
|  Orders filled today (ledger)  77                                      |
|  Entries placed this run       0                                       |
|  Open virtual lots             0                                       |
|  Broker option positions       0                                       |
|  Pending orders                0                                       |
+========================================================================+
+========================================================================+
|  BUCKET LEADERBOARD (reflected ex-S173,S174)                           |
+------------------------------------------------------------------------+
|  Reflected trades=277  buckets=31  win=30%                             |
|  Returns   avg=-5.7%  med=-40.0%  p10=-66.2%  p90=+81.8%               |
|  Realized  $+4,417.13                                                  |
|  Raw incl dropped  trades=811  real=$+2,821.58                         |
|  Today     trades=4  avg=-50.0%  med=-50.0%  real=$-6.00               |
+------------------------------------------------------------------------+
|  BKT PROFILE               N  WIN  AVG%   MED%   BEST%  REAL$          |
+------------------------------------------------------------------------+
|  b51  lab0051_s206_w2_10  1 100% +263.6 +263.6 +263.6 $   +174         |
|  b91  lab0091_s210_w6_14  2 100% +222.0 +222.0 +247.0 $   +293         |
|  b31  lab0031_s203_w4_11  2 100% +145.5 +145.5 +175.8 $   +192         |
|  b28  lab0028_s203_w3_10 22  77% +50.0 +80.0 +102.0 $   +590           |
|  b58  lab0058_s207_w2_10  1 100% +59.1 +59.1 +59.1 $    +25            |
|  b56  lab0056_s207_w1_09  1 100% +47.7 +47.7 +47.7 $    +21            |
|  b57  lab0057_s207_w1_09  1 100% +47.7 +47.7 +47.7 $    +21            |
|  b89  lab0089_s210_w5_13  9  56% +84.4 +30.9 +790.0 $    +45           |
|  ... 23 more bucket(s) with exits                                      |
+------------------------------------------------------------------------+
|  Low  b20  lab0020_s202_w3_10  1   0% -88.9 -88.9 -88.9 $     -8       |
+========================================================================+
+========================================================================+
|  OPEN OPTIONS (0)                                                      |
+------------------------------------------------------------------------+
|  No open option positions                                              |
+========================================================================+
Full detail: logs/options_trial/runs/2026-07-29.log
elapsed=0.5s reconcile=0.08s cancel=0.03s manage=0.02s

=== 16:05:51 ET — manage-only (past entry window) [elapsed=1.4s reconcile=0.45s cancel=0.21s manage=0.14s] ===
=== options_morning_bot (PAPER) 2026-07-29T16:05:51.463382-04:00 ===

[Run context]
Paper auth OK — equity $122959.12, account PA36KS87UPRS
  reconcile: layout changed controlled:100:c000_s173_w1_0928_1005_r1 -> controlled:1024:lab0000_s200_w1_0928_1005_r1

[Setup]
Active buckets: 1024 | Strategies: S165, S164, S168, S167, S166, S163, S169, S170, S171, S172, S175, S200, S201, S202, S203, S204, S205, S206, S207, S208, S209, S210, S211, S212, S213, S214, S215, S216, S217, S218, S219, S400, S401, S402, S403, S350, S351, S352, S353, S354, S355, S356, S357, S358, S359, S360, S361, S362, S363, S364, S365, S366, S367, S368, S369, S370, S371, S372, S373, S374, S375, S376, S377, S378, S379, S380, S381, S382, S383, S384, S385, S386, S387, S388, S389, S390, S391, S392, S393, S394, S395, S396, S397, S398, S399, S404, S405, S406, S407, S408, S409, S410, S411, S412, S413, S414, S415, S416, S417, S418, S419
Dropped (no new entries; ex-reflected P&L): S173, S174

[Manage only]
Past entry window; manage/exit only.

[Portfolio snapshot]
========================================================
OPTIONS TRIAL STATS
========================================================
Account equity: $122,959.12
Active buckets: 1024 of 1024 profiles ($500 virtual each) — paper unlimited mode

P&L summary
  Reflected (ex-S173,S174): $+4,417.13 all-time  |  $-6.00 today
  Raw (incl dropped):     $+2,821.58 all-time  |  $-6.00 today
  Open (not sold yet): $+0.00 unrealized (virtual lots)
  Premium deployed:    $0.00 in open positions
  Combined P&L:        $+4,417.13 (reflected realized + open virtual)

Ledger (master)
  Total events:     6087
  Today entries:    77
  Today exits (reflected): 4
  All-time exits (reflected): 277  wins 30%
  Avg return/trade: -5.7%  median -40.0%

Open virtual lots (by bucket)
  (1024 quiet bucket profile(s) — no trades yet)
  (no open lots across active profiles)

Alpaca option positions
  (none)

Per-bucket exit stats (all time)
  b0|orphan_reconcile     n= 22  avg=+22.4%  med=-57.5%  realized=$+6,310.91
  b104|c104_s164_w1_0928_1005_r4  n=  1  avg=-88.9%  med=-88.9%  realized=$-8.00
  b108|c108_s202_w3_1045_1120_r1  n=  1  avg=-33.3%  med=-33.3%  realized=$-1.00
  b109|c109_s202_w3_1045_1120_r2  n=  1  avg=-66.7%  med=-66.7%  realized=$-2.00
  b10|c010_s165_w3_1045_1120_r1  n=  8  avg=-37.2%  med=-18.9%  realized=$-205.00
  b132|c132_s164_w1_0928_1005_r5  n=  2  avg=-65.7%  med=-53.6%  realized=$-37.00
  b135|c135_s164_w4_1120_1135_r5  n=  1  avg=-50.0%  med=-50.0%  realized=$-4.00
  b20|c020_s164_w1_0928_1005_r1  n=  1  avg=-88.9%  med=-88.9%  realized=$-8.00
  b236|c236_s218_w3_1045_1120_r1  n=  1  avg=-33.3%  med=-33.3%  realized=$-1.00
  b237|c237_s218_w3_1045_1120_r2  n=  1  avg=-66.7%  med=-66.7%  realized=$-2.00
  b28|c028_s165_w1_0928_1005_r2  n= 17  avg=+49.5%  med=+80.0%  realized=$+448.00
  b28|c028_s173_w1_0928_1005_r2  n=  5  avg=+51.6%  med=+80.0%  realized=$+142.00
  b29|c029_s165_w2_1005_1045_r2  n=  9  avg=-23.3%  med=-50.0%  realized=$-221.00
  b29|c029_s173_w2_1005_1045_r2  n=  2  avg=-69.3%  med=-48.5%  realized=$-78.00
  b30|c030_s165_w3_1045_1120_r2  n=  9  avg=+38.8%  med=+0.0%  realized=$+260.00
  b30|c030_s173_w3_1045_1120_r2  n=  2  avg=-9.5%  med=+0.0%  realized=$-14.00
  b31|c031_s165_w4_1120_1135_r2  n=  2  avg=+145.5%  med=+175.8%  realized=$+192.00
  b48|c048_s164_w1_0928_1005_r2  n=  5  avg=-33.1%  med=-49.1%  realized=$-91.00
  b48|c048_s165_w1_0928_1005_r3  n= 16  avg=-35.9%  med=-49.1%  realized=$-344.00
  b49|c049_s164_w2_1005_1045_r2  n=  4  avg=-51.8%  med=-44.0%  realized=$-133.00
  b49|c049_s165_w2_1005_1045_r3  n= 15  avg=-49.3%  med=-49.1%  realized=$-458.00
  b50|c050_s164_w3_1045_1120_r2  n=  4  avg=-39.6%  med=-16.7%  realized=$-115.00
  b50|c050_s165_w3_1045_1120_r3  n=  9  avg=-23.6%  med=-23.1%  realized=$-142.00
  b51|c051_s165_w4_1120_1135_r3  n=  1  avg=+263.6%  med=+263.6%  realized=$+174.00
  b56|g056_lim_tp20_sl65  n=  1  avg=+47.7%  med=+47.7%  realized=$+20.52
  b57|g057_mid_tp20_sl65  n=  1  avg=+47.7%  med=+47.7%  realized=$+20.52
  b58|g058_eod_tp20_sl65  n=  1  avg=+59.1%  med=+59.1%  realized=$+25.41
  b68|c068_s165_w1_0928_1005_r4  n= 16  avg=-51.3%  med=-49.1%  realized=$-446.00
  b68|c068_s166_w1_0928_1005_r3  n=  4  avg=-52.7%  med=-49.1%  realized=$-116.00
  b69|c069_s165_w2_1005_1045_r4  n= 11  avg=+19.0%  med=-43.6%  realized=$-179.00
  b69|c069_s166_w2_1005_1045_r3  n=  4  avg=+10.1%  med=-40.0%  realized=$-87.00
  b70|c070_s165_w3_1045_1120_r4  n= 11  avg=-2.1%  med=-16.9%  realized=$-6.00
  b70|c070_s166_w3_1045_1120_r3  n=  4  avg=-42.5%  med=-27.0%  realized=$-124.00
  b70|g070_eod_tp30_sl20  n=  1  avg=+59.1%  med=+59.1%  realized=$+27.77
  b76|c076_s164_w1_0928_1005_r3  n=  1  avg=-50.0%  med=-50.0%  realized=$-2.00
  b88|c088_s165_w1_0928_1005_r5  n= 21  avg=-5.0%  med=-2.7%  realized=$-63.00
  b88|c088_s167_w1_0928_1005_r4  n=  4  avg=-12.7%  med=+30.9%  realized=$-28.00
  b89|c089_s165_w2_1005_1045_r5  n=  7  avg=+113.1%  med=+30.9%  realized=$+67.00
  b89|c089_s167_w2_1005_1045_r4  n=  2  avg=-16.2%  med=+30.9%  realized=$-22.00
  b8|c008_s165_w1_0928_1005_r1  n= 23  avg=-19.6%  med=-35.3%  realized=$-250.00
  b90|c090_s165_w3_1045_1120_r5  n= 13  avg=+7.7%  med=+0.0%  realized=$+47.00
  b90|c090_s167_w3_1045_1120_r4  n=  4  avg=-41.6%  med=-18.9%  realized=$-123.00
  b91|c091_s165_w4_1120_1135_r5  n=  2  avg=+222.0%  med=+247.0%  realized=$+293.00
  b9|c009_s165_w2_1005_1045_r1  n=  7  avg=-74.4%  med=-66.2%  realized=$-301.00
========================================================

[Exit summary]
========================================================
OPTIONS EXIT SUMMARY — 2026-07-29
========================================================
Account equity: $122,959.12
Open positions: flat

Today's closed trades
  Count:     4
  Win rate:  0/4 (0%)
  Return:    avg -50.0%  med -33.3%  best -33.3%  worst -66.7%
  Realized:  $-6.00

By strategy
  S202    n=  2  win=0%  avg=-50.0%
  S218    n=  2  win=0%  avg=-50.0%

By symbol
  PG      n=  4  avg=-50.0%

By exit type
  stop_loss     3
  reconcile_fill  1

Top buckets today (realized $)
  b108|c108_s202_w3_1045_1120_r1  $-1.00
  b236|c236_s218_w3_1045_1120_r1  $-1.00
  b109|c109_s202_w3_1045_1120_r2  $-2.00
  b237|c237_s218_w3_1045_1120_r2  $-2.00

Recent exits (last 4)
  14:55:48  b109 c109_s202_w3_1045_  PG    S202    -66.7%     $-2.00  stop_loss (-66.7%)
  15:03:13  b108 c108_s202_w3_1045_  PG    S202    -33.3%     $-1.00  reconcile_fill
  15:38:39  b236 c236_s218_w3_1045_  PG    S218    -33.3%     $-1.00  stop_loss (-66.7%)
  16:21:11  b237 c237_s218_w3_1045_  PG    S218    -66.7%     $-2.00  stop_loss (-66.7%)
========================================================
+========================================================================+
|  OPTIONS BOT SUMMARY                                                   |
+------------------------------------------------------------------------+
|  Mode                          manage-only                             |
|  Equity                        $122,959.12                             |
|  Signals this run              0                                       |
|  Orders submitted (session)    83                                      |
|  Orders filled today (ledger)  77                                      |
|  Entries placed this run       0                                       |
|  Open virtual lots             0                                       |
|  Broker option positions       0                                       |
|  Pending orders                0                                       |
+========================================================================+
+========================================================================+
|  BUCKET LEADERBOARD (reflected ex-S173,S174)                           |
+------------------------------------------------------------------------+
|  Reflected trades=277  buckets=31  win=30%                             |
|  Returns   avg=-5.7%  med=-40.0%  p10=-66.2%  p90=+81.8%               |
|  Realized  $+4,417.13                                                  |
|  Raw incl dropped  trades=811  real=$+2,821.58                         |
|  Today     trades=4  avg=-50.0%  med=-50.0%  real=$-6.00               |
+------------------------------------------------------------------------+
|  BKT PROFILE               N  WIN  AVG%   MED%   BEST%  REAL$          |
+------------------------------------------------------------------------+
|  b51  lab0051_s206_w2_10  1 100% +263.6 +263.6 +263.6 $   +174         |
|  b91  lab0091_s210_w6_14  2 100% +222.0 +222.0 +247.0 $   +293         |
|  b31  lab0031_s203_w4_11  2 100% +145.5 +145.5 +175.8 $   +192         |
|  b28  lab0028_s203_w3_10 22  77% +50.0 +80.0 +102.0 $   +590           |
|  b58  lab0058_s207_w2_10  1 100% +59.1 +59.1 +59.1 $    +25            |
|  b56  lab0056_s207_w1_09  1 100% +47.7 +47.7 +47.7 $    +21            |
|  b57  lab0057_s207_w1_09  1 100% +47.7 +47.7 +47.7 $    +21            |
|  b89  lab0089_s210_w5_13  9  56% +84.4 +30.9 +790.0 $    +45           |
|  ... 23 more bucket(s) with exits                                      |
+------------------------------------------------------------------------+
|  Low  b20  lab0020_s202_w3_10  1   0% -88.9 -88.9 -88.9 $     -8       |
+========================================================================+
+========================================================================+
|  OPEN OPTIONS (0)                                                      |
+------------------------------------------------------------------------+
|  No open option positions                                              |
+========================================================================+
Full detail: logs/options_trial/runs/2026-07-29.log
elapsed=1.4s reconcile=0.45s cancel=0.21s manage=0.14s

=== 16:10:43 ET — after hours (exit summary) [elapsed=1.5s reconcile=0.61s] ===
=== options_morning_bot (PAPER) 2026-07-29T16:10:43.665106-04:00 ===

[Run context]
After hours (16:10 ET) — exit summary only.
Paper auth OK — equity $122459.12, account PA36KS87UPRS
  reconcile: layout changed controlled:100:c000_s173_w1_0928_1005_r1 -> controlled:1024:lab0000_s200_w1_0928_1005_r1

[Exit summary]
========================================================
OPTIONS EXIT SUMMARY — 2026-07-29
========================================================
Account equity: $122,459.12
Open positions: flat

Today's closed trades
  Count:     4
  Win rate:  0/4 (0%)
  Return:    avg -50.0%  med -33.3%  best -33.3%  worst -66.7%
  Realized:  $-6.00

By strategy
  S202    n=  2  win=0%  avg=-50.0%
  S218    n=  2  win=0%  avg=-50.0%

By symbol
  PG      n=  4  avg=-50.0%

By exit type
  stop_loss     3
  reconcile_fill  1

Top buckets today (realized $)
  b108|c108_s202_w3_1045_1120_r1  $-1.00
  b236|c236_s218_w3_1045_1120_r1  $-1.00
  b109|c109_s202_w3_1045_1120_r2  $-2.00
  b237|c237_s218_w3_1045_1120_r2  $-2.00

Recent exits (last 4)
  14:55:48  b109 c109_s202_w3_1045_  PG    S202    -66.7%     $-2.00  stop_loss (-66.7%)
  15:03:13  b108 c108_s202_w3_1045_  PG    S202    -33.3%     $-1.00  reconcile_fill
  15:38:39  b236 c236_s218_w3_1045_  PG    S218    -33.3%     $-1.00  stop_loss (-66.7%)
  16:21:11  b237 c237_s218_w3_1045_  PG    S218    -66.7%     $-2.00  stop_loss (-66.7%)
========================================================

[Portfolio snapshot]
========================================================
OPTIONS TRIAL STATS
========================================================
Account equity: $122,459.12
Active buckets: 1024 of 1024 profiles ($500 virtual each) — paper unlimited mode

P&L summary
  Reflected (ex-S173,S174): $+4,417.13 all-time  |  $-6.00 today
  Raw (incl dropped):     $+2,821.58 all-time  |  $-6.00 today
  Open (not sold yet): $+0.00 unrealized (virtual lots)
  Premium deployed:    $0.00 in open positions
  Combined P&L:        $+4,417.13 (reflected realized + open virtual)

Ledger (master)
  Total events:     6087
  Today entries:    77
  Today exits (reflected): 4
  All-time exits (reflected): 277  wins 30%
  Avg return/trade: -5.7%  median -40.0%

Open virtual lots (by bucket)
  (1024 quiet bucket profile(s) — no trades yet)
  (no open lots across active profiles)

Alpaca option positions
  (none)

Per-bucket exit stats (all time)
  b0|orphan_reconcile     n= 22  avg=+22.4%  med=-57.5%  realized=$+6,310.91
  b104|c104_s164_w1_0928_1005_r4  n=  1  avg=-88.9%  med=-88.9%  realized=$-8.00
  b108|c108_s202_w3_1045_1120_r1  n=  1  avg=-33.3%  med=-33.3%  realized=$-1.00
  b109|c109_s202_w3_1045_1120_r2  n=  1  avg=-66.7%  med=-66.7%  realized=$-2.00
  b10|c010_s165_w3_1045_1120_r1  n=  8  avg=-37.2%  med=-18.9%  realized=$-205.00
  b132|c132_s164_w1_0928_1005_r5  n=  2  avg=-65.7%  med=-53.6%  realized=$-37.00
  b135|c135_s164_w4_1120_1135_r5  n=  1  avg=-50.0%  med=-50.0%  realized=$-4.00
  b20|c020_s164_w1_0928_1005_r1  n=  1  avg=-88.9%  med=-88.9%  realized=$-8.00
  b236|c236_s218_w3_1045_1120_r1  n=  1  avg=-33.3%  med=-33.3%  realized=$-1.00
  b237|c237_s218_w3_1045_1120_r2  n=  1  avg=-66.7%  med=-66.7%  realized=$-2.00
  b28|c028_s165_w1_0928_1005_r2  n= 17  avg=+49.5%  med=+80.0%  realized=$+448.00
  b28|c028_s173_w1_0928_1005_r2  n=  5  avg=+51.6%  med=+80.0%  realized=$+142.00
  b29|c029_s165_w2_1005_1045_r2  n=  9  avg=-23.3%  med=-50.0%  realized=$-221.00
  b29|c029_s173_w2_1005_1045_r2  n=  2  avg=-69.3%  med=-48.5%  realized=$-78.00
  b30|c030_s165_w3_1045_1120_r2  n=  9  avg=+38.8%  med=+0.0%  realized=$+260.00
  b30|c030_s173_w3_1045_1120_r2  n=  2  avg=-9.5%  med=+0.0%  realized=$-14.00
  b31|c031_s165_w4_1120_1135_r2  n=  2  avg=+145.5%  med=+175.8%  realized=$+192.00
  b48|c048_s164_w1_0928_1005_r2  n=  5  avg=-33.1%  med=-49.1%  realized=$-91.00
  b48|c048_s165_w1_0928_1005_r3  n= 16  avg=-35.9%  med=-49.1%  realized=$-344.00
  b49|c049_s164_w2_1005_1045_r2  n=  4  avg=-51.8%  med=-44.0%  realized=$-133.00
  b49|c049_s165_w2_1005_1045_r3  n= 15  avg=-49.3%  med=-49.1%  realized=$-458.00
  b50|c050_s164_w3_1045_1120_r2  n=  4  avg=-39.6%  med=-16.7%  realized=$-115.00
  b50|c050_s165_w3_1045_1120_r3  n=  9  avg=-23.6%  med=-23.1%  realized=$-142.00
  b51|c051_s165_w4_1120_1135_r3  n=  1  avg=+263.6%  med=+263.6%  realized=$+174.00
  b56|g056_lim_tp20_sl65  n=  1  avg=+47.7%  med=+47.7%  realized=$+20.52
  b57|g057_mid_tp20_sl65  n=  1  avg=+47.7%  med=+47.7%  realized=$+20.52
  b58|g058_eod_tp20_sl65  n=  1  avg=+59.1%  med=+59.1%  realized=$+25.41
  b68|c068_s165_w1_0928_1005_r4  n= 16  avg=-51.3%  med=-49.1%  realized=$-446.00
  b68|c068_s166_w1_0928_1005_r3  n=  4  avg=-52.7%  med=-49.1%  realized=$-116.00
  b69|c069_s165_w2_1005_1045_r4  n= 11  avg=+19.0%  med=-43.6%  realized=$-179.00
  b69|c069_s166_w2_1005_1045_r3  n=  4  avg=+10.1%  med=-40.0%  realized=$-87.00
  b70|c070_s165_w3_1045_1120_r4  n= 11  avg=-2.1%  med=-16.9%  realized=$-6.00
  b70|c070_s166_w3_1045_1120_r3  n=  4  avg=-42.5%  med=-27.0%  realized=$-124.00
  b70|g070_eod_tp30_sl20  n=  1  avg=+59.1%  med=+59.1%  realized=$+27.77
  b76|c076_s164_w1_0928_1005_r3  n=  1  avg=-50.0%  med=-50.0%  realized=$-2.00
  b88|c088_s165_w1_0928_1005_r5  n= 21  avg=-5.0%  med=-2.7%  realized=$-63.00
  b88|c088_s167_w1_0928_1005_r4  n=  4  avg=-12.7%  med=+30.9%  realized=$-28.00
  b89|c089_s165_w2_1005_1045_r5  n=  7  avg=+113.1%  med=+30.9%  realized=$+67.00
  b89|c089_s167_w2_1005_1045_r4  n=  2  avg=-16.2%  med=+30.9%  realized=$-22.00
  b8|c008_s165_w1_0928_1005_r1  n= 23  avg=-19.6%  med=-35.3%  realized=$-250.00
  b90|c090_s165_w3_1045_1120_r5  n= 13  avg=+7.7%  med=+0.0%  realized=$+47.00
  b90|c090_s167_w3_1045_1120_r4  n=  4  avg=-41.6%  med=-18.9%  realized=$-123.00
  b91|c091_s165_w4_1120_1135_r5  n=  2  avg=+222.0%  med=+247.0%  realized=$+293.00
  b9|c009_s165_w2_1005_1045_r1  n=  7  avg=-74.4%  med=-66.2%  realized=$-301.00
========================================================
+========================================================================+
|  OPTIONS BOT SUMMARY                                                   |
+------------------------------------------------------------------------+
|  Mode                          after_hours                             |
|  Equity                        $122,459.12                             |
|  Signals this run              0                                       |
|  Orders submitted (session)    83                                      |
|  Orders filled today (ledger)  77                                      |
|  Entries placed this run       0                                       |
|  Open virtual lots             0                                       |
|  Broker option positions       0                                       |
|  Pending orders                0                                       |
+========================================================================+
+========================================================================+
|  BUCKET LEADERBOARD (reflected ex-S173,S174)                           |
+------------------------------------------------------------------------+
|  Reflected trades=277  buckets=31  win=30%                             |
|  Returns   avg=-5.7%  med=-40.0%  p10=-66.2%  p90=+81.8%               |
|  Realized  $+4,417.13                                                  |
|  Raw incl dropped  trades=811  real=$+2,821.58                         |
|  Today     trades=4  avg=-50.0%  med=-50.0%  real=$-6.00               |
+------------------------------------------------------------------------+
|  BKT PROFILE               N  WIN  AVG%   MED%   BEST%  REAL$          |
+------------------------------------------------------------------------+
|  b51  lab0051_s206_w2_10  1 100% +263.6 +263.6 +263.6 $   +174         |
|  b91  lab0091_s210_w6_14  2 100% +222.0 +222.0 +247.0 $   +293         |
|  b31  lab0031_s203_w4_11  2 100% +145.5 +145.5 +175.8 $   +192         |
|  b28  lab0028_s203_w3_10 22  77% +50.0 +80.0 +102.0 $   +590           |
|  b58  lab0058_s207_w2_10  1 100% +59.1 +59.1 +59.1 $    +25            |
|  b56  lab0056_s207_w1_09  1 100% +47.7 +47.7 +47.7 $    +21            |
|  b57  lab0057_s207_w1_09  1 100% +47.7 +47.7 +47.7 $    +21            |
|  b89  lab0089_s210_w5_13  9  56% +84.4 +30.9 +790.0 $    +45           |
|  ... 23 more bucket(s) with exits                                      |
+------------------------------------------------------------------------+
|  Low  b20  lab0020_s202_w3_10  1   0% -88.9 -88.9 -88.9 $     -8       |
+========================================================================+
+========================================================================+
|  OPEN OPTIONS (0)                                                      |
+------------------------------------------------------------------------+
|  No open option positions                                              |
+========================================================================+
Full detail: logs/options_trial/runs/2026-07-29.log
elapsed=1.5s reconcile=0.61s

=== 16:15:40 ET — after hours (exit summary) [elapsed=0.4s reconcile=0.11s] ===
=== options_morning_bot (PAPER) 2026-07-29T16:15:40.302351-04:00 ===

[Run context]
After hours (16:15 ET) — exit summary only.
Paper auth OK — equity $122891.12, account PA36KS87UPRS
  reconcile: layout changed controlled:100:c000_s173_w1_0928_1005_r1 -> controlled:1024:lab0000_s200_w1_0928_1005_r1

[Exit summary]
========================================================
OPTIONS EXIT SUMMARY — 2026-07-29
========================================================
Account equity: $122,891.12
Open positions: flat

Today's closed trades
  Count:     4
  Win rate:  0/4 (0%)
  Return:    avg -50.0%  med -33.3%  best -33.3%  worst -66.7%
  Realized:  $-6.00

By strategy
  S202    n=  2  win=0%  avg=-50.0%
  S218    n=  2  win=0%  avg=-50.0%

By symbol
  PG      n=  4  avg=-50.0%

By exit type
  stop_loss     3
  reconcile_fill  1

Top buckets today (realized $)
  b108|c108_s202_w3_1045_1120_r1  $-1.00
  b236|c236_s218_w3_1045_1120_r1  $-1.00
  b109|c109_s202_w3_1045_1120_r2  $-2.00
  b237|c237_s218_w3_1045_1120_r2  $-2.00

Recent exits (last 4)
  14:55:48  b109 c109_s202_w3_1045_  PG    S202    -66.7%     $-2.00  stop_loss (-66.7%)
  15:03:13  b108 c108_s202_w3_1045_  PG    S202    -33.3%     $-1.00  reconcile_fill
  15:38:39  b236 c236_s218_w3_1045_  PG    S218    -33.3%     $-1.00  stop_loss (-66.7%)
  16:21:11  b237 c237_s218_w3_1045_  PG    S218    -66.7%     $-2.00  stop_loss (-66.7%)
========================================================

[Portfolio snapshot]
========================================================
OPTIONS TRIAL STATS
========================================================
Account equity: $122,891.12
Active buckets: 1024 of 1024 profiles ($500 virtual each) — paper unlimited mode

P&L summary
  Reflected (ex-S173,S174): $+4,417.13 all-time  |  $-6.00 today
  Raw (incl dropped):     $+2,821.58 all-time  |  $-6.00 today
  Open (not sold yet): $+0.00 unrealized (virtual lots)
  Premium deployed:    $0.00 in open positions
  Combined P&L:        $+4,417.13 (reflected realized + open virtual)

Ledger (master)
  Total events:     6087
  Today entries:    77
  Today exits (reflected): 4
  All-time exits (reflected): 277  wins 30%
  Avg return/trade: -5.7%  median -40.0%

Open virtual lots (by bucket)
  (1024 quiet bucket profile(s) — no trades yet)
  (no open lots across active profiles)

Alpaca option positions
  (none)

Per-bucket exit stats (all time)
  b0|orphan_reconcile     n= 22  avg=+22.4%  med=-57.5%  realized=$+6,310.91
  b104|c104_s164_w1_0928_1005_r4  n=  1  avg=-88.9%  med=-88.9%  realized=$-8.00
  b108|c108_s202_w3_1045_1120_r1  n=  1  avg=-33.3%  med=-33.3%  realized=$-1.00
  b109|c109_s202_w3_1045_1120_r2  n=  1  avg=-66.7%  med=-66.7%  realized=$-2.00
  b10|c010_s165_w3_1045_1120_r1  n=  8  avg=-37.2%  med=-18.9%  realized=$-205.00
  b132|c132_s164_w1_0928_1005_r5  n=  2  avg=-65.7%  med=-53.6%  realized=$-37.00
  b135|c135_s164_w4_1120_1135_r5  n=  1  avg=-50.0%  med=-50.0%  realized=$-4.00
  b20|c020_s164_w1_0928_1005_r1  n=  1  avg=-88.9%  med=-88.9%  realized=$-8.00
  b236|c236_s218_w3_1045_1120_r1  n=  1  avg=-33.3%  med=-33.3%  realized=$-1.00
  b237|c237_s218_w3_1045_1120_r2  n=  1  avg=-66.7%  med=-66.7%  realized=$-2.00
  b28|c028_s165_w1_0928_1005_r2  n= 17  avg=+49.5%  med=+80.0%  realized=$+448.00
  b28|c028_s173_w1_0928_1005_r2  n=  5  avg=+51.6%  med=+80.0%  realized=$+142.00
  b29|c029_s165_w2_1005_1045_r2  n=  9  avg=-23.3%  med=-50.0%  realized=$-221.00
  b29|c029_s173_w2_1005_1045_r2  n=  2  avg=-69.3%  med=-48.5%  realized=$-78.00
  b30|c030_s165_w3_1045_1120_r2  n=  9  avg=+38.8%  med=+0.0%  realized=$+260.00
  b30|c030_s173_w3_1045_1120_r2  n=  2  avg=-9.5%  med=+0.0%  realized=$-14.00
  b31|c031_s165_w4_1120_1135_r2  n=  2  avg=+145.5%  med=+175.8%  realized=$+192.00
  b48|c048_s164_w1_0928_1005_r2  n=  5  avg=-33.1%  med=-49.1%  realized=$-91.00
  b48|c048_s165_w1_0928_1005_r3  n= 16  avg=-35.9%  med=-49.1%  realized=$-344.00
  b49|c049_s164_w2_1005_1045_r2  n=  4  avg=-51.8%  med=-44.0%  realized=$-133.00
  b49|c049_s165_w2_1005_1045_r3  n= 15  avg=-49.3%  med=-49.1%  realized=$-458.00
  b50|c050_s164_w3_1045_1120_r2  n=  4  avg=-39.6%  med=-16.7%  realized=$-115.00
  b50|c050_s165_w3_1045_1120_r3  n=  9  avg=-23.6%  med=-23.1%  realized=$-142.00
  b51|c051_s165_w4_1120_1135_r3  n=  1  avg=+263.6%  med=+263.6%  realized=$+174.00
  b56|g056_lim_tp20_sl65  n=  1  avg=+47.7%  med=+47.7%  realized=$+20.52
  b57|g057_mid_tp20_sl65  n=  1  avg=+47.7%  med=+47.7%  realized=$+20.52
  b58|g058_eod_tp20_sl65  n=  1  avg=+59.1%  med=+59.1%  realized=$+25.41
  b68|c068_s165_w1_0928_1005_r4  n= 16  avg=-51.3%  med=-49.1%  realized=$-446.00
  b68|c068_s166_w1_0928_1005_r3  n=  4  avg=-52.7%  med=-49.1%  realized=$-116.00
  b69|c069_s165_w2_1005_1045_r4  n= 11  avg=+19.0%  med=-43.6%  realized=$-179.00
  b69|c069_s166_w2_1005_1045_r3  n=  4  avg=+10.1%  med=-40.0%  realized=$-87.00
  b70|c070_s165_w3_1045_1120_r4  n= 11  avg=-2.1%  med=-16.9%  realized=$-6.00
  b70|c070_s166_w3_1045_1120_r3  n=  4  avg=-42.5%  med=-27.0%  realized=$-124.00
  b70|g070_eod_tp30_sl20  n=  1  avg=+59.1%  med=+59.1%  realized=$+27.77
  b76|c076_s164_w1_0928_1005_r3  n=  1  avg=-50.0%  med=-50.0%  realized=$-2.00
  b88|c088_s165_w1_0928_1005_r5  n= 21  avg=-5.0%  med=-2.7%  realized=$-63.00
  b88|c088_s167_w1_0928_1005_r4  n=  4  avg=-12.7%  med=+30.9%  realized=$-28.00
  b89|c089_s165_w2_1005_1045_r5  n=  7  avg=+113.1%  med=+30.9%  realized=$+67.00
  b89|c089_s167_w2_1005_1045_r4  n=  2  avg=-16.2%  med=+30.9%  realized=$-22.00
  b8|c008_s165_w1_0928_1005_r1  n= 23  avg=-19.6%  med=-35.3%  realized=$-250.00
  b90|c090_s165_w3_1045_1120_r5  n= 13  avg=+7.7%  med=+0.0%  realized=$+47.00
  b90|c090_s167_w3_1045_1120_r4  n=  4  avg=-41.6%  med=-18.9%  realized=$-123.00
  b91|c091_s165_w4_1120_1135_r5  n=  2  avg=+222.0%  med=+247.0%  realized=$+293.00
  b9|c009_s165_w2_1005_1045_r1  n=  7  avg=-74.4%  med=-66.2%  realized=$-301.00
========================================================
+========================================================================+
|  OPTIONS BOT SUMMARY                                                   |
+------------------------------------------------------------------------+
|  Mode                          after_hours                             |
|  Equity                        $122,891.12                             |
|  Signals this run              0                                       |
|  Orders submitted (session)    83                                      |
|  Orders filled today (ledger)  77                                      |
|  Entries placed this run       0                                       |
|  Open virtual lots             0                                       |
|  Broker option positions       0                                       |
|  Pending orders                0                                       |
+========================================================================+
+========================================================================+
|  BUCKET LEADERBOARD (reflected ex-S173,S174)                           |
+------------------------------------------------------------------------+
|  Reflected trades=277  buckets=31  win=30%                             |
|  Returns   avg=-5.7%  med=-40.0%  p10=-66.2%  p90=+81.8%               |
|  Realized  $+4,417.13                                                  |
|  Raw incl dropped  trades=811  real=$+2,821.58                         |
|  Today     trades=4  avg=-50.0%  med=-50.0%  real=$-6.00               |
+------------------------------------------------------------------------+
|  BKT PROFILE               N  WIN  AVG%   MED%   BEST%  REAL$          |
+------------------------------------------------------------------------+
|  b51  lab0051_s206_w2_10  1 100% +263.6 +263.6 +263.6 $   +174         |
|  b91  lab0091_s210_w6_14  2 100% +222.0 +222.0 +247.0 $   +293         |
|  b31  lab0031_s203_w4_11  2 100% +145.5 +145.5 +175.8 $   +192         |
|  b28  lab0028_s203_w3_10 22  77% +50.0 +80.0 +102.0 $   +590           |
|  b58  lab0058_s207_w2_10  1 100% +59.1 +59.1 +59.1 $    +25            |
|  b56  lab0056_s207_w1_09  1 100% +47.7 +47.7 +47.7 $    +21            |
|  b57  lab0057_s207_w1_09  1 100% +47.7 +47.7 +47.7 $    +21            |
|  b89  lab0089_s210_w5_13  9  56% +84.4 +30.9 +790.0 $    +45           |
|  ... 23 more bucket(s) with exits                                      |
+------------------------------------------------------------------------+
|  Low  b20  lab0020_s202_w3_10  1   0% -88.9 -88.9 -88.9 $     -8       |
+========================================================================+
+========================================================================+
|  OPEN OPTIONS (0)                                                      |
+------------------------------------------------------------------------+
|  No open option positions                                              |
+========================================================================+
Full detail: logs/options_trial/runs/2026-07-29.log
elapsed=0.4s reconcile=0.11s

=== 16:20:47 ET — after hours (exit summary) [elapsed=0.7s reconcile=0.35s] ===
=== options_morning_bot (PAPER) 2026-07-29T16:20:47.120567-04:00 ===

[Run context]
After hours (16:20 ET) — exit summary only.
Paper auth OK — equity $122495.80, account PA36KS87UPRS
  reconcile: layout changed controlled:100:c000_s173_w1_0928_1005_r1 -> controlled:1024:lab0000_s200_w1_0928_1005_r1

[Exit summary]
========================================================
OPTIONS EXIT SUMMARY — 2026-07-29
========================================================
Account equity: $122,495.80
Open positions: flat

Today's closed trades
  Count:     4
  Win rate:  0/4 (0%)
  Return:    avg -50.0%  med -33.3%  best -33.3%  worst -66.7%
  Realized:  $-6.00

By strategy
  S202    n=  2  win=0%  avg=-50.0%
  S218    n=  2  win=0%  avg=-50.0%

By symbol
  PG      n=  4  avg=-50.0%

By exit type
  stop_loss     3
  reconcile_fill  1

Top buckets today (realized $)
  b108|c108_s202_w3_1045_1120_r1  $-1.00
  b236|c236_s218_w3_1045_1120_r1  $-1.00
  b109|c109_s202_w3_1045_1120_r2  $-2.00
  b237|c237_s218_w3_1045_1120_r2  $-2.00

Recent exits (last 4)
  14:55:48  b109 c109_s202_w3_1045_  PG    S202    -66.7%     $-2.00  stop_loss (-66.7%)
  15:03:13  b108 c108_s202_w3_1045_  PG    S202    -33.3%     $-1.00  reconcile_fill
  15:38:39  b236 c236_s218_w3_1045_  PG    S218    -33.3%     $-1.00  stop_loss (-66.7%)
  16:21:11  b237 c237_s218_w3_1045_  PG    S218    -66.7%     $-2.00  stop_loss (-66.7%)
========================================================

[Portfolio snapshot]
========================================================
OPTIONS TRIAL STATS
========================================================
Account equity: $122,495.80
Active buckets: 1024 of 1024 profiles ($500 virtual each) — paper unlimited mode

P&L summary
  Reflected (ex-S173,S174): $+4,417.13 all-time  |  $-6.00 today
  Raw (incl dropped):     $+2,821.58 all-time  |  $-6.00 today
  Open (not sold yet): $+0.00 unrealized (virtual lots)
  Premium deployed:    $0.00 in open positions
  Combined P&L:        $+4,417.13 (reflected realized + open virtual)

Ledger (master)
  Total events:     6087
  Today entries:    77
  Today exits (reflected): 4
  All-time exits (reflected): 277  wins 30%
  Avg return/trade: -5.7%  median -40.0%

Open virtual lots (by bucket)
  (1024 quiet bucket profile(s) — no trades yet)
  (no open lots across active profiles)

Alpaca option positions
  (none)

Per-bucket exit stats (all time)
  b0|orphan_reconcile     n= 22  avg=+22.4%  med=-57.5%  realized=$+6,310.91
  b104|c104_s164_w1_0928_1005_r4  n=  1  avg=-88.9%  med=-88.9%  realized=$-8.00
  b108|c108_s202_w3_1045_1120_r1  n=  1  avg=-33.3%  med=-33.3%  realized=$-1.00
  b109|c109_s202_w3_1045_1120_r2  n=  1  avg=-66.7%  med=-66.7%  realized=$-2.00
  b10|c010_s165_w3_1045_1120_r1  n=  8  avg=-37.2%  med=-18.9%  realized=$-205.00
  b132|c132_s164_w1_0928_1005_r5  n=  2  avg=-65.7%  med=-53.6%  realized=$-37.00
  b135|c135_s164_w4_1120_1135_r5  n=  1  avg=-50.0%  med=-50.0%  realized=$-4.00
  b20|c020_s164_w1_0928_1005_r1  n=  1  avg=-88.9%  med=-88.9%  realized=$-8.00
  b236|c236_s218_w3_1045_1120_r1  n=  1  avg=-33.3%  med=-33.3%  realized=$-1.00
  b237|c237_s218_w3_1045_1120_r2  n=  1  avg=-66.7%  med=-66.7%  realized=$-2.00
  b28|c028_s165_w1_0928_1005_r2  n= 17  avg=+49.5%  med=+80.0%  realized=$+448.00
  b28|c028_s173_w1_0928_1005_r2  n=  5  avg=+51.6%  med=+80.0%  realized=$+142.00
  b29|c029_s165_w2_1005_1045_r2  n=  9  avg=-23.3%  med=-50.0%  realized=$-221.00
  b29|c029_s173_w2_1005_1045_r2  n=  2  avg=-69.3%  med=-48.5%  realized=$-78.00
  b30|c030_s165_w3_1045_1120_r2  n=  9  avg=+38.8%  med=+0.0%  realized=$+260.00
  b30|c030_s173_w3_1045_1120_r2  n=  2  avg=-9.5%  med=+0.0%  realized=$-14.00
  b31|c031_s165_w4_1120_1135_r2  n=  2  avg=+145.5%  med=+175.8%  realized=$+192.00
  b48|c048_s164_w1_0928_1005_r2  n=  5  avg=-33.1%  med=-49.1%  realized=$-91.00
  b48|c048_s165_w1_0928_1005_r3  n= 16  avg=-35.9%  med=-49.1%  realized=$-344.00
  b49|c049_s164_w2_1005_1045_r2  n=  4  avg=-51.8%  med=-44.0%  realized=$-133.00
  b49|c049_s165_w2_1005_1045_r3  n= 15  avg=-49.3%  med=-49.1%  realized=$-458.00
  b50|c050_s164_w3_1045_1120_r2  n=  4  avg=-39.6%  med=-16.7%  realized=$-115.00
  b50|c050_s165_w3_1045_1120_r3  n=  9  avg=-23.6%  med=-23.1%  realized=$-142.00
  b51|c051_s165_w4_1120_1135_r3  n=  1  avg=+263.6%  med=+263.6%  realized=$+174.00
  b56|g056_lim_tp20_sl65  n=  1  avg=+47.7%  med=+47.7%  realized=$+20.52
  b57|g057_mid_tp20_sl65  n=  1  avg=+47.7%  med=+47.7%  realized=$+20.52
  b58|g058_eod_tp20_sl65  n=  1  avg=+59.1%  med=+59.1%  realized=$+25.41
  b68|c068_s165_w1_0928_1005_r4  n= 16  avg=-51.3%  med=-49.1%  realized=$-446.00
  b68|c068_s166_w1_0928_1005_r3  n=  4  avg=-52.7%  med=-49.1%  realized=$-116.00
  b69|c069_s165_w2_1005_1045_r4  n= 11  avg=+19.0%  med=-43.6%  realized=$-179.00
  b69|c069_s166_w2_1005_1045_r3  n=  4  avg=+10.1%  med=-40.0%  realized=$-87.00
  b70|c070_s165_w3_1045_1120_r4  n= 11  avg=-2.1%  med=-16.9%  realized=$-6.00
  b70|c070_s166_w3_1045_1120_r3  n=  4  avg=-42.5%  med=-27.0%  realized=$-124.00
  b70|g070_eod_tp30_sl20  n=  1  avg=+59.1%  med=+59.1%  realized=$+27.77
  b76|c076_s164_w1_0928_1005_r3  n=  1  avg=-50.0%  med=-50.0%  realized=$-2.00
  b88|c088_s165_w1_0928_1005_r5  n= 21  avg=-5.0%  med=-2.7%  realized=$-63.00
  b88|c088_s167_w1_0928_1005_r4  n=  4  avg=-12.7%  med=+30.9%  realized=$-28.00
  b89|c089_s165_w2_1005_1045_r5  n=  7  avg=+113.1%  med=+30.9%  realized=$+67.00
  b89|c089_s167_w2_1005_1045_r4  n=  2  avg=-16.2%  med=+30.9%  realized=$-22.00
  b8|c008_s165_w1_0928_1005_r1  n= 23  avg=-19.6%  med=-35.3%  realized=$-250.00
  b90|c090_s165_w3_1045_1120_r5  n= 13  avg=+7.7%  med=+0.0%  realized=$+47.00
  b90|c090_s167_w3_1045_1120_r4  n=  4  avg=-41.6%  med=-18.9%  realized=$-123.00
  b91|c091_s165_w4_1120_1135_r5  n=  2  avg=+222.0%  med=+247.0%  realized=$+293.00
  b9|c009_s165_w2_1005_1045_r1  n=  7  avg=-74.4%  med=-66.2%  realized=$-301.00
========================================================
+========================================================================+
|  OPTIONS BOT SUMMARY                                                   |
+------------------------------------------------------------------------+
|  Mode                          after_hours                             |
|  Equity                        $122,495.80                             |
|  Signals this run              0                                       |
|  Orders submitted (session)    83                                      |
|  Orders filled today (ledger)  77                                      |
|  Entries placed this run       0                                       |
|  Open virtual lots             0                                       |
|  Broker option positions       0                                       |
|  Pending orders                0                                       |
+========================================================================+
+========================================================================+
|  BUCKET LEADERBOARD (reflected ex-S173,S174)                           |
+------------------------------------------------------------------------+
|  Reflected trades=277  buckets=31  win=30%                             |
|  Returns   avg=-5.7%  med=-40.0%  p10=-66.2%  p90=+81.8%               |
|  Realized  $+4,417.13                                                  |
|  Raw incl dropped  trades=811  real=$+2,821.58                         |
|  Today     trades=4  avg=-50.0%  med=-50.0%  real=$-6.00               |
+------------------------------------------------------------------------+
|  BKT PROFILE               N  WIN  AVG%   MED%   BEST%  REAL$          |
+------------------------------------------------------------------------+
|  b51  lab0051_s206_w2_10  1 100% +263.6 +263.6 +263.6 $   +174         |
|  b91  lab0091_s210_w6_14  2 100% +222.0 +222.0 +247.0 $   +293         |
|  b31  lab0031_s203_w4_11  2 100% +145.5 +145.5 +175.8 $   +192         |
|  b28  lab0028_s203_w3_10 22  77% +50.0 +80.0 +102.0 $   +590           |
|  b58  lab0058_s207_w2_10  1 100% +59.1 +59.1 +59.1 $    +25            |
|  b56  lab0056_s207_w1_09  1 100% +47.7 +47.7 +47.7 $    +21            |
|  b57  lab0057_s207_w1_09  1 100% +47.7 +47.7 +47.7 $    +21            |
|  b89  lab0089_s210_w5_13  9  56% +84.4 +30.9 +790.0 $    +45           |
|  ... 23 more bucket(s) with exits                                      |
+------------------------------------------------------------------------+
|  Low  b20  lab0020_s202_w3_10  1   0% -88.9 -88.9 -88.9 $     -8       |
+========================================================================+
+========================================================================+
|  OPEN OPTIONS (0)                                                      |
+------------------------------------------------------------------------+
|  No open option positions                                              |
+========================================================================+
Full detail: logs/options_trial/runs/2026-07-29.log
elapsed=0.7s reconcile=0.35s

=== 16:25:45 ET — after hours (exit summary) [elapsed=0.8s reconcile=0.35s] ===
=== options_morning_bot (PAPER) 2026-07-29T16:25:45.128102-04:00 ===

[Run context]
After hours (16:25 ET) — exit summary only.
Paper auth OK — equity $122359.12, account PA36KS87UPRS
  reconcile: layout changed controlled:100:c000_s173_w1_0928_1005_r1 -> controlled:1024:lab0000_s200_w1_0928_1005_r1

[Exit summary]
========================================================
OPTIONS EXIT SUMMARY — 2026-07-29
========================================================
Account equity: $122,359.12
Open positions: flat

Today's closed trades
  Count:     4
  Win rate:  0/4 (0%)
  Return:    avg -50.0%  med -33.3%  best -33.3%  worst -66.7%
  Realized:  $-6.00

By strategy
  S202    n=  2  win=0%  avg=-50.0%
  S218    n=  2  win=0%  avg=-50.0%

By symbol
  PG      n=  4  avg=-50.0%

By exit type
  stop_loss     3
  reconcile_fill  1

Top buckets today (realized $)
  b108|c108_s202_w3_1045_1120_r1  $-1.00
  b236|c236_s218_w3_1045_1120_r1  $-1.00
  b109|c109_s202_w3_1045_1120_r2  $-2.00
  b237|c237_s218_w3_1045_1120_r2  $-2.00

Recent exits (last 4)
  14:55:48  b109 c109_s202_w3_1045_  PG    S202    -66.7%     $-2.00  stop_loss (-66.7%)
  15:03:13  b108 c108_s202_w3_1045_  PG    S202    -33.3%     $-1.00  reconcile_fill
  15:38:39  b236 c236_s218_w3_1045_  PG    S218    -33.3%     $-1.00  stop_loss (-66.7%)
  16:21:11  b237 c237_s218_w3_1045_  PG    S218    -66.7%     $-2.00  stop_loss (-66.7%)
========================================================

[Portfolio snapshot]
========================================================
OPTIONS TRIAL STATS
========================================================
Account equity: $122,359.12
Active buckets: 1024 of 1024 profiles ($500 virtual each) — paper unlimited mode

P&L summary
  Reflected (ex-S173,S174): $+4,417.13 all-time  |  $-6.00 today
  Raw (incl dropped):     $+2,821.58 all-time  |  $-6.00 today
  Open (not sold yet): $+0.00 unrealized (virtual lots)
  Premium deployed:    $0.00 in open positions
  Combined P&L:        $+4,417.13 (reflected realized + open virtual)

Ledger (master)
  Total events:     6087
  Today entries:    77
  Today exits (reflected): 4
  All-time exits (reflected): 277  wins 30%
  Avg return/trade: -5.7%  median -40.0%

Open virtual lots (by bucket)
  (1024 quiet bucket profile(s) — no trades yet)
  (no open lots across active profiles)

Alpaca option positions
  (none)

Per-bucket exit stats (all time)
  b0|orphan_reconcile     n= 22  avg=+22.4%  med=-57.5%  realized=$+6,310.91
  b104|c104_s164_w1_0928_1005_r4  n=  1  avg=-88.9%  med=-88.9%  realized=$-8.00
  b108|c108_s202_w3_1045_1120_r1  n=  1  avg=-33.3%  med=-33.3%  realized=$-1.00
  b109|c109_s202_w3_1045_1120_r2  n=  1  avg=-66.7%  med=-66.7%  realized=$-2.00
  b10|c010_s165_w3_1045_1120_r1  n=  8  avg=-37.2%  med=-18.9%  realized=$-205.00
  b132|c132_s164_w1_0928_1005_r5  n=  2  avg=-65.7%  med=-53.6%  realized=$-37.00
  b135|c135_s164_w4_1120_1135_r5  n=  1  avg=-50.0%  med=-50.0%  realized=$-4.00
  b20|c020_s164_w1_0928_1005_r1  n=  1  avg=-88.9%  med=-88.9%  realized=$-8.00
  b236|c236_s218_w3_1045_1120_r1  n=  1  avg=-33.3%  med=-33.3%  realized=$-1.00
  b237|c237_s218_w3_1045_1120_r2  n=  1  avg=-66.7%  med=-66.7%  realized=$-2.00
  b28|c028_s165_w1_0928_1005_r2  n= 17  avg=+49.5%  med=+80.0%  realized=$+448.00
  b28|c028_s173_w1_0928_1005_r2  n=  5  avg=+51.6%  med=+80.0%  realized=$+142.00
  b29|c029_s165_w2_1005_1045_r2  n=  9  avg=-23.3%  med=-50.0%  realized=$-221.00
  b29|c029_s173_w2_1005_1045_r2  n=  2  avg=-69.3%  med=-48.5%  realized=$-78.00
  b30|c030_s165_w3_1045_1120_r2  n=  9  avg=+38.8%  med=+0.0%  realized=$+260.00
  b30|c030_s173_w3_1045_1120_r2  n=  2  avg=-9.5%  med=+0.0%  realized=$-14.00
  b31|c031_s165_w4_1120_1135_r2  n=  2  avg=+145.5%  med=+175.8%  realized=$+192.00
  b48|c048_s164_w1_0928_1005_r2  n=  5  avg=-33.1%  med=-49.1%  realized=$-91.00
  b48|c048_s165_w1_0928_1005_r3  n= 16  avg=-35.9%  med=-49.1%  realized=$-344.00
  b49|c049_s164_w2_1005_1045_r2  n=  4  avg=-51.8%  med=-44.0%  realized=$-133.00
  b49|c049_s165_w2_1005_1045_r3  n= 15  avg=-49.3%  med=-49.1%  realized=$-458.00
  b50|c050_s164_w3_1045_1120_r2  n=  4  avg=-39.6%  med=-16.7%  realized=$-115.00
  b50|c050_s165_w3_1045_1120_r3  n=  9  avg=-23.6%  med=-23.1%  realized=$-142.00
  b51|c051_s165_w4_1120_1135_r3  n=  1  avg=+263.6%  med=+263.6%  realized=$+174.00
  b56|g056_lim_tp20_sl65  n=  1  avg=+47.7%  med=+47.7%  realized=$+20.52
  b57|g057_mid_tp20_sl65  n=  1  avg=+47.7%  med=+47.7%  realized=$+20.52
  b58|g058_eod_tp20_sl65  n=  1  avg=+59.1%  med=+59.1%  realized=$+25.41
  b68|c068_s165_w1_0928_1005_r4  n= 16  avg=-51.3%  med=-49.1%  realized=$-446.00
  b68|c068_s166_w1_0928_1005_r3  n=  4  avg=-52.7%  med=-49.1%  realized=$-116.00
  b69|c069_s165_w2_1005_1045_r4  n= 11  avg=+19.0%  med=-43.6%  realized=$-179.00
  b69|c069_s166_w2_1005_1045_r3  n=  4  avg=+10.1%  med=-40.0%  realized=$-87.00
  b70|c070_s165_w3_1045_1120_r4  n= 11  avg=-2.1%  med=-16.9%  realized=$-6.00
  b70|c070_s166_w3_1045_1120_r3  n=  4  avg=-42.5%  med=-27.0%  realized=$-124.00
  b70|g070_eod_tp30_sl20  n=  1  avg=+59.1%  med=+59.1%  realized=$+27.77
  b76|c076_s164_w1_0928_1005_r3  n=  1  avg=-50.0%  med=-50.0%  realized=$-2.00
  b88|c088_s165_w1_0928_1005_r5  n= 21  avg=-5.0%  med=-2.7%  realized=$-63.00
  b88|c088_s167_w1_0928_1005_r4  n=  4  avg=-12.7%  med=+30.9%  realized=$-28.00
  b89|c089_s165_w2_1005_1045_r5  n=  7  avg=+113.1%  med=+30.9%  realized=$+67.00
  b89|c089_s167_w2_1005_1045_r4  n=  2  avg=-16.2%  med=+30.9%  realized=$-22.00
  b8|c008_s165_w1_0928_1005_r1  n= 23  avg=-19.6%  med=-35.3%  realized=$-250.00
  b90|c090_s165_w3_1045_1120_r5  n= 13  avg=+7.7%  med=+0.0%  realized=$+47.00
  b90|c090_s167_w3_1045_1120_r4  n=  4  avg=-41.6%  med=-18.9%  realized=$-123.00
  b91|c091_s165_w4_1120_1135_r5  n=  2  avg=+222.0%  med=+247.0%  realized=$+293.00
  b9|c009_s165_w2_1005_1045_r1  n=  7  avg=-74.4%  med=-66.2%  realized=$-301.00
========================================================
+========================================================================+
|  OPTIONS BOT SUMMARY                                                   |
+------------------------------------------------------------------------+
|  Mode                          after_hours                             |
|  Equity                        $122,359.12                             |
|  Signals this run              0                                       |
|  Orders submitted (session)    83                                      |
|  Orders filled today (ledger)  77                                      |
|  Entries placed this run       0                                       |
|  Open virtual lots             0                                       |
|  Broker option positions       0                                       |
|  Pending orders                0                                       |
+========================================================================+
+========================================================================+
|  BUCKET LEADERBOARD (reflected ex-S173,S174)                           |
+------------------------------------------------------------------------+
|  Reflected trades=277  buckets=31  win=30%                             |
|  Returns   avg=-5.7%  med=-40.0%  p10=-66.2%  p90=+81.8%               |
|  Realized  $+4,417.13                                                  |
|  Raw incl dropped  trades=811  real=$+2,821.58                         |
|  Today     trades=4  avg=-50.0%  med=-50.0%  real=$-6.00               |
+------------------------------------------------------------------------+
|  BKT PROFILE               N  WIN  AVG%   MED%   BEST%  REAL$          |
+------------------------------------------------------------------------+
|  b51  lab0051_s206_w2_10  1 100% +263.6 +263.6 +263.6 $   +174         |
|  b91  lab0091_s210_w6_14  2 100% +222.0 +222.0 +247.0 $   +293         |
|  b31  lab0031_s203_w4_11  2 100% +145.5 +145.5 +175.8 $   +192         |
|  b28  lab0028_s203_w3_10 22  77% +50.0 +80.0 +102.0 $   +590           |
|  b58  lab0058_s207_w2_10  1 100% +59.1 +59.1 +59.1 $    +25            |
|  b56  lab0056_s207_w1_09  1 100% +47.7 +47.7 +47.7 $    +21            |
|  b57  lab0057_s207_w1_09  1 100% +47.7 +47.7 +47.7 $    +21            |
|  b89  lab0089_s210_w5_13  9  56% +84.4 +30.9 +790.0 $    +45           |
|  ... 23 more bucket(s) with exits                                      |
+------------------------------------------------------------------------+
|  Low  b20  lab0020_s202_w3_10  1   0% -88.9 -88.9 -88.9 $     -8       |
+========================================================================+
+========================================================================+
|  OPEN OPTIONS (0)                                                      |
+------------------------------------------------------------------------+
|  No open option positions                                              |
+========================================================================+
Full detail: logs/options_trial/runs/2026-07-29.log
elapsed=0.8s reconcile=0.35s

=== 16:30:48 ET — after hours (exit summary) [elapsed=0.6s reconcile=0.09s] ===
=== options_morning_bot (PAPER) 2026-07-29T16:30:48.297249-04:00 ===

[Run context]
After hours (16:30 ET) — exit summary only.
Paper auth OK — equity $121887.12, account PA36KS87UPRS
  reconcile: layout changed controlled:100:c000_s173_w1_0928_1005_r1 -> controlled:1024:lab0000_s200_w1_0928_1005_r1

[Exit summary]
========================================================
OPTIONS EXIT SUMMARY — 2026-07-29
========================================================
Account equity: $121,887.12
Open positions: flat

Today's closed trades
  Count:     4
  Win rate:  0/4 (0%)
  Return:    avg -50.0%  med -33.3%  best -33.3%  worst -66.7%
  Realized:  $-6.00

By strategy
  S202    n=  2  win=0%  avg=-50.0%
  S218    n=  2  win=0%  avg=-50.0%

By symbol
  PG      n=  4  avg=-50.0%

By exit type
  stop_loss     3
  reconcile_fill  1

Top buckets today (realized $)
  b108|c108_s202_w3_1045_1120_r1  $-1.00
  b236|c236_s218_w3_1045_1120_r1  $-1.00
  b109|c109_s202_w3_1045_1120_r2  $-2.00
  b237|c237_s218_w3_1045_1120_r2  $-2.00

Recent exits (last 4)
  14:55:48  b109 c109_s202_w3_1045_  PG    S202    -66.7%     $-2.00  stop_loss (-66.7%)
  15:03:13  b108 c108_s202_w3_1045_  PG    S202    -33.3%     $-1.00  reconcile_fill
  15:38:39  b236 c236_s218_w3_1045_  PG    S218    -33.3%     $-1.00  stop_loss (-66.7%)
  16:21:11  b237 c237_s218_w3_1045_  PG    S218    -66.7%     $-2.00  stop_loss (-66.7%)
========================================================

[Portfolio snapshot]
========================================================
OPTIONS TRIAL STATS
========================================================
Account equity: $121,887.12
Active buckets: 1024 of 1024 profiles ($500 virtual each) — paper unlimited mode

P&L summary
  Reflected (ex-S173,S174): $+4,417.13 all-time  |  $-6.00 today
  Raw (incl dropped):     $+2,821.58 all-time  |  $-6.00 today
  Open (not sold yet): $+0.00 unrealized (virtual lots)
  Premium deployed:    $0.00 in open positions
  Combined P&L:        $+4,417.13 (reflected realized + open virtual)

Ledger (master)
  Total events:     6087
  Today entries:    77
  Today exits (reflected): 4
  All-time exits (reflected): 277  wins 30%
  Avg return/trade: -5.7%  median -40.0%

Open virtual lots (by bucket)
  (1024 quiet bucket profile(s) — no trades yet)
  (no open lots across active profiles)

Alpaca option positions
  (none)

Per-bucket exit stats (all time)
  b0|orphan_reconcile     n= 22  avg=+22.4%  med=-57.5%  realized=$+6,310.91
  b104|c104_s164_w1_0928_1005_r4  n=  1  avg=-88.9%  med=-88.9%  realized=$-8.00
  b108|c108_s202_w3_1045_1120_r1  n=  1  avg=-33.3%  med=-33.3%  realized=$-1.00
  b109|c109_s202_w3_1045_1120_r2  n=  1  avg=-66.7%  med=-66.7%  realized=$-2.00
  b10|c010_s165_w3_1045_1120_r1  n=  8  avg=-37.2%  med=-18.9%  realized=$-205.00
  b132|c132_s164_w1_0928_1005_r5  n=  2  avg=-65.7%  med=-53.6%  realized=$-37.00
  b135|c135_s164_w4_1120_1135_r5  n=  1  avg=-50.0%  med=-50.0%  realized=$-4.00
  b20|c020_s164_w1_0928_1005_r1  n=  1  avg=-88.9%  med=-88.9%  realized=$-8.00
  b236|c236_s218_w3_1045_1120_r1  n=  1  avg=-33.3%  med=-33.3%  realized=$-1.00
  b237|c237_s218_w3_1045_1120_r2  n=  1  avg=-66.7%  med=-66.7%  realized=$-2.00
  b28|c028_s165_w1_0928_1005_r2  n= 17  avg=+49.5%  med=+80.0%  realized=$+448.00
  b28|c028_s173_w1_0928_1005_r2  n=  5  avg=+51.6%  med=+80.0%  realized=$+142.00
  b29|c029_s165_w2_1005_1045_r2  n=  9  avg=-23.3%  med=-50.0%  realized=$-221.00
  b29|c029_s173_w2_1005_1045_r2  n=  2  avg=-69.3%  med=-48.5%  realized=$-78.00
  b30|c030_s165_w3_1045_1120_r2  n=  9  avg=+38.8%  med=+0.0%  realized=$+260.00
  b30|c030_s173_w3_1045_1120_r2  n=  2  avg=-9.5%  med=+0.0%  realized=$-14.00
  b31|c031_s165_w4_1120_1135_r2  n=  2  avg=+145.5%  med=+175.8%  realized=$+192.00
  b48|c048_s164_w1_0928_1005_r2  n=  5  avg=-33.1%  med=-49.1%  realized=$-91.00
  b48|c048_s165_w1_0928_1005_r3  n= 16  avg=-35.9%  med=-49.1%  realized=$-344.00
  b49|c049_s164_w2_1005_1045_r2  n=  4  avg=-51.8%  med=-44.0%  realized=$-133.00
  b49|c049_s165_w2_1005_1045_r3  n= 15  avg=-49.3%  med=-49.1%  realized=$-458.00
  b50|c050_s164_w3_1045_1120_r2  n=  4  avg=-39.6%  med=-16.7%  realized=$-115.00
  b50|c050_s165_w3_1045_1120_r3  n=  9  avg=-23.6%  med=-23.1%  realized=$-142.00
  b51|c051_s165_w4_1120_1135_r3  n=  1  avg=+263.6%  med=+263.6%  realized=$+174.00
  b56|g056_lim_tp20_sl65  n=  1  avg=+47.7%  med=+47.7%  realized=$+20.52
  b57|g057_mid_tp20_sl65  n=  1  avg=+47.7%  med=+47.7%  realized=$+20.52
  b58|g058_eod_tp20_sl65  n=  1  avg=+59.1%  med=+59.1%  realized=$+25.41
  b68|c068_s165_w1_0928_1005_r4  n= 16  avg=-51.3%  med=-49.1%  realized=$-446.00
  b68|c068_s166_w1_0928_1005_r3  n=  4  avg=-52.7%  med=-49.1%  realized=$-116.00
  b69|c069_s165_w2_1005_1045_r4  n= 11  avg=+19.0%  med=-43.6%  realized=$-179.00
  b69|c069_s166_w2_1005_1045_r3  n=  4  avg=+10.1%  med=-40.0%  realized=$-87.00
  b70|c070_s165_w3_1045_1120_r4  n= 11  avg=-2.1%  med=-16.9%  realized=$-6.00
  b70|c070_s166_w3_1045_1120_r3  n=  4  avg=-42.5%  med=-27.0%  realized=$-124.00
  b70|g070_eod_tp30_sl20  n=  1  avg=+59.1%  med=+59.1%  realized=$+27.77
  b76|c076_s164_w1_0928_1005_r3  n=  1  avg=-50.0%  med=-50.0%  realized=$-2.00
  b88|c088_s165_w1_0928_1005_r5  n= 21  avg=-5.0%  med=-2.7%  realized=$-63.00
  b88|c088_s167_w1_0928_1005_r4  n=  4  avg=-12.7%  med=+30.9%  realized=$-28.00
  b89|c089_s165_w2_1005_1045_r5  n=  7  avg=+113.1%  med=+30.9%  realized=$+67.00
  b89|c089_s167_w2_1005_1045_r4  n=  2  avg=-16.2%  med=+30.9%  realized=$-22.00
  b8|c008_s165_w1_0928_1005_r1  n= 23  avg=-19.6%  med=-35.3%  realized=$-250.00
  b90|c090_s165_w3_1045_1120_r5  n= 13  avg=+7.7%  med=+0.0%  realized=$+47.00
  b90|c090_s167_w3_1045_1120_r4  n=  4  avg=-41.6%  med=-18.9%  realized=$-123.00
  b91|c091_s165_w4_1120_1135_r5  n=  2  avg=+222.0%  med=+247.0%  realized=$+293.00
  b9|c009_s165_w2_1005_1045_r1  n=  7  avg=-74.4%  med=-66.2%  realized=$-301.00
========================================================
+========================================================================+
|  OPTIONS BOT SUMMARY                                                   |
+------------------------------------------------------------------------+
|  Mode                          after_hours                             |
|  Equity                        $121,887.12                             |
|  Signals this run              0                                       |
|  Orders submitted (session)    83                                      |
|  Orders filled today (ledger)  77                                      |
|  Entries placed this run       0                                       |
|  Open virtual lots             0                                       |
|  Broker option positions       0                                       |
|  Pending orders                0                                       |
+========================================================================+
+========================================================================+
|  BUCKET LEADERBOARD (reflected ex-S173,S174)                           |
+------------------------------------------------------------------------+
|  Reflected trades=277  buckets=31  win=30%                             |
|  Returns   avg=-5.7%  med=-40.0%  p10=-66.2%  p90=+81.8%               |
|  Realized  $+4,417.13                                                  |
|  Raw incl dropped  trades=811  real=$+2,821.58                         |
|  Today     trades=4  avg=-50.0%  med=-50.0%  real=$-6.00               |
+------------------------------------------------------------------------+
|  BKT PROFILE               N  WIN  AVG%   MED%   BEST%  REAL$          |
+------------------------------------------------------------------------+
|  b51  lab0051_s206_w2_10  1 100% +263.6 +263.6 +263.6 $   +174         |
|  b91  lab0091_s210_w6_14  2 100% +222.0 +222.0 +247.0 $   +293         |
|  b31  lab0031_s203_w4_11  2 100% +145.5 +145.5 +175.8 $   +192         |
|  b28  lab0028_s203_w3_10 22  77% +50.0 +80.0 +102.0 $   +590           |
|  b58  lab0058_s207_w2_10  1 100% +59.1 +59.1 +59.1 $    +25            |
|  b56  lab0056_s207_w1_09  1 100% +47.7 +47.7 +47.7 $    +21            |
|  b57  lab0057_s207_w1_09  1 100% +47.7 +47.7 +47.7 $    +21            |
|  b89  lab0089_s210_w5_13  9  56% +84.4 +30.9 +790.0 $    +45           |
|  ... 23 more bucket(s) with exits                                      |
+------------------------------------------------------------------------+
|  Low  b20  lab0020_s202_w3_10  1   0% -88.9 -88.9 -88.9 $     -8       |
+========================================================================+
+========================================================================+
|  OPEN OPTIONS (0)                                                      |
+------------------------------------------------------------------------+
|  No open option positions                                              |
+========================================================================+
Full detail: logs/options_trial/runs/2026-07-29.log
elapsed=0.6s reconcile=0.09s

=== 16:35:43 ET — after hours (exit summary) [elapsed=1.1s reconcile=0.57s] ===
=== options_morning_bot (PAPER) 2026-07-29T16:35:43.928823-04:00 ===

[Run context]
After hours (16:35 ET) — exit summary only.
Paper auth OK — equity $122195.12, account PA36KS87UPRS
  reconcile: layout changed controlled:100:c000_s173_w1_0928_1005_r1 -> controlled:1024:lab0000_s200_w1_0928_1005_r1

[Exit summary]
========================================================
OPTIONS EXIT SUMMARY — 2026-07-29
========================================================
Account equity: $122,195.12
Open positions: flat

Today's closed trades
  Count:     4
  Win rate:  0/4 (0%)
  Return:    avg -50.0%  med -33.3%  best -33.3%  worst -66.7%
  Realized:  $-6.00

By strategy
  S202    n=  2  win=0%  avg=-50.0%
  S218    n=  2  win=0%  avg=-50.0%

By symbol
  PG      n=  4  avg=-50.0%

By exit type
  stop_loss     3
  reconcile_fill  1

Top buckets today (realized $)
  b108|c108_s202_w3_1045_1120_r1  $-1.00
  b236|c236_s218_w3_1045_1120_r1  $-1.00
  b109|c109_s202_w3_1045_1120_r2  $-2.00
  b237|c237_s218_w3_1045_1120_r2  $-2.00

Recent exits (last 4)
  14:55:48  b109 c109_s202_w3_1045_  PG    S202    -66.7%     $-2.00  stop_loss (-66.7%)
  15:03:13  b108 c108_s202_w3_1045_  PG    S202    -33.3%     $-1.00  reconcile_fill
  15:38:39  b236 c236_s218_w3_1045_  PG    S218    -33.3%     $-1.00  stop_loss (-66.7%)
  16:21:11  b237 c237_s218_w3_1045_  PG    S218    -66.7%     $-2.00  stop_loss (-66.7%)
========================================================

[Portfolio snapshot]
========================================================
OPTIONS TRIAL STATS
========================================================
Account equity: $122,195.12
Active buckets: 1024 of 1024 profiles ($500 virtual each) — paper unlimited mode

P&L summary
  Reflected (ex-S173,S174): $+4,417.13 all-time  |  $-6.00 today
  Raw (incl dropped):     $+2,821.58 all-time  |  $-6.00 today
  Open (not sold yet): $+0.00 unrealized (virtual lots)
  Premium deployed:    $0.00 in open positions
  Combined P&L:        $+4,417.13 (reflected realized + open virtual)

Ledger (master)
  Total events:     6087
  Today entries:    77
  Today exits (reflected): 4
  All-time exits (reflected): 277  wins 30%
  Avg return/trade: -5.7%  median -40.0%

Open virtual lots (by bucket)
  (1024 quiet bucket profile(s) — no trades yet)
  (no open lots across active profiles)

Alpaca option positions
  (none)

Per-bucket exit stats (all time)
  b0|orphan_reconcile     n= 22  avg=+22.4%  med=-57.5%  realized=$+6,310.91
  b104|c104_s164_w1_0928_1005_r4  n=  1  avg=-88.9%  med=-88.9%  realized=$-8.00
  b108|c108_s202_w3_1045_1120_r1  n=  1  avg=-33.3%  med=-33.3%  realized=$-1.00
  b109|c109_s202_w3_1045_1120_r2  n=  1  avg=-66.7%  med=-66.7%  realized=$-2.00
  b10|c010_s165_w3_1045_1120_r1  n=  8  avg=-37.2%  med=-18.9%  realized=$-205.00
  b132|c132_s164_w1_0928_1005_r5  n=  2  avg=-65.7%  med=-53.6%  realized=$-37.00
  b135|c135_s164_w4_1120_1135_r5  n=  1  avg=-50.0%  med=-50.0%  realized=$-4.00
  b20|c020_s164_w1_0928_1005_r1  n=  1  avg=-88.9%  med=-88.9%  realized=$-8.00
  b236|c236_s218_w3_1045_1120_r1  n=  1  avg=-33.3%  med=-33.3%  realized=$-1.00
  b237|c237_s218_w3_1045_1120_r2  n=  1  avg=-66.7%  med=-66.7%  realized=$-2.00
  b28|c028_s165_w1_0928_1005_r2  n= 17  avg=+49.5%  med=+80.0%  realized=$+448.00
  b28|c028_s173_w1_0928_1005_r2  n=  5  avg=+51.6%  med=+80.0%  realized=$+142.00
  b29|c029_s165_w2_1005_1045_r2  n=  9  avg=-23.3%  med=-50.0%  realized=$-221.00
  b29|c029_s173_w2_1005_1045_r2  n=  2  avg=-69.3%  med=-48.5%  realized=$-78.00
  b30|c030_s165_w3_1045_1120_r2  n=  9  avg=+38.8%  med=+0.0%  realized=$+260.00
  b30|c030_s173_w3_1045_1120_r2  n=  2  avg=-9.5%  med=+0.0%  realized=$-14.00
  b31|c031_s165_w4_1120_1135_r2  n=  2  avg=+145.5%  med=+175.8%  realized=$+192.00
  b48|c048_s164_w1_0928_1005_r2  n=  5  avg=-33.1%  med=-49.1%  realized=$-91.00
  b48|c048_s165_w1_0928_1005_r3  n= 16  avg=-35.9%  med=-49.1%  realized=$-344.00
  b49|c049_s164_w2_1005_1045_r2  n=  4  avg=-51.8%  med=-44.0%  realized=$-133.00
  b49|c049_s165_w2_1005_1045_r3  n= 15  avg=-49.3%  med=-49.1%  realized=$-458.00
  b50|c050_s164_w3_1045_1120_r2  n=  4  avg=-39.6%  med=-16.7%  realized=$-115.00
  b50|c050_s165_w3_1045_1120_r3  n=  9  avg=-23.6%  med=-23.1%  realized=$-142.00
  b51|c051_s165_w4_1120_1135_r3  n=  1  avg=+263.6%  med=+263.6%  realized=$+174.00
  b56|g056_lim_tp20_sl65  n=  1  avg=+47.7%  med=+47.7%  realized=$+20.52
  b57|g057_mid_tp20_sl65  n=  1  avg=+47.7%  med=+47.7%  realized=$+20.52
  b58|g058_eod_tp20_sl65  n=  1  avg=+59.1%  med=+59.1%  realized=$+25.41
  b68|c068_s165_w1_0928_1005_r4  n= 16  avg=-51.3%  med=-49.1%  realized=$-446.00
  b68|c068_s166_w1_0928_1005_r3  n=  4  avg=-52.7%  med=-49.1%  realized=$-116.00
  b69|c069_s165_w2_1005_1045_r4  n= 11  avg=+19.0%  med=-43.6%  realized=$-179.00
  b69|c069_s166_w2_1005_1045_r3  n=  4  avg=+10.1%  med=-40.0%  realized=$-87.00
  b70|c070_s165_w3_1045_1120_r4  n= 11  avg=-2.1%  med=-16.9%  realized=$-6.00
  b70|c070_s166_w3_1045_1120_r3  n=  4  avg=-42.5%  med=-27.0%  realized=$-124.00
  b70|g070_eod_tp30_sl20  n=  1  avg=+59.1%  med=+59.1%  realized=$+27.77
  b76|c076_s164_w1_0928_1005_r3  n=  1  avg=-50.0%  med=-50.0%  realized=$-2.00
  b88|c088_s165_w1_0928_1005_r5  n= 21  avg=-5.0%  med=-2.7%  realized=$-63.00
  b88|c088_s167_w1_0928_1005_r4  n=  4  avg=-12.7%  med=+30.9%  realized=$-28.00
  b89|c089_s165_w2_1005_1045_r5  n=  7  avg=+113.1%  med=+30.9%  realized=$+67.00
  b89|c089_s167_w2_1005_1045_r4  n=  2  avg=-16.2%  med=+30.9%  realized=$-22.00
  b8|c008_s165_w1_0928_1005_r1  n= 23  avg=-19.6%  med=-35.3%  realized=$-250.00
  b90|c090_s165_w3_1045_1120_r5  n= 13  avg=+7.7%  med=+0.0%  realized=$+47.00
  b90|c090_s167_w3_1045_1120_r4  n=  4  avg=-41.6%  med=-18.9%  realized=$-123.00
  b91|c091_s165_w4_1120_1135_r5  n=  2  avg=+222.0%  med=+247.0%  realized=$+293.00
  b9|c009_s165_w2_1005_1045_r1  n=  7  avg=-74.4%  med=-66.2%  realized=$-301.00
========================================================
+========================================================================+
|  OPTIONS BOT SUMMARY                                                   |
+------------------------------------------------------------------------+
|  Mode                          after_hours                             |
|  Equity                        $122,195.12                             |
|  Signals this run              0                                       |
|  Orders submitted (session)    83                                      |
|  Orders filled today (ledger)  77                                      |
|  Entries placed this run       0                                       |
|  Open virtual lots             0                                       |
|  Broker option positions       0                                       |
|  Pending orders                0                                       |
+========================================================================+
+========================================================================+
|  BUCKET LEADERBOARD (reflected ex-S173,S174)                           |
+------------------------------------------------------------------------+
|  Reflected trades=277  buckets=31  win=30%                             |
|  Returns   avg=-5.7%  med=-40.0%  p10=-66.2%  p90=+81.8%               |
|  Realized  $+4,417.13                                                  |
|  Raw incl dropped  trades=811  real=$+2,821.58                         |
|  Today     trades=4  avg=-50.0%  med=-50.0%  real=$-6.00               |
+------------------------------------------------------------------------+
|  BKT PROFILE               N  WIN  AVG%   MED%   BEST%  REAL$          |
+------------------------------------------------------------------------+
|  b51  lab0051_s206_w2_10  1 100% +263.6 +263.6 +263.6 $   +174         |
|  b91  lab0091_s210_w6_14  2 100% +222.0 +222.0 +247.0 $   +293         |
|  b31  lab0031_s203_w4_11  2 100% +145.5 +145.5 +175.8 $   +192         |
|  b28  lab0028_s203_w3_10 22  77% +50.0 +80.0 +102.0 $   +590           |
|  b58  lab0058_s207_w2_10  1 100% +59.1 +59.1 +59.1 $    +25            |
|  b56  lab0056_s207_w1_09  1 100% +47.7 +47.7 +47.7 $    +21            |
|  b57  lab0057_s207_w1_09  1 100% +47.7 +47.7 +47.7 $    +21            |
|  b89  lab0089_s210_w5_13  9  56% +84.4 +30.9 +790.0 $    +45           |
|  ... 23 more bucket(s) with exits                                      |
+------------------------------------------------------------------------+
|  Low  b20  lab0020_s202_w3_10  1   0% -88.9 -88.9 -88.9 $     -8       |
+========================================================================+
+========================================================================+
|  OPEN OPTIONS (0)                                                      |
+------------------------------------------------------------------------+
|  No open option positions                                              |
+========================================================================+
Full detail: logs/options_trial/runs/2026-07-29.log
elapsed=1.1s reconcile=0.57s

=== 16:42:18 ET — after hours (exit summary) [elapsed=0.4s reconcile=0.09s] ===
=== options_morning_bot (PAPER) 2026-07-29T16:42:18.931982-04:00 ===

[Run context]
After hours (16:42 ET) — exit summary only.
Paper auth OK — equity $122783.12, account PA36KS87UPRS
  reconcile: layout changed controlled:100:c000_s173_w1_0928_1005_r1 -> controlled:1024:lab0000_s200_w1_0928_1005_r1

[Exit summary]
========================================================
OPTIONS EXIT SUMMARY — 2026-07-29
========================================================
Account equity: $122,783.12
Open positions: flat

Today's closed trades
  Count:     4
  Win rate:  0/4 (0%)
  Return:    avg -50.0%  med -33.3%  best -33.3%  worst -66.7%
  Realized:  $-6.00

By strategy
  S202    n=  2  win=0%  avg=-50.0%
  S218    n=  2  win=0%  avg=-50.0%

By symbol
  PG      n=  4  avg=-50.0%

By exit type
  stop_loss     3
  reconcile_fill  1

Top buckets today (realized $)
  b108|c108_s202_w3_1045_1120_r1  $-1.00
  b236|c236_s218_w3_1045_1120_r1  $-1.00
  b109|c109_s202_w3_1045_1120_r2  $-2.00
  b237|c237_s218_w3_1045_1120_r2  $-2.00

Recent exits (last 4)
  14:55:48  b109 c109_s202_w3_1045_  PG    S202    -66.7%     $-2.00  stop_loss (-66.7%)
  15:03:13  b108 c108_s202_w3_1045_  PG    S202    -33.3%     $-1.00  reconcile_fill
  15:38:39  b236 c236_s218_w3_1045_  PG    S218    -33.3%     $-1.00  stop_loss (-66.7%)
  16:21:11  b237 c237_s218_w3_1045_  PG    S218    -66.7%     $-2.00  stop_loss (-66.7%)
========================================================

[Portfolio snapshot]
========================================================
OPTIONS TRIAL STATS
========================================================
Account equity: $122,783.12
Active buckets: 1024 of 1024 profiles ($500 virtual each) — paper unlimited mode

P&L summary
  Reflected (ex-S173,S174): $+4,417.13 all-time  |  $-6.00 today
  Raw (incl dropped):     $+2,821.58 all-time  |  $-6.00 today
  Open (not sold yet): $+0.00 unrealized (virtual lots)
  Premium deployed:    $0.00 in open positions
  Combined P&L:        $+4,417.13 (reflected realized + open virtual)

Ledger (master)
  Total events:     6087
  Today entries:    77
  Today exits (reflected): 4
  All-time exits (reflected): 277  wins 30%
  Avg return/trade: -5.7%  median -40.0%

Open virtual lots (by bucket)
  (1024 quiet bucket profile(s) — no trades yet)
  (no open lots across active profiles)

Alpaca option positions
  (none)

Per-bucket exit stats (all time)
  b0|orphan_reconcile     n= 22  avg=+22.4%  med=-57.5%  realized=$+6,310.91
  b104|c104_s164_w1_0928_1005_r4  n=  1  avg=-88.9%  med=-88.9%  realized=$-8.00
  b108|c108_s202_w3_1045_1120_r1  n=  1  avg=-33.3%  med=-33.3%  realized=$-1.00
  b109|c109_s202_w3_1045_1120_r2  n=  1  avg=-66.7%  med=-66.7%  realized=$-2.00
  b10|c010_s165_w3_1045_1120_r1  n=  8  avg=-37.2%  med=-18.9%  realized=$-205.00
  b132|c132_s164_w1_0928_1005_r5  n=  2  avg=-65.7%  med=-53.6%  realized=$-37.00
  b135|c135_s164_w4_1120_1135_r5  n=  1  avg=-50.0%  med=-50.0%  realized=$-4.00
  b20|c020_s164_w1_0928_1005_r1  n=  1  avg=-88.9%  med=-88.9%  realized=$-8.00
  b236|c236_s218_w3_1045_1120_r1  n=  1  avg=-33.3%  med=-33.3%  realized=$-1.00
  b237|c237_s218_w3_1045_1120_r2  n=  1  avg=-66.7%  med=-66.7%  realized=$-2.00
  b28|c028_s165_w1_0928_1005_r2  n= 17  avg=+49.5%  med=+80.0%  realized=$+448.00
  b28|c028_s173_w1_0928_1005_r2  n=  5  avg=+51.6%  med=+80.0%  realized=$+142.00
  b29|c029_s165_w2_1005_1045_r2  n=  9  avg=-23.3%  med=-50.0%  realized=$-221.00
  b29|c029_s173_w2_1005_1045_r2  n=  2  avg=-69.3%  med=-48.5%  realized=$-78.00
  b30|c030_s165_w3_1045_1120_r2  n=  9  avg=+38.8%  med=+0.0%  realized=$+260.00
  b30|c030_s173_w3_1045_1120_r2  n=  2  avg=-9.5%  med=+0.0%  realized=$-14.00
  b31|c031_s165_w4_1120_1135_r2  n=  2  avg=+145.5%  med=+175.8%  realized=$+192.00
  b48|c048_s164_w1_0928_1005_r2  n=  5  avg=-33.1%  med=-49.1%  realized=$-91.00
  b48|c048_s165_w1_0928_1005_r3  n= 16  avg=-35.9%  med=-49.1%  realized=$-344.00
  b49|c049_s164_w2_1005_1045_r2  n=  4  avg=-51.8%  med=-44.0%  realized=$-133.00
  b49|c049_s165_w2_1005_1045_r3  n= 15  avg=-49.3%  med=-49.1%  realized=$-458.00
  b50|c050_s164_w3_1045_1120_r2  n=  4  avg=-39.6%  med=-16.7%  realized=$-115.00
  b50|c050_s165_w3_1045_1120_r3  n=  9  avg=-23.6%  med=-23.1%  realized=$-142.00
  b51|c051_s165_w4_1120_1135_r3  n=  1  avg=+263.6%  med=+263.6%  realized=$+174.00
  b56|g056_lim_tp20_sl65  n=  1  avg=+47.7%  med=+47.7%  realized=$+20.52
  b57|g057_mid_tp20_sl65  n=  1  avg=+47.7%  med=+47.7%  realized=$+20.52
  b58|g058_eod_tp20_sl65  n=  1  avg=+59.1%  med=+59.1%  realized=$+25.41
  b68|c068_s165_w1_0928_1005_r4  n= 16  avg=-51.3%  med=-49.1%  realized=$-446.00
  b68|c068_s166_w1_0928_1005_r3  n=  4  avg=-52.7%  med=-49.1%  realized=$-116.00
  b69|c069_s165_w2_1005_1045_r4  n= 11  avg=+19.0%  med=-43.6%  realized=$-179.00
  b69|c069_s166_w2_1005_1045_r3  n=  4  avg=+10.1%  med=-40.0%  realized=$-87.00
  b70|c070_s165_w3_1045_1120_r4  n= 11  avg=-2.1%  med=-16.9%  realized=$-6.00
  b70|c070_s166_w3_1045_1120_r3  n=  4  avg=-42.5%  med=-27.0%  realized=$-124.00
  b70|g070_eod_tp30_sl20  n=  1  avg=+59.1%  med=+59.1%  realized=$+27.77
  b76|c076_s164_w1_0928_1005_r3  n=  1  avg=-50.0%  med=-50.0%  realized=$-2.00
  b88|c088_s165_w1_0928_1005_r5  n= 21  avg=-5.0%  med=-2.7%  realized=$-63.00
  b88|c088_s167_w1_0928_1005_r4  n=  4  avg=-12.7%  med=+30.9%  realized=$-28.00
  b89|c089_s165_w2_1005_1045_r5  n=  7  avg=+113.1%  med=+30.9%  realized=$+67.00
  b89|c089_s167_w2_1005_1045_r4  n=  2  avg=-16.2%  med=+30.9%  realized=$-22.00
  b8|c008_s165_w1_0928_1005_r1  n= 23  avg=-19.6%  med=-35.3%  realized=$-250.00
  b90|c090_s165_w3_1045_1120_r5  n= 13  avg=+7.7%  med=+0.0%  realized=$+47.00
  b90|c090_s167_w3_1045_1120_r4  n=  4  avg=-41.6%  med=-18.9%  realized=$-123.00
  b91|c091_s165_w4_1120_1135_r5  n=  2  avg=+222.0%  med=+247.0%  realized=$+293.00
  b9|c009_s165_w2_1005_1045_r1  n=  7  avg=-74.4%  med=-66.2%  realized=$-301.00
========================================================
+========================================================================+
|  OPTIONS BOT SUMMARY                                                   |
+------------------------------------------------------------------------+
|  Mode                          after_hours                             |
|  Equity                        $122,783.12                             |
|  Signals this run              0                                       |
|  Orders submitted (session)    83                                      |
|  Orders filled today (ledger)  77                                      |
|  Entries placed this run       0                                       |
|  Open virtual lots             0                                       |
|  Broker option positions       0                                       |
|  Pending orders                0                                       |
+========================================================================+
+========================================================================+
|  BUCKET LEADERBOARD (reflected ex-S173,S174)                           |
+------------------------------------------------------------------------+
|  Reflected trades=277  buckets=31  win=30%                             |
|  Returns   avg=-5.7%  med=-40.0%  p10=-66.2%  p90=+81.8%               |
|  Realized  $+4,417.13                                                  |
|  Raw incl dropped  trades=811  real=$+2,821.58                         |
|  Today     trades=4  avg=-50.0%  med=-50.0%  real=$-6.00               |
+------------------------------------------------------------------------+
|  BKT PROFILE               N  WIN  AVG%   MED%   BEST%  REAL$          |
+------------------------------------------------------------------------+
|  b51  lab0051_s206_w2_10  1 100% +263.6 +263.6 +263.6 $   +174         |
|  b91  lab0091_s210_w6_14  2 100% +222.0 +222.0 +247.0 $   +293         |
|  b31  lab0031_s203_w4_11  2 100% +145.5 +145.5 +175.8 $   +192         |
|  b28  lab0028_s203_w3_10 22  77% +50.0 +80.0 +102.0 $   +590           |
|  b58  lab0058_s207_w2_10  1 100% +59.1 +59.1 +59.1 $    +25            |
|  b56  lab0056_s207_w1_09  1 100% +47.7 +47.7 +47.7 $    +21            |
|  b57  lab0057_s207_w1_09  1 100% +47.7 +47.7 +47.7 $    +21            |
|  b89  lab0089_s210_w5_13  9  56% +84.4 +30.9 +790.0 $    +45           |
|  ... 23 more bucket(s) with exits                                      |
+------------------------------------------------------------------------+
|  Low  b20  lab0020_s202_w3_10  1   0% -88.9 -88.9 -88.9 $     -8       |
+========================================================================+
+========================================================================+
|  OPEN OPTIONS (0)                                                      |
+------------------------------------------------------------------------+
|  No open option positions                                              |
+========================================================================+
Full detail: logs/options_trial/runs/2026-07-29.log
elapsed=0.4s reconcile=0.09s

=== 16:45:43 ET — after hours (exit summary) [elapsed=0.8s reconcile=0.35s] ===
=== options_morning_bot (PAPER) 2026-07-29T16:45:43.497101-04:00 ===

[Run context]
After hours (16:45 ET) — exit summary only.
Paper auth OK — equity $122870.04, account PA36KS87UPRS
  reconcile: layout changed controlled:100:c000_s173_w1_0928_1005_r1 -> controlled:1024:lab0000_s200_w1_0928_1005_r1

[Exit summary]
========================================================
OPTIONS EXIT SUMMARY — 2026-07-29
========================================================
Account equity: $122,870.04
Open positions: flat

Today's closed trades
  Count:     4
  Win rate:  0/4 (0%)
  Return:    avg -50.0%  med -33.3%  best -33.3%  worst -66.7%
  Realized:  $-6.00

By strategy
  S202    n=  2  win=0%  avg=-50.0%
  S218    n=  2  win=0%  avg=-50.0%

By symbol
  PG      n=  4  avg=-50.0%

By exit type
  stop_loss     3
  reconcile_fill  1

Top buckets today (realized $)
  b108|c108_s202_w3_1045_1120_r1  $-1.00
  b236|c236_s218_w3_1045_1120_r1  $-1.00
  b109|c109_s202_w3_1045_1120_r2  $-2.00
  b237|c237_s218_w3_1045_1120_r2  $-2.00

Recent exits (last 4)
  14:55:48  b109 c109_s202_w3_1045_  PG    S202    -66.7%     $-2.00  stop_loss (-66.7%)
  15:03:13  b108 c108_s202_w3_1045_  PG    S202    -33.3%     $-1.00  reconcile_fill
  15:38:39  b236 c236_s218_w3_1045_  PG    S218    -33.3%     $-1.00  stop_loss (-66.7%)
  16:21:11  b237 c237_s218_w3_1045_  PG    S218    -66.7%     $-2.00  stop_loss (-66.7%)
========================================================

[Portfolio snapshot]
========================================================
OPTIONS TRIAL STATS
========================================================
Account equity: $122,870.04
Active buckets: 1024 of 1024 profiles ($500 virtual each) — paper unlimited mode

P&L summary
  Reflected (ex-S173,S174): $+4,417.13 all-time  |  $-6.00 today
  Raw (incl dropped):     $+2,821.58 all-time  |  $-6.00 today
  Open (not sold yet): $+0.00 unrealized (virtual lots)
  Premium deployed:    $0.00 in open positions
  Combined P&L:        $+4,417.13 (reflected realized + open virtual)

Ledger (master)
  Total events:     6087
  Today entries:    77
  Today exits (reflected): 4
  All-time exits (reflected): 277  wins 30%
  Avg return/trade: -5.7%  median -40.0%

Open virtual lots (by bucket)
  (1024 quiet bucket profile(s) — no trades yet)
  (no open lots across active profiles)

Alpaca option positions
  (none)

Per-bucket exit stats (all time)
  b0|orphan_reconcile     n= 22  avg=+22.4%  med=-57.5%  realized=$+6,310.91
  b104|c104_s164_w1_0928_1005_r4  n=  1  avg=-88.9%  med=-88.9%  realized=$-8.00
  b108|c108_s202_w3_1045_1120_r1  n=  1  avg=-33.3%  med=-33.3%  realized=$-1.00
  b109|c109_s202_w3_1045_1120_r2  n=  1  avg=-66.7%  med=-66.7%  realized=$-2.00
  b10|c010_s165_w3_1045_1120_r1  n=  8  avg=-37.2%  med=-18.9%  realized=$-205.00
  b132|c132_s164_w1_0928_1005_r5  n=  2  avg=-65.7%  med=-53.6%  realized=$-37.00
  b135|c135_s164_w4_1120_1135_r5  n=  1  avg=-50.0%  med=-50.0%  realized=$-4.00
  b20|c020_s164_w1_0928_1005_r1  n=  1  avg=-88.9%  med=-88.9%  realized=$-8.00
  b236|c236_s218_w3_1045_1120_r1  n=  1  avg=-33.3%  med=-33.3%  realized=$-1.00
  b237|c237_s218_w3_1045_1120_r2  n=  1  avg=-66.7%  med=-66.7%  realized=$-2.00
  b28|c028_s165_w1_0928_1005_r2  n= 17  avg=+49.5%  med=+80.0%  realized=$+448.00
  b28|c028_s173_w1_0928_1005_r2  n=  5  avg=+51.6%  med=+80.0%  realized=$+142.00
  b29|c029_s165_w2_1005_1045_r2  n=  9  avg=-23.3%  med=-50.0%  realized=$-221.00
  b29|c029_s173_w2_1005_1045_r2  n=  2  avg=-69.3%  med=-48.5%  realized=$-78.00
  b30|c030_s165_w3_1045_1120_r2  n=  9  avg=+38.8%  med=+0.0%  realized=$+260.00
  b30|c030_s173_w3_1045_1120_r2  n=  2  avg=-9.5%  med=+0.0%  realized=$-14.00
  b31|c031_s165_w4_1120_1135_r2  n=  2  avg=+145.5%  med=+175.8%  realized=$+192.00
  b48|c048_s164_w1_0928_1005_r2  n=  5  avg=-33.1%  med=-49.1%  realized=$-91.00
  b48|c048_s165_w1_0928_1005_r3  n= 16  avg=-35.9%  med=-49.1%  realized=$-344.00
  b49|c049_s164_w2_1005_1045_r2  n=  4  avg=-51.8%  med=-44.0%  realized=$-133.00
  b49|c049_s165_w2_1005_1045_r3  n= 15  avg=-49.3%  med=-49.1%  realized=$-458.00
  b50|c050_s164_w3_1045_1120_r2  n=  4  avg=-39.6%  med=-16.7%  realized=$-115.00
  b50|c050_s165_w3_1045_1120_r3  n=  9  avg=-23.6%  med=-23.1%  realized=$-142.00
  b51|c051_s165_w4_1120_1135_r3  n=  1  avg=+263.6%  med=+263.6%  realized=$+174.00
  b56|g056_lim_tp20_sl65  n=  1  avg=+47.7%  med=+47.7%  realized=$+20.52
  b57|g057_mid_tp20_sl65  n=  1  avg=+47.7%  med=+47.7%  realized=$+20.52
  b58|g058_eod_tp20_sl65  n=  1  avg=+59.1%  med=+59.1%  realized=$+25.41
  b68|c068_s165_w1_0928_1005_r4  n= 16  avg=-51.3%  med=-49.1%  realized=$-446.00
  b68|c068_s166_w1_0928_1005_r3  n=  4  avg=-52.7%  med=-49.1%  realized=$-116.00
  b69|c069_s165_w2_1005_1045_r4  n= 11  avg=+19.0%  med=-43.6%  realized=$-179.00
  b69|c069_s166_w2_1005_1045_r3  n=  4  avg=+10.1%  med=-40.0%  realized=$-87.00
  b70|c070_s165_w3_1045_1120_r4  n= 11  avg=-2.1%  med=-16.9%  realized=$-6.00
  b70|c070_s166_w3_1045_1120_r3  n=  4  avg=-42.5%  med=-27.0%  realized=$-124.00
  b70|g070_eod_tp30_sl20  n=  1  avg=+59.1%  med=+59.1%  realized=$+27.77
  b76|c076_s164_w1_0928_1005_r3  n=  1  avg=-50.0%  med=-50.0%  realized=$-2.00
  b88|c088_s165_w1_0928_1005_r5  n= 21  avg=-5.0%  med=-2.7%  realized=$-63.00
  b88|c088_s167_w1_0928_1005_r4  n=  4  avg=-12.7%  med=+30.9%  realized=$-28.00
  b89|c089_s165_w2_1005_1045_r5  n=  7  avg=+113.1%  med=+30.9%  realized=$+67.00
  b89|c089_s167_w2_1005_1045_r4  n=  2  avg=-16.2%  med=+30.9%  realized=$-22.00
  b8|c008_s165_w1_0928_1005_r1  n= 23  avg=-19.6%  med=-35.3%  realized=$-250.00
  b90|c090_s165_w3_1045_1120_r5  n= 13  avg=+7.7%  med=+0.0%  realized=$+47.00
  b90|c090_s167_w3_1045_1120_r4  n=  4  avg=-41.6%  med=-18.9%  realized=$-123.00
  b91|c091_s165_w4_1120_1135_r5  n=  2  avg=+222.0%  med=+247.0%  realized=$+293.00
  b9|c009_s165_w2_1005_1045_r1  n=  7  avg=-74.4%  med=-66.2%  realized=$-301.00
========================================================
+========================================================================+
|  OPTIONS BOT SUMMARY                                                   |
+------------------------------------------------------------------------+
|  Mode                          after_hours                             |
|  Equity                        $122,870.04                             |
|  Signals this run              0                                       |
|  Orders submitted (session)    83                                      |
|  Orders filled today (ledger)  77                                      |
|  Entries placed this run       0                                       |
|  Open virtual lots             0                                       |
|  Broker option positions       0                                       |
|  Pending orders                0                                       |
+========================================================================+
+========================================================================+
|  BUCKET LEADERBOARD (reflected ex-S173,S174)                           |
+------------------------------------------------------------------------+
|  Reflected trades=277  buckets=31  win=30%                             |
|  Returns   avg=-5.7%  med=-40.0%  p10=-66.2%  p90=+81.8%               |
|  Realized  $+4,417.13                                                  |
|  Raw incl dropped  trades=811  real=$+2,821.58                         |
|  Today     trades=4  avg=-50.0%  med=-50.0%  real=$-6.00               |
+------------------------------------------------------------------------+
|  BKT PROFILE               N  WIN  AVG%   MED%   BEST%  REAL$          |
+------------------------------------------------------------------------+
|  b51  lab0051_s206_w2_10  1 100% +263.6 +263.6 +263.6 $   +174         |
|  b91  lab0091_s210_w6_14  2 100% +222.0 +222.0 +247.0 $   +293         |
|  b31  lab0031_s203_w4_11  2 100% +145.5 +145.5 +175.8 $   +192         |
|  b28  lab0028_s203_w3_10 22  77% +50.0 +80.0 +102.0 $   +590           |
|  b58  lab0058_s207_w2_10  1 100% +59.1 +59.1 +59.1 $    +25            |
|  b56  lab0056_s207_w1_09  1 100% +47.7 +47.7 +47.7 $    +21            |
|  b57  lab0057_s207_w1_09  1 100% +47.7 +47.7 +47.7 $    +21            |
|  b89  lab0089_s210_w5_13  9  56% +84.4 +30.9 +790.0 $    +45           |
|  ... 23 more bucket(s) with exits                                      |
+------------------------------------------------------------------------+
|  Low  b20  lab0020_s202_w3_10  1   0% -88.9 -88.9 -88.9 $     -8       |
+========================================================================+
+========================================================================+
|  OPEN OPTIONS (0)                                                      |
+------------------------------------------------------------------------+
|  No open option positions                                              |
+========================================================================+
Full detail: logs/options_trial/runs/2026-07-29.log
elapsed=0.8s reconcile=0.35s

=== 16:50:46 ET — after hours (exit summary) [elapsed=0.4s reconcile=0.09s] ===
=== options_morning_bot (PAPER) 2026-07-29T16:50:46.565389-04:00 ===

[Run context]
After hours (16:50 ET) — exit summary only.
Paper auth OK — equity $122739.00, account PA36KS87UPRS
  reconcile: layout changed controlled:100:c000_s173_w1_0928_1005_r1 -> controlled:1024:lab0000_s200_w1_0928_1005_r1

[Exit summary]
========================================================
OPTIONS EXIT SUMMARY — 2026-07-29
========================================================
Account equity: $122,739.00
Open positions: flat

Today's closed trades
  Count:     4
  Win rate:  0/4 (0%)
  Return:    avg -50.0%  med -33.3%  best -33.3%  worst -66.7%
  Realized:  $-6.00

By strategy
  S202    n=  2  win=0%  avg=-50.0%
  S218    n=  2  win=0%  avg=-50.0%

By symbol
  PG      n=  4  avg=-50.0%

By exit type
  stop_loss     3
  reconcile_fill  1

Top buckets today (realized $)
  b108|c108_s202_w3_1045_1120_r1  $-1.00
  b236|c236_s218_w3_1045_1120_r1  $-1.00
  b109|c109_s202_w3_1045_1120_r2  $-2.00
  b237|c237_s218_w3_1045_1120_r2  $-2.00

Recent exits (last 4)
  14:55:48  b109 c109_s202_w3_1045_  PG    S202    -66.7%     $-2.00  stop_loss (-66.7%)
  15:03:13  b108 c108_s202_w3_1045_  PG    S202    -33.3%     $-1.00  reconcile_fill
  15:38:39  b236 c236_s218_w3_1045_  PG    S218    -33.3%     $-1.00  stop_loss (-66.7%)
  16:21:11  b237 c237_s218_w3_1045_  PG    S218    -66.7%     $-2.00  stop_loss (-66.7%)
========================================================

[Portfolio snapshot]
========================================================
OPTIONS TRIAL STATS
========================================================
Account equity: $122,739.00
Active buckets: 1024 of 1024 profiles ($500 virtual each) — paper unlimited mode

P&L summary
  Reflected (ex-S173,S174): $+4,417.13 all-time  |  $-6.00 today
  Raw (incl dropped):     $+2,821.58 all-time  |  $-6.00 today
  Open (not sold yet): $+0.00 unrealized (virtual lots)
  Premium deployed:    $0.00 in open positions
  Combined P&L:        $+4,417.13 (reflected realized + open virtual)

Ledger (master)
  Total events:     6087
  Today entries:    77
  Today exits (reflected): 4
  All-time exits (reflected): 277  wins 30%
  Avg return/trade: -5.7%  median -40.0%

Open virtual lots (by bucket)
  (1024 quiet bucket profile(s) — no trades yet)
  (no open lots across active profiles)

Alpaca option positions
  (none)

Per-bucket exit stats (all time)
  b0|orphan_reconcile     n= 22  avg=+22.4%  med=-57.5%  realized=$+6,310.91
  b104|c104_s164_w1_0928_1005_r4  n=  1  avg=-88.9%  med=-88.9%  realized=$-8.00
  b108|c108_s202_w3_1045_1120_r1  n=  1  avg=-33.3%  med=-33.3%  realized=$-1.00
  b109|c109_s202_w3_1045_1120_r2  n=  1  avg=-66.7%  med=-66.7%  realized=$-2.00
  b10|c010_s165_w3_1045_1120_r1  n=  8  avg=-37.2%  med=-18.9%  realized=$-205.00
  b132|c132_s164_w1_0928_1005_r5  n=  2  avg=-65.7%  med=-53.6%  realized=$-37.00
  b135|c135_s164_w4_1120_1135_r5  n=  1  avg=-50.0%  med=-50.0%  realized=$-4.00
  b20|c020_s164_w1_0928_1005_r1  n=  1  avg=-88.9%  med=-88.9%  realized=$-8.00
  b236|c236_s218_w3_1045_1120_r1  n=  1  avg=-33.3%  med=-33.3%  realized=$-1.00
  b237|c237_s218_w3_1045_1120_r2  n=  1  avg=-66.7%  med=-66.7%  realized=$-2.00
  b28|c028_s165_w1_0928_1005_r2  n= 17  avg=+49.5%  med=+80.0%  realized=$+448.00
  b28|c028_s173_w1_0928_1005_r2  n=  5  avg=+51.6%  med=+80.0%  realized=$+142.00
  b29|c029_s165_w2_1005_1045_r2  n=  9  avg=-23.3%  med=-50.0%  realized=$-221.00
  b29|c029_s173_w2_1005_1045_r2  n=  2  avg=-69.3%  med=-48.5%  realized=$-78.00
  b30|c030_s165_w3_1045_1120_r2  n=  9  avg=+38.8%  med=+0.0%  realized=$+260.00
  b30|c030_s173_w3_1045_1120_r2  n=  2  avg=-9.5%  med=+0.0%  realized=$-14.00
  b31|c031_s165_w4_1120_1135_r2  n=  2  avg=+145.5%  med=+175.8%  realized=$+192.00
  b48|c048_s164_w1_0928_1005_r2  n=  5  avg=-33.1%  med=-49.1%  realized=$-91.00
  b48|c048_s165_w1_0928_1005_r3  n= 16  avg=-35.9%  med=-49.1%  realized=$-344.00
  b49|c049_s164_w2_1005_1045_r2  n=  4  avg=-51.8%  med=-44.0%  realized=$-133.00
  b49|c049_s165_w2_1005_1045_r3  n= 15  avg=-49.3%  med=-49.1%  realized=$-458.00
  b50|c050_s164_w3_1045_1120_r2  n=  4  avg=-39.6%  med=-16.7%  realized=$-115.00
  b50|c050_s165_w3_1045_1120_r3  n=  9  avg=-23.6%  med=-23.1%  realized=$-142.00
  b51|c051_s165_w4_1120_1135_r3  n=  1  avg=+263.6%  med=+263.6%  realized=$+174.00
  b56|g056_lim_tp20_sl65  n=  1  avg=+47.7%  med=+47.7%  realized=$+20.52
  b57|g057_mid_tp20_sl65  n=  1  avg=+47.7%  med=+47.7%  realized=$+20.52
  b58|g058_eod_tp20_sl65  n=  1  avg=+59.1%  med=+59.1%  realized=$+25.41
  b68|c068_s165_w1_0928_1005_r4  n= 16  avg=-51.3%  med=-49.1%  realized=$-446.00
  b68|c068_s166_w1_0928_1005_r3  n=  4  avg=-52.7%  med=-49.1%  realized=$-116.00
  b69|c069_s165_w2_1005_1045_r4  n= 11  avg=+19.0%  med=-43.6%  realized=$-179.00
  b69|c069_s166_w2_1005_1045_r3  n=  4  avg=+10.1%  med=-40.0%  realized=$-87.00
  b70|c070_s165_w3_1045_1120_r4  n= 11  avg=-2.1%  med=-16.9%  realized=$-6.00
  b70|c070_s166_w3_1045_1120_r3  n=  4  avg=-42.5%  med=-27.0%  realized=$-124.00
  b70|g070_eod_tp30_sl20  n=  1  avg=+59.1%  med=+59.1%  realized=$+27.77
  b76|c076_s164_w1_0928_1005_r3  n=  1  avg=-50.0%  med=-50.0%  realized=$-2.00
  b88|c088_s165_w1_0928_1005_r5  n= 21  avg=-5.0%  med=-2.7%  realized=$-63.00
  b88|c088_s167_w1_0928_1005_r4  n=  4  avg=-12.7%  med=+30.9%  realized=$-28.00
  b89|c089_s165_w2_1005_1045_r5  n=  7  avg=+113.1%  med=+30.9%  realized=$+67.00
  b89|c089_s167_w2_1005_1045_r4  n=  2  avg=-16.2%  med=+30.9%  realized=$-22.00
  b8|c008_s165_w1_0928_1005_r1  n= 23  avg=-19.6%  med=-35.3%  realized=$-250.00
  b90|c090_s165_w3_1045_1120_r5  n= 13  avg=+7.7%  med=+0.0%  realized=$+47.00
  b90|c090_s167_w3_1045_1120_r4  n=  4  avg=-41.6%  med=-18.9%  realized=$-123.00
  b91|c091_s165_w4_1120_1135_r5  n=  2  avg=+222.0%  med=+247.0%  realized=$+293.00
  b9|c009_s165_w2_1005_1045_r1  n=  7  avg=-74.4%  med=-66.2%  realized=$-301.00
========================================================
+========================================================================+
|  OPTIONS BOT SUMMARY                                                   |
+------------------------------------------------------------------------+
|  Mode                          after_hours                             |
|  Equity                        $122,739.00                             |
|  Signals this run              0                                       |
|  Orders submitted (session)    83                                      |
|  Orders filled today (ledger)  77                                      |
|  Entries placed this run       0                                       |
|  Open virtual lots             0                                       |
|  Broker option positions       0                                       |
|  Pending orders                0                                       |
+========================================================================+
+========================================================================+
|  BUCKET LEADERBOARD (reflected ex-S173,S174)                           |
+------------------------------------------------------------------------+
|  Reflected trades=277  buckets=31  win=30%                             |
|  Returns   avg=-5.7%  med=-40.0%  p10=-66.2%  p90=+81.8%               |
|  Realized  $+4,417.13                                                  |
|  Raw incl dropped  trades=811  real=$+2,821.58                         |
|  Today     trades=4  avg=-50.0%  med=-50.0%  real=$-6.00               |
+------------------------------------------------------------------------+
|  BKT PROFILE               N  WIN  AVG%   MED%   BEST%  REAL$          |
+------------------------------------------------------------------------+
|  b51  lab0051_s206_w2_10  1 100% +263.6 +263.6 +263.6 $   +174         |
|  b91  lab0091_s210_w6_14  2 100% +222.0 +222.0 +247.0 $   +293         |
|  b31  lab0031_s203_w4_11  2 100% +145.5 +145.5 +175.8 $   +192         |
|  b28  lab0028_s203_w3_10 22  77% +50.0 +80.0 +102.0 $   +590           |
|  b58  lab0058_s207_w2_10  1 100% +59.1 +59.1 +59.1 $    +25            |
|  b56  lab0056_s207_w1_09  1 100% +47.7 +47.7 +47.7 $    +21            |
|  b57  lab0057_s207_w1_09  1 100% +47.7 +47.7 +47.7 $    +21            |
|  b89  lab0089_s210_w5_13  9  56% +84.4 +30.9 +790.0 $    +45           |
|  ... 23 more bucket(s) with exits                                      |
+------------------------------------------------------------------------+
|  Low  b20  lab0020_s202_w3_10  1   0% -88.9 -88.9 -88.9 $     -8       |
+========================================================================+
+========================================================================+
|  OPEN OPTIONS (0)                                                      |
+------------------------------------------------------------------------+
|  No open option positions                                              |
+========================================================================+
Full detail: logs/options_trial/runs/2026-07-29.log
elapsed=0.4s reconcile=0.09s

=== 16:55:58 ET — after hours (exit summary) [elapsed=0.4s reconcile=0.08s] ===
=== options_morning_bot (PAPER) 2026-07-29T16:55:58.915469-04:00 ===

[Run context]
After hours (16:55 ET) — exit summary only.
Paper auth OK — equity $122493.72, account PA36KS87UPRS
  reconcile: layout changed controlled:100:c000_s173_w1_0928_1005_r1 -> controlled:1024:lab0000_s200_w1_0928_1005_r1

[Exit summary]
========================================================
OPTIONS EXIT SUMMARY — 2026-07-29
========================================================
Account equity: $122,493.72
Open positions: flat

Today's closed trades
  Count:     4
  Win rate:  0/4 (0%)
  Return:    avg -50.0%  med -33.3%  best -33.3%  worst -66.7%
  Realized:  $-6.00

By strategy
  S202    n=  2  win=0%  avg=-50.0%
  S218    n=  2  win=0%  avg=-50.0%

By symbol
  PG      n=  4  avg=-50.0%

By exit type
  stop_loss     3
  reconcile_fill  1

Top buckets today (realized $)
  b108|c108_s202_w3_1045_1120_r1  $-1.00
  b236|c236_s218_w3_1045_1120_r1  $-1.00
  b109|c109_s202_w3_1045_1120_r2  $-2.00
  b237|c237_s218_w3_1045_1120_r2  $-2.00

Recent exits (last 4)
  14:55:48  b109 c109_s202_w3_1045_  PG    S202    -66.7%     $-2.00  stop_loss (-66.7%)
  15:03:13  b108 c108_s202_w3_1045_  PG    S202    -33.3%     $-1.00  reconcile_fill
  15:38:39  b236 c236_s218_w3_1045_  PG    S218    -33.3%     $-1.00  stop_loss (-66.7%)
  16:21:11  b237 c237_s218_w3_1045_  PG    S218    -66.7%     $-2.00  stop_loss (-66.7%)
========================================================

[Portfolio snapshot]
========================================================
OPTIONS TRIAL STATS
========================================================
Account equity: $122,493.72
Active buckets: 1024 of 1024 profiles ($500 virtual each) — paper unlimited mode

P&L summary
  Reflected (ex-S173,S174): $+4,417.13 all-time  |  $-6.00 today
  Raw (incl dropped):     $+2,821.58 all-time  |  $-6.00 today
  Open (not sold yet): $+0.00 unrealized (virtual lots)
  Premium deployed:    $0.00 in open positions
  Combined P&L:        $+4,417.13 (reflected realized + open virtual)

Ledger (master)
  Total events:     6087
  Today entries:    77
  Today exits (reflected): 4
  All-time exits (reflected): 277  wins 30%
  Avg return/trade: -5.7%  median -40.0%

Open virtual lots (by bucket)
  (1024 quiet bucket profile(s) — no trades yet)
  (no open lots across active profiles)

Alpaca option positions
  (none)

Per-bucket exit stats (all time)
  b0|orphan_reconcile     n= 22  avg=+22.4%  med=-57.5%  realized=$+6,310.91
  b104|c104_s164_w1_0928_1005_r4  n=  1  avg=-88.9%  med=-88.9%  realized=$-8.00
  b108|c108_s202_w3_1045_1120_r1  n=  1  avg=-33.3%  med=-33.3%  realized=$-1.00
  b109|c109_s202_w3_1045_1120_r2  n=  1  avg=-66.7%  med=-66.7%  realized=$-2.00
  b10|c010_s165_w3_1045_1120_r1  n=  8  avg=-37.2%  med=-18.9%  realized=$-205.00
  b132|c132_s164_w1_0928_1005_r5  n=  2  avg=-65.7%  med=-53.6%  realized=$-37.00
  b135|c135_s164_w4_1120_1135_r5  n=  1  avg=-50.0%  med=-50.0%  realized=$-4.00
  b20|c020_s164_w1_0928_1005_r1  n=  1  avg=-88.9%  med=-88.9%  realized=$-8.00
  b236|c236_s218_w3_1045_1120_r1  n=  1  avg=-33.3%  med=-33.3%  realized=$-1.00
  b237|c237_s218_w3_1045_1120_r2  n=  1  avg=-66.7%  med=-66.7%  realized=$-2.00
  b28|c028_s165_w1_0928_1005_r2  n= 17  avg=+49.5%  med=+80.0%  realized=$+448.00
  b28|c028_s173_w1_0928_1005_r2  n=  5  avg=+51.6%  med=+80.0%  realized=$+142.00
  b29|c029_s165_w2_1005_1045_r2  n=  9  avg=-23.3%  med=-50.0%  realized=$-221.00
  b29|c029_s173_w2_1005_1045_r2  n=  2  avg=-69.3%  med=-48.5%  realized=$-78.00
  b30|c030_s165_w3_1045_1120_r2  n=  9  avg=+38.8%  med=+0.0%  realized=$+260.00
  b30|c030_s173_w3_1045_1120_r2  n=  2  avg=-9.5%  med=+0.0%  realized=$-14.00
  b31|c031_s165_w4_1120_1135_r2  n=  2  avg=+145.5%  med=+175.8%  realized=$+192.00
  b48|c048_s164_w1_0928_1005_r2  n=  5  avg=-33.1%  med=-49.1%  realized=$-91.00
  b48|c048_s165_w1_0928_1005_r3  n= 16  avg=-35.9%  med=-49.1%  realized=$-344.00
  b49|c049_s164_w2_1005_1045_r2  n=  4  avg=-51.8%  med=-44.0%  realized=$-133.00
  b49|c049_s165_w2_1005_1045_r3  n= 15  avg=-49.3%  med=-49.1%  realized=$-458.00
  b50|c050_s164_w3_1045_1120_r2  n=  4  avg=-39.6%  med=-16.7%  realized=$-115.00
  b50|c050_s165_w3_1045_1120_r3  n=  9  avg=-23.6%  med=-23.1%  realized=$-142.00
  b51|c051_s165_w4_1120_1135_r3  n=  1  avg=+263.6%  med=+263.6%  realized=$+174.00
  b56|g056_lim_tp20_sl65  n=  1  avg=+47.7%  med=+47.7%  realized=$+20.52
  b57|g057_mid_tp20_sl65  n=  1  avg=+47.7%  med=+47.7%  realized=$+20.52
  b58|g058_eod_tp20_sl65  n=  1  avg=+59.1%  med=+59.1%  realized=$+25.41
  b68|c068_s165_w1_0928_1005_r4  n= 16  avg=-51.3%  med=-49.1%  realized=$-446.00
  b68|c068_s166_w1_0928_1005_r3  n=  4  avg=-52.7%  med=-49.1%  realized=$-116.00
  b69|c069_s165_w2_1005_1045_r4  n= 11  avg=+19.0%  med=-43.6%  realized=$-179.00
  b69|c069_s166_w2_1005_1045_r3  n=  4  avg=+10.1%  med=-40.0%  realized=$-87.00
  b70|c070_s165_w3_1045_1120_r4  n= 11  avg=-2.1%  med=-16.9%  realized=$-6.00
  b70|c070_s166_w3_1045_1120_r3  n=  4  avg=-42.5%  med=-27.0%  realized=$-124.00
  b70|g070_eod_tp30_sl20  n=  1  avg=+59.1%  med=+59.1%  realized=$+27.77
  b76|c076_s164_w1_0928_1005_r3  n=  1  avg=-50.0%  med=-50.0%  realized=$-2.00
  b88|c088_s165_w1_0928_1005_r5  n= 21  avg=-5.0%  med=-2.7%  realized=$-63.00
  b88|c088_s167_w1_0928_1005_r4  n=  4  avg=-12.7%  med=+30.9%  realized=$-28.00
  b89|c089_s165_w2_1005_1045_r5  n=  7  avg=+113.1%  med=+30.9%  realized=$+67.00
  b89|c089_s167_w2_1005_1045_r4  n=  2  avg=-16.2%  med=+30.9%  realized=$-22.00
  b8|c008_s165_w1_0928_1005_r1  n= 23  avg=-19.6%  med=-35.3%  realized=$-250.00
  b90|c090_s165_w3_1045_1120_r5  n= 13  avg=+7.7%  med=+0.0%  realized=$+47.00
  b90|c090_s167_w3_1045_1120_r4  n=  4  avg=-41.6%  med=-18.9%  realized=$-123.00
  b91|c091_s165_w4_1120_1135_r5  n=  2  avg=+222.0%  med=+247.0%  realized=$+293.00
  b9|c009_s165_w2_1005_1045_r1  n=  7  avg=-74.4%  med=-66.2%  realized=$-301.00
========================================================
+========================================================================+
|  OPTIONS BOT SUMMARY                                                   |
+------------------------------------------------------------------------+
|  Mode                          after_hours                             |
|  Equity                        $122,493.72                             |
|  Signals this run              0                                       |
|  Orders submitted (session)    83                                      |
|  Orders filled today (ledger)  77                                      |
|  Entries placed this run       0                                       |
|  Open virtual lots             0                                       |
|  Broker option positions       0                                       |
|  Pending orders                0                                       |
+========================================================================+
+========================================================================+
|  BUCKET LEADERBOARD (reflected ex-S173,S174)                           |
+------------------------------------------------------------------------+
|  Reflected trades=277  buckets=31  win=30%                             |
|  Returns   avg=-5.7%  med=-40.0%  p10=-66.2%  p90=+81.8%               |
|  Realized  $+4,417.13                                                  |
|  Raw incl dropped  trades=811  real=$+2,821.58                         |
|  Today     trades=4  avg=-50.0%  med=-50.0%  real=$-6.00               |
+------------------------------------------------------------------------+
|  BKT PROFILE               N  WIN  AVG%   MED%   BEST%  REAL$          |
+------------------------------------------------------------------------+
|  b51  lab0051_s206_w2_10  1 100% +263.6 +263.6 +263.6 $   +174         |
|  b91  lab0091_s210_w6_14  2 100% +222.0 +222.0 +247.0 $   +293         |
|  b31  lab0031_s203_w4_11  2 100% +145.5 +145.5 +175.8 $   +192         |
|  b28  lab0028_s203_w3_10 22  77% +50.0 +80.0 +102.0 $   +590           |
|  b58  lab0058_s207_w2_10  1 100% +59.1 +59.1 +59.1 $    +25            |
|  b56  lab0056_s207_w1_09  1 100% +47.7 +47.7 +47.7 $    +21            |
|  b57  lab0057_s207_w1_09  1 100% +47.7 +47.7 +47.7 $    +21            |
|  b89  lab0089_s210_w5_13  9  56% +84.4 +30.9 +790.0 $    +45           |
|  ... 23 more bucket(s) with exits                                      |
+------------------------------------------------------------------------+
|  Low  b20  lab0020_s202_w3_10  1   0% -88.9 -88.9 -88.9 $     -8       |
+========================================================================+
+========================================================================+
|  OPEN OPTIONS (0)                                                      |
+------------------------------------------------------------------------+
|  No open option positions                                              |
+========================================================================+
Full detail: logs/options_trial/runs/2026-07-29.log
elapsed=0.4s reconcile=0.08s

