=== 01:58:52 ET — after hours (exit summary) [elapsed=1.0s reconcile=0.46s] ===
=== options_morning_bot (PAPER) 2026-07-27T01:58:52.948228-04:00 ===

[Run context]
After hours (01:58 ET) — exit summary only.
Paper auth OK — equity $134067.91, account PA36KS87UPRS
  reconcile: layout changed controlled:100:c000_s173_w1_0928_1005_r1 -> controlled:248:c000_s163_w1_0928_1005_r1
  reconcile: removed 1 stale lot(s)

[Exit summary]
========================================================
OPTIONS EXIT SUMMARY — 2026-07-27
========================================================
Account equity: $134,067.91
Open positions: flat

No closed trades today.
========================================================

[Portfolio snapshot]
========================================================
OPTIONS TRIAL STATS
========================================================
Account equity: $134,067.91
Active buckets: 248 of 248 profiles ($500 virtual each) — paper unlimited mode

P&L summary
  Reflected (ex-S173,S174): $+4,423.13 all-time  |  $+0.00 today
  Raw (incl dropped):     $+2,827.58 all-time  |  $+0.00 today
  Open (not sold yet): $+0.00 unrealized (virtual lots)
  Premium deployed:    $0.00 in open positions
  Combined P&L:        $+4,423.13 (reflected realized + open virtual)

Ledger (master)
  Total events:     5539
  Today entries:    0
  Today exits (reflected): 0
  All-time exits (reflected): 273  wins 30%
  Avg return/trade: -5.1%  median -40.0%

Open virtual lots (by bucket)
  (248 quiet bucket profile(s) — no trades yet)
  (no open lots across active profiles)

Alpaca option positions
  (none)

Per-bucket exit stats (all time)
  b0|orphan_reconcile     n= 22  avg=+22.4%  med=-57.5%  realized=$+6,310.91
  b104|c104_s164_w1_0928_1005_r4  n=  1  avg=-88.9%  med=-88.9%  realized=$-8.00
  b10|c010_s165_w3_1045_1120_r1  n=  8  avg=-37.2%  med=-18.9%  realized=$-205.00
  b132|c132_s164_w1_0928_1005_r5  n=  2  avg=-65.7%  med=-53.6%  realized=$-37.00
  b135|c135_s164_w4_1120_1135_r5  n=  1  avg=-50.0%  med=-50.0%  realized=$-4.00
  b20|c020_s164_w1_0928_1005_r1  n=  1  avg=-88.9%  med=-88.9%  realized=$-8.00
  b28|c028_s165_w1_0928_1005_r2  n= 17  avg=+49.5%  med=+80.0%  realized=$+448.00
  b28|c028_s173_w1_0928_1005_r2  n=  5  avg=+51.6%  med=+80.0%  realized=$+142.00
  b29|c029_s165_w2_1005_1045_r2  n=  9  avg=-23.3%  med=-50.0%  realized=$-221.00
  b29|c029_s173_w2_1005_1045_r2  n=  2  avg=-69.3%  med=-48.5%  realized=$-78.00
  b30|c030_s165_w3_1045_1120_r2  n=  9  avg=+38.8%  med=+0.0%  realized=$+260.00
  b30|c030_s173_w3_1045_1120_r2  n=  2  avg=-9.5%  med=+0.0%  realized=$-14.00
  b31|c031_s165_w4_1120_1135_r2  n=  2  avg=+145.5%  med=+175.8%  realized=$+192.00
  b48|c048_s164_w1_0928_1005_r2  n=  5  avg=-33.1%  med=-49.1%  realized=$-91.00
  b48|c048_s165_w1_0928_1005_r3  n= 16  avg=-35.9%  med=-49.1%  realized=$-344.00
  b49|c049_s164_w2_1005_1045_r2  n=  4  avg=-51.8%  med=-44.0%  realized=$-133.00
  b49|c049_s165_w2_1005_1045_r3  n= 15  avg=-49.3%  med=-49.1%  realized=$-458.00
  b50|c050_s164_w3_1045_1120_r2  n=  4  avg=-39.6%  med=-16.7%  realized=$-115.00
  b50|c050_s165_w3_1045_1120_r3  n=  9  avg=-23.6%  med=-23.1%  realized=$-142.00
  b51|c051_s165_w4_1120_1135_r3  n=  1  avg=+263.6%  med=+263.6%  realized=$+174.00
  b56|g056_lim_tp20_sl65  n=  1  avg=+47.7%  med=+47.7%  realized=$+20.52
  b57|g057_mid_tp20_sl65  n=  1  avg=+47.7%  med=+47.7%  realized=$+20.52
  b58|g058_eod_tp20_sl65  n=  1  avg=+59.1%  med=+59.1%  realized=$+25.41
  b68|c068_s165_w1_0928_1005_r4  n= 16  avg=-51.3%  med=-49.1%  realized=$-446.00
  b68|c068_s166_w1_0928_1005_r3  n=  4  avg=-52.7%  med=-49.1%  realized=$-116.00
  b69|c069_s165_w2_1005_1045_r4  n= 11  avg=+19.0%  med=-43.6%  realized=$-179.00
  b69|c069_s166_w2_1005_1045_r3  n=  4  avg=+10.1%  med=-40.0%  realized=$-87.00
  b70|c070_s165_w3_1045_1120_r4  n= 11  avg=-2.1%  med=-16.9%  realized=$-6.00
  b70|c070_s166_w3_1045_1120_r3  n=  4  avg=-42.5%  med=-27.0%  realized=$-124.00
  b70|g070_eod_tp30_sl20  n=  1  avg=+59.1%  med=+59.1%  realized=$+27.77
  b76|c076_s164_w1_0928_1005_r3  n=  1  avg=-50.0%  med=-50.0%  realized=$-2.00
  b88|c088_s165_w1_0928_1005_r5  n= 21  avg=-5.0%  med=-2.7%  realized=$-63.00
  b88|c088_s167_w1_0928_1005_r4  n=  4  avg=-12.7%  med=+30.9%  realized=$-28.00
  b89|c089_s165_w2_1005_1045_r5  n=  7  avg=+113.1%  med=+30.9%  realized=$+67.00
  b89|c089_s167_w2_1005_1045_r4  n=  2  avg=-16.2%  med=+30.9%  realized=$-22.00
  b8|c008_s165_w1_0928_1005_r1  n= 23  avg=-19.6%  med=-35.3%  realized=$-250.00
  b90|c090_s165_w3_1045_1120_r5  n= 13  avg=+7.7%  med=+0.0%  realized=$+47.00
  b90|c090_s167_w3_1045_1120_r4  n=  4  avg=-41.6%  med=-18.9%  realized=$-123.00
  b91|c091_s165_w4_1120_1135_r5  n=  2  avg=+222.0%  med=+247.0%  realized=$+293.00
  b9|c009_s165_w2_1005_1045_r1  n=  7  avg=-74.4%  med=-66.2%  realized=$-301.00
========================================================
+========================================================================+
|  OPTIONS BOT SUMMARY                                                   |
+------------------------------------------------------------------------+
|  Mode                          after_hours                             |
|  Equity                        $134,067.91                             |
|  Signals this run              0                                       |
|  Orders submitted (session)    0                                       |
|  Orders filled today (ledger)  0                                       |
|  Entries placed this run       0                                       |
|  Open virtual lots             0                                       |
|  Broker option positions       0                                       |
|  Pending orders                0                                       |
+========================================================================+
+========================================================================+
|  BUCKET LEADERBOARD (reflected ex-S173,S174)                           |
+------------------------------------------------------------------------+
|  Reflected trades=273  buckets=27  win=30%                             |
|  Returns   avg=-5.1%  med=-40.0%  p10=-66.2%  p90=+81.8%               |
|  Realized  $+4,423.13                                                  |
|  Raw incl dropped  trades=807  real=$+2,827.58                         |
+------------------------------------------------------------------------+
|  BKT PROFILE               N  WIN  AVG%   MED%   BEST%  REAL$          |
+------------------------------------------------------------------------+
|  b51  c051_s169_w2_1005_  1 100% +263.6 +263.6 +263.6 $   +174         |
|  b91  c091_s200_w2_1005_  2 100% +222.0 +222.0 +247.0 $   +293         |
|  b31  c031_s166_w4_1120_  2 100% +145.5 +145.5 +175.8 $   +192         |
|  b28  c028_s166_w3_1045_ 22  77% +50.0 +80.0 +102.0 $   +590           |
|  b58  c058_s170_w2_1005_  1 100% +59.1 +59.1 +59.1 $    +25            |
|  b56  c056_s170_w1_0928_  1 100% +47.7 +47.7 +47.7 $    +21            |
|  b57  c057_s170_w1_0928_  1 100% +47.7 +47.7 +47.7 $    +21            |
|  b89  c089_s200_w1_0928_  9  56% +84.4 +30.9 +790.0 $    +45           |
|  ... 19 more bucket(s) with exits                                      |
+------------------------------------------------------------------------+
|  Low  b20  c020_s165_w3_1045_  1   0% -88.9 -88.9 -88.9 $     -8       |
+========================================================================+
+========================================================================+
|  OPEN OPTIONS (0)                                                      |
+------------------------------------------------------------------------+
|  No open option positions                                              |
+========================================================================+
Full detail: logs/options_trial/runs/2026-07-27.log
elapsed=1.0s reconcile=0.46s

=== 09:00:44 ET — after hours (exit summary) [elapsed=0.9s reconcile=0.46s] ===
=== options_morning_bot (PAPER) 2026-07-27T09:00:44.422734-04:00 ===

[Run context]
After hours (09:00 ET) — exit summary only.
Paper auth OK — equity $133519.91, account PA36KS87UPRS
  reconcile: layout changed controlled:100:c000_s173_w1_0928_1005_r1 -> controlled:248:c000_s163_w1_0928_1005_r1

[Exit summary]
========================================================
OPTIONS EXIT SUMMARY — 2026-07-27
========================================================
Account equity: $133,519.91
Open positions: flat

No closed trades today.
========================================================

[Portfolio snapshot]
========================================================
OPTIONS TRIAL STATS
========================================================
Account equity: $133,519.91
Active buckets: 248 of 248 profiles ($500 virtual each) — paper unlimited mode

P&L summary
  Reflected (ex-S173,S174): $+4,423.13 all-time  |  $+0.00 today
  Raw (incl dropped):     $+2,827.58 all-time  |  $+0.00 today
  Open (not sold yet): $+0.00 unrealized (virtual lots)
  Premium deployed:    $0.00 in open positions
  Combined P&L:        $+4,423.13 (reflected realized + open virtual)

Ledger (master)
  Total events:     5539
  Today entries:    0
  Today exits (reflected): 0
  All-time exits (reflected): 273  wins 30%
  Avg return/trade: -5.1%  median -40.0%

Open virtual lots (by bucket)
  (248 quiet bucket profile(s) — no trades yet)
  (no open lots across active profiles)

Alpaca option positions
  (none)

Per-bucket exit stats (all time)
  b0|orphan_reconcile     n= 22  avg=+22.4%  med=-57.5%  realized=$+6,310.91
  b104|c104_s164_w1_0928_1005_r4  n=  1  avg=-88.9%  med=-88.9%  realized=$-8.00
  b10|c010_s165_w3_1045_1120_r1  n=  8  avg=-37.2%  med=-18.9%  realized=$-205.00
  b132|c132_s164_w1_0928_1005_r5  n=  2  avg=-65.7%  med=-53.6%  realized=$-37.00
  b135|c135_s164_w4_1120_1135_r5  n=  1  avg=-50.0%  med=-50.0%  realized=$-4.00
  b20|c020_s164_w1_0928_1005_r1  n=  1  avg=-88.9%  med=-88.9%  realized=$-8.00
  b28|c028_s165_w1_0928_1005_r2  n= 17  avg=+49.5%  med=+80.0%  realized=$+448.00
  b28|c028_s173_w1_0928_1005_r2  n=  5  avg=+51.6%  med=+80.0%  realized=$+142.00
  b29|c029_s165_w2_1005_1045_r2  n=  9  avg=-23.3%  med=-50.0%  realized=$-221.00
  b29|c029_s173_w2_1005_1045_r2  n=  2  avg=-69.3%  med=-48.5%  realized=$-78.00
  b30|c030_s165_w3_1045_1120_r2  n=  9  avg=+38.8%  med=+0.0%  realized=$+260.00
  b30|c030_s173_w3_1045_1120_r2  n=  2  avg=-9.5%  med=+0.0%  realized=$-14.00
  b31|c031_s165_w4_1120_1135_r2  n=  2  avg=+145.5%  med=+175.8%  realized=$+192.00
  b48|c048_s164_w1_0928_1005_r2  n=  5  avg=-33.1%  med=-49.1%  realized=$-91.00
  b48|c048_s165_w1_0928_1005_r3  n= 16  avg=-35.9%  med=-49.1%  realized=$-344.00
  b49|c049_s164_w2_1005_1045_r2  n=  4  avg=-51.8%  med=-44.0%  realized=$-133.00
  b49|c049_s165_w2_1005_1045_r3  n= 15  avg=-49.3%  med=-49.1%  realized=$-458.00
  b50|c050_s164_w3_1045_1120_r2  n=  4  avg=-39.6%  med=-16.7%  realized=$-115.00
  b50|c050_s165_w3_1045_1120_r3  n=  9  avg=-23.6%  med=-23.1%  realized=$-142.00
  b51|c051_s165_w4_1120_1135_r3  n=  1  avg=+263.6%  med=+263.6%  realized=$+174.00
  b56|g056_lim_tp20_sl65  n=  1  avg=+47.7%  med=+47.7%  realized=$+20.52
  b57|g057_mid_tp20_sl65  n=  1  avg=+47.7%  med=+47.7%  realized=$+20.52
  b58|g058_eod_tp20_sl65  n=  1  avg=+59.1%  med=+59.1%  realized=$+25.41
  b68|c068_s165_w1_0928_1005_r4  n= 16  avg=-51.3%  med=-49.1%  realized=$-446.00
  b68|c068_s166_w1_0928_1005_r3  n=  4  avg=-52.7%  med=-49.1%  realized=$-116.00
  b69|c069_s165_w2_1005_1045_r4  n= 11  avg=+19.0%  med=-43.6%  realized=$-179.00
  b69|c069_s166_w2_1005_1045_r3  n=  4  avg=+10.1%  med=-40.0%  realized=$-87.00
  b70|c070_s165_w3_1045_1120_r4  n= 11  avg=-2.1%  med=-16.9%  realized=$-6.00
  b70|c070_s166_w3_1045_1120_r3  n=  4  avg=-42.5%  med=-27.0%  realized=$-124.00
  b70|g070_eod_tp30_sl20  n=  1  avg=+59.1%  med=+59.1%  realized=$+27.77
  b76|c076_s164_w1_0928_1005_r3  n=  1  avg=-50.0%  med=-50.0%  realized=$-2.00
  b88|c088_s165_w1_0928_1005_r5  n= 21  avg=-5.0%  med=-2.7%  realized=$-63.00
  b88|c088_s167_w1_0928_1005_r4  n=  4  avg=-12.7%  med=+30.9%  realized=$-28.00
  b89|c089_s165_w2_1005_1045_r5  n=  7  avg=+113.1%  med=+30.9%  realized=$+67.00
  b89|c089_s167_w2_1005_1045_r4  n=  2  avg=-16.2%  med=+30.9%  realized=$-22.00
  b8|c008_s165_w1_0928_1005_r1  n= 23  avg=-19.6%  med=-35.3%  realized=$-250.00
  b90|c090_s165_w3_1045_1120_r5  n= 13  avg=+7.7%  med=+0.0%  realized=$+47.00
  b90|c090_s167_w3_1045_1120_r4  n=  4  avg=-41.6%  med=-18.9%  realized=$-123.00
  b91|c091_s165_w4_1120_1135_r5  n=  2  avg=+222.0%  med=+247.0%  realized=$+293.00
  b9|c009_s165_w2_1005_1045_r1  n=  7  avg=-74.4%  med=-66.2%  realized=$-301.00
========================================================
+========================================================================+
|  OPTIONS BOT SUMMARY                                                   |
+------------------------------------------------------------------------+
|  Mode                          after_hours                             |
|  Equity                        $133,519.91                             |
|  Signals this run              0                                       |
|  Orders submitted (session)    0                                       |
|  Orders filled today (ledger)  0                                       |
|  Entries placed this run       0                                       |
|  Open virtual lots             0                                       |
|  Broker option positions       0                                       |
|  Pending orders                0                                       |
+========================================================================+
+========================================================================+
|  BUCKET LEADERBOARD (reflected ex-S173,S174)                           |
+------------------------------------------------------------------------+
|  Reflected trades=273  buckets=27  win=30%                             |
|  Returns   avg=-5.1%  med=-40.0%  p10=-66.2%  p90=+81.8%               |
|  Realized  $+4,423.13                                                  |
|  Raw incl dropped  trades=807  real=$+2,827.58                         |
+------------------------------------------------------------------------+
|  BKT PROFILE               N  WIN  AVG%   MED%   BEST%  REAL$          |
+------------------------------------------------------------------------+
|  b51  c051_s169_w2_1005_  1 100% +263.6 +263.6 +263.6 $   +174         |
|  b91  c091_s200_w2_1005_  2 100% +222.0 +222.0 +247.0 $   +293         |
|  b31  c031_s166_w4_1120_  2 100% +145.5 +145.5 +175.8 $   +192         |
|  b28  c028_s166_w3_1045_ 22  77% +50.0 +80.0 +102.0 $   +590           |
|  b58  c058_s170_w2_1005_  1 100% +59.1 +59.1 +59.1 $    +25            |
|  b56  c056_s170_w1_0928_  1 100% +47.7 +47.7 +47.7 $    +21            |
|  b57  c057_s170_w1_0928_  1 100% +47.7 +47.7 +47.7 $    +21            |
|  b89  c089_s200_w1_0928_  9  56% +84.4 +30.9 +790.0 $    +45           |
|  ... 19 more bucket(s) with exits                                      |
+------------------------------------------------------------------------+
|  Low  b20  c020_s165_w3_1045_  1   0% -88.9 -88.9 -88.9 $     -8       |
+========================================================================+
+========================================================================+
|  OPEN OPTIONS (0)                                                      |
+------------------------------------------------------------------------+
|  No open option positions                                              |
+========================================================================+
Full detail: logs/options_trial/runs/2026-07-27.log
elapsed=0.9s reconcile=0.46s

=== 09:06:14 ET — after hours (exit summary) [elapsed=0.5s reconcile=0.17s] ===
=== options_morning_bot (PAPER) 2026-07-27T09:06:14.574100-04:00 ===

[Run context]
After hours (09:06 ET) — exit summary only.
Paper auth OK — equity $133723.91, account PA36KS87UPRS
  reconcile: layout changed controlled:100:c000_s173_w1_0928_1005_r1 -> controlled:248:c000_s163_w1_0928_1005_r1

[Exit summary]
========================================================
OPTIONS EXIT SUMMARY — 2026-07-27
========================================================
Account equity: $133,723.91
Open positions: flat

No closed trades today.
========================================================

[Portfolio snapshot]
========================================================
OPTIONS TRIAL STATS
========================================================
Account equity: $133,723.91
Active buckets: 248 of 248 profiles ($500 virtual each) — paper unlimited mode

P&L summary
  Reflected (ex-S173,S174): $+4,423.13 all-time  |  $+0.00 today
  Raw (incl dropped):     $+2,827.58 all-time  |  $+0.00 today
  Open (not sold yet): $+0.00 unrealized (virtual lots)
  Premium deployed:    $0.00 in open positions
  Combined P&L:        $+4,423.13 (reflected realized + open virtual)

Ledger (master)
  Total events:     5539
  Today entries:    0
  Today exits (reflected): 0
  All-time exits (reflected): 273  wins 30%
  Avg return/trade: -5.1%  median -40.0%

Open virtual lots (by bucket)
  (248 quiet bucket profile(s) — no trades yet)
  (no open lots across active profiles)

Alpaca option positions
  (none)

Per-bucket exit stats (all time)
  b0|orphan_reconcile     n= 22  avg=+22.4%  med=-57.5%  realized=$+6,310.91
  b104|c104_s164_w1_0928_1005_r4  n=  1  avg=-88.9%  med=-88.9%  realized=$-8.00
  b10|c010_s165_w3_1045_1120_r1  n=  8  avg=-37.2%  med=-18.9%  realized=$-205.00
  b132|c132_s164_w1_0928_1005_r5  n=  2  avg=-65.7%  med=-53.6%  realized=$-37.00
  b135|c135_s164_w4_1120_1135_r5  n=  1  avg=-50.0%  med=-50.0%  realized=$-4.00
  b20|c020_s164_w1_0928_1005_r1  n=  1  avg=-88.9%  med=-88.9%  realized=$-8.00
  b28|c028_s165_w1_0928_1005_r2  n= 17  avg=+49.5%  med=+80.0%  realized=$+448.00
  b28|c028_s173_w1_0928_1005_r2  n=  5  avg=+51.6%  med=+80.0%  realized=$+142.00
  b29|c029_s165_w2_1005_1045_r2  n=  9  avg=-23.3%  med=-50.0%  realized=$-221.00
  b29|c029_s173_w2_1005_1045_r2  n=  2  avg=-69.3%  med=-48.5%  realized=$-78.00
  b30|c030_s165_w3_1045_1120_r2  n=  9  avg=+38.8%  med=+0.0%  realized=$+260.00
  b30|c030_s173_w3_1045_1120_r2  n=  2  avg=-9.5%  med=+0.0%  realized=$-14.00
  b31|c031_s165_w4_1120_1135_r2  n=  2  avg=+145.5%  med=+175.8%  realized=$+192.00
  b48|c048_s164_w1_0928_1005_r2  n=  5  avg=-33.1%  med=-49.1%  realized=$-91.00
  b48|c048_s165_w1_0928_1005_r3  n= 16  avg=-35.9%  med=-49.1%  realized=$-344.00
  b49|c049_s164_w2_1005_1045_r2  n=  4  avg=-51.8%  med=-44.0%  realized=$-133.00
  b49|c049_s165_w2_1005_1045_r3  n= 15  avg=-49.3%  med=-49.1%  realized=$-458.00
  b50|c050_s164_w3_1045_1120_r2  n=  4  avg=-39.6%  med=-16.7%  realized=$-115.00
  b50|c050_s165_w3_1045_1120_r3  n=  9  avg=-23.6%  med=-23.1%  realized=$-142.00
  b51|c051_s165_w4_1120_1135_r3  n=  1  avg=+263.6%  med=+263.6%  realized=$+174.00
  b56|g056_lim_tp20_sl65  n=  1  avg=+47.7%  med=+47.7%  realized=$+20.52
  b57|g057_mid_tp20_sl65  n=  1  avg=+47.7%  med=+47.7%  realized=$+20.52
  b58|g058_eod_tp20_sl65  n=  1  avg=+59.1%  med=+59.1%  realized=$+25.41
  b68|c068_s165_w1_0928_1005_r4  n= 16  avg=-51.3%  med=-49.1%  realized=$-446.00
  b68|c068_s166_w1_0928_1005_r3  n=  4  avg=-52.7%  med=-49.1%  realized=$-116.00
  b69|c069_s165_w2_1005_1045_r4  n= 11  avg=+19.0%  med=-43.6%  realized=$-179.00
  b69|c069_s166_w2_1005_1045_r3  n=  4  avg=+10.1%  med=-40.0%  realized=$-87.00
  b70|c070_s165_w3_1045_1120_r4  n= 11  avg=-2.1%  med=-16.9%  realized=$-6.00
  b70|c070_s166_w3_1045_1120_r3  n=  4  avg=-42.5%  med=-27.0%  realized=$-124.00
  b70|g070_eod_tp30_sl20  n=  1  avg=+59.1%  med=+59.1%  realized=$+27.77
  b76|c076_s164_w1_0928_1005_r3  n=  1  avg=-50.0%  med=-50.0%  realized=$-2.00
  b88|c088_s165_w1_0928_1005_r5  n= 21  avg=-5.0%  med=-2.7%  realized=$-63.00
  b88|c088_s167_w1_0928_1005_r4  n=  4  avg=-12.7%  med=+30.9%  realized=$-28.00
  b89|c089_s165_w2_1005_1045_r5  n=  7  avg=+113.1%  med=+30.9%  realized=$+67.00
  b89|c089_s167_w2_1005_1045_r4  n=  2  avg=-16.2%  med=+30.9%  realized=$-22.00
  b8|c008_s165_w1_0928_1005_r1  n= 23  avg=-19.6%  med=-35.3%  realized=$-250.00
  b90|c090_s165_w3_1045_1120_r5  n= 13  avg=+7.7%  med=+0.0%  realized=$+47.00
  b90|c090_s167_w3_1045_1120_r4  n=  4  avg=-41.6%  med=-18.9%  realized=$-123.00
  b91|c091_s165_w4_1120_1135_r5  n=  2  avg=+222.0%  med=+247.0%  realized=$+293.00
  b9|c009_s165_w2_1005_1045_r1  n=  7  avg=-74.4%  med=-66.2%  realized=$-301.00
========================================================
+========================================================================+
|  OPTIONS BOT SUMMARY                                                   |
+------------------------------------------------------------------------+
|  Mode                          after_hours                             |
|  Equity                        $133,723.91                             |
|  Signals this run              0                                       |
|  Orders submitted (session)    0                                       |
|  Orders filled today (ledger)  0                                       |
|  Entries placed this run       0                                       |
|  Open virtual lots             0                                       |
|  Broker option positions       0                                       |
|  Pending orders                0                                       |
+========================================================================+
+========================================================================+
|  BUCKET LEADERBOARD (reflected ex-S173,S174)                           |
+------------------------------------------------------------------------+
|  Reflected trades=273  buckets=27  win=30%                             |
|  Returns   avg=-5.1%  med=-40.0%  p10=-66.2%  p90=+81.8%               |
|  Realized  $+4,423.13                                                  |
|  Raw incl dropped  trades=807  real=$+2,827.58                         |
+------------------------------------------------------------------------+
|  BKT PROFILE               N  WIN  AVG%   MED%   BEST%  REAL$          |
+------------------------------------------------------------------------+
|  b51  c051_s169_w2_1005_  1 100% +263.6 +263.6 +263.6 $   +174         |
|  b91  c091_s200_w2_1005_  2 100% +222.0 +222.0 +247.0 $   +293         |
|  b31  c031_s166_w4_1120_  2 100% +145.5 +145.5 +175.8 $   +192         |
|  b28  c028_s166_w3_1045_ 22  77% +50.0 +80.0 +102.0 $   +590           |
|  b58  c058_s170_w2_1005_  1 100% +59.1 +59.1 +59.1 $    +25            |
|  b56  c056_s170_w1_0928_  1 100% +47.7 +47.7 +47.7 $    +21            |
|  b57  c057_s170_w1_0928_  1 100% +47.7 +47.7 +47.7 $    +21            |
|  b89  c089_s200_w1_0928_  9  56% +84.4 +30.9 +790.0 $    +45           |
|  ... 19 more bucket(s) with exits                                      |
+------------------------------------------------------------------------+
|  Low  b20  c020_s165_w3_1045_  1   0% -88.9 -88.9 -88.9 $     -8       |
+========================================================================+
+========================================================================+
|  OPEN OPTIONS (0)                                                      |
+------------------------------------------------------------------------+
|  No open option positions                                              |
+========================================================================+
Full detail: logs/options_trial/runs/2026-07-27.log
elapsed=0.5s reconcile=0.17s

=== 09:10:44 ET — after hours (exit summary) [elapsed=0.4s reconcile=0.14s] ===
=== options_morning_bot (PAPER) 2026-07-27T09:10:44.435455-04:00 ===

[Run context]
After hours (09:10 ET) — exit summary only.
Paper auth OK — equity $133643.91, account PA36KS87UPRS
  reconcile: layout changed controlled:100:c000_s173_w1_0928_1005_r1 -> controlled:248:c000_s163_w1_0928_1005_r1

[Exit summary]
========================================================
OPTIONS EXIT SUMMARY — 2026-07-27
========================================================
Account equity: $133,643.91
Open positions: flat

No closed trades today.
========================================================

[Portfolio snapshot]
========================================================
OPTIONS TRIAL STATS
========================================================
Account equity: $133,643.91
Active buckets: 248 of 248 profiles ($500 virtual each) — paper unlimited mode

P&L summary
  Reflected (ex-S173,S174): $+4,423.13 all-time  |  $+0.00 today
  Raw (incl dropped):     $+2,827.58 all-time  |  $+0.00 today
  Open (not sold yet): $+0.00 unrealized (virtual lots)
  Premium deployed:    $0.00 in open positions
  Combined P&L:        $+4,423.13 (reflected realized + open virtual)

Ledger (master)
  Total events:     5539
  Today entries:    0
  Today exits (reflected): 0
  All-time exits (reflected): 273  wins 30%
  Avg return/trade: -5.1%  median -40.0%

Open virtual lots (by bucket)
  (248 quiet bucket profile(s) — no trades yet)
  (no open lots across active profiles)

Alpaca option positions
  (none)

Per-bucket exit stats (all time)
  b0|orphan_reconcile     n= 22  avg=+22.4%  med=-57.5%  realized=$+6,310.91
  b104|c104_s164_w1_0928_1005_r4  n=  1  avg=-88.9%  med=-88.9%  realized=$-8.00
  b10|c010_s165_w3_1045_1120_r1  n=  8  avg=-37.2%  med=-18.9%  realized=$-205.00
  b132|c132_s164_w1_0928_1005_r5  n=  2  avg=-65.7%  med=-53.6%  realized=$-37.00
  b135|c135_s164_w4_1120_1135_r5  n=  1  avg=-50.0%  med=-50.0%  realized=$-4.00
  b20|c020_s164_w1_0928_1005_r1  n=  1  avg=-88.9%  med=-88.9%  realized=$-8.00
  b28|c028_s165_w1_0928_1005_r2  n= 17  avg=+49.5%  med=+80.0%  realized=$+448.00
  b28|c028_s173_w1_0928_1005_r2  n=  5  avg=+51.6%  med=+80.0%  realized=$+142.00
  b29|c029_s165_w2_1005_1045_r2  n=  9  avg=-23.3%  med=-50.0%  realized=$-221.00
  b29|c029_s173_w2_1005_1045_r2  n=  2  avg=-69.3%  med=-48.5%  realized=$-78.00
  b30|c030_s165_w3_1045_1120_r2  n=  9  avg=+38.8%  med=+0.0%  realized=$+260.00
  b30|c030_s173_w3_1045_1120_r2  n=  2  avg=-9.5%  med=+0.0%  realized=$-14.00
  b31|c031_s165_w4_1120_1135_r2  n=  2  avg=+145.5%  med=+175.8%  realized=$+192.00
  b48|c048_s164_w1_0928_1005_r2  n=  5  avg=-33.1%  med=-49.1%  realized=$-91.00
  b48|c048_s165_w1_0928_1005_r3  n= 16  avg=-35.9%  med=-49.1%  realized=$-344.00
  b49|c049_s164_w2_1005_1045_r2  n=  4  avg=-51.8%  med=-44.0%  realized=$-133.00
  b49|c049_s165_w2_1005_1045_r3  n= 15  avg=-49.3%  med=-49.1%  realized=$-458.00
  b50|c050_s164_w3_1045_1120_r2  n=  4  avg=-39.6%  med=-16.7%  realized=$-115.00
  b50|c050_s165_w3_1045_1120_r3  n=  9  avg=-23.6%  med=-23.1%  realized=$-142.00
  b51|c051_s165_w4_1120_1135_r3  n=  1  avg=+263.6%  med=+263.6%  realized=$+174.00
  b56|g056_lim_tp20_sl65  n=  1  avg=+47.7%  med=+47.7%  realized=$+20.52
  b57|g057_mid_tp20_sl65  n=  1  avg=+47.7%  med=+47.7%  realized=$+20.52
  b58|g058_eod_tp20_sl65  n=  1  avg=+59.1%  med=+59.1%  realized=$+25.41
  b68|c068_s165_w1_0928_1005_r4  n= 16  avg=-51.3%  med=-49.1%  realized=$-446.00
  b68|c068_s166_w1_0928_1005_r3  n=  4  avg=-52.7%  med=-49.1%  realized=$-116.00
  b69|c069_s165_w2_1005_1045_r4  n= 11  avg=+19.0%  med=-43.6%  realized=$-179.00
  b69|c069_s166_w2_1005_1045_r3  n=  4  avg=+10.1%  med=-40.0%  realized=$-87.00
  b70|c070_s165_w3_1045_1120_r4  n= 11  avg=-2.1%  med=-16.9%  realized=$-6.00
  b70|c070_s166_w3_1045_1120_r3  n=  4  avg=-42.5%  med=-27.0%  realized=$-124.00
  b70|g070_eod_tp30_sl20  n=  1  avg=+59.1%  med=+59.1%  realized=$+27.77
  b76|c076_s164_w1_0928_1005_r3  n=  1  avg=-50.0%  med=-50.0%  realized=$-2.00
  b88|c088_s165_w1_0928_1005_r5  n= 21  avg=-5.0%  med=-2.7%  realized=$-63.00
  b88|c088_s167_w1_0928_1005_r4  n=  4  avg=-12.7%  med=+30.9%  realized=$-28.00
  b89|c089_s165_w2_1005_1045_r5  n=  7  avg=+113.1%  med=+30.9%  realized=$+67.00
  b89|c089_s167_w2_1005_1045_r4  n=  2  avg=-16.2%  med=+30.9%  realized=$-22.00
  b8|c008_s165_w1_0928_1005_r1  n= 23  avg=-19.6%  med=-35.3%  realized=$-250.00
  b90|c090_s165_w3_1045_1120_r5  n= 13  avg=+7.7%  med=+0.0%  realized=$+47.00
  b90|c090_s167_w3_1045_1120_r4  n=  4  avg=-41.6%  med=-18.9%  realized=$-123.00
  b91|c091_s165_w4_1120_1135_r5  n=  2  avg=+222.0%  med=+247.0%  realized=$+293.00
  b9|c009_s165_w2_1005_1045_r1  n=  7  avg=-74.4%  med=-66.2%  realized=$-301.00
========================================================
+========================================================================+
|  OPTIONS BOT SUMMARY                                                   |
+------------------------------------------------------------------------+
|  Mode                          after_hours                             |
|  Equity                        $133,643.91                             |
|  Signals this run              0                                       |
|  Orders submitted (session)    0                                       |
|  Orders filled today (ledger)  0                                       |
|  Entries placed this run       0                                       |
|  Open virtual lots             0                                       |
|  Broker option positions       0                                       |
|  Pending orders                0                                       |
+========================================================================+
+========================================================================+
|  BUCKET LEADERBOARD (reflected ex-S173,S174)                           |
+------------------------------------------------------------------------+
|  Reflected trades=273  buckets=27  win=30%                             |
|  Returns   avg=-5.1%  med=-40.0%  p10=-66.2%  p90=+81.8%               |
|  Realized  $+4,423.13                                                  |
|  Raw incl dropped  trades=807  real=$+2,827.58                         |
+------------------------------------------------------------------------+
|  BKT PROFILE               N  WIN  AVG%   MED%   BEST%  REAL$          |
+------------------------------------------------------------------------+
|  b51  c051_s169_w2_1005_  1 100% +263.6 +263.6 +263.6 $   +174         |
|  b91  c091_s200_w2_1005_  2 100% +222.0 +222.0 +247.0 $   +293         |
|  b31  c031_s166_w4_1120_  2 100% +145.5 +145.5 +175.8 $   +192         |
|  b28  c028_s166_w3_1045_ 22  77% +50.0 +80.0 +102.0 $   +590           |
|  b58  c058_s170_w2_1005_  1 100% +59.1 +59.1 +59.1 $    +25            |
|  b56  c056_s170_w1_0928_  1 100% +47.7 +47.7 +47.7 $    +21            |
|  b57  c057_s170_w1_0928_  1 100% +47.7 +47.7 +47.7 $    +21            |
|  b89  c089_s200_w1_0928_  9  56% +84.4 +30.9 +790.0 $    +45           |
|  ... 19 more bucket(s) with exits                                      |
+------------------------------------------------------------------------+
|  Low  b20  c020_s165_w3_1045_  1   0% -88.9 -88.9 -88.9 $     -8       |
+========================================================================+
+========================================================================+
|  OPEN OPTIONS (0)                                                      |
+------------------------------------------------------------------------+
|  No open option positions                                              |
+========================================================================+
Full detail: logs/options_trial/runs/2026-07-27.log
elapsed=0.4s reconcile=0.14s

=== 09:15:41 ET — after hours (exit summary) [elapsed=0.5s reconcile=0.21s] ===
=== options_morning_bot (PAPER) 2026-07-27T09:15:41.806062-04:00 ===

[Run context]
After hours (09:15 ET) — exit summary only.
Paper auth OK — equity $133491.91, account PA36KS87UPRS
  reconcile: layout changed controlled:100:c000_s173_w1_0928_1005_r1 -> controlled:248:c000_s163_w1_0928_1005_r1

[Exit summary]
========================================================
OPTIONS EXIT SUMMARY — 2026-07-27
========================================================
Account equity: $133,491.91
Open positions: flat

No closed trades today.
========================================================

[Portfolio snapshot]
========================================================
OPTIONS TRIAL STATS
========================================================
Account equity: $133,491.91
Active buckets: 248 of 248 profiles ($500 virtual each) — paper unlimited mode

P&L summary
  Reflected (ex-S173,S174): $+4,423.13 all-time  |  $+0.00 today
  Raw (incl dropped):     $+2,827.58 all-time  |  $+0.00 today
  Open (not sold yet): $+0.00 unrealized (virtual lots)
  Premium deployed:    $0.00 in open positions
  Combined P&L:        $+4,423.13 (reflected realized + open virtual)

Ledger (master)
  Total events:     5539
  Today entries:    0
  Today exits (reflected): 0
  All-time exits (reflected): 273  wins 30%
  Avg return/trade: -5.1%  median -40.0%

Open virtual lots (by bucket)
  (248 quiet bucket profile(s) — no trades yet)
  (no open lots across active profiles)

Alpaca option positions
  (none)

Per-bucket exit stats (all time)
  b0|orphan_reconcile     n= 22  avg=+22.4%  med=-57.5%  realized=$+6,310.91
  b104|c104_s164_w1_0928_1005_r4  n=  1  avg=-88.9%  med=-88.9%  realized=$-8.00
  b10|c010_s165_w3_1045_1120_r1  n=  8  avg=-37.2%  med=-18.9%  realized=$-205.00
  b132|c132_s164_w1_0928_1005_r5  n=  2  avg=-65.7%  med=-53.6%  realized=$-37.00
  b135|c135_s164_w4_1120_1135_r5  n=  1  avg=-50.0%  med=-50.0%  realized=$-4.00
  b20|c020_s164_w1_0928_1005_r1  n=  1  avg=-88.9%  med=-88.9%  realized=$-8.00
  b28|c028_s165_w1_0928_1005_r2  n= 17  avg=+49.5%  med=+80.0%  realized=$+448.00
  b28|c028_s173_w1_0928_1005_r2  n=  5  avg=+51.6%  med=+80.0%  realized=$+142.00
  b29|c029_s165_w2_1005_1045_r2  n=  9  avg=-23.3%  med=-50.0%  realized=$-221.00
  b29|c029_s173_w2_1005_1045_r2  n=  2  avg=-69.3%  med=-48.5%  realized=$-78.00
  b30|c030_s165_w3_1045_1120_r2  n=  9  avg=+38.8%  med=+0.0%  realized=$+260.00
  b30|c030_s173_w3_1045_1120_r2  n=  2  avg=-9.5%  med=+0.0%  realized=$-14.00
  b31|c031_s165_w4_1120_1135_r2  n=  2  avg=+145.5%  med=+175.8%  realized=$+192.00
  b48|c048_s164_w1_0928_1005_r2  n=  5  avg=-33.1%  med=-49.1%  realized=$-91.00
  b48|c048_s165_w1_0928_1005_r3  n= 16  avg=-35.9%  med=-49.1%  realized=$-344.00
  b49|c049_s164_w2_1005_1045_r2  n=  4  avg=-51.8%  med=-44.0%  realized=$-133.00
  b49|c049_s165_w2_1005_1045_r3  n= 15  avg=-49.3%  med=-49.1%  realized=$-458.00
  b50|c050_s164_w3_1045_1120_r2  n=  4  avg=-39.6%  med=-16.7%  realized=$-115.00
  b50|c050_s165_w3_1045_1120_r3  n=  9  avg=-23.6%  med=-23.1%  realized=$-142.00
  b51|c051_s165_w4_1120_1135_r3  n=  1  avg=+263.6%  med=+263.6%  realized=$+174.00
  b56|g056_lim_tp20_sl65  n=  1  avg=+47.7%  med=+47.7%  realized=$+20.52
  b57|g057_mid_tp20_sl65  n=  1  avg=+47.7%  med=+47.7%  realized=$+20.52
  b58|g058_eod_tp20_sl65  n=  1  avg=+59.1%  med=+59.1%  realized=$+25.41
  b68|c068_s165_w1_0928_1005_r4  n= 16  avg=-51.3%  med=-49.1%  realized=$-446.00
  b68|c068_s166_w1_0928_1005_r3  n=  4  avg=-52.7%  med=-49.1%  realized=$-116.00
  b69|c069_s165_w2_1005_1045_r4  n= 11  avg=+19.0%  med=-43.6%  realized=$-179.00
  b69|c069_s166_w2_1005_1045_r3  n=  4  avg=+10.1%  med=-40.0%  realized=$-87.00
  b70|c070_s165_w3_1045_1120_r4  n= 11  avg=-2.1%  med=-16.9%  realized=$-6.00
  b70|c070_s166_w3_1045_1120_r3  n=  4  avg=-42.5%  med=-27.0%  realized=$-124.00
  b70|g070_eod_tp30_sl20  n=  1  avg=+59.1%  med=+59.1%  realized=$+27.77
  b76|c076_s164_w1_0928_1005_r3  n=  1  avg=-50.0%  med=-50.0%  realized=$-2.00
  b88|c088_s165_w1_0928_1005_r5  n= 21  avg=-5.0%  med=-2.7%  realized=$-63.00
  b88|c088_s167_w1_0928_1005_r4  n=  4  avg=-12.7%  med=+30.9%  realized=$-28.00
  b89|c089_s165_w2_1005_1045_r5  n=  7  avg=+113.1%  med=+30.9%  realized=$+67.00
  b89|c089_s167_w2_1005_1045_r4  n=  2  avg=-16.2%  med=+30.9%  realized=$-22.00
  b8|c008_s165_w1_0928_1005_r1  n= 23  avg=-19.6%  med=-35.3%  realized=$-250.00
  b90|c090_s165_w3_1045_1120_r5  n= 13  avg=+7.7%  med=+0.0%  realized=$+47.00
  b90|c090_s167_w3_1045_1120_r4  n=  4  avg=-41.6%  med=-18.9%  realized=$-123.00
  b91|c091_s165_w4_1120_1135_r5  n=  2  avg=+222.0%  med=+247.0%  realized=$+293.00
  b9|c009_s165_w2_1005_1045_r1  n=  7  avg=-74.4%  med=-66.2%  realized=$-301.00
========================================================
+========================================================================+
|  OPTIONS BOT SUMMARY                                                   |
+------------------------------------------------------------------------+
|  Mode                          after_hours                             |
|  Equity                        $133,491.91                             |
|  Signals this run              0                                       |
|  Orders submitted (session)    0                                       |
|  Orders filled today (ledger)  0                                       |
|  Entries placed this run       0                                       |
|  Open virtual lots             0                                       |
|  Broker option positions       0                                       |
|  Pending orders                0                                       |
+========================================================================+
+========================================================================+
|  BUCKET LEADERBOARD (reflected ex-S173,S174)                           |
+------------------------------------------------------------------------+
|  Reflected trades=273  buckets=27  win=30%                             |
|  Returns   avg=-5.1%  med=-40.0%  p10=-66.2%  p90=+81.8%               |
|  Realized  $+4,423.13                                                  |
|  Raw incl dropped  trades=807  real=$+2,827.58                         |
+------------------------------------------------------------------------+
|  BKT PROFILE               N  WIN  AVG%   MED%   BEST%  REAL$          |
+------------------------------------------------------------------------+
|  b51  c051_s169_w2_1005_  1 100% +263.6 +263.6 +263.6 $   +174         |
|  b91  c091_s200_w2_1005_  2 100% +222.0 +222.0 +247.0 $   +293         |
|  b31  c031_s166_w4_1120_  2 100% +145.5 +145.5 +175.8 $   +192         |
|  b28  c028_s166_w3_1045_ 22  77% +50.0 +80.0 +102.0 $   +590           |
|  b58  c058_s170_w2_1005_  1 100% +59.1 +59.1 +59.1 $    +25            |
|  b56  c056_s170_w1_0928_  1 100% +47.7 +47.7 +47.7 $    +21            |
|  b57  c057_s170_w1_0928_  1 100% +47.7 +47.7 +47.7 $    +21            |
|  b89  c089_s200_w1_0928_  9  56% +84.4 +30.9 +790.0 $    +45           |
|  ... 19 more bucket(s) with exits                                      |
+------------------------------------------------------------------------+
|  Low  b20  c020_s165_w3_1045_  1   0% -88.9 -88.9 -88.9 $     -8       |
+========================================================================+
+========================================================================+
|  OPEN OPTIONS (0)                                                      |
+------------------------------------------------------------------------+
|  No open option positions                                              |
+========================================================================+
Full detail: logs/options_trial/runs/2026-07-27.log
elapsed=0.5s reconcile=0.21s

=== 09:20:41 ET — after hours (exit summary) [elapsed=1.0s reconcile=0.53s] ===
=== options_morning_bot (PAPER) 2026-07-27T09:20:41.449969-04:00 ===

[Run context]
After hours (09:20 ET) — exit summary only.
Paper auth OK — equity $133450.83, account PA36KS87UPRS
  reconcile: layout changed controlled:100:c000_s173_w1_0928_1005_r1 -> controlled:248:c000_s163_w1_0928_1005_r1

[Exit summary]
========================================================
OPTIONS EXIT SUMMARY — 2026-07-27
========================================================
Account equity: $133,450.83
Open positions: flat

No closed trades today.
========================================================

[Portfolio snapshot]
========================================================
OPTIONS TRIAL STATS
========================================================
Account equity: $133,450.83
Active buckets: 248 of 248 profiles ($500 virtual each) — paper unlimited mode

P&L summary
  Reflected (ex-S173,S174): $+4,423.13 all-time  |  $+0.00 today
  Raw (incl dropped):     $+2,827.58 all-time  |  $+0.00 today
  Open (not sold yet): $+0.00 unrealized (virtual lots)
  Premium deployed:    $0.00 in open positions
  Combined P&L:        $+4,423.13 (reflected realized + open virtual)

Ledger (master)
  Total events:     5539
  Today entries:    0
  Today exits (reflected): 0
  All-time exits (reflected): 273  wins 30%
  Avg return/trade: -5.1%  median -40.0%

Open virtual lots (by bucket)
  (248 quiet bucket profile(s) — no trades yet)
  (no open lots across active profiles)

Alpaca option positions
  (none)

Per-bucket exit stats (all time)
  b0|orphan_reconcile     n= 22  avg=+22.4%  med=-57.5%  realized=$+6,310.91
  b104|c104_s164_w1_0928_1005_r4  n=  1  avg=-88.9%  med=-88.9%  realized=$-8.00
  b10|c010_s165_w3_1045_1120_r1  n=  8  avg=-37.2%  med=-18.9%  realized=$-205.00
  b132|c132_s164_w1_0928_1005_r5  n=  2  avg=-65.7%  med=-53.6%  realized=$-37.00
  b135|c135_s164_w4_1120_1135_r5  n=  1  avg=-50.0%  med=-50.0%  realized=$-4.00
  b20|c020_s164_w1_0928_1005_r1  n=  1  avg=-88.9%  med=-88.9%  realized=$-8.00
  b28|c028_s165_w1_0928_1005_r2  n= 17  avg=+49.5%  med=+80.0%  realized=$+448.00
  b28|c028_s173_w1_0928_1005_r2  n=  5  avg=+51.6%  med=+80.0%  realized=$+142.00
  b29|c029_s165_w2_1005_1045_r2  n=  9  avg=-23.3%  med=-50.0%  realized=$-221.00
  b29|c029_s173_w2_1005_1045_r2  n=  2  avg=-69.3%  med=-48.5%  realized=$-78.00
  b30|c030_s165_w3_1045_1120_r2  n=  9  avg=+38.8%  med=+0.0%  realized=$+260.00
  b30|c030_s173_w3_1045_1120_r2  n=  2  avg=-9.5%  med=+0.0%  realized=$-14.00
  b31|c031_s165_w4_1120_1135_r2  n=  2  avg=+145.5%  med=+175.8%  realized=$+192.00
  b48|c048_s164_w1_0928_1005_r2  n=  5  avg=-33.1%  med=-49.1%  realized=$-91.00
  b48|c048_s165_w1_0928_1005_r3  n= 16  avg=-35.9%  med=-49.1%  realized=$-344.00
  b49|c049_s164_w2_1005_1045_r2  n=  4  avg=-51.8%  med=-44.0%  realized=$-133.00
  b49|c049_s165_w2_1005_1045_r3  n= 15  avg=-49.3%  med=-49.1%  realized=$-458.00
  b50|c050_s164_w3_1045_1120_r2  n=  4  avg=-39.6%  med=-16.7%  realized=$-115.00
  b50|c050_s165_w3_1045_1120_r3  n=  9  avg=-23.6%  med=-23.1%  realized=$-142.00
  b51|c051_s165_w4_1120_1135_r3  n=  1  avg=+263.6%  med=+263.6%  realized=$+174.00
  b56|g056_lim_tp20_sl65  n=  1  avg=+47.7%  med=+47.7%  realized=$+20.52
  b57|g057_mid_tp20_sl65  n=  1  avg=+47.7%  med=+47.7%  realized=$+20.52
  b58|g058_eod_tp20_sl65  n=  1  avg=+59.1%  med=+59.1%  realized=$+25.41
  b68|c068_s165_w1_0928_1005_r4  n= 16  avg=-51.3%  med=-49.1%  realized=$-446.00
  b68|c068_s166_w1_0928_1005_r3  n=  4  avg=-52.7%  med=-49.1%  realized=$-116.00
  b69|c069_s165_w2_1005_1045_r4  n= 11  avg=+19.0%  med=-43.6%  realized=$-179.00
  b69|c069_s166_w2_1005_1045_r3  n=  4  avg=+10.1%  med=-40.0%  realized=$-87.00
  b70|c070_s165_w3_1045_1120_r4  n= 11  avg=-2.1%  med=-16.9%  realized=$-6.00
  b70|c070_s166_w3_1045_1120_r3  n=  4  avg=-42.5%  med=-27.0%  realized=$-124.00
  b70|g070_eod_tp30_sl20  n=  1  avg=+59.1%  med=+59.1%  realized=$+27.77
  b76|c076_s164_w1_0928_1005_r3  n=  1  avg=-50.0%  med=-50.0%  realized=$-2.00
  b88|c088_s165_w1_0928_1005_r5  n= 21  avg=-5.0%  med=-2.7%  realized=$-63.00
  b88|c088_s167_w1_0928_1005_r4  n=  4  avg=-12.7%  med=+30.9%  realized=$-28.00
  b89|c089_s165_w2_1005_1045_r5  n=  7  avg=+113.1%  med=+30.9%  realized=$+67.00
  b89|c089_s167_w2_1005_1045_r4  n=  2  avg=-16.2%  med=+30.9%  realized=$-22.00
  b8|c008_s165_w1_0928_1005_r1  n= 23  avg=-19.6%  med=-35.3%  realized=$-250.00
  b90|c090_s165_w3_1045_1120_r5  n= 13  avg=+7.7%  med=+0.0%  realized=$+47.00
  b90|c090_s167_w3_1045_1120_r4  n=  4  avg=-41.6%  med=-18.9%  realized=$-123.00
  b91|c091_s165_w4_1120_1135_r5  n=  2  avg=+222.0%  med=+247.0%  realized=$+293.00
  b9|c009_s165_w2_1005_1045_r1  n=  7  avg=-74.4%  med=-66.2%  realized=$-301.00
========================================================
+========================================================================+
|  OPTIONS BOT SUMMARY                                                   |
+------------------------------------------------------------------------+
|  Mode                          after_hours                             |
|  Equity                        $133,450.83                             |
|  Signals this run              0                                       |
|  Orders submitted (session)    0                                       |
|  Orders filled today (ledger)  0                                       |
|  Entries placed this run       0                                       |
|  Open virtual lots             0                                       |
|  Broker option positions       0                                       |
|  Pending orders                0                                       |
+========================================================================+
+========================================================================+
|  BUCKET LEADERBOARD (reflected ex-S173,S174)                           |
+------------------------------------------------------------------------+
|  Reflected trades=273  buckets=27  win=30%                             |
|  Returns   avg=-5.1%  med=-40.0%  p10=-66.2%  p90=+81.8%               |
|  Realized  $+4,423.13                                                  |
|  Raw incl dropped  trades=807  real=$+2,827.58                         |
+------------------------------------------------------------------------+
|  BKT PROFILE               N  WIN  AVG%   MED%   BEST%  REAL$          |
+------------------------------------------------------------------------+
|  b51  c051_s169_w2_1005_  1 100% +263.6 +263.6 +263.6 $   +174         |
|  b91  c091_s200_w2_1005_  2 100% +222.0 +222.0 +247.0 $   +293         |
|  b31  c031_s166_w4_1120_  2 100% +145.5 +145.5 +175.8 $   +192         |
|  b28  c028_s166_w3_1045_ 22  77% +50.0 +80.0 +102.0 $   +590           |
|  b58  c058_s170_w2_1005_  1 100% +59.1 +59.1 +59.1 $    +25            |
|  b56  c056_s170_w1_0928_  1 100% +47.7 +47.7 +47.7 $    +21            |
|  b57  c057_s170_w1_0928_  1 100% +47.7 +47.7 +47.7 $    +21            |
|  b89  c089_s200_w1_0928_  9  56% +84.4 +30.9 +790.0 $    +45           |
|  ... 19 more bucket(s) with exits                                      |
+------------------------------------------------------------------------+
|  Low  b20  c020_s165_w3_1045_  1   0% -88.9 -88.9 -88.9 $     -8       |
+========================================================================+
+========================================================================+
|  OPEN OPTIONS (0)                                                      |
+------------------------------------------------------------------------+
|  No open option positions                                              |
+========================================================================+
Full detail: logs/options_trial/runs/2026-07-27.log
elapsed=1.0s reconcile=0.53s

=== 09:25:46 ET — after hours (exit summary) [elapsed=1.0s reconcile=0.54s] ===
=== options_morning_bot (PAPER) 2026-07-27T09:25:46.778135-04:00 ===

[Run context]
After hours (09:25 ET) — exit summary only.
Paper auth OK — equity $133163.91, account PA36KS87UPRS
  reconcile: layout changed controlled:100:c000_s173_w1_0928_1005_r1 -> controlled:248:c000_s163_w1_0928_1005_r1

[Exit summary]
========================================================
OPTIONS EXIT SUMMARY — 2026-07-27
========================================================
Account equity: $133,163.91
Open positions: flat

No closed trades today.
========================================================

[Portfolio snapshot]
========================================================
OPTIONS TRIAL STATS
========================================================
Account equity: $133,163.91
Active buckets: 248 of 248 profiles ($500 virtual each) — paper unlimited mode

P&L summary
  Reflected (ex-S173,S174): $+4,423.13 all-time  |  $+0.00 today
  Raw (incl dropped):     $+2,827.58 all-time  |  $+0.00 today
  Open (not sold yet): $+0.00 unrealized (virtual lots)
  Premium deployed:    $0.00 in open positions
  Combined P&L:        $+4,423.13 (reflected realized + open virtual)

Ledger (master)
  Total events:     5539
  Today entries:    0
  Today exits (reflected): 0
  All-time exits (reflected): 273  wins 30%
  Avg return/trade: -5.1%  median -40.0%

Open virtual lots (by bucket)
  (248 quiet bucket profile(s) — no trades yet)
  (no open lots across active profiles)

Alpaca option positions
  (none)

Per-bucket exit stats (all time)
  b0|orphan_reconcile     n= 22  avg=+22.4%  med=-57.5%  realized=$+6,310.91
  b104|c104_s164_w1_0928_1005_r4  n=  1  avg=-88.9%  med=-88.9%  realized=$-8.00
  b10|c010_s165_w3_1045_1120_r1  n=  8  avg=-37.2%  med=-18.9%  realized=$-205.00
  b132|c132_s164_w1_0928_1005_r5  n=  2  avg=-65.7%  med=-53.6%  realized=$-37.00
  b135|c135_s164_w4_1120_1135_r5  n=  1  avg=-50.0%  med=-50.0%  realized=$-4.00
  b20|c020_s164_w1_0928_1005_r1  n=  1  avg=-88.9%  med=-88.9%  realized=$-8.00
  b28|c028_s165_w1_0928_1005_r2  n= 17  avg=+49.5%  med=+80.0%  realized=$+448.00
  b28|c028_s173_w1_0928_1005_r2  n=  5  avg=+51.6%  med=+80.0%  realized=$+142.00
  b29|c029_s165_w2_1005_1045_r2  n=  9  avg=-23.3%  med=-50.0%  realized=$-221.00
  b29|c029_s173_w2_1005_1045_r2  n=  2  avg=-69.3%  med=-48.5%  realized=$-78.00
  b30|c030_s165_w3_1045_1120_r2  n=  9  avg=+38.8%  med=+0.0%  realized=$+260.00
  b30|c030_s173_w3_1045_1120_r2  n=  2  avg=-9.5%  med=+0.0%  realized=$-14.00
  b31|c031_s165_w4_1120_1135_r2  n=  2  avg=+145.5%  med=+175.8%  realized=$+192.00
  b48|c048_s164_w1_0928_1005_r2  n=  5  avg=-33.1%  med=-49.1%  realized=$-91.00
  b48|c048_s165_w1_0928_1005_r3  n= 16  avg=-35.9%  med=-49.1%  realized=$-344.00
  b49|c049_s164_w2_1005_1045_r2  n=  4  avg=-51.8%  med=-44.0%  realized=$-133.00
  b49|c049_s165_w2_1005_1045_r3  n= 15  avg=-49.3%  med=-49.1%  realized=$-458.00
  b50|c050_s164_w3_1045_1120_r2  n=  4  avg=-39.6%  med=-16.7%  realized=$-115.00
  b50|c050_s165_w3_1045_1120_r3  n=  9  avg=-23.6%  med=-23.1%  realized=$-142.00
  b51|c051_s165_w4_1120_1135_r3  n=  1  avg=+263.6%  med=+263.6%  realized=$+174.00
  b56|g056_lim_tp20_sl65  n=  1  avg=+47.7%  med=+47.7%  realized=$+20.52
  b57|g057_mid_tp20_sl65  n=  1  avg=+47.7%  med=+47.7%  realized=$+20.52
  b58|g058_eod_tp20_sl65  n=  1  avg=+59.1%  med=+59.1%  realized=$+25.41
  b68|c068_s165_w1_0928_1005_r4  n= 16  avg=-51.3%  med=-49.1%  realized=$-446.00
  b68|c068_s166_w1_0928_1005_r3  n=  4  avg=-52.7%  med=-49.1%  realized=$-116.00
  b69|c069_s165_w2_1005_1045_r4  n= 11  avg=+19.0%  med=-43.6%  realized=$-179.00
  b69|c069_s166_w2_1005_1045_r3  n=  4  avg=+10.1%  med=-40.0%  realized=$-87.00
  b70|c070_s165_w3_1045_1120_r4  n= 11  avg=-2.1%  med=-16.9%  realized=$-6.00
  b70|c070_s166_w3_1045_1120_r3  n=  4  avg=-42.5%  med=-27.0%  realized=$-124.00
  b70|g070_eod_tp30_sl20  n=  1  avg=+59.1%  med=+59.1%  realized=$+27.77
  b76|c076_s164_w1_0928_1005_r3  n=  1  avg=-50.0%  med=-50.0%  realized=$-2.00
  b88|c088_s165_w1_0928_1005_r5  n= 21  avg=-5.0%  med=-2.7%  realized=$-63.00
  b88|c088_s167_w1_0928_1005_r4  n=  4  avg=-12.7%  med=+30.9%  realized=$-28.00
  b89|c089_s165_w2_1005_1045_r5  n=  7  avg=+113.1%  med=+30.9%  realized=$+67.00
  b89|c089_s167_w2_1005_1045_r4  n=  2  avg=-16.2%  med=+30.9%  realized=$-22.00
  b8|c008_s165_w1_0928_1005_r1  n= 23  avg=-19.6%  med=-35.3%  realized=$-250.00
  b90|c090_s165_w3_1045_1120_r5  n= 13  avg=+7.7%  med=+0.0%  realized=$+47.00
  b90|c090_s167_w3_1045_1120_r4  n=  4  avg=-41.6%  med=-18.9%  realized=$-123.00
  b91|c091_s165_w4_1120_1135_r5  n=  2  avg=+222.0%  med=+247.0%  realized=$+293.00
  b9|c009_s165_w2_1005_1045_r1  n=  7  avg=-74.4%  med=-66.2%  realized=$-301.00
========================================================
+========================================================================+
|  OPTIONS BOT SUMMARY                                                   |
+------------------------------------------------------------------------+
|  Mode                          after_hours                             |
|  Equity                        $133,163.91                             |
|  Signals this run              0                                       |
|  Orders submitted (session)    0                                       |
|  Orders filled today (ledger)  0                                       |
|  Entries placed this run       0                                       |
|  Open virtual lots             0                                       |
|  Broker option positions       0                                       |
|  Pending orders                0                                       |
+========================================================================+
+========================================================================+
|  BUCKET LEADERBOARD (reflected ex-S173,S174)                           |
+------------------------------------------------------------------------+
|  Reflected trades=273  buckets=27  win=30%                             |
|  Returns   avg=-5.1%  med=-40.0%  p10=-66.2%  p90=+81.8%               |
|  Realized  $+4,423.13                                                  |
|  Raw incl dropped  trades=807  real=$+2,827.58                         |
+------------------------------------------------------------------------+
|  BKT PROFILE               N  WIN  AVG%   MED%   BEST%  REAL$          |
+------------------------------------------------------------------------+
|  b51  c051_s169_w2_1005_  1 100% +263.6 +263.6 +263.6 $   +174         |
|  b91  c091_s200_w2_1005_  2 100% +222.0 +222.0 +247.0 $   +293         |
|  b31  c031_s166_w4_1120_  2 100% +145.5 +145.5 +175.8 $   +192         |
|  b28  c028_s166_w3_1045_ 22  77% +50.0 +80.0 +102.0 $   +590           |
|  b58  c058_s170_w2_1005_  1 100% +59.1 +59.1 +59.1 $    +25            |
|  b56  c056_s170_w1_0928_  1 100% +47.7 +47.7 +47.7 $    +21            |
|  b57  c057_s170_w1_0928_  1 100% +47.7 +47.7 +47.7 $    +21            |
|  b89  c089_s200_w1_0928_  9  56% +84.4 +30.9 +790.0 $    +45           |
|  ... 19 more bucket(s) with exits                                      |
+------------------------------------------------------------------------+
|  Low  b20  c020_s165_w3_1045_  1   0% -88.9 -88.9 -88.9 $     -8       |
+========================================================================+
+========================================================================+
|  OPEN OPTIONS (0)                                                      |
+------------------------------------------------------------------------+
|  No open option positions                                              |
+========================================================================+
Full detail: logs/options_trial/runs/2026-07-27.log
elapsed=1.0s reconcile=0.54s

=== 10:01:07 ET — entry+manage (24 new) [elapsed=176.0s reconcile=0.09s cancel=0.03s manage=0.02s scan=164.59s entries=10.76s] ===
=== options_morning_bot (PAPER) 2026-07-27T10:01:07.866249-04:00 ===

[Run context]
Paper auth OK — equity $130683.91, account PA36KS87UPRS
  reconcile: layout changed controlled:100:c000_s173_w1_0928_1005_r1 -> controlled:248:c000_s163_w1_0928_1005_r1

[Setup]
Active buckets: 248 | Strategies: S165, S164, S168, S167, S166, S163, S169, S170, S171, S172, S175, S200, S201, S202, S203, S204, S205, S206, S207, S208, S209, S210, S211, S212, S213, S214, S215, S216, S217, S218, S219
Dropped (no new entries; ex-reflected P&L): S173, S174

[Scan + entries]
Scanning 903 symbols for [S165, S164, S168, S167, S166, S163, S169, S170, S171, S172, S175, S200, S201, S202, S203, S204, S205, S206, S207, S208, S209, S210, S211, S212, S213, S214, S215, S216, S217, S218, S219] …
Fetched daily bars for 903/903 symbols
Found 305 signal(s); top: ['S165:APA', 'S165:CF', 'S165:CVX', 'S165:COP', 'S165:DVN', 'S165:FANG', 'S165:DOW', 'S165:EOG']
Paper lab: $130200 broker equity -> 248 bucket(s) ($500 virtual each, unlimited paper)
  ENTRY [b16|c016_s165_w1_0928_1005_r1|S165] BUY 1x APA260731C00037500 (gap -4.2%) limit=0.21 (ask=0.22 off=-0.01) tp=+50% sl=-50% pending id=7f3a29df-4025-4720-b606-e5a28c5f9935
  ENTRY [b17|c017_s165_w1_0928_1005_r2|S165] BUY 1x APA260731C00037500 (gap -4.2%) limit=0.21 (ask=0.22 off=-0.01) tp=+50% sl=-50% pending id=9532e9f5-437e-4b1c-b93c-772943b0eab5
  [b8|c008_s164_w1_0928_1005_r1] S164 APA: no tradeable call
  [b9|c009_s164_w1_0928_1005_r2] S164 APA: no tradeable call
  [b8|c008_s164_w1_0928_1005_r1] S164 CF: no tradeable call
  [b9|c009_s164_w1_0928_1005_r2] S164 CF: no tradeable call
  [b8|c008_s164_w1_0928_1005_r1] S164 CVX: no tradeable call
  [b9|c009_s164_w1_0928_1005_r2] S164 CVX: no tradeable call
  [b8|c008_s164_w1_0928_1005_r1] S164 COP: no tradeable call
  [b9|c009_s164_w1_0928_1005_r2] S164 COP: no tradeable call
  [b8|c008_s164_w1_0928_1005_r1] S164 DVN: no tradeable call
  [b9|c009_s164_w1_0928_1005_r2] S164 DVN: no tradeable call
  [b8|c008_s164_w1_0928_1005_r1] S164 FANG: no tradeable call
  [b9|c009_s164_w1_0928_1005_r2] S164 FANG: no tradeable call
  [b8|c008_s164_w1_0928_1005_r1] S164 DOW: no tradeable call
  [b9|c009_s164_w1_0928_1005_r2] S164 DOW: no tradeable call
  [b8|c008_s164_w1_0928_1005_r1] S164 EOG: no tradeable call
  [b9|c009_s164_w1_0928_1005_r2] S164 EOG: no tradeable call
  [b8|c008_s164_w1_0928_1005_r1] S164 XOM: no tradeable call
  [b9|c009_s164_w1_0928_1005_r2] S164 XOM: no tradeable call
  [b8|c008_s164_w1_0928_1005_r1] S164 HAL: no tradeable call
  [b9|c009_s164_w1_0928_1005_r2] S164 HAL: no tradeable call
  [b8|c008_s164_w1_0928_1005_r1] S164 LYB: no tradeable call
  [b9|c009_s164_w1_0928_1005_r2] S164 LYB: no tradeable call
  [b8|c008_s164_w1_0928_1005_r1] S164 OXY: no tradeable call
  [b9|c009_s164_w1_0928_1005_r2] S164 OXY: no tradeable call
  [b8|c008_s164_w1_0928_1005_r1] S164 OKE: no tradeable call
  [b9|c009_s164_w1_0928_1005_r2] S164 OKE: no tradeable call
  [b8|c008_s164_w1_0928_1005_r1] S164 VLO: no tradeable call
  [b9|c009_s164_w1_0928_1005_r2] S164 VLO: no tradeable call
  [b8|c008_s164_w1_0928_1005_r1] S164 AR: no tradeable call
  [b9|c009_s164_w1_0928_1005_r2] S164 AR: no tradeable call
  [b8|c008_s164_w1_0928_1005_r1] S164 CHRD: no tradeable call
  [b9|c009_s164_w1_0928_1005_r2] S164 CHRD: no tradeable call
  [b8|c008_s164_w1_0928_1005_r1] S164 DINO: no tradeable call
  [b9|c009_s164_w1_0928_1005_r2] S164 DINO: no tradeable call
  [b8|c008_s164_w1_0928_1005_r1] S164 MUR: no tradeable call
  [b9|c009_s164_w1_0928_1005_r2] S164 MUR: no tradeable call
  [b8|c008_s164_w1_0928_1005_r1] S164 PBF: no tradeable call
  [b9|c009_s164_w1_0928_1005_r2] S164 PBF: no tradeable call
  [b8|c008_s164_w1_0928_1005_r1] S164 PR: no tradeable call
  [b9|c009_s164_w1_0928_1005_r2] S164 PR: no tradeable call
  ENTRY [b40|c040_s168_w1_0928_1005_r1|S168] BUY 1x APA260731C00037000 (gap -4.2%) limit=0.33 (ask=0.34 off=-0.01) tp=+50% sl=-50% pending id=3a0c47fb-f151-4d90-adee-f744d5515c97
  ENTRY [b41|c041_s168_w1_0928_1005_r2|S168] BUY 1x APA260731C00037000 (gap -4.2%) limit=0.33 (ask=0.34 off=-0.01) tp=+50% sl=-50% pending id=99b631f2-35d2-4396-b751-012d90a38efa
  ENTRY [b32|c032_s167_w1_0928_1005_r1|S167] BUY 1x APA260731C00037500 (gap -4.2%) limit=0.21 (ask=0.22 off=-0.01) tp=+50% sl=-50% pending id=f3686a2f-83c6-4e55-b07b-6f2e9454c058
  ENTRY [b33|c033_s167_w1_0928_1005_r2|S167] BUY 1x APA260731C00037500 (gap -4.2%) limit=0.21 (ask=0.22 off=-0.01) tp=+50% sl=-50% pending id=3b6273a7-59f2-43f1-ab5a-1561d21bf7a5
  ENTRY [b24|c024_s166_w1_0928_1005_r1|S166] BUY 1x APA260731C00037000 (gap -4.2%) limit=0.33 (ask=0.34 off=-0.01) tp=+50% sl=-50% pending id=b90ed9fd-96f0-48f8-a206-d3f0dbc0ec77
  ENTRY [b25|c025_s166_w1_0928_1005_r2|S166] BUY 1x APA260731C00037000 (gap -4.2%) limit=0.33 (ask=0.34 off=-0.01) tp=+50% sl=-50% pending id=bfcdf418-c1a3-49ec-aab1-85e4de8d4a1b
  ENTRY [b0|c000_s163_w1_0928_1005_r1|S163] BUY 1x APA260731C00037000 (gap -4.2%) limit=0.33 (ask=0.34 off=-0.01) tp=+50% sl=-50% pending id=ad1c0ef8-a24c-41a3-9891-877963c2b788
  ENTRY [b1|c001_s163_w1_0928_1005_r2|S163] BUY 1x APA260731C00037000 (gap -4.2%) limit=0.33 (ask=0.34 off=-0.01) tp=+50% sl=-50% pending id=2e603c38-4487-4e75-96d9-38dae62e62ff
  ENTRY [b112|c112_s203_w1_0928_1005_r1|S203] BUY 1x CCL260731P00027000 (gap +3.3% red close) limit=0.74 (ask=0.75 off=-0.01) tp=+50% sl=-50% pending id=c86ad456-bb69-45c9-abaf-bb80a72b8126
  ENTRY [b113|c113_s203_w1_0928_1005_r2|S203] BUY 1x CCL260731P00027000 (gap +3.3% red close) limit=0.74 (ask=0.75 off=-0.01) tp=+50% sl=-50% pending id=523c939c-e7d9-49d7-83ce-ae0916bf3ae5
  ENTRY [b144|c144_s207_w1_0928_1005_r1|S207] BUY 1x CVX260731C00205000 (gap -3.1% MA50 dist=4.8%) limit=0.50 (ask=0.51 off=-0.01) tp=+50% sl=-50% pending id=aab7feb9-4d4b-401b-8925-bd6556c777ab
  ENTRY [b145|c145_s207_w1_0928_1005_r2|S207] BUY 1x CVX260731C00205000 (gap -3.1% MA50 dist=4.8%) limit=0.50 (ask=0.51 off=-0.01) tp=+50% sl=-50% pending id=d475df6c-f5e6-4934-b283-ae4f2f5a1d22
  [b160|c160_s209_w1_0928_1005_r1] S209 VLO: no tradeable call
  [b161|c161_s209_w1_0928_1005_r2] S209 VLO: no tradeable call
  [b160|c160_s209_w1_0928_1005_r1] S209 DINO: no tradeable call
  [b161|c161_s209_w1_0928_1005_r2] S209 DINO: no tradeable call
  [b168|c168_s210_w1_0928_1005_r1] S210 ED: no tradeable call
  [b169|c169_s210_w1_0928_1005_r2] S210 ED: no tradeable call
  [b168|c168_s210_w1_0928_1005_r1] S210 COST: no tradeable call
  [b169|c169_s210_w1_0928_1005_r2] S210 COST: no tradeable call
  [b168|c168_s210_w1_0928_1005_r1] S210 DLR: no tradeable call
  [b169|c169_s210_w1_0928_1005_r2] S210 DLR: no tradeable call
  [b168|c168_s210_w1_0928_1005_r1] S210 DUK: no tradeable call
  [b169|c169_s210_w1_0928_1005_r2] S210 DUK: no tradeable call
  [b168|c168_s210_w1_0928_1005_r1] S210 DD: no tradeable call
  [b169|c169_s210_w1_0928_1005_r2] S210 DD: no tradeable call
  ENTRY [b168|c168_s210_w1_0928_1005_r1|S210] BUY 1x EQT260731C00053000 (MA8 51.34 crossed above MA21) limit=0.61 (ask=0.62 off=-0.01) tp=+50% sl=-50% pending id=c9a00779-cd2e-44c1-8001-c728c158f722
  ENTRY [b169|c169_s210_w1_0928_1005_r2|S210] BUY 1x EQT260731C00053000 (MA8 51.34 crossed above MA21) limit=0.61 (ask=0.62 off=-0.01) tp=+50% sl=-50% pending id=7f720f37-08e5-47d0-8475-29bc61defe1a
  [b176|c176_s211_w1_0928_1005_r1] S211 EOG: no tradeable call
  [b177|c177_s211_w1_0928_1005_r2] S211 EOG: no tradeable call
  [b176|c176_s211_w1_0928_1005_r1] S211 FIS: no tradeable call
  [b177|c177_s211_w1_0928_1005_r2] S211 FIS: no tradeable call
  [b176|c176_s211_w1_0928_1005_r1] S211 BJ: no tradeable call
  [b177|c177_s211_w1_0928_1005_r2] S211 BJ: no tradeable call
  [b176|c176_s211_w1_0928_1005_r1] S211 GGG: no tradeable call
  [b177|c177_s211_w1_0928_1005_r2] S211 GGG: no tradeable call
  [b176|c176_s211_w1_0928_1005_r1] S211 NXST: no tradeable call
  [b177|c177_s211_w1_0928_1005_r2] S211 NXST: no tradeable call
  [b176|c176_s211_w1_0928_1005_r1] S211 PPC: no tradeable call
  [b177|c177_s211_w1_0928_1005_r2] S211 PPC: no tradeable call
  [b184|c184_s212_w1_0928_1005_r1] S212 ADBE: no tradeable call
  [b185|c185_s212_w1_0928_1005_r2] S212 ADBE: no tradeable call
  [b184|c184_s212_w1_0928_1005_r1] S212 AES: no tradeable call
  [b185|c185_s212_w1_0928_1005_r2] S212 AES: no tradeable call
  [b184|c184_s212_w1_0928_1005_r1] S212 ARE: no tradeable call
  [b185|c185_s212_w1_0928_1005_r2] S212 ARE: no tradeable call
  [b184|c184_s212_w1_0928_1005_r1] S212 LNT: no tradeable call
  [b185|c185_s212_w1_0928_1005_r2] S212 LNT: no tradeable call
  [b184|c184_s212_w1_0928_1005_r1] S212 AVB: no tradeable call
  [b185|c185_s212_w1_0928_1005_r2] S212 AVB: no tradeable call
  [b184|c184_s212_w1_0928_1005_r1] S212 AVY: no tradeable call
  [b185|c185_s212_w1_0928_1005_r2] S212 AVY: no tradeable call
  [b184|c184_s212_w1_0928_1005_r1] S212 BKR: no tradeable call
  [b185|c185_s212_w1_0928_1005_r2] S212 BKR: no tradeable call
  [b184|c184_s212_w1_0928_1005_r1] S212 BIIB: no tradeable call
  [b185|c185_s212_w1_0928_1005_r2] S212 BIIB: no tradeable call
  ENTRY [b184|c184_s212_w1_0928_1005_r1|S212] BUY 1x CMG260731C00035000 (low=32.51 MA50=32.56 touch+green) limit=0.69 (ask=0.70 off=-0.01) tp=+50% sl=-50% pending id=d6499747-1e8f-431e-9326-c0c8804033da
  ENTRY [b185|c185_s212_w1_0928_1005_r2|S212] BUY 1x CMG260731C00035000 (low=32.51 MA50=32.56 touch+green) limit=0.69 (ask=0.70 off=-0.01) tp=+50% sl=-50% pending id=4f83e40e-5216-42e1-9de5-293fb5e87be1
  [b216|c216_s216_w1_0928_1005_r1] S216 ALGN: no tradeable call
  [b217|c217_s216_w1_0928_1005_r2] S216 ALGN: no tradeable call
  ENTRY [b216|c216_s216_w1_0928_1005_r1|S216] BUY 1x GOOGL260729C00340000 (RSI crossed 30: 26.5 -> 31.8) limit=0.74 (ask=0.75 off=-0.01) tp=+50% sl=-50% pending id=ae94bbeb-5744-4c76-abd9-1055c6f464ad
  ENTRY [b217|c217_s216_w1_0928_1005_r2|S216] BUY 1x GOOGL260729C00340000 (RSI crossed 30: 26.5 -> 31.8) limit=0.74 (ask=0.75 off=-0.01) tp=+50% sl=-50% pending id=5270f08f-ddc8-4728-b954-280174d04e91
  [b224|c224_s217_w1_0928_1005_r1] S217 ALB: no tradeable call
  [b225|c225_s217_w1_0928_1005_r2] S217 ALB: no tradeable call
  [b224|c224_s217_w1_0928_1005_r1] S217 APP: no tradeable call
  [b225|c225_s217_w1_0928_1005_r2] S217 APP: no tradeable call
  [b224|c224_s217_w1_0928_1005_r1] S217 AXON: no tradeable call
  [b225|c225_s217_w1_0928_1005_r2] S217 AXON: no tradeable call
  [b224|c224_s217_w1_0928_1005_r1] S217 GNRC: no tradeable call
  [b225|c225_s217_w1_0928_1005_r2] S217 GNRC: no tradeable call
  ENTRY [b224|c224_s217_w1_0928_1005_r1|S217] BUY 1x IBM260731C00235000 (RSI=17.5 green) limit=0.55 (ask=0.56 off=-0.01) tp=+50% sl=-50% pending id=2af0228f-2f68-42b3-ab08-0b8e4833550f
  ENTRY [b225|c225_s217_w1_0928_1005_r2|S217] BUY 1x IBM260731C00235000 (RSI=17.5 green) limit=0.55 (ask=0.56 off=-0.01) tp=+50% sl=-50% pending id=13852f4b-541a-476b-b1b5-00adb1a1605a
  [b232|c232_s218_w1_0928_1005_r1] S218 ALGN: no tradeable call
  [b233|c233_s218_w1_0928_1005_r2] S218 ALGN: no tradeable call
  [b232|c232_s218_w1_0928_1005_r1] S218 EQR: no tradeable call
  [b233|c233_s218_w1_0928_1005_r2] S218 EQR: no tradeable call
  [b232|c232_s218_w1_0928_1005_r1] S218 ESS: no tradeable call
  [b233|c233_s218_w1_0928_1005_r2] S218 ESS: no tradeable call
  [b232|c232_s218_w1_0928_1005_r1] S218 HBAN: no tradeable call
  [b233|c233_s218_w1_0928_1005_r2] S218 HBAN: no tradeable call
  [b232|c232_s218_w1_0928_1005_r1] S218 PNW: no tradeable call
  [b233|c233_s218_w1_0928_1005_r2] S218 PNW: no tradeable call
  [b232|c232_s218_w1_0928_1005_r1] S218 ROL: no tradeable call
  [b233|c233_s218_w1_0928_1005_r2] S218 ROL: no tradeable call
  ENTRY [b232|c232_s218_w1_0928_1005_r1|S218] BUY 1x UBER260731C00069000 (low=65.41 BB_lower=67.08 touch+green) limit=0.47 (ask=0.48 off=-0.01) tp=+50% sl=-50% pending id=4b1f485e-9b9b-46a6-ae9c-aebc0b4ffa1b
  ENTRY [b233|c233_s218_w1_0928_1005_r2|S218] BUY 1x UBER260731C00069000 (low=65.41 BB_lower=67.08 touch+green) limit=0.47 (ask=0.48 off=-0.01) tp=+50% sl=-50% pending id=704d0353-7d8f-443c-95d6-afe30d83da41
  Skipped: 104 no tradeable call, 482 pending order
Placed 24 new entry order(s).
  reconcile: layout changed controlled:100:c000_s173_w1_0928_1005_r1 -> controlled:248:c000_s163_w1_0928_1005_r1
  reconcile: entry fill b232|S218 UBER x1 @ 0.46
  reconcile: entry fill b225|S217 IBM x1 @ 0.54
  reconcile: entry fill b224|S217 IBM x1 @ 0.54
  reconcile: entry fill b217|S216 GOOGL x1 @ 0.72
  reconcile: entry fill b216|S216 GOOGL x1 @ 0.72
  reconcile: entry fill b169|S210 EQT x1 @ 0.61
  reconcile: entry fill b168|S210 EQT x1 @ 0.61
  reconcile: entry fill b113|S203 CCL x1 @ 0.73
  reconcile: entry fill b112|S203 CCL x1 @ 0.73
  reconcile: orphan lot b0 UBER260731C00069000 x1 @ 0.46 (legacy/unattributed)

[Portfolio snapshot]
========================================================
OPTIONS TRIAL STATS
========================================================
Account equity: $130,683.91
Active buckets: 248 of 248 profiles ($500 virtual each) — paper unlimited mode

P&L summary
  Reflected (ex-S173,S174): $+4,423.13 all-time  |  $+0.00 today
  Raw (incl dropped):     $+2,827.58 all-time  |  $+0.00 today
  Open (not sold yet): $-54.00 unrealized (virtual lots)
  Premium deployed:    $612.00 in open positions
  Combined P&L:        $+4,369.13 (reflected realized + open virtual)

Ledger (master)
  Total events:     5548
  Today entries:    9
  Today exits (reflected): 0
  All-time exits (reflected): 273  wins 30%
  Avg return/trade: -5.1%  median -40.0%

Open virtual lots (by bucket)
  b0 c000_s163_w1_0928_1005_r1  prem=$    46  real=$ +0.00  open=$ +0.00  lots=1  [ORPHAN:UBERx1]
       buy: ask-0.01  sell: bid-0.01  tp=+50% sl=-50%
  b112 c112_s203_w1_0928_1005_r1  prem=$    73  real=$ +0.00  open=$-11.00  lots=1  [S203:CCLx1]
       buy: ask-0.01  sell: bid-0.01  tp=+50% sl=-50%
  b113 c113_s203_w1_0928_1005_r2  prem=$    73  real=$ +0.00  open=$-11.00  lots=1  [S203:CCLx1]
       buy: ask-0.01  sell: bid-0.01  tp=+50% sl=-50%
  b168 c168_s210_w1_0928_1005_r1  prem=$    61  real=$ +0.00  open=$ -4.00  lots=1  [S210:EQTx1]
       buy: ask-0.01  sell: bid-0.01  tp=+50% sl=-50%
  b169 c169_s210_w1_0928_1005_r2  prem=$    61  real=$ +0.00  open=$ -4.00  lots=1  [S210:EQTx1]
       buy: ask-0.01  sell: bid-0.01  tp=+50% sl=-50%
  b216 c216_s216_w1_0928_1005_r1  prem=$    72  real=$ +0.00  open=$ -4.00  lots=1  [S216:GOOGLx1]
       buy: ask-0.01  sell: bid-0.01  tp=+50% sl=-50%
  b217 c217_s216_w1_0928_1005_r2  prem=$    72  real=$ +0.00  open=$ -4.00  lots=1  [S216:GOOGLx1]
       buy: ask-0.01  sell: bid-0.01  tp=+50% sl=-50%
  b224 c224_s217_w1_0928_1005_r1  prem=$    54  real=$ +0.00  open=$ -3.00  lots=1  [S217:IBMx1]
       buy: ask-0.01  sell: bid-0.01  tp=+50% sl=-50%
  b225 c225_s217_w1_0928_1005_r2  prem=$    54  real=$ +0.00  open=$ -3.00  lots=1  [S217:IBMx1]
       buy: ask-0.01  sell: bid-0.01  tp=+50% sl=-50%
  b232 c232_s218_w1_0928_1005_r1  prem=$    46  real=$ +0.00  open=$ -5.00  lots=1  [S218:UBERx1]
       buy: ask-0.01  sell: bid-0.01  tp=+50% sl=-50%
  (238 quiet bucket profile(s) — no trades yet)

Pending orders: 15
  b16 S165 APA limit=0.21
  b17 S165 APA limit=0.21
  b40 S168 APA limit=0.33
  b41 S168 APA limit=0.33
  b32 S167 APA limit=0.21

Alpaca option positions
  CCL260731P00027000  qty=2  cost=$146.00  return=-15.1%  open P&L=$-22.00
  EQT260731C00053000  qty=2  cost=$122.00  return=-6.6%  open P&L=$-8.00
  GOOGL260729C00340000  qty=2  cost=$144.00  return=-5.6%  open P&L=$-8.00
  IBM260731C00235000  qty=2  cost=$108.00  return=-5.6%  open P&L=$-6.00
  UBER260731C00069000  qty=2  cost=$92.00  return=-10.9%  open P&L=$-10.00

Per-bucket exit stats (all time)
  b0|orphan_reconcile     n= 22  avg=+22.4%  med=-57.5%  realized=$+6,310.91
  b104|c104_s164_w1_0928_1005_r4  n=  1  avg=-88.9%  med=-88.9%  realized=$-8.00
  b10|c010_s165_w3_1045_1120_r1  n=  8  avg=-37.2%  med=-18.9%  realized=$-205.00
  b132|c132_s164_w1_0928_1005_r5  n=  2  avg=-65.7%  med=-53.6%  realized=$-37.00
  b135|c135_s164_w4_1120_1135_r5  n=  1  avg=-50.0%  med=-50.0%  realized=$-4.00
  b20|c020_s164_w1_0928_1005_r1  n=  1  avg=-88.9%  med=-88.9%  realized=$-8.00
  b28|c028_s165_w1_0928_1005_r2  n= 17  avg=+49.5%  med=+80.0%  realized=$+448.00
  b28|c028_s173_w1_0928_1005_r2  n=  5  avg=+51.6%  med=+80.0%  realized=$+142.00
  b29|c029_s165_w2_1005_1045_r2  n=  9  avg=-23.3%  med=-50.0%  realized=$-221.00
  b29|c029_s173_w2_1005_1045_r2  n=  2  avg=-69.3%  med=-48.5%  realized=$-78.00
  b30|c030_s165_w3_1045_1120_r2  n=  9  avg=+38.8%  med=+0.0%  realized=$+260.00
  b30|c030_s173_w3_1045_1120_r2  n=  2  avg=-9.5%  med=+0.0%  realized=$-14.00
  b31|c031_s165_w4_1120_1135_r2  n=  2  avg=+145.5%  med=+175.8%  realized=$+192.00
  b48|c048_s164_w1_0928_1005_r2  n=  5  avg=-33.1%  med=-49.1%  realized=$-91.00
  b48|c048_s165_w1_0928_1005_r3  n= 16  avg=-35.9%  med=-49.1%  realized=$-344.00
  b49|c049_s164_w2_1005_1045_r2  n=  4  avg=-51.8%  med=-44.0%  realized=$-133.00
  b49|c049_s165_w2_1005_1045_r3  n= 15  avg=-49.3%  med=-49.1%  realized=$-458.00
  b50|c050_s164_w3_1045_1120_r2  n=  4  avg=-39.6%  med=-16.7%  realized=$-115.00
  b50|c050_s165_w3_1045_1120_r3  n=  9  avg=-23.6%  med=-23.1%  realized=$-142.00
  b51|c051_s165_w4_1120_1135_r3  n=  1  avg=+263.6%  med=+263.6%  realized=$+174.00
  b56|g056_lim_tp20_sl65  n=  1  avg=+47.7%  med=+47.7%  realized=$+20.52
  b57|g057_mid_tp20_sl65  n=  1  avg=+47.7%  med=+47.7%  realized=$+20.52
  b58|g058_eod_tp20_sl65  n=  1  avg=+59.1%  med=+59.1%  realized=$+25.41
  b68|c068_s165_w1_0928_1005_r4  n= 16  avg=-51.3%  med=-49.1%  realized=$-446.00
  b68|c068_s166_w1_0928_1005_r3  n=  4  avg=-52.7%  med=-49.1%  realized=$-116.00
  b69|c069_s165_w2_1005_1045_r4  n= 11  avg=+19.0%  med=-43.6%  realized=$-179.00
  b69|c069_s166_w2_1005_1045_r3  n=  4  avg=+10.1%  med=-40.0%  realized=$-87.00
  b70|c070_s165_w3_1045_1120_r4  n= 11  avg=-2.1%  med=-16.9%  realized=$-6.00
  b70|c070_s166_w3_1045_1120_r3  n=  4  avg=-42.5%  med=-27.0%  realized=$-124.00
  b70|g070_eod_tp30_sl20  n=  1  avg=+59.1%  med=+59.1%  realized=$+27.77
  b76|c076_s164_w1_0928_1005_r3  n=  1  avg=-50.0%  med=-50.0%  realized=$-2.00
  b88|c088_s165_w1_0928_1005_r5  n= 21  avg=-5.0%  med=-2.7%  realized=$-63.00
  b88|c088_s167_w1_0928_1005_r4  n=  4  avg=-12.7%  med=+30.9%  realized=$-28.00
  b89|c089_s165_w2_1005_1045_r5  n=  7  avg=+113.1%  med=+30.9%  realized=$+67.00
  b89|c089_s167_w2_1005_1045_r4  n=  2  avg=-16.2%  med=+30.9%  realized=$-22.00
  b8|c008_s165_w1_0928_1005_r1  n= 23  avg=-19.6%  med=-35.3%  realized=$-250.00
  b90|c090_s165_w3_1045_1120_r5  n= 13  avg=+7.7%  med=+0.0%  realized=$+47.00
  b90|c090_s167_w3_1045_1120_r4  n=  4  avg=-41.6%  med=-18.9%  realized=$-123.00
  b91|c091_s165_w4_1120_1135_r5  n=  2  avg=+222.0%  med=+247.0%  realized=$+293.00
  b9|c009_s165_w2_1005_1045_r1  n=  7  avg=-74.4%  med=-66.2%  realized=$-301.00
========================================================
+========================================================================+
|  OPTIONS BOT SUMMARY                                                   |
+------------------------------------------------------------------------+
|  Mode                          entry+manage                            |
|  Equity                        $130,683.91                             |
|  Signals this run              305                                     |
|  Orders submitted (session)    24                                      |
|  Orders filled today (ledger)  9                                       |
|  Entries placed this run       24                                      |
|  Open virtual lots             10                                      |
|  Broker option positions       5                                       |
|  Pending orders                15                                      |
+========================================================================+
+========================================================================+
|  BUCKET LEADERBOARD (reflected ex-S173,S174)                           |
+------------------------------------------------------------------------+
|  Reflected trades=273  buckets=27  win=30%                             |
|  Returns   avg=-5.1%  med=-40.0%  p10=-66.2%  p90=+81.8%               |
|  Realized  $+4,423.13                                                  |
|  Raw incl dropped  trades=807  real=$+2,827.58                         |
+------------------------------------------------------------------------+
|  BKT PROFILE               N  WIN  AVG%   MED%   BEST%  REAL$          |
+------------------------------------------------------------------------+
|  b51  c051_s169_w2_1005_  1 100% +263.6 +263.6 +263.6 $   +174         |
|  b91  c091_s200_w2_1005_  2 100% +222.0 +222.0 +247.0 $   +293         |
|  b31  c031_s166_w4_1120_  2 100% +145.5 +145.5 +175.8 $   +192         |
|  b28  c028_s166_w3_1045_ 22  77% +50.0 +80.0 +102.0 $   +590           |
|  b58  c058_s170_w2_1005_  1 100% +59.1 +59.1 +59.1 $    +25            |
|  b56  c056_s170_w1_0928_  1 100% +47.7 +47.7 +47.7 $    +21            |
|  b57  c057_s170_w1_0928_  1 100% +47.7 +47.7 +47.7 $    +21            |
|  b89  c089_s200_w1_0928_  9  56% +84.4 +30.9 +790.0 $    +45           |
|  ... 19 more bucket(s) with exits                                      |
+------------------------------------------------------------------------+
|  Low  b20  c020_s165_w3_1045_  1   0% -88.9 -88.9 -88.9 $     -8       |
+========================================================================+
+========================================================================+
|  PENDING ORDERS (15)                                                   |
+------------------------------------------------------------------------+
|  Top groups                    S165:APA(2), S168:APA(2), S167:APA(2)   |
+------------------------------------------------------------------------+
|  b16  S165 APA      limit=0.21                                         |
|  b17  S165 APA      limit=0.21                                         |
|  b40  S168 APA      limit=0.33                                         |
|  b41  S168 APA      limit=0.33                                         |
|  b32  S167 APA      limit=0.21                                         |
|  ... 10 more pending order(s)                                          |
+========================================================================+
+========================================================================+
|  OPEN OPTIONS (5)                                                      |
+------------------------------------------------------------------------+
|  SYMBOL                      QTY    RET%        OPEN P&L               |
|------------------------------------------------------------------------|
|  CCL260731P00027000            2    -15.1%   $    -22.00               |
|  UBER260731C00069000           2    -10.9%   $    -10.00               |
|  EQT260731C00053000            2     -6.6%   $     -8.00               |
|  GOOGL260729C00340000          2     -5.6%   $     -8.00               |
|  IBM260731C00235000            2     -5.6%   $     -6.00               |
+========================================================================+
Full detail: logs/options_trial/runs/2026-07-27.log
elapsed=176.0s reconcile=0.09s cancel=0.03s manage=0.02s scan=164.59s entries=10.76s

=== 10:05:43 ET — entry+manage (24 new) [elapsed=194.2s reconcile=0.2s cancel=0.03s manage=0.01s scan=180.89s entries=12.62s] ===
=== options_morning_bot (PAPER) 2026-07-27T10:05:43.996506-04:00 ===

[Run context]
Paper auth OK — equity $130423.51, account PA36KS87UPRS
  reconcile: layout changed controlled:100:c000_s173_w1_0928_1005_r1 -> controlled:248:c000_s163_w1_0928_1005_r1
  reconcile: reattributed orphan -> b233|S218 UBER x1 @ 0.46
  reconcile: entry fill b233|S218 UBER x1 @ 0.46
  reconcile: removed 10 stale lot(s)

[Setup]
Active buckets: 248 | Strategies: S165, S164, S168, S167, S166, S163, S169, S170, S171, S172, S175, S200, S201, S202, S203, S204, S205, S206, S207, S208, S209, S210, S211, S212, S213, S214, S215, S216, S217, S218, S219
Dropped (no new entries; ex-reflected P&L): S173, S174

[Scan + entries]
Scanning 903 symbols for [S165, S164, S168, S167, S166, S163, S169, S170, S171, S172, S175, S200, S201, S202, S203, S204, S205, S206, S207, S208, S209, S210, S211, S212, S213, S214, S215, S216, S217, S218, S219] …
Fetched daily bars for 903/903 symbols
Found 311 signal(s); top: ['S165:APA', 'S165:CF', 'S165:CVX', 'S165:COP', 'S165:DVN', 'S165:FANG', 'S165:DOW', 'S165:EOG']
Paper lab: $131078 broker equity -> 248 bucket(s) ($500 virtual each, unlimited paper)
  ENTRY [b18|c018_s165_w2_1005_1045_r1|S165] BUY 1x APA260731C00036000 (gap -4.2%) limit=0.69 (ask=0.70 off=-0.01) tp=+50% sl=-50% pending id=8114ebe2-975c-42ba-a5b9-6ea3bf6020c5
  ENTRY [b19|c019_s165_w2_1005_1045_r2|S165] BUY 1x APA260731C00036000 (gap -4.2%) limit=0.69 (ask=0.70 off=-0.01) tp=+50% sl=-50% pending id=d5368dcc-e23b-4806-9077-72aa5b38a5d1
  [b8|c008_s164_w1_0928_1005_r1] S164 APA: no tradeable call
  [b9|c009_s164_w1_0928_1005_r2] S164 APA: no tradeable call
  [b10|c010_s164_w2_1005_1045_r1] S164 APA: no tradeable call
  [b11|c011_s164_w2_1005_1045_r2] S164 APA: no tradeable call
  [b8|c008_s164_w1_0928_1005_r1] S164 CF: no tradeable call
  [b9|c009_s164_w1_0928_1005_r2] S164 CF: no tradeable call
  [b10|c010_s164_w2_1005_1045_r1] S164 CF: no tradeable call
  [b11|c011_s164_w2_1005_1045_r2] S164 CF: no tradeable call
  [b8|c008_s164_w1_0928_1005_r1] S164 CVX: no tradeable call
  [b9|c009_s164_w1_0928_1005_r2] S164 CVX: no tradeable call
  [b10|c010_s164_w2_1005_1045_r1] S164 CVX: no tradeable call
  [b11|c011_s164_w2_1005_1045_r2] S164 CVX: no tradeable call
  [b8|c008_s164_w1_0928_1005_r1] S164 COP: no tradeable call
  [b9|c009_s164_w1_0928_1005_r2] S164 COP: no tradeable call
  [b10|c010_s164_w2_1005_1045_r1] S164 COP: no tradeable call
  [b11|c011_s164_w2_1005_1045_r2] S164 COP: no tradeable call
  [b8|c008_s164_w1_0928_1005_r1] S164 DVN: no tradeable call
  [b9|c009_s164_w1_0928_1005_r2] S164 DVN: no tradeable call
  [b10|c010_s164_w2_1005_1045_r1] S164 DVN: no tradeable call
  [b11|c011_s164_w2_1005_1045_r2] S164 DVN: no tradeable call
  [b8|c008_s164_w1_0928_1005_r1] S164 FANG: no tradeable call
  [b9|c009_s164_w1_0928_1005_r2] S164 FANG: no tradeable call
  [b10|c010_s164_w2_1005_1045_r1] S164 FANG: no tradeable call
  [b11|c011_s164_w2_1005_1045_r2] S164 FANG: no tradeable call
  [b8|c008_s164_w1_0928_1005_r1] S164 DOW: no tradeable call
  [b9|c009_s164_w1_0928_1005_r2] S164 DOW: no tradeable call
  [b10|c010_s164_w2_1005_1045_r1] S164 DOW: no tradeable call
  [b11|c011_s164_w2_1005_1045_r2] S164 DOW: no tradeable call
  [b8|c008_s164_w1_0928_1005_r1] S164 EOG: no tradeable call
  [b9|c009_s164_w1_0928_1005_r2] S164 EOG: no tradeable call
  [b10|c010_s164_w2_1005_1045_r1] S164 EOG: no tradeable call
  [b11|c011_s164_w2_1005_1045_r2] S164 EOG: no tradeable call
  [b8|c008_s164_w1_0928_1005_r1] S164 XOM: no tradeable call
  [b9|c009_s164_w1_0928_1005_r2] S164 XOM: no tradeable call
  [b10|c010_s164_w2_1005_1045_r1] S164 XOM: no tradeable call
  [b11|c011_s164_w2_1005_1045_r2] S164 XOM: no tradeable call
  [b8|c008_s164_w1_0928_1005_r1] S164 HAL: no tradeable call
  [b9|c009_s164_w1_0928_1005_r2] S164 HAL: no tradeable call
  [b10|c010_s164_w2_1005_1045_r1] S164 HAL: no tradeable call
  [b11|c011_s164_w2_1005_1045_r2] S164 HAL: no tradeable call
  [b8|c008_s164_w1_0928_1005_r1] S164 LYB: no tradeable call
  [b9|c009_s164_w1_0928_1005_r2] S164 LYB: no tradeable call
  [b10|c010_s164_w2_1005_1045_r1] S164 LYB: no tradeable call
  [b11|c011_s164_w2_1005_1045_r2] S164 LYB: no tradeable call
  [b8|c008_s164_w1_0928_1005_r1] S164 OXY: no tradeable call
  [b9|c009_s164_w1_0928_1005_r2] S164 OXY: no tradeable call
  [b10|c010_s164_w2_1005_1045_r1] S164 OXY: no tradeable call
  [b11|c011_s164_w2_1005_1045_r2] S164 OXY: no tradeable call
  [b8|c008_s164_w1_0928_1005_r1] S164 OKE: no tradeable call
  [b9|c009_s164_w1_0928_1005_r2] S164 OKE: no tradeable call
  [b10|c010_s164_w2_1005_1045_r1] S164 OKE: no tradeable call
  [b11|c011_s164_w2_1005_1045_r2] S164 OKE: no tradeable call
  [b8|c008_s164_w1_0928_1005_r1] S164 VLO: no tradeable call
  [b9|c009_s164_w1_0928_1005_r2] S164 VLO: no tradeable call
  [b10|c010_s164_w2_1005_1045_r1] S164 VLO: no tradeable call
  [b11|c011_s164_w2_1005_1045_r2] S164 VLO: no tradeable call
  [b8|c008_s164_w1_0928_1005_r1] S164 AR: no tradeable call
  [b9|c009_s164_w1_0928_1005_r2] S164 AR: no tradeable call
  [b10|c010_s164_w2_1005_1045_r1] S164 AR: no tradeable call
  [b11|c011_s164_w2_1005_1045_r2] S164 AR: no tradeable call
  [b8|c008_s164_w1_0928_1005_r1] S164 CHRD: no tradeable call
  [b9|c009_s164_w1_0928_1005_r2] S164 CHRD: no tradeable call
  [b10|c010_s164_w2_1005_1045_r1] S164 CHRD: no tradeable call
  [b11|c011_s164_w2_1005_1045_r2] S164 CHRD: no tradeable call
  [b8|c008_s164_w1_0928_1005_r1] S164 DINO: no tradeable call
  [b9|c009_s164_w1_0928_1005_r2] S164 DINO: no tradeable call
  [b10|c010_s164_w2_1005_1045_r1] S164 DINO: no tradeable call
  [b11|c011_s164_w2_1005_1045_r2] S164 DINO: no tradeable call
  [b8|c008_s164_w1_0928_1005_r1] S164 MUR: no tradeable call
  [b9|c009_s164_w1_0928_1005_r2] S164 MUR: no tradeable call
  [b10|c010_s164_w2_1005_1045_r1] S164 MUR: no tradeable call
  [b11|c011_s164_w2_1005_1045_r2] S164 MUR: no tradeable call
  [b8|c008_s164_w1_0928_1005_r1] S164 PBF: no tradeable call
  [b9|c009_s164_w1_0928_1005_r2] S164 PBF: no tradeable call
  [b10|c010_s164_w2_1005_1045_r1] S164 PBF: no tradeable call
  [b11|c011_s164_w2_1005_1045_r2] S164 PBF: no tradeable call
  [b8|c008_s164_w1_0928_1005_r1] S164 PR: no tradeable call
  [b9|c009_s164_w1_0928_1005_r2] S164 PR: no tradeable call
  [b10|c010_s164_w2_1005_1045_r1] S164 PR: no tradeable call
  [b11|c011_s164_w2_1005_1045_r2] S164 PR: no tradeable call
  ENTRY [b42|c042_s168_w2_1005_1045_r1|S168] BUY 1x APA260731C00036000 (gap -4.2%) limit=0.69 (ask=0.70 off=-0.01) tp=+50% sl=-50% pending id=551ead37-7ee5-4f51-9799-766b6be67364
  ENTRY [b43|c043_s168_w2_1005_1045_r2|S168] BUY 1x APA260731C00036000 (gap -4.2%) limit=0.69 (ask=0.70 off=-0.01) tp=+50% sl=-50% pending id=e4fc605c-99ea-4eac-b0d0-895786f66f29
  ENTRY [b34|c034_s167_w2_1005_1045_r1|S167] BUY 1x APA260731C00036000 (gap -4.2%) limit=0.69 (ask=0.70 off=-0.01) tp=+50% sl=-50% pending id=5c2d6c04-2112-4fe1-9ece-efebd38268a4
  ENTRY [b35|c035_s167_w2_1005_1045_r2|S167] BUY 1x APA260731C00036000 (gap -4.2%) limit=0.69 (ask=0.70 off=-0.01) tp=+50% sl=-50% pending id=9bb0952e-a808-4f4f-a802-0160c3af7c5b
  ENTRY [b26|c026_s166_w2_1005_1045_r1|S166] BUY 1x APA260731C00036000 (gap -4.2%) limit=0.73 (ask=0.74 off=-0.01) tp=+50% sl=-50% pending id=2721021c-4b0f-4ccc-a385-d666ec099f47
  ENTRY [b27|c027_s166_w2_1005_1045_r2|S166] BUY 1x APA260731C00036000 (gap -4.2%) limit=0.73 (ask=0.74 off=-0.01) tp=+50% sl=-50% pending id=e22a4dad-e00c-4f46-9713-d86f96f55773
  ENTRY [b2|c002_s163_w2_1005_1045_r1|S163] BUY 1x APA260731C00036000 (gap -4.2%) limit=0.73 (ask=0.74 off=-0.01) tp=+50% sl=-50% pending id=c5299343-267a-42b7-8bb2-d45037cefb4f
  ENTRY [b3|c003_s163_w2_1005_1045_r2|S163] BUY 1x APA260731C00036000 (gap -4.2%) limit=0.73 (ask=0.74 off=-0.01) tp=+50% sl=-50% pending id=150debf8-a85e-4b55-b8d4-d59b56f31404
  ENTRY [b114|c114_s203_w2_1005_1045_r1|S203] BUY 1x CCL260731P00027000 (gap +3.3% red close) limit=0.66 (ask=0.67 off=-0.01) tp=+50% sl=-50% pending id=b290cb28-8c8c-4be3-91b0-8a141d12fe31
  ENTRY [b115|c115_s203_w2_1005_1045_r2|S203] BUY 1x CCL260731P00027000 (gap +3.3% red close) limit=0.66 (ask=0.67 off=-0.01) tp=+50% sl=-50% pending id=b45fe9ec-d287-4dce-825b-b7160a90f2a9
  ENTRY [b146|c146_s207_w2_1005_1045_r1|S207] BUY 1x APA260731C00036000 (gap -4.2% MA50 dist=0.1%) limit=0.73 (ask=0.74 off=-0.01) tp=+50% sl=-50% pending id=987af2a7-6f03-4496-a87b-3617e8c3f846
  ENTRY [b147|c147_s207_w2_1005_1045_r2|S207] BUY 1x APA260731C00036000 (gap -4.2% MA50 dist=0.1%) limit=0.73 (ask=0.74 off=-0.01) tp=+50% sl=-50% pending id=2d164ea2-4cc4-4af0-b21d-fb156d5f9a52
  [b160|c160_s209_w1_0928_1005_r1] S209 VLO: no tradeable call
  [b161|c161_s209_w1_0928_1005_r2] S209 VLO: no tradeable call
  [b162|c162_s209_w2_1005_1045_r1] S209 VLO: no tradeable call
  [b163|c163_s209_w2_1005_1045_r2] S209 VLO: no tradeable call
  [b170|c170_s210_w2_1005_1045_r1] S210 ED: no tradeable call
  [b171|c171_s210_w2_1005_1045_r2] S210 ED: no tradeable call
  [b170|c170_s210_w2_1005_1045_r1] S210 COST: no tradeable call
  [b171|c171_s210_w2_1005_1045_r2] S210 COST: no tradeable call
  [b170|c170_s210_w2_1005_1045_r1] S210 DLR: no tradeable call
  [b171|c171_s210_w2_1005_1045_r2] S210 DLR: no tradeable call
  [b170|c170_s210_w2_1005_1045_r1] S210 DUK: no tradeable call
  [b171|c171_s210_w2_1005_1045_r2] S210 DUK: no tradeable call
  [b170|c170_s210_w2_1005_1045_r1] S210 DD: no tradeable call
  [b171|c171_s210_w2_1005_1045_r2] S210 DD: no tradeable call
  ENTRY [b170|c170_s210_w2_1005_1045_r1|S210] BUY 1x EQT260731C00053000 (MA8 51.35 crossed above MA21) limit=0.59 (ask=0.60 off=-0.01) tp=+50% sl=-50% pending id=ab5ada98-19c2-456c-a379-94ea67505b84
  ENTRY [b171|c171_s210_w2_1005_1045_r2|S210] BUY 1x EQT260731C00053000 (MA8 51.35 crossed above MA21) limit=0.59 (ask=0.60 off=-0.01) tp=+50% sl=-50% pending id=1adf82e5-1f54-4d89-986d-ac6883b7bf59
  [b176|c176_s211_w1_0928_1005_r1] S211 EOG: no tradeable call
  [b177|c177_s211_w1_0928_1005_r2] S211 EOG: no tradeable call
  [b178|c178_s211_w2_1005_1045_r1] S211 EOG: no tradeable call
  [b179|c179_s211_w2_1005_1045_r2] S211 EOG: no tradeable call
  [b176|c176_s211_w1_0928_1005_r1] S211 FIS: no tradeable call
  [b177|c177_s211_w1_0928_1005_r2] S211 FIS: no tradeable call
  [b178|c178_s211_w2_1005_1045_r1] S211 FIS: no tradeable call
  [b179|c179_s211_w2_1005_1045_r2] S211 FIS: no tradeable call
  [b176|c176_s211_w1_0928_1005_r1] S211 BJ: no tradeable call
  [b177|c177_s211_w1_0928_1005_r2] S211 BJ: no tradeable call
  [b178|c178_s211_w2_1005_1045_r1] S211 BJ: no tradeable call
  [b179|c179_s211_w2_1005_1045_r2] S211 BJ: no tradeable call
  [b176|c176_s211_w1_0928_1005_r1] S211 GGG: no tradeable call
  [b177|c177_s211_w1_0928_1005_r2] S211 GGG: no tradeable call
  [b178|c178_s211_w2_1005_1045_r1] S211 GGG: no tradeable call
  [b179|c179_s211_w2_1005_1045_r2] S211 GGG: no tradeable call
  [b176|c176_s211_w1_0928_1005_r1] S211 NXST: no tradeable call
  [b177|c177_s211_w1_0928_1005_r2] S211 NXST: no tradeable call
  [b178|c178_s211_w2_1005_1045_r1] S211 NXST: no tradeable call
  [b179|c179_s211_w2_1005_1045_r2] S211 NXST: no tradeable call
  [b176|c176_s211_w1_0928_1005_r1] S211 PPC: no tradeable call
  [b177|c177_s211_w1_0928_1005_r2] S211 PPC: no tradeable call
  [b178|c178_s211_w2_1005_1045_r1] S211 PPC: no tradeable call
  [b179|c179_s211_w2_1005_1045_r2] S211 PPC: no tradeable call
  ENTRY [b186|c186_s212_w2_1005_1045_r1|S212] BUY 1x ADBE260731C00255000 (low=229.79 MA50=227.97 touch+green) limit=0.74 (ask=0.75 off=-0.01) tp=+50% sl=-50% pending id=3e6374c5-165c-46bb-bdec-8e232a47c88a
  ENTRY [b187|c187_s212_w2_1005_1045_r2|S212] BUY 1x ADBE260731C00255000 (low=229.79 MA50=227.97 touch+green) limit=0.74 (ask=0.75 off=-0.01) tp=+50% sl=-50% pending id=a53c620d-6d5f-4242-a084-6dc104cd0a7e
  [b218|c218_s216_w2_1005_1045_r1] S216 ALGN: no tradeable call
  [b219|c219_s216_w2_1005_1045_r2] S216 ALGN: no tradeable call
  ENTRY [b218|c218_s216_w2_1005_1045_r1|S216] BUY 1x GOOGL260729C00342500 (RSI crossed 30: 26.5 -> 32.1) limit=0.66 (ask=0.67 off=-0.01) tp=+50% sl=-50% pending id=7d2ad7c8-5d00-43b4-877f-e7b44f77e1a8
  ENTRY [b219|c219_s216_w2_1005_1045_r2|S216] BUY 1x GOOGL260729C00342500 (RSI crossed 30: 26.5 -> 32.1) limit=0.66 (ask=0.67 off=-0.01) tp=+50% sl=-50% pending id=80025023-8afc-4844-a8cb-5abf7d04d013
  [b226|c226_s217_w2_1005_1045_r1] S217 ALB: no tradeable call
  [b227|c227_s217_w2_1005_1045_r2] S217 ALB: no tradeable call
  [b226|c226_s217_w2_1005_1045_r1] S217 APP: no tradeable call
  [b227|c227_s217_w2_1005_1045_r2] S217 APP: no tradeable call
  [b226|c226_s217_w2_1005_1045_r1] S217 AXON: no tradeable call
  [b227|c227_s217_w2_1005_1045_r2] S217 AXON: no tradeable call
  [b226|c226_s217_w2_1005_1045_r1] S217 FSLR: no tradeable call
  [b227|c227_s217_w2_1005_1045_r2] S217 FSLR: no tradeable call
  ENTRY [b226|c226_s217_w2_1005_1045_r1|S217] BUY 1x IBM260731C00235000 (RSI=17.5 green) limit=0.53 (ask=0.54 off=-0.01) tp=+50% sl=-50% pending id=d3e5855d-84fb-4618-b31f-d8bd949e9792
  ENTRY [b227|c227_s217_w2_1005_1045_r2|S217] BUY 1x IBM260731C00235000 (RSI=17.5 green) limit=0.53 (ask=0.54 off=-0.01) tp=+50% sl=-50% pending id=4b466896-136f-42e3-8545-306f9f6d14b5
  [b234|c234_s218_w2_1005_1045_r1] S218 ALGN: no tradeable call
  [b235|c235_s218_w2_1005_1045_r2] S218 ALGN: no tradeable call
  [b234|c234_s218_w2_1005_1045_r1] S218 AXP: no tradeable call
  [b235|c235_s218_w2_1005_1045_r2] S218 AXP: no tradeable call
  [b234|c234_s218_w2_1005_1045_r1] S218 EQR: no tradeable call
  [b235|c235_s218_w2_1005_1045_r2] S218 EQR: no tradeable call
  [b234|c234_s218_w2_1005_1045_r1] S218 ESS: no tradeable call
  [b235|c235_s218_w2_1005_1045_r2] S218 ESS: no tradeable call
  [b234|c234_s218_w2_1005_1045_r1] S218 HBAN: no tradeable call
  [b235|c235_s218_w2_1005_1045_r2] S218 HBAN: no tradeable call
  [b234|c234_s218_w2_1005_1045_r1] S218 PNW: no tradeable call
  [b235|c235_s218_w2_1005_1045_r2] S218 PNW: no tradeable call
  [b234|c234_s218_w2_1005_1045_r1] S218 ROL: no tradeable call
  [b235|c235_s218_w2_1005_1045_r2] S218 ROL: no tradeable call
  ENTRY [b234|c234_s218_w2_1005_1045_r1|S218] BUY 1x UBER260731C00069000 (low=65.41 BB_lower=67.09 touch+green) limit=0.45 (ask=0.46 off=-0.01) tp=+50% sl=-50% pending id=a9182e1b-b51a-4204-a2a9-cea249ef1357
  ENTRY [b235|c235_s218_w2_1005_1045_r2|S218] BUY 1x UBER260731C00069000 (low=65.41 BB_lower=67.09 touch+green) limit=0.45 (ask=0.46 off=-0.01) tp=+50% sl=-50% pending id=ac9fe9ec-82c4-4582-b27d-2f9958c848fe
  Skipped: 142 no tradeable call, 194 already attempted today, 884 pending order
Placed 24 new entry order(s).
  reconcile: layout changed controlled:100:c000_s173_w1_0928_1005_r1 -> controlled:248:c000_s163_w1_0928_1005_r1
  reconcile: entry fill b171|S210 EQT x1 @ 0.58
  reconcile: entry fill b170|S210 EQT x1 @ 0.58
  reconcile: entry fill b147|S207 APA x1 @ 0.72
  reconcile: entry fill b146|S207 APA x1 @ 0.72
  reconcile: entry fill b3|S163 APA x1 @ 0.72
  reconcile: entry fill b2|S163 APA x1 @ 0.72
  reconcile: entry fill b27|S166 APA x1 @ 0.72
  reconcile: entry fill b26|S166 APA x1 @ 0.72

[Portfolio snapshot]
========================================================
OPTIONS TRIAL STATS
========================================================
Account equity: $130,423.51
Active buckets: 248 of 248 profiles ($500 virtual each) — paper unlimited mode

P&L summary
  Reflected (ex-S173,S174): $+4,423.13 all-time  |  $+0.00 today
  Raw (incl dropped):     $+2,827.58 all-time  |  $+0.00 today
  Open (not sold yet): $-88.00 unrealized (virtual lots)
  Premium deployed:    $548.00 in open positions
  Combined P&L:        $+4,335.13 (reflected realized + open virtual)

Ledger (master)
  Total events:     5567
  Today entries:    18
  Today exits (reflected): 0
  All-time exits (reflected): 273  wins 30%
  Avg return/trade: -5.1%  median -40.0%

Open virtual lots (by bucket)
  b2 c002_s163_w2_1005_1045_r1  prem=$    72  real=$ +0.00  open=$-13.00  lots=1  [S163:APAx1]
       buy: ask-0.01  sell: bid-0.01  tp=+50% sl=-50%
  b3 c003_s163_w2_1005_1045_r2  prem=$    72  real=$ +0.00  open=$-13.00  lots=1  [S163:APAx1]
       buy: ask-0.01  sell: bid-0.01  tp=+50% sl=-50%
  b26 c026_s166_w2_1005_1045_r1  prem=$    72  real=$ +0.00  open=$-13.00  lots=1  [S166:APAx1]
       buy: ask-0.01  sell: bid-0.01  tp=+50% sl=-50%
  b27 c027_s166_w2_1005_1045_r2  prem=$    72  real=$ +0.00  open=$-13.00  lots=1  [S166:APAx1]
       buy: ask-0.01  sell: bid-0.01  tp=+50% sl=-50%
  b146 c146_s207_w2_1005_1045_r1  prem=$    72  real=$ +0.00  open=$-13.00  lots=1  [S207:APAx1]
       buy: ask-0.01  sell: bid-0.01  tp=+50% sl=-50%
  b147 c147_s207_w2_1005_1045_r2  prem=$    72  real=$ +0.00  open=$-13.00  lots=1  [S207:APAx1]
       buy: ask-0.01  sell: bid-0.01  tp=+50% sl=-50%
  b170 c170_s210_w2_1005_1045_r1  prem=$    58  real=$ +0.00  open=$ -5.00  lots=1  [S210:EQTx1]
       buy: ask-0.01  sell: bid-0.01  tp=+50% sl=-50%
  b171 c171_s210_w2_1005_1045_r2  prem=$    58  real=$ +0.00  open=$ -5.00  lots=1  [S210:EQTx1]
       buy: ask-0.01  sell: bid-0.01  tp=+50% sl=-50%
  (240 quiet bucket profile(s) — no trades yet)

Pending orders: 30
  b16 S165 APA limit=0.21
  b17 S165 APA limit=0.21
  b40 S168 APA limit=0.33
  b41 S168 APA limit=0.33
  b32 S167 APA limit=0.21

Alpaca option positions
  APA260731C00036000  qty=6  cost=$432.00  return=-18.1%  open P&L=$-78.00
  EQT260731C00053000  qty=2  cost=$116.00  return=-8.6%  open P&L=$-10.00

Per-bucket exit stats (all time)
  b0|orphan_reconcile     n= 22  avg=+22.4%  med=-57.5%  realized=$+6,310.91
  b104|c104_s164_w1_0928_1005_r4  n=  1  avg=-88.9%  med=-88.9%  realized=$-8.00
  b10|c010_s165_w3_1045_1120_r1  n=  8  avg=-37.2%  med=-18.9%  realized=$-205.00
  b132|c132_s164_w1_0928_1005_r5  n=  2  avg=-65.7%  med=-53.6%  realized=$-37.00
  b135|c135_s164_w4_1120_1135_r5  n=  1  avg=-50.0%  med=-50.0%  realized=$-4.00
  b20|c020_s164_w1_0928_1005_r1  n=  1  avg=-88.9%  med=-88.9%  realized=$-8.00
  b28|c028_s165_w1_0928_1005_r2  n= 17  avg=+49.5%  med=+80.0%  realized=$+448.00
  b28|c028_s173_w1_0928_1005_r2  n=  5  avg=+51.6%  med=+80.0%  realized=$+142.00
  b29|c029_s165_w2_1005_1045_r2  n=  9  avg=-23.3%  med=-50.0%  realized=$-221.00
  b29|c029_s173_w2_1005_1045_r2  n=  2  avg=-69.3%  med=-48.5%  realized=$-78.00
  b30|c030_s165_w3_1045_1120_r2  n=  9  avg=+38.8%  med=+0.0%  realized=$+260.00
  b30|c030_s173_w3_1045_1120_r2  n=  2  avg=-9.5%  med=+0.0%  realized=$-14.00
  b31|c031_s165_w4_1120_1135_r2  n=  2  avg=+145.5%  med=+175.8%  realized=$+192.00
  b48|c048_s164_w1_0928_1005_r2  n=  5  avg=-33.1%  med=-49.1%  realized=$-91.00
  b48|c048_s165_w1_0928_1005_r3  n= 16  avg=-35.9%  med=-49.1%  realized=$-344.00
  b49|c049_s164_w2_1005_1045_r2  n=  4  avg=-51.8%  med=-44.0%  realized=$-133.00
  b49|c049_s165_w2_1005_1045_r3  n= 15  avg=-49.3%  med=-49.1%  realized=$-458.00
  b50|c050_s164_w3_1045_1120_r2  n=  4  avg=-39.6%  med=-16.7%  realized=$-115.00
  b50|c050_s165_w3_1045_1120_r3  n=  9  avg=-23.6%  med=-23.1%  realized=$-142.00
  b51|c051_s165_w4_1120_1135_r3  n=  1  avg=+263.6%  med=+263.6%  realized=$+174.00
  b56|g056_lim_tp20_sl65  n=  1  avg=+47.7%  med=+47.7%  realized=$+20.52
  b57|g057_mid_tp20_sl65  n=  1  avg=+47.7%  med=+47.7%  realized=$+20.52
  b58|g058_eod_tp20_sl65  n=  1  avg=+59.1%  med=+59.1%  realized=$+25.41
  b68|c068_s165_w1_0928_1005_r4  n= 16  avg=-51.3%  med=-49.1%  realized=$-446.00
  b68|c068_s166_w1_0928_1005_r3  n=  4  avg=-52.7%  med=-49.1%  realized=$-116.00
  b69|c069_s165_w2_1005_1045_r4  n= 11  avg=+19.0%  med=-43.6%  realized=$-179.00
  b69|c069_s166_w2_1005_1045_r3  n=  4  avg=+10.1%  med=-40.0%  realized=$-87.00
  b70|c070_s165_w3_1045_1120_r4  n= 11  avg=-2.1%  med=-16.9%  realized=$-6.00
  b70|c070_s166_w3_1045_1120_r3  n=  4  avg=-42.5%  med=-27.0%  realized=$-124.00
  b70|g070_eod_tp30_sl20  n=  1  avg=+59.1%  med=+59.1%  realized=$+27.77
  b76|c076_s164_w1_0928_1005_r3  n=  1  avg=-50.0%  med=-50.0%  realized=$-2.00
  b88|c088_s165_w1_0928_1005_r5  n= 21  avg=-5.0%  med=-2.7%  realized=$-63.00
  b88|c088_s167_w1_0928_1005_r4  n=  4  avg=-12.7%  med=+30.9%  realized=$-28.00
  b89|c089_s165_w2_1005_1045_r5  n=  7  avg=+113.1%  med=+30.9%  realized=$+67.00
  b89|c089_s167_w2_1005_1045_r4  n=  2  avg=-16.2%  med=+30.9%  realized=$-22.00
  b8|c008_s165_w1_0928_1005_r1  n= 23  avg=-19.6%  med=-35.3%  realized=$-250.00
  b90|c090_s165_w3_1045_1120_r5  n= 13  avg=+7.7%  med=+0.0%  realized=$+47.00
  b90|c090_s167_w3_1045_1120_r4  n=  4  avg=-41.6%  med=-18.9%  realized=$-123.00
  b91|c091_s165_w4_1120_1135_r5  n=  2  avg=+222.0%  med=+247.0%  realized=$+293.00
  b9|c009_s165_w2_1005_1045_r1  n=  7  avg=-74.4%  med=-66.2%  realized=$-301.00
========================================================
+========================================================================+
|  OPTIONS BOT SUMMARY                                                   |
+------------------------------------------------------------------------+
|  Mode                          entry+manage                            |
|  Equity                        $130,423.51                             |
|  Signals this run              311                                     |
|  Orders submitted (session)    48                                      |
|  Orders filled today (ledger)  18                                      |
|  Entries placed this run       24                                      |
|  Open virtual lots             8                                       |
|  Broker option positions       2                                       |
|  Pending orders                30                                      |
+========================================================================+
+========================================================================+
|  BUCKET LEADERBOARD (reflected ex-S173,S174)                           |
+------------------------------------------------------------------------+
|  Reflected trades=273  buckets=27  win=30%                             |
|  Returns   avg=-5.1%  med=-40.0%  p10=-66.2%  p90=+81.8%               |
|  Realized  $+4,423.13                                                  |
|  Raw incl dropped  trades=807  real=$+2,827.58                         |
+------------------------------------------------------------------------+
|  BKT PROFILE               N  WIN  AVG%   MED%   BEST%  REAL$          |
+------------------------------------------------------------------------+
|  b51  c051_s169_w2_1005_  1 100% +263.6 +263.6 +263.6 $   +174         |
|  b91  c091_s200_w2_1005_  2 100% +222.0 +222.0 +247.0 $   +293         |
|  b31  c031_s166_w4_1120_  2 100% +145.5 +145.5 +175.8 $   +192         |
|  b28  c028_s166_w3_1045_ 22  77% +50.0 +80.0 +102.0 $   +590           |
|  b58  c058_s170_w2_1005_  1 100% +59.1 +59.1 +59.1 $    +25            |
|  b56  c056_s170_w1_0928_  1 100% +47.7 +47.7 +47.7 $    +21            |
|  b57  c057_s170_w1_0928_  1 100% +47.7 +47.7 +47.7 $    +21            |
|  b89  c089_s200_w1_0928_  9  56% +84.4 +30.9 +790.0 $    +45           |
|  ... 19 more bucket(s) with exits                                      |
+------------------------------------------------------------------------+
|  Low  b20  c020_s165_w3_1045_  1   0% -88.9 -88.9 -88.9 $     -8       |
+========================================================================+
+========================================================================+
|  PENDING ORDERS (30)                                                   |
+------------------------------------------------------------------------+
|  Top groups                    S165:APA(4), S168:APA(4), S167:APA(4)   |
+------------------------------------------------------------------------+
|  b16  S165 APA      limit=0.21                                         |
|  b17  S165 APA      limit=0.21                                         |
|  b40  S168 APA      limit=0.33                                         |
|  b41  S168 APA      limit=0.33                                         |
|  b32  S167 APA      limit=0.21                                         |
|  ... 25 more pending order(s)                                          |
+========================================================================+
+========================================================================+
|  OPEN OPTIONS (2)                                                      |
+------------------------------------------------------------------------+
|  SYMBOL                      QTY    RET%        OPEN P&L               |
|------------------------------------------------------------------------|
|  APA260731C00036000            6    -18.1%   $    -78.00               |
|  EQT260731C00053000            2     -8.6%   $    -10.00               |
+========================================================================+
Full detail: logs/options_trial/runs/2026-07-27.log
elapsed=194.2s reconcile=0.2s cancel=0.03s manage=0.01s scan=180.89s entries=12.62s

=== 10:10:45 ET — entry+manage (0 new) [elapsed=196.6s reconcile=0.57s cancel=0.15s manage=1.49s scan=180.08s entries=13.24s] ===
=== options_morning_bot (PAPER) 2026-07-27T10:10:45.374263-04:00 ===

[Run context]
Paper auth OK — equity $130319.11, account PA36KS87UPRS
  reconcile: layout changed controlled:100:c000_s173_w1_0928_1005_r1 -> controlled:248:c000_s163_w1_0928_1005_r1
  reconcile: entry fill b187|S212 ADBE x1 @ 0.74
  reconcile: entry fill b186|S212 ADBE x1 @ 0.74
  reconcile: entry fill b145|S207 CVX x1 @ 0.45
  reconcile: entry fill b144|S207 CVX x1 @ 0.45
  reconcile: entry fill b1|S163 APA x1 @ 0.32
  reconcile: entry fill b0|S163 APA x1 @ 0.32
  reconcile: entry fill b25|S166 APA x1 @ 0.32
  reconcile: entry fill b24|S166 APA x1 @ 0.32
  reconcile: entry fill b41|S168 APA x1 @ 0.32
  reconcile: entry fill b40|S168 APA x1 @ 0.32
  reconcile: removed 2 stale lot(s)

[Setup]
Active buckets: 248 | Strategies: S165, S164, S168, S167, S166, S163, S169, S170, S171, S172, S175, S200, S201, S202, S203, S204, S205, S206, S207, S208, S209, S210, S211, S212, S213, S214, S215, S216, S217, S218, S219
Dropped (no new entries; ex-reflected P&L): S173, S174

[Scan + entries]
Scanning 903 symbols for [S165, S164, S168, S167, S166, S163, S169, S170, S171, S172, S175, S200, S201, S202, S203, S204, S205, S206, S207, S208, S209, S210, S211, S212, S213, S214, S215, S216, S217, S218, S219] …
Fetched daily bars for 903/903 symbols
Found 294 signal(s); top: ['S165:APA', 'S165:CF', 'S165:CVX', 'S165:COP', 'S165:DVN', 'S165:FANG', 'S165:DOW', 'S165:EOG']
Paper lab: $129881 broker equity -> 248 bucket(s) ($500 virtual each, unlimited paper)
  [b10|c010_s164_w2_1005_1045_r1] S164 APA: no tradeable call
  [b11|c011_s164_w2_1005_1045_r2] S164 APA: no tradeable call
  [b10|c010_s164_w2_1005_1045_r1] S164 CF: no tradeable call
  [b11|c011_s164_w2_1005_1045_r2] S164 CF: no tradeable call
  [b10|c010_s164_w2_1005_1045_r1] S164 CVX: no tradeable call
  [b11|c011_s164_w2_1005_1045_r2] S164 CVX: no tradeable call
  [b10|c010_s164_w2_1005_1045_r1] S164 COP: no tradeable call
  [b11|c011_s164_w2_1005_1045_r2] S164 COP: no tradeable call
  [b10|c010_s164_w2_1005_1045_r1] S164 DVN: no tradeable call
  [b11|c011_s164_w2_1005_1045_r2] S164 DVN: no tradeable call
  [b10|c010_s164_w2_1005_1045_r1] S164 FANG: no tradeable call
  [b11|c011_s164_w2_1005_1045_r2] S164 FANG: no tradeable call
  [b10|c010_s164_w2_1005_1045_r1] S164 DOW: no tradeable call
  [b11|c011_s164_w2_1005_1045_r2] S164 DOW: no tradeable call
  [b10|c010_s164_w2_1005_1045_r1] S164 EOG: no tradeable call
  [b11|c011_s164_w2_1005_1045_r2] S164 EOG: no tradeable call
  [b10|c010_s164_w2_1005_1045_r1] S164 XOM: no tradeable call
  [b11|c011_s164_w2_1005_1045_r2] S164 XOM: no tradeable call
  [b10|c010_s164_w2_1005_1045_r1] S164 HAL: no tradeable call
  [b11|c011_s164_w2_1005_1045_r2] S164 HAL: no tradeable call
  [b10|c010_s164_w2_1005_1045_r1] S164 LYB: no tradeable call
  [b11|c011_s164_w2_1005_1045_r2] S164 LYB: no tradeable call
  [b10|c010_s164_w2_1005_1045_r1] S164 OXY: no tradeable call
  [b11|c011_s164_w2_1005_1045_r2] S164 OXY: no tradeable call
  [b10|c010_s164_w2_1005_1045_r1] S164 OKE: no tradeable call
  [b11|c011_s164_w2_1005_1045_r2] S164 OKE: no tradeable call
  [b10|c010_s164_w2_1005_1045_r1] S164 VLO: no tradeable call
  [b11|c011_s164_w2_1005_1045_r2] S164 VLO: no tradeable call
  [b10|c010_s164_w2_1005_1045_r1] S164 AR: no tradeable call
  [b11|c011_s164_w2_1005_1045_r2] S164 AR: no tradeable call
  [b10|c010_s164_w2_1005_1045_r1] S164 CHRD: no tradeable call
  [b11|c011_s164_w2_1005_1045_r2] S164 CHRD: no tradeable call
  [b10|c010_s164_w2_1005_1045_r1] S164 DINO: no tradeable call
  [b11|c011_s164_w2_1005_1045_r2] S164 DINO: no tradeable call
  [b10|c010_s164_w2_1005_1045_r1] S164 MUR: no tradeable call
  [b11|c011_s164_w2_1005_1045_r2] S164 MUR: no tradeable call
  [b10|c010_s164_w2_1005_1045_r1] S164 PBF: no tradeable call
  [b11|c011_s164_w2_1005_1045_r2] S164 PBF: no tradeable call
  [b10|c010_s164_w2_1005_1045_r1] S164 PR: no tradeable call
  [b11|c011_s164_w2_1005_1045_r2] S164 PR: no tradeable call
  [b178|c178_s211_w2_1005_1045_r1] S211 EOG: no tradeable call
  [b179|c179_s211_w2_1005_1045_r2] S211 EOG: no tradeable call
  [b178|c178_s211_w2_1005_1045_r1] S211 FIS: no tradeable call
  [b179|c179_s211_w2_1005_1045_r2] S211 FIS: no tradeable call
  [b178|c178_s211_w2_1005_1045_r1] S211 BJ: no tradeable call
  [b179|c179_s211_w2_1005_1045_r2] S211 BJ: no tradeable call
  [b178|c178_s211_w2_1005_1045_r1] S211 GGG: no tradeable call
  [b179|c179_s211_w2_1005_1045_r2] S211 GGG: no tradeable call
  [b178|c178_s211_w2_1005_1045_r1] S211 NXST: no tradeable call
  [b179|c179_s211_w2_1005_1045_r2] S211 NXST: no tradeable call
  [b178|c178_s211_w2_1005_1045_r1] S211 PPC: no tradeable call
  [b179|c179_s211_w2_1005_1045_r2] S211 PPC: no tradeable call
  Skipped: 52 no tradeable call, 48 already attempted today, 266 pending order
Placed 0 new entry order(s).
  reconcile: layout changed controlled:100:c000_s173_w1_0928_1005_r1 -> controlled:248:c000_s163_w1_0928_1005_r1
  reconcile: entry fill b235|S218 UBER x1 @ 0.45
  reconcile: entry fill b234|S218 UBER x1 @ 0.45
  reconcile: entry fill b219|S216 GOOGL x1 @ 0.66
  reconcile: entry fill b218|S216 GOOGL x1 @ 0.66
  reconcile: entry fill b35|S167 APA x1 @ 0.69
  reconcile: entry fill b34|S167 APA x1 @ 0.69
  reconcile: entry fill b43|S168 APA x1 @ 0.69
  reconcile: entry fill b42|S168 APA x1 @ 0.69
  reconcile: entry fill b19|S165 APA x1 @ 0.69
  reconcile: entry fill b18|S165 APA x1 @ 0.69

[Portfolio snapshot]
========================================================
OPTIONS TRIAL STATS
========================================================
Account equity: $130,319.11
Active buckets: 248 of 248 profiles ($500 virtual each) — paper unlimited mode

P&L summary
  Reflected (ex-S173,S174): $+4,423.13 all-time  |  $+0.00 today
  Raw (incl dropped):     $+2,827.58 all-time  |  $+0.00 today
  Open (not sold yet): $-340.00 unrealized (virtual lots)
  Premium deployed:    $1,498.00 in open positions
  Combined P&L:        $+4,083.13 (reflected realized + open virtual)

Ledger (master)
  Total events:     5595
  Today entries:    38
  Today exits (reflected): 0
  All-time exits (reflected): 273  wins 30%
  Avg return/trade: -5.1%  median -40.0%

Open virtual lots (by bucket)
  b0 c000_s163_w1_0928_1005_r1  prem=$    32  real=$ +0.00  open=$ -8.00  lots=1  [S163:APAx1]
       buy: ask-0.01  sell: bid-0.01  tp=+50% sl=-50%
  b1 c001_s163_w1_0928_1005_r2  prem=$    32  real=$ +0.00  open=$ -8.00  lots=1  [S163:APAx1]
       buy: ask-0.01  sell: bid-0.01  tp=+50% sl=-50%
  b2 c002_s163_w2_1005_1045_r1  prem=$    72  real=$ +0.00  open=$-19.91  lots=1  [S163:APAx1]
       buy: ask-0.01  sell: bid-0.01  tp=+50% sl=-50%
  b3 c003_s163_w2_1005_1045_r2  prem=$    72  real=$ +0.00  open=$-19.91  lots=1  [S163:APAx1]
       buy: ask-0.01  sell: bid-0.01  tp=+50% sl=-50%
  b18 c018_s165_w2_1005_1045_r1  prem=$    69  real=$ +0.00  open=$-19.09  lots=1  [S165:APAx1]
       buy: ask-0.01  sell: bid-0.01  tp=+50% sl=-50%
  b19 c019_s165_w2_1005_1045_r2  prem=$    69  real=$ +0.00  open=$-19.09  lots=1  [S165:APAx1]
       buy: ask-0.01  sell: bid-0.01  tp=+50% sl=-50%
  b24 c024_s166_w1_0928_1005_r1  prem=$    32  real=$ +0.00  open=$ -8.00  lots=1  [S166:APAx1]
       buy: ask-0.01  sell: bid-0.01  tp=+50% sl=-50%
  b25 c025_s166_w1_0928_1005_r2  prem=$    32  real=$ +0.00  open=$ -8.00  lots=1  [S166:APAx1]
       buy: ask-0.01  sell: bid-0.01  tp=+50% sl=-50%
  b26 c026_s166_w2_1005_1045_r1  prem=$    72  real=$ +0.00  open=$-19.91  lots=1  [S166:APAx1]
       buy: ask-0.01  sell: bid-0.01  tp=+50% sl=-50%
  b27 c027_s166_w2_1005_1045_r2  prem=$    72  real=$ +0.00  open=$-19.91  lots=1  [S166:APAx1]
       buy: ask-0.01  sell: bid-0.01  tp=+50% sl=-50%
  b34 c034_s167_w2_1005_1045_r1  prem=$    69  real=$ +0.00  open=$-19.09  lots=1  [S167:APAx1]
       buy: ask-0.01  sell: bid-0.01  tp=+50% sl=-50%
  b35 c035_s167_w2_1005_1045_r2  prem=$    69  real=$ +0.00  open=$-19.09  lots=1  [S167:APAx1]
       buy: ask-0.01  sell: bid-0.01  tp=+50% sl=-50%
  b40 c040_s168_w1_0928_1005_r1  prem=$    32  real=$ +0.00  open=$ -8.00  lots=1  [S168:APAx1]
       buy: ask-0.01  sell: bid-0.01  tp=+50% sl=-50%
  b41 c041_s168_w1_0928_1005_r2  prem=$    32  real=$ +0.00  open=$ -8.00  lots=1  [S168:APAx1]
       buy: ask-0.01  sell: bid-0.01  tp=+50% sl=-50%
  b42 c042_s168_w2_1005_1045_r1  prem=$    69  real=$ +0.00  open=$-19.09  lots=1  [S168:APAx1]
       buy: ask-0.01  sell: bid-0.01  tp=+50% sl=-50%
  b43 c043_s168_w2_1005_1045_r2  prem=$    69  real=$ +0.00  open=$-19.09  lots=1  [S168:APAx1]
       buy: ask-0.01  sell: bid-0.01  tp=+50% sl=-50%
  b144 c144_s207_w1_0928_1005_r1  prem=$    45  real=$ +0.00  open=$-14.00  lots=1  [S207:CVXx1]
       buy: ask-0.01  sell: bid-0.01  tp=+50% sl=-50%
  b145 c145_s207_w1_0928_1005_r2  prem=$    45  real=$ +0.00  open=$-14.00  lots=1  [S207:CVXx1]
       buy: ask-0.01  sell: bid-0.01  tp=+50% sl=-50%
  b146 c146_s207_w2_1005_1045_r1  prem=$    72  real=$ +0.00  open=$-19.91  lots=1  [S207:APAx1]
       buy: ask-0.01  sell: bid-0.01  tp=+50% sl=-50%
  b147 c147_s207_w2_1005_1045_r2  prem=$    72  real=$ +0.00  open=$-19.91  lots=1  [S207:APAx1]
       buy: ask-0.01  sell: bid-0.01  tp=+50% sl=-50%
  (6 more active bucket(s) omitted)
  (222 quiet bucket profile(s) — no trades yet)

Pending orders: 10
  b16 S165 APA limit=0.21
  b17 S165 APA limit=0.21
  b32 S167 APA limit=0.21
  b33 S167 APA limit=0.21
  b184 S212 CMG limit=0.69

Alpaca option positions
  ADBE260731C00255000  qty=2  cost=$148.00  return=-8.1%  open P&L=$-12.00
  APA260731C00036000  qty=12  cost=$846.00  return=-27.7%  open P&L=$-234.00
  APA260731C00037000  qty=6  cost=$192.00  return=-25.0%  open P&L=$-48.00
  CVX260731C00205000  qty=2  cost=$90.00  return=-31.1%  open P&L=$-28.00
  GOOGL260729C00342500  qty=2  cost=$132.00  return=-12.1%  open P&L=$-16.00
  UBER260731C00069000  qty=2  cost=$90.00  return=-2.2%  open P&L=$-2.00

Per-bucket exit stats (all time)
  b0|orphan_reconcile     n= 22  avg=+22.4%  med=-57.5%  realized=$+6,310.91
  b104|c104_s164_w1_0928_1005_r4  n=  1  avg=-88.9%  med=-88.9%  realized=$-8.00
  b10|c010_s165_w3_1045_1120_r1  n=  8  avg=-37.2%  med=-18.9%  realized=$-205.00
  b132|c132_s164_w1_0928_1005_r5  n=  2  avg=-65.7%  med=-53.6%  realized=$-37.00
  b135|c135_s164_w4_1120_1135_r5  n=  1  avg=-50.0%  med=-50.0%  realized=$-4.00
  b20|c020_s164_w1_0928_1005_r1  n=  1  avg=-88.9%  med=-88.9%  realized=$-8.00
  b28|c028_s165_w1_0928_1005_r2  n= 17  avg=+49.5%  med=+80.0%  realized=$+448.00
  b28|c028_s173_w1_0928_1005_r2  n=  5  avg=+51.6%  med=+80.0%  realized=$+142.00
  b29|c029_s165_w2_1005_1045_r2  n=  9  avg=-23.3%  med=-50.0%  realized=$-221.00
  b29|c029_s173_w2_1005_1045_r2  n=  2  avg=-69.3%  med=-48.5%  realized=$-78.00
  b30|c030_s165_w3_1045_1120_r2  n=  9  avg=+38.8%  med=+0.0%  realized=$+260.00
  b30|c030_s173_w3_1045_1120_r2  n=  2  avg=-9.5%  med=+0.0%  realized=$-14.00
  b31|c031_s165_w4_1120_1135_r2  n=  2  avg=+145.5%  med=+175.8%  realized=$+192.00
  b48|c048_s164_w1_0928_1005_r2  n=  5  avg=-33.1%  med=-49.1%  realized=$-91.00
  b48|c048_s165_w1_0928_1005_r3  n= 16  avg=-35.9%  med=-49.1%  realized=$-344.00
  b49|c049_s164_w2_1005_1045_r2  n=  4  avg=-51.8%  med=-44.0%  realized=$-133.00
  b49|c049_s165_w2_1005_1045_r3  n= 15  avg=-49.3%  med=-49.1%  realized=$-458.00
  b50|c050_s164_w3_1045_1120_r2  n=  4  avg=-39.6%  med=-16.7%  realized=$-115.00
  b50|c050_s165_w3_1045_1120_r3  n=  9  avg=-23.6%  med=-23.1%  realized=$-142.00
  b51|c051_s165_w4_1120_1135_r3  n=  1  avg=+263.6%  med=+263.6%  realized=$+174.00
  b56|g056_lim_tp20_sl65  n=  1  avg=+47.7%  med=+47.7%  realized=$+20.52
  b57|g057_mid_tp20_sl65  n=  1  avg=+47.7%  med=+47.7%  realized=$+20.52
  b58|g058_eod_tp20_sl65  n=  1  avg=+59.1%  med=+59.1%  realized=$+25.41
  b68|c068_s165_w1_0928_1005_r4  n= 16  avg=-51.3%  med=-49.1%  realized=$-446.00
  b68|c068_s166_w1_0928_1005_r3  n=  4  avg=-52.7%  med=-49.1%  realized=$-116.00
  b69|c069_s165_w2_1005_1045_r4  n= 11  avg=+19.0%  med=-43.6%  realized=$-179.00
  b69|c069_s166_w2_1005_1045_r3  n=  4  avg=+10.1%  med=-40.0%  realized=$-87.00
  b70|c070_s165_w3_1045_1120_r4  n= 11  avg=-2.1%  med=-16.9%  realized=$-6.00
  b70|c070_s166_w3_1045_1120_r3  n=  4  avg=-42.5%  med=-27.0%  realized=$-124.00
  b70|g070_eod_tp30_sl20  n=  1  avg=+59.1%  med=+59.1%  realized=$+27.77
  b76|c076_s164_w1_0928_1005_r3  n=  1  avg=-50.0%  med=-50.0%  realized=$-2.00
  b88|c088_s165_w1_0928_1005_r5  n= 21  avg=-5.0%  med=-2.7%  realized=$-63.00
  b88|c088_s167_w1_0928_1005_r4  n=  4  avg=-12.7%  med=+30.9%  realized=$-28.00
  b89|c089_s165_w2_1005_1045_r5  n=  7  avg=+113.1%  med=+30.9%  realized=$+67.00
  b89|c089_s167_w2_1005_1045_r4  n=  2  avg=-16.2%  med=+30.9%  realized=$-22.00
  b8|c008_s165_w1_0928_1005_r1  n= 23  avg=-19.6%  med=-35.3%  realized=$-250.00
  b90|c090_s165_w3_1045_1120_r5  n= 13  avg=+7.7%  med=+0.0%  realized=$+47.00
  b90|c090_s167_w3_1045_1120_r4  n=  4  avg=-41.6%  med=-18.9%  realized=$-123.00
  b91|c091_s165_w4_1120_1135_r5  n=  2  avg=+222.0%  med=+247.0%  realized=$+293.00
  b9|c009_s165_w2_1005_1045_r1  n=  7  avg=-74.4%  med=-66.2%  realized=$-301.00
========================================================
+========================================================================+
|  OPTIONS BOT SUMMARY                                                   |
+------------------------------------------------------------------------+
|  Mode                          entry+manage                            |
|  Equity                        $130,319.11                             |
|  Signals this run              294                                     |
|  Orders submitted (session)    48                                      |
|  Orders filled today (ledger)  38                                      |
|  Entries placed this run       0                                       |
|  Open virtual lots             26                                      |
|  Broker option positions       6                                       |
|  Pending orders                10                                      |
+========================================================================+
+========================================================================+
|  BUCKET LEADERBOARD (reflected ex-S173,S174)                           |
+------------------------------------------------------------------------+
|  Reflected trades=273  buckets=27  win=30%                             |
|  Returns   avg=-5.1%  med=-40.0%  p10=-66.2%  p90=+81.8%               |
|  Realized  $+4,423.13                                                  |
|  Raw incl dropped  trades=807  real=$+2,827.58                         |
+------------------------------------------------------------------------+
|  BKT PROFILE               N  WIN  AVG%   MED%   BEST%  REAL$          |
+------------------------------------------------------------------------+
|  b51  c051_s169_w2_1005_  1 100% +263.6 +263.6 +263.6 $   +174         |
|  b91  c091_s200_w2_1005_  2 100% +222.0 +222.0 +247.0 $   +293         |
|  b31  c031_s166_w4_1120_  2 100% +145.5 +145.5 +175.8 $   +192         |
|  b28  c028_s166_w3_1045_ 22  77% +50.0 +80.0 +102.0 $   +590           |
|  b58  c058_s170_w2_1005_  1 100% +59.1 +59.1 +59.1 $    +25            |
|  b56  c056_s170_w1_0928_  1 100% +47.7 +47.7 +47.7 $    +21            |
|  b57  c057_s170_w1_0928_  1 100% +47.7 +47.7 +47.7 $    +21            |
|  b89  c089_s200_w1_0928_  9  56% +84.4 +30.9 +790.0 $    +45           |
|  ... 19 more bucket(s) with exits                                      |
+------------------------------------------------------------------------+
|  Low  b20  c020_s165_w3_1045_  1   0% -88.9 -88.9 -88.9 $     -8       |
+========================================================================+
+========================================================================+
|  PENDING ORDERS (10)                                                   |
+------------------------------------------------------------------------+
|  Top groups                    S165:APA(2), S167:APA(2), S212:CMG(2)   |
+------------------------------------------------------------------------+
|  b16  S165 APA      limit=0.21                                         |
|  b17  S165 APA      limit=0.21                                         |
|  b32  S167 APA      limit=0.21                                         |
|  b33  S167 APA      limit=0.21                                         |
|  b184 S212 CMG      limit=0.69                                         |
|  ... 5 more pending order(s)                                           |
+========================================================================+
+========================================================================+
|  OPEN OPTIONS (6)                                                      |
+------------------------------------------------------------------------+
|  SYMBOL                      QTY    RET%        OPEN P&L               |
|------------------------------------------------------------------------|
|  APA260731C00036000           12    -27.7%   $   -234.00               |
|  APA260731C00037000            6    -25.0%   $    -48.00               |
|  CVX260731C00205000            2    -31.1%   $    -28.00               |
|  GOOGL260729C00342500          2    -12.1%   $    -16.00               |
|  ADBE260731C00255000           2     -8.1%   $    -12.00               |
|  UBER260731C00069000           2     -2.2%   $     -2.00               |
+========================================================================+
Full detail: logs/options_trial/runs/2026-07-27.log
elapsed=196.6s reconcile=0.57s cancel=0.15s manage=1.49s scan=180.08s entries=13.24s

=== 10:16:33 ET — entry+manage (0 new) [elapsed=177.5s reconcile=0.09s cancel=0.02s manage=0.02s scan=172.42s entries=4.65s] ===
=== options_morning_bot (PAPER) 2026-07-27T10:16:33.611920-04:00 ===

[Run context]
Paper auth OK — equity $130458.39, account PA36KS87UPRS
  reconcile: layout changed controlled:100:c000_s173_w1_0928_1005_r1 -> controlled:248:c000_s163_w1_0928_1005_r1
  reconcile: removed 26 stale lot(s)

[Setup]
Active buckets: 248 | Strategies: S165, S164, S168, S167, S166, S163, S169, S170, S171, S172, S175, S200, S201, S202, S203, S204, S205, S206, S207, S208, S209, S210, S211, S212, S213, S214, S215, S216, S217, S218, S219
Dropped (no new entries; ex-reflected P&L): S173, S174

[Scan + entries]
Scanning 903 symbols for [S165, S164, S168, S167, S166, S163, S169, S170, S171, S172, S175, S200, S201, S202, S203, S204, S205, S206, S207, S208, S209, S210, S211, S212, S213, S214, S215, S216, S217, S218, S219] …
Fetched daily bars for 903/903 symbols
Found 297 signal(s); top: ['S165:APA', 'S165:CF', 'S165:CVX', 'S165:COP', 'S165:DVN', 'S165:FANG', 'S165:DOW', 'S165:EOG']
Paper lab: $130176 broker equity -> 248 bucket(s) ($500 virtual each, unlimited paper)
  [b10|c010_s164_w2_1005_1045_r1] S164 APA: no tradeable call
  [b11|c011_s164_w2_1005_1045_r2] S164 APA: no tradeable call
  [b10|c010_s164_w2_1005_1045_r1] S164 CF: no tradeable call
  [b11|c011_s164_w2_1005_1045_r2] S164 CF: no tradeable call
  [b10|c010_s164_w2_1005_1045_r1] S164 CVX: no tradeable call
  [b11|c011_s164_w2_1005_1045_r2] S164 CVX: no tradeable call
  [b10|c010_s164_w2_1005_1045_r1] S164 COP: no tradeable call
  [b11|c011_s164_w2_1005_1045_r2] S164 COP: no tradeable call
  [b10|c010_s164_w2_1005_1045_r1] S164 DVN: no tradeable call
  [b11|c011_s164_w2_1005_1045_r2] S164 DVN: no tradeable call
  [b10|c010_s164_w2_1005_1045_r1] S164 FANG: no tradeable call
  [b11|c011_s164_w2_1005_1045_r2] S164 FANG: no tradeable call
  [b10|c010_s164_w2_1005_1045_r1] S164 DOW: no tradeable call
  [b11|c011_s164_w2_1005_1045_r2] S164 DOW: no tradeable call
  [b10|c010_s164_w2_1005_1045_r1] S164 EOG: no tradeable call
  [b11|c011_s164_w2_1005_1045_r2] S164 EOG: no tradeable call
  [b10|c010_s164_w2_1005_1045_r1] S164 XOM: no tradeable call
  [b11|c011_s164_w2_1005_1045_r2] S164 XOM: no tradeable call
  [b10|c010_s164_w2_1005_1045_r1] S164 HAL: no tradeable call
  [b11|c011_s164_w2_1005_1045_r2] S164 HAL: no tradeable call
  [b10|c010_s164_w2_1005_1045_r1] S164 LYB: no tradeable call
  [b11|c011_s164_w2_1005_1045_r2] S164 LYB: no tradeable call
  [b10|c010_s164_w2_1005_1045_r1] S164 OXY: no tradeable call
  [b11|c011_s164_w2_1005_1045_r2] S164 OXY: no tradeable call
  [b10|c010_s164_w2_1005_1045_r1] S164 OKE: no tradeable call
  [b11|c011_s164_w2_1005_1045_r2] S164 OKE: no tradeable call
  [b10|c010_s164_w2_1005_1045_r1] S164 VLO: no tradeable call
  [b11|c011_s164_w2_1005_1045_r2] S164 VLO: no tradeable call
  [b10|c010_s164_w2_1005_1045_r1] S164 AR: no tradeable call
  [b11|c011_s164_w2_1005_1045_r2] S164 AR: no tradeable call
  [b10|c010_s164_w2_1005_1045_r1] S164 CHRD: no tradeable call
  [b11|c011_s164_w2_1005_1045_r2] S164 CHRD: no tradeable call
  [b10|c010_s164_w2_1005_1045_r1] S164 DINO: no tradeable call
  [b11|c011_s164_w2_1005_1045_r2] S164 DINO: no tradeable call
  [b10|c010_s164_w2_1005_1045_r1] S164 MUR: no tradeable call
  [b11|c011_s164_w2_1005_1045_r2] S164 MUR: no tradeable call
  [b10|c010_s164_w2_1005_1045_r1] S164 PBF: no tradeable call
  [b11|c011_s164_w2_1005_1045_r2] S164 PBF: no tradeable call
  [b10|c010_s164_w2_1005_1045_r1] S164 PR: no tradeable call
  [b11|c011_s164_w2_1005_1045_r2] S164 PR: no tradeable call
  [b178|c178_s211_w2_1005_1045_r1] S211 EOG: no tradeable call
  [b179|c179_s211_w2_1005_1045_r2] S211 EOG: no tradeable call
  [b178|c178_s211_w2_1005_1045_r1] S211 FIS: no tradeable call
  [b179|c179_s211_w2_1005_1045_r2] S211 FIS: no tradeable call
  [b178|c178_s211_w2_1005_1045_r1] S211 BJ: no tradeable call
  [b179|c179_s211_w2_1005_1045_r2] S211 BJ: no tradeable call
  [b178|c178_s211_w2_1005_1045_r1] S211 GGG: no tradeable call
  [b179|c179_s211_w2_1005_1045_r2] S211 GGG: no tradeable call
  [b178|c178_s211_w2_1005_1045_r1] S211 NXST: no tradeable call
  [b179|c179_s211_w2_1005_1045_r2] S211 NXST: no tradeable call
  [b178|c178_s211_w2_1005_1045_r1] S211 PPC: no tradeable call
  [b179|c179_s211_w2_1005_1045_r2] S211 PPC: no tradeable call
  Skipped: 52 no tradeable call, 510 already attempted today, 32 pending order
Placed 0 new entry order(s).
  reconcile: layout changed controlled:100:c000_s173_w1_0928_1005_r1 -> controlled:248:c000_s163_w1_0928_1005_r1
  reconcile: entry fill b227|S217 IBM x1 @ 0.52
  reconcile: entry fill b226|S217 IBM x1 @ 0.52

[Portfolio snapshot]
========================================================
OPTIONS TRIAL STATS
========================================================
Account equity: $130,458.39
Active buckets: 248 of 248 profiles ($500 virtual each) — paper unlimited mode

P&L summary
  Reflected (ex-S173,S174): $+4,423.13 all-time  |  $+0.00 today
  Raw (incl dropped):     $+2,827.58 all-time  |  $+0.00 today
  Open (not sold yet): $-12.00 unrealized (virtual lots)
  Premium deployed:    $104.00 in open positions
  Combined P&L:        $+4,411.13 (reflected realized + open virtual)

Ledger (master)
  Total events:     5623
  Today entries:    40
  Today exits (reflected): 0
  All-time exits (reflected): 273  wins 30%
  Avg return/trade: -5.1%  median -40.0%

Open virtual lots (by bucket)
  b226 c226_s217_w2_1005_1045_r1  prem=$    52  real=$ +0.00  open=$ -6.00  lots=1  [S217:IBMx1]
       buy: ask-0.01  sell: bid-0.01  tp=+50% sl=-50%
  b227 c227_s217_w2_1005_1045_r2  prem=$    52  real=$ +0.00  open=$ -6.00  lots=1  [S217:IBMx1]
       buy: ask-0.01  sell: bid-0.01  tp=+50% sl=-50%
  (246 quiet bucket profile(s) — no trades yet)

Pending orders: 8
  b16 S165 APA limit=0.21
  b17 S165 APA limit=0.21
  b32 S167 APA limit=0.21
  b33 S167 APA limit=0.21
  b184 S212 CMG limit=0.69

Alpaca option positions
  IBM260731C00235000  qty=2  cost=$104.00  return=-11.5%  open P&L=$-12.00

Per-bucket exit stats (all time)
  b0|orphan_reconcile     n= 22  avg=+22.4%  med=-57.5%  realized=$+6,310.91
  b104|c104_s164_w1_0928_1005_r4  n=  1  avg=-88.9%  med=-88.9%  realized=$-8.00
  b10|c010_s165_w3_1045_1120_r1  n=  8  avg=-37.2%  med=-18.9%  realized=$-205.00
  b132|c132_s164_w1_0928_1005_r5  n=  2  avg=-65.7%  med=-53.6%  realized=$-37.00
  b135|c135_s164_w4_1120_1135_r5  n=  1  avg=-50.0%  med=-50.0%  realized=$-4.00
  b20|c020_s164_w1_0928_1005_r1  n=  1  avg=-88.9%  med=-88.9%  realized=$-8.00
  b28|c028_s165_w1_0928_1005_r2  n= 17  avg=+49.5%  med=+80.0%  realized=$+448.00
  b28|c028_s173_w1_0928_1005_r2  n=  5  avg=+51.6%  med=+80.0%  realized=$+142.00
  b29|c029_s165_w2_1005_1045_r2  n=  9  avg=-23.3%  med=-50.0%  realized=$-221.00
  b29|c029_s173_w2_1005_1045_r2  n=  2  avg=-69.3%  med=-48.5%  realized=$-78.00
  b30|c030_s165_w3_1045_1120_r2  n=  9  avg=+38.8%  med=+0.0%  realized=$+260.00
  b30|c030_s173_w3_1045_1120_r2  n=  2  avg=-9.5%  med=+0.0%  realized=$-14.00
  b31|c031_s165_w4_1120_1135_r2  n=  2  avg=+145.5%  med=+175.8%  realized=$+192.00
  b48|c048_s164_w1_0928_1005_r2  n=  5  avg=-33.1%  med=-49.1%  realized=$-91.00
  b48|c048_s165_w1_0928_1005_r3  n= 16  avg=-35.9%  med=-49.1%  realized=$-344.00
  b49|c049_s164_w2_1005_1045_r2  n=  4  avg=-51.8%  med=-44.0%  realized=$-133.00
  b49|c049_s165_w2_1005_1045_r3  n= 15  avg=-49.3%  med=-49.1%  realized=$-458.00
  b50|c050_s164_w3_1045_1120_r2  n=  4  avg=-39.6%  med=-16.7%  realized=$-115.00
  b50|c050_s165_w3_1045_1120_r3  n=  9  avg=-23.6%  med=-23.1%  realized=$-142.00
  b51|c051_s165_w4_1120_1135_r3  n=  1  avg=+263.6%  med=+263.6%  realized=$+174.00
  b56|g056_lim_tp20_sl65  n=  1  avg=+47.7%  med=+47.7%  realized=$+20.52
  b57|g057_mid_tp20_sl65  n=  1  avg=+47.7%  med=+47.7%  realized=$+20.52
  b58|g058_eod_tp20_sl65  n=  1  avg=+59.1%  med=+59.1%  realized=$+25.41
  b68|c068_s165_w1_0928_1005_r4  n= 16  avg=-51.3%  med=-49.1%  realized=$-446.00
  b68|c068_s166_w1_0928_1005_r3  n=  4  avg=-52.7%  med=-49.1%  realized=$-116.00
  b69|c069_s165_w2_1005_1045_r4  n= 11  avg=+19.0%  med=-43.6%  realized=$-179.00
  b69|c069_s166_w2_1005_1045_r3  n=  4  avg=+10.1%  med=-40.0%  realized=$-87.00
  b70|c070_s165_w3_1045_1120_r4  n= 11  avg=-2.1%  med=-16.9%  realized=$-6.00
  b70|c070_s166_w3_1045_1120_r3  n=  4  avg=-42.5%  med=-27.0%  realized=$-124.00
  b70|g070_eod_tp30_sl20  n=  1  avg=+59.1%  med=+59.1%  realized=$+27.77
  b76|c076_s164_w1_0928_1005_r3  n=  1  avg=-50.0%  med=-50.0%  realized=$-2.00
  b88|c088_s165_w1_0928_1005_r5  n= 21  avg=-5.0%  med=-2.7%  realized=$-63.00
  b88|c088_s167_w1_0928_1005_r4  n=  4  avg=-12.7%  med=+30.9%  realized=$-28.00
  b89|c089_s165_w2_1005_1045_r5  n=  7  avg=+113.1%  med=+30.9%  realized=$+67.00
  b89|c089_s167_w2_1005_1045_r4  n=  2  avg=-16.2%  med=+30.9%  realized=$-22.00
  b8|c008_s165_w1_0928_1005_r1  n= 23  avg=-19.6%  med=-35.3%  realized=$-250.00
  b90|c090_s165_w3_1045_1120_r5  n= 13  avg=+7.7%  med=+0.0%  realized=$+47.00
  b90|c090_s167_w3_1045_1120_r4  n=  4  avg=-41.6%  med=-18.9%  realized=$-123.00
  b91|c091_s165_w4_1120_1135_r5  n=  2  avg=+222.0%  med=+247.0%  realized=$+293.00
  b9|c009_s165_w2_1005_1045_r1  n=  7  avg=-74.4%  med=-66.2%  realized=$-301.00
========================================================
+========================================================================+
|  OPTIONS BOT SUMMARY                                                   |
+------------------------------------------------------------------------+
|  Mode                          entry+manage                            |
|  Equity                        $130,458.39                             |
|  Signals this run              297                                     |
|  Orders submitted (session)    48                                      |
|  Orders filled today (ledger)  40                                      |
|  Entries placed this run       0                                       |
|  Open virtual lots             2                                       |
|  Broker option positions       1                                       |
|  Pending orders                8                                       |
+========================================================================+
+========================================================================+
|  BUCKET LEADERBOARD (reflected ex-S173,S174)                           |
+------------------------------------------------------------------------+
|  Reflected trades=273  buckets=27  win=30%                             |
|  Returns   avg=-5.1%  med=-40.0%  p10=-66.2%  p90=+81.8%               |
|  Realized  $+4,423.13                                                  |
|  Raw incl dropped  trades=807  real=$+2,827.58                         |
+------------------------------------------------------------------------+
|  BKT PROFILE               N  WIN  AVG%   MED%   BEST%  REAL$          |
+------------------------------------------------------------------------+
|  b51  c051_s169_w2_1005_  1 100% +263.6 +263.6 +263.6 $   +174         |
|  b91  c091_s200_w2_1005_  2 100% +222.0 +222.0 +247.0 $   +293         |
|  b31  c031_s166_w4_1120_  2 100% +145.5 +145.5 +175.8 $   +192         |
|  b28  c028_s166_w3_1045_ 22  77% +50.0 +80.0 +102.0 $   +590           |
|  b58  c058_s170_w2_1005_  1 100% +59.1 +59.1 +59.1 $    +25            |
|  b56  c056_s170_w1_0928_  1 100% +47.7 +47.7 +47.7 $    +21            |
|  b57  c057_s170_w1_0928_  1 100% +47.7 +47.7 +47.7 $    +21            |
|  b89  c089_s200_w1_0928_  9  56% +84.4 +30.9 +790.0 $    +45           |
|  ... 19 more bucket(s) with exits                                      |
+------------------------------------------------------------------------+
|  Low  b20  c020_s165_w3_1045_  1   0% -88.9 -88.9 -88.9 $     -8       |
+========================================================================+
+========================================================================+
|  PENDING ORDERS (8)                                                    |
+------------------------------------------------------------------------+
|  Top groups                    S165:APA(2), S167:APA(2), S212:CMG(2)   |
+------------------------------------------------------------------------+
|  b16  S165 APA      limit=0.21                                         |
|  b17  S165 APA      limit=0.21                                         |
|  b32  S167 APA      limit=0.21                                         |
|  b33  S167 APA      limit=0.21                                         |
|  b184 S212 CMG      limit=0.69                                         |
|  ... 3 more pending order(s)                                           |
+========================================================================+
+========================================================================+
|  OPEN OPTIONS (1)                                                      |
+------------------------------------------------------------------------+
|  SYMBOL                      QTY    RET%        OPEN P&L               |
|------------------------------------------------------------------------|
|  IBM260731C00235000            2    -11.5%   $    -12.00               |
+========================================================================+
Full detail: logs/options_trial/runs/2026-07-27.log
elapsed=177.5s reconcile=0.09s cancel=0.02s manage=0.02s scan=172.42s entries=4.65s

=== 10:20:50 ET — entry+manage (0 new) [elapsed=192.5s reconcile=0.35s cancel=0.13s manage=0.13s scan=179.42s entries=11.64s] ===
=== options_morning_bot (PAPER) 2026-07-27T10:20:50.208204-04:00 ===

[Run context]
Paper auth OK — equity $129934.31, account PA36KS87UPRS
  reconcile: layout changed controlled:100:c000_s173_w1_0928_1005_r1 -> controlled:248:c000_s163_w1_0928_1005_r1
  reconcile: removed 2 stale lot(s)

[Setup]
Active buckets: 248 | Strategies: S165, S164, S168, S167, S166, S163, S169, S170, S171, S172, S175, S200, S201, S202, S203, S204, S205, S206, S207, S208, S209, S210, S211, S212, S213, S214, S215, S216, S217, S218, S219
Dropped (no new entries; ex-reflected P&L): S173, S174

[Scan + entries]
Scanning 903 symbols for [S165, S164, S168, S167, S166, S163, S169, S170, S171, S172, S175, S200, S201, S202, S203, S204, S205, S206, S207, S208, S209, S210, S211, S212, S213, S214, S215, S216, S217, S218, S219] …
Fetched daily bars for 903/903 symbols
Found 300 signal(s); top: ['S165:APA', 'S165:CF', 'S165:CVX', 'S165:COP', 'S165:DVN', 'S165:FANG', 'S165:DOW', 'S165:EOG']
Paper lab: $129488 broker equity -> 248 bucket(s) ($500 virtual each, unlimited paper)
  [b10|c010_s164_w2_1005_1045_r1] S164 APA: no tradeable call
  [b11|c011_s164_w2_1005_1045_r2] S164 APA: no tradeable call
  [b10|c010_s164_w2_1005_1045_r1] S164 CF: no tradeable call
  [b11|c011_s164_w2_1005_1045_r2] S164 CF: no tradeable call
  [b10|c010_s164_w2_1005_1045_r1] S164 CVX: no tradeable call
  [b11|c011_s164_w2_1005_1045_r2] S164 CVX: no tradeable call
  [b10|c010_s164_w2_1005_1045_r1] S164 COP: no tradeable call
  [b11|c011_s164_w2_1005_1045_r2] S164 COP: no tradeable call
  [b10|c010_s164_w2_1005_1045_r1] S164 DVN: no tradeable call
  [b11|c011_s164_w2_1005_1045_r2] S164 DVN: no tradeable call
  [b10|c010_s164_w2_1005_1045_r1] S164 FANG: no tradeable call
  [b11|c011_s164_w2_1005_1045_r2] S164 FANG: no tradeable call
  [b10|c010_s164_w2_1005_1045_r1] S164 DOW: no tradeable call
  [b11|c011_s164_w2_1005_1045_r2] S164 DOW: no tradeable call
  [b10|c010_s164_w2_1005_1045_r1] S164 EOG: no tradeable call
  [b11|c011_s164_w2_1005_1045_r2] S164 EOG: no tradeable call
  [b10|c010_s164_w2_1005_1045_r1] S164 XOM: no tradeable call
  [b11|c011_s164_w2_1005_1045_r2] S164 XOM: no tradeable call
  [b10|c010_s164_w2_1005_1045_r1] S164 HAL: no tradeable call
  [b11|c011_s164_w2_1005_1045_r2] S164 HAL: no tradeable call
  [b10|c010_s164_w2_1005_1045_r1] S164 LYB: no tradeable call
  [b11|c011_s164_w2_1005_1045_r2] S164 LYB: no tradeable call
  [b10|c010_s164_w2_1005_1045_r1] S164 OXY: no tradeable call
  [b11|c011_s164_w2_1005_1045_r2] S164 OXY: no tradeable call
  [b10|c010_s164_w2_1005_1045_r1] S164 OKE: no tradeable call
  [b11|c011_s164_w2_1005_1045_r2] S164 OKE: no tradeable call
  [b10|c010_s164_w2_1005_1045_r1] S164 VLO: no tradeable call
  [b11|c011_s164_w2_1005_1045_r2] S164 VLO: no tradeable call
  [b10|c010_s164_w2_1005_1045_r1] S164 AR: no tradeable call
  [b11|c011_s164_w2_1005_1045_r2] S164 AR: no tradeable call
  [b10|c010_s164_w2_1005_1045_r1] S164 CHRD: no tradeable call
  [b11|c011_s164_w2_1005_1045_r2] S164 CHRD: no tradeable call
  [b10|c010_s164_w2_1005_1045_r1] S164 DINO: no tradeable call
  [b11|c011_s164_w2_1005_1045_r2] S164 DINO: no tradeable call
  [b10|c010_s164_w2_1005_1045_r1] S164 MUR: no tradeable call
  [b11|c011_s164_w2_1005_1045_r2] S164 MUR: no tradeable call
  [b10|c010_s164_w2_1005_1045_r1] S164 PBF: no tradeable call
  [b11|c011_s164_w2_1005_1045_r2] S164 PBF: no tradeable call
  [b10|c010_s164_w2_1005_1045_r1] S164 PR: no tradeable call
  [b11|c011_s164_w2_1005_1045_r2] S164 PR: no tradeable call
  [b178|c178_s211_w2_1005_1045_r1] S211 EOG: no tradeable call
  [b179|c179_s211_w2_1005_1045_r2] S211 EOG: no tradeable call
  [b178|c178_s211_w2_1005_1045_r1] S211 FIS: no tradeable call
  [b179|c179_s211_w2_1005_1045_r2] S211 FIS: no tradeable call
  [b178|c178_s211_w2_1005_1045_r1] S211 BJ: no tradeable call
  [b179|c179_s211_w2_1005_1045_r2] S211 BJ: no tradeable call
  [b178|c178_s211_w2_1005_1045_r1] S211 GGG: no tradeable call
  [b179|c179_s211_w2_1005_1045_r2] S211 GGG: no tradeable call
  [b178|c178_s211_w2_1005_1045_r1] S211 NXST: no tradeable call
  [b179|c179_s211_w2_1005_1045_r2] S211 NXST: no tradeable call
  [b178|c178_s211_w2_1005_1045_r1] S211 PPC: no tradeable call
  [b179|c179_s211_w2_1005_1045_r2] S211 PPC: no tradeable call
  Skipped: 52 no tradeable call, 534 already attempted today, 14 pending order
Placed 0 new entry order(s).
  reconcile: layout changed controlled:100:c000_s173_w1_0928_1005_r1 -> controlled:248:c000_s163_w1_0928_1005_r1

[Portfolio snapshot]
========================================================
OPTIONS TRIAL STATS
========================================================
Account equity: $129,934.31
Active buckets: 248 of 248 profiles ($500 virtual each) — paper unlimited mode

P&L summary
  Reflected (ex-S173,S174): $+4,423.13 all-time  |  $+0.00 today
  Raw (incl dropped):     $+2,827.58 all-time  |  $+0.00 today
  Open (not sold yet): $+0.00 unrealized (virtual lots)
  Premium deployed:    $0.00 in open positions
  Combined P&L:        $+4,423.13 (reflected realized + open virtual)

Ledger (master)
  Total events:     5625
  Today entries:    40
  Today exits (reflected): 0
  All-time exits (reflected): 273  wins 30%
  Avg return/trade: -5.1%  median -40.0%

Open virtual lots (by bucket)
  (248 quiet bucket profile(s) — no trades yet)
  (no open lots across active profiles)

Pending orders: 8
  b16 S165 APA limit=0.21
  b17 S165 APA limit=0.21
  b32 S167 APA limit=0.21
  b33 S167 APA limit=0.21
  b184 S212 CMG limit=0.69

Alpaca option positions
  (none)

Per-bucket exit stats (all time)
  b0|orphan_reconcile     n= 22  avg=+22.4%  med=-57.5%  realized=$+6,310.91
  b104|c104_s164_w1_0928_1005_r4  n=  1  avg=-88.9%  med=-88.9%  realized=$-8.00
  b10|c010_s165_w3_1045_1120_r1  n=  8  avg=-37.2%  med=-18.9%  realized=$-205.00
  b132|c132_s164_w1_0928_1005_r5  n=  2  avg=-65.7%  med=-53.6%  realized=$-37.00
  b135|c135_s164_w4_1120_1135_r5  n=  1  avg=-50.0%  med=-50.0%  realized=$-4.00
  b20|c020_s164_w1_0928_1005_r1  n=  1  avg=-88.9%  med=-88.9%  realized=$-8.00
  b28|c028_s165_w1_0928_1005_r2  n= 17  avg=+49.5%  med=+80.0%  realized=$+448.00
  b28|c028_s173_w1_0928_1005_r2  n=  5  avg=+51.6%  med=+80.0%  realized=$+142.00
  b29|c029_s165_w2_1005_1045_r2  n=  9  avg=-23.3%  med=-50.0%  realized=$-221.00
  b29|c029_s173_w2_1005_1045_r2  n=  2  avg=-69.3%  med=-48.5%  realized=$-78.00
  b30|c030_s165_w3_1045_1120_r2  n=  9  avg=+38.8%  med=+0.0%  realized=$+260.00
  b30|c030_s173_w3_1045_1120_r2  n=  2  avg=-9.5%  med=+0.0%  realized=$-14.00
  b31|c031_s165_w4_1120_1135_r2  n=  2  avg=+145.5%  med=+175.8%  realized=$+192.00
  b48|c048_s164_w1_0928_1005_r2  n=  5  avg=-33.1%  med=-49.1%  realized=$-91.00
  b48|c048_s165_w1_0928_1005_r3  n= 16  avg=-35.9%  med=-49.1%  realized=$-344.00
  b49|c049_s164_w2_1005_1045_r2  n=  4  avg=-51.8%  med=-44.0%  realized=$-133.00
  b49|c049_s165_w2_1005_1045_r3  n= 15  avg=-49.3%  med=-49.1%  realized=$-458.00
  b50|c050_s164_w3_1045_1120_r2  n=  4  avg=-39.6%  med=-16.7%  realized=$-115.00
  b50|c050_s165_w3_1045_1120_r3  n=  9  avg=-23.6%  med=-23.1%  realized=$-142.00
  b51|c051_s165_w4_1120_1135_r3  n=  1  avg=+263.6%  med=+263.6%  realized=$+174.00
  b56|g056_lim_tp20_sl65  n=  1  avg=+47.7%  med=+47.7%  realized=$+20.52
  b57|g057_mid_tp20_sl65  n=  1  avg=+47.7%  med=+47.7%  realized=$+20.52
  b58|g058_eod_tp20_sl65  n=  1  avg=+59.1%  med=+59.1%  realized=$+25.41
  b68|c068_s165_w1_0928_1005_r4  n= 16  avg=-51.3%  med=-49.1%  realized=$-446.00
  b68|c068_s166_w1_0928_1005_r3  n=  4  avg=-52.7%  med=-49.1%  realized=$-116.00
  b69|c069_s165_w2_1005_1045_r4  n= 11  avg=+19.0%  med=-43.6%  realized=$-179.00
  b69|c069_s166_w2_1005_1045_r3  n=  4  avg=+10.1%  med=-40.0%  realized=$-87.00
  b70|c070_s165_w3_1045_1120_r4  n= 11  avg=-2.1%  med=-16.9%  realized=$-6.00
  b70|c070_s166_w3_1045_1120_r3  n=  4  avg=-42.5%  med=-27.0%  realized=$-124.00
  b70|g070_eod_tp30_sl20  n=  1  avg=+59.1%  med=+59.1%  realized=$+27.77
  b76|c076_s164_w1_0928_1005_r3  n=  1  avg=-50.0%  med=-50.0%  realized=$-2.00
  b88|c088_s165_w1_0928_1005_r5  n= 21  avg=-5.0%  med=-2.7%  realized=$-63.00
  b88|c088_s167_w1_0928_1005_r4  n=  4  avg=-12.7%  med=+30.9%  realized=$-28.00
  b89|c089_s165_w2_1005_1045_r5  n=  7  avg=+113.1%  med=+30.9%  realized=$+67.00
  b89|c089_s167_w2_1005_1045_r4  n=  2  avg=-16.2%  med=+30.9%  realized=$-22.00
  b8|c008_s165_w1_0928_1005_r1  n= 23  avg=-19.6%  med=-35.3%  realized=$-250.00
  b90|c090_s165_w3_1045_1120_r5  n= 13  avg=+7.7%  med=+0.0%  realized=$+47.00
  b90|c090_s167_w3_1045_1120_r4  n=  4  avg=-41.6%  med=-18.9%  realized=$-123.00
  b91|c091_s165_w4_1120_1135_r5  n=  2  avg=+222.0%  med=+247.0%  realized=$+293.00
  b9|c009_s165_w2_1005_1045_r1  n=  7  avg=-74.4%  med=-66.2%  realized=$-301.00
========================================================
+========================================================================+
|  OPTIONS BOT SUMMARY                                                   |
+------------------------------------------------------------------------+
|  Mode                          entry+manage                            |
|  Equity                        $129,934.31                             |
|  Signals this run              300                                     |
|  Orders submitted (session)    48                                      |
|  Orders filled today (ledger)  40                                      |
|  Entries placed this run       0                                       |
|  Open virtual lots             0                                       |
|  Broker option positions       0                                       |
|  Pending orders                8                                       |
+========================================================================+
+========================================================================+
|  BUCKET LEADERBOARD (reflected ex-S173,S174)                           |
+------------------------------------------------------------------------+
|  Reflected trades=273  buckets=27  win=30%                             |
|  Returns   avg=-5.1%  med=-40.0%  p10=-66.2%  p90=+81.8%               |
|  Realized  $+4,423.13                                                  |
|  Raw incl dropped  trades=807  real=$+2,827.58                         |
+------------------------------------------------------------------------+
|  BKT PROFILE               N  WIN  AVG%   MED%   BEST%  REAL$          |
+------------------------------------------------------------------------+
|  b51  c051_s169_w2_1005_  1 100% +263.6 +263.6 +263.6 $   +174         |
|  b91  c091_s200_w2_1005_  2 100% +222.0 +222.0 +247.0 $   +293         |
|  b31  c031_s166_w4_1120_  2 100% +145.5 +145.5 +175.8 $   +192         |
|  b28  c028_s166_w3_1045_ 22  77% +50.0 +80.0 +102.0 $   +590           |
|  b58  c058_s170_w2_1005_  1 100% +59.1 +59.1 +59.1 $    +25            |
|  b56  c056_s170_w1_0928_  1 100% +47.7 +47.7 +47.7 $    +21            |
|  b57  c057_s170_w1_0928_  1 100% +47.7 +47.7 +47.7 $    +21            |
|  b89  c089_s200_w1_0928_  9  56% +84.4 +30.9 +790.0 $    +45           |
|  ... 19 more bucket(s) with exits                                      |
+------------------------------------------------------------------------+
|  Low  b20  c020_s165_w3_1045_  1   0% -88.9 -88.9 -88.9 $     -8       |
+========================================================================+
+========================================================================+
|  PENDING ORDERS (8)                                                    |
+------------------------------------------------------------------------+
|  Top groups                    S165:APA(2), S167:APA(2), S212:CMG(2)   |
+------------------------------------------------------------------------+
|  b16  S165 APA      limit=0.21                                         |
|  b17  S165 APA      limit=0.21                                         |
|  b32  S167 APA      limit=0.21                                         |
|  b33  S167 APA      limit=0.21                                         |
|  b184 S212 CMG      limit=0.69                                         |
|  ... 3 more pending order(s)                                           |
+========================================================================+
+========================================================================+
|  OPEN OPTIONS (0)                                                      |
+------------------------------------------------------------------------+
|  No open option positions                                              |
+========================================================================+
Full detail: logs/options_trial/runs/2026-07-27.log
elapsed=192.5s reconcile=0.35s cancel=0.13s manage=0.13s scan=179.42s entries=11.64s

