=== 09:01:32 ET — after hours (exit summary) [elapsed=0.9s reconcile=0.25s] ===
=== options_morning_bot (PAPER) 2026-10-02T09:01:32.199187-04:00 ===

[Run context]
After hours (09:01 ET) — exit summary only.
Paper auth OK — equity $989684.44, account PA33P8KT02IL
  reconcile: layout changed controlled:100:c000_s173_w1_0928_1005_r1 -> controlled:77:live_1to1+variations

[Exit summary]
========================================================
OPTIONS EXIT SUMMARY — 2026-10-02
========================================================
Account equity: $989,684.44
Open broker positions: 11  unrealized $-265.00

No closed trades today.
========================================================

[Portfolio snapshot]
========================================================
OPTIONS TRIAL STATS
========================================================
Account equity: $989,684.44
Active buckets: 77 of 77 profiles ($500 virtual each) — paper unlimited mode

P&L summary
  Reflected (ex-S202,S203,S207,S211,S212,S216,S217,S351,S354,S355,S360,S363,S366,S405,S407,S408): $+13,347.55 all-time  |  $+0.00 today
  Raw (incl dropped):     $+8,123.55 all-time  |  $+0.00 today
  Open (not sold yet): $-96.00 unrealized (virtual lots)
                       $-265.00 unrealized (broker total)
  Premium deployed:    $1,630.00 in open positions
  Combined P&L:        $+13,251.55 (reflected realized + open virtual)

Ledger (master)
  Total events:     15761
  Today entries:    0
  Today exits (reflected): 0
  All-time exits (reflected): 2702  wins 44%
  Avg return/trade: +31.0%  median -23.3%

Open virtual lots (by bucket)
  b12 lab0012_s403_w2_1005_1045_r1  prem=$     0  real=$-39.00  open=$ +0.00  lots=0  [-]
       buy: ask-0.01  sell: bid-0.01  tp=+50% sl=-50%
  b90 live_1to1               prem=$    68  real=$+36.00  open=$ -2.77  lots=1  [S404:NKEx1]
       buy: ask-0.01  sell: bid-0.01  tp=+50% sl=-40%
  (75 quiet bucket profile(s) — no trades yet)

Alpaca option positions
  CVNA261002C00066000  qty=-1  cost=$6.00  return=-183.3%  open P&L=$-11.00
  CVNA261002C00068000  qty=-1  cost=$11.00  return=+18.2%  open P&L=$+2.00
  CVNA261002C00069000  qty=2  cost=$76.00  return=-97.4%  open P&L=$-74.00
  CVX261002C00210000  qty=-1  cost=$33.00  return=+12.1%  open P&L=$+4.00
  CVX261016C00220000  qty=1  cost=$72.00  return=-13.9%  open P&L=$-10.00
  DKNG261009C00022500  qty=-1  cost=$21.00  return=+66.7%  open P&L=$+14.00
  DKNG261016C00023500  qty=1  cost=$43.00  return=-93.0%  open P&L=$-40.00
  NKE261002C00038000  qty=15  cost=$1,032.00  return=-4.1%  open P&L=$-42.00
  NKE261002C00038500  qty=6  cost=$334.00  return=-1.2%  open P&L=$-4.00
  OXY261002C00056000  qty=-1  cost=$27.00  return=-659.3%  open P&L=$-178.00
  OXY261016C00058000  qty=1  cost=$73.00  return=+101.4%  open P&L=$+74.00

Per-bucket exit stats (all time)
  b0|c000_s173_w1_0928_1005_r1  n= 22  avg=+24.8%  med=+34.9%  realized=$+283.00
  b0|orphan_reconcile     n=422  avg=+6.1%  med=-48.0%  realized=$+312.88
  b104|c104_s164_w1_0928_1005_r4  n=  1  avg=-88.9%  med=-88.9%  realized=$-8.00
  b1052|lab1052_s165_w1_0928_1005_r1  n=  2  avg=+170.4%  med=+194.7%  realized=$+110.00
  b1053|lab1053_s165_w1_0928_1005_r2  n=  2  avg=+165.7%  med=+189.5%  realized=$+107.00
  b1054|lab1054_s165_w2_1005_1045_r1  n=  1  avg=+93.5%  med=+93.5%  realized=$+58.00
  b1055|lab1055_s165_w2_1005_1045_r2  n=  1  avg=+526.3%  med=+526.3%  realized=$+100.00
  b1057|lab1057_s165_w3_1045_1120_r2  n=  2  avg=+45.7%  med=+144.7%  realized=$+23.00
  b1058|lab1058_s165_w4_1120_1135_r1  n=  1  avg=+390.5%  med=+390.5%  realized=$+82.00
  b1059|lab1059_s165_w4_1120_1135_r2  n=  1  avg=+342.9%  med=+342.9%  realized=$+72.00
  b1094|lab1094_s167_w1_0928_1005_r1  n=  3  avg=+75.9%  med=+126.0%  realized=$+73.00
  b1095|lab1095_s167_w1_0928_1005_r2  n=  3  avg=+58.7%  med=+106.0%  realized=$+57.00
  b1096|lab1096_s167_w2_1005_1045_r1  n=  3  avg=+140.2%  med=-55.4%  realized=$+45.00
  b1097|lab1097_s167_w2_1005_1045_r2  n=  3  avg=+132.5%  med=-55.4%  realized=$+40.00
  b1098|lab1098_s167_w3_1045_1120_r1  n=  1  avg=+121.0%  med=+121.0%  realized=$+46.00
  b1099|lab1099_s167_w3_1045_1120_r2  n=  1  avg=+142.1%  med=+142.1%  realized=$+54.00
  b10|c010_s165_w3_1045_1120_r1  n=  8  avg=-37.2%  med=-18.9%  realized=$-205.00
  b1100|lab1100_s167_w4_1120_1135_r1  n=  1  avg=+328.6%  med=+328.6%  realized=$+69.00
  b1101|lab1101_s167_w4_1120_1135_r2  n=  1  avg=+323.8%  med=+323.8%  realized=$+68.00
  b1108|lab1108_s166_w1_0928_1005_r1  n=  1  avg=+160.9%  med=+160.9%  realized=$+74.00
  b1109|lab1109_s166_w1_0928_1005_r2  n=  1  avg=+77.6%  med=+77.6%  realized=$+45.00
  b1110|lab1110_s166_w2_1005_1045_r1  n=  2  avg=-10.5%  med=+67.2%  realized=$+26.00
  b1111|lab1111_s166_w2_1005_1045_r2  n=  2  avg=-7.7%  med=+72.9%  realized=$+28.00
  b1112|lab1112_s166_w3_1045_1120_r1  n=  1  avg=+273.0%  med=+273.0%  realized=$+101.00
  b1113|lab1113_s166_w3_1045_1120_r2  n=  2  avg=+100.9%  med=+135.1%  realized=$+92.00
  b1115|lab1115_s166_w4_1120_1135_r2  n=  1  avg=+55.6%  med=+55.6%  realized=$+40.00
  b1122|lab1122_s168_w1_0928_1005_r1  n=  3  avg=+72.4%  med=+50.0%  realized=$+46.00
  b1123|lab1123_s168_w1_0928_1005_r2  n=  3  avg=+55.9%  med=+53.3%  realized=$+36.00
  b1124|lab1124_s168_w2_1005_1045_r1  n=  2  avg=+91.2%  med=+248.6%  realized=$+50.00
  b1125|lab1125_s168_w2_1005_1045_r2  n=  3  avg=+32.1%  med=-54.8%  realized=$+16.00
  b1126|lab1126_s168_w3_1045_1120_r1  n=  4  avg=+67.5%  med=+116.2%  realized=$+110.00
  b1127|lab1127_s168_w3_1045_1120_r2  n=  4  avg=+52.5%  med=+102.7%  realized=$+86.00
  b1128|lab1128_s168_w4_1120_1135_r1  n=  2  avg=+120.5%  med=+272.2%  realized=$+83.00
  b1129|lab1129_s168_w4_1120_1135_r2  n=  2  avg=+101.7%  med=+255.6%  realized=$+67.00
  b1136|lab1136_s163_w1_0928_1005_r1  n=  3  avg=-8.7%  med=-51.4%  realized=$+6.00
  b1137|lab1137_s163_w1_0928_1005_r2  n=  3  avg=-19.2%  med=-61.9%  realized=$-7.00
  b1138|lab1138_s163_w2_1005_1045_r1  n=  3  avg=+69.1%  med=+67.2%  realized=$+84.00
  b1139|lab1139_s163_w2_1005_1045_r2  n=  3  avg=+73.5%  med=+70.5%  realized=$+90.00
  b1140|lab1140_s163_w3_1045_1120_r1  n=  6  avg=+47.0%  med=+73.0%  realized=$+156.00
  b1141|lab1141_s163_w3_1045_1120_r2  n=  6  avg=+42.1%  med=+64.9%  realized=$+138.00
  b1142|lab1142_s163_w4_1120_1135_r1  n=  1  avg=-72.9%  med=-72.9%  realized=$-35.00
  b1143|lab1143_s163_w4_1120_1135_r2  n=  2  avg=+27.6%  med=+128.1%  realized=$+6.00
  b1150|lab1150_s164_w1_0928_1005_r1  n=  4  avg=+79.6%  med=+156.0%  realized=$+92.00
  b1151|lab1151_s164_w1_0928_1005_r2  n=  4  avg=+40.3%  med=+124.0%  realized=$+59.00
  b1152|lab1152_s164_w2_1005_1045_r1  n=  2  avg=+216.7%  med=+531.6%  realized=$+46.00
  b1153|lab1153_s164_w2_1005_1045_r2  n=  2  avg=+242.5%  med=+542.1%  realized=$+71.00
  b1154|lab1154_s164_w3_1045_1120_r1  n=  3  avg=+51.4%  med=+62.2%  realized=$+47.00
  b1155|lab1155_s164_w3_1045_1120_r2  n=  3  avg=+43.1%  med=+43.2%  realized=$+42.00
  b1156|lab1156_s164_w4_1120_1135_r1  n=  2  avg=+144.5%  med=+342.9%  realized=$+65.00
  b1157|lab1157_s164_w4_1120_1135_r2  n=  2  avg=+150.4%  med=+323.8%  realized=$+65.00
  b12|lab0012_s403_w2_1005_1045_r1  n=  2  avg=-55.0%  med=-50.0%  realized=$-39.00
  b132|c132_s164_w1_0928_1005_r5  n=  2  avg=-65.7%  med=-53.6%  realized=$-37.00
  b135|c135_s164_w4_1120_1135_r5  n=  1  avg=-50.0%  med=-50.0%  realized=$-4.00
  b192|lab0192_s218_w1_0928_1005_r1  n= 12  avg=+19.7%  med=+50.0%  realized=$+116.00
  b193|lab0193_s218_w1_0928_1005_r2  n= 14  avg=+25.9%  med=+36.4%  realized=$+174.00
  b194|lab0194_s218_w2_1005_1045_r1  n= 20  avg=+9.9%  med=-37.5%  realized=$-84.00
  b195|lab0195_s218_w2_1005_1045_r2  n= 22  avg=+27.2%  med=+58.8%  realized=$+218.00
  b196|lab0196_s218_w3_1045_1120_r1  n= 10  avg=+105.0%  med=+0.0%  realized=$+140.00
  b197|lab0197_s218_w3_1045_1120_r2  n=  9  avg=+120.8%  med=+45.7%  realized=$+268.00
  b198|lab0198_s218_w4_1120_1135_r1  n=  5  avg=+67.4%  med=+85.7%  realized=$+133.00
  b199|lab0199_s218_w4_1120_1135_r2  n=  6  avg=+30.4%  med=+75.4%  realized=$+108.00
  b1|c001_s173_w2_1005_1045_r1  n= 10  avg=-65.0%  med=-64.9%  realized=$-406.00
  b20|c020_s164_w1_0928_1005_r1  n=  9  avg=-11.2%  med=-14.3%  realized=$-19.00
  b20|c020_s173_w1_0928_1005_r2  n= 21  avg=+1.0%  med=-3.6%  realized=$+6.00
  b21|c021_s164_w2_1005_1045_r1  n=  8  avg=-61.7%  med=-56.1%  realized=$-308.00
  b21|c021_s173_w2_1005_1045_r2  n= 23  avg=-55.2%  med=-72.1%  realized=$-863.00
  b222|lab0222_s400_w2_1005_1045_r1  n=  1  avg=-50.0%  med=-50.0%  realized=$-4.00
  b223|lab0223_s400_w2_1005_1045_r2  n=  1  avg=-50.0%  med=-50.0%  realized=$-4.00
  b224|lab0224_s400_w3_1045_1120_r1  n=  1  avg=-66.7%  med=-66.7%  realized=$-10.00
  b225|lab0225_s400_w3_1045_1120_r2  n=  2  avg=-7.3%  med=+52.1%  realized=$+15.00
  b227|lab0227_s400_w4_1120_1135_r2  n=  1  avg=-22.2%  med=-22.2%  realized=$-2.00
  b22|c022_s164_w3_1045_1120_r1  n=  6  avg=-28.3%  med=-55.7%  realized=$-115.00
  b22|c022_s173_w3_1045_1120_r2  n= 11  avg=-35.9%  med=-54.2%  realized=$-224.00
  b234|lab0234_s401_w1_0928_1005_r1  n= 14  avg=+42.1%  med=-46.0%  realized=$-203.00
  b235|lab0235_s401_w1_0928_1005_r2  n= 18  avg=+108.6%  med=-23.7%  realized=$+63.00
  b236|c236_s218_w3_1045_1120_r1  n=  1  avg=-33.3%  med=-33.3%  realized=$-1.00
  b236|lab0236_s401_w2_1005_1045_r1  n= 17  avg=-10.6%  med=-38.1%  realized=$-165.00
  b237|c237_s218_w3_1045_1120_r2  n=  1  avg=-66.7%  med=-66.7%  realized=$-2.00
  b237|lab0237_s401_w2_1005_1045_r2  n= 20  avg=+21.2%  med=+50.0%  realized=$+101.00
  b238|lab0238_s401_w3_1045_1120_r1  n= 21  avg=+151.3%  med=+100.0%  realized=$+1,040.00
  b239|lab0239_s401_w3_1045_1120_r2  n= 19  avg=+91.8%  med=+30.2%  realized=$+257.00
  b23|c023_s164_w4_1120_1135_r1  n=  2  avg=-67.7%  med=-67.7%  realized=$-84.00
  b23|c023_s173_w4_1120_1135_r2  n=  3  avg=-25.0%  med=-61.5%  realized=$-41.00
  b240|lab0240_s401_w4_1120_1135_r1  n= 14  avg=+22.7%  med=+9.6%  realized=$+33.00
  b241|lab0241_s401_w4_1120_1135_r2  n= 12  avg=-24.2%  med=-17.5%  realized=$-198.00
  b25|c025_s168_w2_1005_1045_r1  n=  2  avg=-20.7%  med=-19.6%  realized=$-19.00
  b25|c025_s174_w2_1005_1045_r2  n= 18  avg=-33.0%  med=-21.7%  realized=$-333.00
  b262|lab0262_s403_w1_0928_1005_r1  n=  6  avg=+87.1%  med=+100.0%  realized=$+218.00
  b263|lab0263_s403_w1_0928_1005_r2  n= 12  avg=+50.7%  med=+67.7%  realized=$+273.00
  b264|lab0264_s403_w2_1005_1045_r1  n= 11  avg=+15.4%  med=+34.7%  realized=$+72.00
  b265|lab0265_s403_w2_1005_1045_r2  n= 13  avg=+11.6%  med=+48.6%  realized=$+83.00
  b266|lab0266_s403_w3_1045_1120_r1  n=  6  avg=+50.1%  med=+70.6%  realized=$+87.00
  b267|lab0267_s403_w3_1045_1120_r2  n=  9  avg=+22.9%  med=+52.8%  realized=$+100.00
  b268|lab0268_s403_w4_1120_1135_r1  n=  4  avg=+158.4%  med=+320.0%  realized=$+152.00
  b269|lab0269_s403_w4_1120_1135_r2  n=  8  avg=+96.4%  med=+76.9%  realized=$+278.00
  b26|c026_s174_w3_1045_1120_r2  n=  1  avg=-53.1%  med=-53.1%  realized=$-26.00
  b276|lab0276_s350_w1_0928_1005_r1  n= 10  avg=+61.5%  med=+102.9%  realized=$+227.00
  b277|lab0277_s350_w1_0928_1005_r2  n=  9  avg=+100.0%  med=+145.8%  realized=$+352.00
  b278|lab0278_s350_w2_1005_1045_r1  n= 13  avg=+37.3%  med=+0.0%  realized=$+58.00
  b279|lab0279_s350_w2_1005_1045_r2  n= 14  avg=+56.2%  med=-28.3%  realized=$+163.00
  b288|lab0288_s352_w1_0928_1005_r1  n=  6  avg=+80.4%  med=+100.0%  realized=$+77.00
  b289|lab0289_s352_w1_0928_1005_r2  n=  6  avg=+54.3%  med=+93.8%  realized=$+56.00
  b28|c028_s165_w1_0928_1005_r2  n= 17  avg=+49.5%  med=+80.0%  realized=$+448.00
  b28|c028_s173_w1_0928_1005_r2  n=  5  avg=+51.6%  med=+80.0%  realized=$+142.00
  b290|lab0290_s352_w2_1005_1045_r1  n=  8  avg=+63.4%  med=+38.9%  realized=$+91.00
  b291|lab0291_s352_w2_1005_1045_r2  n=  9  avg=+58.5%  med=-51.9%  realized=$+95.00
  b292|lab0292_s352_w3_1045_1120_r1  n= 10  avg=+50.4%  med=+13.0%  realized=$+25.00
  b293|lab0293_s352_w3_1045_1120_r2  n= 11  avg=+61.4%  med=+39.1%  realized=$+63.00
  b294|lab0294_s352_w4_1120_1135_r1  n=  5  avg=+5.0%  med=-71.4%  realized=$-78.00
  b295|lab0295_s352_w4_1120_1135_r2  n=  5  avg=+2.8%  med=-75.0%  realized=$-80.00
  b296|lab0296_s353_w1_0928_1005_r1  n=  6  avg=+78.8%  med=+123.7%  realized=$+107.00
  b297|lab0297_s353_w1_0928_1005_r2  n=  6  avg=+52.4%  med=+79.0%  realized=$+70.00
  b298|lab0298_s353_w2_1005_1045_r1  n= 12  avg=+5.8%  med=-34.7%  realized=$-67.00
  b299|lab0299_s353_w2_1005_1045_r2  n=  8  avg=-35.1%  med=-60.0%  realized=$-156.00
  b29|c029_s165_w2_1005_1045_r2  n=  9  avg=-23.3%  med=-50.0%  realized=$-221.00
  b29|c029_s173_w2_1005_1045_r2  n=  2  avg=-69.3%  med=-48.5%  realized=$-78.00
  b2|c002_s173_w3_1045_1120_r1  n= 15  avg=+67.7%  med=+32.8%  realized=$+707.00
  b300|lab0300_s353_w3_1045_1120_r1  n=  4  avg=+125.4%  med=-52.8%  realized=$-72.00
  b301|lab0301_s353_w3_1045_1120_r2  n=  2  avg=+445.0%  med=+942.9%  realized=$+38.00
  b302|lab0302_s353_w4_1120_1135_r1  n=  3  avg=+127.9%  med=+96.5%  realized=$+92.00
  b303|lab0303_s353_w4_1120_1135_r2  n=  4  avg=+103.5%  med=+93.1%  realized=$+113.00
  b30|c030_s165_w3_1045_1120_r2  n=  9  avg=+38.8%  med=+0.0%  realized=$+260.00
  b30|c030_s173_w3_1045_1120_r2  n=  2  avg=-9.5%  med=+0.0%  realized=$-14.00
  b31|c031_s165_w4_1120_1135_r2  n=  2  avg=+145.5%  med=+175.8%  realized=$+192.00
  b320|lab0320_s356_w1_0928_1005_r1  n=  4  avg=+18.8%  med=+37.9%  realized=$+34.00
  b321|lab0321_s356_w1_0928_1005_r2  n=  4  avg=+28.1%  med=+58.6%  realized=$+56.00
  b322|lab0322_s356_w2_1005_1045_r1  n=  3  avg=-12.4%  med=-21.6%  realized=$-21.00
  b323|lab0323_s356_w2_1005_1045_r2  n=  4  avg=-22.8%  med=-18.9%  realized=$-43.00
  b324|lab0324_s356_w3_1045_1120_r1  n=  4  avg=-5.4%  med=-25.0%  realized=$-12.00
  b325|lab0325_s356_w3_1045_1120_r2  n=  4  avg=-1.7%  med=-19.4%  realized=$-6.00
  b326|lab0326_s356_w4_1120_1135_r1  n=  2  avg=+76.1%  med=+100.0%  realized=$+68.00
  b327|lab0327_s356_w4_1120_1135_r2  n=  3  avg=+19.3%  med=+52.0%  realized=$+20.00
  b328|lab0328_s357_w1_0928_1005_r1  n=  3  avg=+3.8%  med=+47.1%  realized=$+7.00
  b329|lab0329_s357_w1_0928_1005_r2  n=  3  avg=+3.8%  med=+47.1%  realized=$+7.00
  b330|lab0330_s357_w2_1005_1045_r1  n=  2  avg=+34.9%  med=+131.4%  realized=$+27.00
  b331|lab0331_s357_w2_1005_1045_r2  n=  3  avg=-10.7%  med=-56.9%  realized=$-19.00
  b332|lab0332_s357_w3_1045_1120_r1  n=  5  avg=+66.7%  med=+73.7%  realized=$+190.00
  b333|lab0333_s357_w3_1045_1120_r2  n=  6  avg=+66.3%  med=+71.9%  realized=$+228.00
  b334|lab0334_s357_w4_1120_1135_r1  n=  1  avg=+81.2%  med=+81.2%  realized=$+39.00
  b335|lab0335_s357_w4_1120_1135_r2  n=  2  avg=+54.6%  med=+57.1%  realized=$+53.00
  b340|lab0340_s358_w3_1045_1120_r1  n=  1  avg=-51.4%  med=-51.4%  realized=$-37.00
  b341|lab0341_s358_w3_1045_1120_r2  n=  1  avg=-51.4%  med=-51.4%  realized=$-37.00
  b342|lab0342_s358_w4_1120_1135_r1  n=  1  avg=+53.1%  med=+53.1%  realized=$+26.00
  b343|lab0343_s358_w4_1120_1135_r2  n=  1  avg=+55.1%  med=+55.1%  realized=$+27.00
  b344|lab0344_s359_w1_0928_1005_r1  n=  6  avg=+41.3%  med=+58.5%  realized=$+5.00
  b345|lab0345_s359_w1_0928_1005_r2  n=  8  avg=+28.1%  med=+43.3%  realized=$+31.00
  b346|lab0346_s359_w2_1005_1045_r1  n= 13  avg=+63.4%  med=-46.7%  realized=$-44.00
  b347|lab0347_s359_w2_1005_1045_r2  n= 12  avg=+68.0%  med=-39.3%  realized=$-4.00
  b362|lab0362_s361_w1_0928_1005_r1  n=  7  avg=-19.5%  med=-30.4%  realized=$-109.00
  b363|lab0363_s361_w1_0928_1005_r2  n=  8  avg=-17.9%  med=-30.4%  realized=$-114.00
  b364|lab0364_s361_w2_1005_1045_r1  n=  9  avg=+126.2%  med=+81.8%  realized=$+88.00
  b365|lab0365_s361_w2_1005_1045_r2  n= 12  avg=+173.8%  med=+82.8%  realized=$+310.00
  b366|lab0366_s361_w3_1045_1120_r1  n=  4  avg=+248.7%  med=+61.1%  realized=$+24.00
  b367|lab0367_s361_w3_1045_1120_r2  n= 13  avg=+60.9%  med=-50.0%  realized=$-97.00
  b368|lab0368_s361_w4_1120_1135_r1  n=  4  avg=+61.2%  med=+71.4%  realized=$-11.00
  b369|lab0369_s361_w4_1120_1135_r2  n=  5  avg=+74.9%  med=+80.0%  realized=$+12.00
  b376|lab0376_s362_w1_0928_1005_r1  n=  9  avg=-5.0%  med=+8.7%  realized=$-60.00
  b377|lab0377_s362_w1_0928_1005_r2  n= 10  avg=+4.4%  med=+13.0%  realized=$-28.00
  b378|lab0378_s362_w2_1005_1045_r1  n=  6  avg=+212.2%  med=+74.4%  realized=$+195.00
  b379|lab0379_s362_w2_1005_1045_r2  n= 10  avg=+126.2%  med=+60.5%  realized=$+246.00
  b380|lab0380_s362_w3_1045_1120_r1  n=  8  avg=+153.8%  med=+103.3%  realized=$+196.00
  b381|lab0381_s362_w3_1045_1120_r2  n=  8  avg=+153.4%  med=+108.3%  realized=$+215.00
  b382|lab0382_s362_w4_1120_1135_r1  n=  4  avg=+330.7%  med=+323.8%  realized=$+327.00
  b383|lab0383_s362_w4_1120_1135_r2  n=  4  avg=+352.1%  med=+309.5%  realized=$+356.00
  b3|c003_s173_w4_1120_1135_r1  n= 17  avg=+131.0%  med=-50.0%  realized=$+1,311.00
  b404|lab0404_s364_w1_0928_1005_r1  n=  5  avg=-0.6%  med=-2.9%  realized=$-29.00
  b405|lab0405_s364_w1_0928_1005_r2  n=  6  avg=+3.8%  med=+50.0%  realized=$-15.00
  b406|lab0406_s364_w2_1005_1045_r1  n= 10  avg=-17.6%  med=-44.2%  realized=$-159.00
  b407|lab0407_s364_w2_1005_1045_r2  n= 11  avg=-12.3%  med=-42.3%  realized=$-90.00
  b408|lab0408_s364_w3_1045_1120_r1  n=  9  avg=+11.2%  med=+66.7%  realized=$+7.00
  b409|lab0409_s364_w3_1045_1120_r2  n= 11  avg=+7.6%  med=+53.1%  realized=$-5.00
  b40|c040_s166_w1_0928_1005_r2  n=  6  avg=-37.2%  med=-12.7%  realized=$-142.00
  b40|c040_s173_w1_0928_1005_r3  n= 23  avg=+12.9%  med=-15.4%  realized=$-90.00
  b410|lab0410_s364_w4_1120_1135_r1  n=  7  avg=+72.6%  med=+39.5%  realized=$+171.00
  b411|lab0411_s364_w4_1120_1135_r2  n=  4  avg=+137.5%  med=+188.9%  realized=$+189.00
  b418|lab0418_s365_w1_0928_1005_r1  n=  3  avg=+20.9%  med=+67.3%  realized=$+24.00
  b419|lab0419_s365_w1_0928_1005_r2  n=  6  avg=-7.6%  med=+38.5%  realized=$-47.00
  b41|c041_s166_w2_1005_1045_r2  n=  3  avg=-62.0%  med=-61.4%  realized=$-106.00
  b41|c041_s173_w2_1005_1045_r3  n= 13  avg=-48.5%  med=-66.7%  realized=$-452.00
  b420|lab0420_s365_w2_1005_1045_r1  n=  4  avg=-24.5%  med=-48.3%  realized=$-52.00
  b421|lab0421_s365_w2_1005_1045_r2  n=  4  avg=-27.9%  med=-47.8%  realized=$-62.00
  b422|lab0422_s365_w3_1045_1120_r1  n=  3  avg=+33.1%  med=+63.6%  realized=$+25.00
  b423|lab0423_s365_w3_1045_1120_r2  n=  4  avg=+34.7%  med=+63.6%  realized=$+58.00
  b424|lab0424_s365_w4_1120_1135_r1  n=  5  avg=-10.7%  med=+0.0%  realized=$-24.00
  b425|lab0425_s365_w4_1120_1135_r2  n=  3  avg=+109.8%  med=+54.8%  realized=$+124.00
  b42|c042_s166_w3_1045_1120_r2  n=  6  avg=+115.7%  med=+21.4%  realized=$+489.00
  b42|c042_s173_w3_1045_1120_r3  n= 13  avg=+31.1%  med=-8.3%  realized=$+262.00
  b43|c043_s166_w4_1120_1135_r2  n=  7  avg=+62.0%  med=+41.9%  realized=$+281.00
  b43|c043_s173_w4_1120_1135_r3  n=  8  avg=+58.7%  med=+53.2%  realized=$+241.00
  b449|lab0449_s367_w2_1005_1045_r2  n=  1  avg=-48.9%  med=-48.9%  realized=$-22.00
  b450|lab0450_s367_w3_1045_1120_r1  n=  1  avg=-51.4%  med=-51.4%  realized=$-37.00
  b451|lab0451_s367_w3_1045_1120_r2  n=  1  avg=-25.0%  med=-25.0%  realized=$-18.00
  b46|c046_s174_w3_1045_1120_r3  n=  3  avg=-89.7%  med=-89.7%  realized=$-156.00
  b47|c047_s163_w4_1120_1135_r2  n=  3  avg=-79.7%  med=-78.0%  realized=$-141.00
  b47|c047_s174_w4_1120_1135_r3  n= 25  avg=-73.4%  med=-78.0%  realized=$-1,155.00
  b48|c048_s164_w1_0928_1005_r2  n=  5  avg=-33.1%  med=-49.1%  realized=$-91.00
  b48|c048_s165_w1_0928_1005_r3  n= 16  avg=-35.9%  med=-49.1%  realized=$-344.00
  b49|c049_s164_w2_1005_1045_r2  n=  4  avg=-51.8%  med=-44.0%  realized=$-133.00
  b49|c049_s165_w2_1005_1045_r3  n= 15  avg=-49.3%  med=-49.1%  realized=$-458.00
  b50|c050_s164_w3_1045_1120_r2  n=  4  avg=-39.6%  med=-16.7%  realized=$-115.00
  b50|c050_s165_w3_1045_1120_r3  n=  9  avg=-23.6%  med=-23.1%  realized=$-142.00
  b51|c051_s165_w4_1120_1135_r3  n=  1  avg=+263.6%  med=+263.6%  realized=$+174.00
  b56|g056_lim_tp20_sl65  n=  1  avg=+47.7%  med=+47.7%  realized=$+20.52
  b57|g057_mid_tp20_sl65  n=  1  avg=+47.7%  med=+47.7%  realized=$+20.52
  b58|g058_eod_tp20_sl65  n=  1  avg=+59.1%  med=+59.1%  realized=$+25.41
  b60|c060_s167_w1_0928_1005_r3  n=  3  avg=-55.8%  med=-62.8%  realized=$-98.00
  b60|c060_s173_w1_0928_1005_r4  n= 13  avg=-5.1%  med=-13.6%  realized=$-99.00
  b61|c061_s167_w2_1005_1045_r3  n=  5  avg=-54.6%  med=-50.9%  realized=$-160.00
  b61|c061_s173_w2_1005_1045_r4  n=  8  avg=-37.3%  med=-50.0%  realized=$-208.00
  b62|c062_s167_w3_1045_1120_r3  n=  8  avg=-51.8%  med=-64.2%  realized=$-286.00
  b62|c062_s173_w3_1045_1120_r4  n= 20  avg=+182.8%  med=-58.3%  realized=$-183.00
  b63|c063_s167_w4_1120_1135_r3  n=  2  avg=-54.8%  med=-54.8%  realized=$-68.00
  b63|c063_s173_w4_1120_1135_r4  n=  1  avg=-46.1%  med=-46.1%  realized=$-24.00
  b63|g063_mid_tp20_sl65  n=  1  avg=+23.3%  med=+23.3%  realized=$+18.63
  b64|c064_s174_w1_0928_1005_r4  n=  3  avg=-93.3%  med=-93.3%  realized=$-168.00
  b64|g064_eod_tp20_sl65  n=  1  avg=+34.2%  med=+34.2%  realized=$+27.40
  b65|c065_s174_w2_1005_1045_r4  n=  8  avg=-45.7%  med=-45.2%  realized=$-238.00
  b65|g065_lim_tp20_sl65  n=  1  avg=+23.3%  med=+23.3%  realized=$+18.63
  b66|c066_s174_w3_1045_1120_r4  n=  1  avg=-52.5%  med=-52.5%  realized=$-31.00
  b66|g066_mid_tp20_sl65  n=  1  avg=+23.3%  med=+23.3%  realized=$+18.63
  b67|c067_s174_w4_1120_1135_r4  n=  1  avg=-45.8%  med=-45.8%  realized=$-27.00
  b67|g067_eod_tp20_sl65  n=  1  avg=+34.2%  med=+34.2%  realized=$+27.40
  b68|c068_s165_w1_0928_1005_r4  n= 16  avg=-51.3%  med=-49.1%  realized=$-446.00
  b68|c068_s166_w1_0928_1005_r3  n=  4  avg=-52.7%  med=-49.1%  realized=$-116.00
  b69|c069_s165_w2_1005_1045_r4  n= 11  avg=+19.0%  med=-43.6%  realized=$-179.00
  b69|c069_s166_w2_1005_1045_r3  n=  4  avg=+10.1%  med=-40.0%  realized=$-87.00
  b70|c070_s165_w3_1045_1120_r4  n= 11  avg=-2.1%  med=-16.9%  realized=$-6.00
  b70|c070_s166_w3_1045_1120_r3  n=  4  avg=-42.5%  med=-27.0%  realized=$-124.00
  b70|g070_eod_tp30_sl20  n=  1  avg=+59.1%  med=+59.1%  realized=$+27.77
  b71|g071_lim_tp30_sl20  n=  1  avg=+36.5%  med=+36.5%  realized=$+23.73
  b72|g072_mid_tp30_sl20  n=  1  avg=+36.5%  med=+36.5%  realized=$+23.73
  b73|g073_eod_tp30_sl20  n=  1  avg=+55.6%  med=+55.6%  realized=$+36.11
  b73|lab0073_s209_w1_0928_1005_r2  n=  1  avg=-64.7%  med=-64.7%  realized=$-11.00
  b74|g074_lim_tp30_sl20  n=  1  avg=+36.5%  med=+36.5%  realized=$+23.73
  b74|lab0074_s209_w2_1005_1045_r1  n=  1  avg=-58.2%  med=-58.2%  realized=$-39.00
  b75|g075_mid_tp30_sl20  n=  1  avg=+36.5%  med=+36.5%  realized=$+23.73
  b75|lab0075_s209_w2_1005_1045_r2  n=  2  avg=-50.8%  med=-50.8%  realized=$-68.00
  b768|lab0768_s396_w1_0928_1005_r1  n=  2  avg=+89.0%  med=+93.1%  realized=$+118.00
  b769|lab0769_s396_w1_0928_1005_r2  n=  2  avg=+106.2%  med=+116.7%  realized=$+139.00
  b76|c076_s164_w1_0928_1005_r3  n=  1  avg=-50.0%  med=-50.0%  realized=$-2.00
  b76|g076_eod_tp30_sl20  n=  1  avg=+34.2%  med=+34.2%  realized=$+27.40
  b771|lab0771_s396_w2_1005_1045_r2  n=  1  avg=-82.2%  med=-82.2%  realized=$-60.00
  b773|lab0773_s396_w3_1045_1120_r2  n=  1  avg=+87.5%  med=+87.5%  realized=$+63.00
  b775|lab0775_s396_w4_1120_1135_r2  n=  1  avg=+74.6%  med=+74.6%  realized=$+44.00
  b776|lab0776_s397_w1_0928_1005_r1  n=  3  avg=-38.5%  med=-64.9%  realized=$-74.00
  b777|lab0777_s397_w1_0928_1005_r2  n=  6  avg=+22.9%  med=+38.6%  realized=$+72.00
  b778|lab0778_s397_w2_1005_1045_r1  n=  9  avg=+55.1%  med=+66.7%  realized=$+323.00
  b779|lab0779_s397_w2_1005_1045_r2  n=  8  avg=+50.8%  med=+61.9%  realized=$+284.00
  b77|g077_lim_tp30_sl20  n=  1  avg=-23.3%  med=-23.3%  realized=$-18.63
  b77|lab0077_s209_w3_1045_1120_r2  n=  2  avg=-68.8%  med=-66.7%  realized=$-41.00
  b780|lab0780_s397_w3_1045_1120_r1  n=  4  avg=+16.4%  med=+74.3%  realized=$+43.00
  b781|lab0781_s397_w3_1045_1120_r2  n=  7  avg=+11.9%  med=+67.1%  realized=$+100.00
  b782|lab0782_s397_w4_1120_1135_r1  n=  2  avg=+75.8%  med=+205.6%  realized=$+112.00
  b783|lab0783_s397_w4_1120_1135_r2  n=  4  avg=+105.3%  med=+151.6%  realized=$+262.00
  b784|lab0784_s398_w1_0928_1005_r1  n=  5  avg=+37.3%  med=+49.0%  realized=$+70.00
  b785|lab0785_s398_w1_0928_1005_r2  n=  6  avg=+9.2%  med=+49.0%  realized=$+37.00
  b786|lab0786_s398_w2_1005_1045_r1  n= 11  avg=-4.0%  med=-24.4%  realized=$-52.00
  b787|lab0787_s398_w2_1005_1045_r2  n=  6  avg=+21.4%  med=+61.3%  realized=$+34.00
  b788|lab0788_s398_w3_1045_1120_r1  n= 11  avg=+16.0%  med=-18.4%  realized=$+84.00
  b789|lab0789_s398_w3_1045_1120_r2  n= 10  avg=+0.8%  med=-50.0%  realized=$+32.00
  b78|g078_mid_tp30_sl20  n=  1  avg=-23.3%  med=-23.3%  realized=$-18.63
  b790|lab0790_s398_w4_1120_1135_r1  n=  5  avg=+179.6%  med=+140.3%  realized=$+338.00
  b791|lab0791_s398_w4_1120_1135_r2  n=  8  avg=+100.4%  med=+155.6%  realized=$+258.00
  b792|lab0792_s399_w1_0928_1005_r1  n=  4  avg=+100.0%  med=+140.0%  realized=$+80.00
  b793|lab0793_s399_w1_0928_1005_r2  n= 11  avg=+34.3%  med=+57.9%  realized=$+127.00
  b794|lab0794_s399_w2_1005_1045_r1  n= 13  avg=+51.4%  med=-59.1%  realized=$-129.00
  b795|lab0795_s399_w2_1005_1045_r2  n= 17  avg=+20.4%  med=-51.7%  realized=$-132.00
  b796|lab0796_s399_w3_1045_1120_r1  n=  4  avg=+187.1%  med=-51.4%  realized=$-23.00
  b797|lab0797_s399_w3_1045_1120_r2  n= 17  avg=+13.7%  med=-52.8%  realized=$-179.00
  b798|lab0798_s399_w4_1120_1135_r1  n=  5  avg=+12.3%  med=-53.1%  realized=$+61.00
  b799|lab0799_s399_w4_1120_1135_r2  n=  9  avg=+16.6%  med=-50.0%  realized=$+25.00
  b79|g079_eod_tp30_sl20  n=  1  avg=+34.2%  med=+34.2%  realized=$+27.40
  b79|lab0079_s209_w4_1120_1135_r2  n=  1  avg=-94.6%  med=-94.6%  realized=$-53.00
  b7|c007_s174_w4_1120_1135_r1  n=  5  avg=-7.5%  med=-1.4%  realized=$-58.00
  b800|lab0800_s404_w1_0928_1005_r1  n=  6  avg=+23.0%  med=+38.6%  realized=$+65.00
  b801|lab0801_s404_w1_0928_1005_r2  n=  7  avg=-5.7%  med=-17.0%  realized=$-12.00
  b802|lab0802_s404_w2_1005_1045_r1  n= 13  avg=+24.4%  med=+56.9%  realized=$+216.00
  b803|lab0803_s404_w2_1005_1045_r2  n= 11  avg=+46.9%  med=+56.9%  realized=$+328.00
  b804|lab0804_s404_w3_1045_1120_r1  n=  8  avg=+5.7%  med=+68.5%  realized=$+74.00
  b805|lab0805_s404_w3_1045_1120_r2  n=  9  avg=-12.7%  med=-55.2%  realized=$-21.00
  b806|lab0806_s404_w4_1120_1135_r1  n=  5  avg=+91.8%  med=+91.5%  realized=$+286.00
  b807|lab0807_s404_w4_1120_1135_r2  n=  7  avg=+61.5%  med=+53.2%  realized=$+272.00
  b80|c080_s168_w1_0928_1005_r3  n=  8  avg=+3.6%  med=-11.1%  realized=$-45.00
  b80|c080_s173_w1_0928_1005_r5  n= 45  avg=+52.6%  med=+59.1%  realized=$+503.00
  b80|g080_lim_tp30_sl30  n=  1  avg=+36.5%  med=+36.5%  realized=$+23.73
  b80|lab0080_s210_w1_0928_1005_r1  n= 13  avg=+7.1%  med=-8.5%  realized=$+35.00
  b81|c081_s168_w2_1005_1045_r3  n=  5  avg=-26.9%  med=-33.8%  realized=$-83.00
  b81|c081_s173_w2_1005_1045_r5  n= 20  avg=-39.1%  med=-38.4%  realized=$-559.00
  b81|g081_mid_tp30_sl30  n=  1  avg=+36.5%  med=+36.5%  realized=$+23.73
  b81|lab0081_s210_w1_0928_1005_r2  n= 15  avg=+15.9%  med=+46.7%  realized=$+118.00
  b828|lab0828_s406_w1_0928_1005_r1  n=  5  avg=-27.0%  med=-50.0%  realized=$-22.00
  b829|lab0829_s406_w1_0928_1005_r2  n=  4  avg=-21.6%  med=-50.0%  realized=$-21.00
  b82|c082_s168_w3_1045_1120_r3  n=  5  avg=-1.6%  med=-40.0%  realized=$-2.00
  b82|c082_s173_w3_1045_1120_r5  n=  9  avg=-10.7%  med=-12.5%  realized=$-48.00
  b82|g082_eod_tp30_sl30  n=  1  avg=+55.6%  med=+55.6%  realized=$+36.11
  b82|lab0082_s210_w2_1005_1045_r1  n= 15  avg=+1.3%  med=-6.2%  realized=$+44.00
  b830|lab0830_s406_w2_1005_1045_r1  n= 14  avg=+66.8%  med=+71.8%  realized=$+87.00
  b831|lab0831_s406_w2_1005_1045_r2  n= 17  avg=+69.5%  med=+76.9%  realized=$+149.00
  b832|lab0832_s406_w3_1045_1120_r1  n= 15  avg=+305.6%  med=+55.3%  realized=$+1,461.00
  b833|lab0833_s406_w3_1045_1120_r2  n= 20  avg=+251.6%  med=+53.3%  realized=$+1,414.00
  b834|lab0834_s406_w4_1120_1135_r1  n=  9  avg=+313.4%  med=+100.0%  realized=$+138.00
  b835|lab0835_s406_w4_1120_1135_r2  n=  9  avg=+166.5%  med=+66.7%  realized=$+212.00
  b83|c083_s168_w4_1120_1135_r3  n=  8  avg=+84.0%  med=+62.9%  realized=$+429.00
  b83|c083_s173_w4_1120_1135_r5  n= 20  avg=-20.6%  med=-68.2%  realized=$-271.00
  b83|g083_lim_tp30_sl30  n=  1  avg=+30.1%  med=+30.1%  realized=$+24.11
  b83|lab0083_s210_w2_1005_1045_r2  n=  9  avg=+6.1%  med=+7.0%  realized=$-9.00
  b84|g084_mid_tp30_sl30  n=  1  avg=+30.1%  med=+30.1%  realized=$+24.11
  b84|lab0084_s210_w3_1045_1120_r1  n= 13  avg=-46.4%  med=-64.4%  realized=$-264.00
  b85|c085_s174_w2_1005_1045_r5  n=  7  avg=-9.4%  med=-32.7%  realized=$-42.00
  b85|g085_eod_tp30_sl30  n=  1  avg=+34.2%  med=+34.2%  realized=$+27.40
  b85|lab0085_s210_w3_1045_1120_r2  n= 17  avg=+51.3%  med=-44.4%  realized=$+43.00
  b86|c086_s174_w3_1045_1120_r5  n=  4  avg=+26.1%  med=+39.7%  realized=$+64.00
  b86|g086_lim_tp30_sl30  n=  1  avg=+30.1%  med=+30.1%  realized=$+24.11
  b86|lab0086_s210_w4_1120_1135_r1  n=  6  avg=+31.1%  med=+16.7%  realized=$+67.00
  b874|lab0874_s409_w3_1045_1120_r1  n=  1  avg=+84.7%  med=+84.7%  realized=$+61.00
  b875|lab0875_s409_w3_1045_1120_r2  n=  1  avg=+79.2%  med=+79.2%  realized=$+57.00
  b87|c087_s174_w4_1120_1135_r5  n=  4  avg=-23.5%  med=+37.5%  realized=$-114.00
  b87|g087_mid_tp30_sl30  n=  1  avg=+30.1%  med=+30.1%  realized=$+24.11
  b87|lab0087_s210_w4_1120_1135_r2  n=  9  avg=+12.1%  med=+19.4%  realized=$+41.00
  b884|lab0884_s410_w1_0928_1005_r1  n=  2  avg=+80.6%  med=+83.3%  realized=$+106.00
  b885|lab0885_s410_w1_0928_1005_r2  n=  3  avg=+72.8%  med=+65.3%  realized=$+145.00
  b886|lab0886_s410_w2_1005_1045_r1  n=  1  avg=+101.5%  med=+101.5%  realized=$+68.00
  b887|lab0887_s410_w2_1005_1045_r2  n=  2  avg=+11.0%  med=+70.4%  realized=$+19.00
  b888|lab0888_s410_w3_1045_1120_r1  n=  1  avg=-78.1%  med=-78.1%  realized=$-57.00
  b889|lab0889_s410_w3_1045_1120_r2  n=  1  avg=-68.5%  med=-68.5%  realized=$-50.00
  b88|c088_s165_w1_0928_1005_r5  n= 21  avg=-5.0%  med=-2.7%  realized=$-63.00
  b88|c088_s167_w1_0928_1005_r4  n=  4  avg=-12.7%  med=+30.9%  realized=$-28.00
  b88|g088_eod_tp30_sl30  n=  2  avg=+36.0%  med=+37.7%  realized=$+65.09
  b898|lab0898_s411_w1_0928_1005_r1  n=  2  avg=-54.5%  med=-51.4%  realized=$-79.00
  b899|lab0899_s411_w1_0928_1005_r2  n=  3  avg=-48.7%  med=-48.6%  realized=$-98.00
  b89|c089_s165_w2_1005_1045_r5  n=  7  avg=+113.1%  med=+30.9%  realized=$+67.00
  b89|c089_s167_w2_1005_1045_r4  n=  2  avg=-16.2%  med=+30.9%  realized=$-22.00
  b89|g089_lim_tp30_sl30  n=  1  avg=+30.1%  med=+30.1%  realized=$+24.11
  b8|c008_s165_w1_0928_1005_r1  n= 23  avg=-19.6%  med=-35.3%  realized=$-250.00
  b900|lab0900_s411_w2_1005_1045_r1  n= 11  avg=-2.4%  med=+7.7%  realized=$+1.00
  b901|lab0901_s411_w2_1005_1045_r2  n=  9  avg=+9.0%  med=+23.9%  realized=$+49.00
  b902|lab0902_s411_w3_1045_1120_r1  n=  8  avg=+8.1%  med=+13.4%  realized=$+16.00
  b903|lab0903_s411_w3_1045_1120_r2  n= 10  avg=+13.2%  med=+10.4%  realized=$+53.00
  b904|lab0904_s411_w4_1120_1135_r1  n=  3  avg=+3.5%  med=-52.2%  realized=$+13.00
  b905|lab0905_s411_w4_1120_1135_r2  n=  5  avg=+1.4%  med=+13.1%  realized=$+17.00
  b90|c090_s165_w3_1045_1120_r5  n= 13  avg=+7.7%  med=+0.0%  realized=$+47.00
  b90|c090_s167_w3_1045_1120_r4  n=  4  avg=-41.6%  med=-18.9%  realized=$-123.00
  b90|g090_mid_tp30_sl30  n=  1  avg=+30.1%  med=+30.1%  realized=$+24.11
  b90|live_1to1           n= 27  avg=+6.8%  med=-35.6%  realized=$+36.00
  b912|lab0912_s412_w1_0928_1005_r1  n=  6  avg=+75.0%  med=+66.7%  realized=$+27.00
  b913|lab0913_s412_w1_0928_1005_r2  n=  6  avg=+69.9%  med=+66.7%  realized=$+23.00
  b914|lab0914_s412_w2_1005_1045_r1  n=  8  avg=+90.2%  med=+79.5%  realized=$+199.00
  b915|lab0915_s412_w2_1005_1045_r2  n=  8  avg=+79.1%  med=+69.2%  realized=$+160.00
  b916|lab0916_s412_w3_1045_1120_r1  n= 16  avg=+3.0%  med=-10.7%  realized=$+0.00
  b917|lab0917_s412_w3_1045_1120_r2  n=  9  avg=+84.8%  med=-3.6%  realized=$-19.00
  b918|lab0918_s412_w4_1120_1135_r1  n=  5  avg=-49.4%  med=-55.4%  realized=$-140.00
  b919|lab0919_s412_w4_1120_1135_r2  n=  6  avg=+17.6%  med=-2.2%  realized=$-38.00
  b91|c091_s165_w4_1120_1135_r5  n=  2  avg=+222.0%  med=+247.0%  realized=$+293.00
  b91|g091_eod_tp30_sl30  n=  2  avg=+19.8%  med=+55.6%  realized=$+25.00
  b92|g092_lim_tp30_sl40  n=  2  avg=+53.6%  med=+70.8%  realized=$+94.51
  b93|g093_mid_tp30_sl40  n=  2  avg=+53.6%  med=+70.8%  realized=$+94.51
  b94|g094_eod_tp30_sl40  n=  2  avg=+46.6%  med=+55.6%  realized=$+73.80
  b95|g095_lim_tp30_sl40  n=  2  avg=+50.5%  med=+70.8%  realized=$+94.89
  b96|g096_mid_tp30_sl40  n=  2  avg=+50.5%  med=+70.8%  realized=$+94.89
  b97|g097_eod_tp30_sl40  n=  2  avg=+36.0%  med=+37.7%  realized=$+65.09
  b98|g098_lim_tp30_sl40  n=  2  avg=+50.5%  med=+70.8%  realized=$+94.89
  b99|g099_mid_tp30_sl40  n=  2  avg=+50.5%  med=+70.8%  realized=$+94.89
  b9|c009_s165_w2_1005_1045_r1  n=  7  avg=-74.4%  med=-66.2%  realized=$-301.00
========================================================
+========================================================================+
|[OPTIONS BOT DAILY VITALS (MATRIX EXPERIMENT)]                          |
+========================================================================+
|-- ACCOUNT STATUS (after_hours) --                                      |
|Equity       : $989,684.44                                              |
|Open Risk    : 26 lots (11 broker pos)                                  |
|Today's Run  : 0 signals -> 0 orders submitted                          |
|                                                                        |
|-- SYSTEM HEALTH --                                                     |
|Zombies      : 0 (Ledger is clean)                                      |
|Lab Status   : 26 Active Lots | 0 Pending Orders                        |
|Auto-Matrix  : (Pending EOD report generation)                          |
+========================================================================+
+========================================================================+
|[DATA QUALITY: CLEAN vs ERRORS vs KEEP-ONLY]                            |
+========================================================================+
|  CLEAN              n=1608  win= 48.1%  med= -27.6%  $+18,114          |
|  TAINTED            n=1953  win= 33.1%  med= -40.0%  $-9,990           |
|  KEEP-only          n=779   win= 60.8%  med= +50.9%  $+11,978          |
|  KEEP recent        n=586   win= 59.2%  med= +53.3%  $+7,917           |
|  KEEP(23): S163,S164,S167,S168,S173,S174,S210,S350...                  |
|  KILL(21): ORPHAN,S202,S203,S207,S211,S212,S216,S217...                |
+========================================================================+
+========================================================================+
|[+++ OVERPERFORMING STRATEGIES (n>=10)]                                 |
+========================================================================+
|  BKT  PROFILE                   WIN%   MED%   TOTAL TRADES             |
|  ---------------------------------------------------------             |
|  b276 lab0276_s350_w1_0928..  70%  +102.9%    10                       |
|  b238 lab0238_s401_w3_1045..  81%  +100.0%    21                       |
|  b365 lab0365_s361_w2_1005..  92%  +82.8%    12                        |
|  b28  lab0028_s373_w2_1005..  77%  +80.0%    22                        |
+========================================================================+
|[--- UNDERPERFORMING STRATEGIES (n>=10)]                                |
+========================================================================+
|  BKT  PROFILE                   WIN%   MED%   TOTAL TRADES             |
|  ---------------------------------------------------------             |
|  b47  lab0047_s392_w2_1005..   4%  -78.0%    28                        |
|  b1   lab0001_s201_w2_1005..   0%  -65.8%    10                        |
|  b41  lab0041_s386_w2_1005..  12%  -65.3%    16                        |
|  b84  g084_mid_tp30_sl30      36%  -63.8%    14                        |
+========================================================================+
+========================================================================+
|[OPEN OPTIONS (11)]                                                     |
+========================================================================+
|  SYMBOL                      QTY    RET%        OPEN P&L               |
|  ---------------------------------------------------------             |
|  OXY261002C00056000           -1   -659.3%   $   -178.00               |
|  CVNA261002C00069000           2    -97.4%   $    -74.00               |
|  OXY261016C00058000            1   +101.4%   $    +74.00               |
|  NKE261002C00038000           15     -4.1%   $    -42.00               |
|  DKNG261016C00023500           1    -93.0%   $    -40.00               |
|  DKNG261009C00022500          -1    +66.7%   $    +14.00               |
|  CVNA261002C00066000          -1   -183.3%   $    -11.00               |
|  CVX261016C00220000            1    -13.9%   $    -10.00               |
|  ... 3 more position(s)                                                |
+========================================================================+
Full detail: logs/options_trial/runs/2026-10-02.log
elapsed=0.9s reconcile=0.25s

=== 09:06:27 ET — after hours (exit summary) [elapsed=1.4s reconcile=0.43s] ===
=== options_morning_bot (PAPER) 2026-10-02T09:06:27.354742-04:00 ===

[Run context]
After hours (09:06 ET) — exit summary only.
Paper auth OK — equity $989795.44, account PA33P8KT02IL
  reconcile: layout changed controlled:100:c000_s173_w1_0928_1005_r1 -> controlled:77:live_1to1+variations

[Exit summary]
========================================================
OPTIONS EXIT SUMMARY — 2026-10-02
========================================================
Account equity: $989,795.44
Open broker positions: 11  unrealized $-265.00

No closed trades today.
========================================================

[Portfolio snapshot]
========================================================
OPTIONS TRIAL STATS
========================================================
Account equity: $989,795.44
Active buckets: 77 of 77 profiles ($500 virtual each) — paper unlimited mode

P&L summary
  Reflected (ex-S202,S203,S207,S211,S212,S216,S217,S351,S354,S355,S360,S363,S366,S405,S407,S408): $+13,347.55 all-time  |  $+0.00 today
  Raw (incl dropped):     $+8,123.55 all-time  |  $+0.00 today
  Open (not sold yet): $-96.00 unrealized (virtual lots)
                       $-265.00 unrealized (broker total)
  Premium deployed:    $1,630.00 in open positions
  Combined P&L:        $+13,251.55 (reflected realized + open virtual)

Ledger (master)
  Total events:     15761
  Today entries:    0
  Today exits (reflected): 0
  All-time exits (reflected): 2702  wins 44%
  Avg return/trade: +31.0%  median -23.3%

Open virtual lots (by bucket)
  b12 lab0012_s403_w2_1005_1045_r1  prem=$     0  real=$-39.00  open=$ +0.00  lots=0  [-]
       buy: ask-0.01  sell: bid-0.01  tp=+50% sl=-50%
  b90 live_1to1               prem=$    68  real=$+36.00  open=$ -2.77  lots=1  [S404:NKEx1]
       buy: ask-0.01  sell: bid-0.01  tp=+50% sl=-40%
  (75 quiet bucket profile(s) — no trades yet)

Alpaca option positions
  CVNA261002C00066000  qty=-1  cost=$6.00  return=-183.3%  open P&L=$-11.00
  CVNA261002C00068000  qty=-1  cost=$11.00  return=+18.2%  open P&L=$+2.00
  CVNA261002C00069000  qty=2  cost=$76.00  return=-97.4%  open P&L=$-74.00
  CVX261002C00210000  qty=-1  cost=$33.00  return=+12.1%  open P&L=$+4.00
  CVX261016C00220000  qty=1  cost=$72.00  return=-13.9%  open P&L=$-10.00
  DKNG261009C00022500  qty=-1  cost=$21.00  return=+66.7%  open P&L=$+14.00
  DKNG261016C00023500  qty=1  cost=$43.00  return=-93.0%  open P&L=$-40.00
  NKE261002C00038000  qty=15  cost=$1,032.00  return=-4.1%  open P&L=$-42.00
  NKE261002C00038500  qty=6  cost=$334.00  return=-1.2%  open P&L=$-4.00
  OXY261002C00056000  qty=-1  cost=$27.00  return=-659.3%  open P&L=$-178.00
  OXY261016C00058000  qty=1  cost=$73.00  return=+101.4%  open P&L=$+74.00

Per-bucket exit stats (all time)
  b0|c000_s173_w1_0928_1005_r1  n= 22  avg=+24.8%  med=+34.9%  realized=$+283.00
  b0|orphan_reconcile     n=422  avg=+6.1%  med=-48.0%  realized=$+312.88
  b104|c104_s164_w1_0928_1005_r4  n=  1  avg=-88.9%  med=-88.9%  realized=$-8.00
  b1052|lab1052_s165_w1_0928_1005_r1  n=  2  avg=+170.4%  med=+194.7%  realized=$+110.00
  b1053|lab1053_s165_w1_0928_1005_r2  n=  2  avg=+165.7%  med=+189.5%  realized=$+107.00
  b1054|lab1054_s165_w2_1005_1045_r1  n=  1  avg=+93.5%  med=+93.5%  realized=$+58.00
  b1055|lab1055_s165_w2_1005_1045_r2  n=  1  avg=+526.3%  med=+526.3%  realized=$+100.00
  b1057|lab1057_s165_w3_1045_1120_r2  n=  2  avg=+45.7%  med=+144.7%  realized=$+23.00
  b1058|lab1058_s165_w4_1120_1135_r1  n=  1  avg=+390.5%  med=+390.5%  realized=$+82.00
  b1059|lab1059_s165_w4_1120_1135_r2  n=  1  avg=+342.9%  med=+342.9%  realized=$+72.00
  b1094|lab1094_s167_w1_0928_1005_r1  n=  3  avg=+75.9%  med=+126.0%  realized=$+73.00
  b1095|lab1095_s167_w1_0928_1005_r2  n=  3  avg=+58.7%  med=+106.0%  realized=$+57.00
  b1096|lab1096_s167_w2_1005_1045_r1  n=  3  avg=+140.2%  med=-55.4%  realized=$+45.00
  b1097|lab1097_s167_w2_1005_1045_r2  n=  3  avg=+132.5%  med=-55.4%  realized=$+40.00
  b1098|lab1098_s167_w3_1045_1120_r1  n=  1  avg=+121.0%  med=+121.0%  realized=$+46.00
  b1099|lab1099_s167_w3_1045_1120_r2  n=  1  avg=+142.1%  med=+142.1%  realized=$+54.00
  b10|c010_s165_w3_1045_1120_r1  n=  8  avg=-37.2%  med=-18.9%  realized=$-205.00
  b1100|lab1100_s167_w4_1120_1135_r1  n=  1  avg=+328.6%  med=+328.6%  realized=$+69.00
  b1101|lab1101_s167_w4_1120_1135_r2  n=  1  avg=+323.8%  med=+323.8%  realized=$+68.00
  b1108|lab1108_s166_w1_0928_1005_r1  n=  1  avg=+160.9%  med=+160.9%  realized=$+74.00
  b1109|lab1109_s166_w1_0928_1005_r2  n=  1  avg=+77.6%  med=+77.6%  realized=$+45.00
  b1110|lab1110_s166_w2_1005_1045_r1  n=  2  avg=-10.5%  med=+67.2%  realized=$+26.00
  b1111|lab1111_s166_w2_1005_1045_r2  n=  2  avg=-7.7%  med=+72.9%  realized=$+28.00
  b1112|lab1112_s166_w3_1045_1120_r1  n=  1  avg=+273.0%  med=+273.0%  realized=$+101.00
  b1113|lab1113_s166_w3_1045_1120_r2  n=  2  avg=+100.9%  med=+135.1%  realized=$+92.00
  b1115|lab1115_s166_w4_1120_1135_r2  n=  1  avg=+55.6%  med=+55.6%  realized=$+40.00
  b1122|lab1122_s168_w1_0928_1005_r1  n=  3  avg=+72.4%  med=+50.0%  realized=$+46.00
  b1123|lab1123_s168_w1_0928_1005_r2  n=  3  avg=+55.9%  med=+53.3%  realized=$+36.00
  b1124|lab1124_s168_w2_1005_1045_r1  n=  2  avg=+91.2%  med=+248.6%  realized=$+50.00
  b1125|lab1125_s168_w2_1005_1045_r2  n=  3  avg=+32.1%  med=-54.8%  realized=$+16.00
  b1126|lab1126_s168_w3_1045_1120_r1  n=  4  avg=+67.5%  med=+116.2%  realized=$+110.00
  b1127|lab1127_s168_w3_1045_1120_r2  n=  4  avg=+52.5%  med=+102.7%  realized=$+86.00
  b1128|lab1128_s168_w4_1120_1135_r1  n=  2  avg=+120.5%  med=+272.2%  realized=$+83.00
  b1129|lab1129_s168_w4_1120_1135_r2  n=  2  avg=+101.7%  med=+255.6%  realized=$+67.00
  b1136|lab1136_s163_w1_0928_1005_r1  n=  3  avg=-8.7%  med=-51.4%  realized=$+6.00
  b1137|lab1137_s163_w1_0928_1005_r2  n=  3  avg=-19.2%  med=-61.9%  realized=$-7.00
  b1138|lab1138_s163_w2_1005_1045_r1  n=  3  avg=+69.1%  med=+67.2%  realized=$+84.00
  b1139|lab1139_s163_w2_1005_1045_r2  n=  3  avg=+73.5%  med=+70.5%  realized=$+90.00
  b1140|lab1140_s163_w3_1045_1120_r1  n=  6  avg=+47.0%  med=+73.0%  realized=$+156.00
  b1141|lab1141_s163_w3_1045_1120_r2  n=  6  avg=+42.1%  med=+64.9%  realized=$+138.00
  b1142|lab1142_s163_w4_1120_1135_r1  n=  1  avg=-72.9%  med=-72.9%  realized=$-35.00
  b1143|lab1143_s163_w4_1120_1135_r2  n=  2  avg=+27.6%  med=+128.1%  realized=$+6.00
  b1150|lab1150_s164_w1_0928_1005_r1  n=  4  avg=+79.6%  med=+156.0%  realized=$+92.00
  b1151|lab1151_s164_w1_0928_1005_r2  n=  4  avg=+40.3%  med=+124.0%  realized=$+59.00
  b1152|lab1152_s164_w2_1005_1045_r1  n=  2  avg=+216.7%  med=+531.6%  realized=$+46.00
  b1153|lab1153_s164_w2_1005_1045_r2  n=  2  avg=+242.5%  med=+542.1%  realized=$+71.00
  b1154|lab1154_s164_w3_1045_1120_r1  n=  3  avg=+51.4%  med=+62.2%  realized=$+47.00
  b1155|lab1155_s164_w3_1045_1120_r2  n=  3  avg=+43.1%  med=+43.2%  realized=$+42.00
  b1156|lab1156_s164_w4_1120_1135_r1  n=  2  avg=+144.5%  med=+342.9%  realized=$+65.00
  b1157|lab1157_s164_w4_1120_1135_r2  n=  2  avg=+150.4%  med=+323.8%  realized=$+65.00
  b12|lab0012_s403_w2_1005_1045_r1  n=  2  avg=-55.0%  med=-50.0%  realized=$-39.00
  b132|c132_s164_w1_0928_1005_r5  n=  2  avg=-65.7%  med=-53.6%  realized=$-37.00
  b135|c135_s164_w4_1120_1135_r5  n=  1  avg=-50.0%  med=-50.0%  realized=$-4.00
  b192|lab0192_s218_w1_0928_1005_r1  n= 12  avg=+19.7%  med=+50.0%  realized=$+116.00
  b193|lab0193_s218_w1_0928_1005_r2  n= 14  avg=+25.9%  med=+36.4%  realized=$+174.00
  b194|lab0194_s218_w2_1005_1045_r1  n= 20  avg=+9.9%  med=-37.5%  realized=$-84.00
  b195|lab0195_s218_w2_1005_1045_r2  n= 22  avg=+27.2%  med=+58.8%  realized=$+218.00
  b196|lab0196_s218_w3_1045_1120_r1  n= 10  avg=+105.0%  med=+0.0%  realized=$+140.00
  b197|lab0197_s218_w3_1045_1120_r2  n=  9  avg=+120.8%  med=+45.7%  realized=$+268.00
  b198|lab0198_s218_w4_1120_1135_r1  n=  5  avg=+67.4%  med=+85.7%  realized=$+133.00
  b199|lab0199_s218_w4_1120_1135_r2  n=  6  avg=+30.4%  med=+75.4%  realized=$+108.00
  b1|c001_s173_w2_1005_1045_r1  n= 10  avg=-65.0%  med=-64.9%  realized=$-406.00
  b20|c020_s164_w1_0928_1005_r1  n=  9  avg=-11.2%  med=-14.3%  realized=$-19.00
  b20|c020_s173_w1_0928_1005_r2  n= 21  avg=+1.0%  med=-3.6%  realized=$+6.00
  b21|c021_s164_w2_1005_1045_r1  n=  8  avg=-61.7%  med=-56.1%  realized=$-308.00
  b21|c021_s173_w2_1005_1045_r2  n= 23  avg=-55.2%  med=-72.1%  realized=$-863.00
  b222|lab0222_s400_w2_1005_1045_r1  n=  1  avg=-50.0%  med=-50.0%  realized=$-4.00
  b223|lab0223_s400_w2_1005_1045_r2  n=  1  avg=-50.0%  med=-50.0%  realized=$-4.00
  b224|lab0224_s400_w3_1045_1120_r1  n=  1  avg=-66.7%  med=-66.7%  realized=$-10.00
  b225|lab0225_s400_w3_1045_1120_r2  n=  2  avg=-7.3%  med=+52.1%  realized=$+15.00
  b227|lab0227_s400_w4_1120_1135_r2  n=  1  avg=-22.2%  med=-22.2%  realized=$-2.00
  b22|c022_s164_w3_1045_1120_r1  n=  6  avg=-28.3%  med=-55.7%  realized=$-115.00
  b22|c022_s173_w3_1045_1120_r2  n= 11  avg=-35.9%  med=-54.2%  realized=$-224.00
  b234|lab0234_s401_w1_0928_1005_r1  n= 14  avg=+42.1%  med=-46.0%  realized=$-203.00
  b235|lab0235_s401_w1_0928_1005_r2  n= 18  avg=+108.6%  med=-23.7%  realized=$+63.00
  b236|c236_s218_w3_1045_1120_r1  n=  1  avg=-33.3%  med=-33.3%  realized=$-1.00
  b236|lab0236_s401_w2_1005_1045_r1  n= 17  avg=-10.6%  med=-38.1%  realized=$-165.00
  b237|c237_s218_w3_1045_1120_r2  n=  1  avg=-66.7%  med=-66.7%  realized=$-2.00
  b237|lab0237_s401_w2_1005_1045_r2  n= 20  avg=+21.2%  med=+50.0%  realized=$+101.00
  b238|lab0238_s401_w3_1045_1120_r1  n= 21  avg=+151.3%  med=+100.0%  realized=$+1,040.00
  b239|lab0239_s401_w3_1045_1120_r2  n= 19  avg=+91.8%  med=+30.2%  realized=$+257.00
  b23|c023_s164_w4_1120_1135_r1  n=  2  avg=-67.7%  med=-67.7%  realized=$-84.00
  b23|c023_s173_w4_1120_1135_r2  n=  3  avg=-25.0%  med=-61.5%  realized=$-41.00
  b240|lab0240_s401_w4_1120_1135_r1  n= 14  avg=+22.7%  med=+9.6%  realized=$+33.00
  b241|lab0241_s401_w4_1120_1135_r2  n= 12  avg=-24.2%  med=-17.5%  realized=$-198.00
  b25|c025_s168_w2_1005_1045_r1  n=  2  avg=-20.7%  med=-19.6%  realized=$-19.00
  b25|c025_s174_w2_1005_1045_r2  n= 18  avg=-33.0%  med=-21.7%  realized=$-333.00
  b262|lab0262_s403_w1_0928_1005_r1  n=  6  avg=+87.1%  med=+100.0%  realized=$+218.00
  b263|lab0263_s403_w1_0928_1005_r2  n= 12  avg=+50.7%  med=+67.7%  realized=$+273.00
  b264|lab0264_s403_w2_1005_1045_r1  n= 11  avg=+15.4%  med=+34.7%  realized=$+72.00
  b265|lab0265_s403_w2_1005_1045_r2  n= 13  avg=+11.6%  med=+48.6%  realized=$+83.00
  b266|lab0266_s403_w3_1045_1120_r1  n=  6  avg=+50.1%  med=+70.6%  realized=$+87.00
  b267|lab0267_s403_w3_1045_1120_r2  n=  9  avg=+22.9%  med=+52.8%  realized=$+100.00
  b268|lab0268_s403_w4_1120_1135_r1  n=  4  avg=+158.4%  med=+320.0%  realized=$+152.00
  b269|lab0269_s403_w4_1120_1135_r2  n=  8  avg=+96.4%  med=+76.9%  realized=$+278.00
  b26|c026_s174_w3_1045_1120_r2  n=  1  avg=-53.1%  med=-53.1%  realized=$-26.00
  b276|lab0276_s350_w1_0928_1005_r1  n= 10  avg=+61.5%  med=+102.9%  realized=$+227.00
  b277|lab0277_s350_w1_0928_1005_r2  n=  9  avg=+100.0%  med=+145.8%  realized=$+352.00
  b278|lab0278_s350_w2_1005_1045_r1  n= 13  avg=+37.3%  med=+0.0%  realized=$+58.00
  b279|lab0279_s350_w2_1005_1045_r2  n= 14  avg=+56.2%  med=-28.3%  realized=$+163.00
  b288|lab0288_s352_w1_0928_1005_r1  n=  6  avg=+80.4%  med=+100.0%  realized=$+77.00
  b289|lab0289_s352_w1_0928_1005_r2  n=  6  avg=+54.3%  med=+93.8%  realized=$+56.00
  b28|c028_s165_w1_0928_1005_r2  n= 17  avg=+49.5%  med=+80.0%  realized=$+448.00
  b28|c028_s173_w1_0928_1005_r2  n=  5  avg=+51.6%  med=+80.0%  realized=$+142.00
  b290|lab0290_s352_w2_1005_1045_r1  n=  8  avg=+63.4%  med=+38.9%  realized=$+91.00
  b291|lab0291_s352_w2_1005_1045_r2  n=  9  avg=+58.5%  med=-51.9%  realized=$+95.00
  b292|lab0292_s352_w3_1045_1120_r1  n= 10  avg=+50.4%  med=+13.0%  realized=$+25.00
  b293|lab0293_s352_w3_1045_1120_r2  n= 11  avg=+61.4%  med=+39.1%  realized=$+63.00
  b294|lab0294_s352_w4_1120_1135_r1  n=  5  avg=+5.0%  med=-71.4%  realized=$-78.00
  b295|lab0295_s352_w4_1120_1135_r2  n=  5  avg=+2.8%  med=-75.0%  realized=$-80.00
  b296|lab0296_s353_w1_0928_1005_r1  n=  6  avg=+78.8%  med=+123.7%  realized=$+107.00
  b297|lab0297_s353_w1_0928_1005_r2  n=  6  avg=+52.4%  med=+79.0%  realized=$+70.00
  b298|lab0298_s353_w2_1005_1045_r1  n= 12  avg=+5.8%  med=-34.7%  realized=$-67.00
  b299|lab0299_s353_w2_1005_1045_r2  n=  8  avg=-35.1%  med=-60.0%  realized=$-156.00
  b29|c029_s165_w2_1005_1045_r2  n=  9  avg=-23.3%  med=-50.0%  realized=$-221.00
  b29|c029_s173_w2_1005_1045_r2  n=  2  avg=-69.3%  med=-48.5%  realized=$-78.00
  b2|c002_s173_w3_1045_1120_r1  n= 15  avg=+67.7%  med=+32.8%  realized=$+707.00
  b300|lab0300_s353_w3_1045_1120_r1  n=  4  avg=+125.4%  med=-52.8%  realized=$-72.00
  b301|lab0301_s353_w3_1045_1120_r2  n=  2  avg=+445.0%  med=+942.9%  realized=$+38.00
  b302|lab0302_s353_w4_1120_1135_r1  n=  3  avg=+127.9%  med=+96.5%  realized=$+92.00
  b303|lab0303_s353_w4_1120_1135_r2  n=  4  avg=+103.5%  med=+93.1%  realized=$+113.00
  b30|c030_s165_w3_1045_1120_r2  n=  9  avg=+38.8%  med=+0.0%  realized=$+260.00
  b30|c030_s173_w3_1045_1120_r2  n=  2  avg=-9.5%  med=+0.0%  realized=$-14.00
  b31|c031_s165_w4_1120_1135_r2  n=  2  avg=+145.5%  med=+175.8%  realized=$+192.00
  b320|lab0320_s356_w1_0928_1005_r1  n=  4  avg=+18.8%  med=+37.9%  realized=$+34.00
  b321|lab0321_s356_w1_0928_1005_r2  n=  4  avg=+28.1%  med=+58.6%  realized=$+56.00
  b322|lab0322_s356_w2_1005_1045_r1  n=  3  avg=-12.4%  med=-21.6%  realized=$-21.00
  b323|lab0323_s356_w2_1005_1045_r2  n=  4  avg=-22.8%  med=-18.9%  realized=$-43.00
  b324|lab0324_s356_w3_1045_1120_r1  n=  4  avg=-5.4%  med=-25.0%  realized=$-12.00
  b325|lab0325_s356_w3_1045_1120_r2  n=  4  avg=-1.7%  med=-19.4%  realized=$-6.00
  b326|lab0326_s356_w4_1120_1135_r1  n=  2  avg=+76.1%  med=+100.0%  realized=$+68.00
  b327|lab0327_s356_w4_1120_1135_r2  n=  3  avg=+19.3%  med=+52.0%  realized=$+20.00
  b328|lab0328_s357_w1_0928_1005_r1  n=  3  avg=+3.8%  med=+47.1%  realized=$+7.00
  b329|lab0329_s357_w1_0928_1005_r2  n=  3  avg=+3.8%  med=+47.1%  realized=$+7.00
  b330|lab0330_s357_w2_1005_1045_r1  n=  2  avg=+34.9%  med=+131.4%  realized=$+27.00
  b331|lab0331_s357_w2_1005_1045_r2  n=  3  avg=-10.7%  med=-56.9%  realized=$-19.00
  b332|lab0332_s357_w3_1045_1120_r1  n=  5  avg=+66.7%  med=+73.7%  realized=$+190.00
  b333|lab0333_s357_w3_1045_1120_r2  n=  6  avg=+66.3%  med=+71.9%  realized=$+228.00
  b334|lab0334_s357_w4_1120_1135_r1  n=  1  avg=+81.2%  med=+81.2%  realized=$+39.00
  b335|lab0335_s357_w4_1120_1135_r2  n=  2  avg=+54.6%  med=+57.1%  realized=$+53.00
  b340|lab0340_s358_w3_1045_1120_r1  n=  1  avg=-51.4%  med=-51.4%  realized=$-37.00
  b341|lab0341_s358_w3_1045_1120_r2  n=  1  avg=-51.4%  med=-51.4%  realized=$-37.00
  b342|lab0342_s358_w4_1120_1135_r1  n=  1  avg=+53.1%  med=+53.1%  realized=$+26.00
  b343|lab0343_s358_w4_1120_1135_r2  n=  1  avg=+55.1%  med=+55.1%  realized=$+27.00
  b344|lab0344_s359_w1_0928_1005_r1  n=  6  avg=+41.3%  med=+58.5%  realized=$+5.00
  b345|lab0345_s359_w1_0928_1005_r2  n=  8  avg=+28.1%  med=+43.3%  realized=$+31.00
  b346|lab0346_s359_w2_1005_1045_r1  n= 13  avg=+63.4%  med=-46.7%  realized=$-44.00
  b347|lab0347_s359_w2_1005_1045_r2  n= 12  avg=+68.0%  med=-39.3%  realized=$-4.00
  b362|lab0362_s361_w1_0928_1005_r1  n=  7  avg=-19.5%  med=-30.4%  realized=$-109.00
  b363|lab0363_s361_w1_0928_1005_r2  n=  8  avg=-17.9%  med=-30.4%  realized=$-114.00
  b364|lab0364_s361_w2_1005_1045_r1  n=  9  avg=+126.2%  med=+81.8%  realized=$+88.00
  b365|lab0365_s361_w2_1005_1045_r2  n= 12  avg=+173.8%  med=+82.8%  realized=$+310.00
  b366|lab0366_s361_w3_1045_1120_r1  n=  4  avg=+248.7%  med=+61.1%  realized=$+24.00
  b367|lab0367_s361_w3_1045_1120_r2  n= 13  avg=+60.9%  med=-50.0%  realized=$-97.00
  b368|lab0368_s361_w4_1120_1135_r1  n=  4  avg=+61.2%  med=+71.4%  realized=$-11.00
  b369|lab0369_s361_w4_1120_1135_r2  n=  5  avg=+74.9%  med=+80.0%  realized=$+12.00
  b376|lab0376_s362_w1_0928_1005_r1  n=  9  avg=-5.0%  med=+8.7%  realized=$-60.00
  b377|lab0377_s362_w1_0928_1005_r2  n= 10  avg=+4.4%  med=+13.0%  realized=$-28.00
  b378|lab0378_s362_w2_1005_1045_r1  n=  6  avg=+212.2%  med=+74.4%  realized=$+195.00
  b379|lab0379_s362_w2_1005_1045_r2  n= 10  avg=+126.2%  med=+60.5%  realized=$+246.00
  b380|lab0380_s362_w3_1045_1120_r1  n=  8  avg=+153.8%  med=+103.3%  realized=$+196.00
  b381|lab0381_s362_w3_1045_1120_r2  n=  8  avg=+153.4%  med=+108.3%  realized=$+215.00
  b382|lab0382_s362_w4_1120_1135_r1  n=  4  avg=+330.7%  med=+323.8%  realized=$+327.00
  b383|lab0383_s362_w4_1120_1135_r2  n=  4  avg=+352.1%  med=+309.5%  realized=$+356.00
  b3|c003_s173_w4_1120_1135_r1  n= 17  avg=+131.0%  med=-50.0%  realized=$+1,311.00
  b404|lab0404_s364_w1_0928_1005_r1  n=  5  avg=-0.6%  med=-2.9%  realized=$-29.00
  b405|lab0405_s364_w1_0928_1005_r2  n=  6  avg=+3.8%  med=+50.0%  realized=$-15.00
  b406|lab0406_s364_w2_1005_1045_r1  n= 10  avg=-17.6%  med=-44.2%  realized=$-159.00
  b407|lab0407_s364_w2_1005_1045_r2  n= 11  avg=-12.3%  med=-42.3%  realized=$-90.00
  b408|lab0408_s364_w3_1045_1120_r1  n=  9  avg=+11.2%  med=+66.7%  realized=$+7.00
  b409|lab0409_s364_w3_1045_1120_r2  n= 11  avg=+7.6%  med=+53.1%  realized=$-5.00
  b40|c040_s166_w1_0928_1005_r2  n=  6  avg=-37.2%  med=-12.7%  realized=$-142.00
  b40|c040_s173_w1_0928_1005_r3  n= 23  avg=+12.9%  med=-15.4%  realized=$-90.00
  b410|lab0410_s364_w4_1120_1135_r1  n=  7  avg=+72.6%  med=+39.5%  realized=$+171.00
  b411|lab0411_s364_w4_1120_1135_r2  n=  4  avg=+137.5%  med=+188.9%  realized=$+189.00
  b418|lab0418_s365_w1_0928_1005_r1  n=  3  avg=+20.9%  med=+67.3%  realized=$+24.00
  b419|lab0419_s365_w1_0928_1005_r2  n=  6  avg=-7.6%  med=+38.5%  realized=$-47.00
  b41|c041_s166_w2_1005_1045_r2  n=  3  avg=-62.0%  med=-61.4%  realized=$-106.00
  b41|c041_s173_w2_1005_1045_r3  n= 13  avg=-48.5%  med=-66.7%  realized=$-452.00
  b420|lab0420_s365_w2_1005_1045_r1  n=  4  avg=-24.5%  med=-48.3%  realized=$-52.00
  b421|lab0421_s365_w2_1005_1045_r2  n=  4  avg=-27.9%  med=-47.8%  realized=$-62.00
  b422|lab0422_s365_w3_1045_1120_r1  n=  3  avg=+33.1%  med=+63.6%  realized=$+25.00
  b423|lab0423_s365_w3_1045_1120_r2  n=  4  avg=+34.7%  med=+63.6%  realized=$+58.00
  b424|lab0424_s365_w4_1120_1135_r1  n=  5  avg=-10.7%  med=+0.0%  realized=$-24.00
  b425|lab0425_s365_w4_1120_1135_r2  n=  3  avg=+109.8%  med=+54.8%  realized=$+124.00
  b42|c042_s166_w3_1045_1120_r2  n=  6  avg=+115.7%  med=+21.4%  realized=$+489.00
  b42|c042_s173_w3_1045_1120_r3  n= 13  avg=+31.1%  med=-8.3%  realized=$+262.00
  b43|c043_s166_w4_1120_1135_r2  n=  7  avg=+62.0%  med=+41.9%  realized=$+281.00
  b43|c043_s173_w4_1120_1135_r3  n=  8  avg=+58.7%  med=+53.2%  realized=$+241.00
  b449|lab0449_s367_w2_1005_1045_r2  n=  1  avg=-48.9%  med=-48.9%  realized=$-22.00
  b450|lab0450_s367_w3_1045_1120_r1  n=  1  avg=-51.4%  med=-51.4%  realized=$-37.00
  b451|lab0451_s367_w3_1045_1120_r2  n=  1  avg=-25.0%  med=-25.0%  realized=$-18.00
  b46|c046_s174_w3_1045_1120_r3  n=  3  avg=-89.7%  med=-89.7%  realized=$-156.00
  b47|c047_s163_w4_1120_1135_r2  n=  3  avg=-79.7%  med=-78.0%  realized=$-141.00
  b47|c047_s174_w4_1120_1135_r3  n= 25  avg=-73.4%  med=-78.0%  realized=$-1,155.00
  b48|c048_s164_w1_0928_1005_r2  n=  5  avg=-33.1%  med=-49.1%  realized=$-91.00
  b48|c048_s165_w1_0928_1005_r3  n= 16  avg=-35.9%  med=-49.1%  realized=$-344.00
  b49|c049_s164_w2_1005_1045_r2  n=  4  avg=-51.8%  med=-44.0%  realized=$-133.00
  b49|c049_s165_w2_1005_1045_r3  n= 15  avg=-49.3%  med=-49.1%  realized=$-458.00
  b50|c050_s164_w3_1045_1120_r2  n=  4  avg=-39.6%  med=-16.7%  realized=$-115.00
  b50|c050_s165_w3_1045_1120_r3  n=  9  avg=-23.6%  med=-23.1%  realized=$-142.00
  b51|c051_s165_w4_1120_1135_r3  n=  1  avg=+263.6%  med=+263.6%  realized=$+174.00
  b56|g056_lim_tp20_sl65  n=  1  avg=+47.7%  med=+47.7%  realized=$+20.52
  b57|g057_mid_tp20_sl65  n=  1  avg=+47.7%  med=+47.7%  realized=$+20.52
  b58|g058_eod_tp20_sl65  n=  1  avg=+59.1%  med=+59.1%  realized=$+25.41
  b60|c060_s167_w1_0928_1005_r3  n=  3  avg=-55.8%  med=-62.8%  realized=$-98.00
  b60|c060_s173_w1_0928_1005_r4  n= 13  avg=-5.1%  med=-13.6%  realized=$-99.00
  b61|c061_s167_w2_1005_1045_r3  n=  5  avg=-54.6%  med=-50.9%  realized=$-160.00
  b61|c061_s173_w2_1005_1045_r4  n=  8  avg=-37.3%  med=-50.0%  realized=$-208.00
  b62|c062_s167_w3_1045_1120_r3  n=  8  avg=-51.8%  med=-64.2%  realized=$-286.00
  b62|c062_s173_w3_1045_1120_r4  n= 20  avg=+182.8%  med=-58.3%  realized=$-183.00
  b63|c063_s167_w4_1120_1135_r3  n=  2  avg=-54.8%  med=-54.8%  realized=$-68.00
  b63|c063_s173_w4_1120_1135_r4  n=  1  avg=-46.1%  med=-46.1%  realized=$-24.00
  b63|g063_mid_tp20_sl65  n=  1  avg=+23.3%  med=+23.3%  realized=$+18.63
  b64|c064_s174_w1_0928_1005_r4  n=  3  avg=-93.3%  med=-93.3%  realized=$-168.00
  b64|g064_eod_tp20_sl65  n=  1  avg=+34.2%  med=+34.2%  realized=$+27.40
  b65|c065_s174_w2_1005_1045_r4  n=  8  avg=-45.7%  med=-45.2%  realized=$-238.00
  b65|g065_lim_tp20_sl65  n=  1  avg=+23.3%  med=+23.3%  realized=$+18.63
  b66|c066_s174_w3_1045_1120_r4  n=  1  avg=-52.5%  med=-52.5%  realized=$-31.00
  b66|g066_mid_tp20_sl65  n=  1  avg=+23.3%  med=+23.3%  realized=$+18.63
  b67|c067_s174_w4_1120_1135_r4  n=  1  avg=-45.8%  med=-45.8%  realized=$-27.00
  b67|g067_eod_tp20_sl65  n=  1  avg=+34.2%  med=+34.2%  realized=$+27.40
  b68|c068_s165_w1_0928_1005_r4  n= 16  avg=-51.3%  med=-49.1%  realized=$-446.00
  b68|c068_s166_w1_0928_1005_r3  n=  4  avg=-52.7%  med=-49.1%  realized=$-116.00
  b69|c069_s165_w2_1005_1045_r4  n= 11  avg=+19.0%  med=-43.6%  realized=$-179.00
  b69|c069_s166_w2_1005_1045_r3  n=  4  avg=+10.1%  med=-40.0%  realized=$-87.00
  b70|c070_s165_w3_1045_1120_r4  n= 11  avg=-2.1%  med=-16.9%  realized=$-6.00
  b70|c070_s166_w3_1045_1120_r3  n=  4  avg=-42.5%  med=-27.0%  realized=$-124.00
  b70|g070_eod_tp30_sl20  n=  1  avg=+59.1%  med=+59.1%  realized=$+27.77
  b71|g071_lim_tp30_sl20  n=  1  avg=+36.5%  med=+36.5%  realized=$+23.73
  b72|g072_mid_tp30_sl20  n=  1  avg=+36.5%  med=+36.5%  realized=$+23.73
  b73|g073_eod_tp30_sl20  n=  1  avg=+55.6%  med=+55.6%  realized=$+36.11
  b73|lab0073_s209_w1_0928_1005_r2  n=  1  avg=-64.7%  med=-64.7%  realized=$-11.00
  b74|g074_lim_tp30_sl20  n=  1  avg=+36.5%  med=+36.5%  realized=$+23.73
  b74|lab0074_s209_w2_1005_1045_r1  n=  1  avg=-58.2%  med=-58.2%  realized=$-39.00
  b75|g075_mid_tp30_sl20  n=  1  avg=+36.5%  med=+36.5%  realized=$+23.73
  b75|lab0075_s209_w2_1005_1045_r2  n=  2  avg=-50.8%  med=-50.8%  realized=$-68.00
  b768|lab0768_s396_w1_0928_1005_r1  n=  2  avg=+89.0%  med=+93.1%  realized=$+118.00
  b769|lab0769_s396_w1_0928_1005_r2  n=  2  avg=+106.2%  med=+116.7%  realized=$+139.00
  b76|c076_s164_w1_0928_1005_r3  n=  1  avg=-50.0%  med=-50.0%  realized=$-2.00
  b76|g076_eod_tp30_sl20  n=  1  avg=+34.2%  med=+34.2%  realized=$+27.40
  b771|lab0771_s396_w2_1005_1045_r2  n=  1  avg=-82.2%  med=-82.2%  realized=$-60.00
  b773|lab0773_s396_w3_1045_1120_r2  n=  1  avg=+87.5%  med=+87.5%  realized=$+63.00
  b775|lab0775_s396_w4_1120_1135_r2  n=  1  avg=+74.6%  med=+74.6%  realized=$+44.00
  b776|lab0776_s397_w1_0928_1005_r1  n=  3  avg=-38.5%  med=-64.9%  realized=$-74.00
  b777|lab0777_s397_w1_0928_1005_r2  n=  6  avg=+22.9%  med=+38.6%  realized=$+72.00
  b778|lab0778_s397_w2_1005_1045_r1  n=  9  avg=+55.1%  med=+66.7%  realized=$+323.00
  b779|lab0779_s397_w2_1005_1045_r2  n=  8  avg=+50.8%  med=+61.9%  realized=$+284.00
  b77|g077_lim_tp30_sl20  n=  1  avg=-23.3%  med=-23.3%  realized=$-18.63
  b77|lab0077_s209_w3_1045_1120_r2  n=  2  avg=-68.8%  med=-66.7%  realized=$-41.00
  b780|lab0780_s397_w3_1045_1120_r1  n=  4  avg=+16.4%  med=+74.3%  realized=$+43.00
  b781|lab0781_s397_w3_1045_1120_r2  n=  7  avg=+11.9%  med=+67.1%  realized=$+100.00
  b782|lab0782_s397_w4_1120_1135_r1  n=  2  avg=+75.8%  med=+205.6%  realized=$+112.00
  b783|lab0783_s397_w4_1120_1135_r2  n=  4  avg=+105.3%  med=+151.6%  realized=$+262.00
  b784|lab0784_s398_w1_0928_1005_r1  n=  5  avg=+37.3%  med=+49.0%  realized=$+70.00
  b785|lab0785_s398_w1_0928_1005_r2  n=  6  avg=+9.2%  med=+49.0%  realized=$+37.00
  b786|lab0786_s398_w2_1005_1045_r1  n= 11  avg=-4.0%  med=-24.4%  realized=$-52.00
  b787|lab0787_s398_w2_1005_1045_r2  n=  6  avg=+21.4%  med=+61.3%  realized=$+34.00
  b788|lab0788_s398_w3_1045_1120_r1  n= 11  avg=+16.0%  med=-18.4%  realized=$+84.00
  b789|lab0789_s398_w3_1045_1120_r2  n= 10  avg=+0.8%  med=-50.0%  realized=$+32.00
  b78|g078_mid_tp30_sl20  n=  1  avg=-23.3%  med=-23.3%  realized=$-18.63
  b790|lab0790_s398_w4_1120_1135_r1  n=  5  avg=+179.6%  med=+140.3%  realized=$+338.00
  b791|lab0791_s398_w4_1120_1135_r2  n=  8  avg=+100.4%  med=+155.6%  realized=$+258.00
  b792|lab0792_s399_w1_0928_1005_r1  n=  4  avg=+100.0%  med=+140.0%  realized=$+80.00
  b793|lab0793_s399_w1_0928_1005_r2  n= 11  avg=+34.3%  med=+57.9%  realized=$+127.00
  b794|lab0794_s399_w2_1005_1045_r1  n= 13  avg=+51.4%  med=-59.1%  realized=$-129.00
  b795|lab0795_s399_w2_1005_1045_r2  n= 17  avg=+20.4%  med=-51.7%  realized=$-132.00
  b796|lab0796_s399_w3_1045_1120_r1  n=  4  avg=+187.1%  med=-51.4%  realized=$-23.00
  b797|lab0797_s399_w3_1045_1120_r2  n= 17  avg=+13.7%  med=-52.8%  realized=$-179.00
  b798|lab0798_s399_w4_1120_1135_r1  n=  5  avg=+12.3%  med=-53.1%  realized=$+61.00
  b799|lab0799_s399_w4_1120_1135_r2  n=  9  avg=+16.6%  med=-50.0%  realized=$+25.00
  b79|g079_eod_tp30_sl20  n=  1  avg=+34.2%  med=+34.2%  realized=$+27.40
  b79|lab0079_s209_w4_1120_1135_r2  n=  1  avg=-94.6%  med=-94.6%  realized=$-53.00
  b7|c007_s174_w4_1120_1135_r1  n=  5  avg=-7.5%  med=-1.4%  realized=$-58.00
  b800|lab0800_s404_w1_0928_1005_r1  n=  6  avg=+23.0%  med=+38.6%  realized=$+65.00
  b801|lab0801_s404_w1_0928_1005_r2  n=  7  avg=-5.7%  med=-17.0%  realized=$-12.00
  b802|lab0802_s404_w2_1005_1045_r1  n= 13  avg=+24.4%  med=+56.9%  realized=$+216.00
  b803|lab0803_s404_w2_1005_1045_r2  n= 11  avg=+46.9%  med=+56.9%  realized=$+328.00
  b804|lab0804_s404_w3_1045_1120_r1  n=  8  avg=+5.7%  med=+68.5%  realized=$+74.00
  b805|lab0805_s404_w3_1045_1120_r2  n=  9  avg=-12.7%  med=-55.2%  realized=$-21.00
  b806|lab0806_s404_w4_1120_1135_r1  n=  5  avg=+91.8%  med=+91.5%  realized=$+286.00
  b807|lab0807_s404_w4_1120_1135_r2  n=  7  avg=+61.5%  med=+53.2%  realized=$+272.00
  b80|c080_s168_w1_0928_1005_r3  n=  8  avg=+3.6%  med=-11.1%  realized=$-45.00
  b80|c080_s173_w1_0928_1005_r5  n= 45  avg=+52.6%  med=+59.1%  realized=$+503.00
  b80|g080_lim_tp30_sl30  n=  1  avg=+36.5%  med=+36.5%  realized=$+23.73
  b80|lab0080_s210_w1_0928_1005_r1  n= 13  avg=+7.1%  med=-8.5%  realized=$+35.00
  b81|c081_s168_w2_1005_1045_r3  n=  5  avg=-26.9%  med=-33.8%  realized=$-83.00
  b81|c081_s173_w2_1005_1045_r5  n= 20  avg=-39.1%  med=-38.4%  realized=$-559.00
  b81|g081_mid_tp30_sl30  n=  1  avg=+36.5%  med=+36.5%  realized=$+23.73
  b81|lab0081_s210_w1_0928_1005_r2  n= 15  avg=+15.9%  med=+46.7%  realized=$+118.00
  b828|lab0828_s406_w1_0928_1005_r1  n=  5  avg=-27.0%  med=-50.0%  realized=$-22.00
  b829|lab0829_s406_w1_0928_1005_r2  n=  4  avg=-21.6%  med=-50.0%  realized=$-21.00
  b82|c082_s168_w3_1045_1120_r3  n=  5  avg=-1.6%  med=-40.0%  realized=$-2.00
  b82|c082_s173_w3_1045_1120_r5  n=  9  avg=-10.7%  med=-12.5%  realized=$-48.00
  b82|g082_eod_tp30_sl30  n=  1  avg=+55.6%  med=+55.6%  realized=$+36.11
  b82|lab0082_s210_w2_1005_1045_r1  n= 15  avg=+1.3%  med=-6.2%  realized=$+44.00
  b830|lab0830_s406_w2_1005_1045_r1  n= 14  avg=+66.8%  med=+71.8%  realized=$+87.00
  b831|lab0831_s406_w2_1005_1045_r2  n= 17  avg=+69.5%  med=+76.9%  realized=$+149.00
  b832|lab0832_s406_w3_1045_1120_r1  n= 15  avg=+305.6%  med=+55.3%  realized=$+1,461.00
  b833|lab0833_s406_w3_1045_1120_r2  n= 20  avg=+251.6%  med=+53.3%  realized=$+1,414.00
  b834|lab0834_s406_w4_1120_1135_r1  n=  9  avg=+313.4%  med=+100.0%  realized=$+138.00
  b835|lab0835_s406_w4_1120_1135_r2  n=  9  avg=+166.5%  med=+66.7%  realized=$+212.00
  b83|c083_s168_w4_1120_1135_r3  n=  8  avg=+84.0%  med=+62.9%  realized=$+429.00
  b83|c083_s173_w4_1120_1135_r5  n= 20  avg=-20.6%  med=-68.2%  realized=$-271.00
  b83|g083_lim_tp30_sl30  n=  1  avg=+30.1%  med=+30.1%  realized=$+24.11
  b83|lab0083_s210_w2_1005_1045_r2  n=  9  avg=+6.1%  med=+7.0%  realized=$-9.00
  b84|g084_mid_tp30_sl30  n=  1  avg=+30.1%  med=+30.1%  realized=$+24.11
  b84|lab0084_s210_w3_1045_1120_r1  n= 13  avg=-46.4%  med=-64.4%  realized=$-264.00
  b85|c085_s174_w2_1005_1045_r5  n=  7  avg=-9.4%  med=-32.7%  realized=$-42.00
  b85|g085_eod_tp30_sl30  n=  1  avg=+34.2%  med=+34.2%  realized=$+27.40
  b85|lab0085_s210_w3_1045_1120_r2  n= 17  avg=+51.3%  med=-44.4%  realized=$+43.00
  b86|c086_s174_w3_1045_1120_r5  n=  4  avg=+26.1%  med=+39.7%  realized=$+64.00
  b86|g086_lim_tp30_sl30  n=  1  avg=+30.1%  med=+30.1%  realized=$+24.11
  b86|lab0086_s210_w4_1120_1135_r1  n=  6  avg=+31.1%  med=+16.7%  realized=$+67.00
  b874|lab0874_s409_w3_1045_1120_r1  n=  1  avg=+84.7%  med=+84.7%  realized=$+61.00
  b875|lab0875_s409_w3_1045_1120_r2  n=  1  avg=+79.2%  med=+79.2%  realized=$+57.00
  b87|c087_s174_w4_1120_1135_r5  n=  4  avg=-23.5%  med=+37.5%  realized=$-114.00
  b87|g087_mid_tp30_sl30  n=  1  avg=+30.1%  med=+30.1%  realized=$+24.11
  b87|lab0087_s210_w4_1120_1135_r2  n=  9  avg=+12.1%  med=+19.4%  realized=$+41.00
  b884|lab0884_s410_w1_0928_1005_r1  n=  2  avg=+80.6%  med=+83.3%  realized=$+106.00
  b885|lab0885_s410_w1_0928_1005_r2  n=  3  avg=+72.8%  med=+65.3%  realized=$+145.00
  b886|lab0886_s410_w2_1005_1045_r1  n=  1  avg=+101.5%  med=+101.5%  realized=$+68.00
  b887|lab0887_s410_w2_1005_1045_r2  n=  2  avg=+11.0%  med=+70.4%  realized=$+19.00
  b888|lab0888_s410_w3_1045_1120_r1  n=  1  avg=-78.1%  med=-78.1%  realized=$-57.00
  b889|lab0889_s410_w3_1045_1120_r2  n=  1  avg=-68.5%  med=-68.5%  realized=$-50.00
  b88|c088_s165_w1_0928_1005_r5  n= 21  avg=-5.0%  med=-2.7%  realized=$-63.00
  b88|c088_s167_w1_0928_1005_r4  n=  4  avg=-12.7%  med=+30.9%  realized=$-28.00
  b88|g088_eod_tp30_sl30  n=  2  avg=+36.0%  med=+37.7%  realized=$+65.09
  b898|lab0898_s411_w1_0928_1005_r1  n=  2  avg=-54.5%  med=-51.4%  realized=$-79.00
  b899|lab0899_s411_w1_0928_1005_r2  n=  3  avg=-48.7%  med=-48.6%  realized=$-98.00
  b89|c089_s165_w2_1005_1045_r5  n=  7  avg=+113.1%  med=+30.9%  realized=$+67.00
  b89|c089_s167_w2_1005_1045_r4  n=  2  avg=-16.2%  med=+30.9%  realized=$-22.00
  b89|g089_lim_tp30_sl30  n=  1  avg=+30.1%  med=+30.1%  realized=$+24.11
  b8|c008_s165_w1_0928_1005_r1  n= 23  avg=-19.6%  med=-35.3%  realized=$-250.00
  b900|lab0900_s411_w2_1005_1045_r1  n= 11  avg=-2.4%  med=+7.7%  realized=$+1.00
  b901|lab0901_s411_w2_1005_1045_r2  n=  9  avg=+9.0%  med=+23.9%  realized=$+49.00
  b902|lab0902_s411_w3_1045_1120_r1  n=  8  avg=+8.1%  med=+13.4%  realized=$+16.00
  b903|lab0903_s411_w3_1045_1120_r2  n= 10  avg=+13.2%  med=+10.4%  realized=$+53.00
  b904|lab0904_s411_w4_1120_1135_r1  n=  3  avg=+3.5%  med=-52.2%  realized=$+13.00
  b905|lab0905_s411_w4_1120_1135_r2  n=  5  avg=+1.4%  med=+13.1%  realized=$+17.00
  b90|c090_s165_w3_1045_1120_r5  n= 13  avg=+7.7%  med=+0.0%  realized=$+47.00
  b90|c090_s167_w3_1045_1120_r4  n=  4  avg=-41.6%  med=-18.9%  realized=$-123.00
  b90|g090_mid_tp30_sl30  n=  1  avg=+30.1%  med=+30.1%  realized=$+24.11
  b90|live_1to1           n= 27  avg=+6.8%  med=-35.6%  realized=$+36.00
  b912|lab0912_s412_w1_0928_1005_r1  n=  6  avg=+75.0%  med=+66.7%  realized=$+27.00
  b913|lab0913_s412_w1_0928_1005_r2  n=  6  avg=+69.9%  med=+66.7%  realized=$+23.00
  b914|lab0914_s412_w2_1005_1045_r1  n=  8  avg=+90.2%  med=+79.5%  realized=$+199.00
  b915|lab0915_s412_w2_1005_1045_r2  n=  8  avg=+79.1%  med=+69.2%  realized=$+160.00
  b916|lab0916_s412_w3_1045_1120_r1  n= 16  avg=+3.0%  med=-10.7%  realized=$+0.00
  b917|lab0917_s412_w3_1045_1120_r2  n=  9  avg=+84.8%  med=-3.6%  realized=$-19.00
  b918|lab0918_s412_w4_1120_1135_r1  n=  5  avg=-49.4%  med=-55.4%  realized=$-140.00
  b919|lab0919_s412_w4_1120_1135_r2  n=  6  avg=+17.6%  med=-2.2%  realized=$-38.00
  b91|c091_s165_w4_1120_1135_r5  n=  2  avg=+222.0%  med=+247.0%  realized=$+293.00
  b91|g091_eod_tp30_sl30  n=  2  avg=+19.8%  med=+55.6%  realized=$+25.00
  b92|g092_lim_tp30_sl40  n=  2  avg=+53.6%  med=+70.8%  realized=$+94.51
  b93|g093_mid_tp30_sl40  n=  2  avg=+53.6%  med=+70.8%  realized=$+94.51
  b94|g094_eod_tp30_sl40  n=  2  avg=+46.6%  med=+55.6%  realized=$+73.80
  b95|g095_lim_tp30_sl40  n=  2  avg=+50.5%  med=+70.8%  realized=$+94.89
  b96|g096_mid_tp30_sl40  n=  2  avg=+50.5%  med=+70.8%  realized=$+94.89
  b97|g097_eod_tp30_sl40  n=  2  avg=+36.0%  med=+37.7%  realized=$+65.09
  b98|g098_lim_tp30_sl40  n=  2  avg=+50.5%  med=+70.8%  realized=$+94.89
  b99|g099_mid_tp30_sl40  n=  2  avg=+50.5%  med=+70.8%  realized=$+94.89
  b9|c009_s165_w2_1005_1045_r1  n=  7  avg=-74.4%  med=-66.2%  realized=$-301.00
========================================================
+========================================================================+
|[OPTIONS BOT DAILY VITALS (MATRIX EXPERIMENT)]                          |
+========================================================================+
|-- ACCOUNT STATUS (after_hours) --                                      |
|Equity       : $989,795.44                                              |
|Open Risk    : 26 lots (11 broker pos)                                  |
|Today's Run  : 0 signals -> 0 orders submitted                          |
|                                                                        |
|-- SYSTEM HEALTH --                                                     |
|Zombies      : 0 (Ledger is clean)                                      |
|Lab Status   : 26 Active Lots | 0 Pending Orders                        |
|Auto-Matrix  : (Pending EOD report generation)                          |
+========================================================================+
+========================================================================+
|[DATA QUALITY: CLEAN vs ERRORS vs KEEP-ONLY]                            |
+========================================================================+
|  CLEAN              n=1608  win= 48.1%  med= -27.6%  $+18,114          |
|  TAINTED            n=1953  win= 33.1%  med= -40.0%  $-9,990           |
|  KEEP-only          n=779   win= 60.8%  med= +50.9%  $+11,978          |
|  KEEP recent        n=586   win= 59.2%  med= +53.3%  $+7,917           |
|  KEEP(23): S163,S164,S167,S168,S173,S174,S210,S350...                  |
|  KILL(21): ORPHAN,S202,S203,S207,S211,S212,S216,S217...                |
+========================================================================+
+========================================================================+
|[+++ OVERPERFORMING STRATEGIES (n>=10)]                                 |
+========================================================================+
|  BKT  PROFILE                   WIN%   MED%   TOTAL TRADES             |
|  ---------------------------------------------------------             |
|  b276 lab0276_s350_w1_0928..  70%  +102.9%    10                       |
|  b238 lab0238_s401_w3_1045..  81%  +100.0%    21                       |
|  b365 lab0365_s361_w2_1005..  92%  +82.8%    12                        |
|  b28  lab0028_s373_w2_1005..  77%  +80.0%    22                        |
+========================================================================+
|[--- UNDERPERFORMING STRATEGIES (n>=10)]                                |
+========================================================================+
|  BKT  PROFILE                   WIN%   MED%   TOTAL TRADES             |
|  ---------------------------------------------------------             |
|  b47  lab0047_s392_w2_1005..   4%  -78.0%    28                        |
|  b1   lab0001_s201_w2_1005..   0%  -65.8%    10                        |
|  b41  lab0041_s386_w2_1005..  12%  -65.3%    16                        |
|  b84  g084_mid_tp30_sl30      36%  -63.8%    14                        |
+========================================================================+
+========================================================================+
|[OPEN OPTIONS (11)]                                                     |
+========================================================================+
|  SYMBOL                      QTY    RET%        OPEN P&L               |
|  ---------------------------------------------------------             |
|  OXY261002C00056000           -1   -659.3%   $   -178.00               |
|  CVNA261002C00069000           2    -97.4%   $    -74.00               |
|  OXY261016C00058000            1   +101.4%   $    +74.00               |
|  NKE261002C00038000           15     -4.1%   $    -42.00               |
|  DKNG261016C00023500           1    -93.0%   $    -40.00               |
|  DKNG261009C00022500          -1    +66.7%   $    +14.00               |
|  CVNA261002C00066000          -1   -183.3%   $    -11.00               |
|  CVX261016C00220000            1    -13.9%   $    -10.00               |
|  ... 3 more position(s)                                                |
+========================================================================+
Full detail: logs/options_trial/runs/2026-10-02.log
elapsed=1.4s reconcile=0.43s

=== 09:11:32 ET — after hours (exit summary) [elapsed=1.4s reconcile=0.56s] ===
=== options_morning_bot (PAPER) 2026-10-02T09:11:32.668966-04:00 ===

[Run context]
After hours (09:11 ET) — exit summary only.
Paper auth OK — equity $989869.44, account PA33P8KT02IL
  reconcile: layout changed controlled:100:c000_s173_w1_0928_1005_r1 -> controlled:77:live_1to1+variations

[Exit summary]
========================================================
OPTIONS EXIT SUMMARY — 2026-10-02
========================================================
Account equity: $989,869.44
Open broker positions: 11  unrealized $-265.00

No closed trades today.
========================================================

[Portfolio snapshot]
========================================================
OPTIONS TRIAL STATS
========================================================
Account equity: $989,869.44
Active buckets: 77 of 77 profiles ($500 virtual each) — paper unlimited mode

P&L summary
  Reflected (ex-S202,S203,S207,S211,S212,S216,S217,S351,S354,S355,S360,S363,S366,S405,S407,S408): $+13,347.55 all-time  |  $+0.00 today
  Raw (incl dropped):     $+8,123.55 all-time  |  $+0.00 today
  Open (not sold yet): $-96.00 unrealized (virtual lots)
                       $-265.00 unrealized (broker total)
  Premium deployed:    $1,630.00 in open positions
  Combined P&L:        $+13,251.55 (reflected realized + open virtual)

Ledger (master)
  Total events:     15761
  Today entries:    0
  Today exits (reflected): 0
  All-time exits (reflected): 2702  wins 44%
  Avg return/trade: +31.0%  median -23.3%

Open virtual lots (by bucket)
  b12 lab0012_s403_w2_1005_1045_r1  prem=$     0  real=$-39.00  open=$ +0.00  lots=0  [-]
       buy: ask-0.01  sell: bid-0.01  tp=+50% sl=-50%
  b90 live_1to1               prem=$    68  real=$+36.00  open=$ -2.77  lots=1  [S404:NKEx1]
       buy: ask-0.01  sell: bid-0.01  tp=+50% sl=-40%
  (75 quiet bucket profile(s) — no trades yet)

Alpaca option positions
  CVNA261002C00066000  qty=-1  cost=$6.00  return=-183.3%  open P&L=$-11.00
  CVNA261002C00068000  qty=-1  cost=$11.00  return=+18.2%  open P&L=$+2.00
  CVNA261002C00069000  qty=2  cost=$76.00  return=-97.4%  open P&L=$-74.00
  CVX261002C00210000  qty=-1  cost=$33.00  return=+12.1%  open P&L=$+4.00
  CVX261016C00220000  qty=1  cost=$72.00  return=-13.9%  open P&L=$-10.00
  DKNG261009C00022500  qty=-1  cost=$21.00  return=+66.7%  open P&L=$+14.00
  DKNG261016C00023500  qty=1  cost=$43.00  return=-93.0%  open P&L=$-40.00
  NKE261002C00038000  qty=15  cost=$1,032.00  return=-4.1%  open P&L=$-42.00
  NKE261002C00038500  qty=6  cost=$334.00  return=-1.2%  open P&L=$-4.00
  OXY261002C00056000  qty=-1  cost=$27.00  return=-659.3%  open P&L=$-178.00
  OXY261016C00058000  qty=1  cost=$73.00  return=+101.4%  open P&L=$+74.00

Per-bucket exit stats (all time)
  b0|c000_s173_w1_0928_1005_r1  n= 22  avg=+24.8%  med=+34.9%  realized=$+283.00
  b0|orphan_reconcile     n=422  avg=+6.1%  med=-48.0%  realized=$+312.88
  b104|c104_s164_w1_0928_1005_r4  n=  1  avg=-88.9%  med=-88.9%  realized=$-8.00
  b1052|lab1052_s165_w1_0928_1005_r1  n=  2  avg=+170.4%  med=+194.7%  realized=$+110.00
  b1053|lab1053_s165_w1_0928_1005_r2  n=  2  avg=+165.7%  med=+189.5%  realized=$+107.00
  b1054|lab1054_s165_w2_1005_1045_r1  n=  1  avg=+93.5%  med=+93.5%  realized=$+58.00
  b1055|lab1055_s165_w2_1005_1045_r2  n=  1  avg=+526.3%  med=+526.3%  realized=$+100.00
  b1057|lab1057_s165_w3_1045_1120_r2  n=  2  avg=+45.7%  med=+144.7%  realized=$+23.00
  b1058|lab1058_s165_w4_1120_1135_r1  n=  1  avg=+390.5%  med=+390.5%  realized=$+82.00
  b1059|lab1059_s165_w4_1120_1135_r2  n=  1  avg=+342.9%  med=+342.9%  realized=$+72.00
  b1094|lab1094_s167_w1_0928_1005_r1  n=  3  avg=+75.9%  med=+126.0%  realized=$+73.00
  b1095|lab1095_s167_w1_0928_1005_r2  n=  3  avg=+58.7%  med=+106.0%  realized=$+57.00
  b1096|lab1096_s167_w2_1005_1045_r1  n=  3  avg=+140.2%  med=-55.4%  realized=$+45.00
  b1097|lab1097_s167_w2_1005_1045_r2  n=  3  avg=+132.5%  med=-55.4%  realized=$+40.00
  b1098|lab1098_s167_w3_1045_1120_r1  n=  1  avg=+121.0%  med=+121.0%  realized=$+46.00
  b1099|lab1099_s167_w3_1045_1120_r2  n=  1  avg=+142.1%  med=+142.1%  realized=$+54.00
  b10|c010_s165_w3_1045_1120_r1  n=  8  avg=-37.2%  med=-18.9%  realized=$-205.00
  b1100|lab1100_s167_w4_1120_1135_r1  n=  1  avg=+328.6%  med=+328.6%  realized=$+69.00
  b1101|lab1101_s167_w4_1120_1135_r2  n=  1  avg=+323.8%  med=+323.8%  realized=$+68.00
  b1108|lab1108_s166_w1_0928_1005_r1  n=  1  avg=+160.9%  med=+160.9%  realized=$+74.00
  b1109|lab1109_s166_w1_0928_1005_r2  n=  1  avg=+77.6%  med=+77.6%  realized=$+45.00
  b1110|lab1110_s166_w2_1005_1045_r1  n=  2  avg=-10.5%  med=+67.2%  realized=$+26.00
  b1111|lab1111_s166_w2_1005_1045_r2  n=  2  avg=-7.7%  med=+72.9%  realized=$+28.00
  b1112|lab1112_s166_w3_1045_1120_r1  n=  1  avg=+273.0%  med=+273.0%  realized=$+101.00
  b1113|lab1113_s166_w3_1045_1120_r2  n=  2  avg=+100.9%  med=+135.1%  realized=$+92.00
  b1115|lab1115_s166_w4_1120_1135_r2  n=  1  avg=+55.6%  med=+55.6%  realized=$+40.00
  b1122|lab1122_s168_w1_0928_1005_r1  n=  3  avg=+72.4%  med=+50.0%  realized=$+46.00
  b1123|lab1123_s168_w1_0928_1005_r2  n=  3  avg=+55.9%  med=+53.3%  realized=$+36.00
  b1124|lab1124_s168_w2_1005_1045_r1  n=  2  avg=+91.2%  med=+248.6%  realized=$+50.00
  b1125|lab1125_s168_w2_1005_1045_r2  n=  3  avg=+32.1%  med=-54.8%  realized=$+16.00
  b1126|lab1126_s168_w3_1045_1120_r1  n=  4  avg=+67.5%  med=+116.2%  realized=$+110.00
  b1127|lab1127_s168_w3_1045_1120_r2  n=  4  avg=+52.5%  med=+102.7%  realized=$+86.00
  b1128|lab1128_s168_w4_1120_1135_r1  n=  2  avg=+120.5%  med=+272.2%  realized=$+83.00
  b1129|lab1129_s168_w4_1120_1135_r2  n=  2  avg=+101.7%  med=+255.6%  realized=$+67.00
  b1136|lab1136_s163_w1_0928_1005_r1  n=  3  avg=-8.7%  med=-51.4%  realized=$+6.00
  b1137|lab1137_s163_w1_0928_1005_r2  n=  3  avg=-19.2%  med=-61.9%  realized=$-7.00
  b1138|lab1138_s163_w2_1005_1045_r1  n=  3  avg=+69.1%  med=+67.2%  realized=$+84.00
  b1139|lab1139_s163_w2_1005_1045_r2  n=  3  avg=+73.5%  med=+70.5%  realized=$+90.00
  b1140|lab1140_s163_w3_1045_1120_r1  n=  6  avg=+47.0%  med=+73.0%  realized=$+156.00
  b1141|lab1141_s163_w3_1045_1120_r2  n=  6  avg=+42.1%  med=+64.9%  realized=$+138.00
  b1142|lab1142_s163_w4_1120_1135_r1  n=  1  avg=-72.9%  med=-72.9%  realized=$-35.00
  b1143|lab1143_s163_w4_1120_1135_r2  n=  2  avg=+27.6%  med=+128.1%  realized=$+6.00
  b1150|lab1150_s164_w1_0928_1005_r1  n=  4  avg=+79.6%  med=+156.0%  realized=$+92.00
  b1151|lab1151_s164_w1_0928_1005_r2  n=  4  avg=+40.3%  med=+124.0%  realized=$+59.00
  b1152|lab1152_s164_w2_1005_1045_r1  n=  2  avg=+216.7%  med=+531.6%  realized=$+46.00
  b1153|lab1153_s164_w2_1005_1045_r2  n=  2  avg=+242.5%  med=+542.1%  realized=$+71.00
  b1154|lab1154_s164_w3_1045_1120_r1  n=  3  avg=+51.4%  med=+62.2%  realized=$+47.00
  b1155|lab1155_s164_w3_1045_1120_r2  n=  3  avg=+43.1%  med=+43.2%  realized=$+42.00
  b1156|lab1156_s164_w4_1120_1135_r1  n=  2  avg=+144.5%  med=+342.9%  realized=$+65.00
  b1157|lab1157_s164_w4_1120_1135_r2  n=  2  avg=+150.4%  med=+323.8%  realized=$+65.00
  b12|lab0012_s403_w2_1005_1045_r1  n=  2  avg=-55.0%  med=-50.0%  realized=$-39.00
  b132|c132_s164_w1_0928_1005_r5  n=  2  avg=-65.7%  med=-53.6%  realized=$-37.00
  b135|c135_s164_w4_1120_1135_r5  n=  1  avg=-50.0%  med=-50.0%  realized=$-4.00
  b192|lab0192_s218_w1_0928_1005_r1  n= 12  avg=+19.7%  med=+50.0%  realized=$+116.00
  b193|lab0193_s218_w1_0928_1005_r2  n= 14  avg=+25.9%  med=+36.4%  realized=$+174.00
  b194|lab0194_s218_w2_1005_1045_r1  n= 20  avg=+9.9%  med=-37.5%  realized=$-84.00
  b195|lab0195_s218_w2_1005_1045_r2  n= 22  avg=+27.2%  med=+58.8%  realized=$+218.00
  b196|lab0196_s218_w3_1045_1120_r1  n= 10  avg=+105.0%  med=+0.0%  realized=$+140.00
  b197|lab0197_s218_w3_1045_1120_r2  n=  9  avg=+120.8%  med=+45.7%  realized=$+268.00
  b198|lab0198_s218_w4_1120_1135_r1  n=  5  avg=+67.4%  med=+85.7%  realized=$+133.00
  b199|lab0199_s218_w4_1120_1135_r2  n=  6  avg=+30.4%  med=+75.4%  realized=$+108.00
  b1|c001_s173_w2_1005_1045_r1  n= 10  avg=-65.0%  med=-64.9%  realized=$-406.00
  b20|c020_s164_w1_0928_1005_r1  n=  9  avg=-11.2%  med=-14.3%  realized=$-19.00
  b20|c020_s173_w1_0928_1005_r2  n= 21  avg=+1.0%  med=-3.6%  realized=$+6.00
  b21|c021_s164_w2_1005_1045_r1  n=  8  avg=-61.7%  med=-56.1%  realized=$-308.00
  b21|c021_s173_w2_1005_1045_r2  n= 23  avg=-55.2%  med=-72.1%  realized=$-863.00
  b222|lab0222_s400_w2_1005_1045_r1  n=  1  avg=-50.0%  med=-50.0%  realized=$-4.00
  b223|lab0223_s400_w2_1005_1045_r2  n=  1  avg=-50.0%  med=-50.0%  realized=$-4.00
  b224|lab0224_s400_w3_1045_1120_r1  n=  1  avg=-66.7%  med=-66.7%  realized=$-10.00
  b225|lab0225_s400_w3_1045_1120_r2  n=  2  avg=-7.3%  med=+52.1%  realized=$+15.00
  b227|lab0227_s400_w4_1120_1135_r2  n=  1  avg=-22.2%  med=-22.2%  realized=$-2.00
  b22|c022_s164_w3_1045_1120_r1  n=  6  avg=-28.3%  med=-55.7%  realized=$-115.00
  b22|c022_s173_w3_1045_1120_r2  n= 11  avg=-35.9%  med=-54.2%  realized=$-224.00
  b234|lab0234_s401_w1_0928_1005_r1  n= 14  avg=+42.1%  med=-46.0%  realized=$-203.00
  b235|lab0235_s401_w1_0928_1005_r2  n= 18  avg=+108.6%  med=-23.7%  realized=$+63.00
  b236|c236_s218_w3_1045_1120_r1  n=  1  avg=-33.3%  med=-33.3%  realized=$-1.00
  b236|lab0236_s401_w2_1005_1045_r1  n= 17  avg=-10.6%  med=-38.1%  realized=$-165.00
  b237|c237_s218_w3_1045_1120_r2  n=  1  avg=-66.7%  med=-66.7%  realized=$-2.00
  b237|lab0237_s401_w2_1005_1045_r2  n= 20  avg=+21.2%  med=+50.0%  realized=$+101.00
  b238|lab0238_s401_w3_1045_1120_r1  n= 21  avg=+151.3%  med=+100.0%  realized=$+1,040.00
  b239|lab0239_s401_w3_1045_1120_r2  n= 19  avg=+91.8%  med=+30.2%  realized=$+257.00
  b23|c023_s164_w4_1120_1135_r1  n=  2  avg=-67.7%  med=-67.7%  realized=$-84.00
  b23|c023_s173_w4_1120_1135_r2  n=  3  avg=-25.0%  med=-61.5%  realized=$-41.00
  b240|lab0240_s401_w4_1120_1135_r1  n= 14  avg=+22.7%  med=+9.6%  realized=$+33.00
  b241|lab0241_s401_w4_1120_1135_r2  n= 12  avg=-24.2%  med=-17.5%  realized=$-198.00
  b25|c025_s168_w2_1005_1045_r1  n=  2  avg=-20.7%  med=-19.6%  realized=$-19.00
  b25|c025_s174_w2_1005_1045_r2  n= 18  avg=-33.0%  med=-21.7%  realized=$-333.00
  b262|lab0262_s403_w1_0928_1005_r1  n=  6  avg=+87.1%  med=+100.0%  realized=$+218.00
  b263|lab0263_s403_w1_0928_1005_r2  n= 12  avg=+50.7%  med=+67.7%  realized=$+273.00
  b264|lab0264_s403_w2_1005_1045_r1  n= 11  avg=+15.4%  med=+34.7%  realized=$+72.00
  b265|lab0265_s403_w2_1005_1045_r2  n= 13  avg=+11.6%  med=+48.6%  realized=$+83.00
  b266|lab0266_s403_w3_1045_1120_r1  n=  6  avg=+50.1%  med=+70.6%  realized=$+87.00
  b267|lab0267_s403_w3_1045_1120_r2  n=  9  avg=+22.9%  med=+52.8%  realized=$+100.00
  b268|lab0268_s403_w4_1120_1135_r1  n=  4  avg=+158.4%  med=+320.0%  realized=$+152.00
  b269|lab0269_s403_w4_1120_1135_r2  n=  8  avg=+96.4%  med=+76.9%  realized=$+278.00
  b26|c026_s174_w3_1045_1120_r2  n=  1  avg=-53.1%  med=-53.1%  realized=$-26.00
  b276|lab0276_s350_w1_0928_1005_r1  n= 10  avg=+61.5%  med=+102.9%  realized=$+227.00
  b277|lab0277_s350_w1_0928_1005_r2  n=  9  avg=+100.0%  med=+145.8%  realized=$+352.00
  b278|lab0278_s350_w2_1005_1045_r1  n= 13  avg=+37.3%  med=+0.0%  realized=$+58.00
  b279|lab0279_s350_w2_1005_1045_r2  n= 14  avg=+56.2%  med=-28.3%  realized=$+163.00
  b288|lab0288_s352_w1_0928_1005_r1  n=  6  avg=+80.4%  med=+100.0%  realized=$+77.00
  b289|lab0289_s352_w1_0928_1005_r2  n=  6  avg=+54.3%  med=+93.8%  realized=$+56.00
  b28|c028_s165_w1_0928_1005_r2  n= 17  avg=+49.5%  med=+80.0%  realized=$+448.00
  b28|c028_s173_w1_0928_1005_r2  n=  5  avg=+51.6%  med=+80.0%  realized=$+142.00
  b290|lab0290_s352_w2_1005_1045_r1  n=  8  avg=+63.4%  med=+38.9%  realized=$+91.00
  b291|lab0291_s352_w2_1005_1045_r2  n=  9  avg=+58.5%  med=-51.9%  realized=$+95.00
  b292|lab0292_s352_w3_1045_1120_r1  n= 10  avg=+50.4%  med=+13.0%  realized=$+25.00
  b293|lab0293_s352_w3_1045_1120_r2  n= 11  avg=+61.4%  med=+39.1%  realized=$+63.00
  b294|lab0294_s352_w4_1120_1135_r1  n=  5  avg=+5.0%  med=-71.4%  realized=$-78.00
  b295|lab0295_s352_w4_1120_1135_r2  n=  5  avg=+2.8%  med=-75.0%  realized=$-80.00
  b296|lab0296_s353_w1_0928_1005_r1  n=  6  avg=+78.8%  med=+123.7%  realized=$+107.00
  b297|lab0297_s353_w1_0928_1005_r2  n=  6  avg=+52.4%  med=+79.0%  realized=$+70.00
  b298|lab0298_s353_w2_1005_1045_r1  n= 12  avg=+5.8%  med=-34.7%  realized=$-67.00
  b299|lab0299_s353_w2_1005_1045_r2  n=  8  avg=-35.1%  med=-60.0%  realized=$-156.00
  b29|c029_s165_w2_1005_1045_r2  n=  9  avg=-23.3%  med=-50.0%  realized=$-221.00
  b29|c029_s173_w2_1005_1045_r2  n=  2  avg=-69.3%  med=-48.5%  realized=$-78.00
  b2|c002_s173_w3_1045_1120_r1  n= 15  avg=+67.7%  med=+32.8%  realized=$+707.00
  b300|lab0300_s353_w3_1045_1120_r1  n=  4  avg=+125.4%  med=-52.8%  realized=$-72.00
  b301|lab0301_s353_w3_1045_1120_r2  n=  2  avg=+445.0%  med=+942.9%  realized=$+38.00
  b302|lab0302_s353_w4_1120_1135_r1  n=  3  avg=+127.9%  med=+96.5%  realized=$+92.00
  b303|lab0303_s353_w4_1120_1135_r2  n=  4  avg=+103.5%  med=+93.1%  realized=$+113.00
  b30|c030_s165_w3_1045_1120_r2  n=  9  avg=+38.8%  med=+0.0%  realized=$+260.00
  b30|c030_s173_w3_1045_1120_r2  n=  2  avg=-9.5%  med=+0.0%  realized=$-14.00
  b31|c031_s165_w4_1120_1135_r2  n=  2  avg=+145.5%  med=+175.8%  realized=$+192.00
  b320|lab0320_s356_w1_0928_1005_r1  n=  4  avg=+18.8%  med=+37.9%  realized=$+34.00
  b321|lab0321_s356_w1_0928_1005_r2  n=  4  avg=+28.1%  med=+58.6%  realized=$+56.00
  b322|lab0322_s356_w2_1005_1045_r1  n=  3  avg=-12.4%  med=-21.6%  realized=$-21.00
  b323|lab0323_s356_w2_1005_1045_r2  n=  4  avg=-22.8%  med=-18.9%  realized=$-43.00
  b324|lab0324_s356_w3_1045_1120_r1  n=  4  avg=-5.4%  med=-25.0%  realized=$-12.00
  b325|lab0325_s356_w3_1045_1120_r2  n=  4  avg=-1.7%  med=-19.4%  realized=$-6.00
  b326|lab0326_s356_w4_1120_1135_r1  n=  2  avg=+76.1%  med=+100.0%  realized=$+68.00
  b327|lab0327_s356_w4_1120_1135_r2  n=  3  avg=+19.3%  med=+52.0%  realized=$+20.00
  b328|lab0328_s357_w1_0928_1005_r1  n=  3  avg=+3.8%  med=+47.1%  realized=$+7.00
  b329|lab0329_s357_w1_0928_1005_r2  n=  3  avg=+3.8%  med=+47.1%  realized=$+7.00
  b330|lab0330_s357_w2_1005_1045_r1  n=  2  avg=+34.9%  med=+131.4%  realized=$+27.00
  b331|lab0331_s357_w2_1005_1045_r2  n=  3  avg=-10.7%  med=-56.9%  realized=$-19.00
  b332|lab0332_s357_w3_1045_1120_r1  n=  5  avg=+66.7%  med=+73.7%  realized=$+190.00
  b333|lab0333_s357_w3_1045_1120_r2  n=  6  avg=+66.3%  med=+71.9%  realized=$+228.00
  b334|lab0334_s357_w4_1120_1135_r1  n=  1  avg=+81.2%  med=+81.2%  realized=$+39.00
  b335|lab0335_s357_w4_1120_1135_r2  n=  2  avg=+54.6%  med=+57.1%  realized=$+53.00
  b340|lab0340_s358_w3_1045_1120_r1  n=  1  avg=-51.4%  med=-51.4%  realized=$-37.00
  b341|lab0341_s358_w3_1045_1120_r2  n=  1  avg=-51.4%  med=-51.4%  realized=$-37.00
  b342|lab0342_s358_w4_1120_1135_r1  n=  1  avg=+53.1%  med=+53.1%  realized=$+26.00
  b343|lab0343_s358_w4_1120_1135_r2  n=  1  avg=+55.1%  med=+55.1%  realized=$+27.00
  b344|lab0344_s359_w1_0928_1005_r1  n=  6  avg=+41.3%  med=+58.5%  realized=$+5.00
  b345|lab0345_s359_w1_0928_1005_r2  n=  8  avg=+28.1%  med=+43.3%  realized=$+31.00
  b346|lab0346_s359_w2_1005_1045_r1  n= 13  avg=+63.4%  med=-46.7%  realized=$-44.00
  b347|lab0347_s359_w2_1005_1045_r2  n= 12  avg=+68.0%  med=-39.3%  realized=$-4.00
  b362|lab0362_s361_w1_0928_1005_r1  n=  7  avg=-19.5%  med=-30.4%  realized=$-109.00
  b363|lab0363_s361_w1_0928_1005_r2  n=  8  avg=-17.9%  med=-30.4%  realized=$-114.00
  b364|lab0364_s361_w2_1005_1045_r1  n=  9  avg=+126.2%  med=+81.8%  realized=$+88.00
  b365|lab0365_s361_w2_1005_1045_r2  n= 12  avg=+173.8%  med=+82.8%  realized=$+310.00
  b366|lab0366_s361_w3_1045_1120_r1  n=  4  avg=+248.7%  med=+61.1%  realized=$+24.00
  b367|lab0367_s361_w3_1045_1120_r2  n= 13  avg=+60.9%  med=-50.0%  realized=$-97.00
  b368|lab0368_s361_w4_1120_1135_r1  n=  4  avg=+61.2%  med=+71.4%  realized=$-11.00
  b369|lab0369_s361_w4_1120_1135_r2  n=  5  avg=+74.9%  med=+80.0%  realized=$+12.00
  b376|lab0376_s362_w1_0928_1005_r1  n=  9  avg=-5.0%  med=+8.7%  realized=$-60.00
  b377|lab0377_s362_w1_0928_1005_r2  n= 10  avg=+4.4%  med=+13.0%  realized=$-28.00
  b378|lab0378_s362_w2_1005_1045_r1  n=  6  avg=+212.2%  med=+74.4%  realized=$+195.00
  b379|lab0379_s362_w2_1005_1045_r2  n= 10  avg=+126.2%  med=+60.5%  realized=$+246.00
  b380|lab0380_s362_w3_1045_1120_r1  n=  8  avg=+153.8%  med=+103.3%  realized=$+196.00
  b381|lab0381_s362_w3_1045_1120_r2  n=  8  avg=+153.4%  med=+108.3%  realized=$+215.00
  b382|lab0382_s362_w4_1120_1135_r1  n=  4  avg=+330.7%  med=+323.8%  realized=$+327.00
  b383|lab0383_s362_w4_1120_1135_r2  n=  4  avg=+352.1%  med=+309.5%  realized=$+356.00
  b3|c003_s173_w4_1120_1135_r1  n= 17  avg=+131.0%  med=-50.0%  realized=$+1,311.00
  b404|lab0404_s364_w1_0928_1005_r1  n=  5  avg=-0.6%  med=-2.9%  realized=$-29.00
  b405|lab0405_s364_w1_0928_1005_r2  n=  6  avg=+3.8%  med=+50.0%  realized=$-15.00
  b406|lab0406_s364_w2_1005_1045_r1  n= 10  avg=-17.6%  med=-44.2%  realized=$-159.00
  b407|lab0407_s364_w2_1005_1045_r2  n= 11  avg=-12.3%  med=-42.3%  realized=$-90.00
  b408|lab0408_s364_w3_1045_1120_r1  n=  9  avg=+11.2%  med=+66.7%  realized=$+7.00
  b409|lab0409_s364_w3_1045_1120_r2  n= 11  avg=+7.6%  med=+53.1%  realized=$-5.00
  b40|c040_s166_w1_0928_1005_r2  n=  6  avg=-37.2%  med=-12.7%  realized=$-142.00
  b40|c040_s173_w1_0928_1005_r3  n= 23  avg=+12.9%  med=-15.4%  realized=$-90.00
  b410|lab0410_s364_w4_1120_1135_r1  n=  7  avg=+72.6%  med=+39.5%  realized=$+171.00
  b411|lab0411_s364_w4_1120_1135_r2  n=  4  avg=+137.5%  med=+188.9%  realized=$+189.00
  b418|lab0418_s365_w1_0928_1005_r1  n=  3  avg=+20.9%  med=+67.3%  realized=$+24.00
  b419|lab0419_s365_w1_0928_1005_r2  n=  6  avg=-7.6%  med=+38.5%  realized=$-47.00
  b41|c041_s166_w2_1005_1045_r2  n=  3  avg=-62.0%  med=-61.4%  realized=$-106.00
  b41|c041_s173_w2_1005_1045_r3  n= 13  avg=-48.5%  med=-66.7%  realized=$-452.00
  b420|lab0420_s365_w2_1005_1045_r1  n=  4  avg=-24.5%  med=-48.3%  realized=$-52.00
  b421|lab0421_s365_w2_1005_1045_r2  n=  4  avg=-27.9%  med=-47.8%  realized=$-62.00
  b422|lab0422_s365_w3_1045_1120_r1  n=  3  avg=+33.1%  med=+63.6%  realized=$+25.00
  b423|lab0423_s365_w3_1045_1120_r2  n=  4  avg=+34.7%  med=+63.6%  realized=$+58.00
  b424|lab0424_s365_w4_1120_1135_r1  n=  5  avg=-10.7%  med=+0.0%  realized=$-24.00
  b425|lab0425_s365_w4_1120_1135_r2  n=  3  avg=+109.8%  med=+54.8%  realized=$+124.00
  b42|c042_s166_w3_1045_1120_r2  n=  6  avg=+115.7%  med=+21.4%  realized=$+489.00
  b42|c042_s173_w3_1045_1120_r3  n= 13  avg=+31.1%  med=-8.3%  realized=$+262.00
  b43|c043_s166_w4_1120_1135_r2  n=  7  avg=+62.0%  med=+41.9%  realized=$+281.00
  b43|c043_s173_w4_1120_1135_r3  n=  8  avg=+58.7%  med=+53.2%  realized=$+241.00
  b449|lab0449_s367_w2_1005_1045_r2  n=  1  avg=-48.9%  med=-48.9%  realized=$-22.00
  b450|lab0450_s367_w3_1045_1120_r1  n=  1  avg=-51.4%  med=-51.4%  realized=$-37.00
  b451|lab0451_s367_w3_1045_1120_r2  n=  1  avg=-25.0%  med=-25.0%  realized=$-18.00
  b46|c046_s174_w3_1045_1120_r3  n=  3  avg=-89.7%  med=-89.7%  realized=$-156.00
  b47|c047_s163_w4_1120_1135_r2  n=  3  avg=-79.7%  med=-78.0%  realized=$-141.00
  b47|c047_s174_w4_1120_1135_r3  n= 25  avg=-73.4%  med=-78.0%  realized=$-1,155.00
  b48|c048_s164_w1_0928_1005_r2  n=  5  avg=-33.1%  med=-49.1%  realized=$-91.00
  b48|c048_s165_w1_0928_1005_r3  n= 16  avg=-35.9%  med=-49.1%  realized=$-344.00
  b49|c049_s164_w2_1005_1045_r2  n=  4  avg=-51.8%  med=-44.0%  realized=$-133.00
  b49|c049_s165_w2_1005_1045_r3  n= 15  avg=-49.3%  med=-49.1%  realized=$-458.00
  b50|c050_s164_w3_1045_1120_r2  n=  4  avg=-39.6%  med=-16.7%  realized=$-115.00
  b50|c050_s165_w3_1045_1120_r3  n=  9  avg=-23.6%  med=-23.1%  realized=$-142.00
  b51|c051_s165_w4_1120_1135_r3  n=  1  avg=+263.6%  med=+263.6%  realized=$+174.00
  b56|g056_lim_tp20_sl65  n=  1  avg=+47.7%  med=+47.7%  realized=$+20.52
  b57|g057_mid_tp20_sl65  n=  1  avg=+47.7%  med=+47.7%  realized=$+20.52
  b58|g058_eod_tp20_sl65  n=  1  avg=+59.1%  med=+59.1%  realized=$+25.41
  b60|c060_s167_w1_0928_1005_r3  n=  3  avg=-55.8%  med=-62.8%  realized=$-98.00
  b60|c060_s173_w1_0928_1005_r4  n= 13  avg=-5.1%  med=-13.6%  realized=$-99.00
  b61|c061_s167_w2_1005_1045_r3  n=  5  avg=-54.6%  med=-50.9%  realized=$-160.00
  b61|c061_s173_w2_1005_1045_r4  n=  8  avg=-37.3%  med=-50.0%  realized=$-208.00
  b62|c062_s167_w3_1045_1120_r3  n=  8  avg=-51.8%  med=-64.2%  realized=$-286.00
  b62|c062_s173_w3_1045_1120_r4  n= 20  avg=+182.8%  med=-58.3%  realized=$-183.00
  b63|c063_s167_w4_1120_1135_r3  n=  2  avg=-54.8%  med=-54.8%  realized=$-68.00
  b63|c063_s173_w4_1120_1135_r4  n=  1  avg=-46.1%  med=-46.1%  realized=$-24.00
  b63|g063_mid_tp20_sl65  n=  1  avg=+23.3%  med=+23.3%  realized=$+18.63
  b64|c064_s174_w1_0928_1005_r4  n=  3  avg=-93.3%  med=-93.3%  realized=$-168.00
  b64|g064_eod_tp20_sl65  n=  1  avg=+34.2%  med=+34.2%  realized=$+27.40
  b65|c065_s174_w2_1005_1045_r4  n=  8  avg=-45.7%  med=-45.2%  realized=$-238.00
  b65|g065_lim_tp20_sl65  n=  1  avg=+23.3%  med=+23.3%  realized=$+18.63
  b66|c066_s174_w3_1045_1120_r4  n=  1  avg=-52.5%  med=-52.5%  realized=$-31.00
  b66|g066_mid_tp20_sl65  n=  1  avg=+23.3%  med=+23.3%  realized=$+18.63
  b67|c067_s174_w4_1120_1135_r4  n=  1  avg=-45.8%  med=-45.8%  realized=$-27.00
  b67|g067_eod_tp20_sl65  n=  1  avg=+34.2%  med=+34.2%  realized=$+27.40
  b68|c068_s165_w1_0928_1005_r4  n= 16  avg=-51.3%  med=-49.1%  realized=$-446.00
  b68|c068_s166_w1_0928_1005_r3  n=  4  avg=-52.7%  med=-49.1%  realized=$-116.00
  b69|c069_s165_w2_1005_1045_r4  n= 11  avg=+19.0%  med=-43.6%  realized=$-179.00
  b69|c069_s166_w2_1005_1045_r3  n=  4  avg=+10.1%  med=-40.0%  realized=$-87.00
  b70|c070_s165_w3_1045_1120_r4  n= 11  avg=-2.1%  med=-16.9%  realized=$-6.00
  b70|c070_s166_w3_1045_1120_r3  n=  4  avg=-42.5%  med=-27.0%  realized=$-124.00
  b70|g070_eod_tp30_sl20  n=  1  avg=+59.1%  med=+59.1%  realized=$+27.77
  b71|g071_lim_tp30_sl20  n=  1  avg=+36.5%  med=+36.5%  realized=$+23.73
  b72|g072_mid_tp30_sl20  n=  1  avg=+36.5%  med=+36.5%  realized=$+23.73
  b73|g073_eod_tp30_sl20  n=  1  avg=+55.6%  med=+55.6%  realized=$+36.11
  b73|lab0073_s209_w1_0928_1005_r2  n=  1  avg=-64.7%  med=-64.7%  realized=$-11.00
  b74|g074_lim_tp30_sl20  n=  1  avg=+36.5%  med=+36.5%  realized=$+23.73
  b74|lab0074_s209_w2_1005_1045_r1  n=  1  avg=-58.2%  med=-58.2%  realized=$-39.00
  b75|g075_mid_tp30_sl20  n=  1  avg=+36.5%  med=+36.5%  realized=$+23.73
  b75|lab0075_s209_w2_1005_1045_r2  n=  2  avg=-50.8%  med=-50.8%  realized=$-68.00
  b768|lab0768_s396_w1_0928_1005_r1  n=  2  avg=+89.0%  med=+93.1%  realized=$+118.00
  b769|lab0769_s396_w1_0928_1005_r2  n=  2  avg=+106.2%  med=+116.7%  realized=$+139.00
  b76|c076_s164_w1_0928_1005_r3  n=  1  avg=-50.0%  med=-50.0%  realized=$-2.00
  b76|g076_eod_tp30_sl20  n=  1  avg=+34.2%  med=+34.2%  realized=$+27.40
  b771|lab0771_s396_w2_1005_1045_r2  n=  1  avg=-82.2%  med=-82.2%  realized=$-60.00
  b773|lab0773_s396_w3_1045_1120_r2  n=  1  avg=+87.5%  med=+87.5%  realized=$+63.00
  b775|lab0775_s396_w4_1120_1135_r2  n=  1  avg=+74.6%  med=+74.6%  realized=$+44.00
  b776|lab0776_s397_w1_0928_1005_r1  n=  3  avg=-38.5%  med=-64.9%  realized=$-74.00
  b777|lab0777_s397_w1_0928_1005_r2  n=  6  avg=+22.9%  med=+38.6%  realized=$+72.00
  b778|lab0778_s397_w2_1005_1045_r1  n=  9  avg=+55.1%  med=+66.7%  realized=$+323.00
  b779|lab0779_s397_w2_1005_1045_r2  n=  8  avg=+50.8%  med=+61.9%  realized=$+284.00
  b77|g077_lim_tp30_sl20  n=  1  avg=-23.3%  med=-23.3%  realized=$-18.63
  b77|lab0077_s209_w3_1045_1120_r2  n=  2  avg=-68.8%  med=-66.7%  realized=$-41.00
  b780|lab0780_s397_w3_1045_1120_r1  n=  4  avg=+16.4%  med=+74.3%  realized=$+43.00
  b781|lab0781_s397_w3_1045_1120_r2  n=  7  avg=+11.9%  med=+67.1%  realized=$+100.00
  b782|lab0782_s397_w4_1120_1135_r1  n=  2  avg=+75.8%  med=+205.6%  realized=$+112.00
  b783|lab0783_s397_w4_1120_1135_r2  n=  4  avg=+105.3%  med=+151.6%  realized=$+262.00
  b784|lab0784_s398_w1_0928_1005_r1  n=  5  avg=+37.3%  med=+49.0%  realized=$+70.00
  b785|lab0785_s398_w1_0928_1005_r2  n=  6  avg=+9.2%  med=+49.0%  realized=$+37.00
  b786|lab0786_s398_w2_1005_1045_r1  n= 11  avg=-4.0%  med=-24.4%  realized=$-52.00
  b787|lab0787_s398_w2_1005_1045_r2  n=  6  avg=+21.4%  med=+61.3%  realized=$+34.00
  b788|lab0788_s398_w3_1045_1120_r1  n= 11  avg=+16.0%  med=-18.4%  realized=$+84.00
  b789|lab0789_s398_w3_1045_1120_r2  n= 10  avg=+0.8%  med=-50.0%  realized=$+32.00
  b78|g078_mid_tp30_sl20  n=  1  avg=-23.3%  med=-23.3%  realized=$-18.63
  b790|lab0790_s398_w4_1120_1135_r1  n=  5  avg=+179.6%  med=+140.3%  realized=$+338.00
  b791|lab0791_s398_w4_1120_1135_r2  n=  8  avg=+100.4%  med=+155.6%  realized=$+258.00
  b792|lab0792_s399_w1_0928_1005_r1  n=  4  avg=+100.0%  med=+140.0%  realized=$+80.00
  b793|lab0793_s399_w1_0928_1005_r2  n= 11  avg=+34.3%  med=+57.9%  realized=$+127.00
  b794|lab0794_s399_w2_1005_1045_r1  n= 13  avg=+51.4%  med=-59.1%  realized=$-129.00
  b795|lab0795_s399_w2_1005_1045_r2  n= 17  avg=+20.4%  med=-51.7%  realized=$-132.00
  b796|lab0796_s399_w3_1045_1120_r1  n=  4  avg=+187.1%  med=-51.4%  realized=$-23.00
  b797|lab0797_s399_w3_1045_1120_r2  n= 17  avg=+13.7%  med=-52.8%  realized=$-179.00
  b798|lab0798_s399_w4_1120_1135_r1  n=  5  avg=+12.3%  med=-53.1%  realized=$+61.00
  b799|lab0799_s399_w4_1120_1135_r2  n=  9  avg=+16.6%  med=-50.0%  realized=$+25.00
  b79|g079_eod_tp30_sl20  n=  1  avg=+34.2%  med=+34.2%  realized=$+27.40
  b79|lab0079_s209_w4_1120_1135_r2  n=  1  avg=-94.6%  med=-94.6%  realized=$-53.00
  b7|c007_s174_w4_1120_1135_r1  n=  5  avg=-7.5%  med=-1.4%  realized=$-58.00
  b800|lab0800_s404_w1_0928_1005_r1  n=  6  avg=+23.0%  med=+38.6%  realized=$+65.00
  b801|lab0801_s404_w1_0928_1005_r2  n=  7  avg=-5.7%  med=-17.0%  realized=$-12.00
  b802|lab0802_s404_w2_1005_1045_r1  n= 13  avg=+24.4%  med=+56.9%  realized=$+216.00
  b803|lab0803_s404_w2_1005_1045_r2  n= 11  avg=+46.9%  med=+56.9%  realized=$+328.00
  b804|lab0804_s404_w3_1045_1120_r1  n=  8  avg=+5.7%  med=+68.5%  realized=$+74.00
  b805|lab0805_s404_w3_1045_1120_r2  n=  9  avg=-12.7%  med=-55.2%  realized=$-21.00
  b806|lab0806_s404_w4_1120_1135_r1  n=  5  avg=+91.8%  med=+91.5%  realized=$+286.00
  b807|lab0807_s404_w4_1120_1135_r2  n=  7  avg=+61.5%  med=+53.2%  realized=$+272.00
  b80|c080_s168_w1_0928_1005_r3  n=  8  avg=+3.6%  med=-11.1%  realized=$-45.00
  b80|c080_s173_w1_0928_1005_r5  n= 45  avg=+52.6%  med=+59.1%  realized=$+503.00
  b80|g080_lim_tp30_sl30  n=  1  avg=+36.5%  med=+36.5%  realized=$+23.73
  b80|lab0080_s210_w1_0928_1005_r1  n= 13  avg=+7.1%  med=-8.5%  realized=$+35.00
  b81|c081_s168_w2_1005_1045_r3  n=  5  avg=-26.9%  med=-33.8%  realized=$-83.00
  b81|c081_s173_w2_1005_1045_r5  n= 20  avg=-39.1%  med=-38.4%  realized=$-559.00
  b81|g081_mid_tp30_sl30  n=  1  avg=+36.5%  med=+36.5%  realized=$+23.73
  b81|lab0081_s210_w1_0928_1005_r2  n= 15  avg=+15.9%  med=+46.7%  realized=$+118.00
  b828|lab0828_s406_w1_0928_1005_r1  n=  5  avg=-27.0%  med=-50.0%  realized=$-22.00
  b829|lab0829_s406_w1_0928_1005_r2  n=  4  avg=-21.6%  med=-50.0%  realized=$-21.00
  b82|c082_s168_w3_1045_1120_r3  n=  5  avg=-1.6%  med=-40.0%  realized=$-2.00
  b82|c082_s173_w3_1045_1120_r5  n=  9  avg=-10.7%  med=-12.5%  realized=$-48.00
  b82|g082_eod_tp30_sl30  n=  1  avg=+55.6%  med=+55.6%  realized=$+36.11
  b82|lab0082_s210_w2_1005_1045_r1  n= 15  avg=+1.3%  med=-6.2%  realized=$+44.00
  b830|lab0830_s406_w2_1005_1045_r1  n= 14  avg=+66.8%  med=+71.8%  realized=$+87.00
  b831|lab0831_s406_w2_1005_1045_r2  n= 17  avg=+69.5%  med=+76.9%  realized=$+149.00
  b832|lab0832_s406_w3_1045_1120_r1  n= 15  avg=+305.6%  med=+55.3%  realized=$+1,461.00
  b833|lab0833_s406_w3_1045_1120_r2  n= 20  avg=+251.6%  med=+53.3%  realized=$+1,414.00
  b834|lab0834_s406_w4_1120_1135_r1  n=  9  avg=+313.4%  med=+100.0%  realized=$+138.00
  b835|lab0835_s406_w4_1120_1135_r2  n=  9  avg=+166.5%  med=+66.7%  realized=$+212.00
  b83|c083_s168_w4_1120_1135_r3  n=  8  avg=+84.0%  med=+62.9%  realized=$+429.00
  b83|c083_s173_w4_1120_1135_r5  n= 20  avg=-20.6%  med=-68.2%  realized=$-271.00
  b83|g083_lim_tp30_sl30  n=  1  avg=+30.1%  med=+30.1%  realized=$+24.11
  b83|lab0083_s210_w2_1005_1045_r2  n=  9  avg=+6.1%  med=+7.0%  realized=$-9.00
  b84|g084_mid_tp30_sl30  n=  1  avg=+30.1%  med=+30.1%  realized=$+24.11
  b84|lab0084_s210_w3_1045_1120_r1  n= 13  avg=-46.4%  med=-64.4%  realized=$-264.00
  b85|c085_s174_w2_1005_1045_r5  n=  7  avg=-9.4%  med=-32.7%  realized=$-42.00
  b85|g085_eod_tp30_sl30  n=  1  avg=+34.2%  med=+34.2%  realized=$+27.40
  b85|lab0085_s210_w3_1045_1120_r2  n= 17  avg=+51.3%  med=-44.4%  realized=$+43.00
  b86|c086_s174_w3_1045_1120_r5  n=  4  avg=+26.1%  med=+39.7%  realized=$+64.00
  b86|g086_lim_tp30_sl30  n=  1  avg=+30.1%  med=+30.1%  realized=$+24.11
  b86|lab0086_s210_w4_1120_1135_r1  n=  6  avg=+31.1%  med=+16.7%  realized=$+67.00
  b874|lab0874_s409_w3_1045_1120_r1  n=  1  avg=+84.7%  med=+84.7%  realized=$+61.00
  b875|lab0875_s409_w3_1045_1120_r2  n=  1  avg=+79.2%  med=+79.2%  realized=$+57.00
  b87|c087_s174_w4_1120_1135_r5  n=  4  avg=-23.5%  med=+37.5%  realized=$-114.00
  b87|g087_mid_tp30_sl30  n=  1  avg=+30.1%  med=+30.1%  realized=$+24.11
  b87|lab0087_s210_w4_1120_1135_r2  n=  9  avg=+12.1%  med=+19.4%  realized=$+41.00
  b884|lab0884_s410_w1_0928_1005_r1  n=  2  avg=+80.6%  med=+83.3%  realized=$+106.00
  b885|lab0885_s410_w1_0928_1005_r2  n=  3  avg=+72.8%  med=+65.3%  realized=$+145.00
  b886|lab0886_s410_w2_1005_1045_r1  n=  1  avg=+101.5%  med=+101.5%  realized=$+68.00
  b887|lab0887_s410_w2_1005_1045_r2  n=  2  avg=+11.0%  med=+70.4%  realized=$+19.00
  b888|lab0888_s410_w3_1045_1120_r1  n=  1  avg=-78.1%  med=-78.1%  realized=$-57.00
  b889|lab0889_s410_w3_1045_1120_r2  n=  1  avg=-68.5%  med=-68.5%  realized=$-50.00
  b88|c088_s165_w1_0928_1005_r5  n= 21  avg=-5.0%  med=-2.7%  realized=$-63.00
  b88|c088_s167_w1_0928_1005_r4  n=  4  avg=-12.7%  med=+30.9%  realized=$-28.00
  b88|g088_eod_tp30_sl30  n=  2  avg=+36.0%  med=+37.7%  realized=$+65.09
  b898|lab0898_s411_w1_0928_1005_r1  n=  2  avg=-54.5%  med=-51.4%  realized=$-79.00
  b899|lab0899_s411_w1_0928_1005_r2  n=  3  avg=-48.7%  med=-48.6%  realized=$-98.00
  b89|c089_s165_w2_1005_1045_r5  n=  7  avg=+113.1%  med=+30.9%  realized=$+67.00
  b89|c089_s167_w2_1005_1045_r4  n=  2  avg=-16.2%  med=+30.9%  realized=$-22.00
  b89|g089_lim_tp30_sl30  n=  1  avg=+30.1%  med=+30.1%  realized=$+24.11
  b8|c008_s165_w1_0928_1005_r1  n= 23  avg=-19.6%  med=-35.3%  realized=$-250.00
  b900|lab0900_s411_w2_1005_1045_r1  n= 11  avg=-2.4%  med=+7.7%  realized=$+1.00
  b901|lab0901_s411_w2_1005_1045_r2  n=  9  avg=+9.0%  med=+23.9%  realized=$+49.00
  b902|lab0902_s411_w3_1045_1120_r1  n=  8  avg=+8.1%  med=+13.4%  realized=$+16.00
  b903|lab0903_s411_w3_1045_1120_r2  n= 10  avg=+13.2%  med=+10.4%  realized=$+53.00
  b904|lab0904_s411_w4_1120_1135_r1  n=  3  avg=+3.5%  med=-52.2%  realized=$+13.00
  b905|lab0905_s411_w4_1120_1135_r2  n=  5  avg=+1.4%  med=+13.1%  realized=$+17.00
  b90|c090_s165_w3_1045_1120_r5  n= 13  avg=+7.7%  med=+0.0%  realized=$+47.00
  b90|c090_s167_w3_1045_1120_r4  n=  4  avg=-41.6%  med=-18.9%  realized=$-123.00
  b90|g090_mid_tp30_sl30  n=  1  avg=+30.1%  med=+30.1%  realized=$+24.11
  b90|live_1to1           n= 27  avg=+6.8%  med=-35.6%  realized=$+36.00
  b912|lab0912_s412_w1_0928_1005_r1  n=  6  avg=+75.0%  med=+66.7%  realized=$+27.00
  b913|lab0913_s412_w1_0928_1005_r2  n=  6  avg=+69.9%  med=+66.7%  realized=$+23.00
  b914|lab0914_s412_w2_1005_1045_r1  n=  8  avg=+90.2%  med=+79.5%  realized=$+199.00
  b915|lab0915_s412_w2_1005_1045_r2  n=  8  avg=+79.1%  med=+69.2%  realized=$+160.00
  b916|lab0916_s412_w3_1045_1120_r1  n= 16  avg=+3.0%  med=-10.7%  realized=$+0.00
  b917|lab0917_s412_w3_1045_1120_r2  n=  9  avg=+84.8%  med=-3.6%  realized=$-19.00
  b918|lab0918_s412_w4_1120_1135_r1  n=  5  avg=-49.4%  med=-55.4%  realized=$-140.00
  b919|lab0919_s412_w4_1120_1135_r2  n=  6  avg=+17.6%  med=-2.2%  realized=$-38.00
  b91|c091_s165_w4_1120_1135_r5  n=  2  avg=+222.0%  med=+247.0%  realized=$+293.00
  b91|g091_eod_tp30_sl30  n=  2  avg=+19.8%  med=+55.6%  realized=$+25.00
  b92|g092_lim_tp30_sl40  n=  2  avg=+53.6%  med=+70.8%  realized=$+94.51
  b93|g093_mid_tp30_sl40  n=  2  avg=+53.6%  med=+70.8%  realized=$+94.51
  b94|g094_eod_tp30_sl40  n=  2  avg=+46.6%  med=+55.6%  realized=$+73.80
  b95|g095_lim_tp30_sl40  n=  2  avg=+50.5%  med=+70.8%  realized=$+94.89
  b96|g096_mid_tp30_sl40  n=  2  avg=+50.5%  med=+70.8%  realized=$+94.89
  b97|g097_eod_tp30_sl40  n=  2  avg=+36.0%  med=+37.7%  realized=$+65.09
  b98|g098_lim_tp30_sl40  n=  2  avg=+50.5%  med=+70.8%  realized=$+94.89
  b99|g099_mid_tp30_sl40  n=  2  avg=+50.5%  med=+70.8%  realized=$+94.89
  b9|c009_s165_w2_1005_1045_r1  n=  7  avg=-74.4%  med=-66.2%  realized=$-301.00
========================================================
+========================================================================+
|[OPTIONS BOT DAILY VITALS (MATRIX EXPERIMENT)]                          |
+========================================================================+
|-- ACCOUNT STATUS (after_hours) --                                      |
|Equity       : $989,869.44                                              |
|Open Risk    : 26 lots (11 broker pos)                                  |
|Today's Run  : 0 signals -> 0 orders submitted                          |
|                                                                        |
|-- SYSTEM HEALTH --                                                     |
|Zombies      : 0 (Ledger is clean)                                      |
|Lab Status   : 26 Active Lots | 0 Pending Orders                        |
|Auto-Matrix  : (Pending EOD report generation)                          |
+========================================================================+
+========================================================================+
|[DATA QUALITY: CLEAN vs ERRORS vs KEEP-ONLY]                            |
+========================================================================+
|  CLEAN              n=1608  win= 48.1%  med= -27.6%  $+18,114          |
|  TAINTED            n=1953  win= 33.1%  med= -40.0%  $-9,990           |
|  KEEP-only          n=779   win= 60.8%  med= +50.9%  $+11,978          |
|  KEEP recent        n=586   win= 59.2%  med= +53.3%  $+7,917           |
|  KEEP(23): S163,S164,S167,S168,S173,S174,S210,S350...                  |
|  KILL(21): ORPHAN,S202,S203,S207,S211,S212,S216,S217...                |
+========================================================================+
+========================================================================+
|[+++ OVERPERFORMING STRATEGIES (n>=10)]                                 |
+========================================================================+
|  BKT  PROFILE                   WIN%   MED%   TOTAL TRADES             |
|  ---------------------------------------------------------             |
|  b276 lab0276_s350_w1_0928..  70%  +102.9%    10                       |
|  b238 lab0238_s401_w3_1045..  81%  +100.0%    21                       |
|  b365 lab0365_s361_w2_1005..  92%  +82.8%    12                        |
|  b28  lab0028_s373_w2_1005..  77%  +80.0%    22                        |
+========================================================================+
|[--- UNDERPERFORMING STRATEGIES (n>=10)]                                |
+========================================================================+
|  BKT  PROFILE                   WIN%   MED%   TOTAL TRADES             |
|  ---------------------------------------------------------             |
|  b47  lab0047_s392_w2_1005..   4%  -78.0%    28                        |
|  b1   lab0001_s201_w2_1005..   0%  -65.8%    10                        |
|  b41  lab0041_s386_w2_1005..  12%  -65.3%    16                        |
|  b84  g084_mid_tp30_sl30      36%  -63.8%    14                        |
+========================================================================+
+========================================================================+
|[OPEN OPTIONS (11)]                                                     |
+========================================================================+
|  SYMBOL                      QTY    RET%        OPEN P&L               |
|  ---------------------------------------------------------             |
|  OXY261002C00056000           -1   -659.3%   $   -178.00               |
|  CVNA261002C00069000           2    -97.4%   $    -74.00               |
|  OXY261016C00058000            1   +101.4%   $    +74.00               |
|  NKE261002C00038000           15     -4.1%   $    -42.00               |
|  DKNG261016C00023500           1    -93.0%   $    -40.00               |
|  DKNG261009C00022500          -1    +66.7%   $    +14.00               |
|  CVNA261002C00066000          -1   -183.3%   $    -11.00               |
|  CVX261016C00220000            1    -13.9%   $    -10.00               |
|  ... 3 more position(s)                                                |
+========================================================================+
Full detail: logs/options_trial/runs/2026-10-02.log
elapsed=1.4s reconcile=0.56s

=== 09:16:23 ET — after hours (exit summary) [elapsed=0.6s reconcile=0.09s] ===
=== options_morning_bot (PAPER) 2026-10-02T09:16:23.694472-04:00 ===

[Run context]
After hours (09:16 ET) — exit summary only.
Paper auth OK — equity $989809.90, account PA33P8KT02IL
  reconcile: layout changed controlled:100:c000_s173_w1_0928_1005_r1 -> controlled:77:live_1to1+variations

[Exit summary]
========================================================
OPTIONS EXIT SUMMARY — 2026-10-02
========================================================
Account equity: $989,809.90
Open broker positions: 11  unrealized $-265.00

No closed trades today.
========================================================

[Portfolio snapshot]
========================================================
OPTIONS TRIAL STATS
========================================================
Account equity: $989,809.90
Active buckets: 77 of 77 profiles ($500 virtual each) — paper unlimited mode

P&L summary
  Reflected (ex-S202,S203,S207,S211,S212,S216,S217,S351,S354,S355,S360,S363,S366,S405,S407,S408): $+13,347.55 all-time  |  $+0.00 today
  Raw (incl dropped):     $+8,123.55 all-time  |  $+0.00 today
  Open (not sold yet): $-96.00 unrealized (virtual lots)
                       $-265.00 unrealized (broker total)
  Premium deployed:    $1,630.00 in open positions
  Combined P&L:        $+13,251.55 (reflected realized + open virtual)

Ledger (master)
  Total events:     15761
  Today entries:    0
  Today exits (reflected): 0
  All-time exits (reflected): 2702  wins 44%
  Avg return/trade: +31.0%  median -23.3%

Open virtual lots (by bucket)
  b12 lab0012_s403_w2_1005_1045_r1  prem=$     0  real=$-39.00  open=$ +0.00  lots=0  [-]
       buy: ask-0.01  sell: bid-0.01  tp=+50% sl=-50%
  b90 live_1to1               prem=$    68  real=$+36.00  open=$ -2.77  lots=1  [S404:NKEx1]
       buy: ask-0.01  sell: bid-0.01  tp=+50% sl=-40%
  (75 quiet bucket profile(s) — no trades yet)

Alpaca option positions
  CVNA261002C00066000  qty=-1  cost=$6.00  return=-183.3%  open P&L=$-11.00
  CVNA261002C00068000  qty=-1  cost=$11.00  return=+18.2%  open P&L=$+2.00
  CVNA261002C00069000  qty=2  cost=$76.00  return=-97.4%  open P&L=$-74.00
  CVX261002C00210000  qty=-1  cost=$33.00  return=+12.1%  open P&L=$+4.00
  CVX261016C00220000  qty=1  cost=$72.00  return=-13.9%  open P&L=$-10.00
  DKNG261009C00022500  qty=-1  cost=$21.00  return=+66.7%  open P&L=$+14.00
  DKNG261016C00023500  qty=1  cost=$43.00  return=-93.0%  open P&L=$-40.00
  NKE261002C00038000  qty=15  cost=$1,032.00  return=-4.1%  open P&L=$-42.00
  NKE261002C00038500  qty=6  cost=$334.00  return=-1.2%  open P&L=$-4.00
  OXY261002C00056000  qty=-1  cost=$27.00  return=-659.3%  open P&L=$-178.00
  OXY261016C00058000  qty=1  cost=$73.00  return=+101.4%  open P&L=$+74.00

Per-bucket exit stats (all time)
  b0|c000_s173_w1_0928_1005_r1  n= 22  avg=+24.8%  med=+34.9%  realized=$+283.00
  b0|orphan_reconcile     n=422  avg=+6.1%  med=-48.0%  realized=$+312.88
  b104|c104_s164_w1_0928_1005_r4  n=  1  avg=-88.9%  med=-88.9%  realized=$-8.00
  b1052|lab1052_s165_w1_0928_1005_r1  n=  2  avg=+170.4%  med=+194.7%  realized=$+110.00
  b1053|lab1053_s165_w1_0928_1005_r2  n=  2  avg=+165.7%  med=+189.5%  realized=$+107.00
  b1054|lab1054_s165_w2_1005_1045_r1  n=  1  avg=+93.5%  med=+93.5%  realized=$+58.00
  b1055|lab1055_s165_w2_1005_1045_r2  n=  1  avg=+526.3%  med=+526.3%  realized=$+100.00
  b1057|lab1057_s165_w3_1045_1120_r2  n=  2  avg=+45.7%  med=+144.7%  realized=$+23.00
  b1058|lab1058_s165_w4_1120_1135_r1  n=  1  avg=+390.5%  med=+390.5%  realized=$+82.00
  b1059|lab1059_s165_w4_1120_1135_r2  n=  1  avg=+342.9%  med=+342.9%  realized=$+72.00
  b1094|lab1094_s167_w1_0928_1005_r1  n=  3  avg=+75.9%  med=+126.0%  realized=$+73.00
  b1095|lab1095_s167_w1_0928_1005_r2  n=  3  avg=+58.7%  med=+106.0%  realized=$+57.00
  b1096|lab1096_s167_w2_1005_1045_r1  n=  3  avg=+140.2%  med=-55.4%  realized=$+45.00
  b1097|lab1097_s167_w2_1005_1045_r2  n=  3  avg=+132.5%  med=-55.4%  realized=$+40.00
  b1098|lab1098_s167_w3_1045_1120_r1  n=  1  avg=+121.0%  med=+121.0%  realized=$+46.00
  b1099|lab1099_s167_w3_1045_1120_r2  n=  1  avg=+142.1%  med=+142.1%  realized=$+54.00
  b10|c010_s165_w3_1045_1120_r1  n=  8  avg=-37.2%  med=-18.9%  realized=$-205.00
  b1100|lab1100_s167_w4_1120_1135_r1  n=  1  avg=+328.6%  med=+328.6%  realized=$+69.00
  b1101|lab1101_s167_w4_1120_1135_r2  n=  1  avg=+323.8%  med=+323.8%  realized=$+68.00
  b1108|lab1108_s166_w1_0928_1005_r1  n=  1  avg=+160.9%  med=+160.9%  realized=$+74.00
  b1109|lab1109_s166_w1_0928_1005_r2  n=  1  avg=+77.6%  med=+77.6%  realized=$+45.00
  b1110|lab1110_s166_w2_1005_1045_r1  n=  2  avg=-10.5%  med=+67.2%  realized=$+26.00
  b1111|lab1111_s166_w2_1005_1045_r2  n=  2  avg=-7.7%  med=+72.9%  realized=$+28.00
  b1112|lab1112_s166_w3_1045_1120_r1  n=  1  avg=+273.0%  med=+273.0%  realized=$+101.00
  b1113|lab1113_s166_w3_1045_1120_r2  n=  2  avg=+100.9%  med=+135.1%  realized=$+92.00
  b1115|lab1115_s166_w4_1120_1135_r2  n=  1  avg=+55.6%  med=+55.6%  realized=$+40.00
  b1122|lab1122_s168_w1_0928_1005_r1  n=  3  avg=+72.4%  med=+50.0%  realized=$+46.00
  b1123|lab1123_s168_w1_0928_1005_r2  n=  3  avg=+55.9%  med=+53.3%  realized=$+36.00
  b1124|lab1124_s168_w2_1005_1045_r1  n=  2  avg=+91.2%  med=+248.6%  realized=$+50.00
  b1125|lab1125_s168_w2_1005_1045_r2  n=  3  avg=+32.1%  med=-54.8%  realized=$+16.00
  b1126|lab1126_s168_w3_1045_1120_r1  n=  4  avg=+67.5%  med=+116.2%  realized=$+110.00
  b1127|lab1127_s168_w3_1045_1120_r2  n=  4  avg=+52.5%  med=+102.7%  realized=$+86.00
  b1128|lab1128_s168_w4_1120_1135_r1  n=  2  avg=+120.5%  med=+272.2%  realized=$+83.00
  b1129|lab1129_s168_w4_1120_1135_r2  n=  2  avg=+101.7%  med=+255.6%  realized=$+67.00
  b1136|lab1136_s163_w1_0928_1005_r1  n=  3  avg=-8.7%  med=-51.4%  realized=$+6.00
  b1137|lab1137_s163_w1_0928_1005_r2  n=  3  avg=-19.2%  med=-61.9%  realized=$-7.00
  b1138|lab1138_s163_w2_1005_1045_r1  n=  3  avg=+69.1%  med=+67.2%  realized=$+84.00
  b1139|lab1139_s163_w2_1005_1045_r2  n=  3  avg=+73.5%  med=+70.5%  realized=$+90.00
  b1140|lab1140_s163_w3_1045_1120_r1  n=  6  avg=+47.0%  med=+73.0%  realized=$+156.00
  b1141|lab1141_s163_w3_1045_1120_r2  n=  6  avg=+42.1%  med=+64.9%  realized=$+138.00
  b1142|lab1142_s163_w4_1120_1135_r1  n=  1  avg=-72.9%  med=-72.9%  realized=$-35.00
  b1143|lab1143_s163_w4_1120_1135_r2  n=  2  avg=+27.6%  med=+128.1%  realized=$+6.00
  b1150|lab1150_s164_w1_0928_1005_r1  n=  4  avg=+79.6%  med=+156.0%  realized=$+92.00
  b1151|lab1151_s164_w1_0928_1005_r2  n=  4  avg=+40.3%  med=+124.0%  realized=$+59.00
  b1152|lab1152_s164_w2_1005_1045_r1  n=  2  avg=+216.7%  med=+531.6%  realized=$+46.00
  b1153|lab1153_s164_w2_1005_1045_r2  n=  2  avg=+242.5%  med=+542.1%  realized=$+71.00
  b1154|lab1154_s164_w3_1045_1120_r1  n=  3  avg=+51.4%  med=+62.2%  realized=$+47.00
  b1155|lab1155_s164_w3_1045_1120_r2  n=  3  avg=+43.1%  med=+43.2%  realized=$+42.00
  b1156|lab1156_s164_w4_1120_1135_r1  n=  2  avg=+144.5%  med=+342.9%  realized=$+65.00
  b1157|lab1157_s164_w4_1120_1135_r2  n=  2  avg=+150.4%  med=+323.8%  realized=$+65.00
  b12|lab0012_s403_w2_1005_1045_r1  n=  2  avg=-55.0%  med=-50.0%  realized=$-39.00
  b132|c132_s164_w1_0928_1005_r5  n=  2  avg=-65.7%  med=-53.6%  realized=$-37.00
  b135|c135_s164_w4_1120_1135_r5  n=  1  avg=-50.0%  med=-50.0%  realized=$-4.00
  b192|lab0192_s218_w1_0928_1005_r1  n= 12  avg=+19.7%  med=+50.0%  realized=$+116.00
  b193|lab0193_s218_w1_0928_1005_r2  n= 14  avg=+25.9%  med=+36.4%  realized=$+174.00
  b194|lab0194_s218_w2_1005_1045_r1  n= 20  avg=+9.9%  med=-37.5%  realized=$-84.00
  b195|lab0195_s218_w2_1005_1045_r2  n= 22  avg=+27.2%  med=+58.8%  realized=$+218.00
  b196|lab0196_s218_w3_1045_1120_r1  n= 10  avg=+105.0%  med=+0.0%  realized=$+140.00
  b197|lab0197_s218_w3_1045_1120_r2  n=  9  avg=+120.8%  med=+45.7%  realized=$+268.00
  b198|lab0198_s218_w4_1120_1135_r1  n=  5  avg=+67.4%  med=+85.7%  realized=$+133.00
  b199|lab0199_s218_w4_1120_1135_r2  n=  6  avg=+30.4%  med=+75.4%  realized=$+108.00
  b1|c001_s173_w2_1005_1045_r1  n= 10  avg=-65.0%  med=-64.9%  realized=$-406.00
  b20|c020_s164_w1_0928_1005_r1  n=  9  avg=-11.2%  med=-14.3%  realized=$-19.00
  b20|c020_s173_w1_0928_1005_r2  n= 21  avg=+1.0%  med=-3.6%  realized=$+6.00
  b21|c021_s164_w2_1005_1045_r1  n=  8  avg=-61.7%  med=-56.1%  realized=$-308.00
  b21|c021_s173_w2_1005_1045_r2  n= 23  avg=-55.2%  med=-72.1%  realized=$-863.00
  b222|lab0222_s400_w2_1005_1045_r1  n=  1  avg=-50.0%  med=-50.0%  realized=$-4.00
  b223|lab0223_s400_w2_1005_1045_r2  n=  1  avg=-50.0%  med=-50.0%  realized=$-4.00
  b224|lab0224_s400_w3_1045_1120_r1  n=  1  avg=-66.7%  med=-66.7%  realized=$-10.00
  b225|lab0225_s400_w3_1045_1120_r2  n=  2  avg=-7.3%  med=+52.1%  realized=$+15.00
  b227|lab0227_s400_w4_1120_1135_r2  n=  1  avg=-22.2%  med=-22.2%  realized=$-2.00
  b22|c022_s164_w3_1045_1120_r1  n=  6  avg=-28.3%  med=-55.7%  realized=$-115.00
  b22|c022_s173_w3_1045_1120_r2  n= 11  avg=-35.9%  med=-54.2%  realized=$-224.00
  b234|lab0234_s401_w1_0928_1005_r1  n= 14  avg=+42.1%  med=-46.0%  realized=$-203.00
  b235|lab0235_s401_w1_0928_1005_r2  n= 18  avg=+108.6%  med=-23.7%  realized=$+63.00
  b236|c236_s218_w3_1045_1120_r1  n=  1  avg=-33.3%  med=-33.3%  realized=$-1.00
  b236|lab0236_s401_w2_1005_1045_r1  n= 17  avg=-10.6%  med=-38.1%  realized=$-165.00
  b237|c237_s218_w3_1045_1120_r2  n=  1  avg=-66.7%  med=-66.7%  realized=$-2.00
  b237|lab0237_s401_w2_1005_1045_r2  n= 20  avg=+21.2%  med=+50.0%  realized=$+101.00
  b238|lab0238_s401_w3_1045_1120_r1  n= 21  avg=+151.3%  med=+100.0%  realized=$+1,040.00
  b239|lab0239_s401_w3_1045_1120_r2  n= 19  avg=+91.8%  med=+30.2%  realized=$+257.00
  b23|c023_s164_w4_1120_1135_r1  n=  2  avg=-67.7%  med=-67.7%  realized=$-84.00
  b23|c023_s173_w4_1120_1135_r2  n=  3  avg=-25.0%  med=-61.5%  realized=$-41.00
  b240|lab0240_s401_w4_1120_1135_r1  n= 14  avg=+22.7%  med=+9.6%  realized=$+33.00
  b241|lab0241_s401_w4_1120_1135_r2  n= 12  avg=-24.2%  med=-17.5%  realized=$-198.00
  b25|c025_s168_w2_1005_1045_r1  n=  2  avg=-20.7%  med=-19.6%  realized=$-19.00
  b25|c025_s174_w2_1005_1045_r2  n= 18  avg=-33.0%  med=-21.7%  realized=$-333.00
  b262|lab0262_s403_w1_0928_1005_r1  n=  6  avg=+87.1%  med=+100.0%  realized=$+218.00
  b263|lab0263_s403_w1_0928_1005_r2  n= 12  avg=+50.7%  med=+67.7%  realized=$+273.00
  b264|lab0264_s403_w2_1005_1045_r1  n= 11  avg=+15.4%  med=+34.7%  realized=$+72.00
  b265|lab0265_s403_w2_1005_1045_r2  n= 13  avg=+11.6%  med=+48.6%  realized=$+83.00
  b266|lab0266_s403_w3_1045_1120_r1  n=  6  avg=+50.1%  med=+70.6%  realized=$+87.00
  b267|lab0267_s403_w3_1045_1120_r2  n=  9  avg=+22.9%  med=+52.8%  realized=$+100.00
  b268|lab0268_s403_w4_1120_1135_r1  n=  4  avg=+158.4%  med=+320.0%  realized=$+152.00
  b269|lab0269_s403_w4_1120_1135_r2  n=  8  avg=+96.4%  med=+76.9%  realized=$+278.00
  b26|c026_s174_w3_1045_1120_r2  n=  1  avg=-53.1%  med=-53.1%  realized=$-26.00
  b276|lab0276_s350_w1_0928_1005_r1  n= 10  avg=+61.5%  med=+102.9%  realized=$+227.00
  b277|lab0277_s350_w1_0928_1005_r2  n=  9  avg=+100.0%  med=+145.8%  realized=$+352.00
  b278|lab0278_s350_w2_1005_1045_r1  n= 13  avg=+37.3%  med=+0.0%  realized=$+58.00
  b279|lab0279_s350_w2_1005_1045_r2  n= 14  avg=+56.2%  med=-28.3%  realized=$+163.00
  b288|lab0288_s352_w1_0928_1005_r1  n=  6  avg=+80.4%  med=+100.0%  realized=$+77.00
  b289|lab0289_s352_w1_0928_1005_r2  n=  6  avg=+54.3%  med=+93.8%  realized=$+56.00
  b28|c028_s165_w1_0928_1005_r2  n= 17  avg=+49.5%  med=+80.0%  realized=$+448.00
  b28|c028_s173_w1_0928_1005_r2  n=  5  avg=+51.6%  med=+80.0%  realized=$+142.00
  b290|lab0290_s352_w2_1005_1045_r1  n=  8  avg=+63.4%  med=+38.9%  realized=$+91.00
  b291|lab0291_s352_w2_1005_1045_r2  n=  9  avg=+58.5%  med=-51.9%  realized=$+95.00
  b292|lab0292_s352_w3_1045_1120_r1  n= 10  avg=+50.4%  med=+13.0%  realized=$+25.00
  b293|lab0293_s352_w3_1045_1120_r2  n= 11  avg=+61.4%  med=+39.1%  realized=$+63.00
  b294|lab0294_s352_w4_1120_1135_r1  n=  5  avg=+5.0%  med=-71.4%  realized=$-78.00
  b295|lab0295_s352_w4_1120_1135_r2  n=  5  avg=+2.8%  med=-75.0%  realized=$-80.00
  b296|lab0296_s353_w1_0928_1005_r1  n=  6  avg=+78.8%  med=+123.7%  realized=$+107.00
  b297|lab0297_s353_w1_0928_1005_r2  n=  6  avg=+52.4%  med=+79.0%  realized=$+70.00
  b298|lab0298_s353_w2_1005_1045_r1  n= 12  avg=+5.8%  med=-34.7%  realized=$-67.00
  b299|lab0299_s353_w2_1005_1045_r2  n=  8  avg=-35.1%  med=-60.0%  realized=$-156.00
  b29|c029_s165_w2_1005_1045_r2  n=  9  avg=-23.3%  med=-50.0%  realized=$-221.00
  b29|c029_s173_w2_1005_1045_r2  n=  2  avg=-69.3%  med=-48.5%  realized=$-78.00
  b2|c002_s173_w3_1045_1120_r1  n= 15  avg=+67.7%  med=+32.8%  realized=$+707.00
  b300|lab0300_s353_w3_1045_1120_r1  n=  4  avg=+125.4%  med=-52.8%  realized=$-72.00
  b301|lab0301_s353_w3_1045_1120_r2  n=  2  avg=+445.0%  med=+942.9%  realized=$+38.00
  b302|lab0302_s353_w4_1120_1135_r1  n=  3  avg=+127.9%  med=+96.5%  realized=$+92.00
  b303|lab0303_s353_w4_1120_1135_r2  n=  4  avg=+103.5%  med=+93.1%  realized=$+113.00
  b30|c030_s165_w3_1045_1120_r2  n=  9  avg=+38.8%  med=+0.0%  realized=$+260.00
  b30|c030_s173_w3_1045_1120_r2  n=  2  avg=-9.5%  med=+0.0%  realized=$-14.00
  b31|c031_s165_w4_1120_1135_r2  n=  2  avg=+145.5%  med=+175.8%  realized=$+192.00
  b320|lab0320_s356_w1_0928_1005_r1  n=  4  avg=+18.8%  med=+37.9%  realized=$+34.00
  b321|lab0321_s356_w1_0928_1005_r2  n=  4  avg=+28.1%  med=+58.6%  realized=$+56.00
  b322|lab0322_s356_w2_1005_1045_r1  n=  3  avg=-12.4%  med=-21.6%  realized=$-21.00
  b323|lab0323_s356_w2_1005_1045_r2  n=  4  avg=-22.8%  med=-18.9%  realized=$-43.00
  b324|lab0324_s356_w3_1045_1120_r1  n=  4  avg=-5.4%  med=-25.0%  realized=$-12.00
  b325|lab0325_s356_w3_1045_1120_r2  n=  4  avg=-1.7%  med=-19.4%  realized=$-6.00
  b326|lab0326_s356_w4_1120_1135_r1  n=  2  avg=+76.1%  med=+100.0%  realized=$+68.00
  b327|lab0327_s356_w4_1120_1135_r2  n=  3  avg=+19.3%  med=+52.0%  realized=$+20.00
  b328|lab0328_s357_w1_0928_1005_r1  n=  3  avg=+3.8%  med=+47.1%  realized=$+7.00
  b329|lab0329_s357_w1_0928_1005_r2  n=  3  avg=+3.8%  med=+47.1%  realized=$+7.00
  b330|lab0330_s357_w2_1005_1045_r1  n=  2  avg=+34.9%  med=+131.4%  realized=$+27.00
  b331|lab0331_s357_w2_1005_1045_r2  n=  3  avg=-10.7%  med=-56.9%  realized=$-19.00
  b332|lab0332_s357_w3_1045_1120_r1  n=  5  avg=+66.7%  med=+73.7%  realized=$+190.00
  b333|lab0333_s357_w3_1045_1120_r2  n=  6  avg=+66.3%  med=+71.9%  realized=$+228.00
  b334|lab0334_s357_w4_1120_1135_r1  n=  1  avg=+81.2%  med=+81.2%  realized=$+39.00
  b335|lab0335_s357_w4_1120_1135_r2  n=  2  avg=+54.6%  med=+57.1%  realized=$+53.00
  b340|lab0340_s358_w3_1045_1120_r1  n=  1  avg=-51.4%  med=-51.4%  realized=$-37.00
  b341|lab0341_s358_w3_1045_1120_r2  n=  1  avg=-51.4%  med=-51.4%  realized=$-37.00
  b342|lab0342_s358_w4_1120_1135_r1  n=  1  avg=+53.1%  med=+53.1%  realized=$+26.00
  b343|lab0343_s358_w4_1120_1135_r2  n=  1  avg=+55.1%  med=+55.1%  realized=$+27.00
  b344|lab0344_s359_w1_0928_1005_r1  n=  6  avg=+41.3%  med=+58.5%  realized=$+5.00
  b345|lab0345_s359_w1_0928_1005_r2  n=  8  avg=+28.1%  med=+43.3%  realized=$+31.00
  b346|lab0346_s359_w2_1005_1045_r1  n= 13  avg=+63.4%  med=-46.7%  realized=$-44.00
  b347|lab0347_s359_w2_1005_1045_r2  n= 12  avg=+68.0%  med=-39.3%  realized=$-4.00
  b362|lab0362_s361_w1_0928_1005_r1  n=  7  avg=-19.5%  med=-30.4%  realized=$-109.00
  b363|lab0363_s361_w1_0928_1005_r2  n=  8  avg=-17.9%  med=-30.4%  realized=$-114.00
  b364|lab0364_s361_w2_1005_1045_r1  n=  9  avg=+126.2%  med=+81.8%  realized=$+88.00
  b365|lab0365_s361_w2_1005_1045_r2  n= 12  avg=+173.8%  med=+82.8%  realized=$+310.00
  b366|lab0366_s361_w3_1045_1120_r1  n=  4  avg=+248.7%  med=+61.1%  realized=$+24.00
  b367|lab0367_s361_w3_1045_1120_r2  n= 13  avg=+60.9%  med=-50.0%  realized=$-97.00
  b368|lab0368_s361_w4_1120_1135_r1  n=  4  avg=+61.2%  med=+71.4%  realized=$-11.00
  b369|lab0369_s361_w4_1120_1135_r2  n=  5  avg=+74.9%  med=+80.0%  realized=$+12.00
  b376|lab0376_s362_w1_0928_1005_r1  n=  9  avg=-5.0%  med=+8.7%  realized=$-60.00
  b377|lab0377_s362_w1_0928_1005_r2  n= 10  avg=+4.4%  med=+13.0%  realized=$-28.00
  b378|lab0378_s362_w2_1005_1045_r1  n=  6  avg=+212.2%  med=+74.4%  realized=$+195.00
  b379|lab0379_s362_w2_1005_1045_r2  n= 10  avg=+126.2%  med=+60.5%  realized=$+246.00
  b380|lab0380_s362_w3_1045_1120_r1  n=  8  avg=+153.8%  med=+103.3%  realized=$+196.00
  b381|lab0381_s362_w3_1045_1120_r2  n=  8  avg=+153.4%  med=+108.3%  realized=$+215.00
  b382|lab0382_s362_w4_1120_1135_r1  n=  4  avg=+330.7%  med=+323.8%  realized=$+327.00
  b383|lab0383_s362_w4_1120_1135_r2  n=  4  avg=+352.1%  med=+309.5%  realized=$+356.00
  b3|c003_s173_w4_1120_1135_r1  n= 17  avg=+131.0%  med=-50.0%  realized=$+1,311.00
  b404|lab0404_s364_w1_0928_1005_r1  n=  5  avg=-0.6%  med=-2.9%  realized=$-29.00
  b405|lab0405_s364_w1_0928_1005_r2  n=  6  avg=+3.8%  med=+50.0%  realized=$-15.00
  b406|lab0406_s364_w2_1005_1045_r1  n= 10  avg=-17.6%  med=-44.2%  realized=$-159.00
  b407|lab0407_s364_w2_1005_1045_r2  n= 11  avg=-12.3%  med=-42.3%  realized=$-90.00
  b408|lab0408_s364_w3_1045_1120_r1  n=  9  avg=+11.2%  med=+66.7%  realized=$+7.00
  b409|lab0409_s364_w3_1045_1120_r2  n= 11  avg=+7.6%  med=+53.1%  realized=$-5.00
  b40|c040_s166_w1_0928_1005_r2  n=  6  avg=-37.2%  med=-12.7%  realized=$-142.00
  b40|c040_s173_w1_0928_1005_r3  n= 23  avg=+12.9%  med=-15.4%  realized=$-90.00
  b410|lab0410_s364_w4_1120_1135_r1  n=  7  avg=+72.6%  med=+39.5%  realized=$+171.00
  b411|lab0411_s364_w4_1120_1135_r2  n=  4  avg=+137.5%  med=+188.9%  realized=$+189.00
  b418|lab0418_s365_w1_0928_1005_r1  n=  3  avg=+20.9%  med=+67.3%  realized=$+24.00
  b419|lab0419_s365_w1_0928_1005_r2  n=  6  avg=-7.6%  med=+38.5%  realized=$-47.00
  b41|c041_s166_w2_1005_1045_r2  n=  3  avg=-62.0%  med=-61.4%  realized=$-106.00
  b41|c041_s173_w2_1005_1045_r3  n= 13  avg=-48.5%  med=-66.7%  realized=$-452.00
  b420|lab0420_s365_w2_1005_1045_r1  n=  4  avg=-24.5%  med=-48.3%  realized=$-52.00
  b421|lab0421_s365_w2_1005_1045_r2  n=  4  avg=-27.9%  med=-47.8%  realized=$-62.00
  b422|lab0422_s365_w3_1045_1120_r1  n=  3  avg=+33.1%  med=+63.6%  realized=$+25.00
  b423|lab0423_s365_w3_1045_1120_r2  n=  4  avg=+34.7%  med=+63.6%  realized=$+58.00
  b424|lab0424_s365_w4_1120_1135_r1  n=  5  avg=-10.7%  med=+0.0%  realized=$-24.00
  b425|lab0425_s365_w4_1120_1135_r2  n=  3  avg=+109.8%  med=+54.8%  realized=$+124.00
  b42|c042_s166_w3_1045_1120_r2  n=  6  avg=+115.7%  med=+21.4%  realized=$+489.00
  b42|c042_s173_w3_1045_1120_r3  n= 13  avg=+31.1%  med=-8.3%  realized=$+262.00
  b43|c043_s166_w4_1120_1135_r2  n=  7  avg=+62.0%  med=+41.9%  realized=$+281.00
  b43|c043_s173_w4_1120_1135_r3  n=  8  avg=+58.7%  med=+53.2%  realized=$+241.00
  b449|lab0449_s367_w2_1005_1045_r2  n=  1  avg=-48.9%  med=-48.9%  realized=$-22.00
  b450|lab0450_s367_w3_1045_1120_r1  n=  1  avg=-51.4%  med=-51.4%  realized=$-37.00
  b451|lab0451_s367_w3_1045_1120_r2  n=  1  avg=-25.0%  med=-25.0%  realized=$-18.00
  b46|c046_s174_w3_1045_1120_r3  n=  3  avg=-89.7%  med=-89.7%  realized=$-156.00
  b47|c047_s163_w4_1120_1135_r2  n=  3  avg=-79.7%  med=-78.0%  realized=$-141.00
  b47|c047_s174_w4_1120_1135_r3  n= 25  avg=-73.4%  med=-78.0%  realized=$-1,155.00
  b48|c048_s164_w1_0928_1005_r2  n=  5  avg=-33.1%  med=-49.1%  realized=$-91.00
  b48|c048_s165_w1_0928_1005_r3  n= 16  avg=-35.9%  med=-49.1%  realized=$-344.00
  b49|c049_s164_w2_1005_1045_r2  n=  4  avg=-51.8%  med=-44.0%  realized=$-133.00
  b49|c049_s165_w2_1005_1045_r3  n= 15  avg=-49.3%  med=-49.1%  realized=$-458.00
  b50|c050_s164_w3_1045_1120_r2  n=  4  avg=-39.6%  med=-16.7%  realized=$-115.00
  b50|c050_s165_w3_1045_1120_r3  n=  9  avg=-23.6%  med=-23.1%  realized=$-142.00
  b51|c051_s165_w4_1120_1135_r3  n=  1  avg=+263.6%  med=+263.6%  realized=$+174.00
  b56|g056_lim_tp20_sl65  n=  1  avg=+47.7%  med=+47.7%  realized=$+20.52
  b57|g057_mid_tp20_sl65  n=  1  avg=+47.7%  med=+47.7%  realized=$+20.52
  b58|g058_eod_tp20_sl65  n=  1  avg=+59.1%  med=+59.1%  realized=$+25.41
  b60|c060_s167_w1_0928_1005_r3  n=  3  avg=-55.8%  med=-62.8%  realized=$-98.00
  b60|c060_s173_w1_0928_1005_r4  n= 13  avg=-5.1%  med=-13.6%  realized=$-99.00
  b61|c061_s167_w2_1005_1045_r3  n=  5  avg=-54.6%  med=-50.9%  realized=$-160.00
  b61|c061_s173_w2_1005_1045_r4  n=  8  avg=-37.3%  med=-50.0%  realized=$-208.00
  b62|c062_s167_w3_1045_1120_r3  n=  8  avg=-51.8%  med=-64.2%  realized=$-286.00
  b62|c062_s173_w3_1045_1120_r4  n= 20  avg=+182.8%  med=-58.3%  realized=$-183.00
  b63|c063_s167_w4_1120_1135_r3  n=  2  avg=-54.8%  med=-54.8%  realized=$-68.00
  b63|c063_s173_w4_1120_1135_r4  n=  1  avg=-46.1%  med=-46.1%  realized=$-24.00
  b63|g063_mid_tp20_sl65  n=  1  avg=+23.3%  med=+23.3%  realized=$+18.63
  b64|c064_s174_w1_0928_1005_r4  n=  3  avg=-93.3%  med=-93.3%  realized=$-168.00
  b64|g064_eod_tp20_sl65  n=  1  avg=+34.2%  med=+34.2%  realized=$+27.40
  b65|c065_s174_w2_1005_1045_r4  n=  8  avg=-45.7%  med=-45.2%  realized=$-238.00
  b65|g065_lim_tp20_sl65  n=  1  avg=+23.3%  med=+23.3%  realized=$+18.63
  b66|c066_s174_w3_1045_1120_r4  n=  1  avg=-52.5%  med=-52.5%  realized=$-31.00
  b66|g066_mid_tp20_sl65  n=  1  avg=+23.3%  med=+23.3%  realized=$+18.63
  b67|c067_s174_w4_1120_1135_r4  n=  1  avg=-45.8%  med=-45.8%  realized=$-27.00
  b67|g067_eod_tp20_sl65  n=  1  avg=+34.2%  med=+34.2%  realized=$+27.40
  b68|c068_s165_w1_0928_1005_r4  n= 16  avg=-51.3%  med=-49.1%  realized=$-446.00
  b68|c068_s166_w1_0928_1005_r3  n=  4  avg=-52.7%  med=-49.1%  realized=$-116.00
  b69|c069_s165_w2_1005_1045_r4  n= 11  avg=+19.0%  med=-43.6%  realized=$-179.00
  b69|c069_s166_w2_1005_1045_r3  n=  4  avg=+10.1%  med=-40.0%  realized=$-87.00
  b70|c070_s165_w3_1045_1120_r4  n= 11  avg=-2.1%  med=-16.9%  realized=$-6.00
  b70|c070_s166_w3_1045_1120_r3  n=  4  avg=-42.5%  med=-27.0%  realized=$-124.00
  b70|g070_eod_tp30_sl20  n=  1  avg=+59.1%  med=+59.1%  realized=$+27.77
  b71|g071_lim_tp30_sl20  n=  1  avg=+36.5%  med=+36.5%  realized=$+23.73
  b72|g072_mid_tp30_sl20  n=  1  avg=+36.5%  med=+36.5%  realized=$+23.73
  b73|g073_eod_tp30_sl20  n=  1  avg=+55.6%  med=+55.6%  realized=$+36.11
  b73|lab0073_s209_w1_0928_1005_r2  n=  1  avg=-64.7%  med=-64.7%  realized=$-11.00
  b74|g074_lim_tp30_sl20  n=  1  avg=+36.5%  med=+36.5%  realized=$+23.73
  b74|lab0074_s209_w2_1005_1045_r1  n=  1  avg=-58.2%  med=-58.2%  realized=$-39.00
  b75|g075_mid_tp30_sl20  n=  1  avg=+36.5%  med=+36.5%  realized=$+23.73
  b75|lab0075_s209_w2_1005_1045_r2  n=  2  avg=-50.8%  med=-50.8%  realized=$-68.00
  b768|lab0768_s396_w1_0928_1005_r1  n=  2  avg=+89.0%  med=+93.1%  realized=$+118.00
  b769|lab0769_s396_w1_0928_1005_r2  n=  2  avg=+106.2%  med=+116.7%  realized=$+139.00
  b76|c076_s164_w1_0928_1005_r3  n=  1  avg=-50.0%  med=-50.0%  realized=$-2.00
  b76|g076_eod_tp30_sl20  n=  1  avg=+34.2%  med=+34.2%  realized=$+27.40
  b771|lab0771_s396_w2_1005_1045_r2  n=  1  avg=-82.2%  med=-82.2%  realized=$-60.00
  b773|lab0773_s396_w3_1045_1120_r2  n=  1  avg=+87.5%  med=+87.5%  realized=$+63.00
  b775|lab0775_s396_w4_1120_1135_r2  n=  1  avg=+74.6%  med=+74.6%  realized=$+44.00
  b776|lab0776_s397_w1_0928_1005_r1  n=  3  avg=-38.5%  med=-64.9%  realized=$-74.00
  b777|lab0777_s397_w1_0928_1005_r2  n=  6  avg=+22.9%  med=+38.6%  realized=$+72.00
  b778|lab0778_s397_w2_1005_1045_r1  n=  9  avg=+55.1%  med=+66.7%  realized=$+323.00
  b779|lab0779_s397_w2_1005_1045_r2  n=  8  avg=+50.8%  med=+61.9%  realized=$+284.00
  b77|g077_lim_tp30_sl20  n=  1  avg=-23.3%  med=-23.3%  realized=$-18.63
  b77|lab0077_s209_w3_1045_1120_r2  n=  2  avg=-68.8%  med=-66.7%  realized=$-41.00
  b780|lab0780_s397_w3_1045_1120_r1  n=  4  avg=+16.4%  med=+74.3%  realized=$+43.00
  b781|lab0781_s397_w3_1045_1120_r2  n=  7  avg=+11.9%  med=+67.1%  realized=$+100.00
  b782|lab0782_s397_w4_1120_1135_r1  n=  2  avg=+75.8%  med=+205.6%  realized=$+112.00
  b783|lab0783_s397_w4_1120_1135_r2  n=  4  avg=+105.3%  med=+151.6%  realized=$+262.00
  b784|lab0784_s398_w1_0928_1005_r1  n=  5  avg=+37.3%  med=+49.0%  realized=$+70.00
  b785|lab0785_s398_w1_0928_1005_r2  n=  6  avg=+9.2%  med=+49.0%  realized=$+37.00
  b786|lab0786_s398_w2_1005_1045_r1  n= 11  avg=-4.0%  med=-24.4%  realized=$-52.00
  b787|lab0787_s398_w2_1005_1045_r2  n=  6  avg=+21.4%  med=+61.3%  realized=$+34.00
  b788|lab0788_s398_w3_1045_1120_r1  n= 11  avg=+16.0%  med=-18.4%  realized=$+84.00
  b789|lab0789_s398_w3_1045_1120_r2  n= 10  avg=+0.8%  med=-50.0%  realized=$+32.00
  b78|g078_mid_tp30_sl20  n=  1  avg=-23.3%  med=-23.3%  realized=$-18.63
  b790|lab0790_s398_w4_1120_1135_r1  n=  5  avg=+179.6%  med=+140.3%  realized=$+338.00
  b791|lab0791_s398_w4_1120_1135_r2  n=  8  avg=+100.4%  med=+155.6%  realized=$+258.00
  b792|lab0792_s399_w1_0928_1005_r1  n=  4  avg=+100.0%  med=+140.0%  realized=$+80.00
  b793|lab0793_s399_w1_0928_1005_r2  n= 11  avg=+34.3%  med=+57.9%  realized=$+127.00
  b794|lab0794_s399_w2_1005_1045_r1  n= 13  avg=+51.4%  med=-59.1%  realized=$-129.00
  b795|lab0795_s399_w2_1005_1045_r2  n= 17  avg=+20.4%  med=-51.7%  realized=$-132.00
  b796|lab0796_s399_w3_1045_1120_r1  n=  4  avg=+187.1%  med=-51.4%  realized=$-23.00
  b797|lab0797_s399_w3_1045_1120_r2  n= 17  avg=+13.7%  med=-52.8%  realized=$-179.00
  b798|lab0798_s399_w4_1120_1135_r1  n=  5  avg=+12.3%  med=-53.1%  realized=$+61.00
  b799|lab0799_s399_w4_1120_1135_r2  n=  9  avg=+16.6%  med=-50.0%  realized=$+25.00
  b79|g079_eod_tp30_sl20  n=  1  avg=+34.2%  med=+34.2%  realized=$+27.40
  b79|lab0079_s209_w4_1120_1135_r2  n=  1  avg=-94.6%  med=-94.6%  realized=$-53.00
  b7|c007_s174_w4_1120_1135_r1  n=  5  avg=-7.5%  med=-1.4%  realized=$-58.00
  b800|lab0800_s404_w1_0928_1005_r1  n=  6  avg=+23.0%  med=+38.6%  realized=$+65.00
  b801|lab0801_s404_w1_0928_1005_r2  n=  7  avg=-5.7%  med=-17.0%  realized=$-12.00
  b802|lab0802_s404_w2_1005_1045_r1  n= 13  avg=+24.4%  med=+56.9%  realized=$+216.00
  b803|lab0803_s404_w2_1005_1045_r2  n= 11  avg=+46.9%  med=+56.9%  realized=$+328.00
  b804|lab0804_s404_w3_1045_1120_r1  n=  8  avg=+5.7%  med=+68.5%  realized=$+74.00
  b805|lab0805_s404_w3_1045_1120_r2  n=  9  avg=-12.7%  med=-55.2%  realized=$-21.00
  b806|lab0806_s404_w4_1120_1135_r1  n=  5  avg=+91.8%  med=+91.5%  realized=$+286.00
  b807|lab0807_s404_w4_1120_1135_r2  n=  7  avg=+61.5%  med=+53.2%  realized=$+272.00
  b80|c080_s168_w1_0928_1005_r3  n=  8  avg=+3.6%  med=-11.1%  realized=$-45.00
  b80|c080_s173_w1_0928_1005_r5  n= 45  avg=+52.6%  med=+59.1%  realized=$+503.00
  b80|g080_lim_tp30_sl30  n=  1  avg=+36.5%  med=+36.5%  realized=$+23.73
  b80|lab0080_s210_w1_0928_1005_r1  n= 13  avg=+7.1%  med=-8.5%  realized=$+35.00
  b81|c081_s168_w2_1005_1045_r3  n=  5  avg=-26.9%  med=-33.8%  realized=$-83.00
  b81|c081_s173_w2_1005_1045_r5  n= 20  avg=-39.1%  med=-38.4%  realized=$-559.00
  b81|g081_mid_tp30_sl30  n=  1  avg=+36.5%  med=+36.5%  realized=$+23.73
  b81|lab0081_s210_w1_0928_1005_r2  n= 15  avg=+15.9%  med=+46.7%  realized=$+118.00
  b828|lab0828_s406_w1_0928_1005_r1  n=  5  avg=-27.0%  med=-50.0%  realized=$-22.00
  b829|lab0829_s406_w1_0928_1005_r2  n=  4  avg=-21.6%  med=-50.0%  realized=$-21.00
  b82|c082_s168_w3_1045_1120_r3  n=  5  avg=-1.6%  med=-40.0%  realized=$-2.00
  b82|c082_s173_w3_1045_1120_r5  n=  9  avg=-10.7%  med=-12.5%  realized=$-48.00
  b82|g082_eod_tp30_sl30  n=  1  avg=+55.6%  med=+55.6%  realized=$+36.11
  b82|lab0082_s210_w2_1005_1045_r1  n= 15  avg=+1.3%  med=-6.2%  realized=$+44.00
  b830|lab0830_s406_w2_1005_1045_r1  n= 14  avg=+66.8%  med=+71.8%  realized=$+87.00
  b831|lab0831_s406_w2_1005_1045_r2  n= 17  avg=+69.5%  med=+76.9%  realized=$+149.00
  b832|lab0832_s406_w3_1045_1120_r1  n= 15  avg=+305.6%  med=+55.3%  realized=$+1,461.00
  b833|lab0833_s406_w3_1045_1120_r2  n= 20  avg=+251.6%  med=+53.3%  realized=$+1,414.00
  b834|lab0834_s406_w4_1120_1135_r1  n=  9  avg=+313.4%  med=+100.0%  realized=$+138.00
  b835|lab0835_s406_w4_1120_1135_r2  n=  9  avg=+166.5%  med=+66.7%  realized=$+212.00
  b83|c083_s168_w4_1120_1135_r3  n=  8  avg=+84.0%  med=+62.9%  realized=$+429.00
  b83|c083_s173_w4_1120_1135_r5  n= 20  avg=-20.6%  med=-68.2%  realized=$-271.00
  b83|g083_lim_tp30_sl30  n=  1  avg=+30.1%  med=+30.1%  realized=$+24.11
  b83|lab0083_s210_w2_1005_1045_r2  n=  9  avg=+6.1%  med=+7.0%  realized=$-9.00
  b84|g084_mid_tp30_sl30  n=  1  avg=+30.1%  med=+30.1%  realized=$+24.11
  b84|lab0084_s210_w3_1045_1120_r1  n= 13  avg=-46.4%  med=-64.4%  realized=$-264.00
  b85|c085_s174_w2_1005_1045_r5  n=  7  avg=-9.4%  med=-32.7%  realized=$-42.00
  b85|g085_eod_tp30_sl30  n=  1  avg=+34.2%  med=+34.2%  realized=$+27.40
  b85|lab0085_s210_w3_1045_1120_r2  n= 17  avg=+51.3%  med=-44.4%  realized=$+43.00
  b86|c086_s174_w3_1045_1120_r5  n=  4  avg=+26.1%  med=+39.7%  realized=$+64.00
  b86|g086_lim_tp30_sl30  n=  1  avg=+30.1%  med=+30.1%  realized=$+24.11
  b86|lab0086_s210_w4_1120_1135_r1  n=  6  avg=+31.1%  med=+16.7%  realized=$+67.00
  b874|lab0874_s409_w3_1045_1120_r1  n=  1  avg=+84.7%  med=+84.7%  realized=$+61.00
  b875|lab0875_s409_w3_1045_1120_r2  n=  1  avg=+79.2%  med=+79.2%  realized=$+57.00
  b87|c087_s174_w4_1120_1135_r5  n=  4  avg=-23.5%  med=+37.5%  realized=$-114.00
  b87|g087_mid_tp30_sl30  n=  1  avg=+30.1%  med=+30.1%  realized=$+24.11
  b87|lab0087_s210_w4_1120_1135_r2  n=  9  avg=+12.1%  med=+19.4%  realized=$+41.00
  b884|lab0884_s410_w1_0928_1005_r1  n=  2  avg=+80.6%  med=+83.3%  realized=$+106.00
  b885|lab0885_s410_w1_0928_1005_r2  n=  3  avg=+72.8%  med=+65.3%  realized=$+145.00
  b886|lab0886_s410_w2_1005_1045_r1  n=  1  avg=+101.5%  med=+101.5%  realized=$+68.00
  b887|lab0887_s410_w2_1005_1045_r2  n=  2  avg=+11.0%  med=+70.4%  realized=$+19.00
  b888|lab0888_s410_w3_1045_1120_r1  n=  1  avg=-78.1%  med=-78.1%  realized=$-57.00
  b889|lab0889_s410_w3_1045_1120_r2  n=  1  avg=-68.5%  med=-68.5%  realized=$-50.00
  b88|c088_s165_w1_0928_1005_r5  n= 21  avg=-5.0%  med=-2.7%  realized=$-63.00
  b88|c088_s167_w1_0928_1005_r4  n=  4  avg=-12.7%  med=+30.9%  realized=$-28.00
  b88|g088_eod_tp30_sl30  n=  2  avg=+36.0%  med=+37.7%  realized=$+65.09
  b898|lab0898_s411_w1_0928_1005_r1  n=  2  avg=-54.5%  med=-51.4%  realized=$-79.00
  b899|lab0899_s411_w1_0928_1005_r2  n=  3  avg=-48.7%  med=-48.6%  realized=$-98.00
  b89|c089_s165_w2_1005_1045_r5  n=  7  avg=+113.1%  med=+30.9%  realized=$+67.00
  b89|c089_s167_w2_1005_1045_r4  n=  2  avg=-16.2%  med=+30.9%  realized=$-22.00
  b89|g089_lim_tp30_sl30  n=  1  avg=+30.1%  med=+30.1%  realized=$+24.11
  b8|c008_s165_w1_0928_1005_r1  n= 23  avg=-19.6%  med=-35.3%  realized=$-250.00
  b900|lab0900_s411_w2_1005_1045_r1  n= 11  avg=-2.4%  med=+7.7%  realized=$+1.00
  b901|lab0901_s411_w2_1005_1045_r2  n=  9  avg=+9.0%  med=+23.9%  realized=$+49.00
  b902|lab0902_s411_w3_1045_1120_r1  n=  8  avg=+8.1%  med=+13.4%  realized=$+16.00
  b903|lab0903_s411_w3_1045_1120_r2  n= 10  avg=+13.2%  med=+10.4%  realized=$+53.00
  b904|lab0904_s411_w4_1120_1135_r1  n=  3  avg=+3.5%  med=-52.2%  realized=$+13.00
  b905|lab0905_s411_w4_1120_1135_r2  n=  5  avg=+1.4%  med=+13.1%  realized=$+17.00
  b90|c090_s165_w3_1045_1120_r5  n= 13  avg=+7.7%  med=+0.0%  realized=$+47.00
  b90|c090_s167_w3_1045_1120_r4  n=  4  avg=-41.6%  med=-18.9%  realized=$-123.00
  b90|g090_mid_tp30_sl30  n=  1  avg=+30.1%  med=+30.1%  realized=$+24.11
  b90|live_1to1           n= 27  avg=+6.8%  med=-35.6%  realized=$+36.00
  b912|lab0912_s412_w1_0928_1005_r1  n=  6  avg=+75.0%  med=+66.7%  realized=$+27.00
  b913|lab0913_s412_w1_0928_1005_r2  n=  6  avg=+69.9%  med=+66.7%  realized=$+23.00
  b914|lab0914_s412_w2_1005_1045_r1  n=  8  avg=+90.2%  med=+79.5%  realized=$+199.00
  b915|lab0915_s412_w2_1005_1045_r2  n=  8  avg=+79.1%  med=+69.2%  realized=$+160.00
  b916|lab0916_s412_w3_1045_1120_r1  n= 16  avg=+3.0%  med=-10.7%  realized=$+0.00
  b917|lab0917_s412_w3_1045_1120_r2  n=  9  avg=+84.8%  med=-3.6%  realized=$-19.00
  b918|lab0918_s412_w4_1120_1135_r1  n=  5  avg=-49.4%  med=-55.4%  realized=$-140.00
  b919|lab0919_s412_w4_1120_1135_r2  n=  6  avg=+17.6%  med=-2.2%  realized=$-38.00
  b91|c091_s165_w4_1120_1135_r5  n=  2  avg=+222.0%  med=+247.0%  realized=$+293.00
  b91|g091_eod_tp30_sl30  n=  2  avg=+19.8%  med=+55.6%  realized=$+25.00
  b92|g092_lim_tp30_sl40  n=  2  avg=+53.6%  med=+70.8%  realized=$+94.51
  b93|g093_mid_tp30_sl40  n=  2  avg=+53.6%  med=+70.8%  realized=$+94.51
  b94|g094_eod_tp30_sl40  n=  2  avg=+46.6%  med=+55.6%  realized=$+73.80
  b95|g095_lim_tp30_sl40  n=  2  avg=+50.5%  med=+70.8%  realized=$+94.89
  b96|g096_mid_tp30_sl40  n=  2  avg=+50.5%  med=+70.8%  realized=$+94.89
  b97|g097_eod_tp30_sl40  n=  2  avg=+36.0%  med=+37.7%  realized=$+65.09
  b98|g098_lim_tp30_sl40  n=  2  avg=+50.5%  med=+70.8%  realized=$+94.89
  b99|g099_mid_tp30_sl40  n=  2  avg=+50.5%  med=+70.8%  realized=$+94.89
  b9|c009_s165_w2_1005_1045_r1  n=  7  avg=-74.4%  med=-66.2%  realized=$-301.00
========================================================
+========================================================================+
|[OPTIONS BOT DAILY VITALS (MATRIX EXPERIMENT)]                          |
+========================================================================+
|-- ACCOUNT STATUS (after_hours) --                                      |
|Equity       : $989,809.90                                              |
|Open Risk    : 26 lots (11 broker pos)                                  |
|Today's Run  : 0 signals -> 0 orders submitted                          |
|                                                                        |
|-- SYSTEM HEALTH --                                                     |
|Zombies      : 0 (Ledger is clean)                                      |
|Lab Status   : 26 Active Lots | 0 Pending Orders                        |
|Auto-Matrix  : (Pending EOD report generation)                          |
+========================================================================+
+========================================================================+
|[DATA QUALITY: CLEAN vs ERRORS vs KEEP-ONLY]                            |
+========================================================================+
|  CLEAN              n=1608  win= 48.1%  med= -27.6%  $+18,114          |
|  TAINTED            n=1953  win= 33.1%  med= -40.0%  $-9,990           |
|  KEEP-only          n=779   win= 60.8%  med= +50.9%  $+11,978          |
|  KEEP recent        n=586   win= 59.2%  med= +53.3%  $+7,917           |
|  KEEP(23): S163,S164,S167,S168,S173,S174,S210,S350...                  |
|  KILL(21): ORPHAN,S202,S203,S207,S211,S212,S216,S217...                |
+========================================================================+
+========================================================================+
|[+++ OVERPERFORMING STRATEGIES (n>=10)]                                 |
+========================================================================+
|  BKT  PROFILE                   WIN%   MED%   TOTAL TRADES             |
|  ---------------------------------------------------------             |
|  b276 lab0276_s350_w1_0928..  70%  +102.9%    10                       |
|  b238 lab0238_s401_w3_1045..  81%  +100.0%    21                       |
|  b365 lab0365_s361_w2_1005..  92%  +82.8%    12                        |
|  b28  lab0028_s373_w2_1005..  77%  +80.0%    22                        |
+========================================================================+
|[--- UNDERPERFORMING STRATEGIES (n>=10)]                                |
+========================================================================+
|  BKT  PROFILE                   WIN%   MED%   TOTAL TRADES             |
|  ---------------------------------------------------------             |
|  b47  lab0047_s392_w2_1005..   4%  -78.0%    28                        |
|  b1   lab0001_s201_w2_1005..   0%  -65.8%    10                        |
|  b41  lab0041_s386_w2_1005..  12%  -65.3%    16                        |
|  b84  g084_mid_tp30_sl30      36%  -63.8%    14                        |
+========================================================================+
+========================================================================+
|[OPEN OPTIONS (11)]                                                     |
+========================================================================+
|  SYMBOL                      QTY    RET%        OPEN P&L               |
|  ---------------------------------------------------------             |
|  OXY261002C00056000           -1   -659.3%   $   -178.00               |
|  CVNA261002C00069000           2    -97.4%   $    -74.00               |
|  OXY261016C00058000            1   +101.4%   $    +74.00               |
|  NKE261002C00038000           15     -4.1%   $    -42.00               |
|  DKNG261016C00023500           1    -93.0%   $    -40.00               |
|  DKNG261009C00022500          -1    +66.7%   $    +14.00               |
|  CVNA261002C00066000          -1   -183.3%   $    -11.00               |
|  CVX261016C00220000            1    -13.9%   $    -10.00               |
|  ... 3 more position(s)                                                |
+========================================================================+
Full detail: logs/options_trial/runs/2026-10-02.log
elapsed=0.6s reconcile=0.09s

=== 09:21:27 ET — after hours (exit summary) [elapsed=1.1s reconcile=0.48s] ===
=== options_morning_bot (PAPER) 2026-10-02T09:21:27.320730-04:00 ===

[Run context]
After hours (09:21 ET) — exit summary only.
Paper auth OK — equity $989702.44, account PA33P8KT02IL
  reconcile: layout changed controlled:100:c000_s173_w1_0928_1005_r1 -> controlled:77:live_1to1+variations

[Exit summary]
========================================================
OPTIONS EXIT SUMMARY — 2026-10-02
========================================================
Account equity: $989,702.44
Open broker positions: 11  unrealized $-265.00

No closed trades today.
========================================================

[Portfolio snapshot]
========================================================
OPTIONS TRIAL STATS
========================================================
Account equity: $989,702.44
Active buckets: 77 of 77 profiles ($500 virtual each) — paper unlimited mode

P&L summary
  Reflected (ex-S202,S203,S207,S211,S212,S216,S217,S351,S354,S355,S360,S363,S366,S405,S407,S408): $+13,347.55 all-time  |  $+0.00 today
  Raw (incl dropped):     $+8,123.55 all-time  |  $+0.00 today
  Open (not sold yet): $-96.00 unrealized (virtual lots)
                       $-265.00 unrealized (broker total)
  Premium deployed:    $1,630.00 in open positions
  Combined P&L:        $+13,251.55 (reflected realized + open virtual)

Ledger (master)
  Total events:     15761
  Today entries:    0
  Today exits (reflected): 0
  All-time exits (reflected): 2702  wins 44%
  Avg return/trade: +31.0%  median -23.3%

Open virtual lots (by bucket)
  b12 lab0012_s403_w2_1005_1045_r1  prem=$     0  real=$-39.00  open=$ +0.00  lots=0  [-]
       buy: ask-0.01  sell: bid-0.01  tp=+50% sl=-50%
  b90 live_1to1               prem=$    68  real=$+36.00  open=$ -2.77  lots=1  [S404:NKEx1]
       buy: ask-0.01  sell: bid-0.01  tp=+50% sl=-40%
  (75 quiet bucket profile(s) — no trades yet)

Alpaca option positions
  CVNA261002C00066000  qty=-1  cost=$6.00  return=-183.3%  open P&L=$-11.00
  CVNA261002C00068000  qty=-1  cost=$11.00  return=+18.2%  open P&L=$+2.00
  CVNA261002C00069000  qty=2  cost=$76.00  return=-97.4%  open P&L=$-74.00
  CVX261002C00210000  qty=-1  cost=$33.00  return=+12.1%  open P&L=$+4.00
  CVX261016C00220000  qty=1  cost=$72.00  return=-13.9%  open P&L=$-10.00
  DKNG261009C00022500  qty=-1  cost=$21.00  return=+66.7%  open P&L=$+14.00
  DKNG261016C00023500  qty=1  cost=$43.00  return=-93.0%  open P&L=$-40.00
  NKE261002C00038000  qty=15  cost=$1,032.00  return=-4.1%  open P&L=$-42.00
  NKE261002C00038500  qty=6  cost=$334.00  return=-1.2%  open P&L=$-4.00
  OXY261002C00056000  qty=-1  cost=$27.00  return=-659.3%  open P&L=$-178.00
  OXY261016C00058000  qty=1  cost=$73.00  return=+101.4%  open P&L=$+74.00

Per-bucket exit stats (all time)
  b0|c000_s173_w1_0928_1005_r1  n= 22  avg=+24.8%  med=+34.9%  realized=$+283.00
  b0|orphan_reconcile     n=422  avg=+6.1%  med=-48.0%  realized=$+312.88
  b104|c104_s164_w1_0928_1005_r4  n=  1  avg=-88.9%  med=-88.9%  realized=$-8.00
  b1052|lab1052_s165_w1_0928_1005_r1  n=  2  avg=+170.4%  med=+194.7%  realized=$+110.00
  b1053|lab1053_s165_w1_0928_1005_r2  n=  2  avg=+165.7%  med=+189.5%  realized=$+107.00
  b1054|lab1054_s165_w2_1005_1045_r1  n=  1  avg=+93.5%  med=+93.5%  realized=$+58.00
  b1055|lab1055_s165_w2_1005_1045_r2  n=  1  avg=+526.3%  med=+526.3%  realized=$+100.00
  b1057|lab1057_s165_w3_1045_1120_r2  n=  2  avg=+45.7%  med=+144.7%  realized=$+23.00
  b1058|lab1058_s165_w4_1120_1135_r1  n=  1  avg=+390.5%  med=+390.5%  realized=$+82.00
  b1059|lab1059_s165_w4_1120_1135_r2  n=  1  avg=+342.9%  med=+342.9%  realized=$+72.00
  b1094|lab1094_s167_w1_0928_1005_r1  n=  3  avg=+75.9%  med=+126.0%  realized=$+73.00
  b1095|lab1095_s167_w1_0928_1005_r2  n=  3  avg=+58.7%  med=+106.0%  realized=$+57.00
  b1096|lab1096_s167_w2_1005_1045_r1  n=  3  avg=+140.2%  med=-55.4%  realized=$+45.00
  b1097|lab1097_s167_w2_1005_1045_r2  n=  3  avg=+132.5%  med=-55.4%  realized=$+40.00
  b1098|lab1098_s167_w3_1045_1120_r1  n=  1  avg=+121.0%  med=+121.0%  realized=$+46.00
  b1099|lab1099_s167_w3_1045_1120_r2  n=  1  avg=+142.1%  med=+142.1%  realized=$+54.00
  b10|c010_s165_w3_1045_1120_r1  n=  8  avg=-37.2%  med=-18.9%  realized=$-205.00
  b1100|lab1100_s167_w4_1120_1135_r1  n=  1  avg=+328.6%  med=+328.6%  realized=$+69.00
  b1101|lab1101_s167_w4_1120_1135_r2  n=  1  avg=+323.8%  med=+323.8%  realized=$+68.00
  b1108|lab1108_s166_w1_0928_1005_r1  n=  1  avg=+160.9%  med=+160.9%  realized=$+74.00
  b1109|lab1109_s166_w1_0928_1005_r2  n=  1  avg=+77.6%  med=+77.6%  realized=$+45.00
  b1110|lab1110_s166_w2_1005_1045_r1  n=  2  avg=-10.5%  med=+67.2%  realized=$+26.00
  b1111|lab1111_s166_w2_1005_1045_r2  n=  2  avg=-7.7%  med=+72.9%  realized=$+28.00
  b1112|lab1112_s166_w3_1045_1120_r1  n=  1  avg=+273.0%  med=+273.0%  realized=$+101.00
  b1113|lab1113_s166_w3_1045_1120_r2  n=  2  avg=+100.9%  med=+135.1%  realized=$+92.00
  b1115|lab1115_s166_w4_1120_1135_r2  n=  1  avg=+55.6%  med=+55.6%  realized=$+40.00
  b1122|lab1122_s168_w1_0928_1005_r1  n=  3  avg=+72.4%  med=+50.0%  realized=$+46.00
  b1123|lab1123_s168_w1_0928_1005_r2  n=  3  avg=+55.9%  med=+53.3%  realized=$+36.00
  b1124|lab1124_s168_w2_1005_1045_r1  n=  2  avg=+91.2%  med=+248.6%  realized=$+50.00
  b1125|lab1125_s168_w2_1005_1045_r2  n=  3  avg=+32.1%  med=-54.8%  realized=$+16.00
  b1126|lab1126_s168_w3_1045_1120_r1  n=  4  avg=+67.5%  med=+116.2%  realized=$+110.00
  b1127|lab1127_s168_w3_1045_1120_r2  n=  4  avg=+52.5%  med=+102.7%  realized=$+86.00
  b1128|lab1128_s168_w4_1120_1135_r1  n=  2  avg=+120.5%  med=+272.2%  realized=$+83.00
  b1129|lab1129_s168_w4_1120_1135_r2  n=  2  avg=+101.7%  med=+255.6%  realized=$+67.00
  b1136|lab1136_s163_w1_0928_1005_r1  n=  3  avg=-8.7%  med=-51.4%  realized=$+6.00
  b1137|lab1137_s163_w1_0928_1005_r2  n=  3  avg=-19.2%  med=-61.9%  realized=$-7.00
  b1138|lab1138_s163_w2_1005_1045_r1  n=  3  avg=+69.1%  med=+67.2%  realized=$+84.00
  b1139|lab1139_s163_w2_1005_1045_r2  n=  3  avg=+73.5%  med=+70.5%  realized=$+90.00
  b1140|lab1140_s163_w3_1045_1120_r1  n=  6  avg=+47.0%  med=+73.0%  realized=$+156.00
  b1141|lab1141_s163_w3_1045_1120_r2  n=  6  avg=+42.1%  med=+64.9%  realized=$+138.00
  b1142|lab1142_s163_w4_1120_1135_r1  n=  1  avg=-72.9%  med=-72.9%  realized=$-35.00
  b1143|lab1143_s163_w4_1120_1135_r2  n=  2  avg=+27.6%  med=+128.1%  realized=$+6.00
  b1150|lab1150_s164_w1_0928_1005_r1  n=  4  avg=+79.6%  med=+156.0%  realized=$+92.00
  b1151|lab1151_s164_w1_0928_1005_r2  n=  4  avg=+40.3%  med=+124.0%  realized=$+59.00
  b1152|lab1152_s164_w2_1005_1045_r1  n=  2  avg=+216.7%  med=+531.6%  realized=$+46.00
  b1153|lab1153_s164_w2_1005_1045_r2  n=  2  avg=+242.5%  med=+542.1%  realized=$+71.00
  b1154|lab1154_s164_w3_1045_1120_r1  n=  3  avg=+51.4%  med=+62.2%  realized=$+47.00
  b1155|lab1155_s164_w3_1045_1120_r2  n=  3  avg=+43.1%  med=+43.2%  realized=$+42.00
  b1156|lab1156_s164_w4_1120_1135_r1  n=  2  avg=+144.5%  med=+342.9%  realized=$+65.00
  b1157|lab1157_s164_w4_1120_1135_r2  n=  2  avg=+150.4%  med=+323.8%  realized=$+65.00
  b12|lab0012_s403_w2_1005_1045_r1  n=  2  avg=-55.0%  med=-50.0%  realized=$-39.00
  b132|c132_s164_w1_0928_1005_r5  n=  2  avg=-65.7%  med=-53.6%  realized=$-37.00
  b135|c135_s164_w4_1120_1135_r5  n=  1  avg=-50.0%  med=-50.0%  realized=$-4.00
  b192|lab0192_s218_w1_0928_1005_r1  n= 12  avg=+19.7%  med=+50.0%  realized=$+116.00
  b193|lab0193_s218_w1_0928_1005_r2  n= 14  avg=+25.9%  med=+36.4%  realized=$+174.00
  b194|lab0194_s218_w2_1005_1045_r1  n= 20  avg=+9.9%  med=-37.5%  realized=$-84.00
  b195|lab0195_s218_w2_1005_1045_r2  n= 22  avg=+27.2%  med=+58.8%  realized=$+218.00
  b196|lab0196_s218_w3_1045_1120_r1  n= 10  avg=+105.0%  med=+0.0%  realized=$+140.00
  b197|lab0197_s218_w3_1045_1120_r2  n=  9  avg=+120.8%  med=+45.7%  realized=$+268.00
  b198|lab0198_s218_w4_1120_1135_r1  n=  5  avg=+67.4%  med=+85.7%  realized=$+133.00
  b199|lab0199_s218_w4_1120_1135_r2  n=  6  avg=+30.4%  med=+75.4%  realized=$+108.00
  b1|c001_s173_w2_1005_1045_r1  n= 10  avg=-65.0%  med=-64.9%  realized=$-406.00
  b20|c020_s164_w1_0928_1005_r1  n=  9  avg=-11.2%  med=-14.3%  realized=$-19.00
  b20|c020_s173_w1_0928_1005_r2  n= 21  avg=+1.0%  med=-3.6%  realized=$+6.00
  b21|c021_s164_w2_1005_1045_r1  n=  8  avg=-61.7%  med=-56.1%  realized=$-308.00
  b21|c021_s173_w2_1005_1045_r2  n= 23  avg=-55.2%  med=-72.1%  realized=$-863.00
  b222|lab0222_s400_w2_1005_1045_r1  n=  1  avg=-50.0%  med=-50.0%  realized=$-4.00
  b223|lab0223_s400_w2_1005_1045_r2  n=  1  avg=-50.0%  med=-50.0%  realized=$-4.00
  b224|lab0224_s400_w3_1045_1120_r1  n=  1  avg=-66.7%  med=-66.7%  realized=$-10.00
  b225|lab0225_s400_w3_1045_1120_r2  n=  2  avg=-7.3%  med=+52.1%  realized=$+15.00
  b227|lab0227_s400_w4_1120_1135_r2  n=  1  avg=-22.2%  med=-22.2%  realized=$-2.00
  b22|c022_s164_w3_1045_1120_r1  n=  6  avg=-28.3%  med=-55.7%  realized=$-115.00
  b22|c022_s173_w3_1045_1120_r2  n= 11  avg=-35.9%  med=-54.2%  realized=$-224.00
  b234|lab0234_s401_w1_0928_1005_r1  n= 14  avg=+42.1%  med=-46.0%  realized=$-203.00
  b235|lab0235_s401_w1_0928_1005_r2  n= 18  avg=+108.6%  med=-23.7%  realized=$+63.00
  b236|c236_s218_w3_1045_1120_r1  n=  1  avg=-33.3%  med=-33.3%  realized=$-1.00
  b236|lab0236_s401_w2_1005_1045_r1  n= 17  avg=-10.6%  med=-38.1%  realized=$-165.00
  b237|c237_s218_w3_1045_1120_r2  n=  1  avg=-66.7%  med=-66.7%  realized=$-2.00
  b237|lab0237_s401_w2_1005_1045_r2  n= 20  avg=+21.2%  med=+50.0%  realized=$+101.00
  b238|lab0238_s401_w3_1045_1120_r1  n= 21  avg=+151.3%  med=+100.0%  realized=$+1,040.00
  b239|lab0239_s401_w3_1045_1120_r2  n= 19  avg=+91.8%  med=+30.2%  realized=$+257.00
  b23|c023_s164_w4_1120_1135_r1  n=  2  avg=-67.7%  med=-67.7%  realized=$-84.00
  b23|c023_s173_w4_1120_1135_r2  n=  3  avg=-25.0%  med=-61.5%  realized=$-41.00
  b240|lab0240_s401_w4_1120_1135_r1  n= 14  avg=+22.7%  med=+9.6%  realized=$+33.00
  b241|lab0241_s401_w4_1120_1135_r2  n= 12  avg=-24.2%  med=-17.5%  realized=$-198.00
  b25|c025_s168_w2_1005_1045_r1  n=  2  avg=-20.7%  med=-19.6%  realized=$-19.00
  b25|c025_s174_w2_1005_1045_r2  n= 18  avg=-33.0%  med=-21.7%  realized=$-333.00
  b262|lab0262_s403_w1_0928_1005_r1  n=  6  avg=+87.1%  med=+100.0%  realized=$+218.00
  b263|lab0263_s403_w1_0928_1005_r2  n= 12  avg=+50.7%  med=+67.7%  realized=$+273.00
  b264|lab0264_s403_w2_1005_1045_r1  n= 11  avg=+15.4%  med=+34.7%  realized=$+72.00
  b265|lab0265_s403_w2_1005_1045_r2  n= 13  avg=+11.6%  med=+48.6%  realized=$+83.00
  b266|lab0266_s403_w3_1045_1120_r1  n=  6  avg=+50.1%  med=+70.6%  realized=$+87.00
  b267|lab0267_s403_w3_1045_1120_r2  n=  9  avg=+22.9%  med=+52.8%  realized=$+100.00
  b268|lab0268_s403_w4_1120_1135_r1  n=  4  avg=+158.4%  med=+320.0%  realized=$+152.00
  b269|lab0269_s403_w4_1120_1135_r2  n=  8  avg=+96.4%  med=+76.9%  realized=$+278.00
  b26|c026_s174_w3_1045_1120_r2  n=  1  avg=-53.1%  med=-53.1%  realized=$-26.00
  b276|lab0276_s350_w1_0928_1005_r1  n= 10  avg=+61.5%  med=+102.9%  realized=$+227.00
  b277|lab0277_s350_w1_0928_1005_r2  n=  9  avg=+100.0%  med=+145.8%  realized=$+352.00
  b278|lab0278_s350_w2_1005_1045_r1  n= 13  avg=+37.3%  med=+0.0%  realized=$+58.00
  b279|lab0279_s350_w2_1005_1045_r2  n= 14  avg=+56.2%  med=-28.3%  realized=$+163.00
  b288|lab0288_s352_w1_0928_1005_r1  n=  6  avg=+80.4%  med=+100.0%  realized=$+77.00
  b289|lab0289_s352_w1_0928_1005_r2  n=  6  avg=+54.3%  med=+93.8%  realized=$+56.00
  b28|c028_s165_w1_0928_1005_r2  n= 17  avg=+49.5%  med=+80.0%  realized=$+448.00
  b28|c028_s173_w1_0928_1005_r2  n=  5  avg=+51.6%  med=+80.0%  realized=$+142.00
  b290|lab0290_s352_w2_1005_1045_r1  n=  8  avg=+63.4%  med=+38.9%  realized=$+91.00
  b291|lab0291_s352_w2_1005_1045_r2  n=  9  avg=+58.5%  med=-51.9%  realized=$+95.00
  b292|lab0292_s352_w3_1045_1120_r1  n= 10  avg=+50.4%  med=+13.0%  realized=$+25.00
  b293|lab0293_s352_w3_1045_1120_r2  n= 11  avg=+61.4%  med=+39.1%  realized=$+63.00
  b294|lab0294_s352_w4_1120_1135_r1  n=  5  avg=+5.0%  med=-71.4%  realized=$-78.00
  b295|lab0295_s352_w4_1120_1135_r2  n=  5  avg=+2.8%  med=-75.0%  realized=$-80.00
  b296|lab0296_s353_w1_0928_1005_r1  n=  6  avg=+78.8%  med=+123.7%  realized=$+107.00
  b297|lab0297_s353_w1_0928_1005_r2  n=  6  avg=+52.4%  med=+79.0%  realized=$+70.00
  b298|lab0298_s353_w2_1005_1045_r1  n= 12  avg=+5.8%  med=-34.7%  realized=$-67.00
  b299|lab0299_s353_w2_1005_1045_r2  n=  8  avg=-35.1%  med=-60.0%  realized=$-156.00
  b29|c029_s165_w2_1005_1045_r2  n=  9  avg=-23.3%  med=-50.0%  realized=$-221.00
  b29|c029_s173_w2_1005_1045_r2  n=  2  avg=-69.3%  med=-48.5%  realized=$-78.00
  b2|c002_s173_w3_1045_1120_r1  n= 15  avg=+67.7%  med=+32.8%  realized=$+707.00
  b300|lab0300_s353_w3_1045_1120_r1  n=  4  avg=+125.4%  med=-52.8%  realized=$-72.00
  b301|lab0301_s353_w3_1045_1120_r2  n=  2  avg=+445.0%  med=+942.9%  realized=$+38.00
  b302|lab0302_s353_w4_1120_1135_r1  n=  3  avg=+127.9%  med=+96.5%  realized=$+92.00
  b303|lab0303_s353_w4_1120_1135_r2  n=  4  avg=+103.5%  med=+93.1%  realized=$+113.00
  b30|c030_s165_w3_1045_1120_r2  n=  9  avg=+38.8%  med=+0.0%  realized=$+260.00
  b30|c030_s173_w3_1045_1120_r2  n=  2  avg=-9.5%  med=+0.0%  realized=$-14.00
  b31|c031_s165_w4_1120_1135_r2  n=  2  avg=+145.5%  med=+175.8%  realized=$+192.00
  b320|lab0320_s356_w1_0928_1005_r1  n=  4  avg=+18.8%  med=+37.9%  realized=$+34.00
  b321|lab0321_s356_w1_0928_1005_r2  n=  4  avg=+28.1%  med=+58.6%  realized=$+56.00
  b322|lab0322_s356_w2_1005_1045_r1  n=  3  avg=-12.4%  med=-21.6%  realized=$-21.00
  b323|lab0323_s356_w2_1005_1045_r2  n=  4  avg=-22.8%  med=-18.9%  realized=$-43.00
  b324|lab0324_s356_w3_1045_1120_r1  n=  4  avg=-5.4%  med=-25.0%  realized=$-12.00
  b325|lab0325_s356_w3_1045_1120_r2  n=  4  avg=-1.7%  med=-19.4%  realized=$-6.00
  b326|lab0326_s356_w4_1120_1135_r1  n=  2  avg=+76.1%  med=+100.0%  realized=$+68.00
  b327|lab0327_s356_w4_1120_1135_r2  n=  3  avg=+19.3%  med=+52.0%  realized=$+20.00
  b328|lab0328_s357_w1_0928_1005_r1  n=  3  avg=+3.8%  med=+47.1%  realized=$+7.00
  b329|lab0329_s357_w1_0928_1005_r2  n=  3  avg=+3.8%  med=+47.1%  realized=$+7.00
  b330|lab0330_s357_w2_1005_1045_r1  n=  2  avg=+34.9%  med=+131.4%  realized=$+27.00
  b331|lab0331_s357_w2_1005_1045_r2  n=  3  avg=-10.7%  med=-56.9%  realized=$-19.00
  b332|lab0332_s357_w3_1045_1120_r1  n=  5  avg=+66.7%  med=+73.7%  realized=$+190.00
  b333|lab0333_s357_w3_1045_1120_r2  n=  6  avg=+66.3%  med=+71.9%  realized=$+228.00
  b334|lab0334_s357_w4_1120_1135_r1  n=  1  avg=+81.2%  med=+81.2%  realized=$+39.00
  b335|lab0335_s357_w4_1120_1135_r2  n=  2  avg=+54.6%  med=+57.1%  realized=$+53.00
  b340|lab0340_s358_w3_1045_1120_r1  n=  1  avg=-51.4%  med=-51.4%  realized=$-37.00
  b341|lab0341_s358_w3_1045_1120_r2  n=  1  avg=-51.4%  med=-51.4%  realized=$-37.00
  b342|lab0342_s358_w4_1120_1135_r1  n=  1  avg=+53.1%  med=+53.1%  realized=$+26.00
  b343|lab0343_s358_w4_1120_1135_r2  n=  1  avg=+55.1%  med=+55.1%  realized=$+27.00
  b344|lab0344_s359_w1_0928_1005_r1  n=  6  avg=+41.3%  med=+58.5%  realized=$+5.00
  b345|lab0345_s359_w1_0928_1005_r2  n=  8  avg=+28.1%  med=+43.3%  realized=$+31.00
  b346|lab0346_s359_w2_1005_1045_r1  n= 13  avg=+63.4%  med=-46.7%  realized=$-44.00
  b347|lab0347_s359_w2_1005_1045_r2  n= 12  avg=+68.0%  med=-39.3%  realized=$-4.00
  b362|lab0362_s361_w1_0928_1005_r1  n=  7  avg=-19.5%  med=-30.4%  realized=$-109.00
  b363|lab0363_s361_w1_0928_1005_r2  n=  8  avg=-17.9%  med=-30.4%  realized=$-114.00
  b364|lab0364_s361_w2_1005_1045_r1  n=  9  avg=+126.2%  med=+81.8%  realized=$+88.00
  b365|lab0365_s361_w2_1005_1045_r2  n= 12  avg=+173.8%  med=+82.8%  realized=$+310.00
  b366|lab0366_s361_w3_1045_1120_r1  n=  4  avg=+248.7%  med=+61.1%  realized=$+24.00
  b367|lab0367_s361_w3_1045_1120_r2  n= 13  avg=+60.9%  med=-50.0%  realized=$-97.00
  b368|lab0368_s361_w4_1120_1135_r1  n=  4  avg=+61.2%  med=+71.4%  realized=$-11.00
  b369|lab0369_s361_w4_1120_1135_r2  n=  5  avg=+74.9%  med=+80.0%  realized=$+12.00
  b376|lab0376_s362_w1_0928_1005_r1  n=  9  avg=-5.0%  med=+8.7%  realized=$-60.00
  b377|lab0377_s362_w1_0928_1005_r2  n= 10  avg=+4.4%  med=+13.0%  realized=$-28.00
  b378|lab0378_s362_w2_1005_1045_r1  n=  6  avg=+212.2%  med=+74.4%  realized=$+195.00
  b379|lab0379_s362_w2_1005_1045_r2  n= 10  avg=+126.2%  med=+60.5%  realized=$+246.00
  b380|lab0380_s362_w3_1045_1120_r1  n=  8  avg=+153.8%  med=+103.3%  realized=$+196.00
  b381|lab0381_s362_w3_1045_1120_r2  n=  8  avg=+153.4%  med=+108.3%  realized=$+215.00
  b382|lab0382_s362_w4_1120_1135_r1  n=  4  avg=+330.7%  med=+323.8%  realized=$+327.00
  b383|lab0383_s362_w4_1120_1135_r2  n=  4  avg=+352.1%  med=+309.5%  realized=$+356.00
  b3|c003_s173_w4_1120_1135_r1  n= 17  avg=+131.0%  med=-50.0%  realized=$+1,311.00
  b404|lab0404_s364_w1_0928_1005_r1  n=  5  avg=-0.6%  med=-2.9%  realized=$-29.00
  b405|lab0405_s364_w1_0928_1005_r2  n=  6  avg=+3.8%  med=+50.0%  realized=$-15.00
  b406|lab0406_s364_w2_1005_1045_r1  n= 10  avg=-17.6%  med=-44.2%  realized=$-159.00
  b407|lab0407_s364_w2_1005_1045_r2  n= 11  avg=-12.3%  med=-42.3%  realized=$-90.00
  b408|lab0408_s364_w3_1045_1120_r1  n=  9  avg=+11.2%  med=+66.7%  realized=$+7.00
  b409|lab0409_s364_w3_1045_1120_r2  n= 11  avg=+7.6%  med=+53.1%  realized=$-5.00
  b40|c040_s166_w1_0928_1005_r2  n=  6  avg=-37.2%  med=-12.7%  realized=$-142.00
  b40|c040_s173_w1_0928_1005_r3  n= 23  avg=+12.9%  med=-15.4%  realized=$-90.00
  b410|lab0410_s364_w4_1120_1135_r1  n=  7  avg=+72.6%  med=+39.5%  realized=$+171.00
  b411|lab0411_s364_w4_1120_1135_r2  n=  4  avg=+137.5%  med=+188.9%  realized=$+189.00
  b418|lab0418_s365_w1_0928_1005_r1  n=  3  avg=+20.9%  med=+67.3%  realized=$+24.00
  b419|lab0419_s365_w1_0928_1005_r2  n=  6  avg=-7.6%  med=+38.5%  realized=$-47.00
  b41|c041_s166_w2_1005_1045_r2  n=  3  avg=-62.0%  med=-61.4%  realized=$-106.00
  b41|c041_s173_w2_1005_1045_r3  n= 13  avg=-48.5%  med=-66.7%  realized=$-452.00
  b420|lab0420_s365_w2_1005_1045_r1  n=  4  avg=-24.5%  med=-48.3%  realized=$-52.00
  b421|lab0421_s365_w2_1005_1045_r2  n=  4  avg=-27.9%  med=-47.8%  realized=$-62.00
  b422|lab0422_s365_w3_1045_1120_r1  n=  3  avg=+33.1%  med=+63.6%  realized=$+25.00
  b423|lab0423_s365_w3_1045_1120_r2  n=  4  avg=+34.7%  med=+63.6%  realized=$+58.00
  b424|lab0424_s365_w4_1120_1135_r1  n=  5  avg=-10.7%  med=+0.0%  realized=$-24.00
  b425|lab0425_s365_w4_1120_1135_r2  n=  3  avg=+109.8%  med=+54.8%  realized=$+124.00
  b42|c042_s166_w3_1045_1120_r2  n=  6  avg=+115.7%  med=+21.4%  realized=$+489.00
  b42|c042_s173_w3_1045_1120_r3  n= 13  avg=+31.1%  med=-8.3%  realized=$+262.00
  b43|c043_s166_w4_1120_1135_r2  n=  7  avg=+62.0%  med=+41.9%  realized=$+281.00
  b43|c043_s173_w4_1120_1135_r3  n=  8  avg=+58.7%  med=+53.2%  realized=$+241.00
  b449|lab0449_s367_w2_1005_1045_r2  n=  1  avg=-48.9%  med=-48.9%  realized=$-22.00
  b450|lab0450_s367_w3_1045_1120_r1  n=  1  avg=-51.4%  med=-51.4%  realized=$-37.00
  b451|lab0451_s367_w3_1045_1120_r2  n=  1  avg=-25.0%  med=-25.0%  realized=$-18.00
  b46|c046_s174_w3_1045_1120_r3  n=  3  avg=-89.7%  med=-89.7%  realized=$-156.00
  b47|c047_s163_w4_1120_1135_r2  n=  3  avg=-79.7%  med=-78.0%  realized=$-141.00
  b47|c047_s174_w4_1120_1135_r3  n= 25  avg=-73.4%  med=-78.0%  realized=$-1,155.00
  b48|c048_s164_w1_0928_1005_r2  n=  5  avg=-33.1%  med=-49.1%  realized=$-91.00
  b48|c048_s165_w1_0928_1005_r3  n= 16  avg=-35.9%  med=-49.1%  realized=$-344.00
  b49|c049_s164_w2_1005_1045_r2  n=  4  avg=-51.8%  med=-44.0%  realized=$-133.00
  b49|c049_s165_w2_1005_1045_r3  n= 15  avg=-49.3%  med=-49.1%  realized=$-458.00
  b50|c050_s164_w3_1045_1120_r2  n=  4  avg=-39.6%  med=-16.7%  realized=$-115.00
  b50|c050_s165_w3_1045_1120_r3  n=  9  avg=-23.6%  med=-23.1%  realized=$-142.00
  b51|c051_s165_w4_1120_1135_r3  n=  1  avg=+263.6%  med=+263.6%  realized=$+174.00
  b56|g056_lim_tp20_sl65  n=  1  avg=+47.7%  med=+47.7%  realized=$+20.52
  b57|g057_mid_tp20_sl65  n=  1  avg=+47.7%  med=+47.7%  realized=$+20.52
  b58|g058_eod_tp20_sl65  n=  1  avg=+59.1%  med=+59.1%  realized=$+25.41
  b60|c060_s167_w1_0928_1005_r3  n=  3  avg=-55.8%  med=-62.8%  realized=$-98.00
  b60|c060_s173_w1_0928_1005_r4  n= 13  avg=-5.1%  med=-13.6%  realized=$-99.00
  b61|c061_s167_w2_1005_1045_r3  n=  5  avg=-54.6%  med=-50.9%  realized=$-160.00
  b61|c061_s173_w2_1005_1045_r4  n=  8  avg=-37.3%  med=-50.0%  realized=$-208.00
  b62|c062_s167_w3_1045_1120_r3  n=  8  avg=-51.8%  med=-64.2%  realized=$-286.00
  b62|c062_s173_w3_1045_1120_r4  n= 20  avg=+182.8%  med=-58.3%  realized=$-183.00
  b63|c063_s167_w4_1120_1135_r3  n=  2  avg=-54.8%  med=-54.8%  realized=$-68.00
  b63|c063_s173_w4_1120_1135_r4  n=  1  avg=-46.1%  med=-46.1%  realized=$-24.00
  b63|g063_mid_tp20_sl65  n=  1  avg=+23.3%  med=+23.3%  realized=$+18.63
  b64|c064_s174_w1_0928_1005_r4  n=  3  avg=-93.3%  med=-93.3%  realized=$-168.00
  b64|g064_eod_tp20_sl65  n=  1  avg=+34.2%  med=+34.2%  realized=$+27.40
  b65|c065_s174_w2_1005_1045_r4  n=  8  avg=-45.7%  med=-45.2%  realized=$-238.00
  b65|g065_lim_tp20_sl65  n=  1  avg=+23.3%  med=+23.3%  realized=$+18.63
  b66|c066_s174_w3_1045_1120_r4  n=  1  avg=-52.5%  med=-52.5%  realized=$-31.00
  b66|g066_mid_tp20_sl65  n=  1  avg=+23.3%  med=+23.3%  realized=$+18.63
  b67|c067_s174_w4_1120_1135_r4  n=  1  avg=-45.8%  med=-45.8%  realized=$-27.00
  b67|g067_eod_tp20_sl65  n=  1  avg=+34.2%  med=+34.2%  realized=$+27.40
  b68|c068_s165_w1_0928_1005_r4  n= 16  avg=-51.3%  med=-49.1%  realized=$-446.00
  b68|c068_s166_w1_0928_1005_r3  n=  4  avg=-52.7%  med=-49.1%  realized=$-116.00
  b69|c069_s165_w2_1005_1045_r4  n= 11  avg=+19.0%  med=-43.6%  realized=$-179.00
  b69|c069_s166_w2_1005_1045_r3  n=  4  avg=+10.1%  med=-40.0%  realized=$-87.00
  b70|c070_s165_w3_1045_1120_r4  n= 11  avg=-2.1%  med=-16.9%  realized=$-6.00
  b70|c070_s166_w3_1045_1120_r3  n=  4  avg=-42.5%  med=-27.0%  realized=$-124.00
  b70|g070_eod_tp30_sl20  n=  1  avg=+59.1%  med=+59.1%  realized=$+27.77
  b71|g071_lim_tp30_sl20  n=  1  avg=+36.5%  med=+36.5%  realized=$+23.73
  b72|g072_mid_tp30_sl20  n=  1  avg=+36.5%  med=+36.5%  realized=$+23.73
  b73|g073_eod_tp30_sl20  n=  1  avg=+55.6%  med=+55.6%  realized=$+36.11
  b73|lab0073_s209_w1_0928_1005_r2  n=  1  avg=-64.7%  med=-64.7%  realized=$-11.00
  b74|g074_lim_tp30_sl20  n=  1  avg=+36.5%  med=+36.5%  realized=$+23.73
  b74|lab0074_s209_w2_1005_1045_r1  n=  1  avg=-58.2%  med=-58.2%  realized=$-39.00
  b75|g075_mid_tp30_sl20  n=  1  avg=+36.5%  med=+36.5%  realized=$+23.73
  b75|lab0075_s209_w2_1005_1045_r2  n=  2  avg=-50.8%  med=-50.8%  realized=$-68.00
  b768|lab0768_s396_w1_0928_1005_r1  n=  2  avg=+89.0%  med=+93.1%  realized=$+118.00
  b769|lab0769_s396_w1_0928_1005_r2  n=  2  avg=+106.2%  med=+116.7%  realized=$+139.00
  b76|c076_s164_w1_0928_1005_r3  n=  1  avg=-50.0%  med=-50.0%  realized=$-2.00
  b76|g076_eod_tp30_sl20  n=  1  avg=+34.2%  med=+34.2%  realized=$+27.40
  b771|lab0771_s396_w2_1005_1045_r2  n=  1  avg=-82.2%  med=-82.2%  realized=$-60.00
  b773|lab0773_s396_w3_1045_1120_r2  n=  1  avg=+87.5%  med=+87.5%  realized=$+63.00
  b775|lab0775_s396_w4_1120_1135_r2  n=  1  avg=+74.6%  med=+74.6%  realized=$+44.00
  b776|lab0776_s397_w1_0928_1005_r1  n=  3  avg=-38.5%  med=-64.9%  realized=$-74.00
  b777|lab0777_s397_w1_0928_1005_r2  n=  6  avg=+22.9%  med=+38.6%  realized=$+72.00
  b778|lab0778_s397_w2_1005_1045_r1  n=  9  avg=+55.1%  med=+66.7%  realized=$+323.00
  b779|lab0779_s397_w2_1005_1045_r2  n=  8  avg=+50.8%  med=+61.9%  realized=$+284.00
  b77|g077_lim_tp30_sl20  n=  1  avg=-23.3%  med=-23.3%  realized=$-18.63
  b77|lab0077_s209_w3_1045_1120_r2  n=  2  avg=-68.8%  med=-66.7%  realized=$-41.00
  b780|lab0780_s397_w3_1045_1120_r1  n=  4  avg=+16.4%  med=+74.3%  realized=$+43.00
  b781|lab0781_s397_w3_1045_1120_r2  n=  7  avg=+11.9%  med=+67.1%  realized=$+100.00
  b782|lab0782_s397_w4_1120_1135_r1  n=  2  avg=+75.8%  med=+205.6%  realized=$+112.00
  b783|lab0783_s397_w4_1120_1135_r2  n=  4  avg=+105.3%  med=+151.6%  realized=$+262.00
  b784|lab0784_s398_w1_0928_1005_r1  n=  5  avg=+37.3%  med=+49.0%  realized=$+70.00
  b785|lab0785_s398_w1_0928_1005_r2  n=  6  avg=+9.2%  med=+49.0%  realized=$+37.00
  b786|lab0786_s398_w2_1005_1045_r1  n= 11  avg=-4.0%  med=-24.4%  realized=$-52.00
  b787|lab0787_s398_w2_1005_1045_r2  n=  6  avg=+21.4%  med=+61.3%  realized=$+34.00
  b788|lab0788_s398_w3_1045_1120_r1  n= 11  avg=+16.0%  med=-18.4%  realized=$+84.00
  b789|lab0789_s398_w3_1045_1120_r2  n= 10  avg=+0.8%  med=-50.0%  realized=$+32.00
  b78|g078_mid_tp30_sl20  n=  1  avg=-23.3%  med=-23.3%  realized=$-18.63
  b790|lab0790_s398_w4_1120_1135_r1  n=  5  avg=+179.6%  med=+140.3%  realized=$+338.00
  b791|lab0791_s398_w4_1120_1135_r2  n=  8  avg=+100.4%  med=+155.6%  realized=$+258.00
  b792|lab0792_s399_w1_0928_1005_r1  n=  4  avg=+100.0%  med=+140.0%  realized=$+80.00
  b793|lab0793_s399_w1_0928_1005_r2  n= 11  avg=+34.3%  med=+57.9%  realized=$+127.00
  b794|lab0794_s399_w2_1005_1045_r1  n= 13  avg=+51.4%  med=-59.1%  realized=$-129.00
  b795|lab0795_s399_w2_1005_1045_r2  n= 17  avg=+20.4%  med=-51.7%  realized=$-132.00
  b796|lab0796_s399_w3_1045_1120_r1  n=  4  avg=+187.1%  med=-51.4%  realized=$-23.00
  b797|lab0797_s399_w3_1045_1120_r2  n= 17  avg=+13.7%  med=-52.8%  realized=$-179.00
  b798|lab0798_s399_w4_1120_1135_r1  n=  5  avg=+12.3%  med=-53.1%  realized=$+61.00
  b799|lab0799_s399_w4_1120_1135_r2  n=  9  avg=+16.6%  med=-50.0%  realized=$+25.00
  b79|g079_eod_tp30_sl20  n=  1  avg=+34.2%  med=+34.2%  realized=$+27.40
  b79|lab0079_s209_w4_1120_1135_r2  n=  1  avg=-94.6%  med=-94.6%  realized=$-53.00
  b7|c007_s174_w4_1120_1135_r1  n=  5  avg=-7.5%  med=-1.4%  realized=$-58.00
  b800|lab0800_s404_w1_0928_1005_r1  n=  6  avg=+23.0%  med=+38.6%  realized=$+65.00
  b801|lab0801_s404_w1_0928_1005_r2  n=  7  avg=-5.7%  med=-17.0%  realized=$-12.00
  b802|lab0802_s404_w2_1005_1045_r1  n= 13  avg=+24.4%  med=+56.9%  realized=$+216.00
  b803|lab0803_s404_w2_1005_1045_r2  n= 11  avg=+46.9%  med=+56.9%  realized=$+328.00
  b804|lab0804_s404_w3_1045_1120_r1  n=  8  avg=+5.7%  med=+68.5%  realized=$+74.00
  b805|lab0805_s404_w3_1045_1120_r2  n=  9  avg=-12.7%  med=-55.2%  realized=$-21.00
  b806|lab0806_s404_w4_1120_1135_r1  n=  5  avg=+91.8%  med=+91.5%  realized=$+286.00
  b807|lab0807_s404_w4_1120_1135_r2  n=  7  avg=+61.5%  med=+53.2%  realized=$+272.00
  b80|c080_s168_w1_0928_1005_r3  n=  8  avg=+3.6%  med=-11.1%  realized=$-45.00
  b80|c080_s173_w1_0928_1005_r5  n= 45  avg=+52.6%  med=+59.1%  realized=$+503.00
  b80|g080_lim_tp30_sl30  n=  1  avg=+36.5%  med=+36.5%  realized=$+23.73
  b80|lab0080_s210_w1_0928_1005_r1  n= 13  avg=+7.1%  med=-8.5%  realized=$+35.00
  b81|c081_s168_w2_1005_1045_r3  n=  5  avg=-26.9%  med=-33.8%  realized=$-83.00
  b81|c081_s173_w2_1005_1045_r5  n= 20  avg=-39.1%  med=-38.4%  realized=$-559.00
  b81|g081_mid_tp30_sl30  n=  1  avg=+36.5%  med=+36.5%  realized=$+23.73
  b81|lab0081_s210_w1_0928_1005_r2  n= 15  avg=+15.9%  med=+46.7%  realized=$+118.00
  b828|lab0828_s406_w1_0928_1005_r1  n=  5  avg=-27.0%  med=-50.0%  realized=$-22.00
  b829|lab0829_s406_w1_0928_1005_r2  n=  4  avg=-21.6%  med=-50.0%  realized=$-21.00
  b82|c082_s168_w3_1045_1120_r3  n=  5  avg=-1.6%  med=-40.0%  realized=$-2.00
  b82|c082_s173_w3_1045_1120_r5  n=  9  avg=-10.7%  med=-12.5%  realized=$-48.00
  b82|g082_eod_tp30_sl30  n=  1  avg=+55.6%  med=+55.6%  realized=$+36.11
  b82|lab0082_s210_w2_1005_1045_r1  n= 15  avg=+1.3%  med=-6.2%  realized=$+44.00
  b830|lab0830_s406_w2_1005_1045_r1  n= 14  avg=+66.8%  med=+71.8%  realized=$+87.00
  b831|lab0831_s406_w2_1005_1045_r2  n= 17  avg=+69.5%  med=+76.9%  realized=$+149.00
  b832|lab0832_s406_w3_1045_1120_r1  n= 15  avg=+305.6%  med=+55.3%  realized=$+1,461.00
  b833|lab0833_s406_w3_1045_1120_r2  n= 20  avg=+251.6%  med=+53.3%  realized=$+1,414.00
  b834|lab0834_s406_w4_1120_1135_r1  n=  9  avg=+313.4%  med=+100.0%  realized=$+138.00
  b835|lab0835_s406_w4_1120_1135_r2  n=  9  avg=+166.5%  med=+66.7%  realized=$+212.00
  b83|c083_s168_w4_1120_1135_r3  n=  8  avg=+84.0%  med=+62.9%  realized=$+429.00
  b83|c083_s173_w4_1120_1135_r5  n= 20  avg=-20.6%  med=-68.2%  realized=$-271.00
  b83|g083_lim_tp30_sl30  n=  1  avg=+30.1%  med=+30.1%  realized=$+24.11
  b83|lab0083_s210_w2_1005_1045_r2  n=  9  avg=+6.1%  med=+7.0%  realized=$-9.00
  b84|g084_mid_tp30_sl30  n=  1  avg=+30.1%  med=+30.1%  realized=$+24.11
  b84|lab0084_s210_w3_1045_1120_r1  n= 13  avg=-46.4%  med=-64.4%  realized=$-264.00
  b85|c085_s174_w2_1005_1045_r5  n=  7  avg=-9.4%  med=-32.7%  realized=$-42.00
  b85|g085_eod_tp30_sl30  n=  1  avg=+34.2%  med=+34.2%  realized=$+27.40
  b85|lab0085_s210_w3_1045_1120_r2  n= 17  avg=+51.3%  med=-44.4%  realized=$+43.00
  b86|c086_s174_w3_1045_1120_r5  n=  4  avg=+26.1%  med=+39.7%  realized=$+64.00
  b86|g086_lim_tp30_sl30  n=  1  avg=+30.1%  med=+30.1%  realized=$+24.11
  b86|lab0086_s210_w4_1120_1135_r1  n=  6  avg=+31.1%  med=+16.7%  realized=$+67.00
  b874|lab0874_s409_w3_1045_1120_r1  n=  1  avg=+84.7%  med=+84.7%  realized=$+61.00
  b875|lab0875_s409_w3_1045_1120_r2  n=  1  avg=+79.2%  med=+79.2%  realized=$+57.00
  b87|c087_s174_w4_1120_1135_r5  n=  4  avg=-23.5%  med=+37.5%  realized=$-114.00
  b87|g087_mid_tp30_sl30  n=  1  avg=+30.1%  med=+30.1%  realized=$+24.11
  b87|lab0087_s210_w4_1120_1135_r2  n=  9  avg=+12.1%  med=+19.4%  realized=$+41.00
  b884|lab0884_s410_w1_0928_1005_r1  n=  2  avg=+80.6%  med=+83.3%  realized=$+106.00
  b885|lab0885_s410_w1_0928_1005_r2  n=  3  avg=+72.8%  med=+65.3%  realized=$+145.00
  b886|lab0886_s410_w2_1005_1045_r1  n=  1  avg=+101.5%  med=+101.5%  realized=$+68.00
  b887|lab0887_s410_w2_1005_1045_r2  n=  2  avg=+11.0%  med=+70.4%  realized=$+19.00
  b888|lab0888_s410_w3_1045_1120_r1  n=  1  avg=-78.1%  med=-78.1%  realized=$-57.00
  b889|lab0889_s410_w3_1045_1120_r2  n=  1  avg=-68.5%  med=-68.5%  realized=$-50.00
  b88|c088_s165_w1_0928_1005_r5  n= 21  avg=-5.0%  med=-2.7%  realized=$-63.00
  b88|c088_s167_w1_0928_1005_r4  n=  4  avg=-12.7%  med=+30.9%  realized=$-28.00
  b88|g088_eod_tp30_sl30  n=  2  avg=+36.0%  med=+37.7%  realized=$+65.09
  b898|lab0898_s411_w1_0928_1005_r1  n=  2  avg=-54.5%  med=-51.4%  realized=$-79.00
  b899|lab0899_s411_w1_0928_1005_r2  n=  3  avg=-48.7%  med=-48.6%  realized=$-98.00
  b89|c089_s165_w2_1005_1045_r5  n=  7  avg=+113.1%  med=+30.9%  realized=$+67.00
  b89|c089_s167_w2_1005_1045_r4  n=  2  avg=-16.2%  med=+30.9%  realized=$-22.00
  b89|g089_lim_tp30_sl30  n=  1  avg=+30.1%  med=+30.1%  realized=$+24.11
  b8|c008_s165_w1_0928_1005_r1  n= 23  avg=-19.6%  med=-35.3%  realized=$-250.00
  b900|lab0900_s411_w2_1005_1045_r1  n= 11  avg=-2.4%  med=+7.7%  realized=$+1.00
  b901|lab0901_s411_w2_1005_1045_r2  n=  9  avg=+9.0%  med=+23.9%  realized=$+49.00
  b902|lab0902_s411_w3_1045_1120_r1  n=  8  avg=+8.1%  med=+13.4%  realized=$+16.00
  b903|lab0903_s411_w3_1045_1120_r2  n= 10  avg=+13.2%  med=+10.4%  realized=$+53.00
  b904|lab0904_s411_w4_1120_1135_r1  n=  3  avg=+3.5%  med=-52.2%  realized=$+13.00
  b905|lab0905_s411_w4_1120_1135_r2  n=  5  avg=+1.4%  med=+13.1%  realized=$+17.00
  b90|c090_s165_w3_1045_1120_r5  n= 13  avg=+7.7%  med=+0.0%  realized=$+47.00
  b90|c090_s167_w3_1045_1120_r4  n=  4  avg=-41.6%  med=-18.9%  realized=$-123.00
  b90|g090_mid_tp30_sl30  n=  1  avg=+30.1%  med=+30.1%  realized=$+24.11
  b90|live_1to1           n= 27  avg=+6.8%  med=-35.6%  realized=$+36.00
  b912|lab0912_s412_w1_0928_1005_r1  n=  6  avg=+75.0%  med=+66.7%  realized=$+27.00
  b913|lab0913_s412_w1_0928_1005_r2  n=  6  avg=+69.9%  med=+66.7%  realized=$+23.00
  b914|lab0914_s412_w2_1005_1045_r1  n=  8  avg=+90.2%  med=+79.5%  realized=$+199.00
  b915|lab0915_s412_w2_1005_1045_r2  n=  8  avg=+79.1%  med=+69.2%  realized=$+160.00
  b916|lab0916_s412_w3_1045_1120_r1  n= 16  avg=+3.0%  med=-10.7%  realized=$+0.00
  b917|lab0917_s412_w3_1045_1120_r2  n=  9  avg=+84.8%  med=-3.6%  realized=$-19.00
  b918|lab0918_s412_w4_1120_1135_r1  n=  5  avg=-49.4%  med=-55.4%  realized=$-140.00
  b919|lab0919_s412_w4_1120_1135_r2  n=  6  avg=+17.6%  med=-2.2%  realized=$-38.00
  b91|c091_s165_w4_1120_1135_r5  n=  2  avg=+222.0%  med=+247.0%  realized=$+293.00
  b91|g091_eod_tp30_sl30  n=  2  avg=+19.8%  med=+55.6%  realized=$+25.00
  b92|g092_lim_tp30_sl40  n=  2  avg=+53.6%  med=+70.8%  realized=$+94.51
  b93|g093_mid_tp30_sl40  n=  2  avg=+53.6%  med=+70.8%  realized=$+94.51
  b94|g094_eod_tp30_sl40  n=  2  avg=+46.6%  med=+55.6%  realized=$+73.80
  b95|g095_lim_tp30_sl40  n=  2  avg=+50.5%  med=+70.8%  realized=$+94.89
  b96|g096_mid_tp30_sl40  n=  2  avg=+50.5%  med=+70.8%  realized=$+94.89
  b97|g097_eod_tp30_sl40  n=  2  avg=+36.0%  med=+37.7%  realized=$+65.09
  b98|g098_lim_tp30_sl40  n=  2  avg=+50.5%  med=+70.8%  realized=$+94.89
  b99|g099_mid_tp30_sl40  n=  2  avg=+50.5%  med=+70.8%  realized=$+94.89
  b9|c009_s165_w2_1005_1045_r1  n=  7  avg=-74.4%  med=-66.2%  realized=$-301.00
========================================================
+========================================================================+
|[OPTIONS BOT DAILY VITALS (MATRIX EXPERIMENT)]                          |
+========================================================================+
|-- ACCOUNT STATUS (after_hours) --                                      |
|Equity       : $989,702.44                                              |
|Open Risk    : 26 lots (11 broker pos)                                  |
|Today's Run  : 0 signals -> 0 orders submitted                          |
|                                                                        |
|-- SYSTEM HEALTH --                                                     |
|Zombies      : 0 (Ledger is clean)                                      |
|Lab Status   : 26 Active Lots | 0 Pending Orders                        |
|Auto-Matrix  : (Pending EOD report generation)                          |
+========================================================================+
+========================================================================+
|[DATA QUALITY: CLEAN vs ERRORS vs KEEP-ONLY]                            |
+========================================================================+
|  CLEAN              n=1608  win= 48.1%  med= -27.6%  $+18,114          |
|  TAINTED            n=1953  win= 33.1%  med= -40.0%  $-9,990           |
|  KEEP-only          n=779   win= 60.8%  med= +50.9%  $+11,978          |
|  KEEP recent        n=586   win= 59.2%  med= +53.3%  $+7,917           |
|  KEEP(23): S163,S164,S167,S168,S173,S174,S210,S350...                  |
|  KILL(21): ORPHAN,S202,S203,S207,S211,S212,S216,S217...                |
+========================================================================+
+========================================================================+
|[+++ OVERPERFORMING STRATEGIES (n>=10)]                                 |
+========================================================================+
|  BKT  PROFILE                   WIN%   MED%   TOTAL TRADES             |
|  ---------------------------------------------------------             |
|  b276 lab0276_s350_w1_0928..  70%  +102.9%    10                       |
|  b238 lab0238_s401_w3_1045..  81%  +100.0%    21                       |
|  b365 lab0365_s361_w2_1005..  92%  +82.8%    12                        |
|  b28  lab0028_s373_w2_1005..  77%  +80.0%    22                        |
+========================================================================+
|[--- UNDERPERFORMING STRATEGIES (n>=10)]                                |
+========================================================================+
|  BKT  PROFILE                   WIN%   MED%   TOTAL TRADES             |
|  ---------------------------------------------------------             |
|  b47  lab0047_s392_w2_1005..   4%  -78.0%    28                        |
|  b1   lab0001_s201_w2_1005..   0%  -65.8%    10                        |
|  b41  lab0041_s386_w2_1005..  12%  -65.3%    16                        |
|  b84  g084_mid_tp30_sl30      36%  -63.8%    14                        |
+========================================================================+
+========================================================================+
|[OPEN OPTIONS (11)]                                                     |
+========================================================================+
|  SYMBOL                      QTY    RET%        OPEN P&L               |
|  ---------------------------------------------------------             |
|  OXY261002C00056000           -1   -659.3%   $   -178.00               |
|  CVNA261002C00069000           2    -97.4%   $    -74.00               |
|  OXY261016C00058000            1   +101.4%   $    +74.00               |
|  NKE261002C00038000           15     -4.1%   $    -42.00               |
|  DKNG261016C00023500           1    -93.0%   $    -40.00               |
|  DKNG261009C00022500          -1    +66.7%   $    +14.00               |
|  CVNA261002C00066000          -1   -183.3%   $    -11.00               |
|  CVX261016C00220000            1    -13.9%   $    -10.00               |
|  ... 3 more position(s)                                                |
+========================================================================+
Full detail: logs/options_trial/runs/2026-10-02.log
elapsed=1.1s reconcile=0.48s

=== 09:26:26 ET — after hours (exit summary) [elapsed=1.2s reconcile=0.42s] ===
=== options_morning_bot (PAPER) 2026-10-02T09:26:26.377023-04:00 ===

[Run context]
After hours (09:26 ET) — exit summary only.
Paper auth OK — equity $989762.38, account PA33P8KT02IL
  reconcile: layout changed controlled:100:c000_s173_w1_0928_1005_r1 -> controlled:77:live_1to1+variations

[Exit summary]
========================================================
OPTIONS EXIT SUMMARY — 2026-10-02
========================================================
Account equity: $989,762.38
Open broker positions: 11  unrealized $-265.00

No closed trades today.
========================================================

[Portfolio snapshot]
========================================================
OPTIONS TRIAL STATS
========================================================
Account equity: $989,762.38
Active buckets: 77 of 77 profiles ($500 virtual each) — paper unlimited mode

P&L summary
  Reflected (ex-S202,S203,S207,S211,S212,S216,S217,S351,S354,S355,S360,S363,S366,S405,S407,S408): $+13,347.55 all-time  |  $+0.00 today
  Raw (incl dropped):     $+8,123.55 all-time  |  $+0.00 today
  Open (not sold yet): $-96.00 unrealized (virtual lots)
                       $-265.00 unrealized (broker total)
  Premium deployed:    $1,630.00 in open positions
  Combined P&L:        $+13,251.55 (reflected realized + open virtual)

Ledger (master)
  Total events:     15761
  Today entries:    0
  Today exits (reflected): 0
  All-time exits (reflected): 2702  wins 44%
  Avg return/trade: +31.0%  median -23.3%

Open virtual lots (by bucket)
  b12 lab0012_s403_w2_1005_1045_r1  prem=$     0  real=$-39.00  open=$ +0.00  lots=0  [-]
       buy: ask-0.01  sell: bid-0.01  tp=+50% sl=-50%
  b90 live_1to1               prem=$    68  real=$+36.00  open=$ -2.77  lots=1  [S404:NKEx1]
       buy: ask-0.01  sell: bid-0.01  tp=+50% sl=-40%
  (75 quiet bucket profile(s) — no trades yet)

Alpaca option positions
  CVNA261002C00066000  qty=-1  cost=$6.00  return=-183.3%  open P&L=$-11.00
  CVNA261002C00068000  qty=-1  cost=$11.00  return=+18.2%  open P&L=$+2.00
  CVNA261002C00069000  qty=2  cost=$76.00  return=-97.4%  open P&L=$-74.00
  CVX261002C00210000  qty=-1  cost=$33.00  return=+12.1%  open P&L=$+4.00
  CVX261016C00220000  qty=1  cost=$72.00  return=-13.9%  open P&L=$-10.00
  DKNG261009C00022500  qty=-1  cost=$21.00  return=+66.7%  open P&L=$+14.00
  DKNG261016C00023500  qty=1  cost=$43.00  return=-93.0%  open P&L=$-40.00
  NKE261002C00038000  qty=15  cost=$1,032.00  return=-4.1%  open P&L=$-42.00
  NKE261002C00038500  qty=6  cost=$334.00  return=-1.2%  open P&L=$-4.00
  OXY261002C00056000  qty=-1  cost=$27.00  return=-659.3%  open P&L=$-178.00
  OXY261016C00058000  qty=1  cost=$73.00  return=+101.4%  open P&L=$+74.00

Per-bucket exit stats (all time)
  b0|c000_s173_w1_0928_1005_r1  n= 22  avg=+24.8%  med=+34.9%  realized=$+283.00
  b0|orphan_reconcile     n=422  avg=+6.1%  med=-48.0%  realized=$+312.88
  b104|c104_s164_w1_0928_1005_r4  n=  1  avg=-88.9%  med=-88.9%  realized=$-8.00
  b1052|lab1052_s165_w1_0928_1005_r1  n=  2  avg=+170.4%  med=+194.7%  realized=$+110.00
  b1053|lab1053_s165_w1_0928_1005_r2  n=  2  avg=+165.7%  med=+189.5%  realized=$+107.00
  b1054|lab1054_s165_w2_1005_1045_r1  n=  1  avg=+93.5%  med=+93.5%  realized=$+58.00
  b1055|lab1055_s165_w2_1005_1045_r2  n=  1  avg=+526.3%  med=+526.3%  realized=$+100.00
  b1057|lab1057_s165_w3_1045_1120_r2  n=  2  avg=+45.7%  med=+144.7%  realized=$+23.00
  b1058|lab1058_s165_w4_1120_1135_r1  n=  1  avg=+390.5%  med=+390.5%  realized=$+82.00
  b1059|lab1059_s165_w4_1120_1135_r2  n=  1  avg=+342.9%  med=+342.9%  realized=$+72.00
  b1094|lab1094_s167_w1_0928_1005_r1  n=  3  avg=+75.9%  med=+126.0%  realized=$+73.00
  b1095|lab1095_s167_w1_0928_1005_r2  n=  3  avg=+58.7%  med=+106.0%  realized=$+57.00
  b1096|lab1096_s167_w2_1005_1045_r1  n=  3  avg=+140.2%  med=-55.4%  realized=$+45.00
  b1097|lab1097_s167_w2_1005_1045_r2  n=  3  avg=+132.5%  med=-55.4%  realized=$+40.00
  b1098|lab1098_s167_w3_1045_1120_r1  n=  1  avg=+121.0%  med=+121.0%  realized=$+46.00
  b1099|lab1099_s167_w3_1045_1120_r2  n=  1  avg=+142.1%  med=+142.1%  realized=$+54.00
  b10|c010_s165_w3_1045_1120_r1  n=  8  avg=-37.2%  med=-18.9%  realized=$-205.00
  b1100|lab1100_s167_w4_1120_1135_r1  n=  1  avg=+328.6%  med=+328.6%  realized=$+69.00
  b1101|lab1101_s167_w4_1120_1135_r2  n=  1  avg=+323.8%  med=+323.8%  realized=$+68.00
  b1108|lab1108_s166_w1_0928_1005_r1  n=  1  avg=+160.9%  med=+160.9%  realized=$+74.00
  b1109|lab1109_s166_w1_0928_1005_r2  n=  1  avg=+77.6%  med=+77.6%  realized=$+45.00
  b1110|lab1110_s166_w2_1005_1045_r1  n=  2  avg=-10.5%  med=+67.2%  realized=$+26.00
  b1111|lab1111_s166_w2_1005_1045_r2  n=  2  avg=-7.7%  med=+72.9%  realized=$+28.00
  b1112|lab1112_s166_w3_1045_1120_r1  n=  1  avg=+273.0%  med=+273.0%  realized=$+101.00
  b1113|lab1113_s166_w3_1045_1120_r2  n=  2  avg=+100.9%  med=+135.1%  realized=$+92.00
  b1115|lab1115_s166_w4_1120_1135_r2  n=  1  avg=+55.6%  med=+55.6%  realized=$+40.00
  b1122|lab1122_s168_w1_0928_1005_r1  n=  3  avg=+72.4%  med=+50.0%  realized=$+46.00
  b1123|lab1123_s168_w1_0928_1005_r2  n=  3  avg=+55.9%  med=+53.3%  realized=$+36.00
  b1124|lab1124_s168_w2_1005_1045_r1  n=  2  avg=+91.2%  med=+248.6%  realized=$+50.00
  b1125|lab1125_s168_w2_1005_1045_r2  n=  3  avg=+32.1%  med=-54.8%  realized=$+16.00
  b1126|lab1126_s168_w3_1045_1120_r1  n=  4  avg=+67.5%  med=+116.2%  realized=$+110.00
  b1127|lab1127_s168_w3_1045_1120_r2  n=  4  avg=+52.5%  med=+102.7%  realized=$+86.00
  b1128|lab1128_s168_w4_1120_1135_r1  n=  2  avg=+120.5%  med=+272.2%  realized=$+83.00
  b1129|lab1129_s168_w4_1120_1135_r2  n=  2  avg=+101.7%  med=+255.6%  realized=$+67.00
  b1136|lab1136_s163_w1_0928_1005_r1  n=  3  avg=-8.7%  med=-51.4%  realized=$+6.00
  b1137|lab1137_s163_w1_0928_1005_r2  n=  3  avg=-19.2%  med=-61.9%  realized=$-7.00
  b1138|lab1138_s163_w2_1005_1045_r1  n=  3  avg=+69.1%  med=+67.2%  realized=$+84.00
  b1139|lab1139_s163_w2_1005_1045_r2  n=  3  avg=+73.5%  med=+70.5%  realized=$+90.00
  b1140|lab1140_s163_w3_1045_1120_r1  n=  6  avg=+47.0%  med=+73.0%  realized=$+156.00
  b1141|lab1141_s163_w3_1045_1120_r2  n=  6  avg=+42.1%  med=+64.9%  realized=$+138.00
  b1142|lab1142_s163_w4_1120_1135_r1  n=  1  avg=-72.9%  med=-72.9%  realized=$-35.00
  b1143|lab1143_s163_w4_1120_1135_r2  n=  2  avg=+27.6%  med=+128.1%  realized=$+6.00
  b1150|lab1150_s164_w1_0928_1005_r1  n=  4  avg=+79.6%  med=+156.0%  realized=$+92.00
  b1151|lab1151_s164_w1_0928_1005_r2  n=  4  avg=+40.3%  med=+124.0%  realized=$+59.00
  b1152|lab1152_s164_w2_1005_1045_r1  n=  2  avg=+216.7%  med=+531.6%  realized=$+46.00
  b1153|lab1153_s164_w2_1005_1045_r2  n=  2  avg=+242.5%  med=+542.1%  realized=$+71.00
  b1154|lab1154_s164_w3_1045_1120_r1  n=  3  avg=+51.4%  med=+62.2%  realized=$+47.00
  b1155|lab1155_s164_w3_1045_1120_r2  n=  3  avg=+43.1%  med=+43.2%  realized=$+42.00
  b1156|lab1156_s164_w4_1120_1135_r1  n=  2  avg=+144.5%  med=+342.9%  realized=$+65.00
  b1157|lab1157_s164_w4_1120_1135_r2  n=  2  avg=+150.4%  med=+323.8%  realized=$+65.00
  b12|lab0012_s403_w2_1005_1045_r1  n=  2  avg=-55.0%  med=-50.0%  realized=$-39.00
  b132|c132_s164_w1_0928_1005_r5  n=  2  avg=-65.7%  med=-53.6%  realized=$-37.00
  b135|c135_s164_w4_1120_1135_r5  n=  1  avg=-50.0%  med=-50.0%  realized=$-4.00
  b192|lab0192_s218_w1_0928_1005_r1  n= 12  avg=+19.7%  med=+50.0%  realized=$+116.00
  b193|lab0193_s218_w1_0928_1005_r2  n= 14  avg=+25.9%  med=+36.4%  realized=$+174.00
  b194|lab0194_s218_w2_1005_1045_r1  n= 20  avg=+9.9%  med=-37.5%  realized=$-84.00
  b195|lab0195_s218_w2_1005_1045_r2  n= 22  avg=+27.2%  med=+58.8%  realized=$+218.00
  b196|lab0196_s218_w3_1045_1120_r1  n= 10  avg=+105.0%  med=+0.0%  realized=$+140.00
  b197|lab0197_s218_w3_1045_1120_r2  n=  9  avg=+120.8%  med=+45.7%  realized=$+268.00
  b198|lab0198_s218_w4_1120_1135_r1  n=  5  avg=+67.4%  med=+85.7%  realized=$+133.00
  b199|lab0199_s218_w4_1120_1135_r2  n=  6  avg=+30.4%  med=+75.4%  realized=$+108.00
  b1|c001_s173_w2_1005_1045_r1  n= 10  avg=-65.0%  med=-64.9%  realized=$-406.00
  b20|c020_s164_w1_0928_1005_r1  n=  9  avg=-11.2%  med=-14.3%  realized=$-19.00
  b20|c020_s173_w1_0928_1005_r2  n= 21  avg=+1.0%  med=-3.6%  realized=$+6.00
  b21|c021_s164_w2_1005_1045_r1  n=  8  avg=-61.7%  med=-56.1%  realized=$-308.00
  b21|c021_s173_w2_1005_1045_r2  n= 23  avg=-55.2%  med=-72.1%  realized=$-863.00
  b222|lab0222_s400_w2_1005_1045_r1  n=  1  avg=-50.0%  med=-50.0%  realized=$-4.00
  b223|lab0223_s400_w2_1005_1045_r2  n=  1  avg=-50.0%  med=-50.0%  realized=$-4.00
  b224|lab0224_s400_w3_1045_1120_r1  n=  1  avg=-66.7%  med=-66.7%  realized=$-10.00
  b225|lab0225_s400_w3_1045_1120_r2  n=  2  avg=-7.3%  med=+52.1%  realized=$+15.00
  b227|lab0227_s400_w4_1120_1135_r2  n=  1  avg=-22.2%  med=-22.2%  realized=$-2.00
  b22|c022_s164_w3_1045_1120_r1  n=  6  avg=-28.3%  med=-55.7%  realized=$-115.00
  b22|c022_s173_w3_1045_1120_r2  n= 11  avg=-35.9%  med=-54.2%  realized=$-224.00
  b234|lab0234_s401_w1_0928_1005_r1  n= 14  avg=+42.1%  med=-46.0%  realized=$-203.00
  b235|lab0235_s401_w1_0928_1005_r2  n= 18  avg=+108.6%  med=-23.7%  realized=$+63.00
  b236|c236_s218_w3_1045_1120_r1  n=  1  avg=-33.3%  med=-33.3%  realized=$-1.00
  b236|lab0236_s401_w2_1005_1045_r1  n= 17  avg=-10.6%  med=-38.1%  realized=$-165.00
  b237|c237_s218_w3_1045_1120_r2  n=  1  avg=-66.7%  med=-66.7%  realized=$-2.00
  b237|lab0237_s401_w2_1005_1045_r2  n= 20  avg=+21.2%  med=+50.0%  realized=$+101.00
  b238|lab0238_s401_w3_1045_1120_r1  n= 21  avg=+151.3%  med=+100.0%  realized=$+1,040.00
  b239|lab0239_s401_w3_1045_1120_r2  n= 19  avg=+91.8%  med=+30.2%  realized=$+257.00
  b23|c023_s164_w4_1120_1135_r1  n=  2  avg=-67.7%  med=-67.7%  realized=$-84.00
  b23|c023_s173_w4_1120_1135_r2  n=  3  avg=-25.0%  med=-61.5%  realized=$-41.00
  b240|lab0240_s401_w4_1120_1135_r1  n= 14  avg=+22.7%  med=+9.6%  realized=$+33.00
  b241|lab0241_s401_w4_1120_1135_r2  n= 12  avg=-24.2%  med=-17.5%  realized=$-198.00
  b25|c025_s168_w2_1005_1045_r1  n=  2  avg=-20.7%  med=-19.6%  realized=$-19.00
  b25|c025_s174_w2_1005_1045_r2  n= 18  avg=-33.0%  med=-21.7%  realized=$-333.00
  b262|lab0262_s403_w1_0928_1005_r1  n=  6  avg=+87.1%  med=+100.0%  realized=$+218.00
  b263|lab0263_s403_w1_0928_1005_r2  n= 12  avg=+50.7%  med=+67.7%  realized=$+273.00
  b264|lab0264_s403_w2_1005_1045_r1  n= 11  avg=+15.4%  med=+34.7%  realized=$+72.00
  b265|lab0265_s403_w2_1005_1045_r2  n= 13  avg=+11.6%  med=+48.6%  realized=$+83.00
  b266|lab0266_s403_w3_1045_1120_r1  n=  6  avg=+50.1%  med=+70.6%  realized=$+87.00
  b267|lab0267_s403_w3_1045_1120_r2  n=  9  avg=+22.9%  med=+52.8%  realized=$+100.00
  b268|lab0268_s403_w4_1120_1135_r1  n=  4  avg=+158.4%  med=+320.0%  realized=$+152.00
  b269|lab0269_s403_w4_1120_1135_r2  n=  8  avg=+96.4%  med=+76.9%  realized=$+278.00
  b26|c026_s174_w3_1045_1120_r2  n=  1  avg=-53.1%  med=-53.1%  realized=$-26.00
  b276|lab0276_s350_w1_0928_1005_r1  n= 10  avg=+61.5%  med=+102.9%  realized=$+227.00
  b277|lab0277_s350_w1_0928_1005_r2  n=  9  avg=+100.0%  med=+145.8%  realized=$+352.00
  b278|lab0278_s350_w2_1005_1045_r1  n= 13  avg=+37.3%  med=+0.0%  realized=$+58.00
  b279|lab0279_s350_w2_1005_1045_r2  n= 14  avg=+56.2%  med=-28.3%  realized=$+163.00
  b288|lab0288_s352_w1_0928_1005_r1  n=  6  avg=+80.4%  med=+100.0%  realized=$+77.00
  b289|lab0289_s352_w1_0928_1005_r2  n=  6  avg=+54.3%  med=+93.8%  realized=$+56.00
  b28|c028_s165_w1_0928_1005_r2  n= 17  avg=+49.5%  med=+80.0%  realized=$+448.00
  b28|c028_s173_w1_0928_1005_r2  n=  5  avg=+51.6%  med=+80.0%  realized=$+142.00
  b290|lab0290_s352_w2_1005_1045_r1  n=  8  avg=+63.4%  med=+38.9%  realized=$+91.00
  b291|lab0291_s352_w2_1005_1045_r2  n=  9  avg=+58.5%  med=-51.9%  realized=$+95.00
  b292|lab0292_s352_w3_1045_1120_r1  n= 10  avg=+50.4%  med=+13.0%  realized=$+25.00
  b293|lab0293_s352_w3_1045_1120_r2  n= 11  avg=+61.4%  med=+39.1%  realized=$+63.00
  b294|lab0294_s352_w4_1120_1135_r1  n=  5  avg=+5.0%  med=-71.4%  realized=$-78.00
  b295|lab0295_s352_w4_1120_1135_r2  n=  5  avg=+2.8%  med=-75.0%  realized=$-80.00
  b296|lab0296_s353_w1_0928_1005_r1  n=  6  avg=+78.8%  med=+123.7%  realized=$+107.00
  b297|lab0297_s353_w1_0928_1005_r2  n=  6  avg=+52.4%  med=+79.0%  realized=$+70.00
  b298|lab0298_s353_w2_1005_1045_r1  n= 12  avg=+5.8%  med=-34.7%  realized=$-67.00
  b299|lab0299_s353_w2_1005_1045_r2  n=  8  avg=-35.1%  med=-60.0%  realized=$-156.00
  b29|c029_s165_w2_1005_1045_r2  n=  9  avg=-23.3%  med=-50.0%  realized=$-221.00
  b29|c029_s173_w2_1005_1045_r2  n=  2  avg=-69.3%  med=-48.5%  realized=$-78.00
  b2|c002_s173_w3_1045_1120_r1  n= 15  avg=+67.7%  med=+32.8%  realized=$+707.00
  b300|lab0300_s353_w3_1045_1120_r1  n=  4  avg=+125.4%  med=-52.8%  realized=$-72.00
  b301|lab0301_s353_w3_1045_1120_r2  n=  2  avg=+445.0%  med=+942.9%  realized=$+38.00
  b302|lab0302_s353_w4_1120_1135_r1  n=  3  avg=+127.9%  med=+96.5%  realized=$+92.00
  b303|lab0303_s353_w4_1120_1135_r2  n=  4  avg=+103.5%  med=+93.1%  realized=$+113.00
  b30|c030_s165_w3_1045_1120_r2  n=  9  avg=+38.8%  med=+0.0%  realized=$+260.00
  b30|c030_s173_w3_1045_1120_r2  n=  2  avg=-9.5%  med=+0.0%  realized=$-14.00
  b31|c031_s165_w4_1120_1135_r2  n=  2  avg=+145.5%  med=+175.8%  realized=$+192.00
  b320|lab0320_s356_w1_0928_1005_r1  n=  4  avg=+18.8%  med=+37.9%  realized=$+34.00
  b321|lab0321_s356_w1_0928_1005_r2  n=  4  avg=+28.1%  med=+58.6%  realized=$+56.00
  b322|lab0322_s356_w2_1005_1045_r1  n=  3  avg=-12.4%  med=-21.6%  realized=$-21.00
  b323|lab0323_s356_w2_1005_1045_r2  n=  4  avg=-22.8%  med=-18.9%  realized=$-43.00
  b324|lab0324_s356_w3_1045_1120_r1  n=  4  avg=-5.4%  med=-25.0%  realized=$-12.00
  b325|lab0325_s356_w3_1045_1120_r2  n=  4  avg=-1.7%  med=-19.4%  realized=$-6.00
  b326|lab0326_s356_w4_1120_1135_r1  n=  2  avg=+76.1%  med=+100.0%  realized=$+68.00
  b327|lab0327_s356_w4_1120_1135_r2  n=  3  avg=+19.3%  med=+52.0%  realized=$+20.00
  b328|lab0328_s357_w1_0928_1005_r1  n=  3  avg=+3.8%  med=+47.1%  realized=$+7.00
  b329|lab0329_s357_w1_0928_1005_r2  n=  3  avg=+3.8%  med=+47.1%  realized=$+7.00
  b330|lab0330_s357_w2_1005_1045_r1  n=  2  avg=+34.9%  med=+131.4%  realized=$+27.00
  b331|lab0331_s357_w2_1005_1045_r2  n=  3  avg=-10.7%  med=-56.9%  realized=$-19.00
  b332|lab0332_s357_w3_1045_1120_r1  n=  5  avg=+66.7%  med=+73.7%  realized=$+190.00
  b333|lab0333_s357_w3_1045_1120_r2  n=  6  avg=+66.3%  med=+71.9%  realized=$+228.00
  b334|lab0334_s357_w4_1120_1135_r1  n=  1  avg=+81.2%  med=+81.2%  realized=$+39.00
  b335|lab0335_s357_w4_1120_1135_r2  n=  2  avg=+54.6%  med=+57.1%  realized=$+53.00
  b340|lab0340_s358_w3_1045_1120_r1  n=  1  avg=-51.4%  med=-51.4%  realized=$-37.00
  b341|lab0341_s358_w3_1045_1120_r2  n=  1  avg=-51.4%  med=-51.4%  realized=$-37.00
  b342|lab0342_s358_w4_1120_1135_r1  n=  1  avg=+53.1%  med=+53.1%  realized=$+26.00
  b343|lab0343_s358_w4_1120_1135_r2  n=  1  avg=+55.1%  med=+55.1%  realized=$+27.00
  b344|lab0344_s359_w1_0928_1005_r1  n=  6  avg=+41.3%  med=+58.5%  realized=$+5.00
  b345|lab0345_s359_w1_0928_1005_r2  n=  8  avg=+28.1%  med=+43.3%  realized=$+31.00
  b346|lab0346_s359_w2_1005_1045_r1  n= 13  avg=+63.4%  med=-46.7%  realized=$-44.00
  b347|lab0347_s359_w2_1005_1045_r2  n= 12  avg=+68.0%  med=-39.3%  realized=$-4.00
  b362|lab0362_s361_w1_0928_1005_r1  n=  7  avg=-19.5%  med=-30.4%  realized=$-109.00
  b363|lab0363_s361_w1_0928_1005_r2  n=  8  avg=-17.9%  med=-30.4%  realized=$-114.00
  b364|lab0364_s361_w2_1005_1045_r1  n=  9  avg=+126.2%  med=+81.8%  realized=$+88.00
  b365|lab0365_s361_w2_1005_1045_r2  n= 12  avg=+173.8%  med=+82.8%  realized=$+310.00
  b366|lab0366_s361_w3_1045_1120_r1  n=  4  avg=+248.7%  med=+61.1%  realized=$+24.00
  b367|lab0367_s361_w3_1045_1120_r2  n= 13  avg=+60.9%  med=-50.0%  realized=$-97.00
  b368|lab0368_s361_w4_1120_1135_r1  n=  4  avg=+61.2%  med=+71.4%  realized=$-11.00
  b369|lab0369_s361_w4_1120_1135_r2  n=  5  avg=+74.9%  med=+80.0%  realized=$+12.00
  b376|lab0376_s362_w1_0928_1005_r1  n=  9  avg=-5.0%  med=+8.7%  realized=$-60.00
  b377|lab0377_s362_w1_0928_1005_r2  n= 10  avg=+4.4%  med=+13.0%  realized=$-28.00
  b378|lab0378_s362_w2_1005_1045_r1  n=  6  avg=+212.2%  med=+74.4%  realized=$+195.00
  b379|lab0379_s362_w2_1005_1045_r2  n= 10  avg=+126.2%  med=+60.5%  realized=$+246.00
  b380|lab0380_s362_w3_1045_1120_r1  n=  8  avg=+153.8%  med=+103.3%  realized=$+196.00
  b381|lab0381_s362_w3_1045_1120_r2  n=  8  avg=+153.4%  med=+108.3%  realized=$+215.00
  b382|lab0382_s362_w4_1120_1135_r1  n=  4  avg=+330.7%  med=+323.8%  realized=$+327.00
  b383|lab0383_s362_w4_1120_1135_r2  n=  4  avg=+352.1%  med=+309.5%  realized=$+356.00
  b3|c003_s173_w4_1120_1135_r1  n= 17  avg=+131.0%  med=-50.0%  realized=$+1,311.00
  b404|lab0404_s364_w1_0928_1005_r1  n=  5  avg=-0.6%  med=-2.9%  realized=$-29.00
  b405|lab0405_s364_w1_0928_1005_r2  n=  6  avg=+3.8%  med=+50.0%  realized=$-15.00
  b406|lab0406_s364_w2_1005_1045_r1  n= 10  avg=-17.6%  med=-44.2%  realized=$-159.00
  b407|lab0407_s364_w2_1005_1045_r2  n= 11  avg=-12.3%  med=-42.3%  realized=$-90.00
  b408|lab0408_s364_w3_1045_1120_r1  n=  9  avg=+11.2%  med=+66.7%  realized=$+7.00
  b409|lab0409_s364_w3_1045_1120_r2  n= 11  avg=+7.6%  med=+53.1%  realized=$-5.00
  b40|c040_s166_w1_0928_1005_r2  n=  6  avg=-37.2%  med=-12.7%  realized=$-142.00
  b40|c040_s173_w1_0928_1005_r3  n= 23  avg=+12.9%  med=-15.4%  realized=$-90.00
  b410|lab0410_s364_w4_1120_1135_r1  n=  7  avg=+72.6%  med=+39.5%  realized=$+171.00
  b411|lab0411_s364_w4_1120_1135_r2  n=  4  avg=+137.5%  med=+188.9%  realized=$+189.00
  b418|lab0418_s365_w1_0928_1005_r1  n=  3  avg=+20.9%  med=+67.3%  realized=$+24.00
  b419|lab0419_s365_w1_0928_1005_r2  n=  6  avg=-7.6%  med=+38.5%  realized=$-47.00
  b41|c041_s166_w2_1005_1045_r2  n=  3  avg=-62.0%  med=-61.4%  realized=$-106.00
  b41|c041_s173_w2_1005_1045_r3  n= 13  avg=-48.5%  med=-66.7%  realized=$-452.00
  b420|lab0420_s365_w2_1005_1045_r1  n=  4  avg=-24.5%  med=-48.3%  realized=$-52.00
  b421|lab0421_s365_w2_1005_1045_r2  n=  4  avg=-27.9%  med=-47.8%  realized=$-62.00
  b422|lab0422_s365_w3_1045_1120_r1  n=  3  avg=+33.1%  med=+63.6%  realized=$+25.00
  b423|lab0423_s365_w3_1045_1120_r2  n=  4  avg=+34.7%  med=+63.6%  realized=$+58.00
  b424|lab0424_s365_w4_1120_1135_r1  n=  5  avg=-10.7%  med=+0.0%  realized=$-24.00
  b425|lab0425_s365_w4_1120_1135_r2  n=  3  avg=+109.8%  med=+54.8%  realized=$+124.00
  b42|c042_s166_w3_1045_1120_r2  n=  6  avg=+115.7%  med=+21.4%  realized=$+489.00
  b42|c042_s173_w3_1045_1120_r3  n= 13  avg=+31.1%  med=-8.3%  realized=$+262.00
  b43|c043_s166_w4_1120_1135_r2  n=  7  avg=+62.0%  med=+41.9%  realized=$+281.00
  b43|c043_s173_w4_1120_1135_r3  n=  8  avg=+58.7%  med=+53.2%  realized=$+241.00
  b449|lab0449_s367_w2_1005_1045_r2  n=  1  avg=-48.9%  med=-48.9%  realized=$-22.00
  b450|lab0450_s367_w3_1045_1120_r1  n=  1  avg=-51.4%  med=-51.4%  realized=$-37.00
  b451|lab0451_s367_w3_1045_1120_r2  n=  1  avg=-25.0%  med=-25.0%  realized=$-18.00
  b46|c046_s174_w3_1045_1120_r3  n=  3  avg=-89.7%  med=-89.7%  realized=$-156.00
  b47|c047_s163_w4_1120_1135_r2  n=  3  avg=-79.7%  med=-78.0%  realized=$-141.00
  b47|c047_s174_w4_1120_1135_r3  n= 25  avg=-73.4%  med=-78.0%  realized=$-1,155.00
  b48|c048_s164_w1_0928_1005_r2  n=  5  avg=-33.1%  med=-49.1%  realized=$-91.00
  b48|c048_s165_w1_0928_1005_r3  n= 16  avg=-35.9%  med=-49.1%  realized=$-344.00
  b49|c049_s164_w2_1005_1045_r2  n=  4  avg=-51.8%  med=-44.0%  realized=$-133.00
  b49|c049_s165_w2_1005_1045_r3  n= 15  avg=-49.3%  med=-49.1%  realized=$-458.00
  b50|c050_s164_w3_1045_1120_r2  n=  4  avg=-39.6%  med=-16.7%  realized=$-115.00
  b50|c050_s165_w3_1045_1120_r3  n=  9  avg=-23.6%  med=-23.1%  realized=$-142.00
  b51|c051_s165_w4_1120_1135_r3  n=  1  avg=+263.6%  med=+263.6%  realized=$+174.00
  b56|g056_lim_tp20_sl65  n=  1  avg=+47.7%  med=+47.7%  realized=$+20.52
  b57|g057_mid_tp20_sl65  n=  1  avg=+47.7%  med=+47.7%  realized=$+20.52
  b58|g058_eod_tp20_sl65  n=  1  avg=+59.1%  med=+59.1%  realized=$+25.41
  b60|c060_s167_w1_0928_1005_r3  n=  3  avg=-55.8%  med=-62.8%  realized=$-98.00
  b60|c060_s173_w1_0928_1005_r4  n= 13  avg=-5.1%  med=-13.6%  realized=$-99.00
  b61|c061_s167_w2_1005_1045_r3  n=  5  avg=-54.6%  med=-50.9%  realized=$-160.00
  b61|c061_s173_w2_1005_1045_r4  n=  8  avg=-37.3%  med=-50.0%  realized=$-208.00
  b62|c062_s167_w3_1045_1120_r3  n=  8  avg=-51.8%  med=-64.2%  realized=$-286.00
  b62|c062_s173_w3_1045_1120_r4  n= 20  avg=+182.8%  med=-58.3%  realized=$-183.00
  b63|c063_s167_w4_1120_1135_r3  n=  2  avg=-54.8%  med=-54.8%  realized=$-68.00
  b63|c063_s173_w4_1120_1135_r4  n=  1  avg=-46.1%  med=-46.1%  realized=$-24.00
  b63|g063_mid_tp20_sl65  n=  1  avg=+23.3%  med=+23.3%  realized=$+18.63
  b64|c064_s174_w1_0928_1005_r4  n=  3  avg=-93.3%  med=-93.3%  realized=$-168.00
  b64|g064_eod_tp20_sl65  n=  1  avg=+34.2%  med=+34.2%  realized=$+27.40
  b65|c065_s174_w2_1005_1045_r4  n=  8  avg=-45.7%  med=-45.2%  realized=$-238.00
  b65|g065_lim_tp20_sl65  n=  1  avg=+23.3%  med=+23.3%  realized=$+18.63
  b66|c066_s174_w3_1045_1120_r4  n=  1  avg=-52.5%  med=-52.5%  realized=$-31.00
  b66|g066_mid_tp20_sl65  n=  1  avg=+23.3%  med=+23.3%  realized=$+18.63
  b67|c067_s174_w4_1120_1135_r4  n=  1  avg=-45.8%  med=-45.8%  realized=$-27.00
  b67|g067_eod_tp20_sl65  n=  1  avg=+34.2%  med=+34.2%  realized=$+27.40
  b68|c068_s165_w1_0928_1005_r4  n= 16  avg=-51.3%  med=-49.1%  realized=$-446.00
  b68|c068_s166_w1_0928_1005_r3  n=  4  avg=-52.7%  med=-49.1%  realized=$-116.00
  b69|c069_s165_w2_1005_1045_r4  n= 11  avg=+19.0%  med=-43.6%  realized=$-179.00
  b69|c069_s166_w2_1005_1045_r3  n=  4  avg=+10.1%  med=-40.0%  realized=$-87.00
  b70|c070_s165_w3_1045_1120_r4  n= 11  avg=-2.1%  med=-16.9%  realized=$-6.00
  b70|c070_s166_w3_1045_1120_r3  n=  4  avg=-42.5%  med=-27.0%  realized=$-124.00
  b70|g070_eod_tp30_sl20  n=  1  avg=+59.1%  med=+59.1%  realized=$+27.77
  b71|g071_lim_tp30_sl20  n=  1  avg=+36.5%  med=+36.5%  realized=$+23.73
  b72|g072_mid_tp30_sl20  n=  1  avg=+36.5%  med=+36.5%  realized=$+23.73
  b73|g073_eod_tp30_sl20  n=  1  avg=+55.6%  med=+55.6%  realized=$+36.11
  b73|lab0073_s209_w1_0928_1005_r2  n=  1  avg=-64.7%  med=-64.7%  realized=$-11.00
  b74|g074_lim_tp30_sl20  n=  1  avg=+36.5%  med=+36.5%  realized=$+23.73
  b74|lab0074_s209_w2_1005_1045_r1  n=  1  avg=-58.2%  med=-58.2%  realized=$-39.00
  b75|g075_mid_tp30_sl20  n=  1  avg=+36.5%  med=+36.5%  realized=$+23.73
  b75|lab0075_s209_w2_1005_1045_r2  n=  2  avg=-50.8%  med=-50.8%  realized=$-68.00
  b768|lab0768_s396_w1_0928_1005_r1  n=  2  avg=+89.0%  med=+93.1%  realized=$+118.00
  b769|lab0769_s396_w1_0928_1005_r2  n=  2  avg=+106.2%  med=+116.7%  realized=$+139.00
  b76|c076_s164_w1_0928_1005_r3  n=  1  avg=-50.0%  med=-50.0%  realized=$-2.00
  b76|g076_eod_tp30_sl20  n=  1  avg=+34.2%  med=+34.2%  realized=$+27.40
  b771|lab0771_s396_w2_1005_1045_r2  n=  1  avg=-82.2%  med=-82.2%  realized=$-60.00
  b773|lab0773_s396_w3_1045_1120_r2  n=  1  avg=+87.5%  med=+87.5%  realized=$+63.00
  b775|lab0775_s396_w4_1120_1135_r2  n=  1  avg=+74.6%  med=+74.6%  realized=$+44.00
  b776|lab0776_s397_w1_0928_1005_r1  n=  3  avg=-38.5%  med=-64.9%  realized=$-74.00
  b777|lab0777_s397_w1_0928_1005_r2  n=  6  avg=+22.9%  med=+38.6%  realized=$+72.00
  b778|lab0778_s397_w2_1005_1045_r1  n=  9  avg=+55.1%  med=+66.7%  realized=$+323.00
  b779|lab0779_s397_w2_1005_1045_r2  n=  8  avg=+50.8%  med=+61.9%  realized=$+284.00
  b77|g077_lim_tp30_sl20  n=  1  avg=-23.3%  med=-23.3%  realized=$-18.63
  b77|lab0077_s209_w3_1045_1120_r2  n=  2  avg=-68.8%  med=-66.7%  realized=$-41.00
  b780|lab0780_s397_w3_1045_1120_r1  n=  4  avg=+16.4%  med=+74.3%  realized=$+43.00
  b781|lab0781_s397_w3_1045_1120_r2  n=  7  avg=+11.9%  med=+67.1%  realized=$+100.00
  b782|lab0782_s397_w4_1120_1135_r1  n=  2  avg=+75.8%  med=+205.6%  realized=$+112.00
  b783|lab0783_s397_w4_1120_1135_r2  n=  4  avg=+105.3%  med=+151.6%  realized=$+262.00
  b784|lab0784_s398_w1_0928_1005_r1  n=  5  avg=+37.3%  med=+49.0%  realized=$+70.00
  b785|lab0785_s398_w1_0928_1005_r2  n=  6  avg=+9.2%  med=+49.0%  realized=$+37.00
  b786|lab0786_s398_w2_1005_1045_r1  n= 11  avg=-4.0%  med=-24.4%  realized=$-52.00
  b787|lab0787_s398_w2_1005_1045_r2  n=  6  avg=+21.4%  med=+61.3%  realized=$+34.00
  b788|lab0788_s398_w3_1045_1120_r1  n= 11  avg=+16.0%  med=-18.4%  realized=$+84.00
  b789|lab0789_s398_w3_1045_1120_r2  n= 10  avg=+0.8%  med=-50.0%  realized=$+32.00
  b78|g078_mid_tp30_sl20  n=  1  avg=-23.3%  med=-23.3%  realized=$-18.63
  b790|lab0790_s398_w4_1120_1135_r1  n=  5  avg=+179.6%  med=+140.3%  realized=$+338.00
  b791|lab0791_s398_w4_1120_1135_r2  n=  8  avg=+100.4%  med=+155.6%  realized=$+258.00
  b792|lab0792_s399_w1_0928_1005_r1  n=  4  avg=+100.0%  med=+140.0%  realized=$+80.00
  b793|lab0793_s399_w1_0928_1005_r2  n= 11  avg=+34.3%  med=+57.9%  realized=$+127.00
  b794|lab0794_s399_w2_1005_1045_r1  n= 13  avg=+51.4%  med=-59.1%  realized=$-129.00
  b795|lab0795_s399_w2_1005_1045_r2  n= 17  avg=+20.4%  med=-51.7%  realized=$-132.00
  b796|lab0796_s399_w3_1045_1120_r1  n=  4  avg=+187.1%  med=-51.4%  realized=$-23.00
  b797|lab0797_s399_w3_1045_1120_r2  n= 17  avg=+13.7%  med=-52.8%  realized=$-179.00
  b798|lab0798_s399_w4_1120_1135_r1  n=  5  avg=+12.3%  med=-53.1%  realized=$+61.00
  b799|lab0799_s399_w4_1120_1135_r2  n=  9  avg=+16.6%  med=-50.0%  realized=$+25.00
  b79|g079_eod_tp30_sl20  n=  1  avg=+34.2%  med=+34.2%  realized=$+27.40
  b79|lab0079_s209_w4_1120_1135_r2  n=  1  avg=-94.6%  med=-94.6%  realized=$-53.00
  b7|c007_s174_w4_1120_1135_r1  n=  5  avg=-7.5%  med=-1.4%  realized=$-58.00
  b800|lab0800_s404_w1_0928_1005_r1  n=  6  avg=+23.0%  med=+38.6%  realized=$+65.00
  b801|lab0801_s404_w1_0928_1005_r2  n=  7  avg=-5.7%  med=-17.0%  realized=$-12.00
  b802|lab0802_s404_w2_1005_1045_r1  n= 13  avg=+24.4%  med=+56.9%  realized=$+216.00
  b803|lab0803_s404_w2_1005_1045_r2  n= 11  avg=+46.9%  med=+56.9%  realized=$+328.00
  b804|lab0804_s404_w3_1045_1120_r1  n=  8  avg=+5.7%  med=+68.5%  realized=$+74.00
  b805|lab0805_s404_w3_1045_1120_r2  n=  9  avg=-12.7%  med=-55.2%  realized=$-21.00
  b806|lab0806_s404_w4_1120_1135_r1  n=  5  avg=+91.8%  med=+91.5%  realized=$+286.00
  b807|lab0807_s404_w4_1120_1135_r2  n=  7  avg=+61.5%  med=+53.2%  realized=$+272.00
  b80|c080_s168_w1_0928_1005_r3  n=  8  avg=+3.6%  med=-11.1%  realized=$-45.00
  b80|c080_s173_w1_0928_1005_r5  n= 45  avg=+52.6%  med=+59.1%  realized=$+503.00
  b80|g080_lim_tp30_sl30  n=  1  avg=+36.5%  med=+36.5%  realized=$+23.73
  b80|lab0080_s210_w1_0928_1005_r1  n= 13  avg=+7.1%  med=-8.5%  realized=$+35.00
  b81|c081_s168_w2_1005_1045_r3  n=  5  avg=-26.9%  med=-33.8%  realized=$-83.00
  b81|c081_s173_w2_1005_1045_r5  n= 20  avg=-39.1%  med=-38.4%  realized=$-559.00
  b81|g081_mid_tp30_sl30  n=  1  avg=+36.5%  med=+36.5%  realized=$+23.73
  b81|lab0081_s210_w1_0928_1005_r2  n= 15  avg=+15.9%  med=+46.7%  realized=$+118.00
  b828|lab0828_s406_w1_0928_1005_r1  n=  5  avg=-27.0%  med=-50.0%  realized=$-22.00
  b829|lab0829_s406_w1_0928_1005_r2  n=  4  avg=-21.6%  med=-50.0%  realized=$-21.00
  b82|c082_s168_w3_1045_1120_r3  n=  5  avg=-1.6%  med=-40.0%  realized=$-2.00
  b82|c082_s173_w3_1045_1120_r5  n=  9  avg=-10.7%  med=-12.5%  realized=$-48.00
  b82|g082_eod_tp30_sl30  n=  1  avg=+55.6%  med=+55.6%  realized=$+36.11
  b82|lab0082_s210_w2_1005_1045_r1  n= 15  avg=+1.3%  med=-6.2%  realized=$+44.00
  b830|lab0830_s406_w2_1005_1045_r1  n= 14  avg=+66.8%  med=+71.8%  realized=$+87.00
  b831|lab0831_s406_w2_1005_1045_r2  n= 17  avg=+69.5%  med=+76.9%  realized=$+149.00
  b832|lab0832_s406_w3_1045_1120_r1  n= 15  avg=+305.6%  med=+55.3%  realized=$+1,461.00
  b833|lab0833_s406_w3_1045_1120_r2  n= 20  avg=+251.6%  med=+53.3%  realized=$+1,414.00
  b834|lab0834_s406_w4_1120_1135_r1  n=  9  avg=+313.4%  med=+100.0%  realized=$+138.00
  b835|lab0835_s406_w4_1120_1135_r2  n=  9  avg=+166.5%  med=+66.7%  realized=$+212.00
  b83|c083_s168_w4_1120_1135_r3  n=  8  avg=+84.0%  med=+62.9%  realized=$+429.00
  b83|c083_s173_w4_1120_1135_r5  n= 20  avg=-20.6%  med=-68.2%  realized=$-271.00
  b83|g083_lim_tp30_sl30  n=  1  avg=+30.1%  med=+30.1%  realized=$+24.11
  b83|lab0083_s210_w2_1005_1045_r2  n=  9  avg=+6.1%  med=+7.0%  realized=$-9.00
  b84|g084_mid_tp30_sl30  n=  1  avg=+30.1%  med=+30.1%  realized=$+24.11
  b84|lab0084_s210_w3_1045_1120_r1  n= 13  avg=-46.4%  med=-64.4%  realized=$-264.00
  b85|c085_s174_w2_1005_1045_r5  n=  7  avg=-9.4%  med=-32.7%  realized=$-42.00
  b85|g085_eod_tp30_sl30  n=  1  avg=+34.2%  med=+34.2%  realized=$+27.40
  b85|lab0085_s210_w3_1045_1120_r2  n= 17  avg=+51.3%  med=-44.4%  realized=$+43.00
  b86|c086_s174_w3_1045_1120_r5  n=  4  avg=+26.1%  med=+39.7%  realized=$+64.00
  b86|g086_lim_tp30_sl30  n=  1  avg=+30.1%  med=+30.1%  realized=$+24.11
  b86|lab0086_s210_w4_1120_1135_r1  n=  6  avg=+31.1%  med=+16.7%  realized=$+67.00
  b874|lab0874_s409_w3_1045_1120_r1  n=  1  avg=+84.7%  med=+84.7%  realized=$+61.00
  b875|lab0875_s409_w3_1045_1120_r2  n=  1  avg=+79.2%  med=+79.2%  realized=$+57.00
  b87|c087_s174_w4_1120_1135_r5  n=  4  avg=-23.5%  med=+37.5%  realized=$-114.00
  b87|g087_mid_tp30_sl30  n=  1  avg=+30.1%  med=+30.1%  realized=$+24.11
  b87|lab0087_s210_w4_1120_1135_r2  n=  9  avg=+12.1%  med=+19.4%  realized=$+41.00
  b884|lab0884_s410_w1_0928_1005_r1  n=  2  avg=+80.6%  med=+83.3%  realized=$+106.00
  b885|lab0885_s410_w1_0928_1005_r2  n=  3  avg=+72.8%  med=+65.3%  realized=$+145.00
  b886|lab0886_s410_w2_1005_1045_r1  n=  1  avg=+101.5%  med=+101.5%  realized=$+68.00
  b887|lab0887_s410_w2_1005_1045_r2  n=  2  avg=+11.0%  med=+70.4%  realized=$+19.00
  b888|lab0888_s410_w3_1045_1120_r1  n=  1  avg=-78.1%  med=-78.1%  realized=$-57.00
  b889|lab0889_s410_w3_1045_1120_r2  n=  1  avg=-68.5%  med=-68.5%  realized=$-50.00
  b88|c088_s165_w1_0928_1005_r5  n= 21  avg=-5.0%  med=-2.7%  realized=$-63.00
  b88|c088_s167_w1_0928_1005_r4  n=  4  avg=-12.7%  med=+30.9%  realized=$-28.00
  b88|g088_eod_tp30_sl30  n=  2  avg=+36.0%  med=+37.7%  realized=$+65.09
  b898|lab0898_s411_w1_0928_1005_r1  n=  2  avg=-54.5%  med=-51.4%  realized=$-79.00
  b899|lab0899_s411_w1_0928_1005_r2  n=  3  avg=-48.7%  med=-48.6%  realized=$-98.00
  b89|c089_s165_w2_1005_1045_r5  n=  7  avg=+113.1%  med=+30.9%  realized=$+67.00
  b89|c089_s167_w2_1005_1045_r4  n=  2  avg=-16.2%  med=+30.9%  realized=$-22.00
  b89|g089_lim_tp30_sl30  n=  1  avg=+30.1%  med=+30.1%  realized=$+24.11
  b8|c008_s165_w1_0928_1005_r1  n= 23  avg=-19.6%  med=-35.3%  realized=$-250.00
  b900|lab0900_s411_w2_1005_1045_r1  n= 11  avg=-2.4%  med=+7.7%  realized=$+1.00
  b901|lab0901_s411_w2_1005_1045_r2  n=  9  avg=+9.0%  med=+23.9%  realized=$+49.00
  b902|lab0902_s411_w3_1045_1120_r1  n=  8  avg=+8.1%  med=+13.4%  realized=$+16.00
  b903|lab0903_s411_w3_1045_1120_r2  n= 10  avg=+13.2%  med=+10.4%  realized=$+53.00
  b904|lab0904_s411_w4_1120_1135_r1  n=  3  avg=+3.5%  med=-52.2%  realized=$+13.00
  b905|lab0905_s411_w4_1120_1135_r2  n=  5  avg=+1.4%  med=+13.1%  realized=$+17.00
  b90|c090_s165_w3_1045_1120_r5  n= 13  avg=+7.7%  med=+0.0%  realized=$+47.00
  b90|c090_s167_w3_1045_1120_r4  n=  4  avg=-41.6%  med=-18.9%  realized=$-123.00
  b90|g090_mid_tp30_sl30  n=  1  avg=+30.1%  med=+30.1%  realized=$+24.11
  b90|live_1to1           n= 27  avg=+6.8%  med=-35.6%  realized=$+36.00
  b912|lab0912_s412_w1_0928_1005_r1  n=  6  avg=+75.0%  med=+66.7%  realized=$+27.00
  b913|lab0913_s412_w1_0928_1005_r2  n=  6  avg=+69.9%  med=+66.7%  realized=$+23.00
  b914|lab0914_s412_w2_1005_1045_r1  n=  8  avg=+90.2%  med=+79.5%  realized=$+199.00
  b915|lab0915_s412_w2_1005_1045_r2  n=  8  avg=+79.1%  med=+69.2%  realized=$+160.00
  b916|lab0916_s412_w3_1045_1120_r1  n= 16  avg=+3.0%  med=-10.7%  realized=$+0.00
  b917|lab0917_s412_w3_1045_1120_r2  n=  9  avg=+84.8%  med=-3.6%  realized=$-19.00
  b918|lab0918_s412_w4_1120_1135_r1  n=  5  avg=-49.4%  med=-55.4%  realized=$-140.00
  b919|lab0919_s412_w4_1120_1135_r2  n=  6  avg=+17.6%  med=-2.2%  realized=$-38.00
  b91|c091_s165_w4_1120_1135_r5  n=  2  avg=+222.0%  med=+247.0%  realized=$+293.00
  b91|g091_eod_tp30_sl30  n=  2  avg=+19.8%  med=+55.6%  realized=$+25.00
  b92|g092_lim_tp30_sl40  n=  2  avg=+53.6%  med=+70.8%  realized=$+94.51
  b93|g093_mid_tp30_sl40  n=  2  avg=+53.6%  med=+70.8%  realized=$+94.51
  b94|g094_eod_tp30_sl40  n=  2  avg=+46.6%  med=+55.6%  realized=$+73.80
  b95|g095_lim_tp30_sl40  n=  2  avg=+50.5%  med=+70.8%  realized=$+94.89
  b96|g096_mid_tp30_sl40  n=  2  avg=+50.5%  med=+70.8%  realized=$+94.89
  b97|g097_eod_tp30_sl40  n=  2  avg=+36.0%  med=+37.7%  realized=$+65.09
  b98|g098_lim_tp30_sl40  n=  2  avg=+50.5%  med=+70.8%  realized=$+94.89
  b99|g099_mid_tp30_sl40  n=  2  avg=+50.5%  med=+70.8%  realized=$+94.89
  b9|c009_s165_w2_1005_1045_r1  n=  7  avg=-74.4%  med=-66.2%  realized=$-301.00
========================================================
+========================================================================+
|[OPTIONS BOT DAILY VITALS (MATRIX EXPERIMENT)]                          |
+========================================================================+
|-- ACCOUNT STATUS (after_hours) --                                      |
|Equity       : $989,762.38                                              |
|Open Risk    : 26 lots (11 broker pos)                                  |
|Today's Run  : 0 signals -> 0 orders submitted                          |
|                                                                        |
|-- SYSTEM HEALTH --                                                     |
|Zombies      : 0 (Ledger is clean)                                      |
|Lab Status   : 26 Active Lots | 0 Pending Orders                        |
|Auto-Matrix  : (Pending EOD report generation)                          |
+========================================================================+
+========================================================================+
|[DATA QUALITY: CLEAN vs ERRORS vs KEEP-ONLY]                            |
+========================================================================+
|  CLEAN              n=1608  win= 48.1%  med= -27.6%  $+18,114          |
|  TAINTED            n=1953  win= 33.1%  med= -40.0%  $-9,990           |
|  KEEP-only          n=779   win= 60.8%  med= +50.9%  $+11,978          |
|  KEEP recent        n=586   win= 59.2%  med= +53.3%  $+7,917           |
|  KEEP(23): S163,S164,S167,S168,S173,S174,S210,S350...                  |
|  KILL(21): ORPHAN,S202,S203,S207,S211,S212,S216,S217...                |
+========================================================================+
+========================================================================+
|[+++ OVERPERFORMING STRATEGIES (n>=10)]                                 |
+========================================================================+
|  BKT  PROFILE                   WIN%   MED%   TOTAL TRADES             |
|  ---------------------------------------------------------             |
|  b276 lab0276_s350_w1_0928..  70%  +102.9%    10                       |
|  b238 lab0238_s401_w3_1045..  81%  +100.0%    21                       |
|  b365 lab0365_s361_w2_1005..  92%  +82.8%    12                        |
|  b28  lab0028_s373_w2_1005..  77%  +80.0%    22                        |
+========================================================================+
|[--- UNDERPERFORMING STRATEGIES (n>=10)]                                |
+========================================================================+
|  BKT  PROFILE                   WIN%   MED%   TOTAL TRADES             |
|  ---------------------------------------------------------             |
|  b47  lab0047_s392_w2_1005..   4%  -78.0%    28                        |
|  b1   lab0001_s201_w2_1005..   0%  -65.8%    10                        |
|  b41  lab0041_s386_w2_1005..  12%  -65.3%    16                        |
|  b84  g084_mid_tp30_sl30      36%  -63.8%    14                        |
+========================================================================+
+========================================================================+
|[OPEN OPTIONS (11)]                                                     |
+========================================================================+
|  SYMBOL                      QTY    RET%        OPEN P&L               |
|  ---------------------------------------------------------             |
|  OXY261002C00056000           -1   -659.3%   $   -178.00               |
|  CVNA261002C00069000           2    -97.4%   $    -74.00               |
|  OXY261016C00058000            1   +101.4%   $    +74.00               |
|  NKE261002C00038000           15     -4.1%   $    -42.00               |
|  DKNG261016C00023500           1    -93.0%   $    -40.00               |
|  DKNG261009C00022500          -1    +66.7%   $    +14.00               |
|  CVNA261002C00066000          -1   -183.3%   $    -11.00               |
|  CVX261016C00220000            1    -13.9%   $    -10.00               |
|  ... 3 more position(s)                                                |
+========================================================================+
Full detail: logs/options_trial/runs/2026-10-02.log
elapsed=1.2s reconcile=0.42s

=== 09:57:29 ET — entry+manage (2 new) [elapsed=40.5s reconcile=0.24s cancel=0.1s manage=1.25s scan=35.13s entries=1.17s] ===
=== options_morning_bot (PAPER) 2026-10-02T09:57:29.308878-04:00 ===

[Run context]
Paper auth OK — equity $988178.67, account PA33P8KT02IL
  reconcile: layout changed controlled:100:c000_s173_w1_0928_1005_r1 -> controlled:77:live_1to1+variations

[Setup]
LIVE 1:1 bucket b90 live_1to1 — S404, S406 | TP+50%/SL-40% | stop-mkt | min $20
S406-only twin b91 s406_only — S406 | TP+50%/SL-40% | paper edge test
Variation study: 75 lab/promising bucket(s) | cohort: 75 unique (S163, S164, S166, S167, S168, S169, S170, S171, S172, S175, S200, S201 … +63 more) | max 200 new entries/run
Dropped (no new entries; ex-reflected P&L): S202, S203, S207, S211, S212, S216, S217, S218, S351, S353, S354, S355, S360, S363, S366, S399, S401, S405, S407, S408
Shared-OCC entry block ON (one lab lot per contract)
  EXIT [b421|lab0421_s365_w2_1005_1045_r2|S365] stop_loss (-90.7%) SELL blocked (uncovered/shared OCC) DKNG261016C00023500 x1: {"code":40310000,"message":"account not eligible to trade uncovered option contracts"}
  EXIT [b171|lab0171_s216_w4_1120_1135_r2|S216] stop_loss (-97.4%) SELL blocked (uncovered/shared OCC) CVNA261002C00069000 x1: {"code":40310000,"message":"account not eligible to trade uncovered option contracts"}
  EXIT [b170|lab0170_s216_w4_1120_1135_r1|S216] stop_loss (-97.4%) SELL blocked (uncovered/shared OCC) CVNA261002C00069000 x1: {"code":40310000,"message":"account not eligible to trade uncovered option contracts"}
  EXIT skip NKE261002C00038500: open sell already pending
  EXIT [b422|lab0422_s365_w3_1045_1120_r1|S365] take_profit (+89.0%) SELL blocked (uncovered/shared OCC) OXY261016C00058000 x1: {"code":40310000,"message":"account not eligible to trade uncovered option contracts"}
  PROT STOP failed DKNG261016C00023500: {"code":40310000,"message":"account not eligible to trade uncovered option contracts"}
  PROT STOP failed CVX261016C00220000: {"code":40310000,"message":"account not eligible to trade uncovered option contracts"}
  PROT STOP failed OXY261016C00058000: {"code":40310000,"message":"account not eligible to trade uncovered option contracts"}
  PROT STOP failed CVNA261002C00069000: {"code":40310000,"message":"account not eligible to trade uncovered option contracts"}
Protective stops: placed=0 upgraded=0 already=1 failed=4 (market-first)

[Scan + entries]
Scanning 117 symbols for [S164, S168, S167, S166, S163, S169, S170, S171, S172, S175, S200, S201, S204, S205, S206, S208, S210, S213, S214, S215, S219, S220, S221, S402, S403, S350, S352, S356, S357, S358, S359, S361, S362, S364, S365, S368, S369, S370, S371, S372, S373, S374, S375, S376, S377, S378, S379, S380, S381, S382, S383, S384, S385, S386, S387, S388, S389, S390, S391, S392, S393, S394, S413, S414, S415, S395, S396, S397, S398, S404, S406, S409, S410, S411, S412, S413, S414, S415] …
  Daily bars disk cache hit (options_daily_bars_2026-10-02.parquet)
Fetched daily bars for 113/117 symbols
Found 56 signal(s); top: ['S164:NKE', 'S168:NKE', 'S167:NKE', 'S166:NKE', 'S163:NKE', 'S350:NKE', 'S352:NKE', 'S356:NKE']
Paper lab: $988179 broker equity -> 77 bucket(s) ($500 virtual each, unlimited paper)
  ENTRY [b90|live_1to1|S404] BUY 1x NKE261009C00035000 (gap -7.4%|neutral) limit=0.19 (ask=0.20 off=-0.01) tp=+50% sl=-40% pending id=82e18e2b-f4fc-4f73-b2d8-8668f6bf320d
  [b91|s406_only] skip S406 NKE: OCC NKE261009C00035000 already claimed by another bucket
  [b90|live_1to1] S406 COP (tier: neutral): no tradeable call
  [b91|s406_only] S406 COP (tier: neutral): no tradeable call
  [b90|live_1to1] S406 SLB (tier: neutral): no tradeable call
  [b91|s406_only] S406 SLB (tier: neutral): no tradeable call
  ENTRY [b90|live_1to1|S406] BUY 1x OXY261009C00059000 (RB gap -1.6% reclaim|neutral) limit=0.63 (ask=0.64 off=-0.01) tp=+50% sl=-40% pending id=1896c8e1-4d96-4f35-aa18-aa1b92062602
  [b91|s406_only] skip S406 OXY: OCC OXY261009C00059000 already claimed by another bucket
  Skipped: 4 no tradeable call, 2 shared-OCC
Placed 2 new entry order(s).
  reconcile: layout changed controlled:100:c000_s173_w1_0928_1005_r1 -> controlled:77:live_1to1+variations
  PROT STOP failed DKNG261016C00023500: {"code":40310000,"message":"account not eligible to trade uncovered option contracts"}
  PROT STOP failed CVX261016C00220000: {"code":40310000,"message":"account not eligible to trade uncovered option contracts"}
  PROT STOP failed OXY261016C00058000: {"code":40310000,"message":"account not eligible to trade uncovered option contracts"}
  PROT STOP failed CVNA261002C00069000: {"code":40310000,"message":"account not eligible to trade uncovered option contracts"}
Protective stops: placed=0 upgraded=0 already=1 failed=4 (market-first)

[Portfolio snapshot]
========================================================
OPTIONS TRIAL STATS
========================================================
Account equity: $988,178.67
Active buckets: 77 of 77 profiles ($500 virtual each) — paper unlimited mode

P&L summary
  Reflected (ex-S202,S203,S207,S211,S212,S216,S217,S351,S354,S355,S360,S363,S366,S405,S407,S408): $+13,347.55 all-time  |  $+0.00 today
  Raw (incl dropped):     $+8,123.55 all-time  |  $+0.00 today
  Open (not sold yet): $-419.00 unrealized (virtual lots)
                       $-577.00 unrealized (broker total)
  Premium deployed:    $598.00 in open positions
  Combined P&L:        $+12,928.55 (reflected realized + open virtual)

Ledger (master)
  Total events:     15776
  Today entries:    0
  Today exits (reflected): 0
  All-time exits (reflected): 2702  wins 44%
  Avg return/trade: +31.0%  median -23.3%

Open virtual lots (by bucket)
  b12 lab0012_s403_w2_1005_1045_r1  prem=$     0  real=$-39.00  open=$ +0.00  lots=0  [-]
       buy: ask-0.01  sell: bid-0.01  tp=+50% sl=-50%
  b90 live_1to1               prem=$     0  real=$+36.00  open=$ +0.00  lots=0  [-]
       buy: ask-0.01  sell: bid-0.01  tp=+50% sl=-40%
  (75 quiet bucket profile(s) — no trades yet)

Pending orders: 2
  b90 S404 NKE limit=0.19
  b90 S406 OXY limit=0.63

Alpaca option positions
  CVNA261002C00066000  qty=-1  cost=$6.00  return=-300.0%  open P&L=$-18.00
  CVNA261002C00068000  qty=-1  cost=$11.00  return=+18.2%  open P&L=$+2.00
  CVNA261002C00069000  qty=2  cost=$76.00  return=-97.4%  open P&L=$-74.00
  CVX261002C00210000  qty=-1  cost=$33.00  return=+66.7%  open P&L=$+22.00
  CVX261016C00220000  qty=1  cost=$72.00  return=-38.9%  open P&L=$-28.00
  DKNG261009C00022500  qty=-1  cost=$21.00  return=+28.6%  open P&L=$+6.00
  DKNG261016C00023500  qty=1  cost=$43.00  return=-90.7%  open P&L=$-39.00
  NKE261002C00038500  qty=6  cost=$334.00  return=-100.0%  open P&L=$-334.00
  OXY261002C00056000  qty=-1  cost=$27.00  return=-629.6%  open P&L=$-170.00
  OXY261016C00058000  qty=1  cost=$73.00  return=+76.7%  open P&L=$+56.00

Per-bucket exit stats (all time)
  b0|c000_s173_w1_0928_1005_r1  n= 22  avg=+24.8%  med=+34.9%  realized=$+283.00
  b0|orphan_reconcile     n=422  avg=+6.1%  med=-48.0%  realized=$+312.88
  b104|c104_s164_w1_0928_1005_r4  n=  1  avg=-88.9%  med=-88.9%  realized=$-8.00
  b1052|lab1052_s165_w1_0928_1005_r1  n=  2  avg=+170.4%  med=+194.7%  realized=$+110.00
  b1053|lab1053_s165_w1_0928_1005_r2  n=  2  avg=+165.7%  med=+189.5%  realized=$+107.00
  b1054|lab1054_s165_w2_1005_1045_r1  n=  1  avg=+93.5%  med=+93.5%  realized=$+58.00
  b1055|lab1055_s165_w2_1005_1045_r2  n=  1  avg=+526.3%  med=+526.3%  realized=$+100.00
  b1057|lab1057_s165_w3_1045_1120_r2  n=  2  avg=+45.7%  med=+144.7%  realized=$+23.00
  b1058|lab1058_s165_w4_1120_1135_r1  n=  1  avg=+390.5%  med=+390.5%  realized=$+82.00
  b1059|lab1059_s165_w4_1120_1135_r2  n=  1  avg=+342.9%  med=+342.9%  realized=$+72.00
  b1094|lab1094_s167_w1_0928_1005_r1  n=  3  avg=+75.9%  med=+126.0%  realized=$+73.00
  b1095|lab1095_s167_w1_0928_1005_r2  n=  3  avg=+58.7%  med=+106.0%  realized=$+57.00
  b1096|lab1096_s167_w2_1005_1045_r1  n=  3  avg=+140.2%  med=-55.4%  realized=$+45.00
  b1097|lab1097_s167_w2_1005_1045_r2  n=  3  avg=+132.5%  med=-55.4%  realized=$+40.00
  b1098|lab1098_s167_w3_1045_1120_r1  n=  1  avg=+121.0%  med=+121.0%  realized=$+46.00
  b1099|lab1099_s167_w3_1045_1120_r2  n=  1  avg=+142.1%  med=+142.1%  realized=$+54.00
  b10|c010_s165_w3_1045_1120_r1  n=  8  avg=-37.2%  med=-18.9%  realized=$-205.00
  b1100|lab1100_s167_w4_1120_1135_r1  n=  1  avg=+328.6%  med=+328.6%  realized=$+69.00
  b1101|lab1101_s167_w4_1120_1135_r2  n=  1  avg=+323.8%  med=+323.8%  realized=$+68.00
  b1108|lab1108_s166_w1_0928_1005_r1  n=  1  avg=+160.9%  med=+160.9%  realized=$+74.00
  b1109|lab1109_s166_w1_0928_1005_r2  n=  1  avg=+77.6%  med=+77.6%  realized=$+45.00
  b1110|lab1110_s166_w2_1005_1045_r1  n=  2  avg=-10.5%  med=+67.2%  realized=$+26.00
  b1111|lab1111_s166_w2_1005_1045_r2  n=  2  avg=-7.7%  med=+72.9%  realized=$+28.00
  b1112|lab1112_s166_w3_1045_1120_r1  n=  1  avg=+273.0%  med=+273.0%  realized=$+101.00
  b1113|lab1113_s166_w3_1045_1120_r2  n=  2  avg=+100.9%  med=+135.1%  realized=$+92.00
  b1115|lab1115_s166_w4_1120_1135_r2  n=  1  avg=+55.6%  med=+55.6%  realized=$+40.00
  b1122|lab1122_s168_w1_0928_1005_r1  n=  3  avg=+72.4%  med=+50.0%  realized=$+46.00
  b1123|lab1123_s168_w1_0928_1005_r2  n=  3  avg=+55.9%  med=+53.3%  realized=$+36.00
  b1124|lab1124_s168_w2_1005_1045_r1  n=  2  avg=+91.2%  med=+248.6%  realized=$+50.00
  b1125|lab1125_s168_w2_1005_1045_r2  n=  3  avg=+32.1%  med=-54.8%  realized=$+16.00
  b1126|lab1126_s168_w3_1045_1120_r1  n=  4  avg=+67.5%  med=+116.2%  realized=$+110.00
  b1127|lab1127_s168_w3_1045_1120_r2  n=  4  avg=+52.5%  med=+102.7%  realized=$+86.00
  b1128|lab1128_s168_w4_1120_1135_r1  n=  2  avg=+120.5%  med=+272.2%  realized=$+83.00
  b1129|lab1129_s168_w4_1120_1135_r2  n=  2  avg=+101.7%  med=+255.6%  realized=$+67.00
  b1136|lab1136_s163_w1_0928_1005_r1  n=  3  avg=-8.7%  med=-51.4%  realized=$+6.00
  b1137|lab1137_s163_w1_0928_1005_r2  n=  3  avg=-19.2%  med=-61.9%  realized=$-7.00
  b1138|lab1138_s163_w2_1005_1045_r1  n=  3  avg=+69.1%  med=+67.2%  realized=$+84.00
  b1139|lab1139_s163_w2_1005_1045_r2  n=  3  avg=+73.5%  med=+70.5%  realized=$+90.00
  b1140|lab1140_s163_w3_1045_1120_r1  n=  6  avg=+47.0%  med=+73.0%  realized=$+156.00
  b1141|lab1141_s163_w3_1045_1120_r2  n=  6  avg=+42.1%  med=+64.9%  realized=$+138.00
  b1142|lab1142_s163_w4_1120_1135_r1  n=  1  avg=-72.9%  med=-72.9%  realized=$-35.00
  b1143|lab1143_s163_w4_1120_1135_r2  n=  2  avg=+27.6%  med=+128.1%  realized=$+6.00
  b1150|lab1150_s164_w1_0928_1005_r1  n=  4  avg=+79.6%  med=+156.0%  realized=$+92.00
  b1151|lab1151_s164_w1_0928_1005_r2  n=  4  avg=+40.3%  med=+124.0%  realized=$+59.00
  b1152|lab1152_s164_w2_1005_1045_r1  n=  2  avg=+216.7%  med=+531.6%  realized=$+46.00
  b1153|lab1153_s164_w2_1005_1045_r2  n=  2  avg=+242.5%  med=+542.1%  realized=$+71.00
  b1154|lab1154_s164_w3_1045_1120_r1  n=  3  avg=+51.4%  med=+62.2%  realized=$+47.00
  b1155|lab1155_s164_w3_1045_1120_r2  n=  3  avg=+43.1%  med=+43.2%  realized=$+42.00
  b1156|lab1156_s164_w4_1120_1135_r1  n=  2  avg=+144.5%  med=+342.9%  realized=$+65.00
  b1157|lab1157_s164_w4_1120_1135_r2  n=  2  avg=+150.4%  med=+323.8%  realized=$+65.00
  b12|lab0012_s403_w2_1005_1045_r1  n=  2  avg=-55.0%  med=-50.0%  realized=$-39.00
  b132|c132_s164_w1_0928_1005_r5  n=  2  avg=-65.7%  med=-53.6%  realized=$-37.00
  b135|c135_s164_w4_1120_1135_r5  n=  1  avg=-50.0%  med=-50.0%  realized=$-4.00
  b192|lab0192_s218_w1_0928_1005_r1  n= 12  avg=+19.7%  med=+50.0%  realized=$+116.00
  b193|lab0193_s218_w1_0928_1005_r2  n= 14  avg=+25.9%  med=+36.4%  realized=$+174.00
  b194|lab0194_s218_w2_1005_1045_r1  n= 20  avg=+9.9%  med=-37.5%  realized=$-84.00
  b195|lab0195_s218_w2_1005_1045_r2  n= 22  avg=+27.2%  med=+58.8%  realized=$+218.00
  b196|lab0196_s218_w3_1045_1120_r1  n= 10  avg=+105.0%  med=+0.0%  realized=$+140.00
  b197|lab0197_s218_w3_1045_1120_r2  n=  9  avg=+120.8%  med=+45.7%  realized=$+268.00
  b198|lab0198_s218_w4_1120_1135_r1  n=  5  avg=+67.4%  med=+85.7%  realized=$+133.00
  b199|lab0199_s218_w4_1120_1135_r2  n=  6  avg=+30.4%  med=+75.4%  realized=$+108.00
  b1|c001_s173_w2_1005_1045_r1  n= 10  avg=-65.0%  med=-64.9%  realized=$-406.00
  b20|c020_s164_w1_0928_1005_r1  n=  9  avg=-11.2%  med=-14.3%  realized=$-19.00
  b20|c020_s173_w1_0928_1005_r2  n= 21  avg=+1.0%  med=-3.6%  realized=$+6.00
  b21|c021_s164_w2_1005_1045_r1  n=  8  avg=-61.7%  med=-56.1%  realized=$-308.00
  b21|c021_s173_w2_1005_1045_r2  n= 23  avg=-55.2%  med=-72.1%  realized=$-863.00
  b222|lab0222_s400_w2_1005_1045_r1  n=  1  avg=-50.0%  med=-50.0%  realized=$-4.00
  b223|lab0223_s400_w2_1005_1045_r2  n=  1  avg=-50.0%  med=-50.0%  realized=$-4.00
  b224|lab0224_s400_w3_1045_1120_r1  n=  1  avg=-66.7%  med=-66.7%  realized=$-10.00
  b225|lab0225_s400_w3_1045_1120_r2  n=  2  avg=-7.3%  med=+52.1%  realized=$+15.00
  b227|lab0227_s400_w4_1120_1135_r2  n=  1  avg=-22.2%  med=-22.2%  realized=$-2.00
  b22|c022_s164_w3_1045_1120_r1  n=  6  avg=-28.3%  med=-55.7%  realized=$-115.00
  b22|c022_s173_w3_1045_1120_r2  n= 11  avg=-35.9%  med=-54.2%  realized=$-224.00
  b234|lab0234_s401_w1_0928_1005_r1  n= 14  avg=+42.1%  med=-46.0%  realized=$-203.00
  b235|lab0235_s401_w1_0928_1005_r2  n= 18  avg=+108.6%  med=-23.7%  realized=$+63.00
  b236|c236_s218_w3_1045_1120_r1  n=  1  avg=-33.3%  med=-33.3%  realized=$-1.00
  b236|lab0236_s401_w2_1005_1045_r1  n= 17  avg=-10.6%  med=-38.1%  realized=$-165.00
  b237|c237_s218_w3_1045_1120_r2  n=  1  avg=-66.7%  med=-66.7%  realized=$-2.00
  b237|lab0237_s401_w2_1005_1045_r2  n= 20  avg=+21.2%  med=+50.0%  realized=$+101.00
  b238|lab0238_s401_w3_1045_1120_r1  n= 21  avg=+151.3%  med=+100.0%  realized=$+1,040.00
  b239|lab0239_s401_w3_1045_1120_r2  n= 19  avg=+91.8%  med=+30.2%  realized=$+257.00
  b23|c023_s164_w4_1120_1135_r1  n=  2  avg=-67.7%  med=-67.7%  realized=$-84.00
  b23|c023_s173_w4_1120_1135_r2  n=  3  avg=-25.0%  med=-61.5%  realized=$-41.00
  b240|lab0240_s401_w4_1120_1135_r1  n= 14  avg=+22.7%  med=+9.6%  realized=$+33.00
  b241|lab0241_s401_w4_1120_1135_r2  n= 12  avg=-24.2%  med=-17.5%  realized=$-198.00
  b25|c025_s168_w2_1005_1045_r1  n=  2  avg=-20.7%  med=-19.6%  realized=$-19.00
  b25|c025_s174_w2_1005_1045_r2  n= 18  avg=-33.0%  med=-21.7%  realized=$-333.00
  b262|lab0262_s403_w1_0928_1005_r1  n=  6  avg=+87.1%  med=+100.0%  realized=$+218.00
  b263|lab0263_s403_w1_0928_1005_r2  n= 12  avg=+50.7%  med=+67.7%  realized=$+273.00
  b264|lab0264_s403_w2_1005_1045_r1  n= 11  avg=+15.4%  med=+34.7%  realized=$+72.00
  b265|lab0265_s403_w2_1005_1045_r2  n= 13  avg=+11.6%  med=+48.6%  realized=$+83.00
  b266|lab0266_s403_w3_1045_1120_r1  n=  6  avg=+50.1%  med=+70.6%  realized=$+87.00
  b267|lab0267_s403_w3_1045_1120_r2  n=  9  avg=+22.9%  med=+52.8%  realized=$+100.00
  b268|lab0268_s403_w4_1120_1135_r1  n=  4  avg=+158.4%  med=+320.0%  realized=$+152.00
  b269|lab0269_s403_w4_1120_1135_r2  n=  8  avg=+96.4%  med=+76.9%  realized=$+278.00
  b26|c026_s174_w3_1045_1120_r2  n=  1  avg=-53.1%  med=-53.1%  realized=$-26.00
  b276|lab0276_s350_w1_0928_1005_r1  n= 10  avg=+61.5%  med=+102.9%  realized=$+227.00
  b277|lab0277_s350_w1_0928_1005_r2  n=  9  avg=+100.0%  med=+145.8%  realized=$+352.00
  b278|lab0278_s350_w2_1005_1045_r1  n= 13  avg=+37.3%  med=+0.0%  realized=$+58.00
  b279|lab0279_s350_w2_1005_1045_r2  n= 14  avg=+56.2%  med=-28.3%  realized=$+163.00
  b288|lab0288_s352_w1_0928_1005_r1  n=  6  avg=+80.4%  med=+100.0%  realized=$+77.00
  b289|lab0289_s352_w1_0928_1005_r2  n=  6  avg=+54.3%  med=+93.8%  realized=$+56.00
  b28|c028_s165_w1_0928_1005_r2  n= 17  avg=+49.5%  med=+80.0%  realized=$+448.00
  b28|c028_s173_w1_0928_1005_r2  n=  5  avg=+51.6%  med=+80.0%  realized=$+142.00
  b290|lab0290_s352_w2_1005_1045_r1  n=  8  avg=+63.4%  med=+38.9%  realized=$+91.00
  b291|lab0291_s352_w2_1005_1045_r2  n=  9  avg=+58.5%  med=-51.9%  realized=$+95.00
  b292|lab0292_s352_w3_1045_1120_r1  n= 10  avg=+50.4%  med=+13.0%  realized=$+25.00
  b293|lab0293_s352_w3_1045_1120_r2  n= 11  avg=+61.4%  med=+39.1%  realized=$+63.00
  b294|lab0294_s352_w4_1120_1135_r1  n=  5  avg=+5.0%  med=-71.4%  realized=$-78.00
  b295|lab0295_s352_w4_1120_1135_r2  n=  5  avg=+2.8%  med=-75.0%  realized=$-80.00
  b296|lab0296_s353_w1_0928_1005_r1  n=  6  avg=+78.8%  med=+123.7%  realized=$+107.00
  b297|lab0297_s353_w1_0928_1005_r2  n=  6  avg=+52.4%  med=+79.0%  realized=$+70.00
  b298|lab0298_s353_w2_1005_1045_r1  n= 12  avg=+5.8%  med=-34.7%  realized=$-67.00
  b299|lab0299_s353_w2_1005_1045_r2  n=  8  avg=-35.1%  med=-60.0%  realized=$-156.00
  b29|c029_s165_w2_1005_1045_r2  n=  9  avg=-23.3%  med=-50.0%  realized=$-221.00
  b29|c029_s173_w2_1005_1045_r2  n=  2  avg=-69.3%  med=-48.5%  realized=$-78.00
  b2|c002_s173_w3_1045_1120_r1  n= 15  avg=+67.7%  med=+32.8%  realized=$+707.00
  b300|lab0300_s353_w3_1045_1120_r1  n=  4  avg=+125.4%  med=-52.8%  realized=$-72.00
  b301|lab0301_s353_w3_1045_1120_r2  n=  2  avg=+445.0%  med=+942.9%  realized=$+38.00
  b302|lab0302_s353_w4_1120_1135_r1  n=  3  avg=+127.9%  med=+96.5%  realized=$+92.00
  b303|lab0303_s353_w4_1120_1135_r2  n=  4  avg=+103.5%  med=+93.1%  realized=$+113.00
  b30|c030_s165_w3_1045_1120_r2  n=  9  avg=+38.8%  med=+0.0%  realized=$+260.00
  b30|c030_s173_w3_1045_1120_r2  n=  2  avg=-9.5%  med=+0.0%  realized=$-14.00
  b31|c031_s165_w4_1120_1135_r2  n=  2  avg=+145.5%  med=+175.8%  realized=$+192.00
  b320|lab0320_s356_w1_0928_1005_r1  n=  4  avg=+18.8%  med=+37.9%  realized=$+34.00
  b321|lab0321_s356_w1_0928_1005_r2  n=  4  avg=+28.1%  med=+58.6%  realized=$+56.00
  b322|lab0322_s356_w2_1005_1045_r1  n=  3  avg=-12.4%  med=-21.6%  realized=$-21.00
  b323|lab0323_s356_w2_1005_1045_r2  n=  4  avg=-22.8%  med=-18.9%  realized=$-43.00
  b324|lab0324_s356_w3_1045_1120_r1  n=  4  avg=-5.4%  med=-25.0%  realized=$-12.00
  b325|lab0325_s356_w3_1045_1120_r2  n=  4  avg=-1.7%  med=-19.4%  realized=$-6.00
  b326|lab0326_s356_w4_1120_1135_r1  n=  2  avg=+76.1%  med=+100.0%  realized=$+68.00
  b327|lab0327_s356_w4_1120_1135_r2  n=  3  avg=+19.3%  med=+52.0%  realized=$+20.00
  b328|lab0328_s357_w1_0928_1005_r1  n=  3  avg=+3.8%  med=+47.1%  realized=$+7.00
  b329|lab0329_s357_w1_0928_1005_r2  n=  3  avg=+3.8%  med=+47.1%  realized=$+7.00
  b330|lab0330_s357_w2_1005_1045_r1  n=  2  avg=+34.9%  med=+131.4%  realized=$+27.00
  b331|lab0331_s357_w2_1005_1045_r2  n=  3  avg=-10.7%  med=-56.9%  realized=$-19.00
  b332|lab0332_s357_w3_1045_1120_r1  n=  5  avg=+66.7%  med=+73.7%  realized=$+190.00
  b333|lab0333_s357_w3_1045_1120_r2  n=  6  avg=+66.3%  med=+71.9%  realized=$+228.00
  b334|lab0334_s357_w4_1120_1135_r1  n=  1  avg=+81.2%  med=+81.2%  realized=$+39.00
  b335|lab0335_s357_w4_1120_1135_r2  n=  2  avg=+54.6%  med=+57.1%  realized=$+53.00
  b340|lab0340_s358_w3_1045_1120_r1  n=  1  avg=-51.4%  med=-51.4%  realized=$-37.00
  b341|lab0341_s358_w3_1045_1120_r2  n=  1  avg=-51.4%  med=-51.4%  realized=$-37.00
  b342|lab0342_s358_w4_1120_1135_r1  n=  1  avg=+53.1%  med=+53.1%  realized=$+26.00
  b343|lab0343_s358_w4_1120_1135_r2  n=  1  avg=+55.1%  med=+55.1%  realized=$+27.00
  b344|lab0344_s359_w1_0928_1005_r1  n=  6  avg=+41.3%  med=+58.5%  realized=$+5.00
  b345|lab0345_s359_w1_0928_1005_r2  n=  8  avg=+28.1%  med=+43.3%  realized=$+31.00
  b346|lab0346_s359_w2_1005_1045_r1  n= 13  avg=+63.4%  med=-46.7%  realized=$-44.00
  b347|lab0347_s359_w2_1005_1045_r2  n= 12  avg=+68.0%  med=-39.3%  realized=$-4.00
  b362|lab0362_s361_w1_0928_1005_r1  n=  7  avg=-19.5%  med=-30.4%  realized=$-109.00
  b363|lab0363_s361_w1_0928_1005_r2  n=  8  avg=-17.9%  med=-30.4%  realized=$-114.00
  b364|lab0364_s361_w2_1005_1045_r1  n=  9  avg=+126.2%  med=+81.8%  realized=$+88.00
  b365|lab0365_s361_w2_1005_1045_r2  n= 12  avg=+173.8%  med=+82.8%  realized=$+310.00
  b366|lab0366_s361_w3_1045_1120_r1  n=  4  avg=+248.7%  med=+61.1%  realized=$+24.00
  b367|lab0367_s361_w3_1045_1120_r2  n= 13  avg=+60.9%  med=-50.0%  realized=$-97.00
  b368|lab0368_s361_w4_1120_1135_r1  n=  4  avg=+61.2%  med=+71.4%  realized=$-11.00
  b369|lab0369_s361_w4_1120_1135_r2  n=  5  avg=+74.9%  med=+80.0%  realized=$+12.00
  b376|lab0376_s362_w1_0928_1005_r1  n=  9  avg=-5.0%  med=+8.7%  realized=$-60.00
  b377|lab0377_s362_w1_0928_1005_r2  n= 10  avg=+4.4%  med=+13.0%  realized=$-28.00
  b378|lab0378_s362_w2_1005_1045_r1  n=  6  avg=+212.2%  med=+74.4%  realized=$+195.00
  b379|lab0379_s362_w2_1005_1045_r2  n= 10  avg=+126.2%  med=+60.5%  realized=$+246.00
  b380|lab0380_s362_w3_1045_1120_r1  n=  8  avg=+153.8%  med=+103.3%  realized=$+196.00
  b381|lab0381_s362_w3_1045_1120_r2  n=  8  avg=+153.4%  med=+108.3%  realized=$+215.00
  b382|lab0382_s362_w4_1120_1135_r1  n=  4  avg=+330.7%  med=+323.8%  realized=$+327.00
  b383|lab0383_s362_w4_1120_1135_r2  n=  4  avg=+352.1%  med=+309.5%  realized=$+356.00
  b3|c003_s173_w4_1120_1135_r1  n= 17  avg=+131.0%  med=-50.0%  realized=$+1,311.00
  b404|lab0404_s364_w1_0928_1005_r1  n=  5  avg=-0.6%  med=-2.9%  realized=$-29.00
  b405|lab0405_s364_w1_0928_1005_r2  n=  6  avg=+3.8%  med=+50.0%  realized=$-15.00
  b406|lab0406_s364_w2_1005_1045_r1  n= 10  avg=-17.6%  med=-44.2%  realized=$-159.00
  b407|lab0407_s364_w2_1005_1045_r2  n= 11  avg=-12.3%  med=-42.3%  realized=$-90.00
  b408|lab0408_s364_w3_1045_1120_r1  n=  9  avg=+11.2%  med=+66.7%  realized=$+7.00
  b409|lab0409_s364_w3_1045_1120_r2  n= 11  avg=+7.6%  med=+53.1%  realized=$-5.00
  b40|c040_s166_w1_0928_1005_r2  n=  6  avg=-37.2%  med=-12.7%  realized=$-142.00
  b40|c040_s173_w1_0928_1005_r3  n= 23  avg=+12.9%  med=-15.4%  realized=$-90.00
  b410|lab0410_s364_w4_1120_1135_r1  n=  7  avg=+72.6%  med=+39.5%  realized=$+171.00
  b411|lab0411_s364_w4_1120_1135_r2  n=  4  avg=+137.5%  med=+188.9%  realized=$+189.00
  b418|lab0418_s365_w1_0928_1005_r1  n=  3  avg=+20.9%  med=+67.3%  realized=$+24.00
  b419|lab0419_s365_w1_0928_1005_r2  n=  6  avg=-7.6%  med=+38.5%  realized=$-47.00
  b41|c041_s166_w2_1005_1045_r2  n=  3  avg=-62.0%  med=-61.4%  realized=$-106.00
  b41|c041_s173_w2_1005_1045_r3  n= 13  avg=-48.5%  med=-66.7%  realized=$-452.00
  b420|lab0420_s365_w2_1005_1045_r1  n=  4  avg=-24.5%  med=-48.3%  realized=$-52.00
  b421|lab0421_s365_w2_1005_1045_r2  n=  4  avg=-27.9%  med=-47.8%  realized=$-62.00
  b422|lab0422_s365_w3_1045_1120_r1  n=  3  avg=+33.1%  med=+63.6%  realized=$+25.00
  b423|lab0423_s365_w3_1045_1120_r2  n=  4  avg=+34.7%  med=+63.6%  realized=$+58.00
  b424|lab0424_s365_w4_1120_1135_r1  n=  5  avg=-10.7%  med=+0.0%  realized=$-24.00
  b425|lab0425_s365_w4_1120_1135_r2  n=  3  avg=+109.8%  med=+54.8%  realized=$+124.00
  b42|c042_s166_w3_1045_1120_r2  n=  6  avg=+115.7%  med=+21.4%  realized=$+489.00
  b42|c042_s173_w3_1045_1120_r3  n= 13  avg=+31.1%  med=-8.3%  realized=$+262.00
  b43|c043_s166_w4_1120_1135_r2  n=  7  avg=+62.0%  med=+41.9%  realized=$+281.00
  b43|c043_s173_w4_1120_1135_r3  n=  8  avg=+58.7%  med=+53.2%  realized=$+241.00
  b449|lab0449_s367_w2_1005_1045_r2  n=  1  avg=-48.9%  med=-48.9%  realized=$-22.00
  b450|lab0450_s367_w3_1045_1120_r1  n=  1  avg=-51.4%  med=-51.4%  realized=$-37.00
  b451|lab0451_s367_w3_1045_1120_r2  n=  1  avg=-25.0%  med=-25.0%  realized=$-18.00
  b46|c046_s174_w3_1045_1120_r3  n=  3  avg=-89.7%  med=-89.7%  realized=$-156.00
  b47|c047_s163_w4_1120_1135_r2  n=  3  avg=-79.7%  med=-78.0%  realized=$-141.00
  b47|c047_s174_w4_1120_1135_r3  n= 25  avg=-73.4%  med=-78.0%  realized=$-1,155.00
  b48|c048_s164_w1_0928_1005_r2  n=  5  avg=-33.1%  med=-49.1%  realized=$-91.00
  b48|c048_s165_w1_0928_1005_r3  n= 16  avg=-35.9%  med=-49.1%  realized=$-344.00
  b49|c049_s164_w2_1005_1045_r2  n=  4  avg=-51.8%  med=-44.0%  realized=$-133.00
  b49|c049_s165_w2_1005_1045_r3  n= 15  avg=-49.3%  med=-49.1%  realized=$-458.00
  b50|c050_s164_w3_1045_1120_r2  n=  4  avg=-39.6%  med=-16.7%  realized=$-115.00
  b50|c050_s165_w3_1045_1120_r3  n=  9  avg=-23.6%  med=-23.1%  realized=$-142.00
  b51|c051_s165_w4_1120_1135_r3  n=  1  avg=+263.6%  med=+263.6%  realized=$+174.00
  b56|g056_lim_tp20_sl65  n=  1  avg=+47.7%  med=+47.7%  realized=$+20.52
  b57|g057_mid_tp20_sl65  n=  1  avg=+47.7%  med=+47.7%  realized=$+20.52
  b58|g058_eod_tp20_sl65  n=  1  avg=+59.1%  med=+59.1%  realized=$+25.41
  b60|c060_s167_w1_0928_1005_r3  n=  3  avg=-55.8%  med=-62.8%  realized=$-98.00
  b60|c060_s173_w1_0928_1005_r4  n= 13  avg=-5.1%  med=-13.6%  realized=$-99.00
  b61|c061_s167_w2_1005_1045_r3  n=  5  avg=-54.6%  med=-50.9%  realized=$-160.00
  b61|c061_s173_w2_1005_1045_r4  n=  8  avg=-37.3%  med=-50.0%  realized=$-208.00
  b62|c062_s167_w3_1045_1120_r3  n=  8  avg=-51.8%  med=-64.2%  realized=$-286.00
  b62|c062_s173_w3_1045_1120_r4  n= 20  avg=+182.8%  med=-58.3%  realized=$-183.00
  b63|c063_s167_w4_1120_1135_r3  n=  2  avg=-54.8%  med=-54.8%  realized=$-68.00
  b63|c063_s173_w4_1120_1135_r4  n=  1  avg=-46.1%  med=-46.1%  realized=$-24.00
  b63|g063_mid_tp20_sl65  n=  1  avg=+23.3%  med=+23.3%  realized=$+18.63
  b64|c064_s174_w1_0928_1005_r4  n=  3  avg=-93.3%  med=-93.3%  realized=$-168.00
  b64|g064_eod_tp20_sl65  n=  1  avg=+34.2%  med=+34.2%  realized=$+27.40
  b65|c065_s174_w2_1005_1045_r4  n=  8  avg=-45.7%  med=-45.2%  realized=$-238.00
  b65|g065_lim_tp20_sl65  n=  1  avg=+23.3%  med=+23.3%  realized=$+18.63
  b66|c066_s174_w3_1045_1120_r4  n=  1  avg=-52.5%  med=-52.5%  realized=$-31.00
  b66|g066_mid_tp20_sl65  n=  1  avg=+23.3%  med=+23.3%  realized=$+18.63
  b67|c067_s174_w4_1120_1135_r4  n=  1  avg=-45.8%  med=-45.8%  realized=$-27.00
  b67|g067_eod_tp20_sl65  n=  1  avg=+34.2%  med=+34.2%  realized=$+27.40
  b68|c068_s165_w1_0928_1005_r4  n= 16  avg=-51.3%  med=-49.1%  realized=$-446.00
  b68|c068_s166_w1_0928_1005_r3  n=  4  avg=-52.7%  med=-49.1%  realized=$-116.00
  b69|c069_s165_w2_1005_1045_r4  n= 11  avg=+19.0%  med=-43.6%  realized=$-179.00
  b69|c069_s166_w2_1005_1045_r3  n=  4  avg=+10.1%  med=-40.0%  realized=$-87.00
  b70|c070_s165_w3_1045_1120_r4  n= 11  avg=-2.1%  med=-16.9%  realized=$-6.00
  b70|c070_s166_w3_1045_1120_r3  n=  4  avg=-42.5%  med=-27.0%  realized=$-124.00
  b70|g070_eod_tp30_sl20  n=  1  avg=+59.1%  med=+59.1%  realized=$+27.77
  b71|g071_lim_tp30_sl20  n=  1  avg=+36.5%  med=+36.5%  realized=$+23.73
  b72|g072_mid_tp30_sl20  n=  1  avg=+36.5%  med=+36.5%  realized=$+23.73
  b73|g073_eod_tp30_sl20  n=  1  avg=+55.6%  med=+55.6%  realized=$+36.11
  b73|lab0073_s209_w1_0928_1005_r2  n=  1  avg=-64.7%  med=-64.7%  realized=$-11.00
  b74|g074_lim_tp30_sl20  n=  1  avg=+36.5%  med=+36.5%  realized=$+23.73
  b74|lab0074_s209_w2_1005_1045_r1  n=  1  avg=-58.2%  med=-58.2%  realized=$-39.00
  b75|g075_mid_tp30_sl20  n=  1  avg=+36.5%  med=+36.5%  realized=$+23.73
  b75|lab0075_s209_w2_1005_1045_r2  n=  2  avg=-50.8%  med=-50.8%  realized=$-68.00
  b768|lab0768_s396_w1_0928_1005_r1  n=  2  avg=+89.0%  med=+93.1%  realized=$+118.00
  b769|lab0769_s396_w1_0928_1005_r2  n=  2  avg=+106.2%  med=+116.7%  realized=$+139.00
  b76|c076_s164_w1_0928_1005_r3  n=  1  avg=-50.0%  med=-50.0%  realized=$-2.00
  b76|g076_eod_tp30_sl20  n=  1  avg=+34.2%  med=+34.2%  realized=$+27.40
  b771|lab0771_s396_w2_1005_1045_r2  n=  1  avg=-82.2%  med=-82.2%  realized=$-60.00
  b773|lab0773_s396_w3_1045_1120_r2  n=  1  avg=+87.5%  med=+87.5%  realized=$+63.00
  b775|lab0775_s396_w4_1120_1135_r2  n=  1  avg=+74.6%  med=+74.6%  realized=$+44.00
  b776|lab0776_s397_w1_0928_1005_r1  n=  3  avg=-38.5%  med=-64.9%  realized=$-74.00
  b777|lab0777_s397_w1_0928_1005_r2  n=  6  avg=+22.9%  med=+38.6%  realized=$+72.00
  b778|lab0778_s397_w2_1005_1045_r1  n=  9  avg=+55.1%  med=+66.7%  realized=$+323.00
  b779|lab0779_s397_w2_1005_1045_r2  n=  8  avg=+50.8%  med=+61.9%  realized=$+284.00
  b77|g077_lim_tp30_sl20  n=  1  avg=-23.3%  med=-23.3%  realized=$-18.63
  b77|lab0077_s209_w3_1045_1120_r2  n=  2  avg=-68.8%  med=-66.7%  realized=$-41.00
  b780|lab0780_s397_w3_1045_1120_r1  n=  4  avg=+16.4%  med=+74.3%  realized=$+43.00
  b781|lab0781_s397_w3_1045_1120_r2  n=  7  avg=+11.9%  med=+67.1%  realized=$+100.00
  b782|lab0782_s397_w4_1120_1135_r1  n=  2  avg=+75.8%  med=+205.6%  realized=$+112.00
  b783|lab0783_s397_w4_1120_1135_r2  n=  4  avg=+105.3%  med=+151.6%  realized=$+262.00
  b784|lab0784_s398_w1_0928_1005_r1  n=  5  avg=+37.3%  med=+49.0%  realized=$+70.00
  b785|lab0785_s398_w1_0928_1005_r2  n=  6  avg=+9.2%  med=+49.0%  realized=$+37.00
  b786|lab0786_s398_w2_1005_1045_r1  n= 11  avg=-4.0%  med=-24.4%  realized=$-52.00
  b787|lab0787_s398_w2_1005_1045_r2  n=  6  avg=+21.4%  med=+61.3%  realized=$+34.00
  b788|lab0788_s398_w3_1045_1120_r1  n= 11  avg=+16.0%  med=-18.4%  realized=$+84.00
  b789|lab0789_s398_w3_1045_1120_r2  n= 10  avg=+0.8%  med=-50.0%  realized=$+32.00
  b78|g078_mid_tp30_sl20  n=  1  avg=-23.3%  med=-23.3%  realized=$-18.63
  b790|lab0790_s398_w4_1120_1135_r1  n=  5  avg=+179.6%  med=+140.3%  realized=$+338.00
  b791|lab0791_s398_w4_1120_1135_r2  n=  8  avg=+100.4%  med=+155.6%  realized=$+258.00
  b792|lab0792_s399_w1_0928_1005_r1  n=  4  avg=+100.0%  med=+140.0%  realized=$+80.00
  b793|lab0793_s399_w1_0928_1005_r2  n= 11  avg=+34.3%  med=+57.9%  realized=$+127.00
  b794|lab0794_s399_w2_1005_1045_r1  n= 13  avg=+51.4%  med=-59.1%  realized=$-129.00
  b795|lab0795_s399_w2_1005_1045_r2  n= 17  avg=+20.4%  med=-51.7%  realized=$-132.00
  b796|lab0796_s399_w3_1045_1120_r1  n=  4  avg=+187.1%  med=-51.4%  realized=$-23.00
  b797|lab0797_s399_w3_1045_1120_r2  n= 17  avg=+13.7%  med=-52.8%  realized=$-179.00
  b798|lab0798_s399_w4_1120_1135_r1  n=  5  avg=+12.3%  med=-53.1%  realized=$+61.00
  b799|lab0799_s399_w4_1120_1135_r2  n=  9  avg=+16.6%  med=-50.0%  realized=$+25.00
  b79|g079_eod_tp30_sl20  n=  1  avg=+34.2%  med=+34.2%  realized=$+27.40
  b79|lab0079_s209_w4_1120_1135_r2  n=  1  avg=-94.6%  med=-94.6%  realized=$-53.00
  b7|c007_s174_w4_1120_1135_r1  n=  5  avg=-7.5%  med=-1.4%  realized=$-58.00
  b800|lab0800_s404_w1_0928_1005_r1  n=  6  avg=+23.0%  med=+38.6%  realized=$+65.00
  b801|lab0801_s404_w1_0928_1005_r2  n=  7  avg=-5.7%  med=-17.0%  realized=$-12.00
  b802|lab0802_s404_w2_1005_1045_r1  n= 13  avg=+24.4%  med=+56.9%  realized=$+216.00
  b803|lab0803_s404_w2_1005_1045_r2  n= 11  avg=+46.9%  med=+56.9%  realized=$+328.00
  b804|lab0804_s404_w3_1045_1120_r1  n=  8  avg=+5.7%  med=+68.5%  realized=$+74.00
  b805|lab0805_s404_w3_1045_1120_r2  n=  9  avg=-12.7%  med=-55.2%  realized=$-21.00
  b806|lab0806_s404_w4_1120_1135_r1  n=  5  avg=+91.8%  med=+91.5%  realized=$+286.00
  b807|lab0807_s404_w4_1120_1135_r2  n=  7  avg=+61.5%  med=+53.2%  realized=$+272.00
  b80|c080_s168_w1_0928_1005_r3  n=  8  avg=+3.6%  med=-11.1%  realized=$-45.00
  b80|c080_s173_w1_0928_1005_r5  n= 45  avg=+52.6%  med=+59.1%  realized=$+503.00
  b80|g080_lim_tp30_sl30  n=  1  avg=+36.5%  med=+36.5%  realized=$+23.73
  b80|lab0080_s210_w1_0928_1005_r1  n= 13  avg=+7.1%  med=-8.5%  realized=$+35.00
  b81|c081_s168_w2_1005_1045_r3  n=  5  avg=-26.9%  med=-33.8%  realized=$-83.00
  b81|c081_s173_w2_1005_1045_r5  n= 20  avg=-39.1%  med=-38.4%  realized=$-559.00
  b81|g081_mid_tp30_sl30  n=  1  avg=+36.5%  med=+36.5%  realized=$+23.73
  b81|lab0081_s210_w1_0928_1005_r2  n= 15  avg=+15.9%  med=+46.7%  realized=$+118.00
  b828|lab0828_s406_w1_0928_1005_r1  n=  5  avg=-27.0%  med=-50.0%  realized=$-22.00
  b829|lab0829_s406_w1_0928_1005_r2  n=  4  avg=-21.6%  med=-50.0%  realized=$-21.00
  b82|c082_s168_w3_1045_1120_r3  n=  5  avg=-1.6%  med=-40.0%  realized=$-2.00
  b82|c082_s173_w3_1045_1120_r5  n=  9  avg=-10.7%  med=-12.5%  realized=$-48.00
  b82|g082_eod_tp30_sl30  n=  1  avg=+55.6%  med=+55.6%  realized=$+36.11
  b82|lab0082_s210_w2_1005_1045_r1  n= 15  avg=+1.3%  med=-6.2%  realized=$+44.00
  b830|lab0830_s406_w2_1005_1045_r1  n= 14  avg=+66.8%  med=+71.8%  realized=$+87.00
  b831|lab0831_s406_w2_1005_1045_r2  n= 17  avg=+69.5%  med=+76.9%  realized=$+149.00
  b832|lab0832_s406_w3_1045_1120_r1  n= 15  avg=+305.6%  med=+55.3%  realized=$+1,461.00
  b833|lab0833_s406_w3_1045_1120_r2  n= 20  avg=+251.6%  med=+53.3%  realized=$+1,414.00
  b834|lab0834_s406_w4_1120_1135_r1  n=  9  avg=+313.4%  med=+100.0%  realized=$+138.00
  b835|lab0835_s406_w4_1120_1135_r2  n=  9  avg=+166.5%  med=+66.7%  realized=$+212.00
  b83|c083_s168_w4_1120_1135_r3  n=  8  avg=+84.0%  med=+62.9%  realized=$+429.00
  b83|c083_s173_w4_1120_1135_r5  n= 20  avg=-20.6%  med=-68.2%  realized=$-271.00
  b83|g083_lim_tp30_sl30  n=  1  avg=+30.1%  med=+30.1%  realized=$+24.11
  b83|lab0083_s210_w2_1005_1045_r2  n=  9  avg=+6.1%  med=+7.0%  realized=$-9.00
  b84|g084_mid_tp30_sl30  n=  1  avg=+30.1%  med=+30.1%  realized=$+24.11
  b84|lab0084_s210_w3_1045_1120_r1  n= 13  avg=-46.4%  med=-64.4%  realized=$-264.00
  b85|c085_s174_w2_1005_1045_r5  n=  7  avg=-9.4%  med=-32.7%  realized=$-42.00
  b85|g085_eod_tp30_sl30  n=  1  avg=+34.2%  med=+34.2%  realized=$+27.40
  b85|lab0085_s210_w3_1045_1120_r2  n= 17  avg=+51.3%  med=-44.4%  realized=$+43.00
  b86|c086_s174_w3_1045_1120_r5  n=  4  avg=+26.1%  med=+39.7%  realized=$+64.00
  b86|g086_lim_tp30_sl30  n=  1  avg=+30.1%  med=+30.1%  realized=$+24.11
  b86|lab0086_s210_w4_1120_1135_r1  n=  6  avg=+31.1%  med=+16.7%  realized=$+67.00
  b874|lab0874_s409_w3_1045_1120_r1  n=  1  avg=+84.7%  med=+84.7%  realized=$+61.00
  b875|lab0875_s409_w3_1045_1120_r2  n=  1  avg=+79.2%  med=+79.2%  realized=$+57.00
  b87|c087_s174_w4_1120_1135_r5  n=  4  avg=-23.5%  med=+37.5%  realized=$-114.00
  b87|g087_mid_tp30_sl30  n=  1  avg=+30.1%  med=+30.1%  realized=$+24.11
  b87|lab0087_s210_w4_1120_1135_r2  n=  9  avg=+12.1%  med=+19.4%  realized=$+41.00
  b884|lab0884_s410_w1_0928_1005_r1  n=  2  avg=+80.6%  med=+83.3%  realized=$+106.00
  b885|lab0885_s410_w1_0928_1005_r2  n=  3  avg=+72.8%  med=+65.3%  realized=$+145.00
  b886|lab0886_s410_w2_1005_1045_r1  n=  1  avg=+101.5%  med=+101.5%  realized=$+68.00
  b887|lab0887_s410_w2_1005_1045_r2  n=  2  avg=+11.0%  med=+70.4%  realized=$+19.00
  b888|lab0888_s410_w3_1045_1120_r1  n=  1  avg=-78.1%  med=-78.1%  realized=$-57.00
  b889|lab0889_s410_w3_1045_1120_r2  n=  1  avg=-68.5%  med=-68.5%  realized=$-50.00
  b88|c088_s165_w1_0928_1005_r5  n= 21  avg=-5.0%  med=-2.7%  realized=$-63.00
  b88|c088_s167_w1_0928_1005_r4  n=  4  avg=-12.7%  med=+30.9%  realized=$-28.00
  b88|g088_eod_tp30_sl30  n=  2  avg=+36.0%  med=+37.7%  realized=$+65.09
  b898|lab0898_s411_w1_0928_1005_r1  n=  2  avg=-54.5%  med=-51.4%  realized=$-79.00
  b899|lab0899_s411_w1_0928_1005_r2  n=  3  avg=-48.7%  med=-48.6%  realized=$-98.00
  b89|c089_s165_w2_1005_1045_r5  n=  7  avg=+113.1%  med=+30.9%  realized=$+67.00
  b89|c089_s167_w2_1005_1045_r4  n=  2  avg=-16.2%  med=+30.9%  realized=$-22.00
  b89|g089_lim_tp30_sl30  n=  1  avg=+30.1%  med=+30.1%  realized=$+24.11
  b8|c008_s165_w1_0928_1005_r1  n= 23  avg=-19.6%  med=-35.3%  realized=$-250.00
  b900|lab0900_s411_w2_1005_1045_r1  n= 11  avg=-2.4%  med=+7.7%  realized=$+1.00
  b901|lab0901_s411_w2_1005_1045_r2  n=  9  avg=+9.0%  med=+23.9%  realized=$+49.00
  b902|lab0902_s411_w3_1045_1120_r1  n=  8  avg=+8.1%  med=+13.4%  realized=$+16.00
  b903|lab0903_s411_w3_1045_1120_r2  n= 10  avg=+13.2%  med=+10.4%  realized=$+53.00
  b904|lab0904_s411_w4_1120_1135_r1  n=  3  avg=+3.5%  med=-52.2%  realized=$+13.00
  b905|lab0905_s411_w4_1120_1135_r2  n=  5  avg=+1.4%  med=+13.1%  realized=$+17.00
  b90|c090_s165_w3_1045_1120_r5  n= 13  avg=+7.7%  med=+0.0%  realized=$+47.00
  b90|c090_s167_w3_1045_1120_r4  n=  4  avg=-41.6%  med=-18.9%  realized=$-123.00
  b90|g090_mid_tp30_sl30  n=  1  avg=+30.1%  med=+30.1%  realized=$+24.11
  b90|live_1to1           n= 27  avg=+6.8%  med=-35.6%  realized=$+36.00
  b912|lab0912_s412_w1_0928_1005_r1  n=  6  avg=+75.0%  med=+66.7%  realized=$+27.00
  b913|lab0913_s412_w1_0928_1005_r2  n=  6  avg=+69.9%  med=+66.7%  realized=$+23.00
  b914|lab0914_s412_w2_1005_1045_r1  n=  8  avg=+90.2%  med=+79.5%  realized=$+199.00
  b915|lab0915_s412_w2_1005_1045_r2  n=  8  avg=+79.1%  med=+69.2%  realized=$+160.00
  b916|lab0916_s412_w3_1045_1120_r1  n= 16  avg=+3.0%  med=-10.7%  realized=$+0.00
  b917|lab0917_s412_w3_1045_1120_r2  n=  9  avg=+84.8%  med=-3.6%  realized=$-19.00
  b918|lab0918_s412_w4_1120_1135_r1  n=  5  avg=-49.4%  med=-55.4%  realized=$-140.00
  b919|lab0919_s412_w4_1120_1135_r2  n=  6  avg=+17.6%  med=-2.2%  realized=$-38.00
  b91|c091_s165_w4_1120_1135_r5  n=  2  avg=+222.0%  med=+247.0%  realized=$+293.00
  b91|g091_eod_tp30_sl30  n=  2  avg=+19.8%  med=+55.6%  realized=$+25.00
  b92|g092_lim_tp30_sl40  n=  2  avg=+53.6%  med=+70.8%  realized=$+94.51
  b93|g093_mid_tp30_sl40  n=  2  avg=+53.6%  med=+70.8%  realized=$+94.51
  b94|g094_eod_tp30_sl40  n=  2  avg=+46.6%  med=+55.6%  realized=$+73.80
  b95|g095_lim_tp30_sl40  n=  2  avg=+50.5%  med=+70.8%  realized=$+94.89
  b96|g096_mid_tp30_sl40  n=  2  avg=+50.5%  med=+70.8%  realized=$+94.89
  b97|g097_eod_tp30_sl40  n=  2  avg=+36.0%  med=+37.7%  realized=$+65.09
  b98|g098_lim_tp30_sl40  n=  2  avg=+50.5%  med=+70.8%  realized=$+94.89
  b99|g099_mid_tp30_sl40  n=  2  avg=+50.5%  med=+70.8%  realized=$+94.89
  b9|c009_s165_w2_1005_1045_r1  n=  7  avg=-74.4%  med=-66.2%  realized=$-301.00
========================================================
+========================================================================+
|[OPTIONS BOT DAILY VITALS (MATRIX EXPERIMENT)]                          |
+========================================================================+
|-- ACCOUNT STATUS (entry+manage) --                                     |
|Equity       : $988,178.67                                              |
|Open Risk    : 11 lots (10 broker pos)                                  |
|Today's Run  : 56 signals -> 2 orders submitted                         |
|                                                                        |
|-- SYSTEM HEALTH --                                                     |
|Zombies      : 0 (Ledger is clean)                                      |
|Lab Status   : 11 Active Lots | 2 Pending Orders                        |
|Auto-Matrix  : (Pending EOD report generation)                          |
+========================================================================+
+========================================================================+
|[DATA QUALITY: CLEAN vs ERRORS vs KEEP-ONLY]                            |
+========================================================================+
|  CLEAN              n=1608  win= 48.1%  med= -27.6%  $+18,114          |
|  TAINTED            n=1953  win= 33.1%  med= -40.0%  $-9,990           |
|  KEEP-only          n=779   win= 60.8%  med= +50.9%  $+11,978          |
|  KEEP recent        n=586   win= 59.2%  med= +53.3%  $+7,917           |
|  KEEP(23): S163,S164,S167,S168,S173,S174,S210,S350...                  |
|  KILL(21): ORPHAN,S202,S203,S207,S211,S212,S216,S217...                |
+========================================================================+
+========================================================================+
|[+++ OVERPERFORMING STRATEGIES (n>=10)]                                 |
+========================================================================+
|  BKT  PROFILE                   WIN%   MED%   TOTAL TRADES             |
|  ---------------------------------------------------------             |
|  b276 lab0276_s350_w1_0928..  70%  +102.9%    10                       |
|  b238 lab0238_s401_w3_1045..  81%  +100.0%    21                       |
|  b365 lab0365_s361_w2_1005..  92%  +82.8%    12                        |
|  b28  lab0028_s373_w2_1005..  77%  +80.0%    22                        |
+========================================================================+
|[--- UNDERPERFORMING STRATEGIES (n>=10)]                                |
+========================================================================+
|  BKT  PROFILE                   WIN%   MED%   TOTAL TRADES             |
|  ---------------------------------------------------------             |
|  b47  lab0047_s392_w2_1005..   4%  -78.0%    28                        |
|  b1   lab0001_s201_w2_1005..   0%  -65.8%    10                        |
|  b41  lab0041_s386_w2_1005..  12%  -65.3%    16                        |
|  b84  g084_mid_tp30_sl30      36%  -63.8%    14                        |
+========================================================================+
+========================================================================+
|[PENDING ORDERS (2)]                                                    |
+========================================================================+
|  Top groups: S404:NKE(1), S406:OXY(1)                                  |
|  ---------------------------------------------------------             |
|  b90  S404 NKE      limit=0.19                                         |
|  b90  S406 OXY      limit=0.63                                         |
+========================================================================+
+========================================================================+
|[OPEN OPTIONS (10)]                                                     |
+========================================================================+
|  SYMBOL                      QTY    RET%        OPEN P&L               |
|  ---------------------------------------------------------             |
|  NKE261002C00038500            6   -100.0%   $   -334.00               |
|  OXY261002C00056000           -1   -629.6%   $   -170.00               |
|  CVNA261002C00069000           2    -97.4%   $    -74.00               |
|  OXY261016C00058000            1    +76.7%   $    +56.00               |
|  DKNG261016C00023500           1    -90.7%   $    -39.00               |
|  CVX261016C00220000            1    -38.9%   $    -28.00               |
|  CVX261002C00210000           -1    +66.7%   $    +22.00               |
|  CVNA261002C00066000          -1   -300.0%   $    -18.00               |
|  ... 2 more position(s)                                                |
+========================================================================+
Full detail: logs/options_trial/runs/2026-10-02.log
elapsed=40.5s reconcile=0.24s cancel=0.1s manage=1.25s scan=35.13s entries=1.17s

