ticker,strategy,entry_date,exit_date,entry_price,exit_price,pnl_pct,pnl_dollar,hold_days,exit_reason,entry_scan_window,seasonal
APA,MomReversal,2023-11-16,2023-11-17,32.3919,32.8437,1.395,1.1,1,max_hold 945d (+1.4%),evening,True
CSCO,GapDown,2023-11-16,2023-11-17,44.8714,44.8807,0.021,0.02,1,max_hold 945d (+0.0%),evening,False
APO,Pullback50,2023-11-16,2023-11-17,83.255,83.3707,0.139,0.11,1,max_hold 945d (+0.1%),evening,False
CARR,Pullback50,2023-11-16,2023-11-17,50.9573,51.2475,0.569,0.45,1,max_hold 945d (+0.6%),evening,False
AEE,VolumeSpike,2023-11-16,2023-11-17,70.5485,70.8977,0.495,0.39,1,max_hold 945d (+0.5%),evening,False
APA,MomReversal,2023-11-17,2023-11-17,32.8437,33.3136,1.431,1.14,0,max_hold 944d (+1.4%),morning,True
CSCO,GapDown,2023-11-17,2023-11-17,44.8807,44.6098,-1.04,-0.83,0,stop_loss (-0.6%),morning,False
APO,Pullback50,2023-11-17,2023-11-17,83.3707,83.679,0.37,0.29,0,max_hold 944d (+0.4%),morning,False
CARR,Pullback50,2023-11-17,2023-11-17,51.2475,51.4796,0.453,0.36,0,max_hold 944d (+0.5%),morning,False
AEE,VolumeSpike,2023-11-17,2023-11-17,70.8977,70.8609,-0.052,-0.04,0,max_hold 944d (-0.1%),morning,False
APA,MomReversal,2023-11-17,2023-11-20,33.3136,33.7563,1.329,0.64,1,max_hold 944d (+1.3%),evening,True
AMAT,GapDown,2023-11-17,2023-11-20,145.3024,145.586,0.195,0.09,1,max_hold 944d (+0.2%),evening,False
ABNB,Pullback50,2023-11-17,2023-11-20,127.15,127.4,0.197,0.09,1,max_hold 944d (+0.2%),evening,False
APO,Pullback50,2023-11-17,2023-11-20,83.679,83.679,-0.0,-0.0,1,max_hold 944d (-0.0%),evening,False
BG,Pullback50,2023-11-17,2023-11-20,99.1161,99.7008,0.59,0.28,1,max_hold 944d (+0.6%),evening,False
APA,MomReversal,2023-11-20,2023-11-20,33.7563,33.431,-1.14,-0.55,0,stop_loss (-1.0%),morning,True
AMAT,GapDown,2023-11-20,2023-11-20,145.586,149.1943,2.479,1.19,0,max_hold 941d (+2.5%),morning,False
ABNB,Pullback50,2023-11-20,2023-11-20,127.4,129.7,1.805,0.86,0,max_hold 941d (+1.8%),morning,False
APO,Pullback50,2023-11-20,2023-11-20,83.679,85.1051,1.704,0.82,0,max_hold 941d (+1.7%),morning,False
BG,Pullback50,2023-11-20,2023-11-20,99.7008,99.9514,0.251,0.12,0,max_hold 941d (+0.3%),morning,False
BDX,MomReversal,2023-11-20,2023-11-21,173.7507,175.1263,0.792,0.8,1,max_hold 941d (+0.8%),evening,True
BMY,GapDown,2023-11-20,2023-11-21,43.3772,43.3151,-0.143,-0.15,1,max_hold 941d (-0.1%),evening,False
AMGN,Pullback50,2023-11-20,2023-11-21,245.8745,245.8652,-0.004,-0.0,1,max_hold 941d (-0.0%),evening,False
APP,Pullback50,2023-11-20,2023-11-21,39.5,39.02,-1.215,-1.23,1,stop_loss (-1.2%),evening,False
BDX,MomReversal,2023-11-21,2023-11-21,175.1263,175.6021,0.272,0.27,0,max_hold 940d (+0.3%),morning,True
BMY,GapDown,2023-11-21,2023-11-21,43.3151,43.0046,-0.96,-0.97,0,stop_loss (-0.7%),morning,False
AMGN,Pullback50,2023-11-21,2023-11-21,245.8652,243.5302,-5.04,-5.08,0,stop_loss (-0.9%),morning,False
APP,Pullback50,2023-11-21,2023-11-21,39.02,38.77,-4.96,-5.0,0,stop_loss (-0.6%),morning,False
BBY,GapDown,2023-11-21,2023-11-22,59.0455,59.3686,0.547,0.55,1,max_hold 940d (+0.5%),evening,False
AVGO,VolumeSpike,2023-11-21,2023-11-22,95.3098,95.5517,0.254,0.26,1,max_hold 940d (+0.3%),evening,False
BBY,GapDown,2023-11-22,2023-11-22,59.3686,59.4035,0.059,0.06,0,max_hold 939d (+0.1%),morning,False
AVGO,VolumeSpike,2023-11-22,2023-11-22,95.5517,94.4162,-1.57,-1.55,0,stop_loss (-1.2%),morning,False
APA,GapDown,2023-11-22,2023-11-24,33.0335,32.9521,-0.246,-0.23,1,max_hold 939d (-0.2%),evening,False
ADSK,GapDown,2023-11-22,2023-11-24,202.66,202.66,0.0,0.0,1,max_hold 939d (+0.0%),evening,False
CAT,GapDown,2023-11-22,2023-11-24,237.5157,238.2301,0.301,0.28,1,max_hold 939d (+0.3%),evening,False
AON,Pullback50,2023-11-22,2023-11-24,323.4286,324.2348,0.249,0.23,1,max_hold 939d (+0.2%),evening,False
APA,GapDown,2023-11-24,2023-11-24,32.9521,33.3226,1.124,1.06,0,max_hold 937d (+1.1%),morning,False
ADSK,GapDown,2023-11-24,2023-11-24,202.66,203.42,0.375,0.35,0,max_hold 937d (+0.4%),morning,False
CAT,GapDown,2023-11-24,2023-11-24,238.2301,238.819,0.247,0.23,0,max_hold 937d (+0.2%),morning,False
AON,Pullback50,2023-11-24,2023-11-24,324.2348,324.4511,0.067,0.06,0,max_hold 937d (+0.1%),morning,False
AMGN,Pullback50,2023-11-24,2023-11-27,245.9764,245.9486,-0.011,-0.01,1,max_hold 937d (-0.0%),evening,False
APP,Pullback50,2023-11-24,2023-11-27,39.49,39.25,-0.88,-0.87,1,stop_loss (-0.6%),evening,False
AMGN,Pullback50,2023-11-27,2023-11-27,245.9486,244.8738,-0.437,-0.43,0,max_hold 934d (-0.4%),morning,False
APP,Pullback50,2023-11-27,2023-11-27,39.25,39.39,0.357,0.35,0,max_hold 934d (+0.4%),morning,False
APP,Pullback50,2023-11-27,2023-11-28,39.39,39.43,0.102,0.1,1,max_hold 934d (+0.1%),evening,False
APP,Pullback50,2023-11-28,2023-11-28,39.43,38.4,-2.612,-2.58,0,stop_loss (-2.6%),morning,False
ADSK,Pullback50,2023-11-28,2023-11-29,207.37,210.03,1.283,1.26,1,max_hold 933d (+1.3%),evening,False
ADSK,Pullback50,2023-11-29,2023-11-29,210.03,213.85,1.819,1.8,0,max_hold 932d (+1.8%),morning,False
BDX,MomReversal,2023-11-29,2023-11-30,175.2527,175.6914,0.25,0.25,1,max_hold 932d (+0.3%),evening,True
AMGN,Pullback50,2023-11-29,2023-11-30,247.0328,248.0612,0.416,0.41,1,max_hold 932d (+0.4%),evening,False
APP,Pullback50,2023-11-29,2023-11-30,39.03,38.93,-0.256,-0.25,1,max_hold 932d (-0.3%),evening,False
BIIB,RSIRecovery,2023-11-29,2023-11-30,232.06,232.68,0.267,0.27,1,max_hold 932d (+0.3%),evening,False
BDX,MomReversal,2023-11-30,2023-11-30,175.6914,175.617,-0.042,-0.04,0,max_hold 931d (-0.0%),morning,True
AMGN,Pullback50,2023-11-30,2023-11-30,248.0612,249.8496,0.721,0.71,0,max_hold 931d (+0.7%),morning,False
APP,Pullback50,2023-11-30,2023-11-30,38.93,37.48,-3.725,-3.68,0,stop_loss (-3.7%),morning,False
BIIB,RSIRecovery,2023-11-30,2023-11-30,232.68,234.08,0.602,0.59,0,max_hold 931d (+0.6%),morning,False
CSCO,MomReversal,2023-11-30,2023-12-01,45.189,45.0956,-0.207,-0.04,1,max_hold 931d (-0.2%),evening,True
APO,GapDown,2023-11-30,2023-12-01,88.6512,88.2946,-0.402,-0.08,1,max_hold 931d (-0.4%),evening,False
AMGN,Pullback50,2023-11-30,2023-12-01,249.8496,250.1462,0.119,0.02,1,max_hold 931d (+0.1%),evening,False
ACGL,Pullback50,2023-11-30,2023-12-01,79.5807,79.5902,0.012,0.0,1,max_hold 931d (+0.0%),evening,False
CASY,Pullback50,2023-11-30,2023-12-01,272.2376,272.9592,0.265,0.05,1,max_hold 931d (+0.3%),evening,False
CSCO,MomReversal,2023-12-01,2023-12-01,45.0956,45.273,0.394,0.08,0,max_hold 930d (+0.4%),morning,True
APO,GapDown,2023-12-01,2023-12-01,88.2946,89.3257,1.168,0.23,0,max_hold 930d (+1.2%),morning,False
AMGN,Pullback50,2023-12-01,2023-12-01,250.1462,252.4534,0.922,0.18,0,max_hold 930d (+0.9%),morning,False
ACGL,Pullback50,2023-12-01,2023-12-01,79.5902,78.5727,-1.278,-0.25,0,stop_loss (-1.3%),morning,False
CASY,Pullback50,2023-12-01,2023-12-01,272.9592,273.1371,0.065,0.01,0,max_hold 930d (+0.1%),morning,False
ADP,Pullback50,2023-12-01,2023-12-04,218.1779,216.7355,-5.17,-5.11,1,stop_loss (-0.7%),evening,False
ADP,Pullback50,2023-12-04,2023-12-04,216.7355,217.8407,0.51,0.5,0,max_hold 927d (+0.5%),morning,False
ADP,Pullback50,2023-12-04,2023-12-05,217.8407,217.7939,-0.021,-0.02,1,max_hold 927d (-0.0%),evening,False
CAT,Pullback50,2023-12-04,2023-12-05,245.9539,245.0174,-0.381,-0.38,1,max_hold 927d (-0.4%),evening,False
ADP,Pullback50,2023-12-05,2023-12-05,217.7939,216.8854,-0.417,-0.41,0,max_hold 926d (-0.4%),morning,False
CAT,Pullback50,2023-12-05,2023-12-05,245.0174,246.3787,0.556,0.54,0,max_hold 926d (+0.6%),morning,False
AXP,VolumeSpike,2023-12-05,2023-12-06,165.9684,166.9895,0.615,0.6,1,max_hold 926d (+0.6%),evening,True
CAT,Pullback50,2023-12-05,2023-12-06,246.3787,247.9331,0.631,0.62,1,max_hold 926d (+0.6%),evening,False
AXP,VolumeSpike,2023-12-06,2023-12-06,166.9895,162.8859,-2.457,-2.4,0,stop_loss (-2.5%),morning,True
CAT,Pullback50,2023-12-06,2023-12-06,247.9331,247.1317,-0.323,-0.32,0,max_hold 925d (-0.3%),morning,False
BX,VolumeSpike,2023-12-06,2023-12-07,103.8559,104.245,0.375,0.37,1,max_hold 925d (+0.4%),evening,True
C,VolumeSpike,2023-12-06,2023-12-07,44.4535,44.5278,0.167,0.16,1,max_hold 925d (+0.2%),evening,True
ADP,Pullback50,2023-12-06,2023-12-07,217.6253,218.1435,0.238,0.23,1,max_hold 925d (+0.2%),evening,False
BX,VolumeSpike,2023-12-07,2023-12-07,104.245,105.477,1.182,1.16,0,max_hold 924d (+1.2%),morning,True
C,VolumeSpike,2023-12-07,2023-12-07,44.5278,45.0479,1.168,1.15,0,max_hold 924d (+1.2%),morning,True
ADP,Pullback50,2023-12-07,2023-12-07,218.1435,216.7207,-2.69,-2.64,0,stop_loss (-0.7%),morning,False
GOOGL,VolumeSpike,2023-12-07,2023-12-08,135.7265,133.0205,-1.994,-1.16,1,stop_loss (-2.0%),evening,True
GOOG,VolumeSpike,2023-12-07,2023-12-08,137.24,134.4744,-2.015,-1.17,1,stop_loss (-2.0%),evening,True
CIEN,VolumeSpike,2023-12-07,2023-12-08,46.31,46.55,0.518,0.3,1,max_hold 924d (+0.5%),evening,True
CTAS,VolumeSpike,2023-12-07,2023-12-08,135.5341,134.4841,-1.41,-0.82,1,stop_loss (-0.8%),evening,True
AMGN,Pullback50,2023-12-07,2023-12-08,251.3971,251.2674,-0.052,-0.03,1,max_hold 924d (-0.1%),evening,False
GOOGL,VolumeSpike,2023-12-08,2023-12-08,133.0205,133.8035,0.589,0.34,0,max_hold 923d (+0.6%),morning,True
GOOG,VolumeSpike,2023-12-08,2023-12-08,134.4744,135.4458,0.722,0.42,0,max_hold 923d (+0.7%),morning,True
CIEN,VolumeSpike,2023-12-08,2023-12-08,46.55,44.35,-4.726,-2.73,0,stop_loss (-4.7%),morning,True
CTAS,VolumeSpike,2023-12-08,2023-12-08,134.4841,135.4313,0.704,0.41,0,max_hold 923d (+0.7%),morning,True
AMGN,Pullback50,2023-12-08,2023-12-08,251.2674,249.3678,-0.86,-0.5,0,stop_loss (-0.8%),morning,False
ALLE,VolumeSpike,2023-12-08,2023-12-11,106.655,106.3747,-0.263,-0.2,1,max_hold 923d (-0.3%),evening,True
APH,VolumeSpike,2023-12-08,2023-12-11,45.6796,45.8854,0.451,0.35,1,max_hold 923d (+0.5%),evening,True
CARR,VolumeSpike,2023-12-08,2023-12-11,53.4626,53.5013,0.072,0.06,1,max_hold 923d (+0.1%),evening,True
AON,Pullback50,2023-12-08,2023-12-11,318.631,319.9189,0.404,0.31,1,max_hold 923d (+0.4%),evening,False
BG,Pullback50,2023-12-08,2023-12-11,96.9816,97.093,0.115,0.09,1,max_hold 923d (+0.1%),evening,False
ALLE,VolumeSpike,2023-12-11,2023-12-11,106.3747,106.1137,-0.245,-0.19,0,max_hold 920d (-0.2%),morning,True
APH,VolumeSpike,2023-12-11,2023-12-11,45.8854,46.6645,1.698,1.3,0,max_hold 920d (+1.7%),morning,True
CARR,VolumeSpike,2023-12-11,2023-12-11,53.5013,54.1204,1.157,0.89,0,max_hold 920d (+1.2%),morning,True
AON,Pullback50,2023-12-11,2023-12-11,319.9189,323.9005,1.245,0.95,0,max_hold 920d (+1.2%),morning,False
BG,Pullback50,2023-12-11,2023-12-11,97.093,97.4456,0.363,0.28,0,max_hold 920d (+0.4%),morning,False
APP,MomReversal,2023-12-11,2023-12-12,36.74,36.56,-0.49,-0.25,1,max_hold 920d (-0.5%),evening,True
CINF,VolumeSpike,2023-12-11,2023-12-12,97.7073,97.7919,0.087,0.04,1,max_hold 920d (+0.1%),evening,True
ALB,GapDown,2023-12-11,2023-12-12,121.1143,121.1143,0.0,0.0,1,max_hold 920d (+0.0%),evening,False
GOOGL,Pullback50,2023-12-11,2023-12-12,132.1184,130.6515,-1.34,-0.69,1,stop_loss (-1.1%),evening,False
GOOG,Pullback50,2023-12-11,2023-12-12,133.5228,132.1053,-0.5,-0.26,1,stop_loss (-1.1%),evening,False
APP,MomReversal,2023-12-12,2023-12-12,36.56,36.26,-2.54,-1.3,0,stop_loss (-0.8%),morning,True
CINF,VolumeSpike,2023-12-12,2023-12-12,97.7919,98.3843,0.606,0.31,0,max_hold 919d (+0.6%),morning,True
ALB,GapDown,2023-12-12,2023-12-12,121.1143,122.4543,1.106,0.57,0,max_hold 919d (+1.1%),morning,False
GOOGL,Pullback50,2023-12-12,2023-12-12,130.6515,131.3553,0.539,0.28,0,max_hold 919d (+0.5%),morning,False
GOOG,Pullback50,2023-12-12,2023-12-12,132.1053,132.472,0.278,0.14,0,max_hold 919d (+0.3%),morning,False
ABNB,GapDown,2023-12-12,2023-12-13,140.55,142.95,1.708,1.66,1,max_hold 919d (+1.7%),evening,False
GOOGL,Pullback50,2023-12-12,2023-12-13,131.3553,132.2077,0.649,0.63,1,max_hold 919d (+0.6%),evening,False
GOOG,Pullback50,2023-12-12,2023-12-13,132.472,133.3691,0.677,0.66,1,max_hold 919d (+0.7%),evening,False
CASY,Pullback50,2023-12-12,2023-12-13,269.5389,272.9394,1.262,1.23,1,max_hold 919d (+1.3%),evening,False
ABNB,GapDown,2023-12-13,2023-12-13,142.95,144.51,1.091,1.07,0,max_hold 918d (+1.1%),morning,False
GOOGL,Pullback50,2023-12-13,2023-12-13,132.2077,131.4048,-1.26,-1.24,0,stop_loss (-0.6%),morning,False
GOOG,Pullback50,2023-12-13,2023-12-13,133.3691,132.7991,-0.427,-0.42,0,max_hold 918d (-0.4%),morning,False
CASY,Pullback50,2023-12-13,2023-12-13,272.9394,274.9362,0.732,0.72,0,max_hold 918d (+0.7%),morning,False
APA,MomReversal,2023-12-13,2023-12-14,31.4884,32.139,2.066,2.03,1,max_hold 918d (+2.1%),evening,True
ADBE,VolumeSpike,2023-12-13,2023-12-14,624.26,593.0,-5.008,-4.92,1,stop_loss (-5.0%),evening,True
BG,Pullback50,2023-12-13,2023-12-14,97.5663,98.3737,0.828,0.81,1,max_hold 918d (+0.8%),evening,False
APA,MomReversal,2023-12-14,2023-12-14,32.139,32.2926,0.478,0.47,0,max_hold 917d (+0.5%),morning,True
ADBE,VolumeSpike,2023-12-14,2023-12-14,593.0,584.64,-1.41,-1.37,0,stop_loss (-1.4%),morning,True
BG,Pullback50,2023-12-14,2023-12-14,98.3737,97.7333,-1.79,-1.74,0,stop_loss (-0.7%),morning,False
AMCR,VolumeSpike,2023-12-14,2023-12-15,43.667,43.5321,-0.309,-0.2,1,max_hold 917d (-0.3%),evening,True
AEP,VolumeSpike,2023-12-14,2023-12-15,76.2117,75.4618,-1.17,-0.77,1,stop_loss (-1.0%),evening,True
BRK-B,VolumeSpike,2023-12-14,2023-12-15,358.12,357.63,-0.137,-0.09,1,max_hold 917d (-0.1%),evening,True
CB,VolumeSpike,2023-12-14,2023-12-15,214.8887,213.6219,-2.16,-1.42,1,stop_loss (-0.6%),evening,True
C,VolumeSpike,2023-12-14,2023-12-15,46.6641,46.1532,-0.65,-0.43,1,stop_loss (-1.1%),evening,True
AMCR,VolumeSpike,2023-12-15,2023-12-15,43.5321,43.1723,-3.87,-2.54,0,stop_loss (-0.8%),morning,True
AEP,VolumeSpike,2023-12-15,2023-12-15,75.4618,75.2057,-0.339,-0.22,0,max_hold 916d (-0.3%),morning,True
BRK-B,VolumeSpike,2023-12-15,2023-12-15,357.63,356.5,-0.316,-0.21,0,max_hold 916d (-0.3%),morning,True
CB,VolumeSpike,2023-12-15,2023-12-15,213.6219,214.46,0.392,0.26,0,max_hold 916d (+0.4%),morning,True
C,VolumeSpike,2023-12-15,2023-12-15,46.1532,46.2832,0.282,0.18,0,max_hold 916d (+0.3%),morning,True
MMM,VolumeSpike,2023-12-15,2023-12-18,84.0359,84.0517,0.019,0.0,1,max_hold 916d (+0.0%),evening,True
AOS,VolumeSpike,2023-12-15,2023-12-18,75.564,75.6976,0.177,0.02,1,max_hold 916d (+0.2%),evening,True
ABBV,VolumeSpike,2023-12-15,2023-12-18,141.269,140.3152,-4.7,-0.6,1,stop_loss (-0.7%),evening,True
APD,VolumeSpike,2023-12-15,2023-12-18,253.7535,256.3017,1.004,0.13,1,max_hold 916d (+1.0%),evening,True
MO,VolumeSpike,2023-12-15,2023-12-18,33.9623,34.2063,0.719,0.09,1,max_hold 916d (+0.7%),evening,True
MMM,VolumeSpike,2023-12-18,2023-12-18,84.0517,83.164,-2.24,-0.28,0,stop_loss (-1.1%),morning,True
AOS,VolumeSpike,2023-12-18,2023-12-18,75.6976,75.7453,0.063,0.01,0,max_hold 913d (+0.1%),morning,True
ABBV,VolumeSpike,2023-12-18,2023-12-18,140.3152,140.7004,0.275,0.03,0,max_hold 913d (+0.3%),morning,True
APD,VolumeSpike,2023-12-18,2023-12-18,256.3017,254.0721,-1.63,-0.21,0,stop_loss (-0.9%),morning,True
MO,VolumeSpike,2023-12-18,2023-12-18,34.2063,34.3284,0.357,0.05,0,max_hold 913d (+0.4%),morning,True
AFL,Pullback50,2023-12-18,2023-12-19,77.0536,77.0725,0.025,0.02,1,max_hold 913d (+0.0%),evening,False
BRO,Pullback50,2023-12-18,2023-12-19,69.7897,69.8094,0.028,0.02,1,max_hold 913d (+0.0%),evening,False
CASY,Pullback50,2023-12-18,2023-12-19,268.3033,269.6477,0.501,0.33,1,max_hold 913d (+0.5%),evening,False
CB,Pullback50,2023-12-18,2023-12-19,214.6938,214.6549,-0.018,-0.01,1,max_hold 913d (-0.0%),evening,False
CI,Pullback50,2023-12-18,2023-12-19,278.4043,278.004,-0.144,-0.09,1,max_hold 913d (-0.1%),evening,False
AFL,Pullback50,2023-12-19,2023-12-19,77.0725,77.8214,0.972,0.63,0,max_hold 912d (+1.0%),morning,False
BRO,Pullback50,2023-12-19,2023-12-19,69.8094,69.6915,-0.169,-0.11,0,max_hold 912d (-0.2%),morning,False
CASY,Pullback50,2023-12-19,2023-12-19,269.6477,270.7252,0.4,0.26,0,max_hold 912d (+0.4%),morning,False
CB,Pullback50,2023-12-19,2023-12-19,214.6549,216.1556,0.699,0.46,0,max_hold 912d (+0.7%),morning,False
CI,Pullback50,2023-12-19,2023-12-19,278.004,280.5491,0.915,0.6,0,max_hold 912d (+0.9%),morning,False
BG,Pullback50,2023-12-19,2023-12-20,97.6962,96.9816,-0.54,-0.52,1,stop_loss (-0.7%),evening,False
CASY,Pullback50,2023-12-19,2023-12-20,270.7252,270.5077,-0.08,-0.08,1,max_hold 912d (-0.1%),evening,False
CF,Pullback50,2023-12-19,2023-12-20,73.8558,73.3182,-1.59,-1.53,1,stop_loss (-0.7%),evening,False
CME,Pullback50,2023-12-19,2023-12-20,189.2525,189.5902,0.178,0.17,1,max_hold 912d (+0.2%),evening,False
BG,Pullback50,2023-12-20,2023-12-20,96.9816,94.2717,-2.794,-2.66,0,stop_loss (-2.8%),morning,False
CASY,Pullback50,2023-12-20,2023-12-20,270.5077,266.3362,-1.542,-1.47,0,stop_loss (-1.5%),morning,False
CF,Pullback50,2023-12-20,2023-12-20,73.3182,73.3465,0.039,0.04,0,max_hold 911d (+0.0%),morning,False
CME,Pullback50,2023-12-20,2023-12-20,189.5902,187.5639,-4.22,-4.01,0,stop_loss (-1.1%),morning,False
AON,GapDown,2023-12-20,2023-12-21,289.1569,287.4953,-1.05,-1.0,1,stop_loss (-0.6%),evening,False
AON,GapDown,2023-12-21,2023-12-21,287.4953,283.3269,-1.45,-1.36,0,stop_loss (-1.4%),morning,False
CCL,VolumeSpike,2023-12-21,2023-12-22,18.9854,18.9359,-0.261,-0.17,1,max_hold 910d (-0.3%),evening,True
AFL,Pullback50,2023-12-21,2023-12-22,76.9778,77.2621,0.369,0.24,1,max_hold 910d (+0.4%),evening,False
BKR,Pullback50,2023-12-21,2023-12-22,32.2579,32.5895,1.028,0.66,1,max_hold 910d (+1.0%),evening,False
CAH,Pullback50,2023-12-21,2023-12-22,97.4257,97.7336,0.316,0.2,1,max_hold 910d (+0.3%),evening,False
CASY,Pullback50,2023-12-21,2023-12-22,270.8537,271.2095,0.131,0.08,1,max_hold 910d (+0.1%),evening,False
CCL,VolumeSpike,2023-12-22,2023-12-22,18.9359,18.7282,-2.83,-1.81,0,stop_loss (-1.1%),morning,True
AFL,Pullback50,2023-12-22,2023-12-22,77.2621,77.2052,-0.074,-0.05,0,max_hold 909d (-0.1%),morning,False
BKR,Pullback50,2023-12-22,2023-12-22,32.5895,32.3337,-0.93,-0.59,0,stop_loss (-0.8%),morning,False
CAH,Pullback50,2023-12-22,2023-12-22,97.7336,97.5123,-0.226,-0.14,0,max_hold 909d (-0.2%),morning,False
CASY,Pullback50,2023-12-22,2023-12-22,271.2095,270.6658,-0.2,-0.13,0,max_hold 909d (-0.2%),morning,False
ADP,Pullback50,2023-12-22,2023-12-26,217.6441,218.2284,0.268,0.25,1,max_hold 909d (+0.3%),evening,False
CME,Pullback50,2023-12-22,2023-12-26,190.4612,190.6567,0.103,0.1,1,max_hold 909d (+0.1%),evening,False
ADP,Pullback50,2023-12-26,2023-12-26,218.2284,219.1236,0.41,0.38,0,max_hold 905d (+0.4%),morning,False
CME,Pullback50,2023-12-26,2023-12-26,190.6567,190.8966,0.126,0.12,0,max_hold 905d (+0.1%),morning,False
CAH,Pullback50,2023-12-26,2023-12-27,97.3295,97.0792,-0.257,-0.24,1,max_hold 905d (-0.3%),evening,False
CME,Pullback50,2023-12-26,2023-12-27,190.8966,190.4867,-0.215,-0.2,1,max_hold 905d (-0.2%),evening,False
CAH,Pullback50,2023-12-27,2023-12-27,97.0792,97.1562,0.079,0.07,0,max_hold 904d (+0.1%),morning,False
CME,Pullback50,2023-12-27,2023-12-27,190.4867,191.7985,0.689,0.65,0,max_hold 904d (+0.7%),morning,False
CAH,Pullback50,2023-12-27,2023-12-28,97.1562,97.2621,0.109,0.1,1,max_hold 904d (+0.1%),evening,False
CASY,Pullback50,2023-12-27,2023-12-28,271.3776,271.1898,-0.069,-0.06,1,max_hold 904d (-0.1%),evening,False
CAH,Pullback50,2023-12-28,2023-12-28,97.2621,96.5019,-5.95,-5.57,0,stop_loss (-0.8%),morning,False
CASY,Pullback50,2023-12-28,2023-12-28,271.1898,271.8521,0.244,0.23,0,max_hold 903d (+0.2%),morning,False
COIN,GapDown,2023-12-28,2023-12-29,186.36,186.06,-0.161,-0.15,1,max_hold 903d (-0.2%),evening,False
CASY,Pullback50,2023-12-28,2023-12-29,271.8521,271.348,-0.185,-0.17,1,max_hold 903d (-0.2%),evening,False
COIN,GapDown,2023-12-29,2023-12-29,186.06,173.92,-6.525,-5.97,0,stop_loss (-6.5%),morning,False
CASY,Pullback50,2023-12-29,2023-12-29,271.348,271.5852,0.087,0.08,0,max_hold 902d (+0.1%),morning,False
AZO,Pullback50,2023-12-29,2024-01-02,2585.6101,2590.0,0.17,0.16,1,max_hold 902d (+0.2%),evening,False
BRO,Pullback50,2023-12-29,2024-01-02,69.8683,69.7799,-0.127,-0.12,1,max_hold 902d (-0.1%),evening,False
CAH,Pullback50,2023-12-29,2024-01-02,97.4893,97.3733,-0.119,-0.11,1,max_hold 902d (-0.1%),evening,False
CASY,Pullback50,2023-12-29,2024-01-02,271.5852,270.2507,-0.491,-0.45,1,max_hold 902d (-0.5%),evening,False
AZO,Pullback50,2024-01-02,2024-01-02,2590.0,2568.5,-3.87,-3.55,0,stop_loss (-0.8%),morning,False
BRO,Pullback50,2024-01-02,2024-01-02,69.7799,69.5146,-0.38,-0.35,0,max_hold 898d (-0.4%),morning,False
CAH,Pullback50,2024-01-02,2024-01-02,97.3733,99.2495,1.927,1.77,0,max_hold 898d (+1.9%),morning,False
CASY,Pullback50,2024-01-02,2024-01-02,270.2507,274.3925,1.533,1.41,0,max_hold 898d (+1.5%),morning,False
CVNA,GapDown,2024-01-03,2024-01-04,9.338,9.24,-0.71,-0.65,1,stop_loss (-1.0%),evening,False
COIN,GapDown,2024-01-03,2024-01-04,152.24,152.5,0.171,0.16,1,max_hold 897d (+0.2%),evening,False
CVNA,GapDown,2024-01-04,2024-01-04,9.24,9.318,0.844,0.77,0,max_hold 896d (+0.8%),morning,False
COIN,GapDown,2024-01-04,2024-01-04,152.5,155.6,2.033,1.86,0,max_hold 896d (+2.0%),morning,False
ADI,GapDown,2024-01-04,2024-01-05,178.9458,178.8881,-0.032,-0.03,1,max_hold 896d (-0.0%),evening,False
APTV,GapDown,2024-01-04,2024-01-05,83.59,83.85,0.311,0.28,1,max_hold 896d (+0.3%),evening,False
ADI,GapDown,2024-01-05,2024-01-05,178.8881,179.4075,0.29,0.27,0,max_hold 895d (+0.3%),morning,False
APTV,GapDown,2024-01-05,2024-01-05,83.85,83.48,-0.441,-0.4,0,max_hold 895d (-0.4%),morning,False
CVNA,GapDown,2024-01-05,2024-01-08,9.374,9.348,-0.277,-0.25,1,max_hold 895d (-0.3%),evening,False
AMZN,Pullback50,2024-01-05,2024-01-08,145.24,146.74,1.033,0.95,1,max_hold 895d (+1.0%),evening,False
CVNA,GapDown,2024-01-08,2024-01-08,9.348,9.666,3.402,3.15,0,max_hold 892d (+3.4%),morning,False
AMZN,Pullback50,2024-01-08,2024-01-08,146.74,149.1,1.608,1.49,0,max_hold 892d (+1.6%),morning,False
BA,GapDown,2024-01-08,2024-01-09,229.0,225.66,-1.459,-0.54,1,stop_loss (-1.5%),evening,False
AMAT,Pullback50,2024-01-08,2024-01-09,148.5251,146.8689,-1.04,-0.38,1,stop_loss (-1.1%),evening,False
APP,Pullback50,2024-01-08,2024-01-09,39.29,38.76,-1.349,-0.5,1,stop_loss (-1.3%),evening,False
BRO,Pullback50,2024-01-08,2024-01-09,70.9295,70.5364,-2.45,-0.9,1,stop_loss (-0.6%),evening,False
CDNS,Pullback50,2024-01-08,2024-01-09,261.91,259.5,-1.02,-0.37,1,stop_loss (-0.9%),evening,False
BA,GapDown,2024-01-09,2024-01-09,225.66,225.76,0.044,0.02,0,max_hold 891d (+0.0%),morning,False
AMAT,Pullback50,2024-01-09,2024-01-09,146.8689,148.0057,0.774,0.28,0,max_hold 891d (+0.8%),morning,False
APP,Pullback50,2024-01-09,2024-01-09,38.76,39.14,0.98,0.36,0,max_hold 891d (+1.0%),morning,False
BRO,Pullback50,2024-01-09,2024-01-09,70.5364,70.615,0.111,0.04,0,max_hold 891d (+0.1%),morning,False
CDNS,Pullback50,2024-01-09,2024-01-09,259.5,261.75,0.867,0.32,0,max_hold 891d (+0.9%),morning,False
BDX,52wkLow,2024-01-09,2024-01-10,177.5739,177.6785,0.059,0.03,1,max_hold 891d (+0.1%),evening,True
ADBE,Pullback50,2024-01-09,2024-01-10,586.2,585.43,-0.131,-0.07,1,max_hold 891d (-0.1%),evening,False
AMAT,Pullback50,2024-01-09,2024-01-10,148.0057,148.7309,0.49,0.27,1,max_hold 891d (+0.5%),evening,False
APP,Pullback50,2024-01-09,2024-01-10,39.14,39.39,0.639,0.35,1,max_hold 891d (+0.6%),evening,False
BA,Pullback50,2024-01-09,2024-01-10,225.76,226.9,0.505,0.28,1,max_hold 891d (+0.5%),evening,False
BDX,52wkLow,2024-01-10,2024-01-10,177.6785,177.9995,0.181,0.1,0,max_hold 890d (+0.2%),morning,True
ADBE,Pullback50,2024-01-10,2024-01-10,585.43,591.03,0.957,0.53,0,max_hold 890d (+1.0%),morning,False
AMAT,Pullback50,2024-01-10,2024-01-10,148.7309,146.8102,-1.291,-0.71,0,stop_loss (-1.3%),morning,False
APP,Pullback50,2024-01-10,2024-01-10,39.39,40.53,2.894,1.59,0,max_hold 890d (+2.9%),morning,False
BA,Pullback50,2024-01-10,2024-01-10,226.9,227.84,0.414,0.23,0,max_hold 890d (+0.4%),morning,False
BDX,52wkLow,2024-01-10,2024-01-11,177.9995,177.8577,-0.08,-0.07,1,max_hold 890d (-0.1%),evening,True
ADBE,Pullback50,2024-01-10,2024-01-11,591.03,592.0,0.164,0.14,1,max_hold 890d (+0.2%),evening,False
BA,Pullback50,2024-01-10,2024-01-11,227.84,228.07,0.101,0.09,1,max_hold 890d (+0.1%),evening,False
CDNS,Pullback50,2024-01-10,2024-01-11,263.26,265.24,0.752,0.66,1,max_hold 890d (+0.8%),evening,False
CBOE,Pullback50,2024-01-10,2024-01-11,171.7386,171.9537,0.125,0.11,1,max_hold 890d (+0.1%),evening,False
BDX,52wkLow,2024-01-11,2024-01-11,177.8577,175.461,-1.347,-1.19,0,stop_loss (-1.3%),morning,True
ADBE,Pullback50,2024-01-11,2024-01-11,592.0,597.49,0.927,0.82,0,max_hold 889d (+0.9%),morning,False
BA,Pullback50,2024-01-11,2024-01-11,228.07,222.66,-2.372,-2.1,0,stop_loss (-2.4%),morning,False
CDNS,Pullback50,2024-01-11,2024-01-11,265.24,266.79,0.584,0.52,0,max_hold 889d (+0.6%),morning,False
CBOE,Pullback50,2024-01-11,2024-01-11,171.9537,173.8803,1.12,0.99,0,max_hold 889d (+1.1%),morning,False
ADBE,Pullback50,2024-01-11,2024-01-12,597.49,598.39,0.151,0.11,1,max_hold 889d (+0.2%),evening,False
AMAT,Pullback50,2024-01-11,2024-01-12,148.9073,149.1523,0.165,0.12,1,max_hold 889d (+0.2%),evening,False
AIZ,Pullback50,2024-01-11,2024-01-12,160.3241,159.8142,-0.318,-0.23,1,max_hold 889d (-0.3%),evening,False
BRO,Pullback50,2024-01-11,2024-01-12,71.5779,72.1675,0.824,0.61,1,max_hold 889d (+0.8%),evening,False
CDNS,Pullback50,2024-01-11,2024-01-12,266.79,267.67,0.33,0.24,1,max_hold 889d (+0.3%),evening,False
ADBE,Pullback50,2024-01-12,2024-01-12,598.39,596.54,-0.309,-0.23,0,max_hold 888d (-0.3%),morning,False
AMAT,Pullback50,2024-01-12,2024-01-12,149.1523,148.2213,-0.75,-0.55,0,stop_loss (-0.6%),morning,False
AIZ,Pullback50,2024-01-12,2024-01-12,159.8142,158.438,-1.57,-1.16,0,stop_loss (-0.9%),morning,False
BRO,Pullback50,2024-01-12,2024-01-12,72.1675,73.1795,1.402,1.03,0,max_hold 888d (+1.4%),morning,False
CDNS,Pullback50,2024-01-12,2024-01-12,267.67,268.5,0.31,0.23,0,max_hold 888d (+0.3%),morning,False
APD,52wkLow,2024-01-16,2024-01-17,245.5681,243.3147,-1.02,-0.75,1,stop_loss (-0.9%),evening,True
ADBE,Pullback50,2024-01-16,2024-01-17,597.68,591.99,-0.71,-0.52,1,stop_loss (-1.0%),evening,False
AFL,Pullback50,2024-01-16,2024-01-17,78.229,78.0962,-0.17,-0.12,1,max_hold 884d (-0.2%),evening,False
BALL,Pullback50,2024-01-16,2024-01-17,53.5997,52.962,-0.66,-0.49,1,stop_loss (-1.2%),evening,False
CNP,Pullback50,2024-01-16,2024-01-17,26.7797,26.5732,-1.6,-1.18,1,stop_loss (-0.8%),evening,False
APD,52wkLow,2024-01-17,2024-01-17,243.3147,245.2758,0.806,0.59,0,max_hold 883d (+0.8%),morning,True
ADBE,Pullback50,2024-01-17,2024-01-17,591.99,596.1,0.694,0.51,0,max_hold 883d (+0.7%),morning,False
AFL,Pullback50,2024-01-17,2024-01-17,78.0962,78.5133,0.534,0.39,0,max_hold 883d (+0.5%),morning,False
BALL,Pullback50,2024-01-17,2024-01-17,52.962,52.7785,-0.347,-0.25,0,max_hold 883d (-0.3%),morning,False
CNP,Pullback50,2024-01-17,2024-01-17,26.5732,26.3292,-1.11,-0.81,0,stop_loss (-0.9%),morning,False
APD,52wkLow,2024-01-17,2024-01-18,245.2758,244.4273,-0.346,-0.12,1,max_hold 883d (-0.3%),evening,True
BMY,52wkLow,2024-01-17,2024-01-18,44.8497,44.5267,-0.96,-0.32,1,stop_loss (-0.7%),evening,True
CVNA,GapDown,2024-01-17,2024-01-18,8.442,8.6,1.872,0.63,1,max_hold 883d (+1.9%),evening,False
SCHW,GapDown,2024-01-17,2024-01-18,61.3395,61.1268,-0.347,-0.12,1,max_hold 883d (-0.3%),evening,False
ADBE,Pullback50,2024-01-17,2024-01-18,596.1,586.9,-1.543,-0.52,1,stop_loss (-1.5%),evening,False
APD,52wkLow,2024-01-18,2024-01-18,244.4273,245.1721,0.305,0.1,0,max_hold 882d (+0.3%),morning,True
BMY,52wkLow,2024-01-18,2024-01-18,44.5267,44.9484,0.947,0.32,0,max_hold 882d (+0.9%),morning,True
CVNA,GapDown,2024-01-18,2024-01-18,8.6,8.568,-0.372,-0.13,0,max_hold 882d (-0.4%),morning,False
SCHW,GapDown,2024-01-18,2024-01-18,61.1268,60.6337,-0.84,-0.28,0,stop_loss (-0.8%),morning,False
ADBE,Pullback50,2024-01-18,2024-01-18,586.9,593.7,1.159,0.39,0,max_hold 882d (+1.2%),morning,False
APD,52wkLow,2024-01-18,2024-01-19,245.1721,245.2947,0.05,0.01,1,max_hold 882d (+0.0%),evening,True
AEE,52wkLow,2024-01-18,2024-01-19,64.48,64.6653,0.287,0.07,1,max_hold 882d (+0.3%),evening,True
BMY,52wkLow,2024-01-18,2024-01-19,44.9484,44.9664,0.04,0.01,1,max_hold 882d (+0.0%),evening,True
CVX,52wkLow,2024-01-18,2024-01-19,127.5123,127.4314,-0.063,-0.02,1,max_hold 882d (-0.1%),evening,True
CHTR,MomReversal,2024-01-18,2024-01-19,364.55,364.18,-0.101,-0.02,1,max_hold 882d (-0.1%),evening,True
APD,52wkLow,2024-01-19,2024-01-19,245.2947,245.7473,0.185,0.04,0,max_hold 881d (+0.2%),morning,True
AEE,52wkLow,2024-01-19,2024-01-19,64.6653,64.1744,-5.08,-1.24,0,stop_loss (-0.8%),morning,True
BMY,52wkLow,2024-01-19,2024-01-19,44.9664,44.9664,0.0,0.0,0,max_hold 881d (+0.0%),morning,True
CVX,52wkLow,2024-01-19,2024-01-19,127.4314,127.89,0.36,0.09,0,max_hold 881d (+0.4%),morning,True
CHTR,MomReversal,2024-01-19,2024-01-19,364.18,371.1,1.9,0.46,0,max_hold 881d (+1.9%),morning,True
APD,52wkLow,2024-01-19,2024-01-22,245.7473,243.7107,-0.64,-0.17,1,stop_loss (-0.8%),evening,True
AEE,52wkLow,2024-01-19,2024-01-22,64.1744,64.0725,-0.159,-0.04,1,max_hold 881d (-0.2%),evening,True
ADM,52wkLow,2024-01-19,2024-01-22,62.4578,52.0985,-16.586,-4.28,1,stop_loss (-16.6%),evening,True
BMY,52wkLow,2024-01-19,2024-01-22,44.9664,45.101,0.299,0.08,1,max_hold 881d (+0.3%),evening,True
CVX,52wkLow,2024-01-19,2024-01-22,127.89,127.5932,-0.232,-0.06,1,max_hold 881d (-0.2%),evening,True
APD,52wkLow,2024-01-22,2024-01-22,243.7107,246.0206,0.948,0.24,0,max_hold 878d (+0.9%),morning,True
AEE,52wkLow,2024-01-22,2024-01-22,64.0725,63.7761,-0.463,-0.12,0,max_hold 878d (-0.5%),morning,True
ADM,52wkLow,2024-01-22,2024-01-22,52.0985,47.3448,-9.124,-2.33,0,stop_loss (-9.1%),morning,True
BMY,52wkLow,2024-01-22,2024-01-22,45.101,44.4818,-1.373,-0.35,0,stop_loss (-1.4%),morning,True
CVX,52wkLow,2024-01-22,2024-01-22,127.5932,128.1147,0.409,0.1,0,max_hold 878d (+0.4%),morning,True
APD,52wkLow,2024-01-22,2024-01-23,246.0206,247.3595,0.544,0.21,1,max_hold 878d (+0.5%),evening,True
BG,52wkLow,2024-01-22,2024-01-23,82.374,82.8566,0.586,0.23,1,max_hold 878d (+0.6%),evening,True
CHTR,MomReversal,2024-01-22,2024-01-23,373.15,377.5,1.166,0.46,1,max_hold 878d (+1.2%),evening,True
CNC,Pullback50,2024-01-22,2024-01-23,75.17,75.19,0.027,0.01,1,max_hold 878d (+0.0%),evening,False
AWK,RSIRecovery,2024-01-22,2024-01-23,119.3885,119.9438,0.465,0.18,1,max_hold 878d (+0.5%),evening,False
APD,52wkLow,2024-01-23,2024-01-23,247.3595,248.1987,0.339,0.13,0,max_hold 877d (+0.3%),morning,True
BG,52wkLow,2024-01-23,2024-01-23,82.8566,83.6919,1.008,0.4,0,max_hold 877d (+1.0%),morning,True
CHTR,MomReversal,2024-01-23,2024-01-23,377.5,378.64,0.302,0.12,0,max_hold 877d (+0.3%),morning,True
CNC,Pullback50,2024-01-23,2024-01-23,75.19,75.56,0.492,0.19,0,max_hold 877d (+0.5%),morning,False
AWK,RSIRecovery,2024-01-23,2024-01-23,119.9438,118.8239,-5.95,-2.34,0,stop_loss (-0.9%),morning,False
APD,52wkLow,2024-01-23,2024-01-24,248.1987,248.1893,-0.004,-0.0,1,max_hold 877d (-0.0%),evening,True
AEE,52wkLow,2024-01-23,2024-01-24,63.9335,64.3781,0.695,0.5,1,max_hold 877d (+0.7%),evening,True
BG,52wkLow,2024-01-23,2024-01-24,83.6919,83.9146,0.266,0.19,1,max_hold 877d (+0.3%),evening,True
COIN,GapDown,2024-01-23,2024-01-24,124.19,127.28,2.488,1.79,1,max_hold 877d (+2.5%),evening,False
BKR,VolumeSpike,2024-01-23,2024-01-24,29.8793,28.6663,-4.06,-2.92,1,stop_loss (-4.1%),evening,False
APD,52wkLow,2024-01-24,2024-01-24,248.1893,242.4661,-2.306,-1.66,0,stop_loss (-2.3%),morning,True
AEE,52wkLow,2024-01-24,2024-01-24,64.3781,63.3222,-1.64,-1.18,0,stop_loss (-1.6%),morning,True
BG,52wkLow,2024-01-24,2024-01-24,83.9146,82.6989,-1.449,-1.04,0,stop_loss (-1.4%),morning,True
COIN,GapDown,2024-01-24,2024-01-24,127.28,121.34,-4.667,-3.36,0,stop_loss (-4.7%),morning,False
BKR,VolumeSpike,2024-01-24,2024-01-24,28.6663,28.4673,-0.62,-0.45,0,stop_loss (-0.7%),morning,False
APD,52wkLow,2024-01-24,2024-01-25,242.4661,244.3141,0.762,0.4,1,max_hold 876d (+0.8%),evening,True
AEE,52wkLow,2024-01-24,2024-01-25,63.3222,63.739,0.658,0.35,1,max_hold 876d (+0.7%),evening,True
BF-B,52wkLow,2024-01-24,2024-01-25,51.0432,51.3893,0.678,0.36,1,max_hold 876d (+0.7%),evening,True
T,GapDown,2024-01-24,2024-01-25,14.9456,15.0263,0.54,0.29,1,max_hold 876d (+0.5%),evening,False
ADBE,Pullback50,2024-01-24,2024-01-25,606.48,615.42,1.474,0.78,1,max_hold 876d (+1.5%),evening,False
APD,52wkLow,2024-01-25,2024-01-25,244.3141,248.5852,1.748,0.93,0,max_hold 875d (+1.7%),morning,True
AEE,52wkLow,2024-01-25,2024-01-25,63.739,64.5449,1.264,0.67,0,max_hold 875d (+1.3%),morning,True
BF-B,52wkLow,2024-01-25,2024-01-25,51.3893,52.119,1.42,0.76,0,max_hold 875d (+1.4%),morning,True
T,GapDown,2024-01-25,2024-01-25,15.0263,15.3936,2.445,1.3,0,max_hold 875d (+2.4%),morning,False
ADBE,Pullback50,2024-01-25,2024-01-25,615.42,622.58,1.163,0.62,0,max_hold 875d (+1.2%),morning,False
APD,52wkLow,2024-01-25,2024-01-26,248.5852,250.9613,0.956,0.27,1,max_hold 875d (+1.0%),evening,True
MO,52wkLow,2024-01-25,2024-01-26,33.4827,33.6576,0.522,0.15,1,max_hold 875d (+0.5%),evening,True
BMY,52wkLow,2024-01-25,2024-01-26,44.5177,44.8318,0.706,0.2,1,max_hold 875d (+0.7%),evening,True
BKR,MomReversal,2024-01-25,2024-01-26,28.7137,28.6758,-0.132,-0.04,1,max_hold 875d (-0.1%),evening,True
AMP,GapDown,2024-01-25,2024-01-26,378.6958,380.6794,0.524,0.15,1,max_hold 875d (+0.5%),evening,False
APD,52wkLow,2024-01-26,2024-01-26,250.9613,246.9352,-1.604,-0.46,0,stop_loss (-1.6%),morning,True
MO,52wkLow,2024-01-26,2024-01-26,33.6576,33.4744,-1.2,-0.34,0,stop_loss (-0.5%),morning,True
BMY,52wkLow,2024-01-26,2024-01-26,44.8318,44.5985,-2.31,-0.66,0,stop_loss (-0.5%),morning,True
BKR,MomReversal,2024-01-26,2024-01-26,28.6758,28.8842,0.727,0.21,0,max_hold 874d (+0.7%),morning,True
AMP,GapDown,2024-01-26,2024-01-26,380.6794,378.7152,-2.54,-0.73,0,stop_loss (-0.5%),morning,False
AEE,52wkLow,2024-01-26,2024-01-29,64.3874,64.4893,0.158,0.08,1,max_hold 874d (+0.2%),evening,True
BKR,MomReversal,2024-01-26,2024-01-29,28.8842,28.6379,-1.48,-0.7,1,stop_loss (-0.9%),evening,True
AMCR,Pullback50,2024-01-26,2024-01-29,42.9025,42.8575,-0.105,-0.05,1,max_hold 874d (-0.1%),evening,False
ACGL,Pullback50,2024-01-26,2024-01-29,75.9768,75.3777,-1.99,-0.95,1,stop_loss (-0.8%),evening,False
AVB,Pullback50,2024-01-26,2024-01-29,163.925,164.008,0.051,0.02,1,max_hold 874d (+0.1%),evening,False
AEE,52wkLow,2024-01-29,2024-01-29,64.4893,64.6468,0.244,0.12,0,max_hold 871d (+0.2%),morning,True
BKR,MomReversal,2024-01-29,2024-01-29,28.6379,28.4294,-5.73,-2.72,0,stop_loss (-0.7%),morning,True
AMCR,Pullback50,2024-01-29,2024-01-29,42.8575,43.0824,0.525,0.25,0,max_hold 871d (+0.5%),morning,False
ACGL,Pullback50,2024-01-29,2024-01-29,75.3777,75.8151,0.58,0.28,0,max_hold 871d (+0.6%),morning,False
AVB,Pullback50,2024-01-29,2024-01-29,164.008,164.6453,0.389,0.18,0,max_hold 871d (+0.4%),morning,False
ADM,MomReversal,2024-01-29,2024-01-30,50.3216,50.4681,0.291,0.11,1,max_hold 871d (+0.3%),evening,True
AMCR,Pullback50,2024-01-29,2024-01-30,43.0824,42.8575,-13.91,-5.38,1,stop_loss (-0.5%),evening,False
ACGL,Pullback50,2024-01-29,2024-01-30,75.8151,75.7105,-0.138,-0.05,1,max_hold 871d (-0.1%),evening,False
ATO,Pullback50,2024-01-29,2024-01-30,107.6458,107.3161,-0.306,-0.12,1,max_hold 871d (-0.3%),evening,False
AVB,Pullback50,2024-01-29,2024-01-30,164.6453,163.9434,-0.426,-0.16,1,max_hold 871d (-0.4%),evening,False
ADM,MomReversal,2024-01-30,2024-01-30,50.4681,51.2925,1.633,0.62,0,max_hold 870d (+1.6%),morning,True
AMCR,Pullback50,2024-01-30,2024-01-30,42.8575,42.9924,0.315,0.12,0,max_hold 870d (+0.3%),morning,False
ACGL,Pullback50,2024-01-30,2024-01-30,75.7105,76.6234,1.206,0.46,0,max_hold 870d (+1.2%),morning,False
ATO,Pullback50,2024-01-30,2024-01-30,107.3161,107.8813,0.527,0.2,0,max_hold 870d (+0.5%),morning,False
AVB,Pullback50,2024-01-30,2024-01-30,163.9434,164.793,0.518,0.2,0,max_hold 870d (+0.5%),morning,False
APD,52wkLow,2024-01-30,2024-01-31,244.465,246.1904,0.706,0.15,1,max_hold 870d (+0.7%),evening,True
AEE,52wkLow,2024-01-30,2024-01-31,64.8691,65.5175,1.0,0.21,1,max_hold 870d (+1.0%),evening,True
AOS,GapDown,2024-01-30,2024-01-31,76.3594,76.4935,0.176,0.04,1,max_hold 870d (+0.2%),evening,False
BKR,GapDown,2024-01-30,2024-01-31,27.8039,27.8892,0.307,0.06,1,max_hold 870d (+0.3%),evening,False
AMCR,Pullback50,2024-01-30,2024-01-31,42.9924,43.1273,0.314,0.07,1,max_hold 870d (+0.3%),evening,False
APD,52wkLow,2024-01-31,2024-01-31,246.1904,241.0989,-2.068,-0.44,0,stop_loss (-2.1%),morning,True
AEE,52wkLow,2024-01-31,2024-01-31,65.5175,64.443,-1.64,-0.35,0,stop_loss (-1.6%),morning,True
AOS,GapDown,2024-01-31,2024-01-31,76.4935,74.3383,-2.817,-0.59,0,stop_loss (-2.8%),morning,False
BKR,GapDown,2024-01-31,2024-01-31,27.8892,27.0079,-3.16,-0.67,0,stop_loss (-3.2%),morning,False
AMCR,Pullback50,2024-01-31,2024-01-31,43.1273,42.4078,-1.668,-0.35,0,stop_loss (-1.7%),morning,False
APD,52wkLow,2024-01-31,2024-02-01,241.0989,243.0884,0.825,0.19,1,max_hold 869d (+0.8%),evening,True
ALB,52wkLow,2024-01-31,2024-02-01,110.1348,112.3041,1.97,0.46,1,max_hold 869d (+2.0%),evening,True
MO,52wkLow,2024-01-31,2024-02-01,33.4078,33.8075,1.196,0.28,1,max_hold 869d (+1.2%),evening,True
BMY,52wkLow,2024-01-31,2024-02-01,43.8536,43.8357,-0.041,-0.01,1,max_hold 869d (-0.0%),evening,True
BF-B,52wkLow,2024-01-31,2024-02-01,51.3613,51.3519,-0.018,-0.0,1,max_hold 869d (-0.0%),evening,True
APD,52wkLow,2024-02-01,2024-02-01,243.0884,244.7289,0.675,0.16,0,max_hold 868d (+0.7%),morning,True
ALB,52wkLow,2024-02-01,2024-02-01,112.3041,112.0929,-0.188,-0.04,0,max_hold 868d (-0.2%),morning,True
MO,52wkLow,2024-02-01,2024-02-01,33.8075,34.7401,2.759,0.64,0,max_hold 868d (+2.8%),morning,True
BMY,52wkLow,2024-02-01,2024-02-01,43.8357,43.6742,-0.368,-0.09,0,max_hold 868d (-0.4%),morning,True
BF-B,52wkLow,2024-02-01,2024-02-01,51.3519,53.354,3.899,0.91,0,max_hold 868d (+3.9%),morning,True
ALB,52wkLow,2024-02-01,2024-02-02,112.0929,109.7508,-2.089,-0.33,1,stop_loss (-2.1%),evening,True
AEE,52wkLow,2024-02-01,2024-02-02,65.4897,64.7857,-0.84,-0.13,1,stop_loss (-1.1%),evening,True
BMY,52wkLow,2024-02-01,2024-02-02,43.6742,44.2126,1.233,0.19,1,max_hold 868d (+1.2%),evening,True
CHRW,52wkLow,2024-02-01,2024-02-02,69.5189,69.1689,-0.53,-0.08,1,stop_loss (-0.5%),evening,True
ALGN,VolumeSpike,2024-02-01,2024-02-02,273.38,270.0,-1.236,-0.19,1,stop_loss (-1.2%),evening,True
ALB,52wkLow,2024-02-02,2024-02-02,109.7508,109.6644,-0.079,-0.01,0,max_hold 867d (-0.1%),morning,True
AEE,52wkLow,2024-02-02,2024-02-02,64.7857,64.2948,-2.69,-0.42,0,stop_loss (-0.8%),morning,True
BMY,52wkLow,2024-02-02,2024-02-02,44.2126,43.7101,-0.94,-0.15,0,stop_loss (-1.1%),morning,True
CHRW,52wkLow,2024-02-02,2024-02-02,69.1689,70.1148,1.367,0.21,0,max_hold 867d (+1.4%),morning,True
ALGN,VolumeSpike,2024-02-02,2024-02-02,270.0,273.9,1.444,0.23,0,max_hold 867d (+1.4%),morning,True
APD,52wkLow,2024-02-02,2024-02-05,243.4183,214.0294,-12.073,-2.99,1,stop_loss (-12.1%),evening,True
AON,52wkLow,2024-02-02,2024-02-05,288.0588,287.9701,-0.031,-0.01,1,max_hold 867d (-0.0%),evening,True
BMY,52wkLow,2024-02-02,2024-02-05,43.7101,43.5396,-0.39,-0.1,1,max_hold 867d (-0.4%),evening,True
CHRW,52wkLow,2024-02-02,2024-02-05,70.1148,69.4148,-5.69,-1.41,1,stop_loss (-1.0%),evening,True
CHTR,52wkLow,2024-02-02,2024-02-05,319.21,316.11,-0.52,-0.13,1,stop_loss (-1.0%),evening,True
APD,52wkLow,2024-02-05,2024-02-05,214.0294,205.5625,-3.956,-0.97,0,stop_loss (-4.0%),morning,True
AON,52wkLow,2024-02-05,2024-02-05,287.9701,292.2063,1.471,0.36,0,max_hold 864d (+1.5%),morning,True
BMY,52wkLow,2024-02-05,2024-02-05,43.5396,43.055,-0.94,-0.23,0,stop_loss (-1.1%),morning,True
CHRW,52wkLow,2024-02-05,2024-02-05,69.4148,70.0296,0.886,0.22,0,max_hold 864d (+0.9%),morning,True
CHTR,52wkLow,2024-02-05,2024-02-05,316.11,303.65,-3.942,-0.97,0,stop_loss (-3.9%),morning,True
APD,52wkLow,2024-02-05,2024-02-06,205.5625,206.2131,0.316,0.1,1,max_hold 864d (+0.3%),evening,True
ALB,52wkLow,2024-02-05,2024-02-06,104.366,105.3931,0.984,0.31,1,max_hold 864d (+1.0%),evening,True
AEE,52wkLow,2024-02-05,2024-02-06,62.9609,62.7293,-0.368,-0.12,1,max_hold 864d (-0.4%),evening,True
CHTR,52wkLow,2024-02-05,2024-02-06,303.65,303.14,-0.168,-0.05,1,max_hold 864d (-0.2%),evening,True
A,VolumeSpike,2024-02-05,2024-02-06,130.5535,130.3864,-0.128,-0.04,1,max_hold 864d (-0.1%),evening,True
APD,52wkLow,2024-02-06,2024-02-06,206.2131,205.5908,-0.302,-0.1,0,max_hold 863d (-0.3%),morning,True
ALB,52wkLow,2024-02-06,2024-02-06,105.3931,108.4838,2.933,0.94,0,max_hold 863d (+2.9%),morning,True
AEE,52wkLow,2024-02-06,2024-02-06,62.7293,63.3407,0.975,0.31,0,max_hold 863d (+1.0%),morning,True
CHTR,52wkLow,2024-02-06,2024-02-06,303.14,290.28,-4.242,-1.36,0,stop_loss (-4.2%),morning,True
A,VolumeSpike,2024-02-06,2024-02-06,130.3864,133.5416,2.42,0.77,0,max_hold 863d (+2.4%),morning,True
APD,52wkLow,2024-02-06,2024-02-07,205.5908,205.8642,0.133,0.03,1,max_hold 863d (+0.1%),evening,True
AEE,52wkLow,2024-02-06,2024-02-07,63.3407,63.526,0.292,0.06,1,max_hold 863d (+0.3%),evening,True
BMY,52wkLow,2024-02-06,2024-02-07,44.2036,44.1408,-0.142,-0.03,1,max_hold 863d (-0.1%),evening,True
BG,52wkLow,2024-02-06,2024-02-07,83.5527,81.0005,-3.055,-0.64,1,stop_loss (-3.1%),evening,True
CHTR,52wkLow,2024-02-06,2024-02-07,290.28,290.0,-0.096,-0.02,1,max_hold 863d (-0.1%),evening,True
APD,52wkLow,2024-02-07,2024-02-07,205.8642,203.0734,-1.356,-0.28,0,stop_loss (-1.4%),morning,True
AEE,52wkLow,2024-02-07,2024-02-07,63.526,63.6279,0.16,0.03,0,max_hold 862d (+0.2%),morning,True
BMY,52wkLow,2024-02-07,2024-02-07,44.1408,43.6473,-0.9,-0.19,0,stop_loss (-1.1%),morning,True
BG,52wkLow,2024-02-07,2024-02-07,81.0005,81.6223,0.768,0.16,0,max_hold 862d (+0.8%),morning,True
CHTR,52wkLow,2024-02-07,2024-02-07,290.0,283.67,-2.183,-0.45,0,stop_loss (-2.2%),morning,True
APD,52wkLow,2024-02-07,2024-02-08,203.0734,201.8005,-0.57,-0.17,1,stop_loss (-0.6%),evening,True
BG,52wkLow,2024-02-07,2024-02-08,81.6223,81.6965,0.091,0.03,1,max_hold 862d (+0.1%),evening,True
CHTR,52wkLow,2024-02-07,2024-02-08,283.67,287.64,1.4,0.41,1,max_hold 862d (+1.4%),evening,True
AIZ,VolumeSpike,2024-02-07,2024-02-08,169.4653,169.388,-0.046,-0.01,1,max_hold 862d (-0.0%),evening,True
BAX,VolumeSpike,2024-02-07,2024-02-08,37.557,37.1945,-0.77,-0.23,1,stop_loss (-1.0%),evening,True
APD,52wkLow,2024-02-08,2024-02-08,201.8005,207.3445,2.747,0.81,0,max_hold 861d (+2.7%),morning,True
BG,52wkLow,2024-02-08,2024-02-08,81.6965,80.2766,-1.738,-0.52,0,stop_loss (-1.7%),morning,True
CHTR,52wkLow,2024-02-08,2024-02-08,287.64,282.6,-1.752,-0.52,0,stop_loss (-1.8%),morning,True
AIZ,VolumeSpike,2024-02-08,2024-02-08,169.388,168.7115,-0.399,-0.12,0,max_hold 861d (-0.4%),morning,True
BAX,VolumeSpike,2024-02-08,2024-02-08,37.1945,38.5869,3.744,1.11,0,max_hold 861d (+3.7%),morning,True
APD,52wkLow,2024-02-08,2024-02-09,207.3445,206.9485,-0.191,-0.06,1,max_hold 861d (-0.2%),evening,True
MO,52wkLow,2024-02-08,2024-02-09,33.3828,33.2662,-0.349,-0.11,1,max_hold 861d (-0.3%),evening,True
APA,52wkLow,2024-02-08,2024-02-09,27.7571,27.8026,0.164,0.05,1,max_hold 861d (+0.2%),evening,True
BG,52wkLow,2024-02-08,2024-02-09,80.2766,81.1583,1.098,0.35,1,max_hold 861d (+1.1%),evening,True
CHTR,52wkLow,2024-02-08,2024-02-09,282.6,286.45,1.362,0.44,1,max_hold 861d (+1.4%),evening,True
APD,52wkLow,2024-02-09,2024-02-09,206.9485,207.2785,0.159,0.05,0,max_hold 860d (+0.2%),morning,True
MO,52wkLow,2024-02-09,2024-02-09,33.2662,33.3994,0.401,0.13,0,max_hold 860d (+0.4%),morning,True
APA,52wkLow,2024-02-09,2024-02-09,27.8026,27.2105,-2.13,-0.68,0,stop_loss (-2.1%),morning,True
BG,52wkLow,2024-02-09,2024-02-09,81.1583,82.1699,1.246,0.4,0,max_hold 860d (+1.2%),morning,True
CHTR,52wkLow,2024-02-09,2024-02-09,286.45,291.15,1.641,0.53,0,max_hold 860d (+1.6%),morning,True
BG,52wkLow,2024-02-09,2024-02-12,82.1699,82.1049,-0.079,-0.03,1,max_hold 860d (-0.1%),evening,True
ABNB,GapDown,2024-02-09,2024-02-12,147.595,148.68,0.735,0.28,1,max_hold 860d (+0.7%),evening,False
BKNG,GapDown,2024-02-09,2024-02-12,147.2003,147.1585,-0.028,-0.01,1,max_hold 860d (-0.0%),evening,False
AAPL,Pullback50,2024-02-09,2024-02-12,186.9745,186.5488,-0.228,-0.09,1,max_hold 860d (-0.2%),evening,False
T,Pullback50,2024-02-09,2024-02-12,15.089,15.089,-0.0,-0.0,1,max_hold 860d (-0.0%),evening,False
BG,52wkLow,2024-02-12,2024-02-12,82.1049,84.1559,2.498,0.95,0,max_hold 857d (+2.5%),morning,True
ABNB,GapDown,2024-02-12,2024-02-12,148.68,153.8,3.444,1.31,0,max_hold 857d (+3.4%),morning,False
BKNG,GapDown,2024-02-12,2024-02-12,147.1585,148.4557,0.882,0.33,0,max_hold 857d (+0.9%),morning,False
AAPL,Pullback50,2024-02-12,2024-02-12,186.5488,185.2914,-3.25,-1.23,0,stop_loss (-0.7%),morning,False
T,Pullback50,2024-02-12,2024-02-12,15.089,15.2503,1.069,0.41,0,max_hold 857d (+1.1%),morning,False
APA,52wkLow,2024-02-12,2024-02-13,27.7662,27.666,-0.361,-0.13,1,max_hold 857d (-0.4%),evening,True
ADI,VolumeSpike,2024-02-12,2024-02-13,186.6203,180.9558,-3.035,-1.06,1,stop_loss (-3.0%),evening,True
ANET,VolumeSpike,2024-02-12,2024-02-13,70.22,64.4725,-8.185,-2.86,1,stop_loss (-8.2%),evening,True
CDNS,VolumeSpike,2024-02-12,2024-02-13,306.58,290.0,-5.408,-1.89,1,stop_loss (-5.4%),evening,True
AMGN,Pullback50,2024-02-12,2024-02-13,272.8201,272.987,0.061,0.02,1,max_hold 857d (+0.1%),evening,False
APA,52wkLow,2024-02-13,2024-02-13,27.666,26.9919,-2.437,-0.84,0,stop_loss (-2.4%),morning,True
ADI,VolumeSpike,2024-02-13,2024-02-13,180.9558,177.6187,-1.844,-0.63,0,stop_loss (-1.8%),morning,True
ANET,VolumeSpike,2024-02-13,2024-02-13,64.4725,66.3775,2.955,1.02,0,max_hold 856d (+3.0%),morning,True
CDNS,VolumeSpike,2024-02-13,2024-02-13,290.0,294.33,1.493,0.51,0,max_hold 856d (+1.5%),morning,True
AMGN,Pullback50,2024-02-13,2024-02-13,272.987,269.1601,-1.402,-0.48,0,stop_loss (-1.4%),morning,False
ALB,52wkLow,2024-02-13,2024-02-14,107.6967,109.1653,1.364,0.26,1,max_hold 856d (+1.4%),evening,True
AWK,52wkLow,2024-02-13,2024-02-14,113.3807,113.5889,0.184,0.03,1,max_hold 856d (+0.2%),evening,True
APA,52wkLow,2024-02-13,2024-02-14,26.9919,27.1012,0.405,0.08,1,max_hold 856d (+0.4%),evening,True
BIIB,52wkLow,2024-02-13,2024-02-14,226.65,227.01,0.159,0.03,1,max_hold 856d (+0.2%),evening,True
ABNB,VolumeSpike,2024-02-13,2024-02-14,150.82,146.16,-3.09,-0.58,1,stop_loss (-3.1%),evening,True
ALB,52wkLow,2024-02-14,2024-02-14,109.1653,109.7988,0.58,0.11,0,max_hold 855d (+0.6%),morning,True
AWK,52wkLow,2024-02-14,2024-02-14,113.5889,114.0433,0.4,0.08,0,max_hold 855d (+0.4%),morning,True
APA,52wkLow,2024-02-14,2024-02-14,27.1012,27.1467,0.168,0.03,0,max_hold 855d (+0.2%),morning,True
BIIB,52wkLow,2024-02-14,2024-02-14,227.01,220.74,-2.762,-0.52,0,stop_loss (-2.8%),morning,True
ABNB,VolumeSpike,2024-02-14,2024-02-14,146.16,148.2,1.396,0.26,0,max_hold 855d (+1.4%),morning,True
APA,52wkLow,2024-02-14,2024-02-15,27.1467,27.3198,0.638,0.2,1,max_hold 855d (+0.6%),evening,True
BIIB,52wkLow,2024-02-14,2024-02-15,220.74,221.15,0.186,0.06,1,max_hold 855d (+0.2%),evening,True
ABNB,VolumeSpike,2024-02-14,2024-02-15,148.2,148.91,0.479,0.15,1,max_hold 855d (+0.5%),evening,True
AIG,VolumeSpike,2024-02-14,2024-02-15,65.4794,65.3374,-0.217,-0.07,1,max_hold 855d (-0.2%),evening,True
CME,VolumeSpike,2024-02-14,2024-02-15,196.0255,195.3149,-0.362,-0.12,1,max_hold 855d (-0.4%),evening,True
APA,52wkLow,2024-02-15,2024-02-15,27.3198,28.4676,4.201,1.33,0,max_hold 854d (+4.2%),morning,True
BIIB,52wkLow,2024-02-15,2024-02-15,221.15,223.35,0.995,0.32,0,max_hold 854d (+1.0%),morning,True
ABNB,VolumeSpike,2024-02-15,2024-02-15,148.91,157.69,5.896,1.87,0,max_hold 854d (+5.9%),morning,True
AIG,VolumeSpike,2024-02-15,2024-02-15,65.3374,66.5491,1.855,0.59,0,max_hold 854d (+1.9%),morning,True
CME,VolumeSpike,2024-02-15,2024-02-15,195.3149,192.2358,-1.576,-0.5,0,stop_loss (-1.6%),morning,True
AEE,52wkLow,2024-02-15,2024-02-16,64.4152,64.3596,-0.086,-0.03,1,max_hold 854d (-0.1%),evening,True
ALB,VolumeSpike,2024-02-15,2024-02-16,112.784,114.099,1.166,0.37,1,max_hold 854d (+1.2%),evening,True
CF,VolumeSpike,2024-02-15,2024-02-16,72.905,73.6454,1.016,0.33,1,max_hold 854d (+1.0%),evening,True
CSCO,GapDown,2024-02-15,2024-02-16,46.1807,45.8889,-0.73,-0.23,1,stop_loss (-0.6%),evening,False
ATO,Pullback50,2024-02-15,2024-02-16,107.6552,107.0711,-2.24,-0.72,1,stop_loss (-0.5%),evening,False
AEE,52wkLow,2024-02-16,2024-02-16,64.3596,64.3874,0.043,0.01,0,max_hold 853d (+0.0%),morning,True
ALB,VolumeSpike,2024-02-16,2024-02-16,114.099,117.6697,3.129,1.0,0,max_hold 853d (+3.1%),morning,True
CF,VolumeSpike,2024-02-16,2024-02-16,73.6454,73.7593,0.155,0.05,0,max_hold 853d (+0.2%),morning,True
CSCO,GapDown,2024-02-16,2024-02-16,45.8889,45.5971,-3.66,-1.17,0,stop_loss (-0.6%),morning,False
ATO,Pullback50,2024-02-16,2024-02-16,107.0711,107.3537,0.264,0.08,0,max_hold 853d (+0.3%),morning,False
AEE,52wkLow,2024-02-16,2024-02-20,64.3874,64.4523,0.101,0.04,1,max_hold 853d (+0.1%),evening,True
BIIB,52wkLow,2024-02-16,2024-02-20,219.08,217.56,-5.73,-2.17,1,stop_loss (-0.7%),evening,True
T,Pullback50,2024-02-16,2024-02-20,15.2055,15.1248,-1.51,-0.57,1,stop_loss (-0.5%),evening,False
ATO,Pullback50,2024-02-16,2024-02-20,107.3537,107.4668,0.105,0.04,1,max_hold 853d (+0.1%),evening,False
BR,Pullback50,2024-02-16,2024-02-20,189.4228,189.1836,-0.126,-0.05,1,max_hold 853d (-0.1%),evening,False
AEE,52wkLow,2024-02-20,2024-02-20,64.4523,64.7209,0.417,0.16,0,max_hold 849d (+0.4%),morning,True
BIIB,52wkLow,2024-02-20,2024-02-20,217.56,219.21,0.758,0.28,0,max_hold 849d (+0.8%),morning,True
T,Pullback50,2024-02-20,2024-02-20,15.1248,15.1517,0.178,0.07,0,max_hold 849d (+0.2%),morning,False
ATO,Pullback50,2024-02-20,2024-02-20,107.4668,107.1088,-0.333,-0.13,0,max_hold 849d (-0.3%),morning,False
BR,Pullback50,2024-02-20,2024-02-20,189.1836,186.7813,-1.27,-0.48,0,stop_loss (-1.3%),morning,False
APA,52wkLow,2024-02-20,2024-02-21,28.2217,28.3492,0.452,0.16,1,max_hold 849d (+0.5%),evening,True
BIIB,52wkLow,2024-02-20,2024-02-21,219.21,221.49,1.04,0.36,1,max_hold 849d (+1.0%),evening,True
COF,VolumeSpike,2024-02-20,2024-02-21,132.9707,131.6834,-1.28,-0.44,1,stop_loss (-1.0%),evening,True
ALLE,GapDown,2024-02-20,2024-02-21,128.1359,127.6896,-0.348,-0.12,1,max_hold 849d (-0.3%),evening,False
AOS,Pullback50,2024-02-20,2024-02-21,76.2828,76.5414,0.339,0.12,1,max_hold 849d (+0.3%),evening,False
APA,52wkLow,2024-02-21,2024-02-21,28.3492,28.6407,1.028,0.35,0,max_hold 848d (+1.0%),morning,True
BIIB,52wkLow,2024-02-21,2024-02-21,221.49,221.11,-0.172,-0.06,0,max_hold 848d (-0.2%),morning,True
COF,VolumeSpike,2024-02-21,2024-02-21,131.6834,130.6672,-5.93,-2.04,0,stop_loss (-0.8%),morning,True
ALLE,GapDown,2024-02-21,2024-02-21,127.6896,127.2141,-0.372,-0.13,0,max_hold 848d (-0.4%),morning,False
AOS,Pullback50,2024-02-21,2024-02-21,76.5414,76.8479,0.4,0.14,0,max_hold 848d (+0.4%),morning,False
AWK,VolumeSpike,2024-02-21,2024-02-22,115.2265,114.9425,-0.246,-0.09,1,max_hold 848d (-0.2%),evening,True
APP,GapDown,2024-02-21,2024-02-22,55.42,57.76,4.222,1.58,1,max_hold 848d (+4.2%),evening,False
AOS,Pullback50,2024-02-21,2024-02-22,76.8479,77.413,0.735,0.28,1,max_hold 848d (+0.7%),evening,False
GOOGL,Pullback50,2024-02-21,2024-02-22,141.2971,143.6562,1.67,0.62,1,max_hold 848d (+1.7%),evening,False
GOOG,Pullback50,2024-02-21,2024-02-22,142.5829,144.8429,1.585,0.59,1,max_hold 848d (+1.6%),evening,False
AWK,VolumeSpike,2024-02-22,2024-02-22,114.9425,113.286,-1.441,-0.54,0,stop_loss (-1.4%),morning,True
APP,GapDown,2024-02-22,2024-02-22,57.76,57.8,0.069,0.03,0,max_hold 847d (+0.1%),morning,False
AOS,Pullback50,2024-02-22,2024-02-22,77.413,77.2119,-0.26,-0.1,0,max_hold 847d (-0.3%),morning,False
GOOGL,Pullback50,2024-02-22,2024-02-22,143.6562,142.8236,-0.79,-0.3,0,stop_loss (-0.6%),morning,False
GOOG,Pullback50,2024-02-22,2024-02-22,144.8429,144.0499,-5.69,-2.14,0,stop_loss (-0.5%),morning,False
AEE,52wkLow,2024-02-22,2024-02-23,65.5916,65.712,0.184,0.06,1,max_hold 847d (+0.2%),evening,True
AWK,52wkLow,2024-02-22,2024-02-23,113.286,113.144,-0.125,-0.04,1,max_hold 847d (-0.1%),evening,True
APA,52wkLow,2024-02-22,2024-02-23,27.5293,27.1103,-1.522,-0.48,1,stop_loss (-1.5%),evening,True
A,VolumeSpike,2024-02-22,2024-02-23,129.7672,130.5339,0.591,0.19,1,max_hold 847d (+0.6%),evening,True
XYZ,VolumeSpike,2024-02-22,2024-02-23,67.96,79.81,17.437,5.52,1,max_hold 847d (+17.4%),evening,True
AEE,52wkLow,2024-02-23,2024-02-23,65.712,66.3234,0.93,0.3,0,max_hold 846d (+0.9%),morning,True
AWK,52wkLow,2024-02-23,2024-02-23,113.144,112.6045,-0.477,-0.15,0,max_hold 846d (-0.5%),morning,True
APA,52wkLow,2024-02-23,2024-02-23,27.1103,27.3563,0.907,0.29,0,max_hold 846d (+0.9%),morning,True
A,VolumeSpike,2024-02-23,2024-02-23,130.5339,129.777,-3.68,-1.18,0,stop_loss (-0.6%),morning,True
XYZ,VolumeSpike,2024-02-23,2024-02-23,79.81,78.92,-1.58,-0.51,0,stop_loss (-1.1%),morning,True
APA,52wkLow,2024-02-23,2024-02-26,27.3563,27.3016,-0.2,-0.17,1,max_hold 846d (-0.2%),evening,True
AFL,Pullback50,2024-02-23,2024-02-26,76.7026,76.4069,-0.386,-0.32,1,max_hold 846d (-0.4%),evening,False
T,Pullback50,2024-02-23,2024-02-26,15.0531,15.0531,-0.0,-0.0,1,max_hold 846d (-0.0%),evening,False
BR,Pullback50,2024-02-23,2024-02-26,192.8396,192.6003,-0.124,-0.1,1,max_hold 846d (-0.1%),evening,False
APA,52wkLow,2024-02-26,2024-02-26,27.3016,26.9828,-0.71,-0.59,0,stop_loss (-1.2%),morning,True
AFL,Pullback50,2024-02-26,2024-02-26,76.4069,76.0253,-0.499,-0.41,0,max_hold 843d (-0.5%),morning,False
T,Pullback50,2024-02-26,2024-02-26,15.0531,14.8739,-1.28,-1.06,0,stop_loss (-1.2%),morning,False
BR,Pullback50,2024-02-26,2024-02-26,192.6003,192.7534,0.08,0.07,0,max_hold 843d (+0.1%),morning,False
CMS,Pullback50,2024-02-26,2024-02-26,53.6128,52.8287,-1.462,-1.21,0,stop_loss (-1.5%),morning,False
AWK,52wkLow,2024-02-26,2024-02-27,111.1562,111.0616,-0.085,-0.06,1,max_hold 843d (-0.1%),evening,True
CHTR,52wkLow,2024-02-26,2024-02-27,292.64,295.46,0.964,0.66,1,max_hold 843d (+1.0%),evening,True
BRK-B,VolumeSpike,2024-02-26,2024-02-27,409.14,409.21,0.017,0.01,1,max_hold 843d (+0.0%),evening,True
CVNA,GapDown,2024-02-26,2024-02-27,13.976,14.405,3.07,2.11,1,max_hold 843d (+3.1%),evening,False
BX,Pullback50,2024-02-26,2024-02-27,116.9406,117.7247,0.671,0.46,1,max_hold 843d (+0.7%),evening,False
AWK,52wkLow,2024-02-27,2024-02-27,111.0616,111.7242,0.597,0.41,0,max_hold 842d (+0.6%),morning,True
CHTR,52wkLow,2024-02-27,2024-02-27,295.46,290.0,-1.848,-1.28,0,stop_loss (-1.8%),morning,True
BRK-B,VolumeSpike,2024-02-27,2024-02-27,409.21,408.91,-0.073,-0.05,0,max_hold 842d (-0.1%),morning,True
CVNA,GapDown,2024-02-27,2024-02-27,14.405,16.084,11.656,8.05,0,max_hold 842d (+11.7%),morning,False
BX,Pullback50,2024-02-27,2024-02-27,117.7247,118.3127,0.5,0.34,0,max_hold 842d (+0.5%),morning,False
AMT,VolumeSpike,2024-02-27,2024-02-28,171.0844,170.9194,-0.096,-0.06,1,max_hold 842d (-0.1%),evening,True
AXON,VolumeSpike,2024-02-27,2024-02-28,271.82,280.7,3.267,1.97,1,max_hold 842d (+3.3%),evening,True
AFL,Pullback50,2024-02-27,2024-02-28,76.5118,76.5023,-0.012,-0.01,1,max_hold 842d (-0.0%),evening,False
A,Pullback50,2024-02-27,2024-02-28,130.2881,137.493,5.53,3.33,1,max_hold 842d (+5.5%),evening,False
T,Pullback50,2024-02-27,2024-02-28,15.08,15.0711,-0.059,-0.04,1,max_hold 842d (-0.1%),evening,False
AMT,VolumeSpike,2024-02-28,2024-02-28,170.9194,177.5729,3.893,2.37,0,max_hold 841d (+3.9%),morning,True
AXON,VolumeSpike,2024-02-28,2024-02-28,280.7,309.22,10.16,6.19,0,max_hold 841d (+10.2%),morning,True
AFL,Pullback50,2024-02-28,2024-02-28,76.5023,76.8457,0.449,0.27,0,max_hold 841d (+0.4%),morning,False
A,Pullback50,2024-02-28,2024-02-28,137.493,134.672,-2.052,-1.25,0,stop_loss (-2.1%),morning,False
T,Pullback50,2024-02-28,2024-02-28,15.0711,15.1965,0.832,0.51,0,max_hold 841d (+0.8%),morning,False
AFL,Pullback50,2024-02-28,2024-02-29,76.8457,77.2368,0.509,0.47,1,max_hold 841d (+0.5%),evening,False
T,Pullback50,2024-02-28,2024-02-29,15.1965,15.2503,0.354,0.32,1,max_hold 841d (+0.4%),evening,False
BR,Pullback50,2024-02-28,2024-02-29,192.8013,192.9257,0.065,0.06,1,max_hold 841d (+0.1%),evening,False
SCHW,Pullback50,2024-02-28,2024-02-29,63.7215,64.0806,0.564,0.52,1,max_hold 841d (+0.6%),evening,False
AFL,Pullback50,2024-02-29,2024-02-29,77.2368,77.0174,-0.284,-0.26,0,max_hold 840d (-0.3%),morning,False
T,Pullback50,2024-02-29,2024-02-29,15.2503,15.1696,-1.11,-1.02,0,stop_loss (-0.5%),morning,False
BR,Pullback50,2024-02-29,2024-02-29,192.9257,194.8398,0.992,0.91,0,max_hold 840d (+1.0%),morning,False
SCHW,Pullback50,2024-02-29,2024-02-29,64.0806,64.8182,1.151,1.06,0,max_hold 840d (+1.2%),morning,False
AEE,52wkLow,2024-02-29,2024-03-01,65.9436,65.7861,-0.239,-0.05,1,max_hold 840d (-0.2%),evening,True
AWK,52wkLow,2024-02-29,2024-03-01,112.2069,111.8662,-0.304,-0.07,1,max_hold 840d (-0.3%),evening,True
BDX,52wkLow,2024-02-29,2024-03-01,175.8642,175.7597,-0.059,-0.01,1,max_hold 840d (-0.1%),evening,True
BIIB,52wkLow,2024-02-29,2024-03-01,216.99,217.46,0.217,0.05,1,max_hold 840d (+0.2%),evening,True
CHRW,52wkLow,2024-02-29,2024-03-01,70.6468,71.1904,0.769,0.18,1,max_hold 840d (+0.8%),evening,True
AEE,52wkLow,2024-03-01,2024-03-01,65.7861,66.064,0.422,0.1,0,max_hold 839d (+0.4%),morning,True
AWK,52wkLow,2024-03-01,2024-03-01,111.8662,113.286,1.269,0.29,0,max_hold 839d (+1.3%),morning,True
BDX,52wkLow,2024-03-01,2024-03-01,175.7597,175.685,-0.042,-0.01,0,max_hold 839d (-0.0%),morning,True
BIIB,52wkLow,2024-03-01,2024-03-01,217.46,220.95,1.605,0.37,0,max_hold 839d (+1.6%),morning,True
CHRW,52wkLow,2024-03-01,2024-03-01,71.1904,70.456,-0.52,-0.12,0,stop_loss (-1.0%),morning,True
BDX,52wkLow,2024-03-01,2024-03-04,175.685,174.9832,-0.399,-0.25,1,max_hold 839d (-0.4%),evening,True
BA,MomReversal,2024-03-01,2024-03-04,200.0,199.5,-0.25,-0.16,1,max_hold 839d (-0.2%),evening,False
AMT,Pullback50,2024-03-01,2024-03-04,184.9046,184.6022,-0.164,-0.1,1,max_hold 839d (-0.2%),evening,False
T,Pullback50,2024-03-01,2024-03-04,15.2144,15.1159,-0.95,-0.59,1,stop_loss (-0.6%),evening,False
AVB,Pullback50,2024-03-01,2024-03-04,164.516,165.0055,0.298,0.19,1,max_hold 839d (+0.3%),evening,False
BDX,52wkLow,2024-03-04,2024-03-04,174.9832,175.9389,0.546,0.34,0,max_hold 836d (+0.5%),morning,True
BA,MomReversal,2024-03-04,2024-03-04,199.5,200.54,0.521,0.32,0,max_hold 836d (+0.5%),morning,False
AMT,Pullback50,2024-03-04,2024-03-04,184.6022,188.9278,2.343,1.46,0,max_hold 836d (+2.3%),morning,False
T,Pullback50,2024-03-04,2024-03-04,15.1159,15.0531,-0.415,-0.26,0,max_hold 836d (-0.4%),morning,False
AVB,Pullback50,2024-03-04,2024-03-04,165.0055,171.0083,3.638,2.27,0,max_hold 836d (+3.6%),morning,False
MO,52wkLow,2024-03-04,2024-03-05,33.083,33.2329,0.453,0.25,1,max_hold 836d (+0.5%),evening,True
BDX,52wkLow,2024-03-04,2024-03-05,175.9389,177.1484,0.687,0.38,1,max_hold 836d (+0.7%),evening,True
CHRW,52wkLow,2024-03-04,2024-03-05,67.185,66.8322,-2.42,-1.33,1,stop_loss (-0.5%),evening,True
BA,MomReversal,2024-03-04,2024-03-05,200.54,199.49,-0.85,-0.47,1,stop_loss (-0.5%),evening,False
ATO,Pullback50,2024-03-04,2024-03-05,108.8086,109.1596,0.323,0.18,1,max_hold 836d (+0.3%),evening,False
MO,52wkLow,2024-03-05,2024-03-05,33.2329,33.2579,0.075,0.04,0,max_hold 835d (+0.1%),morning,True
BDX,52wkLow,2024-03-05,2024-03-05,177.1484,174.2964,-1.61,-0.88,0,stop_loss (-1.6%),morning,True
CHRW,52wkLow,2024-03-05,2024-03-05,66.8322,66.4221,-2.17,-1.19,0,stop_loss (-0.6%),morning,True
BA,MomReversal,2024-03-05,2024-03-05,199.49,201.14,0.827,0.45,0,max_hold 835d (+0.8%),morning,False
ATO,Pullback50,2024-03-05,2024-03-05,109.1596,108.5998,-0.96,-0.53,0,stop_loss (-0.5%),morning,False
ALB,52wkLow,2024-03-05,2024-03-06,105.0091,105.8538,0.804,0.74,1,max_hold 835d (+0.8%),evening,True
MO,52wkLow,2024-03-05,2024-03-06,33.2579,34.1905,2.804,2.59,1,max_hold 835d (+2.8%),evening,True
AFL,Pullback50,2024-03-05,2024-03-06,77.1032,77.4085,0.396,0.37,1,max_hold 835d (+0.4%),evening,False
ALB,52wkLow,2024-03-06,2024-03-06,105.8538,114.7901,8.442,8.0,0,max_hold 834d (+8.4%),morning,True
MO,52wkLow,2024-03-06,2024-03-06,34.1905,34.5153,0.95,0.9,0,max_hold 834d (+0.9%),morning,True
AFL,Pullback50,2024-03-06,2024-03-06,77.4085,78.3719,1.245,1.18,0,max_hold 834d (+1.2%),morning,False
CHRW,52wkLow,2024-03-06,2024-03-07,68.625,68.7299,0.153,0.09,1,max_hold 834d (+0.2%),evening,True
ADI,Pullback50,2024-03-06,2024-03-07,185.229,187.1421,1.033,0.58,1,max_hold 834d (+1.0%),evening,False
ADSK,Pullback50,2024-03-06,2024-03-07,251.1,252.89,0.713,0.4,1,max_hold 834d (+0.7%),evening,False
BR,Pullback50,2024-03-06,2024-03-07,194.3038,195.6055,0.67,0.38,1,max_hold 834d (+0.7%),evening,False
KO,Pullback50,2024-03-06,2024-03-07,55.3882,55.5185,0.235,0.13,1,max_hold 834d (+0.2%),evening,False
CHRW,52wkLow,2024-03-07,2024-03-07,68.7299,69.2449,0.749,0.42,0,max_hold 833d (+0.7%),morning,True
ADI,Pullback50,2024-03-07,2024-03-07,187.1421,191.5482,2.354,1.33,0,max_hold 833d (+2.4%),morning,False
ADSK,Pullback50,2024-03-07,2024-03-07,252.89,253.84,0.376,0.21,0,max_hold 833d (+0.4%),morning,False
BR,Pullback50,2024-03-07,2024-03-07,195.6055,196.1031,0.254,0.14,0,max_hold 833d (+0.3%),morning,False
KO,Pullback50,2024-03-07,2024-03-07,55.5185,55.2859,-0.419,-0.24,0,max_hold 833d (-0.4%),morning,False
AWK,52wkLow,2024-03-07,2024-03-08,112.2732,113.5227,1.113,1.01,1,max_hold 833d (+1.1%),evening,True
BF-B,52wkLow,2024-03-07,2024-03-08,51.279,51.4951,0.421,0.38,1,max_hold 833d (+0.4%),evening,True
GOOGL,RSIRecovery,2024-03-07,2024-03-08,133.1989,133.0304,-0.127,-0.11,1,max_hold 833d (-0.1%),evening,False
ADP,RSIRecovery,2024-03-07,2024-03-08,231.4875,231.1557,-0.143,-0.13,1,max_hold 833d (-0.1%),evening,False
AWK,52wkLow,2024-03-08,2024-03-08,113.5227,112.1123,-1.242,-1.13,0,stop_loss (-1.2%),morning,True
BF-B,52wkLow,2024-03-08,2024-03-08,51.4951,51.11,-1.0,-0.91,0,stop_loss (-0.7%),morning,True
GOOGL,RSIRecovery,2024-03-08,2024-03-08,133.0304,134.2198,0.894,0.81,0,max_hold 832d (+0.9%),morning,False
ADP,RSIRecovery,2024-03-08,2024-03-08,231.1557,229.7341,-2.7,-2.46,0,stop_loss (-0.6%),morning,False
ADM,VolumeSpike,2024-03-08,2024-03-08,50.1225,50.6773,1.107,1.01,0,max_hold 832d (+1.1%),morning,False
AWK,52wkLow,2024-03-08,2024-03-11,112.1123,111.7526,-0.321,-0.29,1,max_hold 832d (-0.3%),evening,True
BF-B,52wkLow,2024-03-08,2024-03-11,51.11,51.1945,0.165,0.15,1,max_hold 832d (+0.2%),evening,True
BA,MomReversal,2024-03-08,2024-03-11,198.49,194.21,-2.156,-1.95,1,stop_loss (-2.2%),evening,False
CCL,Pullback50,2024-03-08,2024-03-11,16.1955,16.1856,-0.061,-0.06,1,max_hold 832d (-0.1%),evening,False
AWK,52wkLow,2024-03-11,2024-03-11,111.7526,113.9013,1.923,1.73,0,max_hold 829d (+1.9%),morning,True
BF-B,52wkLow,2024-03-11,2024-03-11,51.1945,51.805,1.192,1.07,0,max_hold 829d (+1.2%),morning,True
BA,MomReversal,2024-03-11,2024-03-11,194.21,192.49,-2.8,-2.52,0,stop_loss (-0.9%),morning,False
CCL,Pullback50,2024-03-11,2024-03-11,16.1856,16.057,-0.85,-0.76,0,stop_loss (-0.8%),morning,False
ADP,Pullback50,2024-03-11,2024-03-12,231.3358,231.3358,0.0,0.0,1,max_hold 829d (+0.0%),evening,False
CPB,Pullback50,2024-03-11,2024-03-12,38.8904,38.6553,-0.95,-0.9,1,stop_loss (-0.6%),evening,False
KO,Pullback50,2024-03-11,2024-03-12,56.03,56.1044,0.133,0.13,1,max_hold 829d (+0.1%),evening,False
CTSH,Pullback50,2024-03-11,2024-03-12,73.9213,73.8637,-0.078,-0.07,1,max_hold 829d (-0.1%),evening,False
ADP,Pullback50,2024-03-12,2024-03-12,231.3358,231.8855,0.238,0.23,0,max_hold 828d (+0.2%),morning,False
CPB,Pullback50,2024-03-12,2024-03-12,38.6553,38.8904,0.608,0.58,0,max_hold 828d (+0.6%),morning,False
KO,Pullback50,2024-03-12,2024-03-12,56.1044,56.2719,0.298,0.28,0,max_hold 828d (+0.3%),morning,False
CTSH,Pullback50,2024-03-12,2024-03-12,73.8637,74.0462,0.247,0.23,0,max_hold 828d (+0.2%),morning,False
BA,52wkLow,2024-03-12,2024-03-13,184.24,183.16,-1.08,-0.97,1,stop_loss (-0.6%),evening,True
ADP,Pullback50,2024-03-12,2024-03-13,231.8855,231.8855,-0.0,-0.0,1,max_hold 828d (-0.0%),evening,False
CPB,Pullback50,2024-03-12,2024-03-13,38.8904,39.0622,0.442,0.4,1,max_hold 828d (+0.4%),evening,False
KO,Pullback50,2024-03-12,2024-03-13,56.2719,56.6253,0.628,0.57,1,max_hold 828d (+0.6%),evening,False
BA,52wkLow,2024-03-13,2024-03-13,183.16,182.35,-0.442,-0.4,0,max_hold 827d (-0.4%),morning,True
ADP,Pullback50,2024-03-13,2024-03-13,231.8855,231.4496,-0.188,-0.17,0,max_hold 827d (-0.2%),morning,False
CPB,Pullback50,2024-03-13,2024-03-13,39.0622,38.7095,-0.65,-0.59,0,stop_loss (-0.9%),morning,False
KO,Pullback50,2024-03-13,2024-03-13,56.6253,56.8485,0.394,0.35,0,max_hold 827d (+0.4%),morning,False
CTSH,Pullback50,2024-03-13,2024-03-13,74.0942,73.979,-0.156,-0.14,0,max_hold 827d (-0.2%),morning,False
BA,52wkLow,2024-03-13,2024-03-14,182.35,182.0,-0.192,-0.18,1,max_hold 827d (-0.2%),evening,True
BNY,Pullback50,2024-03-13,2024-03-14,52.5191,52.3006,-0.416,-0.39,1,max_hold 827d (-0.4%),evening,False
CBOE,Pullback50,2024-03-13,2024-03-14,179.9626,180.1195,0.087,0.08,1,max_hold 827d (+0.1%),evening,False
BA,52wkLow,2024-03-14,2024-03-14,182.0,181.15,-0.467,-0.44,0,max_hold 826d (-0.5%),morning,True
BNY,Pullback50,2024-03-14,2024-03-14,52.3006,51.7305,-1.54,-1.45,0,stop_loss (-1.1%),morning,False
CBOE,Pullback50,2024-03-14,2024-03-14,180.1195,177.6383,-1.378,-1.29,0,stop_loss (-1.4%),morning,False
BIIB,52wkLow,2024-03-14,2024-03-15,219.62,219.15,-0.214,-0.14,1,max_hold 826d (-0.2%),evening,True
BA,52wkLow,2024-03-14,2024-03-15,181.15,180.99,-0.088,-0.06,1,max_hold 826d (-0.1%),evening,True
AAPL,MomReversal,2024-03-14,2024-03-15,171.282,169.4701,-1.16,-0.74,1,stop_loss (-1.1%),evening,False
GOOGL,Pullback50,2024-03-14,2024-03-15,141.8423,141.2475,-0.419,-0.27,1,max_hold 826d (-0.4%),evening,False
GOOG,Pullback50,2024-03-14,2024-03-15,143.0785,142.1566,-1.52,-0.97,1,stop_loss (-0.6%),evening,False
BIIB,52wkLow,2024-03-15,2024-03-15,219.15,219.31,0.073,0.05,0,max_hold 825d (+0.1%),morning,True
BA,52wkLow,2024-03-15,2024-03-15,180.99,182.53,0.851,0.54,0,max_hold 825d (+0.9%),morning,True
AAPL,MomReversal,2024-03-15,2024-03-15,169.4701,170.9057,0.847,0.54,0,max_hold 825d (+0.8%),morning,False
GOOGL,Pullback50,2024-03-15,2024-03-15,141.2475,139.9391,-2.62,-1.66,0,stop_loss (-0.9%),morning,False
GOOG,Pullback50,2024-03-15,2024-03-15,142.1566,140.9275,-2.77,-1.76,0,stop_loss (-0.9%),morning,False
AWK,52wkLow,2024-03-15,2024-03-18,110.8817,110.8912,0.009,0.0,1,max_hold 825d (+0.0%),evening,True
BDX,52wkLow,2024-03-15,2024-03-18,177.4458,178.1204,0.38,0.03,1,max_hold 825d (+0.4%),evening,True
BIIB,52wkLow,2024-03-15,2024-03-18,219.31,220.34,0.47,0.04,1,max_hold 825d (+0.5%),evening,True
BA,52wkLow,2024-03-15,2024-03-18,182.53,180.26,-1.244,-0.1,1,stop_loss (-1.2%),evening,True
BF-B,52wkLow,2024-03-15,2024-03-18,50.4526,50.1426,-0.77,-0.06,1,stop_loss (-0.6%),evening,True
AWK,52wkLow,2024-03-18,2024-03-18,110.8912,110.9669,0.068,0.01,0,max_hold 822d (+0.1%),morning,True
BDX,52wkLow,2024-03-18,2024-03-18,178.1204,178.2029,0.046,0.0,0,max_hold 822d (+0.0%),morning,True
BIIB,52wkLow,2024-03-18,2024-03-18,220.34,219.4,-0.427,-0.03,0,max_hold 822d (-0.4%),morning,True
BA,52wkLow,2024-03-18,2024-03-18,180.26,179.84,-0.233,-0.02,0,max_hold 822d (-0.2%),morning,True
BF-B,52wkLow,2024-03-18,2024-03-18,50.1426,49.241,-1.798,-0.14,0,stop_loss (-1.8%),morning,True
BNY,Pullback50,2024-03-18,2024-03-19,52.196,52.2436,0.091,0.08,1,max_hold 822d (+0.1%),evening,False
CPB,Pullback50,2024-03-18,2024-03-19,39.1707,39.3515,0.462,0.41,1,max_hold 822d (+0.5%),evening,False
CNC,Pullback50,2024-03-18,2024-03-19,77.02,77.4,0.493,0.44,1,max_hold 822d (+0.5%),evening,False
KO,Pullback50,2024-03-18,2024-03-19,56.3751,56.4782,0.183,0.16,1,max_hold 822d (+0.2%),evening,False
BNY,Pullback50,2024-03-19,2024-03-19,52.2436,52.4811,0.455,0.4,0,max_hold 821d (+0.5%),morning,False
CPB,Pullback50,2024-03-19,2024-03-19,39.3515,39.3967,0.115,0.1,0,max_hold 821d (+0.1%),morning,False
CNC,Pullback50,2024-03-19,2024-03-19,77.4,78.7,1.68,1.49,0,max_hold 821d (+1.7%),morning,False
KO,Pullback50,2024-03-19,2024-03-19,56.4782,56.4688,-0.017,-0.01,0,max_hold 821d (-0.0%),morning,False
BIIB,52wkLow,2024-03-19,2024-03-20,218.63,217.18,-0.76,-0.21,1,stop_loss (-0.7%),evening,True
COHR,GapDown,2024-03-19,2024-03-20,58.0,58.0,0.0,0.0,1,max_hold 821d (+0.0%),evening,True
COIN,GapDown,2024-03-19,2024-03-20,230.12,231.38,0.548,0.15,1,max_hold 821d (+0.5%),evening,True
ARE,Pullback50,2024-03-19,2024-03-20,109.1002,108.5702,-0.486,-0.13,1,max_hold 821d (-0.5%),evening,False
AMT,Pullback50,2024-03-19,2024-03-20,180.2032,179.0942,-0.85,-0.24,1,stop_loss (-0.6%),evening,False
BIIB,52wkLow,2024-03-20,2024-03-20,217.18,218.15,0.447,0.12,0,max_hold 820d (+0.4%),morning,True
COHR,GapDown,2024-03-20,2024-03-20,58.0,60.01,3.466,0.96,0,max_hold 820d (+3.5%),morning,True
COIN,GapDown,2024-03-20,2024-03-20,231.38,256.88,11.021,3.05,0,max_hold 820d (+11.0%),morning,True
ARE,Pullback50,2024-03-20,2024-03-20,108.5702,111.441,2.644,0.73,0,max_hold 820d (+2.6%),morning,False
AMT,Pullback50,2024-03-20,2024-03-20,179.0942,178.3702,-0.404,-0.11,0,max_hold 820d (-0.4%),morning,False
BA,MomReversal,2024-03-20,2024-03-21,187.78,189.79,1.07,1.01,1,max_hold 820d (+1.1%),evening,False
BKNG,Pullback50,2024-03-20,2024-03-21,140.5209,141.966,1.028,0.97,1,max_hold 820d (+1.0%),evening,False
BA,MomReversal,2024-03-21,2024-03-21,189.79,187.7,-1.21,-1.15,0,stop_loss (-1.1%),morning,False
BKNG,Pullback50,2024-03-21,2024-03-21,141.966,143.243,0.9,0.85,0,max_hold 819d (+0.9%),morning,False
AMCR,Pullback50,2024-03-21,2024-03-22,42.3119,42.3575,0.108,0.1,1,max_hold 819d (+0.1%),evening,False
BXP,Pullback50,2024-03-21,2024-03-22,58.6404,58.4452,-0.333,-0.3,1,max_hold 819d (-0.3%),evening,False
CPB,Pullback50,2024-03-21,2024-03-22,39.1074,39.3334,0.578,0.52,1,max_hold 819d (+0.6%),evening,False
CBOE,Pullback50,2024-03-21,2024-03-22,180.6491,180.0705,-0.32,-0.29,1,max_hold 819d (-0.3%),evening,False
AMCR,Pullback50,2024-03-22,2024-03-22,42.3575,42.0839,-1.08,-0.97,0,stop_loss (-0.6%),morning,False
BXP,Pullback50,2024-03-22,2024-03-22,58.4452,56.1213,-3.976,-3.58,0,stop_loss (-4.0%),morning,False
CPB,Pullback50,2024-03-22,2024-03-22,39.3334,39.3787,0.115,0.1,0,max_hold 818d (+0.1%),morning,False
CBOE,Pullback50,2024-03-22,2024-03-22,180.0705,177.4323,-1.465,-1.32,0,stop_loss (-1.5%),morning,False
AMD,Pullback50,2024-03-22,2024-03-25,179.65,172.9,-3.757,-3.52,1,stop_loss (-3.8%),evening,False
CLX,Pullback50,2024-03-22,2024-03-25,138.4771,138.6057,0.093,0.09,1,max_hold 818d (+0.1%),evening,False
AMD,Pullback50,2024-03-25,2024-03-25,172.9,178.63,3.314,3.1,0,max_hold 815d (+3.3%),morning,False
CLX,Pullback50,2024-03-25,2024-03-25,138.6057,138.2658,-0.245,-0.23,0,max_hold 815d (-0.2%),morning,False
BDX,52wkLow,2024-03-25,2024-03-26,181.164,181.5688,0.223,0.14,1,max_hold 815d (+0.2%),evening,True
AMD,GapDown,2024-03-25,2024-03-26,178.63,179.54,0.509,0.32,1,max_hold 815d (+0.5%),evening,True
BA,MomReversal,2024-03-25,2024-03-26,191.41,192.02,0.319,0.2,1,max_hold 815d (+0.3%),evening,False
AMCR,Pullback50,2024-03-25,2024-03-26,42.3575,42.4031,0.108,0.07,1,max_hold 815d (+0.1%),evening,False
AMT,Pullback50,2024-03-25,2024-03-26,179.2225,178.9476,-0.153,-0.1,1,max_hold 815d (-0.2%),evening,False
BDX,52wkLow,2024-03-26,2024-03-26,181.5688,181.3214,-0.136,-0.09,0,max_hold 814d (-0.1%),morning,True
AMD,GapDown,2024-03-26,2024-03-26,179.54,177.87,-0.53,-0.34,0,stop_loss (-0.9%),morning,True
BA,MomReversal,2024-03-26,2024-03-26,192.02,187.5,-2.354,-1.49,0,stop_loss (-2.4%),morning,False
AMCR,Pullback50,2024-03-26,2024-03-26,42.4031,41.9015,-1.51,-0.96,0,stop_loss (-1.2%),morning,False
AMT,Pullback50,2024-03-26,2024-03-26,178.9476,177.8845,-1.79,-1.14,0,stop_loss (-0.6%),morning,False
BIIB,52wkLow,2024-03-26,2024-03-27,212.02,213.75,0.816,0.76,1,max_hold 814d (+0.8%),evening,True
T,Pullback50,2024-03-26,2024-03-27,15.3936,15.4922,0.64,0.59,1,max_hold 814d (+0.6%),evening,False
ADP,Pullback50,2024-03-26,2024-03-27,232.2646,234.0464,0.767,0.71,1,max_hold 814d (+0.8%),evening,False
CNC,Pullback50,2024-03-26,2024-03-27,77.56,78.05,0.632,0.59,1,max_hold 814d (+0.6%),evening,False
BIIB,52wkLow,2024-03-27,2024-03-27,213.75,216.34,1.212,1.14,0,max_hold 813d (+1.2%),morning,True
T,Pullback50,2024-03-27,2024-03-27,15.4922,15.7252,1.504,1.41,0,max_hold 813d (+1.5%),morning,False
ADP,Pullback50,2024-03-27,2024-03-27,234.0464,235.3543,0.559,0.53,0,max_hold 813d (+0.6%),morning,False
CNC,Pullback50,2024-03-27,2024-03-27,78.05,78.35,0.384,0.36,0,max_hold 813d (+0.4%),morning,False
AMT,Pullback50,2024-03-27,2024-03-28,180.8905,181.7978,0.502,0.47,1,max_hold 813d (+0.5%),evening,False
ADI,Pullback50,2024-03-27,2024-03-28,186.804,187.49,0.367,0.35,1,max_hold 813d (+0.4%),evening,False
CNP,RSIRecovery,2024-03-27,2024-03-28,26.7494,26.7494,-0.0,-0.0,1,max_hold 813d (-0.0%),evening,False
CCL,VolumeSpike,2024-03-27,2024-03-28,17.0067,16.8188,-1.59,-1.49,1,stop_loss (-1.1%),evening,False
AMT,Pullback50,2024-03-28,2024-03-28,181.7978,181.0829,-0.393,-0.37,0,max_hold 812d (-0.4%),morning,False
ADI,Pullback50,2024-03-28,2024-03-28,187.49,191.1134,1.933,1.81,0,max_hold 812d (+1.9%),morning,False
CNP,RSIRecovery,2024-03-28,2024-03-28,26.7494,26.9385,0.707,0.66,0,max_hold 812d (+0.7%),morning,False
CCL,VolumeSpike,2024-03-28,2024-03-28,16.8188,16.1658,-3.882,-3.64,0,stop_loss (-3.9%),morning,False
BIIB,52wkLow,2024-03-28,2024-04-01,215.63,215.69,0.028,0.03,1,max_hold 812d (+0.0%),evening,True
AMD,Pullback50,2024-03-28,2024-04-01,180.49,180.1,-0.216,-0.2,1,max_hold 812d (-0.2%),evening,False
ACN,RSIRecovery,2024-03-28,2024-04-01,334.7141,333.0242,-0.52,-0.49,1,stop_loss (-0.5%),evening,False
APA,VolumeSpike,2024-03-28,2024-04-01,31.3189,31.4556,0.436,0.41,1,max_hold 812d (+0.4%),evening,False
BIIB,52wkLow,2024-04-01,2024-04-01,215.69,214.83,-0.399,-0.37,0,max_hold 808d (-0.4%),morning,True
AMD,Pullback50,2024-04-01,2024-04-01,180.1,183.34,1.799,1.69,0,max_hold 808d (+1.8%),morning,False
ACN,RSIRecovery,2024-04-01,2024-04-01,333.0242,327.5295,-1.65,-1.55,0,stop_loss (-1.6%),morning,False
APA,VolumeSpike,2024-04-01,2024-04-01,31.4556,32.2755,2.606,2.45,0,max_hold 808d (+2.6%),morning,False
AMD,Pullback50,2024-04-01,2024-04-02,183.34,179.47,-2.111,-1.98,1,stop_loss (-2.1%),evening,True
AMD,Pullback50,2024-04-02,2024-04-02,179.47,178.7,-0.429,-0.4,0,max_hold 807d (-0.4%),morning,True
ADP,Pullback50,2024-04-02,2024-04-03,234.7193,234.8709,0.065,0.06,1,max_hold 807d (+0.1%),evening,True
BKNG,Pullback50,2024-04-02,2024-04-03,140.034,141.3263,0.923,0.86,1,max_hold 807d (+0.9%),evening,True
BR,Pullback50,2024-04-02,2024-04-03,194.6499,194.0926,-0.286,-0.27,1,max_hold 807d (-0.3%),evening,True
COIN,GapDown,2024-04-02,2024-04-03,245.84,244.04,-2.16,-2.02,1,stop_loss (-0.7%),evening,False
ADP,Pullback50,2024-04-03,2024-04-03,234.8709,232.3215,-1.14,-1.07,0,stop_loss (-1.1%),morning,True
BKNG,Pullback50,2024-04-03,2024-04-03,141.3263,142.6371,0.927,0.87,0,max_hold 806d (+0.9%),morning,True
BR,Pullback50,2024-04-03,2024-04-03,194.0926,191.6712,-1.248,-1.17,0,stop_loss (-1.2%),morning,True
COIN,GapDown,2024-04-03,2024-04-03,244.04,251.58,3.09,2.9,0,max_hold 806d (+3.1%),morning,False
AMD,Pullback50,2024-04-03,2024-04-04,180.77,182.92,1.189,1.12,1,max_hold 806d (+1.2%),evening,True
BX,Pullback50,2024-04-03,2024-04-04,118.1447,119.4795,1.13,1.06,1,max_hold 806d (+1.1%),evening,True
AMD,Pullback50,2024-04-04,2024-04-04,182.92,165.83,-9.343,-8.58,0,stop_loss (-9.3%),morning,True
BX,Pullback50,2024-04-04,2024-04-04,119.4795,117.622,-1.555,-1.43,0,stop_loss (-1.6%),morning,True
AMCR,Pullback50,2024-04-05,2024-04-08,41.9927,42.1751,0.434,0.16,1,max_hold 804d (+0.4%),evening,True
AJG,Pullback50,2024-04-05,2024-04-08,238.8024,238.5186,-0.119,-0.04,1,max_hold 804d (-0.1%),evening,True
ADP,Pullback50,2024-04-05,2024-04-08,232.0561,231.6012,-0.196,-0.07,1,max_hold 804d (-0.2%),evening,True
BLK,Pullback50,2024-04-05,2024-04-08,759.5165,763.2876,0.497,0.18,1,max_hold 804d (+0.5%),evening,True
BX,Pullback50,2024-04-05,2024-04-08,119.0875,119.0035,-0.071,-0.03,1,max_hold 804d (-0.1%),evening,True
AMCR,Pullback50,2024-04-08,2024-04-08,42.1751,41.7192,-0.5,-0.18,0,stop_loss (-1.1%),morning,True
AJG,Pullback50,2024-04-08,2024-04-08,238.5186,238.9688,0.189,0.07,0,max_hold 801d (+0.2%),morning,True
ADP,Pullback50,2024-04-08,2024-04-08,231.6012,233.7526,0.929,0.34,0,max_hold 801d (+0.9%),morning,True
BLK,Pullback50,2024-04-08,2024-04-08,763.2876,765.0018,0.225,0.08,0,max_hold 801d (+0.2%),morning,True
BX,Pullback50,2024-04-08,2024-04-08,119.0035,120.7117,1.435,0.52,0,max_hold 801d (+1.4%),morning,True
AJG,Pullback50,2024-04-08,2024-04-09,238.9688,239.6343,0.278,0.14,1,max_hold 801d (+0.3%),evening,True
ADP,Pullback50,2024-04-08,2024-04-09,233.7526,235.3258,0.673,0.33,1,max_hold 801d (+0.7%),evening,True
BLK,Pullback50,2024-04-08,2024-04-09,765.0018,767.773,0.362,0.18,1,max_hold 801d (+0.4%),evening,True
BKNG,Pullback50,2024-04-08,2024-04-09,141.4115,141.7583,0.245,0.12,1,max_hold 801d (+0.2%),evening,True
BXP,Pullback50,2024-04-08,2024-04-09,57.0095,57.1537,0.253,0.12,1,max_hold 801d (+0.3%),evening,True
AJG,Pullback50,2024-04-09,2024-04-09,239.6343,238.9394,-0.29,-0.14,0,max_hold 800d (-0.3%),morning,True
ADP,Pullback50,2024-04-09,2024-04-09,235.3258,236.9465,0.689,0.34,0,max_hold 800d (+0.7%),morning,True
BLK,Pullback50,2024-04-09,2024-04-09,767.773,765.5541,-0.289,-0.14,0,max_hold 800d (-0.3%),morning,True
BKNG,Pullback50,2024-04-09,2024-04-09,141.7583,140.6384,-1.59,-0.77,0,stop_loss (-0.8%),morning,True
BXP,Pullback50,2024-04-09,2024-04-09,57.1537,58.8666,2.997,1.46,0,max_hold 800d (+3.0%),morning,True
CF,Pullback50,2024-04-09,2024-04-10,77.0059,75.4491,-2.022,-1.87,1,stop_loss (-2.0%),evening,True
CHD,Pullback50,2024-04-09,2024-04-10,99.1705,98.8396,-0.334,-0.31,1,max_hold 800d (-0.3%),evening,True
KO,Pullback50,2024-04-09,2024-04-10,55.9907,55.6156,-2.45,-2.27,1,stop_loss (-0.7%),evening,True
BA,52wkLow,2024-04-09,2024-04-10,178.12,176.31,-5.98,-5.53,1,stop_loss (-1.0%),evening,False
CF,Pullback50,2024-04-10,2024-04-10,75.4491,76.7876,1.774,1.63,0,max_hold 799d (+1.8%),morning,True
CHD,Pullback50,2024-04-10,2024-04-10,98.8396,99.8421,1.014,0.93,0,max_hold 799d (+1.0%),morning,True
KO,Pullback50,2024-04-10,2024-04-10,55.6156,55.2406,-2.69,-2.47,0,stop_loss (-0.7%),morning,True
BA,52wkLow,2024-04-10,2024-04-10,176.31,174.63,-1.64,-1.51,0,stop_loss (-1.0%),morning,False
AXP,Pullback50,2024-04-10,2024-04-11,212.9834,212.8366,-0.069,-0.03,1,max_hold 799d (-0.1%),evening,True
ATO,Pullback50,2024-04-10,2024-04-11,109.1881,109.9756,0.721,0.34,1,max_hold 799d (+0.7%),evening,True
BKNG,Pullback50,2024-04-10,2024-04-11,140.8209,140.4593,-0.257,-0.12,1,max_hold 799d (-0.3%),evening,True
CAH,Pullback50,2024-04-10,2024-04-11,104.8616,104.7548,-0.102,-0.05,1,max_hold 799d (-0.1%),evening,True
CF,Pullback50,2024-04-10,2024-04-11,76.7876,76.5598,-0.297,-0.14,1,max_hold 799d (-0.3%),evening,True
AXP,Pullback50,2024-04-11,2024-04-11,212.8366,213.5216,0.322,0.15,0,max_hold 798d (+0.3%),morning,True
ATO,Pullback50,2024-04-11,2024-04-11,109.9756,108.5239,-1.32,-0.63,0,stop_loss (-1.3%),morning,True
BKNG,Pullback50,2024-04-11,2024-04-11,140.4593,142.8527,1.704,0.81,0,max_hold 798d (+1.7%),morning,True
CAH,Pullback50,2024-04-11,2024-04-11,104.7548,103.385,-1.308,-0.62,0,stop_loss (-1.3%),morning,True
CF,Pullback50,2024-04-11,2024-04-11,76.5598,76.7401,0.236,0.11,0,max_hold 798d (+0.2%),morning,True
ALLE,Pullback50,2024-04-11,2024-04-12,126.3514,125.2315,-3.86,-2.36,1,stop_loss (-0.9%),evening,True
AXP,Pullback50,2024-04-11,2024-04-12,213.5216,212.3474,-0.76,-0.46,1,stop_loss (-0.5%),evening,True
BX,Pullback50,2024-04-11,2024-04-12,118.4247,117.3326,-1.16,-0.71,1,stop_loss (-0.9%),evening,True
CF,Pullback50,2024-04-11,2024-04-12,76.7401,75.7434,-1.299,-0.79,1,stop_loss (-1.3%),evening,True
CME,Pullback50,2024-04-11,2024-04-12,194.85,194.5111,-0.174,-0.11,1,max_hold 798d (-0.2%),evening,True
ALLE,Pullback50,2024-04-12,2024-04-12,125.2315,124.0824,-1.32,-0.8,0,stop_loss (-0.9%),morning,True
AXP,Pullback50,2024-04-12,2024-04-12,212.3474,213.5216,0.553,0.33,0,max_hold 797d (+0.6%),morning,True
BX,Pullback50,2024-04-12,2024-04-12,117.3326,115.2511,-1.774,-1.07,0,stop_loss (-1.8%),morning,True
CF,Pullback50,2024-04-12,2024-04-12,75.7434,74.1391,-2.118,-1.28,0,stop_loss (-2.1%),morning,True
CME,Pullback50,2024-04-12,2024-04-12,194.5111,191.8554,-1.365,-0.83,0,stop_loss (-1.4%),morning,True
AXP,Pullback50,2024-04-12,2024-04-15,213.5216,217.1325,1.691,0.79,1,max_hold 797d (+1.7%),evening,True
CDNS,Pullback50,2024-04-12,2024-04-15,305.85,310.5,1.52,0.71,1,max_hold 797d (+1.5%),evening,True
COF,Pullback50,2024-04-12,2024-04-15,135.1289,137.2388,1.561,0.73,1,max_hold 797d (+1.6%),evening,True
CARR,Pullback50,2024-04-12,2024-04-15,55.1652,55.6116,0.809,0.38,1,max_hold 797d (+0.8%),evening,True
CFG,Pullback50,2024-04-12,2024-04-15,30.4808,30.8855,1.328,0.62,1,max_hold 797d (+1.3%),evening,True
AXP,Pullback50,2024-04-15,2024-04-15,217.1325,213.7173,-1.573,-0.74,0,stop_loss (-1.6%),morning,True
CDNS,Pullback50,2024-04-15,2024-04-15,310.5,301.56,-2.879,-1.36,0,stop_loss (-2.9%),morning,True
COF,Pullback50,2024-04-15,2024-04-15,137.2388,134.7031,-1.848,-0.87,0,stop_loss (-1.8%),morning,True
CARR,Pullback50,2024-04-15,2024-04-15,55.6116,53.8258,-3.211,-1.51,0,stop_loss (-3.2%),morning,True
CFG,Pullback50,2024-04-15,2024-04-15,30.8855,30.352,-1.727,-0.81,0,stop_loss (-1.7%),morning,True
CPB,Pullback50,2024-04-15,2024-04-16,38.9253,38.9526,0.07,0.06,1,max_hold 794d (+0.1%),evening,True
CVNA,RubberBand,2024-04-15,2024-04-16,13.966,13.784,-1.303,-1.09,1,stop_loss (-1.3%),evening,True
CBRE,RubberBand,2024-04-15,2024-04-16,86.99,86.53,-5.04,-4.22,1,stop_loss (-0.5%),evening,True
AWK,52wkLow,2024-04-15,2024-04-16,109.7837,109.282,-0.457,-0.38,1,max_hold 794d (-0.5%),evening,False
CAH,RSIRecovery,2024-04-15,2024-04-16,103.9776,104.3759,0.383,0.32,1,max_hold 794d (+0.4%),evening,False
CPB,Pullback50,2024-04-16,2024-04-16,38.9526,39.217,0.679,0.56,0,max_hold 793d (+0.7%),morning,True
CVNA,RubberBand,2024-04-16,2024-04-16,13.784,14.128,2.496,2.06,0,max_hold 793d (+2.5%),morning,True
CBRE,RubberBand,2024-04-16,2024-04-16,86.53,85.5,-1.11,-0.92,0,stop_loss (-1.2%),morning,True
AWK,52wkLow,2024-04-16,2024-04-16,109.282,107.7391,-1.412,-1.17,0,stop_loss (-1.4%),morning,False
AOS,Pullback50,2024-04-16,2024-04-17,81.8,82.2118,0.504,0.19,1,max_hold 793d (+0.5%),evening,True
AXP,Pullback50,2024-04-16,2024-04-17,213.6586,214.8525,0.559,0.21,1,max_hold 793d (+0.6%),evening,True
AIG,Pullback50,2024-04-16,2024-04-17,70.2049,69.092,-1.585,-0.6,1,stop_loss (-1.6%),evening,True
AME,Pullback50,2024-04-16,2024-04-17,176.5079,176.8627,0.201,0.08,1,max_hold 793d (+0.2%),evening,True
CPB,Pullback50,2024-04-16,2024-04-17,39.217,39.4723,0.651,0.24,1,max_hold 793d (+0.7%),evening,True
AOS,Pullback50,2024-04-17,2024-04-17,82.2118,82.8153,0.734,0.28,0,max_hold 792d (+0.7%),morning,True
AXP,Pullback50,2024-04-17,2024-04-17,214.8525,213.003,-0.96,-0.36,0,stop_loss (-0.9%),morning,True
AIG,Pullback50,2024-04-17,2024-04-17,69.092,69.035,-0.083,-0.03,0,max_hold 792d (-0.1%),morning,True
AME,Pullback50,2024-04-17,2024-04-17,176.8627,175.4829,-2.16,-0.81,0,stop_loss (-0.8%),morning,True
CPB,Pullback50,2024-04-17,2024-04-17,39.4723,39.4906,0.046,0.02,0,max_hold 792d (+0.0%),morning,True
ALL,Pullback50,2024-04-17,2024-04-18,155.8046,157.8893,1.338,0.37,1,max_hold 792d (+1.3%),evening,True
MO,Pullback50,2024-04-17,2024-04-18,34.9866,35.0121,0.073,0.02,1,max_hold 792d (+0.1%),evening,True
ATO,Pullback50,2024-04-17,2024-04-18,108.6947,109.0647,0.34,0.09,1,max_hold 792d (+0.3%),evening,True
AVB,Pullback50,2024-04-17,2024-04-18,168.6984,169.1833,0.287,0.08,1,max_hold 792d (+0.3%),evening,True
BAC,Pullback50,2024-04-17,2024-04-18,33.4507,33.745,0.88,0.24,1,max_hold 792d (+0.9%),evening,True
ALL,Pullback50,2024-04-18,2024-04-18,157.8893,161.7242,2.429,0.67,0,max_hold 791d (+2.4%),morning,True
MO,Pullback50,2024-04-18,2024-04-18,35.0121,35.1569,0.413,0.11,0,max_hold 791d (+0.4%),morning,True
ATO,Pullback50,2024-04-18,2024-04-18,109.0647,108.7042,-0.331,-0.09,0,max_hold 791d (-0.3%),morning,True
AVB,Pullback50,2024-04-18,2024-04-18,169.1833,169.696,0.303,0.08,0,max_hold 791d (+0.3%),morning,True
BAC,Pullback50,2024-04-18,2024-04-18,33.745,33.9634,0.647,0.18,0,max_hold 791d (+0.6%),morning,True
ABNB,Pullback50,2024-04-18,2024-04-19,160.1,159.54,-0.35,-0.1,1,max_hold 791d (-0.3%),evening,True
MO,Pullback50,2024-04-18,2024-04-19,35.1569,35.2335,0.218,0.06,1,max_hold 791d (+0.2%),evening,True
AEP,Pullback50,2024-04-18,2024-04-19,76.3766,76.6357,0.339,0.09,1,max_hold 791d (+0.3%),evening,True
AZO,Pullback50,2024-04-18,2024-04-19,2973.1699,2987.22,0.473,0.13,1,max_hold 791d (+0.5%),evening,True
BALL,Pullback50,2024-04-18,2024-04-19,62.3676,62.2804,-0.14,-0.04,1,max_hold 791d (-0.1%),evening,True
ABNB,Pullback50,2024-04-19,2024-04-19,159.54,155.01,-2.839,-0.79,0,stop_loss (-2.8%),morning,True
MO,Pullback50,2024-04-19,2024-04-19,35.2335,35.8293,1.691,0.47,0,max_hold 790d (+1.7%),morning,True
AEP,Pullback50,2024-04-19,2024-04-19,76.6357,77.8938,1.642,0.45,0,max_hold 790d (+1.6%),morning,True
AZO,Pullback50,2024-04-19,2024-04-19,2987.22,2985.54,-0.056,-0.02,0,max_hold 790d (-0.1%),morning,True
BALL,Pullback50,2024-04-19,2024-04-19,62.2804,62.9491,1.074,0.3,0,max_hold 790d (+1.1%),morning,True
AIG,Pullback50,2024-04-19,2024-04-22,70.6044,71.0134,0.579,0.06,1,max_hold 790d (+0.6%),evening,True
AMP,Pullback50,2024-04-19,2024-04-22,404.8919,407.7756,0.712,0.08,1,max_hold 790d (+0.7%),evening,True
BALL,Pullback50,2024-04-19,2024-04-22,62.9491,63.1623,0.339,0.04,1,max_hold 790d (+0.3%),evening,True
BRK-B,Pullback50,2024-04-19,2024-04-22,405.08,406.84,0.434,0.05,1,max_hold 790d (+0.4%),evening,True
CAH,Pullback50,2024-04-19,2024-04-22,105.1045,100.8883,-4.011,-0.43,1,stop_loss (-4.0%),evening,True
AIG,Pullback50,2024-04-22,2024-04-22,71.0134,71.2987,0.402,0.04,0,max_hold 787d (+0.4%),morning,True
AMP,Pullback50,2024-04-22,2024-04-22,407.7756,409.1349,0.333,0.04,0,max_hold 787d (+0.3%),morning,True
BALL,Pullback50,2024-04-22,2024-04-22,63.1623,63.4143,0.399,0.04,0,max_hold 787d (+0.4%),morning,True
BRK-B,Pullback50,2024-04-22,2024-04-22,406.84,408.78,0.477,0.05,0,max_hold 787d (+0.5%),morning,True
CAH,Pullback50,2024-04-22,2024-04-22,100.8883,99.8974,-1.86,-0.2,0,stop_loss (-1.0%),morning,True
AMZN,Pullback50,2024-04-22,2024-04-23,177.23,178.08,0.48,0.18,1,max_hold 787d (+0.5%),evening,True
APO,Pullback50,2024-04-22,2024-04-23,106.9775,107.5191,0.506,0.19,1,max_hold 787d (+0.5%),evening,True
ARES,Pullback50,2024-04-22,2024-04-23,123.1863,123.9235,0.598,0.23,1,max_hold 787d (+0.6%),evening,True
ADP,Pullback50,2024-04-22,2024-04-23,233.4398,233.8663,0.183,0.07,1,max_hold 787d (+0.2%),evening,True
BRK-B,Pullback50,2024-04-22,2024-04-23,408.78,410.25,0.36,0.14,1,max_hold 787d (+0.4%),evening,True
AMZN,Pullback50,2024-04-23,2024-04-23,178.08,179.54,0.82,0.31,0,max_hold 786d (+0.8%),morning,True
APO,Pullback50,2024-04-23,2024-04-23,107.5191,110.0436,2.348,0.89,0,max_hold 786d (+2.3%),morning,True
ARES,Pullback50,2024-04-23,2024-04-23,123.9235,127.3761,2.786,1.05,0,max_hold 786d (+2.8%),morning,True
ADP,Pullback50,2024-04-23,2024-04-23,233.8663,233.9421,0.032,0.01,0,max_hold 786d (+0.0%),morning,True
BRK-B,Pullback50,2024-04-23,2024-04-23,410.25,408.74,-0.368,-0.14,0,max_hold 786d (-0.4%),morning,True
ABNB,Pullback50,2024-04-23,2024-04-24,160.95,164.475,2.19,0.46,1,max_hold 786d (+2.2%),evening,True
ALGN,Pullback50,2024-04-23,2024-04-24,311.88,310.65,-0.394,-0.08,1,max_hold 786d (-0.4%),evening,True
AME,Pullback50,2024-04-23,2024-04-24,177.257,178.075,0.461,0.1,1,max_hold 786d (+0.5%),evening,True
ADP,Pullback50,2024-04-23,2024-04-24,233.9421,231.8571,-1.28,-0.27,1,stop_loss (-0.9%),evening,True
AXON,Pullback50,2024-04-23,2024-04-24,301.56,304.07,0.832,0.17,1,max_hold 786d (+0.8%),evening,True
ABNB,Pullback50,2024-04-24,2024-04-24,164.475,162.84,-3.66,-0.77,0,stop_loss (-1.0%),morning,True
ALGN,Pullback50,2024-04-24,2024-04-24,310.65,313.78,1.008,0.21,0,max_hold 785d (+1.0%),morning,True
AME,Pullback50,2024-04-24,2024-04-24,178.075,175.6505,-1.362,-0.28,0,stop_loss (-1.4%),morning,True
ADP,Pullback50,2024-04-24,2024-04-24,231.8571,233.7242,0.805,0.17,0,max_hold 785d (+0.8%),morning,True
AXON,Pullback50,2024-04-24,2024-04-24,304.07,302.41,-0.91,-0.19,0,stop_loss (-0.5%),morning,True
ALGN,Pullback50,2024-04-24,2024-04-25,313.78,325.0,3.576,0.55,1,max_hold 785d (+3.6%),evening,True
AIZ,Pullback50,2024-04-24,2024-04-25,171.1082,170.8473,-0.153,-0.02,1,max_hold 785d (-0.2%),evening,True
ADP,Pullback50,2024-04-24,2024-04-25,233.7242,236.5295,1.2,0.19,1,max_hold 785d (+1.2%),evening,True
AZO,Pullback50,2024-04-24,2024-04-25,2988.51,2901.8401,-2.9,-0.45,1,stop_loss (-2.9%),evening,True
BXP,Pullback50,2024-04-24,2024-04-25,56.7391,55.6212,-1.97,-0.3,1,stop_loss (-2.0%),evening,True
ALGN,Pullback50,2024-04-25,2024-04-25,325.0,310.5,-4.462,-0.69,0,stop_loss (-4.5%),morning,True
AIZ,Pullback50,2024-04-25,2024-04-25,170.8473,167.8127,-1.776,-0.27,0,stop_loss (-1.8%),morning,True
ADP,Pullback50,2024-04-25,2024-04-25,236.5295,233.4682,-1.294,-0.2,0,stop_loss (-1.3%),morning,True
AZO,Pullback50,2024-04-25,2024-04-25,2901.8401,2945.25,1.496,0.23,0,max_hold 784d (+1.5%),morning,True
BXP,Pullback50,2024-04-25,2024-04-25,55.6212,55.8466,0.405,0.06,0,max_hold 784d (+0.4%),morning,True
APO,Pullback50,2024-04-25,2024-04-26,108.2156,108.8249,0.563,0.09,1,max_hold 784d (+0.6%),evening,True
BRK-B,Pullback50,2024-04-25,2024-04-26,404.91,403.92,-0.244,-0.04,1,max_hold 784d (-0.2%),evening,True
AVGO,Pullback50,2024-04-25,2024-04-26,126.8508,128.3776,1.204,0.2,1,max_hold 784d (+1.2%),evening,True
COR,Pullback50,2024-04-25,2024-04-26,235.3905,235.6654,0.117,0.02,1,max_hold 784d (+0.1%),evening,True
CME,Pullback50,2024-04-25,2024-04-26,194.6393,194.0715,-0.292,-0.05,1,max_hold 784d (-0.3%),evening,True
APO,Pullback50,2024-04-26,2024-04-26,108.8249,108.5444,-0.258,-0.04,0,max_hold 783d (-0.3%),morning,True
BRK-B,Pullback50,2024-04-26,2024-04-26,403.92,402.1,-0.451,-0.08,0,max_hold 783d (-0.5%),morning,True
AVGO,Pullback50,2024-04-26,2024-04-26,128.3776,131.7164,2.601,0.43,0,max_hold 783d (+2.6%),morning,True
COR,Pullback50,2024-04-26,2024-04-26,235.6654,236.4901,0.35,0.06,0,max_hold 783d (+0.3%),morning,True
CME,Pullback50,2024-04-26,2024-04-26,194.0715,193.1741,-0.462,-0.08,0,max_hold 783d (-0.5%),morning,True
AIG,Pullback50,2024-04-26,2024-04-29,70.8897,70.9658,0.107,0.04,1,max_hold 783d (+0.1%),evening,True
AMAT,Pullback50,2024-04-26,2024-04-29,199.6452,199.7728,0.064,0.03,1,max_hold 783d (+0.1%),evening,True
T,Pullback50,2024-04-26,2024-04-29,15.2542,15.4727,1.433,0.6,1,max_hold 783d (+1.4%),evening,True
BKNG,Pullback50,2024-04-26,2024-04-29,138.2666,138.2666,-0.0,-0.0,1,max_hold 783d (-0.0%),evening,True
AON,52wkLow,2024-04-26,2024-04-29,280.7982,277.0842,-1.323,-0.55,1,stop_loss (-1.3%),evening,False
AIG,Pullback50,2024-04-29,2024-04-29,70.9658,72.0406,1.515,0.63,0,max_hold 780d (+1.5%),morning,True
AMAT,Pullback50,2024-04-29,2024-04-29,199.7728,201.4907,0.86,0.36,0,max_hold 780d (+0.9%),morning,True
T,Pullback50,2024-04-29,2024-04-29,15.4727,15.5001,0.177,0.07,0,max_hold 780d (+0.2%),morning,True
BKNG,Pullback50,2024-04-29,2024-04-29,138.2666,138.0199,-0.178,-0.07,0,max_hold 780d (-0.2%),morning,True
AON,52wkLow,2024-04-29,2024-04-29,277.0842,276.8674,-0.078,-0.03,0,max_hold 780d (-0.1%),morning,False
AMP,Pullback50,2024-04-29,2024-04-30,404.2511,402.8335,-0.351,-0.1,1,max_hold 780d (-0.4%),evening,True
AMGN,Pullback50,2024-04-29,2024-04-30,258.097,257.8448,-0.098,-0.03,1,max_hold 780d (-0.1%),evening,True
AMAT,Pullback50,2024-04-29,2024-04-30,201.4907,199.9299,-1.82,-0.54,1,stop_loss (-0.8%),evening,True
AZO,Pullback50,2024-04-29,2024-04-30,2998.78,2997.8899,-0.03,-0.01,1,max_hold 780d (-0.0%),evening,True
BXP,Pullback50,2024-04-29,2024-04-30,56.6489,56.1441,-0.77,-0.23,1,stop_loss (-0.9%),evening,True
AMP,Pullback50,2024-04-30,2024-04-30,402.8335,399.8236,-1.28,-0.38,0,stop_loss (-0.7%),morning,True
AMGN,Pullback50,2024-04-30,2024-04-30,257.8448,255.8183,-2.18,-0.65,0,stop_loss (-0.8%),morning,True
AMAT,Pullback50,2024-04-30,2024-04-30,199.9299,195.0021,-2.465,-0.73,0,stop_loss (-2.5%),morning,True
AZO,Pullback50,2024-04-30,2024-04-30,2997.8899,2956.3999,-1.384,-0.41,0,stop_loss (-1.4%),morning,True
BXP,Pullback50,2024-04-30,2024-04-30,56.1441,55.7925,-1.04,-0.31,0,stop_loss (-0.6%),morning,True
AVY,Pullback50,2024-04-30,2024-05-01,207.7885,209.1082,0.635,0.16,1,max_hold 779d (+0.6%),evening,True
AON,52wkLow,2024-04-30,2024-05-01,278.4919,277.6722,-0.294,-0.08,1,max_hold 779d (-0.3%),evening,False
APTV,52wkLow,2024-04-30,2024-05-01,71.0,70.81,-0.268,-0.07,1,max_hold 779d (-0.3%),evening,False
BDX,52wkLow,2024-04-30,2024-05-01,175.8641,175.4368,-0.243,-0.06,1,max_hold 779d (-0.2%),evening,False
BF-B,52wkLow,2024-04-30,2024-05-01,44.9396,44.6109,-0.51,-0.13,1,stop_loss (-0.7%),evening,False
AVY,Pullback50,2024-05-01,2024-05-01,209.1082,208.3144,-0.38,-0.1,0,max_hold 778d (-0.4%),morning,True
AON,52wkLow,2024-05-01,2024-05-01,277.6722,280.2694,0.935,0.24,0,max_hold 778d (+0.9%),morning,False
APTV,52wkLow,2024-05-01,2024-05-01,70.81,69.75,-1.497,-0.39,0,stop_loss (-1.5%),morning,False
BDX,52wkLow,2024-05-01,2024-05-01,175.4368,175.2044,-0.132,-0.03,0,max_hold 778d (-0.1%),morning,False
BF-B,52wkLow,2024-05-01,2024-05-01,44.6109,44.4325,-0.4,-0.1,0,max_hold 778d (-0.4%),morning,False
APA,52wkLow,2024-05-01,2024-05-02,28.0003,27.6514,-1.246,-0.4,1,stop_loss (-1.2%),evening,True
APTV,52wkLow,2024-05-01,2024-05-02,69.75,75.42,8.129,2.59,1,max_hold 778d (+8.1%),evening,True
BDX,52wkLow,2024-05-01,2024-05-02,175.2044,182.161,3.971,1.27,1,max_hold 778d (+4.0%),evening,True
BXP,GapDown,2024-05-01,2024-05-02,53.4126,54.287,1.637,0.52,1,max_hold 778d (+1.6%),evening,False
COR,GapDown,2024-05-01,2024-05-02,225.0229,224.3259,-0.31,-0.1,1,max_hold 778d (-0.3%),evening,False
APA,52wkLow,2024-05-02,2024-05-02,27.6514,26.7884,-3.121,-1.0,0,stop_loss (-3.1%),morning,True
APTV,52wkLow,2024-05-02,2024-05-02,75.42,77.79,3.142,1.01,0,max_hold 777d (+3.1%),morning,True
BDX,52wkLow,2024-05-02,2024-05-02,182.161,180.1745,-0.9,-0.29,0,stop_loss (-1.1%),morning,True
BXP,GapDown,2024-05-02,2024-05-02,54.287,54.1518,-0.249,-0.08,0,max_hold 777d (-0.2%),morning,False
COR,GapDown,2024-05-02,2024-05-02,224.3259,220.6442,-1.641,-0.53,0,stop_loss (-1.6%),morning,False
APA,52wkLow,2024-05-02,2024-05-03,26.7884,26.8711,0.308,0.08,1,max_hold 777d (+0.3%),evening,True
AAPL,52wkLow,2024-05-02,2024-05-03,171.3116,184.7964,7.871,2.05,1,max_hold 777d (+7.9%),evening,True
BDX,52wkLow,2024-05-02,2024-05-03,180.1745,178.9901,-2.01,-0.52,1,stop_loss (-0.7%),evening,True
AME,RubberBand,2024-05-02,2024-05-03,160.985,161.3398,0.22,0.06,1,max_hold 777d (+0.2%),evening,True
CTSH,MomReversal,2024-05-02,2024-05-03,63.6534,64.0472,0.619,0.16,1,max_hold 777d (+0.6%),evening,False
APA,52wkLow,2024-05-03,2024-05-03,26.8711,26.8619,-0.034,-0.01,0,max_hold 776d (-0.0%),morning,True
AAPL,52wkLow,2024-05-03,2024-05-03,184.7964,181.5589,-1.752,-0.46,0,stop_loss (-1.8%),morning,True
BDX,52wkLow,2024-05-03,2024-05-03,178.9901,175.9241,-1.713,-0.45,0,stop_loss (-1.7%),morning,True
AME,RubberBand,2024-05-03,2024-05-03,161.3398,164.1586,1.747,0.46,0,max_hold 776d (+1.7%),morning,True
CTSH,MomReversal,2024-05-03,2024-05-03,64.0472,63.6342,-1.02,-0.27,0,stop_loss (-0.6%),morning,False
APA,52wkLow,2024-05-03,2024-05-06,26.8619,27.0547,0.718,0.25,1,max_hold 776d (+0.7%),evening,True
BDX,52wkLow,2024-05-03,2024-05-06,175.9241,177.5208,0.908,0.32,1,max_hold 776d (+0.9%),evening,True
AKAM,MomReversal,2024-05-03,2024-05-06,99.67,100.09,0.421,0.15,1,max_hold 776d (+0.4%),evening,False
CTSH,MomReversal,2024-05-03,2024-05-06,63.6342,63.884,0.392,0.14,1,max_hold 776d (+0.4%),evening,False
AMP,Pullback50,2024-05-03,2024-05-06,408.2262,411.2955,0.752,0.26,1,max_hold 776d (+0.8%),evening,False
APA,52wkLow,2024-05-06,2024-05-06,27.0547,27.4678,1.527,0.53,0,max_hold 773d (+1.5%),morning,True
BDX,52wkLow,2024-05-06,2024-05-06,177.5208,177.3483,-0.097,-0.03,0,max_hold 773d (-0.1%),morning,True
AKAM,MomReversal,2024-05-06,2024-05-06,100.09,101.08,0.989,0.35,0,max_hold 773d (+1.0%),morning,False
CTSH,MomReversal,2024-05-06,2024-05-06,63.884,63.7975,-0.135,-0.05,0,max_hold 773d (-0.1%),morning,False
AMP,Pullback50,2024-05-06,2024-05-06,411.2955,414.0823,0.678,0.24,0,max_hold 773d (+0.7%),morning,False
AOS,Pullback50,2024-05-06,2024-05-07,81.8754,82.1542,0.341,0.11,1,max_hold 773d (+0.3%),evening,False
A,Pullback50,2024-05-06,2024-05-07,138.4351,138.9372,0.363,0.12,1,max_hold 773d (+0.4%),evening,False
ABNB,Pullback50,2024-05-06,2024-05-07,162.0,161.81,-0.117,-0.04,1,max_hold 773d (-0.1%),evening,False
APO,Pullback50,2024-05-06,2024-05-07,107.8286,107.2483,-1.26,-0.41,1,stop_loss (-0.5%),evening,False
ANET,Pullback50,2024-05-06,2024-05-07,69.705,69.0275,-1.46,-0.47,1,stop_loss (-1.0%),evening,False
AOS,Pullback50,2024-05-07,2024-05-07,82.1542,81.9427,-0.257,-0.08,0,max_hold 772d (-0.3%),morning,False
A,Pullback50,2024-05-07,2024-05-07,138.9372,139.0849,0.106,0.03,0,max_hold 772d (+0.1%),morning,False
ABNB,Pullback50,2024-05-07,2024-05-07,161.81,159.81,-1.236,-0.4,0,stop_loss (-1.2%),morning,False
APO,Pullback50,2024-05-07,2024-05-07,107.2483,109.473,2.074,0.67,0,max_hold 772d (+2.1%),morning,False
ANET,Pullback50,2024-05-07,2024-05-07,69.0275,68.4975,-0.95,-0.31,0,stop_loss (-0.8%),morning,False
A,Pullback50,2024-05-07,2024-05-08,139.0849,138.9372,-0.106,-0.06,1,max_hold 772d (-0.1%),evening,False
AJG,Pullback50,2024-05-07,2024-05-08,239.8105,241.3863,0.657,0.34,1,max_hold 772d (+0.7%),evening,False
ADP,Pullback50,2024-05-07,2024-05-08,232.312,232.2457,-0.029,-0.01,1,max_hold 772d (-0.0%),evening,False
CNC,Pullback50,2024-05-07,2024-05-08,75.9,76.33,0.567,0.3,1,max_hold 772d (+0.6%),evening,False
AEE,VolumeSpike,2024-05-07,2024-05-08,69.5124,69.4002,-0.161,-0.08,1,max_hold 772d (-0.2%),evening,False
A,Pullback50,2024-05-08,2024-05-08,138.9372,140.5912,1.19,0.63,0,max_hold 771d (+1.2%),morning,False
AJG,Pullback50,2024-05-08,2024-05-08,241.3863,239.8007,-0.61,-0.32,0,stop_loss (-0.7%),morning,False
ADP,Pullback50,2024-05-08,2024-05-08,232.2457,230.2459,-3.14,-1.65,0,stop_loss (-0.9%),morning,False
CNC,Pullback50,2024-05-08,2024-05-08,76.33,75.85,-0.71,-0.37,0,stop_loss (-0.6%),morning,False
AEE,VolumeSpike,2024-05-08,2024-05-08,69.4002,69.3908,-0.013,-0.01,0,max_hold 771d (-0.0%),morning,False
BDX,52wkLow,2024-05-08,2024-05-09,175.0995,175.5193,0.24,0.13,1,max_hold 771d (+0.2%),evening,True
AOS,Pullback50,2024-05-08,2024-05-09,82.2888,82.3946,0.129,0.07,1,max_hold 771d (+0.1%),evening,False
A,Pullback50,2024-05-08,2024-05-09,140.5912,140.8964,0.217,0.11,1,max_hold 771d (+0.2%),evening,False
CIEN,Pullback50,2024-05-08,2024-05-09,49.21,49.25,0.081,0.04,1,max_hold 771d (+0.1%),evening,False
CINF,Pullback50,2024-05-08,2024-05-09,112.0004,111.7238,-0.247,-0.13,1,max_hold 771d (-0.2%),evening,False
BDX,52wkLow,2024-05-09,2024-05-09,175.5193,176.1639,0.367,0.19,0,max_hold 770d (+0.4%),morning,True
AOS,Pullback50,2024-05-09,2024-05-09,82.3946,83.0677,0.817,0.43,0,max_hold 770d (+0.8%),morning,False
A,Pullback50,2024-05-09,2024-05-09,140.8964,142.895,1.418,0.74,0,max_hold 770d (+1.4%),morning,False
CIEN,Pullback50,2024-05-09,2024-05-09,49.25,48.92,-0.66,-0.35,0,stop_loss (-0.7%),morning,False
CINF,Pullback50,2024-05-09,2024-05-09,111.7238,112.8301,0.99,0.52,0,max_hold 770d (+1.0%),morning,False
AON,52wkLow,2024-05-09,2024-05-10,283.9924,285.1182,0.396,0.08,1,max_hold 770d (+0.4%),evening,True
BDX,52wkLow,2024-05-09,2024-05-10,176.1639,176.1639,-0.0,-0.0,1,max_hold 770d (-0.0%),evening,True
ABNB,GapDown,2024-05-09,2024-05-10,147.05,147.75,0.476,0.1,1,max_hold 770d (+0.5%),evening,False
AOS,Pullback50,2024-05-09,2024-05-10,83.0677,83.3177,0.301,0.06,1,max_hold 770d (+0.3%),evening,False
AMT,Pullback50,2024-05-09,2024-05-10,172.3346,172.4271,0.054,0.01,1,max_hold 770d (+0.1%),evening,False
AON,52wkLow,2024-05-10,2024-05-10,285.1182,289.4435,1.517,0.32,0,max_hold 769d (+1.5%),morning,True
BDX,52wkLow,2024-05-10,2024-05-10,176.1639,176.6662,0.285,0.06,0,max_hold 769d (+0.3%),morning,True
ABNB,GapDown,2024-05-10,2024-05-10,147.75,146.32,-0.65,-0.14,0,stop_loss (-1.0%),morning,False
AOS,Pullback50,2024-05-10,2024-05-10,83.3177,83.0581,-0.312,-0.07,0,max_hold 769d (-0.3%),morning,False
AMT,Pullback50,2024-05-10,2024-05-10,172.4271,170.5962,-1.86,-0.39,0,stop_loss (-1.1%),morning,False
BDX,52wkLow,2024-05-10,2024-05-13,176.6662,177.3634,0.395,0.33,1,max_hold 769d (+0.4%),evening,True
ARE,Pullback50,2024-05-10,2024-05-13,108.5138,109.3706,0.79,0.66,1,max_hold 769d (+0.8%),evening,False
ADP,Pullback50,2024-05-10,2024-05-13,233.9611,234.5676,0.259,0.22,1,max_hold 769d (+0.3%),evening,False
BLK,Pullback50,2024-05-10,2024-05-13,758.6691,760.8878,0.292,0.25,1,max_hold 769d (+0.3%),evening,False
CINF,Pullback50,2024-05-10,2024-05-13,113.3641,113.5262,0.143,0.12,1,max_hold 769d (+0.1%),evening,False
BDX,52wkLow,2024-05-13,2024-05-13,177.3634,177.6257,0.148,0.12,0,max_hold 766d (+0.1%),morning,True
ARE,Pullback50,2024-05-13,2024-05-13,109.3706,107.7374,-1.493,-1.26,0,stop_loss (-1.5%),morning,False
ADP,Pullback50,2024-05-13,2024-05-13,234.5676,234.8519,0.121,0.1,0,max_hold 766d (+0.1%),morning,False
BLK,Pullback50,2024-05-13,2024-05-13,760.8878,752.6314,-6.86,-5.79,0,stop_loss (-1.1%),morning,False
BF-B,52wkLow,2024-05-13,2024-05-14,46.1324,46.4705,0.733,0.61,1,max_hold 766d (+0.7%),evening,True
BR,Pullback50,2024-05-13,2024-05-14,190.057,190.5759,0.273,0.23,1,max_hold 766d (+0.3%),evening,False
CBOE,Pullback50,2024-05-13,2024-05-14,178.6386,178.7171,0.044,0.04,1,max_hold 766d (+0.0%),evening,False
CI,Pullback50,2024-05-13,2024-05-14,334.1932,333.5519,-0.192,-0.16,1,max_hold 766d (-0.2%),evening,False
AKAM,RSIRecovery,2024-05-13,2024-05-14,94.32,94.3,-0.021,-0.02,1,max_hold 766d (-0.0%),evening,False
BF-B,52wkLow,2024-05-14,2024-05-14,46.4705,45.8506,-1.334,-1.11,0,stop_loss (-1.3%),morning,True
BR,Pullback50,2024-05-14,2024-05-14,190.5759,192.046,0.771,0.64,0,max_hold 765d (+0.8%),morning,False
CBOE,Pullback50,2024-05-14,2024-05-14,178.7171,177.1283,-0.5,-0.42,0,stop_loss (-0.9%),morning,False
CI,Pullback50,2024-05-14,2024-05-14,333.5519,331.5897,-2.83,-2.35,0,stop_loss (-0.6%),morning,False
APP,GapDown,2024-05-14,2024-05-15,83.44,84.1,0.791,0.54,1,max_hold 765d (+0.8%),evening,False
AMT,Pullback50,2024-05-14,2024-05-15,172.8802,176.7546,2.241,1.54,1,max_hold 765d (+2.2%),evening,False
APO,Pullback50,2024-05-14,2024-05-15,107.2386,107.7319,0.46,0.32,1,max_hold 765d (+0.5%),evening,False
AIZ,Pullback50,2024-05-14,2024-05-15,171.3788,171.1759,-0.118,-0.08,1,max_hold 765d (-0.1%),evening,False
BR,Pullback50,2024-05-14,2024-05-15,192.046,192.8435,0.415,0.29,1,max_hold 765d (+0.4%),evening,False
APP,GapDown,2024-05-15,2024-05-15,84.1,84.06,-0.048,-0.03,0,max_hold 764d (-0.0%),morning,False
AMT,Pullback50,2024-05-15,2024-05-15,176.7546,177.5591,0.455,0.31,0,max_hold 764d (+0.5%),morning,False
APO,Pullback50,2024-05-15,2024-05-15,107.7319,111.5429,3.537,2.45,0,max_hold 764d (+3.5%),morning,False
AIZ,Pullback50,2024-05-15,2024-05-15,171.1759,169.5813,-1.03,-0.71,0,stop_loss (-0.9%),morning,False
BR,Pullback50,2024-05-15,2024-05-15,192.8435,194.2079,0.708,0.49,0,max_hold 764d (+0.7%),morning,False
BF-B,52wkLow,2024-05-15,2024-05-16,44.6672,44.8457,0.399,0.33,1,max_hold 764d (+0.4%),evening,True
BAX,MomReversal,2024-05-15,2024-05-16,34.0272,34.0753,0.141,0.12,1,max_hold 764d (+0.1%),evening,False
ADP,Pullback50,2024-05-15,2024-05-16,233.7336,233.4872,-0.105,-0.09,1,max_hold 764d (-0.1%),evening,False
CB,Pullback50,2024-05-15,2024-05-16,247.3387,263.6572,6.598,5.51,1,max_hold 764d (+6.6%),evening,False
BF-B,52wkLow,2024-05-16,2024-05-16,44.8457,45.7285,1.969,1.67,0,max_hold 763d (+2.0%),morning,True
BAX,MomReversal,2024-05-16,2024-05-16,34.0753,33.7775,-1.57,-1.33,0,stop_loss (-0.9%),morning,False
ADP,Pullback50,2024-05-16,2024-05-16,233.4872,236.9939,1.502,1.27,0,max_hold 763d (+1.5%),morning,False
CB,Pullback50,2024-05-16,2024-05-16,263.6572,258.9836,-1.773,-1.5,0,stop_loss (-1.8%),morning,False
AON,52wkLow,2024-05-16,2024-05-17,288.377,289.5226,0.397,0.21,1,max_hold 763d (+0.4%),evening,True
CSCO,52wkLow,2024-05-16,2024-05-17,45.8747,45.7988,-0.165,-0.09,1,max_hold 763d (-0.2%),evening,True
ALL,Pullback50,2024-05-16,2024-05-17,161.6955,163.1013,0.869,0.46,1,max_hold 763d (+0.9%),evening,False
CBOE,Pullback50,2024-05-16,2024-05-17,178.0992,179.5899,0.837,0.44,1,max_hold 763d (+0.8%),evening,False
CINF,Pullback50,2024-05-16,2024-05-17,113.0303,113.6788,0.574,0.3,1,max_hold 763d (+0.6%),evening,False
AON,52wkLow,2024-05-17,2024-05-17,289.5226,288.8017,-0.249,-0.13,0,max_hold 762d (-0.2%),morning,True
CSCO,52wkLow,2024-05-17,2024-05-17,45.7988,45.7134,-0.186,-0.1,0,max_hold 762d (-0.2%),morning,True
ALL,Pullback50,2024-05-17,2024-05-17,163.1013,162.1067,-1.36,-0.72,0,stop_loss (-0.6%),morning,False
CBOE,Pullback50,2024-05-17,2024-05-17,179.5899,179.9724,0.213,0.11,0,max_hold 762d (+0.2%),morning,False
CINF,Pullback50,2024-05-17,2024-05-17,113.6788,114.499,0.721,0.38,0,max_hold 762d (+0.7%),morning,False
ABT,MomReversal,2024-05-17,2024-05-20,100.0015,99.7037,-0.298,-0.27,1,max_hold 762d (-0.3%),evening,False
AOS,Pullback50,2024-05-17,2024-05-20,82.385,82.5292,0.175,0.16,1,max_hold 762d (+0.2%),evening,False
CAT,Pullback50,2024-05-17,2024-05-20,346.8217,346.9483,0.037,0.03,1,max_hold 762d (+0.0%),evening,False
AVY,VolumeSpike,2024-05-17,2024-05-20,216.4145,216.0606,-0.164,-0.15,1,max_hold 762d (-0.2%),evening,False
ABT,MomReversal,2024-05-20,2024-05-20,99.7037,99.156,-0.8,-0.72,0,stop_loss (-0.5%),morning,False
AOS,Pullback50,2024-05-20,2024-05-20,82.5292,82.51,-0.023,-0.02,0,max_hold 759d (-0.0%),morning,False
CAT,Pullback50,2024-05-20,2024-05-20,346.9483,353.1299,1.782,1.59,0,max_hold 759d (+1.8%),morning,False
AVY,VolumeSpike,2024-05-20,2024-05-20,216.0606,216.1754,0.053,0.05,0,max_hold 759d (+0.1%),morning,False
ABT,MomReversal,2024-05-20,2024-05-21,99.156,99.4539,0.3,0.27,1,max_hold 759d (+0.3%),evening,False
ALGN,MomReversal,2024-05-20,2024-05-21,267.44,265.45,-0.66,-0.59,1,stop_loss (-0.7%),evening,False
AMD,Pullback50,2024-05-20,2024-05-21,166.33,164.0,-1.401,-1.25,1,stop_loss (-1.4%),evening,False
ABT,MomReversal,2024-05-21,2024-05-21,99.4539,98.9159,-0.95,-0.85,0,stop_loss (-0.5%),morning,False
ALGN,MomReversal,2024-05-21,2024-05-21,265.45,264.02,-5.04,-4.48,0,stop_loss (-0.5%),morning,False
AMD,Pullback50,2024-05-21,2024-05-21,164.0,164.66,0.402,0.36,0,max_hold 758d (+0.4%),morning,False
CSCO,52wkLow,2024-05-21,2024-05-22,44.5461,44.6979,0.341,0.18,1,max_hold 758d (+0.3%),evening,True
AOS,Pullback50,2024-05-21,2024-05-22,82.4427,82.2792,-0.198,-0.1,1,max_hold 758d (-0.2%),evening,False
AMD,Pullback50,2024-05-21,2024-05-22,164.66,167.41,1.67,0.87,1,max_hold 758d (+1.7%),evening,False
AMZN,Pullback50,2024-05-21,2024-05-22,183.15,183.88,0.399,0.21,1,max_hold 758d (+0.4%),evening,False
BG,Pullback50,2024-05-21,2024-05-22,97.2269,96.6811,-2.16,-1.13,1,stop_loss (-0.6%),evening,False
CSCO,52wkLow,2024-05-22,2024-05-22,44.6979,45.0111,0.701,0.37,0,max_hold 757d (+0.7%),morning,True
AOS,Pullback50,2024-05-22,2024-05-22,82.2792,81.7984,-2.45,-1.28,0,stop_loss (-0.6%),morning,False
AMD,Pullback50,2024-05-22,2024-05-22,167.41,165.52,-2.69,-1.41,0,stop_loss (-1.1%),morning,False
AMZN,Pullback50,2024-05-22,2024-05-22,183.88,183.13,-0.408,-0.21,0,max_hold 757d (-0.4%),morning,False
BG,Pullback50,2024-05-22,2024-05-22,96.6811,97.0575,0.389,0.2,0,max_hold 757d (+0.4%),morning,False
BG,Pullback50,2024-05-22,2024-05-23,97.0575,96.7469,-0.32,-0.22,1,max_hold 757d (-0.3%),evening,False
CF,Pullback50,2024-05-22,2024-05-23,76.1517,75.9128,-0.314,-0.22,1,max_hold 757d (-0.3%),evening,False
CINF,Pullback50,2024-05-22,2024-05-23,113.3164,113.1734,-0.126,-0.09,1,max_hold 757d (-0.1%),evening,False
CME,Pullback50,2024-05-22,2024-05-23,193.6686,193.5587,-0.057,-0.04,1,max_hold 757d (-0.1%),evening,False
COIN,Pullback50,2024-05-22,2024-05-23,231.51,233.81,0.993,0.69,1,max_hold 757d (+1.0%),evening,False
BG,Pullback50,2024-05-23,2024-05-23,96.7469,96.3423,-0.418,-0.29,0,max_hold 756d (-0.4%),morning,False
CF,Pullback50,2024-05-23,2024-05-23,75.9128,74.7946,-1.473,-1.02,0,stop_loss (-1.5%),morning,False
CINF,Pullback50,2024-05-23,2024-05-23,113.1734,111.6856,-1.315,-0.91,0,stop_loss (-1.3%),morning,False
CME,Pullback50,2024-05-23,2024-05-23,193.5587,194.2089,0.336,0.23,0,max_hold 756d (+0.3%),morning,False
COIN,Pullback50,2024-05-23,2024-05-23,233.81,218.86,-6.394,-4.44,0,stop_loss (-6.4%),morning,False
BA,52wkLow,2024-05-23,2024-05-24,172.21,173.2,0.575,0.5,1,max_hold 756d (+0.6%),evening,True
CME,Pullback50,2024-05-23,2024-05-24,194.2089,195.0331,0.424,0.37,1,max_hold 756d (+0.4%),evening,False
BA,52wkLow,2024-05-24,2024-05-24,173.2,174.52,0.762,0.66,0,max_hold 755d (+0.8%),morning,True
CME,Pullback50,2024-05-24,2024-05-24,195.0331,196.8189,0.916,0.8,0,max_hold 755d (+0.9%),morning,False
BMY,52wkLow,2024-05-24,2024-05-28,37.4373,37.4192,-0.048,-0.02,1,max_hold 755d (-0.0%),evening,True
ADBE,MomReversal,2024-05-24,2024-05-28,475.43,473.01,-1.79,-0.82,1,stop_loss (-0.5%),evening,False
BRK-B,Pullback50,2024-05-24,2024-05-28,407.41,408.24,0.204,0.09,1,max_hold 755d (+0.2%),evening,False
BX,Pullback50,2024-05-24,2024-05-28,116.1915,116.3513,0.137,0.06,1,max_hold 755d (+0.1%),evening,False
BG,Pullback50,2024-05-24,2024-05-28,97.6598,97.6881,0.029,0.01,1,max_hold 755d (+0.0%),evening,False
BMY,52wkLow,2024-05-28,2024-05-28,37.4192,36.7565,-1.771,-0.81,0,stop_loss (-1.8%),morning,True
ADBE,MomReversal,2024-05-28,2024-05-28,473.01,478.43,1.146,0.52,0,max_hold 751d (+1.1%),morning,False
BRK-B,Pullback50,2024-05-28,2024-05-28,408.24,403.9,-0.53,-0.24,0,stop_loss (-1.1%),morning,False
BX,Pullback50,2024-05-28,2024-05-28,116.3513,113.9079,-2.1,-0.96,0,stop_loss (-2.1%),morning,False
BG,Pullback50,2024-05-28,2024-05-28,97.6881,100.1538,2.524,1.16,0,max_hold 751d (+2.5%),morning,False
ACN,52wkLow,2024-05-28,2024-05-29,288.625,285.1545,-1.202,-0.71,1,stop_loss (-1.2%),evening,True
BF-B,52wkLow,2024-05-28,2024-05-29,42.1502,41.6431,-1.203,-0.71,1,stop_loss (-1.2%),evening,True
AMZN,Pullback50,2024-05-28,2024-05-29,182.15,181.7,-0.247,-0.15,1,max_hold 751d (-0.2%),evening,False
CDNS,Pullback50,2024-05-28,2024-05-29,296.21,291.79,-1.492,-0.88,1,stop_loss (-1.5%),evening,False
CF,Pullback50,2024-05-28,2024-05-29,75.2246,74.6894,-0.52,-0.31,1,stop_loss (-0.7%),evening,False
ACN,52wkLow,2024-05-29,2024-05-29,285.1545,284.7861,-0.129,-0.08,0,max_hold 750d (-0.1%),morning,True
BF-B,52wkLow,2024-05-29,2024-05-29,41.6431,41.5304,-0.271,-0.16,0,max_hold 750d (-0.3%),morning,True
AMZN,Pullback50,2024-05-29,2024-05-29,181.7,182.02,0.176,0.1,0,max_hold 750d (+0.2%),morning,False
CDNS,Pullback50,2024-05-29,2024-05-29,291.79,291.7,-0.031,-0.02,0,max_hold 750d (-0.0%),morning,False
CF,Pullback50,2024-05-29,2024-05-29,74.6894,73.6859,-1.344,-0.79,0,stop_loss (-1.3%),morning,False
ACN,52wkLow,2024-05-29,2024-05-30,284.7861,281.1023,-1.294,-0.44,1,stop_loss (-1.3%),evening,True
APA,52wkLow,2024-05-29,2024-05-30,26.7793,26.7701,-0.034,-0.01,1,max_hold 750d (-0.0%),evening,True
BDX,52wkLow,2024-05-29,2024-05-30,168.7201,168.945,0.133,0.05,1,max_hold 750d (+0.1%),evening,True
BMY,52wkLow,2024-05-29,2024-05-30,36.5386,36.4387,-0.273,-0.09,1,max_hold 750d (-0.3%),evening,True
BF-B,52wkLow,2024-05-29,2024-05-30,41.5304,41.4928,-0.09,-0.03,1,max_hold 750d (-0.1%),evening,True
ACN,52wkLow,2024-05-30,2024-05-30,281.1023,276.0904,-1.783,-0.61,0,stop_loss (-1.8%),morning,True
APA,52wkLow,2024-05-30,2024-05-30,26.7701,27.2934,1.955,0.66,0,max_hold 749d (+2.0%),morning,True
BDX,52wkLow,2024-05-30,2024-05-30,168.945,170.0019,0.626,0.21,0,max_hold 749d (+0.6%),morning,True
BMY,52wkLow,2024-05-30,2024-05-30,36.4387,36.5386,0.274,0.09,0,max_hold 749d (+0.3%),morning,True
BF-B,52wkLow,2024-05-30,2024-05-30,41.4928,41.5774,0.204,0.07,0,max_hold 749d (+0.2%),morning,True
ACN,52wkLow,2024-05-30,2024-05-31,276.0904,276.0904,-0.0,-0.0,1,max_hold 749d (-0.0%),evening,True
ADSK,52wkLow,2024-05-30,2024-05-31,199.93,199.17,-0.38,-0.11,1,max_hold 749d (-0.4%),evening,True
BF-B,52wkLow,2024-05-30,2024-05-31,41.5774,41.5586,-0.045,-0.01,1,max_hold 749d (-0.0%),evening,True
A,GapDown,2024-05-30,2024-05-31,129.3873,128.9737,-0.32,-0.09,1,max_hold 749d (-0.3%),evening,False
ALGN,MomReversal,2024-05-30,2024-05-31,256.5,257.36,0.335,0.1,1,max_hold 749d (+0.3%),evening,False
ACN,52wkLow,2024-05-31,2024-05-31,276.0904,273.6571,-0.66,-0.19,0,stop_loss (-0.9%),morning,True
ADSK,52wkLow,2024-05-31,2024-05-31,199.17,201.6,1.22,0.36,0,max_hold 748d (+1.2%),morning,True
BF-B,52wkLow,2024-05-31,2024-05-31,41.5586,43.0706,3.638,1.06,0,max_hold 748d (+3.6%),morning,True
A,GapDown,2024-05-31,2024-05-31,128.9737,128.3929,-0.45,-0.13,0,max_hold 748d (-0.5%),morning,False
ALGN,MomReversal,2024-05-31,2024-05-31,257.36,257.21,-0.058,-0.02,0,max_hold 748d (-0.1%),morning,False
ACN,52wkLow,2024-05-31,2024-06-03,273.6571,277.593,1.438,0.08,1,max_hold 748d (+1.4%),evening,True
APA,52wkLow,2024-05-31,2024-06-03,28.0278,28.138,0.393,0.02,1,max_hold 748d (+0.4%),evening,True
ADSK,52wkLow,2024-05-31,2024-06-03,201.6,219.59,8.924,0.5,1,max_hold 748d (+8.9%),evening,True
BDX,52wkLow,2024-05-31,2024-06-03,173.8925,176.1639,1.306,0.07,1,max_hold 748d (+1.3%),evening,True
BMY,52wkLow,2024-05-31,2024-06-03,37.3012,37.3647,0.17,0.01,1,max_hold 748d (+0.2%),evening,True
ACN,52wkLow,2024-06-03,2024-06-03,277.593,273.1434,-1.603,-0.09,0,stop_loss (-1.6%),morning,True
APA,52wkLow,2024-06-03,2024-06-03,28.138,27.0271,-3.948,-0.22,0,stop_loss (-3.9%),morning,True
ADSK,52wkLow,2024-06-03,2024-06-03,219.59,210.82,-3.994,-0.22,0,stop_loss (-4.0%),morning,True
BDX,52wkLow,2024-06-03,2024-06-03,176.1639,179.0425,1.634,0.09,0,max_hold 745d (+1.6%),morning,True
BMY,52wkLow,2024-06-03,2024-06-03,37.3647,37.9184,1.482,0.08,0,max_hold 745d (+1.5%),morning,True
ADBE,52wkLow,2024-06-03,2024-06-04,439.02,442.82,0.866,0.71,1,max_hold 745d (+0.9%),evening,False
APA,52wkLow,2024-06-03,2024-06-04,27.0271,26.7425,-0.66,-0.54,1,stop_loss (-1.1%),evening,False
ALGN,MomReversal,2024-06-03,2024-06-04,254.53,253.26,-0.499,-0.41,1,max_hold 745d (-0.5%),evening,False
AEE,Pullback50,2024-06-03,2024-06-04,68.9608,68.8767,-0.122,-0.1,1,max_hold 745d (-0.1%),evening,False
ADBE,52wkLow,2024-06-04,2024-06-04,442.82,448.37,1.253,1.03,0,max_hold 744d (+1.3%),morning,False
APA,52wkLow,2024-06-04,2024-06-04,26.7425,26.5865,-0.51,-0.42,0,stop_loss (-0.6%),morning,False
ALGN,MomReversal,2024-06-04,2024-06-04,253.26,248.91,-1.718,-1.4,0,stop_loss (-1.7%),morning,False
AEE,Pullback50,2024-06-04,2024-06-04,68.8767,68.9047,0.041,0.03,0,max_hold 744d (+0.0%),morning,False
COR,Pullback50,2024-06-04,2024-06-04,226.4612,226.9827,0.23,0.19,0,max_hold 744d (+0.2%),morning,False
ALGN,MomReversal,2024-06-04,2024-06-05,248.91,250.82,0.767,0.28,1,max_hold 744d (+0.8%),evening,False
BAX,MomReversal,2024-06-04,2024-06-05,32.2614,32.2324,-0.09,-0.03,1,max_hold 744d (-0.1%),evening,False
AEE,Pullback50,2024-06-04,2024-06-05,68.9047,68.6617,-0.353,-0.13,1,max_hold 744d (-0.4%),evening,False
ATO,Pullback50,2024-06-04,2024-06-05,110.7387,110.3564,-0.345,-0.13,1,max_hold 744d (-0.3%),evening,False
ADP,Pullback50,2024-06-04,2024-06-05,232.8333,232.3309,-0.216,-0.08,1,max_hold 744d (-0.2%),evening,False
ALGN,MomReversal,2024-06-05,2024-06-05,250.82,256.01,2.069,0.77,0,max_hold 743d (+2.1%),morning,False
BAX,MomReversal,2024-06-05,2024-06-05,32.2324,32.1549,-0.24,-0.09,0,max_hold 743d (-0.2%),morning,False
AEE,Pullback50,2024-06-05,2024-06-05,68.6617,67.6521,-1.47,-0.55,0,stop_loss (-1.5%),morning,False
ATO,Pullback50,2024-06-05,2024-06-05,110.3564,109.8978,-0.416,-0.15,0,max_hold 743d (-0.4%),morning,False
ADP,Pullback50,2024-06-05,2024-06-05,232.3309,232.9375,0.261,0.1,0,max_hold 743d (+0.3%),morning,False
CPB,VolumeSpike,2024-06-05,2024-06-06,40.2109,40.138,-0.181,-0.05,1,max_hold 743d (-0.2%),evening,True
BF-B,52wkLow,2024-06-05,2024-06-06,40.4222,40.5255,0.256,0.07,1,max_hold 743d (+0.3%),evening,False
CSCO,52wkLow,2024-06-05,2024-06-06,43.673,43.5971,-0.174,-0.05,1,max_hold 743d (-0.2%),evening,False
ALGN,MomReversal,2024-06-05,2024-06-06,256.01,253.8,-2.74,-0.75,1,stop_loss (-0.9%),evening,False
BAX,MomReversal,2024-06-05,2024-06-06,32.1549,32.1161,-0.121,-0.03,1,max_hold 743d (-0.1%),evening,False
CPB,VolumeSpike,2024-06-06,2024-06-06,40.138,39.6912,-3.83,-1.04,0,stop_loss (-1.1%),morning,True
BF-B,52wkLow,2024-06-06,2024-06-06,40.5255,41.2486,1.784,0.48,0,max_hold 742d (+1.8%),morning,False
CSCO,52wkLow,2024-06-06,2024-06-06,43.5971,43.8723,0.631,0.17,0,max_hold 742d (+0.6%),morning,False
ALGN,MomReversal,2024-06-06,2024-06-06,253.8,257.46,1.442,0.39,0,max_hold 742d (+1.4%),morning,False
BAX,MomReversal,2024-06-06,2024-06-06,32.1161,32.2808,0.513,0.14,0,max_hold 742d (+0.5%),morning,False
CIEN,VolumeSpike,2024-06-06,2024-06-07,48.56,47.63,-1.915,-0.65,1,stop_loss (-1.9%),evening,True
ALGN,MomReversal,2024-06-06,2024-06-07,257.46,253.61,-1.495,-0.51,1,stop_loss (-1.5%),evening,False
XYZ,MomReversal,2024-06-06,2024-06-07,66.4,65.9,-1.6,-0.54,1,stop_loss (-0.8%),evening,False
BF-B,MomReversal,2024-06-06,2024-06-07,41.2486,41.0202,-2.12,-0.72,1,stop_loss (-0.6%),evening,False
CTSH,MomReversal,2024-06-06,2024-06-07,63.9647,63.8489,-0.181,-0.06,1,max_hold 742d (-0.2%),evening,False
CIEN,VolumeSpike,2024-06-07,2024-06-07,47.63,45.75,-3.947,-1.33,0,stop_loss (-3.9%),morning,True
ALGN,MomReversal,2024-06-07,2024-06-07,253.61,255.54,0.761,0.26,0,max_hold 741d (+0.8%),morning,False
XYZ,MomReversal,2024-06-07,2024-06-07,65.9,65.1,-1.214,-0.41,0,stop_loss (-1.2%),morning,False
BF-B,MomReversal,2024-06-07,2024-06-07,41.0202,41.4261,0.989,0.33,0,max_hold 741d (+1.0%),morning,False
CTSH,MomReversal,2024-06-07,2024-06-07,63.8489,63.6078,-0.378,-0.13,0,max_hold 741d (-0.4%),morning,False
LNT,Pullback50,2024-06-07,2024-06-10,47.0014,46.9639,-0.08,-0.03,1,max_hold 741d (-0.1%),evening,False
AXP,Pullback50,2024-06-07,2024-06-10,227.6814,226.9768,-0.309,-0.13,1,max_hold 741d (-0.3%),evening,False
AMP,Pullback50,2024-06-07,2024-06-10,415.7096,413.9459,-0.424,-0.17,1,max_hold 741d (-0.4%),evening,False
ATO,Pullback50,2024-06-07,2024-06-10,109.678,109.592,-0.078,-0.03,1,max_hold 741d (-0.1%),evening,False
BLK,Pullback50,2024-06-07,2024-06-10,736.8505,734.9813,-0.254,-0.1,1,max_hold 741d (-0.3%),evening,False
LNT,Pullback50,2024-06-10,2024-06-10,46.9639,47.0202,0.12,0.05,0,max_hold 738d (+0.1%),morning,False
AXP,Pullback50,2024-06-10,2024-06-10,226.9768,227.4563,0.211,0.09,0,max_hold 738d (+0.2%),morning,False
AMP,Pullback50,2024-06-10,2024-06-10,413.9459,417.5025,0.859,0.35,0,max_hold 738d (+0.9%),morning,False
ATO,Pullback50,2024-06-10,2024-06-10,109.592,110.3469,0.689,0.28,0,max_hold 738d (+0.7%),morning,False
BLK,Pullback50,2024-06-10,2024-06-10,734.9813,734.4349,-0.074,-0.03,0,max_hold 738d (-0.1%),morning,False
AAPL,VolumeSpike,2024-06-10,2024-06-11,191.4615,191.9869,0.274,0.05,1,max_hold 738d (+0.3%),evening,True
CFG,VolumeSpike,2024-06-10,2024-06-11,32.0056,31.6332,-1.46,-0.28,1,stop_loss (-1.2%),evening,True
AON,52wkLow,2024-06-10,2024-06-11,283.2814,283.5283,0.087,0.02,1,max_hold 738d (+0.1%),evening,False
ALGN,MomReversal,2024-06-10,2024-06-11,255.7,254.3,-0.72,-0.14,1,stop_loss (-0.5%),evening,False
XYZ,MomReversal,2024-06-10,2024-06-11,64.34,64.0,-1.04,-0.2,1,stop_loss (-0.5%),evening,False
AAPL,VolumeSpike,2024-06-11,2024-06-11,191.9869,205.371,6.971,1.34,0,max_hold 737d (+7.0%),morning,True
CFG,VolumeSpike,2024-06-11,2024-06-11,31.6332,31.6239,-0.029,-0.01,0,max_hold 737d (-0.0%),morning,True
AON,52wkLow,2024-06-11,2024-06-11,283.5283,290.0361,2.295,0.44,0,max_hold 737d (+2.3%),morning,False
ALGN,MomReversal,2024-06-11,2024-06-11,254.3,253.28,-0.401,-0.08,0,max_hold 737d (-0.4%),morning,False
XYZ,MomReversal,2024-06-11,2024-06-11,64.0,64.16,0.25,0.05,0,max_hold 737d (+0.3%),morning,False
ADSK,GapDown,2024-06-11,2024-06-12,211.5,219.44,3.754,1.69,1,max_hold 737d (+3.8%),evening,True
AON,VolumeSpike,2024-06-11,2024-06-12,290.0361,290.2533,0.075,0.03,1,max_hold 737d (+0.1%),evening,True
CASY,VolumeSpike,2024-06-11,2024-06-12,323.7177,359.8735,11.169,5.03,1,max_hold 737d (+11.2%),evening,True
LNT,Pullback50,2024-06-11,2024-06-12,47.0577,47.639,1.235,0.56,1,max_hold 737d (+1.2%),evening,False
AME,Pullback50,2024-06-11,2024-06-12,170.0425,171.6983,0.974,0.44,1,max_hold 737d (+1.0%),evening,False
ADSK,GapDown,2024-06-12,2024-06-12,219.44,223.02,1.631,0.75,0,max_hold 736d (+1.6%),morning,True
AON,VolumeSpike,2024-06-12,2024-06-12,290.2533,291.3001,0.361,0.17,0,max_hold 736d (+0.4%),morning,True
CASY,VolumeSpike,2024-06-12,2024-06-12,359.8735,377.8474,4.994,2.29,0,max_hold 736d (+5.0%),morning,True
LNT,Pullback50,2024-06-12,2024-06-12,47.639,46.7389,-1.889,-0.87,0,stop_loss (-1.9%),morning,False
AME,Pullback50,2024-06-12,2024-06-12,171.6983,171.2055,-0.287,-0.13,0,max_hold 736d (-0.3%),morning,False
CNP,VolumeSpike,2024-06-12,2024-06-13,29.5012,29.5107,0.032,0.01,1,max_hold 736d (+0.0%),evening,True
ALB,52wkLow,2024-06-12,2024-06-13,108.4736,107.4625,-1.14,-0.53,1,stop_loss (-0.9%),evening,False
ACN,MomReversal,2024-06-12,2024-06-13,276.9919,278.8726,0.679,0.31,1,max_hold 736d (+0.7%),evening,False
BLDR,MomReversal,2024-06-12,2024-06-13,151.15,151.0,-0.099,-0.05,1,max_hold 736d (-0.1%),evening,False
AMP,Pullback50,2024-06-12,2024-06-13,417.3466,415.6512,-0.406,-0.19,1,max_hold 736d (-0.4%),evening,False
CNP,VolumeSpike,2024-06-13,2024-06-13,29.5107,29.4155,-0.323,-0.15,0,max_hold 735d (-0.3%),morning,True
ALB,52wkLow,2024-06-13,2024-06-13,107.4625,104.2175,-3.02,-1.39,0,stop_loss (-3.0%),morning,False
ACN,MomReversal,2024-06-13,2024-06-13,278.8726,273.6862,-1.86,-0.86,0,stop_loss (-1.9%),morning,False
BLDR,MomReversal,2024-06-13,2024-06-13,151.0,151.15,0.099,0.05,0,max_hold 735d (+0.1%),morning,False
AMP,Pullback50,2024-06-13,2024-06-13,415.6512,415.9825,0.08,0.04,0,max_hold 735d (+0.1%),morning,False
ARES,GapDown,2024-06-13,2024-06-14,124.8193,123.5789,-1.33,-0.34,1,stop_loss (-1.0%),evening,True
ADBE,VolumeSpike,2024-06-13,2024-06-14,458.74,530.25,15.588,4.02,1,max_hold 735d (+15.6%),evening,True
CMG,VolumeSpike,2024-06-13,2024-06-14,65.3052,65.3998,0.145,0.04,1,max_hold 735d (+0.1%),evening,True
ALB,52wkLow,2024-06-13,2024-06-14,104.2175,103.5119,-5.17,-1.33,1,stop_loss (-0.7%),evening,False
AEE,52wkLow,2024-06-13,2024-06-14,66.0558,65.7539,-0.457,-0.12,1,max_hold 735d (-0.5%),evening,False
ARES,GapDown,2024-06-14,2024-06-14,123.5789,124.6314,0.852,0.22,0,max_hold 734d (+0.9%),morning,True
ADBE,VolumeSpike,2024-06-14,2024-06-14,530.25,525.31,-5.93,-1.54,0,stop_loss (-0.9%),morning,True
CMG,VolumeSpike,2024-06-14,2024-06-14,65.3998,65.4342,0.053,0.01,0,max_hold 734d (+0.1%),morning,True
ALB,52wkLow,2024-06-14,2024-06-14,103.5119,100.0422,-3.352,-0.87,0,stop_loss (-3.4%),morning,False
AEE,52wkLow,2024-06-14,2024-06-14,65.7539,66.1691,0.631,0.16,0,max_hold 734d (+0.6%),morning,False
APA,52wkLow,2024-06-14,2024-06-17,25.5399,25.6134,0.288,0.09,1,max_hold 734d (+0.3%),evening,False
APTV,52wkLow,2024-06-14,2024-06-17,70.3,70.48,0.256,0.08,1,max_hold 734d (+0.3%),evening,False
AMD,Pullback50,2024-06-14,2024-06-17,159.63,158.0,-1.26,-0.4,1,stop_loss (-1.0%),evening,False
LNT,Pullback50,2024-06-14,2024-06-17,46.7295,46.4858,-2.42,-0.77,1,stop_loss (-0.5%),evening,False
AMZN,Pullback50,2024-06-14,2024-06-17,183.66,182.52,-0.57,-0.18,1,stop_loss (-0.6%),evening,False
APA,52wkLow,2024-06-17,2024-06-17,25.6134,25.6501,0.143,0.05,0,max_hold 731d (+0.1%),morning,False
APTV,52wkLow,2024-06-17,2024-06-17,70.48,70.95,0.667,0.21,0,max_hold 731d (+0.7%),morning,False
AMD,Pullback50,2024-06-17,2024-06-17,158.0,158.4,0.253,0.08,0,max_hold 731d (+0.3%),morning,False
LNT,Pullback50,2024-06-17,2024-06-17,46.4858,46.5701,0.182,0.06,0,max_hold 731d (+0.2%),morning,False
AMZN,Pullback50,2024-06-17,2024-06-17,182.52,184.06,0.844,0.27,0,max_hold 731d (+0.8%),morning,False
APTV,52wkLow,2024-06-17,2024-06-18,70.95,71.28,0.465,0.09,1,max_hold 731d (+0.5%),evening,False
BMY,52wkLow,2024-06-17,2024-06-18,37.1922,37.2376,0.122,0.02,1,max_hold 731d (+0.1%),evening,False
ALLE,MomReversal,2024-06-17,2024-06-18,113.6433,113.6237,-0.017,-0.0,1,max_hold 731d (-0.0%),evening,False
AOS,Pullback50,2024-06-17,2024-06-18,80.4619,80.3273,-0.167,-0.03,1,max_hold 731d (-0.2%),evening,False
AMD,Pullback50,2024-06-17,2024-06-18,158.4,156.99,-4.7,-0.88,1,stop_loss (-0.9%),evening,False
APTV,52wkLow,2024-06-18,2024-06-18,71.28,70.62,-0.61,-0.11,0,stop_loss (-0.9%),morning,False
BMY,52wkLow,2024-06-18,2024-06-18,37.2376,37.047,-1.01,-0.19,0,stop_loss (-0.5%),morning,False
ALLE,MomReversal,2024-06-18,2024-06-18,113.6237,114.0148,0.344,0.06,0,max_hold 730d (+0.3%),morning,False
AOS,Pullback50,2024-06-18,2024-06-18,80.3273,80.9811,0.814,0.15,0,max_hold 730d (+0.8%),morning,False
AMD,Pullback50,2024-06-18,2024-06-18,156.99,154.63,-1.503,-0.28,0,stop_loss (-1.5%),morning,False
ACN,52wkLow,2024-06-18,2024-06-20,276.6236,305.0081,10.261,3.24,1,max_hold 730d (+10.3%),evening,False
BMY,52wkLow,2024-06-18,2024-06-20,37.047,36.8109,-13.91,-4.4,1,stop_loss (-0.6%),evening,False
AOS,Pullback50,2024-06-18,2024-06-20,80.9811,80.6638,-0.392,-0.12,1,max_hold 730d (-0.4%),evening,False
AES,Pullback50,2024-06-18,2024-06-20,17.0881,17.0791,-0.053,-0.02,1,max_hold 730d (-0.1%),evening,False
AME,Pullback50,2024-06-18,2024-06-20,168.7076,168.2535,-0.269,-0.09,1,max_hold 730d (-0.3%),evening,False
ACN,52wkLow,2024-06-20,2024-06-20,305.0081,296.7971,-2.692,-0.85,0,stop_loss (-2.7%),morning,False
BMY,52wkLow,2024-06-20,2024-06-20,36.8109,37.2558,1.208,0.38,0,max_hold 728d (+1.2%),morning,False
AOS,Pullback50,2024-06-20,2024-06-20,80.6638,80.6927,0.036,0.01,0,max_hold 728d (+0.0%),morning,False
AES,Pullback50,2024-06-20,2024-06-20,17.0791,16.998,-0.475,-0.15,0,max_hold 728d (-0.5%),morning,False
AME,Pullback50,2024-06-20,2024-06-20,168.2535,166.3581,-5.17,-1.63,0,stop_loss (-1.1%),morning,False
LNT,VolumeSpike,2024-06-20,2024-06-21,47.8078,47.9015,0.196,0.05,1,max_hold 728d (+0.2%),evening,True
CMG,VolumeSpike,2024-06-20,2024-06-21,64.2884,64.504,0.335,0.09,1,max_hold 728d (+0.3%),evening,True
CINF,VolumeSpike,2024-06-20,2024-06-21,110.8437,111.0455,0.182,0.05,1,max_hold 728d (+0.2%),evening,True
BMY,52wkLow,2024-06-20,2024-06-21,37.2558,37.4555,0.536,0.15,1,max_hold 728d (+0.5%),evening,False
CSCO,52wkLow,2024-06-20,2024-06-21,44.3373,44.6979,0.813,0.22,1,max_hold 728d (+0.8%),evening,False
LNT,VolumeSpike,2024-06-21,2024-06-21,47.9015,47.7703,-0.274,-0.07,0,max_hold 727d (-0.3%),morning,True
CMG,VolumeSpike,2024-06-21,2024-06-21,64.504,64.2098,-0.456,-0.12,0,max_hold 727d (-0.5%),morning,True
CINF,VolumeSpike,2024-06-21,2024-06-21,111.0455,110.6612,-0.346,-0.09,0,max_hold 727d (-0.3%),morning,True
BMY,52wkLow,2024-06-21,2024-06-21,37.4555,38.0637,1.624,0.44,0,max_hold 727d (+1.6%),morning,False
CSCO,52wkLow,2024-06-21,2024-06-21,44.6979,44.8782,0.403,0.11,0,max_hold 727d (+0.4%),morning,False
AFL,VolumeSpike,2024-06-21,2024-06-24,86.0262,85.863,-0.19,-0.01,1,max_hold 727d (-0.2%),evening,True
ABNB,VolumeSpike,2024-06-21,2024-06-24,149.57,149.15,-0.281,-0.02,1,max_hold 727d (-0.3%),evening,True
AKAM,VolumeSpike,2024-06-21,2024-06-24,88.92,89.03,0.124,0.01,1,max_hold 727d (+0.1%),evening,True
LNT,VolumeSpike,2024-06-21,2024-06-24,47.7703,47.8078,0.078,0.01,1,max_hold 727d (+0.1%),evening,True
GOOGL,VolumeSpike,2024-06-21,2024-06-24,178.2555,178.7815,0.295,0.02,1,max_hold 727d (+0.3%),evening,True
AFL,VolumeSpike,2024-06-24,2024-06-24,85.863,86.7553,1.039,0.08,0,max_hold 724d (+1.0%),morning,True
ABNB,VolumeSpike,2024-06-24,2024-06-24,149.15,148.39,-13.91,-1.07,0,stop_loss (-0.5%),morning,True
AKAM,VolumeSpike,2024-06-24,2024-06-24,89.03,88.74,-0.326,-0.03,0,max_hold 724d (-0.3%),morning,True
LNT,VolumeSpike,2024-06-24,2024-06-24,47.8078,47.939,0.275,0.02,0,max_hold 724d (+0.3%),morning,True
GOOGL,VolumeSpike,2024-06-24,2024-06-24,178.7815,177.8487,-0.55,-0.04,0,stop_loss (-0.5%),morning,True
AOS,Pullback50,2024-06-24,2024-06-25,81.1831,80.7023,-1.6,-0.43,1,stop_loss (-0.6%),evening,False
AMD,Pullback50,2024-06-24,2024-06-25,160.25,160.73,0.3,0.08,1,max_hold 724d (+0.3%),evening,False
ARE,Pullback50,2024-06-24,2024-06-25,105.3367,105.0154,-0.305,-0.08,1,max_hold 724d (-0.3%),evening,False
AEP,Pullback50,2024-06-24,2024-06-25,82.3386,82.1051,-0.284,-0.08,1,max_hold 724d (-0.3%),evening,False
AIG,Pullback50,2024-06-24,2024-06-25,72.6898,72.7854,0.132,0.04,1,max_hold 724d (+0.1%),evening,False
AOS,Pullback50,2024-06-25,2024-06-25,80.7023,79.7407,-1.0,-0.27,0,stop_loss (-1.2%),morning,False
AMD,Pullback50,2024-06-25,2024-06-25,160.73,160.25,-0.299,-0.08,0,max_hold 723d (-0.3%),morning,False
ARE,Pullback50,2024-06-25,2024-06-25,105.0154,103.766,-2.62,-0.71,0,stop_loss (-1.2%),morning,False
AEP,Pullback50,2024-06-25,2024-06-25,82.1051,81.1709,-2.01,-0.55,0,stop_loss (-1.1%),morning,False
AIG,Pullback50,2024-06-25,2024-06-25,72.7854,71.2553,-2.102,-0.57,0,stop_loss (-2.1%),morning,False
ABNB,Pullback50,2024-06-25,2024-06-26,150.91,149.73,-5.69,-4.86,1,stop_loss (-0.8%),evening,False
ARES,Pullback50,2024-06-25,2024-06-26,127.1873,126.2664,-2.17,-1.85,1,stop_loss (-0.7%),evening,False
C,Pullback50,2024-06-25,2024-06-26,58.2444,57.9134,-0.62,-0.53,1,stop_loss (-0.6%),evening,False
ABNB,Pullback50,2024-06-26,2024-06-26,149.73,150.0,0.18,0.15,0,max_hold 722d (+0.2%),morning,False
ARES,Pullback50,2024-06-26,2024-06-26,126.2664,127.2813,0.804,0.68,0,max_hold 722d (+0.8%),morning,False
C,Pullback50,2024-06-26,2024-06-26,57.9134,57.9323,0.033,0.03,0,max_hold 722d (+0.0%),morning,False
APTV,GapDown,2024-06-26,2024-06-27,67.54,67.4,-0.207,-0.06,1,max_hold 722d (-0.2%),evening,True
ALB,MomReversal,2024-06-26,2024-06-27,96.9204,95.1807,-1.795,-0.48,1,stop_loss (-1.8%),evening,False
ABNB,Pullback50,2024-06-26,2024-06-27,150.0,150.46,0.307,0.08,1,max_hold 722d (+0.3%),evening,False
LNT,Pullback50,2024-06-26,2024-06-27,47.3108,47.3202,0.02,0.01,1,max_hold 722d (+0.0%),evening,False
AMCR,Pullback50,2024-06-26,2024-06-27,45.4291,45.4291,0.0,0.0,1,max_hold 722d (+0.0%),evening,False
APTV,GapDown,2024-06-27,2024-06-27,67.4,68.98,2.344,0.62,0,max_hold 721d (+2.3%),morning,True
ALB,MomReversal,2024-06-27,2024-06-27,95.1807,93.0448,-2.244,-0.6,0,stop_loss (-2.2%),morning,False
ABNB,Pullback50,2024-06-27,2024-06-27,150.46,151.61,0.764,0.2,0,max_hold 721d (+0.8%),morning,False
LNT,Pullback50,2024-06-27,2024-06-27,47.3202,47.8922,1.209,0.32,0,max_hold 721d (+1.2%),morning,False
AMCR,Pullback50,2024-06-27,2024-06-27,45.4291,45.2906,-0.305,-0.08,0,max_hold 721d (-0.3%),morning,False
CTSH,VolumeSpike,2024-06-27,2024-06-28,65.3345,65.5274,0.295,0.08,1,max_hold 721d (+0.3%),evening,True
ALB,52wkLow,2024-06-27,2024-06-28,93.0448,93.267,0.239,0.06,1,max_hold 721d (+0.2%),evening,False
APTV,52wkLow,2024-06-27,2024-06-28,68.98,69.31,0.478,0.13,1,max_hold 721d (+0.5%),evening,False
AMD,Pullback50,2024-06-27,2024-06-28,159.47,160.23,0.477,0.13,1,max_hold 721d (+0.5%),evening,False
ABNB,Pullback50,2024-06-27,2024-06-28,151.61,151.54,-0.046,-0.01,1,max_hold 721d (-0.0%),evening,False
CTSH,VolumeSpike,2024-06-28,2024-06-28,65.5274,65.5949,0.103,0.03,0,max_hold 720d (+0.1%),morning,True
ALB,52wkLow,2024-06-28,2024-06-28,93.267,92.3199,-1.99,-0.53,0,stop_loss (-1.0%),morning,False
APTV,52wkLow,2024-06-28,2024-06-28,69.31,70.42,1.602,0.43,0,max_hold 720d (+1.6%),morning,False
AMD,Pullback50,2024-06-28,2024-06-28,160.23,162.21,1.236,0.33,0,max_hold 720d (+1.2%),morning,False
ABNB,Pullback50,2024-06-28,2024-06-28,151.54,151.63,0.059,0.02,0,max_hold 720d (+0.1%),morning,False
ABBV,VolumeSpike,2024-06-28,2024-07-01,160.2857,160.0521,-0.146,-0.02,1,max_hold 720d (-0.1%),evening,True
ALLE,VolumeSpike,2024-06-28,2024-07-01,115.5206,115.9019,0.33,0.05,1,max_hold 720d (+0.3%),evening,True
APO,VolumeSpike,2024-06-28,2024-07-01,114.6632,115.6343,0.847,0.14,1,max_hold 720d (+0.8%),evening,True
AXON,VolumeSpike,2024-06-28,2024-07-01,294.24,296.56,0.788,0.13,1,max_hold 720d (+0.8%),evening,True
COF,VolumeSpike,2024-06-28,2024-07-01,134.5632,134.9034,0.253,0.04,1,max_hold 720d (+0.3%),evening,True
ABBV,VolumeSpike,2024-07-01,2024-07-01,160.0521,159.211,-0.51,-0.08,0,stop_loss (-0.5%),morning,True
ALLE,VolumeSpike,2024-07-01,2024-07-01,115.9019,113.1642,-2.362,-0.39,0,stop_loss (-2.4%),morning,True
APO,VolumeSpike,2024-07-01,2024-07-01,115.6343,115.3138,-0.277,-0.05,0,max_hold 717d (-0.3%),morning,True
AXON,VolumeSpike,2024-07-01,2024-07-01,296.56,289.21,-2.478,-0.41,0,stop_loss (-2.5%),morning,True
COF,VolumeSpike,2024-07-01,2024-07-01,134.9034,135.7781,0.648,0.11,0,max_hold 717d (+0.6%),morning,True
AXP,Pullback50,2024-07-01,2024-07-02,228.7969,228.5425,-0.111,-0.09,1,max_hold 717d (-0.1%),evening,True
ARES,Pullback50,2024-07-01,2024-07-02,127.9861,127.1027,-0.88,-0.74,1,stop_loss (-0.7%),evening,True
COF,Pullback50,2024-07-01,2024-07-02,135.7781,135.7198,-0.043,-0.04,1,max_hold 717d (-0.0%),evening,True
AXP,Pullback50,2024-07-02,2024-07-02,228.5425,230.9106,1.036,0.87,0,max_hold 716d (+1.0%),morning,True
ARES,Pullback50,2024-07-02,2024-07-02,127.1027,127.2813,0.14,0.12,0,max_hold 716d (+0.1%),morning,True
COF,Pullback50,2024-07-02,2024-07-02,135.7198,136.5362,0.602,0.51,0,max_hold 716d (+0.6%),morning,True
ALB,52wkLow,2024-07-02,2024-07-03,93.8083,94.8134,1.071,0.27,1,max_hold 716d (+1.1%),evening,True
ARE,Pullback50,2024-07-02,2024-07-03,105.6511,105.8406,0.179,0.04,1,max_hold 716d (+0.2%),evening,True
LNT,Pullback50,2024-07-02,2024-07-03,47.9109,47.8547,-0.117,-0.03,1,max_hold 716d (-0.1%),evening,True
AXP,Pullback50,2024-07-02,2024-07-03,230.9106,231.4293,0.225,0.06,1,max_hold 716d (+0.2%),evening,True
AWK,Pullback50,2024-07-02,2024-07-03,122.2874,122.4206,0.109,0.03,1,max_hold 716d (+0.1%),evening,True
ALB,52wkLow,2024-07-03,2024-07-03,94.8134,96.7368,2.029,0.51,0,max_hold 715d (+2.0%),morning,True
ARE,Pullback50,2024-07-03,2024-07-03,105.8406,105.6781,-0.153,-0.04,0,max_hold 715d (-0.2%),morning,True
LNT,Pullback50,2024-07-03,2024-07-03,47.8547,47.639,-0.451,-0.11,0,max_hold 715d (-0.5%),morning,True
AXP,Pullback50,2024-07-03,2024-07-03,231.4293,230.6562,-0.334,-0.08,0,max_hold 715d (-0.3%),morning,True
AWK,Pullback50,2024-07-03,2024-07-03,122.4206,121.8114,-0.498,-0.12,0,max_hold 715d (-0.5%),morning,True
ARES,Pullback50,2024-07-03,2024-07-05,130.0064,130.0064,-0.0,-0.0,1,max_hold 715d (-0.0%),evening,True
AXON,Pullback50,2024-07-03,2024-07-05,296.56,296.91,0.118,0.08,1,max_hold 715d (+0.1%),evening,True
BX,Pullback50,2024-07-03,2024-07-05,115.966,116.0412,0.065,0.04,1,max_hold 715d (+0.1%),evening,True
CARR,Pullback50,2024-07-03,2024-07-05,61.9655,62.0827,0.189,0.13,1,max_hold 715d (+0.2%),evening,True
CBRE,Pullback50,2024-07-03,2024-07-05,87.39,86.95,-4.66,-3.11,1,stop_loss (-0.5%),evening,True
ARES,Pullback50,2024-07-05,2024-07-05,130.0064,129.9218,-0.065,-0.04,0,max_hold 713d (-0.1%),morning,True
AXON,Pullback50,2024-07-05,2024-07-05,296.91,298.38,0.495,0.33,0,max_hold 713d (+0.5%),morning,True
BX,Pullback50,2024-07-05,2024-07-05,116.0412,115.327,-1.75,-1.16,0,stop_loss (-0.6%),morning,True
CARR,Pullback50,2024-07-05,2024-07-05,62.0827,61.7507,-0.74,-0.49,0,stop_loss (-0.5%),morning,True
CBRE,Pullback50,2024-07-05,2024-07-05,86.95,87.21,0.299,0.2,0,max_hold 713d (+0.3%),morning,True
APA,52wkLow,2024-07-05,2024-07-08,26.256,26.0724,-0.51,-0.22,1,stop_loss (-0.7%),evening,True
CF,52wkLow,2024-07-05,2024-07-08,67.0341,66.9959,-0.057,-0.03,1,max_hold 713d (-0.1%),evening,True
AEP,Pullback50,2024-07-05,2024-07-08,82.0771,82.1144,0.046,0.02,1,max_hold 713d (+0.0%),evening,True
AWK,Pullback50,2024-07-05,2024-07-08,123.7629,124.0866,0.262,0.12,1,max_hold 713d (+0.3%),evening,True
BRK-B,Pullback50,2024-07-05,2024-07-08,411.17,411.27,0.024,0.01,1,max_hold 713d (+0.0%),evening,True
APA,52wkLow,2024-07-08,2024-07-08,26.0724,26.4763,1.549,0.68,0,max_hold 710d (+1.5%),morning,True
CF,52wkLow,2024-07-08,2024-07-08,66.9959,66.3078,-0.9,-0.4,0,stop_loss (-1.0%),morning,True
AEP,Pullback50,2024-07-08,2024-07-08,82.1144,81.3764,-0.58,-0.26,0,stop_loss (-0.9%),morning,True
AWK,Pullback50,2024-07-08,2024-07-08,124.0866,123.6772,-0.33,-0.15,0,max_hold 710d (-0.3%),morning,True
BRK-B,Pullback50,2024-07-08,2024-07-08,411.27,409.08,-13.91,-6.12,0,stop_loss (-0.5%),morning,True
BXP,Pullback50,2024-07-08,2024-07-09,55.6563,55.5464,-0.198,-0.11,1,max_hold 710d (-0.2%),evening,True
CBRE,Pullback50,2024-07-08,2024-07-09,88.36,87.81,-0.96,-0.53,1,stop_loss (-0.6%),evening,True
CIEN,Pullback50,2024-07-08,2024-07-09,48.1,47.9,-0.416,-0.23,1,max_hold 710d (-0.4%),evening,True
CINF,Pullback50,2024-07-08,2024-07-09,112.0732,111.9579,-0.103,-0.06,1,max_hold 710d (-0.1%),evening,True
CFG,Pullback50,2024-07-08,2024-07-09,33.0948,33.0575,-0.113,-0.06,1,max_hold 710d (-0.1%),evening,True
BXP,Pullback50,2024-07-09,2024-07-09,55.5464,56.1236,1.039,0.58,0,max_hold 709d (+1.0%),morning,True
CBRE,Pullback50,2024-07-09,2024-07-09,87.81,88.77,1.093,0.61,0,max_hold 709d (+1.1%),morning,True
CIEN,Pullback50,2024-07-09,2024-07-09,47.9,46.73,-2.443,-1.36,0,stop_loss (-2.4%),morning,True
CINF,Pullback50,2024-07-09,2024-07-09,111.9579,112.3133,0.317,0.18,0,max_hold 709d (+0.3%),morning,True
CFG,Pullback50,2024-07-09,2024-07-09,33.0575,33.793,2.225,1.24,0,max_hold 709d (+2.2%),morning,True
ALB,52wkLow,2024-07-09,2024-07-10,87.4391,87.99,0.63,0.27,1,max_hold 709d (+0.6%),evening,True
BDX,52wkLow,2024-07-09,2024-07-10,166.6794,166.6343,-0.027,-0.01,1,max_hold 709d (-0.0%),evening,True
AIG,Pullback50,2024-07-09,2024-07-10,72.4411,72.3646,-0.106,-0.05,1,max_hold 709d (-0.1%),evening,True
AWK,Pullback50,2024-07-09,2024-07-10,124.4388,124.9338,0.398,0.17,1,max_hold 709d (+0.4%),evening,True
AMP,Pullback50,2024-07-09,2024-07-10,422.1991,424.45,0.533,0.23,1,max_hold 709d (+0.5%),evening,True
ALB,52wkLow,2024-07-10,2024-07-10,87.99,93.6537,6.437,2.79,0,max_hold 708d (+6.4%),morning,True
BDX,52wkLow,2024-07-10,2024-07-10,166.6343,168.4857,1.111,0.48,0,max_hold 708d (+1.1%),morning,True
AIG,Pullback50,2024-07-10,2024-07-10,72.3646,72.642,0.383,0.17,0,max_hold 708d (+0.4%),morning,True
AWK,Pullback50,2024-07-10,2024-07-10,124.9338,125.8762,0.754,0.33,0,max_hold 708d (+0.8%),morning,True
AMP,Pullback50,2024-07-10,2024-07-10,424.45,429.322,1.148,0.5,0,max_hold 708d (+1.1%),morning,True
BDX,52wkLow,2024-07-10,2024-07-11,168.4857,169.02,0.317,0.1,1,max_hold 708d (+0.3%),evening,True
AOS,Pullback50,2024-07-10,2024-07-11,79.7984,80.9523,1.446,0.44,1,max_hold 708d (+1.4%),evening,True
ARE,Pullback50,2024-07-10,2024-07-11,105.5428,108.2414,2.557,0.78,1,max_hold 708d (+2.6%),evening,True
AEP,Pullback50,2024-07-10,2024-07-11,82.4414,82.8618,0.51,0.15,1,max_hold 708d (+0.5%),evening,True
AIG,Pullback50,2024-07-10,2024-07-11,72.642,72.7567,0.158,0.05,1,max_hold 708d (+0.2%),evening,True
BDX,52wkLow,2024-07-11,2024-07-11,169.02,169.291,0.16,0.05,0,max_hold 707d (+0.2%),morning,True
AOS,Pullback50,2024-07-11,2024-07-11,80.9523,82.7696,2.245,0.68,0,max_hold 707d (+2.2%),morning,True
ARE,Pullback50,2024-07-11,2024-07-11,108.2414,112.6638,4.086,1.25,0,max_hold 707d (+4.1%),morning,True
AEP,Pullback50,2024-07-11,2024-07-11,82.8618,84.8609,2.413,0.74,0,max_hold 707d (+2.4%),morning,True
AIG,Pullback50,2024-07-11,2024-07-11,72.7567,73.5983,1.157,0.35,0,max_hold 707d (+1.2%),morning,True
BDX,52wkLow,2024-07-11,2024-07-12,169.291,169.7124,0.249,0.08,1,max_hold 707d (+0.2%),evening,True
APD,Pullback50,2024-07-11,2024-07-12,246.7346,249.4984,1.12,0.34,1,max_hold 707d (+1.1%),evening,True
ALLE,Pullback50,2024-07-11,2024-07-12,117.1632,117.7107,0.467,0.14,1,max_hold 707d (+0.5%),evening,True
AIG,Pullback50,2024-07-11,2024-07-12,73.5983,73.7322,0.182,0.06,1,max_hold 707d (+0.2%),evening,True
AME,Pullback50,2024-07-11,2024-07-12,167.1479,168.4411,0.774,0.24,1,max_hold 707d (+0.8%),evening,True
BDX,52wkLow,2024-07-12,2024-07-12,169.7124,172.4293,1.601,0.49,0,max_hold 706d (+1.6%),morning,True
APD,Pullback50,2024-07-12,2024-07-12,249.4984,249.9001,0.161,0.05,0,max_hold 706d (+0.2%),morning,True
ALLE,Pullback50,2024-07-12,2024-07-12,117.7107,120.1942,2.11,0.65,0,max_hold 706d (+2.1%),morning,True
AIG,Pullback50,2024-07-12,2024-07-12,73.7322,73.7704,0.052,0.02,0,max_hold 706d (+0.1%),morning,True
AME,Pullback50,2024-07-12,2024-07-12,168.4411,167.3454,-1.71,-0.53,0,stop_loss (-0.7%),morning,True
BDX,52wkLow,2024-07-12,2024-07-15,172.4293,172.3465,-0.048,-0.01,1,max_hold 706d (-0.0%),evening,True
APD,Pullback50,2024-07-12,2024-07-15,249.9001,248.8003,-0.44,-0.13,1,max_hold 706d (-0.4%),evening,True
ALL,Pullback50,2024-07-12,2024-07-15,157.4188,157.9573,0.342,0.1,1,max_hold 706d (+0.3%),evening,True
AMCR,Pullback50,2024-07-12,2024-07-15,45.7523,45.8446,0.202,0.06,1,max_hold 706d (+0.2%),evening,True
AIG,Pullback50,2024-07-12,2024-07-15,73.7704,73.6939,-0.104,-0.03,1,max_hold 706d (-0.1%),evening,True
BDX,52wkLow,2024-07-15,2024-07-15,172.3465,170.1489,-1.275,-0.37,0,stop_loss (-1.3%),morning,True
APD,Pullback50,2024-07-15,2024-07-15,248.8003,248.4942,-0.123,-0.04,0,max_hold 703d (-0.1%),morning,True
ALL,Pullback50,2024-07-15,2024-07-15,157.9573,160.5154,1.619,0.46,0,max_hold 703d (+1.6%),morning,True
AMCR,Pullback50,2024-07-15,2024-07-15,45.8446,45.4291,-1.19,-0.34,0,stop_loss (-0.9%),morning,True
AIG,Pullback50,2024-07-15,2024-07-15,73.6939,74.2294,0.727,0.21,0,max_hold 703d (+0.7%),morning,True
AIZ,Pullback50,2024-07-15,2024-07-16,166.0573,165.4265,-0.38,-0.19,1,max_hold 703d (-0.4%),evening,True
ADP,Pullback50,2024-07-15,2024-07-16,231.2872,231.7161,0.185,0.09,1,max_hold 703d (+0.2%),evening,True
TECH,Pullback50,2024-07-15,2024-07-16,76.3665,76.7423,0.492,0.25,1,max_hold 703d (+0.5%),evening,True
SCHW,Pullback50,2024-07-15,2024-07-16,73.1039,68.3712,-6.474,-3.24,1,stop_loss (-6.5%),evening,True
CVX,Pullback50,2024-07-15,2024-07-16,145.097,144.1513,-0.91,-0.46,1,stop_loss (-0.7%),evening,True
AIZ,Pullback50,2024-07-16,2024-07-16,165.4265,165.213,-0.129,-0.06,0,max_hold 702d (-0.1%),morning,True
ADP,Pullback50,2024-07-16,2024-07-16,231.7161,234.3184,1.123,0.56,0,max_hold 702d (+1.1%),morning,True
TECH,Pullback50,2024-07-16,2024-07-16,76.7423,78.948,2.874,1.43,0,max_hold 702d (+2.9%),morning,True
SCHW,Pullback50,2024-07-16,2024-07-16,68.3712,65.664,-3.96,-1.97,0,stop_loss (-4.0%),morning,True
CVX,Pullback50,2024-07-16,2024-07-16,144.1513,144.8491,0.484,0.24,0,max_hold 702d (+0.5%),morning,True
A,Pullback50,2024-07-16,2024-07-17,134.2041,133.3164,-0.64,-0.36,1,stop_loss (-0.7%),evening,True
AVY,Pullback50,2024-07-16,2024-07-17,214.538,214.0388,-0.233,-0.13,1,max_hold 702d (-0.2%),evening,True
COR,Pullback50,2024-07-16,2024-07-17,221.7772,221.7772,0.0,0.0,1,max_hold 702d (+0.0%),evening,True
CVX,Pullback50,2024-07-16,2024-07-17,144.8491,145.5193,0.463,0.26,1,max_hold 702d (+0.5%),evening,True
CB,Pullback50,2024-07-16,2024-07-17,256.713,257.0565,0.134,0.08,1,max_hold 702d (+0.1%),evening,True
A,Pullback50,2024-07-17,2024-07-17,133.3164,131.679,-1.228,-0.7,0,stop_loss (-1.2%),morning,True
AVY,Pullback50,2024-07-17,2024-07-17,214.0388,213.9428,-0.045,-0.03,0,max_hold 701d (-0.0%),morning,True
COR,Pullback50,2024-07-17,2024-07-17,221.7772,221.5608,-0.098,-0.06,0,max_hold 701d (-0.1%),morning,True
CVX,Pullback50,2024-07-17,2024-07-17,145.5193,148.0257,1.722,0.98,0,max_hold 701d (+1.7%),morning,True
CB,Pullback50,2024-07-17,2024-07-17,257.0565,262.4232,2.088,1.19,0,max_hold 701d (+2.1%),morning,True
ABT,VolumeSpike,2024-07-17,2024-07-18,101.1018,98.8901,-2.188,-1.84,1,stop_loss (-2.2%),evening,False
ABT,VolumeSpike,2024-07-18,2024-07-18,98.8901,96.6494,-2.266,-1.89,0,stop_loss (-2.3%),morning,False
AVY,Pullback50,2024-07-18,2024-07-19,214.9796,215.1813,0.094,0.08,1,max_hold 700d (+0.1%),evening,True
XYZ,VolumeSpike,2024-07-18,2024-07-19,68.0,68.01,0.015,0.01,1,max_hold 700d (+0.0%),evening,False
AVY,Pullback50,2024-07-19,2024-07-19,215.1813,211.1971,-1.852,-1.54,0,stop_loss (-1.9%),morning,True
XYZ,VolumeSpike,2024-07-19,2024-07-19,68.01,68.1,0.132,0.11,0,max_hold 699d (+0.1%),morning,False
APTV,52wkLow,2024-07-19,2024-07-22,68.87,69.65,1.133,0.74,1,max_hold 699d (+1.1%),evening,True
ABNB,Pullback50,2024-07-19,2024-07-22,147.99,148.14,0.101,0.07,1,max_hold 699d (+0.1%),evening,True
APP,Pullback50,2024-07-19,2024-07-22,81.8,83.25,1.773,1.16,1,max_hold 699d (+1.8%),evening,True
AFL,VolumeSpike,2024-07-19,2024-07-22,89.1345,89.3647,0.258,0.17,1,max_hold 699d (+0.3%),evening,False
AMCR,VolumeSpike,2024-07-19,2024-07-22,46.6756,46.5371,-0.297,-0.19,1,max_hold 699d (-0.3%),evening,False
APTV,52wkLow,2024-07-22,2024-07-22,69.65,69.93,0.402,0.27,0,max_hold 696d (+0.4%),morning,True
ABNB,Pullback50,2024-07-22,2024-07-22,148.14,150.18,1.377,0.91,0,max_hold 696d (+1.4%),morning,True
APP,Pullback50,2024-07-22,2024-07-22,83.25,83.24,-0.012,-0.01,0,max_hold 696d (-0.0%),morning,True
AFL,VolumeSpike,2024-07-22,2024-07-22,89.3647,90.6599,1.449,0.96,0,max_hold 696d (+1.4%),morning,False
AMCR,VolumeSpike,2024-07-22,2024-07-22,46.5371,46.8603,0.694,0.46,0,max_hold 696d (+0.7%),morning,False
AIG,Pullback50,2024-07-22,2024-07-23,72.7567,72.7567,0.0,0.0,1,max_hold 696d (+0.0%),evening,True
AIZ,Pullback50,2024-07-22,2024-07-23,164.4075,164.6695,0.159,0.11,1,max_hold 696d (+0.2%),evening,True
AVY,Pullback50,2024-07-22,2024-07-23,215.2196,220.3558,2.386,1.58,1,max_hold 696d (+2.4%),evening,True
TECH,Pullback50,2024-07-22,2024-07-23,76.9204,77.0391,0.154,0.1,1,max_hold 696d (+0.2%),evening,True
CB,Pullback50,2024-07-22,2024-07-23,257.0662,257.5764,0.198,0.13,1,max_hold 696d (+0.2%),evening,True
AIG,Pullback50,2024-07-23,2024-07-23,72.7567,73.5218,1.052,0.7,0,max_hold 695d (+1.1%),morning,True
AIZ,Pullback50,2024-07-23,2024-07-23,164.6695,167.3577,1.632,1.09,0,max_hold 695d (+1.6%),morning,True
AVY,Pullback50,2024-07-23,2024-07-23,220.3558,211.7444,-3.908,-2.61,0,stop_loss (-3.9%),morning,True
TECH,Pullback50,2024-07-23,2024-07-23,77.0391,75.6741,-1.772,-1.18,0,stop_loss (-1.8%),morning,True
CB,Pullback50,2024-07-23,2024-07-23,257.5764,258.2828,0.274,0.18,0,max_hold 695d (+0.3%),morning,True
AMZN,Pullback50,2024-07-23,2024-07-24,186.41,183.2,-1.722,-1.44,1,stop_loss (-1.7%),evening,True
AIG,Pullback50,2024-07-23,2024-07-24,73.5218,73.4931,-0.039,-0.03,1,max_hold 695d (-0.0%),evening,True
CB,Pullback50,2024-07-23,2024-07-24,258.2828,262.8059,1.751,1.47,1,max_hold 695d (+1.8%),evening,True
CI,Pullback50,2024-07-23,2024-07-24,323.1031,324.5448,0.446,0.37,1,max_hold 695d (+0.4%),evening,True
AMZN,Pullback50,2024-07-24,2024-07-24,183.2,180.83,-1.294,-1.08,0,stop_loss (-1.3%),morning,True
AIG,Pullback50,2024-07-24,2024-07-24,73.4931,71.9725,-2.069,-1.72,0,stop_loss (-2.1%),morning,True
CB,Pullback50,2024-07-24,2024-07-24,262.8059,255.1334,-2.919,-2.43,0,stop_loss (-2.9%),morning,True
CI,Pullback50,2024-07-24,2024-07-24,324.5448,328.9083,1.345,1.12,0,max_hold 694d (+1.3%),morning,True
CSCO,52wkLow,2024-07-24,2024-07-25,44.8416,45.3393,1.11,0.92,1,max_hold 694d (+1.1%),evening,True
TECH,Pullback50,2024-07-24,2024-07-25,76.7621,76.7225,-0.052,-0.04,1,max_hold 694d (-0.1%),evening,True
COR,Pullback50,2024-07-24,2024-07-25,222.3676,222.6038,0.106,0.09,1,max_hold 694d (+0.1%),evening,True
BSX,VolumeSpike,2024-07-24,2024-07-25,77.76,78.25,0.63,0.52,1,max_hold 694d (+0.6%),evening,False
CSCO,52wkLow,2024-07-25,2024-07-25,45.3393,45.2149,-0.274,-0.23,0,max_hold 693d (-0.3%),morning,True
TECH,Pullback50,2024-07-25,2024-07-25,76.7225,77.8105,1.418,1.17,0,max_hold 693d (+1.4%),morning,True
COR,Pullback50,2024-07-25,2024-07-25,222.6038,223.4796,0.393,0.33,0,max_hold 693d (+0.4%),morning,True
BSX,VolumeSpike,2024-07-25,2024-07-25,78.25,74.26,-5.099,-4.22,0,stop_loss (-5.1%),morning,False
A,Pullback50,2024-07-25,2024-07-26,133.1388,134.8255,1.267,0.5,1,max_hold 693d (+1.3%),evening,True
AME,Pullback50,2024-07-25,2024-07-26,166.3581,168.4312,1.246,0.49,1,max_hold 693d (+1.2%),evening,True
CARR,Pullback50,2024-07-25,2024-07-26,63.3032,64.2504,1.496,0.59,1,max_hold 693d (+1.5%),evening,True
COR,Pullback50,2024-07-25,2024-07-26,223.4796,223.7551,0.123,0.05,1,max_hold 693d (+0.1%),evening,True
CVX,Pullback50,2024-07-25,2024-07-26,144.6379,144.8124,0.121,0.05,1,max_hold 693d (+0.1%),evening,True
A,Pullback50,2024-07-26,2024-07-26,134.8255,135.4469,0.461,0.18,0,max_hold 692d (+0.5%),morning,True
AME,Pullback50,2024-07-26,2024-07-26,168.4312,170.0601,0.967,0.38,0,max_hold 692d (+1.0%),morning,True
CARR,Pullback50,2024-07-26,2024-07-26,64.2504,65.1975,1.474,0.58,0,max_hold 692d (+1.5%),morning,True
COR,Pullback50,2024-07-26,2024-07-26,223.7551,223.9814,0.101,0.04,0,max_hold 692d (+0.1%),morning,True
CVX,Pullback50,2024-07-26,2024-07-26,144.8124,144.9134,0.07,0.03,0,max_hold 692d (+0.1%),morning,True
AOS,Pullback50,2024-07-26,2024-07-29,81.2504,81.2504,0.0,0.0,1,max_hold 692d (+0.0%),evening,True
APD,Pullback50,2024-07-26,2024-07-29,249.5845,250.1009,0.207,0.14,1,max_hold 692d (+0.2%),evening,True
ARE,Pullback50,2024-07-26,2024-07-29,107.3298,105.985,-1.253,-0.83,1,stop_loss (-1.3%),evening,True
COR,Pullback50,2024-07-26,2024-07-29,223.9814,224.129,0.066,0.04,1,max_hold 692d (+0.1%),evening,True
CVX,Pullback50,2024-07-26,2024-07-29,144.9134,145.2898,0.26,0.17,1,max_hold 692d (+0.3%),evening,True
AOS,Pullback50,2024-07-29,2024-07-29,81.2504,81.2504,0.0,0.0,0,max_hold 689d (+0.0%),morning,True
APD,Pullback50,2024-07-29,2024-07-29,250.1009,254.1366,1.614,1.06,0,max_hold 689d (+1.6%),morning,True
ARE,Pullback50,2024-07-29,2024-07-29,105.985,105.976,-0.009,-0.01,0,max_hold 689d (-0.0%),morning,True
COR,Pullback50,2024-07-29,2024-07-29,224.129,223.5484,-0.259,-0.17,0,max_hold 689d (-0.3%),morning,True
CVX,Pullback50,2024-07-29,2024-07-29,145.2898,143.7749,-3.1,-2.04,0,stop_loss (-1.0%),morning,True
APD,Pullback50,2024-07-29,2024-07-30,254.1366,253.1038,-0.406,-0.34,1,max_hold 689d (-0.4%),evening,True
ABT,GapDown,2024-07-29,2024-07-30,101.1888,101.1791,-0.01,-0.01,1,max_hold 689d (-0.0%),evening,False
APD,Pullback50,2024-07-30,2024-07-30,253.1038,252.6926,-0.162,-0.13,0,max_hold 688d (-0.2%),morning,True
ABT,GapDown,2024-07-30,2024-07-30,101.1791,101.72,0.535,0.44,0,max_hold 688d (+0.5%),morning,False
ARE,Pullback50,2024-07-30,2024-07-31,107.42,107.3388,-0.076,-0.06,1,max_hold 688d (-0.1%),evening,True
ADM,GapDown,2024-07-30,2024-07-31,58.2598,57.9056,-2.31,-1.82,1,stop_loss (-0.6%),evening,False
CHD,GapDown,2024-07-30,2024-07-31,97.0333,97.0821,0.05,0.04,1,max_hold 688d (+0.1%),evening,False
CMG,MomReversal,2024-07-30,2024-07-31,52.57,53.5,1.769,1.4,1,max_hold 688d (+1.8%),evening,False
ARE,Pullback50,2024-07-31,2024-07-31,107.3388,105.8587,-1.379,-1.09,0,stop_loss (-1.4%),morning,True
ADM,GapDown,2024-07-31,2024-07-31,57.9056,57.8031,-0.177,-0.14,0,max_hold 687d (-0.2%),morning,False
CHD,GapDown,2024-07-31,2024-07-31,97.0821,95.6475,-1.478,-1.16,0,stop_loss (-1.5%),morning,False
CMG,MomReversal,2024-07-31,2024-07-31,53.5,54.32,1.533,1.21,0,max_hold 687d (+1.5%),morning,False
ALB,52wkLow,2024-07-31,2024-08-01,90.5318,90.8508,0.352,0.06,1,max_hold 687d (+0.4%),evening,True
APTV,52wkLow,2024-07-31,2024-08-01,69.39,78.98,13.82,2.47,1,max_hold 687d (+13.8%),evening,True
AMZN,Pullback50,2024-07-31,2024-08-01,186.98,189.29,1.235,0.22,1,max_hold 687d (+1.2%),evening,True
ADI,Pullback50,2024-07-31,2024-08-01,224.4588,221.2576,-1.426,-0.25,1,stop_loss (-1.4%),evening,True
BALL,Pullback50,2024-07-31,2024-08-01,62.0423,60.5844,-2.35,-0.42,1,stop_loss (-2.3%),evening,True
ALB,52wkLow,2024-08-01,2024-08-01,90.8508,90.0486,-3.1,-0.56,0,stop_loss (-0.9%),morning,True
APTV,52wkLow,2024-08-01,2024-08-01,78.98,73.13,-7.407,-1.33,0,stop_loss (-7.4%),morning,True
AMZN,Pullback50,2024-08-01,2024-08-01,189.29,184.07,-2.758,-0.5,0,stop_loss (-2.8%),morning,True
ADI,Pullback50,2024-08-01,2024-08-01,221.2576,212.3716,-4.016,-0.72,0,stop_loss (-4.0%),morning,True
BALL,Pullback50,2024-08-01,2024-08-01,60.5844,62.7325,3.546,0.64,0,max_hold 686d (+3.5%),morning,True
ALB,52wkLow,2024-08-01,2024-08-02,90.0486,85.8153,-4.701,-1.42,1,stop_loss (-4.7%),evening,True
AMZN,VolumeSpike,2024-08-01,2024-08-02,184.07,166.75,-9.409,-2.84,1,stop_loss (-9.4%),evening,True
AIG,VolumeSpike,2024-08-01,2024-08-02,71.6378,70.7676,-1.215,-0.37,1,stop_loss (-1.2%),evening,True
APA,VolumeSpike,2024-08-01,2024-08-02,28.7573,28.3965,-1.255,-0.38,1,stop_loss (-1.3%),evening,True
BALL,VolumeSpike,2024-08-01,2024-08-02,62.7325,62.2951,-1.26,-0.38,1,stop_loss (-0.7%),evening,True
ALB,52wkLow,2024-08-02,2024-08-02,85.8153,84.0756,-2.027,-0.6,0,stop_loss (-2.0%),morning,True
AMZN,VolumeSpike,2024-08-02,2024-08-02,166.75,167.9,0.69,0.21,0,max_hold 685d (+0.7%),morning,True
AIG,VolumeSpike,2024-08-02,2024-08-02,70.7676,68.8263,-2.743,-0.82,0,stop_loss (-2.7%),morning,True
APA,VolumeSpike,2024-08-02,2024-08-02,28.3965,26.4534,-6.843,-2.04,0,stop_loss (-6.8%),morning,True
BALL,VolumeSpike,2024-08-02,2024-08-02,62.2951,62.9463,1.045,0.31,0,max_hold 685d (+1.0%),morning,True
ALB,52wkLow,2024-08-02,2024-08-05,84.0756,77.6098,-7.691,-1.56,1,stop_loss (-7.7%),evening,True
APA,52wkLow,2024-08-02,2024-08-05,26.4534,25.6114,-3.183,-0.64,1,stop_loss (-3.2%),evening,True
APTV,52wkLow,2024-08-02,2024-08-05,69.63,67.0,-3.777,-0.76,1,stop_loss (-3.8%),evening,True
BA,52wkLow,2024-08-02,2024-08-05,169.95,162.52,-4.372,-0.89,1,stop_loss (-4.4%),evening,True
CSCO,52wkLow,2024-08-02,2024-08-05,44.6597,44.5544,-0.236,-0.05,1,max_hold 685d (-0.2%),evening,True
ALB,52wkLow,2024-08-05,2024-08-05,77.6098,80.7219,4.01,0.8,0,max_hold 682d (+4.0%),morning,True
APA,52wkLow,2024-08-05,2024-08-05,25.6114,25.5281,-0.325,-0.07,0,max_hold 682d (-0.3%),morning,True
APTV,52wkLow,2024-08-05,2024-08-05,67.0,69.12,3.164,0.63,0,max_hold 682d (+3.2%),morning,True
BA,52wkLow,2024-08-05,2024-08-05,162.52,167.03,2.775,0.56,0,max_hold 682d (+2.8%),morning,True
CSCO,52wkLow,2024-08-05,2024-08-05,44.5544,42.822,-3.888,-0.78,0,stop_loss (-3.9%),morning,True
AKAM,52wkLow,2024-08-05,2024-08-06,91.32,91.98,0.723,0.05,1,max_hold 682d (+0.7%),evening,True
ALB,52wkLow,2024-08-05,2024-08-06,80.7219,81.2342,0.635,0.05,1,max_hold 682d (+0.6%),evening,True
APA,52wkLow,2024-08-05,2024-08-06,25.5281,25.4078,-0.471,-0.03,1,max_hold 682d (-0.5%),evening,True
APTV,52wkLow,2024-08-05,2024-08-06,69.12,68.8,-0.463,-0.03,1,max_hold 682d (-0.5%),evening,True
BA,52wkLow,2024-08-05,2024-08-06,167.03,168.89,1.114,0.08,1,max_hold 682d (+1.1%),evening,True
AKAM,52wkLow,2024-08-06,2024-08-06,91.98,92.32,0.37,0.03,0,max_hold 681d (+0.4%),morning,True
ALB,52wkLow,2024-08-06,2024-08-06,81.2342,76.8656,-5.378,-0.39,0,stop_loss (-5.4%),morning,True
APA,52wkLow,2024-08-06,2024-08-06,25.4078,25.084,-1.275,-0.09,0,stop_loss (-1.3%),morning,True
APTV,52wkLow,2024-08-06,2024-08-06,68.8,69.05,0.363,0.03,0,max_hold 681d (+0.4%),morning,True
BA,52wkLow,2024-08-06,2024-08-06,168.89,165.04,-2.28,-0.16,0,stop_loss (-2.3%),morning,True
AKAM,52wkLow,2024-08-06,2024-08-07,92.32,93.28,1.04,0.18,1,max_hold 681d (+1.0%),evening,True
APTV,52wkLow,2024-08-06,2024-08-07,69.05,71.17,3.07,0.53,1,max_hold 681d (+3.1%),evening,True
CVX,52wkLow,2024-08-06,2024-08-07,131.4999,132.7393,0.943,0.16,1,max_hold 681d (+0.9%),evening,True
BR,VolumeSpike,2024-08-06,2024-08-07,210.8545,211.2018,0.165,0.03,1,max_hold 681d (+0.2%),evening,True
BLDR,GapDown,2024-08-06,2024-08-07,155.73,159.37,2.337,0.41,1,max_hold 681d (+2.3%),evening,False
AKAM,52wkLow,2024-08-07,2024-08-07,93.28,92.64,-1.43,-0.25,0,stop_loss (-0.7%),morning,True
APTV,52wkLow,2024-08-07,2024-08-07,71.17,67.91,-4.581,-0.8,0,stop_loss (-4.6%),morning,True
CVX,52wkLow,2024-08-07,2024-08-07,132.7393,130.747,-1.501,-0.26,0,stop_loss (-1.5%),morning,True
BR,VolumeSpike,2024-08-07,2024-08-07,211.2018,204.4483,-3.198,-0.56,0,stop_loss (-3.2%),morning,True
BLDR,GapDown,2024-08-07,2024-08-07,159.37,152.86,-4.085,-0.71,0,stop_loss (-4.1%),morning,False
ABNB,52wkLow,2024-08-07,2024-08-08,113.01,113.98,0.858,0.69,1,max_hold 680d (+0.9%),evening,True
CNP,52wkLow,2024-08-07,2024-08-08,24.3987,25.284,3.629,2.91,1,max_hold 680d (+3.6%),evening,True
CRL,GapDown,2024-08-07,2024-08-08,199.96,191.5,-4.231,-3.39,1,stop_loss (-4.2%),evening,False
ABNB,52wkLow,2024-08-08,2024-08-08,113.98,114.64,0.579,0.47,0,max_hold 679d (+0.6%),morning,True
CNP,52wkLow,2024-08-08,2024-08-08,25.284,25.0175,-0.55,-0.44,0,stop_loss (-1.1%),morning,True
CRL,GapDown,2024-08-08,2024-08-08,191.5,201.93,5.446,4.41,0,max_hold 679d (+5.4%),morning,False
AKAM,52wkLow,2024-08-08,2024-08-09,91.57,98.01,7.033,1.69,1,max_hold 679d (+7.0%),evening,True
CNP,52wkLow,2024-08-08,2024-08-09,25.0175,25.027,0.038,0.01,1,max_hold 679d (+0.0%),evening,True
APP,VolumeSpike,2024-08-08,2024-08-09,76.73,76.5,-0.3,-0.07,1,max_hold 679d (-0.3%),evening,True
CF,VolumeSpike,2024-08-08,2024-08-09,76.0083,76.1421,0.176,0.04,1,max_hold 679d (+0.2%),evening,True
CRL,GapDown,2024-08-08,2024-08-09,201.93,203.77,0.911,0.22,1,max_hold 679d (+0.9%),evening,False
AKAM,52wkLow,2024-08-09,2024-08-09,98.01,101.51,3.571,0.86,0,max_hold 678d (+3.6%),morning,True
CNP,52wkLow,2024-08-09,2024-08-09,25.027,25.1983,0.685,0.17,0,max_hold 678d (+0.7%),morning,True
APP,VolumeSpike,2024-08-09,2024-08-09,76.5,77.38,1.15,0.28,0,max_hold 678d (+1.2%),morning,True
CF,VolumeSpike,2024-08-09,2024-08-09,76.1421,76.2568,0.151,0.04,0,max_hold 678d (+0.2%),morning,True
CRL,GapDown,2024-08-09,2024-08-09,203.77,200.97,-1.374,-0.33,0,stop_loss (-1.4%),morning,False
AXP,Pullback50,2024-08-09,2024-08-12,233.4436,233.7871,0.147,0.1,1,max_hold 678d (+0.1%),evening,False
AAPL,Pullback50,2024-08-09,2024-08-12,214.3829,214.4623,0.037,0.02,1,max_hold 678d (+0.0%),evening,False
ACGL,Pullback50,2024-08-09,2024-08-12,93.9393,93.5969,-0.364,-0.24,1,max_hold 678d (-0.4%),evening,False
BSX,Pullback50,2024-08-09,2024-08-12,76.19,75.96,-0.302,-0.2,1,max_hold 678d (-0.3%),evening,False
CARR,Pullback50,2024-08-09,2024-08-12,62.8638,62.9126,0.078,0.05,1,max_hold 678d (+0.1%),evening,False
AXP,Pullback50,2024-08-12,2024-08-12,233.7871,232.6584,-0.483,-0.31,0,max_hold 675d (-0.5%),morning,False
AAPL,Pullback50,2024-08-12,2024-08-12,214.4623,215.9115,0.676,0.44,0,max_hold 675d (+0.7%),morning,False
ACGL,Pullback50,2024-08-12,2024-08-12,93.5969,93.1595,-0.467,-0.3,0,max_hold 675d (-0.5%),morning,False
BSX,Pullback50,2024-08-12,2024-08-12,75.96,75.94,-0.026,-0.02,0,max_hold 675d (-0.0%),morning,False
CARR,Pullback50,2024-08-12,2024-08-12,62.9126,62.7759,-0.217,-0.14,0,max_hold 675d (-0.2%),morning,False
ALB,52wkLow,2024-08-12,2024-08-13,73.4538,74.3237,1.184,0.97,1,max_hold 675d (+1.2%),evening,True
ALB,52wkLow,2024-08-13,2024-08-13,74.3237,74.633,0.416,0.34,0,max_hold 674d (+0.4%),morning,True
ALB,52wkLow,2024-08-13,2024-08-14,74.633,74.4203,-0.285,-0.14,1,max_hold 674d (-0.3%),evening,True
CNP,52wkLow,2024-08-13,2024-08-14,24.6367,24.5034,-0.5,-0.24,1,stop_loss (-0.5%),evening,True
CMG,GapDown,2024-08-13,2024-08-14,51.68,52.02,0.658,0.32,1,max_hold 674d (+0.7%),evening,False
APP,Pullback50,2024-08-13,2024-08-14,79.79,80.14,0.439,0.21,1,max_hold 674d (+0.4%),evening,False
BALL,Pullback50,2024-08-13,2024-08-14,60.8274,61.3814,0.911,0.44,1,max_hold 674d (+0.9%),evening,False
ALB,52wkLow,2024-08-14,2024-08-14,74.4203,70.4094,-5.39,-2.62,0,stop_loss (-5.4%),morning,True
CNP,52wkLow,2024-08-14,2024-08-14,24.5034,24.532,0.117,0.06,0,max_hold 673d (+0.1%),morning,True
CMG,GapDown,2024-08-14,2024-08-14,52.02,51.65,-1.92,-0.93,0,stop_loss (-0.7%),morning,False
APP,Pullback50,2024-08-14,2024-08-14,80.14,84.64,5.615,2.73,0,max_hold 673d (+5.6%),morning,False
BALL,Pullback50,2024-08-14,2024-08-14,61.3814,60.458,-1.504,-0.73,0,stop_loss (-1.5%),morning,False
ALB,52wkLow,2024-08-14,2024-08-15,70.4094,71.6658,1.784,1.46,1,max_hold 673d (+1.8%),evening,True
CSCO,52wkLow,2024-08-14,2024-08-15,43.492,46.6601,7.284,5.95,1,max_hold 673d (+7.3%),evening,True
TECH,MomReversal,2024-08-14,2024-08-15,71.9552,72.8058,1.182,0.97,1,max_hold 673d (+1.2%),evening,False
BSX,Pullback50,2024-08-14,2024-08-15,76.42,76.75,0.432,0.35,1,max_hold 673d (+0.4%),evening,False
ALB,52wkLow,2024-08-15,2024-08-15,71.6658,76.4886,6.73,5.71,0,max_hold 672d (+6.7%),morning,True
CSCO,52wkLow,2024-08-15,2024-08-15,46.6601,46.4496,-0.451,-0.38,0,max_hold 672d (-0.5%),morning,True
TECH,MomReversal,2024-08-15,2024-08-15,72.8058,74.0916,1.766,1.5,0,max_hold 672d (+1.8%),morning,False
BSX,Pullback50,2024-08-15,2024-08-15,76.75,77.58,1.081,0.92,0,max_hold 672d (+1.1%),morning,False
APTV,52wkLow,2024-08-15,2024-08-16,68.69,68.61,-0.116,-0.09,1,max_hold 672d (-0.1%),evening,True
APH,Pullback50,2024-08-15,2024-08-16,65.1028,64.9352,-0.257,-0.21,1,max_hold 672d (-0.3%),evening,False
BALL,Pullback50,2024-08-15,2024-08-16,61.2356,61.1287,-0.175,-0.14,1,max_hold 672d (-0.2%),evening,False
ALB,RSIRecovery,2024-08-15,2024-08-16,76.4886,76.305,-0.24,-0.19,1,max_hold 672d (-0.2%),evening,False
CCL,RSIRecovery,2024-08-15,2024-08-16,15.5722,15.4832,-3.66,-2.95,1,stop_loss (-0.6%),evening,False
APTV,52wkLow,2024-08-16,2024-08-16,68.61,68.93,0.466,0.37,0,max_hold 671d (+0.5%),morning,True
APH,Pullback50,2024-08-16,2024-08-16,64.9352,64.8564,-0.121,-0.1,0,max_hold 671d (-0.1%),morning,False
BALL,Pullback50,2024-08-16,2024-08-16,61.1287,61.6438,0.843,0.67,0,max_hold 671d (+0.8%),morning,False
ALB,RSIRecovery,2024-08-16,2024-08-16,76.305,76.7109,0.532,0.43,0,max_hold 671d (+0.5%),morning,False
CNP,52wkLow,2024-08-16,2024-08-19,24.743,24.7334,-0.039,-0.02,1,max_hold 671d (-0.0%),evening,True
AVB,VolumeSpike,2024-08-16,2024-08-19,202.3059,202.9921,0.339,0.17,1,max_hold 671d (+0.3%),evening,True
AMCR,GapDown,2024-08-16,2024-08-19,48.2453,48.3377,0.191,0.1,1,max_hold 671d (+0.2%),evening,False
AMAT,GapDown,2024-08-16,2024-08-19,204.4543,203.5692,-0.433,-0.22,1,max_hold 671d (-0.4%),evening,False
BBY,Pullback50,2024-08-16,2024-08-19,77.0587,76.8598,-0.258,-0.13,1,max_hold 671d (-0.3%),evening,False
CNP,52wkLow,2024-08-19,2024-08-19,24.7334,24.9829,1.009,0.51,0,max_hold 668d (+1.0%),morning,True
AVB,VolumeSpike,2024-08-19,2024-08-19,202.9921,203.0861,0.046,0.02,0,max_hold 668d (+0.0%),morning,True
AMCR,GapDown,2024-08-19,2024-08-19,48.3377,49.0302,1.433,0.72,0,max_hold 668d (+1.4%),morning,False
AMAT,GapDown,2024-08-19,2024-08-19,203.5692,207.4439,1.903,0.95,0,max_hold 668d (+1.9%),morning,False
BBY,Pullback50,2024-08-19,2024-08-19,76.8598,76.8778,0.024,0.01,0,max_hold 668d (+0.0%),morning,False
AIG,Pullback50,2024-08-19,2024-08-20,71.1788,71.0066,-0.242,-0.16,1,max_hold 668d (-0.2%),evening,False
APH,Pullback50,2024-08-19,2024-08-20,65.3985,65.5168,0.181,0.12,1,max_hold 668d (+0.2%),evening,False
ADI,Pullback50,2024-08-19,2024-08-20,219.1913,217.2608,-1.0,-0.67,1,stop_loss (-0.9%),evening,False
BBY,Pullback50,2024-08-19,2024-08-20,76.8778,76.5162,-0.47,-0.32,1,max_hold 668d (-0.5%),evening,False
TECH,Pullback50,2024-08-19,2024-08-20,74.2505,74.2505,0.0,0.0,1,max_hold 668d (+0.0%),evening,False
AIG,Pullback50,2024-08-20,2024-08-20,71.0066,70.6528,-0.498,-0.33,0,max_hold 667d (-0.5%),morning,False
APH,Pullback50,2024-08-20,2024-08-20,65.5168,66.0589,0.827,0.55,0,max_hold 667d (+0.8%),morning,False
ADI,Pullback50,2024-08-20,2024-08-20,217.2608,216.8049,-0.21,-0.14,0,max_hold 667d (-0.2%),morning,False
BBY,Pullback50,2024-08-20,2024-08-20,76.5162,76.6066,0.118,0.08,0,max_hold 667d (+0.1%),morning,False
TECH,Pullback50,2024-08-20,2024-08-20,74.2505,71.6266,-3.534,-2.37,0,stop_loss (-3.5%),morning,False
AES,Pullback50,2024-08-21,2024-08-22,16.0819,16.0728,-0.057,-0.05,1,max_hold 666d (-0.1%),evening,False
AIG,Pullback50,2024-08-21,2024-08-22,71.1023,71.2457,0.202,0.17,1,max_hold 666d (+0.2%),evening,False
CASY,Pullback50,2024-08-21,2024-08-22,375.5854,375.8832,0.079,0.07,1,max_hold 666d (+0.1%),evening,False
CHD,Pullback50,2024-08-21,2024-08-22,100.1954,100.949,0.752,0.63,1,max_hold 666d (+0.8%),evening,False
AES,Pullback50,2024-08-22,2024-08-22,16.0728,16.1729,0.623,0.52,0,max_hold 665d (+0.6%),morning,False
AIG,Pullback50,2024-08-22,2024-08-22,71.2457,71.4944,0.349,0.29,0,max_hold 665d (+0.3%),morning,False
CASY,Pullback50,2024-08-22,2024-08-22,375.8832,367.3562,-2.269,-1.91,0,stop_loss (-2.3%),morning,False
CHD,Pullback50,2024-08-22,2024-08-22,100.949,100.4499,-0.494,-0.42,0,max_hold 665d (-0.5%),morning,False
AES,Pullback50,2024-08-22,2024-08-23,16.1729,16.2639,0.563,0.37,1,max_hold 665d (+0.6%),evening,False
ARE,Pullback50,2024-08-22,2024-08-23,106.8244,107.2666,0.414,0.28,1,max_hold 665d (+0.4%),evening,False
AIG,Pullback50,2024-08-22,2024-08-23,71.4944,72.1064,0.856,0.57,1,max_hold 665d (+0.9%),evening,False
AVY,Pullback50,2024-08-22,2024-08-23,207.549,208.0194,0.227,0.15,1,max_hold 665d (+0.2%),evening,False
BKR,Pullback50,2024-08-22,2024-08-23,33.4687,33.8168,1.04,0.69,1,max_hold 665d (+1.0%),evening,False
AES,Pullback50,2024-08-23,2024-08-23,16.2639,16.455,1.175,0.79,0,max_hold 664d (+1.2%),morning,False
ARE,Pullback50,2024-08-23,2024-08-23,107.2666,109.3876,1.977,1.32,0,max_hold 664d (+2.0%),morning,False
AIG,Pullback50,2024-08-23,2024-08-23,72.1064,72.0299,-0.106,-0.07,0,max_hold 664d (-0.1%),morning,False
AVY,Pullback50,2024-08-23,2024-08-23,208.0194,210.2947,1.094,0.73,0,max_hold 664d (+1.1%),morning,False
BKR,Pullback50,2024-08-23,2024-08-23,33.8168,34.0488,0.686,0.46,0,max_hold 664d (+0.7%),morning,False
AOS,Pullback50,2024-08-23,2024-08-26,79.6641,80.0694,0.509,0.34,1,max_hold 664d (+0.5%),evening,False
ADI,Pullback50,2024-08-23,2024-08-26,221.5583,221.0248,-0.241,-0.16,1,max_hold 664d (-0.2%),evening,False
BAC,Pullback50,2024-08-23,2024-08-26,37.9911,38.2108,0.578,0.39,1,max_hold 664d (+0.6%),evening,False
BKNG,Pullback50,2024-08-23,2024-08-26,150.7663,151.2158,0.298,0.2,1,max_hold 664d (+0.3%),evening,False
CCL,Pullback50,2024-08-23,2024-08-26,16.4329,16.423,-0.06,-0.04,1,max_hold 664d (-0.1%),evening,False
AOS,Pullback50,2024-08-26,2024-08-26,80.0694,79.4903,-0.55,-0.37,0,stop_loss (-0.7%),morning,False
ADI,Pullback50,2024-08-26,2024-08-26,221.0248,218.8615,-0.57,-0.38,0,stop_loss (-1.0%),morning,False
BAC,Pullback50,2024-08-26,2024-08-26,38.2108,38.1344,-0.2,-0.14,0,max_hold 661d (-0.2%),morning,False
BKNG,Pullback50,2024-08-26,2024-08-26,151.2158,149.4797,-2.16,-1.46,0,stop_loss (-1.1%),morning,False
CCL,Pullback50,2024-08-26,2024-08-26,16.423,16.423,0.0,0.0,0,max_hold 661d (+0.0%),morning,False
CASY,Pullback50,2024-08-26,2024-08-27,372.6769,371.9324,-0.2,-0.17,1,max_hold 661d (-0.2%),evening,False
CASY,Pullback50,2024-08-27,2024-08-27,371.9324,370.225,-0.459,-0.39,0,max_hold 660d (-0.5%),morning,False
ANET,Pullback50,2024-08-27,2024-08-28,86.405,86.355,-0.058,-0.05,1,max_hold 660d (-0.1%),evening,False
AVGO,Pullback50,2024-08-27,2024-08-28,158.6615,157.3737,-1.71,-1.45,1,stop_loss (-0.8%),evening,False
CMG,Pullback50,2024-08-27,2024-08-28,56.14,56.57,0.766,0.65,1,max_hold 660d (+0.8%),evening,False
ANET,Pullback50,2024-08-28,2024-08-28,86.355,85.29,-1.233,-1.04,0,stop_loss (-1.2%),morning,False
AVGO,Pullback50,2024-08-28,2024-08-28,157.3737,155.5058,-1.14,-0.96,0,stop_loss (-1.2%),morning,False
CMG,Pullback50,2024-08-28,2024-08-28,56.57,55.77,-1.414,-1.19,0,stop_loss (-1.4%),morning,False
BBY,VolumeSpike,2024-08-28,2024-08-29,79.3639,92.7976,16.927,13.49,1,max_hold 659d (+16.9%),evening,True
AIG,Pullback50,2024-08-28,2024-08-29,72.2212,72.5655,0.477,0.38,1,max_hold 659d (+0.5%),evening,False
BKR,Pullback50,2024-08-28,2024-08-29,33.7974,34.1261,0.973,0.77,1,max_hold 659d (+1.0%),evening,False
BAC,Pullback50,2024-08-28,2024-08-29,38.163,38.2585,0.25,0.2,1,max_hold 659d (+0.3%),evening,False
C,Pullback50,2024-08-28,2024-08-29,58.8049,59.2155,0.698,0.56,1,max_hold 659d (+0.7%),evening,False
BBY,VolumeSpike,2024-08-29,2024-08-29,92.7976,90.5647,-2.406,-1.99,0,stop_loss (-2.4%),morning,True
AIG,Pullback50,2024-08-29,2024-08-29,72.5655,72.795,0.316,0.26,0,max_hold 658d (+0.3%),morning,False
BKR,Pullback50,2024-08-29,2024-08-29,34.1261,34.0875,-0.113,-0.09,0,max_hold 658d (-0.1%),morning,False
BAC,Pullback50,2024-08-29,2024-08-29,38.2585,38.3732,0.3,0.25,0,max_hold 658d (+0.3%),morning,False
BF-B,VolumeSpike,2024-08-29,2024-08-30,42.8891,43.0967,0.484,0.42,1,max_hold 658d (+0.5%),evening,True
ANET,Pullback50,2024-08-29,2024-08-30,86.6475,87.75,1.272,1.1,1,max_hold 658d (+1.3%),evening,False
BAC,Pullback50,2024-08-29,2024-08-30,38.3732,38.3732,0.0,0.0,1,max_hold 658d (+0.0%),evening,False
TECH,Pullback50,2024-08-29,2024-08-30,73.7851,74.0326,0.335,0.29,1,max_hold 658d (+0.3%),evening,False
BF-B,VolumeSpike,2024-08-30,2024-08-30,43.0967,43.0307,-0.153,-0.13,0,max_hold 657d (-0.2%),morning,True
ANET,Pullback50,2024-08-30,2024-08-30,87.75,88.345,0.678,0.59,0,max_hold 657d (+0.7%),morning,False
BAC,Pullback50,2024-08-30,2024-08-30,38.3732,38.9272,1.444,1.26,0,max_hold 657d (+1.4%),morning,False
TECH,Pullback50,2024-08-30,2024-08-30,74.0326,73.2603,-2.69,-2.34,0,stop_loss (-1.0%),morning,False
AFL,VolumeSpike,2024-08-30,2024-09-03,106.3829,106.2962,-0.082,-0.03,1,max_hold 657d (-0.1%),evening,True
AWK,VolumeSpike,2024-08-30,2024-09-03,136.978,136.7196,-0.189,-0.08,1,max_hold 657d (-0.2%),evening,True
ACGL,VolumeSpike,2024-08-30,2024-09-03,107.5371,107.5371,-0.0,-0.0,1,max_hold 657d (-0.0%),evening,True
ADSK,VolumeSpike,2024-08-30,2024-09-03,258.4,261.77,1.304,0.54,1,max_hold 657d (+1.3%),evening,True
BSX,VolumeSpike,2024-08-30,2024-09-03,81.79,81.7,-0.11,-0.05,1,max_hold 657d (-0.1%),evening,True
AFL,VolumeSpike,2024-09-03,2024-09-03,106.2962,105.1394,-1.33,-0.55,0,stop_loss (-1.1%),morning,True
AWK,VolumeSpike,2024-09-03,2024-09-03,136.7196,137.3225,0.441,0.18,0,max_hold 653d (+0.4%),morning,True
ACGL,VolumeSpike,2024-09-03,2024-09-03,107.5371,107.6893,0.141,0.06,0,max_hold 653d (+0.1%),morning,True
ADSK,VolumeSpike,2024-09-03,2024-09-03,261.77,257.83,-1.505,-0.62,0,stop_loss (-1.5%),morning,True
BSX,VolumeSpike,2024-09-03,2024-09-03,81.7,81.14,-1.25,-0.52,0,stop_loss (-0.7%),morning,True
CME,GapDown,2024-09-03,2024-09-04,195.8487,196.954,0.564,0.33,1,max_hold 653d (+0.6%),evening,True
AEE,VolumeSpike,2024-09-03,2024-09-04,78.5876,78.9839,0.504,0.3,1,max_hold 653d (+0.5%),evening,True
T,VolumeSpike,2024-09-03,2024-09-04,18.8848,18.9403,0.294,0.17,1,max_hold 653d (+0.3%),evening,True
BDX,VolumeSpike,2024-09-03,2024-09-04,182.2659,182.1154,-0.083,-0.05,1,max_hold 653d (-0.1%),evening,True
BRK-B,VolumeSpike,2024-09-03,2024-09-04,476.83,478.68,0.388,0.23,1,max_hold 653d (+0.4%),evening,True
CME,GapDown,2024-09-04,2024-09-04,196.954,198.9434,1.01,0.6,0,max_hold 652d (+1.0%),morning,True
AEE,VolumeSpike,2024-09-04,2024-09-04,78.9839,79.0972,0.143,0.08,0,max_hold 652d (+0.1%),morning,True
T,VolumeSpike,2024-09-04,2024-09-04,18.9403,19.0142,0.39,0.23,0,max_hold 652d (+0.4%),morning,True
BDX,VolumeSpike,2024-09-04,2024-09-04,182.1154,177.8707,-2.331,-1.37,0,stop_loss (-2.3%),morning,True
BRK-B,VolumeSpike,2024-09-04,2024-09-04,478.68,478.57,-0.023,-0.01,0,max_hold 652d (-0.0%),morning,True
APH,GapDown,2024-09-04,2024-09-05,60.4209,60.1252,-0.489,-0.25,1,max_hold 652d (-0.5%),evening,True
T,VolumeSpike,2024-09-04,2024-09-05,19.0142,19.1436,0.681,0.35,1,max_hold 652d (+0.7%),evening,True
APA,52wkLow,2024-09-04,2024-09-05,23.9552,24.3345,1.584,0.82,1,max_hold 652d (+1.6%),evening,False
BA,52wkLow,2024-09-04,2024-09-05,163.22,164.15,0.57,0.29,1,max_hold 652d (+0.6%),evening,False
CVX,52wkLow,2024-09-04,2024-09-05,131.8947,132.9159,0.774,0.4,1,max_hold 652d (+0.8%),evening,False
APH,GapDown,2024-09-05,2024-09-05,60.1252,60.9729,1.41,0.73,0,max_hold 651d (+1.4%),morning,True
T,VolumeSpike,2024-09-05,2024-09-05,19.1436,19.0882,-0.29,-0.15,0,max_hold 651d (-0.3%),morning,True
APA,52wkLow,2024-09-05,2024-09-05,24.3345,24.0292,-1.255,-0.65,0,stop_loss (-1.3%),morning,False
BA,52wkLow,2024-09-05,2024-09-05,164.15,162.15,-1.218,-0.63,0,stop_loss (-1.2%),morning,False
CVX,52wkLow,2024-09-05,2024-09-05,132.9159,130.8363,-1.565,-0.81,0,stop_loss (-1.6%),morning,False
CASY,VolumeSpike,2024-09-05,2024-09-06,377.948,377.4516,-0.131,-0.06,1,max_hold 651d (-0.1%),evening,True
COR,VolumeSpike,2024-09-05,2024-09-06,232.965,233.0833,0.051,0.02,1,max_hold 651d (+0.1%),evening,True
CI,VolumeSpike,2024-09-05,2024-09-06,342.629,344.8866,0.659,0.3,1,max_hold 651d (+0.7%),evening,True
CMS,VolumeSpike,2024-09-05,2024-09-06,64.7875,64.9582,0.264,0.12,1,max_hold 651d (+0.3%),evening,True
KO,VolumeSpike,2024-09-05,2024-09-06,67.2434,67.0733,-0.253,-0.12,1,max_hold 651d (-0.3%),evening,True
CASY,VolumeSpike,2024-09-06,2024-09-06,377.4516,371.0787,-1.688,-0.77,0,stop_loss (-1.7%),morning,True
COR,VolumeSpike,2024-09-06,2024-09-06,233.0833,231.7126,-1.24,-0.57,0,stop_loss (-0.6%),morning,True
CI,VolumeSpike,2024-09-06,2024-09-06,344.8866,341.0563,-0.58,-0.27,0,stop_loss (-1.1%),morning,True
CMS,VolumeSpike,2024-09-06,2024-09-06,64.9582,64.5029,-0.53,-0.24,0,stop_loss (-0.7%),morning,True
KO,VolumeSpike,2024-09-06,2024-09-06,67.0733,67.215,0.211,0.1,0,max_hold 650d (+0.2%),morning,True
AVB,VolumeSpike,2024-09-06,2024-09-09,210.1928,211.1329,0.447,0.39,1,max_hold 650d (+0.4%),evening,True
CVX,52wkLow,2024-09-06,2024-09-09,128.6361,128.7104,0.058,0.05,1,max_hold 650d (+0.1%),evening,False
AVB,VolumeSpike,2024-09-09,2024-09-09,211.1329,211.9695,0.396,0.34,0,max_hold 647d (+0.4%),morning,True
CVX,52wkLow,2024-09-09,2024-09-09,128.7104,130.2515,1.197,1.04,0,max_hold 647d (+1.2%),morning,False
ATO,VolumeSpike,2024-09-09,2024-09-10,128.6486,129.0813,0.336,0.15,1,max_hold 647d (+0.3%),evening,True
APA,52wkLow,2024-09-09,2024-09-10,23.0577,22.9744,-0.361,-0.17,1,max_hold 647d (-0.4%),evening,False
BIIB,52wkLow,2024-09-09,2024-09-10,199.27,199.49,0.11,0.05,1,max_hold 647d (+0.1%),evening,False
BA,52wkLow,2024-09-09,2024-09-10,162.91,162.61,-0.184,-0.08,1,max_hold 647d (-0.2%),evening,False
CVX,52wkLow,2024-09-09,2024-09-10,130.2515,130.8085,0.428,0.2,1,max_hold 647d (+0.4%),evening,False
ATO,VolumeSpike,2024-09-10,2024-09-10,129.0813,130.9562,1.453,0.67,0,max_hold 646d (+1.5%),morning,True
APA,52wkLow,2024-09-10,2024-09-10,22.9744,22.0676,-3.947,-1.81,0,stop_loss (-3.9%),morning,False
BIIB,52wkLow,2024-09-10,2024-09-10,199.49,200.64,0.576,0.26,0,max_hold 646d (+0.6%),morning,False
BA,52wkLow,2024-09-10,2024-09-10,162.61,160.07,-1.562,-0.72,0,stop_loss (-1.6%),morning,False
CVX,52wkLow,2024-09-10,2024-09-10,130.8085,128.3297,-1.895,-0.87,0,stop_loss (-1.9%),morning,False
ATO,VolumeSpike,2024-09-10,2024-09-11,130.9562,130.4755,-0.367,-0.19,1,max_hold 646d (-0.4%),evening,True
APA,52wkLow,2024-09-10,2024-09-11,22.0676,22.1602,0.419,0.22,1,max_hold 646d (+0.4%),evening,False
CVX,52wkLow,2024-09-10,2024-09-11,128.3297,128.3112,-0.014,-0.01,1,max_hold 646d (-0.0%),evening,False
AES,MomReversal,2024-09-10,2024-09-11,14.9624,15.2718,2.068,1.06,1,max_hold 646d (+2.1%),evening,False
AMZN,Pullback50,2024-09-10,2024-09-11,179.55,180.1,0.306,0.16,1,max_hold 646d (+0.3%),evening,False
ATO,VolumeSpike,2024-09-11,2024-09-11,130.4755,129.5909,-0.92,-0.47,0,stop_loss (-0.7%),morning,True
APA,52wkLow,2024-09-11,2024-09-11,22.1602,21.8456,-1.42,-0.73,0,stop_loss (-1.4%),morning,False
CVX,52wkLow,2024-09-11,2024-09-11,128.3112,128.0048,-0.239,-0.12,0,max_hold 645d (-0.2%),morning,False
AES,MomReversal,2024-09-11,2024-09-11,15.2718,16.2548,6.436,3.31,0,max_hold 645d (+6.4%),morning,False
AMZN,Pullback50,2024-09-11,2024-09-11,180.1,184.52,2.454,1.26,0,max_hold 645d (+2.5%),morning,False
COIN,GapDown,2024-09-11,2024-09-12,157.15,158.61,0.929,0.23,1,max_hold 645d (+0.9%),evening,True
APA,52wkLow,2024-09-11,2024-09-12,21.8456,22.0399,0.889,0.22,1,max_hold 645d (+0.9%),evening,False
APTV,52wkLow,2024-09-11,2024-09-12,65.47,65.4,-0.107,-0.03,1,max_hold 645d (-0.1%),evening,False
CVX,52wkLow,2024-09-11,2024-09-12,128.0048,128.3297,0.254,0.06,1,max_hold 645d (+0.3%),evening,False
AMAT,MomReversal,2024-09-11,2024-09-12,183.2087,181.6519,-5.93,-1.45,1,stop_loss (-0.8%),evening,False
COIN,GapDown,2024-09-12,2024-09-12,158.61,162.89,2.698,0.66,0,max_hold 644d (+2.7%),morning,True
APA,52wkLow,2024-09-12,2024-09-12,22.0399,21.9288,-1.57,-0.38,0,stop_loss (-0.5%),morning,False
APTV,52wkLow,2024-09-12,2024-09-12,65.4,67.0,2.446,0.6,0,max_hold 644d (+2.4%),morning,False
CVX,52wkLow,2024-09-12,2024-09-12,128.3297,129.2396,0.709,0.17,0,max_hold 644d (+0.7%),morning,False
AMAT,MomReversal,2024-09-12,2024-09-12,181.6519,180.5188,-0.87,-0.21,0,stop_loss (-0.6%),morning,False
ADBE,VolumeSpike,2024-09-12,2024-09-13,586.55,532.57,-9.203,-2.54,1,stop_loss (-9.2%),evening,True
APTV,52wkLow,2024-09-12,2024-09-13,67.0,68.63,2.433,0.67,1,max_hold 644d (+2.4%),evening,False
BIIB,52wkLow,2024-09-12,2024-09-13,197.89,197.66,-0.116,-0.03,1,max_hold 644d (-0.1%),evening,False
GOOGL,MomReversal,2024-09-12,2024-09-13,153.7101,154.4454,0.478,0.13,1,max_hold 644d (+0.5%),evening,False
GOOG,MomReversal,2024-09-12,2024-09-13,154.5593,155.3761,0.528,0.15,1,max_hold 644d (+0.5%),evening,False
ADBE,VolumeSpike,2024-09-13,2024-09-13,532.57,536.87,0.807,0.22,0,max_hold 643d (+0.8%),morning,True
APTV,52wkLow,2024-09-13,2024-09-13,68.63,68.95,0.466,0.13,0,max_hold 643d (+0.5%),morning,False
BIIB,52wkLow,2024-09-13,2024-09-13,197.66,195.63,-1.11,-0.31,0,stop_loss (-1.0%),morning,False
GOOGL,MomReversal,2024-09-13,2024-09-13,154.4454,156.4625,1.306,0.36,0,max_hold 643d (+1.3%),morning,False
GOOG,MomReversal,2024-09-13,2024-09-13,155.3761,157.3714,1.284,0.35,0,max_hold 643d (+1.3%),morning,False
ADBE,GapDown,2024-09-13,2024-09-16,536.87,537.4,0.099,0.04,1,max_hold 643d (+0.1%),evening,True
BA,VolumeSpike,2024-09-13,2024-09-16,156.77,156.25,-0.332,-0.14,1,max_hold 643d (-0.3%),evening,True
BIIB,52wkLow,2024-09-13,2024-09-16,195.63,197.26,0.833,0.34,1,max_hold 643d (+0.8%),evening,False
SCHW,MomReversal,2024-09-13,2024-09-16,60.7349,61.6051,1.433,0.59,1,max_hold 643d (+1.4%),evening,False
A,Pullback50,2024-09-13,2024-09-16,135.4371,136.3938,0.706,0.29,1,max_hold 643d (+0.7%),evening,False
ADBE,GapDown,2024-09-16,2024-09-16,537.4,521.5,-2.959,-1.23,0,stop_loss (-3.0%),morning,True
BA,VolumeSpike,2024-09-16,2024-09-16,156.25,155.55,-0.448,-0.19,0,max_hold 640d (-0.4%),morning,True
BIIB,52wkLow,2024-09-16,2024-09-16,197.26,199.58,1.176,0.49,0,max_hold 640d (+1.2%),morning,False
SCHW,MomReversal,2024-09-16,2024-09-16,61.6051,62.2699,1.079,0.45,0,max_hold 640d (+1.1%),morning,False
A,Pullback50,2024-09-16,2024-09-16,136.3938,136.4234,0.022,0.01,0,max_hold 640d (+0.0%),morning,False
BIIB,52wkLow,2024-09-16,2024-09-17,199.58,199.83,0.125,0.07,1,max_hold 640d (+0.1%),evening,False
BA,52wkLow,2024-09-16,2024-09-17,155.55,156.17,0.399,0.24,1,max_hold 640d (+0.4%),evening,False
ADI,Pullback50,2024-09-16,2024-09-17,217.453,221.5045,1.863,1.1,1,max_hold 640d (+1.9%),evening,False
COF,Pullback50,2024-09-16,2024-09-17,137.6055,137.5859,-0.014,-0.01,1,max_hold 640d (-0.0%),evening,False
CHTR,Pullback50,2024-09-16,2024-09-17,343.37,344.56,0.347,0.21,1,max_hold 640d (+0.3%),evening,False
BIIB,52wkLow,2024-09-17,2024-09-17,199.83,198.21,-1.39,-0.83,0,stop_loss (-0.8%),morning,False
BA,52wkLow,2024-09-17,2024-09-17,156.17,156.39,0.141,0.08,0,max_hold 639d (+0.1%),morning,False
ADI,Pullback50,2024-09-17,2024-09-17,221.5045,219.469,-1.33,-0.79,0,stop_loss (-0.9%),morning,False
COF,Pullback50,2024-09-17,2024-09-17,137.5859,141.6375,2.945,1.75,0,max_hold 639d (+2.9%),morning,False
CHTR,Pullback50,2024-09-17,2024-09-17,344.56,339.35,-1.512,-0.9,0,stop_loss (-1.5%),morning,False
BIIB,52wkLow,2024-09-17,2024-09-18,198.21,198.13,-0.04,-0.02,1,max_hold 639d (-0.0%),evening,False
AOS,Pullback50,2024-09-17,2024-09-18,79.5965,80.0115,0.521,0.31,1,max_hold 639d (+0.5%),evening,False
AIG,Pullback50,2024-09-17,2024-09-18,70.7723,70.878,0.149,0.09,1,max_hold 639d (+0.1%),evening,False
APH,Pullback50,2024-09-17,2024-09-18,63.2372,64.0575,1.297,0.77,1,max_hold 639d (+1.3%),evening,False
BKR,Pullback50,2024-09-17,2024-09-18,33.5751,33.5461,-0.086,-0.05,1,max_hold 639d (-0.1%),evening,False
BIIB,52wkLow,2024-09-18,2024-09-18,198.13,197.59,-0.273,-0.16,0,max_hold 638d (-0.3%),morning,False
AOS,Pullback50,2024-09-18,2024-09-18,80.0115,80.0019,-0.012,-0.01,0,max_hold 638d (-0.0%),morning,False
AIG,Pullback50,2024-09-18,2024-09-18,70.878,70.4838,-0.52,-0.31,0,stop_loss (-0.6%),morning,False
APH,Pullback50,2024-09-18,2024-09-18,64.0575,62.5554,-2.345,-1.39,0,stop_loss (-2.3%),morning,False
BKR,Pullback50,2024-09-18,2024-09-18,33.5461,33.5171,-0.086,-0.05,0,max_hold 638d (-0.1%),morning,False
BRO,VolumeSpike,2024-09-18,2024-09-19,101.1801,101.338,0.156,0.13,1,max_hold 638d (+0.2%),evening,True
AAPL,Pullback50,2024-09-18,2024-09-19,219.048,223.316,1.948,1.61,1,max_hold 638d (+1.9%),evening,False
CHTR,Pullback50,2024-09-18,2024-09-19,339.64,341.13,0.439,0.36,1,max_hold 638d (+0.4%),evening,False
CFG,Pullback50,2024-09-18,2024-09-19,38.2799,39.1917,2.382,1.97,1,max_hold 638d (+2.4%),evening,False
BRO,VolumeSpike,2024-09-19,2024-09-19,101.338,100.1338,-4.96,-4.15,0,stop_loss (-1.2%),morning,True
AAPL,Pullback50,2024-09-19,2024-09-19,223.316,227.1671,1.725,1.44,0,max_hold 637d (+1.7%),morning,False
CHTR,Pullback50,2024-09-19,2024-09-19,341.13,331.34,-2.87,-2.4,0,stop_loss (-2.9%),morning,False
CFG,Pullback50,2024-09-19,2024-09-19,39.1917,39.6806,1.247,1.04,0,max_hold 637d (+1.2%),morning,False
ALLE,VolumeSpike,2024-09-19,2024-09-20,140.5508,140.0309,-0.37,-0.22,1,max_hold 637d (-0.4%),evening,True
ADM,VolumeSpike,2024-09-19,2024-09-20,58.7107,58.5133,-0.336,-0.2,1,max_hold 637d (-0.3%),evening,True
BRO,VolumeSpike,2024-09-19,2024-09-20,100.1338,99.9858,-0.148,-0.09,1,max_hold 637d (-0.1%),evening,True
BG,VolumeSpike,2024-09-19,2024-09-20,95.1208,94.9028,-0.229,-0.14,1,max_hold 637d (-0.2%),evening,True
BA,52wkLow,2024-09-19,2024-09-20,154.59,154.01,-0.375,-0.22,1,max_hold 637d (-0.4%),evening,False
ALLE,VolumeSpike,2024-09-20,2024-09-20,140.0309,137.7353,-1.639,-0.97,0,stop_loss (-1.6%),morning,True
ADM,VolumeSpike,2024-09-20,2024-09-20,58.5133,57.6859,-1.414,-0.84,0,stop_loss (-1.4%),morning,True
BRO,VolumeSpike,2024-09-20,2024-09-20,99.9858,99.6995,-0.286,-0.17,0,max_hold 636d (-0.3%),morning,True
BG,VolumeSpike,2024-09-20,2024-09-20,94.9028,93.6423,-1.328,-0.79,0,stop_loss (-1.3%),morning,True
BA,52wkLow,2024-09-20,2024-09-20,154.01,153.29,-0.468,-0.28,0,max_hold 636d (-0.5%),morning,False
MMM,VolumeSpike,2024-09-20,2024-09-23,130.3112,130.2436,-0.052,-0.0,1,max_hold 636d (-0.1%),evening,True
AOS,VolumeSpike,2024-09-20,2024-09-23,80.0019,80.3976,0.495,0.03,1,max_hold 636d (+0.5%),evening,True
ABBV,VolumeSpike,2024-09-20,2024-09-23,182.4589,182.6758,0.119,0.01,1,max_hold 636d (+0.1%),evening,True
AES,VolumeSpike,2024-09-20,2024-09-23,17.2013,17.2286,0.159,0.01,1,max_hold 636d (+0.2%),evening,True
AFL,VolumeSpike,2024-09-20,2024-09-23,104.0309,104.3297,0.287,0.02,1,max_hold 636d (+0.3%),evening,True
MMM,VolumeSpike,2024-09-23,2024-09-23,130.2436,131.1525,0.698,0.04,0,max_hold 633d (+0.7%),morning,True
AOS,VolumeSpike,2024-09-23,2024-09-23,80.3976,81.0539,0.816,0.05,0,max_hold 633d (+0.8%),morning,True
ABBV,VolumeSpike,2024-09-23,2024-09-23,182.6758,182.7984,0.067,0.0,0,max_hold 633d (+0.1%),morning,True
AES,VolumeSpike,2024-09-23,2024-09-23,17.2286,17.5836,2.06,0.13,0,max_hold 633d (+2.1%),morning,True
AFL,VolumeSpike,2024-09-23,2024-09-23,104.3297,106.0552,1.654,0.11,0,max_hold 633d (+1.7%),morning,True
BA,52wkLow,2024-09-23,2024-09-24,156.3,155.8,-0.32,-0.13,1,max_hold 633d (-0.3%),evening,False
BIIB,MomReversal,2024-09-23,2024-09-24,195.81,199.99,2.135,0.88,1,max_hold 633d (+2.1%),evening,False
AIG,Pullback50,2024-09-23,2024-09-24,71.4454,71.003,-1.25,-0.51,1,stop_loss (-0.6%),evening,False
AJG,Pullback50,2024-09-23,2024-09-24,277.2563,277.2562,-0.0,-0.0,1,max_hold 633d (-0.0%),evening,False
AVY,Pullback50,2024-09-23,2024-09-24,207.9009,208.2768,0.181,0.07,1,max_hold 633d (+0.2%),evening,False
BA,52wkLow,2024-09-24,2024-09-24,155.8,155.81,0.006,0.0,0,max_hold 632d (+0.0%),morning,False
BIIB,MomReversal,2024-09-24,2024-09-24,199.99,194.12,-2.935,-1.21,0,stop_loss (-2.9%),morning,False
AIG,Pullback50,2024-09-24,2024-09-24,71.003,70.5992,-2.17,-0.89,0,stop_loss (-0.6%),morning,False
AJG,Pullback50,2024-09-24,2024-09-24,277.2562,274.6019,-0.76,-0.31,0,stop_loss (-1.0%),morning,False
AVY,Pullback50,2024-09-24,2024-09-24,208.2768,210.5902,1.111,0.46,0,max_hold 632d (+1.1%),morning,False
AZO,GapDown,2024-09-24,2024-09-25,3043.97,3077.8899,1.114,0.96,1,max_hold 632d (+1.1%),evening,True
BDX,Pullback50,2024-09-24,2024-09-25,179.0609,178.751,-0.173,-0.15,1,max_hold 632d (-0.2%),evening,False
BR,Pullback50,2024-09-24,2024-09-25,203.9665,204.8385,0.428,0.37,1,max_hold 632d (+0.4%),evening,False
AZO,GapDown,2024-09-25,2024-09-25,3077.8899,3108.97,1.01,0.87,0,max_hold 631d (+1.0%),morning,True
BDX,Pullback50,2024-09-25,2024-09-25,178.751,177.7384,-1.24,-1.07,0,stop_loss (-0.6%),morning,False
BR,Pullback50,2024-09-25,2024-09-25,204.8385,201.8739,-1.447,-1.25,0,stop_loss (-1.4%),morning,False
BIIB,52wkLow,2024-09-25,2024-09-26,189.07,191.17,1.111,0.96,1,max_hold 631d (+1.1%),evening,False
AZO,Pullback50,2024-09-25,2024-09-26,3108.97,3095.9199,-0.42,-0.36,1,max_hold 631d (-0.4%),evening,False
BIIB,52wkLow,2024-09-26,2024-09-26,191.17,193.6,1.271,1.11,0,max_hold 630d (+1.3%),morning,False
AZO,Pullback50,2024-09-26,2024-09-26,3095.9199,3189.0901,3.009,2.62,0,max_hold 630d (+3.0%),morning,False
APA,52wkLow,2024-09-26,2024-09-27,21.4199,21.716,1.382,0.48,1,max_hold 630d (+1.4%),evening,False
BA,52wkLow,2024-09-26,2024-09-27,154.58,155.37,0.511,0.18,1,max_hold 630d (+0.5%),evening,False
ABBV,Pullback50,2024-09-26,2024-09-27,180.9782,181.6384,0.365,0.13,1,max_hold 630d (+0.4%),evening,False
AIG,Pullback50,2024-09-26,2024-09-27,70.3107,70.4165,0.15,0.05,1,max_hold 630d (+0.2%),evening,False
BAC,Pullback50,2024-09-26,2024-09-27,37.9984,38.1234,0.329,0.11,1,max_hold 630d (+0.3%),evening,False
APA,52wkLow,2024-09-27,2024-09-27,21.716,22.6968,4.516,1.56,0,max_hold 629d (+4.5%),morning,False
BA,52wkLow,2024-09-27,2024-09-27,155.37,156.32,0.611,0.21,0,max_hold 629d (+0.6%),morning,False
ABBV,Pullback50,2024-09-27,2024-09-27,181.6384,183.7038,1.137,0.39,0,max_hold 629d (+1.1%),morning,False
AIG,Pullback50,2024-09-27,2024-09-27,70.4165,70.5222,0.15,0.05,0,max_hold 629d (+0.2%),morning,False
BAC,Pullback50,2024-09-27,2024-09-27,38.1234,37.883,-1.41,-0.49,0,stop_loss (-0.6%),morning,False
GOOGL,Pullback50,2024-09-27,2024-09-30,162.9114,162.2854,-0.384,-0.2,1,max_hold 629d (-0.4%),evening,False
GOOG,Pullback50,2024-09-27,2024-09-30,164.2478,163.741,-0.309,-0.16,1,max_hold 629d (-0.3%),evening,False
AIG,Pullback50,2024-09-27,2024-09-30,70.5222,70.4934,-0.041,-0.02,1,max_hold 629d (-0.0%),evening,False
CPB,Pullback50,2024-09-27,2024-09-30,45.3758,45.4401,0.142,0.07,1,max_hold 629d (+0.1%),evening,False
CNC,Pullback50,2024-09-27,2024-09-30,74.58,74.82,0.322,0.17,1,max_hold 629d (+0.3%),evening,False
GOOGL,Pullback50,2024-09-30,2024-09-30,162.2854,164.7994,1.549,0.8,0,max_hold 626d (+1.5%),morning,False
GOOG,Pullback50,2024-09-30,2024-09-30,163.741,166.1358,1.463,0.76,0,max_hold 626d (+1.5%),morning,False
AIG,Pullback50,2024-09-30,2024-09-30,70.4934,70.4165,-0.109,-0.06,0,max_hold 626d (-0.1%),morning,False
CPB,Pullback50,2024-09-30,2024-09-30,45.4401,44.9713,-2.06,-1.07,0,stop_loss (-1.0%),morning,False
CNC,Pullback50,2024-09-30,2024-09-30,74.82,75.28,0.615,0.32,0,max_hold 626d (+0.6%),morning,False
APTV,GapDown,2024-09-30,2024-10-01,72.01,71.72,-0.403,-0.28,1,max_hold 626d (-0.4%),evening,True
AKAM,VolumeSpike,2024-09-30,2024-10-01,100.95,100.58,-0.367,-0.25,1,max_hold 626d (-0.4%),evening,True
BAC,Pullback50,2024-09-30,2024-10-01,38.1522,37.9888,-0.428,-0.3,1,max_hold 626d (-0.4%),evening,False
CASY,Pullback50,2024-09-30,2024-10-01,372.9548,373.8681,0.245,0.17,1,max_hold 626d (+0.2%),evening,False
CNC,Pullback50,2024-09-30,2024-10-01,75.28,75.28,0.0,0.0,1,max_hold 626d (+0.0%),evening,False
APTV,GapDown,2024-10-01,2024-10-01,71.72,70.52,-1.673,-1.16,0,stop_loss (-1.7%),morning,True
AKAM,VolumeSpike,2024-10-01,2024-10-01,100.58,99.82,-2.17,-1.5,0,stop_loss (-0.8%),morning,True
BAC,Pullback50,2024-10-01,2024-10-01,37.9888,37.7099,-0.88,-0.61,0,stop_loss (-0.7%),morning,False
CASY,Pullback50,2024-10-01,2024-10-01,373.8681,374.702,0.223,0.15,0,max_hold 625d (+0.2%),morning,False
CNC,Pullback50,2024-10-01,2024-10-01,75.28,73.94,-1.78,-1.23,0,stop_loss (-1.8%),morning,False
BIIB,52wkLow,2024-10-01,2024-10-02,190.8,190.08,-0.377,-0.22,1,max_hold 625d (-0.4%),evening,False
BA,52wkLow,2024-10-01,2024-10-02,154.22,153.76,-0.298,-0.18,1,max_hold 625d (-0.3%),evening,False
AJG,Pullback50,2024-10-01,2024-10-02,281.4539,280.3923,-0.377,-0.22,1,max_hold 625d (-0.4%),evening,False
CASY,Pullback50,2024-10-01,2024-10-02,374.702,374.5928,-0.029,-0.02,1,max_hold 625d (-0.0%),evening,False
CI,Pullback50,2024-10-01,2024-10-02,335.8463,336.2032,0.106,0.06,1,max_hold 625d (+0.1%),evening,False
BIIB,52wkLow,2024-10-02,2024-10-02,190.08,188.74,-1.11,-0.65,0,stop_loss (-0.7%),morning,False
BA,52wkLow,2024-10-02,2024-10-02,153.76,152.89,-0.69,-0.41,0,stop_loss (-0.6%),morning,False
AJG,Pullback50,2024-10-02,2024-10-02,280.3923,281.0706,0.242,0.14,0,max_hold 624d (+0.2%),morning,False
CASY,Pullback50,2024-10-02,2024-10-02,374.5928,367.4555,-1.905,-1.12,0,stop_loss (-1.9%),morning,False
CI,Pullback50,2024-10-02,2024-10-02,336.2032,328.7258,-2.224,-1.31,0,stop_loss (-2.2%),morning,False
BIIB,MomReversal,2024-10-02,2024-10-03,188.74,187.21,-1.79,-1.54,1,stop_loss (-0.8%),evening,False
AJG,Pullback50,2024-10-02,2024-10-03,281.0706,281.9848,0.325,0.28,1,max_hold 624d (+0.3%),evening,False
BIIB,MomReversal,2024-10-03,2024-10-03,187.21,184.78,-1.298,-1.11,0,stop_loss (-1.3%),morning,False
AJG,Pullback50,2024-10-03,2024-10-03,281.9848,281.218,-0.272,-0.23,0,max_hold 623d (-0.3%),morning,False
BIIB,52wkLow,2024-10-03,2024-10-04,184.78,186.68,1.028,0.88,1,max_hold 623d (+1.0%),evening,False
BAC,Pullback50,2024-10-03,2024-10-04,37.7388,38.3926,1.732,1.48,1,max_hold 623d (+1.7%),evening,False
BIIB,52wkLow,2024-10-04,2024-10-04,186.68,185.68,-0.84,-0.72,0,stop_loss (-0.5%),morning,False
BAC,Pullback50,2024-10-04,2024-10-04,38.3926,38.5657,0.451,0.39,0,max_hold 622d (+0.5%),morning,False
ABT,Pullback50,2024-10-04,2024-10-07,108.7898,108.4614,-0.302,-0.14,1,max_hold 622d (-0.3%),evening,False
AJG,Pullback50,2024-10-04,2024-10-07,284.7177,284.0788,-0.224,-0.1,1,max_hold 622d (-0.2%),evening,False
AVB,Pullback50,2024-10-04,2024-10-07,209.3477,208.1068,-0.92,-0.42,1,stop_loss (-0.6%),evening,False
AVY,Pullback50,2024-10-04,2024-10-07,206.8407,206.0503,-0.382,-0.17,1,max_hold 622d (-0.4%),evening,False
BDX,Pullback50,2024-10-04,2024-10-07,180.0206,180.0206,0.0,0.0,1,max_hold 622d (+0.0%),evening,False
ABT,Pullback50,2024-10-07,2024-10-07,108.4614,109.4852,0.944,0.43,0,max_hold 619d (+0.9%),morning,False
AJG,Pullback50,2024-10-07,2024-10-07,284.0788,282.0438,-13.91,-6.29,0,stop_loss (-0.7%),morning,False
AVB,Pullback50,2024-10-07,2024-10-07,208.1068,206.4871,-4.05,-1.83,0,stop_loss (-0.8%),morning,False
AVY,Pullback50,2024-10-07,2024-10-07,206.0503,206.2334,0.089,0.04,0,max_hold 619d (+0.1%),morning,False
BDX,Pullback50,2024-10-07,2024-10-07,180.0206,179.4463,-0.319,-0.14,0,max_hold 619d (-0.3%),morning,False
ABT,Pullback50,2024-10-07,2024-10-08,109.4852,109.8618,0.344,0.29,1,max_hold 619d (+0.3%),evening,False
AVY,Pullback50,2024-10-07,2024-10-08,206.2334,205.3081,-0.449,-0.38,1,max_hold 619d (-0.4%),evening,False
CASY,Pullback50,2024-10-07,2024-10-08,369.689,370.9001,0.328,0.28,1,max_hold 619d (+0.3%),evening,False
ABT,Pullback50,2024-10-08,2024-10-08,109.8618,110.7117,0.774,0.66,0,max_hold 618d (+0.8%),morning,False
AVY,Pullback50,2024-10-08,2024-10-08,205.3081,206.7154,0.685,0.58,0,max_hold 618d (+0.7%),morning,False
CASY,Pullback50,2024-10-08,2024-10-08,370.9001,377.948,1.9,1.61,0,max_hold 618d (+1.9%),morning,False
ALB,GapDown,2024-10-08,2024-10-09,97.3466,99.2205,1.925,0.55,1,max_hold 618d (+1.9%),evening,True
ALL,Pullback50,2024-10-08,2024-10-09,176.7272,175.925,-0.454,-0.13,1,max_hold 618d (-0.5%),evening,False
APH,Pullback50,2024-10-08,2024-10-09,63.5732,63.5732,0.0,0.0,1,max_hold 618d (+0.0%),evening,False
AIZ,Pullback50,2024-10-08,2024-10-09,184.6591,184.6103,-0.026,-0.01,1,max_hold 618d (-0.0%),evening,False
AZO,Pullback50,2024-10-08,2024-10-09,3102.0901,3088.0601,-0.452,-0.13,1,max_hold 618d (-0.5%),evening,False
ALB,GapDown,2024-10-09,2024-10-09,99.2205,98.9583,-0.264,-0.08,0,max_hold 617d (-0.3%),morning,True
ALL,Pullback50,2024-10-09,2024-10-09,175.925,178.6986,1.577,0.45,0,max_hold 617d (+1.6%),morning,False
APH,Pullback50,2024-10-09,2024-10-09,63.5732,64.1761,0.948,0.27,0,max_hold 617d (+0.9%),morning,False
AIZ,Pullback50,2024-10-09,2024-10-09,184.6103,185.6233,0.549,0.16,0,max_hold 617d (+0.5%),morning,False
AZO,Pullback50,2024-10-09,2024-10-09,3088.0601,3146.0701,1.879,0.54,0,max_hold 617d (+1.9%),morning,False
BA,52wkLow,2024-10-09,2024-10-10,149.37,149.07,-0.201,-0.06,1,max_hold 617d (-0.2%),evening,False
ABBV,Pullback50,2024-10-09,2024-10-10,183.666,183.468,-0.108,-0.03,1,max_hold 617d (-0.1%),evening,False
ALL,Pullback50,2024-10-09,2024-10-10,178.6986,185.3185,3.705,1.15,1,max_hold 617d (+3.7%),evening,False
AIZ,Pullback50,2024-10-09,2024-10-10,185.6233,187.552,1.039,0.32,1,max_hold 617d (+1.0%),evening,False
AZO,Pullback50,2024-10-09,2024-10-10,3146.0701,3156.4399,0.33,0.1,1,max_hold 617d (+0.3%),evening,False
BA,52wkLow,2024-10-10,2024-10-10,149.07,146.62,-1.644,-0.51,0,stop_loss (-1.6%),morning,False
ABBV,Pullback50,2024-10-10,2024-10-10,183.468,183.2888,-0.098,-0.03,0,max_hold 616d (-0.1%),morning,False
ALL,Pullback50,2024-10-10,2024-10-10,185.3185,179.5491,-3.113,-0.97,0,stop_loss (-3.1%),morning,False
AIZ,Pullback50,2024-10-10,2024-10-10,187.552,185.3896,-1.58,-0.49,0,stop_loss (-1.2%),morning,False
AZO,Pullback50,2024-10-10,2024-10-10,3156.4399,3106.55,-1.581,-0.49,0,stop_loss (-1.6%),morning,False
CRL,MomReversal,2024-10-10,2024-10-11,191.43,191.29,-0.073,-0.04,1,max_hold 616d (-0.1%),evening,False
GOOGL,Pullback50,2024-10-10,2024-10-11,161.0532,161.1029,0.031,0.02,1,max_hold 616d (+0.0%),evening,False
GOOG,Pullback50,2024-10-10,2024-10-11,162.1511,162.3002,0.092,0.05,1,max_hold 616d (+0.1%),evening,False
AVY,Pullback50,2024-10-10,2024-10-11,207.3033,207.525,0.107,0.05,1,max_hold 616d (+0.1%),evening,False
CI,Pullback50,2024-10-10,2024-10-11,338.1715,339.0108,0.248,0.12,1,max_hold 616d (+0.2%),evening,False
CRL,MomReversal,2024-10-11,2024-10-11,191.29,192.97,0.878,0.44,0,max_hold 615d (+0.9%),morning,False
GOOGL,Pullback50,2024-10-11,2024-10-11,161.1029,162.2059,0.685,0.34,0,max_hold 615d (+0.7%),morning,False
GOOG,Pullback50,2024-10-11,2024-10-11,162.3002,163.4827,0.729,0.37,0,max_hold 615d (+0.7%),morning,False
AVY,Pullback50,2024-10-11,2024-10-11,207.525,210.1564,1.268,0.64,0,max_hold 615d (+1.3%),morning,False
CI,Pullback50,2024-10-11,2024-10-11,339.0108,337.9785,-0.305,-0.15,0,max_hold 615d (-0.3%),morning,False
AOS,GapDown,2024-10-11,2024-10-14,78.0523,78.2067,0.198,0.07,1,max_hold 615d (+0.2%),evening,True
BA,52wkLow,2024-10-11,2024-10-14,151.02,148.0,-2.0,-0.74,1,stop_loss (-2.0%),evening,False
AMGN,Pullback50,2024-10-11,2024-10-14,310.9571,308.3433,-5.04,-1.85,1,stop_loss (-0.8%),evening,False
AJG,Pullback50,2024-10-11,2024-10-14,283.0368,283.7445,0.25,0.09,1,max_hold 615d (+0.3%),evening,False
AZO,Pullback50,2024-10-11,2024-10-14,3129.78,3075.1499,-1.745,-0.64,1,stop_loss (-1.7%),evening,False
AOS,GapDown,2024-10-14,2024-10-14,78.2067,79.7413,1.962,0.72,0,max_hold 612d (+2.0%),morning,True
BA,52wkLow,2024-10-14,2024-10-14,148.0,148.99,0.669,0.24,0,max_hold 612d (+0.7%),morning,False
AMGN,Pullback50,2024-10-14,2024-10-14,308.3433,307.4247,-0.298,-0.11,0,max_hold 612d (-0.3%),morning,False
AJG,Pullback50,2024-10-14,2024-10-14,283.7445,284.8062,0.374,0.14,0,max_hold 612d (+0.4%),morning,False
AZO,Pullback50,2024-10-14,2024-10-14,3075.1499,3153.04,2.533,0.92,0,max_hold 612d (+2.5%),morning,False
APP,GapDown,2024-10-14,2024-10-15,145.3,144.63,-0.461,-0.21,1,max_hold 612d (-0.5%),evening,True
ABBV,Pullback50,2024-10-14,2024-10-15,184.5148,185.1137,0.325,0.15,1,max_hold 612d (+0.3%),evening,False
AJG,Pullback50,2024-10-14,2024-10-15,284.8062,285.7795,0.342,0.15,1,max_hold 612d (+0.3%),evening,False
AZO,Pullback50,2024-10-14,2024-10-15,3153.04,3127.0,-0.64,-0.29,1,stop_loss (-0.8%),evening,False
AVB,Pullback50,2024-10-14,2024-10-15,209.9254,211.1094,0.564,0.25,1,max_hold 612d (+0.6%),evening,False
APP,GapDown,2024-10-15,2024-10-15,144.63,143.81,-1.2,-0.54,0,stop_loss (-0.6%),morning,True
ABBV,Pullback50,2024-10-15,2024-10-15,185.1137,182.3854,-1.474,-0.66,0,stop_loss (-1.5%),morning,False
AJG,Pullback50,2024-10-15,2024-10-15,285.7795,282.7025,-1.13,-0.51,0,stop_loss (-1.1%),morning,False
AZO,Pullback50,2024-10-15,2024-10-15,3127.0,3100.0,-2.61,-1.17,0,stop_loss (-0.9%),morning,False
AVB,Pullback50,2024-10-15,2024-10-15,211.1094,211.8293,0.341,0.15,0,max_hold 611d (+0.3%),morning,False
BA,52wkLow,2024-10-15,2024-10-16,152.35,151.91,-0.289,-0.17,1,max_hold 611d (-0.3%),evening,False
AEP,Pullback50,2024-10-15,2024-10-16,93.9436,94.3584,0.441,0.25,1,max_hold 611d (+0.4%),evening,False
COR,Pullback50,2024-10-15,2024-10-16,229.8882,228.3203,-0.53,-0.3,1,stop_loss (-0.7%),evening,False
CI,Pullback50,2024-10-15,2024-10-16,336.5699,336.5699,0.0,0.0,1,max_hold 611d (+0.0%),evening,False
AMT,RSIRecovery,2024-10-15,2024-10-16,215.4692,214.3704,-0.9,-0.52,1,stop_loss (-0.5%),evening,False
BA,52wkLow,2024-10-16,2024-10-16,151.91,154.9,1.968,1.12,0,max_hold 610d (+2.0%),morning,False
AEP,Pullback50,2024-10-16,2024-10-16,94.3584,95.5084,1.219,0.7,0,max_hold 610d (+1.2%),morning,False
COR,Pullback50,2024-10-16,2024-10-16,228.3203,233.2904,2.177,1.24,0,max_hold 610d (+2.2%),morning,False
CI,Pullback50,2024-10-16,2024-10-16,336.5699,345.9673,2.792,1.6,0,max_hold 610d (+2.8%),morning,False
AMT,RSIRecovery,2024-10-16,2024-10-16,214.3704,213.6754,-0.324,-0.19,0,max_hold 610d (-0.3%),morning,False
AES,Pullback50,2024-10-16,2024-10-17,16.2821,16.2821,0.0,0.0,1,max_hold 610d (+0.0%),evening,False
AWK,Pullback50,2024-10-16,2024-10-17,136.4612,136.174,-0.21,-0.09,1,max_hold 610d (-0.2%),evening,False
AJG,Pullback50,2024-10-16,2024-10-17,284.6194,286.5758,0.687,0.31,1,max_hold 610d (+0.7%),evening,False
AZO,Pullback50,2024-10-16,2024-10-17,3128.6399,3120.0,-0.276,-0.12,1,max_hold 610d (-0.3%),evening,False
CPT,Pullback50,2024-10-16,2024-10-17,114.1055,113.7656,-0.298,-0.13,1,max_hold 610d (-0.3%),evening,False
AES,Pullback50,2024-10-17,2024-10-17,16.2821,15.6996,-3.577,-1.61,0,stop_loss (-3.6%),morning,False
AWK,Pullback50,2024-10-17,2024-10-17,136.174,134.748,-0.79,-0.36,0,stop_loss (-1.0%),morning,False
AJG,Pullback50,2024-10-17,2024-10-17,286.5758,285.8385,-0.257,-0.12,0,max_hold 609d (-0.3%),morning,False
AZO,Pullback50,2024-10-17,2024-10-17,3120.0,3158.0,1.218,0.55,0,max_hold 609d (+1.2%),morning,False
CPT,Pullback50,2024-10-17,2024-10-17,113.7656,112.6515,-0.53,-0.24,0,stop_loss (-1.0%),morning,False
CNC,52wkLow,2024-10-17,2024-10-18,63.0,63.14,0.222,0.19,1,max_hold 609d (+0.2%),evening,False
AZO,Pullback50,2024-10-17,2024-10-18,3158.0,3180.46,0.711,0.6,1,max_hold 609d (+0.7%),evening,False
CI,Pullback50,2024-10-17,2024-10-18,340.6993,341.1142,0.122,0.1,1,max_hold 609d (+0.1%),evening,False
CNC,52wkLow,2024-10-18,2024-10-18,63.14,62.02,-1.774,-1.49,0,stop_loss (-1.8%),morning,False
AZO,Pullback50,2024-10-18,2024-10-18,3180.46,3182.0701,0.051,0.04,0,max_hold 608d (+0.1%),morning,False
CI,Pullback50,2024-10-18,2024-10-18,341.1142,324.1815,-4.964,-4.16,0,stop_loss (-5.0%),morning,False
COHR,GapDown,2024-10-18,2024-10-21,98.23,98.14,-0.092,-0.04,1,max_hold 608d (-0.1%),evening,True
AMT,Pullback50,2024-10-18,2024-10-21,212.5296,211.3932,-0.54,-0.24,1,stop_loss (-0.5%),evening,False
AWK,Pullback50,2024-10-18,2024-10-21,135.8678,135.8486,-0.014,-0.01,1,max_hold 608d (-0.0%),evening,False
CPT,Pullback50,2024-10-18,2024-10-21,114.0017,113.539,-0.406,-0.18,1,max_hold 608d (-0.4%),evening,False
KO,Pullback50,2024-10-18,2024-10-21,67.0099,66.5914,-0.79,-0.35,1,stop_loss (-0.6%),evening,False
COHR,GapDown,2024-10-21,2024-10-21,98.14,98.44,0.306,0.14,0,max_hold 605d (+0.3%),morning,True
AMT,Pullback50,2024-10-21,2024-10-21,211.3932,207.9935,-1.608,-0.71,0,stop_loss (-1.6%),morning,False
AWK,Pullback50,2024-10-21,2024-10-21,135.8486,134.9968,-0.58,-0.26,0,stop_loss (-0.6%),morning,False
CPT,Pullback50,2024-10-21,2024-10-21,113.539,111.4807,-1.813,-0.8,0,stop_loss (-1.8%),morning,False
KO,Pullback50,2024-10-21,2024-10-21,66.5914,66.0681,-0.55,-0.24,0,stop_loss (-0.8%),morning,False
BG,52wkLow,2024-10-21,2024-10-22,84.2117,84.3539,0.169,0.14,1,max_hold 605d (+0.2%),evening,False
CNC,52wkLow,2024-10-21,2024-10-22,61.0,60.91,-0.148,-0.12,1,max_hold 605d (-0.1%),evening,False
AJG,Pullback50,2024-10-21,2024-10-22,284.7177,283.7642,-0.335,-0.28,1,max_hold 605d (-0.3%),evening,False
MMM,VolumeSpike,2024-10-21,2024-10-22,130.3789,135.552,3.968,3.3,1,max_hold 605d (+4.0%),evening,False
BG,52wkLow,2024-10-22,2024-10-22,84.3539,84.7046,0.416,0.34,0,max_hold 604d (+0.4%),morning,False
CNC,52wkLow,2024-10-22,2024-10-22,60.91,61.06,0.246,0.2,0,max_hold 604d (+0.2%),morning,False
AJG,Pullback50,2024-10-22,2024-10-22,283.7642,282.3584,-0.495,-0.41,0,max_hold 604d (-0.5%),morning,False
MMM,VolumeSpike,2024-10-22,2024-10-22,135.552,127.3718,-6.035,-5.0,0,stop_loss (-6.0%),morning,False
COHR,GapDown,2024-10-22,2024-10-23,96.77,96.17,-1.46,-0.72,1,stop_loss (-0.6%),evening,True
AEP,Pullback50,2024-10-22,2024-10-23,94.1604,94.2641,0.11,0.05,1,max_hold 604d (+0.1%),evening,False
ADI,Pullback50,2024-10-22,2024-10-23,218.7581,222.1278,1.54,0.76,1,max_hold 604d (+1.5%),evening,False
AIZ,Pullback50,2024-10-22,2024-10-23,188.7111,188.6624,-0.026,-0.01,1,max_hold 604d (-0.0%),evening,False
AVB,Pullback50,2024-10-22,2024-10-23,212.8522,212.928,0.036,0.02,1,max_hold 604d (+0.0%),evening,False
COHR,GapDown,2024-10-23,2024-10-23,96.17,97.82,1.716,0.84,0,max_hold 603d (+1.7%),morning,True
AEP,Pullback50,2024-10-23,2024-10-23,94.2641,95.0465,0.83,0.41,0,max_hold 603d (+0.8%),morning,False
ADI,Pullback50,2024-10-23,2024-10-23,222.1278,220.9299,-6.95,-3.42,0,stop_loss (-0.5%),morning,False
AIZ,Pullback50,2024-10-23,2024-10-23,188.6624,188.6819,0.01,0.01,0,max_hold 603d (+0.0%),morning,False
AVB,Pullback50,2024-10-23,2024-10-23,212.928,217.4177,2.109,1.04,0,max_hold 603d (+2.1%),morning,False
BSX,GapDown,2024-10-23,2024-10-24,87.45,88.37,1.052,0.22,1,max_hold 603d (+1.1%),evening,True
KO,GapDown,2024-10-23,2024-10-24,64.6982,64.3558,-1.31,-0.27,1,stop_loss (-0.5%),evening,True
MMM,RubberBand,2024-10-23,2024-10-24,123.6782,123.8039,0.102,0.02,1,max_hold 603d (+0.1%),evening,True
AMCR,Pullback50,2024-10-23,2024-10-24,51.5435,51.4501,-0.181,-0.04,1,max_hold 603d (-0.2%),evening,False
AEP,Pullback50,2024-10-23,2024-10-24,95.0465,95.4801,0.456,0.09,1,max_hold 603d (+0.5%),evening,False
BSX,GapDown,2024-10-24,2024-10-24,88.37,85.1,-3.7,-0.77,0,stop_loss (-3.7%),morning,True
KO,GapDown,2024-10-24,2024-10-24,64.3558,64.0228,-0.66,-0.14,0,stop_loss (-0.5%),morning,True
MMM,RubberBand,2024-10-24,2024-10-24,123.8039,122.2859,-1.226,-0.25,0,stop_loss (-1.2%),morning,True
AMCR,Pullback50,2024-10-24,2024-10-24,51.4501,51.6835,0.454,0.09,0,max_hold 602d (+0.5%),morning,False
AEP,Pullback50,2024-10-24,2024-10-24,95.4801,93.6891,-1.876,-0.39,0,stop_loss (-1.9%),morning,False
ALLE,GapDown,2024-10-24,2024-10-25,142.5129,143.1799,0.468,0.18,1,max_hold 602d (+0.5%),evening,True
AMP,GapDown,2024-10-24,2024-10-25,493.1165,495.7962,0.543,0.21,1,max_hold 602d (+0.5%),evening,True
APTV,52wkLow,2024-10-24,2024-10-25,68.31,69.11,1.171,0.46,1,max_hold 602d (+1.2%),evening,False
CNC,52wkLow,2024-10-24,2024-10-25,61.62,70.0,13.599,5.33,1,max_hold 602d (+13.6%),evening,False
AMCR,Pullback50,2024-10-24,2024-10-25,51.6835,51.4034,-1.46,-0.57,1,stop_loss (-0.5%),evening,False
ALLE,GapDown,2024-10-25,2024-10-25,143.1799,139.8935,-2.295,-0.91,0,stop_loss (-2.3%),morning,True
AMP,GapDown,2024-10-25,2024-10-25,495.7962,493.3806,-0.487,-0.19,0,max_hold 601d (-0.5%),morning,True
APTV,52wkLow,2024-10-25,2024-10-25,69.11,69.31,0.289,0.11,0,max_hold 601d (+0.3%),morning,False
CNC,52wkLow,2024-10-25,2024-10-25,70.0,64.22,-8.257,-3.28,0,stop_loss (-8.3%),morning,False
AMCR,Pullback50,2024-10-25,2024-10-25,51.4034,51.3567,-0.091,-0.04,0,max_hold 601d (-0.1%),morning,False
BIIB,52wkLow,2024-10-25,2024-10-28,181.69,182.48,0.435,0.34,1,max_hold 601d (+0.4%),evening,False
CNC,MomReversal,2024-10-25,2024-10-28,64.22,63.65,-1.01,-0.79,1,stop_loss (-0.9%),evening,False
CARR,RSIRecovery,2024-10-25,2024-10-28,72.172,72.8083,0.882,0.69,1,max_hold 601d (+0.9%),evening,False
AON,VolumeSpike,2024-10-25,2024-10-28,371.5197,375.5868,1.095,0.86,1,max_hold 601d (+1.1%),evening,False
BIIB,52wkLow,2024-10-28,2024-10-28,182.48,185.01,1.386,1.09,0,max_hold 598d (+1.4%),morning,False
CNC,MomReversal,2024-10-28,2024-10-28,63.65,61.65,-3.142,-2.48,0,stop_loss (-3.1%),morning,False
CARR,RSIRecovery,2024-10-28,2024-10-28,72.8083,74.0712,1.735,1.37,0,max_hold 598d (+1.7%),morning,False
AON,VolumeSpike,2024-10-28,2024-10-28,375.5868,367.8286,-2.066,-1.63,0,stop_loss (-2.1%),morning,False
COF,VolumeSpike,2024-10-28,2024-10-28,157.746,161.446,2.346,1.85,0,max_hold 598d (+2.3%),morning,False
BIIB,52wkLow,2024-10-28,2024-10-29,185.01,184.82,-0.103,-0.03,1,max_hold 598d (-0.1%),evening,False
BA,52wkLow,2024-10-28,2024-10-29,150.69,147.86,-1.878,-0.49,1,stop_loss (-1.9%),evening,False
CNC,52wkLow,2024-10-28,2024-10-29,61.65,61.6,-0.081,-0.02,1,max_hold 598d (-0.1%),evening,False
TECH,MomReversal,2024-10-28,2024-10-29,69.6859,69.4582,-0.327,-0.09,1,max_hold 598d (-0.3%),evening,False
ALL,Pullback50,2024-10-28,2024-10-29,182.8542,182.7865,-0.037,-0.01,1,max_hold 598d (-0.0%),evening,False
BIIB,52wkLow,2024-10-29,2024-10-29,184.82,183.47,-0.51,-0.13,0,stop_loss (-0.7%),morning,False
BA,52wkLow,2024-10-29,2024-10-29,147.86,152.98,3.463,0.91,0,max_hold 597d (+3.5%),morning,False
CNC,52wkLow,2024-10-29,2024-10-29,61.6,60.62,-1.591,-0.42,0,stop_loss (-1.6%),morning,False
TECH,MomReversal,2024-10-29,2024-10-29,69.4582,70.0424,0.841,0.22,0,max_hold 597d (+0.8%),morning,False
ALL,Pullback50,2024-10-29,2024-10-29,182.7865,180.3029,-1.359,-0.36,0,stop_loss (-1.4%),morning,False
ALGN,GapDown,2024-10-29,2024-10-30,212.78,210.44,-0.51,-0.2,1,stop_loss (-1.1%),evening,True
BA,52wkLow,2024-10-29,2024-10-30,152.98,152.51,-0.307,-0.12,1,max_hold 597d (-0.3%),evening,False
BG,52wkLow,2024-10-29,2024-10-30,83.2544,83.643,0.467,0.18,1,max_hold 597d (+0.5%),evening,False
AFL,Pullback50,2024-10-29,2024-10-30,106.0359,105.9877,-0.045,-0.02,1,max_hold 597d (-0.0%),evening,False
BRO,Pullback50,2024-10-29,2024-10-30,103.6772,103.9635,0.276,0.11,1,max_hold 597d (+0.3%),evening,False
ALGN,GapDown,2024-10-30,2024-10-30,210.44,210.86,0.2,0.08,0,max_hold 596d (+0.2%),morning,True
BA,52wkLow,2024-10-30,2024-10-30,152.51,154.29,1.167,0.46,0,max_hold 596d (+1.2%),morning,False
BG,52wkLow,2024-10-30,2024-10-30,83.643,81.3778,-2.708,-1.07,0,stop_loss (-2.7%),morning,False
AFL,Pullback50,2024-10-30,2024-10-30,105.9877,106.1227,0.127,0.05,0,max_hold 596d (+0.1%),morning,False
BRO,Pullback50,2024-10-30,2024-10-30,103.9635,104.457,0.475,0.19,0,max_hold 596d (+0.5%),morning,False
CAT,GapDown,2024-10-30,2024-10-31,372.0179,370.164,-0.498,-0.12,1,max_hold 596d (-0.5%),evening,True
BIIB,52wkLow,2024-10-30,2024-10-31,181.18,178.11,-1.694,-0.39,1,stop_loss (-1.7%),evening,False
BG,52wkLow,2024-10-30,2024-10-31,81.3778,81.4536,0.093,0.02,1,max_hold 596d (+0.1%),evening,False
CDW,52wkLow,2024-10-30,2024-10-31,189.4072,188.9412,-0.246,-0.06,1,max_hold 596d (-0.2%),evening,False
ABT,Pullback50,2024-10-30,2024-10-31,111.0588,110.2049,-2.88,-0.67,1,stop_loss (-0.8%),evening,False
CAT,GapDown,2024-10-31,2024-10-31,370.164,369.0359,-0.305,-0.07,0,max_hold 595d (-0.3%),morning,True
BIIB,52wkLow,2024-10-31,2024-10-31,178.11,174.0,-2.308,-0.53,0,stop_loss (-2.3%),morning,False
BG,52wkLow,2024-10-31,2024-10-31,81.4536,79.6338,-2.234,-0.52,0,stop_loss (-2.2%),morning,False
CDW,52wkLow,2024-10-31,2024-10-31,188.9412,182.7752,-3.263,-0.75,0,stop_loss (-3.3%),morning,False
ABT,Pullback50,2024-10-31,2024-10-31,110.2049,110.0108,-0.176,-0.04,0,max_hold 595d (-0.2%),morning,False
AFL,RubberBand,2024-10-31,2024-11-01,101.0137,101.4956,0.477,0.1,1,max_hold 595d (+0.5%),evening,True
ACGL,RubberBand,2024-10-31,2024-11-01,93.7206,93.7301,0.01,0.0,1,max_hold 595d (+0.0%),evening,True
APA,52wkLow,2024-10-31,2024-11-01,22.0559,22.1961,0.636,0.14,1,max_hold 595d (+0.6%),evening,False
APTV,52wkLow,2024-10-31,2024-11-01,56.83,57.49,1.161,0.25,1,max_hold 595d (+1.2%),evening,False
BIIB,52wkLow,2024-10-31,2024-11-01,174.0,173.65,-0.201,-0.04,1,max_hold 595d (-0.2%),evening,False
AFL,RubberBand,2024-11-01,2024-11-01,101.4956,100.9365,-5.73,-1.24,0,stop_loss (-0.6%),morning,True
ACGL,RubberBand,2024-11-01,2024-11-01,93.7301,91.3053,-2.587,-0.56,0,stop_loss (-2.6%),morning,True
APA,52wkLow,2024-11-01,2024-11-01,22.1961,21.5793,-2.779,-0.6,0,stop_loss (-2.8%),morning,False
APTV,52wkLow,2024-11-01,2024-11-01,57.49,56.37,-1.948,-0.42,0,stop_loss (-1.9%),morning,False
BIIB,52wkLow,2024-11-01,2024-11-01,173.65,173.79,0.081,0.02,0,max_hold 594d (+0.1%),morning,False
AMCR,RubberBand,2024-11-01,2024-11-04,47.9018,48.0419,0.292,0.06,1,max_hold 594d (+0.3%),evening,True
AES,52wkLow,2024-11-01,2024-11-04,13.5298,13.7046,1.292,0.26,1,max_hold 594d (+1.3%),evening,False
APTV,52wkLow,2024-11-01,2024-11-04,56.37,56.59,0.39,0.08,1,max_hold 594d (+0.4%),evening,False
BIIB,52wkLow,2024-11-01,2024-11-04,173.79,173.22,-0.328,-0.07,1,max_hold 594d (-0.3%),evening,False
BG,52wkLow,2024-11-01,2024-11-04,78.3069,79.0083,0.896,0.18,1,max_hold 594d (+0.9%),evening,False
AMCR,RubberBand,2024-11-04,2024-11-04,48.0419,47.6217,-1.59,-0.33,0,stop_loss (-0.9%),morning,True
AES,52wkLow,2024-11-04,2024-11-04,13.7046,14.0081,2.215,0.45,0,max_hold 591d (+2.2%),morning,False
APTV,52wkLow,2024-11-04,2024-11-04,56.59,55.93,-5.08,-1.04,0,stop_loss (-1.2%),morning,False
BIIB,52wkLow,2024-11-04,2024-11-04,173.22,173.52,0.173,0.04,0,max_hold 591d (+0.2%),morning,False
BG,52wkLow,2024-11-04,2024-11-04,79.0083,79.6149,0.768,0.16,0,max_hold 591d (+0.8%),morning,False
BRK-B,RubberBand,2024-11-04,2024-11-05,442.29,442.29,0.0,0.0,1,max_hold 591d (+0.0%),evening,True
BIIB,52wkLow,2024-11-04,2024-11-05,173.52,172.71,-0.467,-0.15,1,max_hold 591d (-0.5%),evening,False
BG,52wkLow,2024-11-04,2024-11-05,79.6149,78.1553,-1.833,-0.59,1,stop_loss (-1.8%),evening,False
A,Pullback50,2024-11-04,2024-11-05,137.9644,136.5121,-1.21,-0.39,1,stop_loss (-1.1%),evening,False
AEE,Pullback50,2024-11-04,2024-11-05,81.8188,81.7998,-0.023,-0.01,1,max_hold 591d (-0.0%),evening,False
BRK-B,RubberBand,2024-11-05,2024-11-05,442.29,445.06,0.626,0.2,0,max_hold 590d (+0.6%),morning,True
BIIB,52wkLow,2024-11-05,2024-11-05,172.71,176.93,2.443,0.79,0,max_hold 590d (+2.4%),morning,False
BG,52wkLow,2024-11-05,2024-11-05,78.1553,80.3731,2.838,0.91,0,max_hold 590d (+2.8%),morning,False
A,Pullback50,2024-11-05,2024-11-05,136.5121,138.7152,1.614,0.52,0,max_hold 590d (+1.6%),morning,False
AEE,Pullback50,2024-11-05,2024-11-05,81.7998,83.3787,1.93,0.62,0,max_hold 590d (+1.9%),morning,False
APTV,52wkLow,2024-11-05,2024-11-06,55.24,55.89,1.177,0.23,1,max_hold 590d (+1.2%),evening,False
ADM,52wkLow,2024-11-05,2024-11-06,48.8864,49.2154,0.673,0.13,1,max_hold 590d (+0.7%),evening,False
BIIB,52wkLow,2024-11-05,2024-11-06,176.93,176.87,-0.034,-0.01,1,max_hold 590d (-0.0%),evening,False
BG,52wkLow,2024-11-05,2024-11-06,80.3731,81.5768,1.498,0.29,1,max_hold 590d (+1.5%),evening,False
A,Pullback50,2024-11-05,2024-11-06,138.7152,141.274,1.845,0.36,1,max_hold 590d (+1.8%),evening,False
APTV,52wkLow,2024-11-06,2024-11-06,55.89,53.83,-3.686,-0.72,0,stop_loss (-3.7%),morning,False
ADM,52wkLow,2024-11-06,2024-11-06,49.2154,50.0709,1.738,0.34,0,max_hold 589d (+1.7%),morning,False
BIIB,52wkLow,2024-11-06,2024-11-06,176.87,174.4,-1.397,-0.27,0,stop_loss (-1.4%),morning,False
BG,52wkLow,2024-11-06,2024-11-06,81.5768,81.283,-0.36,-0.07,0,max_hold 589d (-0.4%),morning,False
A,Pullback50,2024-11-06,2024-11-06,141.274,136.117,-3.65,-0.71,0,stop_loss (-3.7%),morning,False
AES,52wkLow,2024-11-06,2024-11-07,13.0608,13.024,-0.282,-0.04,1,max_hold 589d (-0.3%),evening,False
APTV,52wkLow,2024-11-06,2024-11-07,53.83,54.38,1.022,0.16,1,max_hold 589d (+1.0%),evening,False
BIIB,52wkLow,2024-11-06,2024-11-07,174.4,175.69,0.74,0.12,1,max_hold 589d (+0.7%),evening,False
BA,52wkLow,2024-11-06,2024-11-07,147.16,148.8,1.114,0.17,1,max_hold 589d (+1.1%),evening,False
CNC,52wkLow,2024-11-06,2024-11-07,62.56,62.7,0.224,0.03,1,max_hold 589d (+0.2%),evening,False
AES,52wkLow,2024-11-07,2024-11-07,13.024,12.5549,-3.602,-0.56,0,stop_loss (-3.6%),morning,False
APTV,52wkLow,2024-11-07,2024-11-07,54.38,55.64,2.317,0.36,0,max_hold 588d (+2.3%),morning,False
BIIB,52wkLow,2024-11-07,2024-11-07,175.69,173.92,-0.71,-0.11,0,stop_loss (-1.0%),morning,False
BA,52wkLow,2024-11-07,2024-11-07,148.8,150.98,1.465,0.23,0,max_hold 588d (+1.5%),morning,False
CNC,52wkLow,2024-11-07,2024-11-07,62.7,62.52,-0.287,-0.04,0,max_hold 588d (-0.3%),morning,False
AES,52wkLow,2024-11-07,2024-11-08,12.5549,12.4721,-3.54,-0.81,1,stop_loss (-0.7%),evening,False
APA,52wkLow,2024-11-07,2024-11-08,20.4952,20.5326,0.182,0.04,1,max_hold 588d (+0.2%),evening,False
ADM,52wkLow,2024-11-07,2024-11-08,49.3471,48.9898,-3.89,-0.89,1,stop_loss (-0.7%),evening,False
BDX,52wkLow,2024-11-07,2024-11-08,171.6249,172.8113,0.691,0.16,1,max_hold 588d (+0.7%),evening,False
COIN,GapDown,2024-11-07,2024-11-08,255.58,257.67,0.818,0.19,1,max_hold 588d (+0.8%),evening,False
AES,52wkLow,2024-11-08,2024-11-08,12.4721,12.5089,0.295,0.07,0,max_hold 587d (+0.3%),morning,False
APA,52wkLow,2024-11-08,2024-11-08,20.5326,20.3456,-1.39,-0.32,0,stop_loss (-0.9%),morning,False
ADM,52wkLow,2024-11-08,2024-11-08,48.9898,49.0086,0.038,0.01,0,max_hold 587d (+0.0%),morning,False
BDX,52wkLow,2024-11-08,2024-11-08,172.8113,175.0482,1.294,0.3,0,max_hold 587d (+1.3%),morning,False
COIN,GapDown,2024-11-08,2024-11-08,257.67,270.74,5.072,1.16,0,max_hold 587d (+5.1%),morning,False
AES,52wkLow,2024-11-08,2024-11-11,12.5089,12.748,1.912,0.5,1,max_hold 587d (+1.9%),evening,False
AKAM,52wkLow,2024-11-08,2024-11-11,89.37,91.65,2.551,0.66,1,max_hold 587d (+2.6%),evening,False
APA,52wkLow,2024-11-08,2024-11-11,20.3456,20.2522,-0.459,-0.12,1,max_hold 587d (-0.5%),evening,False
XYZ,GapDown,2024-11-08,2024-11-11,74.56,75.9,1.797,0.47,1,max_hold 587d (+1.8%),evening,False
ALLE,Pullback50,2024-11-08,2024-11-11,141.0511,142.454,0.995,0.26,1,max_hold 587d (+1.0%),evening,False
AES,52wkLow,2024-11-11,2024-11-11,12.748,12.7756,0.216,0.06,0,max_hold 584d (+0.2%),morning,False
AKAM,52wkLow,2024-11-11,2024-11-11,91.65,91.07,-5.04,-1.31,0,stop_loss (-0.6%),morning,False
APA,52wkLow,2024-11-11,2024-11-11,20.2522,20.7195,2.307,0.6,0,max_hold 584d (+2.3%),morning,False
XYZ,GapDown,2024-11-11,2024-11-11,75.9,83.4,9.881,2.58,0,max_hold 584d (+9.9%),morning,False
ALLE,Pullback50,2024-11-11,2024-11-11,142.454,140.7078,-1.226,-0.32,0,stop_loss (-1.2%),morning,False
AES,52wkLow,2024-11-11,2024-11-12,12.7756,12.8492,0.576,0.25,1,max_hold 584d (+0.6%),evening,False
AKAM,52wkLow,2024-11-11,2024-11-12,91.07,91.5,0.472,0.21,1,max_hold 584d (+0.5%),evening,False
APA,52wkLow,2024-11-11,2024-11-12,20.7195,20.7288,0.045,0.02,1,max_hold 584d (+0.0%),evening,False
AFL,Pullback50,2024-11-11,2024-11-12,106.4504,106.2191,-0.217,-0.09,1,max_hold 584d (-0.2%),evening,False
LNT,Pullback50,2024-11-11,2024-11-12,57.1276,57.1276,-0.0,-0.0,1,max_hold 584d (-0.0%),evening,False
AES,52wkLow,2024-11-12,2024-11-12,12.8492,12.3709,-3.722,-1.63,0,stop_loss (-3.7%),morning,False
AKAM,52wkLow,2024-11-12,2024-11-12,91.5,90.08,-1.552,-0.68,0,stop_loss (-1.6%),morning,False
APA,52wkLow,2024-11-12,2024-11-12,20.7288,20.4391,-1.398,-0.61,0,stop_loss (-1.4%),morning,False
AFL,Pullback50,2024-11-12,2024-11-12,106.2191,106.6625,0.417,0.18,0,max_hold 583d (+0.4%),morning,False
LNT,Pullback50,2024-11-12,2024-11-12,57.1276,57.1371,0.017,0.01,0,max_hold 583d (+0.0%),morning,False
BAX,52wkLow,2024-11-12,2024-11-13,33.0259,32.9088,-0.355,-0.28,1,max_hold 583d (-0.4%),evening,False
COIN,GapDown,2024-11-12,2024-11-13,319.13,325.01,1.843,1.44,1,max_hold 583d (+1.8%),evening,False
AFL,Pullback50,2024-11-12,2024-11-13,106.6625,106.4408,-0.208,-0.16,1,max_hold 583d (-0.2%),evening,False
LNT,Pullback50,2024-11-12,2024-11-13,57.1371,57.2802,0.25,0.2,1,max_hold 583d (+0.3%),evening,False
BAX,52wkLow,2024-11-13,2024-11-13,32.9088,31.8544,-3.204,-2.51,0,stop_loss (-3.2%),morning,False
COIN,GapDown,2024-11-13,2024-11-13,325.01,284.72,-12.397,-9.73,0,stop_loss (-12.4%),morning,False
AFL,Pullback50,2024-11-13,2024-11-13,106.4408,106.4601,0.018,0.01,0,max_hold 582d (+0.0%),morning,False
LNT,Pullback50,2024-11-13,2024-11-13,57.2802,57.3374,0.1,0.08,0,max_hold 582d (+0.1%),morning,False
BAX,52wkLow,2024-11-13,2024-11-14,31.8544,31.9032,0.153,0.1,1,max_hold 582d (+0.2%),evening,False
CDW,52wkLow,2024-11-13,2024-11-14,180.6195,180.6195,-0.0,-0.0,1,max_hold 582d (-0.0%),evening,False
AFL,Pullback50,2024-11-13,2024-11-14,106.4601,106.0359,-0.398,-0.25,1,max_hold 582d (-0.4%),evening,False
AAPL,Pullback50,2024-11-13,2024-11-14,223.6908,223.5915,-0.044,-0.03,1,max_hold 582d (-0.0%),evening,False
BALL,RSIRecovery,2024-11-13,2024-11-14,60.9211,60.7651,-0.256,-0.16,1,max_hold 582d (-0.3%),evening,False
BAX,52wkLow,2024-11-14,2024-11-14,31.9032,30.9465,-2.999,-1.9,0,stop_loss (-3.0%),morning,False
CDW,52wkLow,2024-11-14,2024-11-14,180.6195,175.5314,-2.817,-1.78,0,stop_loss (-2.8%),morning,False
AFL,Pullback50,2024-11-14,2024-11-14,106.0359,105.7274,-0.291,-0.18,0,max_hold 581d (-0.3%),morning,False
AAPL,Pullback50,2024-11-14,2024-11-14,223.5915,226.7711,1.422,0.9,0,max_hold 581d (+1.4%),morning,False
BALL,RSIRecovery,2024-11-14,2024-11-14,60.7651,60.3946,-0.61,-0.39,0,stop_loss (-0.6%),morning,False
BDX,52wkLow,2024-11-14,2024-11-15,171.6702,171.5417,-0.075,-0.04,1,max_hold 581d (-0.1%),evening,False
BIIB,52wkLow,2024-11-14,2024-11-15,164.89,165.46,0.346,0.19,1,max_hold 581d (+0.3%),evening,False
CDW,52wkLow,2024-11-14,2024-11-15,175.5314,176.4441,0.52,0.28,1,max_hold 581d (+0.5%),evening,False
MMM,Pullback50,2024-11-14,2024-11-15,127.9423,126.4745,-2.42,-1.3,1,stop_loss (-1.1%),evening,False
AAPL,Pullback50,2024-11-14,2024-11-15,226.7711,224.9627,-1.06,-0.57,1,stop_loss (-0.8%),evening,False
BDX,52wkLow,2024-11-15,2024-11-15,171.5417,170.1437,-0.93,-0.5,0,stop_loss (-0.8%),morning,False
BIIB,52wkLow,2024-11-15,2024-11-15,165.46,159.99,-3.306,-1.77,0,stop_loss (-3.3%),morning,False
CDW,52wkLow,2024-11-15,2024-11-15,176.4441,172.4823,-2.245,-1.2,0,stop_loss (-2.2%),morning,False
MMM,Pullback50,2024-11-15,2024-11-15,126.4745,126.1634,-0.246,-0.13,0,max_hold 580d (-0.2%),morning,False
AAPL,Pullback50,2024-11-15,2024-11-15,224.9627,223.5716,-2.16,-1.16,0,stop_loss (-0.6%),morning,False
APTV,52wkLow,2024-11-15,2024-11-18,52.93,53.1,0.321,0.12,1,max_hold 580d (+0.3%),evening,False
BAX,52wkLow,2024-11-15,2024-11-18,31.2003,31.0149,-1.24,-0.46,1,stop_loss (-0.6%),evening,False
CDW,52wkLow,2024-11-15,2024-11-18,172.4823,172.9776,0.287,0.11,1,max_hold 580d (+0.3%),evening,False
AMAT,GapDown,2024-11-15,2024-11-18,166.3993,165.2169,-1.19,-0.44,1,stop_loss (-0.7%),evening,False
ABT,Pullback50,2024-11-15,2024-11-18,112.4659,112.1554,-0.276,-0.1,1,max_hold 580d (-0.3%),evening,False
APTV,52wkLow,2024-11-18,2024-11-18,53.1,52.71,-0.54,-0.2,0,stop_loss (-0.7%),morning,False
BAX,52wkLow,2024-11-18,2024-11-18,31.0149,32.2352,3.935,1.46,0,max_hold 577d (+3.9%),morning,False
CDW,52wkLow,2024-11-18,2024-11-18,172.9776,172.9096,-0.039,-0.01,0,max_hold 577d (-0.0%),morning,False
AMAT,GapDown,2024-11-18,2024-11-18,165.2169,168.2221,1.819,0.67,0,max_hold 577d (+1.8%),morning,False
ABT,Pullback50,2024-11-18,2024-11-18,112.1554,113.8826,1.54,0.57,0,max_hold 577d (+1.5%),morning,False
BAX,52wkLow,2024-11-18,2024-11-19,32.2352,31.9325,-1.58,-1.24,1,stop_loss (-0.9%),evening,False
AAPL,Pullback50,2024-11-18,2024-11-19,226.5724,225.539,-0.456,-0.36,1,max_hold 577d (-0.5%),evening,False
CPT,Pullback50,2024-11-18,2024-11-19,113.1991,112.812,-0.342,-0.27,1,max_hold 577d (-0.3%),evening,False
CB,Pullback50,2024-11-18,2024-11-19,284.1783,282.2491,-0.93,-0.73,1,stop_loss (-0.7%),evening,False
BAX,52wkLow,2024-11-19,2024-11-19,31.9325,31.747,-1.72,-1.34,0,stop_loss (-0.6%),morning,False
AAPL,Pullback50,2024-11-19,2024-11-19,225.539,226.8308,0.573,0.45,0,max_hold 576d (+0.6%),morning,False
CPT,Pullback50,2024-11-19,2024-11-19,112.812,114.521,1.515,1.18,0,max_hold 576d (+1.5%),morning,False
CB,Pullback50,2024-11-19,2024-11-19,282.2491,279.3948,-2.14,-1.67,0,stop_loss (-1.0%),morning,False
CPB,MomReversal,2024-11-19,2024-11-20,40.3281,40.3281,0.0,0.0,1,max_hold 576d (+0.0%),evening,True
ACN,Pullback50,2024-11-19,2024-11-20,346.0333,345.7986,-0.068,-0.03,1,max_hold 576d (-0.1%),evening,False
AFL,Pullback50,2024-11-19,2024-11-20,107.1252,107.4544,0.307,0.14,1,max_hold 576d (+0.3%),evening,False
AAPL,Pullback50,2024-11-19,2024-11-20,226.8308,226.6122,-0.096,-0.04,1,max_hold 576d (-0.1%),evening,False
CPT,Pullback50,2024-11-19,2024-11-20,114.521,113.7751,-5.04,-2.32,1,stop_loss (-0.7%),evening,False
CPB,MomReversal,2024-11-20,2024-11-20,40.3281,40.5875,0.643,0.29,0,max_hold 575d (+0.6%),morning,True
ACN,Pullback50,2024-11-20,2024-11-20,345.7986,349.0835,0.95,0.43,0,max_hold 575d (+0.9%),morning,False
AFL,Pullback50,2024-11-20,2024-11-20,107.4544,106.7475,-1.36,-0.62,0,stop_loss (-0.7%),morning,False
AAPL,Pullback50,2024-11-20,2024-11-20,226.6122,227.5462,0.412,0.19,0,max_hold 575d (+0.4%),morning,False
CPT,Pullback50,2024-11-20,2024-11-20,113.7751,113.8317,0.05,0.02,0,max_hold 575d (+0.0%),morning,False
BAX,MomReversal,2024-11-20,2024-11-21,31.8544,31.7178,-0.429,-0.14,1,max_hold 575d (-0.4%),evening,True
ACN,Pullback50,2024-11-20,2024-11-21,349.0835,351.4787,0.686,0.23,1,max_hold 575d (+0.7%),evening,False
AAPL,Pullback50,2024-11-20,2024-11-21,227.5462,227.427,-0.052,-0.02,1,max_hold 575d (-0.1%),evening,False
AVB,Pullback50,2024-11-20,2024-11-21,216.0916,217.0199,0.43,0.14,1,max_hold 575d (+0.4%),evening,False
CPT,Pullback50,2024-11-20,2024-11-21,113.8317,113.86,0.025,0.01,1,max_hold 575d (+0.0%),evening,False
BAX,MomReversal,2024-11-21,2024-11-21,31.7178,32.2059,1.539,0.51,0,max_hold 574d (+1.5%),morning,True
ACN,Pullback50,2024-11-21,2024-11-21,351.4787,352.9745,0.426,0.14,0,max_hold 574d (+0.4%),morning,False
AAPL,Pullback50,2024-11-21,2024-11-21,227.427,227.0692,-0.157,-0.05,0,max_hold 574d (-0.2%),morning,False
AVB,Pullback50,2024-11-21,2024-11-21,217.0199,218.4501,0.659,0.22,0,max_hold 574d (+0.7%),morning,False
CPT,Pullback50,2024-11-21,2024-11-21,113.86,115.1819,1.161,0.39,0,max_hold 574d (+1.2%),morning,False
AES,52wkLow,2024-11-21,2024-11-22,12.187,12.2238,0.302,0.11,1,max_hold 574d (+0.3%),evening,False
AEP,Pullback50,2024-11-21,2024-11-22,93.3555,93.4602,0.112,0.04,1,max_hold 574d (+0.1%),evening,False
AIG,Pullback50,2024-11-21,2024-11-22,73.0608,72.8877,-0.237,-0.09,1,max_hold 574d (-0.2%),evening,False
AWK,Pullback50,2024-11-21,2024-11-22,133.5921,133.7846,0.144,0.05,1,max_hold 574d (+0.1%),evening,False
CB,Pullback50,2024-11-21,2024-11-22,280.6153,280.5071,-0.039,-0.01,1,max_hold 574d (-0.0%),evening,False
AES,52wkLow,2024-11-22,2024-11-22,12.2238,11.9938,-1.881,-0.69,0,stop_loss (-1.9%),morning,False
AEP,Pullback50,2024-11-22,2024-11-22,93.4602,92.8891,-1.46,-0.54,0,stop_loss (-0.6%),morning,False
AIG,Pullback50,2024-11-22,2024-11-22,72.8877,73.1377,0.343,0.13,0,max_hold 573d (+0.3%),morning,False
AWK,Pullback50,2024-11-22,2024-11-22,133.7846,132.1675,-1.209,-0.45,0,stop_loss (-1.2%),morning,False
CB,Pullback50,2024-11-22,2024-11-22,280.5071,280.7137,0.074,0.03,0,max_hold 573d (+0.1%),morning,False
AES,52wkLow,2024-11-22,2024-11-25,11.9938,12.0766,0.69,0.25,1,max_hold 573d (+0.7%),evening,False
APA,52wkLow,2024-11-22,2024-11-25,21.2802,21.2989,0.088,0.03,1,max_hold 573d (+0.1%),evening,False
BF-B,52wkLow,2024-11-22,2024-11-25,39.2352,39.8137,1.475,0.54,1,max_hold 573d (+1.5%),evening,False
ACN,Pullback50,2024-11-22,2024-11-25,350.6379,351.948,0.374,0.14,1,max_hold 573d (+0.4%),evening,False
AIG,Pullback50,2024-11-22,2024-11-25,73.1377,73.7916,0.894,0.33,1,max_hold 573d (+0.9%),evening,False
AES,52wkLow,2024-11-25,2024-11-25,12.0766,12.1042,0.228,0.08,0,max_hold 570d (+0.2%),morning,False
APA,52wkLow,2024-11-25,2024-11-25,21.2989,21.1868,-1.99,-0.73,0,stop_loss (-0.5%),morning,False
BF-B,52wkLow,2024-11-25,2024-11-25,39.8137,40.3732,1.405,0.52,0,max_hold 570d (+1.4%),morning,False
ACN,Pullback50,2024-11-25,2024-11-25,351.948,353.2091,0.358,0.13,0,max_hold 570d (+0.4%),morning,False
AIG,Pullback50,2024-11-25,2024-11-25,73.7916,73.032,-1.28,-0.47,0,stop_loss (-1.0%),morning,False
BIIB,MomReversal,2024-11-25,2024-11-26,158.71,159.2,0.309,0.04,1,max_hold 570d (+0.3%),evening,True
CDW,MomReversal,2024-11-25,2024-11-26,176.702,176.1173,-0.331,-0.04,1,max_hold 570d (-0.3%),evening,True
ALLE,Pullback50,2024-11-25,2024-11-26,139.9622,139.0597,-0.73,-0.1,1,stop_loss (-0.6%),evening,False
GOOGL,Pullback50,2024-11-25,2024-11-26,166.588,166.5681,-0.012,-0.0,1,max_hold 570d (-0.0%),evening,False
GOOG,Pullback50,2024-11-25,2024-11-26,168.3617,168.4213,0.035,0.0,1,max_hold 570d (+0.0%),evening,False
BIIB,MomReversal,2024-11-26,2024-11-26,159.2,157.69,-1.16,-0.15,0,stop_loss (-0.9%),morning,True
CDW,MomReversal,2024-11-26,2024-11-26,176.1173,173.2525,-1.627,-0.21,0,stop_loss (-1.6%),morning,True
ALLE,Pullback50,2024-11-26,2024-11-26,139.0597,137.7255,-0.93,-0.12,0,stop_loss (-1.0%),morning,False
GOOGL,Pullback50,2024-11-26,2024-11-26,166.5681,168.0486,0.889,0.12,0,max_hold 569d (+0.9%),morning,False
GOOG,Pullback50,2024-11-26,2024-11-26,168.4213,169.5442,0.667,0.09,0,max_hold 569d (+0.7%),morning,False
AMGN,MomReversal,2024-11-26,2024-11-27,267.2983,266.3341,-0.361,-0.08,1,max_hold 569d (-0.4%),evening,True
A,GapDown,2024-11-26,2024-11-27,132.7481,133.0643,0.238,0.05,1,max_hold 569d (+0.2%),evening,False
BBY,GapDown,2024-11-26,2024-11-27,80.7539,80.7539,-0.0,-0.0,1,max_hold 569d (-0.0%),evening,False
MMM,Pullback50,2024-11-26,2024-11-27,129.2351,130.1683,0.722,0.17,1,max_hold 569d (+0.7%),evening,False
GOOGL,Pullback50,2024-11-26,2024-11-27,168.0486,167.9294,-0.071,-0.02,1,max_hold 569d (-0.1%),evening,False
AMGN,MomReversal,2024-11-27,2024-11-27,266.3341,267.3555,0.384,0.09,0,max_hold 568d (+0.4%),morning,True
A,GapDown,2024-11-27,2024-11-27,133.0643,136.4726,2.561,0.59,0,max_hold 568d (+2.6%),morning,False
BBY,GapDown,2024-11-27,2024-11-27,80.7539,80.4709,-0.35,-0.08,0,max_hold 568d (-0.4%),morning,False
MMM,Pullback50,2024-11-27,2024-11-27,130.1683,128.7783,-0.76,-0.17,0,stop_loss (-1.1%),morning,False
GOOGL,Pullback50,2024-11-27,2024-11-27,167.9294,168.1579,0.136,0.03,0,max_hold 568d (+0.1%),morning,False
BDX,52wkLow,2024-11-27,2024-11-29,167.7482,167.0076,-0.441,-0.34,1,max_hold 568d (-0.4%),evening,False
GOOGL,Pullback50,2024-11-27,2024-11-29,168.1579,167.4326,-0.431,-0.33,1,max_hold 568d (-0.4%),evening,False
GOOG,Pullback50,2024-11-27,2024-11-29,169.7429,168.9877,-0.445,-0.34,1,max_hold 568d (-0.4%),evening,False
BDX,52wkLow,2024-11-29,2024-11-29,167.0076,167.6877,0.407,0.31,0,max_hold 566d (+0.4%),morning,False
GOOGL,Pullback50,2024-11-29,2024-11-29,167.4326,167.8797,0.267,0.21,0,max_hold 566d (+0.3%),morning,False
GOOG,Pullback50,2024-11-29,2024-11-29,168.9877,169.415,0.253,0.2,0,max_hold 566d (+0.3%),morning,False
GOOGL,Pullback50,2024-11-29,2024-12-02,167.8797,167.7009,-0.107,-0.08,1,max_hold 566d (-0.1%),evening,False
GOOG,Pullback50,2024-11-29,2024-12-02,169.415,169.2461,-0.1,-0.08,1,max_hold 566d (-0.1%),evening,False
ADSK,Pullback50,2024-11-29,2024-12-02,291.9,291.74,-0.055,-0.04,1,max_hold 566d (-0.1%),evening,False
CL,Pullback50,2024-11-29,2024-12-02,93.1953,93.3303,0.145,0.11,1,max_hold 566d (+0.1%),evening,False
GOOGL,Pullback50,2024-12-02,2024-12-02,167.7009,170.4036,1.612,1.26,0,max_hold 563d (+1.6%),morning,False
GOOG,Pullback50,2024-12-02,2024-12-02,169.2461,171.8893,1.562,1.22,0,max_hold 563d (+1.6%),morning,False
ADSK,Pullback50,2024-12-02,2024-12-02,291.74,296.65,1.683,1.32,0,max_hold 563d (+1.7%),morning,False
CL,Pullback50,2024-12-02,2024-12-02,93.3303,93.6582,0.351,0.27,0,max_hold 563d (+0.4%),morning,False
ADI,Pullback50,2024-12-02,2024-12-03,217.2972,215.7974,-2.01,-1.57,1,stop_loss (-0.7%),evening,False
CL,Pullback50,2024-12-02,2024-12-03,93.6582,93.7257,0.072,0.06,1,max_hold 563d (+0.1%),evening,False
ADI,Pullback50,2024-12-03,2024-12-03,215.7974,215.7584,-0.018,-0.01,0,max_hold 562d (-0.0%),morning,False
CL,Pullback50,2024-12-03,2024-12-03,93.7257,91.2471,-2.645,-2.05,0,stop_loss (-2.6%),morning,False
BDX,52wkLow,2024-12-03,2024-12-04,167.2041,166.4862,-0.429,-0.33,1,max_hold 562d (-0.4%),evening,False
ACN,GapDown,2024-12-03,2024-12-04,344.6548,345.7595,0.321,0.25,1,max_hold 562d (+0.3%),evening,False
CHRW,Pullback50,2024-12-03,2024-12-04,103.9618,103.5366,-0.409,-0.32,1,max_hold 562d (-0.4%),evening,False
AMGN,RSIRecovery,2024-12-03,2024-12-04,265.685,263.2889,-2.18,-1.69,1,stop_loss (-0.9%),evening,False
BDX,52wkLow,2024-12-04,2024-12-04,166.4862,167.3326,0.508,0.4,0,max_hold 561d (+0.5%),morning,False
ACN,GapDown,2024-12-04,2024-12-04,345.7595,351.9772,1.798,1.4,0,max_hold 561d (+1.8%),morning,False
CHRW,Pullback50,2024-12-04,2024-12-04,103.5366,103.9811,0.429,0.33,0,max_hold 561d (+0.4%),morning,False
AMGN,RSIRecovery,2024-12-04,2024-12-04,263.2889,265.6277,0.888,0.69,0,max_hold 561d (+0.9%),morning,False
AVGO,VolumeSpike,2024-12-04,2024-12-05,168.228,168.4154,0.111,0.06,1,max_hold 561d (+0.1%),evening,True
CME,VolumeSpike,2024-12-04,2024-12-05,224.9847,227.466,1.103,0.58,1,max_hold 561d (+1.1%),evening,True
ARE,52wkLow,2024-12-04,2024-12-05,95.7316,95.4032,-0.343,-0.18,1,max_hold 561d (-0.3%),evening,False
BF-B,52wkLow,2024-12-04,2024-12-05,38.8843,43.19,11.073,5.83,1,max_hold 561d (+11.1%),evening,False
ACN,Pullback50,2024-12-04,2024-12-05,351.9772,348.1058,-0.96,-0.51,1,stop_loss (-1.1%),evening,False
AVGO,VolumeSpike,2024-12-05,2024-12-05,168.4154,168.1392,-0.164,-0.09,0,max_hold 560d (-0.2%),morning,True
CME,VolumeSpike,2024-12-05,2024-12-05,227.466,227.7808,0.138,0.07,0,max_hold 560d (+0.1%),morning,True
ARE,52wkLow,2024-12-05,2024-12-05,95.4032,96.1878,0.822,0.44,0,max_hold 560d (+0.8%),morning,False
BF-B,52wkLow,2024-12-05,2024-12-05,43.19,43.0382,-0.351,-0.19,0,max_hold 560d (-0.4%),morning,False
ACN,Pullback50,2024-12-05,2024-12-05,348.1058,350.1198,0.579,0.31,0,max_hold 560d (+0.6%),morning,False
CDNS,VolumeSpike,2024-12-05,2024-12-06,303.79,305.0,0.398,0.19,1,max_hold 560d (+0.4%),evening,True
APD,GapDown,2024-12-05,2024-12-06,309.7528,310.8784,0.363,0.17,1,max_hold 560d (+0.4%),evening,False
ABT,Pullback50,2024-12-05,2024-12-06,112.1651,111.7187,-0.398,-0.19,1,max_hold 560d (-0.4%),evening,False
ACN,Pullback50,2024-12-05,2024-12-06,350.1198,357.1294,2.002,0.94,1,max_hold 560d (+2.0%),evening,False
AEP,Pullback50,2024-12-05,2024-12-06,92.7559,92.4989,-0.277,-0.13,1,max_hold 560d (-0.3%),evening,False
CDNS,VolumeSpike,2024-12-06,2024-12-06,305.0,307.51,0.823,0.39,0,max_hold 559d (+0.8%),morning,True
APD,GapDown,2024-12-06,2024-12-06,310.8784,307.9634,-2.03,-0.95,0,stop_loss (-0.9%),morning,False
ABT,Pullback50,2024-12-06,2024-12-06,111.7187,112.1748,0.408,0.19,0,max_hold 559d (+0.4%),morning,False
ACN,Pullback50,2024-12-06,2024-12-06,357.1294,354.5876,-0.52,-0.24,0,stop_loss (-0.7%),morning,False
AEP,Pullback50,2024-12-06,2024-12-06,92.4989,91.233,-1.369,-0.64,0,stop_loss (-1.4%),morning,False
APA,52wkLow,2024-12-06,2024-12-09,20.0185,20.4578,2.194,1.73,1,max_hold 559d (+2.2%),evening,False
BDX,52wkLow,2024-12-06,2024-12-09,166.267,166.305,0.023,0.02,1,max_hold 559d (+0.0%),evening,False
ABT,Pullback50,2024-12-06,2024-12-09,112.1748,112.2427,0.061,0.05,1,max_hold 559d (+0.1%),evening,False
APA,52wkLow,2024-12-09,2024-12-09,20.4578,20.7942,1.645,1.31,0,max_hold 556d (+1.6%),morning,False
BDX,52wkLow,2024-12-09,2024-12-09,166.305,169.3269,1.817,1.45,0,max_hold 556d (+1.8%),morning,False
ABT,Pullback50,2024-12-09,2024-12-09,112.2427,111.4955,-3.89,-3.1,0,stop_loss (-0.7%),morning,False
APO,VolumeSpike,2024-12-09,2024-12-10,168.6734,169.358,0.406,0.11,1,max_hold 556d (+0.4%),evening,True
CASY,VolumeSpike,2024-12-09,2024-12-10,415.5713,417.0423,0.354,0.09,1,max_hold 556d (+0.4%),evening,True
AOS,52wkLow,2024-12-09,2024-12-10,71.6363,71.3552,-0.392,-0.11,1,max_hold 556d (-0.4%),evening,False
AMD,52wkLow,2024-12-09,2024-12-10,130.87,131.56,0.527,0.14,1,max_hold 556d (+0.5%),evening,False
ARE,52wkLow,2024-12-09,2024-12-10,97.3921,97.684,0.3,0.08,1,max_hold 556d (+0.3%),evening,False
APO,VolumeSpike,2024-12-10,2024-12-10,169.358,170.8641,0.889,0.24,0,max_hold 555d (+0.9%),morning,True
CASY,VolumeSpike,2024-12-10,2024-12-10,417.0423,414.3289,-1.75,-0.47,0,stop_loss (-0.7%),morning,True
AOS,52wkLow,2024-12-10,2024-12-10,71.3552,70.7541,-1.36,-0.37,0,stop_loss (-0.8%),morning,False
AMD,52wkLow,2024-12-10,2024-12-10,131.56,127.74,-2.904,-0.78,0,stop_loss (-2.9%),morning,False
ARE,52wkLow,2024-12-10,2024-12-10,97.684,95.3393,-2.4,-0.64,0,stop_loss (-2.4%),morning,False
CASY,VolumeSpike,2024-12-10,2024-12-11,414.3289,417.2113,0.696,0.29,1,max_hold 555d (+0.7%),evening,True
CFG,VolumeSpike,2024-12-10,2024-12-11,44.0576,44.143,0.194,0.08,1,max_hold 555d (+0.2%),evening,True
AMD,52wkLow,2024-12-10,2024-12-11,127.74,128.52,0.611,0.25,1,max_hold 555d (+0.6%),evening,False
BIIB,52wkLow,2024-12-10,2024-12-11,156.32,156.37,0.032,0.01,1,max_hold 555d (+0.0%),evening,False
ABT,Pullback50,2024-12-10,2024-12-11,112.0777,111.8934,-0.164,-0.07,1,max_hold 555d (-0.2%),evening,False
CASY,VolumeSpike,2024-12-11,2024-12-11,417.2113,425.2124,1.918,0.8,0,max_hold 554d (+1.9%),morning,True
CFG,VolumeSpike,2024-12-11,2024-12-11,44.143,43.8962,-1.37,-0.57,0,stop_loss (-0.6%),morning,True
AMD,52wkLow,2024-12-11,2024-12-11,128.52,130.15,1.268,0.53,0,max_hold 554d (+1.3%),morning,False
BIIB,52wkLow,2024-12-11,2024-12-11,156.37,157.46,0.697,0.29,0,max_hold 554d (+0.7%),morning,False
ABT,Pullback50,2024-12-11,2024-12-11,111.8934,110.758,-5.04,-2.1,0,stop_loss (-1.0%),morning,False
ADBE,VolumeSpike,2024-12-11,2024-12-12,549.93,487.5,-11.352,-4.71,1,stop_loss (-11.4%),evening,True
CIEN,VolumeSpike,2024-12-11,2024-12-12,73.21,83.67,14.288,5.93,1,max_hold 554d (+14.3%),evening,True
AOS,52wkLow,2024-12-11,2024-12-12,70.6571,70.4535,-0.288,-0.12,1,max_hold 554d (-0.3%),evening,False
AMD,52wkLow,2024-12-11,2024-12-12,130.15,130.0,-0.115,-0.05,1,max_hold 554d (-0.1%),evening,False
BAX,52wkLow,2024-12-11,2024-12-12,30.4184,30.5263,0.355,0.15,1,max_hold 554d (+0.4%),evening,False
ADBE,VolumeSpike,2024-12-12,2024-12-12,487.5,474.63,-2.64,-1.1,0,stop_loss (-2.6%),morning,True
CIEN,VolumeSpike,2024-12-12,2024-12-12,83.67,84.52,1.016,0.42,0,max_hold 553d (+1.0%),morning,True
AOS,52wkLow,2024-12-12,2024-12-12,70.4535,70.4147,-0.055,-0.02,0,max_hold 553d (-0.1%),morning,False
AMD,52wkLow,2024-12-12,2024-12-12,130.0,130.6,0.462,0.19,0,max_hold 553d (+0.5%),morning,False
BAX,52wkLow,2024-12-12,2024-12-12,30.5263,30.2614,-2.62,-1.09,0,stop_loss (-0.9%),morning,False
CNC,MomReversal,2024-12-12,2024-12-13,58.0,59.0,1.724,0.71,1,max_hold 553d (+1.7%),evening,True
BDX,VolumeSpike,2024-12-12,2024-12-13,172.4855,172.1666,-0.185,-0.08,1,max_hold 553d (-0.2%),evening,True
CI,52wkLow,2024-12-12,2024-12-13,274.1532,273.5815,-0.209,-0.09,1,max_hold 553d (-0.2%),evening,False
MMM,Pullback50,2024-12-12,2024-12-13,126.1246,126.076,-0.039,-0.02,1,max_hold 553d (-0.0%),evening,False
LNT,Pullback50,2024-12-12,2024-12-13,57.652,57.6901,0.066,0.03,1,max_hold 553d (+0.1%),evening,False
CNC,MomReversal,2024-12-13,2024-12-13,59.0,59.42,0.712,0.3,0,max_hold 552d (+0.7%),morning,True
BDX,VolumeSpike,2024-12-13,2024-12-13,172.1666,171.2631,-2.62,-1.09,0,stop_loss (-0.5%),morning,True
CI,52wkLow,2024-12-13,2024-12-13,273.5815,273.0874,-0.181,-0.07,0,max_hold 552d (-0.2%),morning,False
MMM,Pullback50,2024-12-13,2024-12-13,126.076,126.2898,0.17,0.07,0,max_hold 552d (+0.2%),morning,False
LNT,Pullback50,2024-12-13,2024-12-13,57.6901,57.6329,-0.099,-0.04,0,max_hold 552d (-0.1%),morning,False
AMD,52wkLow,2024-12-13,2024-12-16,126.91,126.01,-0.61,-0.28,1,stop_loss (-0.7%),evening,False
BDX,52wkLow,2024-12-13,2024-12-16,171.2631,170.3064,-2.8,-1.3,1,stop_loss (-0.6%),evening,False
CNC,52wkLow,2024-12-13,2024-12-16,59.42,59.02,-3.83,-1.78,1,stop_loss (-0.7%),evening,False
CI,52wkLow,2024-12-13,2024-12-16,273.0874,273.1456,0.021,0.01,1,max_hold 552d (+0.0%),evening,False
MMM,Pullback50,2024-12-13,2024-12-16,126.2898,126.2704,-0.015,-0.01,1,max_hold 552d (-0.0%),evening,False
AMD,52wkLow,2024-12-16,2024-12-16,126.01,126.69,0.54,0.25,0,max_hold 549d (+0.5%),morning,False
BDX,52wkLow,2024-12-16,2024-12-16,170.3064,172.7816,1.453,0.67,0,max_hold 549d (+1.5%),morning,False
CNC,52wkLow,2024-12-16,2024-12-16,59.02,59.17,0.254,0.12,0,max_hold 549d (+0.3%),morning,False
CI,52wkLow,2024-12-16,2024-12-16,273.1456,264.7551,-3.072,-1.42,0,stop_loss (-3.1%),morning,False
MMM,Pullback50,2024-12-16,2024-12-16,126.2704,125.8524,-0.331,-0.15,0,max_hold 549d (-0.3%),morning,False
KO,MomReversal,2024-12-16,2024-12-17,59.9554,59.8596,-0.16,-0.07,1,max_hold 549d (-0.2%),evening,True
AMD,52wkLow,2024-12-16,2024-12-17,126.69,124.45,-1.768,-0.73,1,stop_loss (-1.8%),evening,False
BAX,52wkLow,2024-12-16,2024-12-17,28.868,28.6227,-0.72,-0.3,1,stop_loss (-0.8%),evening,False
BDX,52wkLow,2024-12-16,2024-12-17,172.7816,171.6731,-0.63,-0.26,1,stop_loss (-0.6%),evening,False
BIIB,52wkLow,2024-12-16,2024-12-17,150.49,150.16,-0.219,-0.09,1,max_hold 549d (-0.2%),evening,False
KO,MomReversal,2024-12-17,2024-12-17,59.8596,60.7702,1.521,0.62,0,max_hold 548d (+1.5%),morning,True
AMD,52wkLow,2024-12-17,2024-12-17,124.45,125.02,0.458,0.19,0,max_hold 548d (+0.5%),morning,False
BAX,52wkLow,2024-12-17,2024-12-17,28.6227,29.0839,1.611,0.66,0,max_hold 548d (+1.6%),morning,False
BDX,52wkLow,2024-12-17,2024-12-17,171.6731,171.3238,-0.203,-0.08,0,max_hold 548d (-0.2%),morning,False
BIIB,52wkLow,2024-12-17,2024-12-17,150.16,150.64,0.32,0.13,0,max_hold 548d (+0.3%),morning,False
CPB,MomReversal,2024-12-17,2024-12-18,39.8834,39.1979,-1.719,-0.45,1,stop_loss (-1.7%),evening,True
AOS,52wkLow,2024-12-17,2024-12-18,68.6503,68.912,0.381,0.1,1,max_hold 548d (+0.4%),evening,False
ADBE,52wkLow,2024-12-17,2024-12-18,455.23,453.24,-0.437,-0.12,1,max_hold 548d (-0.4%),evening,False
AMD,52wkLow,2024-12-17,2024-12-18,125.02,125.43,0.328,0.09,1,max_hold 548d (+0.3%),evening,False
ARE,52wkLow,2024-12-17,2024-12-18,93.3413,92.9855,-0.381,-0.1,1,max_hold 548d (-0.4%),evening,False
CPB,MomReversal,2024-12-18,2024-12-18,39.1979,38.5957,-1.536,-0.4,0,stop_loss (-1.5%),morning,True
AOS,52wkLow,2024-12-18,2024-12-18,68.912,66.8082,-3.053,-0.8,0,stop_loss (-3.1%),morning,False
ADBE,52wkLow,2024-12-18,2024-12-18,453.24,441.31,-2.632,-0.69,0,stop_loss (-2.6%),morning,False
AMD,52wkLow,2024-12-18,2024-12-18,125.43,121.41,-3.205,-0.84,0,stop_loss (-3.2%),morning,False
ARE,52wkLow,2024-12-18,2024-12-18,92.9855,89.3453,-3.915,-1.03,0,stop_loss (-3.9%),morning,False
CNP,VolumeSpike,2024-12-18,2024-12-19,30.3656,30.2401,-0.413,-0.1,1,max_hold 547d (-0.4%),evening,True
ADBE,52wkLow,2024-12-18,2024-12-19,441.31,443.41,0.476,0.12,1,max_hold 547d (+0.5%),evening,False
AMD,52wkLow,2024-12-18,2024-12-19,121.41,122.16,0.618,0.15,1,max_hold 547d (+0.6%),evening,False
ARE,52wkLow,2024-12-18,2024-12-19,89.3453,90.3306,1.103,0.27,1,max_hold 547d (+1.1%),evening,False
ALGN,52wkLow,2024-12-18,2024-12-19,212.69,215.0,1.086,0.26,1,max_hold 547d (+1.1%),evening,False
CNP,VolumeSpike,2024-12-19,2024-12-19,30.2401,30.6747,1.437,0.35,0,max_hold 546d (+1.4%),morning,True
ADBE,52wkLow,2024-12-19,2024-12-19,443.41,437.39,-1.358,-0.33,0,stop_loss (-1.4%),morning,False
AMD,52wkLow,2024-12-19,2024-12-19,122.16,118.88,-2.685,-0.66,0,stop_loss (-2.7%),morning,False
ARE,52wkLow,2024-12-19,2024-12-19,90.3306,88.7614,-1.737,-0.42,0,stop_loss (-1.7%),morning,False
ALGN,52wkLow,2024-12-19,2024-12-19,215.0,213.58,-0.8,-0.2,0,stop_loss (-0.7%),morning,False
ACN,VolumeSpike,2024-12-19,2024-12-20,363.8359,362.4086,-0.392,-0.07,1,max_hold 546d (-0.4%),evening,True
CNC,VolumeSpike,2024-12-19,2024-12-20,59.71,60.0,0.486,0.08,1,max_hold 546d (+0.5%),evening,True
AOS,52wkLow,2024-12-19,2024-12-20,66.3526,66.1586,-0.292,-0.05,1,max_hold 546d (-0.3%),evening,False
AMD,52wkLow,2024-12-19,2024-12-20,118.88,118.0,-1.34,-0.22,1,stop_loss (-0.7%),evening,False
ARE,52wkLow,2024-12-19,2024-12-20,88.7614,89.9109,1.295,0.21,1,max_hold 546d (+1.3%),evening,False
ACN,VolumeSpike,2024-12-20,2024-12-20,362.4086,358.1754,-0.6,-0.1,0,stop_loss (-1.2%),morning,True
CNC,VolumeSpike,2024-12-20,2024-12-20,60.0,59.58,-0.5,-0.08,0,stop_loss (-0.7%),morning,True
AOS,52wkLow,2024-12-20,2024-12-20,66.1586,66.624,0.703,0.12,0,max_hold 545d (+0.7%),morning,False
AMD,52wkLow,2024-12-20,2024-12-20,118.0,119.21,1.025,0.17,0,max_hold 545d (+1.0%),morning,False
ARE,52wkLow,2024-12-20,2024-12-20,89.9109,90.4766,0.629,0.1,0,max_hold 545d (+0.6%),morning,False
BBY,MomReversal,2024-12-20,2024-12-23,78.9174,78.7882,-0.164,-0.01,1,max_hold 545d (-0.2%),evening,True
CDW,MomReversal,2024-12-20,2024-12-23,170.0661,169.3548,-0.418,-0.02,1,max_hold 545d (-0.4%),evening,True
CI,MomReversal,2024-12-20,2024-12-23,268.3012,267.3226,-0.365,-0.02,1,max_hold 545d (-0.4%),evening,True
MMM,VolumeSpike,2024-12-20,2024-12-23,125.6677,124.9095,-3.86,-0.17,1,stop_loss (-0.6%),evening,True
ABT,VolumeSpike,2024-12-20,2024-12-23,110.8454,110.6222,-0.201,-0.01,1,max_hold 545d (-0.2%),evening,True
BBY,MomReversal,2024-12-23,2024-12-23,78.7882,78.7052,-0.105,-0.0,0,max_hold 542d (-0.1%),morning,True
CDW,MomReversal,2024-12-23,2024-12-23,169.3548,171.0698,1.013,0.05,0,max_hold 542d (+1.0%),morning,True
CI,MomReversal,2024-12-23,2024-12-23,267.3226,272.8646,2.073,0.09,0,max_hold 542d (+2.1%),morning,True
MMM,VolumeSpike,2024-12-23,2024-12-23,124.9095,125.3761,0.374,0.02,0,max_hold 542d (+0.4%),morning,True
ABT,VolumeSpike,2024-12-23,2024-12-23,110.6222,110.923,0.272,0.01,0,max_hold 542d (+0.3%),morning,True
AMD,MomReversal,2024-12-23,2024-12-24,124.6,127.51,2.335,0.71,1,max_hold 542d (+2.3%),evening,True
ALGN,52wkLow,2024-12-23,2024-12-24,207.57,207.61,0.019,0.01,1,max_hold 542d (+0.0%),evening,False
MMM,Pullback50,2024-12-23,2024-12-24,125.3761,125.1428,-0.186,-0.06,1,max_hold 542d (-0.2%),evening,False
ALL,Pullback50,2024-12-23,2024-12-24,187.9563,188.1892,0.124,0.04,1,max_hold 542d (+0.1%),evening,False
AEE,Pullback50,2024-12-23,2024-12-24,85.9406,85.8352,-0.123,-0.04,1,max_hold 542d (-0.1%),evening,False
AMD,MomReversal,2024-12-24,2024-12-24,127.51,126.29,-0.64,-0.19,0,stop_loss (-1.0%),morning,True
ALGN,52wkLow,2024-12-24,2024-12-24,207.61,213.5,2.837,0.86,0,max_hold 541d (+2.8%),morning,False
MMM,Pullback50,2024-12-24,2024-12-24,125.1428,126.7175,1.258,0.38,0,max_hold 541d (+1.3%),morning,False
ALL,Pullback50,2024-12-24,2024-12-24,188.1892,189.7909,0.851,0.26,0,max_hold 541d (+0.9%),morning,False
AEE,Pullback50,2024-12-24,2024-12-24,85.8352,87.0905,1.462,0.45,0,max_hold 541d (+1.5%),morning,False
MMM,Pullback50,2024-12-24,2024-12-26,126.7175,126.6884,-0.023,-0.0,1,max_hold 541d (-0.0%),evening,False
ABT,Pullback50,2024-12-24,2024-12-26,111.3597,110.8162,-0.488,-0.1,1,max_hold 541d (-0.5%),evening,False
ACN,Pullback50,2024-12-24,2024-12-26,353.5415,352.2901,-0.354,-0.07,1,max_hold 541d (-0.4%),evening,False
ALL,Pullback50,2024-12-24,2024-12-26,189.7909,189.7326,-0.031,-0.01,1,max_hold 541d (-0.0%),evening,False
AMP,Pullback50,2024-12-24,2024-12-26,528.468,526.4671,-0.379,-0.08,1,max_hold 541d (-0.4%),evening,False
MMM,Pullback50,2024-12-26,2024-12-26,126.6884,127.5146,0.652,0.13,0,max_hold 539d (+0.7%),morning,False
ABT,Pullback50,2024-12-26,2024-12-26,110.8162,111.8545,0.937,0.19,0,max_hold 539d (+0.9%),morning,False
ACN,Pullback50,2024-12-26,2024-12-26,352.2901,352.3683,0.022,0.0,0,max_hold 539d (+0.0%),morning,False
ALL,Pullback50,2024-12-26,2024-12-26,189.7326,189.8879,0.082,0.02,0,max_hold 539d (+0.1%),morning,False
AMP,Pullback50,2024-12-26,2024-12-26,526.4671,532.009,1.053,0.21,0,max_hold 539d (+1.1%),morning,False
MMM,Pullback50,2024-12-26,2024-12-27,127.5146,126.2801,-2.45,-0.45,1,stop_loss (-1.0%),evening,False
ABT,Pullback50,2024-12-26,2024-12-27,111.8545,111.6023,-0.226,-0.04,1,max_hold 539d (-0.2%),evening,False
ACN,Pullback50,2024-12-26,2024-12-27,352.3683,350.7552,-0.458,-0.08,1,max_hold 539d (-0.5%),evening,False
ALL,Pullback50,2024-12-26,2024-12-27,189.8879,188.4708,-0.53,-0.1,1,stop_loss (-0.7%),evening,False
MO,Pullback50,2024-12-26,2024-12-27,47.562,47.3269,-0.494,-0.09,1,max_hold 539d (-0.5%),evening,False
MMM,Pullback50,2024-12-27,2024-12-27,126.2801,126.5425,0.208,0.04,0,max_hold 538d (+0.2%),morning,False
ABT,Pullback50,2024-12-27,2024-12-27,111.6023,111.5828,-0.017,-0.0,0,max_hold 538d (-0.0%),morning,False
ACN,Pullback50,2024-12-27,2024-12-27,350.7552,348.2133,-2.24,-0.41,0,stop_loss (-0.7%),morning,False
ALL,Pullback50,2024-12-27,2024-12-27,188.4708,188.1213,-0.185,-0.03,0,max_hold 538d (-0.2%),morning,False
MO,Pullback50,2024-12-27,2024-12-27,47.3269,47.3631,0.076,0.01,0,max_hold 538d (+0.1%),morning,False
MMM,Pullback50,2024-12-27,2024-12-30,126.5425,125.5122,-2.7,-1.41,1,stop_loss (-0.8%),evening,False
AEE,Pullback50,2024-12-27,2024-12-30,86.3527,86.0173,-0.388,-0.2,1,max_hold 538d (-0.4%),evening,False
ADP,Pullback50,2024-12-27,2024-12-30,285.2192,281.7429,-1.219,-0.64,1,stop_loss (-1.2%),evening,False
BKR,Pullback50,2024-12-27,2024-12-30,39.6633,39.605,-0.147,-0.08,1,max_hold 538d (-0.1%),evening,False
BAC,Pullback50,2024-12-27,2024-12-30,42.8699,42.4349,-1.02,-0.53,1,stop_loss (-1.0%),evening,False
MMM,Pullback50,2024-12-30,2024-12-30,125.5122,125.5219,0.008,0.0,0,max_hold 535d (+0.0%),morning,False
AEE,Pullback50,2024-12-30,2024-12-30,86.0173,85.8736,-0.167,-0.09,0,max_hold 535d (-0.2%),morning,False
ADP,Pullback50,2024-12-30,2024-12-30,281.7429,282.1281,0.137,0.07,0,max_hold 535d (+0.1%),morning,False
BKR,Pullback50,2024-12-30,2024-12-30,39.605,39.7994,0.491,0.25,0,max_hold 535d (+0.5%),morning,False
BAC,Pullback50,2024-12-30,2024-12-30,42.4349,42.4542,0.046,0.02,0,max_hold 535d (+0.0%),morning,False
BA,GapDown,2024-12-30,2024-12-31,176.55,177.54,0.561,0.34,1,max_hold 535d (+0.6%),evening,False
COHR,GapDown,2024-12-30,2024-12-31,94.84,94.58,-0.274,-0.17,1,max_hold 535d (-0.3%),evening,False
MMM,Pullback50,2024-12-30,2024-12-31,125.5219,125.5899,0.054,0.03,1,max_hold 535d (+0.1%),evening,False
ADSK,Pullback50,2024-12-30,2024-12-31,297.53,298.55,0.343,0.21,1,max_hold 535d (+0.3%),evening,False
BKR,Pullback50,2024-12-30,2024-12-31,39.7994,39.9549,0.391,0.24,1,max_hold 535d (+0.4%),evening,False
BA,GapDown,2024-12-31,2024-12-31,177.54,177.0,-0.304,-0.18,0,max_hold 534d (-0.3%),morning,False
COHR,GapDown,2024-12-31,2024-12-31,94.58,94.73,0.159,0.1,0,max_hold 534d (+0.2%),morning,False
MMM,Pullback50,2024-12-31,2024-12-31,125.5899,125.483,-0.085,-0.05,0,max_hold 534d (-0.1%),morning,False
ADSK,Pullback50,2024-12-31,2024-12-31,298.55,295.57,-5.98,-3.63,0,stop_loss (-1.0%),morning,False
BKR,Pullback50,2024-12-31,2024-12-31,39.9549,39.8772,-0.195,-0.12,0,max_hold 534d (-0.2%),morning,False
AIZ,Pullback50,2024-12-31,2025-01-02,208.4291,209.1915,0.366,0.16,1,max_hold 534d (+0.4%),evening,False
T,Pullback50,2024-12-31,2025-01-02,21.3181,21.3742,0.264,0.12,1,max_hold 534d (+0.3%),evening,False
AZO,Pullback50,2024-12-31,2025-01-02,3202.0,3211.1499,0.286,0.13,1,max_hold 534d (+0.3%),evening,False
BMY,Pullback50,2024-12-31,2025-01-02,52.7089,53.0537,0.654,0.29,1,max_hold 534d (+0.7%),evening,False
BR,Pullback50,2024-12-31,2025-01-02,219.8616,220.2409,0.172,0.08,1,max_hold 534d (+0.2%),evening,False
AIZ,Pullback50,2025-01-02,2025-01-02,209.1915,206.6597,-1.21,-0.55,0,stop_loss (-1.2%),morning,False
T,Pullback50,2025-01-02,2025-01-02,21.3742,21.3742,0.0,0.0,0,max_hold 532d (+0.0%),morning,False
AZO,Pullback50,2025-01-02,2025-01-02,3211.1499,3250.0,1.21,0.55,0,max_hold 532d (+1.2%),morning,False
BMY,Pullback50,2025-01-02,2025-01-02,53.0537,52.9232,-0.246,-0.11,0,max_hold 532d (-0.2%),morning,False
BR,Pullback50,2025-01-02,2025-01-02,220.2409,220.5813,0.155,0.07,0,max_hold 532d (+0.2%),morning,False
AMT,MomReversal,2025-01-02,2025-01-03,171.5247,171.7331,0.122,0.09,1,max_hold 532d (+0.1%),evening,True
ABBV,Pullback50,2025-01-02,2025-01-03,170.5788,170.7879,0.123,0.09,1,max_hold 532d (+0.1%),evening,False
BR,Pullback50,2025-01-02,2025-01-03,220.5813,219.7741,-0.366,-0.28,1,max_hold 532d (-0.4%),evening,False
COHR,Pullback50,2025-01-02,2025-01-03,100.59,102.72,2.118,1.61,1,max_hold 532d (+2.1%),evening,False
AMT,MomReversal,2025-01-03,2025-01-03,171.7331,172.9743,0.723,0.56,0,max_hold 531d (+0.7%),morning,True
ABBV,Pullback50,2025-01-03,2025-01-03,170.7879,172.2709,0.868,0.67,0,max_hold 531d (+0.9%),morning,False
BR,Pullback50,2025-01-03,2025-01-03,219.7741,222.9151,1.429,1.11,0,max_hold 531d (+1.4%),morning,False
COHR,Pullback50,2025-01-03,2025-01-03,102.72,106.24,3.427,2.65,0,max_hold 531d (+3.4%),morning,False
AVY,52wkLow,2025-01-03,2025-01-06,179.1744,179.368,0.108,0.04,1,max_hold 531d (+0.1%),evening,True
ALB,MomReversal,2025-01-03,2025-01-06,85.5744,87.7189,2.506,0.92,1,max_hold 531d (+2.5%),evening,True
MMM,Pullback50,2025-01-03,2025-01-06,126.2412,127.1647,0.732,0.27,1,max_hold 531d (+0.7%),evening,False
ABBV,Pullback50,2025-01-03,2025-01-06,172.2709,171.8526,-0.243,-0.09,1,max_hold 531d (-0.2%),evening,False
MO,Pullback50,2025-01-03,2025-01-06,48.0503,47.978,-0.151,-0.06,1,max_hold 531d (-0.2%),evening,False
AVY,52wkLow,2025-01-06,2025-01-06,179.368,182.0301,1.484,0.55,0,max_hold 528d (+1.5%),morning,True
ALB,MomReversal,2025-01-06,2025-01-06,87.7189,87.9139,0.222,0.08,0,max_hold 528d (+0.2%),morning,True
MMM,Pullback50,2025-01-06,2025-01-06,127.1647,126.6495,-0.405,-0.15,0,max_hold 528d (-0.4%),morning,False
ABBV,Pullback50,2025-01-06,2025-01-06,171.8526,171.2062,-0.376,-0.14,0,max_hold 528d (-0.4%),morning,False
MO,Pullback50,2025-01-06,2025-01-06,47.978,47.1009,-1.828,-0.67,0,stop_loss (-1.8%),morning,False
AOS,52wkLow,2025-01-06,2025-01-07,66.7985,66.624,-0.261,-0.07,1,max_hold 528d (-0.3%),evening,True
AVY,52wkLow,2025-01-06,2025-01-07,182.0301,182.2334,0.112,0.03,1,max_hold 528d (+0.1%),evening,True
AMCR,MomReversal,2025-01-06,2025-01-07,44.5786,45.004,0.954,0.27,1,max_hold 528d (+1.0%),evening,True
AMGN,MomReversal,2025-01-06,2025-01-07,246.8507,248.4067,0.63,0.18,1,max_hold 528d (+0.6%),evening,True
APH,Pullback50,2025-01-06,2025-01-07,70.4475,71.3092,1.223,0.35,1,max_hold 528d (+1.2%),evening,False
AOS,52wkLow,2025-01-07,2025-01-07,66.624,66.2168,-1.24,-0.35,0,stop_loss (-0.6%),morning,True
AVY,52wkLow,2025-01-07,2025-01-07,182.2334,180.7233,-0.51,-0.14,0,stop_loss (-0.8%),morning,True
AMCR,MomReversal,2025-01-07,2025-01-07,45.004,44.9095,-0.21,-0.06,0,max_hold 527d (-0.2%),morning,True
AMGN,MomReversal,2025-01-07,2025-01-07,248.4067,250.1632,0.707,0.2,0,max_hold 527d (+0.7%),morning,True
APH,Pullback50,2025-01-07,2025-01-07,71.3092,70.7743,-0.96,-0.27,0,stop_loss (-0.8%),morning,False
ARE,52wkLow,2025-01-07,2025-01-08,90.0405,89.7076,-0.37,-0.27,1,max_hold 527d (-0.4%),evening,True
ACN,Pullback50,2025-01-07,2025-01-08,348.4187,352.9255,1.294,0.95,1,max_hold 527d (+1.3%),evening,False
BR,Pullback50,2025-01-07,2025-01-08,220.0853,220.4451,0.163,0.12,1,max_hold 527d (+0.2%),evening,False
CME,Pullback50,2025-01-07,2025-01-08,216.4427,217.0243,0.269,0.2,1,max_hold 527d (+0.3%),evening,False
ARE,52wkLow,2025-01-08,2025-01-08,89.7076,90.0683,0.402,0.3,0,max_hold 526d (+0.4%),morning,True
ACN,Pullback50,2025-01-08,2025-01-08,352.9255,349.7287,-2.69,-1.99,0,stop_loss (-0.9%),morning,False
BR,Pullback50,2025-01-08,2025-01-08,220.4451,223.168,1.235,0.91,0,max_hold 526d (+1.2%),morning,False
CME,Pullback50,2025-01-08,2025-01-08,217.0243,218.6261,0.738,0.55,0,max_hold 526d (+0.7%),morning,False
CHD,RSIRecovery,2025-01-08,2025-01-08,100.7052,100.6463,-0.058,-0.04,0,max_hold 526d (-0.1%),morning,False
AMD,52wkLow,2025-01-08,2025-01-10,121.84,118.18,-3.004,-0.74,1,stop_loss (-3.0%),evening,True
AES,52wkLow,2025-01-08,2025-01-10,11.4052,11.3132,-0.54,-0.13,1,stop_loss (-0.8%),evening,True
ARE,52wkLow,2025-01-08,2025-01-10,90.0683,88.7828,-1.427,-0.35,1,stop_loss (-1.4%),evening,True
ALLE,MomReversal,2025-01-08,2025-01-10,126.4043,125.1442,-0.77,-0.19,1,stop_loss (-1.0%),evening,True
ABT,Pullback50,2025-01-08,2025-01-10,110.8648,110.399,-0.42,-0.1,1,max_hold 526d (-0.4%),evening,False
AMD,52wkLow,2025-01-10,2025-01-10,118.18,116.04,-1.811,-0.44,0,stop_loss (-1.8%),morning,True
AES,52wkLow,2025-01-10,2025-01-10,11.3132,11.0557,-2.276,-0.56,0,stop_loss (-2.3%),morning,True
ARE,52wkLow,2025-01-10,2025-01-10,88.7828,87.8487,-1.65,-0.4,0,stop_loss (-1.1%),morning,True
ALLE,MomReversal,2025-01-10,2025-01-10,125.1442,124.2483,-1.23,-0.3,0,stop_loss (-0.7%),morning,True
ABT,Pullback50,2025-01-10,2025-01-10,110.399,108.9823,-1.283,-0.31,0,stop_loss (-1.3%),morning,False
AOS,52wkLow,2025-01-10,2025-01-13,65.5188,65.5188,-0.0,-0.0,1,max_hold 524d (-0.0%),evening,True
AMD,52wkLow,2025-01-10,2025-01-13,116.04,115.28,-0.83,-0.16,1,stop_loss (-0.7%),evening,True
AES,52wkLow,2025-01-10,2025-01-13,11.0557,11.0373,-0.166,-0.03,1,max_hold 524d (-0.2%),evening,True
AKAM,52wkLow,2025-01-10,2025-01-13,88.93,88.95,0.022,0.0,1,max_hold 524d (+0.0%),evening,True
AMT,52wkLow,2025-01-10,2025-01-13,164.3521,165.4891,0.692,0.13,1,max_hold 524d (+0.7%),evening,True
AOS,52wkLow,2025-01-13,2025-01-13,65.5188,66.5367,1.554,0.3,0,max_hold 521d (+1.6%),morning,True
AMD,52wkLow,2025-01-13,2025-01-13,115.28,117.32,1.77,0.34,0,max_hold 521d (+1.8%),morning,True
AES,52wkLow,2025-01-13,2025-01-13,11.0373,10.7521,-2.583,-0.5,0,stop_loss (-2.6%),morning,True
AKAM,52wkLow,2025-01-13,2025-01-13,88.95,89.61,0.742,0.14,0,max_hold 521d (+0.7%),morning,True
AMT,52wkLow,2025-01-13,2025-01-13,165.4891,167.6494,1.305,0.25,0,max_hold 521d (+1.3%),morning,True
AES,52wkLow,2025-01-13,2025-01-14,10.7521,10.8349,0.77,0.2,1,max_hold 521d (+0.8%),evening,True
BALL,52wkLow,2025-01-13,2025-01-14,52.089,52.2748,0.357,0.09,1,max_hold 521d (+0.4%),evening,True
BF-B,52wkLow,2025-01-13,2025-01-14,32.8556,33.0653,0.638,0.17,1,max_hold 521d (+0.6%),evening,True
ANET,GapDown,2025-01-13,2025-01-14,112.64,114.61,1.749,0.46,1,max_hold 521d (+1.7%),evening,False
COIN,GapDown,2025-01-13,2025-01-14,251.2,261.73,4.192,1.1,1,max_hold 521d (+4.2%),evening,False
AES,52wkLow,2025-01-14,2025-01-14,10.8349,10.8993,0.594,0.16,0,max_hold 520d (+0.6%),morning,True
BALL,52wkLow,2025-01-14,2025-01-14,52.2748,53.1944,1.759,0.46,0,max_hold 520d (+1.8%),morning,True
BF-B,52wkLow,2025-01-14,2025-01-14,33.0653,32.827,-0.73,-0.19,0,stop_loss (-0.7%),morning,True
ANET,GapDown,2025-01-14,2025-01-14,114.61,114.91,0.262,0.07,0,max_hold 520d (+0.3%),morning,False
COIN,GapDown,2025-01-14,2025-01-14,261.73,255.37,-2.43,-0.64,0,stop_loss (-2.4%),morning,False
CRL,52wkLow,2025-01-14,2025-01-15,178.08,180.5,1.359,0.63,1,max_hold 520d (+1.4%),evening,True
APD,Pullback50,2025-01-14,2025-01-15,298.0935,298.5775,0.162,0.07,1,max_hold 520d (+0.2%),evening,False
AEE,Pullback50,2025-01-14,2025-01-15,85.6628,86.5635,1.051,0.48,1,max_hold 520d (+1.1%),evening,False
AEP,Pullback50,2025-01-14,2025-01-15,89.948,90.7856,0.931,0.43,1,max_hold 520d (+0.9%),evening,False
AJG,Pullback50,2025-01-14,2025-01-15,284.7792,287.626,1.0,0.46,1,max_hold 520d (+1.0%),evening,False
CRL,52wkLow,2025-01-15,2025-01-15,180.5,173.91,-3.651,-1.69,0,stop_loss (-3.7%),morning,True
APD,Pullback50,2025-01-15,2025-01-15,298.5775,297.0675,-1.45,-0.67,0,stop_loss (-0.5%),morning,False
AEE,Pullback50,2025-01-15,2025-01-15,86.5635,87.3109,0.863,0.4,0,max_hold 519d (+0.9%),morning,False
AEP,Pullback50,2025-01-15,2025-01-15,90.7856,90.5381,-0.273,-0.13,0,max_hold 519d (-0.3%),morning,False
AJG,Pullback50,2025-01-15,2025-01-15,287.626,285.8431,-0.79,-0.37,0,stop_loss (-0.6%),morning,False
CRL,52wkLow,2025-01-15,2025-01-16,173.91,168.62,-3.042,-2.36,1,stop_loss (-3.0%),evening,True
AAPL,Pullback50,2025-01-15,2025-01-16,236.3599,235.8432,-0.219,-0.17,1,max_hold 519d (-0.2%),evening,False
BRK-B,Pullback50,2025-01-15,2025-01-16,458.51,458.93,0.092,0.07,1,max_hold 519d (+0.1%),evening,False
CRL,52wkLow,2025-01-16,2025-01-16,168.62,165.8,-1.672,-1.27,0,stop_loss (-1.7%),morning,True
AAPL,Pullback50,2025-01-16,2025-01-16,235.8432,226.8109,-3.83,-2.92,0,stop_loss (-3.8%),morning,False
BRK-B,Pullback50,2025-01-16,2025-01-16,458.93,462.81,0.845,0.64,0,max_hold 518d (+0.8%),morning,False
AES,52wkLow,2025-01-16,2025-01-17,11.0373,11.0649,0.25,0.05,1,max_hold 518d (+0.3%),evening,True
CRL,52wkLow,2025-01-16,2025-01-17,165.8,165.41,-0.235,-0.05,1,max_hold 518d (-0.2%),evening,True
ABT,Pullback50,2025-01-16,2025-01-17,111.1149,110.832,-0.255,-0.05,1,max_hold 518d (-0.3%),evening,False
AFL,Pullback50,2025-01-16,2025-01-17,102.5741,102.5838,0.009,0.0,1,max_hold 518d (+0.0%),evening,False
LNT,Pullback50,2025-01-16,2025-01-17,57.2706,57.4136,0.25,0.05,1,max_hold 518d (+0.2%),evening,False
AES,52wkLow,2025-01-17,2025-01-17,11.0649,10.8717,-1.746,-0.35,0,stop_loss (-1.7%),morning,True
CRL,52wkLow,2025-01-17,2025-01-17,165.41,163.5,-0.61,-0.12,0,stop_loss (-1.2%),morning,True
ABT,Pullback50,2025-01-17,2025-01-17,110.832,110.6955,-0.123,-0.02,0,max_hold 517d (-0.1%),morning,False
AFL,Pullback50,2025-01-17,2025-01-17,102.5838,103.1163,0.519,0.1,0,max_hold 517d (+0.5%),morning,False
LNT,Pullback50,2025-01-17,2025-01-17,57.4136,57.7282,0.548,0.11,0,max_hold 517d (+0.5%),morning,False
CRL,52wkLow,2025-01-17,2025-01-21,163.5,165.28,1.089,0.36,1,max_hold 517d (+1.1%),evening,True
AKAM,MomReversal,2025-01-17,2025-01-21,91.01,92.0,1.088,0.36,1,max_hold 517d (+1.1%),evening,True
AFL,Pullback50,2025-01-17,2025-01-21,103.1163,102.9517,-0.16,-0.05,1,max_hold 517d (-0.2%),evening,False
LNT,Pullback50,2025-01-17,2025-01-21,57.7282,58.3861,1.14,0.37,1,max_hold 517d (+1.1%),evening,False
AMP,Pullback50,2025-01-17,2025-01-21,541.6214,544.0048,0.44,0.14,1,max_hold 517d (+0.4%),evening,False
CRL,52wkLow,2025-01-21,2025-01-21,165.28,169.81,2.741,0.9,0,max_hold 513d (+2.7%),morning,True
AKAM,MomReversal,2025-01-21,2025-01-21,92.0,94.71,2.946,0.97,0,max_hold 513d (+2.9%),morning,True
AFL,Pullback50,2025-01-21,2025-01-21,102.9517,103.0195,0.066,0.02,0,max_hold 513d (+0.1%),morning,False
LNT,Pullback50,2025-01-21,2025-01-21,58.3861,58.1573,-0.392,-0.13,0,max_hold 513d (-0.4%),morning,False
AMP,Pullback50,2025-01-21,2025-01-21,544.0048,548.046,0.743,0.24,0,max_hold 513d (+0.7%),morning,False
CRL,52wkLow,2025-01-21,2025-01-22,169.81,167.87,-0.92,-0.2,1,stop_loss (-1.1%),evening,True
BF-B,MomReversal,2025-01-21,2025-01-22,32.217,31.9596,-2.42,-0.52,1,stop_loss (-0.8%),evening,True
ACN,Pullback50,2025-01-21,2025-01-22,349.9289,351.7157,0.511,0.11,1,max_hold 513d (+0.5%),evening,False
AFL,Pullback50,2025-01-21,2025-01-22,103.0195,102.9614,-0.056,-0.01,1,max_hold 513d (-0.1%),evening,False
ALLE,Pullback50,2025-01-21,2025-01-22,132.9706,132.3897,-0.437,-0.09,1,max_hold 513d (-0.4%),evening,False
CRL,52wkLow,2025-01-22,2025-01-22,167.87,168.22,0.208,0.04,0,max_hold 512d (+0.2%),morning,True
BF-B,MomReversal,2025-01-22,2025-01-22,31.9596,31.483,-1.491,-0.32,0,stop_loss (-1.5%),morning,True
ACN,Pullback50,2025-01-22,2025-01-22,351.7157,352.5698,0.243,0.05,0,max_hold 512d (+0.2%),morning,False
AFL,Pullback50,2025-01-22,2025-01-22,102.9614,100.9957,-1.909,-0.41,0,stop_loss (-1.9%),morning,False
ALLE,Pullback50,2025-01-22,2025-01-22,132.3897,130.1255,-1.71,-0.37,0,stop_loss (-1.7%),morning,False
AES,52wkLow,2025-01-22,2025-01-23,10.2371,10.2555,0.18,0.09,1,max_hold 512d (+0.2%),evening,True
ACN,Pullback50,2025-01-22,2025-01-23,352.5698,351.5684,-0.284,-0.15,1,max_hold 512d (-0.3%),evening,False
AME,Pullback50,2025-01-22,2025-01-23,186.8609,187.2372,0.201,0.1,1,max_hold 512d (+0.2%),evening,False
ADSK,Pullback50,2025-01-22,2025-01-23,301.45,297.61,-1.274,-0.66,1,stop_loss (-1.3%),evening,False
BMY,Pullback50,2025-01-22,2025-01-23,53.7901,53.8372,0.088,0.05,1,max_hold 512d (+0.1%),evening,False
AES,52wkLow,2025-01-23,2025-01-23,10.2555,10.605,3.408,1.76,0,max_hold 511d (+3.4%),morning,True
ACN,Pullback50,2025-01-23,2025-01-23,351.5684,356.6443,1.444,0.75,0,max_hold 511d (+1.4%),morning,False
AME,Pullback50,2025-01-23,2025-01-23,187.2372,188.5741,0.714,0.37,0,max_hold 511d (+0.7%),morning,False
ADSK,Pullback50,2025-01-23,2025-01-23,297.61,301.08,1.166,0.6,0,max_hold 511d (+1.2%),morning,False
BMY,Pullback50,2025-01-23,2025-01-23,53.8372,55.7216,3.5,1.81,0,max_hold 511d (+3.5%),morning,False
AES,52wkLow,2025-01-23,2025-01-24,10.605,10.651,0.434,0.09,1,max_hold 511d (+0.4%),evening,True
BIIB,52wkLow,2025-01-23,2025-01-24,143.67,143.45,-0.153,-0.03,1,max_hold 511d (-0.2%),evening,True
CPB,52wkLow,2025-01-23,2025-01-24,36.0876,36.0876,-0.0,-0.0,1,max_hold 511d (-0.0%),evening,True
APO,Pullback50,2025-01-23,2025-01-24,166.0133,165.7786,-0.141,-0.03,1,max_hold 511d (-0.1%),evening,False
T,Pullback50,2025-01-23,2025-01-24,21.3611,21.3801,0.089,0.02,1,max_hold 511d (+0.1%),evening,False
AES,52wkLow,2025-01-24,2025-01-24,10.651,10.6694,0.173,0.04,0,max_hold 510d (+0.2%),morning,True
BIIB,52wkLow,2025-01-24,2025-01-24,143.45,146.2,1.917,0.41,0,max_hold 510d (+1.9%),morning,True
CPB,52wkLow,2025-01-24,2025-01-24,36.0876,36.4523,1.011,0.22,0,max_hold 510d (+1.0%),morning,True
APO,Pullback50,2025-01-24,2025-01-24,165.7786,168.2725,1.504,0.33,0,max_hold 510d (+1.5%),morning,False
T,Pullback50,2025-01-24,2025-01-24,21.3801,21.5412,0.754,0.16,0,max_hold 510d (+0.8%),morning,False
AOS,52wkLow,2025-01-24,2025-01-27,68.4176,68.7666,0.51,0.13,1,max_hold 510d (+0.5%),evening,True
AVY,52wkLow,2025-01-24,2025-01-27,185.3989,186.4347,0.559,0.14,1,max_hold 510d (+0.6%),evening,True
CPB,52wkLow,2025-01-24,2025-01-27,36.4523,37.1443,1.898,0.47,1,max_hold 510d (+1.9%),evening,True
AON,Pullback50,2025-01-24,2025-01-27,365.9787,367.8028,0.498,0.12,1,max_hold 510d (+0.5%),evening,False
AJG,Pullback50,2025-01-24,2025-01-27,285.1733,285.1831,0.003,0.0,1,max_hold 510d (+0.0%),evening,False
AOS,52wkLow,2025-01-27,2025-01-27,68.7666,69.2513,0.705,0.17,0,max_hold 507d (+0.7%),morning,True
AVY,52wkLow,2025-01-27,2025-01-27,186.4347,189.6486,1.724,0.42,0,max_hold 507d (+1.7%),morning,True
CPB,52wkLow,2025-01-27,2025-01-27,37.1443,37.3968,0.68,0.17,0,max_hold 507d (+0.7%),morning,True
AON,Pullback50,2025-01-27,2025-01-27,367.8028,373.5528,1.563,0.39,0,max_hold 507d (+1.6%),morning,False
AJG,Pullback50,2025-01-27,2025-01-27,285.1831,291.566,2.238,0.55,0,max_hold 507d (+2.2%),morning,False
AMD,52wkLow,2025-01-27,2025-01-28,115.01,115.18,0.148,0.02,1,max_hold 507d (+0.1%),evening,True
AES,52wkLow,2025-01-27,2025-01-28,10.5222,10.513,-0.087,-0.01,1,max_hold 507d (-0.1%),evening,True
BF-B,52wkLow,2025-01-27,2025-01-28,32.8746,32.7603,-0.348,-0.05,1,max_hold 507d (-0.3%),evening,True
BG,52wkLow,2025-01-27,2025-01-28,75.1366,75.4039,0.356,0.05,1,max_hold 507d (+0.4%),evening,True
CPB,MomReversal,2025-01-27,2025-01-28,37.3968,37.2285,-0.45,-0.06,1,max_hold 507d (-0.5%),evening,True
AMD,52wkLow,2025-01-28,2025-01-28,115.18,114.17,-1.1,-0.15,0,stop_loss (-0.9%),morning,True
AES,52wkLow,2025-01-28,2025-01-28,10.513,10.1267,-3.675,-0.49,0,stop_loss (-3.7%),morning,True
BF-B,52wkLow,2025-01-28,2025-01-28,32.7603,31.5116,-3.811,-0.51,0,stop_loss (-3.8%),morning,True
BG,52wkLow,2025-01-28,2025-01-28,75.4039,73.7805,-2.153,-0.29,0,stop_loss (-2.2%),morning,True
CPB,MomReversal,2025-01-28,2025-01-28,37.2285,36.7983,-4.36,-0.58,0,stop_loss (-1.2%),morning,True
AOS,52wkLow,2025-01-28,2025-01-29,67.7389,67.6129,-0.186,-0.06,1,max_hold 506d (-0.2%),evening,True
AES,52wkLow,2025-01-28,2025-01-29,10.1267,10.2279,0.999,0.34,1,max_hold 506d (+1.0%),evening,True
ARE,52wkLow,2025-01-28,2025-01-29,89.9388,90.4289,0.545,0.18,1,max_hold 506d (+0.5%),evening,True
CPB,52wkLow,2025-01-28,2025-01-29,36.7983,36.9011,0.28,0.09,1,max_hold 506d (+0.3%),evening,True
APO,Pullback50,2025-01-28,2025-01-29,165.583,165.7297,0.089,0.03,1,max_hold 506d (+0.1%),evening,False
AOS,52wkLow,2025-01-29,2025-01-29,67.6129,67.1088,-0.53,-0.18,0,stop_loss (-0.7%),morning,True
AES,52wkLow,2025-01-29,2025-01-29,10.2279,10.2555,0.27,0.09,0,max_hold 505d (+0.3%),morning,True
ARE,52wkLow,2025-01-29,2025-01-29,90.4289,88.5885,-2.035,-0.68,0,stop_loss (-2.0%),morning,True
CPB,52wkLow,2025-01-29,2025-01-29,36.9011,36.1624,-2.002,-0.67,0,stop_loss (-2.0%),morning,True
APO,Pullback50,2025-01-29,2025-01-29,165.7297,167.3336,0.968,0.33,0,max_hold 505d (+1.0%),morning,False
AOS,52wkLow,2025-01-29,2025-01-30,67.1088,64.4814,-3.915,-0.96,1,stop_loss (-3.9%),evening,True
ADM,52wkLow,2025-01-29,2025-01-30,49.0248,49.1956,0.348,0.09,1,max_hold 505d (+0.3%),evening,True
BIIB,52wkLow,2025-01-29,2025-01-30,144.41,145.84,0.99,0.24,1,max_hold 505d (+1.0%),evening,True
CPB,52wkLow,2025-01-29,2025-01-30,36.1624,36.3775,0.595,0.15,1,max_hold 505d (+0.6%),evening,True
AES,MomReversal,2025-01-29,2025-01-30,10.2555,10.3842,1.256,0.31,1,max_hold 505d (+1.3%),evening,True
AOS,52wkLow,2025-01-30,2025-01-30,64.4814,65.257,1.203,0.3,0,max_hold 504d (+1.2%),morning,True
ADM,52wkLow,2025-01-30,2025-01-30,49.1956,49.0342,-0.328,-0.08,0,max_hold 504d (-0.3%),morning,True
BIIB,52wkLow,2025-01-30,2025-01-30,145.84,146.23,0.267,0.07,0,max_hold 504d (+0.3%),morning,True
CPB,52wkLow,2025-01-30,2025-01-30,36.3775,37.0508,1.851,0.45,0,max_hold 504d (+1.9%),morning,True
AES,MomReversal,2025-01-30,2025-01-30,10.3842,10.3658,-0.177,-0.04,0,max_hold 504d (-0.2%),morning,True
AOS,52wkLow,2025-01-30,2025-01-31,65.257,66.0171,1.165,0.25,1,max_hold 504d (+1.2%),evening,True
AVY,52wkLow,2025-01-30,2025-01-31,176.6575,178.7969,1.211,0.26,1,max_hold 504d (+1.2%),evening,True
MO,GapDown,2025-01-30,2025-01-31,46.6036,46.3865,-0.466,-0.1,1,max_hold 504d (-0.5%),evening,False
CHRW,GapDown,2025-01-30,2025-01-31,97.6139,100.0533,2.499,0.54,1,max_hold 504d (+2.5%),evening,False
CAT,GapDown,2025-01-30,2025-01-31,369.1876,371.6292,0.661,0.14,1,max_hold 504d (+0.7%),evening,False
AOS,52wkLow,2025-01-31,2025-01-31,66.0171,65.5786,-0.95,-0.21,0,stop_loss (-0.7%),morning,True
AVY,52wkLow,2025-01-31,2025-01-31,178.7969,179.7939,0.558,0.12,0,max_hold 503d (+0.6%),morning,True
MO,GapDown,2025-01-31,2025-01-31,46.3865,47.2275,1.813,0.39,0,max_hold 503d (+1.8%),morning,False
CHRW,GapDown,2025-01-31,2025-01-31,100.0533,96.6906,-3.361,-0.73,0,stop_loss (-3.4%),morning,False
CAT,GapDown,2025-01-31,2025-01-31,371.6292,365.7022,-1.595,-0.35,0,stop_loss (-1.6%),morning,False
AOS,52wkLow,2025-01-31,2025-02-03,65.5786,65.0037,-0.64,-0.12,1,stop_loss (-0.9%),evening,True
AES,52wkLow,2025-01-31,2025-02-03,10.278,10.1005,-1.727,-0.34,1,stop_loss (-1.7%),evening,True
ARE,52wkLow,2025-01-31,2025-02-03,90.0313,89.0047,-0.65,-0.13,1,stop_loss (-1.1%),evening,True
ADM,52wkLow,2025-01-31,2025-02-03,48.6167,48.2845,-1.01,-0.2,1,stop_loss (-0.7%),evening,True
AVY,52wkLow,2025-01-31,2025-02-03,179.7939,176.6285,-1.761,-0.34,1,stop_loss (-1.8%),evening,True
AOS,52wkLow,2025-02-03,2025-02-03,65.0037,65.3252,0.495,0.1,0,max_hold 500d (+0.5%),morning,True
AES,52wkLow,2025-02-03,2025-02-03,10.1005,10.007,-0.62,-0.12,0,stop_loss (-0.9%),morning,True
ARE,52wkLow,2025-02-03,2025-02-03,89.0047,87.4695,-1.725,-0.33,0,stop_loss (-1.7%),morning,True
ADM,52wkLow,2025-02-03,2025-02-03,48.2845,47.4684,-1.69,-0.33,0,stop_loss (-1.7%),morning,True
AVY,52wkLow,2025-02-03,2025-02-03,176.6285,177.4803,0.482,0.09,0,max_hold 500d (+0.5%),morning,True
AOS,52wkLow,2025-02-03,2025-02-04,65.3252,65.3447,0.03,0.0,1,max_hold 500d (+0.0%),evening,True
AES,52wkLow,2025-02-03,2025-02-04,10.007,9.9043,-1.04,-0.13,1,stop_loss (-1.0%),evening,True
ADM,52wkLow,2025-02-03,2025-02-04,47.4684,46.026,-3.039,-0.39,1,stop_loss (-3.0%),evening,True
AZO,VolumeSpike,2025-02-03,2025-02-04,3432.2,3425.3601,-0.199,-0.03,1,max_hold 500d (-0.2%),evening,True
CLX,VolumeSpike,2025-02-03,2025-02-04,151.5756,146.0924,-3.617,-0.46,1,stop_loss (-3.6%),evening,True
AOS,52wkLow,2025-02-04,2025-02-04,65.3447,63.9805,-2.088,-0.26,0,stop_loss (-2.1%),morning,True
AES,52wkLow,2025-02-04,2025-02-04,9.9043,9.9136,0.094,0.01,0,max_hold 499d (+0.1%),morning,True
ADM,52wkLow,2025-02-04,2025-02-04,46.026,45.0675,-2.082,-0.26,0,stop_loss (-2.1%),morning,True
AZO,VolumeSpike,2025-02-04,2025-02-04,3425.3601,3459.0,0.982,0.12,0,max_hold 499d (+1.0%),morning,True
CLX,VolumeSpike,2025-02-04,2025-02-04,146.0924,140.5997,-3.76,-0.48,0,stop_loss (-3.8%),morning,True
AOS,52wkLow,2025-02-04,2025-02-05,63.9805,64.3118,0.518,0.09,1,max_hold 499d (+0.5%),evening,True
AMD,52wkLow,2025-02-04,2025-02-05,119.5,107.61,-9.95,-1.66,1,stop_loss (-9.9%),evening,True
ADM,52wkLow,2025-02-04,2025-02-05,45.0675,45.0675,-0.0,-0.0,1,max_hold 499d (-0.0%),evening,True
BALL,52wkLow,2025-02-04,2025-02-05,50.7097,51.3847,1.331,0.22,1,max_hold 499d (+1.3%),evening,True
BG,52wkLow,2025-02-04,2025-02-05,71.6414,68.0507,-5.012,-0.83,1,stop_loss (-5.0%),evening,True
AOS,52wkLow,2025-02-05,2025-02-05,64.3118,63.961,-1.91,-0.32,0,stop_loss (-0.5%),morning,True
AMD,52wkLow,2025-02-05,2025-02-05,107.61,112.01,4.089,0.68,0,max_hold 498d (+4.1%),morning,True
ADM,52wkLow,2025-02-05,2025-02-05,45.0675,44.0805,-2.19,-0.36,0,stop_loss (-2.2%),morning,True
BALL,52wkLow,2025-02-05,2025-02-05,51.3847,50.0739,-2.551,-0.42,0,stop_loss (-2.6%),morning,True
BG,52wkLow,2025-02-05,2025-02-05,68.0507,66.7233,-1.951,-0.32,0,stop_loss (-2.0%),morning,True
AMD,52wkLow,2025-02-05,2025-02-06,112.01,110.93,-1.74,-0.35,1,stop_loss (-1.0%),evening,True
ADM,52wkLow,2025-02-05,2025-02-06,44.0805,44.4127,0.754,0.15,1,max_hold 498d (+0.8%),evening,True
BALL,52wkLow,2025-02-05,2025-02-06,50.0739,51.3553,2.559,0.52,1,max_hold 498d (+2.6%),evening,True
BG,52wkLow,2025-02-05,2025-02-06,66.7233,67.5828,1.288,0.26,1,max_hold 498d (+1.3%),evening,True
TECH,VolumeSpike,2025-02-05,2025-02-06,74.586,76.3503,2.365,0.48,1,max_hold 498d (+2.4%),evening,True
AMD,52wkLow,2025-02-06,2025-02-06,110.93,110.16,-1.02,-0.21,0,stop_loss (-0.7%),morning,True
ADM,52wkLow,2025-02-06,2025-02-06,44.4127,43.2264,-2.671,-0.54,0,stop_loss (-2.7%),morning,True
BALL,52wkLow,2025-02-06,2025-02-06,51.3553,50.1522,-2.343,-0.47,0,stop_loss (-2.3%),morning,True
BG,52wkLow,2025-02-06,2025-02-06,67.5828,66.1694,-2.091,-0.42,0,stop_loss (-2.1%),morning,True
TECH,VolumeSpike,2025-02-06,2025-02-06,76.3503,74.3481,-2.622,-0.53,0,stop_loss (-2.6%),morning,True
ADM,52wkLow,2025-02-06,2025-02-07,43.2264,43.3403,0.263,0.1,1,max_hold 497d (+0.3%),evening,True
BDX,52wkLow,2025-02-06,2025-02-07,172.5159,173.9889,0.854,0.31,1,max_hold 497d (+0.9%),evening,True
BG,52wkLow,2025-02-06,2025-02-07,66.1694,66.475,0.462,0.17,1,max_hold 497d (+0.5%),evening,True
CNC,52wkLow,2025-02-06,2025-02-07,58.63,59.06,0.733,0.27,1,max_hold 497d (+0.7%),evening,True
AMZN,VolumeSpike,2025-02-06,2025-02-07,238.83,232.5,-2.65,-0.96,1,stop_loss (-2.7%),evening,True
ADM,52wkLow,2025-02-07,2025-02-07,43.3403,43.4257,0.197,0.07,0,max_hold 496d (+0.2%),morning,True
BDX,52wkLow,2025-02-07,2025-02-07,173.9889,174.5204,0.305,0.11,0,max_hold 496d (+0.3%),morning,True
BG,52wkLow,2025-02-07,2025-02-07,66.475,66.4655,-0.014,-0.01,0,max_hold 496d (-0.0%),morning,True
CNC,52wkLow,2025-02-07,2025-02-07,59.06,58.94,-0.203,-0.07,0,max_hold 496d (-0.2%),morning,True
AMZN,VolumeSpike,2025-02-07,2025-02-07,232.5,229.15,-1.441,-0.52,0,stop_loss (-1.4%),morning,True
ALGN,52wkLow,2025-02-07,2025-02-10,210.55,214.57,1.909,1.15,1,max_hold 496d (+1.9%),evening,True
BDX,52wkLow,2025-02-07,2025-02-10,174.5204,174.5204,0.0,0.0,1,max_hold 496d (+0.0%),evening,True
CPT,VolumeSpike,2025-02-07,2025-02-10,113.4956,113.2384,-0.227,-0.14,1,max_hold 496d (-0.2%),evening,True
CARR,MomReversal,2025-02-07,2025-02-10,63.0352,63.6442,0.966,0.58,1,max_hold 496d (+1.0%),evening,False
AIZ,Pullback50,2025-02-07,2025-02-10,211.1103,211.3752,0.125,0.08,1,max_hold 496d (+0.1%),evening,False
ALGN,52wkLow,2025-02-10,2025-02-10,214.57,212.03,-0.61,-0.37,0,stop_loss (-1.2%),morning,True
BDX,52wkLow,2025-02-10,2025-02-10,174.5204,174.2926,-0.131,-0.08,0,max_hold 493d (-0.1%),morning,True
CPT,VolumeSpike,2025-02-10,2025-02-10,113.2384,113.6671,0.378,0.23,0,max_hold 493d (+0.4%),morning,True
CARR,MomReversal,2025-02-10,2025-02-10,63.6442,65.0588,2.223,1.35,0,max_hold 493d (+2.2%),morning,False
AIZ,Pullback50,2025-02-10,2025-02-10,211.3752,208.5298,-1.346,-0.82,0,stop_loss (-1.3%),morning,False
ALB,52wkLow,2025-02-10,2025-02-11,73.2437,71.5573,-2.302,-0.76,1,stop_loss (-2.3%),evening,True
BIIB,52wkLow,2025-02-10,2025-02-11,142.54,140.66,-1.319,-0.44,1,stop_loss (-1.3%),evening,True
BG,52wkLow,2025-02-10,2025-02-11,66.0453,66.1312,0.13,0.04,1,max_hold 493d (+0.1%),evening,True
CRL,52wkLow,2025-02-10,2025-02-11,159.89,157.37,-1.576,-0.52,1,stop_loss (-1.6%),evening,True
CARR,MomReversal,2025-02-10,2025-02-11,65.0588,63.3593,-2.612,-0.86,1,stop_loss (-2.6%),evening,False
ALB,52wkLow,2025-02-11,2025-02-11,71.5573,73.7895,3.119,1.02,0,max_hold 492d (+3.1%),morning,True
BIIB,52wkLow,2025-02-11,2025-02-11,140.66,139.39,-0.62,-0.2,0,stop_loss (-0.9%),morning,True
BG,52wkLow,2025-02-11,2025-02-11,66.1312,66.7711,0.968,0.32,0,max_hold 492d (+1.0%),morning,True
CRL,52wkLow,2025-02-11,2025-02-11,157.37,154.9,-1.57,-0.52,0,stop_loss (-1.6%),morning,True
CARR,MomReversal,2025-02-11,2025-02-11,63.3593,64.0077,1.023,0.34,0,max_hold 492d (+1.0%),morning,False
AES,52wkLow,2025-02-11,2025-02-12,9.5585,9.4277,-1.369,-0.45,1,stop_loss (-1.4%),evening,True
ALB,52wkLow,2025-02-11,2025-02-12,73.7895,73.809,0.026,0.01,1,max_hold 492d (+0.0%),evening,True
BIIB,52wkLow,2025-02-11,2025-02-12,139.39,136.76,-1.887,-0.62,1,stop_loss (-1.9%),evening,True
SCHW,VolumeSpike,2025-02-11,2025-02-12,81.6238,81.5159,-0.132,-0.04,1,max_hold 492d (-0.1%),evening,True
BF-B,MomReversal,2025-02-11,2025-02-12,29.8912,29.7197,-1.32,-0.43,1,stop_loss (-0.6%),evening,False
AES,52wkLow,2025-02-12,2025-02-12,9.4277,9.4277,0.0,0.0,0,max_hold 491d (+0.0%),morning,True
ALB,52wkLow,2025-02-12,2025-02-12,73.809,74.6668,1.162,0.38,0,max_hold 491d (+1.2%),morning,True
BIIB,52wkLow,2025-02-12,2025-02-12,136.76,133.43,-2.435,-0.8,0,stop_loss (-2.4%),morning,True
SCHW,VolumeSpike,2025-02-12,2025-02-12,81.5159,80.7213,-1.72,-0.56,0,stop_loss (-1.0%),morning,True
BF-B,MomReversal,2025-02-12,2025-02-12,29.7197,29.2145,-1.7,-0.56,0,stop_loss (-1.7%),morning,False
BALL,52wkLow,2025-02-12,2025-02-13,48.499,48.8414,0.706,0.21,1,max_hold 491d (+0.7%),evening,True
BIIB,52wkLow,2025-02-12,2025-02-13,133.43,132.15,-5.73,-1.71,1,stop_loss (-1.0%),evening,True
APP,VolumeSpike,2025-02-12,2025-02-13,380.32,499.34,31.295,9.37,1,max_hold 491d (+31.3%),evening,True
SCHW,VolumeSpike,2025-02-12,2025-02-13,80.7213,80.7016,-0.024,-0.01,1,max_hold 491d (-0.0%),evening,True
BLDR,GapDown,2025-02-12,2025-02-13,150.76,151.72,0.637,0.19,1,max_hold 491d (+0.6%),evening,False
BALL,52wkLow,2025-02-13,2025-02-13,48.8414,48.2545,-1.202,-0.37,0,stop_loss (-1.2%),morning,True
BIIB,52wkLow,2025-02-13,2025-02-13,132.15,138.45,4.767,1.46,0,max_hold 490d (+4.8%),morning,True
APP,VolumeSpike,2025-02-13,2025-02-13,499.34,471.67,-5.541,-1.69,0,stop_loss (-5.5%),morning,True
SCHW,VolumeSpike,2025-02-13,2025-02-13,80.7016,80.0247,-0.96,-0.29,0,stop_loss (-0.8%),morning,True
BLDR,GapDown,2025-02-13,2025-02-13,151.72,152.5,0.514,0.16,0,max_hold 490d (+0.5%),morning,False
ADM,52wkLow,2025-02-13,2025-02-14,43.3783,43.4257,0.109,0.02,1,max_hold 490d (+0.1%),evening,True
BIIB,52wkLow,2025-02-13,2025-02-14,138.45,140.14,1.221,0.22,1,max_hold 490d (+1.2%),evening,True
CNC,52wkLow,2025-02-13,2025-02-14,56.81,57.15,0.598,0.11,1,max_hold 490d (+0.6%),evening,True
ALB,VolumeSpike,2025-02-13,2025-02-14,77.2499,78.137,1.148,0.21,1,max_hold 490d (+1.1%),evening,True
AWK,VolumeSpike,2025-02-13,2025-02-14,122.8767,123.0026,0.102,0.02,1,max_hold 490d (+0.1%),evening,True
ADM,52wkLow,2025-02-14,2025-02-14,43.4257,43.7484,0.743,0.14,0,max_hold 489d (+0.7%),morning,True
BIIB,52wkLow,2025-02-14,2025-02-14,140.14,137.33,-2.005,-0.37,0,stop_loss (-2.0%),morning,True
CNC,52wkLow,2025-02-14,2025-02-14,57.15,56.86,-1.46,-0.27,0,stop_loss (-0.5%),morning,True
ALB,VolumeSpike,2025-02-14,2025-02-14,78.137,79.1605,1.31,0.24,0,max_hold 489d (+1.3%),morning,True
AWK,VolumeSpike,2025-02-14,2025-02-14,123.0026,121.7048,-1.14,-0.21,0,stop_loss (-1.1%),morning,True
AES,52wkLow,2025-02-14,2025-02-18,9.2782,9.3249,0.504,0.39,1,max_hold 489d (+0.5%),evening,True
AMAT,52wkLow,2025-02-14,2025-02-18,167.1066,169.6646,1.531,1.18,1,max_hold 489d (+1.5%),evening,True
AEE,VolumeSpike,2025-02-14,2025-02-18,93.9703,94.3344,0.387,0.3,1,max_hold 489d (+0.4%),evening,True
AMP,Pullback50,2025-02-14,2025-02-18,536.9567,537.5468,0.11,0.08,1,max_hold 489d (+0.1%),evening,False
AES,52wkLow,2025-02-18,2025-02-18,9.3249,9.6146,3.106,2.42,0,max_hold 485d (+3.1%),morning,True
AMAT,52wkLow,2025-02-18,2025-02-18,169.6646,169.872,0.122,0.1,0,max_hold 485d (+0.1%),morning,True
AEE,VolumeSpike,2025-02-18,2025-02-18,94.3344,94.229,-0.112,-0.09,0,max_hold 485d (-0.1%),morning,True
AMP,Pullback50,2025-02-18,2025-02-18,537.5468,538.0681,0.097,0.08,0,max_hold 485d (+0.1%),morning,False
CPB,52wkLow,2025-02-18,2025-02-19,35.6855,35.7135,0.079,0.03,1,max_hold 485d (+0.1%),evening,True
CRL,52wkLow,2025-02-18,2025-02-19,154.39,159.28,3.167,1.3,1,max_hold 485d (+3.2%),evening,True
AXON,VolumeSpike,2025-02-18,2025-02-19,710.01,700.0,-1.41,-0.58,1,stop_loss (-1.4%),evening,True
BNY,VolumeSpike,2025-02-18,2025-02-19,86.723,86.245,-2.12,-0.87,1,stop_loss (-0.6%),evening,True
CTSH,VolumeSpike,2025-02-18,2025-02-19,86.6025,86.0952,-5.04,-2.07,1,stop_loss (-0.6%),evening,True
CPB,52wkLow,2025-02-19,2025-02-19,35.7135,36.1343,1.178,0.48,0,max_hold 484d (+1.2%),morning,True
CRL,52wkLow,2025-02-19,2025-02-19,159.28,165.0,3.591,1.47,0,max_hold 484d (+3.6%),morning,True
AXON,VolumeSpike,2025-02-19,2025-02-19,700.0,593.42,-15.226,-6.23,0,stop_loss (-15.2%),morning,True
BNY,VolumeSpike,2025-02-19,2025-02-19,86.245,86.1475,-0.113,-0.05,0,max_hold 484d (-0.1%),morning,True
CTSH,VolumeSpike,2025-02-19,2025-02-19,86.0952,86.2708,0.204,0.08,0,max_hold 484d (+0.2%),morning,True
AOS,52wkLow,2025-02-19,2025-02-20,65.637,65.5786,-0.089,-0.02,1,max_hold 484d (-0.1%),evening,True
CNC,52wkLow,2025-02-19,2025-02-20,57.66,57.57,-0.156,-0.04,1,max_hold 484d (-0.2%),evening,True
BAX,VolumeSpike,2025-02-19,2025-02-20,30.2418,32.6556,7.982,2.08,1,max_hold 484d (+8.0%),evening,True
CVNA,VolumeSpike,2025-02-19,2025-02-20,56.364,52.978,-6.007,-1.56,1,stop_loss (-6.0%),evening,True
CFG,VolumeSpike,2025-02-19,2025-02-20,45.3918,45.5259,0.295,0.08,1,max_hold 484d (+0.3%),evening,True
AOS,52wkLow,2025-02-20,2025-02-20,65.5786,65.0816,-0.77,-0.2,0,stop_loss (-0.8%),morning,True
CNC,52wkLow,2025-02-20,2025-02-20,57.57,58.48,1.581,0.41,0,max_hold 483d (+1.6%),morning,True
BAX,VolumeSpike,2025-02-20,2025-02-20,32.6556,32.8126,0.481,0.13,0,max_hold 483d (+0.5%),morning,True
CVNA,VolumeSpike,2025-02-20,2025-02-20,52.978,49.544,-6.482,-1.69,0,stop_loss (-6.5%),morning,True
CFG,VolumeSpike,2025-02-20,2025-02-20,45.5259,44.2328,-2.84,-0.74,0,stop_loss (-2.8%),morning,True
BIIB,52wkLow,2025-02-20,2025-02-21,137.08,138.0,0.671,0.24,1,max_hold 483d (+0.7%),evening,True
CNC,52wkLow,2025-02-20,2025-02-21,58.48,56.65,-3.129,-1.14,1,stop_loss (-3.1%),evening,True
LNT,VolumeSpike,2025-02-20,2025-02-21,59.2547,59.1296,-0.211,-0.08,1,max_hold 483d (-0.2%),evening,True
XYZ,VolumeSpike,2025-02-20,2025-02-21,83.04,74.97,-9.718,-3.53,1,stop_loss (-9.7%),evening,True
BF-B,MomReversal,2025-02-20,2025-02-21,29.529,29.834,1.033,0.37,1,max_hold 483d (+1.0%),evening,False
BIIB,52wkLow,2025-02-21,2025-02-21,138.0,140.64,1.913,0.69,0,max_hold 482d (+1.9%),morning,True
CNC,52wkLow,2025-02-21,2025-02-21,56.65,57.68,1.818,0.65,0,max_hold 482d (+1.8%),morning,True
LNT,VolumeSpike,2025-02-21,2025-02-21,59.1296,60.399,2.147,0.77,0,max_hold 482d (+2.1%),morning,True
XYZ,VolumeSpike,2025-02-21,2025-02-21,74.97,68.35,-8.83,-3.17,0,stop_loss (-8.8%),morning,True
BF-B,MomReversal,2025-02-21,2025-02-21,29.834,30.5585,2.428,0.87,0,max_hold 482d (+2.4%),morning,False
AKAM,52wkLow,2025-02-21,2025-02-24,76.73,77.9,1.525,0.32,1,max_hold 482d (+1.5%),evening,True
ALGN,52wkLow,2025-02-21,2025-02-24,190.43,191.11,0.357,0.08,1,max_hold 482d (+0.4%),evening,True
TECH,52wkLow,2025-02-21,2025-02-24,64.4243,64.335,-0.139,-0.03,1,max_hold 482d (-0.1%),evening,True
BF-B,52wkLow,2025-02-21,2025-02-24,30.5585,30.4441,-0.374,-0.08,1,max_hold 482d (-0.4%),evening,True
BLDR,52wkLow,2025-02-21,2025-02-24,137.35,136.23,-0.94,-0.2,1,stop_loss (-0.8%),evening,True
AKAM,52wkLow,2025-02-24,2025-02-24,77.9,77.65,-0.321,-0.07,0,max_hold 479d (-0.3%),morning,True
ALGN,52wkLow,2025-02-24,2025-02-24,191.11,190.72,-0.204,-0.04,0,max_hold 479d (-0.2%),morning,True
TECH,52wkLow,2025-02-24,2025-02-24,64.335,65.0594,1.126,0.24,0,max_hold 479d (+1.1%),morning,True
BF-B,52wkLow,2025-02-24,2025-02-24,30.4441,31.2829,2.755,0.58,0,max_hold 479d (+2.8%),morning,True
BLDR,52wkLow,2025-02-24,2025-02-24,136.23,138.58,1.725,0.36,0,max_hold 479d (+1.7%),morning,True
AKAM,52wkLow,2025-02-24,2025-02-25,77.65,77.5,-0.193,-0.06,1,max_hold 479d (-0.2%),evening,True
BLDR,52wkLow,2025-02-24,2025-02-25,138.58,139.41,0.599,0.18,1,max_hold 479d (+0.6%),evening,True
CDNS,52wkLow,2025-02-24,2025-02-25,252.95,251.5,-1.41,-0.42,1,stop_loss (-0.6%),evening,True
CMG,52wkLow,2025-02-24,2025-02-25,51.21,51.13,-0.156,-0.05,1,max_hold 479d (-0.2%),evening,True
BRK-B,VolumeSpike,2025-02-24,2025-02-25,498.42,503.15,0.949,0.28,1,max_hold 479d (+0.9%),evening,True
AKAM,52wkLow,2025-02-25,2025-02-25,77.5,78.05,0.71,0.21,0,max_hold 478d (+0.7%),morning,True
BLDR,52wkLow,2025-02-25,2025-02-25,139.41,140.78,0.983,0.29,0,max_hold 478d (+1.0%),morning,True
CDNS,52wkLow,2025-02-25,2025-02-25,251.5,248.9,-1.41,-0.42,0,stop_loss (-1.0%),morning,True
CMG,52wkLow,2025-02-25,2025-02-25,51.13,52.47,2.621,0.79,0,max_hold 478d (+2.6%),morning,True
BRK-B,VolumeSpike,2025-02-25,2025-02-25,503.15,499.82,-0.5,-0.15,0,stop_loss (-0.7%),morning,True
ALGN,52wkLow,2025-02-25,2025-02-26,186.62,185.79,-0.445,-0.27,1,max_hold 478d (-0.4%),evening,True
AMAT,52wkLow,2025-02-25,2025-02-26,163.8685,165.6899,1.112,0.67,1,max_hold 478d (+1.1%),evening,True
BXP,MomReversal,2025-02-25,2025-02-26,65.6937,66.0508,0.544,0.33,1,max_hold 478d (+0.5%),evening,False
ALL,Pullback50,2025-02-25,2025-02-26,184.8986,184.5394,-0.194,-0.12,1,max_hold 478d (-0.2%),evening,False
CINF,Pullback50,2025-02-25,2025-02-26,135.9835,136.2459,0.193,0.12,1,max_hold 478d (+0.2%),evening,False
ALGN,52wkLow,2025-02-26,2025-02-26,185.79,191.21,2.917,1.76,0,max_hold 477d (+2.9%),morning,True
AMAT,52wkLow,2025-02-26,2025-02-26,165.6899,166.8085,0.675,0.41,0,max_hold 477d (+0.7%),morning,True
BXP,MomReversal,2025-02-26,2025-02-26,66.0508,65.7783,-0.413,-0.25,0,max_hold 477d (-0.4%),morning,False
ALL,Pullback50,2025-02-26,2025-02-26,184.5394,182.9086,-0.94,-0.57,0,stop_loss (-0.9%),morning,False
CINF,Pullback50,2025-02-26,2025-02-26,136.2459,136.2167,-0.021,-0.01,0,max_hold 477d (-0.0%),morning,False
CNC,52wkLow,2025-02-26,2025-02-27,56.9,57.6,1.23,0.74,1,max_hold 477d (+1.2%),evening,True
APP,GapDown,2025-02-26,2025-02-27,331.0,346.44,4.665,2.82,1,max_hold 477d (+4.7%),evening,False
CMG,MomReversal,2025-02-26,2025-02-27,53.42,53.77,0.655,0.4,1,max_hold 477d (+0.7%),evening,False
CVNA,Pullback50,2025-02-26,2025-02-27,46.526,46.636,0.236,0.14,1,max_hold 477d (+0.2%),evening,False
APH,RSIRecovery,2025-02-26,2025-02-27,65.5945,65.7629,0.257,0.16,1,max_hold 477d (+0.3%),evening,False
CNC,52wkLow,2025-02-27,2025-02-27,57.6,58.19,1.024,0.63,0,max_hold 476d (+1.0%),morning,True
APP,GapDown,2025-02-27,2025-02-27,346.44,320.49,-7.49,-4.58,0,stop_loss (-7.5%),morning,False
CMG,MomReversal,2025-02-27,2025-02-27,53.77,52.74,-1.916,-1.17,0,stop_loss (-1.9%),morning,False
CVNA,Pullback50,2025-02-27,2025-02-27,46.636,44.642,-4.276,-2.61,0,stop_loss (-4.3%),morning,False
APH,RSIRecovery,2025-02-27,2025-02-27,65.7629,64.8319,-1.416,-0.87,0,stop_loss (-1.4%),morning,False
A,52wkLow,2025-02-27,2025-02-28,125.7782,126.8867,0.881,0.53,1,max_hold 476d (+0.9%),evening,True
APA,52wkLow,2025-02-27,2025-02-28,19.2874,19.0041,-1.469,-0.88,1,stop_loss (-1.5%),evening,True
AMAT,52wkLow,2025-02-27,2025-02-28,155.0583,155.7018,0.415,0.25,1,max_hold 476d (+0.4%),evening,True
MMM,VolumeSpike,2025-02-27,2025-02-28,147.0359,147.9933,0.651,0.39,1,max_hold 476d (+0.7%),evening,True
AIZ,Pullback50,2025-02-27,2025-02-28,207.0679,207.8626,0.384,0.23,1,max_hold 476d (+0.4%),evening,False
A,52wkLow,2025-02-28,2025-02-28,126.8867,126.6096,-0.218,-0.13,0,max_hold 475d (-0.2%),morning,True
APA,52wkLow,2025-02-28,2025-02-28,19.0041,19.5519,2.883,1.72,0,max_hold 475d (+2.9%),morning,True
AMAT,52wkLow,2025-02-28,2025-02-28,155.7018,156.474,0.496,0.3,0,max_hold 475d (+0.5%),morning,True
MMM,VolumeSpike,2025-02-28,2025-02-28,147.9933,151.5295,2.389,1.43,0,max_hold 475d (+2.4%),morning,True
AIZ,Pullback50,2025-02-28,2025-02-28,207.8626,203.9772,-1.869,-1.12,0,stop_loss (-1.9%),morning,False
A,52wkLow,2025-02-28,2025-03-03,126.6096,127.6785,0.844,0.1,1,max_hold 475d (+0.8%),evening,True
APA,52wkLow,2025-02-28,2025-03-03,19.5519,19.7314,0.918,0.11,1,max_hold 475d (+0.9%),evening,True
AMAT,52wkLow,2025-02-28,2025-03-03,156.474,158.1172,1.05,0.13,1,max_hold 475d (+1.1%),evening,True
TECH,52wkLow,2025-02-28,2025-03-03,61.2785,61.5068,0.372,0.04,1,max_hold 475d (+0.4%),evening,True
CNC,52wkLow,2025-02-28,2025-03-03,58.16,58.33,0.292,0.04,1,max_hold 475d (+0.3%),evening,True
A,52wkLow,2025-03-03,2025-03-03,127.6785,125.0359,-2.07,-0.25,0,stop_loss (-2.1%),morning,True
APA,52wkLow,2025-03-03,2025-03-03,19.7314,17.8423,-9.574,-1.15,0,stop_loss (-9.6%),morning,True
AMAT,52wkLow,2025-03-03,2025-03-03,158.1172,150.5939,-4.758,-0.57,0,stop_loss (-4.8%),morning,True
TECH,52wkLow,2025-03-03,2025-03-03,61.5068,60.7228,-1.275,-0.15,0,stop_loss (-1.3%),morning,True
CNC,52wkLow,2025-03-03,2025-03-03,58.33,58.59,0.446,0.05,0,max_hold 472d (+0.4%),morning,True
A,52wkLow,2025-03-03,2025-03-04,125.0359,123.7195,-1.0,-0.45,1,stop_loss (-1.1%),evening,True
ALB,52wkLow,2025-03-03,2025-03-04,68.1847,67.2586,-1.358,-0.61,1,stop_loss (-1.4%),evening,True
ALGN,52wkLow,2025-03-03,2025-03-04,175.09,173.0,-3.1,-1.39,1,stop_loss (-1.2%),evening,True
AMAT,52wkLow,2025-03-03,2025-03-04,150.5939,151.5145,0.611,0.27,1,max_hold 472d (+0.6%),evening,True
AES,GapDown,2025-03-03,2025-03-04,10.4555,10.5209,0.626,0.28,1,max_hold 472d (+0.6%),evening,True
A,52wkLow,2025-03-04,2025-03-04,123.7195,121.7994,-1.552,-0.69,0,stop_loss (-1.6%),morning,True
ALB,52wkLow,2025-03-04,2025-03-04,67.2586,70.3389,4.58,2.05,0,max_hold 471d (+4.6%),morning,True
ALGN,52wkLow,2025-03-04,2025-03-04,173.0,169.88,-1.803,-0.81,0,stop_loss (-1.8%),morning,True
AMAT,52wkLow,2025-03-04,2025-03-04,151.5145,151.3264,-0.124,-0.06,0,max_hold 471d (-0.1%),morning,True
AES,GapDown,2025-03-04,2025-03-04,10.5209,10.1098,-3.908,-1.75,0,stop_loss (-3.9%),morning,True
AOS,52wkLow,2025-03-04,2025-03-05,63.9318,64.4677,0.838,0.15,1,max_hold 471d (+0.8%),evening,True
AMD,52wkLow,2025-03-04,2025-03-05,100.75,100.36,-0.387,-0.07,1,max_hold 471d (-0.4%),evening,True
A,52wkLow,2025-03-04,2025-03-05,121.7994,121.2253,-0.471,-0.08,1,max_hold 471d (-0.5%),evening,True
ALB,52wkLow,2025-03-04,2025-03-05,70.3389,71.2941,1.358,0.24,1,max_hold 471d (+1.4%),evening,True
ALGN,52wkLow,2025-03-04,2025-03-05,169.88,169.93,0.029,0.01,1,max_hold 471d (+0.0%),evening,True
AOS,52wkLow,2025-03-05,2025-03-05,64.4677,64.799,0.514,0.09,0,max_hold 470d (+0.5%),morning,True
AMD,52wkLow,2025-03-05,2025-03-05,100.36,101.67,1.305,0.23,0,max_hold 470d (+1.3%),morning,True
A,52wkLow,2025-03-05,2025-03-05,121.2253,125.214,3.29,0.59,0,max_hold 470d (+3.3%),morning,True
ALB,52wkLow,2025-03-05,2025-03-05,71.2941,72.3371,1.463,0.26,0,max_hold 470d (+1.5%),morning,True
ALGN,52wkLow,2025-03-05,2025-03-05,169.93,174.19,2.507,0.45,0,max_hold 470d (+2.5%),morning,True
APA,52wkLow,2025-03-05,2025-03-06,17.5117,17.5117,0.0,0.0,1,max_hold 470d (+0.0%),evening,True
AVY,52wkLow,2025-03-05,2025-03-06,177.84,176.128,-0.53,-0.16,1,stop_loss (-1.0%),evening,True
TECH,52wkLow,2025-03-05,2025-03-06,61.7251,61.1892,-0.61,-0.18,1,stop_loss (-0.9%),evening,True
CPB,GapDown,2025-03-05,2025-03-06,36.6393,36.4803,-0.434,-0.13,1,max_hold 470d (-0.4%),evening,True
CAT,MomReversal,2025-03-05,2025-03-06,333.2612,330.091,-0.65,-0.19,1,stop_loss (-1.0%),evening,False
APA,52wkLow,2025-03-06,2025-03-06,17.5117,17.71,1.133,0.34,0,max_hold 469d (+1.1%),morning,True
AVY,52wkLow,2025-03-06,2025-03-06,176.128,177.4315,0.74,0.22,0,max_hold 469d (+0.7%),morning,True
TECH,52wkLow,2025-03-06,2025-03-06,61.1892,62.906,2.806,0.84,0,max_hold 469d (+2.8%),morning,True
CPB,GapDown,2025-03-06,2025-03-06,36.4803,37.2097,1.999,0.6,0,max_hold 469d (+2.0%),morning,True
CAT,MomReversal,2025-03-06,2025-03-06,330.091,335.7423,1.712,0.51,0,max_hold 469d (+1.7%),morning,False
AOS,52wkLow,2025-03-06,2025-03-07,66.4848,66.2802,-0.308,-0.09,1,max_hold 469d (-0.3%),evening,True
A,52wkLow,2025-03-06,2025-03-07,125.2536,124.6597,-0.474,-0.13,1,max_hold 469d (-0.5%),evening,True
AVY,52wkLow,2025-03-06,2025-03-07,177.4315,176.4782,-1.37,-0.38,1,stop_loss (-0.5%),evening,True
CDW,52wkLow,2025-03-06,2025-03-07,163.5295,163.5295,0.0,0.0,1,max_hold 469d (+0.0%),evening,True
ANET,GapDown,2025-03-06,2025-03-07,84.34,85.81,1.743,0.48,1,max_hold 469d (+1.7%),evening,True
AOS,52wkLow,2025-03-07,2025-03-07,66.2802,67.6346,2.044,0.57,0,max_hold 468d (+2.0%),morning,True
A,52wkLow,2025-03-07,2025-03-07,124.6597,125.4021,0.595,0.16,0,max_hold 468d (+0.6%),morning,True
AVY,52wkLow,2025-03-07,2025-03-07,176.4782,178.9295,1.389,0.38,0,max_hold 468d (+1.4%),morning,True
CDW,52wkLow,2025-03-07,2025-03-07,163.5295,164.6148,0.664,0.18,0,max_hold 468d (+0.7%),morning,True
ANET,GapDown,2025-03-07,2025-03-07,85.81,83.36,-2.855,-0.79,0,stop_loss (-2.9%),morning,True
ALGN,52wkLow,2025-03-07,2025-03-10,173.75,171.78,-1.26,-0.45,1,stop_loss (-1.1%),evening,True
AVY,52wkLow,2025-03-07,2025-03-10,178.9295,178.91,-0.011,-0.0,1,max_hold 468d (-0.0%),evening,True
CDW,52wkLow,2025-03-07,2025-03-10,164.6148,164.1651,-0.273,-0.1,1,max_hold 468d (-0.3%),evening,True
CMG,52wkLow,2025-03-07,2025-03-10,50.23,49.33,-1.792,-0.65,1,stop_loss (-1.8%),evening,True
ALB,MomReversal,2025-03-07,2025-03-10,73.6043,73.6921,0.119,0.04,1,max_hold 468d (+0.1%),evening,False
ALGN,52wkLow,2025-03-10,2025-03-10,171.78,163.39,-4.884,-1.75,0,stop_loss (-4.9%),morning,True
AVY,52wkLow,2025-03-10,2025-03-10,178.91,181.4392,1.414,0.51,0,max_hold 465d (+1.4%),morning,True
CDW,52wkLow,2025-03-10,2025-03-10,164.1651,165.7294,0.953,0.34,0,max_hold 465d (+1.0%),morning,True
CMG,52wkLow,2025-03-10,2025-03-10,49.33,49.83,1.014,0.36,0,max_hold 465d (+1.0%),morning,True
ALB,MomReversal,2025-03-10,2025-03-10,73.6921,74.4621,1.045,0.38,0,max_hold 465d (+1.0%),morning,False
A,52wkLow,2025-03-10,2025-03-11,120.6512,121.3342,0.566,0.06,1,max_hold 465d (+0.6%),evening,True
ALGN,52wkLow,2025-03-10,2025-03-11,163.39,165.0,0.985,0.1,1,max_hold 465d (+1.0%),evening,True
BDX,52wkLow,2025-03-10,2025-03-11,173.4841,172.8587,-0.361,-0.04,1,max_hold 465d (-0.4%),evening,True
TECH,52wkLow,2025-03-10,2025-03-11,62.4197,62.8762,0.731,0.07,1,max_hold 465d (+0.7%),evening,True
XYZ,52wkLow,2025-03-10,2025-03-11,54.74,54.76,0.037,0.0,1,max_hold 465d (+0.0%),evening,True
A,52wkLow,2025-03-11,2025-03-11,121.3342,119.7902,-1.273,-0.13,0,stop_loss (-1.3%),morning,True
ALGN,52wkLow,2025-03-11,2025-03-11,165.0,165.14,0.085,0.01,0,max_hold 464d (+0.1%),morning,True
BDX,52wkLow,2025-03-11,2025-03-11,172.8587,171.5544,-1.98,-0.2,0,stop_loss (-0.8%),morning,True
TECH,52wkLow,2025-03-11,2025-03-11,62.8762,58.0236,-7.718,-0.77,0,stop_loss (-7.7%),morning,True
XYZ,52wkLow,2025-03-11,2025-03-11,54.76,55.29,0.968,0.1,0,max_hold 464d (+1.0%),morning,True
AOS,52wkLow,2025-03-11,2025-03-12,65.3934,65.5006,0.164,0.03,1,max_hold 464d (+0.2%),evening,True
ALGN,52wkLow,2025-03-11,2025-03-12,165.14,168.88,2.265,0.37,1,max_hold 464d (+2.3%),evening,True
BDX,52wkLow,2025-03-11,2025-03-12,171.5544,171.5468,-0.004,-0.0,1,max_hold 464d (-0.0%),evening,True
TECH,52wkLow,2025-03-11,2025-03-12,58.0236,58.222,0.342,0.06,1,max_hold 464d (+0.3%),evening,True
CDW,52wkLow,2025-03-11,2025-03-12,162.3465,162.7669,0.259,0.04,1,max_hold 464d (+0.3%),evening,True
AOS,52wkLow,2025-03-12,2025-03-12,65.5006,63.961,-2.35,-0.38,0,stop_loss (-2.4%),morning,True
ALGN,52wkLow,2025-03-12,2025-03-12,168.88,164.57,-2.552,-0.42,0,stop_loss (-2.6%),morning,True
BDX,52wkLow,2025-03-12,2025-03-12,171.5468,170.7154,-0.485,-0.08,0,max_hold 463d (-0.5%),morning,True
TECH,52wkLow,2025-03-12,2025-03-12,58.222,59.7801,2.676,0.44,0,max_hold 463d (+2.7%),morning,True
CDW,52wkLow,2025-03-12,2025-03-12,162.7669,162.9429,0.108,0.02,0,max_hold 463d (+0.1%),morning,True
ALGN,52wkLow,2025-03-12,2025-03-13,164.57,163.58,-5.08,-1.82,1,stop_loss (-0.6%),evening,True
BDX,52wkLow,2025-03-12,2025-03-13,170.7154,169.8154,-1.02,-0.37,1,stop_loss (-0.5%),evening,True
TECH,52wkLow,2025-03-12,2025-03-13,59.7801,59.4724,-0.62,-0.22,1,stop_loss (-0.5%),evening,True
CDW,52wkLow,2025-03-12,2025-03-13,162.9429,162.9331,-0.006,-0.0,1,max_hold 463d (-0.0%),evening,True
CNC,52wkLow,2025-03-12,2025-03-13,58.45,58.33,-0.205,-0.07,1,max_hold 463d (-0.2%),evening,True
ALGN,52wkLow,2025-03-13,2025-03-13,163.58,160.51,-1.877,-0.67,0,stop_loss (-1.9%),morning,True
BDX,52wkLow,2025-03-13,2025-03-13,169.8154,169.9298,0.067,0.02,0,max_hold 462d (+0.1%),morning,True
TECH,52wkLow,2025-03-13,2025-03-13,59.4724,59.4228,-0.083,-0.03,0,max_hold 462d (-0.1%),morning,True
CDW,52wkLow,2025-03-13,2025-03-13,162.9331,159.8534,-1.89,-0.67,0,stop_loss (-1.9%),morning,True
CNC,52wkLow,2025-03-13,2025-03-13,58.33,57.96,-2.69,-0.96,0,stop_loss (-0.6%),morning,True
ADBE,52wkLow,2025-03-13,2025-03-14,377.84,379.75,0.506,0.2,1,max_hold 462d (+0.5%),evening,True
ALGN,52wkLow,2025-03-13,2025-03-14,160.51,163.74,2.012,0.79,1,max_hold 462d (+2.0%),evening,True
BDX,52wkLow,2025-03-13,2025-03-14,169.9298,169.6857,-0.144,-0.06,1,max_hold 462d (-0.1%),evening,True
TECH,52wkLow,2025-03-13,2025-03-14,59.4228,60.0778,1.102,0.43,1,max_hold 462d (+1.1%),evening,True
CVX,Pullback50,2025-03-13,2025-03-14,145.6608,146.0211,0.247,0.1,1,max_hold 462d (+0.2%),evening,False
ADBE,52wkLow,2025-03-14,2025-03-14,379.75,394.74,3.947,1.56,0,max_hold 461d (+3.9%),morning,True
ALGN,52wkLow,2025-03-14,2025-03-14,163.74,166.2,1.502,0.59,0,max_hold 461d (+1.5%),morning,True
BDX,52wkLow,2025-03-14,2025-03-14,169.6857,172.3629,1.578,0.62,0,max_hold 461d (+1.6%),morning,True
TECH,52wkLow,2025-03-14,2025-03-14,60.0778,61.6854,2.676,1.06,0,max_hold 461d (+2.7%),morning,True
CVX,Pullback50,2025-03-14,2025-03-14,146.0211,148.8943,1.968,0.78,0,max_hold 461d (+2.0%),morning,False
ADBE,52wkLow,2025-03-14,2025-03-17,394.74,394.12,-0.157,-0.07,1,max_hold 461d (-0.2%),evening,True
A,52wkLow,2025-03-14,2025-03-17,119.9386,119.8594,-0.066,-0.03,1,max_hold 461d (-0.1%),evening,True
ABT,GapDown,2025-03-14,2025-03-17,123.6008,123.6106,0.008,0.0,1,max_hold 461d (+0.0%),evening,True
AXP,RSIRecovery,2025-03-14,2025-03-17,262.0047,261.5707,-0.166,-0.07,1,max_hold 461d (-0.2%),evening,False
BX,RSIRecovery,2025-03-14,2025-03-17,135.0004,135.2207,0.163,0.07,1,max_hold 461d (+0.2%),evening,False
ADBE,52wkLow,2025-03-17,2025-03-17,394.12,399.34,1.324,0.59,0,max_hold 458d (+1.3%),morning,True
A,52wkLow,2025-03-17,2025-03-17,119.8594,121.2352,1.148,0.52,0,max_hold 458d (+1.1%),morning,True
ABT,GapDown,2025-03-17,2025-03-17,123.6106,124.508,0.726,0.33,0,max_hold 458d (+0.7%),morning,True
AXP,RSIRecovery,2025-03-17,2025-03-17,261.5707,260.7718,-0.305,-0.14,0,max_hold 458d (-0.3%),morning,False
BX,RSIRecovery,2025-03-17,2025-03-17,135.2207,141.6023,4.719,2.12,0,max_hold 458d (+4.7%),morning,False
BDX,52wkLow,2025-03-17,2025-03-18,173.774,174.2164,0.255,0.12,1,max_hold 458d (+0.3%),evening,True
AVGO,GapDown,2025-03-17,2025-03-18,192.3547,188.3394,-2.087,-0.95,1,stop_loss (-2.1%),evening,True
COHR,MomReversal,2025-03-17,2025-03-18,66.99,66.49,-0.94,-0.43,1,stop_loss (-0.7%),evening,False
ABT,Pullback50,2025-03-17,2025-03-18,124.508,124.8104,0.243,0.11,1,max_hold 458d (+0.2%),evening,False
CHRW,Pullback50,2025-03-17,2025-03-18,98.7823,98.5574,-0.228,-0.1,1,max_hold 458d (-0.2%),evening,False
BDX,52wkLow,2025-03-18,2025-03-18,174.2164,177.0461,1.624,0.73,0,max_hold 457d (+1.6%),morning,True
AVGO,GapDown,2025-03-18,2025-03-18,188.3394,186.589,-0.92,-0.42,0,stop_loss (-0.9%),morning,True
COHR,MomReversal,2025-03-18,2025-03-18,66.49,65.38,-1.669,-0.75,0,stop_loss (-1.7%),morning,False
ABT,Pullback50,2025-03-18,2025-03-18,124.8104,123.2009,-1.29,-0.58,0,stop_loss (-1.3%),morning,False
CHRW,Pullback50,2025-03-18,2025-03-18,98.5574,97.863,-0.9,-0.41,0,stop_loss (-0.7%),morning,False
CMG,52wkLow,2025-03-18,2025-03-19,47.79,47.75,-0.084,-0.06,1,max_hold 457d (-0.1%),evening,True
GOOG,MomReversal,2025-03-18,2025-03-19,162.0121,163.252,0.765,0.58,1,max_hold 457d (+0.8%),evening,False
BDX,Pullback50,2025-03-18,2025-03-19,177.0461,176.3368,-0.401,-0.3,1,max_hold 457d (-0.4%),evening,False
CHTR,Pullback50,2025-03-18,2025-03-19,354.45,353.65,-0.226,-0.17,1,max_hold 457d (-0.2%),evening,False
CMG,52wkLow,2025-03-19,2025-03-19,47.75,48.99,2.597,1.99,0,max_hold 456d (+2.6%),morning,True
GOOG,MomReversal,2025-03-19,2025-03-19,163.252,165.6075,1.443,1.1,0,max_hold 456d (+1.4%),morning,False
BDX,Pullback50,2025-03-19,2025-03-19,176.3368,176.7944,0.26,0.2,0,max_hold 456d (+0.3%),morning,False
CHTR,Pullback50,2025-03-19,2025-03-19,353.65,353.02,-0.178,-0.14,0,max_hold 456d (-0.2%),morning,False
ARE,52wkLow,2025-03-19,2025-03-20,90.3457,90.281,-0.072,-0.02,1,max_hold 456d (-0.1%),evening,True
ADM,52wkLow,2025-03-19,2025-03-20,45.0342,44.9287,-0.234,-0.07,1,max_hold 456d (-0.2%),evening,True
CMG,52wkLow,2025-03-19,2025-03-20,48.99,48.5,-1.29,-0.36,1,stop_loss (-1.0%),evening,True
ABT,Pullback50,2025-03-19,2025-03-20,124.2934,124.2056,-0.071,-0.02,1,max_hold 456d (-0.1%),evening,False
ADP,Pullback50,2025-03-19,2025-03-20,289.2658,285.7322,-1.222,-0.34,1,stop_loss (-1.2%),evening,False
ARE,52wkLow,2025-03-20,2025-03-20,90.281,89.6891,-1.33,-0.37,0,stop_loss (-0.7%),morning,True
ADM,52wkLow,2025-03-20,2025-03-20,44.9287,44.6408,-0.62,-0.17,0,stop_loss (-0.6%),morning,True
CMG,52wkLow,2025-03-20,2025-03-20,48.5,49.0,1.031,0.29,0,max_hold 455d (+1.0%),morning,True
ABT,Pullback50,2025-03-20,2025-03-20,124.2056,123.6691,-0.432,-0.12,0,max_hold 455d (-0.4%),morning,False
ADP,Pullback50,2025-03-20,2025-03-20,285.7322,288.0267,0.803,0.22,0,max_hold 455d (+0.8%),morning,False
ADM,52wkLow,2025-03-20,2025-03-21,44.6408,44.7176,0.172,0.05,1,max_hold 455d (+0.2%),evening,True
CDW,52wkLow,2025-03-20,2025-03-21,164.341,162.5812,-4.36,-1.32,1,stop_loss (-1.1%),evening,True
ACN,GapDown,2025-03-20,2025-03-21,295.4298,292.6219,-1.48,-0.45,1,stop_loss (-1.0%),evening,True
CVNA,MomReversal,2025-03-20,2025-03-21,37.084,36.0,-2.923,-0.88,1,stop_loss (-2.9%),evening,False
BKR,Pullback50,2025-03-20,2025-03-21,43.6567,43.178,-0.5,-0.15,1,stop_loss (-1.1%),evening,False
ADM,52wkLow,2025-03-21,2025-03-21,44.7176,44.2378,-2.7,-0.81,0,stop_loss (-1.1%),morning,True
CDW,52wkLow,2025-03-21,2025-03-21,162.5812,161.8772,-0.433,-0.13,0,max_hold 454d (-0.4%),morning,True
ACN,GapDown,2025-03-21,2025-03-21,292.6219,299.7595,2.439,0.73,0,max_hold 454d (+2.4%),morning,True
CVNA,MomReversal,2025-03-21,2025-03-21,36.0,38.19,6.083,1.82,0,max_hold 454d (+6.1%),morning,False
BKR,Pullback50,2025-03-21,2025-03-21,43.178,43.0901,-0.204,-0.06,0,max_hold 454d (-0.2%),morning,False
AOS,52wkLow,2025-03-21,2025-03-24,64.799,65.4422,0.992,0.05,1,max_hold 454d (+1.0%),evening,True
ADBE,52wkLow,2025-03-21,2025-03-24,387.26,392.47,1.345,0.07,1,max_hold 454d (+1.3%),evening,True
A,52wkLow,2025-03-21,2025-03-24,119.513,120.6315,0.936,0.05,1,max_hold 454d (+0.9%),evening,True
ARE,52wkLow,2025-03-21,2025-03-24,89.0325,89.5596,0.592,0.03,1,max_hold 454d (+0.6%),evening,True
AMAT,52wkLow,2025-03-21,2025-03-24,150.584,153.9299,2.222,0.12,1,max_hold 454d (+2.2%),evening,True
AOS,52wkLow,2025-03-24,2025-03-24,65.4422,64.6724,-0.53,-0.03,0,stop_loss (-1.2%),morning,True
ADBE,52wkLow,2025-03-24,2025-03-24,392.47,394.47,0.51,0.03,0,max_hold 451d (+0.5%),morning,True
A,52wkLow,2025-03-24,2025-03-24,120.6315,120.7205,0.074,0.0,0,max_hold 451d (+0.1%),morning,True
ARE,52wkLow,2025-03-24,2025-03-24,89.5596,90.2162,0.733,0.04,0,max_hold 451d (+0.7%),morning,True
AMAT,52wkLow,2025-03-24,2025-03-24,153.9299,153.3854,-0.354,-0.02,0,max_hold 451d (-0.4%),morning,True
AIZ,Pullback50,2025-03-24,2025-03-25,205.498,205.5863,0.043,0.02,1,max_hold 451d (+0.0%),evening,False
ADP,Pullback50,2025-03-24,2025-03-25,289.3626,289.4788,0.04,0.02,1,max_hold 451d (+0.0%),evening,False
BNY,Pullback50,2025-03-24,2025-03-25,82.6259,83.0649,0.531,0.21,1,max_hold 451d (+0.5%),evening,False
BR,Pullback50,2025-03-24,2025-03-25,230.2236,230.8386,0.267,0.11,1,max_hold 451d (+0.3%),evening,False
CHRW,Pullback50,2025-03-24,2025-03-25,98.2738,98.0097,-0.269,-0.11,1,max_hold 451d (-0.3%),evening,False
AIZ,Pullback50,2025-03-25,2025-03-25,205.5863,206.8618,0.62,0.25,0,max_hold 450d (+0.6%),morning,False
ADP,Pullback50,2025-03-25,2025-03-25,289.4788,289.837,0.124,0.05,0,max_hold 450d (+0.1%),morning,False
BNY,Pullback50,2025-03-25,2025-03-25,83.0649,83.1624,0.117,0.05,0,max_hold 450d (+0.1%),morning,False
BR,Pullback50,2025-03-25,2025-03-25,230.8386,231.317,0.207,0.08,0,max_hold 450d (+0.2%),morning,False
CHRW,Pullback50,2025-03-25,2025-03-25,98.0097,97.8043,-0.21,-0.08,0,max_hold 450d (-0.2%),morning,False
ADP,Pullback50,2025-03-25,2025-03-26,289.837,290.8439,0.347,0.21,1,max_hold 450d (+0.3%),evening,False
BKR,Pullback50,2025-03-25,2025-03-26,44.1354,44.2038,0.155,0.09,1,max_hold 450d (+0.2%),evening,False
BLK,Pullback50,2025-03-25,2025-03-26,948.478,949.959,0.156,0.09,1,max_hold 450d (+0.2%),evening,False
BNY,Pullback50,2025-03-25,2025-03-26,83.1624,83.5234,0.434,0.26,1,max_hold 450d (+0.4%),evening,False
BKNG,Pullback50,2025-03-25,2025-03-26,189.1872,189.1907,0.002,0.0,1,max_hold 450d (+0.0%),evening,False
ADP,Pullback50,2025-03-26,2025-03-26,290.8439,292.7704,0.662,0.4,0,max_hold 449d (+0.7%),morning,False
BKR,Pullback50,2025-03-26,2025-03-26,44.2038,43.0022,-2.718,-1.64,0,stop_loss (-2.7%),morning,False
BLK,Pullback50,2025-03-26,2025-03-26,949.959,943.3726,-2.31,-1.4,0,stop_loss (-0.7%),morning,False
BNY,Pullback50,2025-03-26,2025-03-26,83.5234,83.0063,-3.83,-2.32,0,stop_loss (-0.6%),morning,False
BKNG,Pullback50,2025-03-26,2025-03-26,189.1907,188.6427,-0.29,-0.18,0,max_hold 449d (-0.3%),morning,False
A,52wkLow,2025-03-26,2025-03-27,118.6717,118.7707,0.083,0.06,1,max_hold 449d (+0.1%),evening,True
ADP,Pullback50,2025-03-26,2025-03-27,292.7704,293.3707,0.205,0.15,1,max_hold 449d (+0.2%),evening,False
CHD,Pullback50,2025-03-26,2025-03-27,104.6031,105.6658,1.016,0.73,1,max_hold 449d (+1.0%),evening,False
CSCO,Pullback50,2025-03-26,2025-03-27,60.0089,60.0963,0.146,0.1,1,max_hold 449d (+0.1%),evening,False
CTAS,VolumeSpike,2025-03-26,2025-03-27,202.4164,200.3201,-0.64,-0.46,1,stop_loss (-1.0%),evening,False
A,52wkLow,2025-03-27,2025-03-27,118.7707,117.7513,-4.7,-3.37,0,stop_loss (-0.9%),morning,True
ADP,Pullback50,2025-03-27,2025-03-27,293.3707,295.6942,0.792,0.57,0,max_hold 448d (+0.8%),morning,False
CHD,Pullback50,2025-03-27,2025-03-27,105.6658,106.6497,0.931,0.67,0,max_hold 448d (+0.9%),morning,False
CSCO,Pullback50,2025-03-27,2025-03-27,60.0963,59.6205,-4.7,-3.37,0,stop_loss (-0.8%),morning,False
AMD,GapDown,2025-03-27,2025-03-28,106.65,105.53,-4.96,-2.92,1,stop_loss (-1.1%),evening,True
APH,Pullback50,2025-03-27,2025-03-28,67.6908,67.0652,-0.64,-0.38,1,stop_loss (-0.9%),evening,False
BLK,Pullback50,2025-03-27,2025-03-28,943.0802,941.4239,-0.176,-0.1,1,max_hold 448d (-0.2%),evening,False
BKNG,Pullback50,2025-03-27,2025-03-28,188.1929,188.1929,0.0,0.0,1,max_hold 448d (+0.0%),evening,False
CHD,Pullback50,2025-03-27,2025-03-28,106.6497,107.3188,0.627,0.37,1,max_hold 448d (+0.6%),evening,False
AMD,GapDown,2025-03-28,2025-03-28,105.53,103.22,-2.189,-1.28,0,stop_loss (-2.2%),morning,True
APH,Pullback50,2025-03-28,2025-03-28,67.0652,66.1219,-1.407,-0.82,0,stop_loss (-1.4%),morning,False
BLK,Pullback50,2025-03-28,2025-03-28,941.4239,922.3858,-2.022,-1.18,0,stop_loss (-2.0%),morning,False
BKNG,Pullback50,2025-03-28,2025-03-28,188.1929,183.4984,-2.495,-1.46,0,stop_loss (-2.5%),morning,False
CHD,Pullback50,2025-03-28,2025-03-28,107.3188,107.3582,0.037,0.02,0,max_hold 447d (+0.0%),morning,False
GOOGL,52wkLow,2025-03-28,2025-03-31,153.7049,152.4899,-0.56,-0.41,1,stop_loss (-0.8%),evening,True
GOOG,52wkLow,2025-03-28,2025-03-31,155.4288,154.1838,-1.26,-0.92,1,stop_loss (-0.8%),evening,True
GOOGL,52wkLow,2025-03-31,2025-03-31,152.4899,154.0137,0.999,0.73,0,max_hold 444d (+1.0%),morning,True
GOOG,52wkLow,2025-03-31,2025-03-31,154.1838,155.5981,0.917,0.67,0,max_hold 444d (+0.9%),morning,True
ARE,52wkLow,2025-03-31,2025-04-01,86.753,87.4751,0.832,0.17,1,max_hold 444d (+0.8%),evening,True
GOOGL,52wkLow,2025-03-31,2025-04-01,154.0137,152.9978,-2.61,-0.53,1,stop_loss (-0.7%),evening,True
GOOG,52wkLow,2025-03-31,2025-04-01,155.5981,154.6719,-0.6,-0.12,1,stop_loss (-0.6%),evening,True
CRL,52wkLow,2025-03-31,2025-04-01,150.52,150.81,0.193,0.04,1,max_hold 444d (+0.2%),evening,True
APP,GapDown,2025-03-31,2025-04-01,264.97,264.22,-0.283,-0.06,1,max_hold 444d (-0.3%),evening,True
ARE,52wkLow,2025-04-01,2025-04-01,87.4751,85.4776,-2.283,-0.46,0,stop_loss (-2.3%),morning,True
GOOGL,52wkLow,2025-04-01,2025-04-01,152.9978,156.4338,2.246,0.46,0,max_hold 443d (+2.2%),morning,True
GOOG,52wkLow,2025-04-01,2025-04-01,154.6719,158.2374,2.305,0.47,0,max_hold 443d (+2.3%),morning,True
CRL,52wkLow,2025-04-01,2025-04-01,150.81,145.99,-3.196,-0.65,0,stop_loss (-3.2%),morning,True
APP,GapDown,2025-04-01,2025-04-01,264.22,282.7,6.994,1.42,0,max_hold 443d (+7.0%),morning,True
BKR,Pullback50,2025-04-01,2025-04-02,43.7642,43.1683,-1.362,-0.79,1,stop_loss (-1.4%),evening,True
BSX,Pullback50,2025-04-01,2025-04-02,101.24,99.71,-1.511,-0.87,1,stop_loss (-1.5%),evening,True
CSCO,Pullback50,2025-04-01,2025-04-02,60.0089,59.4263,-0.5,-0.29,1,stop_loss (-1.0%),evening,True
ARE,RubberBand,2025-04-01,2025-04-02,85.4776,85.1963,-0.329,-0.19,1,max_hold 443d (-0.3%),evening,True
AOS,52wkLow,2025-04-01,2025-04-02,63.9221,63.3471,-0.79,-0.46,1,stop_loss (-0.9%),evening,False
BKR,Pullback50,2025-04-02,2025-04-02,43.1683,43.8814,1.652,0.95,0,max_hold 442d (+1.7%),morning,True
BSX,Pullback50,2025-04-02,2025-04-02,99.71,100.05,0.341,0.2,0,max_hold 442d (+0.3%),morning,True
CSCO,Pullback50,2025-04-02,2025-04-02,59.4263,60.0283,1.013,0.58,0,max_hold 442d (+1.0%),morning,True
ARE,RubberBand,2025-04-02,2025-04-02,85.1963,86.5842,1.629,0.93,0,max_hold 442d (+1.6%),morning,True
AOS,52wkLow,2025-04-02,2025-04-02,63.3471,64.4288,1.707,0.98,0,max_hold 442d (+1.7%),morning,False
ABT,Pullback50,2025-04-02,2025-04-03,128.6927,128.6732,-0.015,-0.0,1,max_hold 442d (-0.0%),evening,True
APH,Pullback50,2025-04-02,2025-04-03,67.4227,63.8877,-5.243,-1.66,1,stop_loss (-5.2%),evening,True
AIZ,Pullback50,2025-04-02,2025-04-03,206.8029,200.8276,-2.889,-0.91,1,stop_loss (-2.9%),evening,True
AVB,Pullback50,2025-04-02,2025-04-03,207.5156,204.8014,-1.308,-0.41,1,stop_loss (-1.3%),evening,True
BKR,Pullback50,2025-04-02,2025-04-03,43.8814,41.3317,-5.81,-1.84,1,stop_loss (-5.8%),evening,True
ABT,Pullback50,2025-04-03,2025-04-03,128.6732,128.4001,-0.212,-0.07,0,max_hold 441d (-0.2%),morning,True
APH,Pullback50,2025-04-03,2025-04-03,63.8877,62.2195,-2.611,-0.81,0,stop_loss (-2.6%),morning,True
AIZ,Pullback50,2025-04-03,2025-04-03,200.8276,199.5913,-0.87,-0.27,0,stop_loss (-0.6%),morning,True
AVB,Pullback50,2025-04-03,2025-04-03,204.8014,198.1316,-3.257,-1.02,0,stop_loss (-3.3%),morning,True
BKR,Pullback50,2025-04-03,2025-04-03,41.3317,39.9153,-3.427,-1.07,0,stop_loss (-3.4%),morning,True
AON,Pullback50,2025-04-03,2025-04-04,391.6049,386.778,-1.233,-0.11,1,stop_loss (-1.2%),evening,True
ADP,Pullback50,2025-04-03,2025-04-04,295.6555,295.8394,0.062,0.01,1,max_hold 441d (+0.1%),evening,True
A,RubberBand,2025-04-03,2025-04-04,108.7771,106.2677,-2.307,-0.21,1,stop_loss (-2.3%),evening,True
ALB,RubberBand,2025-04-03,2025-04-04,65.1864,61.9908,-4.902,-0.45,1,stop_loss (-4.9%),evening,True
ARE,RubberBand,2025-04-03,2025-04-04,80.8825,79.2414,-2.029,-0.19,1,stop_loss (-2.0%),evening,True
AON,Pullback50,2025-04-04,2025-04-04,386.778,373.2011,-3.51,-0.32,0,stop_loss (-3.5%),morning,True
ADP,Pullback50,2025-04-04,2025-04-04,295.8394,277.0094,-6.365,-0.58,0,stop_loss (-6.4%),morning,True
A,RubberBand,2025-04-04,2025-04-04,106.2677,102.1614,-3.864,-0.35,0,stop_loss (-3.9%),morning,True
ALB,RubberBand,2025-04-04,2025-04-04,61.9908,57.3542,-7.479,-0.69,0,stop_loss (-7.5%),morning,True
ARE,RubberBand,2025-04-04,2025-04-04,79.2414,76.2218,-3.811,-0.35,0,stop_loss (-3.8%),morning,True
MMM,RubberBand,2025-04-04,2025-04-07,123.9725,121.8429,-1.718,-0.11,1,stop_loss (-1.7%),evening,True
ABBV,RubberBand,2025-04-04,2025-04-07,179.4034,173.7131,-3.172,-0.2,1,stop_loss (-3.2%),evening,True
AES,RubberBand,2025-04-04,2025-04-07,10.0724,9.8202,-2.505,-0.16,1,stop_loss (-2.5%),evening,True
A,RubberBand,2025-04-04,2025-04-07,102.1614,101.7945,-0.359,-0.02,1,max_hold 440d (-0.4%),evening,True
ALB,RubberBand,2025-04-04,2025-04-07,57.3542,55.7858,-2.735,-0.17,1,stop_loss (-2.7%),evening,True
MMM,RubberBand,2025-04-07,2025-04-07,121.8429,125.5745,3.063,0.19,0,max_hold 437d (+3.1%),morning,True
ABBV,RubberBand,2025-04-07,2025-04-07,173.7131,179.01,3.049,0.19,0,max_hold 437d (+3.0%),morning,True
AES,RubberBand,2025-04-07,2025-04-07,9.8202,9.9883,1.713,0.11,0,max_hold 437d (+1.7%),morning,True
A,RubberBand,2025-04-07,2025-04-07,101.7945,102.7466,0.935,0.06,0,max_hold 437d (+0.9%),morning,True
ALB,RubberBand,2025-04-07,2025-04-07,55.7858,56.9523,2.091,0.13,0,max_hold 437d (+2.1%),morning,True
CASY,Pullback50,2025-04-07,2025-04-08,415.965,432.653,4.012,0.16,1,max_hold 437d (+4.0%),evening,True
KO,Pullback50,2025-04-07,2025-04-08,66.0177,66.5874,0.863,0.03,1,max_hold 437d (+0.9%),evening,True
AOS,RubberBand,2025-04-07,2025-04-08,59.0889,59.8002,1.204,0.05,1,max_hold 437d (+1.2%),evening,True
ARE,RubberBand,2025-04-07,2025-04-08,72.9678,75.5654,3.56,0.14,1,max_hold 437d (+3.6%),evening,True
AON,RubberBand,2025-04-07,2025-04-08,361.8688,371.1254,2.558,0.1,1,max_hold 437d (+2.6%),evening,True
CASY,Pullback50,2025-04-08,2025-04-08,432.653,414.4524,-4.207,-0.16,0,stop_loss (-4.2%),morning,True
KO,Pullback50,2025-04-08,2025-04-08,66.5874,66.0659,-1.2,-0.05,0,stop_loss (-0.8%),morning,True
AOS,RubberBand,2025-04-08,2025-04-08,59.8002,58.1048,-2.835,-0.11,0,stop_loss (-2.8%),morning,True
ARE,RubberBand,2025-04-08,2025-04-08,75.5654,72.1519,-4.517,-0.18,0,stop_loss (-4.5%),morning,True
AON,RubberBand,2025-04-08,2025-04-08,371.1254,357.7769,-3.597,-0.14,0,stop_loss (-3.6%),morning,True
ABBV,RubberBand,2025-04-08,2025-04-09,168.5697,161.4976,-4.195,-0.38,1,stop_loss (-4.2%),evening,True
AKAM,RubberBand,2025-04-08,2025-04-09,68.21,67.6,-0.64,-0.06,1,stop_loss (-0.9%),evening,True
ALB,RubberBand,2025-04-08,2025-04-09,49.7573,49.6691,-0.177,-0.02,1,max_hold 436d (-0.2%),evening,True
AON,RubberBand,2025-04-08,2025-04-09,357.7769,356.1977,-0.441,-0.04,1,max_hold 436d (-0.4%),evening,True
BALL,RubberBand,2025-04-08,2025-04-09,44.1277,43.8429,-1.98,-0.18,1,stop_loss (-0.6%),evening,True
ABBV,RubberBand,2025-04-09,2025-04-09,161.4976,172.5712,6.857,0.62,0,max_hold 435d (+6.9%),morning,True
AKAM,RubberBand,2025-04-09,2025-04-09,67.6,76.35,12.944,1.17,0,max_hold 435d (+12.9%),morning,True
ALB,RubberBand,2025-04-09,2025-04-09,49.6691,59.2755,19.341,1.75,0,max_hold 435d (+19.3%),morning,True
AON,RubberBand,2025-04-09,2025-04-09,356.1977,370.8274,4.107,0.37,0,max_hold 435d (+4.1%),morning,True
BALL,RubberBand,2025-04-09,2025-04-09,43.8429,45.8362,4.546,0.41,0,max_hold 435d (+4.5%),morning,True
AJG,Pullback50,2025-04-09,2025-04-10,319.5806,317.1824,-0.66,-0.03,1,stop_loss (-0.8%),evening,True
T,Pullback50,2025-04-09,2025-04-10,25.0967,25.1427,0.183,0.01,1,max_hold 435d (+0.2%),evening,True
ATO,Pullback50,2025-04-09,2025-04-10,144.8312,144.9382,0.074,0.0,1,max_hold 435d (+0.1%),evening,True
CVNA,Pullback50,2025-04-09,2025-04-10,44.088,40.6,-7.911,-0.32,1,stop_loss (-7.9%),evening,True
CB,Pullback50,2025-04-09,2025-04-10,281.951,280.2174,-0.65,-0.03,1,stop_loss (-0.6%),evening,True
AJG,Pullback50,2025-04-10,2025-04-10,317.1824,321.4557,1.347,0.05,0,max_hold 434d (+1.3%),morning,True
T,Pullback50,2025-04-10,2025-04-10,25.1427,25.2864,0.572,0.02,0,max_hold 434d (+0.6%),morning,True
ATO,Pullback50,2025-04-10,2025-04-10,144.9382,145.2203,0.195,0.01,0,max_hold 434d (+0.2%),morning,True
CVNA,Pullback50,2025-04-10,2025-04-10,40.6,40.732,0.325,0.01,0,max_hold 434d (+0.3%),morning,True
CB,Pullback50,2025-04-10,2025-04-10,280.2174,279.6924,-0.187,-0.01,0,max_hold 434d (-0.2%),morning,True
AEP,Pullback50,2025-04-10,2025-04-11,99.1478,99.5705,0.426,0.05,1,max_hold 434d (+0.4%),evening,True
AJG,Pullback50,2025-04-10,2025-04-11,321.4557,321.8307,0.117,0.01,1,max_hold 434d (+0.1%),evening,True
T,Pullback50,2025-04-10,2025-04-11,25.2864,25.4685,0.72,0.08,1,max_hold 434d (+0.7%),evening,True
ATO,Pullback50,2025-04-10,2025-04-11,145.2203,144.8798,-0.234,-0.03,1,max_hold 434d (-0.2%),evening,True
CAH,Pullback50,2025-04-10,2025-04-11,127.4423,127.1753,-0.209,-0.02,1,max_hold 434d (-0.2%),evening,True
AEP,Pullback50,2025-04-11,2025-04-11,99.5705,100.5216,0.955,0.11,0,max_hold 433d (+1.0%),morning,True
AJG,Pullback50,2025-04-11,2025-04-11,321.8307,329.647,2.429,0.28,0,max_hold 433d (+2.4%),morning,True
T,Pullback50,2025-04-11,2025-04-11,25.4685,25.6697,0.79,0.09,0,max_hold 433d (+0.8%),morning,True
ATO,Pullback50,2025-04-11,2025-04-11,144.8798,147.3506,1.705,0.19,0,max_hold 433d (+1.7%),morning,True
CAH,Pullback50,2025-04-11,2025-04-11,127.1753,130.3001,2.457,0.28,0,max_hold 433d (+2.5%),morning,True
AFL,Pullback50,2025-04-11,2025-04-14,104.0243,104.9396,0.88,0.14,1,max_hold 433d (+0.9%),evening,True
AEE,Pullback50,2025-04-11,2025-04-14,94.1263,94.6667,0.574,0.09,1,max_hold 433d (+0.6%),evening,True
AEP,Pullback50,2025-04-11,2025-04-14,100.5216,100.3487,-0.172,-0.03,1,max_hold 433d (-0.2%),evening,True
ADP,Pullback50,2025-04-11,2025-04-14,289.9919,290.0984,0.037,0.01,1,max_hold 433d (+0.0%),evening,True
AXON,Pullback50,2025-04-11,2025-04-14,567.98,578.0,1.764,0.27,1,max_hold 433d (+1.8%),evening,True
AFL,Pullback50,2025-04-14,2025-04-14,104.9396,105.6601,0.687,0.11,0,max_hold 430d (+0.7%),morning,True
AEE,Pullback50,2025-04-14,2025-04-14,94.6667,95.5546,0.938,0.15,0,max_hold 430d (+0.9%),morning,True
AEP,Pullback50,2025-04-14,2025-04-14,100.3487,102.3951,2.039,0.32,0,max_hold 430d (+2.0%),morning,True
ADP,Pullback50,2025-04-14,2025-04-14,290.0984,291.9475,0.637,0.1,0,max_hold 430d (+0.6%),morning,True
AXON,Pullback50,2025-04-14,2025-04-14,578.0,574.83,-0.54,-0.08,0,stop_loss (-0.5%),morning,True
LNT,Pullback50,2025-04-14,2025-04-15,59.4374,59.6105,0.291,0.11,1,max_hold 430d (+0.3%),evening,True
ALL,Pullback50,2025-04-14,2025-04-15,190.7216,191.4143,0.363,0.14,1,max_hold 430d (+0.4%),evening,True
AEE,Pullback50,2025-04-14,2025-04-15,95.5546,95.8345,0.293,0.11,1,max_hold 430d (+0.3%),evening,True
ADP,Pullback50,2025-04-14,2025-04-15,291.9475,291.9475,0.0,0.0,1,max_hold 430d (+0.0%),evening,True
BR,Pullback50,2025-04-14,2025-04-15,230.9167,231.356,0.19,0.07,1,max_hold 430d (+0.2%),evening,True
LNT,Pullback50,2025-04-15,2025-04-15,59.6105,59.2354,-5.11,-1.94,0,stop_loss (-0.6%),morning,True
ALL,Pullback50,2025-04-15,2025-04-15,191.4143,189.7851,-0.91,-0.35,0,stop_loss (-0.9%),morning,True
AEE,Pullback50,2025-04-15,2025-04-15,95.8345,95.5739,-0.272,-0.1,0,max_hold 429d (-0.3%),morning,True
ADP,Pullback50,2025-04-15,2025-04-15,291.9475,288.5591,-0.58,-0.22,0,stop_loss (-1.2%),morning,True
BR,Pullback50,2025-04-15,2025-04-15,231.356,230.165,-0.69,-0.26,0,stop_loss (-0.5%),morning,True
BAC,MomReversal,2025-04-15,2025-04-16,36.9623,36.8358,-0.342,-0.25,1,max_hold 429d (-0.3%),evening,False
CFG,MomReversal,2025-04-15,2025-04-16,34.5779,34.4629,-0.332,-0.24,1,max_hold 429d (-0.3%),evening,False
BAC,MomReversal,2025-04-16,2025-04-16,36.8358,36.3201,-1.4,-0.99,0,stop_loss (-1.4%),morning,False
CFG,MomReversal,2025-04-16,2025-04-16,34.4629,33.9648,-1.445,-1.03,0,stop_loss (-1.4%),morning,False
BLDR,52wkLow,2025-04-16,2025-04-17,113.06,113.46,0.354,0.15,1,max_hold 428d (+0.4%),evening,False
AMD,GapDown,2025-04-16,2025-04-17,88.29,88.84,0.623,0.26,1,max_hold 428d (+0.6%),evening,False
ADI,GapDown,2025-04-16,2025-04-17,172.8128,174.7381,1.114,0.47,1,max_hold 428d (+1.1%),evening,False
AMAT,GapDown,2025-04-16,2025-04-17,136.7947,137.5866,0.579,0.24,1,max_hold 428d (+0.6%),evening,False
ANET,GapDown,2025-04-16,2025-04-17,71.87,72.51,0.89,0.38,1,max_hold 428d (+0.9%),evening,False
BLDR,52wkLow,2025-04-17,2025-04-17,113.46,116.94,3.067,1.3,0,max_hold 427d (+3.1%),morning,False
AMD,GapDown,2025-04-17,2025-04-17,88.84,87.5,-1.508,-0.64,0,stop_loss (-1.5%),morning,False
ADI,GapDown,2025-04-17,2025-04-17,174.7381,173.1468,-1.21,-0.51,0,stop_loss (-0.9%),morning,False
AMAT,GapDown,2025-04-17,2025-04-17,137.5866,136.0721,-0.93,-0.39,0,stop_loss (-1.1%),morning,False
ANET,GapDown,2025-04-17,2025-04-17,72.51,71.2,-1.807,-0.76,0,stop_loss (-1.8%),morning,False
ABT,Pullback50,2025-04-17,2025-04-21,128.3579,128.3481,-0.008,-0.0,1,max_hold 427d (-0.0%),evening,True
AEE,Pullback50,2025-04-17,2025-04-21,95.2072,94.6571,-1.08,-0.36,1,stop_loss (-0.6%),evening,True
CB,Pullback50,2025-04-17,2025-04-21,282.9119,282.3274,-0.207,-0.07,1,max_hold 427d (-0.2%),evening,True
BDX,52wkLow,2025-04-17,2025-04-21,151.5631,151.5631,0.0,0.0,1,max_hold 427d (+0.0%),evening,False
TECH,52wkLow,2025-04-17,2025-04-21,47.7327,46.8694,-1.809,-0.61,1,stop_loss (-1.8%),evening,False
ABT,Pullback50,2025-04-21,2025-04-21,128.3481,127.2897,-1.56,-0.53,0,stop_loss (-0.8%),morning,True
AEE,Pullback50,2025-04-21,2025-04-21,94.6571,93.1129,-1.631,-0.55,0,stop_loss (-1.6%),morning,True
CB,Pullback50,2025-04-21,2025-04-21,282.3274,277.1564,-1.832,-0.62,0,stop_loss (-1.8%),morning,True
BDX,52wkLow,2025-04-21,2025-04-21,151.5631,149.9614,-1.26,-0.42,0,stop_loss (-1.1%),morning,False
TECH,52wkLow,2025-04-21,2025-04-21,46.8694,47.1472,0.593,0.2,0,max_hold 423d (+0.6%),morning,False
CBRE,MomReversal,2025-04-21,2025-04-22,115.56,117.3,1.506,1.06,1,max_hold 423d (+1.5%),evening,False
CBRE,MomReversal,2025-04-22,2025-04-22,117.3,118.19,0.759,0.54,0,max_hold 422d (+0.8%),morning,False
AEE,Pullback50,2025-04-22,2025-04-23,95.6897,95.3326,-0.373,-0.18,1,max_hold 422d (-0.4%),evening,True
AJG,Pullback50,2025-04-22,2025-04-23,326.4198,326.8047,0.118,0.06,1,max_hold 422d (+0.1%),evening,True
AXON,Pullback50,2025-04-22,2025-04-23,555.52,576.4,3.759,1.81,1,max_hold 422d (+3.8%),evening,True
BR,Pullback50,2025-04-22,2025-04-23,229.423,232.6252,1.396,0.67,1,max_hold 422d (+1.4%),evening,True
BRO,Pullback50,2025-04-22,2025-04-23,116.3616,116.52,0.136,0.07,1,max_hold 422d (+0.1%),evening,True
AEE,Pullback50,2025-04-23,2025-04-23,95.3326,95.1878,-0.152,-0.07,0,max_hold 421d (-0.2%),morning,True
AJG,Pullback50,2025-04-23,2025-04-23,326.8047,327.4462,0.196,0.09,0,max_hold 421d (+0.2%),morning,True
AXON,Pullback50,2025-04-23,2025-04-23,576.4,576.9,0.087,0.04,0,max_hold 421d (+0.1%),morning,True
BR,Pullback50,2025-04-23,2025-04-23,232.6252,230.6531,-0.88,-0.43,0,stop_loss (-0.8%),morning,True
BRO,Pullback50,2025-04-23,2025-04-23,116.52,116.9951,0.408,0.2,0,max_hold 421d (+0.4%),morning,True
AJG,Pullback50,2025-04-23,2025-04-24,327.4462,324.9592,-3.22,-0.99,1,stop_loss (-0.8%),evening,True
BKNG,Pullback50,2025-04-23,2025-04-24,187.3309,186.3446,-1.28,-0.39,1,stop_loss (-0.5%),evening,True
BRO,Pullback50,2025-04-23,2025-04-24,116.9951,116.2527,-0.79,-0.24,1,stop_loss (-0.6%),evening,True
BIIB,52wkLow,2025-04-23,2025-04-24,118.17,119.46,1.092,0.34,1,max_hold 421d (+1.1%),evening,False
BMY,GapDown,2025-04-23,2025-04-24,46.2205,45.6585,-1.216,-0.37,1,stop_loss (-1.2%),evening,False
AJG,Pullback50,2025-04-24,2025-04-24,324.9592,327.1797,0.683,0.21,0,max_hold 420d (+0.7%),morning,True
BKNG,Pullback50,2025-04-24,2025-04-24,186.3446,191.1694,2.589,0.79,0,max_hold 420d (+2.6%),morning,True
BRO,Pullback50,2025-04-24,2025-04-24,116.2527,116.5595,0.264,0.08,0,max_hold 420d (+0.3%),morning,True
BIIB,52wkLow,2025-04-24,2025-04-24,119.46,119.51,0.042,0.01,0,max_hold 420d (+0.0%),morning,False
BMY,GapDown,2025-04-24,2025-04-24,45.6585,46.3728,1.564,0.48,0,max_hold 420d (+1.6%),morning,False
AEE,Pullback50,2025-04-24,2025-04-25,95.4677,95.2651,-0.212,-0.07,1,max_hold 420d (-0.2%),evening,True
AJG,Pullback50,2025-04-24,2025-04-25,327.1797,323.0545,-1.261,-0.43,1,stop_loss (-1.3%),evening,True
AVGO,Pullback50,2025-04-24,2025-04-25,186.6378,185.4177,-0.95,-0.32,1,stop_loss (-0.7%),evening,True
BRO,Pullback50,2025-04-24,2025-04-25,116.5595,114.8373,-1.478,-0.5,1,stop_loss (-1.5%),evening,True
CBOE,Pullback50,2025-04-24,2025-04-25,211.1254,209.6265,-1.98,-0.67,1,stop_loss (-0.7%),evening,True
AEE,Pullback50,2025-04-25,2025-04-25,95.2651,94.8501,-0.436,-0.15,0,max_hold 419d (-0.4%),morning,True
AJG,Pullback50,2025-04-25,2025-04-25,323.0545,318.0805,-1.54,-0.52,0,stop_loss (-1.5%),morning,True
AVGO,Pullback50,2025-04-25,2025-04-25,185.4177,190.7643,2.884,0.97,0,max_hold 419d (+2.9%),morning,True
BRO,Pullback50,2025-04-25,2025-04-25,114.8373,113.2734,-1.362,-0.46,0,stop_loss (-1.4%),morning,True
CBOE,Pullback50,2025-04-25,2025-04-25,209.6265,212.0288,1.146,0.39,0,max_hold 419d (+1.1%),morning,True
CBOE,Pullback50,2025-04-25,2025-04-28,212.0288,211.2048,-0.389,-0.28,1,max_hold 419d (-0.4%),evening,True
CNC,52wkLow,2025-04-25,2025-04-28,57.69,57.95,0.451,0.32,1,max_hold 419d (+0.5%),evening,False
CHD,52wkLow,2025-04-25,2025-04-28,97.7155,97.568,-0.151,-0.11,1,max_hold 419d (-0.2%),evening,False
CBOE,Pullback50,2025-04-28,2025-04-28,211.2048,210.639,-0.268,-0.19,0,max_hold 416d (-0.3%),morning,True
CNC,52wkLow,2025-04-28,2025-04-28,57.95,59.47,2.623,1.87,0,max_hold 416d (+2.6%),morning,False
CHD,52wkLow,2025-04-28,2025-04-28,97.568,97.2236,-0.353,-0.25,0,max_hold 416d (-0.4%),morning,False
ABT,Pullback50,2025-04-28,2025-04-29,126.9369,126.3097,-0.494,-0.24,1,max_hold 416d (-0.5%),evening,True
ALL,Pullback50,2025-04-28,2025-04-29,190.6338,189.9802,-0.343,-0.17,1,max_hold 416d (-0.3%),evening,True
AEE,Pullback50,2025-04-28,2025-04-29,95.4388,95.1106,-0.344,-0.17,1,max_hold 416d (-0.3%),evening,True
AIG,Pullback50,2025-04-28,2025-04-29,79.6001,79.26,-0.427,-0.21,1,max_hold 416d (-0.4%),evening,True
CMS,Pullback50,2025-04-28,2025-04-29,69.8381,69.6839,-0.221,-0.11,1,max_hold 416d (-0.2%),evening,True
ABT,Pullback50,2025-04-29,2025-04-29,126.3097,127.8875,1.249,0.6,0,max_hold 415d (+1.2%),morning,True
ALL,Pullback50,2025-04-29,2025-04-29,189.9802,193.9312,2.08,1.0,0,max_hold 415d (+2.1%),morning,True
AEE,Pullback50,2025-04-29,2025-04-29,95.1106,95.7476,0.67,0.32,0,max_hold 415d (+0.7%),morning,True
AIG,Pullback50,2025-04-29,2025-04-29,79.26,79.6681,0.515,0.25,0,max_hold 415d (+0.5%),morning,True
CMS,Pullback50,2025-04-29,2025-04-29,69.6839,70.9168,1.769,0.85,0,max_hold 415d (+1.8%),morning,True
ABT,Pullback50,2025-04-29,2025-04-30,127.8875,128.2991,0.322,0.11,1,max_hold 415d (+0.3%),evening,True
ALL,Pullback50,2025-04-29,2025-04-30,193.9312,192.8971,-1.64,-0.56,1,stop_loss (-0.5%),evening,True
AEE,Pullback50,2025-04-29,2025-04-30,95.7476,96.2012,0.474,0.16,1,max_hold 415d (+0.5%),evening,True
AIG,Pullback50,2025-04-29,2025-04-30,79.6681,79.0366,-0.54,-0.18,1,stop_loss (-0.8%),evening,True
CB,Pullback50,2025-04-29,2025-04-30,282.2779,283.318,0.368,0.13,1,max_hold 415d (+0.4%),evening,True
ABT,Pullback50,2025-04-30,2025-04-30,128.2991,128.1325,-0.13,-0.04,0,max_hold 414d (-0.1%),morning,True
ALL,Pullback50,2025-04-30,2025-04-30,192.8971,193.541,0.334,0.11,0,max_hold 414d (+0.3%),morning,True
AEE,Pullback50,2025-04-30,2025-04-30,96.2012,95.7766,-0.441,-0.15,0,max_hold 414d (-0.4%),morning,True
AIG,Pullback50,2025-04-30,2025-04-30,79.0366,79.2017,0.209,0.07,0,max_hold 414d (+0.2%),morning,True
CB,Pullback50,2025-04-30,2025-04-30,283.318,283.3973,0.028,0.01,0,max_hold 414d (+0.0%),morning,True
ABBV,Pullback50,2025-04-30,2025-05-01,188.9445,186.7946,-1.21,-0.18,1,stop_loss (-1.1%),evening,True
ALL,Pullback50,2025-04-30,2025-05-01,193.541,189.9314,-1.865,-0.28,1,stop_loss (-1.9%),evening,True
AIG,Pullback50,2025-04-30,2025-05-01,79.2017,78.3079,-1.12,-0.17,1,stop_loss (-1.1%),evening,True
ADP,Pullback50,2025-04-30,2025-05-01,291.0181,289.6725,-0.462,-0.07,1,max_hold 414d (-0.5%),evening,True
CB,Pullback50,2025-04-30,2025-05-01,283.3973,279.9995,-1.34,-0.2,1,stop_loss (-1.2%),evening,True
ABBV,Pullback50,2025-05-01,2025-05-01,186.7946,187.2401,0.238,0.04,0,max_hold 413d (+0.2%),morning,True
ALL,Pullback50,2025-05-01,2025-05-01,189.9314,192.4191,1.31,0.19,0,max_hold 413d (+1.3%),morning,True
AIG,Pullback50,2025-05-01,2025-05-01,78.3079,78.5411,0.298,0.04,0,max_hold 413d (+0.3%),morning,True
ADP,Pullback50,2025-05-01,2025-05-01,289.6725,289.169,-0.174,-0.03,0,max_hold 413d (-0.2%),morning,True
CB,Pullback50,2025-05-01,2025-05-01,279.9995,280.6335,0.226,0.03,0,max_hold 413d (+0.2%),morning,True
AES,52wkLow,2025-05-01,2025-05-02,9.4635,9.6061,1.508,0.39,1,max_hold 413d (+1.5%),evening,True
BDX,52wkLow,2025-05-01,2025-05-02,129.3141,130.6261,1.015,0.26,1,max_hold 413d (+1.0%),evening,True
BLDR,52wkLow,2025-05-01,2025-05-02,111.93,113.32,1.242,0.32,1,max_hold 413d (+1.2%),evening,True
CHD,52wkLow,2025-05-01,2025-05-02,90.8968,91.2609,0.401,0.1,1,max_hold 413d (+0.4%),evening,True
APD,GapDown,2025-05-01,2025-05-02,265.0492,265.3803,0.125,0.03,1,max_hold 413d (+0.1%),evening,False
AES,52wkLow,2025-05-02,2025-05-02,9.6061,9.6822,0.792,0.21,0,max_hold 412d (+0.8%),morning,True
BDX,52wkLow,2025-05-02,2025-05-02,130.6261,128.7345,-1.448,-0.38,0,stop_loss (-1.4%),morning,True
BLDR,52wkLow,2025-05-02,2025-05-02,113.32,114.13,0.715,0.19,0,max_hold 412d (+0.7%),morning,True
CHD,52wkLow,2025-05-02,2025-05-02,91.2609,91.4478,0.205,0.05,0,max_hold 412d (+0.2%),morning,True
APD,GapDown,2025-05-02,2025-05-02,265.3803,270.3665,1.879,0.49,0,max_hold 412d (+1.9%),morning,False
BDX,52wkLow,2025-05-02,2025-05-05,128.7345,128.4599,-0.213,-0.05,1,max_hold 412d (-0.2%),evening,True
XYZ,52wkLow,2025-05-02,2025-05-05,46.53,45.92,-1.311,-0.32,1,stop_loss (-1.3%),evening,True
CHD,52wkLow,2025-05-02,2025-05-05,91.4478,91.7823,0.366,0.09,1,max_hold 412d (+0.4%),evening,True
MMM,Pullback50,2025-05-02,2025-05-05,138.7913,137.3651,-0.53,-0.13,1,stop_loss (-1.0%),evening,False
ALL,Pullback50,2025-05-02,2025-05-05,194.4287,193.8141,-0.316,-0.08,1,max_hold 412d (-0.3%),evening,False
BDX,52wkLow,2025-05-05,2025-05-05,128.4599,127.3768,-0.79,-0.19,0,stop_loss (-0.8%),morning,True
XYZ,52wkLow,2025-05-05,2025-05-05,45.92,46.64,1.568,0.38,0,max_hold 409d (+1.6%),morning,True
CHD,52wkLow,2025-05-05,2025-05-05,91.7823,91.2904,-3.54,-0.86,0,stop_loss (-0.5%),morning,True
MMM,Pullback50,2025-05-05,2025-05-05,137.3651,137.5409,0.128,0.03,0,max_hold 409d (+0.1%),morning,False
ALL,Pullback50,2025-05-05,2025-05-05,193.8141,195.3555,0.795,0.19,0,max_hold 409d (+0.8%),morning,False
XYZ,52wkLow,2025-05-05,2025-05-06,46.64,45.7,-2.015,-1.14,1,stop_loss (-2.0%),evening,True
ALL,Pullback50,2025-05-05,2025-05-06,195.3555,195.1116,-0.125,-0.07,1,max_hold 409d (-0.1%),evening,False
AEE,Pullback50,2025-05-05,2025-05-06,96.0757,96.0275,-0.05,-0.03,1,max_hold 409d (-0.1%),evening,False
CB,Pullback50,2025-05-05,2025-05-06,285.1309,284.2592,-0.306,-0.17,1,max_hold 409d (-0.3%),evening,False
CSCO,Pullback50,2025-05-05,2025-05-06,57.9853,57.3109,-0.65,-0.37,1,stop_loss (-1.2%),evening,False
XYZ,52wkLow,2025-05-06,2025-05-06,45.7,47.29,3.479,1.96,0,max_hold 408d (+3.5%),morning,True
ALL,Pullback50,2025-05-06,2025-05-06,195.1116,197.1213,1.03,0.58,0,max_hold 408d (+1.0%),morning,False
AEE,Pullback50,2025-05-06,2025-05-06,96.0275,95.9889,-0.04,-0.02,0,max_hold 408d (-0.0%),morning,False
CB,Pullback50,2025-05-06,2025-05-06,284.2592,286.2899,0.714,0.4,0,max_hold 408d (+0.7%),morning,False
CSCO,Pullback50,2025-05-06,2025-05-06,57.3109,57.8876,1.006,0.57,0,max_hold 408d (+1.0%),morning,False
TECH,52wkLow,2025-05-06,2025-05-07,47.3556,49.6083,4.757,1.35,1,max_hold 408d (+4.8%),evening,True
XYZ,52wkLow,2025-05-06,2025-05-07,47.29,47.48,0.402,0.11,1,max_hold 408d (+0.4%),evening,True
BLDR,52wkLow,2025-05-06,2025-05-07,107.15,108.49,1.251,0.36,1,max_hold 408d (+1.3%),evening,True
ANET,GapDown,2025-05-06,2025-05-07,90.77,85.88,-5.387,-1.53,1,stop_loss (-5.4%),evening,False
CLX,GapDown,2025-05-06,2025-05-07,129.2255,129.2255,-0.0,-0.0,1,max_hold 408d (-0.0%),evening,False
TECH,52wkLow,2025-05-07,2025-05-07,49.6083,48.3778,-2.48,-0.71,0,stop_loss (-2.5%),morning,True
XYZ,52wkLow,2025-05-07,2025-05-07,47.48,47.95,0.99,0.28,0,max_hold 407d (+1.0%),morning,True
BLDR,52wkLow,2025-05-07,2025-05-07,108.49,105.99,-2.304,-0.66,0,stop_loss (-2.3%),morning,True
ANET,GapDown,2025-05-07,2025-05-07,85.88,86.45,0.664,0.19,0,max_hold 407d (+0.7%),morning,False
CLX,GapDown,2025-05-07,2025-05-07,129.2255,130.5938,1.059,0.3,0,max_hold 407d (+1.1%),morning,False
GOOGL,52wkLow,2025-05-07,2025-05-08,150.7669,154.3722,2.391,0.63,1,max_hold 407d (+2.4%),evening,True
GOOG,52wkLow,2025-05-07,2025-05-08,152.182,155.2894,2.042,0.54,1,max_hold 407d (+2.0%),evening,True
TECH,52wkLow,2025-05-07,2025-05-08,48.3778,48.219,-0.328,-0.09,1,max_hold 407d (-0.3%),evening,True
BLDR,52wkLow,2025-05-07,2025-05-08,105.99,107.28,1.217,0.32,1,max_hold 407d (+1.2%),evening,True
ANET,GapDown,2025-05-07,2025-05-08,86.45,87.52,1.238,0.32,1,max_hold 407d (+1.2%),evening,False
GOOGL,52wkLow,2025-05-08,2025-05-08,154.3722,153.6551,-0.465,-0.12,0,max_hold 406d (-0.5%),morning,True
GOOG,52wkLow,2025-05-08,2025-05-08,155.2894,155.1201,-0.109,-0.03,0,max_hold 406d (-0.1%),morning,True
TECH,52wkLow,2025-05-08,2025-05-08,48.219,49.3999,2.449,0.65,0,max_hold 406d (+2.4%),morning,True
BLDR,52wkLow,2025-05-08,2025-05-08,107.28,111.07,3.533,0.93,0,max_hold 406d (+3.5%),morning,True
ANET,GapDown,2025-05-08,2025-05-08,87.52,87.27,-0.286,-0.08,0,max_hold 406d (-0.3%),morning,False
TECH,52wkLow,2025-05-08,2025-05-09,49.3999,49.6182,0.442,0.22,1,max_hold 406d (+0.4%),evening,True
BIIB,52wkLow,2025-05-08,2025-05-09,118.39,118.75,0.304,0.15,1,max_hold 406d (+0.3%),evening,True
BLDR,52wkLow,2025-05-08,2025-05-09,111.07,111.91,0.756,0.37,1,max_hold 406d (+0.8%),evening,True
BKR,MomReversal,2025-05-08,2025-05-09,35.6349,36.2542,1.738,0.85,1,max_hold 406d (+1.7%),evening,False
CF,VolumeSpike,2025-05-08,2025-05-09,79.149,79.7233,0.726,0.36,1,max_hold 406d (+0.7%),evening,False
TECH,52wkLow,2025-05-09,2025-05-09,49.6182,49.5587,-0.12,-0.06,0,max_hold 405d (-0.1%),morning,True
BIIB,52wkLow,2025-05-09,2025-05-09,118.75,118.17,-0.488,-0.24,0,max_hold 405d (-0.5%),morning,True
BLDR,52wkLow,2025-05-09,2025-05-09,111.91,110.72,-0.52,-0.26,0,stop_loss (-1.1%),morning,True
BKR,MomReversal,2025-05-09,2025-05-09,36.2542,35.8708,-0.96,-0.47,0,stop_loss (-1.1%),morning,False
CF,VolumeSpike,2025-05-09,2025-05-09,79.7233,80.2099,0.61,0.3,0,max_hold 405d (+0.6%),morning,False
AMGN,52wkLow,2025-05-09,2025-05-12,255.841,256.428,0.229,0.1,1,max_hold 405d (+0.2%),evening,True
MMM,Pullback50,2025-05-09,2025-05-12,139.2993,142.7085,2.447,1.06,1,max_hold 405d (+2.4%),evening,False
LNT,Pullback50,2025-05-09,2025-05-12,59.8821,59.3585,-0.54,-0.23,1,stop_loss (-0.9%),evening,False
AEP,Pullback50,2025-05-09,2025-05-12,101.4667,99.974,-1.471,-0.63,1,stop_loss (-1.5%),evening,False
AIG,Pullback50,2025-05-09,2025-05-12,80.0664,80.6202,0.692,0.3,1,max_hold 405d (+0.7%),evening,False
AMGN,52wkLow,2025-05-12,2025-05-12,256.428,264.4056,3.111,1.34,0,max_hold 402d (+3.1%),morning,True
MMM,Pullback50,2025-05-12,2025-05-12,142.7085,146.8503,2.902,1.25,0,max_hold 402d (+2.9%),morning,False
LNT,Pullback50,2025-05-12,2025-05-12,59.3585,57.7102,-2.777,-1.2,0,stop_loss (-2.8%),morning,False
AEP,Pullback50,2025-05-12,2025-05-12,99.974,97.89,-2.085,-0.9,0,stop_loss (-2.1%),morning,False
AIG,Pullback50,2025-05-12,2025-05-12,80.6202,81.0963,0.591,0.26,0,max_hold 402d (+0.6%),morning,False
ARE,52wkLow,2025-05-12,2025-05-13,69.6106,69.9763,0.525,0.2,1,max_hold 402d (+0.5%),evening,True
CPB,52wkLow,2025-05-12,2025-05-13,33.9455,33.9738,0.083,0.03,1,max_hold 402d (+0.1%),evening,True
CHD,52wkLow,2025-05-12,2025-05-13,93.6518,93.3173,-0.357,-0.14,1,max_hold 402d (-0.4%),evening,True
AEP,RubberBand,2025-05-12,2025-05-13,97.89,97.89,-0.0,-0.0,1,max_hold 402d (-0.0%),evening,True
KO,RubberBand,2025-05-12,2025-05-13,67.1377,67.1957,0.086,0.03,1,max_hold 402d (+0.1%),evening,True
ARE,52wkLow,2025-05-13,2025-05-13,69.9763,67.8945,-2.975,-1.15,0,stop_loss (-3.0%),morning,True
CPB,52wkLow,2025-05-13,2025-05-13,33.9738,33.2277,-2.196,-0.85,0,stop_loss (-2.2%),morning,True
CHD,52wkLow,2025-05-13,2025-05-13,93.3173,92.5892,-1.72,-0.66,0,stop_loss (-0.8%),morning,True
AEP,RubberBand,2025-05-13,2025-05-13,97.89,96.5039,-1.416,-0.55,0,stop_loss (-1.4%),morning,True
KO,RubberBand,2025-05-13,2025-05-13,67.1957,66.5873,-1.52,-0.59,0,stop_loss (-0.9%),morning,True
ARE,52wkLow,2025-05-13,2025-05-14,67.8945,67.4443,-0.51,-0.35,1,stop_loss (-0.7%),evening,True
CPB,52wkLow,2025-05-13,2025-05-14,33.2277,33.1616,-0.199,-0.14,1,max_hold 401d (-0.2%),evening,True
CHD,52wkLow,2025-05-13,2025-05-14,92.5892,92.1562,-0.468,-0.32,1,max_hold 401d (-0.5%),evening,True
AEP,RubberBand,2025-05-13,2025-05-14,96.5039,96.2228,-0.291,-0.2,1,max_hold 401d (-0.3%),evening,True
ARE,52wkLow,2025-05-14,2025-05-14,67.4443,66.5722,-1.293,-0.88,0,stop_loss (-1.3%),morning,True
CPB,52wkLow,2025-05-14,2025-05-14,33.1616,32.406,-2.279,-1.56,0,stop_loss (-2.3%),morning,True
CHD,52wkLow,2025-05-14,2025-05-14,92.1562,91.6643,-0.54,-0.37,0,stop_loss (-0.5%),morning,True
AEP,RubberBand,2025-05-14,2025-05-14,96.2228,95.5637,-4.7,-3.22,0,stop_loss (-0.7%),morning,True
ARE,52wkLow,2025-05-14,2025-05-15,66.5722,66.5534,-0.028,-0.01,1,max_hold 400d (-0.0%),evening,True
AMGN,52wkLow,2025-05-14,2025-05-15,252.396,255.3021,1.151,0.48,1,max_hold 400d (+1.2%),evening,True
TECH,52wkLow,2025-05-14,2025-05-15,47.4946,47.6633,0.355,0.15,1,max_hold 400d (+0.4%),evening,True
CPB,52wkLow,2025-05-14,2025-05-15,32.406,32.5949,0.583,0.24,1,max_hold 400d (+0.6%),evening,True
AEP,RubberBand,2025-05-14,2025-05-15,95.5637,96.3197,0.791,0.33,1,max_hold 400d (+0.8%),evening,True
ARE,52wkLow,2025-05-15,2025-05-15,66.5534,67.1067,0.831,0.35,0,max_hold 399d (+0.8%),morning,True
AMGN,52wkLow,2025-05-15,2025-05-15,255.3021,261.4513,2.409,1.02,0,max_hold 399d (+2.4%),morning,True
TECH,52wkLow,2025-05-15,2025-05-15,47.6633,47.8717,0.437,0.18,0,max_hold 399d (+0.4%),morning,True
CPB,52wkLow,2025-05-15,2025-05-15,32.5949,33.0199,1.304,0.55,0,max_hold 399d (+1.3%),morning,True
AEP,RubberBand,2025-05-15,2025-05-15,96.3197,98.491,2.254,0.95,0,max_hold 399d (+2.3%),morning,True
CPB,52wkLow,2025-05-15,2025-05-16,33.0199,33.0577,0.114,0.04,1,max_hold 399d (+0.1%),evening,True
LNT,Pullback50,2025-05-15,2025-05-16,59.8336,59.9015,0.113,0.04,1,max_hold 399d (+0.1%),evening,False
MO,Pullback50,2025-05-15,2025-05-16,53.4447,53.5735,0.241,0.08,1,max_hold 399d (+0.2%),evening,False
AIG,Pullback50,2025-05-15,2025-05-16,80.8631,80.8923,0.036,0.01,1,max_hold 399d (+0.0%),evening,False
CBOE,Pullback50,2025-05-15,2025-05-16,217.5382,217.8459,0.141,0.05,1,max_hold 399d (+0.1%),evening,False
CPB,52wkLow,2025-05-16,2025-05-16,33.0577,33.5488,1.486,0.51,0,max_hold 398d (+1.5%),morning,True
LNT,Pullback50,2025-05-16,2025-05-16,59.9015,60.5802,1.133,0.39,0,max_hold 398d (+1.1%),morning,False
MO,Pullback50,2025-05-16,2025-05-16,53.5735,54.2087,1.186,0.4,0,max_hold 398d (+1.2%),morning,False
AIG,Pullback50,2025-05-16,2025-05-16,80.8923,81.9318,1.285,0.44,0,max_hold 398d (+1.3%),morning,False
CBOE,Pullback50,2025-05-16,2025-05-16,217.8459,219.335,0.684,0.23,0,max_hold 398d (+0.7%),morning,False
AFL,Pullback50,2025-05-16,2025-05-19,104.0145,104.0535,0.037,0.02,1,max_hold 398d (+0.0%),evening,False
AEE,Pullback50,2025-05-16,2025-05-19,94.5991,94.3965,-0.214,-0.09,1,max_hold 398d (-0.2%),evening,False
AMT,Pullback50,2025-05-16,2025-05-19,203.8395,204.0878,0.122,0.05,1,max_hold 398d (+0.1%),evening,False
AWK,Pullback50,2025-05-16,2025-05-19,138.9025,138.5712,-0.239,-0.1,1,max_hold 398d (-0.2%),evening,False
BRK-B,Pullback50,2025-05-16,2025-05-19,514.31,513.62,-0.134,-0.06,1,max_hold 398d (-0.1%),evening,False
AFL,Pullback50,2025-05-19,2025-05-19,104.0535,103.6348,-0.402,-0.17,0,max_hold 395d (-0.4%),morning,False
AEE,Pullback50,2025-05-19,2025-05-19,94.3965,95.516,1.186,0.51,0,max_hold 395d (+1.2%),morning,False
AMT,Pullback50,2025-05-19,2025-05-19,204.0878,205.5112,0.697,0.3,0,max_hold 395d (+0.7%),morning,False
AWK,Pullback50,2025-05-19,2025-05-19,138.5712,140.0229,1.048,0.45,0,max_hold 395d (+1.0%),morning,False
BRK-B,Pullback50,2025-05-19,2025-05-19,513.62,512.39,-0.239,-0.1,0,max_hold 395d (-0.2%),morning,False
BLDR,GapDown,2025-05-19,2025-05-20,117.6,116.63,-1.56,-0.67,1,stop_loss (-0.8%),evening,False
COHR,GapDown,2025-05-19,2025-05-20,79.38,78.92,-1.02,-0.44,1,stop_loss (-0.6%),evening,False
AEE,Pullback50,2025-05-19,2025-05-20,95.516,95.1782,-0.354,-0.15,1,max_hold 395d (-0.4%),evening,False
AEP,Pullback50,2025-05-19,2025-05-20,100.5944,100.4587,-0.135,-0.06,1,max_hold 395d (-0.1%),evening,False
AMT,Pullback50,2025-05-19,2025-05-20,205.5112,203.9637,-2.45,-1.05,1,stop_loss (-0.8%),evening,False
BLDR,GapDown,2025-05-20,2025-05-20,116.63,114.62,-1.723,-0.73,0,stop_loss (-1.7%),morning,False
COHR,GapDown,2025-05-20,2025-05-20,78.92,79.45,0.672,0.29,0,max_hold 394d (+0.7%),morning,False
AEE,Pullback50,2025-05-20,2025-05-20,95.1782,95.1396,-0.041,-0.02,0,max_hold 394d (-0.0%),morning,False
AEP,Pullback50,2025-05-20,2025-05-20,100.4587,100.5459,0.087,0.04,0,max_hold 394d (+0.1%),morning,False
AMT,Pullback50,2025-05-20,2025-05-20,203.9637,205.7691,0.885,0.38,0,max_hold 394d (+0.9%),morning,False
AEP,Pullback50,2025-05-20,2025-05-21,100.5459,100.3811,-0.164,-0.11,1,max_hold 394d (-0.2%),evening,False
AMT,Pullback50,2025-05-20,2025-05-21,205.7691,205.9984,0.111,0.08,1,max_hold 394d (+0.1%),evening,False
AWK,Pullback50,2025-05-20,2025-05-21,140.1301,140.0424,-0.063,-0.04,1,max_hold 394d (-0.1%),evening,False
CI,Pullback50,2025-05-20,2025-05-21,316.4318,314.1242,-0.65,-0.44,1,stop_loss (-0.7%),evening,False
CMS,Pullback50,2025-05-20,2025-05-21,69.85,69.7433,-0.153,-0.1,1,max_hold 394d (-0.2%),evening,False
AEP,Pullback50,2025-05-21,2025-05-21,100.3811,99.7705,-0.66,-0.45,0,stop_loss (-0.6%),morning,False
AMT,Pullback50,2025-05-21,2025-05-21,205.9984,204.1738,-0.65,-0.44,0,stop_loss (-0.9%),morning,False
AWK,Pullback50,2025-05-21,2025-05-21,140.0424,139.7988,-0.174,-0.12,0,max_hold 393d (-0.2%),morning,False
CI,Pullback50,2025-05-21,2025-05-21,314.1242,308.7303,-1.717,-1.17,0,stop_loss (-1.7%),morning,False
CMS,Pullback50,2025-05-21,2025-05-21,69.7433,68.6661,-1.544,-1.05,0,stop_loss (-1.5%),morning,False
BLDR,52wkLow,2025-05-21,2025-05-22,108.38,108.34,-0.037,-0.03,1,max_hold 393d (-0.0%),evening,True
CPB,52wkLow,2025-05-21,2025-05-22,32.3304,32.3115,-0.058,-0.04,1,max_hold 393d (-0.1%),evening,True
BLDR,52wkLow,2025-05-22,2025-05-22,108.34,109.84,1.385,0.98,0,max_hold 392d (+1.4%),morning,True
CPB,52wkLow,2025-05-22,2025-05-22,32.3115,32.2171,-0.292,-0.21,0,max_hold 392d (-0.3%),morning,True
AES,52wkLow,2025-05-22,2025-05-23,9.1591,9.0735,-0.72,-0.51,1,stop_loss (-0.9%),evening,True
BLDR,52wkLow,2025-05-22,2025-05-23,109.84,106.56,-2.986,-2.12,1,stop_loss (-3.0%),evening,True
CPB,52wkLow,2025-05-22,2025-05-23,32.2171,32.1604,-0.176,-0.13,1,max_hold 392d (-0.2%),evening,True
AES,52wkLow,2025-05-23,2025-05-23,9.0735,9.5015,4.717,3.36,0,max_hold 391d (+4.7%),morning,True
BLDR,52wkLow,2025-05-23,2025-05-23,106.56,108.33,1.661,1.18,0,max_hold 391d (+1.7%),morning,True
CPB,52wkLow,2025-05-23,2025-05-23,32.1604,31.6409,-1.615,-1.15,0,stop_loss (-1.6%),morning,True
CPB,52wkLow,2025-05-23,2025-05-27,31.6409,31.8581,0.687,0.19,1,max_hold 391d (+0.7%),evening,True
AAPL,GapDown,2025-05-23,2025-05-27,194.4984,197.5164,1.552,0.44,1,max_hold 391d (+1.6%),evening,False
APTV,GapDown,2025-05-23,2025-05-27,66.06,67.27,1.832,0.52,1,max_hold 391d (+1.8%),evening,False
BBY,GapDown,2025-05-23,2025-05-27,65.3192,66.7392,2.174,0.61,1,max_hold 391d (+2.2%),evening,False
XYZ,GapDown,2025-05-23,2025-05-27,58.74,60.05,2.23,0.63,1,max_hold 391d (+2.2%),evening,False
CPB,52wkLow,2025-05-27,2025-05-27,31.8581,32.4343,1.808,0.51,0,max_hold 387d (+1.8%),morning,True
AAPL,GapDown,2025-05-27,2025-05-27,197.5164,199.4189,0.963,0.27,0,max_hold 387d (+1.0%),morning,False
APTV,GapDown,2025-05-27,2025-05-27,67.27,68.4,1.68,0.48,0,max_hold 387d (+1.7%),morning,False
BBY,GapDown,2025-05-27,2025-05-27,66.7392,67.4679,1.092,0.31,0,max_hold 387d (+1.1%),morning,False
XYZ,GapDown,2025-05-27,2025-05-27,60.05,62.15,3.497,0.99,0,max_hold 387d (+3.5%),morning,False
ARE,52wkLow,2025-05-27,2025-05-28,65.9814,66.0752,0.142,0.07,1,max_hold 387d (+0.1%),evening,True
CPB,52wkLow,2025-05-27,2025-05-28,32.4343,32.4721,0.116,0.06,1,max_hold 387d (+0.1%),evening,True
AIG,Pullback50,2025-05-27,2025-05-28,80.8048,80.6299,-0.216,-0.11,1,max_hold 387d (-0.2%),evening,False
AMT,Pullback50,2025-05-27,2025-05-28,204.1452,203.4765,-0.328,-0.16,1,max_hold 387d (-0.3%),evening,False
T,Pullback50,2025-05-27,2025-05-28,26.2446,26.235,-0.037,-0.02,1,max_hold 387d (-0.0%),evening,False
ARE,52wkLow,2025-05-28,2025-05-28,66.0752,65.3343,-1.02,-0.5,0,stop_loss (-1.1%),morning,True
CPB,52wkLow,2025-05-28,2025-05-28,32.4721,31.9148,-1.716,-0.84,0,stop_loss (-1.7%),morning,True
AIG,Pullback50,2025-05-28,2025-05-28,80.6299,80.387,-0.301,-0.15,0,max_hold 386d (-0.3%),morning,False
AMT,Pullback50,2025-05-28,2025-05-28,203.4765,202.9606,-0.254,-0.12,0,max_hold 386d (-0.3%),morning,False
T,Pullback50,2025-05-28,2025-05-28,26.235,26.35,0.438,0.21,0,max_hold 386d (+0.4%),morning,False
T,Pullback50,2025-05-28,2025-05-29,26.35,26.3308,-0.073,-0.05,1,max_hold 386d (-0.1%),evening,False
CB,Pullback50,2025-05-28,2025-05-29,286.2899,285.5668,-0.253,-0.18,1,max_hold 386d (-0.3%),evening,False
CNP,VolumeSpike,2025-05-28,2025-05-29,36.3615,36.029,-0.76,-0.55,1,stop_loss (-0.9%),evening,False
T,Pullback50,2025-05-29,2025-05-29,26.3308,26.235,-0.364,-0.26,0,max_hold 385d (-0.4%),morning,False
CB,Pullback50,2025-05-29,2025-05-29,285.5668,291.3916,2.04,1.47,0,max_hold 385d (+2.0%),morning,False
CNP,VolumeSpike,2025-05-29,2025-05-29,36.029,36.293,0.733,0.53,0,max_hold 385d (+0.7%),morning,False
CPB,52wkLow,2025-05-29,2025-05-30,32.2737,32.321,0.146,0.06,1,max_hold 385d (+0.1%),evening,True
LNT,Pullback50,2025-05-29,2025-05-30,59.9693,60.0275,0.097,0.04,1,max_hold 385d (+0.1%),evening,False
AMT,Pullback50,2025-05-29,2025-05-30,204.1547,203.5911,-0.276,-0.12,1,max_hold 385d (-0.3%),evening,False
AON,Pullback50,2025-05-29,2025-05-30,365.1881,364.9493,-0.065,-0.03,1,max_hold 385d (-0.1%),evening,False
ATO,Pullback50,2025-05-29,2025-05-30,150.9677,150.8699,-0.065,-0.03,1,max_hold 385d (-0.1%),evening,False
CPB,52wkLow,2025-05-30,2025-05-30,32.321,32.1509,-1.91,-0.82,0,stop_loss (-0.5%),morning,True
LNT,Pullback50,2025-05-30,2025-05-30,60.0275,60.3378,0.517,0.22,0,max_hold 384d (+0.5%),morning,False
AMT,Pullback50,2025-05-30,2025-05-30,203.5911,205.0527,0.718,0.31,0,max_hold 384d (+0.7%),morning,False
AON,Pullback50,2025-05-30,2025-05-30,364.9493,370.3238,1.473,0.63,0,max_hold 384d (+1.5%),morning,False
ATO,Pullback50,2025-05-30,2025-05-30,150.8699,151.3003,0.285,0.12,0,max_hold 384d (+0.3%),morning,False
ARE,52wkLow,2025-05-30,2025-06-02,65.822,65.6438,-0.271,-0.02,1,max_hold 384d (-0.3%),evening,True
TECH,52wkLow,2025-05-30,2025-06-02,48.1088,47.5919,-0.51,-0.04,1,stop_loss (-1.1%),evening,True
CPB,52wkLow,2025-05-30,2025-06-02,32.1509,32.916,2.38,0.2,1,max_hold 384d (+2.4%),evening,True
CNC,52wkLow,2025-05-30,2025-06-02,56.44,55.1,-2.374,-0.2,1,stop_loss (-2.4%),evening,True
CVX,52wkLow,2025-05-30,2025-06-02,131.2048,132.9228,1.309,0.11,1,max_hold 384d (+1.3%),evening,True
ARE,52wkLow,2025-06-02,2025-06-02,65.6438,65.2687,-0.53,-0.04,0,stop_loss (-0.6%),morning,True
TECH,52wkLow,2025-06-02,2025-06-02,47.5919,48.3175,1.525,0.13,0,max_hold 381d (+1.5%),morning,True
CPB,52wkLow,2025-06-02,2025-06-02,32.916,32.3493,-1.722,-0.14,0,stop_loss (-1.7%),morning,True
CNC,52wkLow,2025-06-02,2025-06-02,55.1,54.91,-0.345,-0.03,0,max_hold 381d (-0.3%),morning,True
CVX,52wkLow,2025-06-02,2025-06-02,132.9228,132.299,-0.469,-0.04,0,max_hold 381d (-0.5%),morning,True
CPB,VolumeSpike,2025-06-02,2025-06-03,32.3493,32.1226,-0.57,-0.18,1,stop_loss (-0.7%),evening,True
CIEN,VolumeSpike,2025-06-02,2025-06-03,81.75,82.42,0.82,0.26,1,max_hold 381d (+0.8%),evening,True
CVX,52wkLow,2025-06-02,2025-06-03,132.299,132.1166,-0.138,-0.04,1,max_hold 381d (-0.1%),evening,False
BAX,MomReversal,2025-06-02,2025-06-03,29.299,29.061,-1.6,-0.5,1,stop_loss (-0.8%),evening,False
ABBV,Pullback50,2025-06-02,2025-06-03,181.0904,181.0032,-0.048,-0.02,1,max_hold 381d (-0.0%),evening,False
CPB,VolumeSpike,2025-06-03,2025-06-03,32.1226,32.3587,0.735,0.23,0,max_hold 380d (+0.7%),morning,True
CIEN,VolumeSpike,2025-06-03,2025-06-03,82.42,83.26,1.019,0.32,0,max_hold 380d (+1.0%),morning,True
CVX,52wkLow,2025-06-03,2025-06-03,132.1166,133.9402,1.38,0.43,0,max_hold 380d (+1.4%),morning,False
BAX,MomReversal,2025-06-03,2025-06-03,29.061,29.8344,2.661,0.83,0,max_hold 380d (+2.7%),morning,False
ABBV,Pullback50,2025-06-03,2025-06-03,181.0032,181.3422,0.187,0.06,0,max_hold 380d (+0.2%),morning,False
CPB,52wkLow,2025-06-03,2025-06-04,32.3587,32.4437,0.263,0.19,1,max_hold 380d (+0.3%),evening,False
ABBV,Pullback50,2025-06-03,2025-06-04,181.3422,182.4656,0.62,0.45,1,max_hold 380d (+0.6%),evening,False
AMT,Pullback50,2025-06-03,2025-06-04,203.849,203.7153,-0.066,-0.05,1,max_hold 380d (-0.1%),evening,False
CPB,52wkLow,2025-06-04,2025-06-04,32.4437,32.3776,-0.204,-0.15,0,max_hold 379d (-0.2%),morning,False
ABBV,Pullback50,2025-06-04,2025-06-04,182.4656,181.4294,-1.02,-0.74,0,stop_loss (-0.6%),morning,False
AMT,Pullback50,2025-06-04,2025-06-04,203.7153,204.7757,0.521,0.38,0,max_hold 379d (+0.5%),morning,False
CIEN,VolumeSpike,2025-06-04,2025-06-05,83.89,76.85,-8.392,-5.78,1,stop_loss (-8.4%),evening,True
BF-B,MomReversal,2025-06-04,2025-06-05,31.8471,26.3698,-17.199,-11.84,1,stop_loss (-17.2%),evening,False
AMT,Pullback50,2025-06-04,2025-06-05,204.7757,205.5112,0.359,0.25,1,max_hold 379d (+0.4%),evening,False
CASY,Pullback50,2025-06-04,2025-06-05,446.5397,446.6991,0.036,0.02,1,max_hold 379d (+0.0%),evening,False
KO,Pullback50,2025-06-04,2025-06-05,68.9144,68.9241,0.014,0.01,1,max_hold 379d (+0.0%),evening,False
CIEN,VolumeSpike,2025-06-05,2025-06-05,76.85,73.05,-4.945,-3.24,0,stop_loss (-4.9%),morning,True
BF-B,MomReversal,2025-06-05,2025-06-05,26.3698,26.1396,-1.63,-1.07,0,stop_loss (-0.9%),morning,False
AMT,Pullback50,2025-06-05,2025-06-05,205.5112,206.5525,0.507,0.33,0,max_hold 378d (+0.5%),morning,False
CASY,Pullback50,2025-06-05,2025-06-05,446.6991,443.9895,-0.56,-0.37,0,stop_loss (-0.6%),morning,False
KO,Pullback50,2025-06-05,2025-06-05,68.9241,68.4703,-0.5,-0.33,0,stop_loss (-0.7%),morning,False
BF-B,52wkLow,2025-06-05,2025-06-06,26.1396,26.4657,1.248,0.85,1,max_hold 378d (+1.2%),evening,False
AMT,Pullback50,2025-06-05,2025-06-06,206.5525,205.6927,-0.416,-0.28,1,max_hold 378d (-0.4%),evening,False
BF-B,52wkLow,2025-06-06,2025-06-06,26.4657,26.9645,1.885,1.29,0,max_hold 377d (+1.9%),morning,False
AMT,Pullback50,2025-06-06,2025-06-06,205.6927,203.037,-1.291,-0.88,0,stop_loss (-1.3%),morning,False
BF-B,52wkLow,2025-06-06,2025-06-09,26.9645,27.2517,1.065,0.73,1,max_hold 377d (+1.1%),evening,False
KO,Pullback50,2025-06-06,2025-06-09,68.8951,68.8951,-0.0,-0.0,1,max_hold 377d (-0.0%),evening,False
BF-B,52wkLow,2025-06-09,2025-06-09,27.2517,26.7489,-1.845,-1.26,0,stop_loss (-1.8%),morning,False
KO,Pullback50,2025-06-09,2025-06-09,68.8951,69.3007,0.589,0.4,0,max_hold 374d (+0.6%),morning,False
BF-B,52wkLow,2025-06-09,2025-06-10,26.7489,26.9713,0.832,0.57,1,max_hold 374d (+0.8%),evening,False
KO,Pullback50,2025-06-09,2025-06-10,69.3007,69.4262,0.181,0.12,1,max_hold 374d (+0.2%),evening,False
BF-B,52wkLow,2025-06-10,2025-06-10,26.9713,26.8552,-0.43,-0.29,0,max_hold 373d (-0.4%),morning,False
KO,Pullback50,2025-06-10,2025-06-10,69.4262,69.8607,0.626,0.43,0,max_hold 373d (+0.6%),morning,False
CPB,52wkLow,2025-06-10,2025-06-11,32.1793,32.2265,0.147,0.06,1,max_hold 373d (+0.1%),evening,False
LNT,Pullback50,2025-06-10,2025-06-11,59.0094,59.2227,0.361,0.15,1,max_hold 373d (+0.4%),evening,False
AMT,Pullback50,2025-06-10,2025-06-11,205.0145,205.0145,0.0,0.0,1,max_hold 373d (+0.0%),evening,False
AZO,Pullback50,2025-06-10,2025-06-11,3713.5701,3703.22,-0.279,-0.11,1,max_hold 373d (-0.3%),evening,False
CBOE,Pullback50,2025-06-10,2025-06-11,220.0941,218.8697,-1.08,-0.44,1,stop_loss (-0.6%),evening,False
CPB,52wkLow,2025-06-11,2025-06-11,32.2265,31.5465,-2.11,-0.86,0,stop_loss (-2.1%),morning,False
LNT,Pullback50,2025-06-11,2025-06-11,59.2227,59.2712,0.082,0.03,0,max_hold 372d (+0.1%),morning,False
AMT,Pullback50,2025-06-11,2025-06-11,205.0145,204.7757,-0.116,-0.05,0,max_hold 372d (-0.1%),morning,False
AZO,Pullback50,2025-06-11,2025-06-11,3703.22,3658.5901,-1.205,-0.49,0,stop_loss (-1.2%),morning,False
CBOE,Pullback50,2025-06-11,2025-06-11,218.8697,221.8759,1.374,0.56,0,max_hold 372d (+1.4%),morning,False
BF-B,52wkLow,2025-06-11,2025-06-12,26.5941,26.3234,-4.96,-2.29,1,stop_loss (-1.0%),evening,False
LNT,Pullback50,2025-06-11,2025-06-12,59.2712,59.2906,0.033,0.02,1,max_hold 372d (+0.0%),evening,False
AEE,Pullback50,2025-06-11,2025-06-12,93.1946,93.4863,0.313,0.14,1,max_hold 372d (+0.3%),evening,False
CBOE,Pullback50,2025-06-11,2025-06-12,221.8759,221.8759,-0.0,-0.0,1,max_hold 372d (-0.0%),evening,False
COR,Pullback50,2025-06-11,2025-06-12,284.4922,286.2787,0.628,0.29,1,max_hold 372d (+0.6%),evening,False
BF-B,52wkLow,2025-06-12,2025-06-12,26.3234,26.3911,0.257,0.12,0,max_hold 371d (+0.3%),morning,False
LNT,Pullback50,2025-06-12,2025-06-12,59.2906,59.659,0.621,0.29,0,max_hold 371d (+0.6%),morning,False
AEE,Pullback50,2025-06-12,2025-06-12,93.4863,94.4781,1.061,0.49,0,max_hold 371d (+1.1%),morning,False
CBOE,Pullback50,2025-06-12,2025-06-12,221.8759,225.2704,1.53,0.7,0,max_hold 371d (+1.5%),morning,False
COR,Pullback50,2025-06-12,2025-06-12,286.2787,292.8293,2.288,1.05,0,max_hold 371d (+2.3%),morning,False
BA,GapDown,2025-06-12,2025-06-13,203.75,200.68,-1.507,-0.33,1,stop_loss (-1.5%),evening,True
ADBE,VolumeSpike,2025-06-12,2025-06-13,413.68,392.5,-5.12,-1.11,1,stop_loss (-5.1%),evening,True
BF-B,52wkLow,2025-06-12,2025-06-13,26.3911,26.217,-5.73,-1.24,1,stop_loss (-0.7%),evening,False
LNT,Pullback50,2025-06-12,2025-06-13,59.659,59.6591,0.0,0.0,1,max_hold 371d (+0.0%),evening,False
ALL,Pullback50,2025-06-12,2025-06-13,196.3676,196.4362,0.035,0.01,1,max_hold 371d (+0.0%),evening,False
BA,GapDown,2025-06-13,2025-06-13,200.68,200.32,-0.179,-0.04,0,max_hold 370d (-0.2%),morning,True
ADBE,VolumeSpike,2025-06-13,2025-06-13,392.5,391.68,-0.209,-0.04,0,max_hold 370d (-0.2%),morning,True
BF-B,52wkLow,2025-06-13,2025-06-13,26.217,25.5691,-2.471,-0.53,0,stop_loss (-2.5%),morning,False
LNT,Pullback50,2025-06-13,2025-06-13,59.6591,59.2227,-0.66,-0.14,0,stop_loss (-0.7%),morning,False
ALL,Pullback50,2025-06-13,2025-06-13,196.4362,194.9952,-1.79,-0.38,0,stop_loss (-0.7%),morning,False
CCL,GapDown,2025-06-13,2025-06-16,22.1711,22.8636,3.124,2.01,1,max_hold 370d (+3.1%),evening,True
CVX,VolumeSpike,2025-06-13,2025-06-16,140.0446,139.8718,-0.123,-0.08,1,max_hold 370d (-0.1%),evening,True
BSX,Pullback50,2025-06-13,2025-06-16,99.74,100.68,0.942,0.6,1,max_hold 370d (+0.9%),evening,False
CB,Pullback50,2025-06-13,2025-06-16,285.0565,285.8517,0.279,0.18,1,max_hold 370d (+0.3%),evening,False
CCL,GapDown,2025-06-16,2025-06-16,22.8636,23.5858,3.159,2.04,0,max_hold 367d (+3.2%),morning,True
CVX,VolumeSpike,2025-06-16,2025-06-16,139.8718,140.1597,0.206,0.13,0,max_hold 367d (+0.2%),morning,True
BSX,Pullback50,2025-06-16,2025-06-16,100.68,101.49,0.805,0.52,0,max_hold 367d (+0.8%),morning,False
CB,Pullback50,2025-06-16,2025-06-16,285.8517,284.6987,-0.403,-0.26,0,max_hold 367d (-0.4%),morning,False
AMD,VolumeSpike,2025-06-16,2025-06-17,126.39,127.93,1.218,0.44,1,max_hold 367d (+1.2%),evening,True
BF-B,52wkLow,2025-06-16,2025-06-17,25.0662,25.0468,-0.077,-0.03,1,max_hold 367d (-0.1%),evening,False
CPB,52wkLow,2025-06-16,2025-06-17,30.4697,30.3658,-0.341,-0.12,1,max_hold 367d (-0.3%),evening,False
CNC,52wkLow,2025-06-16,2025-06-17,54.68,54.79,0.201,0.07,1,max_hold 367d (+0.2%),evening,False
CLX,52wkLow,2025-06-16,2025-06-17,118.5851,117.9918,-1.74,-0.63,1,stop_loss (-0.5%),evening,False
AMD,VolumeSpike,2025-06-17,2025-06-17,127.93,127.1,-0.87,-0.31,0,stop_loss (-0.6%),morning,True
BF-B,52wkLow,2025-06-17,2025-06-17,25.0468,24.9598,-0.347,-0.13,0,max_hold 366d (-0.3%),morning,False
CPB,52wkLow,2025-06-17,2025-06-17,30.3658,30.0541,-0.52,-0.19,0,stop_loss (-1.0%),morning,False
CNC,52wkLow,2025-06-17,2025-06-17,54.79,54.91,0.219,0.08,0,max_hold 366d (+0.2%),morning,False
CLX,52wkLow,2025-06-17,2025-06-17,117.9918,116.834,-2.03,-0.73,0,stop_loss (-1.0%),morning,False
BDX,52wkLow,2025-06-17,2025-06-18,130.4011,130.217,-0.141,-0.08,1,max_hold 366d (-0.1%),evening,False
ALLE,Pullback50,2025-06-17,2025-06-18,135.169,135.3675,0.147,0.08,1,max_hold 366d (+0.1%),evening,False
AMT,Pullback50,2025-06-17,2025-06-18,207.1383,207.5908,0.218,0.12,1,max_hold 366d (+0.2%),evening,False
BSX,Pullback50,2025-06-17,2025-06-18,101.73,101.81,0.079,0.04,1,max_hold 366d (+0.1%),evening,False
BR,Pullback50,2025-06-17,2025-06-18,233.9474,233.9278,-0.008,-0.0,1,max_hold 366d (-0.0%),evening,False
BDX,52wkLow,2025-06-18,2025-06-18,130.217,129.3652,-1.52,-0.82,0,stop_loss (-0.7%),morning,False
ALLE,Pullback50,2025-06-18,2025-06-18,135.3675,135.7246,0.264,0.14,0,max_hold 365d (+0.3%),morning,False
AMT,Pullback50,2025-06-18,2025-06-18,207.5908,207.4657,-0.06,-0.03,0,max_hold 365d (-0.1%),morning,False
BSX,Pullback50,2025-06-18,2025-06-18,101.81,101.37,-0.432,-0.23,0,max_hold 365d (-0.4%),morning,False
BR,Pullback50,2025-06-18,2025-06-18,233.9278,232.9969,-0.398,-0.22,0,max_hold 365d (-0.4%),morning,False
ALL,VolumeSpike,2025-06-18,2025-06-20,191.8094,192.2015,0.204,0.09,1,max_hold 365d (+0.2%),evening,True
BDX,52wkLow,2025-06-18,2025-06-20,129.3652,129.9177,0.427,0.2,1,max_hold 365d (+0.4%),evening,False
BLDR,52wkLow,2025-06-18,2025-06-20,106.85,109.63,2.602,1.2,1,max_hold 365d (+2.6%),evening,False
CNC,52wkLow,2025-06-18,2025-06-20,55.15,55.01,-0.254,-0.12,1,max_hold 365d (-0.3%),evening,False
MMM,Pullback50,2025-06-18,2025-06-20,139.8932,140.6785,0.561,0.26,1,max_hold 365d (+0.6%),evening,False
ALL,VolumeSpike,2025-06-20,2025-06-20,192.2015,191.4761,-0.377,-0.18,0,max_hold 363d (-0.4%),morning,True
BDX,52wkLow,2025-06-20,2025-06-20,129.9177,129.2348,-1.02,-0.47,0,stop_loss (-0.5%),morning,False
BLDR,52wkLow,2025-06-20,2025-06-20,109.63,114.82,4.734,2.2,0,max_hold 363d (+4.7%),morning,False
CNC,52wkLow,2025-06-20,2025-06-20,55.01,54.4,-1.08,-0.5,0,stop_loss (-1.1%),morning,False
MMM,Pullback50,2025-06-20,2025-06-20,140.6785,141.3853,0.502,0.23,0,max_hold 363d (+0.5%),morning,False
ACN,GapDown,2025-06-20,2025-06-23,281.5621,282.1837,0.221,0.02,1,max_hold 363d (+0.2%),evening,True
MMM,VolumeSpike,2025-06-20,2025-06-23,141.3853,141.7387,0.25,0.03,1,max_hold 363d (+0.2%),evening,True
AFL,VolumeSpike,2025-06-20,2025-06-23,101.1424,101.0934,-0.048,-0.0,1,max_hold 363d (-0.0%),evening,True
ALLE,VolumeSpike,2025-06-20,2025-06-23,136.5481,136.6374,0.065,0.01,1,max_hold 363d (+0.1%),evening,True
MO,VolumeSpike,2025-06-20,2025-06-23,55.9546,55.9546,-0.0,-0.0,1,max_hold 363d (-0.0%),evening,True
ACN,GapDown,2025-06-23,2025-06-23,282.1837,291.0636,3.147,0.32,0,max_hold 360d (+3.1%),morning,True
MMM,VolumeSpike,2025-06-23,2025-06-23,141.7387,144.8897,2.223,0.23,0,max_hold 360d (+2.2%),morning,True
AFL,VolumeSpike,2025-06-23,2025-06-23,101.0934,102.6502,1.54,0.16,0,max_hold 360d (+1.5%),morning,True
ALLE,VolumeSpike,2025-06-23,2025-06-23,136.6374,141.3302,3.435,0.35,0,max_hold 360d (+3.4%),morning,True
MO,VolumeSpike,2025-06-23,2025-06-23,55.9546,56.6476,1.238,0.13,0,max_hold 360d (+1.2%),morning,True
BNY,VolumeSpike,2025-06-23,2025-06-24,87.9768,88.7228,0.848,0.17,1,max_hold 360d (+0.8%),evening,True
ABT,Pullback50,2025-06-23,2025-06-24,130.5922,130.651,0.045,0.01,1,max_hold 360d (+0.0%),evening,False
LNT,Pullback50,2025-06-23,2025-06-24,59.4748,59.7172,0.408,0.08,1,max_hold 360d (+0.4%),evening,False
ALL,Pullback50,2025-06-23,2025-06-24,194.4169,194.113,-0.156,-0.03,1,max_hold 360d (-0.2%),evening,False
AEE,Pullback50,2025-06-23,2025-06-24,93.3502,93.3405,-0.01,-0.0,1,max_hold 360d (-0.0%),evening,False
BNY,VolumeSpike,2025-06-24,2025-06-24,88.7228,89.5178,0.896,0.18,0,max_hold 359d (+0.9%),morning,True
ABT,Pullback50,2025-06-24,2025-06-24,130.651,135.3157,3.57,0.73,0,max_hold 359d (+3.6%),morning,False
LNT,Pullback50,2025-06-24,2025-06-24,59.7172,59.3003,-1.51,-0.31,0,stop_loss (-0.7%),morning,False
ALL,Pullback50,2025-06-24,2025-06-24,194.113,192.1819,-5.93,-1.21,0,stop_loss (-1.0%),morning,False
AEE,Pullback50,2025-06-24,2025-06-24,93.3405,93.7002,0.385,0.08,0,max_hold 359d (+0.4%),morning,False
CF,GapDown,2025-06-24,2025-06-25,92.6915,92.5936,-0.106,-0.07,1,max_hold 359d (-0.1%),evening,True
AEE,Pullback50,2025-06-24,2025-06-25,93.7002,93.6127,-0.093,-0.06,1,max_hold 359d (-0.1%),evening,False
AEP,Pullback50,2025-06-24,2025-06-25,100.1097,99.8577,-0.252,-0.16,1,max_hold 359d (-0.3%),evening,False
ATO,Pullback50,2025-06-24,2025-06-25,153.0218,152.2687,-0.492,-0.32,1,max_hold 359d (-0.5%),evening,False
CDNS,Pullback50,2025-06-24,2025-06-25,296.8,297.83,0.347,0.23,1,max_hold 359d (+0.3%),evening,False
CF,GapDown,2025-06-25,2025-06-25,92.5936,89.4804,-3.362,-2.2,0,stop_loss (-3.4%),morning,True
AEE,Pullback50,2025-06-25,2025-06-25,93.6127,92.4654,-1.226,-0.8,0,stop_loss (-1.2%),morning,False
AEP,Pullback50,2025-06-25,2025-06-25,99.8577,98.2971,-1.563,-1.02,0,stop_loss (-1.6%),morning,False
ATO,Pullback50,2025-06-25,2025-06-25,152.2687,149.3929,-1.889,-1.24,0,stop_loss (-1.9%),morning,False
CDNS,Pullback50,2025-06-25,2025-06-25,297.83,297.53,-0.101,-0.07,0,max_hold 358d (-0.1%),morning,False
CME,Pullback50,2025-06-25,2025-06-26,262.8056,264.2783,0.56,0.38,1,max_hold 358d (+0.6%),evening,False
CME,Pullback50,2025-06-26,2025-06-26,264.2783,262.6131,-0.6,-0.41,0,stop_loss (-0.6%),morning,False
CNC,52wkLow,2025-06-26,2025-06-27,53.57,53.83,0.485,0.31,1,max_hold 357d (+0.5%),evening,False
CL,52wkLow,2025-06-26,2025-06-27,85.6258,85.7038,0.091,0.06,1,max_hold 357d (+0.1%),evening,False
ABBV,Pullback50,2025-06-26,2025-06-27,180.8967,181.9717,0.594,0.38,1,max_hold 357d (+0.6%),evening,False
BR,Pullback50,2025-06-26,2025-06-27,234.3492,234.7705,0.18,0.12,1,max_hold 357d (+0.2%),evening,False
CNC,52wkLow,2025-06-27,2025-06-27,53.83,53.99,0.297,0.19,0,max_hold 356d (+0.3%),morning,False
CL,52wkLow,2025-06-27,2025-06-27,85.7038,86.5231,0.956,0.62,0,max_hold 356d (+1.0%),morning,False
ABBV,Pullback50,2025-06-27,2025-06-27,181.9717,176.5581,-2.975,-1.92,0,stop_loss (-3.0%),morning,False
BR,Pullback50,2025-06-27,2025-06-27,234.7705,234.6235,-0.063,-0.04,0,max_hold 356d (-0.1%),morning,False
AFL,VolumeSpike,2025-06-27,2025-06-30,102.8754,102.7285,-0.143,-0.02,1,max_hold 356d (-0.1%),evening,True
ALGN,VolumeSpike,2025-06-27,2025-06-30,188.52,189.75,0.652,0.1,1,max_hold 356d (+0.7%),evening,True
AON,VolumeSpike,2025-06-27,2025-06-30,351.0651,350.6471,-0.119,-0.02,1,max_hold 356d (-0.1%),evening,True
APP,VolumeSpike,2025-06-27,2025-06-30,333.78,341.32,2.259,0.36,1,max_hold 356d (+2.3%),evening,True
AJG,VolumeSpike,2025-06-27,2025-06-30,314.1927,312.1062,-2.12,-0.34,1,stop_loss (-0.7%),evening,True
AFL,VolumeSpike,2025-06-30,2025-06-30,102.7285,103.2573,0.515,0.08,0,max_hold 353d (+0.5%),morning,True
ALGN,VolumeSpike,2025-06-30,2025-06-30,189.75,189.33,-0.221,-0.04,0,max_hold 353d (-0.2%),morning,True
AON,VolumeSpike,2025-06-30,2025-06-30,350.6471,355.0761,1.263,0.2,0,max_hold 353d (+1.3%),morning,True
APP,VolumeSpike,2025-06-30,2025-06-30,341.32,350.08,2.567,0.41,0,max_hold 353d (+2.6%),morning,True
AJG,VolumeSpike,2025-06-30,2025-06-30,312.1062,316.5561,1.426,0.23,0,max_hold 353d (+1.4%),morning,True
AES,GapDown,2025-06-30,2025-07-01,10.0056,10.0341,0.285,0.05,1,max_hold 353d (+0.3%),evening,True
CI,VolumeSpike,2025-06-30,2025-07-01,323.415,324.726,0.405,0.08,1,max_hold 353d (+0.4%),evening,True
BMY,MomReversal,2025-06-30,2025-07-01,44.0871,44.0585,-0.065,-0.01,1,max_hold 353d (-0.1%),evening,False
LNT,Pullback50,2025-06-30,2025-07-01,58.6313,58.6701,0.066,0.01,1,max_hold 353d (+0.1%),evening,False
ALL,Pullback50,2025-06-30,2025-07-01,197.3381,197.3479,0.005,0.0,1,max_hold 353d (+0.0%),evening,False
AES,GapDown,2025-07-01,2025-07-01,10.0341,10.2434,2.085,0.4,0,max_hold 352d (+2.1%),morning,True
CI,VolumeSpike,2025-07-01,2025-07-01,324.726,327.1425,0.744,0.14,0,max_hold 352d (+0.7%),morning,True
BMY,MomReversal,2025-07-01,2025-07-01,44.0585,45.249,2.702,0.51,0,max_hold 352d (+2.7%),morning,False
LNT,Pullback50,2025-07-01,2025-07-01,58.6701,59.4942,1.405,0.27,0,max_hold 352d (+1.4%),morning,False
ALL,Pullback50,2025-07-01,2025-07-01,197.3479,196.1911,-1.1,-0.21,0,stop_loss (-0.6%),morning,False
LNT,Pullback50,2025-07-01,2025-07-02,59.4942,59.5524,0.098,0.03,1,max_hold 352d (+0.1%),evening,True
AEE,Pullback50,2025-07-01,2025-07-02,93.7197,93.4863,-0.249,-0.07,1,max_hold 352d (-0.2%),evening,True
AEP,Pullback50,2025-07-01,2025-07-02,101.1856,100.6622,-0.91,-0.25,1,stop_loss (-0.5%),evening,True
AWK,Pullback50,2025-07-01,2025-07-02,138.9025,138.386,-0.372,-0.1,1,max_hold 352d (-0.4%),evening,True
ADP,Pullback50,2025-07-01,2025-07-02,301.7446,299.75,-1.02,-0.27,1,stop_loss (-0.7%),evening,True
LNT,Pullback50,2025-07-02,2025-07-02,59.5524,58.9125,-0.56,-0.15,0,stop_loss (-1.1%),morning,True
AEE,Pullback50,2025-07-02,2025-07-02,93.4863,92.8349,-0.72,-0.19,0,stop_loss (-0.7%),morning,True
AEP,Pullback50,2025-07-02,2025-07-02,100.6622,100.0903,-0.58,-0.16,0,stop_loss (-0.6%),morning,True
AWK,Pullback50,2025-07-02,2025-07-02,138.386,136.7102,-1.211,-0.33,0,stop_loss (-1.2%),morning,True
ADP,Pullback50,2025-07-02,2025-07-02,299.75,296.8019,-1.02,-0.27,0,stop_loss (-1.0%),morning,True
ACGL,52wkLow,2025-07-02,2025-07-03,88.38,88.88,0.566,0.38,1,max_hold 351d (+0.6%),evening,True
CNC,52wkLow,2025-07-02,2025-07-03,33.78,33.96,0.533,0.36,1,max_hold 351d (+0.5%),evening,True
CME,Pullback50,2025-07-02,2025-07-03,265.4911,265.5008,0.004,0.0,1,max_hold 351d (+0.0%),evening,True
BR,VolumeSpike,2025-07-02,2025-07-03,233.2223,236.0149,1.197,0.81,1,max_hold 351d (+1.2%),evening,False
ACGL,52wkLow,2025-07-03,2025-07-03,88.88,89.19,0.349,0.24,0,max_hold 350d (+0.3%),morning,True
CNC,52wkLow,2025-07-03,2025-07-03,33.96,33.31,-1.914,-1.3,0,stop_loss (-1.9%),morning,True
CME,Pullback50,2025-07-03,2025-07-03,265.5008,266.3382,0.315,0.21,0,max_hold 350d (+0.3%),morning,True
BR,VolumeSpike,2025-07-03,2025-07-03,236.0149,237.2495,0.523,0.36,0,max_hold 350d (+0.5%),morning,False
CNC,52wkLow,2025-07-03,2025-07-07,33.31,33.34,0.09,0.03,1,max_hold 350d (+0.1%),evening,True
LNT,Pullback50,2025-07-03,2025-07-07,59.659,60.0857,0.715,0.23,1,max_hold 350d (+0.7%),evening,True
AEE,Pullback50,2025-07-03,2025-07-07,93.3599,93.3599,0.0,0.0,1,max_hold 350d (+0.0%),evening,True
AEP,Pullback50,2025-07-03,2025-07-07,100.6719,100.6719,-0.0,-0.0,1,max_hold 350d (-0.0%),evening,True
AIG,Pullback50,2025-07-03,2025-07-07,81.2406,81.1234,-0.144,-0.05,1,max_hold 350d (-0.1%),evening,True
CNC,52wkLow,2025-07-07,2025-07-07,33.34,33.05,-1.65,-0.53,0,stop_loss (-0.9%),morning,True
LNT,Pullback50,2025-07-07,2025-07-07,60.0857,60.0663,-0.032,-0.01,0,max_hold 346d (-0.0%),morning,True
AEE,Pullback50,2025-07-07,2025-07-07,93.3599,93.2724,-0.094,-0.03,0,max_hold 346d (-0.1%),morning,True
AEP,Pullback50,2025-07-07,2025-07-07,100.6719,100.9724,0.298,0.1,0,max_hold 346d (+0.3%),morning,True
AIG,Pullback50,2025-07-07,2025-07-07,81.1234,81.0941,-0.036,-0.01,0,max_hold 346d (-0.0%),morning,True
CNC,52wkLow,2025-07-07,2025-07-08,33.05,32.95,-0.303,-0.21,1,max_hold 346d (-0.3%),evening,True
AEP,Pullback50,2025-07-07,2025-07-08,100.9724,100.2648,-0.77,-0.52,1,stop_loss (-0.7%),evening,True
CNC,52wkLow,2025-07-08,2025-07-08,32.95,32.6,-1.75,-1.18,0,stop_loss (-1.1%),morning,True
AEP,Pullback50,2025-07-08,2025-07-08,100.2648,100.7688,0.503,0.34,0,max_hold 345d (+0.5%),morning,True
ABT,Pullback50,2025-07-08,2025-07-09,130.6902,130.798,0.082,0.04,1,max_hold 345d (+0.1%),evening,True
AEP,Pullback50,2025-07-08,2025-07-09,100.7688,100.7688,0.0,0.0,1,max_hold 345d (+0.0%),evening,True
AIG,Pullback50,2025-07-08,2025-07-09,81.2601,81.3285,0.084,0.04,1,max_hold 345d (+0.1%),evening,True
AWK,Pullback50,2025-07-08,2025-07-09,137.4019,137.2071,-0.142,-0.07,1,max_hold 345d (-0.1%),evening,True
CINF,Pullback50,2025-07-08,2025-07-09,143.6723,144.2919,0.431,0.2,1,max_hold 345d (+0.4%),evening,True
ABT,Pullback50,2025-07-09,2025-07-09,130.798,130.553,-0.187,-0.09,0,max_hold 344d (-0.2%),morning,True
AEP,Pullback50,2025-07-09,2025-07-09,100.7688,101.5249,0.75,0.34,0,max_hold 344d (+0.8%),morning,True
AIG,Pullback50,2025-07-09,2025-07-09,81.3285,81.1332,-0.24,-0.11,0,max_hold 344d (-0.2%),morning,True
AWK,Pullback50,2025-07-09,2025-07-09,137.2071,138.1619,0.696,0.32,0,max_hold 344d (+0.7%),morning,True
CINF,Pullback50,2025-07-09,2025-07-09,144.2919,144.282,-0.007,-0.0,0,max_hold 344d (-0.0%),morning,True
ACGL,52wkLow,2025-07-09,2025-07-10,87.92,87.47,-0.94,-0.27,1,stop_loss (-0.5%),evening,True
LNT,Pullback50,2025-07-09,2025-07-10,59.8433,59.3779,-0.54,-0.16,1,stop_loss (-0.8%),evening,True
AWK,Pullback50,2025-07-09,2025-07-10,138.1619,136.6712,-0.77,-0.23,1,stop_loss (-1.1%),evening,True
APP,Pullback50,2025-07-09,2025-07-10,352.74,359.355,1.875,0.55,1,max_hold 344d (+1.9%),evening,True
ADP,Pullback50,2025-07-09,2025-07-10,300.0711,299.0397,-0.344,-0.1,1,max_hold 344d (-0.3%),evening,True
ACGL,52wkLow,2025-07-10,2025-07-10,87.47,88.56,1.246,0.36,0,max_hold 343d (+1.2%),morning,True
LNT,Pullback50,2025-07-10,2025-07-10,59.3779,60.6965,2.221,0.65,0,max_hold 343d (+2.2%),morning,True
AWK,Pullback50,2025-07-10,2025-07-10,136.6712,139.0193,1.718,0.5,0,max_hold 343d (+1.7%),morning,True
APP,Pullback50,2025-07-10,2025-07-10,359.355,346.32,-3.627,-1.06,0,stop_loss (-3.6%),morning,True
ADP,Pullback50,2025-07-10,2025-07-10,299.0397,297.5511,-0.498,-0.15,0,max_hold 343d (-0.5%),morning,True
ACN,52wkLow,2025-07-10,2025-07-11,285.9352,284.7948,-0.399,-0.12,1,max_hold 343d (-0.4%),evening,True
ACGL,52wkLow,2025-07-10,2025-07-11,88.56,88.03,-1.32,-0.39,1,stop_loss (-0.6%),evening,True
CPB,52wkLow,2025-07-10,2025-07-11,29.1539,29.0583,-0.328,-0.1,1,max_hold 343d (-0.3%),evening,True
MO,Pullback50,2025-07-10,2025-07-11,54.8308,54.7278,-0.188,-0.05,1,max_hold 343d (-0.2%),evening,True
AEE,Pullback50,2025-07-10,2025-07-11,93.6224,93.1655,-0.488,-0.14,1,max_hold 343d (-0.5%),evening,True
ACN,52wkLow,2025-07-11,2025-07-11,284.7948,278.6966,-2.141,-0.63,0,stop_loss (-2.1%),morning,True
ACGL,52wkLow,2025-07-11,2025-07-11,88.03,87.84,-0.216,-0.06,0,max_hold 342d (-0.2%),morning,True
CPB,52wkLow,2025-07-11,2025-07-11,29.0583,29.8711,2.797,0.82,0,max_hold 342d (+2.8%),morning,True
MO,Pullback50,2025-07-11,2025-07-11,54.7278,54.1284,-0.96,-0.28,0,stop_loss (-1.1%),morning,True
AEE,Pullback50,2025-07-11,2025-07-11,93.1655,93.5349,0.397,0.12,0,max_hold 342d (+0.4%),morning,True
ACN,52wkLow,2025-07-11,2025-07-14,278.6966,278.3297,-0.132,-0.05,1,max_hold 342d (-0.1%),evening,True
BAX,52wkLow,2025-07-11,2025-07-14,28.4562,28.2579,-0.51,-0.2,1,stop_loss (-0.7%),evening,True
CPB,52wkLow,2025-07-11,2025-07-14,29.8711,29.8328,-0.128,-0.05,1,max_hold 342d (-0.1%),evening,True
AEE,Pullback50,2025-07-11,2025-07-14,93.5349,93.4863,-0.052,-0.02,1,max_hold 342d (-0.1%),evening,True
AWK,Pullback50,2025-07-11,2025-07-14,138.6394,138.9024,0.19,0.08,1,max_hold 342d (+0.2%),evening,True
ACN,52wkLow,2025-07-14,2025-07-14,278.3297,277.6356,-0.249,-0.1,0,max_hold 339d (-0.2%),morning,True
BAX,52wkLow,2025-07-14,2025-07-14,28.2579,28.2876,0.105,0.04,0,max_hold 339d (+0.1%),morning,True
CPB,52wkLow,2025-07-14,2025-07-14,29.8328,29.3643,-1.571,-0.63,0,stop_loss (-1.6%),morning,True
AEE,Pullback50,2025-07-14,2025-07-14,93.4863,93.8363,0.374,0.15,0,max_hold 339d (+0.4%),morning,True
AWK,Pullback50,2025-07-14,2025-07-14,138.9024,139.6722,0.554,0.22,0,max_hold 339d (+0.6%),morning,True
BAX,52wkLow,2025-07-14,2025-07-15,28.2876,28.4661,0.631,0.17,1,max_hold 339d (+0.6%),evening,True
CPB,52wkLow,2025-07-14,2025-07-15,29.3643,29.3356,-0.098,-0.03,1,max_hold 339d (-0.1%),evening,True
MO,Pullback50,2025-07-14,2025-07-15,54.4375,54.1284,-0.72,-0.19,1,stop_loss (-0.6%),evening,True
AEE,Pullback50,2025-07-14,2025-07-15,93.8363,93.3599,-0.71,-0.19,1,stop_loss (-0.5%),evening,True
APP,Pullback50,2025-07-14,2025-07-15,355.9,348.0,-2.22,-0.59,1,stop_loss (-2.2%),evening,True
BAX,52wkLow,2025-07-15,2025-07-15,28.4661,28.01,-1.602,-0.43,0,stop_loss (-1.6%),morning,True
CPB,52wkLow,2025-07-15,2025-07-15,29.3356,29.0774,-1.71,-0.46,0,stop_loss (-0.9%),morning,True
MO,Pullback50,2025-07-15,2025-07-15,54.1284,54.7653,1.176,0.31,0,max_hold 338d (+1.2%),morning,True
AEE,Pullback50,2025-07-15,2025-07-15,93.3599,93.0974,-0.281,-0.07,0,max_hold 338d (-0.3%),morning,True
APP,Pullback50,2025-07-15,2025-07-15,348.0,352.96,1.425,0.38,0,max_hold 338d (+1.4%),morning,True
MO,Pullback50,2025-07-15,2025-07-16,54.7653,54.7559,-0.017,-0.01,1,max_hold 338d (-0.0%),evening,True
CME,Pullback50,2025-07-15,2025-07-16,264.7018,264.7019,0.0,0.0,1,max_hold 338d (+0.0%),evening,True
MO,Pullback50,2025-07-16,2025-07-16,54.7559,55.1211,0.667,0.45,0,max_hold 337d (+0.7%),morning,True
CME,Pullback50,2025-07-16,2025-07-16,264.7019,267.1371,0.92,0.62,0,max_hold 337d (+0.9%),morning,True
MO,Pullback50,2025-07-16,2025-07-17,55.1211,54.9713,-0.272,-0.11,1,max_hold 337d (-0.3%),evening,True
AEE,Pullback50,2025-07-16,2025-07-17,94.1669,93.8655,-0.32,-0.13,1,max_hold 337d (-0.3%),evening,True
AWK,Pullback50,2025-07-16,2025-07-17,138.084,137.5968,-0.353,-0.14,1,max_hold 337d (-0.4%),evening,True
ATO,Pullback50,2025-07-16,2025-07-17,151.447,151.672,0.149,0.06,1,max_hold 337d (+0.1%),evening,True
CINF,Pullback50,2025-07-16,2025-07-17,145.2851,144.3312,-1.1,-0.44,1,stop_loss (-0.7%),evening,True
MO,Pullback50,2025-07-17,2025-07-17,54.9713,54.297,-1.227,-0.49,0,stop_loss (-1.2%),morning,True
AEE,Pullback50,2025-07-17,2025-07-17,93.8655,94.585,0.767,0.31,0,max_hold 336d (+0.8%),morning,True
AWK,Pullback50,2025-07-17,2025-07-17,137.5968,138.5614,0.701,0.28,0,max_hold 336d (+0.7%),morning,True
ATO,Pullback50,2025-07-17,2025-07-17,151.672,151.8774,0.135,0.05,0,max_hold 336d (+0.1%),morning,True
CINF,Pullback50,2025-07-17,2025-07-17,144.3312,146.5636,1.547,0.62,0,max_hold 336d (+1.5%),morning,True
BAX,52wkLow,2025-07-17,2025-07-18,27.6531,27.8117,0.574,0.13,1,max_hold 336d (+0.6%),evening,True
AWK,Pullback50,2025-07-17,2025-07-18,138.5614,138.8148,0.183,0.04,1,max_hold 336d (+0.2%),evening,True
AME,Pullback50,2025-07-17,2025-07-18,178.5759,179.1821,0.339,0.08,1,max_hold 336d (+0.3%),evening,True
APP,Pullback50,2025-07-17,2025-07-18,363.78,372.59,2.422,0.55,1,max_hold 336d (+2.4%),evening,True
ATO,Pullback50,2025-07-17,2025-07-18,151.8774,152.2002,0.213,0.05,1,max_hold 336d (+0.2%),evening,True
BAX,52wkLow,2025-07-18,2025-07-18,27.8117,27.5341,-1.16,-0.27,0,stop_loss (-1.0%),morning,True
AWK,Pullback50,2025-07-18,2025-07-18,138.8148,139.2435,0.309,0.07,0,max_hold 335d (+0.3%),morning,True
AME,Pullback50,2025-07-18,2025-07-18,179.1821,177.3933,-1.19,-0.27,0,stop_loss (-1.0%),morning,True
APP,Pullback50,2025-07-18,2025-07-18,372.59,364.46,-2.182,-0.5,0,stop_loss (-2.2%),morning,True
ATO,Pullback50,2025-07-18,2025-07-18,152.2002,153.237,0.681,0.16,0,max_hold 335d (+0.7%),morning,True
ACGL,52wkLow,2025-07-18,2025-07-21,88.35,88.18,-0.192,-0.06,1,max_hold 335d (-0.2%),evening,True
MO,Pullback50,2025-07-18,2025-07-21,54.3345,54.2221,-0.207,-0.07,1,max_hold 335d (-0.2%),evening,True
ADSK,Pullback50,2025-07-18,2025-07-21,297.03,296.09,-0.316,-0.1,1,max_hold 335d (-0.3%),evening,True
AZO,Pullback50,2025-07-18,2025-07-21,3713.9299,3714.3601,0.012,0.0,1,max_hold 335d (+0.0%),evening,True
AXON,Pullback50,2025-07-18,2025-07-21,756.09,755.92,-0.022,-0.01,1,max_hold 335d (-0.0%),evening,True
ACGL,52wkLow,2025-07-21,2025-07-21,88.18,87.55,-0.5,-0.16,0,stop_loss (-0.7%),morning,True
MO,Pullback50,2025-07-21,2025-07-21,54.2221,55.1773,1.762,0.56,0,max_hold 332d (+1.8%),morning,True
ADSK,Pullback50,2025-07-21,2025-07-21,296.09,295.16,-0.314,-0.1,0,max_hold 332d (-0.3%),morning,True
AZO,Pullback50,2025-07-21,2025-07-21,3714.3601,3729.7,0.413,0.13,0,max_hold 332d (+0.4%),morning,True
AXON,Pullback50,2025-07-21,2025-07-21,755.92,751.55,-0.65,-0.21,0,stop_loss (-0.6%),morning,True
MO,Pullback50,2025-07-21,2025-07-22,55.1773,54.8308,-0.94,-0.43,1,stop_loss (-0.6%),evening,True
APP,Pullback50,2025-07-21,2025-07-22,366.17,363.3,-0.65,-0.3,1,stop_loss (-0.8%),evening,True
AZO,Pullback50,2025-07-21,2025-07-22,3729.7,3730.29,0.016,0.01,1,max_hold 332d (+0.0%),evening,True
BSX,Pullback50,2025-07-21,2025-07-22,103.78,104.23,0.434,0.2,1,max_hold 332d (+0.4%),evening,True
COR,Pullback50,2025-07-21,2025-07-22,290.4771,290.477,-0.0,-0.0,1,max_hold 332d (-0.0%),evening,True
MO,Pullback50,2025-07-22,2025-07-22,54.8308,55.6643,1.52,0.7,0,max_hold 331d (+1.5%),morning,True
APP,Pullback50,2025-07-22,2025-07-22,363.3,350.0,-3.661,-1.67,0,stop_loss (-3.7%),morning,True
AZO,Pullback50,2025-07-22,2025-07-22,3730.29,3773.71,1.164,0.53,0,max_hold 331d (+1.2%),morning,True
BSX,Pullback50,2025-07-22,2025-07-22,104.23,103.16,-2.71,-1.24,0,stop_loss (-1.0%),morning,True
COR,Pullback50,2025-07-22,2025-07-22,290.477,290.7748,0.103,0.05,0,max_hold 331d (+0.1%),morning,True
BAX,52wkLow,2025-07-22,2025-07-23,27.2763,27.8514,2.108,0.84,1,max_hold 331d (+2.1%),evening,True
ABBV,Pullback50,2025-07-22,2025-07-23,182.7717,182.7131,-0.032,-0.01,1,max_hold 331d (-0.0%),evening,True
AXP,Pullback50,2025-07-22,2025-07-23,301.745,305.5746,1.269,0.51,1,max_hold 331d (+1.3%),evening,True
AME,Pullback50,2025-07-22,2025-07-23,178.079,180.0466,1.105,0.44,1,max_hold 331d (+1.1%),evening,True
ADSK,Pullback50,2025-07-22,2025-07-23,299.43,300.9,0.491,0.2,1,max_hold 331d (+0.5%),evening,True
BAX,52wkLow,2025-07-23,2025-07-23,27.8514,28.3174,1.673,0.67,0,max_hold 330d (+1.7%),morning,True
ABBV,Pullback50,2025-07-23,2025-07-23,182.7131,186.132,1.871,0.75,0,max_hold 330d (+1.9%),morning,True
AXP,Pullback50,2025-07-23,2025-07-23,305.5746,306.2294,0.214,0.09,0,max_hold 330d (+0.2%),morning,True
AME,Pullback50,2025-07-23,2025-07-23,180.0466,180.146,0.055,0.02,0,max_hold 330d (+0.1%),morning,True
ADSK,Pullback50,2025-07-23,2025-07-23,300.9,300.98,0.027,0.01,0,max_hold 330d (+0.0%),morning,True
BAX,52wkLow,2025-07-23,2025-07-24,28.3174,28.0695,-0.51,-0.1,1,stop_loss (-0.9%),evening,True
APP,Pullback50,2025-07-23,2025-07-24,362.12,363.82,0.469,0.09,1,max_hold 330d (+0.5%),evening,True
T,Pullback50,2025-07-23,2025-07-24,26.8552,26.8746,0.072,0.01,1,max_hold 330d (+0.1%),evening,True
ADSK,Pullback50,2025-07-23,2025-07-24,300.98,301.01,0.01,0.0,1,max_hold 330d (+0.0%),evening,True
CAH,Pullback50,2025-07-23,2025-07-24,156.4761,157.0117,0.342,0.06,1,max_hold 330d (+0.3%),evening,True
BAX,52wkLow,2025-07-24,2025-07-24,28.0695,28.5256,1.625,0.31,0,max_hold 329d (+1.6%),morning,True
APP,Pullback50,2025-07-24,2025-07-24,363.82,359.94,-0.72,-0.14,0,stop_loss (-1.1%),morning,True
T,Pullback50,2025-07-24,2025-07-24,26.8746,27.0197,0.54,0.1,0,max_hold 329d (+0.5%),morning,True
ADSK,Pullback50,2025-07-24,2025-07-24,301.01,301.1,0.03,0.01,0,max_hold 329d (+0.0%),morning,True
CAH,Pullback50,2025-07-24,2025-07-24,157.0117,156.9918,-0.013,-0.0,0,max_hold 329d (-0.0%),morning,True
ACN,52wkLow,2025-07-24,2025-07-25,279.3411,279.4303,0.032,0.01,1,max_hold 329d (+0.0%),evening,True
CNC,52wkLow,2025-07-24,2025-07-25,26.76,27.13,1.383,0.45,1,max_hold 329d (+1.4%),evening,True
CMG,52wkLow,2025-07-24,2025-07-25,45.74,45.9,0.35,0.11,1,max_hold 329d (+0.3%),evening,True
ADSK,Pullback50,2025-07-24,2025-07-25,301.1,301.71,0.203,0.07,1,max_hold 329d (+0.2%),evening,True
CDW,Pullback50,2025-07-24,2025-07-25,177.4015,178.2354,0.47,0.15,1,max_hold 329d (+0.5%),evening,True
ACN,52wkLow,2025-07-25,2025-07-25,279.4303,280.769,0.479,0.15,0,max_hold 328d (+0.5%),morning,True
CNC,52wkLow,2025-07-25,2025-07-25,27.13,28.39,4.644,1.5,0,max_hold 328d (+4.6%),morning,True
CMG,52wkLow,2025-07-25,2025-07-25,45.9,46.76,1.874,0.6,0,max_hold 328d (+1.9%),morning,True
ADSK,Pullback50,2025-07-25,2025-07-25,301.71,303.28,0.52,0.17,0,max_hold 328d (+0.5%),morning,True
CDW,Pullback50,2025-07-25,2025-07-25,178.2354,177.7056,-0.297,-0.1,0,max_hold 328d (-0.3%),morning,True
CHTR,52wkLow,2025-07-25,2025-07-28,309.75,309.01,-0.239,-0.08,1,max_hold 328d (-0.2%),evening,True
CMG,52wkLow,2025-07-25,2025-07-28,46.76,46.56,-0.428,-0.14,1,max_hold 328d (-0.4%),evening,True
MMM,Pullback50,2025-07-25,2025-07-28,148.4923,147.8346,-0.443,-0.14,1,max_hold 328d (-0.4%),evening,True
AWK,Pullback50,2025-07-25,2025-07-28,136.7199,135.9697,-0.56,-0.18,1,stop_loss (-0.5%),evening,True
AMP,Pullback50,2025-07-25,2025-07-28,514.1936,514.3021,0.021,0.01,1,max_hold 328d (+0.0%),evening,True
CHTR,52wkLow,2025-07-28,2025-07-28,309.01,298.27,-3.476,-1.13,0,stop_loss (-3.5%),morning,True
CMG,52wkLow,2025-07-28,2025-07-28,46.56,44.86,-3.651,-1.19,0,stop_loss (-3.7%),morning,True
MMM,Pullback50,2025-07-28,2025-07-28,147.8346,149.258,0.963,0.31,0,max_hold 325d (+1.0%),morning,True
AWK,Pullback50,2025-07-28,2025-07-28,135.9697,135.1512,-5.08,-1.65,0,stop_loss (-0.6%),morning,True
AMP,Pullback50,2025-07-28,2025-07-28,514.3021,511.618,-3.68,-1.19,0,stop_loss (-0.5%),morning,True
BAX,52wkLow,2025-07-28,2025-07-29,28.2777,28.129,-1.02,-0.54,1,stop_loss (-0.5%),evening,True
CHTR,52wkLow,2025-07-28,2025-07-29,298.27,297.37,-0.302,-0.16,1,max_hold 325d (-0.3%),evening,True
CMG,52wkLow,2025-07-28,2025-07-29,44.86,44.72,-0.312,-0.17,1,max_hold 325d (-0.3%),evening,True
CHD,52wkLow,2025-07-28,2025-07-29,94.4429,94.6995,0.272,0.14,1,max_hold 325d (+0.3%),evening,True
ADI,Pullback50,2025-07-28,2025-07-29,227.7133,228.9072,0.524,0.28,1,max_hold 325d (+0.5%),evening,True
BAX,52wkLow,2025-07-29,2025-07-29,28.129,28.595,1.657,0.88,0,max_hold 324d (+1.7%),morning,True
CHTR,52wkLow,2025-07-29,2025-07-29,297.37,280.68,-5.613,-2.99,0,stop_loss (-5.6%),morning,True
CMG,52wkLow,2025-07-29,2025-07-29,44.72,44.38,-0.57,-0.3,0,stop_loss (-0.8%),morning,True
CHD,52wkLow,2025-07-29,2025-07-29,94.6995,95.5089,0.855,0.46,0,max_hold 324d (+0.9%),morning,True
ADI,Pullback50,2025-07-29,2025-07-29,228.9072,227.6935,-0.65,-0.35,0,stop_loss (-0.5%),morning,True
ACGL,52wkLow,2025-07-29,2025-07-30,86.12,89.83,4.308,0.98,1,max_hold 324d (+4.3%),evening,True
BRO,52wkLow,2025-07-29,2025-07-30,91.0958,93.1673,2.274,0.52,1,max_hold 324d (+2.3%),evening,True
CHTR,52wkLow,2025-07-29,2025-07-30,280.68,280.45,-0.082,-0.02,1,max_hold 324d (-0.1%),evening,True
CMG,52wkLow,2025-07-29,2025-07-30,44.38,44.43,0.113,0.03,1,max_hold 324d (+0.1%),evening,True
MO,Pullback50,2025-07-29,2025-07-30,55.5894,56.067,0.859,0.19,1,max_hold 324d (+0.9%),evening,True
ACGL,52wkLow,2025-07-30,2025-07-30,89.83,85.61,-4.698,-1.07,0,stop_loss (-4.7%),morning,True
BRO,52wkLow,2025-07-30,2025-07-30,93.1673,92.1167,-1.28,-0.29,0,stop_loss (-1.1%),morning,True
CHTR,52wkLow,2025-07-30,2025-07-30,280.45,279.89,-0.2,-0.05,0,max_hold 323d (-0.2%),morning,True
CMG,52wkLow,2025-07-30,2025-07-30,44.43,43.76,-1.508,-0.34,0,stop_loss (-1.5%),morning,True
MO,Pullback50,2025-07-30,2025-07-30,56.067,57.5934,2.723,0.62,0,max_hold 323d (+2.7%),morning,True
ACN,52wkLow,2025-07-30,2025-07-31,271.6959,268.7211,-1.28,-0.23,1,stop_loss (-1.1%),evening,True
ACGL,52wkLow,2025-07-30,2025-07-31,85.61,85.35,-0.304,-0.05,1,max_hold 323d (-0.3%),evening,True
AJG,52wkLow,2025-07-30,2025-07-31,282.6577,278.8802,-1.336,-0.24,1,stop_loss (-1.3%),evening,True
BAX,52wkLow,2025-07-30,2025-07-31,27.8117,23.5582,-15.294,-2.7,1,stop_loss (-15.3%),evening,True
BRO,52wkLow,2025-07-30,2025-07-31,92.1167,91.1652,-3.83,-0.68,1,stop_loss (-1.0%),evening,True
ACN,52wkLow,2025-07-31,2025-07-31,268.7211,264.8539,-1.439,-0.25,0,stop_loss (-1.4%),morning,True
ACGL,52wkLow,2025-07-31,2025-07-31,85.35,86.06,0.832,0.15,0,max_hold 322d (+0.8%),morning,True
AJG,52wkLow,2025-07-31,2025-07-31,278.8802,284.052,1.854,0.32,0,max_hold 322d (+1.9%),morning,True
BAX,52wkLow,2025-07-31,2025-07-31,23.5582,21.5751,-8.418,-1.47,0,stop_loss (-8.4%),morning,True
BRO,52wkLow,2025-07-31,2025-07-31,91.1652,90.5606,-2.7,-0.47,0,stop_loss (-0.7%),morning,True
ACN,52wkLow,2025-07-31,2025-08-01,264.8539,262.4047,-0.52,-0.05,1,stop_loss (-0.9%),evening,True
ALGN,52wkLow,2025-07-31,2025-08-01,129.01,129.0,-0.008,-0.0,1,max_hold 322d (-0.0%),evening,True
AJG,52wkLow,2025-07-31,2025-08-01,284.052,281.8271,-0.64,-0.06,1,stop_loss (-0.8%),evening,True
AVB,52wkLow,2025-07-31,2025-08-01,180.8351,182.0971,0.698,0.07,1,max_hold 322d (+0.7%),evening,True
BAX,52wkLow,2025-07-31,2025-08-01,21.5751,21.3273,-0.72,-0.07,1,stop_loss (-1.1%),evening,True
ACN,52wkLow,2025-08-01,2025-08-01,262.4047,253.2226,-3.499,-0.34,0,stop_loss (-3.5%),morning,True
ALGN,52wkLow,2025-08-01,2025-08-01,129.0,136.52,5.829,0.57,0,max_hold 321d (+5.8%),morning,True
AJG,52wkLow,2025-08-01,2025-08-01,281.8271,281.0063,-0.291,-0.03,0,max_hold 321d (-0.3%),morning,True
AVB,52wkLow,2025-08-01,2025-08-01,182.0971,179.0489,-1.674,-0.16,0,stop_loss (-1.7%),morning,True
BAX,52wkLow,2025-08-01,2025-08-01,21.3273,21.7734,2.092,0.2,0,max_hold 321d (+2.1%),morning,True
ACN,52wkLow,2025-08-01,2025-08-04,253.2226,255.9098,1.061,0.15,1,max_hold 321d (+1.1%),evening,True
ADBE,52wkLow,2025-08-01,2025-08-04,347.8,351.16,0.966,0.14,1,max_hold 321d (+1.0%),evening,True
AFL,52wkLow,2025-08-01,2025-08-04,96.0412,96.0118,-0.031,-0.0,1,max_hold 321d (-0.0%),evening,True
AJG,52wkLow,2025-08-01,2025-08-04,281.0063,281.3227,0.113,0.02,1,max_hold 321d (+0.1%),evening,True
AVB,52wkLow,2025-08-01,2025-08-04,179.0489,178.6217,-0.239,-0.03,1,max_hold 321d (-0.2%),evening,True
ACN,52wkLow,2025-08-04,2025-08-04,255.9098,256.6039,0.271,0.04,0,max_hold 318d (+0.3%),morning,True
ADBE,52wkLow,2025-08-04,2025-08-04,351.16,338.85,-3.506,-0.5,0,stop_loss (-3.5%),morning,True
AFL,52wkLow,2025-08-04,2025-08-04,96.0118,96.5014,0.51,0.07,0,max_hold 318d (+0.5%),morning,True
AJG,52wkLow,2025-08-04,2025-08-04,281.3227,281.4414,0.042,0.01,0,max_hold 318d (+0.0%),morning,True
AVB,52wkLow,2025-08-04,2025-08-04,178.6217,177.3792,-0.52,-0.07,0,stop_loss (-0.7%),morning,True
ADBE,52wkLow,2025-08-04,2025-08-05,338.85,339.31,0.136,0.03,1,max_hold 318d (+0.1%),evening,True
AVB,52wkLow,2025-08-04,2025-08-05,177.3792,178.7965,0.799,0.18,1,max_hold 318d (+0.8%),evening,True
CHD,52wkLow,2025-08-04,2025-08-05,90.3169,89.9813,-0.372,-0.08,1,max_hold 318d (-0.4%),evening,True
CI,52wkLow,2025-08-04,2025-08-05,260.812,262.436,0.623,0.14,1,max_hold 318d (+0.6%),evening,True
ADSK,Pullback50,2025-08-04,2025-08-05,302.5,303.9,0.463,0.1,1,max_hold 318d (+0.5%),evening,False
ADBE,52wkLow,2025-08-05,2025-08-05,339.31,338.74,-0.168,-0.04,0,max_hold 317d (-0.2%),morning,True
AVB,52wkLow,2025-08-05,2025-08-05,178.7965,180.8642,1.156,0.26,0,max_hold 317d (+1.2%),morning,True
CHD,52wkLow,2025-08-05,2025-08-05,89.9813,89.9616,-0.022,-0.0,0,max_hold 317d (-0.0%),morning,True
CI,52wkLow,2025-08-05,2025-08-05,262.436,264.872,0.928,0.21,0,max_hold 317d (+0.9%),morning,True
ADSK,Pullback50,2025-08-05,2025-08-05,303.9,299.2,-1.547,-0.35,0,stop_loss (-1.5%),morning,False
ACN,52wkLow,2025-08-05,2025-08-06,244.9924,245.6171,0.255,0.06,1,max_hold 317d (+0.3%),evening,True
AFL,52wkLow,2025-08-05,2025-08-06,96.8539,99.38,2.608,0.63,1,max_hold 317d (+2.6%),evening,True
AVB,52wkLow,2025-08-05,2025-08-06,180.8642,181.2622,0.22,0.05,1,max_hold 317d (+0.2%),evening,True
CPT,52wkLow,2025-08-05,2025-08-06,104.4035,104.5877,0.176,0.04,1,max_hold 317d (+0.2%),evening,True
CI,52wkLow,2025-08-05,2025-08-06,264.872,264.9112,0.015,0.0,1,max_hold 317d (+0.0%),evening,True
ACN,52wkLow,2025-08-06,2025-08-06,245.6171,245.4584,-0.065,-0.02,0,max_hold 316d (-0.1%),morning,True
AFL,52wkLow,2025-08-06,2025-08-06,99.38,100.1731,0.798,0.19,0,max_hold 316d (+0.8%),morning,True
AVB,52wkLow,2025-08-06,2025-08-06,181.2622,181.0487,-0.118,-0.03,0,max_hold 316d (-0.1%),morning,True
CPT,52wkLow,2025-08-06,2025-08-06,104.5877,103.2399,-1.289,-0.31,0,stop_loss (-1.3%),morning,True
CI,52wkLow,2025-08-06,2025-08-06,264.9112,264.1089,-0.303,-0.07,0,max_hold 316d (-0.3%),morning,True
ACN,52wkLow,2025-08-06,2025-08-07,245.4584,246.1129,0.267,0.08,1,max_hold 316d (+0.3%),evening,True
AVB,52wkLow,2025-08-06,2025-08-07,181.0487,181.5729,0.29,0.08,1,max_hold 316d (+0.3%),evening,True
AAPL,VolumeSpike,2025-08-06,2025-08-07,212.4073,218.0151,2.64,0.75,1,max_hold 316d (+2.6%),evening,True
ATO,VolumeSpike,2025-08-06,2025-08-07,153.5892,157.4724,2.528,0.72,1,max_hold 316d (+2.5%),evening,True
COR,GapDown,2025-08-06,2025-08-07,281.6537,279.0831,-1.29,-0.37,1,stop_loss (-0.9%),evening,False
ACN,52wkLow,2025-08-07,2025-08-07,246.1129,239.6874,-2.611,-0.75,0,stop_loss (-2.6%),morning,True
AVB,52wkLow,2025-08-07,2025-08-07,181.5729,182.7378,0.642,0.18,0,max_hold 315d (+0.6%),morning,True
AAPL,VolumeSpike,2025-08-07,2025-08-07,218.0151,219.1605,0.525,0.15,0,max_hold 315d (+0.5%),morning,True
ATO,VolumeSpike,2025-08-07,2025-08-07,157.4724,159.1646,1.075,0.31,0,max_hold 315d (+1.1%),morning,True
COR,GapDown,2025-08-07,2025-08-07,279.0831,276.314,-1.6,-0.46,0,stop_loss (-1.0%),morning,False
ACN,52wkLow,2025-08-07,2025-08-08,239.6874,240.6195,0.389,0.12,1,max_hold 315d (+0.4%),evening,True
ADBE,52wkLow,2025-08-07,2025-08-08,338.27,338.68,0.121,0.04,1,max_hold 315d (+0.1%),evening,True
APA,VolumeSpike,2025-08-07,2025-08-08,18.9365,19.1214,0.976,0.31,1,max_hold 315d (+1.0%),evening,True
ATO,VolumeSpike,2025-08-07,2025-08-08,159.1646,159.282,0.074,0.02,1,max_hold 315d (+0.1%),evening,True
AJG,MomReversal,2025-08-07,2025-08-08,286.7616,287.7109,0.331,0.1,1,max_hold 315d (+0.3%),evening,False
ACN,52wkLow,2025-08-08,2025-08-08,240.6195,237.1886,-1.426,-0.45,0,stop_loss (-1.4%),morning,True
ADBE,52wkLow,2025-08-08,2025-08-08,338.68,341.05,0.7,0.22,0,max_hold 314d (+0.7%),morning,True
APA,VolumeSpike,2025-08-08,2025-08-08,19.1214,19.4717,1.832,0.58,0,max_hold 314d (+1.8%),morning,True
ATO,VolumeSpike,2025-08-08,2025-08-08,159.282,160.7003,0.89,0.28,0,max_hold 314d (+0.9%),morning,True
AJG,MomReversal,2025-08-08,2025-08-08,287.7109,286.2177,-2.69,-0.85,0,stop_loss (-0.5%),morning,False
AKAM,52wkLow,2025-08-08,2025-08-11,70.53,70.96,0.61,0.4,1,max_hold 314d (+0.6%),evening,True
ADP,Pullback50,2025-08-08,2025-08-11,297.5414,296.5198,-0.343,-0.23,1,max_hold 314d (-0.3%),evening,False
BAC,Pullback50,2025-08-08,2025-08-11,45.0291,45.078,0.109,0.07,1,max_hold 314d (+0.1%),evening,False
AKAM,52wkLow,2025-08-11,2025-08-11,70.96,70.61,-0.493,-0.33,0,max_hold 311d (-0.5%),morning,True
ADP,Pullback50,2025-08-11,2025-08-11,296.5198,295.5079,-0.341,-0.23,0,max_hold 311d (-0.3%),morning,False
BAC,Pullback50,2025-08-11,2025-08-11,45.078,45.1759,0.217,0.14,0,max_hold 311d (+0.2%),morning,False
ADBE,52wkLow,2025-08-11,2025-08-12,333.65,333.52,-0.039,-0.02,1,max_hold 311d (-0.0%),evening,True
AKAM,52wkLow,2025-08-11,2025-08-12,70.61,70.64,0.042,0.02,1,max_hold 311d (+0.0%),evening,True
BAC,Pullback50,2025-08-11,2025-08-12,45.1759,45.4891,0.693,0.36,1,max_hold 311d (+0.7%),evening,False
COR,Pullback50,2025-08-11,2025-08-12,288.5218,284.4128,-1.424,-0.75,1,stop_loss (-1.4%),evening,False
KO,Pullback50,2025-08-11,2025-08-12,68.8015,68.8696,0.099,0.05,1,max_hold 311d (+0.1%),evening,False
ADBE,52wkLow,2025-08-12,2025-08-12,333.52,338.43,1.472,0.77,0,max_hold 310d (+1.5%),morning,True
AKAM,52wkLow,2025-08-12,2025-08-12,70.64,71.97,1.883,0.98,0,max_hold 310d (+1.9%),morning,True
BAC,Pullback50,2025-08-12,2025-08-12,45.4891,46.4874,2.194,1.15,0,max_hold 310d (+2.2%),morning,False
COR,Pullback50,2025-08-12,2025-08-12,284.4128,286.9834,0.904,0.47,0,max_hold 310d (+0.9%),morning,False
KO,Pullback50,2025-08-12,2025-08-12,68.8696,68.7626,-0.155,-0.08,0,max_hold 310d (-0.2%),morning,False
CTSH,52wkLow,2025-08-12,2025-08-13,67.3472,67.641,0.436,0.17,1,max_hold 310d (+0.4%),evening,True
AON,VolumeSpike,2025-08-12,2025-08-13,362.8528,365.8449,0.825,0.33,1,max_hold 310d (+0.8%),evening,True
CAH,GapDown,2025-08-12,2025-08-13,145.1093,146.4285,0.909,0.36,1,max_hold 310d (+0.9%),evening,False
AXP,Pullback50,2025-08-12,2025-08-13,300.8223,302.2906,0.488,0.19,1,max_hold 310d (+0.5%),evening,False
AMP,Pullback50,2025-08-12,2025-08-13,511.8199,513.9187,0.41,0.16,1,max_hold 310d (+0.4%),evening,False
CTSH,52wkLow,2025-08-13,2025-08-13,67.641,68.9631,1.955,0.78,0,max_hold 309d (+2.0%),morning,True
AON,VolumeSpike,2025-08-13,2025-08-13,365.8449,369.9441,1.12,0.45,0,max_hold 309d (+1.1%),morning,True
CAH,GapDown,2025-08-13,2025-08-13,146.4285,146.9145,0.332,0.13,0,max_hold 309d (+0.3%),morning,False
AXP,Pullback50,2025-08-13,2025-08-13,302.2906,304.4535,0.715,0.28,0,max_hold 309d (+0.7%),morning,False
AMP,Pullback50,2025-08-13,2025-08-13,513.9187,504.1575,-1.899,-0.76,0,stop_loss (-1.9%),morning,False
CSCO,VolumeSpike,2025-08-13,2025-08-14,69.2299,66.8698,-3.409,-1.09,1,stop_loss (-3.4%),evening,True
ACN,MomReversal,2025-08-13,2025-08-14,243.6141,242.4837,-0.464,-0.15,1,max_hold 309d (-0.5%),evening,False
ADBE,MomReversal,2025-08-13,2025-08-14,351.07,349.5,-0.447,-0.14,1,max_hold 309d (-0.4%),evening,False
CTSH,MomReversal,2025-08-13,2025-08-14,68.9631,68.6203,-0.497,-0.16,1,max_hold 309d (-0.5%),evening,False
AXP,Pullback50,2025-08-13,2025-08-14,304.4535,303.1339,-0.433,-0.14,1,max_hold 309d (-0.4%),evening,False
CSCO,VolumeSpike,2025-08-14,2025-08-14,66.8698,68.1481,1.912,0.61,0,max_hold 308d (+1.9%),morning,True
ACN,MomReversal,2025-08-14,2025-08-14,242.4837,244.09,0.662,0.21,0,max_hold 308d (+0.7%),morning,False
ADBE,MomReversal,2025-08-14,2025-08-14,349.5,348.58,-0.263,-0.08,0,max_hold 308d (-0.3%),morning,False
CTSH,MomReversal,2025-08-14,2025-08-14,68.6203,67.9348,-1.36,-0.43,0,stop_loss (-1.0%),morning,False
AXP,Pullback50,2025-08-14,2025-08-14,303.1339,305.3067,0.717,0.23,0,max_hold 308d (+0.7%),morning,False
AMCR,52wkLow,2025-08-14,2025-08-15,42.5243,42.5243,-0.0,-0.0,1,max_hold 308d (-0.0%),evening,True
CSCO,GapDown,2025-08-14,2025-08-15,68.1481,67.3123,-1.227,-0.56,1,stop_loss (-1.2%),evening,False
COHR,GapDown,2025-08-14,2025-08-15,91.65,91.25,-0.436,-0.2,1,max_hold 308d (-0.4%),evening,False
AXP,Pullback50,2025-08-14,2025-08-15,305.3067,307.023,0.562,0.26,1,max_hold 308d (+0.6%),evening,False
AMGN,Pullback50,2025-08-14,2025-08-15,281.8191,283.5083,0.599,0.27,1,max_hold 308d (+0.6%),evening,False
AMCR,52wkLow,2025-08-15,2025-08-15,42.5243,42.3786,-0.342,-0.16,0,max_hold 307d (-0.3%),morning,True
CSCO,GapDown,2025-08-15,2025-08-15,67.3123,65.0997,-3.287,-1.49,0,stop_loss (-3.3%),morning,False
COHR,GapDown,2025-08-15,2025-08-15,91.25,93.4,2.356,1.07,0,max_hold 307d (+2.4%),morning,False
AXP,Pullback50,2025-08-15,2025-08-15,307.023,303.0645,-1.289,-0.59,0,stop_loss (-1.3%),morning,False
AMGN,Pullback50,2025-08-15,2025-08-15,283.5083,287.8188,1.52,0.69,0,max_hold 307d (+1.5%),morning,False
AMCR,52wkLow,2025-08-15,2025-08-18,42.3786,41.8447,-1.26,-0.8,1,stop_loss (-1.3%),evening,True
CDW,MomReversal,2025-08-15,2025-08-18,160.6551,160.7925,0.085,0.05,1,max_hold 307d (+0.1%),evening,False
ABT,Pullback50,2025-08-15,2025-08-18,129.692,129.5739,-0.091,-0.06,1,max_hold 307d (-0.1%),evening,False
KO,Pullback50,2025-08-15,2025-08-18,67.9943,68.0527,0.086,0.05,1,max_hold 307d (+0.1%),evening,False
AMCR,52wkLow,2025-08-18,2025-08-18,41.8447,41.165,-1.624,-1.03,0,stop_loss (-1.6%),morning,True
CDW,MomReversal,2025-08-18,2025-08-18,160.7925,162.6957,1.184,0.75,0,max_hold 304d (+1.2%),morning,False
ABT,Pullback50,2025-08-18,2025-08-18,129.5739,128.2351,-1.82,-1.15,0,stop_loss (-1.0%),morning,False
KO,Pullback50,2025-08-18,2025-08-18,68.0527,67.2261,-1.215,-0.77,0,stop_loss (-1.2%),morning,False
AXP,Pullback50,2025-08-18,2025-08-19,304.632,304.2451,-0.127,-0.08,1,max_hold 304d (-0.1%),evening,False
ADI,Pullback50,2025-08-18,2025-08-19,228.4829,228.5717,0.039,0.03,1,max_hold 304d (+0.0%),evening,False
BKNG,Pullback50,2025-08-18,2025-08-19,219.4244,219.7069,0.129,0.09,1,max_hold 304d (+0.1%),evening,False
BSX,Pullback50,2025-08-18,2025-08-19,103.05,102.32,-2.69,-1.78,1,stop_loss (-0.7%),evening,False
AXP,Pullback50,2025-08-19,2025-08-19,304.2451,303.6895,-0.183,-0.12,0,max_hold 303d (-0.2%),morning,False
ADI,Pullback50,2025-08-19,2025-08-19,228.5717,227.3876,-1.71,-1.13,0,stop_loss (-0.5%),morning,False
BKNG,Pullback50,2025-08-19,2025-08-19,219.7069,221.4902,0.812,0.54,0,max_hold 303d (+0.8%),morning,False
BSX,Pullback50,2025-08-19,2025-08-19,102.32,103.75,1.398,0.93,0,max_hold 303d (+1.4%),morning,False
AVB,52wkLow,2025-08-19,2025-08-20,185.854,186.5238,0.36,0.11,1,max_hold 303d (+0.4%),evening,True
ABT,Pullback50,2025-08-19,2025-08-20,129.1998,129.9873,0.61,0.19,1,max_hold 303d (+0.6%),evening,False
AIG,Pullback50,2025-08-19,2025-08-20,79.3947,79.7268,0.418,0.13,1,max_hold 303d (+0.4%),evening,False
AMGN,Pullback50,2025-08-19,2025-08-20,286.9256,287.6052,0.237,0.07,1,max_hold 303d (+0.2%),evening,False
ADP,Pullback50,2025-08-19,2025-08-20,297.4538,298.5435,0.366,0.11,1,max_hold 303d (+0.4%),evening,False
AVB,52wkLow,2025-08-20,2025-08-20,186.5238,185.0482,-1.32,-0.41,0,stop_loss (-0.8%),morning,True
ABT,Pullback50,2025-08-20,2025-08-20,129.9873,130.3712,0.295,0.09,0,max_hold 302d (+0.3%),morning,False
AIG,Pullback50,2025-08-20,2025-08-20,79.7268,80.6058,1.103,0.35,0,max_hold 302d (+1.1%),morning,False
AMGN,Pullback50,2025-08-20,2025-08-20,287.6052,287.7993,0.068,0.02,0,max_hold 302d (+0.1%),morning,False
ADP,Pullback50,2025-08-20,2025-08-20,298.5435,300.6743,0.714,0.22,0,max_hold 302d (+0.7%),morning,False
CL,52wkLow,2025-08-20,2025-08-21,84.432,83.9806,-0.68,-0.24,1,stop_loss (-0.5%),evening,True
ADI,VolumeSpike,2025-08-20,2025-08-21,241.6265,240.768,-0.355,-0.12,1,max_hold 302d (-0.4%),evening,True
ALB,GapDown,2025-08-20,2025-08-21,77.0764,76.3463,-1.46,-0.51,1,stop_loss (-0.9%),evening,False
CVNA,GapDown,2025-08-20,2025-08-21,67.722,67.0,-0.71,-0.25,1,stop_loss (-1.1%),evening,False
AXP,Pullback50,2025-08-20,2025-08-21,305.9714,304.3741,-0.63,-0.22,1,stop_loss (-0.5%),evening,False
CL,52wkLow,2025-08-21,2025-08-21,83.9806,84.6576,0.806,0.28,0,max_hold 301d (+0.8%),morning,True
ADI,VolumeSpike,2025-08-21,2025-08-21,240.768,243.6789,1.209,0.42,0,max_hold 301d (+1.2%),morning,True
ALB,GapDown,2025-08-21,2025-08-21,76.3463,77.8855,2.016,0.7,0,max_hold 301d (+2.0%),morning,False
CVNA,GapDown,2025-08-21,2025-08-21,67.0,67.814,1.215,0.42,0,max_hold 301d (+1.2%),morning,False
AXP,Pullback50,2025-08-21,2025-08-21,304.3741,305.7432,0.45,0.16,0,max_hold 301d (+0.4%),morning,False
AXP,Pullback50,2025-08-21,2025-08-22,305.7432,307.7771,0.665,0.44,1,max_hold 301d (+0.7%),evening,False
ARES,Pullback50,2025-08-21,2025-08-22,171.9116,172.0563,0.084,0.06,1,max_hold 301d (+0.1%),evening,False
CVNA,Pullback50,2025-08-21,2025-08-22,67.814,68.028,0.316,0.21,1,max_hold 301d (+0.3%),evening,False
AXP,Pullback50,2025-08-22,2025-08-22,307.7771,316.6467,2.882,1.95,0,max_hold 300d (+2.9%),morning,False
ARES,Pullback50,2025-08-22,2025-08-22,172.0563,174.6216,1.491,1.01,0,max_hold 300d (+1.5%),morning,False
CVNA,Pullback50,2025-08-22,2025-08-22,68.028,71.562,5.195,3.51,0,max_hold 300d (+5.2%),morning,False
AMP,Pullback50,2025-08-22,2025-08-25,511.7408,511.315,-0.083,-0.06,1,max_hold 300d (-0.1%),evening,False
ARES,Pullback50,2025-08-22,2025-08-25,174.6216,174.8048,0.105,0.07,1,max_hold 300d (+0.1%),evening,False
ADP,Pullback50,2025-08-22,2025-08-25,299.6235,298.417,-0.403,-0.27,1,max_hold 300d (-0.4%),evening,False
AXON,Pullback50,2025-08-22,2025-08-25,766.24,766.22,-0.003,-0.0,1,max_hold 300d (-0.0%),evening,False
AMP,Pullback50,2025-08-25,2025-08-25,511.315,506.3651,-1.48,-0.99,0,stop_loss (-1.0%),morning,False
ARES,Pullback50,2025-08-25,2025-08-25,174.8048,171.7863,-1.727,-1.16,0,stop_loss (-1.7%),morning,False
ADP,Pullback50,2025-08-25,2025-08-25,298.417,295.6246,-2.61,-1.75,0,stop_loss (-0.9%),morning,False
AXON,Pullback50,2025-08-25,2025-08-25,766.22,763.52,-0.352,-0.24,0,max_hold 297d (-0.4%),morning,False
CPT,52wkLow,2025-08-26,2025-08-27,105.8871,106.1877,0.284,0.1,1,max_hold 296d (+0.3%),evening,True
CL,52wkLow,2025-08-26,2025-08-27,82.5579,82.5677,0.012,0.0,1,max_hold 296d (+0.0%),evening,True
AFL,VolumeSpike,2025-08-26,2025-08-27,106.4786,106.1144,-0.342,-0.12,1,max_hold 296d (-0.3%),evening,True
CME,VolumeSpike,2025-08-26,2025-08-27,261.4388,261.1019,-0.129,-0.05,1,max_hold 296d (-0.1%),evening,True
AMGN,Pullback50,2025-08-26,2025-08-27,283.4104,282.6862,-0.256,-0.09,1,max_hold 296d (-0.3%),evening,False
CPT,52wkLow,2025-08-27,2025-08-27,106.1877,107.2058,0.959,0.34,0,max_hold 295d (+1.0%),morning,True
CL,52wkLow,2025-08-27,2025-08-27,82.5677,82.862,0.357,0.13,0,max_hold 295d (+0.4%),morning,True
AFL,VolumeSpike,2025-08-27,2025-08-27,106.1144,105.7403,-0.353,-0.12,0,max_hold 295d (-0.4%),morning,True
CME,VolumeSpike,2025-08-27,2025-08-27,261.1019,260.0046,-0.42,-0.15,0,max_hold 295d (-0.4%),morning,True
AMGN,Pullback50,2025-08-27,2025-08-27,282.6862,281.8347,-0.301,-0.11,0,max_hold 295d (-0.3%),morning,False
AMP,Pullback50,2025-08-27,2025-08-28,513.0673,513.9582,0.174,0.12,1,max_hold 295d (+0.2%),evening,False
ARES,Pullback50,2025-08-27,2025-08-28,173.1171,173.7054,0.34,0.23,1,max_hold 295d (+0.3%),evening,False
ADP,Pullback50,2025-08-27,2025-08-28,294.8949,294.8463,-0.016,-0.01,1,max_hold 295d (-0.0%),evening,False
CSCO,Pullback50,2025-08-27,2025-08-28,67.3024,67.2238,-0.117,-0.08,1,max_hold 295d (-0.1%),evening,False
AMP,Pullback50,2025-08-28,2025-08-28,513.9582,511.4536,-0.487,-0.33,0,max_hold 294d (-0.5%),morning,False
ARES,Pullback50,2025-08-28,2025-08-28,173.7054,173.8501,0.083,0.06,0,max_hold 294d (+0.1%),morning,False
ADP,Pullback50,2025-08-28,2025-08-28,294.8463,295.8776,0.35,0.23,0,max_hold 294d (+0.3%),morning,False
CSCO,Pullback50,2025-08-28,2025-08-28,67.2238,68.276,1.565,1.05,0,max_hold 294d (+1.6%),morning,False
CLX,52wkLow,2025-08-28,2025-08-29,114.0044,114.0624,0.051,0.02,1,max_hold 294d (+0.1%),evening,True
ADSK,VolumeSpike,2025-08-28,2025-08-29,288.49,318.0,10.229,3.62,1,max_hold 294d (+10.2%),evening,True
BBY,VolumeSpike,2025-08-28,2025-08-29,68.8211,68.9632,0.206,0.07,1,max_hold 294d (+0.2%),evening,True
ABT,Pullback50,2025-08-28,2025-08-29,129.3179,129.9479,0.487,0.17,1,max_hold 294d (+0.5%),evening,False
ARES,Pullback50,2025-08-28,2025-08-29,173.8501,173.85,-0.0,-0.0,1,max_hold 294d (-0.0%),evening,False
CLX,52wkLow,2025-08-29,2025-08-29,114.0624,114.2557,0.169,0.06,0,max_hold 293d (+0.2%),morning,True
ADSK,VolumeSpike,2025-08-29,2025-08-29,318.0,314.7,-1.02,-0.36,0,stop_loss (-1.0%),morning,True
BBY,VolumeSpike,2025-08-29,2025-08-29,68.9632,69.7494,1.14,0.41,0,max_hold 293d (+1.1%),morning,True
ABT,Pullback50,2025-08-29,2025-08-29,129.9479,130.5878,0.492,0.18,0,max_hold 293d (+0.5%),morning,False
ARES,Pullback50,2025-08-29,2025-08-29,173.85,172.8181,-0.63,-0.23,0,stop_loss (-0.6%),morning,False
AEE,Pullback50,2025-08-29,2025-09-02,97.0157,96.8699,-0.15,-0.1,1,max_hold 293d (-0.2%),evening,False
ADP,Pullback50,2025-08-29,2025-09-02,295.8289,293.4841,-0.77,-0.52,1,stop_loss (-0.8%),evening,False
COR,Pullback50,2025-08-29,2025-09-02,289.9658,290.3238,0.123,0.08,1,max_hold 293d (+0.1%),evening,False
CMS,Pullback50,2025-08-29,2025-09-02,69.9619,69.7761,-0.265,-0.18,1,max_hold 293d (-0.3%),evening,False
AEE,Pullback50,2025-09-02,2025-09-02,96.8699,96.9574,0.09,0.06,0,max_hold 289d (+0.1%),morning,False
ADP,Pullback50,2025-09-02,2025-09-02,293.4841,291.6647,-1.31,-0.89,0,stop_loss (-0.6%),morning,False
COR,Pullback50,2025-09-02,2025-09-02,290.3238,293.1876,0.986,0.67,0,max_hold 289d (+1.0%),morning,False
CMS,Pullback50,2025-09-02,2025-09-02,69.7761,69.5611,-0.308,-0.21,0,max_hold 289d (-0.3%),morning,False
APP,GapDown,2025-09-02,2025-09-03,481.73,487.69,1.237,0.22,1,max_hold 289d (+1.2%),evening,True
ANET,GapDown,2025-09-02,2025-09-03,135.87,135.68,-0.14,-0.02,1,max_hold 289d (-0.1%),evening,True
CCL,GapDown,2025-09-02,2025-09-03,30.8278,30.8872,0.193,0.03,1,max_hold 289d (+0.2%),evening,True
COHR,GapDown,2025-09-02,2025-09-03,87.8,88.09,0.33,0.06,1,max_hold 289d (+0.3%),evening,True
BKR,VolumeSpike,2025-09-02,2025-09-03,44.8259,44.8062,-0.044,-0.01,1,max_hold 289d (-0.0%),evening,True
APP,GapDown,2025-09-03,2025-09-03,487.69,487.35,-0.07,-0.01,0,max_hold 288d (-0.1%),morning,True
ANET,GapDown,2025-09-03,2025-09-03,135.68,137.38,1.253,0.22,0,max_hold 288d (+1.3%),morning,True
CCL,GapDown,2025-09-03,2025-09-03,30.8872,30.996,0.352,0.06,0,max_hold 288d (+0.4%),morning,True
COHR,GapDown,2025-09-03,2025-09-03,88.09,88.47,0.431,0.08,0,max_hold 288d (+0.4%),morning,True
BKR,VolumeSpike,2025-09-03,2025-09-03,44.8062,44.4702,-0.83,-0.15,0,stop_loss (-0.7%),morning,True
CIEN,VolumeSpike,2025-09-03,2025-09-04,94.82,115.0,21.282,5.26,1,max_hold 288d (+21.3%),evening,True
CLX,VolumeSpike,2025-09-03,2025-09-04,118.8086,118.9536,0.122,0.03,1,max_hold 288d (+0.1%),evening,True
KO,VolumeSpike,2025-09-03,2025-09-04,67.09,67.2067,0.174,0.04,1,max_hold 288d (+0.2%),evening,True
ALGN,52wkLow,2025-09-03,2025-09-04,132.35,132.91,0.423,0.1,1,max_hold 288d (+0.4%),evening,False
CHTR,52wkLow,2025-09-03,2025-09-04,261.22,261.79,0.218,0.05,1,max_hold 288d (+0.2%),evening,False
CIEN,VolumeSpike,2025-09-04,2025-09-04,115.0,116.92,1.67,0.42,0,max_hold 287d (+1.7%),morning,True
CLX,VolumeSpike,2025-09-04,2025-09-04,118.9536,120.4712,1.276,0.32,0,max_hold 287d (+1.3%),morning,True
KO,VolumeSpike,2025-09-04,2025-09-04,67.2067,66.3703,-1.244,-0.31,0,stop_loss (-1.2%),morning,True
ALGN,52wkLow,2025-09-04,2025-09-04,132.91,134.7,1.347,0.34,0,max_hold 287d (+1.3%),morning,False
CHTR,52wkLow,2025-09-04,2025-09-04,261.79,259.51,-2.77,-0.7,0,stop_loss (-0.9%),morning,False
AVGO,VolumeSpike,2025-09-04,2025-09-05,304.3544,353.7511,16.23,4.08,1,max_hold 287d (+16.2%),evening,True
CNC,VolumeSpike,2025-09-04,2025-09-05,28.65,28.59,-0.209,-0.05,1,max_hold 287d (-0.2%),evening,True
CNP,VolumeSpike,2025-09-04,2025-09-05,36.8459,37.0524,0.561,0.14,1,max_hold 287d (+0.6%),evening,True
ADBE,52wkLow,2025-09-04,2025-09-05,344.31,345.81,0.436,0.11,1,max_hold 287d (+0.4%),evening,False
CHTR,52wkLow,2025-09-04,2025-09-05,259.51,259.34,-0.066,-0.02,1,max_hold 287d (-0.1%),evening,False
AVGO,VolumeSpike,2025-09-05,2025-09-05,353.7511,332.9803,-5.872,-1.49,0,stop_loss (-5.9%),morning,True
CNC,VolumeSpike,2025-09-05,2025-09-05,28.59,28.98,1.364,0.35,0,max_hold 286d (+1.4%),morning,True
CNP,VolumeSpike,2025-09-05,2025-09-05,37.0524,37.1606,0.292,0.07,0,max_hold 286d (+0.3%),morning,True
ADBE,52wkLow,2025-09-05,2025-09-05,345.81,348.97,0.914,0.23,0,max_hold 286d (+0.9%),morning,False
CHTR,52wkLow,2025-09-05,2025-09-05,259.34,261.5,0.833,0.21,0,max_hold 286d (+0.8%),morning,False
ADBE,52wkLow,2025-09-05,2025-09-08,348.97,348.86,-0.032,-0.02,1,max_hold 286d (-0.0%),evening,False
CHTR,52wkLow,2025-09-05,2025-09-08,261.5,255.44,-2.317,-1.53,1,stop_loss (-2.3%),evening,False
CMG,52wkLow,2025-09-05,2025-09-08,41.06,41.0,-0.146,-0.1,1,max_hold 286d (-0.1%),evening,False
CL,52wkLow,2025-09-05,2025-09-08,83.5293,83.3232,-0.247,-0.16,1,max_hold 286d (-0.2%),evening,False
COR,Pullback50,2025-09-05,2025-09-08,290.8508,291.1193,0.092,0.06,1,max_hold 286d (+0.1%),evening,False
ADBE,52wkLow,2025-09-08,2025-09-08,348.86,358.66,2.809,1.85,0,max_hold 283d (+2.8%),morning,False
CHTR,52wkLow,2025-09-08,2025-09-08,255.44,263.88,3.304,2.17,0,max_hold 283d (+3.3%),morning,False
CMG,52wkLow,2025-09-08,2025-09-08,41.0,39.65,-3.293,-2.16,0,stop_loss (-3.3%),morning,False
CL,52wkLow,2025-09-08,2025-09-08,83.3232,82.6069,-0.98,-0.64,0,stop_loss (-0.9%),morning,False
COR,Pullback50,2025-09-08,2025-09-08,291.1193,296.1806,1.739,1.14,0,max_hold 283d (+1.7%),morning,False
T,GapDown,2025-09-08,2025-09-09,27.9681,27.9681,-0.0,-0.0,1,max_hold 283d (-0.0%),evening,True
BXP,VolumeSpike,2025-09-08,2025-09-09,73.3233,72.559,-1.12,-0.53,1,stop_loss (-1.0%),evening,True
COR,VolumeSpike,2025-09-08,2025-09-09,296.1806,296.8965,0.242,0.11,1,max_hold 283d (+0.2%),evening,True
CMG,52wkLow,2025-09-08,2025-09-09,39.65,39.56,-0.227,-0.11,1,max_hold 283d (-0.2%),evening,False
CHD,52wkLow,2025-09-08,2025-09-09,93.6555,93.4475,-0.222,-0.1,1,max_hold 283d (-0.2%),evening,False
T,GapDown,2025-09-09,2025-09-09,27.9681,28.4714,1.799,0.85,0,max_hold 282d (+1.8%),morning,True
BXP,VolumeSpike,2025-09-09,2025-09-09,72.559,70.0436,-3.467,-1.64,0,stop_loss (-3.5%),morning,True
COR,VolumeSpike,2025-09-09,2025-09-09,296.8965,296.986,0.03,0.01,0,max_hold 282d (+0.0%),morning,True
CMG,52wkLow,2025-09-09,2025-09-09,39.56,39.46,-0.253,-0.12,0,max_hold 282d (-0.3%),morning,False
CHD,52wkLow,2025-09-09,2025-09-09,93.4475,93.9822,0.572,0.27,0,max_hold 282d (+0.6%),morning,False
LNT,Pullback50,2025-09-09,2025-09-10,62.5516,62.5515,-0.0,-0.0,1,max_hold 282d (-0.0%),evening,False
AEE,Pullback50,2025-09-09,2025-09-10,97.1416,96.9457,-0.202,-0.11,1,max_hold 282d (-0.2%),evening,False
AEP,Pullback50,2025-09-09,2025-09-10,105.8998,105.9682,0.065,0.04,1,max_hold 282d (+0.1%),evening,False
BLK,Pullback50,2025-09-09,2025-09-10,1088.0911,1089.6754,0.146,0.08,1,max_hold 282d (+0.1%),evening,False
BKNG,Pullback50,2025-09-09,2025-09-10,221.3848,221.0736,-0.141,-0.08,1,max_hold 282d (-0.1%),evening,False
LNT,Pullback50,2025-09-10,2025-09-10,62.5515,62.532,-0.031,-0.02,0,max_hold 281d (-0.0%),morning,False
AEE,Pullback50,2025-09-10,2025-09-10,96.9457,97.2297,0.293,0.16,0,max_hold 281d (+0.3%),morning,False
AEP,Pullback50,2025-09-10,2025-09-10,105.9682,105.8802,-0.083,-0.05,0,max_hold 281d (-0.1%),morning,False
BLK,Pullback50,2025-09-10,2025-09-10,1089.6754,1085.3552,-0.396,-0.22,0,max_hold 281d (-0.4%),morning,False
BKNG,Pullback50,2025-09-10,2025-09-10,221.0736,217.5299,-1.603,-0.88,0,stop_loss (-1.6%),morning,False
CARR,VolumeSpike,2025-09-10,2025-09-11,61.7746,61.2804,-1.02,-0.21,1,stop_loss (-0.8%),evening,True
ACN,52wkLow,2025-09-10,2025-09-11,241.0657,241.1648,0.041,0.01,1,max_hold 281d (+0.0%),evening,False
ADBE,52wkLow,2025-09-10,2025-09-11,350.16,354.69,1.294,0.27,1,max_hold 281d (+1.3%),evening,False
ALGN,52wkLow,2025-09-10,2025-09-11,132.94,133.0,0.045,0.01,1,max_hold 281d (+0.0%),evening,False
BRO,52wkLow,2025-09-10,2025-09-11,91.8259,91.816,-0.011,-0.0,1,max_hold 281d (-0.0%),evening,False
CARR,VolumeSpike,2025-09-11,2025-09-11,61.2804,61.577,0.484,0.1,0,max_hold 280d (+0.5%),morning,True
ACN,52wkLow,2025-09-11,2025-09-11,241.1648,242.0969,0.386,0.08,0,max_hold 280d (+0.4%),morning,False
ADBE,52wkLow,2025-09-11,2025-09-11,354.69,350.55,-3.83,-0.79,0,stop_loss (-1.2%),morning,False
ALGN,52wkLow,2025-09-11,2025-09-11,133.0,135.91,2.188,0.45,0,max_hold 280d (+2.2%),morning,False
BRO,52wkLow,2025-09-11,2025-09-11,91.816,93.5533,1.892,0.39,0,max_hold 280d (+1.9%),morning,False
ABBV,VolumeSpike,2025-09-11,2025-09-12,215.114,214.0395,-0.5,-0.1,1,max_hold 280d (-0.5%),evening,True
ADBE,VolumeSpike,2025-09-11,2025-09-12,350.55,361.1,3.01,0.58,1,max_hold 280d (+3.0%),evening,True
ALLE,VolumeSpike,2025-09-11,2025-09-12,175.7872,174.9042,-1.04,-0.2,1,stop_loss (-0.5%),evening,True
AZO,VolumeSpike,2025-09-11,2025-09-12,4354.54,4316.6802,-2.69,-0.52,1,stop_loss (-0.9%),evening,True
ACN,52wkLow,2025-09-11,2025-09-12,242.0969,242.444,0.143,0.03,1,max_hold 280d (+0.1%),evening,False
ABBV,VolumeSpike,2025-09-12,2025-09-12,214.0395,213.2776,-0.356,-0.07,0,max_hold 279d (-0.4%),morning,True
ADBE,VolumeSpike,2025-09-12,2025-09-12,361.1,349.36,-3.251,-0.63,0,stop_loss (-3.3%),morning,True
ALLE,VolumeSpike,2025-09-12,2025-09-12,174.9042,173.6442,-0.5,-0.1,0,stop_loss (-0.7%),morning,True
AZO,VolumeSpike,2025-09-12,2025-09-12,4316.6802,4322.1499,0.127,0.02,0,max_hold 279d (+0.1%),morning,True
ACN,52wkLow,2025-09-12,2025-09-12,242.444,236.5341,-2.438,-0.47,0,stop_loss (-2.4%),morning,False
ADBE,VolumeSpike,2025-09-12,2025-09-15,349.36,350.5,0.326,0.12,1,max_hold 279d (+0.3%),evening,True
ACN,52wkLow,2025-09-12,2025-09-15,236.5341,238.6462,0.893,0.32,1,max_hold 279d (+0.9%),evening,False
CTSH,52wkLow,2025-09-12,2025-09-15,68.0403,68.0403,0.0,0.0,1,max_hold 279d (+0.0%),evening,False
AES,Pullback50,2025-09-12,2025-09-15,12.4164,12.4646,0.388,0.14,1,max_hold 279d (+0.4%),evening,False
ALB,Pullback50,2025-09-12,2025-09-15,75.3718,77.4649,2.777,1.01,1,max_hold 279d (+2.8%),evening,False
ADBE,VolumeSpike,2025-09-15,2025-09-15,350.5,347.1,-0.62,-0.23,0,stop_loss (-1.0%),morning,True
ACN,52wkLow,2025-09-15,2025-09-15,238.6462,235.8697,-0.9,-0.33,0,stop_loss (-1.2%),morning,False
CTSH,52wkLow,2025-09-15,2025-09-15,68.0403,67.4697,-2.14,-0.78,0,stop_loss (-0.8%),morning,False
AES,Pullback50,2025-09-15,2025-09-15,12.4646,12.561,0.773,0.28,0,max_hold 276d (+0.8%),morning,False
ALB,Pullback50,2025-09-15,2025-09-15,77.4649,80.3913,3.778,1.38,0,max_hold 276d (+3.8%),morning,False
ACN,52wkLow,2025-09-15,2025-09-16,235.8697,235.5128,-0.151,-0.05,1,max_hold 276d (-0.2%),evening,False
ADBE,52wkLow,2025-09-15,2025-09-16,347.1,350.16,0.882,0.26,1,max_hold 276d (+0.9%),evening,False
AVY,52wkLow,2025-09-15,2025-09-16,162.103,161.8571,-0.152,-0.05,1,max_hold 276d (-0.2%),evening,False
CHD,52wkLow,2025-09-15,2025-09-16,90.358,90.358,-0.0,-0.0,1,max_hold 276d (-0.0%),evening,False
CTSH,52wkLow,2025-09-15,2025-09-16,67.4697,67.7058,0.35,0.1,1,max_hold 276d (+0.3%),evening,False
ACN,52wkLow,2025-09-16,2025-09-16,235.5128,234.8186,-0.295,-0.09,0,max_hold 275d (-0.3%),morning,False
ADBE,52wkLow,2025-09-16,2025-09-16,350.16,352.73,0.734,0.22,0,max_hold 275d (+0.7%),morning,False
AVY,52wkLow,2025-09-16,2025-09-16,161.8571,163.46,0.99,0.3,0,max_hold 275d (+1.0%),morning,False
CHD,52wkLow,2025-09-16,2025-09-16,90.358,90.6254,0.296,0.09,0,max_hold 275d (+0.3%),morning,False
CTSH,52wkLow,2025-09-16,2025-09-16,67.7058,68.0403,0.494,0.15,0,max_hold 275d (+0.5%),morning,False
ACN,52wkLow,2025-09-16,2025-09-17,234.8186,235.7309,0.388,0.11,1,max_hold 275d (+0.4%),evening,False
AMCR,52wkLow,2025-09-16,2025-09-17,40.7282,40.6796,-0.119,-0.03,1,max_hold 275d (-0.1%),evening,False
ACGL,52wkLow,2025-09-16,2025-09-17,87.38,87.31,-0.08,-0.02,1,max_hold 275d (-0.1%),evening,False
CMG,52wkLow,2025-09-16,2025-09-17,39.3,39.49,0.483,0.13,1,max_hold 275d (+0.5%),evening,False
CL,52wkLow,2025-09-16,2025-09-17,79.9479,80.2521,0.38,0.1,1,max_hold 275d (+0.4%),evening,False
ACN,52wkLow,2025-09-17,2025-09-17,235.7309,239.2114,1.476,0.41,0,max_hold 274d (+1.5%),morning,False
AMCR,52wkLow,2025-09-17,2025-09-17,40.6796,40.1942,-1.11,-0.31,0,stop_loss (-1.2%),morning,False
ACGL,52wkLow,2025-09-17,2025-09-17,87.31,87.35,0.046,0.01,0,max_hold 274d (+0.0%),morning,False
CMG,52wkLow,2025-09-17,2025-09-17,39.49,39.67,0.456,0.13,0,max_hold 274d (+0.5%),morning,False
CL,52wkLow,2025-09-17,2025-09-17,80.2521,80.674,0.526,0.14,0,max_hold 274d (+0.5%),morning,False
CFG,VolumeSpike,2025-09-17,2025-09-18,51.0729,51.4052,0.65,0.13,1,max_hold 274d (+0.7%),evening,True
ACN,52wkLow,2025-09-17,2025-09-18,239.2114,239.9452,0.307,0.06,1,max_hold 274d (+0.3%),evening,False
ALGN,52wkLow,2025-09-17,2025-09-18,129.44,131.93,1.924,0.4,1,max_hold 274d (+1.9%),evening,False
ACGL,52wkLow,2025-09-17,2025-09-18,87.35,87.04,-0.355,-0.07,1,max_hold 274d (-0.4%),evening,False
AVY,52wkLow,2025-09-17,2025-09-18,162.1915,162.0833,-0.067,-0.01,1,max_hold 274d (-0.1%),evening,False
CFG,VolumeSpike,2025-09-18,2025-09-18,51.4052,52.4116,1.958,0.41,0,max_hold 273d (+2.0%),morning,True
ACN,52wkLow,2025-09-18,2025-09-18,239.9452,237.5356,-0.84,-0.17,0,stop_loss (-1.0%),morning,False
ALGN,52wkLow,2025-09-18,2025-09-18,131.93,132.57,0.485,0.1,0,max_hold 273d (+0.5%),morning,False
ACGL,52wkLow,2025-09-18,2025-09-18,87.04,88.19,1.321,0.27,0,max_hold 273d (+1.3%),morning,False
AVY,52wkLow,2025-09-18,2025-09-18,162.0833,162.2898,0.127,0.03,0,max_hold 273d (+0.1%),morning,False
AMD,GapDown,2025-09-18,2025-09-19,157.92,157.38,-0.342,-0.06,1,max_hold 273d (-0.3%),evening,True
ALL,VolumeSpike,2025-09-18,2025-09-19,202.6162,203.3058,0.34,0.06,1,max_hold 273d (+0.3%),evening,True
AIG,VolumeSpike,2025-09-18,2025-09-19,76.6585,76.5406,-0.154,-0.03,1,max_hold 273d (-0.2%),evening,True
ACN,52wkLow,2025-09-18,2025-09-19,237.5356,237.5059,-0.013,-0.0,1,max_hold 273d (-0.0%),evening,False
ACGL,52wkLow,2025-09-18,2025-09-19,88.19,88.85,0.748,0.12,1,max_hold 273d (+0.7%),evening,False
AMD,GapDown,2025-09-19,2025-09-19,157.38,157.39,0.006,0.0,0,max_hold 272d (+0.0%),morning,True
ALL,VolumeSpike,2025-09-19,2025-09-19,203.3058,202.9709,-0.165,-0.03,0,max_hold 272d (-0.2%),morning,True
AIG,VolumeSpike,2025-09-19,2025-09-19,76.5406,75.627,-1.39,-0.23,0,stop_loss (-1.2%),morning,True
ACN,52wkLow,2025-09-19,2025-09-19,237.5059,237.6844,0.075,0.01,0,max_hold 272d (+0.1%),morning,False
ACGL,52wkLow,2025-09-19,2025-09-19,88.85,88.4,-1.63,-0.27,0,stop_loss (-0.5%),morning,False
MMM,VolumeSpike,2025-09-19,2025-09-22,154.4348,153.4486,-1.02,-0.05,1,stop_loss (-0.6%),evening,True
AOS,VolumeSpike,2025-09-19,2025-09-22,71.9289,71.6238,-0.424,-0.02,1,max_hold 272d (-0.4%),evening,True
ABT,VolumeSpike,2025-09-19,2025-09-22,133.915,133.2161,-0.5,-0.03,1,stop_loss (-0.5%),evening,True
ABBV,VolumeSpike,2025-09-19,2025-09-22,217.3119,217.3021,-0.005,-0.0,1,max_hold 272d (-0.0%),evening,True
ACN,VolumeSpike,2025-09-19,2025-09-22,237.6844,237.843,0.067,0.0,1,max_hold 272d (+0.1%),evening,True
MMM,VolumeSpike,2025-09-22,2025-09-22,153.4486,151.7326,-0.71,-0.04,0,stop_loss (-1.1%),morning,True
AOS,VolumeSpike,2025-09-22,2025-09-22,71.6238,71.1121,-1.08,-0.05,0,stop_loss (-0.7%),morning,True
ABT,VolumeSpike,2025-09-22,2025-09-22,133.2161,134.4859,0.953,0.05,0,max_hold 269d (+1.0%),morning,True
ABBV,VolumeSpike,2025-09-22,2025-09-22,217.3021,217.4291,0.058,0.0,0,max_hold 269d (+0.1%),morning,True
ACN,VolumeSpike,2025-09-22,2025-09-22,237.843,237.9719,0.054,0.0,0,max_hold 269d (+0.1%),morning,True
XYZ,VolumeSpike,2025-09-22,2025-09-23,77.41,77.69,0.362,0.06,1,max_hold 269d (+0.4%),evening,True
ACN,52wkLow,2025-09-22,2025-09-23,237.9719,238.4875,0.217,0.04,1,max_hold 269d (+0.2%),evening,False
ACGL,52wkLow,2025-09-22,2025-09-23,88.03,88.03,0.0,0.0,1,max_hold 269d (+0.0%),evening,False
BRO,52wkLow,2025-09-22,2025-09-23,91.9252,91.7167,-0.227,-0.04,1,max_hold 269d (-0.2%),evening,False
CMG,52wkLow,2025-09-22,2025-09-23,40.13,40.23,0.249,0.04,1,max_hold 269d (+0.2%),evening,False
XYZ,VolumeSpike,2025-09-23,2025-09-23,77.69,76.54,-1.48,-0.25,0,stop_loss (-1.5%),morning,True
ACN,52wkLow,2025-09-23,2025-09-23,238.4875,233.5197,-2.083,-0.35,0,stop_loss (-2.1%),morning,False
ACGL,52wkLow,2025-09-23,2025-09-23,88.03,88.46,0.488,0.08,0,max_hold 268d (+0.5%),morning,False
BRO,52wkLow,2025-09-23,2025-09-23,91.7167,91.5182,-0.216,-0.04,0,max_hold 268d (-0.2%),morning,False
CMG,52wkLow,2025-09-23,2025-09-23,40.23,39.68,-1.367,-0.23,0,stop_loss (-1.4%),morning,False
ACN,52wkLow,2025-09-23,2025-09-24,233.5197,234.6798,0.497,0.14,1,max_hold 268d (+0.5%),evening,False
AMCR,52wkLow,2025-09-23,2025-09-24,39.2718,39.1748,-0.247,-0.07,1,max_hold 268d (-0.2%),evening,False
BMY,52wkLow,2025-09-23,2025-09-24,43.3368,43.1825,-0.356,-0.1,1,max_hold 268d (-0.4%),evening,False
CHTR,52wkLow,2025-09-23,2025-09-24,267.04,266.3,-0.277,-0.08,1,max_hold 268d (-0.3%),evening,False
CHD,52wkLow,2025-09-23,2025-09-24,86.3377,86.0406,-0.344,-0.09,1,max_hold 268d (-0.3%),evening,False
ACN,52wkLow,2025-09-24,2025-09-24,234.6798,237.0696,1.018,0.28,0,max_hold 267d (+1.0%),morning,False
AMCR,52wkLow,2025-09-24,2025-09-24,39.1748,38.7379,-0.74,-0.2,0,stop_loss (-1.1%),morning,False
BMY,52wkLow,2025-09-24,2025-09-24,43.1825,42.6131,-1.318,-0.36,0,stop_loss (-1.3%),morning,False
CHTR,52wkLow,2025-09-24,2025-09-24,266.3,263.39,-1.06,-0.29,0,stop_loss (-1.1%),morning,False
CHD,52wkLow,2025-09-24,2025-09-24,86.0406,86.0109,-0.035,-0.01,0,max_hold 267d (-0.0%),morning,False
APA,VolumeSpike,2025-09-24,2025-09-25,23.7631,23.442,-1.351,-0.45,1,stop_loss (-1.4%),evening,True
ACN,52wkLow,2025-09-24,2025-09-25,237.0696,236.4845,-0.247,-0.08,1,max_hold 267d (-0.2%),evening,False
AMCR,52wkLow,2025-09-24,2025-09-25,38.7379,38.6408,-0.251,-0.08,1,max_hold 267d (-0.3%),evening,False
BMY,52wkLow,2025-09-24,2025-09-25,42.6131,42.6324,0.045,0.01,1,max_hold 267d (+0.0%),evening,False
AOS,Pullback50,2025-09-24,2025-09-25,70.8169,70.8267,0.014,0.0,1,max_hold 267d (+0.0%),evening,False
APA,VolumeSpike,2025-09-25,2025-09-25,23.442,23.6852,1.038,0.34,0,max_hold 266d (+1.0%),morning,True
ACN,52wkLow,2025-09-25,2025-09-25,236.4845,230.6044,-2.486,-0.82,0,stop_loss (-2.5%),morning,False
AMCR,52wkLow,2025-09-25,2025-09-25,38.6408,38.6893,0.126,0.04,0,max_hold 266d (+0.1%),morning,False
BMY,52wkLow,2025-09-25,2025-09-25,42.6324,41.8894,-1.743,-0.57,0,stop_loss (-1.7%),morning,False
AOS,Pullback50,2025-09-25,2025-09-25,70.8267,70.2658,-0.59,-0.19,0,stop_loss (-0.8%),morning,False
CVNA,GapDown,2025-09-25,2025-09-26,74.276,74.022,-0.342,-0.08,1,max_hold 266d (-0.3%),evening,True
COHR,GapDown,2025-09-25,2025-09-26,106.57,106.45,-0.113,-0.03,1,max_hold 266d (-0.1%),evening,True
CMS,VolumeSpike,2025-09-25,2025-09-26,69.3851,69.6686,0.409,0.1,1,max_hold 266d (+0.4%),evening,True
ACN,52wkLow,2025-09-25,2025-09-26,230.6044,230.6441,0.017,0.0,1,max_hold 266d (+0.0%),evening,False
ALGN,52wkLow,2025-09-25,2025-09-26,124.88,125.46,0.464,0.11,1,max_hold 266d (+0.5%),evening,False
CVNA,GapDown,2025-09-26,2025-09-26,74.022,73.858,-0.222,-0.05,0,max_hold 265d (-0.2%),morning,True
COHR,GapDown,2025-09-26,2025-09-26,106.45,106.99,0.507,0.12,0,max_hold 265d (+0.5%),morning,True
CMS,VolumeSpike,2025-09-26,2025-09-26,69.6686,70.2258,0.8,0.19,0,max_hold 265d (+0.8%),morning,True
ACN,52wkLow,2025-09-26,2025-09-26,230.6441,236.9605,2.739,0.64,0,max_hold 265d (+2.7%),morning,False
ALGN,52wkLow,2025-09-26,2025-09-26,125.46,126.19,0.582,0.14,0,max_hold 265d (+0.6%),morning,False
BA,VolumeSpike,2025-09-26,2025-09-29,221.26,222.37,0.502,0.11,1,max_hold 265d (+0.5%),evening,True
ACN,52wkLow,2025-09-26,2025-09-29,236.9605,238.4776,0.64,0.14,1,max_hold 265d (+0.6%),evening,False
BAX,52wkLow,2025-09-26,2025-09-29,21.9462,21.9661,0.091,0.02,1,max_hold 265d (+0.1%),evening,False
AOS,Pullback50,2025-09-26,2025-09-29,71.2991,72.0273,1.021,0.22,1,max_hold 265d (+1.0%),evening,False
AES,Pullback50,2025-09-26,2025-09-29,12.7634,12.8213,0.453,0.1,1,max_hold 265d (+0.5%),evening,False
BA,VolumeSpike,2025-09-29,2025-09-29,222.37,217.08,-2.379,-0.52,0,stop_loss (-2.4%),morning,True
ACN,52wkLow,2025-09-29,2025-09-29,238.4776,244.923,2.703,0.59,0,max_hold 262d (+2.7%),morning,False
BAX,52wkLow,2025-09-29,2025-09-29,21.9661,22.3456,1.727,0.38,0,max_hold 262d (+1.7%),morning,False
AOS,Pullback50,2025-09-29,2025-09-29,72.0273,71.5943,-0.69,-0.15,0,stop_loss (-0.6%),morning,False
AES,Pullback50,2025-09-29,2025-09-29,12.8213,12.6863,-1.36,-0.3,0,stop_loss (-1.1%),morning,False
BMY,52wkLow,2025-09-29,2025-09-30,42.6035,42.6324,0.068,0.03,1,max_hold 262d (+0.1%),evening,False
CHD,52wkLow,2025-09-29,2025-09-30,85.3277,85.1593,-0.197,-0.08,1,max_hold 262d (-0.2%),evening,False
MMM,Pullback50,2025-09-29,2025-09-30,151.9496,151.7228,-0.149,-0.06,1,max_hold 262d (-0.1%),evening,False
AEP,Pullback50,2025-09-29,2025-09-30,107.2875,107.3266,0.036,0.02,1,max_hold 262d (+0.0%),evening,False
CBRE,Pullback50,2025-09-29,2025-09-30,158.96,159.14,0.113,0.05,1,max_hold 262d (+0.1%),evening,False
BMY,52wkLow,2025-09-30,2025-09-30,42.6324,43.5202,2.082,0.86,0,max_hold 261d (+2.1%),morning,False
CHD,52wkLow,2025-09-30,2025-09-30,85.1593,86.7734,1.895,0.78,0,max_hold 261d (+1.9%),morning,False
MMM,Pullback50,2025-09-30,2025-09-30,151.7228,153.0343,0.864,0.36,0,max_hold 261d (+0.9%),morning,False
AEP,Pullback50,2025-09-30,2025-09-30,107.3266,109.9458,2.44,1.01,0,max_hold 261d (+2.4%),morning,False
CBRE,Pullback50,2025-09-30,2025-09-30,159.14,157.56,-1.4,-0.58,0,stop_loss (-1.0%),morning,False
BMY,VolumeSpike,2025-09-30,2025-10-01,43.5202,44.3887,1.996,0.55,1,max_hold 261d (+2.0%),evening,True
CNP,VolumeSpike,2025-09-30,2025-10-01,38.1639,38.2918,0.335,0.09,1,max_hold 261d (+0.3%),evening,True
CHTR,VolumeSpike,2025-09-30,2025-10-01,275.11,275.32,0.076,0.02,1,max_hold 261d (+0.1%),evening,True
CL,MomReversal,2025-09-30,2025-10-01,78.4369,78.741,0.388,0.11,1,max_hold 261d (+0.4%),evening,False
AES,Pullback50,2025-09-30,2025-10-01,12.6863,14.383,13.374,3.7,1,max_hold 261d (+13.4%),evening,False
BMY,VolumeSpike,2025-10-01,2025-10-01,44.3887,45.7686,3.109,0.87,0,max_hold 260d (+3.1%),morning,True
CNP,VolumeSpike,2025-10-01,2025-10-01,38.2918,37.5442,-1.952,-0.55,0,stop_loss (-2.0%),morning,True
CHTR,VolumeSpike,2025-10-01,2025-10-01,275.32,275.1,-0.08,-0.02,0,max_hold 260d (-0.1%),morning,True
CL,MomReversal,2025-10-01,2025-10-01,78.741,77.5243,-1.545,-0.43,0,stop_loss (-1.5%),morning,False
AES,Pullback50,2025-10-01,2025-10-01,14.383,14.8168,3.016,0.85,0,max_hold 260d (+3.0%),morning,False
AVY,52wkLow,2025-10-01,2025-10-02,159.7823,159.4578,-0.203,-0.14,1,max_hold 260d (-0.2%),evening,False
CL,52wkLow,2025-10-01,2025-10-02,77.5243,77.122,-0.53,-0.36,1,stop_loss (-0.5%),evening,False
AIG,Pullback50,2025-10-01,2025-10-02,78.2402,77.9553,-0.364,-0.25,1,max_hold 260d (-0.4%),evening,False
CDNS,Pullback50,2025-10-01,2025-10-02,351.97,354.55,0.733,0.49,1,max_hold 260d (+0.7%),evening,False
CSCO,Pullback50,2025-10-01,2025-10-02,67.6073,68.0301,0.625,0.42,1,max_hold 260d (+0.6%),evening,False
AVY,52wkLow,2025-10-02,2025-10-02,159.4578,159.9691,0.321,0.22,0,max_hold 259d (+0.3%),morning,False
CL,52wkLow,2025-10-02,2025-10-02,77.122,76.8375,-0.369,-0.25,0,max_hold 259d (-0.4%),morning,False
AIG,Pullback50,2025-10-02,2025-10-02,77.9553,78.2402,0.365,0.25,0,max_hold 259d (+0.4%),morning,False
CDNS,Pullback50,2025-10-02,2025-10-02,354.55,347.24,-2.062,-1.39,0,stop_loss (-2.1%),morning,False
AIG,Pullback50,2025-10-02,2025-10-03,78.2402,78.2894,0.063,0.04,1,max_hold 259d (+0.1%),evening,False
ADM,Pullback50,2025-10-02,2025-10-03,57.7965,57.6009,-0.338,-0.23,1,max_hold 259d (-0.3%),evening,False
XYZ,Pullback50,2025-10-02,2025-10-03,76.81,76.69,-0.156,-0.11,1,max_hold 259d (-0.2%),evening,False
CNP,Pullback50,2025-10-02,2025-10-03,37.6623,37.8,0.366,0.25,1,max_hold 259d (+0.4%),evening,False
APD,RSIRecovery,2025-10-02,2025-10-03,266.9653,266.2056,-0.285,-0.19,1,max_hold 259d (-0.3%),evening,False
AIG,Pullback50,2025-10-03,2025-10-03,78.2894,79.596,1.669,1.12,0,max_hold 258d (+1.7%),morning,False
ADM,Pullback50,2025-10-03,2025-10-03,57.6009,59.6836,3.616,2.43,0,max_hold 258d (+3.6%),morning,False
XYZ,Pullback50,2025-10-03,2025-10-03,76.69,76.95,0.339,0.23,0,max_hold 258d (+0.3%),morning,False
CNP,Pullback50,2025-10-03,2025-10-03,37.8,38.2229,1.119,0.75,0,max_hold 258d (+1.1%),morning,False
CL,MomReversal,2025-10-03,2025-10-06,76.5333,76.5333,0.0,0.0,1,max_hold 258d (+0.0%),evening,False
CMS,Pullback50,2025-10-03,2025-10-06,70.7146,70.871,0.221,0.16,1,max_hold 258d (+0.2%),evening,False
CAH,VolumeSpike,2025-10-03,2025-10-06,153.7033,152.5192,-0.94,-0.67,1,stop_loss (-0.8%),evening,False
CL,MomReversal,2025-10-06,2025-10-06,76.5333,75.9937,-0.54,-0.39,0,stop_loss (-0.7%),morning,False
CMS,Pullback50,2025-10-06,2025-10-06,70.871,71.5748,0.993,0.71,0,max_hold 255d (+1.0%),morning,False
CAH,VolumeSpike,2025-10-06,2025-10-06,152.5192,154.4297,1.253,0.9,0,max_hold 255d (+1.3%),morning,False
CL,52wkLow,2025-10-06,2025-10-07,75.9937,76.0918,0.129,0.09,1,max_hold 255d (+0.1%),evening,False
CDNS,Pullback50,2025-10-06,2025-10-07,353.36,352.7,-0.187,-0.13,1,max_hold 255d (-0.2%),evening,False
CVX,Pullback50,2025-10-06,2025-10-07,149.4742,149.1151,-0.24,-0.17,1,max_hold 255d (-0.2%),evening,False
CL,52wkLow,2025-10-07,2025-10-07,76.0918,77.6225,2.012,1.45,0,max_hold 254d (+2.0%),morning,False
CDNS,Pullback50,2025-10-07,2025-10-07,352.7,345.48,-2.047,-1.47,0,stop_loss (-2.0%),morning,False
CVX,Pullback50,2025-10-07,2025-10-07,149.1151,150.3379,0.82,0.59,0,max_hold 254d (+0.8%),morning,False
CL,52wkLow,2025-10-07,2025-10-08,77.6225,77.4557,-0.215,-0.15,1,max_hold 254d (-0.2%),evening,False
CBOE,Pullback50,2025-10-07,2025-10-08,239.804,240.1126,0.129,0.09,1,max_hold 254d (+0.1%),evening,False
CVX,Pullback50,2025-10-07,2025-10-08,150.3379,149.8041,-0.355,-0.26,1,max_hold 254d (-0.4%),evening,False
CL,52wkLow,2025-10-08,2025-10-08,77.4557,76.5333,-2.35,-1.68,0,stop_loss (-1.2%),morning,False
CBOE,Pullback50,2025-10-08,2025-10-08,240.1126,240.1623,0.021,0.01,0,max_hold 253d (+0.0%),morning,False
CVX,Pullback50,2025-10-08,2025-10-08,149.8041,149.2024,-0.402,-0.29,0,max_hold 253d (-0.4%),morning,False
CARR,MomReversal,2025-10-08,2025-10-09,59.106,59.3728,0.452,0.31,1,max_hold 253d (+0.5%),evening,False
AMZN,Pullback50,2025-10-08,2025-10-09,225.22,225.0,-0.098,-0.07,1,max_hold 253d (-0.1%),evening,False
BA,Pullback50,2025-10-08,2025-10-09,225.32,225.7,0.169,0.11,1,max_hold 253d (+0.2%),evening,False
CDNS,Pullback50,2025-10-08,2025-10-09,350.0,348.25,-0.62,-0.42,1,stop_loss (-0.5%),evening,False
CBOE,Pullback50,2025-10-08,2025-10-09,240.1623,240.7994,0.265,0.18,1,max_hold 253d (+0.3%),evening,False
CARR,MomReversal,2025-10-09,2025-10-09,59.3728,57.4257,-3.28,-2.23,0,stop_loss (-3.3%),morning,False
AMZN,Pullback50,2025-10-09,2025-10-09,225.0,227.74,1.218,0.83,0,max_hold 252d (+1.2%),morning,False
BA,Pullback50,2025-10-09,2025-10-09,225.7,216.0,-4.298,-2.92,0,stop_loss (-4.3%),morning,False
CDNS,Pullback50,2025-10-09,2025-10-09,348.25,348.67,0.121,0.08,0,max_hold 252d (+0.1%),morning,False
CARR,MomReversal,2025-10-09,2025-10-10,57.4257,57.8705,0.775,0.55,1,max_hold 252d (+0.8%),evening,False
AMZN,Pullback50,2025-10-09,2025-10-10,227.74,226.21,-1.13,-0.8,1,stop_loss (-0.7%),evening,False
CME,Pullback50,2025-10-09,2025-10-10,260.0103,259.8555,-0.06,-0.04,1,max_hold 252d (-0.1%),evening,False
CARR,MomReversal,2025-10-10,2025-10-10,57.8705,56.0024,-3.228,-2.25,0,stop_loss (-3.2%),morning,False
AMZN,Pullback50,2025-10-10,2025-10-10,226.21,216.37,-4.35,-3.03,0,stop_loss (-4.3%),morning,False
CME,Pullback50,2025-10-10,2025-10-10,259.8555,262.5346,1.031,0.72,0,max_hold 251d (+1.0%),morning,False
ALGN,52wkLow,2025-10-10,2025-10-13,125.79,127.25,1.161,0.81,1,max_hold 251d (+1.2%),evening,False
ADP,52wkLow,2025-10-10,2025-10-13,278.9201,278.9397,0.007,0.0,1,max_hold 251d (+0.0%),evening,False
CTAS,52wkLow,2025-10-10,2025-10-13,186.5723,186.0859,-0.261,-0.18,1,max_hold 251d (-0.3%),evening,False
CF,Pullback50,2025-10-10,2025-10-13,86.01,86.2266,0.252,0.18,1,max_hold 251d (+0.3%),evening,False
ALGN,52wkLow,2025-10-13,2025-10-13,127.25,129.54,1.8,1.26,0,max_hold 248d (+1.8%),morning,False
ADP,52wkLow,2025-10-13,2025-10-13,278.9397,278.0986,-0.302,-0.21,0,max_hold 248d (-0.3%),morning,False
CTAS,52wkLow,2025-10-13,2025-10-13,186.0859,186.5524,0.251,0.18,0,max_hold 248d (+0.3%),morning,False
CF,Pullback50,2025-10-13,2025-10-13,86.2266,86.8667,0.742,0.52,0,max_hold 248d (+0.7%),morning,False
AVY,52wkLow,2025-10-13,2025-10-14,154.8656,154.0888,-1.41,-0.67,1,stop_loss (-0.5%),evening,False
CPT,52wkLow,2025-10-13,2025-10-14,99.7038,99.5863,-0.118,-0.06,1,max_hold 248d (-0.1%),evening,False
ALL,Pullback50,2025-10-13,2025-10-14,202.5768,203.493,0.452,0.22,1,max_hold 248d (+0.5%),evening,False
AXP,Pullback50,2025-10-13,2025-10-14,321.3878,319.8858,-0.467,-0.22,1,max_hold 248d (-0.5%),evening,False
ADSK,Pullback50,2025-10-13,2025-10-14,307.97,304.58,-0.85,-0.4,1,stop_loss (-1.1%),evening,False
AVY,52wkLow,2025-10-14,2025-10-14,154.0888,157.4616,2.189,1.04,0,max_hold 247d (+2.2%),morning,False
CPT,52wkLow,2025-10-14,2025-10-14,99.5863,100.0172,0.433,0.21,0,max_hold 247d (+0.4%),morning,False
ALL,Pullback50,2025-10-14,2025-10-14,203.493,206.399,1.428,0.68,0,max_hold 247d (+1.4%),morning,False
AXP,Pullback50,2025-10-14,2025-10-14,319.8858,331.0656,3.495,1.66,0,max_hold 247d (+3.5%),morning,False
ADSK,Pullback50,2025-10-14,2025-10-14,304.58,306.59,0.66,0.31,0,max_hold 247d (+0.7%),morning,False
ALB,GapDown,2025-10-14,2025-10-15,95.4696,97.2552,1.87,0.26,1,max_hold 247d (+1.9%),evening,True
COIN,GapDown,2025-10-14,2025-10-15,341.55,345.81,1.247,0.17,1,max_hold 247d (+1.2%),evening,True
CPT,52wkLow,2025-10-14,2025-10-15,100.0172,99.9487,-0.069,-0.01,1,max_hold 247d (-0.1%),evening,False
CARR,52wkLow,2025-10-14,2025-10-15,56.8327,56.7734,-0.104,-0.01,1,max_hold 247d (-0.1%),evening,False
CTAS,52wkLow,2025-10-14,2025-10-15,186.8403,186.9396,0.053,0.01,1,max_hold 247d (+0.1%),evening,False
ALB,GapDown,2025-10-15,2025-10-15,97.2552,97.3742,0.122,0.02,0,max_hold 246d (+0.1%),morning,True
COIN,GapDown,2025-10-15,2025-10-15,345.81,336.3,-2.75,-0.39,0,stop_loss (-2.8%),morning,True
CPT,52wkLow,2025-10-15,2025-10-15,99.9487,99.5961,-0.353,-0.05,0,max_hold 246d (-0.4%),morning,False
CARR,52wkLow,2025-10-15,2025-10-15,56.7734,56.546,-0.4,-0.06,0,max_hold 246d (-0.4%),morning,False
CTAS,52wkLow,2025-10-15,2025-10-15,186.9396,186.0661,-0.467,-0.07,0,max_hold 246d (-0.5%),morning,False
ABT,GapDown,2025-10-15,2025-10-16,127.9946,128.0737,0.062,0.03,1,max_hold 246d (+0.1%),evening,True
CARR,52wkLow,2025-10-15,2025-10-16,56.546,56.6548,0.192,0.09,1,max_hold 246d (+0.2%),evening,False
ARES,MomReversal,2025-10-15,2025-10-16,146.622,146.622,-0.0,-0.0,1,max_hold 246d (-0.0%),evening,False
BXP,Pullback50,2025-10-15,2025-10-16,70.046,70.1143,0.098,0.05,1,max_hold 246d (+0.1%),evening,False
CBOE,Pullback50,2025-10-15,2025-10-16,240.6402,241.2872,0.269,0.13,1,max_hold 246d (+0.3%),evening,False
ABT,GapDown,2025-10-16,2025-10-16,128.0737,126.195,-1.467,-0.7,0,stop_loss (-1.5%),morning,True
CARR,52wkLow,2025-10-16,2025-10-16,56.6548,56.0914,-0.72,-0.35,0,stop_loss (-1.0%),morning,False
ARES,MomReversal,2025-10-16,2025-10-16,146.622,137.0632,-6.519,-3.13,0,stop_loss (-6.5%),morning,False
BXP,Pullback50,2025-10-16,2025-10-16,70.1143,68.7374,-1.964,-0.94,0,stop_loss (-2.0%),morning,False
CBOE,Pullback50,2025-10-16,2025-10-16,241.2872,234.8964,-2.649,-1.27,0,stop_loss (-2.6%),morning,False
APD,52wkLow,2025-10-16,2025-10-17,249.7793,250.608,0.332,0.08,1,max_hold 245d (+0.3%),evening,False
AMCR,52wkLow,2025-10-16,2025-10-17,39.5146,39.5146,-0.0,-0.0,1,max_hold 245d (-0.0%),evening,False
AON,52wkLow,2025-10-16,2025-10-17,342.2172,343.1647,0.277,0.07,1,max_hold 245d (+0.3%),evening,False
ACGL,52wkLow,2025-10-16,2025-10-17,86.23,86.51,0.325,0.08,1,max_hold 245d (+0.3%),evening,False
AJG,52wkLow,2025-10-16,2025-10-17,277.652,278.0979,0.161,0.04,1,max_hold 245d (+0.2%),evening,False
APD,52wkLow,2025-10-17,2025-10-17,250.608,249.799,-0.323,-0.08,0,max_hold 244d (-0.3%),morning,False
AMCR,52wkLow,2025-10-17,2025-10-17,39.5146,39.5631,0.123,0.03,0,max_hold 244d (+0.1%),morning,False
AON,52wkLow,2025-10-17,2025-10-17,343.1647,345.688,0.735,0.19,0,max_hold 244d (+0.7%),morning,False
ACGL,52wkLow,2025-10-17,2025-10-17,86.51,86.51,0.0,0.0,0,max_hold 244d (+0.0%),morning,False
AJG,52wkLow,2025-10-17,2025-10-17,278.0979,277.9493,-0.053,-0.01,0,max_hold 244d (-0.1%),morning,False
COIN,GapDown,2025-10-17,2025-10-20,336.02,342.21,1.842,0.22,1,max_hold 244d (+1.8%),evening,True
AON,52wkLow,2025-10-17,2025-10-20,345.688,346.3064,0.179,0.02,1,max_hold 244d (+0.2%),evening,False
ACGL,52wkLow,2025-10-17,2025-10-20,86.51,87.11,0.694,0.08,1,max_hold 244d (+0.7%),evening,False
BRO,52wkLow,2025-10-17,2025-10-20,87.2694,87.2694,-0.0,-0.0,1,max_hold 244d (-0.0%),evening,False
CB,52wkLow,2025-10-17,2025-10-20,266.5888,267.7418,0.432,0.05,1,max_hold 244d (+0.4%),evening,False
COIN,GapDown,2025-10-20,2025-10-20,342.21,343.78,0.459,0.05,0,max_hold 241d (+0.5%),morning,True
AON,52wkLow,2025-10-20,2025-10-20,346.3064,343.2046,-1.4,-0.17,0,stop_loss (-0.9%),morning,False
ACGL,52wkLow,2025-10-20,2025-10-20,87.11,86.97,-0.161,-0.02,0,max_hold 241d (-0.2%),morning,False
BRO,52wkLow,2025-10-20,2025-10-20,87.2694,86.8822,-0.444,-0.05,0,max_hold 241d (-0.4%),morning,False
CB,52wkLow,2025-10-20,2025-10-20,267.7418,266.5789,-0.434,-0.05,0,max_hold 241d (-0.4%),morning,False
AVY,52wkLow,2025-10-20,2025-10-21,157.5796,158.15,0.362,0.07,1,max_hold 241d (+0.4%),evening,False
CARR,52wkLow,2025-10-20,2025-10-21,57.0007,56.6745,-1.05,-0.2,1,stop_loss (-0.6%),evening,False
CB,52wkLow,2025-10-20,2025-10-21,266.5789,265.5253,-0.395,-0.08,1,max_hold 241d (-0.4%),evening,False
CTAS,MomReversal,2025-10-20,2025-10-21,190.91,190.8703,-0.021,-0.0,1,max_hold 241d (-0.0%),evening,False
MMM,Pullback50,2025-10-20,2025-10-21,152.6399,155.8154,2.08,0.4,1,max_hold 241d (+2.1%),evening,False
AVY,52wkLow,2025-10-21,2025-10-21,158.15,160.805,1.679,0.33,0,max_hold 240d (+1.7%),morning,False
CARR,52wkLow,2025-10-21,2025-10-21,56.6745,59.1257,4.325,0.84,0,max_hold 240d (+4.3%),morning,False
CB,52wkLow,2025-10-21,2025-10-21,265.5253,267.6324,0.794,0.15,0,max_hold 240d (+0.8%),morning,False
CTAS,MomReversal,2025-10-21,2025-10-21,190.8703,195.0393,2.184,0.42,0,max_hold 240d (+2.2%),morning,False
MMM,Pullback50,2025-10-21,2025-10-21,155.8154,164.3359,5.468,1.06,0,max_hold 240d (+5.5%),morning,False
CNC,GapDown,2025-10-21,2025-10-22,36.1,36.26,0.443,0.08,1,max_hold 240d (+0.4%),evening,True
AVB,52wkLow,2025-10-21,2025-10-22,183.3078,184.2875,0.534,0.09,1,max_hold 240d (+0.5%),evening,False
AVY,52wkLow,2025-10-21,2025-10-22,160.805,163.8042,1.865,0.33,1,max_hold 240d (+1.9%),evening,False
BRO,52wkLow,2025-10-21,2025-10-22,87.6367,86.9021,-0.54,-0.09,1,stop_loss (-0.8%),evening,False
CHD,52wkLow,2025-10-21,2025-10-22,87.1299,87.3774,0.284,0.05,1,max_hold 240d (+0.3%),evening,False
CNC,GapDown,2025-10-22,2025-10-22,36.26,36.02,-0.54,-0.09,0,stop_loss (-0.7%),morning,True
AVB,52wkLow,2025-10-22,2025-10-22,184.2875,185.463,0.638,0.11,0,max_hold 239d (+0.6%),morning,False
AVY,52wkLow,2025-10-22,2025-10-22,163.8042,176.0565,7.48,1.31,0,max_hold 239d (+7.5%),morning,False
BRO,52wkLow,2025-10-22,2025-10-22,86.9021,88.55,1.896,0.33,0,max_hold 239d (+1.9%),morning,False
CHD,52wkLow,2025-10-22,2025-10-22,87.3774,87.2586,-0.136,-0.02,0,max_hold 239d (-0.1%),morning,False
T,GapDown,2025-10-22,2025-10-23,24.9923,25.1195,0.509,0.12,1,max_hold 239d (+0.5%),evening,True
AVB,52wkLow,2025-10-22,2025-10-23,185.463,185.4238,-0.021,-0.01,1,max_hold 239d (-0.0%),evening,False
CARR,52wkLow,2025-10-22,2025-10-23,56.0815,56.3286,0.441,0.11,1,max_hold 239d (+0.4%),evening,False
CL,52wkLow,2025-10-22,2025-10-23,78.8837,78.7751,-0.138,-0.03,1,max_hold 239d (-0.1%),evening,False
APA,Pullback50,2025-10-22,2025-10-23,22.5236,23.6159,4.849,1.16,1,max_hold 239d (+4.8%),evening,False
T,GapDown,2025-10-23,2025-10-23,25.1195,24.0826,-4.128,-0.99,0,stop_loss (-4.1%),morning,True
AVB,52wkLow,2025-10-23,2025-10-23,185.4238,185.1887,-0.127,-0.03,0,max_hold 238d (-0.1%),morning,False
CARR,52wkLow,2025-10-23,2025-10-23,56.3286,56.4571,0.228,0.05,0,max_hold 238d (+0.2%),morning,False
CL,52wkLow,2025-10-23,2025-10-23,78.7751,77.4811,-1.643,-0.39,0,stop_loss (-1.6%),morning,False
APA,Pullback50,2025-10-23,2025-10-23,23.6159,24.2259,2.583,0.62,0,max_hold 238d (+2.6%),morning,False
CVNA,GapDown,2025-10-23,2025-10-24,68.402,68.91,0.743,0.18,1,max_hold 238d (+0.7%),evening,True
CNC,GapDown,2025-10-23,2025-10-24,34.36,34.46,0.291,0.07,1,max_hold 238d (+0.3%),evening,True
AON,52wkLow,2025-10-23,2025-10-24,340.4519,339.6041,-0.249,-0.06,1,max_hold 238d (-0.2%),evening,False
CPT,52wkLow,2025-10-23,2025-10-24,102.8083,103.3175,0.495,0.12,1,max_hold 238d (+0.5%),evening,False
CLX,52wkLow,2025-10-23,2025-10-24,113.6233,114.7759,1.014,0.24,1,max_hold 238d (+1.0%),evening,False
CVNA,GapDown,2025-10-24,2025-10-24,68.91,70.24,1.93,0.46,0,max_hold 237d (+1.9%),morning,True
CNC,GapDown,2025-10-24,2025-10-24,34.46,34.07,-1.0,-0.24,0,stop_loss (-1.1%),morning,True
AON,52wkLow,2025-10-24,2025-10-24,339.6041,336.8414,-1.29,-0.31,0,stop_loss (-0.8%),morning,False
CPT,52wkLow,2025-10-24,2025-10-24,103.3175,102.8866,-0.417,-0.1,0,max_hold 237d (-0.4%),morning,False
CLX,52wkLow,2025-10-24,2025-10-24,114.7759,113.1545,-1.413,-0.34,0,stop_loss (-1.4%),morning,False
CPT,52wkLow,2025-10-24,2025-10-27,102.8866,102.6222,-0.257,-0.06,1,max_hold 237d (-0.3%),evening,False
CHD,52wkLow,2025-10-24,2025-10-27,85.0504,84.8623,-0.221,-0.05,1,max_hold 237d (-0.2%),evening,False
CTSH,52wkLow,2025-10-24,2025-10-27,66.7517,66.7517,-0.0,-0.0,1,max_hold 237d (-0.0%),evening,False
MO,Pullback50,2025-10-24,2025-10-27,61.5408,61.3029,-0.387,-0.09,1,max_hold 237d (-0.4%),evening,False
AMZN,Pullback50,2025-10-24,2025-10-27,224.21,227.66,1.539,0.37,1,max_hold 237d (+1.5%),evening,False
CPT,52wkLow,2025-10-27,2025-10-27,102.6222,102.0052,-1.74,-0.42,0,stop_loss (-0.6%),morning,False
CHD,52wkLow,2025-10-27,2025-10-27,84.8623,84.8029,-0.07,-0.02,0,max_hold 234d (-0.1%),morning,False
CTSH,52wkLow,2025-10-27,2025-10-27,66.7517,66.9386,0.28,0.07,0,max_hold 234d (+0.3%),morning,False
MO,Pullback50,2025-10-27,2025-10-27,61.3029,60.6558,-0.98,-0.24,0,stop_loss (-1.1%),morning,False
AMZN,Pullback50,2025-10-27,2025-10-27,227.66,226.97,-0.303,-0.07,0,max_hold 234d (-0.3%),morning,False
AON,52wkLow,2025-10-27,2025-10-28,335.9836,334.328,-0.493,-0.1,1,max_hold 234d (-0.5%),evening,False
ADP,52wkLow,2025-10-27,2025-10-28,274.3626,273.8442,-0.189,-0.04,1,max_hold 234d (-0.2%),evening,False
BMY,52wkLow,2025-10-27,2025-10-28,42.4456,42.4456,-0.0,-0.0,1,max_hold 234d (-0.0%),evening,False
BRO,52wkLow,2025-10-27,2025-10-28,87.1205,86.1178,-0.57,-0.12,1,stop_loss (-1.2%),evening,False
CHTR,52wkLow,2025-10-27,2025-10-28,245.44,245.0,-0.179,-0.04,1,max_hold 234d (-0.2%),evening,False
AON,52wkLow,2025-10-28,2025-10-28,334.328,329.0918,-1.566,-0.33,0,stop_loss (-1.6%),morning,False
ADP,52wkLow,2025-10-28,2025-10-28,273.8442,273.4824,-0.132,-0.03,0,max_hold 233d (-0.1%),morning,False
BMY,52wkLow,2025-10-28,2025-10-28,42.4456,41.888,-1.314,-0.28,0,stop_loss (-1.3%),morning,False
BRO,52wkLow,2025-10-28,2025-10-28,86.1178,81.7797,-5.037,-1.05,0,stop_loss (-5.0%),morning,False
CHTR,52wkLow,2025-10-28,2025-10-28,245.0,248.88,1.584,0.33,0,max_hold 233d (+1.6%),morning,False
CDNS,GapDown,2025-10-28,2025-10-29,341.3,337.3,-2.62,-0.67,1,stop_loss (-1.2%),evening,True
ARE,52wkLow,2025-10-28,2025-10-29,61.0592,60.3413,-0.98,-0.25,1,stop_loss (-1.2%),evening,False
ACGL,52wkLow,2025-10-28,2025-10-29,84.72,84.59,-0.153,-0.04,1,max_hold 233d (-0.2%),evening,False
AJG,52wkLow,2025-10-28,2025-10-29,265.0959,263.2328,-3.83,-0.98,1,stop_loss (-0.7%),evening,False
ADP,52wkLow,2025-10-28,2025-10-29,273.4824,265.1986,-3.029,-0.78,1,stop_loss (-3.0%),evening,False
CDNS,GapDown,2025-10-29,2025-10-29,337.3,341.43,1.224,0.31,0,max_hold 232d (+1.2%),morning,True
ARE,52wkLow,2025-10-29,2025-10-29,60.3413,57.0041,-5.531,-1.41,0,stop_loss (-5.5%),morning,False
ACGL,52wkLow,2025-10-29,2025-10-29,84.59,85.85,1.49,0.38,0,max_hold 232d (+1.5%),morning,False
AJG,52wkLow,2025-10-29,2025-10-29,263.2328,259.6651,-1.355,-0.35,0,stop_loss (-1.4%),morning,False
ADP,52wkLow,2025-10-29,2025-10-29,265.1986,255.4771,-3.666,-0.93,0,stop_loss (-3.7%),morning,False
ADBE,52wkLow,2025-10-29,2025-10-30,337.86,338.2,0.101,0.01,1,max_hold 232d (+0.1%),evening,False
ARE,52wkLow,2025-10-29,2025-10-30,57.0041,53.6863,-5.82,-0.71,1,stop_loss (-5.8%),evening,False
AMCR,52wkLow,2025-10-29,2025-10-30,38.8349,38.4951,-0.98,-0.12,1,stop_loss (-0.9%),evening,False
AON,52wkLow,2025-10-29,2025-10-30,325.2121,327.2068,0.613,0.07,1,max_hold 232d (+0.6%),evening,False
AJG,52wkLow,2025-10-29,2025-10-30,259.6651,262.1229,0.946,0.12,1,max_hold 232d (+0.9%),evening,False
ADBE,52wkLow,2025-10-30,2025-10-30,338.2,339.24,0.308,0.04,0,max_hold 231d (+0.3%),morning,False
ARE,52wkLow,2025-10-30,2025-10-30,53.6863,54.6856,1.861,0.23,0,max_hold 231d (+1.9%),morning,False
AMCR,52wkLow,2025-10-30,2025-10-30,38.4951,38.1068,-0.58,-0.07,0,stop_loss (-1.0%),morning,False
AON,52wkLow,2025-10-30,2025-10-30,327.2068,327.3265,0.037,0.0,0,max_hold 231d (+0.0%),morning,False
AJG,52wkLow,2025-10-30,2025-10-30,262.1229,259.675,-1.59,-0.19,0,stop_loss (-0.9%),morning,False
ARE,GapDown,2025-10-30,2025-10-31,54.6856,54.3266,-2.17,-0.19,1,stop_loss (-0.7%),evening,True
APTV,GapDown,2025-10-30,2025-10-31,82.12,81.1,-1.242,-0.11,1,stop_loss (-1.2%),evening,True
BAX,GapDown,2025-10-30,2025-10-31,19.1305,18.7811,-1.827,-0.16,1,stop_loss (-1.8%),evening,True
BIIB,GapDown,2025-10-30,2025-10-31,149.61,147.99,-0.74,-0.06,1,stop_loss (-1.1%),evening,True
CHTR,GapDown,2025-10-30,2025-10-31,230.92,218.0,-5.595,-0.48,1,stop_loss (-5.6%),evening,True
ARE,GapDown,2025-10-31,2025-10-31,54.3266,56.4803,3.964,0.34,0,max_hold 230d (+4.0%),morning,True
APTV,GapDown,2025-10-31,2025-10-31,81.1,81.1,0.0,0.0,0,max_hold 230d (+0.0%),morning,True
BAX,GapDown,2025-10-31,2025-10-31,18.7811,18.4416,-1.808,-0.16,0,stop_loss (-1.8%),morning,True
BIIB,GapDown,2025-10-31,2025-10-31,147.99,154.27,4.244,0.37,0,max_hold 230d (+4.2%),morning,True
CHTR,GapDown,2025-10-31,2025-10-31,218.0,233.84,7.266,0.63,0,max_hold 230d (+7.3%),morning,True
AJG,GapDown,2025-10-31,2025-11-03,247.2477,247.2478,0.0,0.0,1,max_hold 230d (+0.0%),evening,True
CHTR,GapDown,2025-10-31,2025-11-03,233.84,231.31,-0.63,-0.07,1,stop_loss (-1.1%),evening,True
APD,52wkLow,2025-10-31,2025-11-03,239.3315,238.6606,-0.28,-0.03,1,max_hold 230d (-0.3%),evening,False
AMCR,52wkLow,2025-10-31,2025-11-03,38.3495,38.0582,-2.31,-0.25,1,stop_loss (-0.8%),evening,False
AON,52wkLow,2025-10-31,2025-11-03,339.7836,338.527,-0.37,-0.04,1,max_hold 230d (-0.4%),evening,False
AJG,GapDown,2025-11-03,2025-11-03,247.2478,240.7962,-2.609,-0.29,0,stop_loss (-2.6%),morning,True
CHTR,GapDown,2025-11-03,2025-11-03,231.31,222.2,-3.938,-0.43,0,stop_loss (-3.9%),morning,True
APD,52wkLow,2025-11-03,2025-11-03,238.6606,236.1449,-3.22,-0.35,0,stop_loss (-1.1%),morning,False
AMCR,52wkLow,2025-11-03,2025-11-03,38.0582,38.1553,0.255,0.03,0,max_hold 227d (+0.3%),morning,False
AON,52wkLow,2025-11-03,2025-11-03,338.527,338.9458,0.124,0.01,0,max_hold 227d (+0.1%),morning,False
APD,52wkLow,2025-11-03,2025-11-04,236.1449,235.3063,-0.355,-0.07,1,max_hold 227d (-0.4%),evening,False
AMCR,52wkLow,2025-11-03,2025-11-04,38.1553,37.767,-0.51,-0.1,1,stop_loss (-1.0%),evening,False
ADP,52wkLow,2025-11-03,2025-11-04,251.5162,253.9025,0.949,0.19,1,max_hold 227d (+0.9%),evening,False
AVB,52wkLow,2025-11-03,2025-11-04,171.7972,171.7384,-0.034,-0.01,1,max_hold 227d (-0.0%),evening,False
BAX,52wkLow,2025-11-03,2025-11-04,18.182,18.152,-0.165,-0.03,1,max_hold 227d (-0.2%),evening,False
APD,52wkLow,2025-11-04,2025-11-04,235.3063,237.536,0.948,0.19,0,max_hold 226d (+0.9%),morning,False
AMCR,52wkLow,2025-11-04,2025-11-04,37.767,38.2039,1.157,0.24,0,max_hold 226d (+1.2%),morning,False
ADP,52wkLow,2025-11-04,2025-11-04,253.9025,253.5211,-0.15,-0.03,0,max_hold 226d (-0.2%),morning,False
AVB,52wkLow,2025-11-04,2025-11-04,171.7384,172.4732,0.428,0.09,0,max_hold 226d (+0.4%),morning,False
BAX,52wkLow,2025-11-04,2025-11-04,18.152,17.9124,-1.32,-0.27,0,stop_loss (-1.3%),morning,False
APD,52wkLow,2025-11-04,2025-11-05,237.536,237.536,-0.0,-0.0,1,max_hold 226d (-0.0%),evening,False
AMCR,52wkLow,2025-11-04,2025-11-05,38.2039,38.4466,0.635,0.07,1,max_hold 226d (+0.6%),evening,False
AJG,52wkLow,2025-11-04,2025-11-05,249.4379,248.6352,-0.322,-0.04,1,max_hold 226d (-0.3%),evening,False
ADP,52wkLow,2025-11-04,2025-11-05,253.5211,250.8316,-1.28,-0.14,1,stop_loss (-1.1%),evening,False
AVB,52wkLow,2025-11-04,2025-11-05,172.4732,172.9728,0.29,0.03,1,max_hold 226d (+0.3%),evening,False
APD,52wkLow,2025-11-05,2025-11-05,237.536,234.3691,-1.333,-0.15,0,stop_loss (-1.3%),morning,False
AMCR,52wkLow,2025-11-05,2025-11-05,38.4466,39.1748,1.894,0.21,0,max_hold 225d (+1.9%),morning,False
AJG,52wkLow,2025-11-05,2025-11-05,248.6352,245.8207,-1.11,-0.13,0,stop_loss (-1.1%),morning,False
ADP,52wkLow,2025-11-05,2025-11-05,250.8316,253.8634,1.209,0.14,0,max_hold 225d (+1.2%),morning,False
AVB,52wkLow,2025-11-05,2025-11-05,172.9728,174.1189,0.663,0.07,0,max_hold 225d (+0.7%),morning,False
ADP,MomReversal,2025-11-05,2025-11-06,253.8634,251.9367,-1.24,-0.19,1,stop_loss (-0.8%),evening,True
BR,MomReversal,2025-11-05,2025-11-06,215.0124,213.9795,-0.48,-0.07,1,max_hold 225d (-0.5%),evening,True
APD,52wkLow,2025-11-05,2025-11-06,234.3691,246.0402,4.98,0.78,1,max_hold 225d (+5.0%),evening,False
AMCR,52wkLow,2025-11-05,2025-11-06,39.1748,40.3398,2.974,0.46,1,max_hold 225d (+3.0%),evening,False
CPT,52wkLow,2025-11-05,2025-11-06,99.7136,99.1456,-0.83,-0.13,1,stop_loss (-0.6%),evening,False
ADP,MomReversal,2025-11-06,2025-11-06,251.9367,246.8119,-2.034,-0.32,0,stop_loss (-2.0%),morning,True
BR,MomReversal,2025-11-06,2025-11-06,213.9795,213.9401,-0.018,-0.0,0,max_hold 224d (-0.0%),morning,True
APD,52wkLow,2025-11-06,2025-11-06,246.0402,255.3139,3.769,0.59,0,max_hold 224d (+3.8%),morning,False
AMCR,52wkLow,2025-11-06,2025-11-06,40.3398,39.9029,-0.57,-0.09,0,stop_loss (-1.1%),morning,False
CPT,52wkLow,2025-11-06,2025-11-06,99.1456,97.236,-1.926,-0.3,0,stop_loss (-1.9%),morning,False
BR,MomReversal,2025-11-06,2025-11-07,213.9401,214.6287,0.322,0.08,1,max_hold 224d (+0.3%),evening,True
BF-B,MomReversal,2025-11-06,2025-11-07,25.8575,25.9257,0.264,0.07,1,max_hold 224d (+0.3%),evening,True
ADP,52wkLow,2025-11-06,2025-11-07,246.8119,248.1811,0.555,0.14,1,max_hold 224d (+0.6%),evening,False
CPT,52wkLow,2025-11-06,2025-11-07,97.236,97.4416,0.211,0.05,1,max_hold 224d (+0.2%),evening,False
CTAS,52wkLow,2025-11-06,2025-11-07,183.525,184.7261,0.654,0.17,1,max_hold 224d (+0.7%),evening,False
BR,MomReversal,2025-11-07,2025-11-07,214.6287,218.1011,1.618,0.41,0,max_hold 223d (+1.6%),morning,True
BF-B,MomReversal,2025-11-07,2025-11-07,25.9257,25.9257,0.0,0.0,0,max_hold 223d (+0.0%),morning,True
ADP,52wkLow,2025-11-07,2025-11-07,248.1811,248.5723,0.158,0.04,0,max_hold 223d (+0.2%),morning,False
CPT,52wkLow,2025-11-07,2025-11-07,97.4416,99.6744,2.291,0.58,0,max_hold 223d (+2.3%),morning,False
CTAS,52wkLow,2025-11-07,2025-11-07,184.7261,183.7037,-1.57,-0.4,0,stop_loss (-0.6%),morning,False
CTAS,MomReversal,2025-11-07,2025-11-10,183.7037,182.2048,-0.85,-0.17,1,stop_loss (-0.8%),evening,True
ADP,52wkLow,2025-11-07,2025-11-10,248.5723,247.7313,-0.338,-0.07,1,max_hold 223d (-0.3%),evening,False
BF-B,52wkLow,2025-11-07,2025-11-10,25.9257,26.3546,1.654,0.34,1,max_hold 223d (+1.7%),evening,False
BLDR,52wkLow,2025-11-07,2025-11-10,109.42,109.8,0.347,0.07,1,max_hold 223d (+0.3%),evening,False
CPT,52wkLow,2025-11-07,2025-11-10,99.6744,99.2044,-0.472,-0.1,1,max_hold 223d (-0.5%),evening,False
CTAS,MomReversal,2025-11-10,2025-11-10,182.2048,183.8823,0.921,0.19,0,max_hold 220d (+0.9%),morning,True
ADP,52wkLow,2025-11-10,2025-11-10,247.7313,248.4745,0.3,0.06,0,max_hold 220d (+0.3%),morning,False
BF-B,52wkLow,2025-11-10,2025-11-10,26.3546,26.6275,1.035,0.21,0,max_hold 220d (+1.0%),morning,False
BLDR,52wkLow,2025-11-10,2025-11-10,109.8,107.06,-2.495,-0.51,0,stop_loss (-2.5%),morning,False
CPT,52wkLow,2025-11-10,2025-11-10,99.2044,100.2816,1.086,0.22,0,max_hold 220d (+1.1%),morning,False
BALL,MomReversal,2025-11-10,2025-11-11,45.9163,46.0647,0.323,0.09,1,max_hold 220d (+0.3%),evening,True
BR,MomReversal,2025-11-10,2025-11-11,219.5176,220.1373,0.282,0.08,1,max_hold 220d (+0.3%),evening,True
CTAS,MomReversal,2025-11-10,2025-11-11,183.8823,184.2694,0.211,0.06,1,max_hold 220d (+0.2%),evening,True
BLDR,52wkLow,2025-11-10,2025-11-11,107.06,108.24,1.102,0.3,1,max_hold 220d (+1.1%),evening,False
CLX,52wkLow,2025-11-10,2025-11-11,102.2542,102.5569,0.296,0.08,1,max_hold 220d (+0.3%),evening,False
BALL,MomReversal,2025-11-11,2025-11-11,46.0647,46.7474,1.482,0.41,0,max_hold 219d (+1.5%),morning,True
BR,MomReversal,2025-11-11,2025-11-11,220.1373,219.2323,-0.411,-0.11,0,max_hold 219d (-0.4%),morning,True
CTAS,MomReversal,2025-11-11,2025-11-11,184.2694,184.3885,0.065,0.02,0,max_hold 219d (+0.1%),morning,True
BLDR,52wkLow,2025-11-11,2025-11-11,108.24,106.91,-1.229,-0.34,0,stop_loss (-1.2%),morning,False
CLX,52wkLow,2025-11-11,2025-11-11,102.5569,102.5863,0.029,0.01,0,max_hold 219d (+0.0%),morning,False
BAX,MomReversal,2025-11-11,2025-11-12,18.2219,18.2718,0.274,0.11,1,max_hold 219d (+0.3%),evening,True
BR,MomReversal,2025-11-11,2025-11-12,219.2323,220.4914,0.574,0.24,1,max_hold 219d (+0.6%),evening,True
BLDR,52wkLow,2025-11-11,2025-11-12,106.91,107.37,0.43,0.18,1,max_hold 219d (+0.4%),evening,False
COF,Pullback50,2025-11-11,2025-11-12,218.139,217.5955,-0.249,-0.1,1,max_hold 219d (-0.2%),evening,False
CASY,Pullback50,2025-11-11,2025-11-12,538.5834,538.3937,-0.035,-0.01,1,max_hold 219d (-0.0%),evening,False
BAX,MomReversal,2025-11-12,2025-11-12,18.2718,18.6712,2.186,0.9,0,max_hold 218d (+2.2%),morning,True
BR,MomReversal,2025-11-12,2025-11-12,220.4914,220.0094,-0.219,-0.09,0,max_hold 218d (-0.2%),morning,True
BLDR,52wkLow,2025-11-12,2025-11-12,107.37,106.42,-5.93,-2.45,0,stop_loss (-0.9%),morning,False
COF,Pullback50,2025-11-12,2025-11-12,217.5955,219.5027,0.876,0.36,0,max_hold 218d (+0.9%),morning,False
CASY,Pullback50,2025-11-12,2025-11-12,538.3937,534.0108,-1.79,-0.74,0,stop_loss (-0.8%),morning,False
BAX,MomReversal,2025-11-12,2025-11-13,18.6712,18.6013,-0.374,-0.15,1,max_hold 218d (-0.4%),evening,True
AVB,52wkLow,2025-11-12,2025-11-13,174.4226,172.9826,-0.95,-0.39,1,stop_loss (-0.8%),evening,False
BLDR,52wkLow,2025-11-12,2025-11-13,106.42,105.65,-5.69,-2.34,1,stop_loss (-0.7%),evening,False
CPB,52wkLow,2025-11-12,2025-11-13,30.172,30.0655,-0.353,-0.14,1,max_hold 218d (-0.4%),evening,False
ADI,Pullback50,2025-11-12,2025-11-13,239.1841,237.4009,-0.74,-0.3,1,stop_loss (-0.7%),evening,False
BAX,MomReversal,2025-11-13,2025-11-13,18.6013,18.6712,0.376,0.15,0,max_hold 217d (+0.4%),morning,True
AVB,52wkLow,2025-11-13,2025-11-13,172.9826,173.3744,0.227,0.09,0,max_hold 217d (+0.2%),morning,False
BLDR,52wkLow,2025-11-13,2025-11-13,105.65,103.89,-1.666,-0.68,0,stop_loss (-1.7%),morning,False
CPB,52wkLow,2025-11-13,2025-11-13,30.0655,30.23,0.547,0.22,0,max_hold 217d (+0.5%),morning,False
ADI,Pullback50,2025-11-13,2025-11-13,237.4009,235.3107,-1.08,-0.44,0,stop_loss (-0.9%),morning,False
AVB,52wkLow,2025-11-13,2025-11-14,173.3744,174.4618,0.627,0.43,1,max_hold 217d (+0.6%),evening,False
CVX,Pullback50,2025-11-13,2025-11-14,150.9881,151.619,0.418,0.29,1,max_hold 217d (+0.4%),evening,False
AWK,RSIRecovery,2025-11-13,2025-11-14,129.6473,130.8209,0.905,0.62,1,max_hold 217d (+0.9%),evening,False
APA,VolumeSpike,2025-11-13,2025-11-14,24.2948,24.3047,0.041,0.03,1,max_hold 217d (+0.0%),evening,False
AVB,52wkLow,2025-11-14,2025-11-14,174.4618,174.0798,-0.219,-0.15,0,max_hold 216d (-0.2%),morning,False
CVX,Pullback50,2025-11-14,2025-11-14,151.619,152.9679,0.89,0.61,0,max_hold 216d (+0.9%),morning,False
AWK,RSIRecovery,2025-11-14,2025-11-14,130.8209,129.8051,-1.19,-0.82,0,stop_loss (-0.8%),morning,False
APA,VolumeSpike,2025-11-14,2025-11-14,24.3047,24.3932,0.364,0.25,0,max_hold 216d (+0.4%),morning,False
BR,52wkLow,2025-11-14,2025-11-17,222.3703,222.2325,-0.062,-0.01,1,max_hold 216d (-0.1%),evening,False
CTAS,52wkLow,2025-11-14,2025-11-17,185.7864,185.0899,-0.375,-0.08,1,max_hold 216d (-0.4%),evening,False
AMD,GapDown,2025-11-14,2025-11-17,246.81,242.75,-1.645,-0.36,1,stop_loss (-1.6%),evening,False
ALB,GapDown,2025-11-14,2025-11-17,114.2183,119.0493,4.23,0.92,1,max_hold 216d (+4.2%),evening,False
APH,GapDown,2025-11-14,2025-11-17,133.2193,132.0738,-0.75,-0.16,1,stop_loss (-0.9%),evening,False
BR,52wkLow,2025-11-17,2025-11-17,222.2325,221.1013,-0.76,-0.17,0,stop_loss (-0.5%),morning,False
CTAS,52wkLow,2025-11-17,2025-11-17,185.0899,182.8412,-1.215,-0.26,0,stop_loss (-1.2%),morning,False
AMD,GapDown,2025-11-17,2025-11-17,242.75,240.52,-4.96,-1.08,0,stop_loss (-0.9%),morning,False
ALB,GapDown,2025-11-17,2025-11-17,119.0493,116.7578,-1.925,-0.42,0,stop_loss (-1.9%),morning,False
APH,GapDown,2025-11-17,2025-11-17,132.0738,131.8148,-0.196,-0.04,0,max_hold 213d (-0.2%),morning,False
CTAS,MomReversal,2025-11-17,2025-11-18,182.8412,183.468,0.343,0.23,1,max_hold 213d (+0.3%),evening,True
COF,RubberBand,2025-11-17,2025-11-18,199.3879,198.1778,-3.68,-2.52,1,stop_loss (-0.6%),evening,True
AVB,52wkLow,2025-11-17,2025-11-18,173.8936,173.7663,-0.073,-0.05,1,max_hold 213d (-0.1%),evening,False
CTAS,MomReversal,2025-11-18,2025-11-18,183.468,182.9904,-0.26,-0.18,0,max_hold 212d (-0.3%),morning,True
COF,RubberBand,2025-11-18,2025-11-18,198.1778,198.4258,0.125,0.09,0,max_hold 212d (+0.1%),morning,True
AVB,52wkLow,2025-11-18,2025-11-18,173.7663,173.7957,0.017,0.01,0,max_hold 212d (+0.0%),morning,False
BLDR,52wkLow,2025-11-18,2025-11-19,98.6,99.59,1.004,0.29,1,max_hold 212d (+1.0%),evening,False
CLX,52wkLow,2025-11-18,2025-11-19,97.81,98.5035,0.709,0.21,1,max_hold 212d (+0.7%),evening,False
AXP,Pullback50,2025-11-18,2025-11-19,338.8338,339.8781,0.308,0.09,1,max_hold 212d (+0.3%),evening,False
ADM,Pullback50,2025-11-18,2025-11-19,59.6738,59.4569,-0.364,-0.11,1,max_hold 212d (-0.4%),evening,False
BAC,Pullback50,2025-11-18,2025-11-19,50.8202,50.8497,0.058,0.02,1,max_hold 212d (+0.1%),evening,False
BLDR,52wkLow,2025-11-19,2025-11-19,99.59,95.75,-3.856,-1.13,0,stop_loss (-3.9%),morning,False
CLX,52wkLow,2025-11-19,2025-11-19,98.5035,96.1398,-2.4,-0.7,0,stop_loss (-2.4%),morning,False
AXP,Pullback50,2025-11-19,2025-11-19,339.8781,342.7924,0.857,0.25,0,max_hold 211d (+0.9%),morning,False
ADM,Pullback50,2025-11-19,2025-11-19,59.4569,57.4158,-3.433,-1.01,0,stop_loss (-3.4%),morning,False
BAC,Pullback50,2025-11-19,2025-11-19,50.8497,51.1942,0.677,0.2,0,max_hold 211d (+0.7%),morning,False
APTV,RubberBand,2025-11-19,2025-11-20,72.36,73.05,0.954,0.24,1,max_hold 211d (+1.0%),evening,True
BR,52wkLow,2025-11-19,2025-11-20,222.6358,223.5605,0.415,0.1,1,max_hold 211d (+0.4%),evening,False
CHTR,52wkLow,2025-11-19,2025-11-20,194.22,195.73,0.777,0.19,1,max_hold 211d (+0.8%),evening,False
CTAS,52wkLow,2025-11-19,2025-11-20,182.5526,183.5377,0.54,0.13,1,max_hold 211d (+0.5%),evening,False
CLX,52wkLow,2025-11-19,2025-11-20,96.1398,96.0714,-0.071,-0.02,1,max_hold 211d (-0.1%),evening,False
APTV,RubberBand,2025-11-20,2025-11-20,73.05,70.28,-3.792,-0.94,0,stop_loss (-3.8%),morning,True
BR,52wkLow,2025-11-20,2025-11-20,223.5605,223.4129,-0.066,-0.02,0,max_hold 210d (-0.1%),morning,False
CHTR,52wkLow,2025-11-20,2025-11-20,195.73,194.71,-1.6,-0.4,0,stop_loss (-0.5%),morning,False
CTAS,52wkLow,2025-11-20,2025-11-20,183.5377,182.284,-0.69,-0.17,0,stop_loss (-0.7%),morning,False
CLX,52wkLow,2025-11-20,2025-11-20,96.0714,97.7417,1.739,0.43,0,max_hold 210d (+1.7%),morning,False
BX,MomReversal,2025-11-20,2025-11-21,135.5735,136.7978,0.903,0.48,1,max_hold 210d (+0.9%),evening,True
XYZ,MomReversal,2025-11-20,2025-11-21,61.95,62.59,1.033,0.55,1,max_hold 210d (+1.0%),evening,True
AVB,52wkLow,2025-11-20,2025-11-21,173.4332,174.2169,0.452,0.24,1,max_hold 210d (+0.5%),evening,False
CTAS,52wkLow,2025-11-20,2025-11-21,182.284,182.7019,0.229,0.12,1,max_hold 210d (+0.2%),evening,False
CLX,52wkLow,2025-11-20,2025-11-21,97.7417,98.1909,0.46,0.25,1,max_hold 210d (+0.5%),evening,False
BX,MomReversal,2025-11-21,2025-11-21,136.7978,139.7361,2.148,1.15,0,max_hold 209d (+2.1%),morning,True
XYZ,MomReversal,2025-11-21,2025-11-21,62.59,61.95,-1.02,-0.55,0,stop_loss (-1.0%),morning,True
AVB,52wkLow,2025-11-21,2025-11-21,174.2169,176.999,1.597,0.86,0,max_hold 209d (+1.6%),morning,False
CTAS,52wkLow,2025-11-21,2025-11-21,182.7019,184.871,1.187,0.64,0,max_hold 209d (+1.2%),morning,False
CLX,52wkLow,2025-11-21,2025-11-21,98.1909,101.5021,3.372,1.81,0,max_hold 209d (+3.4%),morning,False
XYZ,MomReversal,2025-11-21,2025-11-24,61.95,62.015,0.105,0.01,1,max_hold 209d (+0.1%),evening,True
BLDR,MomReversal,2025-11-21,2025-11-24,101.62,101.14,-0.472,-0.07,1,max_hold 209d (-0.5%),evening,True
ADBE,52wkLow,2025-11-21,2025-11-24,324.19,325.0,0.25,0.04,1,max_hold 209d (+0.2%),evening,False
AVB,52wkLow,2025-11-21,2025-11-24,176.999,176.519,-0.271,-0.04,1,max_hold 209d (-0.3%),evening,False
CARR,52wkLow,2025-11-21,2025-11-24,52.0009,51.991,-0.019,-0.0,1,max_hold 209d (-0.0%),evening,False
XYZ,MomReversal,2025-11-24,2025-11-24,62.015,61.86,-0.25,-0.04,0,max_hold 206d (-0.2%),morning,True
BLDR,MomReversal,2025-11-24,2025-11-24,101.14,100.53,-0.6,-0.08,0,stop_loss (-0.6%),morning,True
ADBE,52wkLow,2025-11-24,2025-11-24,325.0,318.73,-1.929,-0.27,0,stop_loss (-1.9%),morning,False
AVB,52wkLow,2025-11-24,2025-11-24,176.519,176.7346,0.122,0.02,0,max_hold 206d (+0.1%),morning,False
CARR,52wkLow,2025-11-24,2025-11-24,51.991,51.3461,-1.24,-0.18,0,stop_loss (-1.2%),morning,False
ADP,MomReversal,2025-11-24,2025-11-25,244.6016,245.4818,0.36,0.03,1,max_hold 206d (+0.4%),evening,True
CHTR,MomReversal,2025-11-24,2025-11-25,199.08,199.08,0.0,0.0,1,max_hold 206d (+0.0%),evening,True
ACN,52wkLow,2025-11-24,2025-11-25,241.5714,242.9398,0.566,0.05,1,max_hold 206d (+0.6%),evening,False
ADBE,52wkLow,2025-11-24,2025-11-25,318.73,317.77,-0.301,-0.03,1,max_hold 206d (-0.3%),evening,False
AVB,52wkLow,2025-11-24,2025-11-25,176.7346,179.0759,1.325,0.12,1,max_hold 206d (+1.3%),evening,False
ADP,MomReversal,2025-11-25,2025-11-25,245.4818,250.6751,2.116,0.2,0,max_hold 205d (+2.1%),morning,True
CHTR,MomReversal,2025-11-25,2025-11-25,199.08,200.76,0.844,0.08,0,max_hold 205d (+0.8%),morning,True
ACN,52wkLow,2025-11-25,2025-11-25,242.9398,247.1342,1.727,0.16,0,max_hold 205d (+1.7%),morning,False
ADBE,52wkLow,2025-11-25,2025-11-25,317.77,319.55,0.56,0.05,0,max_hold 205d (+0.6%),morning,False
AVB,52wkLow,2025-11-25,2025-11-25,179.0759,177.9395,-0.74,-0.07,0,stop_loss (-0.6%),morning,False
CARR,MomReversal,2025-11-25,2025-11-26,53.5289,53.6083,0.148,0.04,1,max_hold 205d (+0.1%),evening,True
ADP,52wkLow,2025-11-25,2025-11-26,250.6751,251.3304,0.261,0.07,1,max_hold 205d (+0.3%),evening,False
AMD,GapDown,2025-11-25,2025-11-26,206.13,210.05,1.902,0.52,1,max_hold 205d (+1.9%),evening,False
ADI,GapDown,2025-11-25,2025-11-26,249.6653,252.8354,1.27,0.34,1,max_hold 205d (+1.3%),evening,False
COHR,GapDown,2025-11-25,2025-11-26,148.85,148.47,-0.255,-0.07,1,max_hold 205d (-0.3%),evening,False
CARR,MomReversal,2025-11-26,2025-11-26,53.6083,53.9357,0.611,0.17,0,max_hold 204d (+0.6%),morning,True
ADP,52wkLow,2025-11-26,2025-11-26,251.3304,248.7386,-0.9,-0.24,0,stop_loss (-1.0%),morning,False
AMD,GapDown,2025-11-26,2025-11-26,210.05,214.24,1.995,0.54,0,max_hold 204d (+2.0%),morning,False
ADI,GapDown,2025-11-26,2025-11-26,252.8354,255.5102,1.058,0.29,0,max_hold 204d (+1.1%),morning,False
COHR,GapDown,2025-11-26,2025-11-26,148.47,154.0,3.725,1.01,0,max_hold 204d (+3.7%),morning,False
CPB,52wkLow,2025-11-26,2025-11-28,29.2717,29.2427,-0.099,-0.05,1,max_hold 204d (-0.1%),evening,False
AES,Pullback50,2025-11-26,2025-11-28,13.5798,13.6384,0.431,0.24,1,max_hold 204d (+0.4%),evening,False
AZO,Pullback50,2025-11-26,2025-11-28,3967.95,3951.5901,-0.412,-0.23,1,max_hold 204d (-0.4%),evening,False
BXP,Pullback50,2025-11-26,2025-11-28,71.003,70.7979,-0.289,-0.16,1,max_hold 204d (-0.3%),evening,False
COF,Pullback50,2025-11-26,2025-11-28,215.7151,216.9649,0.579,0.32,1,max_hold 204d (+0.6%),evening,False
CPB,52wkLow,2025-11-28,2025-11-28,29.2427,29.5041,0.894,0.49,0,max_hold 202d (+0.9%),morning,False
AES,Pullback50,2025-11-28,2025-11-28,13.6384,13.7262,0.644,0.35,0,max_hold 202d (+0.6%),morning,False
AZO,Pullback50,2025-11-28,2025-11-28,3951.5901,3954.3301,0.069,0.04,0,max_hold 202d (+0.1%),morning,False
BXP,Pullback50,2025-11-28,2025-11-28,70.7979,70.6612,-0.193,-0.11,0,max_hold 202d (-0.2%),morning,False
COF,Pullback50,2025-11-28,2025-11-28,216.9649,217.3022,0.155,0.08,0,max_hold 202d (+0.2%),morning,False
ABBV,Pullback50,2025-11-28,2025-12-01,224.0241,223.5223,-0.224,-0.12,1,max_hold 202d (-0.2%),evening,False
AMD,Pullback50,2025-11-28,2025-12-01,217.53,213.88,-1.678,-0.92,1,stop_loss (-1.7%),evening,False
AES,Pullback50,2025-11-28,2025-12-01,13.7262,13.6579,-0.498,-0.27,1,max_hold 202d (-0.5%),evening,False
AZO,Pullback50,2025-11-28,2025-12-01,3954.3301,3949.99,-0.11,-0.06,1,max_hold 202d (-0.1%),evening,False
SCHW,Pullback50,2025-11-28,2025-12-01,92.0875,91.3923,-2.69,-1.47,1,stop_loss (-0.8%),evening,False
ABBV,Pullback50,2025-12-01,2025-12-01,223.5223,221.4759,-0.9,-0.49,0,stop_loss (-0.9%),morning,False
AMD,Pullback50,2025-12-01,2025-12-01,213.88,219.76,2.749,1.49,0,max_hold 199d (+2.7%),morning,False
AES,Pullback50,2025-12-01,2025-12-01,13.6579,13.6579,0.0,0.0,0,max_hold 199d (+0.0%),morning,False
AZO,Pullback50,2025-12-01,2025-12-01,3949.99,3946.99,-0.076,-0.04,0,max_hold 199d (-0.1%),morning,False
SCHW,Pullback50,2025-12-01,2025-12-01,91.3923,92.0478,0.717,0.39,0,max_hold 199d (+0.7%),morning,False
COIN,MomReversal,2025-12-01,2025-12-02,259.84,267.68,3.017,0.99,1,max_hold 199d (+3.0%),evening,True
BF-B,VolumeSpike,2025-12-01,2025-12-02,28.9667,28.8984,-0.236,-0.08,1,max_hold 199d (-0.2%),evening,True
ADP,52wkLow,2025-12-01,2025-12-02,250.2154,251.0076,0.317,0.1,1,max_hold 199d (+0.3%),evening,False
CHD,52wkLow,2025-12-01,2025-12-02,84.0451,83.3694,-0.5,-0.16,1,stop_loss (-0.8%),evening,False
CIEN,GapDown,2025-12-01,2025-12-02,200.92,204.03,1.548,0.51,1,max_hold 199d (+1.5%),evening,False
COIN,MomReversal,2025-12-02,2025-12-02,267.68,263.26,-1.651,-0.54,0,stop_loss (-1.7%),morning,True
BF-B,VolumeSpike,2025-12-02,2025-12-02,28.8984,29.1324,0.809,0.27,0,max_hold 198d (+0.8%),morning,True
ADP,52wkLow,2025-12-02,2025-12-02,251.0076,251.5259,0.207,0.07,0,max_hold 198d (+0.2%),morning,False
CHD,52wkLow,2025-12-02,2025-12-02,83.3694,83.0117,-0.429,-0.14,0,max_hold 198d (-0.4%),morning,False
CIEN,GapDown,2025-12-02,2025-12-02,204.03,202.5,-3.25,-1.07,0,stop_loss (-0.7%),morning,False
ADBE,52wkLow,2025-12-02,2025-12-03,322.81,321.98,-0.257,-0.18,1,max_hold 198d (-0.3%),evening,False
ADP,52wkLow,2025-12-02,2025-12-03,251.5259,250.8609,-0.264,-0.18,1,max_hold 198d (-0.3%),evening,False
CHD,52wkLow,2025-12-02,2025-12-03,83.0117,83.1409,0.156,0.11,1,max_hold 198d (+0.2%),evening,False
BA,Pullback50,2025-12-02,2025-12-03,205.38,204.6,-0.38,-0.26,1,max_hold 198d (-0.4%),evening,False
ADBE,52wkLow,2025-12-03,2025-12-03,321.98,326.78,1.491,1.03,0,max_hold 197d (+1.5%),morning,False
ADP,52wkLow,2025-12-03,2025-12-03,250.8609,254.4991,1.45,1.0,0,max_hold 197d (+1.5%),morning,False
CHD,52wkLow,2025-12-03,2025-12-03,83.1409,83.3793,0.287,0.2,0,max_hold 197d (+0.3%),morning,False
BA,Pullback50,2025-12-03,2025-12-03,204.6,202.54,-0.95,-0.66,0,stop_loss (-1.0%),morning,False
ARE,52wkLow,2025-12-03,2025-12-04,46.9731,46.5754,-1.0,-0.66,1,stop_loss (-0.8%),evening,False
AFL,Pullback50,2025-12-03,2025-12-04,107.905,107.905,-0.0,-0.0,1,max_hold 197d (-0.0%),evening,False
BX,Pullback50,2025-12-03,2025-12-04,148.4041,148.8448,0.297,0.19,1,max_hold 197d (+0.3%),evening,False
SCHW,Pullback50,2025-12-03,2025-12-04,93.3387,93.4678,0.138,0.09,1,max_hold 197d (+0.1%),evening,False
CVX,Pullback50,2025-12-03,2025-12-04,148.7589,148.916,0.106,0.07,1,max_hold 197d (+0.1%),evening,False
ARE,52wkLow,2025-12-04,2025-12-04,46.5754,45.1978,-2.958,-1.94,0,stop_loss (-3.0%),morning,False
AFL,Pullback50,2025-12-04,2025-12-04,107.905,108.1029,0.183,0.12,0,max_hold 196d (+0.2%),morning,False
BX,Pullback50,2025-12-04,2025-12-04,148.8448,148.2768,-0.382,-0.25,0,max_hold 196d (-0.4%),morning,False
SCHW,Pullback50,2025-12-04,2025-12-04,93.4678,94.3715,0.967,0.63,0,max_hold 196d (+1.0%),morning,False
BF-B,VolumeSpike,2025-12-04,2025-12-05,28.9472,28.899,-0.166,-0.07,1,max_hold 196d (-0.2%),evening,True
ARE,52wkLow,2025-12-04,2025-12-05,45.1978,44.7224,-1.63,-0.67,1,stop_loss (-1.1%),evening,False
ADP,52wkLow,2025-12-04,2025-12-05,253.6971,253.6971,0.0,0.0,1,max_hold 196d (+0.0%),evening,False
CPB,52wkLow,2025-12-04,2025-12-05,28.4199,28.3328,-0.307,-0.13,1,max_hold 196d (-0.3%),evening,False
AES,Pullback50,2025-12-04,2025-12-05,13.5993,13.7555,1.149,0.47,1,max_hold 196d (+1.1%),evening,False
BF-B,VolumeSpike,2025-12-05,2025-12-05,28.899,29.8617,3.331,1.36,0,max_hold 195d (+3.3%),morning,True
ARE,52wkLow,2025-12-05,2025-12-05,44.7224,44.121,-1.345,-0.55,0,stop_loss (-1.3%),morning,False
ADP,52wkLow,2025-12-05,2025-12-05,253.6971,255.8781,0.86,0.35,0,max_hold 195d (+0.9%),morning,False
CPB,52wkLow,2025-12-05,2025-12-05,28.3328,28.6522,1.127,0.46,0,max_hold 195d (+1.1%),morning,False
AES,Pullback50,2025-12-05,2025-12-05,13.7555,13.5895,-1.207,-0.49,0,stop_loss (-1.2%),morning,False
CB,VolumeSpike,2025-12-05,2025-12-08,293.2169,292.7199,-0.169,-0.06,1,max_hold 195d (-0.2%),evening,True
ARE,52wkLow,2025-12-05,2025-12-08,44.121,44.5284,0.923,0.34,1,max_hold 195d (+0.9%),evening,False
AVB,52wkLow,2025-12-05,2025-12-08,174.3932,173.7075,-0.393,-0.14,1,max_hold 195d (-0.4%),evening,False
CPB,52wkLow,2025-12-05,2025-12-08,28.6522,28.6522,-0.0,-0.0,1,max_hold 195d (-0.0%),evening,False
AOS,Pullback50,2025-12-05,2025-12-08,67.3126,67.1543,-0.235,-0.09,1,max_hold 195d (-0.2%),evening,False
CB,VolumeSpike,2025-12-08,2025-12-08,292.7199,295.4334,0.927,0.34,0,max_hold 192d (+0.9%),morning,True
ARE,52wkLow,2025-12-08,2025-12-08,44.5284,43.6262,-2.026,-0.74,0,stop_loss (-2.0%),morning,False
AVB,52wkLow,2025-12-08,2025-12-08,173.7075,173.9916,0.164,0.06,0,max_hold 192d (+0.2%),morning,False
CPB,52wkLow,2025-12-08,2025-12-08,28.6522,29.0781,1.486,0.54,0,max_hold 192d (+1.5%),morning,False
AOS,Pullback50,2025-12-08,2025-12-08,67.1543,66.4419,-5.69,-2.07,0,stop_loss (-1.1%),morning,False
APD,52wkLow,2025-12-08,2025-12-09,232.8794,233.3332,0.195,0.07,1,max_hold 192d (+0.2%),evening,False
ARE,52wkLow,2025-12-08,2025-12-09,43.6262,43.5583,-0.156,-0.06,1,max_hold 192d (-0.2%),evening,False
ADP,52wkLow,2025-12-08,2025-12-09,253.0027,253.394,0.155,0.06,1,max_hold 192d (+0.2%),evening,False
AVB,52wkLow,2025-12-08,2025-12-09,173.9916,174.7949,0.462,0.17,1,max_hold 192d (+0.5%),evening,False
BRO,52wkLow,2025-12-08,2025-12-09,77.2356,78.0115,1.005,0.36,1,max_hold 192d (+1.0%),evening,False
APD,52wkLow,2025-12-09,2025-12-09,233.3332,227.6604,-2.431,-0.88,0,stop_loss (-2.4%),morning,False
ARE,52wkLow,2025-12-09,2025-12-09,43.5583,43.9366,0.869,0.31,0,max_hold 191d (+0.9%),morning,False
ADP,52wkLow,2025-12-09,2025-12-09,253.394,252.5529,-0.332,-0.12,0,max_hold 191d (-0.3%),morning,False
AVB,52wkLow,2025-12-09,2025-12-09,174.7949,171.807,-1.709,-0.62,0,stop_loss (-1.7%),morning,False
BRO,52wkLow,2025-12-09,2025-12-09,78.0115,78.0016,-0.013,-0.0,0,max_hold 191d (-0.0%),morning,False
CASY,VolumeSpike,2025-12-09,2025-12-10,562.3247,537.6748,-4.384,-1.19,1,stop_loss (-4.4%),evening,True
CFG,VolumeSpike,2025-12-09,2025-12-10,55.1532,55.2912,0.25,0.07,1,max_hold 191d (+0.3%),evening,True
APD,52wkLow,2025-12-09,2025-12-10,227.6604,226.733,-0.407,-0.11,1,max_hold 191d (-0.4%),evening,False
CPB,52wkLow,2025-12-09,2025-12-10,27.5584,27.5875,0.105,0.03,1,max_hold 191d (+0.1%),evening,False
CARR,52wkLow,2025-12-09,2025-12-10,52.4276,52.5367,0.208,0.06,1,max_hold 191d (+0.2%),evening,False
CASY,VolumeSpike,2025-12-10,2025-12-10,537.6748,532.3135,-0.5,-0.13,0,stop_loss (-1.0%),morning,True
CFG,VolumeSpike,2025-12-10,2025-12-10,55.2912,57.6377,4.244,1.14,0,max_hold 190d (+4.2%),morning,True
APD,52wkLow,2025-12-10,2025-12-10,226.733,233.5305,2.998,0.81,0,max_hold 190d (+3.0%),morning,False
CPB,52wkLow,2025-12-10,2025-12-10,27.5875,27.2777,-0.66,-0.18,0,stop_loss (-1.1%),morning,False
CARR,52wkLow,2025-12-10,2025-12-10,52.5367,52.9832,0.85,0.23,0,max_hold 190d (+0.8%),morning,False
AJG,MomReversal,2025-12-10,2025-12-11,238.9218,240.6209,0.711,0.13,1,max_hold 190d (+0.7%),evening,True
CINF,VolumeSpike,2025-12-10,2025-12-11,160.825,161.2799,0.283,0.05,1,max_hold 190d (+0.3%),evening,True
CFG,VolumeSpike,2025-12-10,2025-12-11,57.6377,56.9377,-1.215,-0.22,1,stop_loss (-1.2%),evening,True
APD,52wkLow,2025-12-10,2025-12-11,233.5305,235.7897,0.967,0.17,1,max_hold 190d (+1.0%),evening,False
AON,52wkLow,2025-12-10,2025-12-11,339.1553,341.8282,0.788,0.14,1,max_hold 190d (+0.8%),evening,False
AJG,MomReversal,2025-12-11,2025-12-11,240.6209,246.0462,2.255,0.41,0,max_hold 189d (+2.3%),morning,True
CINF,VolumeSpike,2025-12-11,2025-12-11,161.2799,163.1985,1.19,0.22,0,max_hold 189d (+1.2%),morning,True
CFG,VolumeSpike,2025-12-11,2025-12-11,56.9377,57.5293,1.039,0.19,0,max_hold 189d (+1.0%),morning,True
APD,52wkLow,2025-12-11,2025-12-11,235.7897,240.4562,1.979,0.36,0,max_hold 189d (+2.0%),morning,False
AON,52wkLow,2025-12-11,2025-12-11,341.8282,346.4859,1.363,0.25,0,max_hold 189d (+1.4%),morning,False
AJG,52wkLow,2025-12-11,2025-12-12,246.0462,247.4672,0.578,0.15,1,max_hold 189d (+0.6%),evening,False
AVB,52wkLow,2025-12-11,2025-12-12,172.483,173.394,0.528,0.13,1,max_hold 189d (+0.5%),evening,False
BRO,52wkLow,2025-12-11,2025-12-12,79.1356,79.3943,0.327,0.08,1,max_hold 189d (+0.3%),evening,False
CL,52wkLow,2025-12-11,2025-12-12,76.3056,76.7205,0.544,0.14,1,max_hold 189d (+0.5%),evening,False
AES,Pullback50,2025-12-11,2025-12-12,13.6676,13.7457,0.571,0.14,1,max_hold 189d (+0.6%),evening,False
AJG,52wkLow,2025-12-12,2025-12-12,247.4672,253.7569,2.542,0.64,0,max_hold 188d (+2.5%),morning,False
AVB,52wkLow,2025-12-12,2025-12-12,173.394,173.2961,-0.057,-0.01,0,max_hold 188d (-0.1%),morning,False
BRO,52wkLow,2025-12-12,2025-12-12,79.3943,81.1948,2.268,0.57,0,max_hold 188d (+2.3%),morning,False
CL,52wkLow,2025-12-12,2025-12-12,76.7205,77.3823,0.863,0.22,0,max_hold 188d (+0.9%),morning,False
AES,Pullback50,2025-12-12,2025-12-12,13.7457,13.5017,-1.776,-0.45,0,stop_loss (-1.8%),morning,False
CTAS,52wkLow,2025-12-12,2025-12-15,186.5923,188.5326,1.04,0.72,1,max_hold 188d (+1.0%),evening,False
AFL,Pullback50,2025-12-12,2025-12-15,108.9044,109.8149,0.836,0.58,1,max_hold 188d (+0.8%),evening,False
BRK-B,Pullback50,2025-12-12,2025-12-15,499.52,500.42,0.18,0.12,1,max_hold 188d (+0.2%),evening,False
BA,Pullback50,2025-12-12,2025-12-15,204.38,204.38,0.0,0.0,1,max_hold 188d (+0.0%),evening,False
CTAS,52wkLow,2025-12-15,2025-12-15,188.5326,187.5077,-0.9,-0.63,0,stop_loss (-0.5%),morning,False
AFL,Pullback50,2025-12-15,2025-12-15,109.8149,110.3394,0.478,0.33,0,max_hold 185d (+0.5%),morning,False
BRK-B,Pullback50,2025-12-15,2025-12-15,500.42,506.38,1.191,0.83,0,max_hold 185d (+1.2%),morning,False
BA,Pullback50,2025-12-15,2025-12-15,204.38,205.5,0.548,0.38,0,max_hold 185d (+0.5%),morning,False
CLX,MomReversal,2025-12-15,2025-12-16,99.3533,99.9491,0.6,0.25,1,max_hold 185d (+0.6%),evening,True
CPB,52wkLow,2025-12-15,2025-12-16,27.3648,27.5003,0.495,0.2,1,max_hold 185d (+0.5%),evening,False
CTAS,52wkLow,2025-12-15,2025-12-16,187.5077,188.2142,0.377,0.16,1,max_hold 185d (+0.4%),evening,False
ABBV,Pullback50,2025-12-15,2025-12-16,223.7781,222.7549,-0.457,-0.19,1,max_hold 185d (-0.5%),evening,False
ADM,Pullback50,2025-12-15,2025-12-16,59.3583,57.9581,-2.359,-0.98,1,stop_loss (-2.4%),evening,False
CLX,MomReversal,2025-12-16,2025-12-16,99.9491,97.4975,-2.453,-1.01,0,stop_loss (-2.5%),morning,True
CPB,52wkLow,2025-12-16,2025-12-16,27.5003,27.7617,0.95,0.39,0,max_hold 184d (+1.0%),morning,False
CTAS,52wkLow,2025-12-16,2025-12-16,188.2142,186.6819,-0.59,-0.24,0,stop_loss (-0.8%),morning,False
ABBV,Pullback50,2025-12-16,2025-12-16,222.7549,220.0591,-1.21,-0.5,0,stop_loss (-1.2%),morning,False
ADM,Pullback50,2025-12-16,2025-12-16,57.9581,57.1693,-1.361,-0.56,0,stop_loss (-1.4%),morning,False
APD,MomReversal,2025-12-16,2025-12-17,238.9961,238.9961,-0.0,-0.0,1,max_hold 184d (-0.0%),evening,True
CLX,MomReversal,2025-12-16,2025-12-17,97.4975,97.3803,-0.12,-0.07,1,max_hold 184d (-0.1%),evening,True
CBOE,Pullback50,2025-12-16,2025-12-17,247.8572,248.2156,0.145,0.08,1,max_hold 184d (+0.1%),evening,False
CME,Pullback50,2025-12-16,2025-12-17,265.2022,265.5909,0.147,0.08,1,max_hold 184d (+0.1%),evening,False
APD,MomReversal,2025-12-17,2025-12-17,238.9961,243.0706,1.705,0.93,0,max_hold 183d (+1.7%),morning,True
CLX,MomReversal,2025-12-17,2025-12-17,97.3803,99.1579,1.825,1.0,0,max_hold 183d (+1.8%),morning,True
CBOE,Pullback50,2025-12-17,2025-12-17,248.2156,251.1123,1.167,0.64,0,max_hold 183d (+1.2%),morning,False
CME,Pullback50,2025-12-17,2025-12-17,265.5909,265.9698,0.143,0.08,0,max_hold 183d (+0.1%),morning,False
CLX,MomReversal,2025-12-17,2025-12-18,99.1579,98.8942,-0.266,-0.15,1,max_hold 183d (-0.3%),evening,True
AFL,Pullback50,2025-12-17,2025-12-18,109.3498,108.7857,-3.89,-2.15,1,stop_loss (-0.5%),evening,False
BG,Pullback50,2025-12-17,2025-12-18,91.8271,91.7282,-0.108,-0.06,1,max_hold 183d (-0.1%),evening,False
COR,Pullback50,2025-12-17,2025-12-18,341.5871,341.7166,0.038,0.02,1,max_hold 183d (+0.0%),evening,False
CLX,MomReversal,2025-12-18,2025-12-18,98.8942,97.0775,-1.837,-1.01,0,stop_loss (-1.8%),morning,True
AFL,Pullback50,2025-12-18,2025-12-18,108.7857,109.3102,0.482,0.26,0,max_hold 182d (+0.5%),morning,False
BG,Pullback50,2025-12-18,2025-12-18,91.7282,90.6509,-0.8,-0.44,0,stop_loss (-1.2%),morning,False
COR,Pullback50,2025-12-18,2025-12-18,341.7166,339.2166,-1.86,-1.02,0,stop_loss (-0.7%),morning,False
AZO,MomReversal,2025-12-18,2025-12-19,3426.6101,3423.0601,-0.104,-0.04,1,max_hold 182d (-0.1%),evening,True
BAC,VolumeSpike,2025-12-18,2025-12-19,53.6761,53.9333,0.479,0.17,1,max_hold 182d (+0.5%),evening,True
CLX,52wkLow,2025-12-18,2025-12-19,97.0775,96.8919,-0.191,-0.07,1,max_hold 182d (-0.2%),evening,False
CL,52wkLow,2025-12-18,2025-12-19,76.7798,77.0958,0.412,0.15,1,max_hold 182d (+0.4%),evening,False
ACN,GapDown,2025-12-18,2025-12-19,267.6899,267.7296,0.015,0.01,1,max_hold 182d (+0.0%),evening,False
AZO,MomReversal,2025-12-19,2025-12-19,3423.0601,3392.3401,-2.63,-0.96,0,stop_loss (-0.9%),morning,True
BAC,VolumeSpike,2025-12-19,2025-12-19,53.9333,54.6752,1.376,0.5,0,max_hold 181d (+1.4%),morning,True
CLX,52wkLow,2025-12-19,2025-12-19,96.8919,96.0226,-2.8,-1.02,0,stop_loss (-0.9%),morning,False
CL,52wkLow,2025-12-19,2025-12-19,77.0958,77.402,0.397,0.14,0,max_hold 181d (+0.4%),morning,False
ACN,GapDown,2025-12-19,2025-12-19,267.7296,269.9606,0.833,0.3,0,max_hold 181d (+0.8%),morning,False
ARE,MomReversal,2025-12-19,2025-12-22,46.5075,46.6627,0.334,0.02,1,max_hold 181d (+0.3%),evening,True
T,MomReversal,2025-12-19,2025-12-22,23.6229,23.6229,-0.0,-0.0,1,max_hold 181d (-0.0%),evening,True
AZO,MomReversal,2025-12-19,2025-12-22,3392.3401,3381.78,-0.311,-0.02,1,max_hold 181d (-0.3%),evening,True
ABT,VolumeSpike,2025-12-19,2025-12-22,124.0396,123.7528,-0.231,-0.01,1,max_hold 181d (-0.2%),evening,True
ABBV,VolumeSpike,2025-12-19,2025-12-22,223.1583,222.4597,-0.313,-0.02,1,max_hold 181d (-0.3%),evening,True
ARE,MomReversal,2025-12-22,2025-12-22,46.6627,47.1671,1.081,0.06,0,max_hold 178d (+1.1%),morning,True
T,MomReversal,2025-12-22,2025-12-22,23.6229,23.7696,0.621,0.03,0,max_hold 178d (+0.6%),morning,True
AZO,MomReversal,2025-12-22,2025-12-22,3381.78,3413.8101,0.947,0.05,0,max_hold 178d (+0.9%),morning,True
ABT,VolumeSpike,2025-12-22,2025-12-22,123.7528,123.7924,0.032,0.0,0,max_hold 178d (+0.0%),morning,True
ABBV,VolumeSpike,2025-12-22,2025-12-22,222.4597,224.2307,0.796,0.04,0,max_hold 178d (+0.8%),morning,True
ABBV,Pullback50,2025-12-22,2025-12-23,224.2307,224.5357,0.136,0.07,1,max_hold 178d (+0.1%),evening,False
AES,Pullback50,2025-12-22,2025-12-23,13.531,13.5895,0.433,0.24,1,max_hold 178d (+0.4%),evening,False
BRK-B,Pullback50,2025-12-22,2025-12-23,499.95,500.48,0.106,0.06,1,max_hold 178d (+0.1%),evening,False
BLK,Pullback50,2025-12-22,2025-12-23,1076.1212,1073.4908,-0.244,-0.13,1,max_hold 178d (-0.2%),evening,False
CME,Pullback50,2025-12-22,2025-12-23,265.4451,264.7942,-0.245,-0.13,1,max_hold 178d (-0.2%),evening,False
ABBV,Pullback50,2025-12-23,2025-12-23,224.5357,225.0965,0.25,0.14,0,max_hold 177d (+0.2%),morning,False
AES,Pullback50,2025-12-23,2025-12-23,13.5895,13.57,-0.144,-0.08,0,max_hold 177d (-0.1%),morning,False
BRK-B,Pullback50,2025-12-23,2025-12-23,500.48,500.51,0.006,0.0,0,max_hold 177d (+0.0%),morning,False
BLK,Pullback50,2025-12-23,2025-12-23,1073.4908,1074.4797,0.092,0.05,0,max_hold 177d (+0.1%),morning,False
CME,Pullback50,2025-12-23,2025-12-23,264.7942,267.709,1.101,0.6,0,max_hold 177d (+1.1%),morning,False
ABBV,Pullback50,2025-12-23,2025-12-24,225.0965,225.7557,0.293,0.19,1,max_hold 177d (+0.3%),evening,False
AAPL,Pullback50,2025-12-23,2025-12-24,271.8549,271.8349,-0.007,-0.0,1,max_hold 177d (-0.0%),evening,False
BRK-B,Pullback50,2025-12-23,2025-12-24,500.51,500.29,-0.044,-0.03,1,max_hold 177d (-0.0%),evening,False
BLK,Pullback50,2025-12-23,2025-12-24,1074.4797,1077.7133,0.301,0.2,1,max_hold 177d (+0.3%),evening,False
CVX,Pullback50,2025-12-23,2025-12-24,147.6991,147.5715,-0.086,-0.06,1,max_hold 177d (-0.1%),evening,False
ABBV,Pullback50,2025-12-24,2025-12-24,225.7557,226.1787,0.187,0.12,0,max_hold 176d (+0.2%),morning,False
AAPL,Pullback50,2025-12-24,2025-12-24,271.8349,273.3022,0.54,0.35,0,max_hold 176d (+0.5%),morning,False
BRK-B,Pullback50,2025-12-24,2025-12-24,500.29,501.34,0.21,0.14,0,max_hold 176d (+0.2%),morning,False
BLK,Pullback50,2025-12-24,2025-12-24,1077.7133,1076.8629,-0.079,-0.05,0,max_hold 176d (-0.1%),morning,False
AES,Pullback50,2025-12-24,2025-12-26,13.6286,13.6774,0.358,0.2,1,max_hold 176d (+0.4%),evening,False
AFL,Pullback50,2025-12-24,2025-12-26,109.4685,109.3992,-0.063,-0.03,1,max_hold 176d (-0.1%),evening,False
ADSK,Pullback50,2025-12-24,2025-12-26,298.21,298.42,0.07,0.04,1,max_hold 176d (+0.1%),evening,False
BRK-B,Pullback50,2025-12-24,2025-12-26,501.34,500.45,-0.178,-0.1,1,max_hold 176d (-0.2%),evening,False
CVX,Pullback50,2025-12-24,2025-12-26,147.6893,147.5716,-0.08,-0.04,1,max_hold 176d (-0.1%),evening,False
AES,Pullback50,2025-12-26,2025-12-26,13.6774,13.736,0.428,0.23,0,max_hold 174d (+0.4%),morning,False
AFL,Pullback50,2025-12-26,2025-12-26,109.3992,108.756,-3.25,-1.78,0,stop_loss (-0.6%),morning,False
ADSK,Pullback50,2025-12-26,2025-12-26,298.42,300.71,0.767,0.42,0,max_hold 174d (+0.8%),morning,False
BRK-B,Pullback50,2025-12-26,2025-12-26,500.45,498.3,-0.43,-0.23,0,max_hold 174d (-0.4%),morning,False
CVX,Pullback50,2025-12-26,2025-12-26,147.5716,147.2183,-0.239,-0.13,0,max_hold 174d (-0.2%),morning,False
AES,Pullback50,2025-12-26,2025-12-29,13.736,13.7262,-0.071,-0.05,1,max_hold 174d (-0.1%),evening,False
AMZN,Pullback50,2025-12-26,2025-12-29,232.52,231.94,-0.249,-0.17,1,max_hold 174d (-0.2%),evening,False
ADSK,Pullback50,2025-12-26,2025-12-29,300.71,299.08,-5.98,-4.13,1,stop_loss (-0.5%),evening,False
AES,Pullback50,2025-12-29,2025-12-29,13.7262,13.7946,0.498,0.34,0,max_hold 171d (+0.5%),morning,False
AMZN,Pullback50,2025-12-29,2025-12-29,231.94,232.07,0.056,0.04,0,max_hold 171d (+0.1%),morning,False
ADSK,Pullback50,2025-12-29,2025-12-29,299.08,301.23,0.719,0.49,0,max_hold 171d (+0.7%),morning,False
AMZN,Pullback50,2025-12-29,2025-12-30,232.07,231.21,-0.371,-0.17,1,max_hold 171d (-0.4%),evening,False
APH,Pullback50,2025-12-29,2025-12-30,136.6299,136.9992,0.27,0.12,1,max_hold 171d (+0.3%),evening,False
AAPL,Pullback50,2025-12-29,2025-12-30,273.2523,272.3041,-0.347,-0.16,1,max_hold 171d (-0.3%),evening,False
ANET,Pullback50,2025-12-29,2025-12-30,134.15,134.25,0.075,0.03,1,max_hold 171d (+0.1%),evening,False
ADSK,Pullback50,2025-12-29,2025-12-30,301.23,299.53,-1.11,-0.51,1,stop_loss (-0.6%),evening,False
AMZN,Pullback50,2025-12-30,2025-12-30,231.21,232.53,0.571,0.26,0,max_hold 170d (+0.6%),morning,False
APH,Pullback50,2025-12-30,2025-12-30,136.9992,135.9313,-0.51,-0.24,0,stop_loss (-0.8%),morning,False
AAPL,Pullback50,2025-12-30,2025-12-30,272.3041,272.5735,0.099,0.05,0,max_hold 170d (+0.1%),morning,False
ANET,Pullback50,2025-12-30,2025-12-30,134.25,132.44,-1.348,-0.62,0,stop_loss (-1.3%),morning,False
ADSK,Pullback50,2025-12-30,2025-12-30,299.53,299.54,0.003,0.0,0,max_hold 170d (+0.0%),morning,False
AFL,Pullback50,2025-12-30,2025-12-31,109.6466,109.5774,-0.063,-0.03,1,max_hold 170d (-0.1%),evening,False
AMZN,Pullback50,2025-12-30,2025-12-31,232.53,232.91,0.163,0.07,1,max_hold 170d (+0.2%),evening,False
AEE,Pullback50,2025-12-30,2025-12-31,99.3599,99.1035,-0.258,-0.1,1,max_hold 170d (-0.3%),evening,False
AAPL,Pullback50,2025-12-30,2025-12-31,272.5735,272.5536,-0.007,-0.0,1,max_hold 170d (-0.0%),evening,False
ADSK,Pullback50,2025-12-30,2025-12-31,299.54,298.62,-0.307,-0.12,1,max_hold 170d (-0.3%),evening,False
AFL,Pullback50,2025-12-31,2025-12-31,109.5774,109.1222,-0.415,-0.17,0,max_hold 169d (-0.4%),morning,False
AMZN,Pullback50,2025-12-31,2025-12-31,232.91,230.82,-2.14,-0.86,0,stop_loss (-0.9%),morning,False
AEE,Pullback50,2025-12-31,2025-12-31,99.1035,98.492,-3.54,-1.42,0,stop_loss (-0.6%),morning,False
AAPL,Pullback50,2025-12-31,2025-12-31,272.5536,271.3558,-0.439,-0.18,0,max_hold 169d (-0.4%),morning,False
ADSK,Pullback50,2025-12-31,2025-12-31,298.62,296.01,-0.96,-0.39,0,stop_loss (-0.9%),morning,False
CVX,Pullback50,2025-12-31,2026-01-02,149.5636,149.3281,-0.157,-0.11,1,max_hold 169d (-0.2%),evening,False
CVX,Pullback50,2026-01-02,2026-01-02,149.3281,152.9884,2.451,1.65,0,max_hold 167d (+2.5%),morning,False
COIN,MomReversal,2026-01-02,2026-01-05,236.53,247.11,4.473,1.79,1,max_hold 167d (+4.5%),evening,True
AFL,Pullback50,2026-01-02,2026-01-05,109.0925,108.1623,-2.69,-1.08,1,stop_loss (-0.9%),evening,False
AEE,Pullback50,2026-01-02,2026-01-05,99.4783,98.9851,-0.496,-0.2,1,max_hold 167d (-0.5%),evening,False
APTV,Pullback50,2026-01-02,2026-01-05,78.44,78.26,-0.229,-0.09,1,max_hold 167d (-0.2%),evening,False
ADM,Pullback50,2026-01-02,2026-01-05,58.2244,57.6623,-1.08,-0.43,1,stop_loss (-1.0%),evening,False
COIN,MomReversal,2026-01-05,2026-01-05,247.11,254.92,3.161,1.26,0,max_hold 164d (+3.2%),morning,True
AFL,Pullback50,2026-01-05,2026-01-05,108.1623,111.0222,2.644,1.06,0,max_hold 164d (+2.6%),morning,False
AEE,Pullback50,2026-01-05,2026-01-05,98.9851,98.2355,-2.18,-0.87,0,stop_loss (-0.8%),morning,False
APTV,Pullback50,2026-01-05,2026-01-05,78.26,80.52,2.888,1.16,0,max_hold 164d (+2.9%),morning,False
ADM,Pullback50,2026-01-05,2026-01-05,57.6623,58.747,1.881,0.75,0,max_hold 164d (+1.9%),morning,False
AVB,52wkLow,2026-01-05,2026-01-06,178.2937,177.4234,-0.488,-0.09,1,max_hold 164d (-0.5%),evening,True
BRO,52wkLow,2026-01-05,2026-01-06,79.5037,79.1853,-0.4,-0.08,1,max_hold 164d (-0.4%),evening,True
CPB,52wkLow,2026-01-05,2026-01-06,25.8161,25.8451,0.112,0.02,1,max_hold 164d (+0.1%),evening,True
CHD,52wkLow,2026-01-05,2026-01-06,83.5781,83.1806,-0.476,-0.09,1,max_hold 164d (-0.5%),evening,True
CLX,52wkLow,2026-01-05,2026-01-06,98.9235,98.6793,-0.247,-0.05,1,max_hold 164d (-0.2%),evening,True
AVB,52wkLow,2026-01-06,2026-01-06,177.4234,181.7156,2.419,0.46,0,max_hold 163d (+2.4%),morning,True
BRO,52wkLow,2026-01-06,2026-01-06,79.1853,79.8519,0.842,0.16,0,max_hold 163d (+0.8%),morning,True
CPB,52wkLow,2026-01-06,2026-01-06,25.8451,26.1452,1.161,0.22,0,max_hold 163d (+1.2%),morning,True
CHD,52wkLow,2026-01-06,2026-01-06,83.1806,84.9792,2.162,0.41,0,max_hold 163d (+2.2%),morning,True
CLX,52wkLow,2026-01-06,2026-01-06,98.6793,98.2691,-0.416,-0.08,0,max_hold 163d (-0.4%),morning,True
CL,52wkLow,2026-01-06,2026-01-07,76.2562,76.9378,0.894,0.26,1,max_hold 163d (+0.9%),evening,True
CARR,GapDown,2026-01-06,2026-01-07,53.0824,53.2809,0.374,0.11,1,max_hold 163d (+0.4%),evening,False
MMM,Pullback50,2026-01-06,2026-01-07,164.6162,164.2596,-0.217,-0.06,1,max_hold 163d (-0.2%),evening,False
ALLE,Pullback50,2026-01-06,2026-01-07,160.5678,161.1631,0.371,0.11,1,max_hold 163d (+0.4%),evening,False
AEE,Pullback50,2026-01-06,2026-01-07,99.2317,99.8925,0.666,0.2,1,max_hold 163d (+0.7%),evening,False
CL,52wkLow,2026-01-07,2026-01-07,76.9378,76.1476,-1.1,-0.33,0,stop_loss (-1.0%),morning,True
CARR,GapDown,2026-01-07,2026-01-07,53.2809,52.1597,-2.104,-0.62,0,stop_loss (-2.1%),morning,False
MMM,Pullback50,2026-01-07,2026-01-07,164.2596,161.3478,-1.773,-0.52,0,stop_loss (-1.8%),morning,False
ALLE,Pullback50,2026-01-07,2026-01-07,161.1631,157.77,-2.105,-0.62,0,stop_loss (-2.1%),morning,False
AEE,Pullback50,2026-01-07,2026-01-07,99.8925,97.7128,-2.182,-0.65,0,stop_loss (-2.2%),morning,False
AZO,52wkLow,2026-01-07,2026-01-08,3318.0801,3307.75,-0.311,-0.11,1,max_hold 162d (-0.3%),evening,True
AVB,52wkLow,2026-01-07,2026-01-08,177.5224,176.5532,-0.91,-0.33,1,stop_loss (-0.5%),evening,True
CPB,52wkLow,2026-01-07,2026-01-08,25.4192,25.2914,-0.66,-0.24,1,stop_loss (-0.5%),evening,True
CL,52wkLow,2026-01-07,2026-01-08,76.1476,76.839,0.908,0.33,1,max_hold 162d (+0.9%),evening,True
CHTR,MomReversal,2026-01-07,2026-01-08,206.36,204.05,-0.61,-0.22,1,stop_loss (-1.1%),evening,True
AZO,52wkLow,2026-01-08,2026-01-08,3307.75,3313.99,0.189,0.07,0,max_hold 161d (+0.2%),morning,True
AVB,52wkLow,2026-01-08,2026-01-08,176.5532,182.0519,3.114,1.11,0,max_hold 161d (+3.1%),morning,True
CPB,52wkLow,2026-01-08,2026-01-08,25.2914,25.9989,2.797,1.0,0,max_hold 161d (+2.8%),morning,True
CL,52wkLow,2026-01-08,2026-01-08,76.839,79.8814,3.959,1.42,0,max_hold 161d (+4.0%),morning,True
CHTR,MomReversal,2026-01-08,2026-01-08,204.05,209.71,2.774,0.99,0,max_hold 161d (+2.8%),morning,True
AZO,52wkLow,2026-01-08,2026-01-09,3313.99,3303.6899,-0.311,-0.11,1,max_hold 161d (-0.3%),evening,True
BF-B,52wkLow,2026-01-08,2026-01-09,25.2351,25.3431,0.428,0.16,1,max_hold 161d (+0.4%),evening,True
MMM,Pullback50,2026-01-08,2026-01-09,163.6555,163.9031,0.151,0.05,1,max_hold 161d (+0.2%),evening,False
AFL,Pullback50,2026-01-08,2026-01-09,109.1123,108.7263,-0.354,-0.13,1,max_hold 161d (-0.4%),evening,False
ALLE,Pullback50,2026-01-08,2026-01-09,162.9787,164.6852,1.047,0.38,1,max_hold 161d (+1.0%),evening,False
AZO,52wkLow,2026-01-09,2026-01-09,3303.6899,3421.1699,3.556,1.29,0,max_hold 160d (+3.6%),morning,True
BF-B,52wkLow,2026-01-09,2026-01-09,25.3431,25.5003,0.62,0.23,0,max_hold 160d (+0.6%),morning,True
MMM,Pullback50,2026-01-09,2026-01-09,163.9031,163.6555,-0.151,-0.05,0,max_hold 160d (-0.2%),morning,False
AFL,Pullback50,2026-01-09,2026-01-09,108.7263,108.1029,-1.52,-0.55,0,stop_loss (-0.6%),morning,False
ALLE,Pullback50,2026-01-09,2026-01-09,164.6852,161.4111,-1.988,-0.72,0,stop_loss (-2.0%),morning,False
BRK-B,Pullback50,2026-01-09,2026-01-12,499.1,497.4,-0.341,-0.23,1,max_hold 160d (-0.3%),evening,False
KO,Pullback50,2026-01-09,2026-01-12,69.5793,69.9641,0.553,0.38,1,max_hold 160d (+0.6%),evening,False
BRK-B,Pullback50,2026-01-12,2026-01-12,497.4,498.67,0.255,0.18,0,max_hold 157d (+0.3%),morning,False
KO,Pullback50,2026-01-12,2026-01-12,69.9641,69.5694,-0.92,-0.63,0,stop_loss (-0.6%),morning,False
CPB,52wkLow,2026-01-12,2026-01-13,25.9301,25.881,-0.189,-0.08,1,max_hold 157d (-0.2%),evening,True
COF,GapDown,2026-01-12,2026-01-13,231.3182,232.7069,0.6,0.24,1,max_hold 157d (+0.6%),evening,False
C,GapDown,2026-01-12,2026-01-13,116.5384,116.5582,0.017,0.01,1,max_hold 157d (+0.0%),evening,False
AEE,Pullback50,2026-01-12,2026-01-13,98.8273,98.9358,0.11,0.04,1,max_hold 157d (+0.1%),evening,False
BRK-B,Pullback50,2026-01-12,2026-01-13,498.67,497.62,-0.211,-0.09,1,max_hold 157d (-0.2%),evening,False
CPB,52wkLow,2026-01-13,2026-01-13,25.881,25.655,-0.66,-0.27,0,stop_loss (-0.9%),morning,True
COF,GapDown,2026-01-13,2026-01-13,232.7069,229.5426,-1.36,-0.56,0,stop_loss (-1.4%),morning,False
C,GapDown,2026-01-13,2026-01-13,116.5582,115.1522,-1.206,-0.49,0,stop_loss (-1.2%),morning,False
AEE,Pullback50,2026-01-13,2026-01-13,98.9358,100.0405,1.117,0.46,0,max_hold 156d (+1.1%),morning,False
BRK-B,Pullback50,2026-01-13,2026-01-13,497.62,495.24,-0.478,-0.2,0,max_hold 156d (-0.5%),morning,False
ADBE,52wkLow,2026-01-13,2026-01-14,309.93,308.57,-0.439,-0.11,1,max_hold 156d (-0.4%),evening,True
BSX,52wkLow,2026-01-13,2026-01-14,94.14,93.92,-0.234,-0.06,1,max_hold 156d (-0.2%),evening,True
BF-B,52wkLow,2026-01-13,2026-01-14,25.8834,26.1584,1.063,0.27,1,max_hold 156d (+1.1%),evening,True
CPB,52wkLow,2026-01-13,2026-01-14,25.655,25.6452,-0.038,-0.01,1,max_hold 156d (-0.0%),evening,True
AMD,Pullback50,2026-01-13,2026-01-14,220.97,217.54,-1.552,-0.39,1,stop_loss (-1.6%),evening,False
ADBE,52wkLow,2026-01-14,2026-01-14,308.57,304.44,-1.338,-0.33,0,stop_loss (-1.3%),morning,True
BSX,52wkLow,2026-01-14,2026-01-14,93.92,93.74,-0.192,-0.05,0,max_hold 155d (-0.2%),morning,True
BF-B,52wkLow,2026-01-14,2026-01-14,26.1584,26.7183,2.14,0.54,0,max_hold 155d (+2.1%),morning,True
CPB,52wkLow,2026-01-14,2026-01-14,25.6452,26.3428,2.72,0.68,0,max_hold 155d (+2.7%),morning,True
AMD,Pullback50,2026-01-14,2026-01-14,217.54,223.6,2.786,0.7,0,max_hold 155d (+2.8%),morning,False
ADBE,52wkLow,2026-01-14,2026-01-15,304.44,304.97,0.174,0.04,1,max_hold 155d (+0.2%),evening,True
CPB,52wkLow,2026-01-14,2026-01-15,26.3428,26.2544,-0.336,-0.08,1,max_hold 155d (-0.3%),evening,True
AMD,Pullback50,2026-01-14,2026-01-15,223.6,227.9,1.923,0.48,1,max_hold 155d (+1.9%),evening,False
AES,Pullback50,2026-01-14,2026-01-15,13.6676,13.7457,0.571,0.14,1,max_hold 155d (+0.6%),evening,False
AFL,Pullback50,2026-01-14,2026-01-15,109.0331,109.1617,0.118,0.03,1,max_hold 155d (+0.1%),evening,False
ADBE,52wkLow,2026-01-15,2026-01-15,304.97,304.09,-0.289,-0.07,0,max_hold 154d (-0.3%),morning,True
CPB,52wkLow,2026-01-15,2026-01-15,26.2544,26.4312,0.674,0.17,0,max_hold 154d (+0.7%),morning,True
AMD,Pullback50,2026-01-15,2026-01-15,227.9,227.92,0.009,0.0,0,max_hold 154d (+0.0%),morning,False
AES,Pullback50,2026-01-15,2026-01-15,13.7457,14.0972,2.557,0.64,0,max_hold 154d (+2.6%),morning,False
AFL,Pullback50,2026-01-15,2026-01-15,109.1617,108.469,-6.86,-1.73,0,stop_loss (-0.6%),morning,False
BSX,52wkLow,2026-01-15,2026-01-16,90.03,90.02,-0.011,-0.0,1,max_hold 154d (-0.0%),evening,True
BR,52wkLow,2026-01-15,2026-01-16,216.6922,215.8723,-0.378,-0.11,1,max_hold 154d (-0.4%),evening,True
ALLE,Pullback50,2026-01-15,2026-01-16,162.2048,162.3239,0.073,0.02,1,max_hold 154d (+0.1%),evening,False
AMGN,Pullback50,2026-01-15,2026-01-16,325.3024,323.9915,-0.403,-0.12,1,max_hold 154d (-0.4%),evening,False
ANET,Pullback50,2026-01-15,2026-01-16,130.59,132.18,1.218,0.36,1,max_hold 154d (+1.2%),evening,False
BSX,52wkLow,2026-01-16,2026-01-16,90.02,88.07,-2.166,-0.64,0,stop_loss (-2.2%),morning,True
BR,52wkLow,2026-01-16,2026-01-16,215.8723,215.981,0.05,0.01,0,max_hold 153d (+0.1%),morning,True
ALLE,Pullback50,2026-01-16,2026-01-16,162.3239,163.693,0.843,0.25,0,max_hold 153d (+0.8%),morning,False
AMGN,Pullback50,2026-01-16,2026-01-16,323.9915,325.677,0.52,0.15,0,max_hold 153d (+0.5%),morning,False
ANET,Pullback50,2026-01-16,2026-01-16,132.18,129.83,-1.778,-0.53,0,stop_loss (-1.8%),morning,False
ADBE,52wkLow,2026-01-16,2026-01-20,296.12,294.32,-2.69,-0.63,1,stop_loss (-0.6%),evening,True
AMCR,52wkLow,2026-01-16,2026-01-20,39.7476,40.8447,2.76,0.64,1,max_hold 153d (+2.8%),evening,True
BSX,52wkLow,2026-01-16,2026-01-20,88.07,88.21,0.159,0.04,1,max_hold 153d (+0.2%),evening,True
CPB,52wkLow,2026-01-16,2026-01-20,25.6255,25.6354,0.038,0.01,1,max_hold 153d (+0.0%),evening,True
AFL,Pullback50,2026-01-16,2026-01-20,108.3701,108.2018,-0.155,-0.04,1,max_hold 153d (-0.2%),evening,False
ADBE,52wkLow,2026-01-20,2026-01-20,294.32,290.37,-1.342,-0.31,0,stop_loss (-1.3%),morning,True
AMCR,52wkLow,2026-01-20,2026-01-20,40.8447,39.9709,-2.139,-0.5,0,stop_loss (-2.1%),morning,True
BSX,52wkLow,2026-01-20,2026-01-20,88.21,91.2,3.39,0.79,0,max_hold 149d (+3.4%),morning,True
CPB,52wkLow,2026-01-20,2026-01-20,25.6354,25.9989,1.418,0.33,0,max_hold 149d (+1.4%),morning,True
AFL,Pullback50,2026-01-20,2026-01-20,108.2018,108.1227,-0.073,-0.02,0,max_hold 149d (-0.1%),morning,False
AON,52wkLow,2026-01-20,2026-01-21,338.6067,338.6067,-0.0,-0.0,1,max_hold 149d (-0.0%),evening,True
BSX,52wkLow,2026-01-20,2026-01-21,91.2,91.7,0.548,0.12,1,max_hold 149d (+0.5%),evening,True
BR,52wkLow,2026-01-20,2026-01-21,206.7348,207.3078,0.277,0.06,1,max_hold 149d (+0.3%),evening,True
CPB,MomReversal,2026-01-20,2026-01-21,25.9989,25.9891,-0.038,-0.01,1,max_hold 149d (-0.0%),evening,True
AMAT,GapDown,2026-01-20,2026-01-21,317.439,318.6859,0.393,0.09,1,max_hold 149d (+0.4%),evening,False
AON,52wkLow,2026-01-21,2026-01-21,338.6067,331.8845,-1.985,-0.43,0,stop_loss (-2.0%),morning,True
BSX,52wkLow,2026-01-21,2026-01-21,91.7,91.71,0.011,0.0,0,max_hold 148d (+0.0%),morning,True
BR,52wkLow,2026-01-21,2026-01-21,207.3078,204.3344,-1.434,-0.31,0,stop_loss (-1.4%),morning,True
CPB,MomReversal,2026-01-21,2026-01-21,25.9891,25.7434,-1.02,-0.22,0,stop_loss (-0.9%),morning,True
AMAT,GapDown,2026-01-21,2026-01-21,318.6859,324.4315,1.803,0.39,0,max_hold 148d (+1.8%),morning,False
ADBE,52wkLow,2026-01-21,2026-01-22,294.23,296.0,0.602,0.12,1,max_hold 148d (+0.6%),evening,True
AON,52wkLow,2026-01-21,2026-01-22,331.8845,331.1165,-0.231,-0.04,1,max_hold 148d (-0.2%),evening,True
ADP,52wkLow,2026-01-21,2026-01-22,252.9648,253.1715,0.082,0.02,1,max_hold 148d (+0.1%),evening,True
BSX,52wkLow,2026-01-21,2026-01-22,91.71,91.92,0.229,0.04,1,max_hold 148d (+0.2%),evening,True
BR,52wkLow,2026-01-21,2026-01-22,204.3344,205.1543,0.401,0.08,1,max_hold 148d (+0.4%),evening,True
ADBE,52wkLow,2026-01-22,2026-01-22,296.0,299.73,1.26,0.24,0,max_hold 147d (+1.3%),morning,True
AON,52wkLow,2026-01-22,2026-01-22,331.1165,335.076,1.196,0.23,0,max_hold 147d (+1.2%),morning,True
ADP,52wkLow,2026-01-22,2026-01-22,253.1715,255.7898,1.034,0.2,0,max_hold 147d (+1.0%),morning,True
BSX,52wkLow,2026-01-22,2026-01-22,91.92,91.29,-5.17,-0.99,0,stop_loss (-0.7%),morning,True
BR,52wkLow,2026-01-22,2026-01-22,205.1543,207.2386,1.016,0.19,0,max_hold 147d (+1.0%),morning,True
ABT,52wkLow,2026-01-22,2026-01-23,107.9329,107.595,-0.313,-0.08,1,max_hold 147d (-0.3%),evening,True
AON,52wkLow,2026-01-22,2026-01-23,335.076,335.2556,0.054,0.01,1,max_hold 147d (+0.1%),evening,True
AVB,52wkLow,2026-01-22,2026-01-23,173.8235,173.4379,-0.222,-0.06,1,max_hold 147d (-0.2%),evening,True
BR,52wkLow,2026-01-22,2026-01-23,207.2386,205.1642,-2.69,-0.67,1,stop_loss (-1.0%),evening,True
ADBE,MomReversal,2026-01-22,2026-01-23,299.73,301.46,0.577,0.14,1,max_hold 147d (+0.6%),evening,True
ABT,52wkLow,2026-01-23,2026-01-23,107.595,106.7503,-1.26,-0.32,0,stop_loss (-0.8%),morning,True
AON,52wkLow,2026-01-23,2026-01-23,335.2556,337.7989,0.759,0.19,0,max_hold 146d (+0.8%),morning,True
AVB,52wkLow,2026-01-23,2026-01-23,173.4379,176.8004,1.939,0.49,0,max_hold 146d (+1.9%),morning,True
BR,52wkLow,2026-01-23,2026-01-23,205.1642,205.016,-0.072,-0.02,0,max_hold 146d (-0.1%),morning,True
ADBE,MomReversal,2026-01-23,2026-01-23,301.46,301.07,-0.129,-0.03,0,max_hold 146d (-0.1%),morning,True
ABT,52wkLow,2026-01-23,2026-01-26,106.7503,107.0782,0.307,0.1,1,max_hold 146d (+0.3%),evening,True
ADP,52wkLow,2026-01-23,2026-01-26,253.831,254.3823,0.217,0.07,1,max_hold 146d (+0.2%),evening,True
BRK-B,52wkLow,2026-01-23,2026-01-26,478.97,478.47,-0.104,-0.03,1,max_hold 146d (-0.1%),evening,True
BR,52wkLow,2026-01-23,2026-01-26,205.016,205.2827,0.13,0.04,1,max_hold 146d (+0.1%),evening,True
CDW,52wkLow,2026-01-23,2026-01-26,124.6287,124.6188,-0.008,-0.0,1,max_hold 146d (-0.0%),evening,True
ABT,52wkLow,2026-01-26,2026-01-26,107.0782,108.0919,0.947,0.31,0,max_hold 143d (+0.9%),morning,True
ADP,52wkLow,2026-01-26,2026-01-26,254.3823,254.1263,-0.101,-0.03,0,max_hold 143d (-0.1%),morning,True
BRK-B,52wkLow,2026-01-26,2026-01-26,478.47,483.47,1.045,0.34,0,max_hold 143d (+1.0%),morning,True
BR,52wkLow,2026-01-26,2026-01-26,205.2827,206.3298,0.51,0.17,0,max_hold 143d (+0.5%),morning,True
CDW,52wkLow,2026-01-26,2026-01-26,124.6188,126.0134,1.119,0.36,0,max_hold 143d (+1.1%),morning,True
ABT,52wkLow,2026-01-26,2026-01-27,108.0919,107.3366,-0.8,-0.26,1,stop_loss (-0.7%),evening,True
AON,52wkLow,2026-01-26,2026-01-27,337.9784,336.2928,-0.499,-0.16,1,max_hold 143d (-0.5%),evening,True
CPB,52wkLow,2026-01-26,2026-01-27,26.6671,26.5393,-0.479,-0.16,1,max_hold 143d (-0.5%),evening,True
AEP,Pullback50,2026-01-26,2026-01-27,116.2499,115.9741,-0.237,-0.08,1,max_hold 143d (-0.2%),evening,False
ACGL,Pullback50,2026-01-26,2026-01-27,93.7,93.62,-0.085,-0.03,1,max_hold 143d (-0.1%),evening,False
ABT,52wkLow,2026-01-27,2026-01-27,107.3366,107.595,0.241,0.08,0,max_hold 142d (+0.2%),morning,True
AON,52wkLow,2026-01-27,2026-01-27,336.2928,329.8798,-1.907,-0.62,0,stop_loss (-1.9%),morning,True
CPB,52wkLow,2026-01-27,2026-01-27,26.5393,26.893,1.333,0.43,0,max_hold 142d (+1.3%),morning,True
AEP,Pullback50,2026-01-27,2026-01-27,115.9741,117.6388,1.435,0.47,0,max_hold 142d (+1.4%),morning,False
ACGL,Pullback50,2026-01-27,2026-01-27,93.62,93.46,-0.171,-0.06,0,max_hold 142d (-0.2%),morning,False
AON,52wkLow,2026-01-27,2026-01-28,329.8798,328.5433,-0.405,-0.09,1,max_hold 142d (-0.4%),evening,True
AJG,52wkLow,2026-01-27,2026-01-28,240.7899,240.9588,0.07,0.02,1,max_hold 142d (+0.1%),evening,True
T,52wkLow,2026-01-27,2026-01-28,22.7618,23.1774,1.826,0.4,1,max_hold 142d (+1.8%),evening,True
ADP,52wkLow,2026-01-27,2026-01-28,250.5236,245.7398,-1.91,-0.42,1,stop_loss (-1.9%),evening,True
BRK-B,52wkLow,2026-01-27,2026-01-28,474.67,473.01,-0.35,-0.08,1,max_hold 142d (-0.3%),evening,True
AON,52wkLow,2026-01-28,2026-01-28,328.5433,332.1238,1.09,0.24,0,max_hold 141d (+1.1%),morning,True
AJG,52wkLow,2026-01-28,2026-01-28,240.9588,240.8296,-0.054,-0.01,0,max_hold 141d (-0.1%),morning,True
T,52wkLow,2026-01-28,2026-01-28,23.1774,23.8207,2.775,0.6,0,max_hold 141d (+2.8%),morning,True
ADP,52wkLow,2026-01-28,2026-01-28,245.7398,246.7635,0.417,0.09,0,max_hold 141d (+0.4%),morning,True
BRK-B,52wkLow,2026-01-28,2026-01-28,473.01,473.49,0.101,0.02,0,max_hold 141d (+0.1%),morning,True
AON,52wkLow,2026-01-28,2026-01-29,332.1238,334.7369,0.787,0.23,1,max_hold 141d (+0.8%),evening,True
ADP,52wkLow,2026-01-28,2026-01-29,246.7635,245.4838,-0.79,-0.24,1,stop_loss (-0.5%),evening,True
BRO,52wkLow,2026-01-28,2026-01-29,71.7244,72.3312,0.846,0.25,1,max_hold 141d (+0.8%),evening,True
CHTR,52wkLow,2026-01-28,2026-01-29,182.81,180.96,-0.54,-0.16,1,stop_loss (-1.0%),evening,True
APH,GapDown,2026-01-28,2026-01-29,145.6721,147.9675,1.576,0.47,1,max_hold 141d (+1.6%),evening,False
AON,52wkLow,2026-01-29,2026-01-29,334.7369,342.0477,2.184,0.65,0,max_hold 140d (+2.2%),morning,True
ADP,52wkLow,2026-01-29,2026-01-29,245.4838,242.1174,-1.371,-0.41,0,stop_loss (-1.4%),morning,True
BRO,52wkLow,2026-01-29,2026-01-29,72.3312,71.7244,-6.95,-2.07,0,stop_loss (-0.8%),morning,True
CHTR,52wkLow,2026-01-29,2026-01-29,180.96,191.52,5.836,1.74,0,max_hold 140d (+5.8%),morning,True
APH,GapDown,2026-01-29,2026-01-29,147.9675,149.2849,0.89,0.27,0,max_hold 140d (+0.9%),morning,False
ADBE,52wkLow,2026-01-29,2026-01-30,291.65,291.6,-0.017,-0.0,1,max_hold 140d (-0.0%),evening,True
ADP,52wkLow,2026-01-29,2026-01-30,242.1174,241.2315,-0.366,-0.04,1,max_hold 140d (-0.4%),evening,True
AVB,52wkLow,2026-01-29,2026-01-30,172.8741,172.8544,-0.011,-0.0,1,max_hold 140d (-0.0%),evening,True
AXON,52wkLow,2026-01-29,2026-01-30,509.58,505.36,-0.77,-0.09,1,stop_loss (-0.8%),evening,True
BRK-B,52wkLow,2026-01-29,2026-01-30,476.79,476.3,-0.103,-0.01,1,max_hold 140d (-0.1%),evening,True
ADBE,52wkLow,2026-01-30,2026-01-30,291.6,293.25,0.566,0.07,0,max_hold 139d (+0.6%),morning,True
ADP,52wkLow,2026-01-30,2026-01-30,241.2315,242.9541,0.714,0.09,0,max_hold 139d (+0.7%),morning,True
AVB,52wkLow,2026-01-30,2026-01-30,172.8544,175.7125,1.654,0.2,0,max_hold 139d (+1.7%),morning,True
AXON,52wkLow,2026-01-30,2026-01-30,505.36,483.58,-4.31,-0.52,0,stop_loss (-4.3%),morning,True
BRK-B,52wkLow,2026-01-30,2026-01-30,476.3,480.53,0.888,0.11,0,max_hold 139d (+0.9%),morning,True
ABT,52wkLow,2026-01-30,2026-02-02,108.6186,108.549,-0.064,-0.01,1,max_hold 139d (-0.1%),evening,True
AJG,52wkLow,2026-01-30,2026-02-02,247.7851,248.8284,0.421,0.09,1,max_hold 139d (+0.4%),evening,True
ADP,52wkLow,2026-01-30,2026-02-02,242.9541,242.7376,-0.089,-0.02,1,max_hold 139d (-0.1%),evening,True
AXON,52wkLow,2026-01-30,2026-02-02,483.58,482.0,-0.327,-0.07,1,max_hold 139d (-0.3%),evening,True
BRO,52wkLow,2026-01-30,2026-02-02,71.7244,71.8836,0.222,0.05,1,max_hold 139d (+0.2%),evening,True
ABT,52wkLow,2026-02-02,2026-02-02,108.549,108.7279,0.165,0.04,0,max_hold 136d (+0.2%),morning,True
AJG,52wkLow,2026-02-02,2026-02-02,248.8284,243.7112,-2.057,-0.45,0,stop_loss (-2.1%),morning,True
ADP,52wkLow,2026-02-02,2026-02-02,242.7376,243.6825,0.389,0.09,0,max_hold 136d (+0.4%),morning,True
AXON,52wkLow,2026-02-02,2026-02-02,482.0,459.99,-4.566,-1.0,0,stop_loss (-4.6%),morning,True
BRO,52wkLow,2026-02-02,2026-02-02,71.8836,70.9286,-1.329,-0.29,0,stop_loss (-1.3%),morning,True
AXON,52wkLow,2026-02-02,2026-02-03,459.99,471.75,2.557,0.64,1,max_hold 136d (+2.6%),evening,True
BR,52wkLow,2026-02-02,2026-02-03,195.9279,197.6368,0.872,0.22,1,max_hold 136d (+0.9%),evening,True
CDW,52wkLow,2026-02-02,2026-02-03,125.4496,124.0945,-1.41,-0.35,1,stop_loss (-1.1%),evening,True
APA,GapDown,2026-02-02,2026-02-03,25.7179,25.7576,0.155,0.04,1,max_hold 136d (+0.2%),evening,False
ABBV,Pullback50,2026-02-02,2026-02-03,223.7835,222.1074,-1.23,-0.31,1,stop_loss (-0.7%),evening,False
AXON,52wkLow,2026-02-03,2026-02-03,471.75,451.29,-4.337,-1.09,0,stop_loss (-4.3%),morning,True
BR,52wkLow,2026-02-03,2026-02-03,197.6368,183.6886,-7.058,-1.77,0,stop_loss (-7.1%),morning,True
CDW,52wkLow,2026-02-03,2026-02-03,124.0945,124.7869,0.558,0.14,0,max_hold 135d (+0.6%),morning,True
APA,GapDown,2026-02-03,2026-02-03,25.7576,26.2841,2.044,0.51,0,max_hold 135d (+2.0%),morning,False
ABBV,Pullback50,2026-02-03,2026-02-03,222.1074,223.8033,0.764,0.19,0,max_hold 135d (+0.8%),morning,False
ACN,52wkLow,2026-02-03,2026-02-04,239.1817,235.84,-1.397,-0.24,1,stop_loss (-1.4%),evening,True
ADBE,52wkLow,2026-02-03,2026-02-04,271.93,267.23,-1.728,-0.3,1,stop_loss (-1.7%),evening,True
AWK,52wkLow,2026-02-03,2026-02-04,124.1541,125.2784,0.906,0.15,1,max_hold 135d (+0.9%),evening,True
ADSK,52wkLow,2026-02-03,2026-02-04,240.79,238.76,-1.02,-0.17,1,stop_loss (-0.8%),evening,True
ADP,52wkLow,2026-02-03,2026-02-04,231.398,231.8114,0.179,0.03,1,max_hold 135d (+0.2%),evening,True
ACN,52wkLow,2026-02-04,2026-02-04,235.84,239.618,1.602,0.27,0,max_hold 134d (+1.6%),morning,True
ADBE,52wkLow,2026-02-04,2026-02-04,267.23,279.71,4.67,0.8,0,max_hold 134d (+4.7%),morning,True
AWK,52wkLow,2026-02-04,2026-02-04,125.2784,122.586,-2.149,-0.37,0,stop_loss (-2.1%),morning,True
ADSK,52wkLow,2026-02-04,2026-02-04,238.76,243.41,1.948,0.33,0,max_hold 134d (+1.9%),morning,True
ADP,52wkLow,2026-02-04,2026-02-04,231.8114,230.9944,-0.352,-0.06,0,max_hold 134d (-0.4%),morning,True
ACN,52wkLow,2026-02-04,2026-02-05,239.618,238.4479,-0.488,-0.06,1,max_hold 134d (-0.5%),evening,True
ADBE,52wkLow,2026-02-04,2026-02-05,279.71,277.49,-0.58,-0.07,1,stop_loss (-0.8%),evening,True
AMT,52wkLow,2026-02-04,2026-02-05,173.1506,169.257,-2.249,-0.28,1,stop_loss (-2.2%),evening,True
AWK,52wkLow,2026-02-04,2026-02-05,122.586,123.227,0.523,0.07,1,max_hold 134d (+0.5%),evening,True
AJG,52wkLow,2026-02-04,2026-02-05,247.964,250.5773,1.054,0.13,1,max_hold 134d (+1.1%),evening,True
ACN,52wkLow,2026-02-05,2026-02-05,238.4479,231.6158,-2.865,-0.36,0,stop_loss (-2.9%),morning,True
ADBE,52wkLow,2026-02-05,2026-02-05,277.49,269.39,-2.919,-0.36,0,stop_loss (-2.9%),morning,True
AMT,52wkLow,2026-02-05,2026-02-05,169.257,168.188,-0.88,-0.11,0,stop_loss (-0.6%),morning,True
AWK,52wkLow,2026-02-05,2026-02-05,123.227,123.947,0.584,0.07,0,max_hold 133d (+0.6%),morning,True
AJG,52wkLow,2026-02-05,2026-02-05,250.5773,241.2072,-3.739,-0.47,0,stop_loss (-3.7%),morning,True
ACN,52wkLow,2026-02-05,2026-02-06,231.6158,230.3466,-2.35,-0.45,1,stop_loss (-0.5%),evening,True
AMT,52wkLow,2026-02-05,2026-02-06,168.188,169.4434,0.746,0.14,1,max_hold 133d (+0.7%),evening,True
AWK,52wkLow,2026-02-05,2026-02-06,123.947,124.7162,0.621,0.12,1,max_hold 133d (+0.6%),evening,True
ADSK,52wkLow,2026-02-05,2026-02-06,238.06,239.65,0.668,0.13,1,max_hold 133d (+0.7%),evening,True
AVB,52wkLow,2026-02-05,2026-02-06,167.8303,167.6721,-0.094,-0.02,1,max_hold 133d (-0.1%),evening,True
ACN,52wkLow,2026-02-06,2026-02-06,230.3466,238.5966,3.582,0.68,0,max_hold 132d (+3.6%),morning,True
AMT,52wkLow,2026-02-06,2026-02-06,169.4434,167.9723,-0.61,-0.12,0,stop_loss (-0.9%),morning,True
AWK,52wkLow,2026-02-06,2026-02-06,124.7162,122.6156,-1.684,-0.32,0,stop_loss (-1.7%),morning,True
ADSK,52wkLow,2026-02-06,2026-02-06,239.65,240.4,0.313,0.06,0,max_hold 132d (+0.3%),morning,True
AVB,52wkLow,2026-02-06,2026-02-06,167.6721,171.9148,2.53,0.48,0,max_hold 132d (+2.5%),morning,True
ADP,52wkLow,2026-02-06,2026-02-09,227.7363,227.7362,-0.0,-0.0,1,max_hold 132d (-0.0%),evening,True
AVB,52wkLow,2026-02-06,2026-02-09,171.9148,170.7379,-1.02,-0.37,1,stop_loss (-0.7%),evening,True
BSX,52wkLow,2026-02-06,2026-02-09,76.27,75.61,-0.76,-0.27,1,stop_loss (-0.9%),evening,True
BR,52wkLow,2026-02-06,2026-02-09,179.6977,179.1445,-0.308,-0.11,1,max_hold 132d (-0.3%),evening,True
AMZN,GapDown,2026-02-06,2026-02-09,210.32,208.97,-0.51,-0.18,1,stop_loss (-0.6%),evening,False
ADP,52wkLow,2026-02-09,2026-02-09,227.7362,223.0705,-2.049,-0.74,0,stop_loss (-2.0%),morning,True
AVB,52wkLow,2026-02-09,2026-02-09,170.7379,171.5489,0.475,0.17,0,max_hold 129d (+0.5%),morning,True
BSX,52wkLow,2026-02-09,2026-02-09,75.61,74.12,-1.971,-0.71,0,stop_loss (-2.0%),morning,True
BR,52wkLow,2026-02-09,2026-02-09,179.1445,178.8482,-0.165,-0.06,0,max_hold 129d (-0.2%),morning,True
AMZN,GapDown,2026-02-09,2026-02-09,208.97,208.72,-0.12,-0.04,0,max_hold 129d (-0.1%),morning,False
AWK,52wkLow,2026-02-09,2026-02-10,121.2546,121.7094,0.375,0.09,1,max_hold 129d (+0.4%),evening,True
AON,52wkLow,2026-02-09,2026-02-10,309.5234,312.1665,0.854,0.2,1,max_hold 129d (+0.9%),evening,True
AJG,52wkLow,2026-02-09,2026-02-10,216.4058,219.0986,1.244,0.29,1,max_hold 129d (+1.2%),evening,True
ADP,52wkLow,2026-02-09,2026-02-10,223.0705,220.5014,-0.51,-0.12,1,stop_loss (-1.2%),evening,True
BKNG,52wkLow,2026-02-09,2026-02-10,168.6722,167.9744,-0.414,-0.1,1,max_hold 129d (-0.4%),evening,True
AWK,52wkLow,2026-02-10,2026-02-10,121.7094,124.142,1.999,0.46,0,max_hold 128d (+2.0%),morning,True
AON,52wkLow,2026-02-10,2026-02-10,312.1665,317.0835,1.575,0.36,0,max_hold 128d (+1.6%),morning,True
AJG,52wkLow,2026-02-10,2026-02-10,219.0986,211.2289,-3.592,-0.83,0,stop_loss (-3.6%),morning,True
ADP,52wkLow,2026-02-10,2026-02-10,220.5014,221.9976,0.679,0.16,0,max_hold 128d (+0.7%),morning,True
BKNG,52wkLow,2026-02-10,2026-02-10,167.9744,170.4274,1.46,0.34,0,max_hold 128d (+1.5%),morning,True
AON,52wkLow,2026-02-10,2026-02-11,317.0835,314.4903,-0.79,-0.26,1,stop_loss (-0.8%),evening,True
AJG,52wkLow,2026-02-10,2026-02-11,211.2289,210.3843,-0.4,-0.13,1,max_hold 128d (-0.4%),evening,True
ADP,52wkLow,2026-02-10,2026-02-11,221.9976,221.9976,0.0,0.0,1,max_hold 128d (+0.0%),evening,True
BKNG,52wkLow,2026-02-10,2026-02-11,170.4274,169.3303,-0.98,-0.32,1,stop_loss (-0.6%),evening,True
BR,52wkLow,2026-02-10,2026-02-11,170.412,169.2859,-0.66,-0.21,1,stop_loss (-0.7%),evening,True
AON,52wkLow,2026-02-11,2026-02-11,314.4903,309.1544,-1.697,-0.55,0,stop_loss (-1.7%),morning,True
AJG,52wkLow,2026-02-11,2026-02-11,210.3843,204.0051,-3.032,-0.98,0,stop_loss (-3.0%),morning,True
ADP,52wkLow,2026-02-11,2026-02-11,221.9976,214.1622,-3.529,-1.14,0,stop_loss (-3.5%),morning,True
BKNG,52wkLow,2026-02-11,2026-02-11,169.3303,171.6734,1.384,0.45,0,max_hold 127d (+1.4%),morning,True
BR,52wkLow,2026-02-11,2026-02-11,169.2859,165.5123,-2.229,-0.72,0,stop_loss (-2.2%),morning,True
ADBE,52wkLow,2026-02-11,2026-02-12,257.16,258.36,0.467,0.17,1,max_hold 127d (+0.5%),evening,True
AON,52wkLow,2026-02-11,2026-02-12,309.1544,308.8951,-0.084,-0.03,1,max_hold 127d (-0.1%),evening,True
AJG,52wkLow,2026-02-11,2026-02-12,204.0051,203.876,-0.063,-0.02,1,max_hold 127d (-0.1%),evening,True
BKNG,52wkLow,2026-02-11,2026-02-12,171.6734,170.2809,-1.31,-0.46,1,stop_loss (-0.8%),evening,True
BR,52wkLow,2026-02-11,2026-02-12,165.5123,164.7813,-0.442,-0.16,1,max_hold 127d (-0.4%),evening,True
ADBE,52wkLow,2026-02-12,2026-02-12,258.36,262.5,1.602,0.57,0,max_hold 126d (+1.6%),morning,True
AON,52wkLow,2026-02-12,2026-02-12,308.8951,313.6625,1.543,0.55,0,max_hold 126d (+1.5%),morning,True
AJG,52wkLow,2026-02-12,2026-02-12,203.876,203.4884,-0.19,-0.07,0,max_hold 126d (-0.2%),morning,True
BKNG,52wkLow,2026-02-12,2026-02-12,170.2809,165.5691,-2.767,-0.98,0,stop_loss (-2.8%),morning,True
BR,52wkLow,2026-02-12,2026-02-12,164.7813,168.3968,2.194,0.78,0,max_hold 126d (+2.2%),morning,True
ACN,52wkLow,2026-02-12,2026-02-13,220.1828,221.333,0.522,0.12,1,max_hold 126d (+0.5%),evening,True
ADBE,52wkLow,2026-02-12,2026-02-13,262.5,262.17,-0.126,-0.03,1,max_hold 126d (-0.1%),evening,True
AON,52wkLow,2026-02-12,2026-02-13,313.6625,317.1134,1.1,0.25,1,max_hold 126d (+1.1%),evening,True
AJG,52wkLow,2026-02-12,2026-02-13,203.4884,204.8299,0.659,0.15,1,max_hold 126d (+0.7%),evening,True
ADSK,52wkLow,2026-02-12,2026-02-13,223.49,223.83,0.152,0.03,1,max_hold 126d (+0.2%),evening,True
ACN,52wkLow,2026-02-13,2026-02-13,221.333,222.3444,0.457,0.1,0,max_hold 125d (+0.5%),morning,True
ADBE,52wkLow,2026-02-13,2026-02-13,262.17,263.97,0.687,0.16,0,max_hold 125d (+0.7%),morning,True
AON,52wkLow,2026-02-13,2026-02-13,317.1134,320.8536,1.179,0.27,0,max_hold 125d (+1.2%),morning,True
AJG,52wkLow,2026-02-13,2026-02-13,204.8299,207.1252,1.121,0.26,0,max_hold 125d (+1.1%),morning,True
ADSK,52wkLow,2026-02-13,2026-02-13,223.83,231.22,3.302,0.75,0,max_hold 125d (+3.3%),morning,True
ACN,52wkLow,2026-02-13,2026-02-17,222.3444,223.7228,0.62,0.17,1,max_hold 125d (+0.6%),evening,True
AJG,52wkLow,2026-02-13,2026-02-17,207.1252,210.911,1.828,0.49,1,max_hold 125d (+1.8%),evening,True
BKNG,52wkLow,2026-02-13,2026-02-17,164.8326,164.458,-0.227,-0.06,1,max_hold 125d (-0.2%),evening,True
BRO,52wkLow,2026-02-13,2026-02-17,68.2699,68.7385,0.686,0.18,1,max_hold 125d (+0.7%),evening,True
CTSH,52wkLow,2026-02-13,2026-02-17,65.7494,65.947,0.301,0.08,1,max_hold 125d (+0.3%),evening,True
ACN,52wkLow,2026-02-17,2026-02-17,223.7228,218.0409,-2.54,-0.68,0,stop_loss (-2.5%),morning,True
AJG,52wkLow,2026-02-17,2026-02-17,210.911,212.6399,0.82,0.22,0,max_hold 121d (+0.8%),morning,True
BKNG,52wkLow,2026-02-17,2026-02-17,164.458,164.8147,0.217,0.06,0,max_hold 121d (+0.2%),morning,True
BRO,52wkLow,2026-02-17,2026-02-17,68.7385,68.6288,-0.16,-0.04,0,max_hold 121d (-0.2%),morning,True
CTSH,52wkLow,2026-02-17,2026-02-17,65.947,64.3959,-2.352,-0.63,0,stop_loss (-2.4%),morning,True
ACN,52wkLow,2026-02-17,2026-02-18,218.0409,217.5749,-0.214,-0.09,1,max_hold 121d (-0.2%),evening,True
AJG,52wkLow,2026-02-17,2026-02-18,212.6399,212.3021,-0.159,-0.06,1,max_hold 121d (-0.2%),evening,True
BRO,52wkLow,2026-02-17,2026-02-18,68.6288,68.6488,0.029,0.01,1,max_hold 121d (+0.0%),evening,True
CTSH,52wkLow,2026-02-17,2026-02-18,64.3959,64.4952,0.154,0.06,1,max_hold 121d (+0.2%),evening,True
COIN,MomReversal,2026-02-17,2026-02-18,166.02,165.4,-0.373,-0.15,1,max_hold 121d (-0.4%),evening,False
ACN,52wkLow,2026-02-18,2026-02-18,217.5749,221.7297,1.91,0.77,0,max_hold 120d (+1.9%),morning,True
AJG,52wkLow,2026-02-18,2026-02-18,212.3021,213.1268,0.388,0.16,0,max_hold 120d (+0.4%),morning,True
BRO,52wkLow,2026-02-18,2026-02-18,68.6488,69.4863,1.22,0.49,0,max_hold 120d (+1.2%),morning,True
CTSH,52wkLow,2026-02-18,2026-02-18,64.4952,66.3422,2.864,1.15,0,max_hold 120d (+2.9%),morning,True
COIN,MomReversal,2026-02-18,2026-02-18,165.4,164.05,-5.95,-2.39,0,stop_loss (-0.8%),morning,False
BKNG,52wkLow,2026-02-18,2026-02-19,169.9835,162.7733,-4.242,-1.36,1,stop_loss (-4.2%),evening,True
CVNA,GapDown,2026-02-18,2026-02-19,72.306,68.38,-5.43,-1.74,1,stop_loss (-5.4%),evening,False
CRL,GapDown,2026-02-18,2026-02-19,158.0,154.09,-2.475,-0.79,1,stop_loss (-2.5%),evening,False
AAPL,Pullback50,2026-02-18,2026-02-19,264.1067,262.3583,-1.59,-0.51,1,stop_loss (-0.7%),evening,False
BLK,Pullback50,2026-02-18,2026-02-19,1080.1262,1065.9257,-1.315,-0.42,1,stop_loss (-1.3%),evening,False
BKNG,52wkLow,2026-02-19,2026-02-19,162.7733,159.5321,-1.991,-0.63,0,stop_loss (-2.0%),morning,True
CVNA,GapDown,2026-02-19,2026-02-19,68.38,66.558,-2.665,-0.84,0,stop_loss (-2.7%),morning,False
CRL,GapDown,2026-02-19,2026-02-19,154.09,164.24,6.587,2.09,0,max_hold 119d (+6.6%),morning,False
AAPL,Pullback50,2026-02-19,2026-02-19,262.3583,260.3401,-0.53,-0.17,0,stop_loss (-0.8%),morning,False
BLK,Pullback50,2026-02-19,2026-02-19,1065.9257,1069.2682,0.314,0.1,0,max_hold 119d (+0.3%),morning,False
ACN,52wkLow,2026-02-19,2026-02-20,213.1425,211.7443,-0.9,-0.32,1,stop_loss (-0.7%),evening,True
BKNG,52wkLow,2026-02-19,2026-02-20,159.5321,159.7319,0.125,0.04,1,max_hold 119d (+0.1%),evening,True
CF,VolumeSpike,2026-02-19,2026-02-20,99.0556,98.9958,-0.06,-0.02,1,max_hold 119d (-0.1%),evening,True
ALB,GapDown,2026-02-19,2026-02-20,167.5661,165.6657,-0.51,-0.18,1,stop_loss (-1.1%),evening,False
ARES,GapDown,2026-02-19,2026-02-20,126.8283,123.4488,-2.665,-0.94,1,stop_loss (-2.7%),evening,False
ACN,52wkLow,2026-02-20,2026-02-20,211.7443,213.5391,0.848,0.3,0,max_hold 118d (+0.8%),morning,True
BKNG,52wkLow,2026-02-20,2026-02-20,159.7319,162.2924,1.603,0.56,0,max_hold 118d (+1.6%),morning,True
CF,VolumeSpike,2026-02-20,2026-02-20,98.9958,96.7849,-2.233,-0.78,0,stop_loss (-2.2%),morning,True
ALB,GapDown,2026-02-20,2026-02-20,165.6657,167.576,1.153,0.4,0,max_hold 118d (+1.2%),morning,False
ARES,GapDown,2026-02-20,2026-02-20,123.4488,120.294,-2.556,-0.9,0,stop_loss (-2.6%),morning,False
BX,52wkLow,2026-02-20,2026-02-23,120.1566,118.1156,-1.699,-0.32,1,stop_loss (-1.7%),evening,True
BKNG,52wkLow,2026-02-20,2026-02-23,162.2924,161.3008,-0.65,-0.12,1,stop_loss (-0.6%),evening,True
CTSH,52wkLow,2026-02-20,2026-02-23,64.5747,63.8001,-1.04,-0.19,1,stop_loss (-1.2%),evening,True
BBY,VolumeSpike,2026-02-20,2026-02-23,62.6789,62.2123,-1.45,-0.27,1,stop_loss (-0.7%),evening,True
CNP,VolumeSpike,2026-02-20,2026-02-23,42.7659,42.2089,-1.302,-0.24,1,stop_loss (-1.3%),evening,True
BX,52wkLow,2026-02-23,2026-02-23,118.1156,112.666,-4.614,-0.85,0,stop_loss (-4.6%),morning,True
BKNG,52wkLow,2026-02-23,2026-02-23,161.3008,154.0934,-4.468,-0.83,0,stop_loss (-4.5%),morning,True
CTSH,52wkLow,2026-02-23,2026-02-23,63.8001,60.702,-4.856,-0.9,0,stop_loss (-4.9%),morning,True
BBY,VolumeSpike,2026-02-23,2026-02-23,62.2123,60.9583,-2.016,-0.37,0,stop_loss (-2.0%),morning,True
CNP,VolumeSpike,2026-02-23,2026-02-23,42.2089,42.6565,1.06,0.2,0,max_hold 115d (+1.1%),morning,True
ACN,52wkLow,2026-02-23,2026-02-24,199.4883,198.8536,-0.318,-0.1,1,max_hold 115d (-0.3%),evening,True
ADBE,52wkLow,2026-02-23,2026-02-24,246.68,245.57,-0.45,-0.14,1,max_hold 115d (-0.4%),evening,True
ARES,52wkLow,2026-02-23,2026-02-24,111.9038,111.1615,-1.33,-0.41,1,stop_loss (-0.7%),evening,True
BX,52wkLow,2026-02-23,2026-02-24,112.666,112.9138,0.22,0.07,1,max_hold 115d (+0.2%),evening,True
BKNG,52wkLow,2026-02-23,2026-02-24,154.0934,154.8566,0.495,0.15,1,max_hold 115d (+0.5%),evening,True
ACN,52wkLow,2026-02-24,2026-02-24,198.8536,195.0757,-1.9,-0.59,0,stop_loss (-1.9%),morning,True
ADBE,52wkLow,2026-02-24,2026-02-24,245.57,255.17,3.909,1.22,0,max_hold 114d (+3.9%),morning,True
ARES,52wkLow,2026-02-24,2026-02-24,111.1615,114.4336,2.944,0.92,0,max_hold 114d (+2.9%),morning,True
BX,52wkLow,2026-02-24,2026-02-24,112.9138,115.3413,2.15,0.67,0,max_hold 114d (+2.1%),morning,True
BKNG,52wkLow,2026-02-24,2026-02-24,154.8566,161.9648,4.59,1.43,0,max_hold 114d (+4.6%),morning,True
ACN,52wkLow,2026-02-24,2026-02-25,195.0757,194.7088,-0.188,-0.04,1,max_hold 114d (-0.2%),evening,True
ADP,52wkLow,2026-02-24,2026-02-25,202.4585,202.8817,0.209,0.04,1,max_hold 114d (+0.2%),evening,True
A,MomReversal,2026-02-24,2026-02-25,124.1168,125.2243,0.892,0.18,1,max_hold 114d (+0.9%),evening,False
TECH,MomReversal,2026-02-24,2026-02-25,57.4936,58.0825,1.024,0.2,1,max_hold 114d (+1.0%),evening,False
XYZ,MomReversal,2026-02-24,2026-02-25,51.0,51.655,1.284,0.25,1,max_hold 114d (+1.3%),evening,False
ACN,52wkLow,2026-02-25,2026-02-25,194.7088,189.8897,-2.475,-0.49,0,stop_loss (-2.5%),morning,True
ADP,52wkLow,2026-02-25,2026-02-25,202.8817,210.8942,3.949,0.78,0,max_hold 113d (+3.9%),morning,True
A,MomReversal,2026-02-25,2026-02-25,125.2243,124.4361,-0.53,-0.1,0,stop_loss (-0.6%),morning,False
TECH,MomReversal,2026-02-25,2026-02-25,58.0825,57.7631,-1.4,-0.28,0,stop_loss (-0.5%),morning,False
XYZ,MomReversal,2026-02-25,2026-02-25,51.655,51.94,0.552,0.11,0,max_hold 113d (+0.6%),morning,False
ACN,52wkLow,2026-02-25,2026-02-26,189.8897,192.3686,1.305,0.29,1,max_hold 113d (+1.3%),evening,True
ADP,52wkLow,2026-02-25,2026-02-26,210.8942,211.4159,0.247,0.06,1,max_hold 113d (+0.2%),evening,True
CPB,52wkLow,2026-02-25,2026-02-26,26.0284,26.1856,0.604,0.14,1,max_hold 113d (+0.6%),evening,True
CDW,52wkLow,2026-02-25,2026-02-26,120.8633,122.0662,0.995,0.22,1,max_hold 113d (+1.0%),evening,True
CTSH,52wkLow,2026-02-25,2026-02-26,60.9006,61.3673,0.766,0.17,1,max_hold 113d (+0.8%),evening,True
ACN,52wkLow,2026-02-26,2026-02-26,192.3686,205.6361,6.897,1.56,0,max_hold 112d (+6.9%),morning,True
ADP,52wkLow,2026-02-26,2026-02-26,211.4159,214.9399,1.667,0.38,0,max_hold 112d (+1.7%),morning,True
CPB,52wkLow,2026-02-26,2026-02-26,26.1856,26.3919,0.788,0.18,0,max_hold 112d (+0.8%),morning,True
CDW,52wkLow,2026-02-26,2026-02-26,122.0662,122.6627,0.489,0.11,0,max_hold 112d (+0.5%),morning,True
CTSH,52wkLow,2026-02-26,2026-02-26,61.3673,64.5151,5.129,1.16,0,max_hold 112d (+5.1%),morning,True
LNT,VolumeSpike,2026-02-26,2026-02-27,70.9191,71.1275,0.294,0.13,1,max_hold 112d (+0.3%),evening,True
APA,VolumeSpike,2026-02-26,2026-02-27,28.9065,29.3933,1.684,0.77,1,max_hold 112d (+1.7%),evening,True
XYZ,VolumeSpike,2026-02-26,2026-02-27,54.53,63.09,15.698,7.16,1,max_hold 112d (+15.7%),evening,True
CTSH,MomReversal,2026-02-26,2026-02-27,64.5151,63.9292,-1.41,-0.64,1,stop_loss (-0.9%),evening,False
C,Pullback50,2026-02-26,2026-02-27,115.643,112.6471,-2.591,-1.18,1,stop_loss (-2.6%),evening,False
LNT,VolumeSpike,2026-02-27,2026-02-27,71.1275,71.8025,0.949,0.44,0,max_hold 111d (+0.9%),morning,True
APA,VolumeSpike,2026-02-27,2026-02-27,29.3933,30.1681,2.636,1.23,0,max_hold 111d (+2.6%),morning,True
XYZ,VolumeSpike,2026-02-27,2026-02-27,63.09,63.7,0.967,0.45,0,max_hold 111d (+1.0%),morning,True
CTSH,MomReversal,2026-02-27,2026-02-27,63.9292,63.9789,0.078,0.04,0,max_hold 111d (+0.1%),morning,False
C,Pullback50,2026-02-27,2026-02-27,112.6471,109.6712,-2.642,-1.23,0,stop_loss (-2.6%),morning,False
APO,52wkLow,2026-02-27,2026-03-02,104.1608,102.0696,-2.008,-0.39,1,stop_loss (-2.0%),evening,True
ADP,52wkLow,2026-02-27,2026-03-02,211.0025,209.2602,-1.72,-0.33,1,stop_loss (-0.8%),evening,True
AVB,52wkLow,2026-02-27,2026-03-02,175.2774,175.04,-0.135,-0.03,1,max_hold 111d (-0.1%),evening,True
BXP,52wkLow,2026-02-27,2026-03-02,56.8022,56.2202,-0.63,-0.12,1,stop_loss (-1.0%),evening,True
AES,VolumeSpike,2026-02-27,2026-03-02,17.0695,14.1752,-16.956,-3.25,1,stop_loss (-17.0%),evening,True
APO,52wkLow,2026-03-02,2026-03-02,102.0696,106.003,3.854,0.73,0,max_hold 108d (+3.9%),morning,True
ADP,52wkLow,2026-03-02,2026-03-02,209.2602,211.603,1.12,0.21,0,max_hold 108d (+1.1%),morning,True
AVB,52wkLow,2026-03-02,2026-03-02,175.04,177.0377,1.141,0.22,0,max_hold 108d (+1.1%),morning,True
BXP,52wkLow,2026-03-02,2026-03-02,56.2202,55.4803,-1.316,-0.25,0,stop_loss (-1.3%),morning,True
AES,VolumeSpike,2026-03-02,2026-03-02,14.1752,14.0369,-1.6,-0.3,0,stop_loss (-1.0%),morning,True
BRK-B,52wkLow,2026-03-02,2026-03-03,480.17,477.08,-0.79,-0.14,1,stop_loss (-0.6%),evening,True
CPB,52wkLow,2026-03-02,2026-03-03,25.8613,25.6452,-0.79,-0.14,1,stop_loss (-0.8%),evening,True
AMD,GapDown,2026-03-02,2026-03-03,198.62,191.46,-3.605,-0.65,1,stop_loss (-3.6%),evening,True
ABNB,GapDown,2026-03-02,2026-03-03,133.26,131.88,-1.28,-0.23,1,stop_loss (-1.0%),evening,True
APP,GapDown,2026-03-02,2026-03-03,432.98,414.01,-4.381,-0.79,1,stop_loss (-4.4%),evening,True
BRK-B,52wkLow,2026-03-03,2026-03-03,477.08,481.36,0.897,0.16,0,max_hold 107d (+0.9%),morning,True
CPB,52wkLow,2026-03-03,2026-03-03,25.6452,25.596,-0.192,-0.03,0,max_hold 107d (-0.2%),morning,True
AMD,GapDown,2026-03-03,2026-03-03,191.46,190.95,-0.266,-0.05,0,max_hold 107d (-0.3%),morning,True
ABNB,GapDown,2026-03-03,2026-03-03,131.88,133.04,0.88,0.16,0,max_hold 107d (+0.9%),morning,True
APP,GapDown,2026-03-03,2026-03-03,414.01,438.89,6.01,1.07,0,max_hold 107d (+6.0%),morning,True
APO,52wkLow,2026-03-03,2026-03-04,106.6303,107.2079,0.542,0.08,1,max_hold 107d (+0.5%),evening,True
BRK-B,52wkLow,2026-03-03,2026-03-04,481.36,481.0,-0.075,-0.01,1,max_hold 107d (-0.1%),evening,True
BX,52wkLow,2026-03-03,2026-03-04,109.9017,111.0213,1.019,0.16,1,max_hold 107d (+1.0%),evening,True
CPB,52wkLow,2026-03-03,2026-03-04,25.596,25.5567,-0.154,-0.02,1,max_hold 107d (-0.2%),evening,True
ALGN,GapDown,2026-03-03,2026-03-04,182.64,183.06,0.23,0.04,1,max_hold 107d (+0.2%),evening,True
APO,52wkLow,2026-03-04,2026-03-04,107.2079,109.329,1.978,0.3,0,max_hold 106d (+2.0%),morning,True
BRK-B,52wkLow,2026-03-04,2026-03-04,481.0,487.48,1.347,0.21,0,max_hold 106d (+1.3%),morning,True
BX,52wkLow,2026-03-04,2026-03-04,111.0213,113.0921,1.865,0.29,0,max_hold 106d (+1.9%),morning,True
CPB,52wkLow,2026-03-04,2026-03-04,25.5567,24.6528,-3.537,-0.54,0,stop_loss (-3.5%),morning,True
ALGN,GapDown,2026-03-04,2026-03-04,183.06,182.16,-0.492,-0.08,0,max_hold 106d (-0.5%),morning,True
BF-B,52wkLow,2026-03-04,2026-03-05,25.795,25.5887,-0.53,-0.24,1,stop_loss (-0.8%),evening,True
CPB,52wkLow,2026-03-04,2026-03-05,24.6528,24.584,-0.279,-0.13,1,max_hold 106d (-0.3%),evening,True
ANET,Pullback50,2026-03-04,2026-03-05,134.83,135.115,0.211,0.1,1,max_hold 106d (+0.2%),evening,False
AIZ,Pullback50,2026-03-04,2026-03-05,231.1569,228.9843,-1.06,-0.49,1,stop_loss (-0.9%),evening,False
CPT,Pullback50,2026-03-04,2026-03-05,107.5718,106.6123,-3.68,-1.7,1,stop_loss (-0.9%),evening,False
BF-B,52wkLow,2026-03-05,2026-03-05,25.5887,25.6575,0.269,0.12,0,max_hold 105d (+0.3%),morning,True
CPB,52wkLow,2026-03-05,2026-03-05,24.584,24.6233,0.16,0.07,0,max_hold 105d (+0.2%),morning,True
ANET,Pullback50,2026-03-05,2026-03-05,135.115,139.4,3.171,1.45,0,max_hold 105d (+3.2%),morning,False
AIZ,Pullback50,2026-03-05,2026-03-05,228.9843,226.4032,-5.73,-2.62,0,stop_loss (-1.1%),morning,False
CPT,Pullback50,2026-03-05,2026-03-05,106.6123,107.463,0.798,0.37,0,max_hold 105d (+0.8%),morning,False
BLDR,52wkLow,2026-03-05,2026-03-06,95.51,93.72,-1.874,-0.86,1,stop_loss (-1.9%),evening,True
CPB,52wkLow,2026-03-05,2026-03-06,24.6233,24.5643,-0.239,-0.11,1,max_hold 105d (-0.2%),evening,True
AVGO,Pullback50,2026-03-05,2026-03-06,332.0734,327.5928,-1.349,-0.62,1,stop_loss (-1.3%),evening,False
CPT,Pullback50,2026-03-05,2026-03-06,107.463,106.4639,-2.77,-1.26,1,stop_loss (-0.9%),evening,False
APD,RSIRecovery,2026-03-05,2026-03-06,274.6281,274.5486,-0.029,-0.01,1,max_hold 105d (-0.0%),evening,False
BLDR,52wkLow,2026-03-06,2026-03-06,93.72,93.12,-2.35,-1.06,0,stop_loss (-0.6%),morning,True
CPB,52wkLow,2026-03-06,2026-03-06,24.5643,25.3504,3.2,1.45,0,max_hold 104d (+3.2%),morning,True
AVGO,Pullback50,2026-03-06,2026-03-06,327.5928,329.7882,0.67,0.3,0,max_hold 104d (+0.7%),morning,False
CPT,Pullback50,2026-03-06,2026-03-06,106.4639,105.3758,-2.62,-1.19,0,stop_loss (-1.0%),morning,False
APD,RSIRecovery,2026-03-06,2026-03-06,274.5486,270.4841,-1.48,-0.67,0,stop_loss (-1.5%),morning,False
ABT,52wkLow,2026-03-06,2026-03-09,108.8769,108.7378,-0.128,-0.03,1,max_hold 104d (-0.1%),evening,True
BLDR,52wkLow,2026-03-06,2026-03-09,93.12,91.57,-1.665,-0.38,1,stop_loss (-1.7%),evening,True
CPB,52wkLow,2026-03-06,2026-03-09,25.3504,25.1342,-0.91,-0.21,1,stop_loss (-0.9%),evening,True
ALB,GapDown,2026-03-06,2026-03-09,161.4767,157.9644,-2.175,-0.49,1,stop_loss (-2.2%),evening,True
APO,GapDown,2026-03-06,2026-03-09,108.2435,106.1225,-1.96,-0.44,1,stop_loss (-2.0%),evening,True
ABT,52wkLow,2026-03-09,2026-03-09,108.7378,111.9477,2.952,0.66,0,max_hold 101d (+3.0%),morning,True
BLDR,52wkLow,2026-03-09,2026-03-09,91.57,94.95,3.691,0.83,0,max_hold 101d (+3.7%),morning,True
CPB,52wkLow,2026-03-09,2026-03-09,25.1342,24.8493,-0.52,-0.12,0,stop_loss (-1.1%),morning,True
ALB,GapDown,2026-03-09,2026-03-09,157.9644,168.7203,6.809,1.53,0,max_hold 101d (+6.8%),morning,True
APO,GapDown,2026-03-09,2026-03-09,106.1225,107.6859,1.473,0.33,0,max_hold 101d (+1.5%),morning,True
BLDR,52wkLow,2026-03-09,2026-03-10,94.95,94.16,-0.98,-0.24,1,stop_loss (-0.8%),evening,True
CCL,GapDown,2026-03-09,2026-03-10,26.2293,25.7423,-1.857,-0.45,1,stop_loss (-1.9%),evening,True
A,MomReversal,2026-03-09,2026-03-10,116.3745,115.247,-0.83,-0.2,1,stop_loss (-1.0%),evening,False
AFL,Pullback50,2026-03-09,2026-03-10,109.6124,109.3637,-0.227,-0.06,1,max_hold 101d (-0.2%),evening,False
ALB,Pullback50,2026-03-09,2026-03-10,168.7203,170.6008,1.115,0.27,1,max_hold 101d (+1.1%),evening,False
BLDR,52wkLow,2026-03-10,2026-03-10,94.16,93.68,-1.39,-0.34,0,stop_loss (-0.5%),morning,True
CCL,GapDown,2026-03-10,2026-03-10,25.7423,26.0504,1.197,0.29,0,max_hold 100d (+1.2%),morning,True
A,MomReversal,2026-03-10,2026-03-10,115.247,115.1672,-0.069,-0.02,0,max_hold 100d (-0.1%),morning,False
AFL,Pullback50,2026-03-10,2026-03-10,109.3637,109.7318,0.337,0.08,0,max_hold 100d (+0.3%),morning,False
ALB,Pullback50,2026-03-10,2026-03-10,170.6008,165.7055,-2.869,-0.7,0,stop_loss (-2.9%),morning,False
CPB,52wkLow,2026-03-10,2026-03-11,24.2499,23.2379,-4.173,-1.65,1,stop_loss (-4.2%),evening,True
AFL,Pullback50,2026-03-10,2026-03-11,109.7318,109.3637,-0.335,-0.13,1,max_hold 100d (-0.3%),evening,False
ACGL,Pullback50,2026-03-10,2026-03-11,96.19,95.66,-0.5,-0.2,1,stop_loss (-0.6%),evening,False
CINF,Pullback50,2026-03-10,2026-03-11,163.7634,163.3558,-0.249,-0.1,1,max_hold 100d (-0.2%),evening,False
CSCO,Pullback50,2026-03-10,2026-03-11,77.2812,77.2216,-0.077,-0.03,1,max_hold 100d (-0.1%),evening,False
CPB,52wkLow,2026-03-11,2026-03-11,23.2379,22.5402,-3.002,-1.18,0,stop_loss (-3.0%),morning,True
AFL,Pullback50,2026-03-11,2026-03-11,109.3637,108.7668,-1.29,-0.51,0,stop_loss (-0.5%),morning,False
ACGL,Pullback50,2026-03-11,2026-03-11,95.66,94.81,-0.76,-0.3,0,stop_loss (-0.9%),morning,False
CINF,Pullback50,2026-03-11,2026-03-11,163.3558,163.0376,-0.195,-0.08,0,max_hold 99d (-0.2%),morning,False
CSCO,Pullback50,2026-03-11,2026-03-11,77.2216,77.6791,0.592,0.23,0,max_hold 99d (+0.6%),morning,False
ARES,52wkLow,2026-03-11,2026-03-12,101.0524,98.1124,-2.909,-1.14,1,stop_loss (-2.9%),evening,True
CPB,52wkLow,2026-03-11,2026-03-12,22.5402,22.2749,-0.51,-0.2,1,stop_loss (-1.2%),evening,True
ALB,Pullback50,2026-03-11,2026-03-12,167.1582,164.9493,-1.321,-0.52,1,stop_loss (-1.3%),evening,False
ALGN,Pullback50,2026-03-11,2026-03-12,174.81,172.8,-1.74,-0.68,1,stop_loss (-1.1%),evening,False
BRK-B,Pullback50,2026-03-11,2026-03-12,493.57,492.35,-0.247,-0.1,1,max_hold 99d (-0.2%),evening,False
ARES,52wkLow,2026-03-12,2026-03-12,98.1124,94.2544,-3.932,-1.53,0,stop_loss (-3.9%),morning,True
CPB,52wkLow,2026-03-12,2026-03-12,22.2749,21.2727,-4.499,-1.75,0,stop_loss (-4.5%),morning,True
ALB,Pullback50,2026-03-12,2026-03-12,164.9493,163.0687,-1.75,-0.68,0,stop_loss (-1.1%),morning,False
ALGN,Pullback50,2026-03-12,2026-03-12,172.8,166.92,-3.403,-1.32,0,stop_loss (-3.4%),morning,False
BRK-B,Pullback50,2026-03-12,2026-03-12,492.35,491.89,-0.093,-0.04,0,max_hold 98d (-0.1%),morning,False
ABT,52wkLow,2026-03-12,2026-03-13,107.4658,108.708,1.156,0.24,1,max_hold 98d (+1.2%),evening,True
AON,52wkLow,2026-03-12,2026-03-13,315.0788,319.168,1.298,0.26,1,max_hold 98d (+1.3%),evening,True
ARES,52wkLow,2026-03-12,2026-03-13,94.2544,95.6999,1.534,0.31,1,max_hold 98d (+1.5%),evening,True
AJG,52wkLow,2026-03-12,2026-03-13,203.5325,206.5824,1.498,0.3,1,max_hold 98d (+1.5%),evening,True
BX,52wkLow,2026-03-12,2026-03-13,101.1825,103.0254,1.821,0.37,1,max_hold 98d (+1.8%),evening,True
ABT,52wkLow,2026-03-13,2026-03-13,108.708,107.3565,-1.243,-0.25,0,stop_loss (-1.2%),morning,True
AON,52wkLow,2026-03-13,2026-03-13,319.168,320.5643,0.437,0.09,0,max_hold 97d (+0.4%),morning,True
ARES,52wkLow,2026-03-13,2026-03-13,95.6999,99.392,3.858,0.79,0,max_hold 97d (+3.9%),morning,True
AJG,52wkLow,2026-03-13,2026-03-13,206.5824,207.2402,0.318,0.07,0,max_hold 97d (+0.3%),morning,True
BX,52wkLow,2026-03-13,2026-03-13,103.0254,105.7997,2.693,0.55,0,max_hold 97d (+2.7%),morning,True
ADBE,52wkLow,2026-03-13,2026-03-16,249.32,248.25,-0.429,-0.22,1,max_hold 97d (-0.4%),evening,True
CSCO,Pullback50,2026-03-13,2026-03-16,77.9078,78.4947,0.753,0.39,1,max_hold 97d (+0.8%),evening,False
APO,RSIRecovery,2026-03-13,2026-03-16,104.0014,104.9176,0.881,0.45,1,max_hold 97d (+0.9%),evening,False
ARES,RSIRecovery,2026-03-13,2026-03-16,99.392,99.7729,0.383,0.2,1,max_hold 97d (+0.4%),evening,False
BA,RSIRecovery,2026-03-13,2026-03-16,209.89,210.75,0.41,0.21,1,max_hold 97d (+0.4%),evening,False
ADBE,52wkLow,2026-03-16,2026-03-16,248.25,251.86,1.454,0.75,0,max_hold 94d (+1.5%),morning,True
CSCO,Pullback50,2026-03-16,2026-03-16,78.4947,78.4748,-0.025,-0.01,0,max_hold 94d (-0.0%),morning,False
APO,RSIRecovery,2026-03-16,2026-03-16,104.9176,103.0156,-1.813,-0.93,0,stop_loss (-1.8%),morning,False
ARES,RSIRecovery,2026-03-16,2026-03-16,99.7729,98.171,-1.605,-0.83,0,stop_loss (-1.6%),morning,False
BA,RSIRecovery,2026-03-16,2026-03-16,210.75,213.47,1.291,0.66,0,max_hold 94d (+1.3%),morning,False
ADBE,52wkLow,2026-03-16,2026-03-17,251.86,252.99,0.449,0.23,1,max_hold 94d (+0.4%),evening,True
ANET,Pullback50,2026-03-16,2026-03-17,135.35,135.01,-0.251,-0.13,1,max_hold 94d (-0.3%),evening,False
BIIB,Pullback50,2026-03-16,2026-03-17,183.26,184.73,0.802,0.41,1,max_hold 94d (+0.8%),evening,False
CL,Pullback50,2026-03-16,2026-03-17,89.7423,90.0901,0.388,0.2,1,max_hold 94d (+0.4%),evening,False
APTV,RSIRecovery,2026-03-16,2026-03-17,71.57,72.47,1.258,0.65,1,max_hold 94d (+1.3%),evening,False
ADBE,52wkLow,2026-03-17,2026-03-17,252.99,254.2,0.478,0.25,0,max_hold 93d (+0.5%),morning,True
ANET,Pullback50,2026-03-17,2026-03-17,135.01,133.07,-1.437,-0.74,0,stop_loss (-1.4%),morning,False
BIIB,Pullback50,2026-03-17,2026-03-17,184.73,185.29,0.303,0.16,0,max_hold 93d (+0.3%),morning,False
CL,Pullback50,2026-03-17,2026-03-17,90.0901,89.3845,-1.79,-0.92,0,stop_loss (-0.8%),morning,False
APTV,RSIRecovery,2026-03-17,2026-03-17,72.47,72.02,-1.75,-0.9,0,stop_loss (-0.6%),morning,False
AON,52wkLow,2026-03-17,2026-03-18,320.3349,318.8289,-0.47,-0.21,1,max_hold 93d (-0.5%),evening,True
COHR,GapDown,2026-03-17,2026-03-18,245.8,251.94,2.498,1.1,1,max_hold 93d (+2.5%),evening,True
ABT,MomReversal,2026-03-17,2026-03-18,110.0198,108.8173,-1.33,-0.58,1,stop_loss (-1.1%),evening,False
ARES,MomReversal,2026-03-17,2026-03-18,104.6161,103.7647,-0.88,-0.39,1,stop_loss (-0.8%),evening,False
ALGN,Pullback50,2026-03-17,2026-03-18,176.12,172.97,-1.789,-0.79,1,stop_loss (-1.8%),evening,False
AON,52wkLow,2026-03-18,2026-03-18,318.8289,317.0436,-3.54,-1.55,0,stop_loss (-0.6%),morning,True
COHR,GapDown,2026-03-18,2026-03-18,251.94,257.21,2.092,0.92,0,max_hold 92d (+2.1%),morning,True
ABT,MomReversal,2026-03-18,2026-03-18,108.8173,107.8136,-1.27,-0.56,0,stop_loss (-0.9%),morning,False
ARES,MomReversal,2026-03-18,2026-03-18,103.7647,104.9131,1.107,0.48,0,max_hold 92d (+1.1%),morning,False
ALGN,Pullback50,2026-03-18,2026-03-18,172.97,172.41,-0.324,-0.14,0,max_hold 92d (-0.3%),morning,False
AIG,52wkLow,2026-03-18,2026-03-19,73.8393,74.0976,0.35,0.12,1,max_hold 92d (+0.3%),evening,True
AVB,52wkLow,2026-03-18,2026-03-19,164.2799,163.5876,-0.421,-0.14,1,max_hold 92d (-0.4%),evening,True
BRO,52wkLow,2026-03-18,2026-03-19,66.8839,67.3725,0.73,0.25,1,max_hold 92d (+0.7%),evening,True
CTAS,52wkLow,2026-03-18,2026-03-19,184.9371,184.8873,-0.027,-0.01,1,max_hold 92d (-0.0%),evening,True
CBRE,MomReversal,2026-03-18,2026-03-19,133.91,132.36,-2.62,-0.89,1,stop_loss (-1.2%),evening,False
AIG,52wkLow,2026-03-19,2026-03-19,74.0976,73.4022,-0.51,-0.17,0,stop_loss (-0.9%),morning,True
AVB,52wkLow,2026-03-19,2026-03-19,163.5876,163.4195,-0.103,-0.03,0,max_hold 91d (-0.1%),morning,True
BRO,52wkLow,2026-03-19,2026-03-19,67.3725,66.3654,-1.495,-0.51,0,stop_loss (-1.5%),morning,True
CTAS,52wkLow,2026-03-19,2026-03-19,184.8873,181.3369,-1.92,-0.65,0,stop_loss (-1.9%),morning,True
CBRE,MomReversal,2026-03-19,2026-03-19,132.36,133.21,0.642,0.22,0,max_hold 91d (+0.6%),morning,False
ABT,52wkLow,2026-03-19,2026-03-20,106.5217,106.3727,-0.14,-0.02,1,max_hold 91d (-0.1%),evening,True
AIG,52wkLow,2026-03-19,2026-03-20,73.4022,73.283,-0.162,-0.02,1,max_hold 91d (-0.2%),evening,True
AMP,52wkLow,2026-03-19,2026-03-20,432.4805,429.0929,-0.52,-0.08,1,stop_loss (-0.8%),evening,True
CTAS,52wkLow,2026-03-19,2026-03-20,181.3369,181.317,-0.011,-0.0,1,max_hold 91d (-0.0%),evening,True
ACN,GapDown,2026-03-19,2026-03-20,201.8383,201.7888,-0.025,-0.0,1,max_hold 91d (-0.0%),evening,True
ABT,52wkLow,2026-03-20,2026-03-20,106.3727,104.8025,-1.476,-0.22,0,stop_loss (-1.5%),morning,True
AIG,52wkLow,2026-03-20,2026-03-20,73.283,73.8989,0.84,0.13,0,max_hold 90d (+0.8%),morning,True
AMP,52wkLow,2026-03-20,2026-03-20,429.0929,437.3428,1.923,0.29,0,max_hold 90d (+1.9%),morning,True
CTAS,52wkLow,2026-03-20,2026-03-20,181.317,178.8537,-1.359,-0.21,0,stop_loss (-1.4%),morning,True
ACN,GapDown,2026-03-20,2026-03-20,201.7888,198.3083,-1.725,-0.26,0,stop_loss (-1.7%),morning,True
ABT,52wkLow,2026-03-20,2026-03-23,104.8025,106.4025,1.527,0.07,1,max_hold 90d (+1.5%),evening,True
ACN,52wkLow,2026-03-20,2026-03-23,198.3083,201.9177,1.82,0.08,1,max_hold 90d (+1.8%),evening,True
ADBE,52wkLow,2026-03-20,2026-03-23,248.15,248.95,0.322,0.01,1,max_hold 90d (+0.3%),evening,True
AIG,52wkLow,2026-03-20,2026-03-23,73.8989,74.7036,1.089,0.05,1,max_hold 90d (+1.1%),evening,True
AMT,52wkLow,2026-03-20,2026-03-23,173.386,175.7496,1.363,0.06,1,max_hold 90d (+1.4%),evening,True
ABT,52wkLow,2026-03-23,2026-03-23,106.4025,104.1963,-2.073,-0.09,0,stop_loss (-2.1%),morning,True
ACN,52wkLow,2026-03-23,2026-03-23,201.9177,198.338,-1.773,-0.08,0,stop_loss (-1.8%),morning,True
ADBE,52wkLow,2026-03-23,2026-03-23,248.95,247.64,-1.14,-0.05,0,stop_loss (-0.5%),morning,True
AIG,52wkLow,2026-03-23,2026-03-23,74.7036,74.5943,-0.146,-0.01,0,max_hold 87d (-0.1%),morning,True
AMT,52wkLow,2026-03-23,2026-03-23,175.7496,173.1016,-1.507,-0.07,0,stop_loss (-1.5%),morning,True
AMT,52wkLow,2026-03-23,2026-03-24,173.1016,172.111,-1.09,-0.25,1,stop_loss (-0.6%),evening,True
BR,52wkLow,2026-03-23,2026-03-24,169.6901,168.9849,-0.416,-0.1,1,max_hold 87d (-0.4%),evening,True
BRO,52wkLow,2026-03-23,2026-03-24,66.525,66.6646,0.21,0.05,1,max_hold 87d (+0.2%),evening,True
CPT,52wkLow,2026-03-23,2026-03-24,97.0866,96.3843,-3.89,-0.91,1,stop_loss (-0.7%),evening,True
CF,GapDown,2026-03-23,2026-03-24,119.6913,122.1712,2.072,0.48,1,max_hold 87d (+2.1%),evening,True
AMT,52wkLow,2026-03-24,2026-03-24,172.111,167.0798,-2.923,-0.68,0,stop_loss (-2.9%),morning,True
BR,52wkLow,2026-03-24,2026-03-24,168.9849,163.5219,-3.233,-0.75,0,stop_loss (-3.2%),morning,True
BRO,52wkLow,2026-03-24,2026-03-24,66.6646,66.3056,-2.62,-0.61,0,stop_loss (-0.5%),morning,True
CPT,52wkLow,2026-03-24,2026-03-24,96.3843,96.8492,0.482,0.11,0,max_hold 86d (+0.5%),morning,True
CF,GapDown,2026-03-24,2026-03-24,122.1712,126.4039,3.465,0.81,0,max_hold 86d (+3.5%),morning,True
AIG,52wkLow,2026-03-24,2026-03-25,73.8492,74.2764,0.578,0.15,1,max_hold 86d (+0.6%),evening,True
AMT,52wkLow,2026-03-24,2026-03-25,167.0798,166.2167,-2.12,-0.53,1,stop_loss (-0.5%),evening,True
BRO,52wkLow,2026-03-24,2026-03-25,66.3056,66.7244,0.632,0.16,1,max_hold 86d (+0.6%),evening,True
ARES,GapDown,2026-03-24,2026-03-25,104.9824,107.1011,2.018,0.51,1,max_hold 86d (+2.0%),evening,True
LNT,Pullback50,2026-03-24,2026-03-25,69.1424,69.4799,0.488,0.12,1,max_hold 86d (+0.5%),evening,False
AIG,52wkLow,2026-03-25,2026-03-25,74.2764,74.9718,0.936,0.24,0,max_hold 85d (+0.9%),morning,True
AMT,52wkLow,2026-03-25,2026-03-25,166.2167,164.0493,-1.304,-0.33,0,stop_loss (-1.3%),morning,True
BRO,52wkLow,2026-03-25,2026-03-25,66.7244,64.1021,-3.93,-0.99,0,stop_loss (-3.9%),morning,True
ARES,GapDown,2026-03-25,2026-03-25,107.1011,105.4378,-1.553,-0.39,0,stop_loss (-1.6%),morning,True
LNT,Pullback50,2026-03-25,2026-03-25,69.4799,69.2516,-0.329,-0.08,0,max_hold 85d (-0.3%),morning,False
AMT,52wkLow,2026-03-25,2026-03-26,164.0493,164.0689,0.012,0.0,1,max_hold 85d (+0.0%),evening,True
BRO,52wkLow,2026-03-25,2026-03-26,64.1021,64.1021,0.0,0.0,1,max_hold 85d (+0.0%),evening,True
CTAS,52wkLow,2026-03-25,2026-03-26,176.3705,175.9915,-0.215,-0.05,1,max_hold 85d (-0.2%),evening,True
AIG,MomReversal,2026-03-25,2026-03-26,74.9718,75.0016,0.04,0.01,1,max_hold 85d (+0.0%),evening,False
CRL,MomReversal,2026-03-25,2026-03-26,165.89,164.33,-0.5,-0.13,1,stop_loss (-0.9%),evening,False
AMT,52wkLow,2026-03-26,2026-03-26,164.0689,165.6675,0.974,0.24,0,max_hold 84d (+1.0%),morning,True
BRO,52wkLow,2026-03-26,2026-03-26,64.1021,64.9496,1.322,0.33,0,max_hold 84d (+1.3%),morning,True
CTAS,52wkLow,2026-03-26,2026-03-26,175.9915,168.3922,-4.318,-1.08,0,stop_loss (-4.3%),morning,True
AIG,MomReversal,2026-03-26,2026-03-26,75.0016,73.7797,-1.629,-0.41,0,stop_loss (-1.6%),morning,False
CRL,MomReversal,2026-03-26,2026-03-26,164.33,165.13,0.487,0.12,0,max_hold 84d (+0.5%),morning,False
BRO,52wkLow,2026-03-26,2026-03-27,64.9496,64.9297,-0.031,-0.01,1,max_hold 84d (-0.0%),evening,True
CTAS,52wkLow,2026-03-26,2026-03-27,168.3922,167.5245,-1.16,-0.5,1,stop_loss (-0.5%),evening,True
MO,Pullback50,2026-03-26,2026-03-27,63.6679,64.0423,0.588,0.25,1,max_hold 84d (+0.6%),evening,False
CB,Pullback50,2026-03-26,2026-03-27,323.3013,323.8595,0.173,0.07,1,max_hold 84d (+0.2%),evening,False
CME,Pullback50,2026-03-26,2026-03-27,296.045,296.045,-0.0,-0.0,1,max_hold 84d (-0.0%),evening,False
BRO,52wkLow,2026-03-27,2026-03-27,64.9297,63.2446,-2.595,-1.11,0,stop_loss (-2.6%),morning,True
CTAS,52wkLow,2026-03-27,2026-03-27,167.5245,165.2607,-1.351,-0.58,0,stop_loss (-1.4%),morning,True
MO,Pullback50,2026-03-27,2026-03-27,64.0423,65.5005,2.277,0.98,0,max_hold 83d (+2.3%),morning,False
CB,Pullback50,2026-03-27,2026-03-27,323.8595,318.0975,-1.779,-0.76,0,stop_loss (-1.8%),morning,False
CME,Pullback50,2026-03-27,2026-03-27,296.045,292.2646,-1.277,-0.55,0,stop_loss (-1.3%),morning,False
BSX,52wkLow,2026-03-27,2026-03-30,69.17,64.2,-7.185,-2.38,1,stop_loss (-7.2%),evening,True
CPT,52wkLow,2026-03-27,2026-03-30,95.9095,96.8492,0.98,0.32,1,max_hold 83d (+1.0%),evening,True
CPB,MomReversal,2026-03-27,2026-03-30,21.6068,21.8328,1.046,0.35,1,max_hold 83d (+1.0%),evening,False
CCL,MomReversal,2026-03-27,2026-03-30,24.0427,24.2415,0.827,0.27,1,max_hold 83d (+0.8%),evening,False
KO,Pullback50,2026-03-27,2026-03-30,75.2243,75.4429,0.291,0.1,1,max_hold 83d (+0.3%),evening,False
BSX,52wkLow,2026-03-30,2026-03-30,64.2,62.93,-1.978,-0.65,0,stop_loss (-2.0%),morning,True
CPT,52wkLow,2026-03-30,2026-03-30,96.8492,96.78,-0.072,-0.02,0,max_hold 80d (-0.1%),morning,True
CPB,MomReversal,2026-03-30,2026-03-30,21.8328,21.7935,-0.18,-0.06,0,max_hold 80d (-0.2%),morning,False
CCL,MomReversal,2026-03-30,2026-03-30,24.2415,23.8141,-1.763,-0.58,0,stop_loss (-1.8%),morning,False
KO,Pullback50,2026-03-30,2026-03-30,75.4429,75.7807,0.448,0.15,0,max_hold 80d (+0.4%),morning,False
ARE,52wkLow,2026-03-30,2026-03-31,45.57,46.29,1.58,0.31,1,max_hold 80d (+1.6%),evening,True
AXON,52wkLow,2026-03-30,2026-03-31,415.07,419.15,0.983,0.19,1,max_hold 80d (+1.0%),evening,True
BSX,52wkLow,2026-03-30,2026-03-31,62.93,63.48,0.874,0.17,1,max_hold 80d (+0.9%),evening,True
BRO,52wkLow,2026-03-30,2026-03-31,65.0693,65.3883,0.49,0.1,1,max_hold 80d (+0.5%),evening,True
CPT,52wkLow,2026-03-30,2026-03-31,96.78,98.16,1.426,0.28,1,max_hold 80d (+1.4%),evening,True
ARE,52wkLow,2026-03-31,2026-03-31,46.29,46.42,0.281,0.06,0,max_hold 79d (+0.3%),morning,True
AXON,52wkLow,2026-03-31,2026-03-31,419.15,424.69,1.322,0.26,0,max_hold 79d (+1.3%),morning,True
BSX,52wkLow,2026-03-31,2026-03-31,63.48,62.75,-2.71,-0.54,0,stop_loss (-1.1%),morning,True
BRO,52wkLow,2026-03-31,2026-03-31,65.3883,65.0194,-2.54,-0.5,0,stop_loss (-0.6%),morning,True
CPT,52wkLow,2026-03-31,2026-03-31,98.16,97.66,-0.66,-0.13,0,stop_loss (-0.5%),morning,True
AMT,52wkLow,2026-03-31,2026-04-01,169.257,169.3453,0.052,0.01,1,max_hold 79d (+0.1%),evening,True
AVB,52wkLow,2026-03-31,2026-04-01,163.35,162.9,-0.275,-0.03,1,max_hold 79d (-0.3%),evening,True
BSX,52wkLow,2026-03-31,2026-04-01,62.75,63.72,1.546,0.19,1,max_hold 79d (+1.5%),evening,True
BXP,52wkLow,2026-03-31,2026-04-01,51.9,51.93,0.058,0.01,1,max_hold 79d (+0.1%),evening,True
CPT,52wkLow,2026-03-31,2026-04-01,97.66,98.31,0.666,0.08,1,max_hold 79d (+0.7%),evening,True
AMT,52wkLow,2026-04-01,2026-04-01,169.3453,167.7271,-1.92,-0.24,0,stop_loss (-1.0%),morning,True
AVB,52wkLow,2026-04-01,2026-04-01,162.9,164.9,1.228,0.15,0,max_hold 78d (+1.2%),morning,True
BSX,52wkLow,2026-04-01,2026-04-01,63.72,62.0,-2.699,-0.33,0,stop_loss (-2.7%),morning,True
BXP,52wkLow,2026-04-01,2026-04-01,51.93,51.02,-1.752,-0.22,0,stop_loss (-1.8%),morning,True
CPT,52wkLow,2026-04-01,2026-04-01,98.31,98.27,-0.041,-0.01,0,max_hold 78d (-0.0%),morning,True
AMD,Pullback50,2026-04-01,2026-04-02,210.21,204.05,-2.93,-0.79,1,stop_loss (-2.9%),evening,True
ADI,Pullback50,2026-04-01,2026-04-02,319.7043,309.4224,-3.216,-0.86,1,stop_loss (-3.2%),evening,True
CBOE,Pullback50,2026-04-01,2026-04-02,279.7038,281.3503,0.589,0.16,1,max_hold 78d (+0.6%),evening,True
CME,Pullback50,2026-04-01,2026-04-02,295.4084,298.8505,1.165,0.31,1,max_hold 78d (+1.2%),evening,True
BSX,RubberBand,2026-04-01,2026-04-02,62.0,62.05,0.081,0.02,1,max_hold 78d (+0.1%),evening,True
AMD,Pullback50,2026-04-02,2026-04-02,204.05,217.5,6.592,1.76,0,max_hold 77d (+6.6%),morning,True
ADI,Pullback50,2026-04-02,2026-04-02,309.4224,317.4704,2.601,0.7,0,max_hold 77d (+2.6%),morning,True
CBOE,Pullback50,2026-04-02,2026-04-02,281.3503,289.3436,2.841,0.76,0,max_hold 77d (+2.8%),morning,True
CME,Pullback50,2026-04-02,2026-04-02,298.8505,303.5362,1.568,0.42,0,max_hold 77d (+1.6%),morning,True
BSX,RubberBand,2026-04-02,2026-04-02,62.05,62.82,1.241,0.33,0,max_hold 77d (+1.2%),morning,True
AFL,Pullback50,2026-04-02,2026-04-06,109.9109,109.3836,-0.48,-0.06,1,max_hold 77d (-0.5%),evening,True
ALL,Pullback50,2026-04-02,2026-04-06,205.9451,204.9702,-0.473,-0.06,1,max_hold 77d (-0.5%),evening,True
AMAT,Pullback50,2026-04-02,2026-04-06,348.0373,350.5841,0.732,0.09,1,max_hold 77d (+0.7%),evening,True
ACGL,Pullback50,2026-04-02,2026-04-06,96.74,96.07,-1.51,-0.19,1,stop_loss (-0.7%),evening,True
CAT,Pullback50,2026-04-02,2026-04-06,715.8571,715.3781,-0.067,-0.01,1,max_hold 77d (-0.1%),evening,True
AFL,Pullback50,2026-04-06,2026-04-06,109.3836,109.692,0.282,0.03,0,max_hold 73d (+0.3%),morning,True
ALL,Pullback50,2026-04-06,2026-04-06,204.9702,207.2681,1.121,0.14,0,max_hold 73d (+1.1%),morning,True
AMAT,Pullback50,2026-04-06,2026-04-06,350.5841,352.1822,0.456,0.06,0,max_hold 73d (+0.5%),morning,True
ACGL,Pullback50,2026-04-06,2026-04-06,96.07,96.79,0.749,0.09,0,max_hold 73d (+0.7%),morning,True
CAT,Pullback50,2026-04-06,2026-04-06,715.3781,719.8695,0.628,0.08,0,max_hold 73d (+0.6%),morning,True
AFL,Pullback50,2026-04-06,2026-04-07,109.692,109.6025,-0.082,-0.03,1,max_hold 73d (-0.1%),evening,True
ADI,Pullback50,2026-04-06,2026-04-07,326.4658,322.9055,-1.99,-0.85,1,stop_loss (-1.1%),evening,True
AAPL,Pullback50,2026-04-06,2026-04-07,258.6217,255.9242,-1.1,-0.47,1,stop_loss (-1.0%),evening,True
ACGL,Pullback50,2026-04-06,2026-04-07,96.79,97.09,0.31,0.13,1,max_hold 73d (+0.3%),evening,True
CB,Pullback50,2026-04-06,2026-04-07,325.8832,325.5842,-0.092,-0.04,1,max_hold 73d (-0.1%),evening,True
AFL,Pullback50,2026-04-07,2026-04-07,109.6025,109.9506,0.318,0.13,0,max_hold 72d (+0.3%),morning,True
ADI,Pullback50,2026-04-07,2026-04-07,322.9055,326.5157,1.118,0.47,0,max_hold 72d (+1.1%),morning,True
AAPL,Pullback50,2026-04-07,2026-04-07,255.9242,253.2667,-0.96,-0.41,0,stop_loss (-1.0%),morning,True
ACGL,Pullback50,2026-04-07,2026-04-07,97.09,96.92,-0.175,-0.07,0,max_hold 72d (-0.2%),morning,True
CB,Pullback50,2026-04-07,2026-04-07,325.5842,326.3817,0.245,0.1,0,max_hold 72d (+0.2%),morning,True
AFL,Pullback50,2026-04-07,2026-04-08,109.9506,109.4333,-0.471,-0.16,1,max_hold 72d (-0.5%),evening,True
ADI,Pullback50,2026-04-07,2026-04-08,326.5157,344.8654,5.62,1.86,1,max_hold 72d (+5.6%),evening,True
ANET,Pullback50,2026-04-07,2026-04-08,133.64,143.0,7.004,2.31,1,max_hold 72d (+7.0%),evening,True
CB,Pullback50,2026-04-07,2026-04-08,326.3817,324.2683,-2.7,-0.89,1,stop_loss (-0.6%),evening,True
CINF,Pullback50,2026-04-07,2026-04-08,160.18,160.3,0.075,0.02,1,max_hold 72d (+0.1%),evening,True
AFL,Pullback50,2026-04-08,2026-04-08,109.4333,112.4179,2.727,0.91,0,max_hold 71d (+2.7%),morning,True
ADI,Pullback50,2026-04-08,2026-04-08,344.8654,345.2643,0.116,0.04,0,max_hold 71d (+0.1%),morning,True
ANET,Pullback50,2026-04-08,2026-04-08,143.0,145.07,1.448,0.48,0,max_hold 71d (+1.4%),morning,True
CB,Pullback50,2026-04-08,2026-04-08,324.2683,331.6054,2.263,0.75,0,max_hold 71d (+2.3%),morning,True
CINF,Pullback50,2026-04-08,2026-04-08,160.3,163.25,1.84,0.61,0,max_hold 71d (+1.8%),morning,True
AAPL,Pullback50,2026-04-08,2026-04-09,258.6617,258.7616,0.039,0.01,1,max_hold 71d (+0.0%),evening,True
AIZ,Pullback50,2026-04-08,2026-04-09,222.9251,221.9086,-0.456,-0.07,1,max_hold 71d (-0.5%),evening,True
BALL,Pullback50,2026-04-08,2026-04-09,61.8728,61.3149,-1.61,-0.26,1,stop_loss (-0.9%),evening,True
BMY,Pullback50,2026-04-08,2026-04-09,59.2,58.7,-0.51,-0.08,1,stop_loss (-0.8%),evening,True
CAH,Pullback50,2026-04-08,2026-04-09,215.13,214.74,-0.181,-0.03,1,max_hold 71d (-0.2%),evening,True
AAPL,Pullback50,2026-04-09,2026-04-09,258.7616,260.2502,0.575,0.09,0,max_hold 70d (+0.6%),morning,True
AIZ,Pullback50,2026-04-09,2026-04-09,221.9086,222.5165,0.274,0.04,0,max_hold 70d (+0.3%),morning,True
BALL,Pullback50,2026-04-09,2026-04-09,61.3149,62.64,2.161,0.34,0,max_hold 70d (+2.2%),morning,True
BMY,Pullback50,2026-04-09,2026-04-09,58.7,59.47,1.312,0.21,0,max_hold 70d (+1.3%),morning,True
CAH,Pullback50,2026-04-09,2026-04-09,214.74,215.8,0.494,0.08,0,max_hold 70d (+0.5%),morning,True
APH,Pullback50,2026-04-09,2026-04-10,137.68,138.81,0.821,0.28,1,max_hold 70d (+0.8%),evening,True
AAPL,Pullback50,2026-04-09,2026-04-10,260.2502,259.7407,-0.196,-0.07,1,max_hold 70d (-0.2%),evening,True
AIZ,Pullback50,2026-04-09,2026-04-10,222.5165,221.2807,-0.65,-0.22,1,stop_loss (-0.6%),evening,True
BALL,Pullback50,2026-04-09,2026-04-10,62.64,62.9987,0.573,0.19,1,max_hold 70d (+0.6%),evening,True
BA,Pullback50,2026-04-09,2026-04-10,220.06,220.17,0.05,0.02,1,max_hold 70d (+0.0%),evening,True
APH,Pullback50,2026-04-10,2026-04-10,138.81,140.75,1.398,0.47,0,max_hold 69d (+1.4%),morning,True
AAPL,Pullback50,2026-04-10,2026-04-10,259.7407,260.2402,0.192,0.06,0,max_hold 69d (+0.2%),morning,True
AIZ,Pullback50,2026-04-10,2026-04-10,221.2807,218.6498,-0.88,-0.3,0,stop_loss (-1.2%),morning,True
BALL,Pullback50,2026-04-10,2026-04-10,62.9987,62.0621,-1.487,-0.5,0,stop_loss (-1.5%),morning,True
BA,Pullback50,2026-04-10,2026-04-10,220.17,217.63,-0.61,-0.21,0,stop_loss (-1.2%),morning,True
ABNB,Pullback50,2026-04-10,2026-04-13,128.96,127.2,-1.365,-0.52,1,stop_loss (-1.4%),evening,True
AAPL,Pullback50,2026-04-10,2026-04-13,260.2402,259.4909,-0.288,-0.11,1,max_hold 69d (-0.3%),evening,True
CAH,Pullback50,2026-04-10,2026-04-13,215.52,215.93,0.19,0.07,1,max_hold 69d (+0.2%),evening,True
AON,52wkLow,2026-04-10,2026-04-13,311.7476,314.1712,0.777,0.29,1,max_hold 69d (+0.8%),evening,False
AJG,52wkLow,2026-04-10,2026-04-13,212.8415,213.5691,0.342,0.13,1,max_hold 69d (+0.3%),evening,False
ABNB,Pullback50,2026-04-13,2026-04-13,127.2,130.32,2.453,0.93,0,max_hold 66d (+2.5%),morning,True
AAPL,Pullback50,2026-04-13,2026-04-13,259.4909,258.9614,-0.204,-0.08,0,max_hold 66d (-0.2%),morning,True
CAH,Pullback50,2026-04-13,2026-04-13,215.93,214.18,-2.45,-0.93,0,stop_loss (-0.8%),morning,True
AON,52wkLow,2026-04-13,2026-04-13,314.1712,324.5438,3.302,1.25,0,max_hold 66d (+3.3%),morning,False
AJG,52wkLow,2026-04-13,2026-04-13,213.5691,221.7619,3.836,1.45,0,max_hold 66d (+3.8%),morning,False
AFL,Pullback50,2026-04-13,2026-04-14,111.5623,110.846,-5.04,-1.1,1,stop_loss (-0.6%),evening,True
ACGL,Pullback50,2026-04-13,2026-04-14,97.1,96.12,-0.5,-0.11,1,stop_loss (-1.0%),evening,True
AIZ,Pullback50,2026-04-13,2026-04-14,221.6395,220.2144,-0.95,-0.21,1,stop_loss (-0.6%),evening,True
BA,Pullback50,2026-04-13,2026-04-14,222.14,221.69,-0.203,-0.04,1,max_hold 66d (-0.2%),evening,True
CVX,Pullback50,2026-04-13,2026-04-14,190.0394,186.8883,-1.658,-0.36,1,stop_loss (-1.7%),evening,True
AFL,Pullback50,2026-04-14,2026-04-14,110.846,111.3633,0.467,0.1,0,max_hold 65d (+0.5%),morning,True
ACGL,Pullback50,2026-04-14,2026-04-14,96.12,96.2,0.083,0.02,0,max_hold 65d (+0.1%),morning,True
AIZ,Pullback50,2026-04-14,2026-04-14,220.2144,221.51,0.588,0.13,0,max_hold 65d (+0.6%),morning,True
BA,Pullback50,2026-04-14,2026-04-14,221.69,223.77,0.938,0.2,0,max_hold 65d (+0.9%),morning,True
CVX,Pullback50,2026-04-14,2026-04-14,186.8883,185.3226,-2.16,-0.47,0,stop_loss (-0.8%),morning,True
AFL,Pullback50,2026-04-14,2026-04-15,111.3633,111.234,-0.116,-0.03,1,max_hold 65d (-0.1%),evening,True
ACGL,Pullback50,2026-04-14,2026-04-15,96.2,96.01,-0.197,-0.05,1,max_hold 65d (-0.2%),evening,True
AIZ,Pullback50,2026-04-14,2026-04-15,221.51,221.5498,0.018,0.0,1,max_hold 65d (+0.0%),evening,True
BALL,Pullback50,2026-04-14,2026-04-15,63.2777,62.8393,-2.62,-0.66,1,stop_loss (-0.7%),evening,True
CNP,Pullback50,2026-04-14,2026-04-15,42.6664,42.4476,-2.61,-0.66,1,stop_loss (-0.5%),evening,True
AFL,Pullback50,2026-04-15,2026-04-15,111.234,112.398,1.046,0.26,0,max_hold 64d (+1.0%),morning,True
ACGL,Pullback50,2026-04-15,2026-04-15,96.01,97.47,1.521,0.38,0,max_hold 64d (+1.5%),morning,True
AIZ,Pullback50,2026-04-15,2026-04-15,221.5498,223.244,0.765,0.19,0,max_hold 64d (+0.8%),morning,True
BALL,Pullback50,2026-04-15,2026-04-15,62.8393,62.5304,-0.492,-0.12,0,max_hold 64d (-0.5%),morning,True
CNP,Pullback50,2026-04-15,2026-04-15,42.4476,42.2487,-0.469,-0.12,0,max_hold 64d (-0.5%),morning,True
ACGL,Pullback50,2026-04-15,2026-04-16,97.47,97.11,-0.369,-0.19,1,max_hold 64d (-0.4%),evening,True
AIZ,Pullback50,2026-04-15,2026-04-16,223.244,224.4997,0.562,0.28,1,max_hold 64d (+0.6%),evening,True
CB,Pullback50,2026-04-15,2026-04-16,326.252,326.2521,0.0,0.0,1,max_hold 64d (+0.0%),evening,True
AOS,52wkLow,2026-04-15,2026-04-16,63.0118,63.0814,0.11,0.06,1,max_hold 64d (+0.1%),evening,False
BRK-B,52wkLow,2026-04-15,2026-04-16,474.09,474.02,-0.015,-0.01,1,max_hold 64d (-0.0%),evening,False
ACGL,Pullback50,2026-04-16,2026-04-16,97.11,97.1,-0.01,-0.01,0,max_hold 63d (-0.0%),morning,True
AIZ,Pullback50,2026-04-16,2026-04-16,224.4997,223.8818,-0.275,-0.14,0,max_hold 63d (-0.3%),morning,True
CB,Pullback50,2026-04-16,2026-04-16,326.2521,327.3985,0.351,0.18,0,max_hold 63d (+0.4%),morning,True
AOS,52wkLow,2026-04-16,2026-04-16,63.0814,62.9223,-0.252,-0.13,0,max_hold 63d (-0.3%),morning,False
BRK-B,52wkLow,2026-04-16,2026-04-16,474.02,475.12,0.232,0.12,0,max_hold 63d (+0.2%),morning,False
BKR,Pullback50,2026-04-16,2026-04-17,60.398,59.4911,-1.502,-0.65,1,stop_loss (-1.5%),evening,True
BMY,Pullback50,2026-04-16,2026-04-17,58.96,59.2,0.407,0.18,1,max_hold 63d (+0.4%),evening,True
BG,Pullback50,2026-04-16,2026-04-17,122.2748,119.3126,-2.423,-1.05,1,stop_loss (-2.4%),evening,True
CB,Pullback50,2026-04-16,2026-04-17,327.3985,325.7137,-2.18,-0.94,1,stop_loss (-0.5%),evening,True
CINF,Pullback50,2026-04-16,2026-04-17,163.36,163.39,0.018,0.01,1,max_hold 63d (+0.0%),evening,True
BKR,Pullback50,2026-04-17,2026-04-17,59.4911,59.5808,0.151,0.06,0,max_hold 62d (+0.2%),morning,True
BMY,Pullback50,2026-04-17,2026-04-17,59.2,60.17,1.639,0.7,0,max_hold 62d (+1.6%),morning,True
BG,Pullback50,2026-04-17,2026-04-17,119.3126,118.5472,-0.59,-0.25,0,stop_loss (-0.6%),morning,True
CB,Pullback50,2026-04-17,2026-04-17,325.7137,329.801,1.255,0.54,0,max_hold 62d (+1.3%),morning,True
CINF,Pullback50,2026-04-17,2026-04-17,163.39,166.82,2.099,0.9,0,max_hold 62d (+2.1%),morning,True
ACGL,Pullback50,2026-04-17,2026-04-20,97.59,97.45,-0.143,-0.04,1,max_hold 62d (-0.1%),evening,True
CNP,Pullback50,2026-04-17,2026-04-20,42.7659,42.6962,-0.163,-0.05,1,max_hold 62d (-0.2%),evening,True
CB,Pullback50,2026-04-17,2026-04-20,329.801,330.8377,0.314,0.1,1,max_hold 62d (+0.3%),evening,True
BRK-B,52wkLow,2026-04-17,2026-04-20,474.58,474.38,-0.042,-0.01,1,max_hold 62d (-0.0%),evening,False
APA,GapDown,2026-04-17,2026-04-20,35.5024,35.7209,0.616,0.19,1,max_hold 62d (+0.6%),evening,False
ACGL,Pullback50,2026-04-20,2026-04-20,97.45,97.49,0.041,0.01,0,max_hold 59d (+0.0%),morning,True
CNP,Pullback50,2026-04-20,2026-04-20,42.6962,42.4675,-0.61,-0.18,0,stop_loss (-0.5%),morning,True
CB,Pullback50,2026-04-20,2026-04-20,330.8377,328.9636,-0.57,-0.17,0,stop_loss (-0.6%),morning,True
BRK-B,52wkLow,2026-04-20,2026-04-20,474.38,472.08,-0.485,-0.15,0,max_hold 59d (-0.5%),morning,False
APA,GapDown,2026-04-20,2026-04-20,35.7209,35.7308,0.028,0.01,0,max_hold 59d (+0.0%),morning,False
ACGL,Pullback50,2026-04-20,2026-04-21,97.49,98.33,0.862,0.55,1,max_hold 59d (+0.9%),evening,True
BG,Pullback50,2026-04-20,2026-04-21,121.728,122.8513,0.923,0.59,1,max_hold 59d (+0.9%),evening,True
BRK-B,52wkLow,2026-04-20,2026-04-21,472.08,472.54,0.097,0.06,1,max_hold 59d (+0.1%),evening,False
CTSH,52wkLow,2026-04-20,2026-04-21,59.8381,59.9374,0.166,0.11,1,max_hold 59d (+0.2%),evening,False
ACGL,Pullback50,2026-04-21,2026-04-21,98.33,98.85,0.529,0.34,0,max_hold 58d (+0.5%),morning,True
BG,Pullback50,2026-04-21,2026-04-21,122.8513,125.0779,1.812,1.16,0,max_hold 58d (+1.8%),morning,True
BRK-B,52wkLow,2026-04-21,2026-04-21,472.54,468.5,-1.59,-1.02,0,stop_loss (-0.9%),morning,False
CTSH,52wkLow,2026-04-21,2026-04-21,59.9374,60.0267,0.149,0.1,0,max_hold 58d (+0.1%),morning,False
ADM,Pullback50,2026-04-21,2026-04-22,69.3726,69.6508,0.401,0.15,1,max_hold 58d (+0.4%),evening,True
BIIB,Pullback50,2026-04-21,2026-04-22,185.95,189.31,1.807,0.69,1,max_hold 58d (+1.8%),evening,True
BMY,Pullback50,2026-04-21,2026-04-22,59.39,59.4,0.017,0.01,1,max_hold 58d (+0.0%),evening,True
CB,Pullback50,2026-04-21,2026-04-22,328.2658,320.6595,-2.317,-0.88,1,stop_loss (-2.3%),evening,True
ABT,52wkLow,2026-04-21,2026-04-22,92.72,92.62,-0.108,-0.04,1,max_hold 58d (-0.1%),evening,False
ADM,Pullback50,2026-04-22,2026-04-22,69.6508,68.9752,-6.95,-2.64,0,stop_loss (-1.0%),morning,True
BIIB,Pullback50,2026-04-22,2026-04-22,189.31,190.07,0.401,0.15,0,max_hold 57d (+0.4%),morning,True
BMY,Pullback50,2026-04-22,2026-04-22,59.4,58.8,-2.63,-1.0,0,stop_loss (-1.0%),morning,True
CB,Pullback50,2026-04-22,2026-04-22,320.6595,324.4178,1.172,0.45,0,max_hold 57d (+1.2%),morning,True
ABT,52wkLow,2026-04-22,2026-04-22,92.62,91.7,-0.76,-0.29,0,stop_loss (-1.0%),morning,False
BRK-B,52wkLow,2026-04-22,2026-04-23,465.4,466.72,0.284,0.17,1,max_hold 57d (+0.3%),evening,False
CME,GapDown,2026-04-22,2026-04-23,284.2363,283.6393,-0.21,-0.13,1,max_hold 57d (-0.2%),evening,False
T,VolumeSpike,2026-04-22,2026-04-23,25.98,26.12,0.539,0.32,1,max_hold 57d (+0.5%),evening,False
BA,VolumeSpike,2026-04-22,2026-04-23,231.28,231.51,0.099,0.06,1,max_hold 57d (+0.1%),evening,False
CNP,VolumeSpike,2026-04-22,2026-04-23,41.8907,42.4078,1.235,0.74,1,max_hold 57d (+1.2%),evening,False
BRK-B,52wkLow,2026-04-23,2026-04-23,466.72,470.55,0.821,0.49,0,max_hold 56d (+0.8%),morning,False
CME,GapDown,2026-04-23,2026-04-23,283.6393,283.9975,0.126,0.08,0,max_hold 56d (+0.1%),morning,False
T,VolumeSpike,2026-04-23,2026-04-23,26.12,26.61,1.876,1.13,0,max_hold 56d (+1.9%),morning,False
BA,VolumeSpike,2026-04-23,2026-04-23,231.51,234.15,1.14,0.69,0,max_hold 56d (+1.1%),morning,False
AWK,Pullback50,2026-04-23,2026-04-24,134.0114,133.366,-0.482,-0.13,1,max_hold 56d (-0.5%),evening,True
ADM,Pullback50,2026-04-23,2026-04-24,69.5713,69.5713,0.0,0.0,1,max_hold 56d (+0.0%),evening,True
BMY,Pullback50,2026-04-23,2026-04-24,59.02,58.86,-0.271,-0.07,1,max_hold 56d (-0.3%),evening,True
CNP,Pullback50,2026-04-23,2026-04-24,42.9449,42.8852,-0.139,-0.04,1,max_hold 56d (-0.1%),evening,True
CMS,Pullback50,2026-04-23,2026-04-24,76.0295,75.8906,-0.183,-0.05,1,max_hold 56d (-0.2%),evening,True
AWK,Pullback50,2026-04-24,2026-04-24,133.366,131.4795,-1.415,-0.39,0,stop_loss (-1.4%),morning,True
ADM,Pullback50,2026-04-24,2026-04-24,69.5713,68.7766,-0.94,-0.26,0,stop_loss (-1.1%),morning,True
BMY,Pullback50,2026-04-24,2026-04-24,58.86,58.71,-0.255,-0.07,0,max_hold 55d (-0.3%),morning,True
CNP,Pullback50,2026-04-24,2026-04-24,42.8852,42.2388,-1.507,-0.42,0,stop_loss (-1.5%),morning,True
CMS,Pullback50,2026-04-24,2026-04-24,75.8906,75.6822,-0.275,-0.08,0,max_hold 55d (-0.3%),morning,True
ADP,52wkLow,2026-04-24,2026-04-27,195.0502,194.3753,-0.346,-0.17,1,max_hold 55d (-0.3%),evening,False
CPB,52wkLow,2026-04-24,2026-04-27,20.62,20.14,-2.328,-1.17,1,stop_loss (-2.3%),evening,False
CHTR,52wkLow,2026-04-24,2026-04-27,180.13,178.91,-0.96,-0.48,1,stop_loss (-0.7%),evening,False
AMP,VolumeSpike,2026-04-24,2026-04-27,462.4312,461.5842,-0.183,-0.09,1,max_hold 55d (-0.2%),evening,False
ADP,52wkLow,2026-04-27,2026-04-27,194.3753,195.7449,0.705,0.35,0,max_hold 52d (+0.7%),morning,False
CPB,52wkLow,2026-04-27,2026-04-27,20.14,20.55,2.036,1.02,0,max_hold 52d (+2.0%),morning,False
CHTR,52wkLow,2026-04-27,2026-04-27,178.91,174.61,-2.403,-1.2,0,stop_loss (-2.4%),morning,False
AMP,VolumeSpike,2026-04-27,2026-04-27,461.5842,476.1212,3.149,1.58,0,max_hold 52d (+3.1%),morning,False
ACGL,Pullback50,2026-04-27,2026-04-28,96.35,97.43,1.121,0.48,1,max_hold 52d (+1.1%),evening,True
CNP,Pullback50,2026-04-27,2026-04-28,42.6565,43.0344,0.886,0.38,1,max_hold 52d (+0.9%),evening,True
ABT,52wkLow,2026-04-27,2026-04-28,92.8,93.84,1.121,0.48,1,max_hold 52d (+1.1%),evening,False
AIG,52wkLow,2026-04-27,2026-04-28,73.6406,74.3062,0.904,0.39,1,max_hold 52d (+0.9%),evening,False
CHTR,52wkLow,2026-04-27,2026-04-28,174.61,176.02,0.808,0.35,1,max_hold 52d (+0.8%),evening,False
ACGL,Pullback50,2026-04-28,2026-04-28,97.43,97.06,-0.38,-0.17,0,max_hold 51d (-0.4%),morning,True
CNP,Pullback50,2026-04-28,2026-04-28,43.0344,42.8952,-0.324,-0.14,0,max_hold 51d (-0.3%),morning,True
ABT,52wkLow,2026-04-28,2026-04-28,93.84,93.86,0.021,0.01,0,max_hold 51d (+0.0%),morning,False
AIG,52wkLow,2026-04-28,2026-04-28,74.3062,73.6704,-1.04,-0.45,0,stop_loss (-0.9%),morning,False
CHTR,52wkLow,2026-04-28,2026-04-28,176.02,173.11,-1.653,-0.72,0,stop_loss (-1.7%),morning,False
BIIB,Pullback50,2026-04-28,2026-04-29,183.38,183.12,-0.142,-0.03,1,max_hold 51d (-0.1%),evening,True
CB,Pullback50,2026-04-28,2026-04-29,329.3125,328.7144,-0.182,-0.03,1,max_hold 51d (-0.2%),evening,True
CHD,Pullback50,2026-04-28,2026-04-29,96.7641,96.0464,-0.53,-0.09,1,stop_loss (-0.7%),evening,True
ARE,52wkLow,2026-04-28,2026-04-29,40.41,40.11,-1.26,-0.22,1,stop_loss (-0.7%),evening,False
ALLE,52wkLow,2026-04-28,2026-04-29,137.294,138.0907,0.58,0.1,1,max_hold 51d (+0.6%),evening,False
BIIB,Pullback50,2026-04-29,2026-04-29,183.12,194.38,6.149,1.09,0,max_hold 50d (+6.1%),morning,True
CB,Pullback50,2026-04-29,2026-04-29,328.7144,324.7368,-1.21,-0.22,0,stop_loss (-1.2%),morning,True
CHD,Pullback50,2026-04-29,2026-04-29,96.0464,95.8869,-0.166,-0.03,0,max_hold 50d (-0.2%),morning,True
ARE,52wkLow,2026-04-29,2026-04-29,40.11,41.05,2.344,0.42,0,max_hold 50d (+2.3%),morning,False
ALLE,52wkLow,2026-04-29,2026-04-29,138.0907,136.806,-1.74,-0.31,0,stop_loss (-0.9%),morning,False
ALGN,Pullback50,2026-04-29,2026-04-30,178.4,177.0,-0.59,-0.09,1,stop_loss (-0.8%),evening,True
CVX,Pullback50,2026-04-29,2026-04-30,190.4754,188.5233,-1.14,-0.18,1,stop_loss (-1.0%),evening,True
AOS,52wkLow,2026-04-29,2026-04-30,63.32,64.64,2.085,0.33,1,max_hold 50d (+2.1%),evening,False
ARE,52wkLow,2026-04-29,2026-04-30,41.05,40.92,-0.317,-0.05,1,max_hold 50d (-0.3%),evening,False
ALLE,52wkLow,2026-04-29,2026-04-30,136.806,137.9812,0.859,0.14,1,max_hold 50d (+0.9%),evening,False
ALGN,Pullback50,2026-04-30,2026-04-30,177.0,176.01,-1.75,-0.28,0,stop_loss (-0.6%),morning,True
CVX,Pullback50,2026-04-30,2026-04-30,188.5233,191.5555,1.608,0.26,0,max_hold 49d (+1.6%),morning,True
AOS,52wkLow,2026-04-30,2026-04-30,64.64,61.84,-4.332,-0.69,0,stop_loss (-4.3%),morning,False
ARE,52wkLow,2026-04-30,2026-04-30,40.92,40.51,-1.92,-0.31,0,stop_loss (-1.0%),morning,False
ALLE,52wkLow,2026-04-30,2026-04-30,137.9812,136.9156,-2.14,-0.34,0,stop_loss (-0.8%),morning,False
AKAM,Pullback50,2026-04-30,2026-05-01,102.98,103.33,0.34,0.03,1,max_hold 49d (+0.3%),evening,True
CVX,Pullback50,2026-04-30,2026-05-01,191.5555,189.5638,-0.6,-0.05,1,stop_loss (-1.0%),evening,True
CB,Pullback50,2026-04-30,2026-05-01,325.9829,327.8271,0.566,0.04,1,max_hold 49d (+0.6%),evening,True
CHD,Pullback50,2026-04-30,2026-05-01,96.7442,98.1595,1.463,0.11,1,max_hold 49d (+1.5%),evening,True
CINF,Pullback50,2026-04-30,2026-05-01,163.6,164.56,0.587,0.05,1,max_hold 49d (+0.6%),evening,True
AKAM,Pullback50,2026-05-01,2026-05-01,103.33,103.87,0.523,0.04,0,max_hold 48d (+0.5%),morning,True
CVX,Pullback50,2026-05-01,2026-05-01,189.5638,188.8998,-0.35,-0.03,0,max_hold 48d (-0.4%),morning,True
CB,Pullback50,2026-05-01,2026-05-01,327.8271,325.2053,-0.77,-0.06,0,stop_loss (-0.8%),morning,True
CHD,Pullback50,2026-05-01,2026-05-01,98.1595,95.7075,-2.498,-0.19,0,stop_loss (-2.5%),morning,True
CINF,Pullback50,2026-05-01,2026-05-01,164.56,162.05,-1.525,-0.12,0,stop_loss (-1.5%),morning,True
AOS,52wkLow,2026-05-01,2026-05-04,60.35,59.66,-1.98,-0.5,1,stop_loss (-1.1%),evening,True
AON,52wkLow,2026-05-01,2026-05-04,311.51,309.93,-1.98,-0.5,1,stop_loss (-0.5%),evening,True
AJG,52wkLow,2026-05-01,2026-05-04,207.4196,207.2003,-0.106,-0.03,1,max_hold 48d (-0.1%),evening,True
BRO,52wkLow,2026-05-01,2026-05-04,57.4616,57.2522,-0.364,-0.09,1,max_hold 48d (-0.4%),evening,True
BLDR,52wkLow,2026-05-01,2026-05-04,75.72,75.0,-2.63,-0.66,1,stop_loss (-1.0%),evening,True
AOS,52wkLow,2026-05-04,2026-05-04,59.66,58.86,-1.341,-0.34,0,stop_loss (-1.3%),morning,True
AON,52wkLow,2026-05-04,2026-05-04,309.93,314.92,1.61,0.4,0,max_hold 45d (+1.6%),morning,True
AJG,52wkLow,2026-05-04,2026-05-04,207.2003,206.3432,-0.414,-0.1,0,max_hold 45d (-0.4%),morning,True
BRO,52wkLow,2026-05-04,2026-05-04,57.2522,57.4715,0.383,0.1,0,max_hold 45d (+0.4%),morning,True
BLDR,52wkLow,2026-05-04,2026-05-04,75.0,73.75,-1.667,-0.42,0,stop_loss (-1.7%),morning,True
ACN,52wkLow,2026-05-04,2026-05-05,180.12,180.43,0.172,0.04,1,max_hold 45d (+0.2%),evening,True
AMCR,52wkLow,2026-05-04,2026-05-05,36.3052,36.7675,1.273,0.27,1,max_hold 45d (+1.3%),evening,True
APTV,52wkLow,2026-05-04,2026-05-05,59.53,58.11,-2.385,-0.51,1,stop_loss (-2.4%),evening,True
AVY,52wkLow,2026-05-04,2026-05-05,159.4382,159.7065,0.168,0.04,1,max_hold 45d (+0.2%),evening,True
BRK-B,52wkLow,2026-05-04,2026-05-05,468.52,468.53,0.002,0.0,1,max_hold 45d (+0.0%),evening,True
ACN,52wkLow,2026-05-05,2026-05-05,180.43,179.01,-0.53,-0.11,0,stop_loss (-0.8%),morning,True
AMCR,52wkLow,2026-05-05,2026-05-05,36.7675,37.0233,0.696,0.15,0,max_hold 44d (+0.7%),morning,True
APTV,52wkLow,2026-05-05,2026-05-05,58.11,54.83,-5.644,-1.21,0,stop_loss (-5.6%),morning,True
AVY,52wkLow,2026-05-05,2026-05-05,159.7065,160.9386,0.771,0.17,0,max_hold 44d (+0.8%),morning,True
BRK-B,52wkLow,2026-05-05,2026-05-05,468.53,465.52,-6.86,-1.47,0,stop_loss (-0.6%),morning,True
ABT,52wkLow,2026-05-05,2026-05-06,87.17,87.55,0.436,0.09,1,max_hold 44d (+0.4%),evening,True
ALLE,52wkLow,2026-05-05,2026-05-06,131.7469,133.649,1.444,0.29,1,max_hold 44d (+1.4%),evening,True
AMCR,52wkLow,2026-05-05,2026-05-06,37.0233,39.9643,7.944,1.58,1,max_hold 44d (+7.9%),evening,True
APTV,52wkLow,2026-05-05,2026-05-06,54.83,55.46,1.149,0.23,1,max_hold 44d (+1.1%),evening,True
COR,MomReversal,2026-05-05,2026-05-06,305.1971,267.4041,-12.383,-2.46,1,stop_loss (-12.4%),evening,False
ABT,52wkLow,2026-05-06,2026-05-06,87.55,86.3,-1.428,-0.28,0,stop_loss (-1.4%),morning,True
ALLE,52wkLow,2026-05-06,2026-05-06,133.649,134.7744,0.842,0.17,0,max_hold 43d (+0.8%),morning,True
AMCR,52wkLow,2026-05-06,2026-05-06,39.9643,39.5512,-5.69,-1.13,0,stop_loss (-1.0%),morning,True
APTV,52wkLow,2026-05-06,2026-05-06,55.46,56.8,2.416,0.48,0,max_hold 43d (+2.4%),morning,True
COR,MomReversal,2026-05-06,2026-05-06,267.4041,252.1592,-5.701,-1.13,0,stop_loss (-5.7%),morning,False
ACN,52wkLow,2026-05-06,2026-05-07,174.57,176.08,0.865,0.17,1,max_hold 43d (+0.9%),evening,True
APTV,52wkLow,2026-05-06,2026-05-07,56.8,57.16,0.634,0.12,1,max_hold 43d (+0.6%),evening,True
BRK-B,52wkLow,2026-05-06,2026-05-07,469.83,469.26,-0.121,-0.02,1,max_hold 43d (-0.1%),evening,True
TECH,52wkLow,2026-05-06,2026-05-07,47.3224,47.1128,-0.443,-0.09,1,max_hold 43d (-0.4%),evening,True
CDW,52wkLow,2026-05-06,2026-05-07,108.3575,108.8645,0.468,0.09,1,max_hold 43d (+0.5%),evening,True
ACN,52wkLow,2026-05-07,2026-05-07,176.08,180.19,2.334,0.46,0,max_hold 42d (+2.3%),morning,True
APTV,52wkLow,2026-05-07,2026-05-07,57.16,57.11,-0.087,-0.02,0,max_hold 42d (-0.1%),morning,True
BRK-B,52wkLow,2026-05-07,2026-05-07,469.26,475.08,1.24,0.24,0,max_hold 42d (+1.2%),morning,True
TECH,52wkLow,2026-05-07,2026-05-07,47.1128,50.8159,7.86,1.55,0,max_hold 42d (+7.9%),morning,True
CDW,52wkLow,2026-05-07,2026-05-07,108.8645,109.5504,0.63,0.12,0,max_hold 42d (+0.6%),morning,True
ACN,52wkLow,2026-05-07,2026-05-08,180.19,178.03,-0.93,-0.1,1,stop_loss (-1.2%),evening,True
ALLE,52wkLow,2026-05-07,2026-05-08,136.2483,136.1786,-0.051,-0.01,1,max_hold 42d (-0.1%),evening,True
AWK,52wkLow,2026-05-07,2026-05-08,125.3036,125.5519,0.198,0.02,1,max_hold 42d (+0.2%),evening,True
AON,52wkLow,2026-05-07,2026-05-08,313.59,313.0,-0.188,-0.02,1,max_hold 42d (-0.2%),evening,True
APTV,52wkLow,2026-05-07,2026-05-08,57.11,57.93,1.436,0.16,1,max_hold 42d (+1.4%),evening,True
ACN,52wkLow,2026-05-08,2026-05-08,178.03,180.42,1.342,0.15,0,max_hold 41d (+1.3%),morning,True
ALLE,52wkLow,2026-05-08,2026-05-08,136.1786,133.8184,-1.733,-0.19,0,stop_loss (-1.7%),morning,True
AWK,52wkLow,2026-05-08,2026-05-08,125.5519,124.1618,-1.26,-0.14,0,stop_loss (-1.1%),morning,True
AON,52wkLow,2026-05-08,2026-05-08,313.0,312.79,-0.067,-0.01,0,max_hold 41d (-0.1%),morning,True
APTV,52wkLow,2026-05-08,2026-05-08,57.93,57.94,0.017,0.0,0,max_hold 41d (+0.0%),morning,True
BR,52wkLow,2026-05-08,2026-05-11,148.4938,147.282,-1.41,-0.42,1,stop_loss (-0.8%),evening,True
BRO,52wkLow,2026-05-08,2026-05-11,56.285,56.01,-0.489,-0.15,1,max_hold 41d (-0.5%),evening,True
CDW,52wkLow,2026-05-08,2026-05-11,104.1723,103.2478,-1.71,-0.51,1,stop_loss (-0.9%),evening,True
COIN,GapDown,2026-05-08,2026-05-11,201.16,200.38,-0.388,-0.12,1,max_hold 41d (-0.4%),evening,False
ACN,MomReversal,2026-05-08,2026-05-11,180.42,180.49,0.039,0.01,1,max_hold 41d (+0.0%),evening,False
BR,52wkLow,2026-05-11,2026-05-11,147.282,148.1263,0.573,0.17,0,max_hold 38d (+0.6%),morning,True
BRO,52wkLow,2026-05-11,2026-05-11,56.01,55.35,-1.33,-0.39,0,stop_loss (-1.2%),morning,True
CDW,52wkLow,2026-05-11,2026-05-11,103.2478,101.9356,-1.271,-0.38,0,stop_loss (-1.3%),morning,True
COIN,GapDown,2026-05-11,2026-05-11,200.38,216.6,8.095,2.4,0,max_hold 38d (+8.1%),morning,False
ACN,MomReversal,2026-05-11,2026-05-11,180.49,172.35,-4.51,-1.34,0,stop_loss (-4.5%),morning,False
BBY,52wkLow,2026-05-11,2026-05-12,56.8633,56.8929,0.052,0.02,1,max_hold 38d (+0.1%),evening,True
BKNG,52wkLow,2026-05-11,2026-05-12,157.4043,158.0327,0.399,0.13,1,max_hold 38d (+0.4%),evening,True
BR,52wkLow,2026-05-11,2026-05-12,148.1263,149.0699,0.637,0.21,1,max_hold 38d (+0.6%),evening,True
BRO,52wkLow,2026-05-11,2026-05-12,55.35,55.58,0.416,0.14,1,max_hold 38d (+0.4%),evening,True
COF,52wkLow,2026-05-11,2026-05-12,183.1438,183.1438,-0.0,-0.0,1,max_hold 38d (-0.0%),evening,True
BBY,52wkLow,2026-05-12,2026-05-12,56.8929,56.4488,-1.28,-0.42,0,stop_loss (-0.8%),morning,True
BKNG,52wkLow,2026-05-12,2026-05-12,158.0327,160.1574,1.344,0.44,0,max_hold 37d (+1.3%),morning,True
BR,52wkLow,2026-05-12,2026-05-12,149.0699,148.5236,-0.366,-0.12,0,max_hold 37d (-0.4%),morning,True
BRO,52wkLow,2026-05-12,2026-05-12,55.58,55.77,0.342,0.11,0,max_hold 37d (+0.3%),morning,True
COF,52wkLow,2026-05-12,2026-05-12,183.1438,182.9248,-0.12,-0.04,0,max_hold 37d (-0.1%),morning,True
AON,52wkLow,2026-05-12,2026-05-13,316.35,313.62,-4.96,-1.34,1,stop_loss (-0.9%),evening,True
AJG,52wkLow,2026-05-12,2026-05-13,196.7451,194.1338,-1.327,-0.36,1,stop_loss (-1.3%),evening,True
BR,52wkLow,2026-05-12,2026-05-13,148.5236,146.3483,-1.465,-0.4,1,stop_loss (-1.5%),evening,True
BRO,52wkLow,2026-05-12,2026-05-13,55.77,55.12,-0.66,-0.18,1,stop_loss (-1.2%),evening,True
COF,52wkLow,2026-05-12,2026-05-13,182.9248,183.114,0.103,0.03,1,max_hold 37d (+0.1%),evening,True
AON,52wkLow,2026-05-13,2026-05-13,313.62,310.9,-0.64,-0.17,0,stop_loss (-0.9%),morning,True
AJG,52wkLow,2026-05-13,2026-05-13,194.1338,191.363,-1.427,-0.38,0,stop_loss (-1.4%),morning,True
BR,52wkLow,2026-05-13,2026-05-13,146.3483,142.9613,-2.314,-0.62,0,stop_loss (-2.3%),morning,True
BRO,52wkLow,2026-05-13,2026-05-13,55.12,54.38,-1.343,-0.36,0,stop_loss (-1.3%),morning,True
COF,52wkLow,2026-05-13,2026-05-13,183.114,180.7641,-1.283,-0.35,0,stop_loss (-1.3%),morning,True
MMM,52wkLow,2026-05-13,2026-05-14,146.3432,147.2783,0.639,0.16,1,max_hold 36d (+0.6%),evening,True
ACN,52wkLow,2026-05-13,2026-05-14,159.64,162.0,1.478,0.36,1,max_hold 36d (+1.5%),evening,True
AMT,52wkLow,2026-05-13,2026-05-14,172.226,172.9788,0.437,0.11,1,max_hold 36d (+0.4%),evening,True
AON,52wkLow,2026-05-13,2026-05-14,310.9,311.61,0.228,0.06,1,max_hold 36d (+0.2%),evening,True
AJG,52wkLow,2026-05-13,2026-05-14,191.363,194.5325,1.656,0.41,1,max_hold 36d (+1.7%),evening,True
MMM,52wkLow,2026-05-14,2026-05-14,147.2783,144.3733,-1.972,-0.48,0,stop_loss (-2.0%),morning,True
ACN,52wkLow,2026-05-14,2026-05-14,162.0,163.99,1.228,0.3,0,max_hold 35d (+1.2%),morning,True
AMT,52wkLow,2026-05-14,2026-05-14,172.9788,168.8879,-2.365,-0.58,0,stop_loss (-2.4%),morning,True
AON,52wkLow,2026-05-14,2026-05-14,311.61,315.41,1.219,0.3,0,max_hold 35d (+1.2%),morning,True
AJG,52wkLow,2026-05-14,2026-05-14,194.5325,197.0242,1.281,0.31,0,max_hold 35d (+1.3%),morning,True
ACN,52wkLow,2026-05-14,2026-05-15,163.99,167.47,2.122,0.45,1,max_hold 35d (+2.1%),evening,True
AON,52wkLow,2026-05-14,2026-05-15,315.41,316.24,0.263,0.06,1,max_hold 35d (+0.3%),evening,True
AJG,52wkLow,2026-05-14,2026-05-15,197.0242,199.0574,1.032,0.22,1,max_hold 35d (+1.0%),evening,True
AZO,52wkLow,2026-05-14,2026-05-15,3379.52,3389.0601,0.282,0.06,1,max_hold 35d (+0.3%),evening,True
BRO,52wkLow,2026-05-14,2026-05-15,55.78,56.25,0.843,0.18,1,max_hold 35d (+0.8%),evening,True
ACN,52wkLow,2026-05-15,2026-05-15,167.47,168.82,0.806,0.17,0,max_hold 34d (+0.8%),morning,True
AON,52wkLow,2026-05-15,2026-05-15,316.24,317.22,0.31,0.07,0,max_hold 34d (+0.3%),morning,True
AJG,52wkLow,2026-05-15,2026-05-15,199.0574,199.2867,0.115,0.02,0,max_hold 34d (+0.1%),morning,True
AZO,52wkLow,2026-05-15,2026-05-15,3389.0601,3321.1499,-2.004,-0.42,0,stop_loss (-2.0%),morning,True
BRO,52wkLow,2026-05-15,2026-05-15,56.25,56.28,0.053,0.01,0,max_hold 34d (+0.1%),morning,True
MMM,52wkLow,2026-05-15,2026-05-18,145.4677,145.8457,0.26,0.04,1,max_hold 34d (+0.3%),evening,True
AMT,52wkLow,2026-05-15,2026-05-18,169.0166,169.2742,0.152,0.03,1,max_hold 34d (+0.2%),evening,True
AWK,52wkLow,2026-05-15,2026-05-18,124.29,125.14,0.684,0.11,1,max_hold 34d (+0.7%),evening,True
AON,52wkLow,2026-05-15,2026-05-18,317.22,317.51,0.091,0.02,1,max_hold 34d (+0.1%),evening,True
APTV,52wkLow,2026-05-15,2026-05-18,54.34,54.21,-0.239,-0.04,1,max_hold 34d (-0.2%),evening,True
MMM,52wkLow,2026-05-18,2026-05-18,145.8457,151.7452,4.045,0.66,0,max_hold 31d (+4.0%),morning,True
AMT,52wkLow,2026-05-18,2026-05-18,169.2742,175.6037,3.739,0.61,0,max_hold 31d (+3.7%),morning,True
AWK,52wkLow,2026-05-18,2026-05-18,125.14,124.83,-0.248,-0.04,0,max_hold 31d (-0.2%),morning,True
AON,52wkLow,2026-05-18,2026-05-18,317.51,326.57,2.853,0.47,0,max_hold 31d (+2.9%),morning,True
APTV,52wkLow,2026-05-18,2026-05-18,54.21,53.01,-2.214,-0.36,0,stop_loss (-2.2%),morning,True
AZO,52wkLow,2026-05-18,2026-05-19,3365.74,3346.6699,-5.98,-1.61,1,stop_loss (-0.6%),evening,True
BBY,52wkLow,2026-05-18,2026-05-19,57.1199,57.3074,0.328,0.09,1,max_hold 31d (+0.3%),evening,True
BR,MomReversal,2026-05-18,2026-05-19,149.6062,151.6027,1.334,0.36,1,max_hold 31d (+1.3%),evening,False
CTSH,MomReversal,2026-05-18,2026-05-19,51.4,51.68,0.545,0.15,1,max_hold 31d (+0.5%),evening,False
ABNB,Pullback50,2026-05-18,2026-05-19,134.3,133.07,-0.96,-0.26,1,stop_loss (-0.9%),evening,False
AZO,52wkLow,2026-05-19,2026-05-19,3346.6699,3347.28,0.018,0.0,0,max_hold 30d (+0.0%),morning,True
BBY,52wkLow,2026-05-19,2026-05-19,57.3074,58.5114,2.101,0.56,0,max_hold 30d (+2.1%),morning,True
BR,MomReversal,2026-05-19,2026-05-19,151.6027,148.4242,-2.097,-0.56,0,stop_loss (-2.1%),morning,False
CTSH,MomReversal,2026-05-19,2026-05-19,51.68,50.88,-1.548,-0.42,0,stop_loss (-1.5%),morning,False
ABNB,Pullback50,2026-05-19,2026-05-19,133.07,131.16,-1.435,-0.39,0,stop_loss (-1.4%),morning,False
A,52wkLow,2026-05-19,2026-05-20,110.57,111.2,0.57,0.15,1,max_hold 30d (+0.6%),evening,True
AON,52wkLow,2026-05-19,2026-05-20,323.66,323.6,-0.019,-0.0,1,max_hold 30d (-0.0%),evening,True
BRK-B,52wkLow,2026-05-19,2026-05-20,480.46,482.0,0.321,0.09,1,max_hold 30d (+0.3%),evening,True
COF,52wkLow,2026-05-19,2026-05-20,182.03,184.13,1.154,0.31,1,max_hold 30d (+1.2%),evening,True
CTSH,MomReversal,2026-05-19,2026-05-20,50.88,51.06,0.354,0.09,1,max_hold 30d (+0.4%),evening,False
A,52wkLow,2026-05-20,2026-05-20,111.2,113.78,2.32,0.62,0,max_hold 29d (+2.3%),morning,True
AON,52wkLow,2026-05-20,2026-05-20,323.6,321.15,-5.95,-1.6,0,stop_loss (-0.8%),morning,True
BRK-B,52wkLow,2026-05-20,2026-05-20,482.0,480.9,-0.228,-0.06,0,max_hold 29d (-0.2%),morning,True
COF,52wkLow,2026-05-20,2026-05-20,184.13,187.23,1.684,0.45,0,max_hold 29d (+1.7%),morning,True
CTSH,MomReversal,2026-05-20,2026-05-20,51.06,51.3,0.47,0.13,0,max_hold 29d (+0.5%),morning,False
AMCR,52wkLow,2026-05-20,2026-05-21,37.4659,36.9839,-1.286,-0.32,1,stop_loss (-1.3%),evening,True
AVY,52wkLow,2026-05-20,2026-05-21,157.3119,155.6227,-1.26,-0.31,1,stop_loss (-1.1%),evening,True
CPB,52wkLow,2026-05-20,2026-05-21,20.0,19.92,-0.4,-0.1,1,max_hold 29d (-0.4%),evening,True
SCHW,52wkLow,2026-05-20,2026-05-21,90.11,90.18,0.078,0.02,1,max_hold 29d (+0.1%),evening,True
ADI,GapDown,2026-05-20,2026-05-21,396.9627,395.5565,-0.354,-0.09,1,max_hold 29d (-0.4%),evening,False
AMCR,52wkLow,2026-05-21,2026-05-21,36.9839,37.8692,2.394,0.59,0,max_hold 28d (+2.4%),morning,True
AVY,52wkLow,2026-05-21,2026-05-21,155.6227,157.8882,1.456,0.36,0,max_hold 28d (+1.5%),morning,True
CPB,52wkLow,2026-05-21,2026-05-21,19.92,20.05,0.653,0.16,0,max_hold 28d (+0.7%),morning,True
SCHW,52wkLow,2026-05-21,2026-05-21,90.18,90.41,0.255,0.06,0,max_hold 28d (+0.3%),morning,True
ADI,GapDown,2026-05-21,2026-05-21,395.5565,383.1605,-3.134,-0.77,0,stop_loss (-3.1%),morning,False
CPB,52wkLow,2026-05-21,2026-05-22,20.05,20.13,0.399,0.15,1,max_hold 28d (+0.4%),evening,True
CARR,GapDown,2026-05-21,2026-05-22,62.18,62.6,0.675,0.25,1,max_hold 28d (+0.7%),evening,False
AEE,Pullback50,2026-05-21,2026-05-22,109.0712,109.2698,0.182,0.07,1,max_hold 28d (+0.2%),evening,False
BA,Pullback50,2026-05-21,2026-05-22,219.61,220.85,0.565,0.21,1,max_hold 28d (+0.6%),evening,False
CNP,Pullback50,2026-05-21,2026-05-22,42.47,42.11,-2.01,-0.74,1,stop_loss (-0.8%),evening,False
CPB,52wkLow,2026-05-22,2026-05-22,20.13,20.58,2.235,0.82,0,max_hold 27d (+2.2%),morning,True
CARR,GapDown,2026-05-22,2026-05-22,62.6,63.14,0.863,0.32,0,max_hold 27d (+0.9%),morning,False
AEE,Pullback50,2026-05-22,2026-05-22,109.2698,110.511,1.136,0.42,0,max_hold 27d (+1.1%),morning,False
BA,Pullback50,2026-05-22,2026-05-22,220.85,219.02,-0.83,-0.31,0,stop_loss (-0.8%),morning,False
CNP,Pullback50,2026-05-22,2026-05-22,42.11,42.83,1.71,0.63,0,max_hold 27d (+1.7%),morning,False
AZO,52wkLow,2026-05-22,2026-05-26,3406.5,3215.01,-5.621,-2.38,1,stop_loss (-5.6%),evening,True
AEE,Pullback50,2026-05-22,2026-05-26,110.511,111.3849,0.791,0.33,1,max_hold 27d (+0.8%),evening,False
AEP,Pullback50,2026-05-22,2026-05-26,131.59,131.94,0.266,0.11,1,max_hold 27d (+0.3%),evening,False
APA,Pullback50,2026-05-22,2026-05-26,38.8,38.52,-0.8,-0.34,1,stop_loss (-0.7%),evening,False
CNP,Pullback50,2026-05-22,2026-05-26,42.83,42.96,0.304,0.13,1,max_hold 27d (+0.3%),evening,False
AZO,52wkLow,2026-05-26,2026-05-26,3215.01,3100.1101,-3.574,-1.5,0,stop_loss (-3.6%),morning,True
AEE,Pullback50,2026-05-26,2026-05-26,111.3849,110.2528,-0.5,-0.21,0,stop_loss (-1.0%),morning,False
AEP,Pullback50,2026-05-26,2026-05-26,131.94,130.9,-1.59,-0.67,0,stop_loss (-0.8%),morning,False
APA,Pullback50,2026-05-26,2026-05-26,38.52,37.5,-2.648,-1.11,0,stop_loss (-2.6%),morning,False
CNP,Pullback50,2026-05-26,2026-05-26,42.96,42.93,-0.07,-0.03,0,max_hold 23d (-0.1%),morning,False
AZO,52wkLow,2026-05-26,2026-05-27,3100.1101,3100.26,0.005,0.0,1,max_hold 23d (+0.0%),evening,True
BR,52wkLow,2026-05-26,2026-05-27,145.9609,146.1298,0.116,0.07,1,max_hold 23d (+0.1%),evening,True
CBRE,MomReversal,2026-05-26,2026-05-27,129.76,130.54,0.601,0.35,1,max_hold 23d (+0.6%),evening,False
CRL,MomReversal,2026-05-26,2026-05-27,156.73,157.87,0.727,0.42,1,max_hold 23d (+0.7%),evening,False
AZO,52wkLow,2026-05-27,2026-05-27,3100.26,3027.48,-2.348,-1.37,0,stop_loss (-2.3%),morning,True
BR,52wkLow,2026-05-27,2026-05-27,146.1298,146.1099,-0.014,-0.01,0,max_hold 22d (-0.0%),morning,True
CBRE,MomReversal,2026-05-27,2026-05-27,130.54,130.15,-0.299,-0.17,0,max_hold 22d (-0.3%),morning,False
CRL,MomReversal,2026-05-27,2026-05-27,157.87,164.49,4.193,2.45,0,max_hold 22d (+4.2%),morning,False
BSX,52wkLow,2026-05-27,2026-05-28,50.46,50.14,-0.93,-0.39,1,stop_loss (-0.6%),evening,True
CPB,52wkLow,2026-05-27,2026-05-28,20.5,20.55,0.244,0.1,1,max_hold 22d (+0.2%),evening,True
SCHW,52wkLow,2026-05-27,2026-05-28,85.61,85.12,-2.03,-0.85,1,stop_loss (-0.6%),evening,True
CTAS,52wkLow,2026-05-27,2026-05-28,169.86,169.09,-0.453,-0.19,1,max_hold 22d (-0.5%),evening,True
ALGN,MomReversal,2026-05-27,2026-05-28,162.88,162.88,0.0,0.0,1,max_hold 22d (+0.0%),evening,False
BSX,52wkLow,2026-05-28,2026-05-28,50.14,49.11,-2.054,-0.86,0,stop_loss (-2.1%),morning,True
CPB,52wkLow,2026-05-28,2026-05-28,20.55,20.8,1.217,0.51,0,max_hold 21d (+1.2%),morning,True
SCHW,52wkLow,2026-05-28,2026-05-28,85.12,85.35,0.27,0.11,0,max_hold 21d (+0.3%),morning,True
CTAS,52wkLow,2026-05-28,2026-05-28,169.09,173.06,2.348,0.98,0,max_hold 21d (+2.3%),morning,True
ALGN,MomReversal,2026-05-28,2026-05-28,162.88,173.25,6.367,2.65,0,max_hold 21d (+6.4%),morning,False
AMP,52wkLow,2026-05-28,2026-05-29,439.85,439.74,-0.025,-0.01,1,max_hold 21d (-0.0%),evening,True
AZO,52wkLow,2026-05-28,2026-05-29,3007.0801,2989.1399,-0.58,-0.17,1,stop_loss (-0.6%),evening,True
BSX,52wkLow,2026-05-28,2026-05-29,49.11,48.72,-0.53,-0.16,1,stop_loss (-0.8%),evening,True
CBRE,52wkLow,2026-05-28,2026-05-29,126.42,125.55,-0.84,-0.25,1,stop_loss (-0.7%),evening,True
SCHW,52wkLow,2026-05-28,2026-05-29,85.35,86.0,0.762,0.22,1,max_hold 21d (+0.8%),evening,True
AMP,52wkLow,2026-05-29,2026-05-29,439.74,445.71,1.358,0.4,0,max_hold 20d (+1.4%),morning,True
AZO,52wkLow,2026-05-29,2026-05-29,2989.1399,2935.1899,-1.805,-0.53,0,stop_loss (-1.8%),morning,True
BSX,52wkLow,2026-05-29,2026-05-29,48.72,48.31,-0.6,-0.18,0,stop_loss (-0.8%),morning,True
CBRE,52wkLow,2026-05-29,2026-05-29,125.55,125.04,-0.406,-0.12,0,max_hold 20d (-0.4%),morning,True
SCHW,52wkLow,2026-05-29,2026-05-29,86.0,87.35,1.57,0.46,0,max_hold 20d (+1.6%),morning,True
ABT,52wkLow,2026-05-29,2026-06-01,85.6,85.78,0.21,0.02,1,max_hold 20d (+0.2%),evening,True
ALLE,52wkLow,2026-05-29,2026-06-01,129.536,128.321,-5.69,-0.56,1,stop_loss (-0.9%),evening,True
AIG,52wkLow,2026-05-29,2026-06-01,73.74,72.9552,-1.36,-0.13,1,stop_loss (-1.1%),evening,True
AWK,52wkLow,2026-05-29,2026-06-01,123.27,122.99,-0.227,-0.02,1,max_hold 20d (-0.2%),evening,True
AMP,52wkLow,2026-05-29,2026-06-01,445.71,443.77,-0.435,-0.04,1,max_hold 20d (-0.4%),evening,True
ABT,52wkLow,2026-06-01,2026-06-01,85.78,87.78,2.332,0.23,0,max_hold 17d (+2.3%),morning,True
ALLE,52wkLow,2026-06-01,2026-06-01,128.321,129.6655,1.048,0.1,0,max_hold 17d (+1.0%),morning,True
AIG,52wkLow,2026-06-01,2026-06-01,72.9552,72.9651,0.014,0.0,0,max_hold 17d (+0.0%),morning,True
AWK,52wkLow,2026-06-01,2026-06-01,122.99,121.13,-1.512,-0.15,0,stop_loss (-1.5%),morning,True
AMP,52wkLow,2026-06-01,2026-06-01,443.77,447.15,0.762,0.07,0,max_hold 17d (+0.8%),morning,True
AMD,GapDown,2026-06-01,2026-06-02,510.13,506.3,-2.31,-0.52,1,stop_loss (-0.8%),evening,True
CIEN,GapDown,2026-06-01,2026-06-02,569.61,583.58,2.453,0.55,1,max_hold 17d (+2.5%),evening,True
COIN,GapDown,2026-06-01,2026-06-02,182.61,177.17,-2.979,-0.67,1,stop_loss (-3.0%),evening,True
AZO,52wkLow,2026-06-01,2026-06-02,3020.95,3014.0901,-0.227,-0.05,1,max_hold 17d (-0.2%),evening,False
BRK-B,52wkLow,2026-06-01,2026-06-02,470.29,470.0,-0.062,-0.01,1,max_hold 17d (-0.1%),evening,False
AMD,GapDown,2026-06-02,2026-06-02,506.3,521.54,3.01,0.68,0,max_hold 16d (+3.0%),morning,True
CIEN,GapDown,2026-06-02,2026-06-02,583.58,627.0,7.44,1.68,0,max_hold 16d (+7.4%),morning,True
COIN,GapDown,2026-06-02,2026-06-02,177.17,173.99,-1.795,-0.4,0,stop_loss (-1.8%),morning,True
AZO,52wkLow,2026-06-02,2026-06-02,3014.0901,3029.3601,0.507,0.11,0,max_hold 16d (+0.5%),morning,False
BRK-B,52wkLow,2026-06-02,2026-06-02,470.0,471.51,0.321,0.07,0,max_hold 16d (+0.3%),morning,False
AXON,GapDown,2026-06-02,2026-06-03,490.12,481.0,-1.861,-0.55,1,stop_loss (-1.9%),evening,True
AVY,52wkLow,2026-06-02,2026-06-03,156.04,155.5,-0.346,-0.1,1,max_hold 16d (-0.3%),evening,False
CMG,52wkLow,2026-06-02,2026-06-03,29.26,28.51,-2.563,-0.76,1,stop_loss (-2.6%),evening,False
CME,52wkLow,2026-06-02,2026-06-03,249.2377,252.9186,1.477,0.44,1,max_hold 16d (+1.5%),evening,False
AFL,Pullback50,2026-06-02,2026-06-03,113.63,113.48,-0.132,-0.04,1,max_hold 16d (-0.1%),evening,False
AXON,GapDown,2026-06-03,2026-06-03,481.0,481.48,0.1,0.03,0,max_hold 15d (+0.1%),morning,True
AVY,52wkLow,2026-06-03,2026-06-03,155.5,155.89,0.251,0.07,0,max_hold 15d (+0.3%),morning,False
CMG,52wkLow,2026-06-03,2026-06-03,28.51,28.74,0.807,0.24,0,max_hold 15d (+0.8%),morning,False
CME,52wkLow,2026-06-03,2026-06-03,252.9186,251.3369,-1.29,-0.38,0,stop_loss (-0.6%),morning,False
AFL,Pullback50,2026-06-03,2026-06-03,113.48,114.5,0.899,0.26,0,max_hold 15d (+0.9%),morning,False
APO,GapDown,2026-06-03,2026-06-04,124.35,125.39,0.836,0.14,1,max_hold 15d (+0.8%),evening,True
ARES,GapDown,2026-06-03,2026-06-04,121.8723,123.981,1.73,0.28,1,max_hold 15d (+1.7%),evening,True
BX,GapDown,2026-06-03,2026-06-04,110.28,112.25,1.786,0.29,1,max_hold 15d (+1.8%),evening,True
ALLE,52wkLow,2026-06-03,2026-06-04,129.5759,131.488,1.476,0.24,1,max_hold 15d (+1.5%),evening,False
AWK,52wkLow,2026-06-03,2026-06-04,123.81,125.13,1.066,0.17,1,max_hold 15d (+1.1%),evening,False
APO,GapDown,2026-06-04,2026-06-04,125.39,128.41,2.408,0.4,0,max_hold 14d (+2.4%),morning,True
ARES,GapDown,2026-06-04,2026-06-04,123.981,129.1985,4.208,0.69,0,max_hold 14d (+4.2%),morning,True
BX,GapDown,2026-06-04,2026-06-04,112.25,118.55,5.612,0.92,0,max_hold 14d (+5.6%),morning,True
ALLE,52wkLow,2026-06-04,2026-06-04,131.488,129.8149,-1.272,-0.21,0,stop_loss (-1.3%),morning,False
AWK,52wkLow,2026-06-04,2026-06-04,125.13,122.25,-2.302,-0.38,0,stop_loss (-2.3%),morning,False
AMD,GapDown,2026-06-04,2026-06-05,523.2,499.53,-4.524,-0.9,1,stop_loss (-4.5%),evening,True
AMAT,GapDown,2026-06-04,2026-06-05,501.7,479.71,-4.383,-0.87,1,stop_loss (-4.4%),evening,True
ANET,GapDown,2026-06-04,2026-06-05,166.01,159.46,-3.946,-0.78,1,stop_loss (-3.9%),evening,True
AVGO,GapDown,2026-06-04,2026-06-05,418.91,407.61,-2.697,-0.53,1,stop_loss (-2.7%),evening,True
COHR,GapDown,2026-06-04,2026-06-05,421.9,405.27,-3.942,-0.78,1,stop_loss (-3.9%),evening,True
AMD,GapDown,2026-06-05,2026-06-05,499.53,466.38,-6.636,-1.3,0,stop_loss (-6.6%),morning,True
AMAT,GapDown,2026-06-05,2026-06-05,479.71,453.01,-5.566,-1.09,0,stop_loss (-5.6%),morning,True
ANET,GapDown,2026-06-05,2026-06-05,159.46,154.27,-3.255,-0.64,0,stop_loss (-3.3%),morning,True
AVGO,GapDown,2026-06-05,2026-06-05,407.61,385.73,-5.368,-1.05,0,stop_loss (-5.4%),morning,True
COHR,GapDown,2026-06-05,2026-06-05,405.27,376.99,-6.978,-1.37,0,stop_loss (-7.0%),morning,True
BRK-B,VolumeSpike,2026-06-05,2026-06-08,488.13,486.13,-0.41,-0.1,1,max_hold 13d (-0.4%),evening,True
CPB,VolumeSpike,2026-06-05,2026-06-08,21.68,22.17,2.26,0.54,1,max_hold 13d (+2.3%),evening,True
AOS,52wkLow,2026-06-05,2026-06-08,57.2,57.04,-0.28,-0.07,1,max_hold 13d (-0.3%),evening,False
AWK,52wkLow,2026-06-05,2026-06-08,124.47,123.56,-0.84,-0.2,1,stop_loss (-0.7%),evening,False
T,52wkLow,2026-06-05,2026-06-08,22.75,22.66,-0.396,-0.1,1,max_hold 13d (-0.4%),evening,False
BRK-B,VolumeSpike,2026-06-08,2026-06-08,486.13,487.0,0.179,0.04,0,max_hold 10d (+0.2%),morning,True
CPB,VolumeSpike,2026-06-08,2026-06-08,22.17,21.49,-3.067,-0.74,0,stop_loss (-3.1%),morning,True
AOS,52wkLow,2026-06-08,2026-06-08,57.04,57.33,0.508,0.12,0,max_hold 10d (+0.5%),morning,False
AWK,52wkLow,2026-06-08,2026-06-08,123.56,122.49,-0.72,-0.17,0,stop_loss (-0.9%),morning,False
T,52wkLow,2026-06-08,2026-06-08,22.66,22.5,-0.52,-0.12,0,stop_loss (-0.7%),morning,False
AIG,VolumeSpike,2026-06-08,2026-06-09,73.6108,73.6307,0.027,0.01,1,max_hold 10d (+0.0%),evening,True
AZO,VolumeSpike,2026-06-08,2026-06-09,3074.04,3082.5601,0.277,0.07,1,max_hold 10d (+0.3%),evening,True
CPB,VolumeSpike,2026-06-08,2026-06-09,21.49,21.43,-0.279,-0.07,1,max_hold 10d (-0.3%),evening,True
AOS,52wkLow,2026-06-08,2026-06-09,57.33,57.75,0.733,0.19,1,max_hold 10d (+0.7%),evening,False
ALLE,52wkLow,2026-06-08,2026-06-09,127.106,128.5999,1.175,0.31,1,max_hold 10d (+1.2%),evening,False
AIG,VolumeSpike,2026-06-09,2026-06-09,73.6307,73.432,-0.27,-0.07,0,max_hold 9d (-0.3%),morning,True
AZO,VolumeSpike,2026-06-09,2026-06-09,3082.5601,3137.75,1.79,0.47,0,max_hold 9d (+1.8%),morning,True
CPB,VolumeSpike,2026-06-09,2026-06-09,21.43,22.13,3.266,0.85,0,max_hold 9d (+3.3%),morning,True
AOS,52wkLow,2026-06-09,2026-06-09,57.75,59.23,2.563,0.67,0,max_hold 9d (+2.6%),morning,False
ALLE,52wkLow,2026-06-09,2026-06-09,128.5999,130.512,1.487,0.39,0,max_hold 9d (+1.5%),morning,False
ALLE,52wkLow,2026-06-09,2026-06-10,130.512,130.5518,0.031,0.01,1,max_hold 9d (+0.0%),evening,False
AIG,52wkLow,2026-06-09,2026-06-10,73.432,73.432,-0.0,-0.0,1,max_hold 9d (-0.0%),evening,False
T,52wkLow,2026-06-09,2026-06-10,22.71,22.88,0.749,0.18,1,max_hold 9d (+0.7%),evening,False
AVY,52wkLow,2026-06-09,2026-06-10,159.35,160.37,0.64,0.15,1,max_hold 9d (+0.6%),evening,False
COF,52wkLow,2026-06-09,2026-06-10,183.35,182.15,-0.53,-0.13,1,stop_loss (-0.7%),evening,False
ALLE,52wkLow,2026-06-10,2026-06-10,130.5518,128.819,-1.327,-0.32,0,stop_loss (-1.3%),morning,False
AIG,52wkLow,2026-06-10,2026-06-10,73.432,74.4453,1.38,0.33,0,max_hold 8d (+1.4%),morning,False
T,52wkLow,2026-06-10,2026-06-10,22.88,23.21,1.442,0.35,0,max_hold 8d (+1.4%),morning,False
AVY,52wkLow,2026-06-10,2026-06-10,160.37,156.07,-2.681,-0.65,0,stop_loss (-2.7%),morning,False
COF,52wkLow,2026-06-10,2026-06-10,182.15,177.63,-2.481,-0.6,0,stop_loss (-2.5%),morning,False
AOS,52wkLow,2026-06-10,2026-06-11,57.22,57.94,1.258,0.52,1,max_hold 8d (+1.3%),evening,False
ALLE,52wkLow,2026-06-10,2026-06-11,128.819,131.2589,1.894,0.78,1,max_hold 8d (+1.9%),evening,False
AIG,52wkLow,2026-06-10,2026-06-11,74.4453,74.8327,0.52,0.22,1,max_hold 8d (+0.5%),evening,False
AVY,52wkLow,2026-06-10,2026-06-11,156.07,155.52,-0.352,-0.15,1,max_hold 8d (-0.4%),evening,False
T,MomReversal,2026-06-10,2026-06-11,23.21,23.16,-0.215,-0.09,1,max_hold 8d (-0.2%),evening,False
AOS,52wkLow,2026-06-11,2026-06-11,57.94,58.66,1.243,0.52,0,max_hold 7d (+1.2%),morning,False
ALLE,52wkLow,2026-06-11,2026-06-11,131.2589,133.1611,1.449,0.6,0,max_hold 7d (+1.4%),morning,False
AIG,52wkLow,2026-06-11,2026-06-11,74.8327,74.8228,-0.013,-0.01,0,max_hold 7d (-0.0%),morning,False
AVY,52wkLow,2026-06-11,2026-06-11,155.52,158.75,2.077,0.86,0,max_hold 7d (+2.1%),morning,False
T,MomReversal,2026-06-11,2026-06-11,23.16,23.0,-1.46,-0.61,0,stop_loss (-0.7%),morning,False
CINF,VolumeSpike,2026-06-11,2026-06-12,168.3,169.23,0.553,0.13,1,max_hold 7d (+0.6%),evening,True
ADBE,52wkLow,2026-06-11,2026-06-12,218.8,202.4,-7.495,-1.82,1,stop_loss (-7.5%),evening,False
ADSK,52wkLow,2026-06-11,2026-06-12,205.57,206.6,0.501,0.12,1,max_hold 7d (+0.5%),evening,False
AVY,52wkLow,2026-06-11,2026-06-12,158.75,160.33,0.995,0.24,1,max_hold 7d (+1.0%),evening,False
COF,52wkLow,2026-06-11,2026-06-12,182.04,184.03,1.093,0.27,1,max_hold 7d (+1.1%),evening,False
CINF,VolumeSpike,2026-06-12,2026-06-12,169.23,169.01,-0.13,-0.03,0,max_hold 6d (-0.1%),morning,True
ADBE,52wkLow,2026-06-12,2026-06-12,202.4,204.02,0.8,0.19,0,max_hold 6d (+0.8%),morning,False
ADSK,52wkLow,2026-06-12,2026-06-12,206.6,198.43,-3.955,-0.96,0,stop_loss (-4.0%),morning,False
AVY,52wkLow,2026-06-12,2026-06-12,160.33,159.25,-0.52,-0.13,0,stop_loss (-0.7%),morning,False
COF,52wkLow,2026-06-12,2026-06-12,184.03,184.73,0.38,0.09,0,max_hold 6d (+0.4%),morning,False
ADBE,GapDown,2026-06-12,2026-06-15,204.02,206.88,1.402,0.58,1,max_hold 6d (+1.4%),evening,True
ADSK,52wkLow,2026-06-12,2026-06-15,198.43,199.92,0.751,0.31,1,max_hold 6d (+0.8%),evening,False
AVY,52wkLow,2026-06-12,2026-06-15,159.25,161.07,1.143,0.47,1,max_hold 6d (+1.1%),evening,False
AEE,Pullback50,2026-06-12,2026-06-15,109.0,108.31,-0.51,-0.21,1,stop_loss (-0.6%),evening,False
CNP,Pullback50,2026-06-12,2026-06-15,42.9,42.62,-2.06,-0.85,1,stop_loss (-0.7%),evening,False
ADBE,GapDown,2026-06-15,2026-06-15,206.88,206.36,-0.251,-0.1,0,max_hold 3d (-0.3%),morning,True
ADSK,52wkLow,2026-06-15,2026-06-15,199.92,198.6,-2.53,-1.05,0,stop_loss (-0.7%),morning,False
AVY,52wkLow,2026-06-15,2026-06-15,161.07,159.82,-1.04,-0.43,0,stop_loss (-0.8%),morning,False
AEE,Pullback50,2026-06-15,2026-06-15,108.31,109.57,1.163,0.48,0,max_hold 3d (+1.2%),morning,False
CNP,Pullback50,2026-06-15,2026-06-15,42.62,43.07,1.056,0.44,0,max_hold 3d (+1.1%),morning,False
APA,GapDown,2026-06-15,2026-06-16,34.77,33.85,-2.646,-0.96,1,stop_loss (-2.6%),evening,True
CF,GapDown,2026-06-15,2026-06-16,106.9,105.61,-1.207,-0.44,1,stop_loss (-1.2%),evening,True
CVX,GapDown,2026-06-15,2026-06-16,180.4,178.62,-2.77,-1.0,1,stop_loss (-1.0%),evening,True
ACN,52wkLow,2026-06-15,2026-06-16,165.36,165.63,0.163,0.06,1,max_hold 3d (+0.2%),evening,False
AWK,52wkLow,2026-06-15,2026-06-16,126.87,127.56,0.544,0.2,1,max_hold 3d (+0.5%),evening,False
AWK,52wkLow,2026-06-16,2026-06-16,127.56,128.47,0.713,0.26,0,midline (+0.7%),morning,False
AEE,Pullback50,2026-06-16,2026-06-17,110.48,109.8,-1.16,-0.56,1,stop_loss (-0.6%),evening,False
CF,GapDown,2026-06-16,2026-06-17,105.61,105.082,-1.26,-0.45,1,stop_loss (-0.5%),morning,True
CVX,GapDown,2026-06-16,2026-06-17,178.62,177.7269,-1.26,-0.45,1,stop_loss (-0.5%),morning,True
ACN,52wkLow,2026-06-16,2026-06-17,165.63,164.8019,-1.16,-0.42,1,stop_loss (-0.5%),morning,False
AEE,Pullback50,2026-06-17,2026-06-17,109.8,108.92,-2.62,-1.57,0,stop_loss (-0.8%),morning,False
BALL,Pullback50,2026-06-17,2026-06-17,57.84,57.72,-0.207,-0.12,0,midline (-0.2%),morning,False
CMS,Pullback50,2026-06-17,2026-06-17,73.55,73.31,-0.326,-0.2,0,midline (-0.3%),morning,False
APA,GapDown,2026-06-16,2026-06-17,33.85,33.93,0.236,0.09,1,sim_end,morning,True
CME,GapDown,2026-06-17,2026-06-17,252.54,252.54,0.0,0.0,0,sim_end,evening,True
AOS,52wkLow,2026-06-17,2026-06-17,57.88,57.88,0.0,0.0,0,sim_end,evening,False
ACN,52wkLow,2026-06-17,2026-06-17,156.01,156.01,0.0,0.0,0,sim_end,evening,False
ADBE,52wkLow,2026-06-17,2026-06-17,196.28,196.28,0.0,0.0,0,sim_end,evening,False
