ticker,strategy,entry_date,exit_date,entry_price,exit_price,pnl_pct,pnl_dollar,hold_days,exit_reason,entry_scan_window,seasonal
APA,MomReversal,2023-11-16,2023-11-17,32.3919,32.8437,1.395,1.1,1,max_hold 945d (+1.4%),evening,True
CSCO,GapDown,2023-11-16,2023-11-17,44.8714,44.8807,0.021,0.02,1,max_hold 945d (+0.0%),evening,False
APO,Pullback50,2023-11-16,2023-11-17,83.255,83.3706,0.139,0.11,1,max_hold 945d (+0.1%),evening,False
CARR,Pullback50,2023-11-16,2023-11-17,50.9573,51.2475,0.569,0.45,1,max_hold 945d (+0.6%),evening,False
AEE,VolumeSpike,2023-11-16,2023-11-17,70.5485,70.8977,0.495,0.39,1,max_hold 945d (+0.5%),evening,False
APA,MomReversal,2023-11-17,2023-11-20,33.3136,33.7563,1.329,0.7,1,max_hold 944d (+1.3%),evening,True
AMAT,GapDown,2023-11-17,2023-11-20,145.3024,145.586,0.195,0.1,1,max_hold 944d (+0.2%),evening,False
APO,Pullback50,2023-11-17,2023-11-20,83.679,83.679,0.0,0.0,1,max_hold 944d (+0.0%),evening,False
BG,Pullback50,2023-11-17,2023-11-20,99.1161,99.7008,0.59,0.31,1,max_hold 944d (+0.6%),evening,False
MMM,VolumeSpike,2023-11-17,2023-11-20,74.8924,74.641,-0.336,-0.18,1,max_hold 944d (-0.3%),evening,False
BDX,MomReversal,2023-11-20,2023-11-21,173.7507,175.1262,0.792,0.8,1,max_hold 941d (+0.8%),evening,True
BMY,GapDown,2023-11-20,2023-11-21,43.3772,43.3151,-0.143,-0.14,1,max_hold 941d (-0.1%),evening,False
AMGN,Pullback50,2023-11-20,2023-11-21,245.8745,245.8652,-0.004,-0.0,1,max_hold 941d (-0.0%),evening,False
APP,Pullback50,2023-11-20,2023-11-21,39.5,39.02,-1.215,-1.23,1,stop_loss (-1.2%),evening,False
BBY,GapDown,2023-11-21,2023-11-22,59.0455,59.3686,0.547,0.55,1,max_hold 940d (+0.5%),evening,False
AVGO,VolumeSpike,2023-11-21,2023-11-22,95.3098,95.5517,0.254,0.25,1,max_hold 940d (+0.3%),evening,False
APA,GapDown,2023-11-22,2023-11-24,33.0335,32.9522,-0.246,-0.25,1,max_hold 939d (-0.2%),evening,False
CAT,GapDown,2023-11-22,2023-11-24,237.5157,238.2301,0.301,0.3,1,max_hold 939d (+0.3%),evening,False
AON,Pullback50,2023-11-22,2023-11-24,323.4286,324.2348,0.249,0.25,1,max_hold 939d (+0.2%),evening,False
APP,Pullback50,2023-11-22,2023-11-24,39.24,39.21,-0.076,-0.08,1,max_hold 939d (-0.1%),evening,False
AMGN,Pullback50,2023-11-24,2023-11-27,245.9764,245.9486,-0.011,-0.01,1,max_hold 937d (-0.0%),evening,False
APP,Pullback50,2023-11-24,2023-11-27,39.49,39.25,-1.04,-1.05,1,stop_loss (-0.6%),evening,False
APP,Pullback50,2023-11-27,2023-11-28,39.39,39.43,0.102,0.1,1,max_hold 934d (+0.1%),evening,False
BDX,MomReversal,2023-11-29,2023-11-30,175.2527,175.6914,0.25,0.25,1,max_hold 932d (+0.3%),evening,True
AMGN,Pullback50,2023-11-29,2023-11-30,247.0328,248.0613,0.416,0.42,1,max_hold 932d (+0.4%),evening,False
APP,Pullback50,2023-11-29,2023-11-30,39.03,38.93,-0.256,-0.26,1,max_hold 932d (-0.3%),evening,False
BIIB,RSIRecovery,2023-11-29,2023-11-30,232.06,232.68,0.267,0.27,1,max_hold 932d (+0.3%),evening,False
CSCO,MomReversal,2023-11-30,2023-12-01,45.189,45.0956,-0.207,-0.04,1,max_hold 931d (-0.2%),evening,True
APO,GapDown,2023-11-30,2023-12-01,88.6512,88.2946,-0.402,-0.08,1,max_hold 931d (-0.4%),evening,False
AMGN,Pullback50,2023-11-30,2023-12-01,249.8497,250.1462,0.119,0.02,1,max_hold 931d (+0.1%),evening,False
ACGL,Pullback50,2023-11-30,2023-12-01,79.5807,79.5902,0.012,0.0,1,max_hold 931d (+0.0%),evening,False
CASY,Pullback50,2023-11-30,2023-12-01,272.2376,272.9592,0.265,0.05,1,max_hold 931d (+0.3%),evening,False
ADP,Pullback50,2023-12-01,2023-12-04,218.1779,216.7355,-1.14,-1.15,1,stop_loss (-0.7%),evening,False
ADP,Pullback50,2023-12-04,2023-12-05,217.8407,217.7939,-0.022,-0.02,1,max_hold 927d (-0.0%),evening,False
CAT,Pullback50,2023-12-04,2023-12-05,245.9539,245.0173,-0.381,-0.38,1,max_hold 927d (-0.4%),evening,False
AXP,VolumeSpike,2023-12-05,2023-12-06,165.9684,166.9894,0.615,0.62,1,max_hold 926d (+0.6%),evening,True
CAT,Pullback50,2023-12-05,2023-12-06,246.3787,247.9331,0.631,0.63,1,max_hold 926d (+0.6%),evening,False
BX,VolumeSpike,2023-12-06,2023-12-07,103.8559,104.245,0.375,0.37,1,max_hold 925d (+0.4%),evening,True
C,VolumeSpike,2023-12-06,2023-12-07,44.4535,44.5278,0.167,0.17,1,max_hold 925d (+0.2%),evening,True
ADP,Pullback50,2023-12-06,2023-12-07,217.6253,218.1435,0.238,0.24,1,max_hold 925d (+0.2%),evening,False
GOOGL,VolumeSpike,2023-12-07,2023-12-08,135.7265,133.0205,-1.994,-1.36,1,stop_loss (-2.0%),evening,True
GOOG,VolumeSpike,2023-12-07,2023-12-08,137.24,134.4744,-2.015,-1.38,1,stop_loss (-2.0%),evening,True
CIEN,VolumeSpike,2023-12-07,2023-12-08,46.31,46.55,0.518,0.35,1,max_hold 924d (+0.5%),evening,True
CTAS,VolumeSpike,2023-12-07,2023-12-08,135.5341,134.4841,-0.96,-0.66,1,stop_loss (-0.8%),evening,True
AMGN,Pullback50,2023-12-07,2023-12-08,251.397,251.2674,-0.052,-0.04,1,max_hold 924d (-0.1%),evening,False
ALLE,VolumeSpike,2023-12-08,2023-12-11,106.655,106.3747,-0.263,-0.21,1,max_hold 923d (-0.3%),evening,True
APH,VolumeSpike,2023-12-08,2023-12-11,45.6796,45.8854,0.45,0.36,1,max_hold 923d (+0.5%),evening,True
CARR,VolumeSpike,2023-12-08,2023-12-11,53.4626,53.5013,0.072,0.06,1,max_hold 923d (+0.1%),evening,True
AON,Pullback50,2023-12-08,2023-12-11,318.631,319.9189,0.404,0.32,1,max_hold 923d (+0.4%),evening,False
BG,Pullback50,2023-12-08,2023-12-11,96.9816,97.093,0.115,0.09,1,max_hold 923d (+0.1%),evening,False
APP,MomReversal,2023-12-11,2023-12-12,36.74,36.56,-0.49,-0.26,1,max_hold 920d (-0.5%),evening,True
CINF,VolumeSpike,2023-12-11,2023-12-12,97.7073,97.7919,0.087,0.05,1,max_hold 920d (+0.1%),evening,True
ALB,GapDown,2023-12-11,2023-12-12,121.1143,121.1143,-0.0,-0.0,1,max_hold 920d (-0.0%),evening,False
GOOGL,Pullback50,2023-12-11,2023-12-12,132.1185,130.6515,-5.04,-2.67,1,stop_loss (-1.1%),evening,False
GOOG,Pullback50,2023-12-11,2023-12-12,133.5228,132.1053,-4.96,-2.62,1,stop_loss (-1.1%),evening,False
GOOGL,Pullback50,2023-12-12,2023-12-13,131.3552,132.2077,0.649,0.65,1,max_hold 919d (+0.6%),evening,False
GOOG,Pullback50,2023-12-12,2023-12-13,132.472,133.3692,0.677,0.68,1,max_hold 919d (+0.7%),evening,False
CASY,Pullback50,2023-12-12,2023-12-13,269.5389,272.9394,1.262,1.26,1,max_hold 919d (+1.3%),evening,False
APA,MomReversal,2023-12-13,2023-12-14,31.4884,32.139,2.066,2.06,1,max_hold 918d (+2.1%),evening,True
ADBE,VolumeSpike,2023-12-13,2023-12-14,624.26,593.0,-5.008,-4.99,1,stop_loss (-5.0%),evening,True
BG,Pullback50,2023-12-13,2023-12-14,97.5663,98.3737,0.828,0.82,1,max_hold 918d (+0.8%),evening,False
AMCR,VolumeSpike,2023-12-14,2023-12-15,43.667,43.5321,-0.309,-0.24,1,max_hold 917d (-0.3%),evening,True
AEP,VolumeSpike,2023-12-14,2023-12-15,76.2117,75.4618,-1.57,-1.23,1,stop_loss (-1.0%),evening,True
CB,VolumeSpike,2023-12-14,2023-12-15,214.8887,213.6219,-0.88,-0.69,1,stop_loss (-0.6%),evening,True
C,VolumeSpike,2023-12-14,2023-12-15,46.6641,46.1532,-5.17,-4.06,1,stop_loss (-1.1%),evening,True
APP,Pullback50,2023-12-14,2023-12-15,38.69,38.79,0.258,0.2,1,max_hold 917d (+0.3%),evening,False
MMM,VolumeSpike,2023-12-15,2023-12-18,84.0359,84.0517,0.019,0.0,1,max_hold 916d (+0.0%),evening,True
AOS,VolumeSpike,2023-12-15,2023-12-18,75.564,75.6976,0.177,0.02,1,max_hold 916d (+0.2%),evening,True
ABBV,VolumeSpike,2023-12-15,2023-12-18,141.269,140.3152,-2.69,-0.37,1,stop_loss (-0.7%),evening,True
APD,VolumeSpike,2023-12-15,2023-12-18,253.7535,256.3017,1.004,0.14,1,max_hold 916d (+1.0%),evening,True
MO,VolumeSpike,2023-12-15,2023-12-18,33.9623,34.2063,0.719,0.1,1,max_hold 916d (+0.7%),evening,True
AFL,Pullback50,2023-12-18,2023-12-19,77.0536,77.0725,0.025,0.02,1,max_hold 913d (+0.0%),evening,False
BRO,Pullback50,2023-12-18,2023-12-19,69.7897,69.8094,0.028,0.02,1,max_hold 913d (+0.0%),evening,False
CASY,Pullback50,2023-12-18,2023-12-19,268.3033,269.6477,0.501,0.33,1,max_hold 913d (+0.5%),evening,False
CB,Pullback50,2023-12-18,2023-12-19,214.6938,214.6549,-0.018,-0.01,1,max_hold 913d (-0.0%),evening,False
CI,Pullback50,2023-12-18,2023-12-19,278.4043,278.004,-0.144,-0.1,1,max_hold 913d (-0.1%),evening,False
BG,Pullback50,2023-12-19,2023-12-20,97.6962,96.9816,-1.41,-1.39,1,stop_loss (-0.7%),evening,False
CASY,Pullback50,2023-12-19,2023-12-20,270.7252,270.5076,-0.08,-0.08,1,max_hold 912d (-0.1%),evening,False
CF,Pullback50,2023-12-19,2023-12-20,73.8558,73.3182,-0.86,-0.85,1,stop_loss (-0.7%),evening,False
CME,Pullback50,2023-12-19,2023-12-20,189.2525,189.5902,0.178,0.18,1,max_hold 912d (+0.2%),evening,False
AON,GapDown,2023-12-20,2023-12-21,289.1569,287.4954,-1.34,-1.3,1,stop_loss (-0.6%),evening,False
CCL,VolumeSpike,2023-12-21,2023-12-22,18.9854,18.9359,-0.261,-0.17,1,max_hold 910d (-0.3%),evening,True
AFL,Pullback50,2023-12-21,2023-12-22,76.9778,77.2621,0.369,0.24,1,max_hold 910d (+0.4%),evening,False
BKR,Pullback50,2023-12-21,2023-12-22,32.2579,32.5895,1.028,0.68,1,max_hold 910d (+1.0%),evening,False
CAH,Pullback50,2023-12-21,2023-12-22,97.4257,97.7336,0.316,0.21,1,max_hold 910d (+0.3%),evening,False
CASY,Pullback50,2023-12-21,2023-12-22,270.8536,271.2095,0.131,0.09,1,max_hold 910d (+0.1%),evening,False
ADP,Pullback50,2023-12-22,2023-12-26,217.6441,218.2284,0.268,0.26,1,max_hold 909d (+0.3%),evening,False
CME,Pullback50,2023-12-22,2023-12-26,190.4612,190.6567,0.103,0.1,1,max_hold 909d (+0.1%),evening,False
CAH,Pullback50,2023-12-26,2023-12-27,97.3295,97.0792,-0.257,-0.25,1,max_hold 905d (-0.3%),evening,False
CME,Pullback50,2023-12-26,2023-12-27,190.8966,190.4867,-0.215,-0.21,1,max_hold 905d (-0.2%),evening,False
CAH,Pullback50,2023-12-27,2023-12-28,97.1562,97.2621,0.109,0.11,1,max_hold 904d (+0.1%),evening,False
CASY,Pullback50,2023-12-27,2023-12-28,271.3776,271.1898,-0.069,-0.07,1,max_hold 904d (-0.1%),evening,False
COIN,GapDown,2023-12-28,2023-12-29,186.36,186.06,-0.161,-0.16,1,max_hold 903d (-0.2%),evening,False
CASY,Pullback50,2023-12-28,2023-12-29,271.8521,271.348,-0.185,-0.18,1,max_hold 903d (-0.2%),evening,False
AZO,Pullback50,2023-12-29,2024-01-02,2585.6101,2590.0,0.17,0.16,1,max_hold 902d (+0.2%),evening,False
BRO,Pullback50,2023-12-29,2024-01-02,69.8683,69.7799,-0.127,-0.12,1,max_hold 902d (-0.1%),evening,False
CAH,Pullback50,2023-12-29,2024-01-02,97.4893,97.3733,-0.119,-0.11,1,max_hold 902d (-0.1%),evening,False
CASY,Pullback50,2023-12-29,2024-01-02,271.5852,270.2507,-0.491,-0.47,1,max_hold 902d (-0.5%),evening,False
CVNA,GapDown,2024-01-03,2024-01-04,9.338,9.24,-0.5,-0.49,1,stop_loss (-1.0%),evening,False
COIN,GapDown,2024-01-03,2024-01-04,152.24,152.5,0.171,0.17,1,max_hold 897d (+0.2%),evening,False
ADI,GapDown,2024-01-04,2024-01-05,178.9458,178.8881,-0.032,-0.03,1,max_hold 896d (-0.0%),evening,False
APTV,GapDown,2024-01-04,2024-01-05,83.59,83.85,0.311,0.3,1,max_hold 896d (+0.3%),evening,False
CVNA,GapDown,2024-01-05,2024-01-08,9.374,9.348,-0.277,-0.27,1,max_hold 895d (-0.3%),evening,False
AMZN,Pullback50,2024-01-05,2024-01-08,145.24,146.74,1.033,1.01,1,max_hold 895d (+1.0%),evening,False
BA,GapDown,2024-01-08,2024-01-09,229.0,225.66,-1.459,-0.56,1,stop_loss (-1.5%),evening,False
AMAT,Pullback50,2024-01-08,2024-01-09,148.5251,146.8689,-2.54,-0.98,1,stop_loss (-1.1%),evening,False
APP,Pullback50,2024-01-08,2024-01-09,39.29,38.76,-1.349,-0.52,1,stop_loss (-1.3%),evening,False
BRO,Pullback50,2024-01-08,2024-01-09,70.9295,70.5364,-1.26,-0.49,1,stop_loss (-0.6%),evening,False
CDNS,Pullback50,2024-01-08,2024-01-09,261.91,259.5,-1.79,-0.69,1,stop_loss (-0.9%),evening,False
BDX,52wkLow,2024-01-09,2024-01-10,177.574,177.6785,0.059,0.03,1,max_hold 891d (+0.1%),evening,True
ADBE,Pullback50,2024-01-09,2024-01-10,586.2,585.43,-0.131,-0.08,1,max_hold 891d (-0.1%),evening,False
AMAT,Pullback50,2024-01-09,2024-01-10,148.0057,148.7309,0.49,0.28,1,max_hold 891d (+0.5%),evening,False
APP,Pullback50,2024-01-09,2024-01-10,39.14,39.39,0.639,0.37,1,max_hold 891d (+0.6%),evening,False
BA,Pullback50,2024-01-09,2024-01-10,225.76,226.9,0.505,0.29,1,max_hold 891d (+0.5%),evening,False
BDX,52wkLow,2024-01-10,2024-01-11,177.9995,177.8577,-0.08,-0.07,1,max_hold 890d (-0.1%),evening,True
ADBE,Pullback50,2024-01-10,2024-01-11,591.03,592.0,0.164,0.15,1,max_hold 890d (+0.2%),evening,False
BA,Pullback50,2024-01-10,2024-01-11,227.84,228.07,0.101,0.09,1,max_hold 890d (+0.1%),evening,False
CDNS,Pullback50,2024-01-10,2024-01-11,263.26,265.24,0.752,0.69,1,max_hold 890d (+0.8%),evening,False
CBOE,Pullback50,2024-01-10,2024-01-11,171.7386,171.9537,0.125,0.12,1,max_hold 890d (+0.1%),evening,False
ADBE,Pullback50,2024-01-11,2024-01-12,597.49,598.39,0.151,0.12,1,max_hold 889d (+0.2%),evening,False
AMAT,Pullback50,2024-01-11,2024-01-12,148.9073,149.1523,0.165,0.13,1,max_hold 889d (+0.2%),evening,False
AIZ,Pullback50,2024-01-11,2024-01-12,160.3242,159.8142,-0.318,-0.24,1,max_hold 889d (-0.3%),evening,False
BRO,Pullback50,2024-01-11,2024-01-12,71.5779,72.1674,0.824,0.63,1,max_hold 889d (+0.8%),evening,False
CDNS,Pullback50,2024-01-11,2024-01-12,266.79,267.67,0.33,0.25,1,max_hold 889d (+0.3%),evening,False
APD,52wkLow,2024-01-16,2024-01-17,245.5681,243.3147,-1.17,-1.08,1,stop_loss (-0.9%),evening,True
ADBE,Pullback50,2024-01-16,2024-01-17,597.68,591.99,-2.16,-2.0,1,stop_loss (-1.0%),evening,False
AFL,Pullback50,2024-01-16,2024-01-17,78.229,78.0963,-0.17,-0.16,1,max_hold 884d (-0.2%),evening,False
CNP,Pullback50,2024-01-16,2024-01-17,26.7797,26.5732,-0.65,-0.6,1,stop_loss (-0.8%),evening,False
AMAT,RSIRecovery,2024-01-16,2024-01-17,150.681,150.0441,-0.423,-0.39,1,max_hold 884d (-0.4%),evening,False
APD,52wkLow,2024-01-17,2024-01-18,245.2758,244.4272,-0.346,-0.13,1,max_hold 883d (-0.3%),evening,True
BMY,52wkLow,2024-01-17,2024-01-18,44.8497,44.5267,-3.87,-1.48,1,stop_loss (-0.7%),evening,True
CVNA,GapDown,2024-01-17,2024-01-18,8.442,8.6,1.872,0.72,1,max_hold 883d (+1.9%),evening,False
SCHW,GapDown,2024-01-17,2024-01-18,61.3395,61.1268,-0.347,-0.13,1,max_hold 883d (-0.3%),evening,False
ADBE,Pullback50,2024-01-17,2024-01-18,596.1,586.9,-1.543,-0.59,1,stop_loss (-1.5%),evening,False
APD,52wkLow,2024-01-18,2024-01-19,245.1721,245.2947,0.05,0.01,1,max_hold 882d (+0.1%),evening,True
AEE,52wkLow,2024-01-18,2024-01-19,64.4801,64.6653,0.287,0.08,1,max_hold 882d (+0.3%),evening,True
BMY,52wkLow,2024-01-18,2024-01-19,44.9484,44.9664,0.04,0.01,1,max_hold 882d (+0.0%),evening,True
CVX,52wkLow,2024-01-18,2024-01-19,127.5123,127.4314,-0.063,-0.02,1,max_hold 882d (-0.1%),evening,True
CHTR,MomReversal,2024-01-18,2024-01-19,364.55,364.18,-0.101,-0.03,1,max_hold 882d (-0.1%),evening,True
APD,52wkLow,2024-01-19,2024-01-22,245.7473,243.7107,-4.7,-1.43,1,stop_loss (-0.8%),evening,True
AEE,52wkLow,2024-01-19,2024-01-22,64.1744,64.0725,-0.159,-0.05,1,max_hold 881d (-0.2%),evening,True
ADM,52wkLow,2024-01-19,2024-01-22,62.4578,52.0985,-16.586,-5.06,1,stop_loss (-16.6%),evening,True
BMY,52wkLow,2024-01-19,2024-01-22,44.9664,45.101,0.299,0.09,1,max_hold 881d (+0.3%),evening,True
CVX,52wkLow,2024-01-19,2024-01-22,127.89,127.5932,-0.232,-0.07,1,max_hold 881d (-0.2%),evening,True
APD,52wkLow,2024-01-22,2024-01-23,246.0207,247.3595,0.544,0.22,1,max_hold 878d (+0.5%),evening,True
BG,52wkLow,2024-01-22,2024-01-23,82.374,82.8566,0.586,0.24,1,max_hold 878d (+0.6%),evening,True
CHTR,MomReversal,2024-01-22,2024-01-23,373.15,377.5,1.166,0.48,1,max_hold 878d (+1.2%),evening,True
CNC,Pullback50,2024-01-22,2024-01-23,75.17,75.19,0.027,0.01,1,max_hold 878d (+0.0%),evening,False
AWK,RSIRecovery,2024-01-22,2024-01-23,119.3885,119.9438,0.465,0.19,1,max_hold 878d (+0.5%),evening,False
APD,52wkLow,2024-01-23,2024-01-24,248.1986,248.1893,-0.004,-0.0,1,max_hold 877d (-0.0%),evening,True
AEE,52wkLow,2024-01-23,2024-01-24,63.9335,64.3781,0.695,0.52,1,max_hold 877d (+0.7%),evening,True
BG,52wkLow,2024-01-23,2024-01-24,83.6919,83.9146,0.266,0.2,1,max_hold 877d (+0.3%),evening,True
COIN,GapDown,2024-01-23,2024-01-24,124.19,127.28,2.488,1.88,1,max_hold 877d (+2.5%),evening,False
BKR,VolumeSpike,2024-01-23,2024-01-24,29.8793,28.6663,-4.06,-3.06,1,stop_loss (-4.1%),evening,False
APD,52wkLow,2024-01-24,2024-01-25,242.4661,244.3141,0.762,0.43,1,max_hold 876d (+0.8%),evening,True
AEE,52wkLow,2024-01-24,2024-01-25,63.3222,63.739,0.658,0.37,1,max_hold 876d (+0.7%),evening,True
BF-B,52wkLow,2024-01-24,2024-01-25,51.0432,51.3893,0.678,0.38,1,max_hold 876d (+0.7%),evening,True
T,GapDown,2024-01-24,2024-01-25,14.9456,15.0263,0.54,0.3,1,max_hold 876d (+0.5%),evening,False
ADBE,Pullback50,2024-01-24,2024-01-25,606.48,615.42,1.474,0.83,1,max_hold 876d (+1.5%),evening,False
APD,52wkLow,2024-01-25,2024-01-26,248.5853,250.9613,0.956,0.29,1,max_hold 875d (+1.0%),evening,True
MO,52wkLow,2024-01-25,2024-01-26,33.4827,33.6576,0.522,0.16,1,max_hold 875d (+0.5%),evening,True
BMY,52wkLow,2024-01-25,2024-01-26,44.5177,44.8318,0.705,0.21,1,max_hold 875d (+0.7%),evening,True
BKR,MomReversal,2024-01-25,2024-01-26,28.7137,28.6758,-0.132,-0.04,1,max_hold 875d (-0.1%),evening,True
AMP,GapDown,2024-01-25,2024-01-26,378.6959,380.6794,0.524,0.16,1,max_hold 875d (+0.5%),evening,False
AEE,52wkLow,2024-01-26,2024-01-29,64.3874,64.4893,0.158,0.08,1,max_hold 874d (+0.2%),evening,True
BKR,MomReversal,2024-01-26,2024-01-29,28.8842,28.6379,-2.24,-1.13,1,stop_loss (-0.9%),evening,True
AMCR,Pullback50,2024-01-26,2024-01-29,42.9025,42.8575,-0.105,-0.05,1,max_hold 874d (-0.1%),evening,False
ACGL,Pullback50,2024-01-26,2024-01-29,75.9768,75.3777,-1.63,-0.82,1,stop_loss (-0.8%),evening,False
AVB,Pullback50,2024-01-26,2024-01-29,163.925,164.008,0.051,0.03,1,max_hold 874d (+0.1%),evening,False
ADM,MomReversal,2024-01-29,2024-01-30,50.3216,50.4682,0.291,0.12,1,max_hold 871d (+0.3%),evening,True
AMCR,Pullback50,2024-01-29,2024-01-30,43.0823,42.8575,-0.54,-0.22,1,stop_loss (-0.5%),evening,False
ACGL,Pullback50,2024-01-29,2024-01-30,75.8151,75.7105,-0.138,-0.06,1,max_hold 871d (-0.1%),evening,False
ATO,Pullback50,2024-01-29,2024-01-30,107.6458,107.3161,-0.306,-0.13,1,max_hold 871d (-0.3%),evening,False
AVB,Pullback50,2024-01-29,2024-01-30,164.6453,163.9434,-0.426,-0.18,1,max_hold 871d (-0.4%),evening,False
APD,52wkLow,2024-01-30,2024-01-31,244.4649,246.1904,0.706,0.16,1,max_hold 870d (+0.7%),evening,True
AEE,52wkLow,2024-01-30,2024-01-31,64.8691,65.5175,1.0,0.23,1,max_hold 870d (+1.0%),evening,True
AOS,GapDown,2024-01-30,2024-01-31,76.3594,76.4935,0.176,0.04,1,max_hold 870d (+0.2%),evening,False
BKR,GapDown,2024-01-30,2024-01-31,27.8039,27.8892,0.307,0.07,1,max_hold 870d (+0.3%),evening,False
AMCR,Pullback50,2024-01-30,2024-01-31,42.9924,43.1273,0.314,0.07,1,max_hold 870d (+0.3%),evening,False
APD,52wkLow,2024-01-31,2024-02-01,241.0989,243.0884,0.825,0.22,1,max_hold 869d (+0.8%),evening,True
ALB,52wkLow,2024-01-31,2024-02-01,110.1348,112.3041,1.97,0.53,1,max_hold 869d (+2.0%),evening,True
MO,52wkLow,2024-01-31,2024-02-01,33.4078,33.8075,1.196,0.32,1,max_hold 869d (+1.2%),evening,True
BMY,52wkLow,2024-01-31,2024-02-01,43.8536,43.8357,-0.041,-0.01,1,max_hold 869d (-0.0%),evening,True
BF-B,52wkLow,2024-01-31,2024-02-01,51.3612,51.3519,-0.018,-0.0,1,max_hold 869d (-0.0%),evening,True
ALB,52wkLow,2024-02-01,2024-02-02,112.0929,109.7508,-2.089,-0.36,1,stop_loss (-2.1%),evening,True
AEE,52wkLow,2024-02-01,2024-02-02,65.4897,64.7857,-1.59,-0.28,1,stop_loss (-1.1%),evening,True
BMY,52wkLow,2024-02-01,2024-02-02,43.6742,44.2126,1.233,0.22,1,max_hold 868d (+1.2%),evening,True
CHRW,52wkLow,2024-02-01,2024-02-02,69.5189,69.1689,-4.22,-0.74,1,stop_loss (-0.5%),evening,True
ALGN,VolumeSpike,2024-02-01,2024-02-02,273.38,270.0,-1.236,-0.22,1,stop_loss (-1.2%),evening,True
APD,52wkLow,2024-02-02,2024-02-05,243.4184,214.0294,-12.073,-3.21,1,stop_loss (-12.1%),evening,True
AON,52wkLow,2024-02-02,2024-02-05,288.0588,287.9701,-0.031,-0.01,1,max_hold 867d (-0.0%),evening,True
BMY,52wkLow,2024-02-02,2024-02-05,43.7101,43.5396,-0.39,-0.1,1,max_hold 867d (-0.4%),evening,True
CHRW,52wkLow,2024-02-02,2024-02-05,70.1148,69.4148,-1.05,-0.28,1,stop_loss (-1.0%),evening,True
CHTR,52wkLow,2024-02-02,2024-02-05,319.21,316.11,-2.83,-0.75,1,stop_loss (-1.0%),evening,True
APD,52wkLow,2024-02-05,2024-02-06,205.5625,206.2131,0.316,0.11,1,max_hold 864d (+0.3%),evening,True
ALB,52wkLow,2024-02-05,2024-02-06,104.366,105.393,0.984,0.34,1,max_hold 864d (+1.0%),evening,True
AEE,52wkLow,2024-02-05,2024-02-06,62.9609,62.7293,-0.368,-0.13,1,max_hold 864d (-0.4%),evening,True
CHTR,52wkLow,2024-02-05,2024-02-06,303.65,303.14,-0.168,-0.06,1,max_hold 864d (-0.2%),evening,True
A,VolumeSpike,2024-02-05,2024-02-06,130.5535,130.3864,-0.128,-0.04,1,max_hold 864d (-0.1%),evening,True
APD,52wkLow,2024-02-06,2024-02-07,205.5908,205.8642,0.133,0.03,1,max_hold 863d (+0.1%),evening,True
AEE,52wkLow,2024-02-06,2024-02-07,63.3407,63.526,0.292,0.07,1,max_hold 863d (+0.3%),evening,True
BMY,52wkLow,2024-02-06,2024-02-07,44.2036,44.1408,-0.142,-0.03,1,max_hold 863d (-0.1%),evening,True
BG,52wkLow,2024-02-06,2024-02-07,83.5527,81.0005,-3.055,-0.72,1,stop_loss (-3.1%),evening,True
CHTR,52wkLow,2024-02-06,2024-02-07,290.28,290.0,-0.096,-0.02,1,max_hold 863d (-0.1%),evening,True
APD,52wkLow,2024-02-07,2024-02-08,203.0733,201.8005,-0.93,-0.3,1,stop_loss (-0.6%),evening,True
BG,52wkLow,2024-02-07,2024-02-08,81.6223,81.6965,0.091,0.03,1,max_hold 862d (+0.1%),evening,True
CHTR,52wkLow,2024-02-07,2024-02-08,283.67,287.64,1.4,0.45,1,max_hold 862d (+1.4%),evening,True
AIZ,VolumeSpike,2024-02-07,2024-02-08,169.4652,169.388,-0.046,-0.01,1,max_hold 862d (-0.0%),evening,True
BAX,VolumeSpike,2024-02-07,2024-02-08,37.5569,37.1945,-5.95,-1.9,1,stop_loss (-1.0%),evening,True
APD,52wkLow,2024-02-08,2024-02-09,207.3445,206.9485,-0.191,-0.07,1,max_hold 861d (-0.2%),evening,True
MO,52wkLow,2024-02-08,2024-02-09,33.3828,33.2662,-0.349,-0.12,1,max_hold 861d (-0.3%),evening,True
APA,52wkLow,2024-02-08,2024-02-09,27.7571,27.8026,0.164,0.06,1,max_hold 861d (+0.2%),evening,True
BG,52wkLow,2024-02-08,2024-02-09,80.2766,81.1583,1.098,0.38,1,max_hold 861d (+1.1%),evening,True
CHTR,52wkLow,2024-02-08,2024-02-09,282.6,286.45,1.362,0.47,1,max_hold 861d (+1.4%),evening,True
BG,52wkLow,2024-02-09,2024-02-12,82.1699,82.1049,-0.079,-0.04,1,max_hold 860d (-0.1%),evening,True
BKNG,GapDown,2024-02-09,2024-02-12,147.2004,147.1584,-0.028,-0.01,1,max_hold 860d (-0.0%),evening,False
AAPL,Pullback50,2024-02-09,2024-02-12,186.9746,186.5488,-0.228,-0.1,1,max_hold 860d (-0.2%),evening,False
T,Pullback50,2024-02-09,2024-02-12,15.089,15.089,-0.0,-0.0,1,max_hold 860d (-0.0%),evening,False
CAH,Pullback50,2024-02-09,2024-02-12,101.503,101.2322,-0.267,-0.12,1,max_hold 860d (-0.3%),evening,False
APA,52wkLow,2024-02-12,2024-02-13,27.7662,27.666,-0.361,-0.13,1,max_hold 857d (-0.4%),evening,True
ADI,VolumeSpike,2024-02-12,2024-02-13,186.6203,180.9558,-3.035,-1.13,1,stop_loss (-3.0%),evening,True
ANET,VolumeSpike,2024-02-12,2024-02-13,70.22,64.4725,-8.185,-3.05,1,stop_loss (-8.2%),evening,True
CDNS,VolumeSpike,2024-02-12,2024-02-13,306.58,290.0,-5.408,-2.01,1,stop_loss (-5.4%),evening,True
AMGN,Pullback50,2024-02-12,2024-02-13,272.8202,272.9869,0.061,0.02,1,max_hold 857d (+0.1%),evening,False
ALB,52wkLow,2024-02-13,2024-02-14,107.6967,109.1653,1.364,0.3,1,max_hold 856d (+1.4%),evening,True
AWK,52wkLow,2024-02-13,2024-02-14,113.3807,113.5889,0.184,0.04,1,max_hold 856d (+0.2%),evening,True
APA,52wkLow,2024-02-13,2024-02-14,26.9919,27.1012,0.405,0.09,1,max_hold 856d (+0.4%),evening,True
BIIB,52wkLow,2024-02-13,2024-02-14,226.65,227.01,0.159,0.04,1,max_hold 856d (+0.2%),evening,True
AKAM,VolumeSpike,2024-02-13,2024-02-14,125.05,119.12,-4.742,-1.05,1,stop_loss (-4.7%),evening,True
APA,52wkLow,2024-02-14,2024-02-15,27.1467,27.3198,0.638,0.26,1,max_hold 855d (+0.6%),evening,True
BIIB,52wkLow,2024-02-14,2024-02-15,220.74,221.15,0.186,0.07,1,max_hold 855d (+0.2%),evening,True
AIG,VolumeSpike,2024-02-14,2024-02-15,65.4794,65.3374,-0.217,-0.09,1,max_hold 855d (-0.2%),evening,True
CME,VolumeSpike,2024-02-14,2024-02-15,196.0255,195.3149,-0.362,-0.15,1,max_hold 855d (-0.4%),evening,True
A,Pullback50,2024-02-14,2024-02-15,129.9834,130.7206,0.567,0.23,1,max_hold 855d (+0.6%),evening,False
AEE,52wkLow,2024-02-15,2024-02-16,64.4152,64.3596,-0.086,-0.03,1,max_hold 854d (-0.1%),evening,True
ALB,VolumeSpike,2024-02-15,2024-02-16,112.784,114.099,1.166,0.4,1,max_hold 854d (+1.2%),evening,True
CF,VolumeSpike,2024-02-15,2024-02-16,72.905,73.6454,1.016,0.34,1,max_hold 854d (+1.0%),evening,True
CSCO,GapDown,2024-02-15,2024-02-16,46.1807,45.8889,-3.87,-1.31,1,stop_loss (-0.6%),evening,False
ATO,Pullback50,2024-02-15,2024-02-16,107.6552,107.0711,-0.71,-0.24,1,stop_loss (-0.5%),evening,False
AEE,52wkLow,2024-02-16,2024-02-20,64.3874,64.4523,0.101,0.04,1,max_hold 853d (+0.1%),evening,True
BIIB,52wkLow,2024-02-16,2024-02-20,219.08,217.56,-1.04,-0.42,1,stop_loss (-0.7%),evening,True
T,Pullback50,2024-02-16,2024-02-20,15.2055,15.1248,-2.45,-0.98,1,stop_loss (-0.5%),evening,False
ATO,Pullback50,2024-02-16,2024-02-20,107.3538,107.4668,0.105,0.04,1,max_hold 853d (+0.1%),evening,False
BR,Pullback50,2024-02-16,2024-02-20,189.4228,189.1835,-0.126,-0.05,1,max_hold 853d (-0.1%),evening,False
APA,52wkLow,2024-02-20,2024-02-21,28.2217,28.3492,0.452,0.17,1,max_hold 849d (+0.5%),evening,True
BIIB,52wkLow,2024-02-20,2024-02-21,219.21,221.49,1.04,0.38,1,max_hold 849d (+1.0%),evening,True
COF,VolumeSpike,2024-02-20,2024-02-21,132.9707,131.6834,-1.02,-0.37,1,stop_loss (-1.0%),evening,True
ALLE,GapDown,2024-02-20,2024-02-21,128.1359,127.6896,-0.348,-0.13,1,max_hold 849d (-0.3%),evening,False
AOS,Pullback50,2024-02-20,2024-02-21,76.2828,76.5414,0.339,0.12,1,max_hold 849d (+0.3%),evening,False
AWK,VolumeSpike,2024-02-21,2024-02-22,115.2265,114.9425,-0.246,-0.1,1,max_hold 848d (-0.2%),evening,True
APP,GapDown,2024-02-21,2024-02-22,55.42,57.76,4.222,1.68,1,max_hold 848d (+4.2%),evening,False
AOS,Pullback50,2024-02-21,2024-02-22,76.8479,77.413,0.735,0.29,1,max_hold 848d (+0.7%),evening,False
GOOGL,Pullback50,2024-02-21,2024-02-22,141.2971,143.6562,1.67,0.67,1,max_hold 848d (+1.7%),evening,False
GOOG,Pullback50,2024-02-21,2024-02-22,142.5829,144.8429,1.585,0.63,1,max_hold 848d (+1.6%),evening,False
AEE,52wkLow,2024-02-22,2024-02-23,65.5916,65.712,0.184,0.06,1,max_hold 847d (+0.2%),evening,True
AWK,52wkLow,2024-02-22,2024-02-23,113.286,113.144,-0.125,-0.04,1,max_hold 847d (-0.1%),evening,True
APA,52wkLow,2024-02-22,2024-02-23,27.5293,27.1103,-1.522,-0.52,1,stop_loss (-1.5%),evening,True
A,VolumeSpike,2024-02-22,2024-02-23,129.7672,130.5339,0.591,0.2,1,max_hold 847d (+0.6%),evening,True
XYZ,VolumeSpike,2024-02-22,2024-02-23,67.96,79.81,17.437,5.93,1,max_hold 847d (+17.4%),evening,True
APA,52wkLow,2024-02-23,2024-02-26,27.3563,27.3016,-0.2,-0.18,1,max_hold 846d (-0.2%),evening,True
AFL,Pullback50,2024-02-23,2024-02-26,76.7026,76.4069,-0.386,-0.34,1,max_hold 846d (-0.4%),evening,False
T,Pullback50,2024-02-23,2024-02-26,15.0531,15.0531,0.0,0.0,1,max_hold 846d (+0.0%),evening,False
BR,Pullback50,2024-02-23,2024-02-26,192.8396,192.6003,-0.124,-0.11,1,max_hold 846d (-0.1%),evening,False
CMS,Pullback50,2024-02-23,2024-02-26,53.8554,53.6128,-0.451,-0.4,1,max_hold 846d (-0.5%),evening,False
AWK,52wkLow,2024-02-26,2024-02-27,111.1562,111.0616,-0.085,-0.08,1,max_hold 843d (-0.1%),evening,True
CHTR,52wkLow,2024-02-26,2024-02-27,292.64,295.46,0.964,0.86,1,max_hold 843d (+1.0%),evening,True
CVNA,GapDown,2024-02-26,2024-02-27,13.976,14.405,3.07,2.74,1,max_hold 843d (+3.1%),evening,False
BX,Pullback50,2024-02-26,2024-02-27,116.9406,117.7247,0.67,0.6,1,max_hold 843d (+0.7%),evening,False
BR,Pullback50,2024-02-26,2024-02-27,192.7534,192.3227,-0.223,-0.2,1,max_hold 843d (-0.2%),evening,False
AMT,VolumeSpike,2024-02-27,2024-02-28,171.0844,170.9194,-0.096,-0.06,1,max_hold 842d (-0.1%),evening,True
AXON,VolumeSpike,2024-02-27,2024-02-28,271.82,280.7,3.267,2.1,1,max_hold 842d (+3.3%),evening,True
AFL,Pullback50,2024-02-27,2024-02-28,76.5118,76.5023,-0.012,-0.01,1,max_hold 842d (-0.0%),evening,False
A,Pullback50,2024-02-27,2024-02-28,130.2881,137.493,5.53,3.55,1,max_hold 842d (+5.5%),evening,False
T,Pullback50,2024-02-27,2024-02-28,15.08,15.0711,-0.059,-0.04,1,max_hold 842d (-0.1%),evening,False
AFL,Pullback50,2024-02-28,2024-02-29,76.8457,77.2368,0.509,0.5,1,max_hold 841d (+0.5%),evening,False
T,Pullback50,2024-02-28,2024-02-29,15.1965,15.2503,0.354,0.35,1,max_hold 841d (+0.4%),evening,False
BR,Pullback50,2024-02-28,2024-02-29,192.8013,192.9257,0.065,0.06,1,max_hold 841d (+0.1%),evening,False
SCHW,Pullback50,2024-02-28,2024-02-29,63.7215,64.0806,0.564,0.55,1,max_hold 841d (+0.6%),evening,False
AEE,52wkLow,2024-02-29,2024-03-01,65.9436,65.7861,-0.239,-0.06,1,max_hold 840d (-0.2%),evening,True
AWK,52wkLow,2024-02-29,2024-03-01,112.2069,111.8662,-0.304,-0.08,1,max_hold 840d (-0.3%),evening,True
BDX,52wkLow,2024-02-29,2024-03-01,175.8642,175.7597,-0.059,-0.02,1,max_hold 840d (-0.1%),evening,True
BIIB,52wkLow,2024-02-29,2024-03-01,216.99,217.46,0.217,0.05,1,max_hold 840d (+0.2%),evening,True
CHRW,52wkLow,2024-02-29,2024-03-01,70.6468,71.1904,0.769,0.2,1,max_hold 840d (+0.8%),evening,True
BDX,52wkLow,2024-03-01,2024-03-04,175.685,174.9832,-0.399,-0.3,1,max_hold 839d (-0.4%),evening,True
BA,MomReversal,2024-03-01,2024-03-04,200.0,199.5,-0.25,-0.19,1,max_hold 839d (-0.2%),evening,False
AMT,Pullback50,2024-03-01,2024-03-04,184.9046,184.6022,-0.164,-0.12,1,max_hold 839d (-0.2%),evening,False
T,Pullback50,2024-03-01,2024-03-04,15.2144,15.1159,-0.75,-0.57,1,stop_loss (-0.6%),evening,False
AVB,Pullback50,2024-03-01,2024-03-04,164.516,165.0055,0.298,0.23,1,max_hold 839d (+0.3%),evening,False
MO,52wkLow,2024-03-04,2024-03-05,33.083,33.2329,0.453,0.26,1,max_hold 836d (+0.5%),evening,True
BDX,52wkLow,2024-03-04,2024-03-05,175.9389,177.1484,0.687,0.39,1,max_hold 836d (+0.7%),evening,True
CHRW,52wkLow,2024-03-04,2024-03-05,67.185,66.8321,-1.57,-0.89,1,stop_loss (-0.5%),evening,True
BA,MomReversal,2024-03-04,2024-03-05,200.54,199.49,-1.02,-0.58,1,stop_loss (-0.5%),evening,False
ATO,Pullback50,2024-03-04,2024-03-05,108.8086,109.1596,0.323,0.18,1,max_hold 836d (+0.3%),evening,False
ALB,52wkLow,2024-03-05,2024-03-06,105.0091,105.8538,0.804,0.77,1,max_hold 835d (+0.8%),evening,True
MO,52wkLow,2024-03-05,2024-03-06,33.2579,34.1905,2.804,2.69,1,max_hold 835d (+2.8%),evening,True
AFL,Pullback50,2024-03-05,2024-03-06,77.1032,77.4085,0.396,0.38,1,max_hold 835d (+0.4%),evening,False
CHRW,52wkLow,2024-03-06,2024-03-07,68.625,68.7299,0.153,0.1,1,max_hold 834d (+0.2%),evening,True
ADI,Pullback50,2024-03-06,2024-03-07,185.229,187.1422,1.033,0.68,1,max_hold 834d (+1.0%),evening,False
BR,Pullback50,2024-03-06,2024-03-07,194.3038,195.6055,0.67,0.44,1,max_hold 834d (+0.7%),evening,False
KO,Pullback50,2024-03-06,2024-03-07,55.3882,55.5185,0.235,0.15,1,max_hold 834d (+0.2%),evening,False
MO,VolumeSpike,2024-03-06,2024-03-07,34.5153,34.5819,0.193,0.13,1,max_hold 834d (+0.2%),evening,False
AWK,52wkLow,2024-03-07,2024-03-08,112.2732,113.5227,1.113,1.02,1,max_hold 833d (+1.1%),evening,True
BF-B,52wkLow,2024-03-07,2024-03-08,51.279,51.4951,0.421,0.39,1,max_hold 833d (+0.4%),evening,True
GOOGL,RSIRecovery,2024-03-07,2024-03-08,133.1989,133.0304,-0.127,-0.12,1,max_hold 833d (-0.1%),evening,False
ADP,RSIRecovery,2024-03-07,2024-03-08,231.4874,231.1557,-0.143,-0.13,1,max_hold 833d (-0.1%),evening,False
ADM,VolumeSpike,2024-03-07,2024-03-08,50.1595,50.1225,-0.074,-0.07,1,max_hold 833d (-0.1%),evening,False
AWK,52wkLow,2024-03-08,2024-03-11,112.1123,111.7526,-0.321,-0.3,1,max_hold 832d (-0.3%),evening,True
BF-B,52wkLow,2024-03-08,2024-03-11,51.11,51.1945,0.165,0.15,1,max_hold 832d (+0.2%),evening,True
BA,MomReversal,2024-03-08,2024-03-11,198.49,194.21,-2.156,-1.99,1,stop_loss (-2.2%),evening,False
CCL,Pullback50,2024-03-08,2024-03-11,16.1955,16.1856,-0.061,-0.06,1,max_hold 832d (-0.1%),evening,False
ADP,Pullback50,2024-03-11,2024-03-12,231.3358,231.3358,0.0,0.0,1,max_hold 829d (+0.0%),evening,False
CPB,Pullback50,2024-03-11,2024-03-12,38.8904,38.6553,-0.71,-0.69,1,stop_loss (-0.6%),evening,False
KO,Pullback50,2024-03-11,2024-03-12,56.03,56.1044,0.133,0.13,1,max_hold 829d (+0.1%),evening,False
CTSH,Pullback50,2024-03-11,2024-03-12,73.9213,73.8637,-0.078,-0.08,1,max_hold 829d (-0.1%),evening,False
BA,52wkLow,2024-03-12,2024-03-13,184.24,183.16,-0.66,-0.61,1,stop_loss (-0.6%),evening,True
ADP,Pullback50,2024-03-12,2024-03-13,231.8855,231.8855,-0.0,-0.0,1,max_hold 828d (-0.0%),evening,False
CPB,Pullback50,2024-03-12,2024-03-13,38.8904,39.0622,0.442,0.4,1,max_hold 828d (+0.4%),evening,False
KO,Pullback50,2024-03-12,2024-03-13,56.2719,56.6253,0.628,0.58,1,max_hold 828d (+0.6%),evening,False
CTSH,Pullback50,2024-03-12,2024-03-13,74.0462,74.0942,0.065,0.06,1,max_hold 828d (+0.1%),evening,False
BA,52wkLow,2024-03-13,2024-03-14,182.35,182.0,-0.192,-0.18,1,max_hold 827d (-0.2%),evening,True
BNY,Pullback50,2024-03-13,2024-03-14,52.5191,52.3006,-0.416,-0.4,1,max_hold 827d (-0.4%),evening,False
CBOE,Pullback50,2024-03-13,2024-03-14,179.9626,180.1195,0.087,0.08,1,max_hold 827d (+0.1%),evening,False
BIIB,52wkLow,2024-03-14,2024-03-15,219.62,219.15,-0.214,-0.14,1,max_hold 826d (-0.2%),evening,True
BA,52wkLow,2024-03-14,2024-03-15,181.15,180.99,-0.088,-0.06,1,max_hold 826d (-0.1%),evening,True
AAPL,MomReversal,2024-03-14,2024-03-15,171.282,169.4701,-1.6,-1.05,1,stop_loss (-1.1%),evening,False
GOOGL,Pullback50,2024-03-14,2024-03-15,141.8423,141.2475,-0.419,-0.27,1,max_hold 826d (-0.4%),evening,False
GOOG,Pullback50,2024-03-14,2024-03-15,143.0785,142.1566,-1.11,-0.73,1,stop_loss (-0.6%),evening,False
AWK,52wkLow,2024-03-15,2024-03-18,110.8817,110.8912,0.009,0.0,1,max_hold 825d (+0.0%),evening,True
BDX,52wkLow,2024-03-15,2024-03-18,177.4458,178.1205,0.38,0.03,1,max_hold 825d (+0.4%),evening,True
BIIB,52wkLow,2024-03-15,2024-03-18,219.31,220.34,0.47,0.04,1,max_hold 825d (+0.5%),evening,True
BA,52wkLow,2024-03-15,2024-03-18,182.53,180.26,-1.244,-0.1,1,stop_loss (-1.2%),evening,True
BF-B,52wkLow,2024-03-15,2024-03-18,50.4526,50.1426,-0.96,-0.08,1,stop_loss (-0.6%),evening,True
BNY,Pullback50,2024-03-18,2024-03-19,52.1961,52.2436,0.091,0.08,1,max_hold 822d (+0.1%),evening,False
CPB,Pullback50,2024-03-18,2024-03-19,39.1707,39.3515,0.462,0.42,1,max_hold 822d (+0.5%),evening,False
CNC,Pullback50,2024-03-18,2024-03-19,77.02,77.4,0.493,0.45,1,max_hold 822d (+0.5%),evening,False
KO,Pullback50,2024-03-18,2024-03-19,56.3751,56.4782,0.183,0.17,1,max_hold 822d (+0.2%),evening,False
BIIB,52wkLow,2024-03-19,2024-03-20,218.63,217.18,-0.84,-0.24,1,stop_loss (-0.7%),evening,True
COHR,GapDown,2024-03-19,2024-03-20,58.0,58.0,0.0,0.0,1,max_hold 821d (+0.0%),evening,True
COIN,GapDown,2024-03-19,2024-03-20,230.12,231.38,0.548,0.16,1,max_hold 821d (+0.5%),evening,True
ARE,Pullback50,2024-03-19,2024-03-20,109.1002,108.5702,-0.486,-0.14,1,max_hold 821d (-0.5%),evening,False
AMT,Pullback50,2024-03-19,2024-03-20,180.2032,179.0942,-5.08,-1.45,1,stop_loss (-0.6%),evening,False
BA,MomReversal,2024-03-20,2024-03-21,187.78,189.79,1.07,1.04,1,max_hold 820d (+1.1%),evening,False
BKNG,Pullback50,2024-03-20,2024-03-21,140.521,141.966,1.028,1.0,1,max_hold 820d (+1.0%),evening,False
AMCR,Pullback50,2024-03-21,2024-03-22,42.3119,42.3575,0.108,0.1,1,max_hold 819d (+0.1%),evening,False
BXP,Pullback50,2024-03-21,2024-03-22,58.6404,58.4452,-0.333,-0.3,1,max_hold 819d (-0.3%),evening,False
CPB,Pullback50,2024-03-21,2024-03-22,39.1074,39.3334,0.578,0.53,1,max_hold 819d (+0.6%),evening,False
CBOE,Pullback50,2024-03-21,2024-03-22,180.6491,180.0705,-0.32,-0.29,1,max_hold 819d (-0.3%),evening,False
AMD,Pullback50,2024-03-22,2024-03-25,179.65,172.9,-3.757,-3.58,1,stop_loss (-3.8%),evening,False
CLX,Pullback50,2024-03-22,2024-03-25,138.4771,138.6057,0.093,0.09,1,max_hold 818d (+0.1%),evening,False
BDX,52wkLow,2024-03-25,2024-03-26,181.164,181.5688,0.223,0.14,1,max_hold 815d (+0.2%),evening,True
AMD,GapDown,2024-03-25,2024-03-26,178.63,179.54,0.509,0.33,1,max_hold 815d (+0.5%),evening,True
BA,MomReversal,2024-03-25,2024-03-26,191.41,192.02,0.319,0.21,1,max_hold 815d (+0.3%),evening,False
AMCR,Pullback50,2024-03-25,2024-03-26,42.3575,42.4031,0.108,0.07,1,max_hold 815d (+0.1%),evening,False
AMT,Pullback50,2024-03-25,2024-03-26,179.2225,178.9476,-0.153,-0.1,1,max_hold 815d (-0.2%),evening,False
BIIB,52wkLow,2024-03-26,2024-03-27,212.02,213.75,0.816,0.78,1,max_hold 814d (+0.8%),evening,True
T,Pullback50,2024-03-26,2024-03-27,15.3936,15.4922,0.64,0.61,1,max_hold 814d (+0.6%),evening,False
ADP,Pullback50,2024-03-26,2024-03-27,232.2646,234.0464,0.767,0.73,1,max_hold 814d (+0.8%),evening,False
CNC,Pullback50,2024-03-26,2024-03-27,77.56,78.05,0.632,0.6,1,max_hold 814d (+0.6%),evening,False
AMT,Pullback50,2024-03-27,2024-03-28,180.8905,181.7978,0.502,0.49,1,max_hold 813d (+0.5%),evening,False
ADI,Pullback50,2024-03-27,2024-03-28,186.804,187.49,0.367,0.36,1,max_hold 813d (+0.4%),evening,False
CNP,RSIRecovery,2024-03-27,2024-03-28,26.7494,26.7494,0.0,0.0,1,max_hold 813d (+0.0%),evening,False
CCL,VolumeSpike,2024-03-27,2024-03-28,17.0067,16.8188,-0.64,-0.62,1,stop_loss (-1.1%),evening,False
BIIB,52wkLow,2024-03-28,2024-04-01,215.63,215.69,0.028,0.03,1,max_hold 812d (+0.0%),evening,True
AMD,Pullback50,2024-03-28,2024-04-01,180.49,180.1,-0.216,-0.21,1,max_hold 812d (-0.2%),evening,False
ACN,RSIRecovery,2024-03-28,2024-04-01,334.7141,333.0242,-5.95,-5.71,1,stop_loss (-0.5%),evening,False
APA,VolumeSpike,2024-03-28,2024-04-01,31.319,31.4556,0.436,0.42,1,max_hold 812d (+0.4%),evening,False
AMD,Pullback50,2024-04-01,2024-04-02,183.34,179.47,-2.111,-2.04,1,stop_loss (-2.1%),evening,True
ADP,Pullback50,2024-04-02,2024-04-03,234.7193,234.8709,0.065,0.06,1,max_hold 807d (+0.1%),evening,True
BKNG,Pullback50,2024-04-02,2024-04-03,140.034,141.3263,0.923,0.87,1,max_hold 807d (+0.9%),evening,True
BR,Pullback50,2024-04-02,2024-04-03,194.6499,194.0926,-0.286,-0.27,1,max_hold 807d (-0.3%),evening,True
COIN,GapDown,2024-04-02,2024-04-03,245.84,244.04,-0.62,-0.59,1,stop_loss (-0.7%),evening,False
AMD,Pullback50,2024-04-03,2024-04-04,180.77,182.92,1.189,1.13,1,max_hold 806d (+1.2%),evening,True
BX,Pullback50,2024-04-03,2024-04-04,118.1447,119.4795,1.13,1.08,1,max_hold 806d (+1.1%),evening,True
AMCR,Pullback50,2024-04-05,2024-04-08,41.9927,42.1751,0.434,0.16,1,max_hold 804d (+0.4%),evening,True
AJG,Pullback50,2024-04-05,2024-04-08,238.8024,238.5186,-0.119,-0.04,1,max_hold 804d (-0.1%),evening,True
ADP,Pullback50,2024-04-05,2024-04-08,232.0561,231.6012,-0.196,-0.07,1,max_hold 804d (-0.2%),evening,True
BLK,Pullback50,2024-04-05,2024-04-08,759.5166,763.2876,0.497,0.19,1,max_hold 804d (+0.5%),evening,True
BX,Pullback50,2024-04-05,2024-04-08,119.0875,119.0035,-0.071,-0.03,1,max_hold 804d (-0.1%),evening,True
AJG,Pullback50,2024-04-08,2024-04-09,238.9688,239.6344,0.279,0.14,1,max_hold 801d (+0.3%),evening,True
ADP,Pullback50,2024-04-08,2024-04-09,233.7526,235.3258,0.673,0.34,1,max_hold 801d (+0.7%),evening,True
BLK,Pullback50,2024-04-08,2024-04-09,765.0018,767.773,0.362,0.18,1,max_hold 801d (+0.4%),evening,True
BKNG,Pullback50,2024-04-08,2024-04-09,141.4115,141.7583,0.245,0.12,1,max_hold 801d (+0.2%),evening,True
BXP,Pullback50,2024-04-08,2024-04-09,57.0095,57.1537,0.253,0.13,1,max_hold 801d (+0.3%),evening,True
CF,Pullback50,2024-04-09,2024-04-10,77.0059,75.4491,-2.022,-1.94,1,stop_loss (-2.0%),evening,True
CHD,Pullback50,2024-04-09,2024-04-10,99.1705,98.8395,-0.334,-0.32,1,max_hold 800d (-0.3%),evening,True
KO,Pullback50,2024-04-09,2024-04-10,55.9907,55.6156,-1.2,-1.15,1,stop_loss (-0.7%),evening,True
BA,52wkLow,2024-04-09,2024-04-10,178.12,176.31,-2.31,-2.21,1,stop_loss (-1.0%),evening,False
AXP,Pullback50,2024-04-10,2024-04-11,212.9834,212.8366,-0.069,-0.03,1,max_hold 799d (-0.1%),evening,True
ATO,Pullback50,2024-04-10,2024-04-11,109.1881,109.9756,0.721,0.36,1,max_hold 799d (+0.7%),evening,True
BKNG,Pullback50,2024-04-10,2024-04-11,140.821,140.4593,-0.257,-0.13,1,max_hold 799d (-0.3%),evening,True
CAH,Pullback50,2024-04-10,2024-04-11,104.8616,104.7548,-0.102,-0.05,1,max_hold 799d (-0.1%),evening,True
CF,Pullback50,2024-04-10,2024-04-11,76.7876,76.5597,-0.297,-0.15,1,max_hold 799d (-0.3%),evening,True
ALLE,Pullback50,2024-04-11,2024-04-12,126.3514,125.2315,-2.54,-1.63,1,stop_loss (-0.9%),evening,True
AXP,Pullback50,2024-04-11,2024-04-12,213.5216,212.3473,-1.48,-0.95,1,stop_loss (-0.5%),evening,True
BX,Pullback50,2024-04-11,2024-04-12,118.4247,117.3326,-1.99,-1.27,1,stop_loss (-0.9%),evening,True
CF,Pullback50,2024-04-11,2024-04-12,76.7401,75.7434,-1.299,-0.83,1,stop_loss (-1.3%),evening,True
CME,Pullback50,2024-04-11,2024-04-12,194.85,194.5111,-0.174,-0.11,1,max_hold 798d (-0.2%),evening,True
AXP,Pullback50,2024-04-12,2024-04-15,213.5216,217.1325,1.691,0.83,1,max_hold 797d (+1.7%),evening,True
CDNS,Pullback50,2024-04-12,2024-04-15,305.85,310.5,1.52,0.75,1,max_hold 797d (+1.5%),evening,True
COF,Pullback50,2024-04-12,2024-04-15,135.129,137.2388,1.561,0.77,1,max_hold 797d (+1.6%),evening,True
CARR,Pullback50,2024-04-12,2024-04-15,55.1652,55.6116,0.809,0.4,1,max_hold 797d (+0.8%),evening,True
CFG,Pullback50,2024-04-12,2024-04-15,30.4808,30.8855,1.328,0.65,1,max_hold 797d (+1.3%),evening,True
CPB,Pullback50,2024-04-15,2024-04-16,38.9253,38.9526,0.07,0.06,1,max_hold 794d (+0.1%),evening,True
CVNA,RubberBand,2024-04-15,2024-04-16,13.966,13.784,-1.303,-1.17,1,stop_loss (-1.3%),evening,True
CBRE,RubberBand,2024-04-15,2024-04-16,86.99,86.53,-5.73,-5.13,1,stop_loss (-0.5%),evening,True
AWK,52wkLow,2024-04-15,2024-04-16,109.7837,109.282,-0.457,-0.41,1,max_hold 794d (-0.5%),evening,False
AOS,Pullback50,2024-04-16,2024-04-17,81.8,82.2118,0.504,0.2,1,max_hold 793d (+0.5%),evening,True
AXP,Pullback50,2024-04-16,2024-04-17,213.6586,214.8525,0.559,0.22,1,max_hold 793d (+0.6%),evening,True
AIG,Pullback50,2024-04-16,2024-04-17,70.2049,69.092,-1.585,-0.63,1,stop_loss (-1.6%),evening,True
AME,Pullback50,2024-04-16,2024-04-17,176.5079,176.8628,0.201,0.08,1,max_hold 793d (+0.2%),evening,True
CPB,Pullback50,2024-04-16,2024-04-17,39.217,39.4723,0.651,0.26,1,max_hold 793d (+0.7%),evening,True
ALL,Pullback50,2024-04-17,2024-04-18,155.8045,157.8893,1.338,0.42,1,max_hold 792d (+1.3%),evening,True
MO,Pullback50,2024-04-17,2024-04-18,34.9866,35.0121,0.073,0.02,1,max_hold 792d (+0.1%),evening,True
ATO,Pullback50,2024-04-17,2024-04-18,108.6947,109.0647,0.34,0.11,1,max_hold 792d (+0.3%),evening,True
AVB,Pullback50,2024-04-17,2024-04-18,168.6985,169.1833,0.287,0.09,1,max_hold 792d (+0.3%),evening,True
BAC,Pullback50,2024-04-17,2024-04-18,33.4507,33.745,0.88,0.28,1,max_hold 792d (+0.9%),evening,True
MO,Pullback50,2024-04-18,2024-04-19,35.1568,35.2335,0.218,0.07,1,max_hold 791d (+0.2%),evening,True
AEP,Pullback50,2024-04-18,2024-04-19,76.3766,76.6357,0.339,0.12,1,max_hold 791d (+0.3%),evening,True
AZO,Pullback50,2024-04-18,2024-04-19,2973.1699,2987.22,0.473,0.16,1,max_hold 791d (+0.5%),evening,True
BAC,Pullback50,2024-04-18,2024-04-19,33.9634,34.2768,0.923,0.31,1,max_hold 791d (+0.9%),evening,True
BNY,Pullback50,2024-04-18,2024-04-19,52.4906,52.6521,0.308,0.1,1,max_hold 791d (+0.3%),evening,True
AIG,Pullback50,2024-04-19,2024-04-22,70.6044,71.0134,0.579,0.07,1,max_hold 790d (+0.6%),evening,True
AMP,Pullback50,2024-04-19,2024-04-22,404.8919,407.7756,0.712,0.09,1,max_hold 790d (+0.7%),evening,True
CAH,Pullback50,2024-04-19,2024-04-22,105.1045,100.8883,-4.011,-0.49,1,stop_loss (-4.0%),evening,True
COR,Pullback50,2024-04-19,2024-04-22,234.772,231.699,-1.309,-0.16,1,stop_loss (-1.3%),evening,True
CB,Pullback50,2024-04-19,2024-04-22,244.6402,245.4321,0.324,0.04,1,max_hold 790d (+0.3%),evening,True
AMZN,Pullback50,2024-04-22,2024-04-23,177.23,178.08,0.48,0.21,1,max_hold 787d (+0.5%),evening,True
APO,Pullback50,2024-04-22,2024-04-23,106.9775,107.5191,0.506,0.22,1,max_hold 787d (+0.5%),evening,True
ARES,Pullback50,2024-04-22,2024-04-23,123.1863,123.9235,0.598,0.26,1,max_hold 787d (+0.6%),evening,True
ADP,Pullback50,2024-04-22,2024-04-23,233.4398,233.8663,0.183,0.08,1,max_hold 787d (+0.2%),evening,True
COR,Pullback50,2024-04-22,2024-04-23,232.5335,233.1029,0.245,0.11,1,max_hold 787d (+0.2%),evening,True
ALGN,Pullback50,2024-04-23,2024-04-24,311.88,310.65,-0.394,-0.09,1,max_hold 786d (-0.4%),evening,True
AME,Pullback50,2024-04-23,2024-04-24,177.257,178.075,0.461,0.11,1,max_hold 786d (+0.5%),evening,True
ADP,Pullback50,2024-04-23,2024-04-24,233.9421,231.8571,-13.91,-3.24,1,stop_loss (-0.9%),evening,True
AXON,Pullback50,2024-04-23,2024-04-24,301.56,304.07,0.832,0.19,1,max_hold 786d (+0.8%),evening,True
BKNG,Pullback50,2024-04-23,2024-04-24,138.7735,137.6449,-0.84,-0.2,1,stop_loss (-0.8%),evening,True
ALGN,Pullback50,2024-04-24,2024-04-25,313.78,325.0,3.576,0.6,1,max_hold 785d (+3.6%),evening,True
AIZ,Pullback50,2024-04-24,2024-04-25,171.1082,170.8473,-0.153,-0.03,1,max_hold 785d (-0.2%),evening,True
ADP,Pullback50,2024-04-24,2024-04-25,233.7241,236.5295,1.2,0.2,1,max_hold 785d (+1.2%),evening,True
AZO,Pullback50,2024-04-24,2024-04-25,2988.51,2901.8401,-2.9,-0.49,1,stop_loss (-2.9%),evening,True
BXP,Pullback50,2024-04-24,2024-04-25,56.7391,55.6212,-1.97,-0.33,1,stop_loss (-2.0%),evening,True
APO,Pullback50,2024-04-25,2024-04-26,108.2156,108.8249,0.563,0.1,1,max_hold 784d (+0.6%),evening,True
AVGO,Pullback50,2024-04-25,2024-04-26,126.8509,128.3776,1.204,0.22,1,max_hold 784d (+1.2%),evening,True
COR,Pullback50,2024-04-25,2024-04-26,235.3905,235.6654,0.117,0.02,1,max_hold 784d (+0.1%),evening,True
CME,Pullback50,2024-04-25,2024-04-26,194.6394,194.0715,-0.292,-0.05,1,max_hold 784d (-0.3%),evening,True
CAT,RubberBand,2024-04-25,2024-04-26,329.0363,329.4647,0.13,0.02,1,max_hold 784d (+0.1%),evening,True
AIG,Pullback50,2024-04-26,2024-04-29,70.8897,70.9658,0.107,0.05,1,max_hold 783d (+0.1%),evening,True
AMAT,Pullback50,2024-04-26,2024-04-29,199.6453,199.7729,0.064,0.03,1,max_hold 783d (+0.1%),evening,True
T,Pullback50,2024-04-26,2024-04-29,15.2542,15.4727,1.433,0.63,1,max_hold 783d (+1.4%),evening,True
BKNG,Pullback50,2024-04-26,2024-04-29,138.2666,138.2665,-0.0,-0.0,1,max_hold 783d (-0.0%),evening,True
AON,52wkLow,2024-04-26,2024-04-29,280.7982,277.0842,-1.323,-0.58,1,stop_loss (-1.3%),evening,False
AMP,Pullback50,2024-04-29,2024-04-30,404.2511,402.8335,-0.351,-0.11,1,max_hold 780d (-0.4%),evening,True
AMGN,Pullback50,2024-04-29,2024-04-30,258.0969,257.8448,-0.098,-0.03,1,max_hold 780d (-0.1%),evening,True
AMAT,Pullback50,2024-04-29,2024-04-30,201.4907,199.9299,-0.53,-0.17,1,stop_loss (-0.8%),evening,True
AZO,Pullback50,2024-04-29,2024-04-30,2998.78,2997.8899,-0.03,-0.01,1,max_hold 780d (-0.0%),evening,True
BXP,Pullback50,2024-04-29,2024-04-30,56.6489,56.1441,-2.69,-0.85,1,stop_loss (-0.9%),evening,True
AVY,Pullback50,2024-04-30,2024-05-01,207.7885,209.1082,0.635,0.17,1,max_hold 779d (+0.6%),evening,True
AON,52wkLow,2024-04-30,2024-05-01,278.4919,277.6722,-0.294,-0.08,1,max_hold 779d (-0.3%),evening,False
APTV,52wkLow,2024-04-30,2024-05-01,71.0,70.81,-0.268,-0.07,1,max_hold 779d (-0.3%),evening,False
BDX,52wkLow,2024-04-30,2024-05-01,175.8641,175.4368,-0.243,-0.07,1,max_hold 779d (-0.2%),evening,False
BF-B,52wkLow,2024-04-30,2024-05-01,44.9396,44.6109,-0.94,-0.26,1,stop_loss (-0.7%),evening,False
APA,52wkLow,2024-05-01,2024-05-02,28.0003,27.6514,-1.246,-0.42,1,stop_loss (-1.2%),evening,True
APTV,52wkLow,2024-05-01,2024-05-02,69.75,75.42,8.129,2.74,1,max_hold 778d (+8.1%),evening,True
BDX,52wkLow,2024-05-01,2024-05-02,175.2044,182.161,3.971,1.34,1,max_hold 778d (+4.0%),evening,True
BXP,GapDown,2024-05-01,2024-05-02,53.4126,54.287,1.637,0.55,1,max_hold 778d (+1.6%),evening,False
COR,GapDown,2024-05-01,2024-05-02,225.0229,224.3259,-0.31,-0.1,1,max_hold 778d (-0.3%),evening,False
APA,52wkLow,2024-05-02,2024-05-03,26.7884,26.8711,0.308,0.09,1,max_hold 777d (+0.3%),evening,True
AAPL,52wkLow,2024-05-02,2024-05-03,171.3116,184.7964,7.871,2.18,1,max_hold 777d (+7.9%),evening,True
BDX,52wkLow,2024-05-02,2024-05-03,180.1745,178.99,-5.69,-1.57,1,stop_loss (-0.7%),evening,True
AME,RubberBand,2024-05-02,2024-05-03,160.985,161.3398,0.22,0.06,1,max_hold 777d (+0.2%),evening,True
CTSH,MomReversal,2024-05-02,2024-05-03,63.6534,64.0472,0.619,0.17,1,max_hold 777d (+0.6%),evening,False
APA,52wkLow,2024-05-03,2024-05-06,26.8619,27.0547,0.718,0.27,1,max_hold 776d (+0.7%),evening,True
BDX,52wkLow,2024-05-03,2024-05-06,175.924,177.5208,0.908,0.34,1,max_hold 776d (+0.9%),evening,True
AKAM,MomReversal,2024-05-03,2024-05-06,99.67,100.09,0.421,0.16,1,max_hold 776d (+0.4%),evening,False
CTSH,MomReversal,2024-05-03,2024-05-06,63.6342,63.8839,0.392,0.15,1,max_hold 776d (+0.4%),evening,False
AMP,Pullback50,2024-05-03,2024-05-06,408.2262,411.2955,0.752,0.28,1,max_hold 776d (+0.8%),evening,False
AOS,Pullback50,2024-05-06,2024-05-07,81.8754,82.1542,0.341,0.14,1,max_hold 773d (+0.3%),evening,False
A,Pullback50,2024-05-06,2024-05-07,138.4351,138.9372,0.363,0.15,1,max_hold 773d (+0.4%),evening,False
APO,Pullback50,2024-05-06,2024-05-07,107.8287,107.2483,-0.52,-0.21,1,stop_loss (-0.5%),evening,False
ANET,Pullback50,2024-05-06,2024-05-07,69.705,69.0275,-0.94,-0.38,1,stop_loss (-1.0%),evening,False
AJG,Pullback50,2024-05-06,2024-05-07,237.8432,239.3016,0.613,0.25,1,max_hold 773d (+0.6%),evening,False
A,Pullback50,2024-05-07,2024-05-08,139.0849,138.9372,-0.106,-0.06,1,max_hold 772d (-0.1%),evening,False
AJG,Pullback50,2024-05-07,2024-05-08,239.8105,241.3863,0.657,0.37,1,max_hold 772d (+0.7%),evening,False
ADP,Pullback50,2024-05-07,2024-05-08,232.312,232.2456,-0.029,-0.02,1,max_hold 772d (-0.0%),evening,False
CNC,Pullback50,2024-05-07,2024-05-08,75.9,76.33,0.567,0.31,1,max_hold 772d (+0.6%),evening,False
AEE,VolumeSpike,2024-05-07,2024-05-08,69.5124,69.4002,-0.161,-0.09,1,max_hold 772d (-0.2%),evening,False
BDX,52wkLow,2024-05-08,2024-05-09,175.0994,175.5192,0.24,0.15,1,max_hold 771d (+0.2%),evening,True
AOS,Pullback50,2024-05-08,2024-05-09,82.2888,82.3946,0.129,0.08,1,max_hold 771d (+0.1%),evening,False
A,Pullback50,2024-05-08,2024-05-09,140.5912,140.8965,0.217,0.14,1,max_hold 771d (+0.2%),evening,False
CIEN,Pullback50,2024-05-08,2024-05-09,49.21,49.25,0.081,0.05,1,max_hold 771d (+0.1%),evening,False
CINF,Pullback50,2024-05-08,2024-05-09,112.0004,111.7238,-0.247,-0.16,1,max_hold 771d (-0.2%),evening,False
AON,52wkLow,2024-05-09,2024-05-10,283.9924,285.1182,0.396,0.1,1,max_hold 770d (+0.4%),evening,True
BDX,52wkLow,2024-05-09,2024-05-10,176.1639,176.1639,0.0,0.0,1,max_hold 770d (+0.0%),evening,True
AOS,Pullback50,2024-05-09,2024-05-10,83.0677,83.3177,0.301,0.07,1,max_hold 770d (+0.3%),evening,False
AMT,Pullback50,2024-05-09,2024-05-10,172.3346,172.4271,0.054,0.01,1,max_hold 770d (+0.1%),evening,False
AIZ,Pullback50,2024-05-09,2024-05-10,173.273,173.9592,0.396,0.1,1,max_hold 770d (+0.4%),evening,False
BDX,52wkLow,2024-05-10,2024-05-13,176.6662,177.3634,0.395,0.35,1,max_hold 769d (+0.4%),evening,True
ARE,Pullback50,2024-05-10,2024-05-13,108.5139,109.3706,0.79,0.7,1,max_hold 769d (+0.8%),evening,False
ADP,Pullback50,2024-05-10,2024-05-13,233.9611,234.5676,0.259,0.23,1,max_hold 769d (+0.3%),evening,False
BLK,Pullback50,2024-05-10,2024-05-13,758.6689,760.8878,0.292,0.26,1,max_hold 769d (+0.3%),evening,False
BF-B,52wkLow,2024-05-13,2024-05-14,46.1324,46.4705,0.733,0.66,1,max_hold 766d (+0.7%),evening,True
BR,Pullback50,2024-05-13,2024-05-14,190.057,190.5759,0.273,0.24,1,max_hold 766d (+0.3%),evening,False
CBOE,Pullback50,2024-05-13,2024-05-14,178.6386,178.7171,0.044,0.04,1,max_hold 766d (+0.0%),evening,False
CI,Pullback50,2024-05-13,2024-05-14,334.1932,333.5519,-0.192,-0.17,1,max_hold 766d (-0.2%),evening,False
AKAM,RSIRecovery,2024-05-13,2024-05-14,94.32,94.3,-0.021,-0.02,1,max_hold 766d (-0.0%),evening,False
APP,GapDown,2024-05-14,2024-05-15,83.44,84.1,0.791,0.59,1,max_hold 765d (+0.8%),evening,False
AMT,Pullback50,2024-05-14,2024-05-15,172.8802,176.7546,2.241,1.67,1,max_hold 765d (+2.2%),evening,False
APO,Pullback50,2024-05-14,2024-05-15,107.2386,107.7319,0.46,0.34,1,max_hold 765d (+0.5%),evening,False
AIZ,Pullback50,2024-05-14,2024-05-15,171.3788,171.1759,-0.118,-0.09,1,max_hold 765d (-0.1%),evening,False
BR,Pullback50,2024-05-14,2024-05-15,192.046,192.8435,0.415,0.31,1,max_hold 765d (+0.4%),evening,False
BF-B,52wkLow,2024-05-15,2024-05-16,44.6672,44.8457,0.399,0.36,1,max_hold 764d (+0.4%),evening,True
BAX,MomReversal,2024-05-15,2024-05-16,34.0272,34.0753,0.141,0.13,1,max_hold 764d (+0.1%),evening,False
ADP,Pullback50,2024-05-15,2024-05-16,233.7336,233.4872,-0.105,-0.09,1,max_hold 764d (-0.1%),evening,False
CB,Pullback50,2024-05-15,2024-05-16,247.3387,263.6572,6.598,5.94,1,max_hold 764d (+6.6%),evening,False
CSCO,VolumeSpike,2024-05-15,2024-05-16,47.1369,47.5259,0.825,0.74,1,max_hold 764d (+0.8%),evening,False
AON,52wkLow,2024-05-16,2024-05-17,288.377,289.5226,0.397,0.23,1,max_hold 763d (+0.4%),evening,True
CSCO,52wkLow,2024-05-16,2024-05-17,45.8747,45.7988,-0.166,-0.09,1,max_hold 763d (-0.2%),evening,True
ALL,Pullback50,2024-05-16,2024-05-17,161.6955,163.1013,0.869,0.5,1,max_hold 763d (+0.9%),evening,False
CBOE,Pullback50,2024-05-16,2024-05-17,178.0992,179.5899,0.837,0.48,1,max_hold 763d (+0.8%),evening,False
CINF,Pullback50,2024-05-16,2024-05-17,113.0303,113.6788,0.574,0.33,1,max_hold 763d (+0.6%),evening,False
ABT,MomReversal,2024-05-17,2024-05-20,100.0015,99.7036,-0.298,-0.29,1,max_hold 762d (-0.3%),evening,False
AOS,Pullback50,2024-05-17,2024-05-20,82.385,82.5292,0.175,0.17,1,max_hold 762d (+0.2%),evening,False
CAT,Pullback50,2024-05-17,2024-05-20,346.8217,346.9483,0.037,0.04,1,max_hold 762d (+0.0%),evening,False
AVY,VolumeSpike,2024-05-17,2024-05-20,216.4145,216.0606,-0.164,-0.16,1,max_hold 762d (-0.2%),evening,False
ABT,MomReversal,2024-05-20,2024-05-21,99.156,99.4539,0.3,0.29,1,max_hold 759d (+0.3%),evening,False
ALGN,MomReversal,2024-05-20,2024-05-21,267.44,265.45,-0.9,-0.87,1,stop_loss (-0.7%),evening,False
AMD,Pullback50,2024-05-20,2024-05-21,166.33,164.0,-1.401,-1.36,1,stop_loss (-1.4%),evening,False
CSCO,52wkLow,2024-05-21,2024-05-22,44.5461,44.6979,0.341,0.19,1,max_hold 758d (+0.3%),evening,True
AOS,Pullback50,2024-05-21,2024-05-22,82.4427,82.2792,-0.198,-0.11,1,max_hold 758d (-0.2%),evening,False
AMD,Pullback50,2024-05-21,2024-05-22,164.66,167.41,1.67,0.95,1,max_hold 758d (+1.7%),evening,False
AMZN,Pullback50,2024-05-21,2024-05-22,183.15,183.88,0.399,0.23,1,max_hold 758d (+0.4%),evening,False
BG,Pullback50,2024-05-21,2024-05-22,97.2269,96.6811,-0.57,-0.33,1,stop_loss (-0.6%),evening,False
BG,Pullback50,2024-05-22,2024-05-23,97.0575,96.7469,-0.32,-0.24,1,max_hold 757d (-0.3%),evening,False
CF,Pullback50,2024-05-22,2024-05-23,76.1517,75.9128,-0.314,-0.24,1,max_hold 757d (-0.3%),evening,False
CINF,Pullback50,2024-05-22,2024-05-23,113.3164,113.1734,-0.126,-0.1,1,max_hold 757d (-0.1%),evening,False
CME,Pullback50,2024-05-22,2024-05-23,193.6686,193.5587,-0.057,-0.04,1,max_hold 757d (-0.1%),evening,False
COIN,Pullback50,2024-05-22,2024-05-23,231.51,233.81,0.993,0.76,1,max_hold 757d (+1.0%),evening,False
BA,52wkLow,2024-05-23,2024-05-24,172.21,173.2,0.575,0.55,1,max_hold 756d (+0.6%),evening,True
CME,Pullback50,2024-05-23,2024-05-24,194.209,195.0331,0.424,0.4,1,max_hold 756d (+0.4%),evening,False
BMY,52wkLow,2024-05-24,2024-05-28,37.4373,37.4192,-0.048,-0.03,1,max_hold 755d (-0.0%),evening,True
ADBE,MomReversal,2024-05-24,2024-05-28,475.43,473.01,-0.77,-0.44,1,stop_loss (-0.5%),evening,False
BX,Pullback50,2024-05-24,2024-05-28,116.1915,116.3513,0.138,0.08,1,max_hold 755d (+0.1%),evening,False
BG,Pullback50,2024-05-24,2024-05-28,97.6598,97.6881,0.029,0.02,1,max_hold 755d (+0.0%),evening,False
CDNS,Pullback50,2024-05-24,2024-05-28,294.28,293.07,-0.411,-0.24,1,max_hold 755d (-0.4%),evening,False
ACN,52wkLow,2024-05-28,2024-05-29,288.625,285.1544,-1.202,-0.92,1,stop_loss (-1.2%),evening,True
BF-B,52wkLow,2024-05-28,2024-05-29,42.1502,41.6431,-1.203,-0.92,1,stop_loss (-1.2%),evening,True
AMZN,Pullback50,2024-05-28,2024-05-29,182.15,181.7,-0.247,-0.19,1,max_hold 751d (-0.2%),evening,False
CDNS,Pullback50,2024-05-28,2024-05-29,296.21,291.79,-1.492,-1.14,1,stop_loss (-1.5%),evening,False
CF,Pullback50,2024-05-28,2024-05-29,75.2246,74.6894,-3.25,-2.48,1,stop_loss (-0.7%),evening,False
ACN,52wkLow,2024-05-29,2024-05-30,284.786,281.1023,-1.294,-0.49,1,stop_loss (-1.3%),evening,True
APA,52wkLow,2024-05-29,2024-05-30,26.7793,26.7701,-0.034,-0.01,1,max_hold 750d (-0.0%),evening,True
BDX,52wkLow,2024-05-29,2024-05-30,168.7201,168.945,0.133,0.05,1,max_hold 750d (+0.1%),evening,True
BMY,52wkLow,2024-05-29,2024-05-30,36.5386,36.4388,-0.273,-0.1,1,max_hold 750d (-0.3%),evening,True
BF-B,52wkLow,2024-05-29,2024-05-30,41.5304,41.4928,-0.09,-0.03,1,max_hold 750d (-0.1%),evening,True
ACN,52wkLow,2024-05-30,2024-05-31,276.0904,276.0904,0.0,0.0,1,max_hold 749d (+0.0%),evening,True
BF-B,52wkLow,2024-05-30,2024-05-31,41.5774,41.5586,-0.045,-0.02,1,max_hold 749d (-0.0%),evening,True
A,GapDown,2024-05-30,2024-05-31,129.3872,128.9738,-0.32,-0.13,1,max_hold 749d (-0.3%),evening,False
ALGN,MomReversal,2024-05-30,2024-05-31,256.5,257.36,0.335,0.14,1,max_hold 749d (+0.3%),evening,False
LNT,Pullback50,2024-05-30,2024-05-31,47.0296,47.189,0.339,0.14,1,max_hold 749d (+0.3%),evening,False
ACN,52wkLow,2024-05-31,2024-06-03,273.6572,277.593,1.438,0.09,1,max_hold 748d (+1.4%),evening,True
APA,52wkLow,2024-05-31,2024-06-03,28.0278,28.138,0.393,0.03,1,max_hold 748d (+0.4%),evening,True
BDX,52wkLow,2024-05-31,2024-06-03,173.8925,176.1639,1.306,0.08,1,max_hold 748d (+1.3%),evening,True
BMY,52wkLow,2024-05-31,2024-06-03,37.3012,37.3647,0.17,0.01,1,max_hold 748d (+0.2%),evening,True
BF-B,52wkLow,2024-05-31,2024-06-03,43.0706,42.3287,-1.723,-0.11,1,stop_loss (-1.7%),evening,True
ADBE,52wkLow,2024-06-03,2024-06-04,439.02,442.82,0.866,0.78,1,max_hold 745d (+0.9%),evening,False
APA,52wkLow,2024-06-03,2024-06-04,27.0271,26.7425,-0.73,-0.66,1,stop_loss (-1.1%),evening,False
ALGN,MomReversal,2024-06-03,2024-06-04,254.53,253.26,-0.499,-0.45,1,max_hold 745d (-0.5%),evening,False
AEE,Pullback50,2024-06-03,2024-06-04,68.9608,68.8767,-0.122,-0.11,1,max_hold 745d (-0.1%),evening,False
COR,Pullback50,2024-06-03,2024-06-04,226.8252,226.4612,-0.161,-0.15,1,max_hold 745d (-0.2%),evening,False
ALGN,MomReversal,2024-06-04,2024-06-05,248.91,250.82,0.767,0.32,1,max_hold 744d (+0.8%),evening,False
BAX,MomReversal,2024-06-04,2024-06-05,32.2614,32.2324,-0.09,-0.04,1,max_hold 744d (-0.1%),evening,False
AEE,Pullback50,2024-06-04,2024-06-05,68.9047,68.6617,-0.353,-0.14,1,max_hold 744d (-0.4%),evening,False
ATO,Pullback50,2024-06-04,2024-06-05,110.7386,110.3564,-0.345,-0.14,1,max_hold 744d (-0.3%),evening,False
ADP,Pullback50,2024-06-04,2024-06-05,232.8332,232.331,-0.216,-0.09,1,max_hold 744d (-0.2%),evening,False
CPB,VolumeSpike,2024-06-05,2024-06-06,40.2109,40.138,-0.181,-0.05,1,max_hold 743d (-0.2%),evening,True
BF-B,52wkLow,2024-06-05,2024-06-06,40.4222,40.5255,0.256,0.08,1,max_hold 743d (+0.3%),evening,False
CSCO,52wkLow,2024-06-05,2024-06-06,43.673,43.5971,-0.174,-0.05,1,max_hold 743d (-0.2%),evening,False
ALGN,MomReversal,2024-06-05,2024-06-06,256.01,253.8,-2.24,-0.67,1,stop_loss (-0.9%),evening,False
BAX,MomReversal,2024-06-05,2024-06-06,32.1549,32.1161,-0.121,-0.04,1,max_hold 743d (-0.1%),evening,False
CIEN,VolumeSpike,2024-06-06,2024-06-07,48.56,47.63,-1.915,-0.78,1,stop_loss (-1.9%),evening,True
ALGN,MomReversal,2024-06-06,2024-06-07,257.46,253.61,-1.495,-0.61,1,stop_loss (-1.5%),evening,False
XYZ,MomReversal,2024-06-06,2024-06-07,66.4,65.9,-3.66,-1.5,1,stop_loss (-0.8%),evening,False
BF-B,MomReversal,2024-06-06,2024-06-07,41.2486,41.0202,-5.73,-2.35,1,stop_loss (-0.6%),evening,False
CTSH,MomReversal,2024-06-06,2024-06-07,63.9647,63.8489,-0.181,-0.07,1,max_hold 742d (-0.2%),evening,False
LNT,Pullback50,2024-06-07,2024-06-10,47.0014,46.9639,-0.08,-0.04,1,max_hold 741d (-0.1%),evening,False
AXP,Pullback50,2024-06-07,2024-06-10,227.6814,226.9768,-0.309,-0.14,1,max_hold 741d (-0.3%),evening,False
AMP,Pullback50,2024-06-07,2024-06-10,415.7096,413.946,-0.424,-0.19,1,max_hold 741d (-0.4%),evening,False
ATO,Pullback50,2024-06-07,2024-06-10,109.678,109.592,-0.078,-0.03,1,max_hold 741d (-0.1%),evening,False
BLK,Pullback50,2024-06-07,2024-06-10,736.8506,734.9814,-0.254,-0.11,1,max_hold 741d (-0.3%),evening,False
AAPL,VolumeSpike,2024-06-10,2024-06-11,191.4615,191.9869,0.274,0.06,1,max_hold 738d (+0.3%),evening,True
CFG,VolumeSpike,2024-06-10,2024-06-11,32.0056,31.6332,-1.51,-0.34,1,stop_loss (-1.2%),evening,True
AON,52wkLow,2024-06-10,2024-06-11,283.2814,283.5282,0.087,0.02,1,max_hold 738d (+0.1%),evening,False
ALGN,MomReversal,2024-06-10,2024-06-11,255.7,254.3,-1.28,-0.29,1,stop_loss (-0.5%),evening,False
XYZ,MomReversal,2024-06-10,2024-06-11,64.34,64.0,-5.93,-1.32,1,stop_loss (-0.5%),evening,False
AON,VolumeSpike,2024-06-11,2024-06-12,290.036,290.2533,0.075,0.04,1,max_hold 737d (+0.1%),evening,True
CASY,VolumeSpike,2024-06-11,2024-06-12,323.7176,359.8735,11.169,6.19,1,max_hold 737d (+11.2%),evening,True
LNT,Pullback50,2024-06-11,2024-06-12,47.0577,47.639,1.235,0.68,1,max_hold 737d (+1.2%),evening,False
AME,Pullback50,2024-06-11,2024-06-12,170.0425,171.6983,0.974,0.54,1,max_hold 737d (+1.0%),evening,False
ATO,Pullback50,2024-06-11,2024-06-12,110.6049,112.0573,1.313,0.73,1,max_hold 737d (+1.3%),evening,False
CNP,VolumeSpike,2024-06-12,2024-06-13,29.5012,29.5107,0.032,0.02,1,max_hold 736d (+0.0%),evening,True
ALB,52wkLow,2024-06-12,2024-06-13,108.4736,107.4625,-0.79,-0.4,1,stop_loss (-0.9%),evening,False
ACN,MomReversal,2024-06-12,2024-06-13,276.9919,278.8727,0.679,0.34,1,max_hold 736d (+0.7%),evening,False
BLDR,MomReversal,2024-06-12,2024-06-13,151.15,151.0,-0.099,-0.05,1,max_hold 736d (-0.1%),evening,False
AMP,Pullback50,2024-06-12,2024-06-13,417.3466,415.6512,-0.406,-0.2,1,max_hold 736d (-0.4%),evening,False
ARES,GapDown,2024-06-13,2024-06-14,124.8193,123.5789,-5.69,-1.6,1,stop_loss (-1.0%),evening,True
ADBE,VolumeSpike,2024-06-13,2024-06-14,458.74,530.25,15.588,4.4,1,max_hold 735d (+15.6%),evening,True
CMG,VolumeSpike,2024-06-13,2024-06-14,65.3052,65.3998,0.145,0.04,1,max_hold 735d (+0.1%),evening,True
ALB,52wkLow,2024-06-13,2024-06-14,104.2175,103.5119,-3.68,-1.04,1,stop_loss (-0.7%),evening,False
AEE,52wkLow,2024-06-13,2024-06-14,66.0558,65.7539,-0.457,-0.13,1,max_hold 735d (-0.5%),evening,False
APA,52wkLow,2024-06-14,2024-06-17,25.5399,25.6133,0.288,0.11,1,max_hold 734d (+0.3%),evening,False
APTV,52wkLow,2024-06-14,2024-06-17,70.3,70.48,0.256,0.1,1,max_hold 734d (+0.3%),evening,False
AMD,Pullback50,2024-06-14,2024-06-17,159.63,158.0,-1.58,-0.6,1,stop_loss (-1.0%),evening,False
LNT,Pullback50,2024-06-14,2024-06-17,46.7295,46.4858,-0.71,-0.27,1,stop_loss (-0.5%),evening,False
AMZN,Pullback50,2024-06-14,2024-06-17,183.66,182.52,-1.28,-0.48,1,stop_loss (-0.6%),evening,False
APTV,52wkLow,2024-06-17,2024-06-18,70.95,71.28,0.465,0.1,1,max_hold 731d (+0.5%),evening,False
BMY,52wkLow,2024-06-17,2024-06-18,37.1922,37.2376,0.122,0.03,1,max_hold 731d (+0.1%),evening,False
ALLE,MomReversal,2024-06-17,2024-06-18,113.6433,113.6237,-0.017,-0.0,1,max_hold 731d (-0.0%),evening,False
AOS,Pullback50,2024-06-17,2024-06-18,80.4619,80.3273,-0.167,-0.04,1,max_hold 731d (-0.2%),evening,False
AMD,Pullback50,2024-06-17,2024-06-18,158.4,156.99,-1.11,-0.24,1,stop_loss (-0.9%),evening,False
ACN,52wkLow,2024-06-18,2024-06-20,276.6236,305.0082,10.261,3.86,1,max_hold 730d (+10.3%),evening,False
BMY,52wkLow,2024-06-18,2024-06-20,37.047,36.8109,-0.52,-0.2,1,stop_loss (-0.6%),evening,False
AOS,Pullback50,2024-06-18,2024-06-20,80.9811,80.6638,-0.392,-0.15,1,max_hold 730d (-0.4%),evening,False
AES,Pullback50,2024-06-18,2024-06-20,17.0881,17.0791,-0.053,-0.02,1,max_hold 730d (-0.1%),evening,False
AME,Pullback50,2024-06-18,2024-06-20,168.7076,168.2535,-0.269,-0.1,1,max_hold 730d (-0.3%),evening,False
LNT,VolumeSpike,2024-06-20,2024-06-21,47.8078,47.9015,0.196,0.07,1,max_hold 728d (+0.2%),evening,True
CMG,VolumeSpike,2024-06-20,2024-06-21,64.2884,64.504,0.335,0.12,1,max_hold 728d (+0.3%),evening,True
CINF,VolumeSpike,2024-06-20,2024-06-21,110.8437,111.0454,0.182,0.06,1,max_hold 728d (+0.2%),evening,True
BMY,52wkLow,2024-06-20,2024-06-21,37.2558,37.4555,0.536,0.19,1,max_hold 728d (+0.5%),evening,False
CSCO,52wkLow,2024-06-20,2024-06-21,44.3373,44.6979,0.813,0.28,1,max_hold 728d (+0.8%),evening,False
AFL,VolumeSpike,2024-06-21,2024-06-24,86.0261,85.8631,-0.19,-0.02,1,max_hold 727d (-0.2%),evening,True
AKAM,VolumeSpike,2024-06-21,2024-06-24,88.92,89.03,0.124,0.01,1,max_hold 727d (+0.1%),evening,True
LNT,VolumeSpike,2024-06-21,2024-06-24,47.7703,47.8078,0.079,0.01,1,max_hold 727d (+0.1%),evening,True
GOOGL,VolumeSpike,2024-06-21,2024-06-24,178.2555,178.7815,0.295,0.03,1,max_hold 727d (+0.3%),evening,True
GOOG,VolumeSpike,2024-06-21,2024-06-24,178.8879,179.9002,0.566,0.05,1,max_hold 727d (+0.6%),evening,True
AOS,Pullback50,2024-06-24,2024-06-25,81.1831,80.7023,-0.95,-0.29,1,stop_loss (-0.6%),evening,False
AMD,Pullback50,2024-06-24,2024-06-25,160.25,160.73,0.3,0.09,1,max_hold 724d (+0.3%),evening,False
ARE,Pullback50,2024-06-24,2024-06-25,105.3367,105.0154,-0.305,-0.09,1,max_hold 724d (-0.3%),evening,False
AEP,Pullback50,2024-06-24,2024-06-25,82.3386,82.1051,-0.284,-0.09,1,max_hold 724d (-0.3%),evening,False
AIG,Pullback50,2024-06-24,2024-06-25,72.6898,72.7854,0.132,0.04,1,max_hold 724d (+0.1%),evening,False
ARES,Pullback50,2024-06-25,2024-06-26,127.1873,126.2664,-2.42,-2.31,1,stop_loss (-0.7%),evening,False
C,Pullback50,2024-06-25,2024-06-26,58.2444,57.9134,-0.85,-0.81,1,stop_loss (-0.6%),evening,False
APTV,GapDown,2024-06-26,2024-06-27,67.54,67.4,-0.207,-0.07,1,max_hold 722d (-0.2%),evening,True
ALB,MomReversal,2024-06-26,2024-06-27,96.9204,95.1807,-1.795,-0.62,1,stop_loss (-1.8%),evening,False
LNT,Pullback50,2024-06-26,2024-06-27,47.3108,47.3202,0.02,0.01,1,max_hold 722d (+0.0%),evening,False
AMCR,Pullback50,2024-06-26,2024-06-27,45.4291,45.4291,-0.0,-0.0,1,max_hold 722d (-0.0%),evening,False
AEP,Pullback50,2024-06-26,2024-06-27,81.4231,81.1242,-0.367,-0.13,1,max_hold 722d (-0.4%),evening,False
CTSH,VolumeSpike,2024-06-27,2024-06-28,65.3345,65.5274,0.295,0.1,1,max_hold 721d (+0.3%),evening,True
ALB,52wkLow,2024-06-27,2024-06-28,93.0448,93.267,0.239,0.08,1,max_hold 721d (+0.2%),evening,False
APTV,52wkLow,2024-06-27,2024-06-28,68.98,69.31,0.478,0.15,1,max_hold 721d (+0.5%),evening,False
AMD,Pullback50,2024-06-27,2024-06-28,159.47,160.23,0.477,0.15,1,max_hold 721d (+0.5%),evening,False
AEP,Pullback50,2024-06-27,2024-06-28,82.4881,82.8057,0.385,0.12,1,max_hold 721d (+0.4%),evening,False
ABBV,VolumeSpike,2024-06-28,2024-07-01,160.2857,160.0521,-0.146,-0.03,1,max_hold 720d (-0.1%),evening,True
ALLE,VolumeSpike,2024-06-28,2024-07-01,115.5206,115.9019,0.33,0.06,1,max_hold 720d (+0.3%),evening,True
APO,VolumeSpike,2024-06-28,2024-07-01,114.6632,115.6343,0.847,0.17,1,max_hold 720d (+0.8%),evening,True
AXON,VolumeSpike,2024-06-28,2024-07-01,294.24,296.56,0.788,0.15,1,max_hold 720d (+0.8%),evening,True
COF,VolumeSpike,2024-06-28,2024-07-01,134.5632,134.9034,0.253,0.05,1,max_hold 720d (+0.3%),evening,True
AXP,Pullback50,2024-07-01,2024-07-02,228.7969,228.5425,-0.111,-0.11,1,max_hold 717d (-0.1%),evening,True
ARES,Pullback50,2024-07-01,2024-07-02,127.9861,127.1027,-2.17,-2.06,1,stop_loss (-0.7%),evening,True
COF,Pullback50,2024-07-01,2024-07-02,135.7781,135.7198,-0.043,-0.04,1,max_hold 717d (-0.0%),evening,True
ALB,52wkLow,2024-07-02,2024-07-03,93.8083,94.8134,1.072,0.32,1,max_hold 716d (+1.1%),evening,True
ARE,Pullback50,2024-07-02,2024-07-03,105.6511,105.8406,0.179,0.05,1,max_hold 716d (+0.2%),evening,True
LNT,Pullback50,2024-07-02,2024-07-03,47.9109,47.8547,-0.117,-0.04,1,max_hold 716d (-0.1%),evening,True
AXP,Pullback50,2024-07-02,2024-07-03,230.9106,231.4293,0.225,0.07,1,max_hold 716d (+0.2%),evening,True
AWK,Pullback50,2024-07-02,2024-07-03,122.2874,122.4206,0.109,0.03,1,max_hold 716d (+0.1%),evening,True
ARES,Pullback50,2024-07-03,2024-07-05,130.0064,130.0064,0.0,0.0,1,max_hold 715d (+0.0%),evening,True
AXON,Pullback50,2024-07-03,2024-07-05,296.56,296.91,0.118,0.09,1,max_hold 715d (+0.1%),evening,True
BX,Pullback50,2024-07-03,2024-07-05,115.966,116.0412,0.065,0.05,1,max_hold 715d (+0.1%),evening,True
CARR,Pullback50,2024-07-03,2024-07-05,61.9655,62.0827,0.189,0.14,1,max_hold 715d (+0.2%),evening,True
CBRE,Pullback50,2024-07-03,2024-07-05,87.39,86.95,-0.96,-0.72,1,stop_loss (-0.5%),evening,True
APA,52wkLow,2024-07-05,2024-07-08,26.256,26.0724,-1.0,-0.56,1,stop_loss (-0.7%),evening,True
CF,52wkLow,2024-07-05,2024-07-08,67.0341,66.9959,-0.057,-0.03,1,max_hold 713d (-0.1%),evening,True
AEP,Pullback50,2024-07-05,2024-07-08,82.0771,82.1144,0.046,0.03,1,max_hold 713d (+0.0%),evening,True
AWK,Pullback50,2024-07-05,2024-07-08,123.7629,124.0865,0.262,0.15,1,max_hold 713d (+0.3%),evening,True
CBRE,Pullback50,2024-07-05,2024-07-08,87.21,87.27,0.069,0.04,1,max_hold 713d (+0.1%),evening,True
BXP,Pullback50,2024-07-08,2024-07-09,55.6563,55.5464,-0.198,-0.13,1,max_hold 710d (-0.2%),evening,True
CBRE,Pullback50,2024-07-08,2024-07-09,88.36,87.81,-2.7,-1.74,1,stop_loss (-0.6%),evening,True
CIEN,Pullback50,2024-07-08,2024-07-09,48.1,47.9,-0.416,-0.27,1,max_hold 710d (-0.4%),evening,True
CINF,Pullback50,2024-07-08,2024-07-09,112.0732,111.9579,-0.103,-0.07,1,max_hold 710d (-0.1%),evening,True
CFG,Pullback50,2024-07-08,2024-07-09,33.0948,33.0575,-0.113,-0.07,1,max_hold 710d (-0.1%),evening,True
ALB,52wkLow,2024-07-09,2024-07-10,87.4391,87.99,0.63,0.35,1,max_hold 709d (+0.6%),evening,True
BDX,52wkLow,2024-07-09,2024-07-10,166.6794,166.6343,-0.027,-0.02,1,max_hold 709d (-0.0%),evening,True
AIG,Pullback50,2024-07-09,2024-07-10,72.4411,72.3646,-0.106,-0.06,1,max_hold 709d (-0.1%),evening,True
AWK,Pullback50,2024-07-09,2024-07-10,124.4388,124.9338,0.398,0.22,1,max_hold 709d (+0.4%),evening,True
AMP,Pullback50,2024-07-09,2024-07-10,422.1991,424.45,0.533,0.3,1,max_hold 709d (+0.5%),evening,True
BDX,52wkLow,2024-07-10,2024-07-11,168.4857,169.02,0.317,0.11,1,max_hold 708d (+0.3%),evening,True
AOS,Pullback50,2024-07-10,2024-07-11,79.7984,80.9523,1.446,0.5,1,max_hold 708d (+1.4%),evening,True
ARE,Pullback50,2024-07-10,2024-07-11,105.5428,108.2414,2.557,0.88,1,max_hold 708d (+2.6%),evening,True
AEP,Pullback50,2024-07-10,2024-07-11,82.4414,82.8618,0.51,0.18,1,max_hold 708d (+0.5%),evening,True
AIG,Pullback50,2024-07-10,2024-07-11,72.642,72.7567,0.158,0.05,1,max_hold 708d (+0.2%),evening,True
BDX,52wkLow,2024-07-11,2024-07-12,169.291,169.7124,0.249,0.09,1,max_hold 707d (+0.2%),evening,True
APD,Pullback50,2024-07-11,2024-07-12,246.7346,249.4984,1.12,0.39,1,max_hold 707d (+1.1%),evening,True
ALLE,Pullback50,2024-07-11,2024-07-12,117.1632,117.7107,0.467,0.16,1,max_hold 707d (+0.5%),evening,True
AIG,Pullback50,2024-07-11,2024-07-12,73.5983,73.7322,0.182,0.06,1,max_hold 707d (+0.2%),evening,True
AME,Pullback50,2024-07-11,2024-07-12,167.1479,168.4411,0.774,0.27,1,max_hold 707d (+0.8%),evening,True
BDX,52wkLow,2024-07-12,2024-07-15,172.4293,172.3466,-0.048,-0.02,1,max_hold 706d (-0.0%),evening,True
APD,Pullback50,2024-07-12,2024-07-15,249.9001,248.8003,-0.44,-0.14,1,max_hold 706d (-0.4%),evening,True
ALL,Pullback50,2024-07-12,2024-07-15,157.4188,157.9573,0.342,0.11,1,max_hold 706d (+0.3%),evening,True
AMCR,Pullback50,2024-07-12,2024-07-15,45.7523,45.8446,0.202,0.07,1,max_hold 706d (+0.2%),evening,True
AIG,Pullback50,2024-07-12,2024-07-15,73.7704,73.6939,-0.104,-0.03,1,max_hold 706d (-0.1%),evening,True
AIZ,Pullback50,2024-07-15,2024-07-16,166.0573,165.4265,-0.38,-0.21,1,max_hold 703d (-0.4%),evening,True
ADP,Pullback50,2024-07-15,2024-07-16,231.2872,231.7161,0.185,0.1,1,max_hold 703d (+0.2%),evening,True
TECH,Pullback50,2024-07-15,2024-07-16,76.3665,76.7423,0.492,0.28,1,max_hold 703d (+0.5%),evening,True
SCHW,Pullback50,2024-07-15,2024-07-16,73.1039,68.3712,-6.474,-3.65,1,stop_loss (-6.5%),evening,True
CVX,Pullback50,2024-07-15,2024-07-16,145.097,144.1513,-2.8,-1.58,1,stop_loss (-0.7%),evening,True
A,Pullback50,2024-07-16,2024-07-17,134.2041,133.3164,-0.85,-0.54,1,stop_loss (-0.7%),evening,True
AVY,Pullback50,2024-07-16,2024-07-17,214.538,214.0388,-0.233,-0.15,1,max_hold 702d (-0.2%),evening,True
COR,Pullback50,2024-07-16,2024-07-17,221.7773,221.7772,-0.0,-0.0,1,max_hold 702d (-0.0%),evening,True
CVX,Pullback50,2024-07-16,2024-07-17,144.8491,145.5193,0.463,0.29,1,max_hold 702d (+0.5%),evening,True
CB,Pullback50,2024-07-16,2024-07-17,256.713,257.0565,0.134,0.09,1,max_hold 702d (+0.1%),evening,True
ABT,VolumeSpike,2024-07-17,2024-07-18,101.1018,98.8901,-2.188,-2.06,1,stop_loss (-2.2%),evening,False
AVY,Pullback50,2024-07-18,2024-07-19,214.9796,215.1812,0.094,0.09,1,max_hold 700d (+0.1%),evening,True
XYZ,VolumeSpike,2024-07-18,2024-07-19,68.0,68.01,0.015,0.01,1,max_hold 700d (+0.0%),evening,False
APTV,52wkLow,2024-07-19,2024-07-22,68.87,69.65,1.133,1.01,1,max_hold 699d (+1.1%),evening,True
APP,Pullback50,2024-07-19,2024-07-22,81.8,83.25,1.773,1.57,1,max_hold 699d (+1.8%),evening,True
AFL,VolumeSpike,2024-07-19,2024-07-22,89.1345,89.3647,0.258,0.23,1,max_hold 699d (+0.3%),evening,False
AMCR,VolumeSpike,2024-07-19,2024-07-22,46.6756,46.5371,-0.297,-0.26,1,max_hold 699d (-0.3%),evening,False
AXP,VolumeSpike,2024-07-19,2024-07-22,237.8897,238.508,0.26,0.23,1,max_hold 699d (+0.3%),evening,False
AIG,Pullback50,2024-07-22,2024-07-23,72.7567,72.7567,0.0,0.0,1,max_hold 696d (+0.0%),evening,True
AIZ,Pullback50,2024-07-22,2024-07-23,164.4075,164.6695,0.159,0.12,1,max_hold 696d (+0.2%),evening,True
AVY,Pullback50,2024-07-22,2024-07-23,215.2196,220.3558,2.386,1.78,1,max_hold 696d (+2.4%),evening,True
TECH,Pullback50,2024-07-22,2024-07-23,76.9204,77.0391,0.154,0.11,1,max_hold 696d (+0.2%),evening,True
CB,Pullback50,2024-07-22,2024-07-23,257.0663,257.5764,0.198,0.15,1,max_hold 696d (+0.2%),evening,True
AMZN,Pullback50,2024-07-23,2024-07-24,186.41,183.2,-1.722,-1.62,1,stop_loss (-1.7%),evening,True
AIG,Pullback50,2024-07-23,2024-07-24,73.5218,73.4931,-0.039,-0.04,1,max_hold 695d (-0.0%),evening,True
CB,Pullback50,2024-07-23,2024-07-24,258.2828,262.8059,1.751,1.65,1,max_hold 695d (+1.8%),evening,True
CI,Pullback50,2024-07-23,2024-07-24,323.1031,324.5448,0.446,0.42,1,max_hold 695d (+0.4%),evening,True
CSCO,52wkLow,2024-07-24,2024-07-25,44.8416,45.3393,1.11,1.04,1,max_hold 694d (+1.1%),evening,True
TECH,Pullback50,2024-07-24,2024-07-25,76.7621,76.7225,-0.052,-0.05,1,max_hold 694d (-0.1%),evening,True
COR,Pullback50,2024-07-24,2024-07-25,222.3677,222.6038,0.106,0.1,1,max_hold 694d (+0.1%),evening,True
BSX,VolumeSpike,2024-07-24,2024-07-25,77.76,78.25,0.63,0.59,1,max_hold 694d (+0.6%),evening,False
A,Pullback50,2024-07-25,2024-07-26,133.1388,134.8255,1.267,0.57,1,max_hold 693d (+1.3%),evening,True
AME,Pullback50,2024-07-25,2024-07-26,166.3582,168.4312,1.246,0.56,1,max_hold 693d (+1.2%),evening,True
CARR,Pullback50,2024-07-25,2024-07-26,63.3032,64.2504,1.496,0.67,1,max_hold 693d (+1.5%),evening,True
COR,Pullback50,2024-07-25,2024-07-26,223.4796,223.7551,0.123,0.06,1,max_hold 693d (+0.1%),evening,True
CVX,Pullback50,2024-07-25,2024-07-26,144.6379,144.8124,0.121,0.05,1,max_hold 693d (+0.1%),evening,True
AOS,Pullback50,2024-07-26,2024-07-29,81.2504,81.2504,0.0,0.0,1,max_hold 692d (+0.0%),evening,True
APD,Pullback50,2024-07-26,2024-07-29,249.5845,250.1009,0.207,0.16,1,max_hold 692d (+0.2%),evening,True
ARE,Pullback50,2024-07-26,2024-07-29,107.3298,105.985,-1.253,-0.94,1,stop_loss (-1.3%),evening,True
COR,Pullback50,2024-07-26,2024-07-29,223.9814,224.129,0.066,0.05,1,max_hold 692d (+0.1%),evening,True
CVX,Pullback50,2024-07-26,2024-07-29,144.9134,145.2898,0.26,0.2,1,max_hold 692d (+0.3%),evening,True
APD,Pullback50,2024-07-29,2024-07-30,254.1366,253.1038,-0.406,-0.39,1,max_hold 689d (-0.4%),evening,True
ABT,GapDown,2024-07-29,2024-07-30,101.1888,101.1791,-0.01,-0.01,1,max_hold 689d (-0.0%),evening,False
ARE,Pullback50,2024-07-30,2024-07-31,107.42,107.3388,-0.076,-0.07,1,max_hold 688d (-0.1%),evening,True
ADM,GapDown,2024-07-30,2024-07-31,58.2598,57.9056,-0.95,-0.86,1,stop_loss (-0.6%),evening,False
CHD,GapDown,2024-07-30,2024-07-31,97.0333,97.0821,0.05,0.05,1,max_hold 688d (+0.1%),evening,False
CMG,MomReversal,2024-07-30,2024-07-31,52.57,53.5,1.769,1.6,1,max_hold 688d (+1.8%),evening,False
ALB,52wkLow,2024-07-31,2024-08-01,90.5319,90.8508,0.352,0.08,1,max_hold 687d (+0.4%),evening,True
APTV,52wkLow,2024-07-31,2024-08-01,69.39,78.98,13.82,2.98,1,max_hold 687d (+13.8%),evening,True
AMZN,Pullback50,2024-07-31,2024-08-01,186.98,189.29,1.235,0.27,1,max_hold 687d (+1.2%),evening,True
ADI,Pullback50,2024-07-31,2024-08-01,224.4589,221.2576,-1.426,-0.31,1,stop_loss (-1.4%),evening,True
COHR,Pullback50,2024-07-31,2024-08-01,69.68,69.25,-1.08,-0.23,1,stop_loss (-0.6%),evening,True
ALB,52wkLow,2024-08-01,2024-08-02,90.0486,85.8153,-4.701,-1.95,1,stop_loss (-4.7%),evening,True
AMZN,VolumeSpike,2024-08-01,2024-08-02,184.07,166.75,-9.409,-3.89,1,stop_loss (-9.4%),evening,True
AIG,VolumeSpike,2024-08-01,2024-08-02,71.6378,70.7676,-1.215,-0.5,1,stop_loss (-1.2%),evening,True
APA,VolumeSpike,2024-08-01,2024-08-02,28.7573,28.3965,-1.255,-0.52,1,stop_loss (-1.3%),evening,True
BDX,VolumeSpike,2024-08-01,2024-08-02,177.6223,178.3674,0.419,0.17,1,max_hold 686d (+0.4%),evening,True
ALB,52wkLow,2024-08-02,2024-08-05,84.0756,77.6098,-7.691,-1.82,1,stop_loss (-7.7%),evening,True
APA,52wkLow,2024-08-02,2024-08-05,26.4534,25.6114,-3.183,-0.75,1,stop_loss (-3.2%),evening,True
APTV,52wkLow,2024-08-02,2024-08-05,69.63,67.0,-3.777,-0.89,1,stop_loss (-3.8%),evening,True
BA,52wkLow,2024-08-02,2024-08-05,169.95,162.52,-4.372,-1.03,1,stop_loss (-4.4%),evening,True
CSCO,52wkLow,2024-08-02,2024-08-05,44.6597,44.5544,-0.236,-0.06,1,max_hold 685d (-0.2%),evening,True
AKAM,52wkLow,2024-08-05,2024-08-06,91.32,91.98,0.723,0.06,1,max_hold 682d (+0.7%),evening,True
ALB,52wkLow,2024-08-05,2024-08-06,80.7219,81.2342,0.635,0.06,1,max_hold 682d (+0.6%),evening,True
APA,52wkLow,2024-08-05,2024-08-06,25.5281,25.4079,-0.471,-0.04,1,max_hold 682d (-0.5%),evening,True
APTV,52wkLow,2024-08-05,2024-08-06,69.12,68.8,-0.463,-0.04,1,max_hold 682d (-0.5%),evening,True
BA,52wkLow,2024-08-05,2024-08-06,167.03,168.89,1.114,0.1,1,max_hold 682d (+1.1%),evening,True
AKAM,52wkLow,2024-08-06,2024-08-07,92.32,93.28,1.04,0.27,1,max_hold 681d (+1.0%),evening,True
APTV,52wkLow,2024-08-06,2024-08-07,69.05,71.17,3.07,0.8,1,max_hold 681d (+3.1%),evening,True
CVX,52wkLow,2024-08-06,2024-08-07,131.4999,132.7393,0.943,0.25,1,max_hold 681d (+0.9%),evening,True
BR,VolumeSpike,2024-08-06,2024-08-07,210.8545,211.2018,0.165,0.04,1,max_hold 681d (+0.2%),evening,True
BLDR,GapDown,2024-08-06,2024-08-07,155.73,159.37,2.337,0.61,1,max_hold 681d (+2.3%),evening,False
CNP,52wkLow,2024-08-07,2024-08-08,24.3987,25.284,3.629,3.38,1,max_hold 680d (+3.6%),evening,True
CRL,GapDown,2024-08-07,2024-08-08,199.96,191.5,-4.231,-3.94,1,stop_loss (-4.2%),evening,False
AKAM,52wkLow,2024-08-08,2024-08-09,91.57,98.01,7.033,1.96,1,max_hold 679d (+7.0%),evening,True
CNP,52wkLow,2024-08-08,2024-08-09,25.0175,25.027,0.038,0.01,1,max_hold 679d (+0.0%),evening,True
APP,VolumeSpike,2024-08-08,2024-08-09,76.73,76.5,-0.3,-0.08,1,max_hold 679d (-0.3%),evening,True
CF,VolumeSpike,2024-08-08,2024-08-09,76.0083,76.1421,0.176,0.05,1,max_hold 679d (+0.2%),evening,True
CRL,GapDown,2024-08-08,2024-08-09,201.93,203.77,0.911,0.25,1,max_hold 679d (+0.9%),evening,False
AXP,Pullback50,2024-08-09,2024-08-12,233.4436,233.7871,0.147,0.11,1,max_hold 678d (+0.1%),evening,False
AAPL,Pullback50,2024-08-09,2024-08-12,214.3829,214.4623,0.037,0.03,1,max_hold 678d (+0.0%),evening,False
ACGL,Pullback50,2024-08-09,2024-08-12,93.9393,93.5969,-0.364,-0.27,1,max_hold 678d (-0.4%),evening,False
BSX,Pullback50,2024-08-09,2024-08-12,76.19,75.96,-0.302,-0.23,1,max_hold 678d (-0.3%),evening,False
CARR,Pullback50,2024-08-09,2024-08-12,62.8638,62.9126,0.078,0.06,1,max_hold 678d (+0.1%),evening,False
ALB,52wkLow,2024-08-12,2024-08-13,73.4538,74.3237,1.184,1.11,1,max_hold 675d (+1.2%),evening,True
ALB,52wkLow,2024-08-13,2024-08-14,74.633,74.4203,-0.285,-0.18,1,max_hold 674d (-0.3%),evening,True
CNP,52wkLow,2024-08-13,2024-08-14,24.6367,24.5034,-0.65,-0.42,1,stop_loss (-0.5%),evening,True
CMG,GapDown,2024-08-13,2024-08-14,51.68,52.02,0.658,0.42,1,max_hold 674d (+0.7%),evening,False
APP,Pullback50,2024-08-13,2024-08-14,79.79,80.14,0.439,0.28,1,max_hold 674d (+0.4%),evening,False
AVGO,Pullback50,2024-08-13,2024-08-14,153.52,155.3485,1.191,0.76,1,max_hold 674d (+1.2%),evening,False
ALB,52wkLow,2024-08-14,2024-08-15,70.4094,71.6658,1.784,1.69,1,max_hold 673d (+1.8%),evening,True
CSCO,52wkLow,2024-08-14,2024-08-15,43.492,46.6601,7.284,6.89,1,max_hold 673d (+7.3%),evening,True
TECH,MomReversal,2024-08-14,2024-08-15,71.9552,72.8058,1.182,1.12,1,max_hold 673d (+1.2%),evening,False
BSX,Pullback50,2024-08-14,2024-08-15,76.42,76.75,0.432,0.41,1,max_hold 673d (+0.4%),evening,False
APTV,52wkLow,2024-08-15,2024-08-16,68.69,68.61,-0.116,-0.11,1,max_hold 672d (-0.1%),evening,True
APH,Pullback50,2024-08-15,2024-08-16,65.1028,64.9352,-0.257,-0.25,1,max_hold 672d (-0.3%),evening,False
ALB,RSIRecovery,2024-08-15,2024-08-16,76.4886,76.305,-0.24,-0.24,1,max_hold 672d (-0.2%),evening,False
CCL,RSIRecovery,2024-08-15,2024-08-16,15.5722,15.4832,-1.54,-1.52,1,stop_loss (-0.6%),evening,False
CNP,52wkLow,2024-08-16,2024-08-19,24.743,24.7334,-0.039,-0.02,1,max_hold 671d (-0.0%),evening,True
AVB,VolumeSpike,2024-08-16,2024-08-19,202.3059,202.9921,0.339,0.19,1,max_hold 671d (+0.3%),evening,True
AMCR,GapDown,2024-08-16,2024-08-19,48.2453,48.3377,0.191,0.11,1,max_hold 671d (+0.2%),evening,False
AMAT,GapDown,2024-08-16,2024-08-19,204.4543,203.5692,-0.433,-0.25,1,max_hold 671d (-0.4%),evening,False
BBY,Pullback50,2024-08-16,2024-08-19,77.0586,76.8598,-0.258,-0.15,1,max_hold 671d (-0.3%),evening,False
AIG,Pullback50,2024-08-19,2024-08-20,71.1788,71.0067,-0.242,-0.18,1,max_hold 668d (-0.2%),evening,False
APH,Pullback50,2024-08-19,2024-08-20,65.3985,65.5168,0.181,0.14,1,max_hold 668d (+0.2%),evening,False
ADI,Pullback50,2024-08-19,2024-08-20,219.1913,217.2608,-1.16,-0.88,1,stop_loss (-0.9%),evening,False
BBY,Pullback50,2024-08-19,2024-08-20,76.8779,76.5162,-0.47,-0.36,1,max_hold 668d (-0.5%),evening,False
TECH,Pullback50,2024-08-19,2024-08-20,74.2504,74.2505,0.0,0.0,1,max_hold 668d (+0.0%),evening,False
AES,Pullback50,2024-08-21,2024-08-22,16.0819,16.0728,-0.057,-0.05,1,max_hold 666d (-0.1%),evening,False
AIG,Pullback50,2024-08-21,2024-08-22,71.1023,71.2457,0.202,0.19,1,max_hold 666d (+0.2%),evening,False
CASY,Pullback50,2024-08-21,2024-08-22,375.5854,375.8832,0.079,0.08,1,max_hold 666d (+0.1%),evening,False
CHD,Pullback50,2024-08-21,2024-08-22,100.1954,100.949,0.752,0.72,1,max_hold 666d (+0.8%),evening,False
AES,Pullback50,2024-08-22,2024-08-23,16.1729,16.2639,0.563,0.43,1,max_hold 665d (+0.6%),evening,False
ARE,Pullback50,2024-08-22,2024-08-23,106.8244,107.2666,0.414,0.32,1,max_hold 665d (+0.4%),evening,False
AIG,Pullback50,2024-08-22,2024-08-23,71.4944,72.1064,0.856,0.65,1,max_hold 665d (+0.9%),evening,False
AVY,Pullback50,2024-08-22,2024-08-23,207.549,208.0194,0.227,0.17,1,max_hold 665d (+0.2%),evening,False
BKR,Pullback50,2024-08-22,2024-08-23,33.4688,33.8168,1.04,0.79,1,max_hold 665d (+1.0%),evening,False
AOS,Pullback50,2024-08-23,2024-08-26,79.6641,80.0694,0.509,0.39,1,max_hold 664d (+0.5%),evening,False
ADI,Pullback50,2024-08-23,2024-08-26,221.5583,221.0247,-0.241,-0.18,1,max_hold 664d (-0.2%),evening,False
BAC,Pullback50,2024-08-23,2024-08-26,37.9911,38.2108,0.578,0.44,1,max_hold 664d (+0.6%),evening,False
BKNG,Pullback50,2024-08-23,2024-08-26,150.7663,151.2158,0.298,0.23,1,max_hold 664d (+0.3%),evening,False
CCL,Pullback50,2024-08-23,2024-08-26,16.4329,16.423,-0.06,-0.05,1,max_hold 664d (-0.1%),evening,False
CASY,Pullback50,2024-08-26,2024-08-27,372.6769,371.9324,-0.2,-0.19,1,max_hold 661d (-0.2%),evening,False
ANET,Pullback50,2024-08-27,2024-08-28,86.405,86.355,-0.058,-0.06,1,max_hold 660d (-0.1%),evening,False
AVGO,Pullback50,2024-08-27,2024-08-28,158.6615,157.3737,-1.52,-1.47,1,stop_loss (-0.8%),evening,False
CMG,Pullback50,2024-08-27,2024-08-28,56.14,56.57,0.766,0.74,1,max_hold 660d (+0.8%),evening,False
BBY,VolumeSpike,2024-08-28,2024-08-29,79.3639,92.7976,16.927,15.53,1,max_hold 659d (+16.9%),evening,True
AIG,Pullback50,2024-08-28,2024-08-29,72.2212,72.5655,0.477,0.44,1,max_hold 659d (+0.5%),evening,False
BKR,Pullback50,2024-08-28,2024-08-29,33.7974,34.1261,0.973,0.89,1,max_hold 659d (+1.0%),evening,False
BAC,Pullback50,2024-08-28,2024-08-29,38.163,38.2585,0.25,0.23,1,max_hold 659d (+0.3%),evening,False
C,Pullback50,2024-08-28,2024-08-29,58.8049,59.2155,0.698,0.64,1,max_hold 659d (+0.7%),evening,False
BF-B,VolumeSpike,2024-08-29,2024-08-30,42.8891,43.0967,0.484,0.48,1,max_hold 658d (+0.5%),evening,True
ANET,Pullback50,2024-08-29,2024-08-30,86.6475,87.75,1.272,1.27,1,max_hold 658d (+1.3%),evening,False
BAC,Pullback50,2024-08-29,2024-08-30,38.3732,38.3732,0.0,0.0,1,max_hold 658d (+0.0%),evening,False
TECH,Pullback50,2024-08-29,2024-08-30,73.7851,74.0326,0.335,0.33,1,max_hold 658d (+0.3%),evening,False
AFL,VolumeSpike,2024-08-30,2024-09-03,106.3829,106.2962,-0.082,-0.04,1,max_hold 657d (-0.1%),evening,True
AWK,VolumeSpike,2024-08-30,2024-09-03,136.978,136.7196,-0.189,-0.1,1,max_hold 657d (-0.2%),evening,True
ACGL,VolumeSpike,2024-08-30,2024-09-03,107.5371,107.5371,-0.0,-0.0,1,max_hold 657d (-0.0%),evening,True
BSX,VolumeSpike,2024-08-30,2024-09-03,81.79,81.7,-0.11,-0.06,1,max_hold 657d (-0.1%),evening,True
APO,Pullback50,2024-08-30,2024-09-03,112.8622,111.4286,-1.27,-0.67,1,stop_loss (-1.3%),evening,False
CME,GapDown,2024-09-03,2024-09-04,195.8487,196.954,0.564,0.45,1,max_hold 653d (+0.6%),evening,True
AEE,VolumeSpike,2024-09-03,2024-09-04,78.5876,78.9839,0.504,0.4,1,max_hold 653d (+0.5%),evening,True
T,VolumeSpike,2024-09-03,2024-09-04,18.8848,18.9403,0.294,0.23,1,max_hold 653d (+0.3%),evening,True
BDX,VolumeSpike,2024-09-03,2024-09-04,182.2659,182.1154,-0.083,-0.07,1,max_hold 653d (-0.1%),evening,True
APA,52wkLow,2024-09-03,2024-09-04,24.7417,24.6399,-0.411,-0.33,1,max_hold 653d (-0.4%),evening,False
APH,GapDown,2024-09-04,2024-09-05,60.4209,60.1252,-0.489,-0.29,1,max_hold 652d (-0.5%),evening,True
T,VolumeSpike,2024-09-04,2024-09-05,19.0142,19.1436,0.681,0.41,1,max_hold 652d (+0.7%),evening,True
APA,52wkLow,2024-09-04,2024-09-05,23.9552,24.3345,1.584,0.95,1,max_hold 652d (+1.6%),evening,False
BA,52wkLow,2024-09-04,2024-09-05,163.22,164.15,0.57,0.34,1,max_hold 652d (+0.6%),evening,False
CVX,52wkLow,2024-09-04,2024-09-05,131.8947,132.9159,0.774,0.46,1,max_hold 652d (+0.8%),evening,False
CASY,VolumeSpike,2024-09-05,2024-09-06,377.948,377.4517,-0.131,-0.07,1,max_hold 651d (-0.1%),evening,True
COR,VolumeSpike,2024-09-05,2024-09-06,232.965,233.0833,0.051,0.03,1,max_hold 651d (+0.1%),evening,True
CI,VolumeSpike,2024-09-05,2024-09-06,342.6289,344.8866,0.659,0.35,1,max_hold 651d (+0.7%),evening,True
CMS,VolumeSpike,2024-09-05,2024-09-06,64.7875,64.9582,0.264,0.14,1,max_hold 651d (+0.3%),evening,True
KO,VolumeSpike,2024-09-05,2024-09-06,67.2434,67.0733,-0.253,-0.13,1,max_hold 651d (-0.3%),evening,True
AVB,VolumeSpike,2024-09-06,2024-09-09,210.1928,211.1329,0.447,0.45,1,max_hold 650d (+0.4%),evening,True
CVX,52wkLow,2024-09-06,2024-09-09,128.6361,128.7104,0.058,0.06,1,max_hold 650d (+0.1%),evening,False
ATO,VolumeSpike,2024-09-09,2024-09-10,128.6486,129.0813,0.336,0.18,1,max_hold 647d (+0.3%),evening,True
APA,52wkLow,2024-09-09,2024-09-10,23.0577,22.9744,-0.361,-0.19,1,max_hold 647d (-0.4%),evening,False
BIIB,52wkLow,2024-09-09,2024-09-10,199.27,199.49,0.11,0.06,1,max_hold 647d (+0.1%),evening,False
BA,52wkLow,2024-09-09,2024-09-10,162.91,162.61,-0.184,-0.1,1,max_hold 647d (-0.2%),evening,False
CVX,52wkLow,2024-09-09,2024-09-10,130.2515,130.8085,0.428,0.23,1,max_hold 647d (+0.4%),evening,False
ATO,VolumeSpike,2024-09-10,2024-09-11,130.9562,130.4755,-0.367,-0.22,1,max_hold 646d (-0.4%),evening,True
APA,52wkLow,2024-09-10,2024-09-11,22.0676,22.1602,0.419,0.25,1,max_hold 646d (+0.4%),evening,False
CVX,52wkLow,2024-09-10,2024-09-11,128.3297,128.3112,-0.014,-0.01,1,max_hold 646d (-0.0%),evening,False
AES,MomReversal,2024-09-10,2024-09-11,14.9624,15.2718,2.068,1.24,1,max_hold 646d (+2.1%),evening,False
AMZN,Pullback50,2024-09-10,2024-09-11,179.55,180.1,0.306,0.18,1,max_hold 646d (+0.3%),evening,False
COIN,GapDown,2024-09-11,2024-09-12,157.15,158.61,0.929,0.26,1,max_hold 645d (+0.9%),evening,True
APA,52wkLow,2024-09-11,2024-09-12,21.8456,22.0399,0.889,0.25,1,max_hold 645d (+0.9%),evening,False
APTV,52wkLow,2024-09-11,2024-09-12,65.47,65.4,-0.107,-0.03,1,max_hold 645d (-0.1%),evening,False
CVX,52wkLow,2024-09-11,2024-09-12,128.0048,128.3297,0.254,0.07,1,max_hold 645d (+0.3%),evening,False
AMAT,MomReversal,2024-09-11,2024-09-12,183.2087,181.6519,-2.62,-0.74,1,stop_loss (-0.8%),evening,False
ADBE,VolumeSpike,2024-09-12,2024-09-13,586.55,532.57,-9.203,-2.95,1,stop_loss (-9.2%),evening,True
APTV,52wkLow,2024-09-12,2024-09-13,67.0,68.63,2.433,0.78,1,max_hold 644d (+2.4%),evening,False
BIIB,52wkLow,2024-09-12,2024-09-13,197.89,197.66,-0.116,-0.04,1,max_hold 644d (-0.1%),evening,False
GOOGL,MomReversal,2024-09-12,2024-09-13,153.7101,154.4454,0.478,0.15,1,max_hold 644d (+0.5%),evening,False
GOOG,MomReversal,2024-09-12,2024-09-13,154.5593,155.3761,0.528,0.17,1,max_hold 644d (+0.5%),evening,False
ADBE,GapDown,2024-09-13,2024-09-16,536.87,537.4,0.099,0.05,1,max_hold 643d (+0.1%),evening,True
BA,VolumeSpike,2024-09-13,2024-09-16,156.77,156.25,-0.332,-0.16,1,max_hold 643d (-0.3%),evening,True
BIIB,52wkLow,2024-09-13,2024-09-16,195.63,197.26,0.833,0.4,1,max_hold 643d (+0.8%),evening,False
SCHW,MomReversal,2024-09-13,2024-09-16,60.735,61.6051,1.433,0.69,1,max_hold 643d (+1.4%),evening,False
A,Pullback50,2024-09-13,2024-09-16,135.437,136.3938,0.706,0.34,1,max_hold 643d (+0.7%),evening,False
BIIB,52wkLow,2024-09-16,2024-09-17,199.58,199.83,0.125,0.09,1,max_hold 640d (+0.1%),evening,False
BA,52wkLow,2024-09-16,2024-09-17,155.55,156.17,0.399,0.27,1,max_hold 640d (+0.4%),evening,False
ADI,Pullback50,2024-09-16,2024-09-17,217.453,221.5045,1.863,1.28,1,max_hold 640d (+1.9%),evening,False
COF,Pullback50,2024-09-16,2024-09-17,137.6055,137.5859,-0.014,-0.01,1,max_hold 640d (-0.0%),evening,False
CHTR,Pullback50,2024-09-16,2024-09-17,343.37,344.56,0.347,0.24,1,max_hold 640d (+0.3%),evening,False
BIIB,52wkLow,2024-09-17,2024-09-18,198.21,198.13,-0.04,-0.03,1,max_hold 639d (-0.0%),evening,False
AOS,Pullback50,2024-09-17,2024-09-18,79.5965,80.0115,0.521,0.36,1,max_hold 639d (+0.5%),evening,False
AIG,Pullback50,2024-09-17,2024-09-18,70.7723,70.878,0.149,0.1,1,max_hold 639d (+0.1%),evening,False
APH,Pullback50,2024-09-17,2024-09-18,63.2372,64.0575,1.297,0.89,1,max_hold 639d (+1.3%),evening,False
BKR,Pullback50,2024-09-17,2024-09-18,33.5751,33.5461,-0.086,-0.06,1,max_hold 639d (-0.1%),evening,False
BRO,VolumeSpike,2024-09-18,2024-09-19,101.1801,101.338,0.156,0.15,1,max_hold 638d (+0.2%),evening,True
AAPL,Pullback50,2024-09-18,2024-09-19,219.0479,223.316,1.948,1.89,1,max_hold 638d (+1.9%),evening,False
CHTR,Pullback50,2024-09-18,2024-09-19,339.64,341.13,0.439,0.42,1,max_hold 638d (+0.4%),evening,False
CFG,Pullback50,2024-09-18,2024-09-19,38.2799,39.1917,2.382,2.3,1,max_hold 638d (+2.4%),evening,False
ALLE,VolumeSpike,2024-09-19,2024-09-20,140.5508,140.0309,-0.37,-0.26,1,max_hold 637d (-0.4%),evening,True
ADM,VolumeSpike,2024-09-19,2024-09-20,58.7107,58.5133,-0.336,-0.23,1,max_hold 637d (-0.3%),evening,True
BRO,VolumeSpike,2024-09-19,2024-09-20,100.1338,99.9858,-0.148,-0.1,1,max_hold 637d (-0.1%),evening,True
BG,VolumeSpike,2024-09-19,2024-09-20,95.1208,94.9028,-0.229,-0.16,1,max_hold 637d (-0.2%),evening,True
BA,52wkLow,2024-09-19,2024-09-20,154.59,154.01,-0.375,-0.26,1,max_hold 637d (-0.4%),evening,False
MMM,VolumeSpike,2024-09-20,2024-09-23,130.3113,130.2436,-0.052,-0.0,1,max_hold 636d (-0.1%),evening,True
AOS,VolumeSpike,2024-09-20,2024-09-23,80.0019,80.3976,0.495,0.04,1,max_hold 636d (+0.5%),evening,True
ABBV,VolumeSpike,2024-09-20,2024-09-23,182.4589,182.6758,0.119,0.01,1,max_hold 636d (+0.1%),evening,True
AES,VolumeSpike,2024-09-20,2024-09-23,17.2013,17.2286,0.159,0.01,1,max_hold 636d (+0.2%),evening,True
AFL,VolumeSpike,2024-09-20,2024-09-23,104.0309,104.3297,0.287,0.02,1,max_hold 636d (+0.3%),evening,True
BA,52wkLow,2024-09-23,2024-09-24,156.3,155.8,-0.32,-0.16,1,max_hold 633d (-0.3%),evening,False
BIIB,MomReversal,2024-09-23,2024-09-24,195.81,199.99,2.135,1.04,1,max_hold 633d (+2.1%),evening,False
AIG,Pullback50,2024-09-23,2024-09-24,71.4454,71.003,-2.77,-1.35,1,stop_loss (-0.6%),evening,False
AJG,Pullback50,2024-09-23,2024-09-24,277.2562,277.2562,0.0,0.0,1,max_hold 633d (+0.0%),evening,False
AVY,Pullback50,2024-09-23,2024-09-24,207.901,208.2769,0.181,0.09,1,max_hold 633d (+0.2%),evening,False
AZO,GapDown,2024-09-24,2024-09-25,3043.97,3077.8899,1.114,1.14,1,max_hold 632d (+1.1%),evening,True
BDX,Pullback50,2024-09-24,2024-09-25,179.0609,178.751,-0.173,-0.18,1,max_hold 632d (-0.2%),evening,False
BR,Pullback50,2024-09-24,2024-09-25,203.9665,204.8385,0.427,0.44,1,max_hold 632d (+0.4%),evening,False
BIIB,52wkLow,2024-09-25,2024-09-26,189.07,191.17,1.111,1.14,1,max_hold 631d (+1.1%),evening,False
AZO,Pullback50,2024-09-25,2024-09-26,3108.97,3095.9199,-0.42,-0.43,1,max_hold 631d (-0.4%),evening,False
APA,52wkLow,2024-09-26,2024-09-27,21.4199,21.716,1.382,0.56,1,max_hold 630d (+1.4%),evening,False
BA,52wkLow,2024-09-26,2024-09-27,154.58,155.37,0.511,0.21,1,max_hold 630d (+0.5%),evening,False
ABBV,Pullback50,2024-09-26,2024-09-27,180.9783,181.6384,0.365,0.15,1,max_hold 630d (+0.4%),evening,False
AIG,Pullback50,2024-09-26,2024-09-27,70.3107,70.4165,0.15,0.06,1,max_hold 630d (+0.2%),evening,False
BAC,Pullback50,2024-09-26,2024-09-27,37.9984,38.1234,0.329,0.13,1,max_hold 630d (+0.3%),evening,False
GOOGL,Pullback50,2024-09-27,2024-09-30,162.9114,162.2854,-0.384,-0.24,1,max_hold 629d (-0.4%),evening,False
GOOG,Pullback50,2024-09-27,2024-09-30,164.2478,163.741,-0.309,-0.19,1,max_hold 629d (-0.3%),evening,False
AIG,Pullback50,2024-09-27,2024-09-30,70.5222,70.4934,-0.041,-0.03,1,max_hold 629d (-0.0%),evening,False
CPB,Pullback50,2024-09-27,2024-09-30,45.3758,45.4401,0.142,0.09,1,max_hold 629d (+0.1%),evening,False
CNC,Pullback50,2024-09-27,2024-09-30,74.58,74.82,0.322,0.2,1,max_hold 629d (+0.3%),evening,False
APTV,GapDown,2024-09-30,2024-10-01,72.01,71.72,-0.403,-0.33,1,max_hold 626d (-0.4%),evening,True
AKAM,VolumeSpike,2024-09-30,2024-10-01,100.95,100.58,-0.367,-0.3,1,max_hold 626d (-0.4%),evening,True
BAC,Pullback50,2024-09-30,2024-10-01,38.1522,37.9888,-0.428,-0.35,1,max_hold 626d (-0.4%),evening,False
CASY,Pullback50,2024-09-30,2024-10-01,372.9549,373.8681,0.245,0.2,1,max_hold 626d (+0.2%),evening,False
CNC,Pullback50,2024-09-30,2024-10-01,75.28,75.28,0.0,0.0,1,max_hold 626d (+0.0%),evening,False
BIIB,52wkLow,2024-10-01,2024-10-02,190.8,190.08,-0.377,-0.26,1,max_hold 625d (-0.4%),evening,False
BA,52wkLow,2024-10-01,2024-10-02,154.22,153.76,-0.298,-0.21,1,max_hold 625d (-0.3%),evening,False
AJG,Pullback50,2024-10-01,2024-10-02,281.4539,280.3923,-0.377,-0.26,1,max_hold 625d (-0.4%),evening,False
CASY,Pullback50,2024-10-01,2024-10-02,374.702,374.5928,-0.029,-0.02,1,max_hold 625d (-0.0%),evening,False
CI,Pullback50,2024-10-01,2024-10-02,335.8463,336.2032,0.106,0.07,1,max_hold 625d (+0.1%),evening,False
BIIB,MomReversal,2024-10-02,2024-10-03,188.74,187.21,-0.77,-0.79,1,stop_loss (-0.8%),evening,False
AJG,Pullback50,2024-10-02,2024-10-03,281.0706,281.9848,0.325,0.33,1,max_hold 624d (+0.3%),evening,False
BIIB,52wkLow,2024-10-03,2024-10-04,184.78,186.68,1.028,1.05,1,max_hold 623d (+1.0%),evening,False
BAC,Pullback50,2024-10-03,2024-10-04,37.7388,38.3926,1.732,1.77,1,max_hold 623d (+1.7%),evening,False
ABT,Pullback50,2024-10-04,2024-10-07,108.7897,108.4614,-0.302,-0.16,1,max_hold 622d (-0.3%),evening,False
AJG,Pullback50,2024-10-04,2024-10-07,284.7178,284.0788,-0.224,-0.12,1,max_hold 622d (-0.2%),evening,False
AVB,Pullback50,2024-10-04,2024-10-07,209.3477,208.1068,-0.76,-0.41,1,stop_loss (-0.6%),evening,False
AVY,Pullback50,2024-10-04,2024-10-07,206.8407,206.0503,-0.382,-0.21,1,max_hold 622d (-0.4%),evening,False
BDX,Pullback50,2024-10-04,2024-10-07,180.0206,180.0206,-0.0,-0.0,1,max_hold 622d (-0.0%),evening,False
ABT,Pullback50,2024-10-07,2024-10-08,109.4851,109.8618,0.344,0.35,1,max_hold 619d (+0.3%),evening,False
AVY,Pullback50,2024-10-07,2024-10-08,206.2334,205.3081,-0.449,-0.46,1,max_hold 619d (-0.4%),evening,False
CASY,Pullback50,2024-10-07,2024-10-08,369.689,370.9001,0.328,0.34,1,max_hold 619d (+0.3%),evening,False
ALB,GapDown,2024-10-08,2024-10-09,97.3465,99.2205,1.925,0.73,1,max_hold 618d (+1.9%),evening,True
ALL,Pullback50,2024-10-08,2024-10-09,176.7272,175.9251,-0.454,-0.17,1,max_hold 618d (-0.5%),evening,False
APH,Pullback50,2024-10-08,2024-10-09,63.5732,63.5732,0.0,0.0,1,max_hold 618d (+0.0%),evening,False
AIZ,Pullback50,2024-10-08,2024-10-09,184.6591,184.6104,-0.026,-0.01,1,max_hold 618d (-0.0%),evening,False
AZO,Pullback50,2024-10-08,2024-10-09,3102.0901,3088.0601,-0.452,-0.17,1,max_hold 618d (-0.5%),evening,False
BA,52wkLow,2024-10-09,2024-10-10,149.37,149.07,-0.201,-0.08,1,max_hold 617d (-0.2%),evening,False
ABBV,Pullback50,2024-10-09,2024-10-10,183.666,183.468,-0.108,-0.04,1,max_hold 617d (-0.1%),evening,False
ALL,Pullback50,2024-10-09,2024-10-10,178.6987,185.3185,3.705,1.51,1,max_hold 617d (+3.7%),evening,False
AIZ,Pullback50,2024-10-09,2024-10-10,185.6234,187.5519,1.039,0.42,1,max_hold 617d (+1.0%),evening,False
AZO,Pullback50,2024-10-09,2024-10-10,3146.0701,3156.4399,0.33,0.13,1,max_hold 617d (+0.3%),evening,False
CRL,MomReversal,2024-10-10,2024-10-11,191.43,191.29,-0.073,-0.05,1,max_hold 616d (-0.1%),evening,False
GOOGL,Pullback50,2024-10-10,2024-10-11,161.0533,161.1029,0.031,0.02,1,max_hold 616d (+0.0%),evening,False
GOOG,Pullback50,2024-10-10,2024-10-11,162.1511,162.3002,0.092,0.06,1,max_hold 616d (+0.1%),evening,False
AVY,Pullback50,2024-10-10,2024-10-11,207.3033,207.525,0.107,0.07,1,max_hold 616d (+0.1%),evening,False
CI,Pullback50,2024-10-10,2024-10-11,338.1715,339.0109,0.248,0.15,1,max_hold 616d (+0.2%),evening,False
AOS,GapDown,2024-10-11,2024-10-14,78.0523,78.2067,0.198,0.1,1,max_hold 615d (+0.2%),evening,True
BA,52wkLow,2024-10-11,2024-10-14,151.02,148.0,-2.0,-0.98,1,stop_loss (-2.0%),evening,False
AMGN,Pullback50,2024-10-11,2024-10-14,310.9571,308.3433,-0.85,-0.42,1,stop_loss (-0.8%),evening,False
AJG,Pullback50,2024-10-11,2024-10-14,283.0367,283.7445,0.25,0.12,1,max_hold 615d (+0.3%),evening,False
AZO,Pullback50,2024-10-11,2024-10-14,3129.78,3075.1499,-1.745,-0.86,1,stop_loss (-1.7%),evening,False
APP,GapDown,2024-10-14,2024-10-15,145.3,144.63,-0.461,-0.25,1,max_hold 612d (-0.5%),evening,True
ABBV,Pullback50,2024-10-14,2024-10-15,184.5148,185.1137,0.325,0.18,1,max_hold 612d (+0.3%),evening,False
AJG,Pullback50,2024-10-14,2024-10-15,284.8062,285.7795,0.342,0.19,1,max_hold 612d (+0.3%),evening,False
AZO,Pullback50,2024-10-14,2024-10-15,3153.04,3127.0,-1.21,-0.66,1,stop_loss (-0.8%),evening,False
AVB,Pullback50,2024-10-14,2024-10-15,209.9254,211.1094,0.564,0.31,1,max_hold 612d (+0.6%),evening,False
BA,52wkLow,2024-10-15,2024-10-16,152.35,151.91,-0.289,-0.2,1,max_hold 611d (-0.3%),evening,False
AEP,Pullback50,2024-10-15,2024-10-16,93.9436,94.3584,0.441,0.31,1,max_hold 611d (+0.4%),evening,False
COR,Pullback50,2024-10-15,2024-10-16,229.8882,228.3203,-1.08,-0.76,1,stop_loss (-0.7%),evening,False
CI,Pullback50,2024-10-15,2024-10-16,336.5699,336.5699,0.0,0.0,1,max_hold 611d (+0.0%),evening,False
AMT,RSIRecovery,2024-10-15,2024-10-16,215.4692,214.3704,-0.53,-0.37,1,stop_loss (-0.5%),evening,False
AES,Pullback50,2024-10-16,2024-10-17,16.2821,16.2821,0.0,0.0,1,max_hold 610d (+0.0%),evening,False
AWK,Pullback50,2024-10-16,2024-10-17,136.4611,136.174,-0.21,-0.11,1,max_hold 610d (-0.2%),evening,False
AJG,Pullback50,2024-10-16,2024-10-17,284.6194,286.5758,0.687,0.37,1,max_hold 610d (+0.7%),evening,False
AZO,Pullback50,2024-10-16,2024-10-17,3128.6399,3120.0,-0.276,-0.15,1,max_hold 610d (-0.3%),evening,False
CPT,Pullback50,2024-10-16,2024-10-17,114.1055,113.7656,-0.298,-0.16,1,max_hold 610d (-0.3%),evening,False
CNC,52wkLow,2024-10-17,2024-10-18,63.0,63.14,0.222,0.23,1,max_hold 609d (+0.2%),evening,False
AZO,Pullback50,2024-10-17,2024-10-18,3158.0,3180.46,0.711,0.73,1,max_hold 609d (+0.7%),evening,False
CI,Pullback50,2024-10-17,2024-10-18,340.6993,341.1141,0.122,0.12,1,max_hold 609d (+0.1%),evening,False
COHR,GapDown,2024-10-18,2024-10-21,98.23,98.14,-0.092,-0.06,1,max_hold 608d (-0.1%),evening,True
AMT,Pullback50,2024-10-18,2024-10-21,212.5296,211.3932,-1.51,-0.93,1,stop_loss (-0.5%),evening,False
AWK,Pullback50,2024-10-18,2024-10-21,135.8678,135.8486,-0.014,-0.01,1,max_hold 608d (-0.0%),evening,False
CPT,Pullback50,2024-10-18,2024-10-21,114.0017,113.539,-0.406,-0.25,1,max_hold 608d (-0.4%),evening,False
KO,Pullback50,2024-10-18,2024-10-21,67.0099,66.5914,-1.79,-1.1,1,stop_loss (-0.6%),evening,False
BG,52wkLow,2024-10-21,2024-10-22,84.2117,84.3539,0.169,0.17,1,max_hold 605d (+0.2%),evening,False
CNC,52wkLow,2024-10-21,2024-10-22,61.0,60.91,-0.148,-0.15,1,max_hold 605d (-0.1%),evening,False
AJG,Pullback50,2024-10-21,2024-10-22,284.7178,283.7642,-0.335,-0.34,1,max_hold 605d (-0.3%),evening,False
MMM,VolumeSpike,2024-10-21,2024-10-22,130.379,135.5519,3.968,4.07,1,max_hold 605d (+4.0%),evening,False
COHR,GapDown,2024-10-22,2024-10-23,96.77,96.17,-1.59,-0.98,1,stop_loss (-0.6%),evening,True
AEP,Pullback50,2024-10-22,2024-10-23,94.1604,94.2641,0.11,0.07,1,max_hold 604d (+0.1%),evening,False
ADI,Pullback50,2024-10-22,2024-10-23,218.7581,222.1278,1.54,0.95,1,max_hold 604d (+1.5%),evening,False
AIZ,Pullback50,2024-10-22,2024-10-23,188.7111,188.6624,-0.026,-0.02,1,max_hold 604d (-0.0%),evening,False
AVB,Pullback50,2024-10-22,2024-10-23,212.8523,212.928,0.036,0.02,1,max_hold 604d (+0.0%),evening,False
BSX,GapDown,2024-10-23,2024-10-24,87.45,88.37,1.052,0.29,1,max_hold 603d (+1.1%),evening,True
KO,GapDown,2024-10-23,2024-10-24,64.6983,64.3558,-0.52,-0.14,1,stop_loss (-0.5%),evening,True
MMM,RubberBand,2024-10-23,2024-10-24,123.6782,123.8039,0.102,0.03,1,max_hold 603d (+0.1%),evening,True
AMCR,Pullback50,2024-10-23,2024-10-24,51.5435,51.4501,-0.181,-0.05,1,max_hold 603d (-0.2%),evening,False
AEP,Pullback50,2024-10-23,2024-10-24,95.0465,95.4801,0.456,0.12,1,max_hold 603d (+0.5%),evening,False
ALLE,GapDown,2024-10-24,2024-10-25,142.5129,143.18,0.468,0.23,1,max_hold 602d (+0.5%),evening,True
AMP,GapDown,2024-10-24,2024-10-25,493.1165,495.7962,0.543,0.27,1,max_hold 602d (+0.5%),evening,True
APTV,52wkLow,2024-10-24,2024-10-25,68.31,69.11,1.171,0.58,1,max_hold 602d (+1.2%),evening,False
CNC,52wkLow,2024-10-24,2024-10-25,61.62,70.0,13.599,6.69,1,max_hold 602d (+13.6%),evening,False
AMCR,Pullback50,2024-10-24,2024-10-25,51.6835,51.4034,-2.16,-1.06,1,stop_loss (-0.5%),evening,False
BIIB,52wkLow,2024-10-25,2024-10-28,181.69,182.48,0.435,0.43,1,max_hold 601d (+0.4%),evening,False
CNC,MomReversal,2024-10-25,2024-10-28,64.22,63.65,-1.14,-1.14,1,stop_loss (-0.9%),evening,False
CARR,RSIRecovery,2024-10-25,2024-10-28,72.172,72.8083,0.882,0.88,1,max_hold 601d (+0.9%),evening,False
AON,VolumeSpike,2024-10-25,2024-10-28,371.5197,375.5868,1.095,1.09,1,max_hold 601d (+1.1%),evening,False
COF,VolumeSpike,2024-10-25,2024-10-28,157.4433,157.7459,0.192,0.19,1,max_hold 601d (+0.2%),evening,False
BIIB,52wkLow,2024-10-28,2024-10-29,185.01,184.82,-0.103,-0.04,1,max_hold 598d (-0.1%),evening,False
BA,52wkLow,2024-10-28,2024-10-29,150.69,147.86,-1.878,-0.67,1,stop_loss (-1.9%),evening,False
CNC,52wkLow,2024-10-28,2024-10-29,61.65,61.6,-0.081,-0.03,1,max_hold 598d (-0.1%),evening,False
TECH,MomReversal,2024-10-28,2024-10-29,69.6859,69.4582,-0.327,-0.12,1,max_hold 598d (-0.3%),evening,False
ALL,Pullback50,2024-10-28,2024-10-29,182.8542,182.7865,-0.037,-0.01,1,max_hold 598d (-0.0%),evening,False
ALGN,GapDown,2024-10-29,2024-10-30,212.78,210.44,-0.5,-0.25,1,stop_loss (-1.1%),evening,True
BA,52wkLow,2024-10-29,2024-10-30,152.98,152.51,-0.307,-0.15,1,max_hold 597d (-0.3%),evening,False
BG,52wkLow,2024-10-29,2024-10-30,83.2544,83.643,0.467,0.23,1,max_hold 597d (+0.5%),evening,False
AFL,Pullback50,2024-10-29,2024-10-30,106.0359,105.9877,-0.045,-0.02,1,max_hold 597d (-0.0%),evening,False
BRO,Pullback50,2024-10-29,2024-10-30,103.6772,103.9635,0.276,0.14,1,max_hold 597d (+0.3%),evening,False
CAT,GapDown,2024-10-30,2024-10-31,372.018,370.1639,-0.498,-0.16,1,max_hold 596d (-0.5%),evening,True
BIIB,52wkLow,2024-10-30,2024-10-31,181.18,178.11,-1.694,-0.53,1,stop_loss (-1.7%),evening,False
BG,52wkLow,2024-10-30,2024-10-31,81.3778,81.4536,0.093,0.03,1,max_hold 596d (+0.1%),evening,False
CDW,52wkLow,2024-10-30,2024-10-31,189.4072,188.9411,-0.246,-0.08,1,max_hold 596d (-0.2%),evening,False
ABT,Pullback50,2024-10-30,2024-10-31,111.0588,110.2049,-1.59,-0.5,1,stop_loss (-0.8%),evening,False
AFL,RubberBand,2024-10-31,2024-11-01,101.0137,101.4956,0.477,0.14,1,max_hold 595d (+0.5%),evening,True
ACGL,RubberBand,2024-10-31,2024-11-01,93.7206,93.7301,0.01,0.0,1,max_hold 595d (+0.0%),evening,True
APA,52wkLow,2024-10-31,2024-11-01,22.0559,22.1961,0.636,0.19,1,max_hold 595d (+0.6%),evening,False
APTV,52wkLow,2024-10-31,2024-11-01,56.83,57.49,1.161,0.34,1,max_hold 595d (+1.2%),evening,False
BIIB,52wkLow,2024-10-31,2024-11-01,174.0,173.65,-0.201,-0.06,1,max_hold 595d (-0.2%),evening,False
AMCR,RubberBand,2024-11-01,2024-11-04,47.9018,48.0419,0.292,0.08,1,max_hold 594d (+0.3%),evening,True
AES,52wkLow,2024-11-01,2024-11-04,13.5298,13.7046,1.292,0.34,1,max_hold 594d (+1.3%),evening,False
APTV,52wkLow,2024-11-01,2024-11-04,56.37,56.59,0.39,0.1,1,max_hold 594d (+0.4%),evening,False
BIIB,52wkLow,2024-11-01,2024-11-04,173.79,173.22,-0.328,-0.09,1,max_hold 594d (-0.3%),evening,False
BG,52wkLow,2024-11-01,2024-11-04,78.3069,79.0083,0.896,0.23,1,max_hold 594d (+0.9%),evening,False
BIIB,52wkLow,2024-11-04,2024-11-05,173.52,172.71,-0.467,-0.21,1,max_hold 591d (-0.5%),evening,False
BG,52wkLow,2024-11-04,2024-11-05,79.6149,78.1553,-1.833,-0.83,1,stop_loss (-1.8%),evening,False
A,Pullback50,2024-11-04,2024-11-05,137.9644,136.5121,-2.45,-1.11,1,stop_loss (-1.1%),evening,False
AEE,Pullback50,2024-11-04,2024-11-05,81.8188,81.7998,-0.023,-0.01,1,max_hold 591d (-0.0%),evening,False
BSX,Pullback50,2024-11-04,2024-11-05,84.72,84.54,-0.212,-0.1,1,max_hold 591d (-0.2%),evening,False
APTV,52wkLow,2024-11-05,2024-11-06,55.24,55.89,1.177,0.29,1,max_hold 590d (+1.2%),evening,False
ADM,52wkLow,2024-11-05,2024-11-06,48.8864,49.2154,0.673,0.17,1,max_hold 590d (+0.7%),evening,False
BIIB,52wkLow,2024-11-05,2024-11-06,176.93,176.87,-0.034,-0.01,1,max_hold 590d (-0.0%),evening,False
BG,52wkLow,2024-11-05,2024-11-06,80.3731,81.5768,1.498,0.37,1,max_hold 590d (+1.5%),evening,False
A,Pullback50,2024-11-05,2024-11-06,138.7152,141.274,1.845,0.46,1,max_hold 590d (+1.8%),evening,False
AES,52wkLow,2024-11-06,2024-11-07,13.0608,13.024,-0.282,-0.06,1,max_hold 589d (-0.3%),evening,False
APTV,52wkLow,2024-11-06,2024-11-07,53.83,54.38,1.022,0.23,1,max_hold 589d (+1.0%),evening,False
BIIB,52wkLow,2024-11-06,2024-11-07,174.4,175.69,0.74,0.17,1,max_hold 589d (+0.7%),evening,False
BA,52wkLow,2024-11-06,2024-11-07,147.16,148.8,1.114,0.25,1,max_hold 589d (+1.1%),evening,False
CNC,52wkLow,2024-11-06,2024-11-07,62.56,62.7,0.224,0.05,1,max_hold 589d (+0.2%),evening,False
AES,52wkLow,2024-11-07,2024-11-08,12.5549,12.4721,-5.98,-1.75,1,stop_loss (-0.7%),evening,False
APA,52wkLow,2024-11-07,2024-11-08,20.4952,20.5326,0.182,0.05,1,max_hold 588d (+0.2%),evening,False
ADM,52wkLow,2024-11-07,2024-11-08,49.3471,48.9898,-2.69,-0.79,1,stop_loss (-0.7%),evening,False
BDX,52wkLow,2024-11-07,2024-11-08,171.6249,172.8113,0.691,0.2,1,max_hold 588d (+0.7%),evening,False
COIN,GapDown,2024-11-07,2024-11-08,255.58,257.67,0.818,0.24,1,max_hold 588d (+0.8%),evening,False
AES,52wkLow,2024-11-08,2024-11-11,12.5089,12.748,1.912,0.63,1,max_hold 587d (+1.9%),evening,False
AKAM,52wkLow,2024-11-08,2024-11-11,89.37,91.65,2.551,0.84,1,max_hold 587d (+2.6%),evening,False
APA,52wkLow,2024-11-08,2024-11-11,20.3456,20.2522,-0.459,-0.15,1,max_hold 587d (-0.5%),evening,False
XYZ,GapDown,2024-11-08,2024-11-11,74.56,75.9,1.797,0.59,1,max_hold 587d (+1.8%),evening,False
ALLE,Pullback50,2024-11-08,2024-11-11,141.0511,142.454,0.995,0.33,1,max_hold 587d (+1.0%),evening,False
AES,52wkLow,2024-11-11,2024-11-12,12.7756,12.8492,0.576,0.32,1,max_hold 584d (+0.6%),evening,False
AKAM,52wkLow,2024-11-11,2024-11-12,91.07,91.5,0.472,0.26,1,max_hold 584d (+0.5%),evening,False
APA,52wkLow,2024-11-11,2024-11-12,20.7195,20.7288,0.045,0.02,1,max_hold 584d (+0.0%),evening,False
AFL,Pullback50,2024-11-11,2024-11-12,106.4504,106.2191,-0.217,-0.12,1,max_hold 584d (-0.2%),evening,False
LNT,Pullback50,2024-11-11,2024-11-12,57.1276,57.1276,0.0,0.0,1,max_hold 584d (+0.0%),evening,False
BAX,52wkLow,2024-11-12,2024-11-13,33.0259,32.9087,-0.355,-0.35,1,max_hold 583d (-0.4%),evening,False
COIN,GapDown,2024-11-12,2024-11-13,319.13,325.01,1.843,1.84,1,max_hold 583d (+1.8%),evening,False
AFL,Pullback50,2024-11-12,2024-11-13,106.6625,106.4408,-0.208,-0.21,1,max_hold 583d (-0.2%),evening,False
LNT,Pullback50,2024-11-12,2024-11-13,57.1371,57.2802,0.25,0.25,1,max_hold 583d (+0.3%),evening,False
CB,RSIRecovery,2024-11-12,2024-11-13,278.4303,278.4599,0.011,0.01,1,max_hold 583d (+0.0%),evening,False
BAX,52wkLow,2024-11-13,2024-11-14,31.8544,31.9032,0.153,0.15,1,max_hold 582d (+0.2%),evening,False
CDW,52wkLow,2024-11-13,2024-11-14,180.6195,180.6195,0.0,0.0,1,max_hold 582d (+0.0%),evening,False
AFL,Pullback50,2024-11-13,2024-11-14,106.4601,106.0359,-0.398,-0.4,1,max_hold 582d (-0.4%),evening,False
AAPL,Pullback50,2024-11-13,2024-11-14,223.6908,223.5915,-0.044,-0.04,1,max_hold 582d (-0.0%),evening,False
BDX,52wkLow,2024-11-14,2024-11-15,171.6702,171.5418,-0.075,-0.05,1,max_hold 581d (-0.1%),evening,False
BIIB,52wkLow,2024-11-14,2024-11-15,164.89,165.46,0.346,0.25,1,max_hold 581d (+0.3%),evening,False
CDW,52wkLow,2024-11-14,2024-11-15,175.5314,176.4441,0.52,0.37,1,max_hold 581d (+0.5%),evening,False
MMM,Pullback50,2024-11-14,2024-11-15,127.9423,126.4745,-1.64,-1.17,1,stop_loss (-1.1%),evening,False
AAPL,Pullback50,2024-11-14,2024-11-15,226.7711,224.9627,-3.86,-2.76,1,stop_loss (-0.8%),evening,False
APTV,52wkLow,2024-11-15,2024-11-18,52.93,53.1,0.321,0.16,1,max_hold 580d (+0.3%),evening,False
BAX,52wkLow,2024-11-15,2024-11-18,31.2003,31.0149,-0.76,-0.38,1,stop_loss (-0.6%),evening,False
CDW,52wkLow,2024-11-15,2024-11-18,172.4824,172.9776,0.287,0.14,1,max_hold 580d (+0.3%),evening,False
AMAT,GapDown,2024-11-15,2024-11-18,166.3993,165.2169,-1.16,-0.58,1,stop_loss (-0.7%),evening,False
ABT,Pullback50,2024-11-15,2024-11-18,112.4659,112.1554,-0.276,-0.14,1,max_hold 580d (-0.3%),evening,False
BAX,52wkLow,2024-11-18,2024-11-19,32.2351,31.9325,-1.32,-1.39,1,stop_loss (-0.9%),evening,False
AAPL,Pullback50,2024-11-18,2024-11-19,226.5724,225.539,-0.456,-0.48,1,max_hold 577d (-0.5%),evening,False
CPT,Pullback50,2024-11-18,2024-11-19,113.1991,112.812,-0.342,-0.36,1,max_hold 577d (-0.3%),evening,False
CB,Pullback50,2024-11-18,2024-11-19,284.1783,282.2492,-5.04,-5.3,1,stop_loss (-0.7%),evening,False
CPB,MomReversal,2024-11-19,2024-11-20,40.3281,40.3281,0.0,0.0,1,max_hold 576d (+0.0%),evening,True
ACN,Pullback50,2024-11-19,2024-11-20,346.0333,345.7986,-0.068,-0.04,1,max_hold 576d (-0.1%),evening,False
AFL,Pullback50,2024-11-19,2024-11-20,107.1252,107.4544,0.307,0.19,1,max_hold 576d (+0.3%),evening,False
AAPL,Pullback50,2024-11-19,2024-11-20,226.8307,226.6122,-0.096,-0.06,1,max_hold 576d (-0.1%),evening,False
CPT,Pullback50,2024-11-19,2024-11-20,114.521,113.7751,-1.11,-0.68,1,stop_loss (-0.7%),evening,False
BAX,MomReversal,2024-11-20,2024-11-21,31.8544,31.7178,-0.429,-0.19,1,max_hold 575d (-0.4%),evening,True
ACN,Pullback50,2024-11-20,2024-11-21,349.0835,351.4786,0.686,0.3,1,max_hold 575d (+0.7%),evening,False
AAPL,Pullback50,2024-11-20,2024-11-21,227.5462,227.427,-0.052,-0.02,1,max_hold 575d (-0.1%),evening,False
AVB,Pullback50,2024-11-20,2024-11-21,216.0916,217.0199,0.43,0.19,1,max_hold 575d (+0.4%),evening,False
CPT,Pullback50,2024-11-20,2024-11-21,113.8317,113.86,0.025,0.01,1,max_hold 575d (+0.0%),evening,False
AES,52wkLow,2024-11-21,2024-11-22,12.187,12.2238,0.302,0.15,1,max_hold 574d (+0.3%),evening,False
AEP,Pullback50,2024-11-21,2024-11-22,93.3555,93.4602,0.112,0.05,1,max_hold 574d (+0.1%),evening,False
AIG,Pullback50,2024-11-21,2024-11-22,73.0608,72.8877,-0.237,-0.12,1,max_hold 574d (-0.2%),evening,False
AWK,Pullback50,2024-11-21,2024-11-22,133.5921,133.7846,0.144,0.07,1,max_hold 574d (+0.1%),evening,False
CB,Pullback50,2024-11-21,2024-11-22,280.6153,280.5071,-0.039,-0.02,1,max_hold 574d (-0.0%),evening,False
AES,52wkLow,2024-11-22,2024-11-25,11.9938,12.0766,0.69,0.34,1,max_hold 573d (+0.7%),evening,False
APA,52wkLow,2024-11-22,2024-11-25,21.2802,21.2989,0.088,0.04,1,max_hold 573d (+0.1%),evening,False
BF-B,52wkLow,2024-11-22,2024-11-25,39.2352,39.8137,1.474,0.72,1,max_hold 573d (+1.5%),evening,False
ACN,Pullback50,2024-11-22,2024-11-25,350.6379,351.9479,0.374,0.18,1,max_hold 573d (+0.4%),evening,False
AIG,Pullback50,2024-11-22,2024-11-25,73.1377,73.7916,0.894,0.44,1,max_hold 573d (+0.9%),evening,False
BIIB,MomReversal,2024-11-25,2024-11-26,158.71,159.2,0.309,0.05,1,max_hold 570d (+0.3%),evening,True
CDW,MomReversal,2024-11-25,2024-11-26,176.702,176.1173,-0.331,-0.06,1,max_hold 570d (-0.3%),evening,True
ALLE,Pullback50,2024-11-25,2024-11-26,139.9622,139.0597,-0.96,-0.17,1,stop_loss (-0.6%),evening,False
GOOGL,Pullback50,2024-11-25,2024-11-26,166.5879,166.5681,-0.012,-0.0,1,max_hold 570d (-0.0%),evening,False
GOOG,Pullback50,2024-11-25,2024-11-26,168.3617,168.4213,0.035,0.01,1,max_hold 570d (+0.0%),evening,False
AMGN,MomReversal,2024-11-26,2024-11-27,267.2983,266.3341,-0.361,-0.11,1,max_hold 569d (-0.4%),evening,True
A,GapDown,2024-11-26,2024-11-27,132.7481,133.0643,0.238,0.07,1,max_hold 569d (+0.2%),evening,False
BBY,GapDown,2024-11-26,2024-11-27,80.7539,80.7539,0.0,0.0,1,max_hold 569d (+0.0%),evening,False
MMM,Pullback50,2024-11-26,2024-11-27,129.2352,130.1683,0.722,0.22,1,max_hold 569d (+0.7%),evening,False
GOOGL,Pullback50,2024-11-26,2024-11-27,168.0486,167.9294,-0.071,-0.02,1,max_hold 569d (-0.1%),evening,False
BDX,52wkLow,2024-11-27,2024-11-29,167.7482,167.0076,-0.441,-0.46,1,max_hold 568d (-0.4%),evening,False
GOOGL,Pullback50,2024-11-27,2024-11-29,168.1579,167.4326,-0.431,-0.45,1,max_hold 568d (-0.4%),evening,False
GOOG,Pullback50,2024-11-27,2024-11-29,169.7429,168.9877,-0.445,-0.46,1,max_hold 568d (-0.4%),evening,False
GOOGL,Pullback50,2024-11-29,2024-12-02,167.8797,167.7009,-0.107,-0.11,1,max_hold 566d (-0.1%),evening,False
GOOG,Pullback50,2024-11-29,2024-12-02,169.415,169.2461,-0.1,-0.1,1,max_hold 566d (-0.1%),evening,False
CL,Pullback50,2024-11-29,2024-12-02,93.1953,93.3303,0.145,0.15,1,max_hold 566d (+0.1%),evening,False
ADI,Pullback50,2024-12-02,2024-12-03,217.2972,215.7974,-2.16,-2.24,1,stop_loss (-0.7%),evening,False
CL,Pullback50,2024-12-02,2024-12-03,93.6582,93.7257,0.072,0.07,1,max_hold 563d (+0.1%),evening,False
BDX,52wkLow,2024-12-03,2024-12-04,167.2041,166.4862,-0.429,-0.44,1,max_hold 562d (-0.4%),evening,False
ACN,GapDown,2024-12-03,2024-12-04,344.6548,345.7595,0.321,0.33,1,max_hold 562d (+0.3%),evening,False
CHRW,Pullback50,2024-12-03,2024-12-04,103.9618,103.5366,-0.409,-0.42,1,max_hold 562d (-0.4%),evening,False
AMGN,RSIRecovery,2024-12-03,2024-12-04,265.685,263.2889,-1.86,-1.9,1,stop_loss (-0.9%),evening,False
AVGO,VolumeSpike,2024-12-04,2024-12-05,168.228,168.4154,0.111,0.08,1,max_hold 561d (+0.1%),evening,True
CME,VolumeSpike,2024-12-04,2024-12-05,224.9847,227.466,1.103,0.76,1,max_hold 561d (+1.1%),evening,True
ARE,52wkLow,2024-12-04,2024-12-05,95.7316,95.4032,-0.343,-0.24,1,max_hold 561d (-0.3%),evening,False
BF-B,52wkLow,2024-12-04,2024-12-05,38.8843,43.19,11.073,7.67,1,max_hold 561d (+11.1%),evening,False
ACN,Pullback50,2024-12-04,2024-12-05,351.9773,348.1058,-1.28,-0.89,1,stop_loss (-1.1%),evening,False
CDNS,VolumeSpike,2024-12-05,2024-12-06,303.79,305.0,0.398,0.24,1,max_hold 560d (+0.4%),evening,True
APD,GapDown,2024-12-05,2024-12-06,309.7528,310.8784,0.363,0.22,1,max_hold 560d (+0.4%),evening,False
ABT,Pullback50,2024-12-05,2024-12-06,112.1651,111.7187,-0.398,-0.24,1,max_hold 560d (-0.4%),evening,False
ACN,Pullback50,2024-12-05,2024-12-06,350.1198,357.1293,2.002,1.23,1,max_hold 560d (+2.0%),evening,False
AEP,Pullback50,2024-12-05,2024-12-06,92.7559,92.4989,-0.277,-0.17,1,max_hold 560d (-0.3%),evening,False
APA,52wkLow,2024-12-06,2024-12-09,20.0185,20.4578,2.194,2.27,1,max_hold 559d (+2.2%),evening,False
BDX,52wkLow,2024-12-06,2024-12-09,166.267,166.305,0.023,0.02,1,max_hold 559d (+0.0%),evening,False
ABT,Pullback50,2024-12-06,2024-12-09,112.1748,112.2427,0.061,0.06,1,max_hold 559d (+0.1%),evening,False
APO,VolumeSpike,2024-12-09,2024-12-10,168.6734,169.358,0.406,0.14,1,max_hold 556d (+0.4%),evening,True
CASY,VolumeSpike,2024-12-09,2024-12-10,415.5713,417.0423,0.354,0.13,1,max_hold 556d (+0.4%),evening,True
AOS,52wkLow,2024-12-09,2024-12-10,71.6363,71.3552,-0.392,-0.14,1,max_hold 556d (-0.4%),evening,False
AMD,52wkLow,2024-12-09,2024-12-10,130.87,131.56,0.527,0.19,1,max_hold 556d (+0.5%),evening,False
ARE,52wkLow,2024-12-09,2024-12-10,97.3921,97.684,0.3,0.11,1,max_hold 556d (+0.3%),evening,False
CASY,VolumeSpike,2024-12-10,2024-12-11,414.3289,417.2113,0.696,0.38,1,max_hold 555d (+0.7%),evening,True
CFG,VolumeSpike,2024-12-10,2024-12-11,44.0576,44.143,0.194,0.11,1,max_hold 555d (+0.2%),evening,True
AMD,52wkLow,2024-12-10,2024-12-11,127.74,128.52,0.611,0.34,1,max_hold 555d (+0.6%),evening,False
BIIB,52wkLow,2024-12-10,2024-12-11,156.32,156.37,0.032,0.02,1,max_hold 555d (+0.0%),evening,False
ABT,Pullback50,2024-12-10,2024-12-11,112.0777,111.8934,-0.165,-0.09,1,max_hold 555d (-0.2%),evening,False
ADBE,VolumeSpike,2024-12-11,2024-12-12,549.93,487.5,-11.352,-6.26,1,stop_loss (-11.4%),evening,True
CIEN,VolumeSpike,2024-12-11,2024-12-12,73.21,83.67,14.288,7.88,1,max_hold 554d (+14.3%),evening,True
AOS,52wkLow,2024-12-11,2024-12-12,70.6571,70.4535,-0.288,-0.16,1,max_hold 554d (-0.3%),evening,False
AMD,52wkLow,2024-12-11,2024-12-12,130.15,130.0,-0.115,-0.06,1,max_hold 554d (-0.1%),evening,False
BAX,52wkLow,2024-12-11,2024-12-12,30.4184,30.5263,0.355,0.2,1,max_hold 554d (+0.4%),evening,False
CNC,MomReversal,2024-12-12,2024-12-13,58.0,59.0,1.724,0.95,1,max_hold 553d (+1.7%),evening,True
BDX,VolumeSpike,2024-12-12,2024-12-13,172.4855,172.1666,-0.185,-0.1,1,max_hold 553d (-0.2%),evening,True
CI,52wkLow,2024-12-12,2024-12-13,274.1532,273.5816,-0.209,-0.12,1,max_hold 553d (-0.2%),evening,False
MMM,Pullback50,2024-12-12,2024-12-13,126.1246,126.0759,-0.039,-0.02,1,max_hold 553d (-0.0%),evening,False
LNT,Pullback50,2024-12-12,2024-12-13,57.652,57.6901,0.066,0.04,1,max_hold 553d (+0.1%),evening,False
AMD,52wkLow,2024-12-13,2024-12-16,126.91,126.01,-3.66,-2.28,1,stop_loss (-0.7%),evening,False
BDX,52wkLow,2024-12-13,2024-12-16,171.2631,170.3064,-0.91,-0.57,1,stop_loss (-0.6%),evening,False
CNC,52wkLow,2024-12-13,2024-12-16,59.42,59.02,-1.82,-1.14,1,stop_loss (-0.7%),evening,False
CI,52wkLow,2024-12-13,2024-12-16,273.0874,273.1455,0.021,0.01,1,max_hold 552d (+0.0%),evening,False
MMM,Pullback50,2024-12-13,2024-12-16,126.2898,126.2704,-0.015,-0.01,1,max_hold 552d (-0.0%),evening,False
KO,MomReversal,2024-12-16,2024-12-17,59.9554,59.8596,-0.16,-0.09,1,max_hold 549d (-0.2%),evening,True
AMD,52wkLow,2024-12-16,2024-12-17,126.69,124.45,-1.768,-0.97,1,stop_loss (-1.8%),evening,False
BAX,52wkLow,2024-12-16,2024-12-17,28.868,28.6227,-0.77,-0.42,1,stop_loss (-0.8%),evening,False
BDX,52wkLow,2024-12-16,2024-12-17,172.7816,171.6731,-1.28,-0.7,1,stop_loss (-0.6%),evening,False
BIIB,52wkLow,2024-12-16,2024-12-17,150.49,150.16,-0.219,-0.12,1,max_hold 549d (-0.2%),evening,False
CPB,MomReversal,2024-12-17,2024-12-18,39.8834,39.1979,-1.719,-0.61,1,stop_loss (-1.7%),evening,True
AOS,52wkLow,2024-12-17,2024-12-18,68.6503,68.912,0.381,0.13,1,max_hold 548d (+0.4%),evening,False
ADBE,52wkLow,2024-12-17,2024-12-18,455.23,453.24,-0.437,-0.15,1,max_hold 548d (-0.4%),evening,False
AMD,52wkLow,2024-12-17,2024-12-18,125.02,125.43,0.328,0.12,1,max_hold 548d (+0.3%),evening,False
ARE,52wkLow,2024-12-17,2024-12-18,93.3413,92.9855,-0.381,-0.13,1,max_hold 548d (-0.4%),evening,False
CNP,VolumeSpike,2024-12-18,2024-12-19,30.3656,30.2401,-0.413,-0.14,1,max_hold 547d (-0.4%),evening,True
ADBE,52wkLow,2024-12-18,2024-12-19,441.31,443.41,0.476,0.16,1,max_hold 547d (+0.5%),evening,False
AMD,52wkLow,2024-12-18,2024-12-19,121.41,122.16,0.618,0.2,1,max_hold 547d (+0.6%),evening,False
ARE,52wkLow,2024-12-18,2024-12-19,89.3453,90.3306,1.103,0.36,1,max_hold 547d (+1.1%),evening,False
ALGN,52wkLow,2024-12-18,2024-12-19,212.69,215.0,1.086,0.36,1,max_hold 547d (+1.1%),evening,False
ACN,VolumeSpike,2024-12-19,2024-12-20,363.836,362.4086,-0.392,-0.09,1,max_hold 546d (-0.4%),evening,True
CNC,VolumeSpike,2024-12-19,2024-12-20,59.71,60.0,0.486,0.11,1,max_hold 546d (+0.5%),evening,True
AOS,52wkLow,2024-12-19,2024-12-20,66.3526,66.1586,-0.292,-0.07,1,max_hold 546d (-0.3%),evening,False
AMD,52wkLow,2024-12-19,2024-12-20,118.88,118.0,-2.18,-0.49,1,stop_loss (-0.7%),evening,False
ARE,52wkLow,2024-12-19,2024-12-20,88.7614,89.9109,1.295,0.29,1,max_hold 546d (+1.3%),evening,False
BBY,MomReversal,2024-12-20,2024-12-23,78.9174,78.7882,-0.164,-0.01,1,max_hold 545d (-0.2%),evening,True
CDW,MomReversal,2024-12-20,2024-12-23,170.0661,169.3548,-0.418,-0.03,1,max_hold 545d (-0.4%),evening,True
CI,MomReversal,2024-12-20,2024-12-23,268.3012,267.3226,-0.365,-0.02,1,max_hold 545d (-0.4%),evening,True
MMM,VolumeSpike,2024-12-20,2024-12-23,125.6677,124.9095,-1.04,-0.07,1,stop_loss (-0.6%),evening,True
ABT,VolumeSpike,2024-12-20,2024-12-23,110.8454,110.6222,-0.201,-0.01,1,max_hold 545d (-0.2%),evening,True
AMD,MomReversal,2024-12-23,2024-12-24,124.6,127.51,2.335,0.96,1,max_hold 542d (+2.3%),evening,True
ALGN,52wkLow,2024-12-23,2024-12-24,207.57,207.61,0.019,0.01,1,max_hold 542d (+0.0%),evening,False
MMM,Pullback50,2024-12-23,2024-12-24,125.3761,125.1428,-0.186,-0.08,1,max_hold 542d (-0.2%),evening,False
ALL,Pullback50,2024-12-23,2024-12-24,187.9563,188.1892,0.124,0.05,1,max_hold 542d (+0.1%),evening,False
AEE,Pullback50,2024-12-23,2024-12-24,85.9406,85.8352,-0.123,-0.05,1,max_hold 542d (-0.1%),evening,False
MMM,Pullback50,2024-12-24,2024-12-26,126.7175,126.6884,-0.023,-0.01,1,max_hold 541d (-0.0%),evening,False
ABT,Pullback50,2024-12-24,2024-12-26,111.3597,110.8162,-0.488,-0.15,1,max_hold 541d (-0.5%),evening,False
ACN,Pullback50,2024-12-24,2024-12-26,353.5415,352.2901,-0.354,-0.11,1,max_hold 541d (-0.4%),evening,False
ALL,Pullback50,2024-12-24,2024-12-26,189.7909,189.7327,-0.031,-0.01,1,max_hold 541d (-0.0%),evening,False
AMP,Pullback50,2024-12-24,2024-12-26,528.4681,526.4671,-0.379,-0.12,1,max_hold 541d (-0.4%),evening,False
MMM,Pullback50,2024-12-26,2024-12-27,127.5146,126.2801,-0.51,-0.14,1,stop_loss (-1.0%),evening,False
ABT,Pullback50,2024-12-26,2024-12-27,111.8545,111.6023,-0.226,-0.06,1,max_hold 539d (-0.2%),evening,False
ACN,Pullback50,2024-12-26,2024-12-27,352.3683,350.7552,-0.458,-0.13,1,max_hold 539d (-0.5%),evening,False
ALL,Pullback50,2024-12-26,2024-12-27,189.888,188.4708,-0.9,-0.25,1,stop_loss (-0.7%),evening,False
MO,Pullback50,2024-12-26,2024-12-27,47.562,47.3269,-0.494,-0.14,1,max_hold 539d (-0.5%),evening,False
MMM,Pullback50,2024-12-27,2024-12-30,126.5425,125.5122,-2.01,-1.41,1,stop_loss (-0.8%),evening,False
AEE,Pullback50,2024-12-27,2024-12-30,86.3527,86.0173,-0.388,-0.27,1,max_hold 538d (-0.4%),evening,False
ADP,Pullback50,2024-12-27,2024-12-30,285.2192,281.7428,-1.219,-0.86,1,stop_loss (-1.2%),evening,False
BKR,Pullback50,2024-12-27,2024-12-30,39.6633,39.605,-0.147,-0.1,1,max_hold 538d (-0.1%),evening,False
BAC,Pullback50,2024-12-27,2024-12-30,42.8699,42.4349,-1.02,-0.72,1,stop_loss (-1.0%),evening,False
BA,GapDown,2024-12-30,2024-12-31,176.55,177.54,0.561,0.55,1,max_hold 535d (+0.6%),evening,False
COHR,GapDown,2024-12-30,2024-12-31,94.84,94.58,-0.274,-0.27,1,max_hold 535d (-0.3%),evening,False
MMM,Pullback50,2024-12-30,2024-12-31,125.5219,125.5899,0.054,0.05,1,max_hold 535d (+0.1%),evening,False
BKR,Pullback50,2024-12-30,2024-12-31,39.7994,39.9549,0.391,0.38,1,max_hold 535d (+0.4%),evening,False
AIZ,Pullback50,2024-12-31,2025-01-02,208.4291,209.1916,0.366,0.22,1,max_hold 534d (+0.4%),evening,False
T,Pullback50,2024-12-31,2025-01-02,21.3181,21.3742,0.264,0.16,1,max_hold 534d (+0.3%),evening,False
AZO,Pullback50,2024-12-31,2025-01-02,3202.0,3211.1499,0.286,0.18,1,max_hold 534d (+0.3%),evening,False
BMY,Pullback50,2024-12-31,2025-01-02,52.7089,53.0537,0.654,0.4,1,max_hold 534d (+0.7%),evening,False
BR,Pullback50,2024-12-31,2025-01-02,219.8616,220.2409,0.173,0.11,1,max_hold 534d (+0.2%),evening,False
AMT,MomReversal,2025-01-02,2025-01-03,171.5247,171.7331,0.122,0.13,1,max_hold 532d (+0.1%),evening,True
ABBV,Pullback50,2025-01-02,2025-01-03,170.5788,170.7879,0.123,0.13,1,max_hold 532d (+0.1%),evening,False
BR,Pullback50,2025-01-02,2025-01-03,220.5813,219.7741,-0.366,-0.38,1,max_hold 532d (-0.4%),evening,False
COHR,Pullback50,2025-01-02,2025-01-03,100.59,102.72,2.118,2.19,1,max_hold 532d (+2.1%),evening,False
AVY,52wkLow,2025-01-03,2025-01-06,179.1744,179.368,0.108,0.05,1,max_hold 531d (+0.1%),evening,True
ALB,MomReversal,2025-01-03,2025-01-06,85.5744,87.7189,2.506,1.23,1,max_hold 531d (+2.5%),evening,True
MMM,Pullback50,2025-01-03,2025-01-06,126.2412,127.1647,0.732,0.36,1,max_hold 531d (+0.7%),evening,False
ABBV,Pullback50,2025-01-03,2025-01-06,172.2709,171.8526,-0.243,-0.12,1,max_hold 531d (-0.2%),evening,False
MO,Pullback50,2025-01-03,2025-01-06,48.0503,47.978,-0.151,-0.07,1,max_hold 531d (-0.2%),evening,False
AOS,52wkLow,2025-01-06,2025-01-07,66.7985,66.624,-0.261,-0.1,1,max_hold 528d (-0.3%),evening,True
AVY,52wkLow,2025-01-06,2025-01-07,182.0301,182.2334,0.112,0.04,1,max_hold 528d (+0.1%),evening,True
AMCR,MomReversal,2025-01-06,2025-01-07,44.5786,45.004,0.954,0.36,1,max_hold 528d (+1.0%),evening,True
AMGN,MomReversal,2025-01-06,2025-01-07,246.8507,248.4067,0.63,0.24,1,max_hold 528d (+0.6%),evening,True
APH,Pullback50,2025-01-06,2025-01-07,70.4475,71.3092,1.223,0.47,1,max_hold 528d (+1.2%),evening,False
ARE,52wkLow,2025-01-07,2025-01-08,90.0405,89.7076,-0.37,-0.37,1,max_hold 527d (-0.4%),evening,True
ACN,Pullback50,2025-01-07,2025-01-08,348.4187,352.9256,1.294,1.28,1,max_hold 527d (+1.3%),evening,False
BR,Pullback50,2025-01-07,2025-01-08,220.0853,220.4451,0.163,0.16,1,max_hold 527d (+0.2%),evening,False
CME,Pullback50,2025-01-07,2025-01-08,216.4427,217.0243,0.269,0.27,1,max_hold 527d (+0.3%),evening,False
CHD,RSIRecovery,2025-01-07,2025-01-08,100.872,100.7052,-0.165,-0.16,1,max_hold 527d (-0.2%),evening,False
AMD,52wkLow,2025-01-08,2025-01-10,121.84,118.18,-3.004,-0.99,1,stop_loss (-3.0%),evening,True
AES,52wkLow,2025-01-08,2025-01-10,11.4052,11.3132,-1.26,-0.42,1,stop_loss (-0.8%),evening,True
ARE,52wkLow,2025-01-08,2025-01-10,90.0683,88.7828,-1.427,-0.47,1,stop_loss (-1.4%),evening,True
ALLE,MomReversal,2025-01-08,2025-01-10,126.4042,125.1441,-1.46,-0.48,1,stop_loss (-1.0%),evening,True
ABT,Pullback50,2025-01-08,2025-01-10,110.8648,110.399,-0.42,-0.14,1,max_hold 526d (-0.4%),evening,False
AOS,52wkLow,2025-01-10,2025-01-13,65.5188,65.5188,-0.0,-0.0,1,max_hold 524d (-0.0%),evening,True
AMD,52wkLow,2025-01-10,2025-01-13,116.04,115.28,-0.95,-0.26,1,stop_loss (-0.7%),evening,True
AES,52wkLow,2025-01-10,2025-01-13,11.0557,11.0373,-0.166,-0.05,1,max_hold 524d (-0.2%),evening,True
AKAM,52wkLow,2025-01-10,2025-01-13,88.93,88.95,0.022,0.01,1,max_hold 524d (+0.0%),evening,True
AMT,52wkLow,2025-01-10,2025-01-13,164.3521,165.4891,0.692,0.19,1,max_hold 524d (+0.7%),evening,True
AES,52wkLow,2025-01-13,2025-01-14,10.7521,10.8349,0.77,0.35,1,max_hold 521d (+0.8%),evening,True
BF-B,52wkLow,2025-01-13,2025-01-14,32.8556,33.0653,0.638,0.29,1,max_hold 521d (+0.6%),evening,True
ANET,GapDown,2025-01-13,2025-01-14,112.64,114.61,1.749,0.79,1,max_hold 521d (+1.7%),evening,False
COIN,GapDown,2025-01-13,2025-01-14,251.2,261.73,4.192,1.88,1,max_hold 521d (+4.2%),evening,False
AXP,Pullback50,2025-01-13,2025-01-14,292.9663,295.5111,0.869,0.39,1,max_hold 521d (+0.9%),evening,False
CRL,52wkLow,2025-01-14,2025-01-15,178.08,180.5,1.359,0.85,1,max_hold 520d (+1.4%),evening,True
APD,Pullback50,2025-01-14,2025-01-15,298.0935,298.5776,0.162,0.1,1,max_hold 520d (+0.2%),evening,False
AEE,Pullback50,2025-01-14,2025-01-15,85.6628,86.5635,1.051,0.65,1,max_hold 520d (+1.1%),evening,False
AEP,Pullback50,2025-01-14,2025-01-15,89.948,90.7856,0.931,0.58,1,max_hold 520d (+0.9%),evening,False
AJG,Pullback50,2025-01-14,2025-01-15,284.7792,287.6259,1.0,0.62,1,max_hold 520d (+1.0%),evening,False
CRL,52wkLow,2025-01-15,2025-01-16,173.91,168.62,-3.042,-3.19,1,stop_loss (-3.0%),evening,True
AAPL,Pullback50,2025-01-15,2025-01-16,236.3599,235.8432,-0.219,-0.23,1,max_hold 519d (-0.2%),evening,False
AES,52wkLow,2025-01-16,2025-01-17,11.0373,11.0649,0.25,0.07,1,max_hold 518d (+0.3%),evening,True
CRL,52wkLow,2025-01-16,2025-01-17,165.8,165.41,-0.235,-0.07,1,max_hold 518d (-0.2%),evening,True
ABT,Pullback50,2025-01-16,2025-01-17,111.1149,110.832,-0.255,-0.07,1,max_hold 518d (-0.3%),evening,False
AFL,Pullback50,2025-01-16,2025-01-17,102.5741,102.5838,0.009,0.0,1,max_hold 518d (+0.0%),evening,False
LNT,Pullback50,2025-01-16,2025-01-17,57.2706,57.4136,0.25,0.07,1,max_hold 518d (+0.2%),evening,False
CRL,52wkLow,2025-01-17,2025-01-21,163.5,165.28,1.089,0.49,1,max_hold 517d (+1.1%),evening,True
AKAM,MomReversal,2025-01-17,2025-01-21,91.01,92.0,1.088,0.49,1,max_hold 517d (+1.1%),evening,True
AFL,Pullback50,2025-01-17,2025-01-21,103.1163,102.9517,-0.16,-0.07,1,max_hold 517d (-0.2%),evening,False
LNT,Pullback50,2025-01-17,2025-01-21,57.7282,58.3861,1.14,0.51,1,max_hold 517d (+1.1%),evening,False
AMP,Pullback50,2025-01-17,2025-01-21,541.6213,544.0049,0.44,0.2,1,max_hold 517d (+0.4%),evening,False
CRL,52wkLow,2025-01-21,2025-01-22,169.81,167.87,-0.61,-0.18,1,stop_loss (-1.1%),evening,True
BF-B,MomReversal,2025-01-21,2025-01-22,32.217,31.9596,-3.14,-0.92,1,stop_loss (-0.8%),evening,True
ACN,Pullback50,2025-01-21,2025-01-22,349.9288,351.7157,0.511,0.15,1,max_hold 513d (+0.5%),evening,False
AFL,Pullback50,2025-01-21,2025-01-22,103.0195,102.9614,-0.056,-0.02,1,max_hold 513d (-0.1%),evening,False
ALLE,Pullback50,2025-01-21,2025-01-22,132.9706,132.3898,-0.437,-0.13,1,max_hold 513d (-0.4%),evening,False
AES,52wkLow,2025-01-22,2025-01-23,10.2371,10.2555,0.18,0.15,1,max_hold 512d (+0.2%),evening,True
ACN,Pullback50,2025-01-22,2025-01-23,352.5699,351.5684,-0.284,-0.24,1,max_hold 512d (-0.3%),evening,False
AME,Pullback50,2025-01-22,2025-01-23,186.8609,187.2372,0.201,0.17,1,max_hold 512d (+0.2%),evening,False
BMY,Pullback50,2025-01-22,2025-01-23,53.7901,53.8372,0.088,0.07,1,max_hold 512d (+0.1%),evening,False
CTSH,Pullback50,2025-01-22,2025-01-23,76.8563,76.8271,-0.038,-0.03,1,max_hold 512d (-0.0%),evening,False
AES,52wkLow,2025-01-23,2025-01-24,10.605,10.651,0.434,0.13,1,max_hold 511d (+0.4%),evening,True
BIIB,52wkLow,2025-01-23,2025-01-24,143.67,143.45,-0.153,-0.05,1,max_hold 511d (-0.2%),evening,True
CPB,52wkLow,2025-01-23,2025-01-24,36.0876,36.0876,-0.0,-0.0,1,max_hold 511d (-0.0%),evening,True
APO,Pullback50,2025-01-23,2025-01-24,166.0133,165.7786,-0.141,-0.04,1,max_hold 511d (-0.1%),evening,False
T,Pullback50,2025-01-23,2025-01-24,21.3611,21.3801,0.089,0.03,1,max_hold 511d (+0.1%),evening,False
AOS,52wkLow,2025-01-24,2025-01-27,68.4176,68.7666,0.51,0.18,1,max_hold 510d (+0.5%),evening,True
AVY,52wkLow,2025-01-24,2025-01-27,185.3989,186.4347,0.559,0.2,1,max_hold 510d (+0.6%),evening,True
CPB,52wkLow,2025-01-24,2025-01-27,36.4523,37.1443,1.898,0.67,1,max_hold 510d (+1.9%),evening,True
AON,Pullback50,2025-01-24,2025-01-27,365.9787,367.8028,0.498,0.18,1,max_hold 510d (+0.5%),evening,False
AJG,Pullback50,2025-01-24,2025-01-27,285.1733,285.1831,0.003,0.0,1,max_hold 510d (+0.0%),evening,False
AMD,52wkLow,2025-01-27,2025-01-28,115.01,115.18,0.148,0.03,1,max_hold 507d (+0.1%),evening,True
AES,52wkLow,2025-01-27,2025-01-28,10.5222,10.513,-0.087,-0.02,1,max_hold 507d (-0.1%),evening,True
BF-B,52wkLow,2025-01-27,2025-01-28,32.8746,32.7603,-0.348,-0.06,1,max_hold 507d (-0.3%),evening,True
BG,52wkLow,2025-01-27,2025-01-28,75.1366,75.4039,0.356,0.07,1,max_hold 507d (+0.4%),evening,True
CPB,MomReversal,2025-01-27,2025-01-28,37.3968,37.2285,-0.45,-0.08,1,max_hold 507d (-0.5%),evening,True
AOS,52wkLow,2025-01-28,2025-01-29,67.7389,67.6129,-0.186,-0.08,1,max_hold 506d (-0.2%),evening,True
AES,52wkLow,2025-01-28,2025-01-29,10.1267,10.2279,0.999,0.45,1,max_hold 506d (+1.0%),evening,True
ARE,52wkLow,2025-01-28,2025-01-29,89.9388,90.4289,0.545,0.25,1,max_hold 506d (+0.5%),evening,True
CPB,52wkLow,2025-01-28,2025-01-29,36.7983,36.9011,0.28,0.13,1,max_hold 506d (+0.3%),evening,True
APO,Pullback50,2025-01-28,2025-01-29,165.583,165.7297,0.089,0.04,1,max_hold 506d (+0.1%),evening,False
AOS,52wkLow,2025-01-29,2025-01-30,67.1088,64.4814,-3.915,-1.3,1,stop_loss (-3.9%),evening,True
ADM,52wkLow,2025-01-29,2025-01-30,49.0248,49.1956,0.348,0.12,1,max_hold 505d (+0.3%),evening,True
BIIB,52wkLow,2025-01-29,2025-01-30,144.41,145.84,0.99,0.33,1,max_hold 505d (+1.0%),evening,True
CPB,52wkLow,2025-01-29,2025-01-30,36.1624,36.3775,0.595,0.2,1,max_hold 505d (+0.6%),evening,True
AES,MomReversal,2025-01-29,2025-01-30,10.2555,10.3842,1.256,0.42,1,max_hold 505d (+1.3%),evening,True
AOS,52wkLow,2025-01-30,2025-01-31,65.257,66.0171,1.165,0.34,1,max_hold 504d (+1.2%),evening,True
AVY,52wkLow,2025-01-30,2025-01-31,176.6575,178.7969,1.211,0.36,1,max_hold 504d (+1.2%),evening,True
MO,GapDown,2025-01-30,2025-01-31,46.6036,46.3865,-0.466,-0.14,1,max_hold 504d (-0.5%),evening,False
CHRW,GapDown,2025-01-30,2025-01-31,97.6139,100.0533,2.499,0.73,1,max_hold 504d (+2.5%),evening,False
CAT,GapDown,2025-01-30,2025-01-31,369.1876,371.6292,0.661,0.19,1,max_hold 504d (+0.7%),evening,False
AOS,52wkLow,2025-01-31,2025-02-03,65.5786,65.0037,-0.71,-0.19,1,stop_loss (-0.9%),evening,True
AES,52wkLow,2025-01-31,2025-02-03,10.278,10.1005,-1.727,-0.46,1,stop_loss (-1.7%),evening,True
ARE,52wkLow,2025-01-31,2025-02-03,90.0313,89.0047,-0.66,-0.17,1,stop_loss (-1.1%),evening,True
ADM,52wkLow,2025-01-31,2025-02-03,48.6167,48.2845,-0.65,-0.17,1,stop_loss (-0.7%),evening,True
AVY,52wkLow,2025-01-31,2025-02-03,179.7939,176.6285,-1.761,-0.46,1,stop_loss (-1.8%),evening,True
AOS,52wkLow,2025-02-03,2025-02-04,65.3252,65.3447,0.03,0.01,1,max_hold 500d (+0.0%),evening,True
AES,52wkLow,2025-02-03,2025-02-04,10.007,9.9043,-1.86,-0.33,1,stop_loss (-1.0%),evening,True
ADM,52wkLow,2025-02-03,2025-02-04,47.4684,46.026,-3.039,-0.54,1,stop_loss (-3.0%),evening,True
AZO,VolumeSpike,2025-02-03,2025-02-04,3432.2,3425.3601,-0.199,-0.04,1,max_hold 500d (-0.2%),evening,True
CLX,VolumeSpike,2025-02-03,2025-02-04,151.5756,146.0924,-3.617,-0.65,1,stop_loss (-3.6%),evening,True
AOS,52wkLow,2025-02-04,2025-02-05,63.9805,64.3118,0.518,0.12,1,max_hold 499d (+0.5%),evening,True
AMD,52wkLow,2025-02-04,2025-02-05,119.5,107.61,-9.95,-2.36,1,stop_loss (-9.9%),evening,True
ADM,52wkLow,2025-02-04,2025-02-05,45.0675,45.0675,-0.0,-0.0,1,max_hold 499d (-0.0%),evening,True
BG,52wkLow,2025-02-04,2025-02-05,71.6414,68.0507,-5.012,-1.19,1,stop_loss (-5.0%),evening,True
CRL,52wkLow,2025-02-04,2025-02-05,163.12,165.84,1.667,0.4,1,max_hold 499d (+1.7%),evening,True
AMD,52wkLow,2025-02-05,2025-02-06,112.01,110.93,-6.86,-2.0,1,stop_loss (-1.0%),evening,True
ADM,52wkLow,2025-02-05,2025-02-06,44.0805,44.4127,0.754,0.22,1,max_hold 498d (+0.8%),evening,True
BG,52wkLow,2025-02-05,2025-02-06,66.7233,67.5828,1.288,0.38,1,max_hold 498d (+1.3%),evening,True
TECH,VolumeSpike,2025-02-05,2025-02-06,74.586,76.3503,2.365,0.69,1,max_hold 498d (+2.4%),evening,True
GOOGL,GapDown,2025-02-05,2025-02-06,190.3358,188.5153,-0.5,-0.15,1,stop_loss (-1.0%),evening,False
ADM,52wkLow,2025-02-06,2025-02-07,43.2264,43.3403,0.263,0.13,1,max_hold 497d (+0.3%),evening,True
BDX,52wkLow,2025-02-06,2025-02-07,172.5159,173.9889,0.854,0.42,1,max_hold 497d (+0.9%),evening,True
BG,52wkLow,2025-02-06,2025-02-07,66.1694,66.475,0.462,0.23,1,max_hold 497d (+0.5%),evening,True
CNC,52wkLow,2025-02-06,2025-02-07,58.63,59.06,0.733,0.36,1,max_hold 497d (+0.7%),evening,True
AMZN,VolumeSpike,2025-02-06,2025-02-07,238.83,232.5,-2.65,-1.31,1,stop_loss (-2.7%),evening,True
ALGN,52wkLow,2025-02-07,2025-02-10,210.55,214.57,1.909,1.57,1,max_hold 496d (+1.9%),evening,True
BDX,52wkLow,2025-02-07,2025-02-10,174.5204,174.5204,0.0,0.0,1,max_hold 496d (+0.0%),evening,True
CPT,VolumeSpike,2025-02-07,2025-02-10,113.4956,113.2384,-0.227,-0.19,1,max_hold 496d (-0.2%),evening,True
CARR,MomReversal,2025-02-07,2025-02-10,63.0352,63.6442,0.966,0.8,1,max_hold 496d (+1.0%),evening,False
AIZ,Pullback50,2025-02-07,2025-02-10,211.1103,211.3752,0.125,0.1,1,max_hold 496d (+0.1%),evening,False
ALB,52wkLow,2025-02-10,2025-02-11,73.2437,71.5573,-2.302,-1.04,1,stop_loss (-2.3%),evening,True
BIIB,52wkLow,2025-02-10,2025-02-11,142.54,140.66,-1.319,-0.59,1,stop_loss (-1.3%),evening,True
BG,52wkLow,2025-02-10,2025-02-11,66.0453,66.1312,0.13,0.06,1,max_hold 493d (+0.1%),evening,True
CRL,52wkLow,2025-02-10,2025-02-11,159.89,157.37,-1.576,-0.71,1,stop_loss (-1.6%),evening,True
CARR,MomReversal,2025-02-10,2025-02-11,65.0587,63.3594,-2.612,-1.18,1,stop_loss (-2.6%),evening,False
AES,52wkLow,2025-02-11,2025-02-12,9.5585,9.4277,-1.369,-0.61,1,stop_loss (-1.4%),evening,True
ALB,52wkLow,2025-02-11,2025-02-12,73.7895,73.809,0.026,0.01,1,max_hold 492d (+0.0%),evening,True
BIIB,52wkLow,2025-02-11,2025-02-12,139.39,136.76,-1.887,-0.85,1,stop_loss (-1.9%),evening,True
SCHW,VolumeSpike,2025-02-11,2025-02-12,81.6238,81.5159,-0.132,-0.06,1,max_hold 492d (-0.1%),evening,True
BF-B,MomReversal,2025-02-11,2025-02-12,29.8912,29.7197,-2.83,-1.27,1,stop_loss (-0.6%),evening,False
BIIB,52wkLow,2025-02-12,2025-02-13,133.43,132.15,-1.03,-0.51,1,stop_loss (-1.0%),evening,True
APP,VolumeSpike,2025-02-12,2025-02-13,380.32,499.34,31.295,15.34,1,max_hold 491d (+31.3%),evening,True
SCHW,VolumeSpike,2025-02-12,2025-02-13,80.7213,80.7016,-0.024,-0.01,1,max_hold 491d (-0.0%),evening,True
BLDR,GapDown,2025-02-12,2025-02-13,150.76,151.72,0.637,0.31,1,max_hold 491d (+0.6%),evening,False
CIEN,GapDown,2025-02-12,2025-02-13,88.8,90.0,1.351,0.66,1,max_hold 491d (+1.4%),evening,False
ADM,52wkLow,2025-02-13,2025-02-14,43.3783,43.4257,0.109,0.03,1,max_hold 490d (+0.1%),evening,True
BIIB,52wkLow,2025-02-13,2025-02-14,138.45,140.14,1.221,0.31,1,max_hold 490d (+1.2%),evening,True
CNC,52wkLow,2025-02-13,2025-02-14,56.81,57.15,0.598,0.15,1,max_hold 490d (+0.6%),evening,True
ALB,VolumeSpike,2025-02-13,2025-02-14,77.2499,78.137,1.148,0.29,1,max_hold 490d (+1.1%),evening,True
AWK,VolumeSpike,2025-02-13,2025-02-14,122.8767,123.0026,0.102,0.03,1,max_hold 490d (+0.1%),evening,True
AES,52wkLow,2025-02-14,2025-02-18,9.2782,9.3249,0.504,0.54,1,max_hold 489d (+0.5%),evening,True
AMAT,52wkLow,2025-02-14,2025-02-18,167.1066,169.6646,1.531,1.63,1,max_hold 489d (+1.5%),evening,True
AEE,VolumeSpike,2025-02-14,2025-02-18,93.9703,94.3344,0.387,0.41,1,max_hold 489d (+0.4%),evening,True
AMP,Pullback50,2025-02-14,2025-02-18,536.9567,537.5469,0.11,0.12,1,max_hold 489d (+0.1%),evening,False
CPB,52wkLow,2025-02-18,2025-02-19,35.6855,35.7135,0.079,0.04,1,max_hold 485d (+0.1%),evening,True
CRL,52wkLow,2025-02-18,2025-02-19,154.39,159.28,3.167,1.79,1,max_hold 485d (+3.2%),evening,True
AXON,VolumeSpike,2025-02-18,2025-02-19,710.01,700.0,-1.41,-0.8,1,stop_loss (-1.4%),evening,True
BNY,VolumeSpike,2025-02-18,2025-02-19,86.723,86.245,-1.57,-0.89,1,stop_loss (-0.6%),evening,True
CTSH,VolumeSpike,2025-02-18,2025-02-19,86.6025,86.0952,-1.36,-0.77,1,stop_loss (-0.6%),evening,True
AOS,52wkLow,2025-02-19,2025-02-20,65.637,65.5786,-0.089,-0.03,1,max_hold 484d (-0.1%),evening,True
CNC,52wkLow,2025-02-19,2025-02-20,57.66,57.57,-0.156,-0.06,1,max_hold 484d (-0.2%),evening,True
BAX,VolumeSpike,2025-02-19,2025-02-20,30.2418,32.6556,7.982,3.12,1,max_hold 484d (+8.0%),evening,True
CVNA,VolumeSpike,2025-02-19,2025-02-20,56.364,52.978,-6.007,-2.35,1,stop_loss (-6.0%),evening,True
CFG,VolumeSpike,2025-02-19,2025-02-20,45.3918,45.5259,0.295,0.12,1,max_hold 484d (+0.3%),evening,True
BIIB,52wkLow,2025-02-20,2025-02-21,137.08,138.0,0.671,0.34,1,max_hold 483d (+0.7%),evening,True
CNC,52wkLow,2025-02-20,2025-02-21,58.48,56.65,-3.129,-1.59,1,stop_loss (-3.1%),evening,True
LNT,VolumeSpike,2025-02-20,2025-02-21,59.2547,59.1296,-0.211,-0.11,1,max_hold 483d (-0.2%),evening,True
XYZ,VolumeSpike,2025-02-20,2025-02-21,83.04,74.97,-9.718,-4.95,1,stop_loss (-9.7%),evening,True
BF-B,MomReversal,2025-02-20,2025-02-21,29.529,29.834,1.033,0.53,1,max_hold 483d (+1.0%),evening,False
AKAM,52wkLow,2025-02-21,2025-02-24,76.73,77.9,1.525,0.48,1,max_hold 482d (+1.5%),evening,True
ALGN,52wkLow,2025-02-21,2025-02-24,190.43,191.11,0.357,0.11,1,max_hold 482d (+0.4%),evening,True
TECH,52wkLow,2025-02-21,2025-02-24,64.4243,64.335,-0.139,-0.04,1,max_hold 482d (-0.1%),evening,True
BF-B,52wkLow,2025-02-21,2025-02-24,30.5585,30.4441,-0.374,-0.12,1,max_hold 482d (-0.4%),evening,True
BLDR,52wkLow,2025-02-21,2025-02-24,137.35,136.23,-0.8,-0.25,1,stop_loss (-0.8%),evening,True
AKAM,52wkLow,2025-02-24,2025-02-25,77.65,77.5,-0.193,-0.09,1,max_hold 479d (-0.2%),evening,True
BLDR,52wkLow,2025-02-24,2025-02-25,138.58,139.41,0.599,0.27,1,max_hold 479d (+0.6%),evening,True
CDNS,52wkLow,2025-02-24,2025-02-25,252.95,251.5,-0.66,-0.3,1,stop_loss (-0.6%),evening,True
CMG,52wkLow,2025-02-24,2025-02-25,51.21,51.13,-0.156,-0.07,1,max_hold 479d (-0.2%),evening,True
AFL,Pullback50,2025-02-24,2025-02-25,101.3562,102.1644,0.797,0.36,1,max_hold 479d (+0.8%),evening,False
ALGN,52wkLow,2025-02-25,2025-02-26,186.62,185.79,-0.445,-0.37,1,max_hold 478d (-0.4%),evening,True
AMAT,52wkLow,2025-02-25,2025-02-26,163.8685,165.6899,1.112,0.93,1,max_hold 478d (+1.1%),evening,True
BXP,MomReversal,2025-02-25,2025-02-26,65.6937,66.0508,0.544,0.46,1,max_hold 478d (+0.5%),evening,False
ALL,Pullback50,2025-02-25,2025-02-26,184.8986,184.5394,-0.194,-0.16,1,max_hold 478d (-0.2%),evening,False
CINF,Pullback50,2025-02-25,2025-02-26,135.9835,136.2459,0.193,0.16,1,max_hold 478d (+0.2%),evening,False
CNC,52wkLow,2025-02-26,2025-02-27,56.9,57.6,1.23,1.03,1,max_hold 477d (+1.2%),evening,True
APP,GapDown,2025-02-26,2025-02-27,331.0,346.44,4.665,3.92,1,max_hold 477d (+4.7%),evening,False
CMG,MomReversal,2025-02-26,2025-02-27,53.42,53.77,0.655,0.55,1,max_hold 477d (+0.7%),evening,False
CVNA,Pullback50,2025-02-26,2025-02-27,46.526,46.636,0.236,0.2,1,max_hold 477d (+0.2%),evening,False
APH,RSIRecovery,2025-02-26,2025-02-27,65.5945,65.7629,0.257,0.22,1,max_hold 477d (+0.3%),evening,False
A,52wkLow,2025-02-27,2025-02-28,125.7782,126.8867,0.881,0.75,1,max_hold 476d (+0.9%),evening,True
APA,52wkLow,2025-02-27,2025-02-28,19.2874,19.0041,-1.469,-1.25,1,stop_loss (-1.5%),evening,True
AMAT,52wkLow,2025-02-27,2025-02-28,155.0584,155.7018,0.415,0.35,1,max_hold 476d (+0.4%),evening,True
MMM,VolumeSpike,2025-02-27,2025-02-28,147.036,147.9933,0.651,0.55,1,max_hold 476d (+0.7%),evening,True
AIZ,Pullback50,2025-02-27,2025-02-28,207.0679,207.8626,0.384,0.33,1,max_hold 476d (+0.4%),evening,False
A,52wkLow,2025-02-28,2025-03-03,126.6096,127.6785,0.844,0.14,1,max_hold 475d (+0.8%),evening,True
APA,52wkLow,2025-02-28,2025-03-03,19.5519,19.7314,0.918,0.16,1,max_hold 475d (+0.9%),evening,True
AMAT,52wkLow,2025-02-28,2025-03-03,156.474,158.1172,1.05,0.18,1,max_hold 475d (+1.1%),evening,True
TECH,52wkLow,2025-02-28,2025-03-03,61.2785,61.5068,0.372,0.06,1,max_hold 475d (+0.4%),evening,True
CNC,52wkLow,2025-02-28,2025-03-03,58.16,58.33,0.292,0.05,1,max_hold 475d (+0.3%),evening,True
A,52wkLow,2025-03-03,2025-03-04,125.0359,123.7195,-0.95,-0.61,1,stop_loss (-1.1%),evening,True
ALB,52wkLow,2025-03-03,2025-03-04,68.1846,67.2586,-1.358,-0.87,1,stop_loss (-1.4%),evening,True
ALGN,52wkLow,2025-03-03,2025-03-04,175.09,173.0,-5.04,-3.22,1,stop_loss (-1.2%),evening,True
AMAT,52wkLow,2025-03-03,2025-03-04,150.5939,151.5145,0.611,0.39,1,max_hold 472d (+0.6%),evening,True
AES,GapDown,2025-03-03,2025-03-04,10.4555,10.5209,0.626,0.4,1,max_hold 472d (+0.6%),evening,True
AOS,52wkLow,2025-03-04,2025-03-05,63.9318,64.4677,0.838,0.21,1,max_hold 471d (+0.8%),evening,True
AMD,52wkLow,2025-03-04,2025-03-05,100.75,100.36,-0.387,-0.1,1,max_hold 471d (-0.4%),evening,True
A,52wkLow,2025-03-04,2025-03-05,121.7994,121.2253,-0.471,-0.12,1,max_hold 471d (-0.5%),evening,True
ALB,52wkLow,2025-03-04,2025-03-05,70.3389,71.2942,1.358,0.34,1,max_hold 471d (+1.4%),evening,True
ALGN,52wkLow,2025-03-04,2025-03-05,169.88,169.93,0.029,0.01,1,max_hold 471d (+0.0%),evening,True
APA,52wkLow,2025-03-05,2025-03-06,17.5117,17.5117,-0.0,-0.0,1,max_hold 470d (-0.0%),evening,True
AVY,52wkLow,2025-03-05,2025-03-06,177.84,176.128,-2.16,-0.91,1,stop_loss (-1.0%),evening,True
TECH,52wkLow,2025-03-05,2025-03-06,61.7251,61.1892,-2.45,-1.04,1,stop_loss (-0.9%),evening,True
CPB,GapDown,2025-03-05,2025-03-06,36.6393,36.4803,-0.434,-0.18,1,max_hold 470d (-0.4%),evening,True
CAT,MomReversal,2025-03-05,2025-03-06,333.2613,330.0909,-2.69,-1.14,1,stop_loss (-1.0%),evening,False
AOS,52wkLow,2025-03-06,2025-03-07,66.4848,66.2802,-0.308,-0.12,1,max_hold 469d (-0.3%),evening,True
A,52wkLow,2025-03-06,2025-03-07,125.2536,124.6598,-0.474,-0.18,1,max_hold 469d (-0.5%),evening,True
AVY,52wkLow,2025-03-06,2025-03-07,177.4315,176.4781,-1.79,-0.69,1,stop_loss (-0.5%),evening,True
CDW,52wkLow,2025-03-06,2025-03-07,163.5296,163.5295,-0.0,-0.0,1,max_hold 469d (-0.0%),evening,True
ANET,GapDown,2025-03-06,2025-03-07,84.34,85.81,1.743,0.68,1,max_hold 469d (+1.7%),evening,True
ALGN,52wkLow,2025-03-07,2025-03-10,173.75,171.78,-0.53,-0.27,1,stop_loss (-1.1%),evening,True
AVY,52wkLow,2025-03-07,2025-03-10,178.9295,178.91,-0.011,-0.01,1,max_hold 468d (-0.0%),evening,True
CDW,52wkLow,2025-03-07,2025-03-10,164.6148,164.165,-0.273,-0.14,1,max_hold 468d (-0.3%),evening,True
CMG,52wkLow,2025-03-07,2025-03-10,50.23,49.33,-1.792,-0.9,1,stop_loss (-1.8%),evening,True
ALB,MomReversal,2025-03-07,2025-03-10,73.6043,73.6921,0.119,0.06,1,max_hold 468d (+0.1%),evening,False
A,52wkLow,2025-03-10,2025-03-11,120.6512,121.3342,0.566,0.08,1,max_hold 465d (+0.6%),evening,True
ALGN,52wkLow,2025-03-10,2025-03-11,163.39,165.0,0.985,0.14,1,max_hold 465d (+1.0%),evening,True
BDX,52wkLow,2025-03-10,2025-03-11,173.4841,172.8587,-0.361,-0.05,1,max_hold 465d (-0.4%),evening,True
TECH,52wkLow,2025-03-10,2025-03-11,62.4197,62.8762,0.731,0.11,1,max_hold 465d (+0.7%),evening,True
XYZ,52wkLow,2025-03-10,2025-03-11,54.74,54.76,0.037,0.01,1,max_hold 465d (+0.0%),evening,True
AOS,52wkLow,2025-03-11,2025-03-12,65.3934,65.5006,0.164,0.04,1,max_hold 464d (+0.2%),evening,True
ALGN,52wkLow,2025-03-11,2025-03-12,165.14,168.88,2.265,0.52,1,max_hold 464d (+2.3%),evening,True
BDX,52wkLow,2025-03-11,2025-03-12,171.5544,171.5468,-0.004,-0.0,1,max_hold 464d (-0.0%),evening,True
TECH,52wkLow,2025-03-11,2025-03-12,58.0236,58.222,0.342,0.08,1,max_hold 464d (+0.3%),evening,True
CDW,52wkLow,2025-03-11,2025-03-12,162.3465,162.767,0.259,0.06,1,max_hold 464d (+0.3%),evening,True
ALGN,52wkLow,2025-03-12,2025-03-13,164.57,163.58,-0.52,-0.26,1,stop_loss (-0.6%),evening,True
BDX,52wkLow,2025-03-12,2025-03-13,170.7154,169.8154,-0.66,-0.33,1,stop_loss (-0.5%),evening,True
TECH,52wkLow,2025-03-12,2025-03-13,59.7801,59.4724,-0.66,-0.33,1,stop_loss (-0.5%),evening,True
CDW,52wkLow,2025-03-12,2025-03-13,162.9429,162.9331,-0.006,-0.0,1,max_hold 463d (-0.0%),evening,True
CNC,52wkLow,2025-03-12,2025-03-13,58.45,58.33,-0.205,-0.1,1,max_hold 463d (-0.2%),evening,True
ADBE,52wkLow,2025-03-13,2025-03-14,377.84,379.75,0.506,0.28,1,max_hold 462d (+0.5%),evening,True
ALGN,52wkLow,2025-03-13,2025-03-14,160.51,163.74,2.012,1.13,1,max_hold 462d (+2.0%),evening,True
BDX,52wkLow,2025-03-13,2025-03-14,169.9298,169.6857,-0.144,-0.08,1,max_hold 462d (-0.1%),evening,True
TECH,52wkLow,2025-03-13,2025-03-14,59.4228,60.0778,1.102,0.62,1,max_hold 462d (+1.1%),evening,True
CVX,Pullback50,2025-03-13,2025-03-14,145.6608,146.0211,0.247,0.14,1,max_hold 462d (+0.2%),evening,False
ADBE,52wkLow,2025-03-14,2025-03-17,394.74,394.12,-0.157,-0.1,1,max_hold 461d (-0.2%),evening,True
A,52wkLow,2025-03-14,2025-03-17,119.9386,119.8594,-0.066,-0.04,1,max_hold 461d (-0.1%),evening,True
ABT,GapDown,2025-03-14,2025-03-17,123.6008,123.6106,0.008,0.0,1,max_hold 461d (+0.0%),evening,True
AXP,RSIRecovery,2025-03-14,2025-03-17,262.0047,261.5707,-0.166,-0.1,1,max_hold 461d (-0.2%),evening,False
BX,RSIRecovery,2025-03-14,2025-03-17,135.0004,135.2207,0.163,0.1,1,max_hold 461d (+0.2%),evening,False
BDX,52wkLow,2025-03-17,2025-03-18,173.774,174.2164,0.255,0.16,1,max_hold 458d (+0.3%),evening,True
AVGO,GapDown,2025-03-17,2025-03-18,192.3547,188.3394,-2.087,-1.32,1,stop_loss (-2.1%),evening,True
COHR,MomReversal,2025-03-17,2025-03-18,66.99,66.49,-0.51,-0.32,1,stop_loss (-0.7%),evening,False
ABT,Pullback50,2025-03-17,2025-03-18,124.508,124.8104,0.243,0.15,1,max_hold 458d (+0.2%),evening,False
CHRW,Pullback50,2025-03-17,2025-03-18,98.7823,98.5574,-0.228,-0.14,1,max_hold 458d (-0.2%),evening,False
CMG,52wkLow,2025-03-18,2025-03-19,47.79,47.75,-0.084,-0.09,1,max_hold 457d (-0.1%),evening,True
GOOG,MomReversal,2025-03-18,2025-03-19,162.0121,163.252,0.765,0.81,1,max_hold 457d (+0.8%),evening,False
BDX,Pullback50,2025-03-18,2025-03-19,177.0461,176.3368,-0.401,-0.42,1,max_hold 457d (-0.4%),evening,False
CHTR,Pullback50,2025-03-18,2025-03-19,354.45,353.65,-0.226,-0.24,1,max_hold 457d (-0.2%),evening,False
ARE,52wkLow,2025-03-19,2025-03-20,90.3457,90.281,-0.072,-0.03,1,max_hold 456d (-0.1%),evening,True
ADM,52wkLow,2025-03-19,2025-03-20,45.0343,44.9287,-0.234,-0.09,1,max_hold 456d (-0.2%),evening,True
CMG,52wkLow,2025-03-19,2025-03-20,48.99,48.5,-2.74,-1.06,1,stop_loss (-1.0%),evening,True
ABT,Pullback50,2025-03-19,2025-03-20,124.2934,124.2056,-0.071,-0.03,1,max_hold 456d (-0.1%),evening,False
ADP,Pullback50,2025-03-19,2025-03-20,289.2659,285.7322,-1.222,-0.47,1,stop_loss (-1.2%),evening,False
ADM,52wkLow,2025-03-20,2025-03-21,44.6408,44.7176,0.172,0.07,1,max_hold 455d (+0.2%),evening,True
CDW,52wkLow,2025-03-20,2025-03-21,164.341,162.5812,-3.83,-1.6,1,stop_loss (-1.1%),evening,True
ACN,GapDown,2025-03-20,2025-03-21,295.4298,292.6219,-1.6,-0.67,1,stop_loss (-1.0%),evening,True
CVNA,MomReversal,2025-03-20,2025-03-21,37.084,36.0,-2.923,-1.22,1,stop_loss (-2.9%),evening,False
BKR,Pullback50,2025-03-20,2025-03-21,43.6567,43.178,-2.12,-0.89,1,stop_loss (-1.1%),evening,False
AOS,52wkLow,2025-03-21,2025-03-24,64.799,65.4422,0.993,0.07,1,max_hold 454d (+1.0%),evening,True
ADBE,52wkLow,2025-03-21,2025-03-24,387.26,392.47,1.345,0.1,1,max_hold 454d (+1.3%),evening,True
A,52wkLow,2025-03-21,2025-03-24,119.513,120.6314,0.936,0.07,1,max_hold 454d (+0.9%),evening,True
ARE,52wkLow,2025-03-21,2025-03-24,89.0325,89.5596,0.592,0.04,1,max_hold 454d (+0.6%),evening,True
AMAT,52wkLow,2025-03-21,2025-03-24,150.584,153.9299,2.222,0.17,1,max_hold 454d (+2.2%),evening,True
AIZ,Pullback50,2025-03-24,2025-03-25,205.498,205.5863,0.043,0.02,1,max_hold 451d (+0.0%),evening,False
ADP,Pullback50,2025-03-24,2025-03-25,289.3627,289.4788,0.04,0.02,1,max_hold 451d (+0.0%),evening,False
BNY,Pullback50,2025-03-24,2025-03-25,82.6259,83.0649,0.531,0.29,1,max_hold 451d (+0.5%),evening,False
BR,Pullback50,2025-03-24,2025-03-25,230.2236,230.8386,0.267,0.15,1,max_hold 451d (+0.3%),evening,False
CHRW,Pullback50,2025-03-24,2025-03-25,98.2738,98.0097,-0.269,-0.15,1,max_hold 451d (-0.3%),evening,False
ADP,Pullback50,2025-03-25,2025-03-26,289.837,290.8439,0.347,0.29,1,max_hold 450d (+0.3%),evening,False
BKR,Pullback50,2025-03-25,2025-03-26,44.1354,44.2038,0.155,0.13,1,max_hold 450d (+0.2%),evening,False
BLK,Pullback50,2025-03-25,2025-03-26,948.4779,949.959,0.156,0.13,1,max_hold 450d (+0.2%),evening,False
BNY,Pullback50,2025-03-25,2025-03-26,83.1624,83.5233,0.434,0.36,1,max_hold 450d (+0.4%),evening,False
BKNG,Pullback50,2025-03-25,2025-03-26,189.1872,189.1907,0.002,0.0,1,max_hold 450d (+0.0%),evening,False
A,52wkLow,2025-03-26,2025-03-27,118.6717,118.7707,0.083,0.08,1,max_hold 449d (+0.1%),evening,True
ADP,Pullback50,2025-03-26,2025-03-27,292.7704,293.3707,0.205,0.21,1,max_hold 449d (+0.2%),evening,False
CHD,Pullback50,2025-03-26,2025-03-27,104.6031,105.6658,1.016,1.02,1,max_hold 449d (+1.0%),evening,False
CSCO,Pullback50,2025-03-26,2025-03-27,60.0089,60.0963,0.146,0.15,1,max_hold 449d (+0.1%),evening,False
AMD,GapDown,2025-03-27,2025-03-28,106.65,105.53,-1.46,-1.22,1,stop_loss (-1.1%),evening,True
APH,Pullback50,2025-03-27,2025-03-28,67.6908,67.0652,-0.72,-0.6,1,stop_loss (-0.9%),evening,False
BLK,Pullback50,2025-03-27,2025-03-28,943.0803,941.4239,-0.176,-0.15,1,max_hold 448d (-0.2%),evening,False
BKNG,Pullback50,2025-03-27,2025-03-28,188.1929,188.1929,-0.0,-0.0,1,max_hold 448d (-0.0%),evening,False
CHD,Pullback50,2025-03-27,2025-03-28,106.6498,107.3188,0.627,0.52,1,max_hold 448d (+0.6%),evening,False
GOOGL,52wkLow,2025-03-28,2025-03-31,153.7049,152.4899,-1.04,-1.08,1,stop_loss (-0.8%),evening,True
GOOG,52wkLow,2025-03-28,2025-03-31,155.4288,154.1838,-1.14,-1.18,1,stop_loss (-0.8%),evening,True
ARE,52wkLow,2025-03-31,2025-04-01,86.753,87.4751,0.832,0.24,1,max_hold 444d (+0.8%),evening,True
GOOGL,52wkLow,2025-03-31,2025-04-01,154.0137,152.9978,-1.33,-0.39,1,stop_loss (-0.7%),evening,True
GOOG,52wkLow,2025-03-31,2025-04-01,155.5981,154.6719,-5.17,-1.51,1,stop_loss (-0.6%),evening,True
CRL,52wkLow,2025-03-31,2025-04-01,150.52,150.81,0.193,0.06,1,max_hold 444d (+0.2%),evening,True
APP,GapDown,2025-03-31,2025-04-01,264.97,264.22,-0.283,-0.08,1,max_hold 444d (-0.3%),evening,True
BKR,Pullback50,2025-04-01,2025-04-02,43.7642,43.1683,-1.362,-1.13,1,stop_loss (-1.4%),evening,True
BSX,Pullback50,2025-04-01,2025-04-02,101.24,99.71,-1.511,-1.25,1,stop_loss (-1.5%),evening,True
CSCO,Pullback50,2025-04-01,2025-04-02,60.0089,59.4263,-5.93,-4.9,1,stop_loss (-1.0%),evening,True
ARE,RubberBand,2025-04-01,2025-04-02,85.4776,85.1963,-0.329,-0.27,1,max_hold 443d (-0.3%),evening,True
AOS,52wkLow,2025-04-01,2025-04-02,63.9221,63.3471,-1.26,-1.04,1,stop_loss (-0.9%),evening,False
ABT,Pullback50,2025-04-02,2025-04-03,128.6927,128.6732,-0.015,-0.01,1,max_hold 442d (-0.0%),evening,True
APH,Pullback50,2025-04-02,2025-04-03,67.4227,63.8877,-5.243,-2.32,1,stop_loss (-5.2%),evening,True
AIZ,Pullback50,2025-04-02,2025-04-03,206.8029,200.8276,-2.889,-1.28,1,stop_loss (-2.9%),evening,True
AVB,Pullback50,2025-04-02,2025-04-03,207.5156,204.8014,-1.308,-0.58,1,stop_loss (-1.3%),evening,True
BKR,Pullback50,2025-04-02,2025-04-03,43.8814,41.3317,-5.81,-2.57,1,stop_loss (-5.8%),evening,True
AON,Pullback50,2025-04-03,2025-04-04,391.6049,386.778,-1.233,-0.17,1,stop_loss (-1.2%),evening,True
ADP,Pullback50,2025-04-03,2025-04-04,295.6555,295.8394,0.062,0.01,1,max_hold 441d (+0.1%),evening,True
A,RubberBand,2025-04-03,2025-04-04,108.7771,106.2677,-2.307,-0.33,1,stop_loss (-2.3%),evening,True
ALB,RubberBand,2025-04-03,2025-04-04,65.1864,61.9908,-4.902,-0.69,1,stop_loss (-4.9%),evening,True
ARE,RubberBand,2025-04-03,2025-04-04,80.8825,79.2414,-2.029,-0.29,1,stop_loss (-2.0%),evening,True
MMM,RubberBand,2025-04-04,2025-04-07,123.9725,121.8429,-1.718,-0.16,1,stop_loss (-1.7%),evening,True
ABBV,RubberBand,2025-04-04,2025-04-07,179.4034,173.7131,-3.172,-0.3,1,stop_loss (-3.2%),evening,True
AES,RubberBand,2025-04-04,2025-04-07,10.0724,9.8202,-2.505,-0.24,1,stop_loss (-2.5%),evening,True
A,RubberBand,2025-04-04,2025-04-07,102.1614,101.7945,-0.359,-0.03,1,max_hold 440d (-0.4%),evening,True
ALB,RubberBand,2025-04-04,2025-04-07,57.3542,55.7858,-2.735,-0.26,1,stop_loss (-2.7%),evening,True
CASY,Pullback50,2025-04-07,2025-04-08,415.965,432.653,4.012,0.24,1,max_hold 437d (+4.0%),evening,True
KO,Pullback50,2025-04-07,2025-04-08,66.0177,66.5874,0.863,0.05,1,max_hold 437d (+0.9%),evening,True
AOS,RubberBand,2025-04-07,2025-04-08,59.0889,59.8003,1.204,0.07,1,max_hold 437d (+1.2%),evening,True
ARE,RubberBand,2025-04-07,2025-04-08,72.9678,75.5654,3.56,0.21,1,max_hold 437d (+3.6%),evening,True
AON,RubberBand,2025-04-07,2025-04-08,361.8688,371.1254,2.558,0.15,1,max_hold 437d (+2.6%),evening,True
ABBV,RubberBand,2025-04-08,2025-04-09,168.5697,161.4976,-4.195,-0.59,1,stop_loss (-4.2%),evening,True
AKAM,RubberBand,2025-04-08,2025-04-09,68.21,67.6,-2.42,-0.34,1,stop_loss (-0.9%),evening,True
ALB,RubberBand,2025-04-08,2025-04-09,49.7573,49.6691,-0.177,-0.03,1,max_hold 436d (-0.2%),evening,True
AON,RubberBand,2025-04-08,2025-04-09,357.7769,356.1977,-0.441,-0.06,1,max_hold 436d (-0.4%),evening,True
TECH,RubberBand,2025-04-08,2025-04-09,48.4373,46.1747,-4.671,-0.66,1,stop_loss (-4.7%),evening,True
AJG,Pullback50,2025-04-09,2025-04-10,319.5805,317.1824,-0.57,-0.03,1,stop_loss (-0.8%),evening,True
T,Pullback50,2025-04-09,2025-04-10,25.0967,25.1427,0.183,0.01,1,max_hold 435d (+0.2%),evening,True
ATO,Pullback50,2025-04-09,2025-04-10,144.8312,144.9382,0.074,0.0,1,max_hold 435d (+0.1%),evening,True
CVNA,Pullback50,2025-04-09,2025-04-10,44.088,40.6,-7.911,-0.47,1,stop_loss (-7.9%),evening,True
CB,Pullback50,2025-04-09,2025-04-10,281.951,280.2174,-4.7,-0.28,1,stop_loss (-0.6%),evening,True
AEP,Pullback50,2025-04-10,2025-04-11,99.1478,99.5705,0.426,0.07,1,max_hold 434d (+0.4%),evening,True
AJG,Pullback50,2025-04-10,2025-04-11,321.4557,321.8307,0.117,0.02,1,max_hold 434d (+0.1%),evening,True
T,Pullback50,2025-04-10,2025-04-11,25.2864,25.4685,0.72,0.12,1,max_hold 434d (+0.7%),evening,True
ATO,Pullback50,2025-04-10,2025-04-11,145.2203,144.8798,-0.234,-0.04,1,max_hold 434d (-0.2%),evening,True
CAH,Pullback50,2025-04-10,2025-04-11,127.4423,127.1753,-0.209,-0.03,1,max_hold 434d (-0.2%),evening,True
AFL,Pullback50,2025-04-11,2025-04-14,104.0243,104.9396,0.88,0.19,1,max_hold 433d (+0.9%),evening,True
AEE,Pullback50,2025-04-11,2025-04-14,94.1262,94.6667,0.574,0.12,1,max_hold 433d (+0.6%),evening,True
AEP,Pullback50,2025-04-11,2025-04-14,100.5216,100.3487,-0.172,-0.04,1,max_hold 433d (-0.2%),evening,True
ADP,Pullback50,2025-04-11,2025-04-14,289.9919,290.0984,0.037,0.01,1,max_hold 433d (+0.0%),evening,True
AXON,Pullback50,2025-04-11,2025-04-14,567.98,578.0,1.764,0.38,1,max_hold 433d (+1.8%),evening,True
LNT,Pullback50,2025-04-14,2025-04-15,59.4374,59.6105,0.291,0.15,1,max_hold 430d (+0.3%),evening,True
ALL,Pullback50,2025-04-14,2025-04-15,190.7216,191.4143,0.363,0.19,1,max_hold 430d (+0.4%),evening,True
AEE,Pullback50,2025-04-14,2025-04-15,95.5546,95.8345,0.293,0.16,1,max_hold 430d (+0.3%),evening,True
ADP,Pullback50,2025-04-14,2025-04-15,291.9475,291.9475,-0.0,-0.0,1,max_hold 430d (-0.0%),evening,True
BR,Pullback50,2025-04-14,2025-04-15,230.9167,231.356,0.19,0.1,1,max_hold 430d (+0.2%),evening,True
BAC,MomReversal,2025-04-15,2025-04-16,36.9623,36.8358,-0.342,-0.34,1,max_hold 429d (-0.3%),evening,False
CFG,MomReversal,2025-04-15,2025-04-16,34.5779,34.4629,-0.332,-0.33,1,max_hold 429d (-0.3%),evening,False
BLDR,52wkLow,2025-04-16,2025-04-17,113.06,113.46,0.354,0.21,1,max_hold 428d (+0.4%),evening,False
AMD,GapDown,2025-04-16,2025-04-17,88.29,88.84,0.623,0.37,1,max_hold 428d (+0.6%),evening,False
ADI,GapDown,2025-04-16,2025-04-17,172.8128,174.7381,1.114,0.67,1,max_hold 428d (+1.1%),evening,False
AMAT,GapDown,2025-04-16,2025-04-17,136.7947,137.5866,0.579,0.35,1,max_hold 428d (+0.6%),evening,False
ANET,GapDown,2025-04-16,2025-04-17,71.87,72.51,0.89,0.53,1,max_hold 428d (+0.9%),evening,False
ABT,Pullback50,2025-04-17,2025-04-21,128.3579,128.3481,-0.008,-0.0,1,max_hold 427d (-0.0%),evening,True
AEE,Pullback50,2025-04-17,2025-04-21,95.2072,94.6571,-0.61,-0.33,1,stop_loss (-0.6%),evening,True
CB,Pullback50,2025-04-17,2025-04-21,282.9119,282.3275,-0.207,-0.11,1,max_hold 427d (-0.2%),evening,True
BDX,52wkLow,2025-04-17,2025-04-21,151.5631,151.5631,-0.0,-0.0,1,max_hold 427d (-0.0%),evening,False
TECH,52wkLow,2025-04-17,2025-04-21,47.7327,46.8694,-1.809,-0.97,1,stop_loss (-1.8%),evening,False
CBRE,MomReversal,2025-04-21,2025-04-22,115.56,117.3,1.506,1.51,1,max_hold 423d (+1.5%),evening,False
AEE,Pullback50,2025-04-22,2025-04-23,95.6897,95.3326,-0.373,-0.26,1,max_hold 422d (-0.4%),evening,True
AJG,Pullback50,2025-04-22,2025-04-23,326.4198,326.8047,0.118,0.08,1,max_hold 422d (+0.1%),evening,True
AXON,Pullback50,2025-04-22,2025-04-23,555.52,576.4,3.759,2.58,1,max_hold 422d (+3.8%),evening,True
BR,Pullback50,2025-04-22,2025-04-23,229.423,232.6252,1.396,0.96,1,max_hold 422d (+1.4%),evening,True
BRO,Pullback50,2025-04-22,2025-04-23,116.3616,116.5199,0.136,0.09,1,max_hold 422d (+0.1%),evening,True
AJG,Pullback50,2025-04-23,2025-04-24,327.4462,324.9592,-1.01,-0.44,1,stop_loss (-0.8%),evening,True
BKNG,Pullback50,2025-04-23,2025-04-24,187.3309,186.3445,-13.91,-6.12,1,stop_loss (-0.5%),evening,True
BRO,Pullback50,2025-04-23,2025-04-24,116.995,116.2527,-5.17,-2.27,1,stop_loss (-0.6%),evening,True
BIIB,52wkLow,2025-04-23,2025-04-24,118.17,119.46,1.092,0.48,1,max_hold 421d (+1.1%),evening,False
BMY,GapDown,2025-04-23,2025-04-24,46.2205,45.6585,-1.216,-0.53,1,stop_loss (-1.2%),evening,False
AEE,Pullback50,2025-04-24,2025-04-25,95.4677,95.2651,-0.212,-0.1,1,max_hold 420d (-0.2%),evening,True
AJG,Pullback50,2025-04-24,2025-04-25,327.1797,323.0545,-1.261,-0.6,1,stop_loss (-1.3%),evening,True
AVGO,Pullback50,2025-04-24,2025-04-25,186.6378,185.4176,-13.91,-6.6,1,stop_loss (-0.7%),evening,True
BRO,Pullback50,2025-04-24,2025-04-25,116.5596,114.8373,-1.478,-0.7,1,stop_loss (-1.5%),evening,True
CBOE,Pullback50,2025-04-24,2025-04-25,211.1254,209.6265,-0.55,-0.26,1,stop_loss (-0.7%),evening,True
CBOE,Pullback50,2025-04-25,2025-04-28,212.0288,211.2048,-0.389,-0.39,1,max_hold 419d (-0.4%),evening,True
CNC,52wkLow,2025-04-25,2025-04-28,57.69,57.95,0.451,0.45,1,max_hold 419d (+0.5%),evening,False
CHD,52wkLow,2025-04-25,2025-04-28,97.7155,97.5679,-0.151,-0.15,1,max_hold 419d (-0.2%),evening,False
ABT,Pullback50,2025-04-28,2025-04-29,126.9369,126.3097,-0.494,-0.33,1,max_hold 416d (-0.5%),evening,True
ALL,Pullback50,2025-04-28,2025-04-29,190.6338,189.9802,-0.343,-0.23,1,max_hold 416d (-0.3%),evening,True
AEE,Pullback50,2025-04-28,2025-04-29,95.4388,95.1106,-0.344,-0.23,1,max_hold 416d (-0.3%),evening,True
AIG,Pullback50,2025-04-28,2025-04-29,79.6001,79.26,-0.427,-0.29,1,max_hold 416d (-0.4%),evening,True
CMS,Pullback50,2025-04-28,2025-04-29,69.8381,69.6839,-0.221,-0.15,1,max_hold 416d (-0.2%),evening,True
ABT,Pullback50,2025-04-29,2025-04-30,127.8875,128.2991,0.322,0.15,1,max_hold 415d (+0.3%),evening,True
ALL,Pullback50,2025-04-29,2025-04-30,193.9312,192.8971,-1.6,-0.75,1,stop_loss (-0.5%),evening,True
AEE,Pullback50,2025-04-29,2025-04-30,95.7476,96.2012,0.474,0.22,1,max_hold 415d (+0.5%),evening,True
AIG,Pullback50,2025-04-29,2025-04-30,79.6681,79.0366,-1.0,-0.47,1,stop_loss (-0.8%),evening,True
CB,Pullback50,2025-04-29,2025-04-30,282.2779,283.318,0.368,0.17,1,max_hold 415d (+0.4%),evening,True
ABBV,Pullback50,2025-04-30,2025-05-01,188.9446,186.7946,-2.62,-0.55,1,stop_loss (-1.1%),evening,True
ALL,Pullback50,2025-04-30,2025-05-01,193.541,189.9314,-1.865,-0.39,1,stop_loss (-1.9%),evening,True
AIG,Pullback50,2025-04-30,2025-05-01,79.2017,78.3079,-2.01,-0.43,1,stop_loss (-1.1%),evening,True
ADP,Pullback50,2025-04-30,2025-05-01,291.0181,289.6725,-0.462,-0.1,1,max_hold 414d (-0.5%),evening,True
CB,Pullback50,2025-04-30,2025-05-01,283.3973,279.9995,-5.69,-1.2,1,stop_loss (-1.2%),evening,True
AES,52wkLow,2025-05-01,2025-05-02,9.4635,9.6061,1.508,0.54,1,max_hold 413d (+1.5%),evening,True
BDX,52wkLow,2025-05-01,2025-05-02,129.3141,130.6261,1.015,0.36,1,max_hold 413d (+1.0%),evening,True
BLDR,52wkLow,2025-05-01,2025-05-02,111.93,113.32,1.242,0.44,1,max_hold 413d (+1.2%),evening,True
CHD,52wkLow,2025-05-01,2025-05-02,90.8968,91.2609,0.401,0.14,1,max_hold 413d (+0.4%),evening,True
APD,GapDown,2025-05-01,2025-05-02,265.0492,265.3804,0.125,0.04,1,max_hold 413d (+0.1%),evening,False
BDX,52wkLow,2025-05-02,2025-05-05,128.7345,128.4599,-0.213,-0.07,1,max_hold 412d (-0.2%),evening,True
XYZ,52wkLow,2025-05-02,2025-05-05,46.53,45.92,-1.311,-0.43,1,stop_loss (-1.3%),evening,True
CHD,52wkLow,2025-05-02,2025-05-05,91.4478,91.7823,0.366,0.12,1,max_hold 412d (+0.4%),evening,True
MMM,Pullback50,2025-05-02,2025-05-05,138.7913,137.3651,-2.17,-0.72,1,stop_loss (-1.0%),evening,False
ALL,Pullback50,2025-05-02,2025-05-05,194.4287,193.8142,-0.316,-0.1,1,max_hold 412d (-0.3%),evening,False
XYZ,52wkLow,2025-05-05,2025-05-06,46.64,45.7,-2.015,-1.56,1,stop_loss (-2.0%),evening,True
ALL,Pullback50,2025-05-05,2025-05-06,195.3555,195.1116,-0.125,-0.1,1,max_hold 409d (-0.1%),evening,False
AEE,Pullback50,2025-05-05,2025-05-06,96.0758,96.0275,-0.05,-0.04,1,max_hold 409d (-0.1%),evening,False
CB,Pullback50,2025-05-05,2025-05-06,285.1309,284.2592,-0.306,-0.24,1,max_hold 409d (-0.3%),evening,False
CSCO,Pullback50,2025-05-05,2025-05-06,57.9853,57.3109,-0.62,-0.48,1,stop_loss (-1.2%),evening,False
TECH,52wkLow,2025-05-06,2025-05-07,47.3556,49.6083,4.757,1.99,1,max_hold 408d (+4.8%),evening,True
XYZ,52wkLow,2025-05-06,2025-05-07,47.29,47.48,0.402,0.17,1,max_hold 408d (+0.4%),evening,True
BLDR,52wkLow,2025-05-06,2025-05-07,107.15,108.49,1.251,0.52,1,max_hold 408d (+1.3%),evening,True
ANET,GapDown,2025-05-06,2025-05-07,90.77,85.88,-5.387,-2.26,1,stop_loss (-5.4%),evening,False
CLX,GapDown,2025-05-06,2025-05-07,129.2255,129.2255,0.0,0.0,1,max_hold 408d (+0.0%),evening,False
GOOGL,52wkLow,2025-05-07,2025-05-08,150.7669,154.3722,2.391,0.92,1,max_hold 407d (+2.4%),evening,True
GOOG,52wkLow,2025-05-07,2025-05-08,152.182,155.2894,2.042,0.79,1,max_hold 407d (+2.0%),evening,True
TECH,52wkLow,2025-05-07,2025-05-08,48.3778,48.219,-0.328,-0.13,1,max_hold 407d (-0.3%),evening,True
BLDR,52wkLow,2025-05-07,2025-05-08,105.99,107.28,1.217,0.47,1,max_hold 407d (+1.2%),evening,True
ANET,GapDown,2025-05-07,2025-05-08,86.45,87.52,1.238,0.48,1,max_hold 407d (+1.2%),evening,False
TECH,52wkLow,2025-05-08,2025-05-09,49.3999,49.6182,0.442,0.29,1,max_hold 406d (+0.4%),evening,True
BIIB,52wkLow,2025-05-08,2025-05-09,118.39,118.75,0.304,0.2,1,max_hold 406d (+0.3%),evening,True
BLDR,52wkLow,2025-05-08,2025-05-09,111.07,111.91,0.756,0.5,1,max_hold 406d (+0.8%),evening,True
BKR,MomReversal,2025-05-08,2025-05-09,35.6349,36.2542,1.738,1.15,1,max_hold 406d (+1.7%),evening,False
CF,VolumeSpike,2025-05-08,2025-05-09,79.149,79.7233,0.726,0.48,1,max_hold 406d (+0.7%),evening,False
AMGN,52wkLow,2025-05-09,2025-05-12,255.841,256.428,0.229,0.13,1,max_hold 405d (+0.2%),evening,True
MMM,Pullback50,2025-05-09,2025-05-12,139.2993,142.7085,2.447,1.43,1,max_hold 405d (+2.4%),evening,False
LNT,Pullback50,2025-05-09,2025-05-12,59.8821,59.3585,-1.99,-1.16,1,stop_loss (-0.9%),evening,False
AEP,Pullback50,2025-05-09,2025-05-12,101.4667,99.974,-1.471,-0.86,1,stop_loss (-1.5%),evening,False
AIG,Pullback50,2025-05-09,2025-05-12,80.0664,80.6202,0.692,0.4,1,max_hold 405d (+0.7%),evening,False
ARE,52wkLow,2025-05-12,2025-05-13,69.6106,69.9763,0.525,0.27,1,max_hold 402d (+0.5%),evening,True
CPB,52wkLow,2025-05-12,2025-05-13,33.9455,33.9738,0.083,0.04,1,max_hold 402d (+0.1%),evening,True
CHD,52wkLow,2025-05-12,2025-05-13,93.6518,93.3173,-0.357,-0.19,1,max_hold 402d (-0.4%),evening,True
AEP,RubberBand,2025-05-12,2025-05-13,97.89,97.89,0.0,0.0,1,max_hold 402d (+0.0%),evening,True
KO,RubberBand,2025-05-12,2025-05-13,67.1377,67.1957,0.086,0.04,1,max_hold 402d (+0.1%),evening,True
ARE,52wkLow,2025-05-13,2025-05-14,67.8945,67.4443,-0.51,-0.48,1,stop_loss (-0.7%),evening,True
CPB,52wkLow,2025-05-13,2025-05-14,33.2277,33.1616,-0.199,-0.19,1,max_hold 401d (-0.2%),evening,True
CHD,52wkLow,2025-05-13,2025-05-14,92.5892,92.1562,-0.468,-0.44,1,max_hold 401d (-0.5%),evening,True
AEP,RubberBand,2025-05-13,2025-05-14,96.5039,96.2228,-0.291,-0.27,1,max_hold 401d (-0.3%),evening,True
ARE,52wkLow,2025-05-14,2025-05-15,66.5722,66.5534,-0.028,-0.02,1,max_hold 400d (-0.0%),evening,True
AMGN,52wkLow,2025-05-14,2025-05-15,252.3959,255.3021,1.151,0.67,1,max_hold 400d (+1.2%),evening,True
TECH,52wkLow,2025-05-14,2025-05-15,47.4946,47.6633,0.355,0.21,1,max_hold 400d (+0.4%),evening,True
CPB,52wkLow,2025-05-14,2025-05-15,32.406,32.5949,0.583,0.34,1,max_hold 400d (+0.6%),evening,True
AEP,RubberBand,2025-05-14,2025-05-15,95.5637,96.3197,0.791,0.46,1,max_hold 400d (+0.8%),evening,True
CPB,52wkLow,2025-05-15,2025-05-16,33.0199,33.0577,0.114,0.05,1,max_hold 399d (+0.1%),evening,True
LNT,Pullback50,2025-05-15,2025-05-16,59.8336,59.9015,0.113,0.05,1,max_hold 399d (+0.1%),evening,False
MO,Pullback50,2025-05-15,2025-05-16,53.4447,53.5735,0.241,0.11,1,max_hold 399d (+0.2%),evening,False
AIG,Pullback50,2025-05-15,2025-05-16,80.8631,80.8923,0.036,0.02,1,max_hold 399d (+0.0%),evening,False
CBOE,Pullback50,2025-05-15,2025-05-16,217.5382,217.8459,0.141,0.07,1,max_hold 399d (+0.1%),evening,False
AFL,Pullback50,2025-05-16,2025-05-19,104.0145,104.0535,0.037,0.02,1,max_hold 398d (+0.0%),evening,False
AEE,Pullback50,2025-05-16,2025-05-19,94.5991,94.3965,-0.214,-0.14,1,max_hold 398d (-0.2%),evening,False
AMT,Pullback50,2025-05-16,2025-05-19,203.8395,204.0878,0.122,0.08,1,max_hold 398d (+0.1%),evening,False
AWK,Pullback50,2025-05-16,2025-05-19,138.9025,138.5712,-0.238,-0.16,1,max_hold 398d (-0.2%),evening,False
AIZ,VolumeSpike,2025-05-16,2025-05-19,198.5218,197.7957,-0.366,-0.24,1,max_hold 398d (-0.4%),evening,False
BLDR,GapDown,2025-05-19,2025-05-20,117.6,116.63,-0.88,-0.51,1,stop_loss (-0.8%),evening,False
COHR,GapDown,2025-05-19,2025-05-20,79.38,78.92,-4.66,-2.72,1,stop_loss (-0.6%),evening,False
AEE,Pullback50,2025-05-19,2025-05-20,95.516,95.1782,-0.354,-0.21,1,max_hold 395d (-0.4%),evening,False
AEP,Pullback50,2025-05-19,2025-05-20,100.5944,100.4587,-0.135,-0.08,1,max_hold 395d (-0.1%),evening,False
AMT,Pullback50,2025-05-19,2025-05-20,205.5112,203.9637,-1.75,-1.02,1,stop_loss (-0.8%),evening,False
AEP,Pullback50,2025-05-20,2025-05-21,100.5459,100.3811,-0.164,-0.15,1,max_hold 394d (-0.2%),evening,False
AMT,Pullback50,2025-05-20,2025-05-21,205.7691,205.9984,0.111,0.1,1,max_hold 394d (+0.1%),evening,False
AWK,Pullback50,2025-05-20,2025-05-21,140.1301,140.0424,-0.063,-0.06,1,max_hold 394d (-0.1%),evening,False
CI,Pullback50,2025-05-20,2025-05-21,316.4318,314.1243,-0.74,-0.68,1,stop_loss (-0.7%),evening,False
CMS,Pullback50,2025-05-20,2025-05-21,69.85,69.7433,-0.153,-0.14,1,max_hold 394d (-0.2%),evening,False
BLDR,52wkLow,2025-05-21,2025-05-22,108.38,108.34,-0.037,-0.04,1,max_hold 393d (-0.0%),evening,True
CPB,52wkLow,2025-05-21,2025-05-22,32.3304,32.3115,-0.058,-0.06,1,max_hold 393d (-0.1%),evening,True
AES,52wkLow,2025-05-22,2025-05-23,9.1591,9.0735,-0.51,-0.5,1,stop_loss (-0.9%),evening,True
BLDR,52wkLow,2025-05-22,2025-05-23,109.84,106.56,-2.986,-2.91,1,stop_loss (-3.0%),evening,True
CPB,52wkLow,2025-05-22,2025-05-23,32.2171,32.1604,-0.176,-0.17,1,max_hold 392d (-0.2%),evening,True
CPB,52wkLow,2025-05-23,2025-05-27,31.6409,31.8581,0.687,0.29,1,max_hold 391d (+0.7%),evening,True
AAPL,GapDown,2025-05-23,2025-05-27,194.4984,197.5164,1.552,0.65,1,max_hold 391d (+1.6%),evening,False
APTV,GapDown,2025-05-23,2025-05-27,66.06,67.27,1.832,0.76,1,max_hold 391d (+1.8%),evening,False
BBY,GapDown,2025-05-23,2025-05-27,65.3192,66.7392,2.174,0.9,1,max_hold 391d (+2.2%),evening,False
XYZ,GapDown,2025-05-23,2025-05-27,58.74,60.05,2.23,0.93,1,max_hold 391d (+2.2%),evening,False
ARE,52wkLow,2025-05-27,2025-05-28,65.9814,66.0752,0.142,0.09,1,max_hold 387d (+0.1%),evening,True
CPB,52wkLow,2025-05-27,2025-05-28,32.4343,32.4721,0.116,0.08,1,max_hold 387d (+0.1%),evening,True
AIG,Pullback50,2025-05-27,2025-05-28,80.8048,80.6299,-0.216,-0.14,1,max_hold 387d (-0.2%),evening,False
AMT,Pullback50,2025-05-27,2025-05-28,204.1452,203.4765,-0.328,-0.22,1,max_hold 387d (-0.3%),evening,False
T,Pullback50,2025-05-27,2025-05-28,26.2446,26.235,-0.037,-0.02,1,max_hold 387d (-0.0%),evening,False
T,Pullback50,2025-05-28,2025-05-29,26.35,26.3308,-0.073,-0.07,1,max_hold 386d (-0.1%),evening,False
CB,Pullback50,2025-05-28,2025-05-29,286.2899,285.5668,-0.253,-0.24,1,max_hold 386d (-0.3%),evening,False
CNP,VolumeSpike,2025-05-28,2025-05-29,36.3615,36.029,-0.9,-0.87,1,stop_loss (-0.9%),evening,False
CPB,52wkLow,2025-05-29,2025-05-30,32.2737,32.321,0.146,0.08,1,max_hold 385d (+0.1%),evening,True
LNT,Pullback50,2025-05-29,2025-05-30,59.9693,60.0275,0.097,0.06,1,max_hold 385d (+0.1%),evening,False
AMT,Pullback50,2025-05-29,2025-05-30,204.1547,203.5911,-0.276,-0.16,1,max_hold 385d (-0.3%),evening,False
AON,Pullback50,2025-05-29,2025-05-30,365.1882,364.9493,-0.065,-0.04,1,max_hold 385d (-0.1%),evening,False
ATO,Pullback50,2025-05-29,2025-05-30,150.9677,150.8699,-0.065,-0.04,1,max_hold 385d (-0.1%),evening,False
ARE,52wkLow,2025-05-30,2025-06-02,65.822,65.6438,-0.271,-0.03,1,max_hold 384d (-0.3%),evening,True
TECH,52wkLow,2025-05-30,2025-06-02,48.1088,47.5919,-0.58,-0.07,1,stop_loss (-1.1%),evening,True
CPB,52wkLow,2025-05-30,2025-06-02,32.1509,32.916,2.38,0.27,1,max_hold 384d (+2.4%),evening,True
CNC,52wkLow,2025-05-30,2025-06-02,56.44,55.1,-2.374,-0.27,1,stop_loss (-2.4%),evening,True
CVX,52wkLow,2025-05-30,2025-06-02,131.2048,132.9228,1.309,0.15,1,max_hold 384d (+1.3%),evening,True
CPB,VolumeSpike,2025-06-02,2025-06-03,32.3493,32.1226,-13.91,-5.81,1,stop_loss (-0.7%),evening,True
CIEN,VolumeSpike,2025-06-02,2025-06-03,81.75,82.42,0.82,0.34,1,max_hold 381d (+0.8%),evening,True
CVX,52wkLow,2025-06-02,2025-06-03,132.299,132.1166,-0.138,-0.06,1,max_hold 381d (-0.1%),evening,False
BAX,MomReversal,2025-06-02,2025-06-03,29.299,29.061,-0.96,-0.4,1,stop_loss (-0.8%),evening,False
ABBV,Pullback50,2025-06-02,2025-06-03,181.0904,181.0032,-0.048,-0.02,1,max_hold 381d (-0.0%),evening,False
CPB,52wkLow,2025-06-03,2025-06-04,32.3587,32.4437,0.263,0.26,1,max_hold 380d (+0.3%),evening,False
ABBV,Pullback50,2025-06-03,2025-06-04,181.3422,182.4656,0.62,0.6,1,max_hold 380d (+0.6%),evening,False
AMT,Pullback50,2025-06-03,2025-06-04,203.849,203.7153,-0.066,-0.06,1,max_hold 380d (-0.1%),evening,False
CIEN,VolumeSpike,2025-06-04,2025-06-05,83.89,76.85,-8.392,-7.64,1,stop_loss (-8.4%),evening,True
BF-B,MomReversal,2025-06-04,2025-06-05,31.8471,26.3698,-17.199,-15.65,1,stop_loss (-17.2%),evening,False
AMT,Pullback50,2025-06-04,2025-06-05,204.7757,205.5112,0.359,0.33,1,max_hold 379d (+0.4%),evening,False
CASY,Pullback50,2025-06-04,2025-06-05,446.5397,446.6991,0.036,0.03,1,max_hold 379d (+0.0%),evening,False
BF-B,52wkLow,2025-06-05,2025-06-06,26.1396,26.4657,1.248,1.13,1,max_hold 378d (+1.2%),evening,False
AMT,Pullback50,2025-06-05,2025-06-06,206.5525,205.6927,-0.416,-0.38,1,max_hold 378d (-0.4%),evening,False
BF-B,52wkLow,2025-06-06,2025-06-09,26.9645,27.2517,1.065,0.97,1,max_hold 377d (+1.1%),evening,False
KO,Pullback50,2025-06-06,2025-06-09,68.8951,68.8951,-0.0,-0.0,1,max_hold 377d (-0.0%),evening,False
BF-B,52wkLow,2025-06-09,2025-06-10,26.7489,26.9713,0.832,0.76,1,max_hold 374d (+0.8%),evening,False
KO,Pullback50,2025-06-09,2025-06-10,69.3007,69.4262,0.181,0.17,1,max_hold 374d (+0.2%),evening,False
CPB,52wkLow,2025-06-10,2025-06-11,32.1793,32.2265,0.147,0.08,1,max_hold 373d (+0.1%),evening,False
LNT,Pullback50,2025-06-10,2025-06-11,59.0094,59.2227,0.361,0.2,1,max_hold 373d (+0.4%),evening,False
AMT,Pullback50,2025-06-10,2025-06-11,205.0145,205.0145,0.0,0.0,1,max_hold 373d (+0.0%),evening,False
AZO,Pullback50,2025-06-10,2025-06-11,3713.5701,3703.22,-0.279,-0.15,1,max_hold 373d (-0.3%),evening,False
CBOE,Pullback50,2025-06-10,2025-06-11,220.0941,218.8697,-1.71,-0.93,1,stop_loss (-0.6%),evening,False
BF-B,52wkLow,2025-06-11,2025-06-12,26.5941,26.3234,-1.19,-0.74,1,stop_loss (-1.0%),evening,False
LNT,Pullback50,2025-06-11,2025-06-12,59.2712,59.2906,0.033,0.02,1,max_hold 372d (+0.0%),evening,False
AEE,Pullback50,2025-06-11,2025-06-12,93.1946,93.4863,0.313,0.19,1,max_hold 372d (+0.3%),evening,False
CBOE,Pullback50,2025-06-11,2025-06-12,221.8759,221.8759,-0.0,-0.0,1,max_hold 372d (-0.0%),evening,False
COR,Pullback50,2025-06-11,2025-06-12,284.4922,286.2787,0.628,0.39,1,max_hold 372d (+0.6%),evening,False
BA,GapDown,2025-06-12,2025-06-13,203.75,200.68,-1.507,-0.44,1,stop_loss (-1.5%),evening,True
ADBE,VolumeSpike,2025-06-12,2025-06-13,413.68,392.5,-5.12,-1.48,1,stop_loss (-5.1%),evening,True
BF-B,52wkLow,2025-06-12,2025-06-13,26.3911,26.217,-0.91,-0.26,1,stop_loss (-0.7%),evening,False
LNT,Pullback50,2025-06-12,2025-06-13,59.659,59.6591,0.0,0.0,1,max_hold 371d (+0.0%),evening,False
ALL,Pullback50,2025-06-12,2025-06-13,196.3676,196.4362,0.035,0.01,1,max_hold 371d (+0.0%),evening,False
CCL,GapDown,2025-06-13,2025-06-16,22.1711,22.8636,3.124,2.7,1,max_hold 370d (+3.1%),evening,True
CVX,VolumeSpike,2025-06-13,2025-06-16,140.0445,139.8718,-0.123,-0.11,1,max_hold 370d (-0.1%),evening,True
BSX,Pullback50,2025-06-13,2025-06-16,99.74,100.68,0.942,0.82,1,max_hold 370d (+0.9%),evening,False
CB,Pullback50,2025-06-13,2025-06-16,285.0565,285.8516,0.279,0.24,1,max_hold 370d (+0.3%),evening,False
AMD,VolumeSpike,2025-06-16,2025-06-17,126.39,127.93,1.218,0.59,1,max_hold 367d (+1.2%),evening,True
BF-B,52wkLow,2025-06-16,2025-06-17,25.0662,25.0468,-0.077,-0.04,1,max_hold 367d (-0.1%),evening,False
CPB,52wkLow,2025-06-16,2025-06-17,30.4697,30.3658,-0.341,-0.17,1,max_hold 367d (-0.3%),evening,False
CNC,52wkLow,2025-06-16,2025-06-17,54.68,54.79,0.201,0.1,1,max_hold 367d (+0.2%),evening,False
CLX,52wkLow,2025-06-16,2025-06-17,118.5851,117.9918,-0.64,-0.31,1,stop_loss (-0.5%),evening,False
BDX,52wkLow,2025-06-17,2025-06-18,130.4011,130.217,-0.141,-0.1,1,max_hold 366d (-0.1%),evening,False
ALLE,Pullback50,2025-06-17,2025-06-18,135.169,135.3675,0.147,0.11,1,max_hold 366d (+0.1%),evening,False
AMT,Pullback50,2025-06-17,2025-06-18,207.1383,207.5908,0.218,0.16,1,max_hold 366d (+0.2%),evening,False
BSX,Pullback50,2025-06-17,2025-06-18,101.73,101.81,0.079,0.06,1,max_hold 366d (+0.1%),evening,False
BR,Pullback50,2025-06-17,2025-06-18,233.9474,233.9278,-0.008,-0.01,1,max_hold 366d (-0.0%),evening,False
ALL,VolumeSpike,2025-06-18,2025-06-20,191.8094,192.2015,0.204,0.13,1,max_hold 365d (+0.2%),evening,True
BDX,52wkLow,2025-06-18,2025-06-20,129.3652,129.9177,0.427,0.27,1,max_hold 365d (+0.4%),evening,False
BLDR,52wkLow,2025-06-18,2025-06-20,106.85,109.63,2.602,1.62,1,max_hold 365d (+2.6%),evening,False
CNC,52wkLow,2025-06-18,2025-06-20,55.15,55.01,-0.254,-0.16,1,max_hold 365d (-0.3%),evening,False
MMM,Pullback50,2025-06-18,2025-06-20,139.8932,140.6785,0.561,0.35,1,max_hold 365d (+0.6%),evening,False
ACN,GapDown,2025-06-20,2025-06-23,281.5621,282.1837,0.221,0.03,1,max_hold 363d (+0.2%),evening,True
MMM,VolumeSpike,2025-06-20,2025-06-23,141.3853,141.7387,0.25,0.04,1,max_hold 363d (+0.2%),evening,True
AFL,VolumeSpike,2025-06-20,2025-06-23,101.1424,101.0934,-0.048,-0.01,1,max_hold 363d (-0.0%),evening,True
ALLE,VolumeSpike,2025-06-20,2025-06-23,136.5481,136.6374,0.065,0.01,1,max_hold 363d (+0.1%),evening,True
MO,VolumeSpike,2025-06-20,2025-06-23,55.9546,55.9546,0.0,0.0,1,max_hold 363d (+0.0%),evening,True
BNY,VolumeSpike,2025-06-23,2025-06-24,87.9768,88.7228,0.848,0.23,1,max_hold 360d (+0.8%),evening,True
ABT,Pullback50,2025-06-23,2025-06-24,130.5922,130.651,0.045,0.01,1,max_hold 360d (+0.0%),evening,False
LNT,Pullback50,2025-06-23,2025-06-24,59.4748,59.7172,0.408,0.11,1,max_hold 360d (+0.4%),evening,False
ALL,Pullback50,2025-06-23,2025-06-24,194.4169,194.113,-0.156,-0.04,1,max_hold 360d (-0.2%),evening,False
AEE,Pullback50,2025-06-23,2025-06-24,93.3502,93.3405,-0.01,-0.0,1,max_hold 360d (-0.0%),evening,False
CF,GapDown,2025-06-24,2025-06-25,92.6915,92.5936,-0.106,-0.09,1,max_hold 359d (-0.1%),evening,True
AEE,Pullback50,2025-06-24,2025-06-25,93.7002,93.6127,-0.093,-0.08,1,max_hold 359d (-0.1%),evening,False
AEP,Pullback50,2025-06-24,2025-06-25,100.1097,99.8577,-0.252,-0.22,1,max_hold 359d (-0.3%),evening,False
ATO,Pullback50,2025-06-24,2025-06-25,153.0218,152.2686,-0.492,-0.43,1,max_hold 359d (-0.5%),evening,False
CME,Pullback50,2025-06-25,2025-06-26,262.8056,264.2783,0.56,0.51,1,max_hold 358d (+0.6%),evening,False
CNC,52wkLow,2025-06-26,2025-06-27,53.57,53.83,0.485,0.43,1,max_hold 357d (+0.5%),evening,False
CL,52wkLow,2025-06-26,2025-06-27,85.6258,85.7038,0.091,0.08,1,max_hold 357d (+0.1%),evening,False
ABBV,Pullback50,2025-06-26,2025-06-27,180.8967,181.9717,0.594,0.52,1,max_hold 357d (+0.6%),evening,False
BR,Pullback50,2025-06-26,2025-06-27,234.3491,234.7705,0.18,0.16,1,max_hold 357d (+0.2%),evening,False
AZO,RSIRecovery,2025-06-26,2025-06-27,3522.25,3517.04,-0.148,-0.13,1,max_hold 357d (-0.1%),evening,False
AFL,VolumeSpike,2025-06-27,2025-06-30,102.8754,102.7285,-0.143,-0.03,1,max_hold 356d (-0.1%),evening,True
ALGN,VolumeSpike,2025-06-27,2025-06-30,188.52,189.75,0.652,0.14,1,max_hold 356d (+0.7%),evening,True
AON,VolumeSpike,2025-06-27,2025-06-30,351.0651,350.6471,-0.119,-0.03,1,max_hold 356d (-0.1%),evening,True
APP,VolumeSpike,2025-06-27,2025-06-30,333.78,341.32,2.259,0.5,1,max_hold 356d (+2.3%),evening,True
AJG,VolumeSpike,2025-06-27,2025-06-30,314.1927,312.1062,-3.1,-0.68,1,stop_loss (-0.7%),evening,True
AES,GapDown,2025-06-30,2025-07-01,10.0056,10.0341,0.285,0.07,1,max_hold 353d (+0.3%),evening,True
CI,VolumeSpike,2025-06-30,2025-07-01,323.415,324.726,0.405,0.1,1,max_hold 353d (+0.4%),evening,True
BMY,MomReversal,2025-06-30,2025-07-01,44.0871,44.0585,-0.065,-0.02,1,max_hold 353d (-0.1%),evening,False
LNT,Pullback50,2025-06-30,2025-07-01,58.6313,58.6701,0.066,0.02,1,max_hold 353d (+0.1%),evening,False
ALL,Pullback50,2025-06-30,2025-07-01,197.3381,197.3479,0.005,0.0,1,max_hold 353d (+0.0%),evening,False
LNT,Pullback50,2025-07-01,2025-07-02,59.4942,59.5524,0.098,0.04,1,max_hold 352d (+0.1%),evening,True
AEE,Pullback50,2025-07-01,2025-07-02,93.7197,93.4863,-0.249,-0.09,1,max_hold 352d (-0.2%),evening,True
AEP,Pullback50,2025-07-01,2025-07-02,101.1856,100.6622,-2.31,-0.85,1,stop_loss (-0.5%),evening,True
AWK,Pullback50,2025-07-01,2025-07-02,138.9025,138.386,-0.372,-0.14,1,max_hold 352d (-0.4%),evening,True
ADP,Pullback50,2025-07-01,2025-07-02,301.7446,299.75,-3.1,-1.14,1,stop_loss (-0.7%),evening,True
ACGL,52wkLow,2025-07-02,2025-07-03,88.38,88.88,0.566,0.52,1,max_hold 351d (+0.6%),evening,True
CNC,52wkLow,2025-07-02,2025-07-03,33.78,33.96,0.533,0.49,1,max_hold 351d (+0.5%),evening,True
CME,Pullback50,2025-07-02,2025-07-03,265.4911,265.5007,0.004,0.0,1,max_hold 351d (+0.0%),evening,True
BR,VolumeSpike,2025-07-02,2025-07-03,233.2223,236.0149,1.197,1.1,1,max_hold 351d (+1.2%),evening,False
CNC,52wkLow,2025-07-03,2025-07-07,33.31,33.34,0.09,0.04,1,max_hold 350d (+0.1%),evening,True
LNT,Pullback50,2025-07-03,2025-07-07,59.659,60.0857,0.715,0.31,1,max_hold 350d (+0.7%),evening,True
AEE,Pullback50,2025-07-03,2025-07-07,93.3599,93.3599,0.0,0.0,1,max_hold 350d (+0.0%),evening,True
AEP,Pullback50,2025-07-03,2025-07-07,100.6719,100.6719,0.0,0.0,1,max_hold 350d (+0.0%),evening,True
AIG,Pullback50,2025-07-03,2025-07-07,81.2406,81.1234,-0.144,-0.06,1,max_hold 350d (-0.1%),evening,True
CNC,52wkLow,2025-07-07,2025-07-08,33.05,32.95,-0.303,-0.28,1,max_hold 346d (-0.3%),evening,True
AEP,Pullback50,2025-07-07,2025-07-08,100.9724,100.2648,-1.26,-1.17,1,stop_loss (-0.7%),evening,True
ABT,Pullback50,2025-07-08,2025-07-09,130.6902,130.798,0.082,0.05,1,max_hold 345d (+0.1%),evening,True
AEP,Pullback50,2025-07-08,2025-07-09,100.7688,100.7688,0.0,0.0,1,max_hold 345d (+0.0%),evening,True
AIG,Pullback50,2025-07-08,2025-07-09,81.2601,81.3285,0.084,0.05,1,max_hold 345d (+0.1%),evening,True
AWK,Pullback50,2025-07-08,2025-07-09,137.402,137.2071,-0.142,-0.09,1,max_hold 345d (-0.1%),evening,True
CINF,Pullback50,2025-07-08,2025-07-09,143.6723,144.2918,0.431,0.27,1,max_hold 345d (+0.4%),evening,True
ACGL,52wkLow,2025-07-09,2025-07-10,87.92,87.47,-1.43,-0.57,1,stop_loss (-0.5%),evening,True
LNT,Pullback50,2025-07-09,2025-07-10,59.8433,59.3779,-0.55,-0.22,1,stop_loss (-0.8%),evening,True
AWK,Pullback50,2025-07-09,2025-07-10,138.1619,136.6712,-0.5,-0.2,1,stop_loss (-1.1%),evening,True
APP,Pullback50,2025-07-09,2025-07-10,352.74,359.355,1.875,0.75,1,max_hold 344d (+1.9%),evening,True
ADP,Pullback50,2025-07-09,2025-07-10,300.0711,299.0397,-0.344,-0.14,1,max_hold 344d (-0.3%),evening,True
ACN,52wkLow,2025-07-10,2025-07-11,285.9352,284.7948,-0.399,-0.16,1,max_hold 343d (-0.4%),evening,True
ACGL,52wkLow,2025-07-10,2025-07-11,88.56,88.03,-1.92,-0.77,1,stop_loss (-0.6%),evening,True
CPB,52wkLow,2025-07-10,2025-07-11,29.1539,29.0583,-0.328,-0.13,1,max_hold 343d (-0.3%),evening,True
MO,Pullback50,2025-07-10,2025-07-11,54.8308,54.7278,-0.188,-0.07,1,max_hold 343d (-0.2%),evening,True
AEE,Pullback50,2025-07-10,2025-07-11,93.6224,93.1655,-0.488,-0.19,1,max_hold 343d (-0.5%),evening,True
ACN,52wkLow,2025-07-11,2025-07-14,278.6966,278.3297,-0.132,-0.07,1,max_hold 342d (-0.1%),evening,True
BAX,52wkLow,2025-07-11,2025-07-14,28.4562,28.2579,-3.66,-2.0,1,stop_loss (-0.7%),evening,True
CPB,52wkLow,2025-07-11,2025-07-14,29.8711,29.8328,-0.128,-0.07,1,max_hold 342d (-0.1%),evening,True
AEE,Pullback50,2025-07-11,2025-07-14,93.5349,93.4863,-0.052,-0.03,1,max_hold 342d (-0.1%),evening,True
AWK,Pullback50,2025-07-11,2025-07-14,138.6393,138.9025,0.19,0.1,1,max_hold 342d (+0.2%),evening,True
BAX,52wkLow,2025-07-14,2025-07-15,28.2876,28.4661,0.631,0.23,1,max_hold 339d (+0.6%),evening,True
CPB,52wkLow,2025-07-14,2025-07-15,29.3643,29.3356,-0.098,-0.04,1,max_hold 339d (-0.1%),evening,True
MO,Pullback50,2025-07-14,2025-07-15,54.4375,54.1284,-1.0,-0.36,1,stop_loss (-0.6%),evening,True
AEE,Pullback50,2025-07-14,2025-07-15,93.8363,93.3599,-0.55,-0.2,1,stop_loss (-0.5%),evening,True
APP,Pullback50,2025-07-14,2025-07-15,355.9,348.0,-2.22,-0.81,1,stop_loss (-2.2%),evening,True
MO,Pullback50,2025-07-15,2025-07-16,54.7652,54.7559,-0.017,-0.02,1,max_hold 338d (-0.0%),evening,True
CME,Pullback50,2025-07-15,2025-07-16,264.7018,264.7019,0.0,0.0,1,max_hold 338d (+0.0%),evening,True
MO,Pullback50,2025-07-16,2025-07-17,55.1211,54.9713,-0.272,-0.15,1,max_hold 337d (-0.3%),evening,True
AEE,Pullback50,2025-07-16,2025-07-17,94.1669,93.8655,-0.32,-0.17,1,max_hold 337d (-0.3%),evening,True
AWK,Pullback50,2025-07-16,2025-07-17,138.084,137.5968,-0.353,-0.19,1,max_hold 337d (-0.4%),evening,True
ATO,Pullback50,2025-07-16,2025-07-17,151.447,151.672,0.149,0.08,1,max_hold 337d (+0.1%),evening,True
CINF,Pullback50,2025-07-16,2025-07-17,145.2851,144.3312,-0.57,-0.31,1,stop_loss (-0.7%),evening,True
BAX,52wkLow,2025-07-17,2025-07-18,27.6531,27.8117,0.574,0.18,1,max_hold 336d (+0.6%),evening,True
AWK,Pullback50,2025-07-17,2025-07-18,138.5614,138.8147,0.183,0.06,1,max_hold 336d (+0.2%),evening,True
AME,Pullback50,2025-07-17,2025-07-18,178.5759,179.1821,0.339,0.11,1,max_hold 336d (+0.3%),evening,True
APP,Pullback50,2025-07-17,2025-07-18,363.78,372.59,2.422,0.75,1,max_hold 336d (+2.4%),evening,True
ATO,Pullback50,2025-07-17,2025-07-18,151.8774,152.2002,0.213,0.07,1,max_hold 336d (+0.2%),evening,True
ACGL,52wkLow,2025-07-18,2025-07-21,88.35,88.18,-0.192,-0.09,1,max_hold 335d (-0.2%),evening,True
MO,Pullback50,2025-07-18,2025-07-21,54.3345,54.2221,-0.207,-0.1,1,max_hold 335d (-0.2%),evening,True
AZO,Pullback50,2025-07-18,2025-07-21,3713.9299,3714.3601,0.012,0.01,1,max_hold 335d (+0.0%),evening,True
AXON,Pullback50,2025-07-18,2025-07-21,756.09,755.92,-0.022,-0.01,1,max_hold 335d (-0.0%),evening,True
BR,Pullback50,2025-07-18,2025-07-21,234.2904,234.4863,0.084,0.04,1,max_hold 335d (+0.1%),evening,True
MO,Pullback50,2025-07-21,2025-07-22,55.1773,54.8308,-2.16,-1.34,1,stop_loss (-0.6%),evening,True
APP,Pullback50,2025-07-21,2025-07-22,366.17,363.3,-1.71,-1.06,1,stop_loss (-0.8%),evening,True
AZO,Pullback50,2025-07-21,2025-07-22,3729.7,3730.29,0.016,0.01,1,max_hold 332d (+0.0%),evening,True
BSX,Pullback50,2025-07-21,2025-07-22,103.78,104.23,0.434,0.27,1,max_hold 332d (+0.4%),evening,True
COR,Pullback50,2025-07-21,2025-07-22,290.4771,290.477,-0.0,-0.0,1,max_hold 332d (-0.0%),evening,True
BAX,52wkLow,2025-07-22,2025-07-23,27.2763,27.8514,2.108,1.3,1,max_hold 331d (+2.1%),evening,True
ABBV,Pullback50,2025-07-22,2025-07-23,182.7717,182.7131,-0.032,-0.02,1,max_hold 331d (-0.0%),evening,True
AXP,Pullback50,2025-07-22,2025-07-23,301.745,305.5746,1.269,0.78,1,max_hold 331d (+1.3%),evening,True
AME,Pullback50,2025-07-22,2025-07-23,178.079,180.0466,1.105,0.68,1,max_hold 331d (+1.1%),evening,True
CPT,Pullback50,2025-07-22,2025-07-23,112.1802,112.219,0.035,0.02,1,max_hold 331d (+0.0%),evening,True
BAX,52wkLow,2025-07-23,2025-07-24,28.3174,28.0695,-1.14,-0.31,1,stop_loss (-0.9%),evening,True
APP,Pullback50,2025-07-23,2025-07-24,362.12,363.82,0.469,0.13,1,max_hold 330d (+0.5%),evening,True
T,Pullback50,2025-07-23,2025-07-24,26.8552,26.8746,0.072,0.02,1,max_hold 330d (+0.1%),evening,True
CAH,Pullback50,2025-07-23,2025-07-24,156.4761,157.0117,0.342,0.09,1,max_hold 330d (+0.3%),evening,True
COR,Pullback50,2025-07-23,2025-07-24,291.2412,290.1098,-0.388,-0.11,1,max_hold 330d (-0.4%),evening,True
ACN,52wkLow,2025-07-24,2025-07-25,279.3411,279.4303,0.032,0.02,1,max_hold 329d (+0.0%),evening,True
CNC,52wkLow,2025-07-24,2025-07-25,26.76,27.13,1.383,0.67,1,max_hold 329d (+1.4%),evening,True
CMG,52wkLow,2025-07-24,2025-07-25,45.74,45.9,0.35,0.17,1,max_hold 329d (+0.3%),evening,True
CDW,Pullback50,2025-07-24,2025-07-25,177.4015,178.2354,0.47,0.23,1,max_hold 329d (+0.5%),evening,True
CTAS,Pullback50,2025-07-24,2025-07-25,220.7848,220.7253,-0.027,-0.01,1,max_hold 329d (-0.0%),evening,True
CHTR,52wkLow,2025-07-25,2025-07-28,309.75,309.01,-0.239,-0.1,1,max_hold 328d (-0.2%),evening,True
CMG,52wkLow,2025-07-25,2025-07-28,46.76,46.56,-0.428,-0.19,1,max_hold 328d (-0.4%),evening,True
MMM,Pullback50,2025-07-25,2025-07-28,148.4923,147.8346,-0.443,-0.19,1,max_hold 328d (-0.4%),evening,True
AWK,Pullback50,2025-07-25,2025-07-28,136.7199,135.9697,-2.69,-1.17,1,stop_loss (-0.5%),evening,True
AMP,Pullback50,2025-07-25,2025-07-28,514.1936,514.3021,0.021,0.01,1,max_hold 328d (+0.0%),evening,True
BAX,52wkLow,2025-07-28,2025-07-29,28.2777,28.129,-1.33,-0.96,1,stop_loss (-0.5%),evening,True
CHTR,52wkLow,2025-07-28,2025-07-29,298.27,297.37,-0.302,-0.22,1,max_hold 325d (-0.3%),evening,True
CMG,52wkLow,2025-07-28,2025-07-29,44.86,44.72,-0.312,-0.23,1,max_hold 325d (-0.3%),evening,True
CHD,52wkLow,2025-07-28,2025-07-29,94.4429,94.6995,0.272,0.2,1,max_hold 325d (+0.3%),evening,True
ADI,Pullback50,2025-07-28,2025-07-29,227.7132,228.9072,0.524,0.38,1,max_hold 325d (+0.5%),evening,True
ACGL,52wkLow,2025-07-29,2025-07-30,86.12,89.83,4.308,1.33,1,max_hold 324d (+4.3%),evening,True
BRO,52wkLow,2025-07-29,2025-07-30,91.0958,93.1673,2.274,0.7,1,max_hold 324d (+2.3%),evening,True
CHTR,52wkLow,2025-07-29,2025-07-30,280.68,280.45,-0.082,-0.03,1,max_hold 324d (-0.1%),evening,True
CMG,52wkLow,2025-07-29,2025-07-30,44.38,44.43,0.113,0.03,1,max_hold 324d (+0.1%),evening,True
MO,Pullback50,2025-07-29,2025-07-30,55.5894,56.0669,0.859,0.27,1,max_hold 324d (+0.9%),evening,True
ACN,52wkLow,2025-07-30,2025-07-31,271.6959,268.7211,-1.25,-0.3,1,stop_loss (-1.1%),evening,True
ACGL,52wkLow,2025-07-30,2025-07-31,85.61,85.35,-0.304,-0.07,1,max_hold 323d (-0.3%),evening,True
AJG,52wkLow,2025-07-30,2025-07-31,282.6577,278.8803,-1.336,-0.32,1,stop_loss (-1.3%),evening,True
BAX,52wkLow,2025-07-30,2025-07-31,27.8117,23.5582,-15.294,-3.7,1,stop_loss (-15.3%),evening,True
BRO,52wkLow,2025-07-30,2025-07-31,92.1167,91.1652,-1.24,-0.3,1,stop_loss (-1.0%),evening,True
ACN,52wkLow,2025-07-31,2025-08-01,264.8539,262.4047,-0.58,-0.08,1,stop_loss (-0.9%),evening,True
ALGN,52wkLow,2025-07-31,2025-08-01,129.01,129.0,-0.008,-0.0,1,max_hold 322d (-0.0%),evening,True
AJG,52wkLow,2025-07-31,2025-08-01,284.0521,281.8271,-0.53,-0.07,1,stop_loss (-0.8%),evening,True
AVB,52wkLow,2025-07-31,2025-08-01,180.8351,182.0971,0.698,0.09,1,max_hold 322d (+0.7%),evening,True
BAX,52wkLow,2025-07-31,2025-08-01,21.5751,21.3273,-0.92,-0.12,1,stop_loss (-1.1%),evening,True
ACN,52wkLow,2025-08-01,2025-08-04,253.2226,255.9098,1.061,0.21,1,max_hold 321d (+1.1%),evening,True
ADBE,52wkLow,2025-08-01,2025-08-04,347.8,351.16,0.966,0.19,1,max_hold 321d (+1.0%),evening,True
AFL,52wkLow,2025-08-01,2025-08-04,96.0412,96.0118,-0.031,-0.01,1,max_hold 321d (-0.0%),evening,True
AJG,52wkLow,2025-08-01,2025-08-04,281.0063,281.3227,0.113,0.02,1,max_hold 321d (+0.1%),evening,True
AVB,52wkLow,2025-08-01,2025-08-04,179.0489,178.6217,-0.239,-0.05,1,max_hold 321d (-0.2%),evening,True
ADBE,52wkLow,2025-08-04,2025-08-05,338.85,339.31,0.136,0.05,1,max_hold 318d (+0.1%),evening,True
AVB,52wkLow,2025-08-04,2025-08-05,177.3792,178.7965,0.799,0.29,1,max_hold 318d (+0.8%),evening,True
CHD,52wkLow,2025-08-04,2025-08-05,90.3169,89.9813,-0.372,-0.13,1,max_hold 318d (-0.4%),evening,True
CI,52wkLow,2025-08-04,2025-08-05,260.812,262.436,0.623,0.22,1,max_hold 318d (+0.6%),evening,True
CAH,Pullback50,2025-08-04,2025-08-05,157.3291,157.2101,-0.076,-0.03,1,max_hold 318d (-0.1%),evening,False
ACN,52wkLow,2025-08-05,2025-08-06,244.9924,245.6171,0.255,0.08,1,max_hold 317d (+0.3%),evening,True
AFL,52wkLow,2025-08-05,2025-08-06,96.8539,99.38,2.608,0.87,1,max_hold 317d (+2.6%),evening,True
AVB,52wkLow,2025-08-05,2025-08-06,180.8642,181.2622,0.22,0.07,1,max_hold 317d (+0.2%),evening,True
CPT,52wkLow,2025-08-05,2025-08-06,104.4035,104.5877,0.176,0.06,1,max_hold 317d (+0.2%),evening,True
CI,52wkLow,2025-08-05,2025-08-06,264.872,264.9112,0.015,0.0,1,max_hold 317d (+0.0%),evening,True
ACN,52wkLow,2025-08-06,2025-08-07,245.4584,246.1129,0.267,0.1,1,max_hold 316d (+0.3%),evening,True
AVB,52wkLow,2025-08-06,2025-08-07,181.0486,181.5729,0.29,0.11,1,max_hold 316d (+0.3%),evening,True
AAPL,VolumeSpike,2025-08-06,2025-08-07,212.4073,218.0151,2.64,1.04,1,max_hold 316d (+2.6%),evening,True
ATO,VolumeSpike,2025-08-06,2025-08-07,153.5892,157.4724,2.528,0.99,1,max_hold 316d (+2.5%),evening,True
COR,GapDown,2025-08-06,2025-08-07,281.6537,279.0831,-5.93,-2.33,1,stop_loss (-0.9%),evening,False
ACN,52wkLow,2025-08-07,2025-08-08,239.6874,240.6195,0.389,0.19,1,max_hold 315d (+0.4%),evening,True
ADBE,52wkLow,2025-08-07,2025-08-08,338.27,338.68,0.121,0.06,1,max_hold 315d (+0.1%),evening,True
APA,VolumeSpike,2025-08-07,2025-08-08,18.9365,19.1214,0.976,0.47,1,max_hold 315d (+1.0%),evening,True
ATO,VolumeSpike,2025-08-07,2025-08-08,159.1646,159.282,0.074,0.04,1,max_hold 315d (+0.1%),evening,True
AJG,MomReversal,2025-08-07,2025-08-08,286.7615,287.7109,0.331,0.16,1,max_hold 315d (+0.3%),evening,False
AKAM,52wkLow,2025-08-08,2025-08-11,70.53,70.96,0.61,0.56,1,max_hold 314d (+0.6%),evening,True
ADP,Pullback50,2025-08-08,2025-08-11,297.5414,296.5198,-0.343,-0.31,1,max_hold 314d (-0.3%),evening,False
BAC,Pullback50,2025-08-08,2025-08-11,45.0291,45.078,0.109,0.1,1,max_hold 314d (+0.1%),evening,False
ADBE,52wkLow,2025-08-11,2025-08-12,333.65,333.52,-0.039,-0.03,1,max_hold 311d (-0.0%),evening,True
AKAM,52wkLow,2025-08-11,2025-08-12,70.61,70.64,0.042,0.03,1,max_hold 311d (+0.0%),evening,True
BAC,Pullback50,2025-08-11,2025-08-12,45.1759,45.4891,0.693,0.5,1,max_hold 311d (+0.7%),evening,False
COR,Pullback50,2025-08-11,2025-08-12,288.5218,284.4128,-1.424,-1.03,1,stop_loss (-1.4%),evening,False
KO,Pullback50,2025-08-11,2025-08-12,68.8015,68.8696,0.099,0.07,1,max_hold 311d (+0.1%),evening,False
CTSH,52wkLow,2025-08-12,2025-08-13,67.3472,67.641,0.436,0.24,1,max_hold 310d (+0.4%),evening,True
AON,VolumeSpike,2025-08-12,2025-08-13,362.8528,365.8449,0.825,0.45,1,max_hold 310d (+0.8%),evening,True
CAH,GapDown,2025-08-12,2025-08-13,145.1093,146.4285,0.909,0.49,1,max_hold 310d (+0.9%),evening,False
AXP,Pullback50,2025-08-12,2025-08-13,300.8223,302.2906,0.488,0.26,1,max_hold 310d (+0.5%),evening,False
AMP,Pullback50,2025-08-12,2025-08-13,511.8199,513.9187,0.41,0.22,1,max_hold 310d (+0.4%),evening,False
CSCO,VolumeSpike,2025-08-13,2025-08-14,69.2299,66.8698,-3.409,-1.48,1,stop_loss (-3.4%),evening,True
ACN,MomReversal,2025-08-13,2025-08-14,243.6141,242.4837,-0.464,-0.2,1,max_hold 309d (-0.5%),evening,False
ADBE,MomReversal,2025-08-13,2025-08-14,351.07,349.5,-0.447,-0.19,1,max_hold 309d (-0.4%),evening,False
CTSH,MomReversal,2025-08-13,2025-08-14,68.9631,68.6203,-0.497,-0.22,1,max_hold 309d (-0.5%),evening,False
AXP,Pullback50,2025-08-13,2025-08-14,304.4535,303.1339,-0.433,-0.19,1,max_hold 309d (-0.4%),evening,False
AMCR,52wkLow,2025-08-14,2025-08-15,42.5243,42.5243,-0.0,-0.0,1,max_hold 308d (-0.0%),evening,True
CSCO,GapDown,2025-08-14,2025-08-15,68.1481,67.3123,-1.227,-0.76,1,stop_loss (-1.2%),evening,False
COHR,GapDown,2025-08-14,2025-08-15,91.65,91.25,-0.436,-0.27,1,max_hold 308d (-0.4%),evening,False
AXP,Pullback50,2025-08-14,2025-08-15,305.3067,307.023,0.562,0.35,1,max_hold 308d (+0.6%),evening,False
AMGN,Pullback50,2025-08-14,2025-08-15,281.8191,283.5083,0.599,0.37,1,max_hold 308d (+0.6%),evening,False
AMCR,52wkLow,2025-08-15,2025-08-18,42.3786,41.8447,-1.26,-1.09,1,stop_loss (-1.3%),evening,True
CDW,MomReversal,2025-08-15,2025-08-18,160.6552,160.7925,0.085,0.07,1,max_hold 307d (+0.1%),evening,False
ABT,Pullback50,2025-08-15,2025-08-18,129.692,129.5739,-0.091,-0.08,1,max_hold 307d (-0.1%),evening,False
KO,Pullback50,2025-08-15,2025-08-18,67.9943,68.0527,0.086,0.07,1,max_hold 307d (+0.1%),evening,False
COHR,Pullback50,2025-08-15,2025-08-18,93.4,92.08,-1.413,-1.22,1,stop_loss (-1.4%),evening,False
AXP,Pullback50,2025-08-18,2025-08-19,304.632,304.2451,-0.127,-0.11,1,max_hold 304d (-0.1%),evening,False
ADI,Pullback50,2025-08-18,2025-08-19,228.4829,228.5717,0.039,0.03,1,max_hold 304d (+0.0%),evening,False
BKNG,Pullback50,2025-08-18,2025-08-19,219.4244,219.7068,0.129,0.12,1,max_hold 304d (+0.1%),evening,False
BSX,Pullback50,2025-08-18,2025-08-19,103.05,102.32,-1.57,-1.41,1,stop_loss (-0.7%),evening,False
AVB,52wkLow,2025-08-19,2025-08-20,185.854,186.5238,0.36,0.15,1,max_hold 303d (+0.4%),evening,True
ABT,Pullback50,2025-08-19,2025-08-20,129.1998,129.9873,0.61,0.26,1,max_hold 303d (+0.6%),evening,False
AIG,Pullback50,2025-08-19,2025-08-20,79.3947,79.7267,0.418,0.18,1,max_hold 303d (+0.4%),evening,False
AMGN,Pullback50,2025-08-19,2025-08-20,286.9256,287.6052,0.237,0.1,1,max_hold 303d (+0.2%),evening,False
ADP,Pullback50,2025-08-19,2025-08-20,297.4538,298.5435,0.366,0.16,1,max_hold 303d (+0.4%),evening,False
CL,52wkLow,2025-08-20,2025-08-21,84.432,83.9806,-0.87,-0.42,1,stop_loss (-0.5%),evening,True
ADI,VolumeSpike,2025-08-20,2025-08-21,241.6265,240.768,-0.355,-0.17,1,max_hold 302d (-0.4%),evening,True
ALB,GapDown,2025-08-20,2025-08-21,77.0765,76.3463,-1.11,-0.53,1,stop_loss (-0.9%),evening,False
CVNA,GapDown,2025-08-20,2025-08-21,67.722,67.0,-1.39,-0.66,1,stop_loss (-1.1%),evening,False
AXP,Pullback50,2025-08-20,2025-08-21,305.9714,304.3741,-1.33,-0.64,1,stop_loss (-0.5%),evening,False
AXP,Pullback50,2025-08-21,2025-08-22,305.7432,307.7771,0.665,0.6,1,max_hold 301d (+0.7%),evening,False
ARES,Pullback50,2025-08-21,2025-08-22,171.9116,172.0563,0.084,0.08,1,max_hold 301d (+0.1%),evening,False
CVNA,Pullback50,2025-08-21,2025-08-22,67.814,68.028,0.316,0.29,1,max_hold 301d (+0.3%),evening,False
AMP,Pullback50,2025-08-22,2025-08-25,511.7407,511.315,-0.083,-0.08,1,max_hold 300d (-0.1%),evening,False
ARES,Pullback50,2025-08-22,2025-08-25,174.6216,174.8048,0.105,0.1,1,max_hold 300d (+0.1%),evening,False
ADP,Pullback50,2025-08-22,2025-08-25,299.6235,298.417,-0.403,-0.37,1,max_hold 300d (-0.4%),evening,False
AXON,Pullback50,2025-08-22,2025-08-25,766.24,766.22,-0.003,-0.0,1,max_hold 300d (-0.0%),evening,False
CPT,52wkLow,2025-08-26,2025-08-27,105.8871,106.1877,0.284,0.14,1,max_hold 296d (+0.3%),evening,True
CL,52wkLow,2025-08-26,2025-08-27,82.5579,82.5677,0.012,0.01,1,max_hold 296d (+0.0%),evening,True
AFL,VolumeSpike,2025-08-26,2025-08-27,106.4787,106.1144,-0.342,-0.16,1,max_hold 296d (-0.3%),evening,True
CME,VolumeSpike,2025-08-26,2025-08-27,261.4388,261.1019,-0.129,-0.06,1,max_hold 296d (-0.1%),evening,True
AMGN,Pullback50,2025-08-26,2025-08-27,283.4104,282.6862,-0.256,-0.12,1,max_hold 296d (-0.3%),evening,False
AMP,Pullback50,2025-08-27,2025-08-28,513.0673,513.9582,0.174,0.16,1,max_hold 295d (+0.2%),evening,False
ARES,Pullback50,2025-08-27,2025-08-28,173.1171,173.7054,0.34,0.31,1,max_hold 295d (+0.3%),evening,False
ADP,Pullback50,2025-08-27,2025-08-28,294.8949,294.8463,-0.016,-0.01,1,max_hold 295d (-0.0%),evening,False
CSCO,Pullback50,2025-08-27,2025-08-28,67.3024,67.2238,-0.117,-0.11,1,max_hold 295d (-0.1%),evening,False
CLX,52wkLow,2025-08-28,2025-08-29,114.0044,114.0624,0.051,0.03,1,max_hold 294d (+0.1%),evening,True
BBY,VolumeSpike,2025-08-28,2025-08-29,68.8211,68.9632,0.206,0.11,1,max_hold 294d (+0.2%),evening,True
ABT,Pullback50,2025-08-28,2025-08-29,129.3179,129.9479,0.487,0.26,1,max_hold 294d (+0.5%),evening,False
ARES,Pullback50,2025-08-28,2025-08-29,173.8501,173.85,-0.0,-0.0,1,max_hold 294d (-0.0%),evening,False
ADP,Pullback50,2025-08-28,2025-08-29,295.8776,294.4668,-0.477,-0.26,1,max_hold 294d (-0.5%),evening,False
AEE,Pullback50,2025-08-29,2025-09-02,97.0158,96.8699,-0.15,-0.14,1,max_hold 293d (-0.2%),evening,False
ADP,Pullback50,2025-08-29,2025-09-02,295.8289,293.4842,-0.52,-0.47,1,stop_loss (-0.8%),evening,False
COR,Pullback50,2025-08-29,2025-09-02,289.9658,290.3238,0.123,0.11,1,max_hold 293d (+0.1%),evening,False
CMS,Pullback50,2025-08-29,2025-09-02,69.9619,69.7761,-0.265,-0.24,1,max_hold 293d (-0.3%),evening,False
APP,GapDown,2025-09-02,2025-09-03,481.73,487.69,1.237,0.29,1,max_hold 289d (+1.2%),evening,True
ANET,GapDown,2025-09-02,2025-09-03,135.87,135.68,-0.14,-0.03,1,max_hold 289d (-0.1%),evening,True
CCL,GapDown,2025-09-02,2025-09-03,30.8278,30.8872,0.193,0.05,1,max_hold 289d (+0.2%),evening,True
COHR,GapDown,2025-09-02,2025-09-03,87.8,88.09,0.33,0.08,1,max_hold 289d (+0.3%),evening,True
BKR,VolumeSpike,2025-09-02,2025-09-03,44.8259,44.8062,-0.044,-0.01,1,max_hold 289d (-0.0%),evening,True
CIEN,VolumeSpike,2025-09-03,2025-09-04,94.82,115.0,21.282,7.01,1,max_hold 288d (+21.3%),evening,True
CLX,VolumeSpike,2025-09-03,2025-09-04,118.8086,118.9536,0.122,0.04,1,max_hold 288d (+0.1%),evening,True
KO,VolumeSpike,2025-09-03,2025-09-04,67.09,67.2067,0.174,0.06,1,max_hold 288d (+0.2%),evening,True
ALGN,52wkLow,2025-09-03,2025-09-04,132.35,132.91,0.423,0.14,1,max_hold 288d (+0.4%),evening,False
CHTR,52wkLow,2025-09-03,2025-09-04,261.22,261.79,0.218,0.07,1,max_hold 288d (+0.2%),evening,False
AVGO,VolumeSpike,2025-09-04,2025-09-05,304.3544,353.7511,16.23,5.43,1,max_hold 287d (+16.2%),evening,True
CNC,VolumeSpike,2025-09-04,2025-09-05,28.65,28.59,-0.209,-0.07,1,max_hold 287d (-0.2%),evening,True
CNP,VolumeSpike,2025-09-04,2025-09-05,36.8459,37.0524,0.561,0.19,1,max_hold 287d (+0.6%),evening,True
ADBE,52wkLow,2025-09-04,2025-09-05,344.31,345.81,0.436,0.15,1,max_hold 287d (+0.4%),evening,False
CHTR,52wkLow,2025-09-04,2025-09-05,259.51,259.34,-0.066,-0.02,1,max_hold 287d (-0.1%),evening,False
ADBE,52wkLow,2025-09-05,2025-09-08,348.97,348.86,-0.032,-0.03,1,max_hold 286d (-0.0%),evening,False
CHTR,52wkLow,2025-09-05,2025-09-08,261.5,255.44,-2.317,-2.04,1,stop_loss (-2.3%),evening,False
CMG,52wkLow,2025-09-05,2025-09-08,41.06,41.0,-0.146,-0.13,1,max_hold 286d (-0.1%),evening,False
CL,52wkLow,2025-09-05,2025-09-08,83.5293,83.3232,-0.247,-0.22,1,max_hold 286d (-0.2%),evening,False
T,GapDown,2025-09-08,2025-09-09,27.9681,27.9681,-0.0,-0.0,1,max_hold 283d (-0.0%),evening,True
BXP,VolumeSpike,2025-09-08,2025-09-09,73.3233,72.559,-4.96,-3.1,1,stop_loss (-1.0%),evening,True
COR,VolumeSpike,2025-09-08,2025-09-09,296.1806,296.8965,0.242,0.15,1,max_hold 283d (+0.2%),evening,True
CMG,52wkLow,2025-09-08,2025-09-09,39.65,39.56,-0.227,-0.14,1,max_hold 283d (-0.2%),evening,False
CHD,52wkLow,2025-09-08,2025-09-09,93.6555,93.4475,-0.222,-0.14,1,max_hold 283d (-0.2%),evening,False
LNT,Pullback50,2025-09-09,2025-09-10,62.5516,62.5515,-0.0,-0.0,1,max_hold 282d (-0.0%),evening,False
AEE,Pullback50,2025-09-09,2025-09-10,97.1416,96.9457,-0.202,-0.15,1,max_hold 282d (-0.2%),evening,False
AEP,Pullback50,2025-09-09,2025-09-10,105.8998,105.9682,0.065,0.05,1,max_hold 282d (+0.1%),evening,False
BLK,Pullback50,2025-09-09,2025-09-10,1088.0911,1089.6754,0.146,0.11,1,max_hold 282d (+0.1%),evening,False
BKNG,Pullback50,2025-09-09,2025-09-10,221.3848,221.0736,-0.141,-0.1,1,max_hold 282d (-0.1%),evening,False
CARR,VolumeSpike,2025-09-10,2025-09-11,61.7746,61.2804,-1.25,-0.34,1,stop_loss (-0.8%),evening,True
ACN,52wkLow,2025-09-10,2025-09-11,241.0657,241.1648,0.041,0.01,1,max_hold 281d (+0.0%),evening,False
ADBE,52wkLow,2025-09-10,2025-09-11,350.16,354.69,1.294,0.35,1,max_hold 281d (+1.3%),evening,False
ALGN,52wkLow,2025-09-10,2025-09-11,132.94,133.0,0.045,0.01,1,max_hold 281d (+0.0%),evening,False
BRO,52wkLow,2025-09-10,2025-09-11,91.8259,91.816,-0.011,-0.0,1,max_hold 281d (-0.0%),evening,False
ABBV,VolumeSpike,2025-09-11,2025-09-12,215.114,214.0395,-0.499,-0.13,1,max_hold 280d (-0.5%),evening,True
ADBE,VolumeSpike,2025-09-11,2025-09-12,350.55,361.1,3.01,0.77,1,max_hold 280d (+3.0%),evening,True
ALLE,VolumeSpike,2025-09-11,2025-09-12,175.7872,174.9042,-2.17,-0.56,1,stop_loss (-0.5%),evening,True
AZO,VolumeSpike,2025-09-11,2025-09-12,4354.54,4316.6802,-0.76,-0.19,1,stop_loss (-0.9%),evening,True
ACN,52wkLow,2025-09-11,2025-09-12,242.0969,242.444,0.143,0.04,1,max_hold 280d (+0.1%),evening,False
ADBE,VolumeSpike,2025-09-12,2025-09-15,349.36,350.5,0.326,0.16,1,max_hold 279d (+0.3%),evening,True
ACN,52wkLow,2025-09-12,2025-09-15,236.5341,238.6462,0.893,0.43,1,max_hold 279d (+0.9%),evening,False
CTSH,52wkLow,2025-09-12,2025-09-15,68.0403,68.0403,0.0,0.0,1,max_hold 279d (+0.0%),evening,False
AES,Pullback50,2025-09-12,2025-09-15,12.4164,12.4646,0.388,0.19,1,max_hold 279d (+0.4%),evening,False
ALB,Pullback50,2025-09-12,2025-09-15,75.3718,77.4649,2.777,1.34,1,max_hold 279d (+2.8%),evening,False
ACN,52wkLow,2025-09-15,2025-09-16,235.8697,235.5128,-0.151,-0.06,1,max_hold 276d (-0.2%),evening,False
ADBE,52wkLow,2025-09-15,2025-09-16,347.1,350.16,0.882,0.35,1,max_hold 276d (+0.9%),evening,False
AVY,52wkLow,2025-09-15,2025-09-16,162.103,161.8572,-0.152,-0.06,1,max_hold 276d (-0.2%),evening,False
CHD,52wkLow,2025-09-15,2025-09-16,90.358,90.358,-0.0,-0.0,1,max_hold 276d (-0.0%),evening,False
CTSH,52wkLow,2025-09-15,2025-09-16,67.4697,67.7058,0.35,0.14,1,max_hold 276d (+0.3%),evening,False
ACN,52wkLow,2025-09-16,2025-09-17,234.8186,235.7309,0.388,0.15,1,max_hold 275d (+0.4%),evening,False
AMCR,52wkLow,2025-09-16,2025-09-17,40.7282,40.6796,-0.119,-0.05,1,max_hold 275d (-0.1%),evening,False
ACGL,52wkLow,2025-09-16,2025-09-17,87.38,87.31,-0.08,-0.03,1,max_hold 275d (-0.1%),evening,False
CMG,52wkLow,2025-09-16,2025-09-17,39.3,39.49,0.483,0.19,1,max_hold 275d (+0.5%),evening,False
CL,52wkLow,2025-09-16,2025-09-17,79.9479,80.2521,0.38,0.15,1,max_hold 275d (+0.4%),evening,False
CFG,VolumeSpike,2025-09-17,2025-09-18,51.0729,51.4052,0.65,0.18,1,max_hold 274d (+0.7%),evening,True
ACN,52wkLow,2025-09-17,2025-09-18,239.2114,239.9452,0.307,0.08,1,max_hold 274d (+0.3%),evening,False
ALGN,52wkLow,2025-09-17,2025-09-18,129.44,131.93,1.924,0.53,1,max_hold 274d (+1.9%),evening,False
ACGL,52wkLow,2025-09-17,2025-09-18,87.35,87.04,-0.355,-0.1,1,max_hold 274d (-0.4%),evening,False
AVY,52wkLow,2025-09-17,2025-09-18,162.1915,162.0833,-0.067,-0.02,1,max_hold 274d (-0.1%),evening,False
AMD,GapDown,2025-09-18,2025-09-19,157.92,157.38,-0.342,-0.07,1,max_hold 273d (-0.3%),evening,True
ALL,VolumeSpike,2025-09-18,2025-09-19,202.6162,203.3058,0.34,0.07,1,max_hold 273d (+0.3%),evening,True
AIG,VolumeSpike,2025-09-18,2025-09-19,76.6585,76.5406,-0.154,-0.03,1,max_hold 273d (-0.2%),evening,True
ACN,52wkLow,2025-09-18,2025-09-19,237.5356,237.5059,-0.013,-0.0,1,max_hold 273d (-0.0%),evening,False
ACGL,52wkLow,2025-09-18,2025-09-19,88.19,88.85,0.748,0.16,1,max_hold 273d (+0.7%),evening,False
MMM,VolumeSpike,2025-09-19,2025-09-22,154.4348,153.4486,-1.24,-0.08,1,stop_loss (-0.6%),evening,True
AOS,VolumeSpike,2025-09-19,2025-09-22,71.9289,71.6238,-0.424,-0.03,1,max_hold 272d (-0.4%),evening,True
ABT,VolumeSpike,2025-09-19,2025-09-22,133.915,133.2161,-1.41,-0.1,1,stop_loss (-0.5%),evening,True
ABBV,VolumeSpike,2025-09-19,2025-09-22,217.3119,217.3021,-0.004,-0.0,1,max_hold 272d (-0.0%),evening,True
ACN,VolumeSpike,2025-09-19,2025-09-22,237.6844,237.843,0.067,0.0,1,max_hold 272d (+0.1%),evening,True
XYZ,VolumeSpike,2025-09-22,2025-09-23,77.41,77.69,0.362,0.08,1,max_hold 269d (+0.4%),evening,True
ACN,52wkLow,2025-09-22,2025-09-23,237.9719,238.4875,0.217,0.05,1,max_hold 269d (+0.2%),evening,False
ACGL,52wkLow,2025-09-22,2025-09-23,88.03,88.03,0.0,0.0,1,max_hold 269d (+0.0%),evening,False
BRO,52wkLow,2025-09-22,2025-09-23,91.9252,91.7167,-0.227,-0.05,1,max_hold 269d (-0.2%),evening,False
CMG,52wkLow,2025-09-22,2025-09-23,40.13,40.23,0.249,0.05,1,max_hold 269d (+0.2%),evening,False
ACN,52wkLow,2025-09-23,2025-09-24,233.5197,234.6798,0.497,0.18,1,max_hold 268d (+0.5%),evening,False
AMCR,52wkLow,2025-09-23,2025-09-24,39.2718,39.1748,-0.247,-0.09,1,max_hold 268d (-0.2%),evening,False
BMY,52wkLow,2025-09-23,2025-09-24,43.3368,43.1825,-0.356,-0.13,1,max_hold 268d (-0.4%),evening,False
CHTR,52wkLow,2025-09-23,2025-09-24,267.04,266.3,-0.277,-0.1,1,max_hold 268d (-0.3%),evening,False
CHD,52wkLow,2025-09-23,2025-09-24,86.3377,86.0406,-0.344,-0.13,1,max_hold 268d (-0.3%),evening,False
APA,VolumeSpike,2025-09-24,2025-09-25,23.7631,23.442,-1.351,-0.59,1,stop_loss (-1.4%),evening,True
ACN,52wkLow,2025-09-24,2025-09-25,237.0696,236.4845,-0.247,-0.11,1,max_hold 267d (-0.2%),evening,False
AMCR,52wkLow,2025-09-24,2025-09-25,38.7379,38.6408,-0.251,-0.11,1,max_hold 267d (-0.3%),evening,False
BMY,52wkLow,2025-09-24,2025-09-25,42.6131,42.6324,0.045,0.02,1,max_hold 267d (+0.0%),evening,False
AOS,Pullback50,2025-09-24,2025-09-25,70.8169,70.8267,0.014,0.01,1,max_hold 267d (+0.0%),evening,False
CVNA,GapDown,2025-09-25,2025-09-26,74.276,74.022,-0.342,-0.12,1,max_hold 266d (-0.3%),evening,True
COHR,GapDown,2025-09-25,2025-09-26,106.57,106.45,-0.113,-0.04,1,max_hold 266d (-0.1%),evening,True
CMS,VolumeSpike,2025-09-25,2025-09-26,69.3851,69.6686,0.409,0.14,1,max_hold 266d (+0.4%),evening,True
ACN,52wkLow,2025-09-25,2025-09-26,230.6044,230.6441,0.017,0.01,1,max_hold 266d (+0.0%),evening,False
ALGN,52wkLow,2025-09-25,2025-09-26,124.88,125.46,0.464,0.16,1,max_hold 266d (+0.5%),evening,False
BA,VolumeSpike,2025-09-26,2025-09-29,221.26,222.37,0.502,0.15,1,max_hold 265d (+0.5%),evening,True
ACN,52wkLow,2025-09-26,2025-09-29,236.9605,238.4776,0.64,0.19,1,max_hold 265d (+0.6%),evening,False
BAX,52wkLow,2025-09-26,2025-09-29,21.9462,21.9661,0.091,0.03,1,max_hold 265d (+0.1%),evening,False
AOS,Pullback50,2025-09-26,2025-09-29,71.2991,72.0273,1.021,0.3,1,max_hold 265d (+1.0%),evening,False
AES,Pullback50,2025-09-26,2025-09-29,12.7634,12.8213,0.453,0.13,1,max_hold 265d (+0.5%),evening,False
BMY,52wkLow,2025-09-29,2025-09-30,42.6035,42.6324,0.068,0.04,1,max_hold 262d (+0.1%),evening,False
CHD,52wkLow,2025-09-29,2025-09-30,85.3277,85.1593,-0.197,-0.11,1,max_hold 262d (-0.2%),evening,False
MMM,Pullback50,2025-09-29,2025-09-30,151.9496,151.7228,-0.149,-0.08,1,max_hold 262d (-0.1%),evening,False
AEP,Pullback50,2025-09-29,2025-09-30,107.2875,107.3266,0.036,0.02,1,max_hold 262d (+0.0%),evening,False
CBRE,Pullback50,2025-09-29,2025-09-30,158.96,159.14,0.113,0.06,1,max_hold 262d (+0.1%),evening,False
BMY,VolumeSpike,2025-09-30,2025-10-01,43.5202,44.3887,1.996,0.73,1,max_hold 261d (+2.0%),evening,True
CNP,VolumeSpike,2025-09-30,2025-10-01,38.1639,38.2918,0.335,0.12,1,max_hold 261d (+0.3%),evening,True
CHTR,VolumeSpike,2025-09-30,2025-10-01,275.11,275.32,0.076,0.03,1,max_hold 261d (+0.1%),evening,True
CL,MomReversal,2025-09-30,2025-10-01,78.4369,78.741,0.388,0.14,1,max_hold 261d (+0.4%),evening,False
AES,Pullback50,2025-09-30,2025-10-01,12.6863,14.383,13.374,4.88,1,max_hold 261d (+13.4%),evening,False
AVY,52wkLow,2025-10-01,2025-10-02,159.7823,159.4578,-0.203,-0.18,1,max_hold 260d (-0.2%),evening,False
CL,52wkLow,2025-10-01,2025-10-02,77.5243,77.122,-2.06,-1.83,1,stop_loss (-0.5%),evening,False
AIG,Pullback50,2025-10-01,2025-10-02,78.2402,77.9553,-0.364,-0.32,1,max_hold 260d (-0.4%),evening,False
CDNS,Pullback50,2025-10-01,2025-10-02,351.97,354.55,0.733,0.65,1,max_hold 260d (+0.7%),evening,False
CSCO,Pullback50,2025-10-01,2025-10-02,67.6073,68.0301,0.625,0.56,1,max_hold 260d (+0.6%),evening,False
AIG,Pullback50,2025-10-02,2025-10-03,78.2402,78.2894,0.063,0.06,1,max_hold 259d (+0.1%),evening,False
ADM,Pullback50,2025-10-02,2025-10-03,57.7965,57.6009,-0.338,-0.3,1,max_hold 259d (-0.3%),evening,False
XYZ,Pullback50,2025-10-02,2025-10-03,76.81,76.69,-0.156,-0.14,1,max_hold 259d (-0.2%),evening,False
CNP,Pullback50,2025-10-02,2025-10-03,37.6623,37.8,0.366,0.32,1,max_hold 259d (+0.4%),evening,False
CL,MomReversal,2025-10-03,2025-10-06,76.5333,76.5333,0.0,0.0,1,max_hold 258d (+0.0%),evening,False
CMS,Pullback50,2025-10-03,2025-10-06,70.7146,70.871,0.221,0.21,1,max_hold 258d (+0.2%),evening,False
CAH,VolumeSpike,2025-10-03,2025-10-06,153.7033,152.5192,-2.17,-2.05,1,stop_loss (-0.8%),evening,False
CL,52wkLow,2025-10-06,2025-10-07,75.9937,76.0918,0.129,0.12,1,max_hold 255d (+0.1%),evening,False
CDNS,Pullback50,2025-10-06,2025-10-07,353.36,352.7,-0.187,-0.17,1,max_hold 255d (-0.2%),evening,False
CVX,Pullback50,2025-10-06,2025-10-07,149.4742,149.1151,-0.24,-0.22,1,max_hold 255d (-0.2%),evening,False
CL,52wkLow,2025-10-07,2025-10-08,77.6225,77.4557,-0.215,-0.2,1,max_hold 254d (-0.2%),evening,False
CBOE,Pullback50,2025-10-07,2025-10-08,239.804,240.1126,0.129,0.12,1,max_hold 254d (+0.1%),evening,False
CVX,Pullback50,2025-10-07,2025-10-08,150.3379,149.8041,-0.355,-0.33,1,max_hold 254d (-0.4%),evening,False
CARR,MomReversal,2025-10-08,2025-10-09,59.106,59.3728,0.451,0.4,1,max_hold 253d (+0.5%),evening,False
AMZN,Pullback50,2025-10-08,2025-10-09,225.22,225.0,-0.098,-0.09,1,max_hold 253d (-0.1%),evening,False
BA,Pullback50,2025-10-08,2025-10-09,225.32,225.7,0.169,0.15,1,max_hold 253d (+0.2%),evening,False
CDNS,Pullback50,2025-10-08,2025-10-09,350.0,348.25,-0.88,-0.78,1,stop_loss (-0.5%),evening,False
CARR,MomReversal,2025-10-09,2025-10-10,57.4257,57.8705,0.775,0.71,1,max_hold 252d (+0.8%),evening,False
AMZN,Pullback50,2025-10-09,2025-10-10,227.74,226.21,-1.11,-1.02,1,stop_loss (-0.7%),evening,False
CME,Pullback50,2025-10-09,2025-10-10,260.0103,259.8555,-0.06,-0.05,1,max_hold 252d (-0.1%),evening,False
ALGN,52wkLow,2025-10-10,2025-10-13,125.79,127.25,1.161,1.06,1,max_hold 251d (+1.2%),evening,False
ADP,52wkLow,2025-10-10,2025-10-13,278.9201,278.9397,0.007,0.01,1,max_hold 251d (+0.0%),evening,False
CTAS,52wkLow,2025-10-10,2025-10-13,186.5723,186.0859,-0.261,-0.24,1,max_hold 251d (-0.3%),evening,False
CF,Pullback50,2025-10-10,2025-10-13,86.01,86.2266,0.252,0.23,1,max_hold 251d (+0.3%),evening,False
AVY,52wkLow,2025-10-13,2025-10-14,154.8656,154.0888,-0.69,-0.51,1,stop_loss (-0.5%),evening,False
CPT,52wkLow,2025-10-13,2025-10-14,99.7038,99.5863,-0.118,-0.09,1,max_hold 248d (-0.1%),evening,False
ALL,Pullback50,2025-10-13,2025-10-14,202.5768,203.493,0.452,0.33,1,max_hold 248d (+0.5%),evening,False
AXP,Pullback50,2025-10-13,2025-10-14,321.3878,319.8858,-0.467,-0.34,1,max_hold 248d (-0.5%),evening,False
C,Pullback50,2025-10-13,2025-10-14,94.5876,93.8691,-1.79,-1.31,1,stop_loss (-0.8%),evening,False
ALB,GapDown,2025-10-14,2025-10-15,95.4696,97.2552,1.87,0.36,1,max_hold 247d (+1.9%),evening,True
COIN,GapDown,2025-10-14,2025-10-15,341.55,345.81,1.247,0.24,1,max_hold 247d (+1.2%),evening,True
CPT,52wkLow,2025-10-14,2025-10-15,100.0172,99.9487,-0.069,-0.01,1,max_hold 247d (-0.1%),evening,False
CARR,52wkLow,2025-10-14,2025-10-15,56.8327,56.7734,-0.104,-0.02,1,max_hold 247d (-0.1%),evening,False
CTAS,52wkLow,2025-10-14,2025-10-15,186.8403,186.9396,0.053,0.01,1,max_hold 247d (+0.1%),evening,False
ABT,GapDown,2025-10-15,2025-10-16,127.9946,128.0737,0.062,0.04,1,max_hold 246d (+0.1%),evening,True
CARR,52wkLow,2025-10-15,2025-10-16,56.546,56.6548,0.192,0.12,1,max_hold 246d (+0.2%),evening,False
ARES,MomReversal,2025-10-15,2025-10-16,146.622,146.622,-0.0,-0.0,1,max_hold 246d (-0.0%),evening,False
BXP,Pullback50,2025-10-15,2025-10-16,70.046,70.1143,0.098,0.06,1,max_hold 246d (+0.1%),evening,False
CBOE,Pullback50,2025-10-15,2025-10-16,240.6402,241.2872,0.269,0.17,1,max_hold 246d (+0.3%),evening,False
APD,52wkLow,2025-10-16,2025-10-17,249.7793,250.608,0.332,0.12,1,max_hold 245d (+0.3%),evening,False
AMCR,52wkLow,2025-10-16,2025-10-17,39.5146,39.5146,0.0,0.0,1,max_hold 245d (+0.0%),evening,False
AON,52wkLow,2025-10-16,2025-10-17,342.2172,343.1647,0.277,0.1,1,max_hold 245d (+0.3%),evening,False
ACGL,52wkLow,2025-10-16,2025-10-17,86.23,86.51,0.325,0.12,1,max_hold 245d (+0.3%),evening,False
AJG,52wkLow,2025-10-16,2025-10-17,277.652,278.0979,0.161,0.06,1,max_hold 245d (+0.2%),evening,False
COIN,GapDown,2025-10-17,2025-10-20,336.02,342.21,1.842,0.31,1,max_hold 244d (+1.8%),evening,True
AON,52wkLow,2025-10-17,2025-10-20,345.688,346.3064,0.179,0.03,1,max_hold 244d (+0.2%),evening,False
ACGL,52wkLow,2025-10-17,2025-10-20,86.51,87.11,0.694,0.12,1,max_hold 244d (+0.7%),evening,False
BRO,52wkLow,2025-10-17,2025-10-20,87.2694,87.2694,-0.0,-0.0,1,max_hold 244d (-0.0%),evening,False
CB,52wkLow,2025-10-17,2025-10-20,266.5888,267.7418,0.432,0.07,1,max_hold 244d (+0.4%),evening,False
AVY,52wkLow,2025-10-20,2025-10-21,157.5796,158.15,0.362,0.11,1,max_hold 241d (+0.4%),evening,False
CARR,52wkLow,2025-10-20,2025-10-21,57.0007,56.6745,-0.84,-0.25,1,stop_loss (-0.6%),evening,False
CB,52wkLow,2025-10-20,2025-10-21,266.5789,265.5253,-0.395,-0.12,1,max_hold 241d (-0.4%),evening,False
CTAS,MomReversal,2025-10-20,2025-10-21,190.91,190.8703,-0.021,-0.01,1,max_hold 241d (-0.0%),evening,False
MMM,Pullback50,2025-10-20,2025-10-21,152.6399,155.8154,2.08,0.61,1,max_hold 241d (+2.1%),evening,False
CNC,GapDown,2025-10-21,2025-10-22,36.1,36.26,0.443,0.11,1,max_hold 240d (+0.4%),evening,True
AVB,52wkLow,2025-10-21,2025-10-22,183.3078,184.2875,0.534,0.13,1,max_hold 240d (+0.5%),evening,False
AVY,52wkLow,2025-10-21,2025-10-22,160.805,163.8042,1.865,0.46,1,max_hold 240d (+1.9%),evening,False
BRO,52wkLow,2025-10-21,2025-10-22,87.6367,86.9021,-0.92,-0.23,1,stop_loss (-0.8%),evening,False
CHD,52wkLow,2025-10-21,2025-10-22,87.1299,87.3774,0.284,0.07,1,max_hold 240d (+0.3%),evening,False
T,GapDown,2025-10-22,2025-10-23,24.9923,25.1195,0.509,0.16,1,max_hold 239d (+0.5%),evening,True
AVB,52wkLow,2025-10-22,2025-10-23,185.463,185.4238,-0.021,-0.01,1,max_hold 239d (-0.0%),evening,False
CARR,52wkLow,2025-10-22,2025-10-23,56.0815,56.3286,0.441,0.14,1,max_hold 239d (+0.4%),evening,False
CL,52wkLow,2025-10-22,2025-10-23,78.8837,78.7751,-0.138,-0.04,1,max_hold 239d (-0.1%),evening,False
APA,Pullback50,2025-10-22,2025-10-23,22.5236,23.6159,4.849,1.53,1,max_hold 239d (+4.8%),evening,False
CVNA,GapDown,2025-10-23,2025-10-24,68.402,68.91,0.743,0.25,1,max_hold 238d (+0.7%),evening,True
CNC,GapDown,2025-10-23,2025-10-24,34.36,34.46,0.291,0.1,1,max_hold 238d (+0.3%),evening,True
AON,52wkLow,2025-10-23,2025-10-24,340.4519,339.6041,-0.249,-0.08,1,max_hold 238d (-0.2%),evening,False
CPT,52wkLow,2025-10-23,2025-10-24,102.8083,103.3175,0.495,0.17,1,max_hold 238d (+0.5%),evening,False
CLX,52wkLow,2025-10-23,2025-10-24,113.6233,114.7759,1.014,0.35,1,max_hold 238d (+1.0%),evening,False
CPT,52wkLow,2025-10-24,2025-10-27,102.8866,102.6222,-0.257,-0.08,1,max_hold 237d (-0.3%),evening,False
CHD,52wkLow,2025-10-24,2025-10-27,85.0504,84.8623,-0.221,-0.07,1,max_hold 237d (-0.2%),evening,False
CTSH,52wkLow,2025-10-24,2025-10-27,66.7517,66.7517,-0.0,-0.0,1,max_hold 237d (-0.0%),evening,False
MO,Pullback50,2025-10-24,2025-10-27,61.5408,61.3029,-0.387,-0.12,1,max_hold 237d (-0.4%),evening,False
AMZN,Pullback50,2025-10-24,2025-10-27,224.21,227.66,1.539,0.49,1,max_hold 237d (+1.5%),evening,False
AON,52wkLow,2025-10-27,2025-10-28,335.9836,334.328,-0.493,-0.15,1,max_hold 234d (-0.5%),evening,False
ADP,52wkLow,2025-10-27,2025-10-28,274.3626,273.8442,-0.189,-0.06,1,max_hold 234d (-0.2%),evening,False
BMY,52wkLow,2025-10-27,2025-10-28,42.4456,42.4456,-0.0,-0.0,1,max_hold 234d (-0.0%),evening,False
BRO,52wkLow,2025-10-27,2025-10-28,87.1205,86.1178,-13.91,-4.12,1,stop_loss (-1.2%),evening,False
CHTR,52wkLow,2025-10-27,2025-10-28,245.44,245.0,-0.179,-0.05,1,max_hold 234d (-0.2%),evening,False
CDNS,GapDown,2025-10-28,2025-10-29,341.3,337.3,-4.05,-1.37,1,stop_loss (-1.2%),evening,True
ARE,52wkLow,2025-10-28,2025-10-29,61.0592,60.3413,-1.58,-0.53,1,stop_loss (-1.2%),evening,False
ACGL,52wkLow,2025-10-28,2025-10-29,84.72,84.59,-0.153,-0.05,1,max_hold 233d (-0.2%),evening,False
AJG,52wkLow,2025-10-28,2025-10-29,265.0959,263.2328,-5.04,-1.71,1,stop_loss (-0.7%),evening,False
ADP,52wkLow,2025-10-28,2025-10-29,273.4824,265.1986,-3.029,-1.03,1,stop_loss (-3.0%),evening,False
ADBE,52wkLow,2025-10-29,2025-10-30,337.86,338.2,0.101,0.02,1,max_hold 232d (+0.1%),evening,False
ARE,52wkLow,2025-10-29,2025-10-30,57.0041,53.6863,-5.82,-0.94,1,stop_loss (-5.8%),evening,False
AMCR,52wkLow,2025-10-29,2025-10-30,38.8349,38.4951,-0.64,-0.1,1,stop_loss (-0.9%),evening,False
AON,52wkLow,2025-10-29,2025-10-30,325.2121,327.2068,0.613,0.1,1,max_hold 232d (+0.6%),evening,False
AJG,52wkLow,2025-10-29,2025-10-30,259.6651,262.1229,0.947,0.15,1,max_hold 232d (+0.9%),evening,False
ARE,GapDown,2025-10-30,2025-10-31,54.6856,54.3266,-1.2,-0.14,1,stop_loss (-0.7%),evening,True
APTV,GapDown,2025-10-30,2025-10-31,82.12,81.1,-1.242,-0.15,1,stop_loss (-1.2%),evening,True
BAX,GapDown,2025-10-30,2025-10-31,19.1305,18.7811,-1.827,-0.21,1,stop_loss (-1.8%),evening,True
BIIB,GapDown,2025-10-30,2025-10-31,149.61,147.99,-1.13,-0.13,1,stop_loss (-1.1%),evening,True
CHTR,GapDown,2025-10-30,2025-10-31,230.92,218.0,-5.595,-0.66,1,stop_loss (-5.6%),evening,True
AJG,GapDown,2025-10-31,2025-11-03,247.2477,247.2478,0.0,0.0,1,max_hold 230d (+0.0%),evening,True
CHTR,GapDown,2025-10-31,2025-11-03,233.84,231.31,-2.61,-0.38,1,stop_loss (-1.1%),evening,True
APD,52wkLow,2025-10-31,2025-11-03,239.3315,238.6606,-0.28,-0.04,1,max_hold 230d (-0.3%),evening,False
AMCR,52wkLow,2025-10-31,2025-11-03,38.3495,38.0582,-0.53,-0.08,1,stop_loss (-0.8%),evening,False
AON,52wkLow,2025-10-31,2025-11-03,339.7836,338.527,-0.37,-0.05,1,max_hold 230d (-0.4%),evening,False
APD,52wkLow,2025-11-03,2025-11-04,236.1449,235.3063,-0.355,-0.1,1,max_hold 227d (-0.4%),evening,False
AMCR,52wkLow,2025-11-03,2025-11-04,38.1553,37.767,-0.9,-0.24,1,stop_loss (-1.0%),evening,False
ADP,52wkLow,2025-11-03,2025-11-04,251.5162,253.9025,0.949,0.26,1,max_hold 227d (+0.9%),evening,False
AVB,52wkLow,2025-11-03,2025-11-04,171.7972,171.7384,-0.034,-0.01,1,max_hold 227d (-0.0%),evening,False
BAX,52wkLow,2025-11-03,2025-11-04,18.182,18.152,-0.165,-0.04,1,max_hold 227d (-0.2%),evening,False
APD,52wkLow,2025-11-04,2025-11-05,237.536,237.536,-0.0,-0.0,1,max_hold 226d (-0.0%),evening,False
AMCR,52wkLow,2025-11-04,2025-11-05,38.2039,38.4466,0.635,0.1,1,max_hold 226d (+0.6%),evening,False
AJG,52wkLow,2025-11-04,2025-11-05,249.4379,248.6352,-0.322,-0.05,1,max_hold 226d (-0.3%),evening,False
ADP,52wkLow,2025-11-04,2025-11-05,253.5211,250.8316,-0.79,-0.12,1,stop_loss (-1.1%),evening,False
AVB,52wkLow,2025-11-04,2025-11-05,172.4732,172.9728,0.29,0.04,1,max_hold 226d (+0.3%),evening,False
ADP,MomReversal,2025-11-05,2025-11-06,253.8634,251.9367,-0.53,-0.11,1,stop_loss (-0.8%),evening,True
BR,MomReversal,2025-11-05,2025-11-06,215.0123,213.9795,-0.48,-0.1,1,max_hold 225d (-0.5%),evening,True
APD,52wkLow,2025-11-05,2025-11-06,234.3691,246.0402,4.98,1.03,1,max_hold 225d (+5.0%),evening,False
AMCR,52wkLow,2025-11-05,2025-11-06,39.1748,40.3398,2.974,0.61,1,max_hold 225d (+3.0%),evening,False
CPT,52wkLow,2025-11-05,2025-11-06,99.7136,99.1456,-0.54,-0.11,1,stop_loss (-0.6%),evening,False
BR,MomReversal,2025-11-06,2025-11-07,213.9401,214.6287,0.322,0.11,1,max_hold 224d (+0.3%),evening,True
BF-B,MomReversal,2025-11-06,2025-11-07,25.8575,25.9257,0.264,0.09,1,max_hold 224d (+0.3%),evening,True
ADP,52wkLow,2025-11-06,2025-11-07,246.8119,248.1811,0.555,0.19,1,max_hold 224d (+0.6%),evening,False
CPT,52wkLow,2025-11-06,2025-11-07,97.236,97.4416,0.211,0.07,1,max_hold 224d (+0.2%),evening,False
CTAS,52wkLow,2025-11-06,2025-11-07,183.525,184.7261,0.654,0.22,1,max_hold 224d (+0.7%),evening,False
CTAS,MomReversal,2025-11-07,2025-11-10,183.7037,182.2048,-0.79,-0.21,1,stop_loss (-0.8%),evening,True
ADP,52wkLow,2025-11-07,2025-11-10,248.5723,247.7313,-0.338,-0.09,1,max_hold 223d (-0.3%),evening,False
BF-B,52wkLow,2025-11-07,2025-11-10,25.9257,26.3546,1.654,0.45,1,max_hold 223d (+1.7%),evening,False
BLDR,52wkLow,2025-11-07,2025-11-10,109.42,109.8,0.347,0.09,1,max_hold 223d (+0.3%),evening,False
CPT,52wkLow,2025-11-07,2025-11-10,99.6744,99.2044,-0.472,-0.13,1,max_hold 223d (-0.5%),evening,False
BR,MomReversal,2025-11-10,2025-11-11,219.5176,220.1373,0.282,0.12,1,max_hold 220d (+0.3%),evening,True
CTAS,MomReversal,2025-11-10,2025-11-11,183.8823,184.2694,0.211,0.09,1,max_hold 220d (+0.2%),evening,True
BLDR,52wkLow,2025-11-10,2025-11-11,107.06,108.24,1.102,0.48,1,max_hold 220d (+1.1%),evening,False
CLX,52wkLow,2025-11-10,2025-11-11,102.2542,102.5569,0.296,0.13,1,max_hold 220d (+0.3%),evening,False
ALL,Pullback50,2025-11-10,2025-11-11,200.8529,201.8183,0.481,0.21,1,max_hold 220d (+0.5%),evening,False
BAX,MomReversal,2025-11-11,2025-11-12,18.2219,18.2718,0.274,0.15,1,max_hold 219d (+0.3%),evening,True
BR,MomReversal,2025-11-11,2025-11-12,219.2323,220.4914,0.574,0.31,1,max_hold 219d (+0.6%),evening,True
BLDR,52wkLow,2025-11-11,2025-11-12,106.91,107.37,0.43,0.23,1,max_hold 219d (+0.4%),evening,False
COF,Pullback50,2025-11-11,2025-11-12,218.139,217.5955,-0.249,-0.14,1,max_hold 219d (-0.2%),evening,False
CASY,Pullback50,2025-11-11,2025-11-12,538.5834,538.3937,-0.035,-0.02,1,max_hold 219d (-0.0%),evening,False
BAX,MomReversal,2025-11-12,2025-11-13,18.6712,18.6013,-0.374,-0.2,1,max_hold 218d (-0.4%),evening,True
AVB,52wkLow,2025-11-12,2025-11-13,174.4226,172.9826,-0.58,-0.32,1,stop_loss (-0.8%),evening,False
BLDR,52wkLow,2025-11-12,2025-11-13,106.42,105.65,-0.55,-0.3,1,stop_loss (-0.7%),evening,False
CPB,52wkLow,2025-11-12,2025-11-13,30.172,30.0655,-0.353,-0.19,1,max_hold 218d (-0.4%),evening,False
ADI,Pullback50,2025-11-12,2025-11-13,239.1841,237.401,-1.46,-0.8,1,stop_loss (-0.7%),evening,False
AVB,52wkLow,2025-11-13,2025-11-14,173.3744,174.4618,0.627,0.57,1,max_hold 217d (+0.6%),evening,False
CVX,Pullback50,2025-11-13,2025-11-14,150.9881,151.6189,0.418,0.38,1,max_hold 217d (+0.4%),evening,False
AWK,RSIRecovery,2025-11-13,2025-11-14,129.6473,130.8208,0.905,0.83,1,max_hold 217d (+0.9%),evening,False
APA,VolumeSpike,2025-11-13,2025-11-14,24.2948,24.3047,0.041,0.04,1,max_hold 217d (+0.0%),evening,False
BR,52wkLow,2025-11-14,2025-11-17,222.3702,222.2325,-0.062,-0.02,1,max_hold 216d (-0.1%),evening,False
CTAS,52wkLow,2025-11-14,2025-11-17,185.7864,185.0899,-0.375,-0.11,1,max_hold 216d (-0.4%),evening,False
AMD,GapDown,2025-11-14,2025-11-17,246.81,242.75,-1.645,-0.48,1,stop_loss (-1.6%),evening,False
ALB,GapDown,2025-11-14,2025-11-17,114.2183,119.0493,4.23,1.23,1,max_hold 216d (+4.2%),evening,False
APH,GapDown,2025-11-14,2025-11-17,133.2193,132.0738,-6.95,-2.02,1,stop_loss (-0.9%),evening,False
CTAS,MomReversal,2025-11-17,2025-11-18,182.8412,183.468,0.343,0.31,1,max_hold 213d (+0.3%),evening,True
COF,RubberBand,2025-11-17,2025-11-18,199.3879,198.1778,-1.31,-1.2,1,stop_loss (-0.6%),evening,True
AVB,52wkLow,2025-11-17,2025-11-18,173.8936,173.7663,-0.073,-0.07,1,max_hold 213d (-0.1%),evening,False
BLDR,52wkLow,2025-11-18,2025-11-19,98.6,99.59,1.004,0.4,1,max_hold 212d (+1.0%),evening,False
CLX,52wkLow,2025-11-18,2025-11-19,97.81,98.5035,0.709,0.28,1,max_hold 212d (+0.7%),evening,False
AXP,Pullback50,2025-11-18,2025-11-19,338.8338,339.8781,0.308,0.12,1,max_hold 212d (+0.3%),evening,False
ADM,Pullback50,2025-11-18,2025-11-19,59.6738,59.4569,-0.364,-0.14,1,max_hold 212d (-0.4%),evening,False
BAC,Pullback50,2025-11-18,2025-11-19,50.8202,50.8497,0.058,0.02,1,max_hold 212d (+0.1%),evening,False
APTV,RubberBand,2025-11-19,2025-11-20,72.36,73.05,0.954,0.32,1,max_hold 211d (+1.0%),evening,True
BR,52wkLow,2025-11-19,2025-11-20,222.6358,223.5605,0.415,0.14,1,max_hold 211d (+0.4%),evening,False
CHTR,52wkLow,2025-11-19,2025-11-20,194.22,195.73,0.777,0.26,1,max_hold 211d (+0.8%),evening,False
CTAS,52wkLow,2025-11-19,2025-11-20,182.5526,183.5377,0.54,0.18,1,max_hold 211d (+0.5%),evening,False
CLX,52wkLow,2025-11-19,2025-11-20,96.1398,96.0714,-0.071,-0.02,1,max_hold 211d (-0.1%),evening,False
BX,MomReversal,2025-11-20,2025-11-21,135.5735,136.7978,0.903,0.66,1,max_hold 210d (+0.9%),evening,True
XYZ,MomReversal,2025-11-20,2025-11-21,61.95,62.59,1.033,0.75,1,max_hold 210d (+1.0%),evening,True
AVB,52wkLow,2025-11-20,2025-11-21,173.4332,174.2169,0.452,0.33,1,max_hold 210d (+0.5%),evening,False
CTAS,52wkLow,2025-11-20,2025-11-21,182.284,182.7019,0.229,0.17,1,max_hold 210d (+0.2%),evening,False
CLX,52wkLow,2025-11-20,2025-11-21,97.7417,98.1909,0.46,0.33,1,max_hold 210d (+0.5%),evening,False
XYZ,MomReversal,2025-11-21,2025-11-24,61.95,62.015,0.105,0.02,1,max_hold 209d (+0.1%),evening,True
BLDR,MomReversal,2025-11-21,2025-11-24,101.62,101.14,-0.472,-0.09,1,max_hold 209d (-0.5%),evening,True
ADBE,52wkLow,2025-11-21,2025-11-24,324.19,325.0,0.25,0.05,1,max_hold 209d (+0.2%),evening,False
AVB,52wkLow,2025-11-21,2025-11-24,176.999,176.519,-0.271,-0.05,1,max_hold 209d (-0.3%),evening,False
CARR,52wkLow,2025-11-21,2025-11-24,52.0009,51.991,-0.019,-0.0,1,max_hold 209d (-0.0%),evening,False
ADP,MomReversal,2025-11-24,2025-11-25,244.6016,245.4818,0.36,0.05,1,max_hold 206d (+0.4%),evening,True
CHTR,MomReversal,2025-11-24,2025-11-25,199.08,199.08,0.0,0.0,1,max_hold 206d (+0.0%),evening,True
ACN,52wkLow,2025-11-24,2025-11-25,241.5714,242.9398,0.566,0.08,1,max_hold 206d (+0.6%),evening,False
ADBE,52wkLow,2025-11-24,2025-11-25,318.73,317.77,-0.301,-0.04,1,max_hold 206d (-0.3%),evening,False
AVB,52wkLow,2025-11-24,2025-11-25,176.7346,179.0759,1.325,0.18,1,max_hold 206d (+1.3%),evening,False
CARR,MomReversal,2025-11-25,2025-11-26,53.5289,53.6083,0.148,0.05,1,max_hold 205d (+0.1%),evening,True
ADP,52wkLow,2025-11-25,2025-11-26,250.6751,251.3304,0.261,0.1,1,max_hold 205d (+0.3%),evening,False
AMD,GapDown,2025-11-25,2025-11-26,206.13,210.05,1.902,0.69,1,max_hold 205d (+1.9%),evening,False
ADI,GapDown,2025-11-25,2025-11-26,249.6653,252.8354,1.27,0.46,1,max_hold 205d (+1.3%),evening,False
COHR,GapDown,2025-11-25,2025-11-26,148.85,148.47,-0.255,-0.09,1,max_hold 205d (-0.3%),evening,False
CPB,52wkLow,2025-11-26,2025-11-28,29.2717,29.2427,-0.099,-0.09,1,max_hold 204d (-0.1%),evening,False
AES,Pullback50,2025-11-26,2025-11-28,13.5798,13.6384,0.431,0.38,1,max_hold 204d (+0.4%),evening,False
AZO,Pullback50,2025-11-26,2025-11-28,3967.95,3951.5901,-0.412,-0.36,1,max_hold 204d (-0.4%),evening,False
BXP,Pullback50,2025-11-26,2025-11-28,71.003,70.7979,-0.289,-0.25,1,max_hold 204d (-0.3%),evening,False
ABBV,Pullback50,2025-11-28,2025-12-01,224.0241,223.5223,-0.224,-0.16,1,max_hold 202d (-0.2%),evening,False
AMD,Pullback50,2025-11-28,2025-12-01,217.53,213.88,-1.678,-1.23,1,stop_loss (-1.7%),evening,False
AES,Pullback50,2025-11-28,2025-12-01,13.7262,13.6579,-0.498,-0.36,1,max_hold 202d (-0.5%),evening,False
AZO,Pullback50,2025-11-28,2025-12-01,3954.3301,3949.99,-0.11,-0.08,1,max_hold 202d (-0.1%),evening,False
SCHW,Pullback50,2025-11-28,2025-12-01,92.0875,91.3923,-0.66,-0.48,1,stop_loss (-0.8%),evening,False
COIN,MomReversal,2025-12-01,2025-12-02,259.84,267.68,3.017,1.46,1,max_hold 199d (+3.0%),evening,True
BF-B,VolumeSpike,2025-12-01,2025-12-02,28.9667,28.8984,-0.236,-0.11,1,max_hold 199d (-0.2%),evening,True
ADP,52wkLow,2025-12-01,2025-12-02,250.2154,251.0076,0.317,0.15,1,max_hold 199d (+0.3%),evening,False
CHD,52wkLow,2025-12-01,2025-12-02,84.0451,83.3694,-1.46,-0.71,1,stop_loss (-0.8%),evening,False
CIEN,GapDown,2025-12-01,2025-12-02,200.92,204.03,1.548,0.75,1,max_hold 199d (+1.5%),evening,False
ADBE,52wkLow,2025-12-02,2025-12-03,322.81,321.98,-0.257,-0.24,1,max_hold 198d (-0.3%),evening,False
ADP,52wkLow,2025-12-02,2025-12-03,251.5259,250.8609,-0.264,-0.24,1,max_hold 198d (-0.3%),evening,False
CHD,52wkLow,2025-12-02,2025-12-03,83.0117,83.1409,0.156,0.14,1,max_hold 198d (+0.2%),evening,False
BA,Pullback50,2025-12-02,2025-12-03,205.38,204.6,-0.38,-0.35,1,max_hold 198d (-0.4%),evening,False
ARE,52wkLow,2025-12-03,2025-12-04,46.9731,46.5754,-1.01,-0.88,1,stop_loss (-0.8%),evening,False
AFL,Pullback50,2025-12-03,2025-12-04,107.905,107.905,-0.0,-0.0,1,max_hold 197d (-0.0%),evening,False
BX,Pullback50,2025-12-03,2025-12-04,148.4041,148.8448,0.297,0.26,1,max_hold 197d (+0.3%),evening,False
SCHW,Pullback50,2025-12-03,2025-12-04,93.3387,93.4678,0.138,0.12,1,max_hold 197d (+0.1%),evening,False
BF-B,VolumeSpike,2025-12-04,2025-12-05,28.9472,28.899,-0.166,-0.09,1,max_hold 196d (-0.2%),evening,True
ARE,52wkLow,2025-12-04,2025-12-05,45.1978,44.7224,-0.51,-0.28,1,stop_loss (-1.1%),evening,False
ADP,52wkLow,2025-12-04,2025-12-05,253.6971,253.6971,0.0,0.0,1,max_hold 196d (+0.0%),evening,False
CPB,52wkLow,2025-12-04,2025-12-05,28.4199,28.3328,-0.307,-0.17,1,max_hold 196d (-0.3%),evening,False
AES,Pullback50,2025-12-04,2025-12-05,13.5993,13.7555,1.149,0.63,1,max_hold 196d (+1.1%),evening,False
CB,VolumeSpike,2025-12-05,2025-12-08,293.2169,292.7199,-0.169,-0.09,1,max_hold 195d (-0.2%),evening,True
ARE,52wkLow,2025-12-05,2025-12-08,44.121,44.5284,0.923,0.5,1,max_hold 195d (+0.9%),evening,False
AVB,52wkLow,2025-12-05,2025-12-08,174.3932,173.7075,-0.393,-0.21,1,max_hold 195d (-0.4%),evening,False
CPB,52wkLow,2025-12-05,2025-12-08,28.6522,28.6522,0.0,0.0,1,max_hold 195d (+0.0%),evening,False
AOS,Pullback50,2025-12-05,2025-12-08,67.3126,67.1543,-0.235,-0.13,1,max_hold 195d (-0.2%),evening,False
APD,52wkLow,2025-12-08,2025-12-09,232.8794,233.3332,0.195,0.09,1,max_hold 192d (+0.2%),evening,False
ARE,52wkLow,2025-12-08,2025-12-09,43.6262,43.5583,-0.156,-0.08,1,max_hold 192d (-0.2%),evening,False
ADP,52wkLow,2025-12-08,2025-12-09,253.0027,253.394,0.155,0.08,1,max_hold 192d (+0.2%),evening,False
AVB,52wkLow,2025-12-08,2025-12-09,173.9916,174.7949,0.462,0.22,1,max_hold 192d (+0.5%),evening,False
BRO,52wkLow,2025-12-08,2025-12-09,77.2356,78.0115,1.005,0.49,1,max_hold 192d (+1.0%),evening,False
CASY,VolumeSpike,2025-12-09,2025-12-10,562.3247,537.6748,-4.384,-1.6,1,stop_loss (-4.4%),evening,True
CFG,VolumeSpike,2025-12-09,2025-12-10,55.1532,55.2912,0.25,0.09,1,max_hold 191d (+0.3%),evening,True
APD,52wkLow,2025-12-09,2025-12-10,227.6604,226.733,-0.407,-0.15,1,max_hold 191d (-0.4%),evening,False
CPB,52wkLow,2025-12-09,2025-12-10,27.5584,27.5875,0.105,0.04,1,max_hold 191d (+0.1%),evening,False
CARR,52wkLow,2025-12-09,2025-12-10,52.4276,52.5367,0.208,0.08,1,max_hold 191d (+0.2%),evening,False
AJG,MomReversal,2025-12-10,2025-12-11,238.9218,240.6209,0.711,0.17,1,max_hold 190d (+0.7%),evening,True
CINF,VolumeSpike,2025-12-10,2025-12-11,160.825,161.2799,0.283,0.07,1,max_hold 190d (+0.3%),evening,True
CFG,VolumeSpike,2025-12-10,2025-12-11,57.6377,56.9377,-1.215,-0.29,1,stop_loss (-1.2%),evening,True
APD,52wkLow,2025-12-10,2025-12-11,233.5305,235.7897,0.967,0.23,1,max_hold 190d (+1.0%),evening,False
AON,52wkLow,2025-12-10,2025-12-11,339.1553,341.8282,0.788,0.19,1,max_hold 190d (+0.8%),evening,False
AJG,52wkLow,2025-12-11,2025-12-12,246.0462,247.4672,0.578,0.21,1,max_hold 189d (+0.6%),evening,False
AVB,52wkLow,2025-12-11,2025-12-12,172.483,173.394,0.528,0.19,1,max_hold 189d (+0.5%),evening,False
BRO,52wkLow,2025-12-11,2025-12-12,79.1356,79.3943,0.327,0.12,1,max_hold 189d (+0.3%),evening,False
CL,52wkLow,2025-12-11,2025-12-12,76.3056,76.7205,0.544,0.2,1,max_hold 189d (+0.5%),evening,False
AES,Pullback50,2025-12-11,2025-12-12,13.6676,13.7457,0.571,0.21,1,max_hold 189d (+0.6%),evening,False
CTAS,52wkLow,2025-12-12,2025-12-15,186.5923,188.5326,1.04,0.96,1,max_hold 188d (+1.0%),evening,False
AFL,Pullback50,2025-12-12,2025-12-15,108.9044,109.8149,0.836,0.77,1,max_hold 188d (+0.8%),evening,False
BA,Pullback50,2025-12-12,2025-12-15,204.38,204.38,0.0,0.0,1,max_hold 188d (+0.0%),evening,False
CLX,MomReversal,2025-12-15,2025-12-16,99.3533,99.9491,0.6,0.33,1,max_hold 185d (+0.6%),evening,True
CPB,52wkLow,2025-12-15,2025-12-16,27.3648,27.5003,0.495,0.27,1,max_hold 185d (+0.5%),evening,False
CTAS,52wkLow,2025-12-15,2025-12-16,187.5077,188.2142,0.377,0.21,1,max_hold 185d (+0.4%),evening,False
ABBV,Pullback50,2025-12-15,2025-12-16,223.7781,222.7549,-0.457,-0.25,1,max_hold 185d (-0.5%),evening,False
ADM,Pullback50,2025-12-15,2025-12-16,59.3583,57.9581,-2.359,-1.3,1,stop_loss (-2.4%),evening,False
APD,MomReversal,2025-12-16,2025-12-17,238.9961,238.9961,-0.0,-0.0,1,max_hold 184d (-0.0%),evening,True
CLX,MomReversal,2025-12-16,2025-12-17,97.4975,97.3803,-0.12,-0.09,1,max_hold 184d (-0.1%),evening,True
CBOE,Pullback50,2025-12-16,2025-12-17,247.8572,248.2156,0.145,0.11,1,max_hold 184d (+0.1%),evening,False
CME,Pullback50,2025-12-16,2025-12-17,265.2022,265.5909,0.147,0.11,1,max_hold 184d (+0.1%),evening,False
CLX,MomReversal,2025-12-17,2025-12-18,99.1579,98.8942,-0.266,-0.19,1,max_hold 183d (-0.3%),evening,True
AFL,Pullback50,2025-12-17,2025-12-18,109.3498,108.7857,-0.51,-0.37,1,stop_loss (-0.5%),evening,False
BG,Pullback50,2025-12-17,2025-12-18,91.8271,91.7282,-0.108,-0.08,1,max_hold 183d (-0.1%),evening,False
COR,Pullback50,2025-12-17,2025-12-18,341.5871,341.7166,0.038,0.03,1,max_hold 183d (+0.0%),evening,False
AZO,MomReversal,2025-12-18,2025-12-19,3426.6101,3423.0601,-0.104,-0.06,1,max_hold 182d (-0.1%),evening,True
BAC,VolumeSpike,2025-12-18,2025-12-19,53.6761,53.9333,0.479,0.26,1,max_hold 182d (+0.5%),evening,True
CLX,52wkLow,2025-12-18,2025-12-19,97.0775,96.8919,-0.191,-0.1,1,max_hold 182d (-0.2%),evening,False
CL,52wkLow,2025-12-18,2025-12-19,76.7798,77.0958,0.412,0.23,1,max_hold 182d (+0.4%),evening,False
ACN,GapDown,2025-12-18,2025-12-19,267.6899,267.7296,0.015,0.01,1,max_hold 182d (+0.0%),evening,False
ARE,MomReversal,2025-12-19,2025-12-22,46.5075,46.6627,0.334,0.02,1,max_hold 181d (+0.3%),evening,True
T,MomReversal,2025-12-19,2025-12-22,23.6229,23.6229,-0.0,-0.0,1,max_hold 181d (-0.0%),evening,True
AZO,MomReversal,2025-12-19,2025-12-22,3392.3401,3381.78,-0.311,-0.02,1,max_hold 181d (-0.3%),evening,True
ABT,VolumeSpike,2025-12-19,2025-12-22,124.0396,123.7528,-0.231,-0.02,1,max_hold 181d (-0.2%),evening,True
ABBV,VolumeSpike,2025-12-19,2025-12-22,223.1583,222.4597,-0.313,-0.02,1,max_hold 181d (-0.3%),evening,True
ABBV,Pullback50,2025-12-22,2025-12-23,224.2307,224.5357,0.136,0.12,1,max_hold 178d (+0.1%),evening,False
AES,Pullback50,2025-12-22,2025-12-23,13.531,13.5895,0.433,0.38,1,max_hold 178d (+0.4%),evening,False
BLK,Pullback50,2025-12-22,2025-12-23,1076.1212,1073.4908,-0.244,-0.21,1,max_hold 178d (-0.2%),evening,False
CME,Pullback50,2025-12-22,2025-12-23,265.4451,264.7941,-0.245,-0.22,1,max_hold 178d (-0.2%),evening,False
KO,Pullback50,2025-12-22,2025-12-23,69.2832,69.2734,-0.014,-0.01,1,max_hold 178d (-0.0%),evening,False
ABBV,Pullback50,2025-12-23,2025-12-24,225.0965,225.7557,0.293,0.27,1,max_hold 177d (+0.3%),evening,False
AAPL,Pullback50,2025-12-23,2025-12-24,271.8549,271.8349,-0.007,-0.01,1,max_hold 177d (-0.0%),evening,False
BLK,Pullback50,2025-12-23,2025-12-24,1074.4797,1077.7133,0.301,0.28,1,max_hold 177d (+0.3%),evening,False
CVX,Pullback50,2025-12-23,2025-12-24,147.6991,147.5715,-0.086,-0.08,1,max_hold 177d (-0.1%),evening,False
AES,Pullback50,2025-12-24,2025-12-26,13.6286,13.6774,0.358,0.33,1,max_hold 176d (+0.4%),evening,False
AFL,Pullback50,2025-12-24,2025-12-26,109.4685,109.3992,-0.063,-0.06,1,max_hold 176d (-0.1%),evening,False
CVX,Pullback50,2025-12-24,2025-12-26,147.6893,147.5716,-0.08,-0.07,1,max_hold 176d (-0.1%),evening,False
KO,Pullback50,2025-12-24,2025-12-26,69.1845,69.0267,-0.228,-0.21,1,max_hold 176d (-0.2%),evening,False
AES,Pullback50,2025-12-26,2025-12-29,13.736,13.7262,-0.071,-0.07,1,max_hold 174d (-0.1%),evening,False
AMZN,Pullback50,2025-12-26,2025-12-29,232.52,231.94,-0.249,-0.23,1,max_hold 174d (-0.2%),evening,False
AMZN,Pullback50,2025-12-29,2025-12-30,232.07,231.21,-0.371,-0.33,1,max_hold 171d (-0.4%),evening,False
APH,Pullback50,2025-12-29,2025-12-30,136.6299,136.9992,0.27,0.24,1,max_hold 171d (+0.3%),evening,False
AAPL,Pullback50,2025-12-29,2025-12-30,273.2523,272.3041,-0.347,-0.3,1,max_hold 171d (-0.3%),evening,False
ANET,Pullback50,2025-12-29,2025-12-30,134.15,134.25,0.075,0.07,1,max_hold 171d (+0.1%),evening,False
KO,Pullback50,2025-12-29,2025-12-30,69.2339,69.076,-0.228,-0.2,1,max_hold 171d (-0.2%),evening,False
AFL,Pullback50,2025-12-30,2025-12-31,109.6466,109.5774,-0.063,-0.04,1,max_hold 170d (-0.1%),evening,False
AMZN,Pullback50,2025-12-30,2025-12-31,232.53,232.91,0.163,0.1,1,max_hold 170d (+0.2%),evening,False
AEE,Pullback50,2025-12-30,2025-12-31,99.3599,99.1035,-0.258,-0.16,1,max_hold 170d (-0.3%),evening,False
AAPL,Pullback50,2025-12-30,2025-12-31,272.5736,272.5536,-0.007,-0.0,1,max_hold 170d (-0.0%),evening,False
CNP,Pullback50,2025-12-30,2025-12-31,38.1891,38.199,0.026,0.02,1,max_hold 170d (+0.0%),evening,False
CVX,Pullback50,2025-12-31,2026-01-02,149.5636,149.3281,-0.157,-0.14,1,max_hold 169d (-0.2%),evening,False
COIN,MomReversal,2026-01-02,2026-01-05,236.53,247.11,4.473,2.45,1,max_hold 167d (+4.5%),evening,True
AFL,Pullback50,2026-01-02,2026-01-05,109.0925,108.1623,-2.88,-1.58,1,stop_loss (-0.9%),evening,False
AEE,Pullback50,2026-01-02,2026-01-05,99.4783,98.9851,-0.496,-0.27,1,max_hold 167d (-0.5%),evening,False
APTV,Pullback50,2026-01-02,2026-01-05,78.44,78.26,-0.229,-0.13,1,max_hold 167d (-0.2%),evening,False
ADM,Pullback50,2026-01-02,2026-01-05,58.2244,57.6623,-5.73,-3.14,1,stop_loss (-1.0%),evening,False
AVB,52wkLow,2026-01-05,2026-01-06,178.2937,177.4234,-0.488,-0.13,1,max_hold 164d (-0.5%),evening,True
BRO,52wkLow,2026-01-05,2026-01-06,79.5037,79.1854,-0.4,-0.11,1,max_hold 164d (-0.4%),evening,True
CPB,52wkLow,2026-01-05,2026-01-06,25.8161,25.8451,0.112,0.03,1,max_hold 164d (+0.1%),evening,True
CHD,52wkLow,2026-01-05,2026-01-06,83.5781,83.1806,-0.476,-0.13,1,max_hold 164d (-0.5%),evening,True
CLX,52wkLow,2026-01-05,2026-01-06,98.9235,98.6793,-0.247,-0.07,1,max_hold 164d (-0.2%),evening,True
CL,52wkLow,2026-01-06,2026-01-07,76.2562,76.9378,0.894,0.39,1,max_hold 163d (+0.9%),evening,True
CARR,GapDown,2026-01-06,2026-01-07,53.0824,53.2809,0.374,0.16,1,max_hold 163d (+0.4%),evening,False
MMM,Pullback50,2026-01-06,2026-01-07,164.6162,164.2596,-0.217,-0.09,1,max_hold 163d (-0.2%),evening,False
ALLE,Pullback50,2026-01-06,2026-01-07,160.5678,161.1631,0.371,0.16,1,max_hold 163d (+0.4%),evening,False
AEE,Pullback50,2026-01-06,2026-01-07,99.2317,99.8925,0.666,0.29,1,max_hold 163d (+0.7%),evening,False
AZO,52wkLow,2026-01-07,2026-01-08,3318.0801,3307.75,-0.311,-0.15,1,max_hold 162d (-0.3%),evening,True
AVB,52wkLow,2026-01-07,2026-01-08,177.5224,176.5532,-1.59,-0.77,1,stop_loss (-0.5%),evening,True
CPB,52wkLow,2026-01-07,2026-01-08,25.4192,25.2914,-5.08,-2.46,1,stop_loss (-0.5%),evening,True
CL,52wkLow,2026-01-07,2026-01-08,76.1476,76.839,0.908,0.44,1,max_hold 162d (+0.9%),evening,True
CHTR,MomReversal,2026-01-07,2026-01-08,206.36,204.05,-1.21,-0.59,1,stop_loss (-1.1%),evening,True
AZO,52wkLow,2026-01-08,2026-01-09,3313.99,3303.6899,-0.311,-0.17,1,max_hold 161d (-0.3%),evening,True
BF-B,52wkLow,2026-01-08,2026-01-09,25.2351,25.3431,0.428,0.23,1,max_hold 161d (+0.4%),evening,True
MMM,Pullback50,2026-01-08,2026-01-09,163.6555,163.9031,0.151,0.08,1,max_hold 161d (+0.2%),evening,False
AFL,Pullback50,2026-01-08,2026-01-09,109.1123,108.7263,-0.354,-0.19,1,max_hold 161d (-0.4%),evening,False
ALLE,Pullback50,2026-01-08,2026-01-09,162.9787,164.6852,1.047,0.57,1,max_hold 161d (+1.0%),evening,False
KO,Pullback50,2026-01-09,2026-01-12,69.5793,69.9641,0.553,0.51,1,max_hold 160d (+0.6%),evening,False
CPB,52wkLow,2026-01-12,2026-01-13,25.9301,25.881,-0.189,-0.12,1,max_hold 157d (-0.2%),evening,True
COF,GapDown,2026-01-12,2026-01-13,231.3182,232.7069,0.6,0.37,1,max_hold 157d (+0.6%),evening,False
C,GapDown,2026-01-12,2026-01-13,116.5384,116.5582,0.017,0.01,1,max_hold 157d (+0.0%),evening,False
AEE,Pullback50,2026-01-12,2026-01-13,98.8273,98.9358,0.11,0.07,1,max_hold 157d (+0.1%),evening,False
CAH,Pullback50,2026-01-12,2026-01-13,202.0303,209.5919,3.743,2.32,1,max_hold 157d (+3.7%),evening,False
ADBE,52wkLow,2026-01-13,2026-01-14,309.93,308.57,-0.439,-0.15,1,max_hold 156d (-0.4%),evening,True
BSX,52wkLow,2026-01-13,2026-01-14,94.14,93.92,-0.234,-0.08,1,max_hold 156d (-0.2%),evening,True
BF-B,52wkLow,2026-01-13,2026-01-14,25.8834,26.1584,1.063,0.36,1,max_hold 156d (+1.1%),evening,True
CPB,52wkLow,2026-01-13,2026-01-14,25.655,25.6452,-0.038,-0.01,1,max_hold 156d (-0.0%),evening,True
AMD,Pullback50,2026-01-13,2026-01-14,220.97,217.54,-1.552,-0.52,1,stop_loss (-1.6%),evening,False
ADBE,52wkLow,2026-01-14,2026-01-15,304.44,304.97,0.174,0.06,1,max_hold 155d (+0.2%),evening,True
CPB,52wkLow,2026-01-14,2026-01-15,26.3428,26.2544,-0.336,-0.11,1,max_hold 155d (-0.3%),evening,True
AMD,Pullback50,2026-01-14,2026-01-15,223.6,227.9,1.923,0.64,1,max_hold 155d (+1.9%),evening,False
AES,Pullback50,2026-01-14,2026-01-15,13.6676,13.7457,0.571,0.19,1,max_hold 155d (+0.6%),evening,False
AFL,Pullback50,2026-01-14,2026-01-15,109.0331,109.1617,0.118,0.04,1,max_hold 155d (+0.1%),evening,False
BSX,52wkLow,2026-01-15,2026-01-16,90.03,90.02,-0.011,-0.0,1,max_hold 154d (-0.0%),evening,True
BR,52wkLow,2026-01-15,2026-01-16,216.6922,215.8723,-0.378,-0.15,1,max_hold 154d (-0.4%),evening,True
ALLE,Pullback50,2026-01-15,2026-01-16,162.2048,162.3239,0.073,0.03,1,max_hold 154d (+0.1%),evening,False
AMGN,Pullback50,2026-01-15,2026-01-16,325.3024,323.9914,-0.403,-0.16,1,max_hold 154d (-0.4%),evening,False
ANET,Pullback50,2026-01-15,2026-01-16,130.59,132.18,1.218,0.48,1,max_hold 154d (+1.2%),evening,False
ADBE,52wkLow,2026-01-16,2026-01-20,296.12,294.32,-0.71,-0.22,1,stop_loss (-0.6%),evening,True
AMCR,52wkLow,2026-01-16,2026-01-20,39.7476,40.8447,2.76,0.86,1,max_hold 153d (+2.8%),evening,True
BSX,52wkLow,2026-01-16,2026-01-20,88.07,88.21,0.159,0.05,1,max_hold 153d (+0.2%),evening,True
CPB,52wkLow,2026-01-16,2026-01-20,25.6255,25.6354,0.038,0.01,1,max_hold 153d (+0.0%),evening,True
AFL,Pullback50,2026-01-16,2026-01-20,108.3701,108.2018,-0.155,-0.05,1,max_hold 153d (-0.2%),evening,False
AON,52wkLow,2026-01-20,2026-01-21,338.6067,338.6067,-0.0,-0.0,1,max_hold 149d (-0.0%),evening,True
BSX,52wkLow,2026-01-20,2026-01-21,91.2,91.7,0.548,0.16,1,max_hold 149d (+0.5%),evening,True
BR,52wkLow,2026-01-20,2026-01-21,206.7348,207.3078,0.277,0.08,1,max_hold 149d (+0.3%),evening,True
CPB,MomReversal,2026-01-20,2026-01-21,25.9989,25.9891,-0.038,-0.01,1,max_hold 149d (-0.0%),evening,True
AMAT,GapDown,2026-01-20,2026-01-21,317.439,318.6859,0.393,0.11,1,max_hold 149d (+0.4%),evening,False
ADBE,52wkLow,2026-01-21,2026-01-22,294.23,296.0,0.602,0.15,1,max_hold 148d (+0.6%),evening,True
AON,52wkLow,2026-01-21,2026-01-22,331.8845,331.1165,-0.231,-0.06,1,max_hold 148d (-0.2%),evening,True
ADP,52wkLow,2026-01-21,2026-01-22,252.9648,253.1715,0.082,0.02,1,max_hold 148d (+0.1%),evening,True
BSX,52wkLow,2026-01-21,2026-01-22,91.71,91.92,0.229,0.06,1,max_hold 148d (+0.2%),evening,True
BR,52wkLow,2026-01-21,2026-01-22,204.3344,205.1543,0.401,0.1,1,max_hold 148d (+0.4%),evening,True
ABT,52wkLow,2026-01-22,2026-01-23,107.9329,107.595,-0.313,-0.12,1,max_hold 147d (-0.3%),evening,True
AON,52wkLow,2026-01-22,2026-01-23,335.076,335.2556,0.054,0.02,1,max_hold 147d (+0.1%),evening,True
AVB,52wkLow,2026-01-22,2026-01-23,173.8235,173.4379,-0.222,-0.09,1,max_hold 147d (-0.2%),evening,True
BR,52wkLow,2026-01-22,2026-01-23,207.2386,205.1642,-3.54,-1.41,1,stop_loss (-1.0%),evening,True
ADBE,MomReversal,2026-01-22,2026-01-23,299.73,301.46,0.577,0.23,1,max_hold 147d (+0.6%),evening,True
ABT,52wkLow,2026-01-23,2026-01-26,106.7503,107.0782,0.307,0.15,1,max_hold 146d (+0.3%),evening,True
ADP,52wkLow,2026-01-23,2026-01-26,253.831,254.3823,0.217,0.11,1,max_hold 146d (+0.2%),evening,True
BR,52wkLow,2026-01-23,2026-01-26,205.016,205.2827,0.13,0.06,1,max_hold 146d (+0.1%),evening,True
CDW,52wkLow,2026-01-23,2026-01-26,124.6287,124.6188,-0.008,-0.0,1,max_hold 146d (-0.0%),evening,True
LNT,Pullback50,2026-01-23,2026-01-26,65.7984,65.8181,0.03,0.01,1,max_hold 146d (+0.0%),evening,False
ABT,52wkLow,2026-01-26,2026-01-27,108.0919,107.3366,-3.89,-1.7,1,stop_loss (-0.7%),evening,True
AON,52wkLow,2026-01-26,2026-01-27,337.9784,336.2928,-0.499,-0.22,1,max_hold 143d (-0.5%),evening,True
CPB,52wkLow,2026-01-26,2026-01-27,26.6671,26.5393,-0.479,-0.21,1,max_hold 143d (-0.5%),evening,True
AEP,Pullback50,2026-01-26,2026-01-27,116.2499,115.9741,-0.237,-0.1,1,max_hold 143d (-0.2%),evening,False
ACGL,Pullback50,2026-01-26,2026-01-27,93.7,93.62,-0.085,-0.04,1,max_hold 143d (-0.1%),evening,False
AON,52wkLow,2026-01-27,2026-01-28,329.8798,328.5433,-0.405,-0.13,1,max_hold 142d (-0.4%),evening,True
AJG,52wkLow,2026-01-27,2026-01-28,240.7899,240.9588,0.07,0.02,1,max_hold 142d (+0.1%),evening,True
T,52wkLow,2026-01-27,2026-01-28,22.7618,23.1774,1.826,0.57,1,max_hold 142d (+1.8%),evening,True
ADP,52wkLow,2026-01-27,2026-01-28,250.5236,245.7398,-1.91,-0.59,1,stop_loss (-1.9%),evening,True
BRO,52wkLow,2026-01-27,2026-01-28,73.7339,72.9779,-1.39,-0.43,1,stop_loss (-1.0%),evening,True
AON,52wkLow,2026-01-28,2026-01-29,332.1238,334.7369,0.787,0.31,1,max_hold 141d (+0.8%),evening,True
ADP,52wkLow,2026-01-28,2026-01-29,246.7635,245.4838,-5.04,-1.99,1,stop_loss (-0.5%),evening,True
BRO,52wkLow,2026-01-28,2026-01-29,71.7244,72.3312,0.846,0.33,1,max_hold 141d (+0.8%),evening,True
CHTR,52wkLow,2026-01-28,2026-01-29,182.81,180.96,-0.61,-0.24,1,stop_loss (-1.0%),evening,True
APH,GapDown,2026-01-28,2026-01-29,145.6721,147.9675,1.576,0.62,1,max_hold 141d (+1.6%),evening,False
ADBE,52wkLow,2026-01-29,2026-01-30,291.65,291.6,-0.017,-0.0,1,max_hold 140d (-0.0%),evening,True
ADP,52wkLow,2026-01-29,2026-01-30,242.1174,241.2315,-0.366,-0.06,1,max_hold 140d (-0.4%),evening,True
AVB,52wkLow,2026-01-29,2026-01-30,172.8741,172.8544,-0.011,-0.0,1,max_hold 140d (-0.0%),evening,True
AXON,52wkLow,2026-01-29,2026-01-30,509.58,505.36,-2.42,-0.4,1,stop_loss (-0.8%),evening,True
BSX,52wkLow,2026-01-29,2026-01-30,92.33,93.05,0.78,0.13,1,max_hold 140d (+0.8%),evening,True
ABT,52wkLow,2026-01-30,2026-02-02,108.6186,108.549,-0.064,-0.02,1,max_hold 139d (-0.1%),evening,True
AJG,52wkLow,2026-01-30,2026-02-02,247.7851,248.8284,0.421,0.12,1,max_hold 139d (+0.4%),evening,True
ADP,52wkLow,2026-01-30,2026-02-02,242.9541,242.7376,-0.089,-0.03,1,max_hold 139d (-0.1%),evening,True
AXON,52wkLow,2026-01-30,2026-02-02,483.58,482.0,-0.327,-0.09,1,max_hold 139d (-0.3%),evening,True
BRO,52wkLow,2026-01-30,2026-02-02,71.7244,71.8836,0.222,0.06,1,max_hold 139d (+0.2%),evening,True
AXON,52wkLow,2026-02-02,2026-02-03,459.99,471.75,2.557,0.92,1,max_hold 136d (+2.6%),evening,True
BR,52wkLow,2026-02-02,2026-02-03,195.9279,197.6368,0.872,0.31,1,max_hold 136d (+0.9%),evening,True
CDW,52wkLow,2026-02-02,2026-02-03,125.4496,124.0945,-1.06,-0.38,1,stop_loss (-1.1%),evening,True
APA,GapDown,2026-02-02,2026-02-03,25.7179,25.7576,0.155,0.06,1,max_hold 136d (+0.2%),evening,False
ABBV,Pullback50,2026-02-02,2026-02-03,223.7835,222.1074,-0.93,-0.34,1,stop_loss (-0.7%),evening,False
ACN,52wkLow,2026-02-03,2026-02-04,239.1817,235.84,-1.397,-0.34,1,stop_loss (-1.4%),evening,True
ADBE,52wkLow,2026-02-03,2026-02-04,271.93,267.23,-1.728,-0.42,1,stop_loss (-1.7%),evening,True
AWK,52wkLow,2026-02-03,2026-02-04,124.1541,125.2784,0.906,0.22,1,max_hold 135d (+0.9%),evening,True
ADP,52wkLow,2026-02-03,2026-02-04,231.398,231.8114,0.179,0.04,1,max_hold 135d (+0.2%),evening,True
BSX,52wkLow,2026-02-03,2026-02-04,91.62,81.38,-11.177,-2.69,1,stop_loss (-11.2%),evening,True
ACN,52wkLow,2026-02-04,2026-02-05,239.618,238.4479,-0.488,-0.09,1,max_hold 134d (-0.5%),evening,True
ADBE,52wkLow,2026-02-04,2026-02-05,279.71,277.49,-2.16,-0.39,1,stop_loss (-0.8%),evening,True
AMT,52wkLow,2026-02-04,2026-02-05,173.1506,169.257,-2.249,-0.4,1,stop_loss (-2.2%),evening,True
AWK,52wkLow,2026-02-04,2026-02-05,122.586,123.227,0.523,0.09,1,max_hold 134d (+0.5%),evening,True
AJG,52wkLow,2026-02-04,2026-02-05,247.964,250.5773,1.054,0.19,1,max_hold 134d (+1.1%),evening,True
ACN,52wkLow,2026-02-05,2026-02-06,231.6158,230.3466,-1.24,-0.33,1,stop_loss (-0.5%),evening,True
AMT,52wkLow,2026-02-05,2026-02-06,168.188,169.4434,0.746,0.2,1,max_hold 133d (+0.7%),evening,True
AWK,52wkLow,2026-02-05,2026-02-06,123.947,124.7162,0.621,0.17,1,max_hold 133d (+0.6%),evening,True
AVB,52wkLow,2026-02-05,2026-02-06,167.8303,167.6721,-0.094,-0.03,1,max_hold 133d (-0.1%),evening,True
BSX,52wkLow,2026-02-05,2026-02-06,77.64,77.24,-1.19,-0.32,1,stop_loss (-0.5%),evening,True
ADP,52wkLow,2026-02-06,2026-02-09,227.7363,227.7362,-0.0,-0.0,1,max_hold 132d (-0.0%),evening,True
AVB,52wkLow,2026-02-06,2026-02-09,171.9148,170.7379,-0.54,-0.26,1,stop_loss (-0.7%),evening,True
BSX,52wkLow,2026-02-06,2026-02-09,76.27,75.61,-1.58,-0.75,1,stop_loss (-0.9%),evening,True
BR,52wkLow,2026-02-06,2026-02-09,179.6977,179.1445,-0.308,-0.15,1,max_hold 132d (-0.3%),evening,True
AMZN,GapDown,2026-02-06,2026-02-09,210.32,208.97,-0.93,-0.44,1,stop_loss (-0.6%),evening,False
AWK,52wkLow,2026-02-09,2026-02-10,121.2546,121.7094,0.375,0.11,1,max_hold 129d (+0.4%),evening,True
AON,52wkLow,2026-02-09,2026-02-10,309.5234,312.1665,0.854,0.26,1,max_hold 129d (+0.9%),evening,True
AJG,52wkLow,2026-02-09,2026-02-10,216.4058,219.0986,1.244,0.38,1,max_hold 129d (+1.2%),evening,True
ADP,52wkLow,2026-02-09,2026-02-10,223.0705,220.5014,-1.72,-0.53,1,stop_loss (-1.2%),evening,True
BKNG,52wkLow,2026-02-09,2026-02-10,168.6722,167.9744,-0.414,-0.13,1,max_hold 129d (-0.4%),evening,True
AON,52wkLow,2026-02-10,2026-02-11,317.0835,314.4903,-2.14,-1.02,1,stop_loss (-0.8%),evening,True
AJG,52wkLow,2026-02-10,2026-02-11,211.2289,210.3843,-0.4,-0.19,1,max_hold 128d (-0.4%),evening,True
ADP,52wkLow,2026-02-10,2026-02-11,221.9976,221.9976,0.0,0.0,1,max_hold 128d (+0.0%),evening,True
BKNG,52wkLow,2026-02-10,2026-02-11,170.4274,169.3303,-5.04,-2.4,1,stop_loss (-0.6%),evening,True
BR,52wkLow,2026-02-10,2026-02-11,170.412,169.2859,-1.36,-0.65,1,stop_loss (-0.7%),evening,True
ADBE,52wkLow,2026-02-11,2026-02-12,257.16,258.36,0.467,0.25,1,max_hold 127d (+0.5%),evening,True
AON,52wkLow,2026-02-11,2026-02-12,309.1544,308.8951,-0.084,-0.04,1,max_hold 127d (-0.1%),evening,True
AJG,52wkLow,2026-02-11,2026-02-12,204.0051,203.876,-0.063,-0.03,1,max_hold 127d (-0.1%),evening,True
BKNG,52wkLow,2026-02-11,2026-02-12,171.6734,170.2809,-1.46,-0.77,1,stop_loss (-0.8%),evening,True
BR,52wkLow,2026-02-11,2026-02-12,165.5123,164.7813,-0.442,-0.23,1,max_hold 127d (-0.4%),evening,True
ACN,52wkLow,2026-02-12,2026-02-13,220.1828,221.333,0.522,0.17,1,max_hold 126d (+0.5%),evening,True
ADBE,52wkLow,2026-02-12,2026-02-13,262.5,262.17,-0.126,-0.04,1,max_hold 126d (-0.1%),evening,True
AON,52wkLow,2026-02-12,2026-02-13,313.6625,317.1134,1.1,0.36,1,max_hold 126d (+1.1%),evening,True
AJG,52wkLow,2026-02-12,2026-02-13,203.4884,204.8299,0.659,0.21,1,max_hold 126d (+0.7%),evening,True
AVB,52wkLow,2026-02-12,2026-02-13,173.3291,173.339,0.006,0.0,1,max_hold 126d (+0.0%),evening,True
ACN,52wkLow,2026-02-13,2026-02-17,222.3444,223.7228,0.62,0.24,1,max_hold 125d (+0.6%),evening,True
AJG,52wkLow,2026-02-13,2026-02-17,207.1252,210.911,1.828,0.7,1,max_hold 125d (+1.8%),evening,True
BKNG,52wkLow,2026-02-13,2026-02-17,164.8326,164.458,-0.227,-0.09,1,max_hold 125d (-0.2%),evening,True
BRO,52wkLow,2026-02-13,2026-02-17,68.2699,68.7385,0.686,0.26,1,max_hold 125d (+0.7%),evening,True
CTSH,52wkLow,2026-02-13,2026-02-17,65.7494,65.947,0.301,0.12,1,max_hold 125d (+0.3%),evening,True
ACN,52wkLow,2026-02-17,2026-02-18,218.0409,217.5749,-0.214,-0.11,1,max_hold 121d (-0.2%),evening,True
AJG,52wkLow,2026-02-17,2026-02-18,212.6399,212.3021,-0.159,-0.08,1,max_hold 121d (-0.2%),evening,True
BRO,52wkLow,2026-02-17,2026-02-18,68.6288,68.6488,0.029,0.02,1,max_hold 121d (+0.0%),evening,True
CTSH,52wkLow,2026-02-17,2026-02-18,64.3959,64.4952,0.154,0.08,1,max_hold 121d (+0.2%),evening,True
COIN,MomReversal,2026-02-17,2026-02-18,166.02,165.4,-0.373,-0.2,1,max_hold 121d (-0.4%),evening,False
BKNG,52wkLow,2026-02-18,2026-02-19,169.9835,162.7733,-4.242,-1.8,1,stop_loss (-4.2%),evening,True
CVNA,GapDown,2026-02-18,2026-02-19,72.306,68.38,-5.43,-2.31,1,stop_loss (-5.4%),evening,False
CRL,GapDown,2026-02-18,2026-02-19,158.0,154.09,-2.475,-1.05,1,stop_loss (-2.5%),evening,False
AAPL,Pullback50,2026-02-18,2026-02-19,264.1067,262.3583,-1.99,-0.85,1,stop_loss (-0.7%),evening,False
BLK,Pullback50,2026-02-18,2026-02-19,1080.1262,1065.9257,-1.315,-0.56,1,stop_loss (-1.3%),evening,False
ACN,52wkLow,2026-02-19,2026-02-20,213.1425,211.7443,-1.28,-0.6,1,stop_loss (-0.7%),evening,True
BKNG,52wkLow,2026-02-19,2026-02-20,159.5321,159.7319,0.125,0.06,1,max_hold 119d (+0.1%),evening,True
CF,VolumeSpike,2026-02-19,2026-02-20,99.0556,98.9958,-0.06,-0.03,1,max_hold 119d (-0.1%),evening,True
ALB,GapDown,2026-02-19,2026-02-20,167.5661,165.6657,-0.73,-0.34,1,stop_loss (-1.1%),evening,False
ARES,GapDown,2026-02-19,2026-02-20,126.8283,123.4488,-2.665,-1.24,1,stop_loss (-2.7%),evening,False
BX,52wkLow,2026-02-20,2026-02-23,120.1566,118.1156,-1.699,-0.44,1,stop_loss (-1.7%),evening,True
BKNG,52wkLow,2026-02-20,2026-02-23,162.2924,161.3008,-1.16,-0.3,1,stop_loss (-0.6%),evening,True
CTSH,52wkLow,2026-02-20,2026-02-23,64.5747,63.8001,-0.93,-0.24,1,stop_loss (-1.2%),evening,True
BBY,VolumeSpike,2026-02-20,2026-02-23,62.6789,62.2123,-0.76,-0.2,1,stop_loss (-0.7%),evening,True
CNP,VolumeSpike,2026-02-20,2026-02-23,42.7659,42.2089,-1.302,-0.34,1,stop_loss (-1.3%),evening,True
ACN,52wkLow,2026-02-23,2026-02-24,199.4883,198.8536,-0.318,-0.13,1,max_hold 115d (-0.3%),evening,True
ADBE,52wkLow,2026-02-23,2026-02-24,246.68,245.57,-0.45,-0.19,1,max_hold 115d (-0.4%),evening,True
ARES,52wkLow,2026-02-23,2026-02-24,111.9038,111.1615,-2.01,-0.83,1,stop_loss (-0.7%),evening,True
BX,52wkLow,2026-02-23,2026-02-24,112.666,112.9138,0.22,0.09,1,max_hold 115d (+0.2%),evening,True
BKNG,52wkLow,2026-02-23,2026-02-24,154.0934,154.8566,0.495,0.21,1,max_hold 115d (+0.5%),evening,True
ACN,52wkLow,2026-02-24,2026-02-25,195.0757,194.7088,-0.188,-0.05,1,max_hold 114d (-0.2%),evening,True
ADP,52wkLow,2026-02-24,2026-02-25,202.4585,202.8817,0.209,0.06,1,max_hold 114d (+0.2%),evening,True
A,MomReversal,2026-02-24,2026-02-25,124.1168,125.2243,0.892,0.25,1,max_hold 114d (+0.9%),evening,False
TECH,MomReversal,2026-02-24,2026-02-25,57.4936,58.0825,1.024,0.28,1,max_hold 114d (+1.0%),evening,False
XYZ,MomReversal,2026-02-24,2026-02-25,51.0,51.655,1.284,0.35,1,max_hold 114d (+1.3%),evening,False
ACN,52wkLow,2026-02-25,2026-02-26,189.8897,192.3686,1.305,0.42,1,max_hold 113d (+1.3%),evening,True
ADP,52wkLow,2026-02-25,2026-02-26,210.8942,211.4159,0.247,0.08,1,max_hold 113d (+0.2%),evening,True
CPB,52wkLow,2026-02-25,2026-02-26,26.0284,26.1856,0.604,0.19,1,max_hold 113d (+0.6%),evening,True
CDW,52wkLow,2026-02-25,2026-02-26,120.8633,122.0662,0.995,0.32,1,max_hold 113d (+1.0%),evening,True
CTSH,52wkLow,2026-02-25,2026-02-26,60.9006,61.3673,0.766,0.24,1,max_hold 113d (+0.8%),evening,True
LNT,VolumeSpike,2026-02-26,2026-02-27,70.9191,71.1275,0.294,0.17,1,max_hold 112d (+0.3%),evening,True
APA,VolumeSpike,2026-02-26,2026-02-27,28.9065,29.3933,1.684,1.0,1,max_hold 112d (+1.7%),evening,True
XYZ,VolumeSpike,2026-02-26,2026-02-27,54.53,63.09,15.698,9.33,1,max_hold 112d (+15.7%),evening,True
CTSH,MomReversal,2026-02-26,2026-02-27,64.5151,63.9292,-2.18,-1.3,1,stop_loss (-0.9%),evening,False
C,Pullback50,2026-02-26,2026-02-27,115.643,112.6471,-2.591,-1.54,1,stop_loss (-2.6%),evening,False
APO,52wkLow,2026-02-27,2026-03-02,104.1608,102.0696,-2.008,-0.5,1,stop_loss (-2.0%),evening,True
ADP,52wkLow,2026-02-27,2026-03-02,211.0025,209.2602,-0.96,-0.24,1,stop_loss (-0.8%),evening,True
AVB,52wkLow,2026-02-27,2026-03-02,175.2774,175.04,-0.135,-0.03,1,max_hold 111d (-0.1%),evening,True
BXP,52wkLow,2026-02-27,2026-03-02,56.8022,56.2202,-2.03,-0.51,1,stop_loss (-1.0%),evening,True
AES,VolumeSpike,2026-02-27,2026-03-02,17.0695,14.1752,-16.956,-4.23,1,stop_loss (-17.0%),evening,True
CPB,52wkLow,2026-03-02,2026-03-03,25.8613,25.6452,-0.52,-0.14,1,stop_loss (-0.8%),evening,True
AMD,GapDown,2026-03-02,2026-03-03,198.62,191.46,-3.605,-0.94,1,stop_loss (-3.6%),evening,True
APP,GapDown,2026-03-02,2026-03-03,432.98,414.01,-4.381,-1.15,1,stop_loss (-4.4%),evening,True
XYZ,GapDown,2026-03-02,2026-03-03,64.45,63.23,-1.893,-0.5,1,stop_loss (-1.9%),evening,True
BKNG,GapDown,2026-03-02,2026-03-03,166.3924,163.8155,-1.549,-0.41,1,stop_loss (-1.5%),evening,True
APO,52wkLow,2026-03-03,2026-03-04,106.6303,107.2079,0.542,0.11,1,max_hold 107d (+0.5%),evening,True
BX,52wkLow,2026-03-03,2026-03-04,109.9017,111.0213,1.019,0.21,1,max_hold 107d (+1.0%),evening,True
CPB,52wkLow,2026-03-03,2026-03-04,25.596,25.5567,-0.154,-0.03,1,max_hold 107d (-0.2%),evening,True
ALGN,GapDown,2026-03-03,2026-03-04,182.64,183.06,0.23,0.05,1,max_hold 107d (+0.2%),evening,True
AMCR,GapDown,2026-03-03,2026-03-04,46.3971,46.2987,-0.212,-0.04,1,max_hold 107d (-0.2%),evening,True
BF-B,52wkLow,2026-03-04,2026-03-05,25.795,25.5887,-3.89,-2.31,1,stop_loss (-0.8%),evening,True
CPB,52wkLow,2026-03-04,2026-03-05,24.6528,24.584,-0.279,-0.17,1,max_hold 106d (-0.3%),evening,True
ANET,Pullback50,2026-03-04,2026-03-05,134.83,135.115,0.211,0.13,1,max_hold 106d (+0.2%),evening,False
AIZ,Pullback50,2026-03-04,2026-03-05,231.1569,228.9843,-1.75,-1.04,1,stop_loss (-0.9%),evening,False
CPT,Pullback50,2026-03-04,2026-03-05,107.5718,106.6123,-1.36,-0.81,1,stop_loss (-0.9%),evening,False
BLDR,52wkLow,2026-03-05,2026-03-06,95.51,93.72,-1.874,-1.1,1,stop_loss (-1.9%),evening,True
CPB,52wkLow,2026-03-05,2026-03-06,24.6233,24.5643,-0.239,-0.14,1,max_hold 105d (-0.2%),evening,True
AVGO,Pullback50,2026-03-05,2026-03-06,332.0734,327.5928,-1.349,-0.79,1,stop_loss (-1.3%),evening,False
CPT,Pullback50,2026-03-05,2026-03-06,107.463,106.4639,-1.37,-0.81,1,stop_loss (-0.9%),evening,False
APD,RSIRecovery,2026-03-05,2026-03-06,274.6281,274.5486,-0.029,-0.02,1,max_hold 105d (-0.0%),evening,False
ABT,52wkLow,2026-03-06,2026-03-09,108.8769,108.7378,-0.128,-0.04,1,max_hold 104d (-0.1%),evening,True
BLDR,52wkLow,2026-03-06,2026-03-09,93.12,91.57,-1.665,-0.49,1,stop_loss (-1.7%),evening,True
CPB,52wkLow,2026-03-06,2026-03-09,25.3504,25.1342,-5.04,-1.47,1,stop_loss (-0.9%),evening,True
ALB,GapDown,2026-03-06,2026-03-09,161.4767,157.9644,-2.175,-0.64,1,stop_loss (-2.2%),evening,True
APO,GapDown,2026-03-06,2026-03-09,108.2435,106.1225,-1.96,-0.57,1,stop_loss (-2.0%),evening,True
BLDR,52wkLow,2026-03-09,2026-03-10,94.95,94.16,-2.62,-0.89,1,stop_loss (-0.8%),evening,True
CCL,GapDown,2026-03-09,2026-03-10,26.2293,25.7423,-1.857,-0.63,1,stop_loss (-1.9%),evening,True
A,MomReversal,2026-03-09,2026-03-10,116.3745,115.247,-2.62,-0.89,1,stop_loss (-1.0%),evening,False
AFL,Pullback50,2026-03-09,2026-03-10,109.6124,109.3637,-0.227,-0.08,1,max_hold 101d (-0.2%),evening,False
ALB,Pullback50,2026-03-09,2026-03-10,168.7203,170.6008,1.115,0.38,1,max_hold 101d (+1.1%),evening,False
CPB,52wkLow,2026-03-10,2026-03-11,24.2499,23.2379,-4.173,-2.11,1,stop_loss (-4.2%),evening,True
AFL,Pullback50,2026-03-10,2026-03-11,109.7318,109.3637,-0.335,-0.17,1,max_hold 100d (-0.3%),evening,False
ACGL,Pullback50,2026-03-10,2026-03-11,96.19,95.66,-0.61,-0.31,1,stop_loss (-0.6%),evening,False
CINF,Pullback50,2026-03-10,2026-03-11,163.7634,163.3558,-0.249,-0.13,1,max_hold 100d (-0.2%),evening,False
CSCO,Pullback50,2026-03-10,2026-03-11,77.2812,77.2216,-0.077,-0.04,1,max_hold 100d (-0.1%),evening,False
ARES,52wkLow,2026-03-11,2026-03-12,101.0524,98.1124,-2.909,-1.67,1,stop_loss (-2.9%),evening,True
CPB,52wkLow,2026-03-11,2026-03-12,22.5402,22.2749,-2.8,-1.61,1,stop_loss (-1.2%),evening,True
ALB,Pullback50,2026-03-11,2026-03-12,167.1582,164.9493,-1.321,-0.76,1,stop_loss (-1.3%),evening,False
ALGN,Pullback50,2026-03-11,2026-03-12,174.81,172.8,-3.83,-2.2,1,stop_loss (-1.1%),evening,False
CSCO,Pullback50,2026-03-11,2026-03-12,77.6791,76.5353,-1.472,-0.84,1,stop_loss (-1.5%),evening,False
ABT,52wkLow,2026-03-12,2026-03-13,107.4658,108.708,1.156,0.3,1,max_hold 98d (+1.2%),evening,True
AON,52wkLow,2026-03-12,2026-03-13,315.0788,319.168,1.298,0.34,1,max_hold 98d (+1.3%),evening,True
ARES,52wkLow,2026-03-12,2026-03-13,94.2544,95.6999,1.534,0.4,1,max_hold 98d (+1.5%),evening,True
AJG,52wkLow,2026-03-12,2026-03-13,203.5325,206.5824,1.498,0.39,1,max_hold 98d (+1.5%),evening,True
BX,52wkLow,2026-03-12,2026-03-13,101.1825,103.0254,1.821,0.48,1,max_hold 98d (+1.8%),evening,True
ADBE,52wkLow,2026-03-13,2026-03-16,249.32,248.25,-0.429,-0.28,1,max_hold 97d (-0.4%),evening,True
CSCO,Pullback50,2026-03-13,2026-03-16,77.9078,78.4947,0.753,0.5,1,max_hold 97d (+0.8%),evening,False
APO,RSIRecovery,2026-03-13,2026-03-16,104.0014,104.9176,0.881,0.58,1,max_hold 97d (+0.9%),evening,False
ARES,RSIRecovery,2026-03-13,2026-03-16,99.392,99.7729,0.383,0.25,1,max_hold 97d (+0.4%),evening,False
BA,RSIRecovery,2026-03-13,2026-03-16,209.89,210.75,0.41,0.27,1,max_hold 97d (+0.4%),evening,False
ADBE,52wkLow,2026-03-16,2026-03-17,251.86,252.99,0.449,0.3,1,max_hold 94d (+0.4%),evening,True
ANET,Pullback50,2026-03-16,2026-03-17,135.35,135.01,-0.251,-0.17,1,max_hold 94d (-0.3%),evening,False
BIIB,Pullback50,2026-03-16,2026-03-17,183.26,184.73,0.802,0.53,1,max_hold 94d (+0.8%),evening,False
CL,Pullback50,2026-03-16,2026-03-17,89.7423,90.0901,0.388,0.26,1,max_hold 94d (+0.4%),evening,False
APTV,RSIRecovery,2026-03-16,2026-03-17,71.57,72.47,1.258,0.83,1,max_hold 94d (+1.3%),evening,False
AON,52wkLow,2026-03-17,2026-03-18,320.3349,318.8289,-0.47,-0.27,1,max_hold 93d (-0.5%),evening,True
COHR,GapDown,2026-03-17,2026-03-18,245.8,251.94,2.498,1.43,1,max_hold 93d (+2.5%),evening,True
ABT,MomReversal,2026-03-17,2026-03-18,110.0198,108.8173,-0.72,-0.41,1,stop_loss (-1.1%),evening,False
ARES,MomReversal,2026-03-17,2026-03-18,104.6161,103.7647,-0.63,-0.36,1,stop_loss (-0.8%),evening,False
ALGN,Pullback50,2026-03-17,2026-03-18,176.12,172.97,-1.789,-1.02,1,stop_loss (-1.8%),evening,False
AIG,52wkLow,2026-03-18,2026-03-19,73.8393,74.0976,0.35,0.16,1,max_hold 92d (+0.3%),evening,True
AVB,52wkLow,2026-03-18,2026-03-19,164.2799,163.5876,-0.421,-0.19,1,max_hold 92d (-0.4%),evening,True
BRO,52wkLow,2026-03-18,2026-03-19,66.8839,67.3725,0.73,0.32,1,max_hold 92d (+0.7%),evening,True
CTAS,52wkLow,2026-03-18,2026-03-19,184.9371,184.8873,-0.027,-0.01,1,max_hold 92d (-0.0%),evening,True
CBRE,MomReversal,2026-03-18,2026-03-19,133.91,132.36,-0.8,-0.35,1,stop_loss (-1.2%),evening,False
ABT,52wkLow,2026-03-19,2026-03-20,106.5217,106.3727,-0.14,-0.03,1,max_hold 91d (-0.1%),evening,True
AIG,52wkLow,2026-03-19,2026-03-20,73.4022,73.283,-0.162,-0.03,1,max_hold 91d (-0.2%),evening,True
AMP,52wkLow,2026-03-19,2026-03-20,432.4805,429.0929,-1.34,-0.28,1,stop_loss (-0.8%),evening,True
CTAS,52wkLow,2026-03-19,2026-03-20,181.3369,181.317,-0.011,-0.0,1,max_hold 91d (-0.0%),evening,True
ACN,GapDown,2026-03-19,2026-03-20,201.8383,201.7888,-0.025,-0.01,1,max_hold 91d (-0.0%),evening,True
ABT,52wkLow,2026-03-20,2026-03-23,104.8025,106.4025,1.527,0.09,1,max_hold 90d (+1.5%),evening,True
ACN,52wkLow,2026-03-20,2026-03-23,198.3083,201.9177,1.82,0.11,1,max_hold 90d (+1.8%),evening,True
ADBE,52wkLow,2026-03-20,2026-03-23,248.15,248.95,0.322,0.02,1,max_hold 90d (+0.3%),evening,True
AIG,52wkLow,2026-03-20,2026-03-23,73.8989,74.7036,1.089,0.06,1,max_hold 90d (+1.1%),evening,True
AMT,52wkLow,2026-03-20,2026-03-23,173.386,175.7496,1.363,0.08,1,max_hold 90d (+1.4%),evening,True
AMT,52wkLow,2026-03-23,2026-03-24,173.1016,172.111,-0.6,-0.18,1,stop_loss (-0.6%),evening,True
BR,52wkLow,2026-03-23,2026-03-24,169.6901,168.9849,-0.416,-0.13,1,max_hold 87d (-0.4%),evening,True
BRO,52wkLow,2026-03-23,2026-03-24,66.525,66.6646,0.21,0.06,1,max_hold 87d (+0.2%),evening,True
CPT,52wkLow,2026-03-23,2026-03-24,97.0866,96.3843,-0.5,-0.15,1,stop_loss (-0.7%),evening,True
CF,GapDown,2026-03-23,2026-03-24,119.6913,122.1712,2.072,0.64,1,max_hold 87d (+2.1%),evening,True
AIG,52wkLow,2026-03-24,2026-03-25,73.8492,74.2764,0.578,0.19,1,max_hold 86d (+0.6%),evening,True
AMT,52wkLow,2026-03-24,2026-03-25,167.0798,166.2167,-3.86,-1.28,1,stop_loss (-0.5%),evening,True
BRO,52wkLow,2026-03-24,2026-03-25,66.3056,66.7244,0.632,0.21,1,max_hold 86d (+0.6%),evening,True
ARES,GapDown,2026-03-24,2026-03-25,104.9824,107.1011,2.018,0.67,1,max_hold 86d (+2.0%),evening,True
LNT,Pullback50,2026-03-24,2026-03-25,69.1424,69.4799,0.488,0.16,1,max_hold 86d (+0.5%),evening,False
AMT,52wkLow,2026-03-25,2026-03-26,164.0493,164.0689,0.012,0.0,1,max_hold 85d (+0.0%),evening,True
BRO,52wkLow,2026-03-25,2026-03-26,64.1021,64.1021,0.0,0.0,1,max_hold 85d (+0.0%),evening,True
CTAS,52wkLow,2026-03-25,2026-03-26,176.3705,175.9915,-0.215,-0.08,1,max_hold 85d (-0.2%),evening,True
AIG,MomReversal,2026-03-25,2026-03-26,74.9718,75.0016,0.04,0.01,1,max_hold 85d (+0.0%),evening,False
CRL,MomReversal,2026-03-25,2026-03-26,165.89,164.33,-0.64,-0.23,1,stop_loss (-0.9%),evening,False
BRO,52wkLow,2026-03-26,2026-03-27,64.9496,64.9297,-0.031,-0.02,1,max_hold 84d (-0.0%),evening,True
CTAS,52wkLow,2026-03-26,2026-03-27,168.3922,167.5245,-2.45,-1.4,1,stop_loss (-0.5%),evening,True
MO,Pullback50,2026-03-26,2026-03-27,63.6679,64.0423,0.588,0.34,1,max_hold 84d (+0.6%),evening,False
CB,Pullback50,2026-03-26,2026-03-27,323.3013,323.8595,0.173,0.1,1,max_hold 84d (+0.2%),evening,False
CME,Pullback50,2026-03-26,2026-03-27,296.045,296.045,-0.0,-0.0,1,max_hold 84d (-0.0%),evening,False
BSX,52wkLow,2026-03-27,2026-03-30,69.17,64.2,-7.185,-3.18,1,stop_loss (-7.2%),evening,True
CPT,52wkLow,2026-03-27,2026-03-30,95.9095,96.8492,0.98,0.43,1,max_hold 83d (+1.0%),evening,True
CPB,MomReversal,2026-03-27,2026-03-30,21.6068,21.8328,1.046,0.46,1,max_hold 83d (+1.0%),evening,False
CCL,MomReversal,2026-03-27,2026-03-30,24.0427,24.2415,0.827,0.37,1,max_hold 83d (+0.8%),evening,False
KO,Pullback50,2026-03-27,2026-03-30,75.2243,75.4429,0.291,0.13,1,max_hold 83d (+0.3%),evening,False
ARE,52wkLow,2026-03-30,2026-03-31,45.57,46.29,1.58,0.42,1,max_hold 80d (+1.6%),evening,True
AXON,52wkLow,2026-03-30,2026-03-31,415.07,419.15,0.983,0.26,1,max_hold 80d (+1.0%),evening,True
BSX,52wkLow,2026-03-30,2026-03-31,62.93,63.48,0.874,0.23,1,max_hold 80d (+0.9%),evening,True
BRO,52wkLow,2026-03-30,2026-03-31,65.0693,65.3883,0.49,0.13,1,max_hold 80d (+0.5%),evening,True
CPT,52wkLow,2026-03-30,2026-03-31,96.78,98.16,1.426,0.38,1,max_hold 80d (+1.4%),evening,True
AMT,52wkLow,2026-03-31,2026-04-01,169.257,169.3453,0.052,0.01,1,max_hold 79d (+0.1%),evening,True
AVB,52wkLow,2026-03-31,2026-04-01,163.35,162.9,-0.275,-0.05,1,max_hold 79d (-0.3%),evening,True
BSX,52wkLow,2026-03-31,2026-04-01,62.75,63.72,1.546,0.26,1,max_hold 79d (+1.5%),evening,True
BXP,52wkLow,2026-03-31,2026-04-01,51.9,51.93,0.058,0.01,1,max_hold 79d (+0.1%),evening,True
CPT,52wkLow,2026-03-31,2026-04-01,97.66,98.31,0.666,0.11,1,max_hold 79d (+0.7%),evening,True
AMD,Pullback50,2026-04-01,2026-04-02,210.21,204.05,-2.93,-1.06,1,stop_loss (-2.9%),evening,True
ADI,Pullback50,2026-04-01,2026-04-02,319.7043,309.4224,-3.216,-1.16,1,stop_loss (-3.2%),evening,True
CBOE,Pullback50,2026-04-01,2026-04-02,279.7038,281.3503,0.589,0.21,1,max_hold 78d (+0.6%),evening,True
CME,Pullback50,2026-04-01,2026-04-02,295.4084,298.8505,1.165,0.42,1,max_hold 78d (+1.2%),evening,True
BSX,RubberBand,2026-04-01,2026-04-02,62.0,62.05,0.081,0.03,1,max_hold 78d (+0.1%),evening,True
AFL,Pullback50,2026-04-02,2026-04-06,109.9109,109.3836,-0.48,-0.08,1,max_hold 77d (-0.5%),evening,True
ALL,Pullback50,2026-04-02,2026-04-06,205.9451,204.9702,-0.473,-0.08,1,max_hold 77d (-0.5%),evening,True
AMAT,Pullback50,2026-04-02,2026-04-06,348.0373,350.5841,0.732,0.12,1,max_hold 77d (+0.7%),evening,True
ACGL,Pullback50,2026-04-02,2026-04-06,96.74,96.07,-0.53,-0.09,1,stop_loss (-0.7%),evening,True
CAT,Pullback50,2026-04-02,2026-04-06,715.8571,715.3781,-0.067,-0.01,1,max_hold 77d (-0.1%),evening,True
AFL,Pullback50,2026-04-06,2026-04-07,109.692,109.6025,-0.082,-0.05,1,max_hold 73d (-0.1%),evening,True
ADI,Pullback50,2026-04-06,2026-04-07,326.4658,322.9055,-2.24,-1.27,1,stop_loss (-1.1%),evening,True
AAPL,Pullback50,2026-04-06,2026-04-07,258.6217,255.9242,-2.7,-1.53,1,stop_loss (-1.0%),evening,True
ACGL,Pullback50,2026-04-06,2026-04-07,96.79,97.09,0.31,0.18,1,max_hold 73d (+0.3%),evening,True
CB,Pullback50,2026-04-06,2026-04-07,325.8832,325.5842,-0.092,-0.05,1,max_hold 73d (-0.1%),evening,True
AFL,Pullback50,2026-04-07,2026-04-08,109.9506,109.4333,-0.471,-0.21,1,max_hold 72d (-0.5%),evening,True
ADI,Pullback50,2026-04-07,2026-04-08,326.5157,344.8654,5.62,2.46,1,max_hold 72d (+5.6%),evening,True
ANET,Pullback50,2026-04-07,2026-04-08,133.64,143.0,7.004,3.06,1,max_hold 72d (+7.0%),evening,True
CB,Pullback50,2026-04-07,2026-04-08,326.3817,324.2683,-1.02,-0.45,1,stop_loss (-0.6%),evening,True
CINF,Pullback50,2026-04-07,2026-04-08,160.18,160.3,0.075,0.03,1,max_hold 72d (+0.1%),evening,True
AAPL,Pullback50,2026-04-08,2026-04-09,258.6617,258.7616,0.039,0.01,1,max_hold 71d (+0.0%),evening,True
AIZ,Pullback50,2026-04-08,2026-04-09,222.9251,221.9086,-0.456,-0.1,1,max_hold 71d (-0.5%),evening,True
BMY,Pullback50,2026-04-08,2026-04-09,59.2,58.7,-5.98,-1.32,1,stop_loss (-0.8%),evening,True
CAH,Pullback50,2026-04-08,2026-04-09,215.13,214.74,-0.181,-0.04,1,max_hold 71d (-0.2%),evening,True
SCHW,Pullback50,2026-04-08,2026-04-09,96.3542,95.9358,-0.434,-0.1,1,max_hold 71d (-0.4%),evening,True
APH,Pullback50,2026-04-09,2026-04-10,137.68,138.81,0.821,0.47,1,max_hold 70d (+0.8%),evening,True
AAPL,Pullback50,2026-04-09,2026-04-10,260.2502,259.7407,-0.196,-0.11,1,max_hold 70d (-0.2%),evening,True
AIZ,Pullback50,2026-04-09,2026-04-10,222.5165,221.2807,-1.24,-0.7,1,stop_loss (-0.6%),evening,True
BA,Pullback50,2026-04-09,2026-04-10,220.06,220.17,0.05,0.03,1,max_hold 70d (+0.0%),evening,True
BMY,Pullback50,2026-04-09,2026-04-10,59.47,59.79,0.538,0.3,1,max_hold 70d (+0.5%),evening,True
AAPL,Pullback50,2026-04-10,2026-04-13,260.2402,259.4909,-0.288,-0.19,1,max_hold 69d (-0.3%),evening,True
CAH,Pullback50,2026-04-10,2026-04-13,215.52,215.93,0.19,0.13,1,max_hold 69d (+0.2%),evening,True
AON,52wkLow,2026-04-10,2026-04-13,311.7476,314.1712,0.777,0.51,1,max_hold 69d (+0.8%),evening,False
AJG,52wkLow,2026-04-10,2026-04-13,212.8415,213.5691,0.342,0.23,1,max_hold 69d (+0.3%),evening,False
AXON,52wkLow,2026-04-10,2026-04-13,345.94,345.89,-0.014,-0.01,1,max_hold 69d (-0.0%),evening,False
AFL,Pullback50,2026-04-13,2026-04-14,111.5623,110.846,-0.51,-0.17,1,stop_loss (-0.6%),evening,True
ACGL,Pullback50,2026-04-13,2026-04-14,97.1,96.12,-0.96,-0.32,1,stop_loss (-1.0%),evening,True
AIZ,Pullback50,2026-04-13,2026-04-14,221.6395,220.2144,-2.69,-0.89,1,stop_loss (-0.6%),evening,True
BA,Pullback50,2026-04-13,2026-04-14,222.14,221.69,-0.203,-0.07,1,max_hold 66d (-0.2%),evening,True
CVX,Pullback50,2026-04-13,2026-04-14,190.0394,186.8883,-1.658,-0.55,1,stop_loss (-1.7%),evening,True
AFL,Pullback50,2026-04-14,2026-04-15,111.3633,111.234,-0.116,-0.05,1,max_hold 65d (-0.1%),evening,True
ACGL,Pullback50,2026-04-14,2026-04-15,96.2,96.01,-0.197,-0.08,1,max_hold 65d (-0.2%),evening,True
AIZ,Pullback50,2026-04-14,2026-04-15,221.51,221.5498,0.018,0.01,1,max_hold 65d (+0.0%),evening,True
CNP,Pullback50,2026-04-14,2026-04-15,42.6664,42.4476,-0.54,-0.21,1,stop_loss (-0.5%),evening,True
CINF,Pullback50,2026-04-14,2026-04-15,163.35,163.1,-0.153,-0.06,1,max_hold 65d (-0.2%),evening,True
ACGL,Pullback50,2026-04-15,2026-04-16,97.47,97.11,-0.369,-0.29,1,max_hold 64d (-0.4%),evening,True
AIZ,Pullback50,2026-04-15,2026-04-16,223.244,224.4997,0.562,0.44,1,max_hold 64d (+0.6%),evening,True
CB,Pullback50,2026-04-15,2026-04-16,326.252,326.2521,0.0,0.0,1,max_hold 64d (+0.0%),evening,True
AOS,52wkLow,2026-04-15,2026-04-16,63.0118,63.0814,0.11,0.09,1,max_hold 64d (+0.1%),evening,False
BKR,Pullback50,2026-04-16,2026-04-17,60.398,59.4911,-1.502,-0.85,1,stop_loss (-1.5%),evening,True
BMY,Pullback50,2026-04-16,2026-04-17,58.96,59.2,0.407,0.23,1,max_hold 63d (+0.4%),evening,True
BG,Pullback50,2026-04-16,2026-04-17,122.2748,119.3126,-2.423,-1.37,1,stop_loss (-2.4%),evening,True
CB,Pullback50,2026-04-16,2026-04-17,327.3985,325.7137,-0.77,-0.43,1,stop_loss (-0.5%),evening,True
CINF,Pullback50,2026-04-16,2026-04-17,163.36,163.39,0.018,0.01,1,max_hold 63d (+0.0%),evening,True
ACGL,Pullback50,2026-04-17,2026-04-20,97.59,97.45,-0.143,-0.06,1,max_hold 62d (-0.1%),evening,True
CNP,Pullback50,2026-04-17,2026-04-20,42.7659,42.6962,-0.163,-0.07,1,max_hold 62d (-0.2%),evening,True
CB,Pullback50,2026-04-17,2026-04-20,329.801,330.8377,0.314,0.14,1,max_hold 62d (+0.3%),evening,True
APA,GapDown,2026-04-17,2026-04-20,35.5024,35.7209,0.616,0.27,1,max_hold 62d (+0.6%),evening,False
CVX,GapDown,2026-04-17,2026-04-20,182.3201,182.8255,0.277,0.12,1,max_hold 62d (+0.3%),evening,False
ACGL,Pullback50,2026-04-20,2026-04-21,97.49,98.33,0.862,0.71,1,max_hold 59d (+0.9%),evening,True
BG,Pullback50,2026-04-20,2026-04-21,121.728,122.8513,0.923,0.76,1,max_hold 59d (+0.9%),evening,True
CTSH,52wkLow,2026-04-20,2026-04-21,59.8381,59.9374,0.166,0.14,1,max_hold 59d (+0.2%),evening,False
ADM,Pullback50,2026-04-21,2026-04-22,69.3726,69.6508,0.401,0.23,1,max_hold 58d (+0.4%),evening,True
BIIB,Pullback50,2026-04-21,2026-04-22,185.95,189.31,1.807,1.02,1,max_hold 58d (+1.8%),evening,True
BMY,Pullback50,2026-04-21,2026-04-22,59.39,59.4,0.017,0.01,1,max_hold 58d (+0.0%),evening,True
CB,Pullback50,2026-04-21,2026-04-22,328.2658,320.6595,-2.317,-1.31,1,stop_loss (-2.3%),evening,True
ABT,52wkLow,2026-04-21,2026-04-22,92.72,92.62,-0.108,-0.06,1,max_hold 58d (-0.1%),evening,False
CME,GapDown,2026-04-22,2026-04-23,284.2363,283.6393,-0.21,-0.17,1,max_hold 57d (-0.2%),evening,False
T,VolumeSpike,2026-04-22,2026-04-23,25.98,26.12,0.539,0.45,1,max_hold 57d (+0.5%),evening,False
BA,VolumeSpike,2026-04-22,2026-04-23,231.28,231.51,0.099,0.08,1,max_hold 57d (+0.1%),evening,False
CNP,VolumeSpike,2026-04-22,2026-04-23,41.8907,42.4078,1.235,1.02,1,max_hold 57d (+1.2%),evening,False
AWK,Pullback50,2026-04-23,2026-04-24,134.0114,133.366,-0.482,-0.17,1,max_hold 56d (-0.5%),evening,True
ADM,Pullback50,2026-04-23,2026-04-24,69.5713,69.5713,0.0,0.0,1,max_hold 56d (+0.0%),evening,True
BMY,Pullback50,2026-04-23,2026-04-24,59.02,58.86,-0.271,-0.1,1,max_hold 56d (-0.3%),evening,True
CNP,Pullback50,2026-04-23,2026-04-24,42.9449,42.8852,-0.139,-0.05,1,max_hold 56d (-0.1%),evening,True
CMS,Pullback50,2026-04-23,2026-04-24,76.0295,75.8906,-0.183,-0.07,1,max_hold 56d (-0.2%),evening,True
ADP,52wkLow,2026-04-24,2026-04-27,195.0502,194.3753,-0.346,-0.23,1,max_hold 55d (-0.3%),evening,False
CPB,52wkLow,2026-04-24,2026-04-27,20.62,20.14,-2.328,-1.54,1,stop_loss (-2.3%),evening,False
CHTR,52wkLow,2026-04-24,2026-04-27,180.13,178.91,-1.65,-1.09,1,stop_loss (-0.7%),evening,False
AMP,VolumeSpike,2026-04-24,2026-04-27,462.4312,461.5842,-0.183,-0.12,1,max_hold 55d (-0.2%),evening,False
ACGL,Pullback50,2026-04-27,2026-04-28,96.35,97.43,1.121,0.63,1,max_hold 52d (+1.1%),evening,True
CNP,Pullback50,2026-04-27,2026-04-28,42.6565,43.0344,0.886,0.5,1,max_hold 52d (+0.9%),evening,True
ABT,52wkLow,2026-04-27,2026-04-28,92.8,93.84,1.121,0.63,1,max_hold 52d (+1.1%),evening,False
AIG,52wkLow,2026-04-27,2026-04-28,73.6406,74.3062,0.904,0.51,1,max_hold 52d (+0.9%),evening,False
CHTR,52wkLow,2026-04-27,2026-04-28,174.61,176.02,0.808,0.45,1,max_hold 52d (+0.8%),evening,False
BIIB,Pullback50,2026-04-28,2026-04-29,183.38,183.12,-0.142,-0.03,1,max_hold 51d (-0.1%),evening,True
CB,Pullback50,2026-04-28,2026-04-29,329.3125,328.7144,-0.182,-0.04,1,max_hold 51d (-0.2%),evening,True
CHD,Pullback50,2026-04-28,2026-04-29,96.7641,96.0464,-1.23,-0.29,1,stop_loss (-0.7%),evening,True
ARE,52wkLow,2026-04-28,2026-04-29,40.41,40.11,-0.83,-0.19,1,stop_loss (-0.7%),evening,False
ALLE,52wkLow,2026-04-28,2026-04-29,137.294,138.0907,0.58,0.14,1,max_hold 51d (+0.6%),evening,False
ALGN,Pullback50,2026-04-29,2026-04-30,178.4,177.0,-0.73,-0.15,1,stop_loss (-0.8%),evening,True
CVX,Pullback50,2026-04-29,2026-04-30,190.4754,188.5233,-1.45,-0.3,1,stop_loss (-1.0%),evening,True
AOS,52wkLow,2026-04-29,2026-04-30,63.32,64.64,2.085,0.43,1,max_hold 50d (+2.1%),evening,False
ARE,52wkLow,2026-04-29,2026-04-30,41.05,40.92,-0.317,-0.07,1,max_hold 50d (-0.3%),evening,False
ALLE,52wkLow,2026-04-29,2026-04-30,136.806,137.9812,0.859,0.18,1,max_hold 50d (+0.9%),evening,False
AKAM,Pullback50,2026-04-30,2026-05-01,102.98,103.33,0.34,0.03,1,max_hold 49d (+0.3%),evening,True
CVX,Pullback50,2026-04-30,2026-05-01,191.5555,189.5638,-0.79,-0.08,1,stop_loss (-1.0%),evening,True
CB,Pullback50,2026-04-30,2026-05-01,325.9829,327.8271,0.566,0.06,1,max_hold 49d (+0.6%),evening,True
CHD,Pullback50,2026-04-30,2026-05-01,96.7442,98.1595,1.463,0.15,1,max_hold 49d (+1.5%),evening,True
CINF,Pullback50,2026-04-30,2026-05-01,163.6,164.56,0.587,0.06,1,max_hold 49d (+0.6%),evening,True
AOS,52wkLow,2026-05-01,2026-05-04,60.35,59.66,-0.61,-0.2,1,stop_loss (-1.1%),evening,True
AON,52wkLow,2026-05-01,2026-05-04,311.51,309.93,-0.92,-0.3,1,stop_loss (-0.5%),evening,True
AJG,52wkLow,2026-05-01,2026-05-04,207.4196,207.2003,-0.106,-0.03,1,max_hold 48d (-0.1%),evening,True
BRO,52wkLow,2026-05-01,2026-05-04,57.4616,57.2522,-0.364,-0.12,1,max_hold 48d (-0.4%),evening,True
BLDR,52wkLow,2026-05-01,2026-05-04,75.72,75.0,-2.42,-0.8,1,stop_loss (-1.0%),evening,True
ACN,52wkLow,2026-05-04,2026-05-05,180.12,180.43,0.172,0.05,1,max_hold 45d (+0.2%),evening,True
AMCR,52wkLow,2026-05-04,2026-05-05,36.3052,36.7675,1.273,0.39,1,max_hold 45d (+1.3%),evening,True
APTV,52wkLow,2026-05-04,2026-05-05,59.53,58.11,-2.385,-0.72,1,stop_loss (-2.4%),evening,True
AVY,52wkLow,2026-05-04,2026-05-05,159.4382,159.7065,0.168,0.05,1,max_hold 45d (+0.2%),evening,True
BR,52wkLow,2026-05-04,2026-05-05,152.8145,152.3477,-0.305,-0.09,1,max_hold 45d (-0.3%),evening,True
ABT,52wkLow,2026-05-05,2026-05-06,87.17,87.55,0.436,0.11,1,max_hold 44d (+0.4%),evening,True
ALLE,52wkLow,2026-05-05,2026-05-06,131.7469,133.649,1.444,0.38,1,max_hold 44d (+1.4%),evening,True
AMCR,52wkLow,2026-05-05,2026-05-06,37.0233,39.9643,7.944,2.09,1,max_hold 44d (+7.9%),evening,True
APTV,52wkLow,2026-05-05,2026-05-06,54.83,55.46,1.149,0.3,1,max_hold 44d (+1.1%),evening,True
COR,MomReversal,2026-05-05,2026-05-06,305.1971,267.4041,-12.383,-3.25,1,stop_loss (-12.4%),evening,False
ACN,52wkLow,2026-05-06,2026-05-07,174.57,176.08,0.865,0.26,1,max_hold 43d (+0.9%),evening,True
APTV,52wkLow,2026-05-06,2026-05-07,56.8,57.16,0.634,0.19,1,max_hold 43d (+0.6%),evening,True
TECH,52wkLow,2026-05-06,2026-05-07,47.3224,47.1128,-0.443,-0.13,1,max_hold 43d (-0.4%),evening,True
CDW,52wkLow,2026-05-06,2026-05-07,108.3575,108.8645,0.468,0.14,1,max_hold 43d (+0.5%),evening,True
COR,52wkLow,2026-05-06,2026-05-07,252.1592,253.1769,0.404,0.12,1,max_hold 43d (+0.4%),evening,True
ACN,52wkLow,2026-05-07,2026-05-08,180.19,178.03,-1.1,-0.17,1,stop_loss (-1.2%),evening,True
ALLE,52wkLow,2026-05-07,2026-05-08,136.2483,136.1786,-0.051,-0.01,1,max_hold 42d (-0.1%),evening,True
AWK,52wkLow,2026-05-07,2026-05-08,125.3036,125.5519,0.198,0.03,1,max_hold 42d (+0.2%),evening,True
AON,52wkLow,2026-05-07,2026-05-08,313.59,313.0,-0.188,-0.03,1,max_hold 42d (-0.2%),evening,True
APTV,52wkLow,2026-05-07,2026-05-08,57.11,57.93,1.436,0.23,1,max_hold 42d (+1.4%),evening,True
BR,52wkLow,2026-05-08,2026-05-11,148.4938,147.282,-4.36,-1.91,1,stop_loss (-0.8%),evening,True
BRO,52wkLow,2026-05-08,2026-05-11,56.285,56.01,-0.489,-0.21,1,max_hold 41d (-0.5%),evening,True
CDW,52wkLow,2026-05-08,2026-05-11,104.1723,103.2478,-0.53,-0.23,1,stop_loss (-0.9%),evening,True
COIN,GapDown,2026-05-08,2026-05-11,201.16,200.38,-0.388,-0.17,1,max_hold 41d (-0.4%),evening,False
ACN,MomReversal,2026-05-08,2026-05-11,180.42,180.49,0.039,0.02,1,max_hold 41d (+0.0%),evening,False
BBY,52wkLow,2026-05-11,2026-05-12,56.8633,56.8929,0.052,0.02,1,max_hold 38d (+0.1%),evening,True
BKNG,52wkLow,2026-05-11,2026-05-12,157.4043,158.0327,0.399,0.17,1,max_hold 38d (+0.4%),evening,True
BR,52wkLow,2026-05-11,2026-05-12,148.1263,149.0699,0.637,0.28,1,max_hold 38d (+0.6%),evening,True
BRO,52wkLow,2026-05-11,2026-05-12,55.35,55.58,0.416,0.18,1,max_hold 38d (+0.4%),evening,True
COF,52wkLow,2026-05-11,2026-05-12,183.1438,183.1438,-0.0,-0.0,1,max_hold 38d (-0.0%),evening,True
AON,52wkLow,2026-05-12,2026-05-13,316.35,313.62,-0.95,-0.34,1,stop_loss (-0.9%),evening,True
AJG,52wkLow,2026-05-12,2026-05-13,196.7451,194.1338,-1.327,-0.47,1,stop_loss (-1.3%),evening,True
BR,52wkLow,2026-05-12,2026-05-13,148.5236,146.3483,-1.465,-0.52,1,stop_loss (-1.5%),evening,True
BRO,52wkLow,2026-05-12,2026-05-13,55.77,55.12,-0.64,-0.23,1,stop_loss (-1.2%),evening,True
COF,52wkLow,2026-05-12,2026-05-13,182.9248,183.114,0.103,0.04,1,max_hold 37d (+0.1%),evening,True
MMM,52wkLow,2026-05-13,2026-05-14,146.3432,147.2783,0.639,0.21,1,max_hold 36d (+0.6%),evening,True
ACN,52wkLow,2026-05-13,2026-05-14,159.64,162.0,1.478,0.48,1,max_hold 36d (+1.5%),evening,True
AMT,52wkLow,2026-05-13,2026-05-14,172.226,172.9788,0.437,0.14,1,max_hold 36d (+0.4%),evening,True
AON,52wkLow,2026-05-13,2026-05-14,310.9,311.61,0.228,0.07,1,max_hold 36d (+0.2%),evening,True
AJG,52wkLow,2026-05-13,2026-05-14,191.363,194.5325,1.656,0.54,1,max_hold 36d (+1.7%),evening,True
ACN,52wkLow,2026-05-14,2026-05-15,163.99,167.47,2.122,0.64,1,max_hold 35d (+2.1%),evening,True
AON,52wkLow,2026-05-14,2026-05-15,315.41,316.24,0.263,0.08,1,max_hold 35d (+0.3%),evening,True
AJG,52wkLow,2026-05-14,2026-05-15,197.0242,199.0574,1.032,0.31,1,max_hold 35d (+1.0%),evening,True
AZO,52wkLow,2026-05-14,2026-05-15,3379.52,3389.0601,0.282,0.09,1,max_hold 35d (+0.3%),evening,True
BRO,52wkLow,2026-05-14,2026-05-15,55.78,56.25,0.843,0.25,1,max_hold 35d (+0.8%),evening,True
MMM,52wkLow,2026-05-15,2026-05-18,145.4677,145.8457,0.26,0.06,1,max_hold 34d (+0.3%),evening,True
AMT,52wkLow,2026-05-15,2026-05-18,169.0166,169.2742,0.152,0.03,1,max_hold 34d (+0.2%),evening,True
AWK,52wkLow,2026-05-15,2026-05-18,124.29,125.14,0.684,0.15,1,max_hold 34d (+0.7%),evening,True
AON,52wkLow,2026-05-15,2026-05-18,317.22,317.51,0.091,0.02,1,max_hold 34d (+0.1%),evening,True
APTV,52wkLow,2026-05-15,2026-05-18,54.34,54.21,-0.239,-0.05,1,max_hold 34d (-0.2%),evening,True
AZO,52wkLow,2026-05-18,2026-05-19,3365.74,3346.6699,-0.65,-0.26,1,stop_loss (-0.6%),evening,True
BBY,52wkLow,2026-05-18,2026-05-19,57.1199,57.3074,0.328,0.13,1,max_hold 31d (+0.3%),evening,True
BR,MomReversal,2026-05-18,2026-05-19,149.6062,151.6027,1.334,0.53,1,max_hold 31d (+1.3%),evening,False
CTSH,MomReversal,2026-05-18,2026-05-19,51.4,51.68,0.545,0.21,1,max_hold 31d (+0.5%),evening,False
LNT,Pullback50,2026-05-18,2026-05-19,72.09,72.0,-0.125,-0.05,1,max_hold 31d (-0.1%),evening,False
A,52wkLow,2026-05-19,2026-05-20,110.57,111.2,0.57,0.22,1,max_hold 30d (+0.6%),evening,True
AON,52wkLow,2026-05-19,2026-05-20,323.66,323.6,-0.019,-0.01,1,max_hold 30d (-0.0%),evening,True
COF,52wkLow,2026-05-19,2026-05-20,182.03,184.13,1.154,0.45,1,max_hold 30d (+1.2%),evening,True
CTSH,MomReversal,2026-05-19,2026-05-20,50.88,51.06,0.354,0.14,1,max_hold 30d (+0.4%),evening,False
BMY,Pullback50,2026-05-19,2026-05-20,58.31,58.67,0.617,0.24,1,max_hold 30d (+0.6%),evening,False
AMCR,52wkLow,2026-05-20,2026-05-21,37.4659,36.9839,-1.286,-0.56,1,stop_loss (-1.3%),evening,True
AVY,52wkLow,2026-05-20,2026-05-21,157.3119,155.6227,-1.01,-0.44,1,stop_loss (-1.1%),evening,True
CPB,52wkLow,2026-05-20,2026-05-21,20.0,19.92,-0.4,-0.18,1,max_hold 29d (-0.4%),evening,True
SCHW,52wkLow,2026-05-20,2026-05-21,90.11,90.18,0.078,0.03,1,max_hold 29d (+0.1%),evening,True
ADI,GapDown,2026-05-20,2026-05-21,396.9627,395.5565,-0.354,-0.16,1,max_hold 29d (-0.4%),evening,False
CPB,52wkLow,2026-05-21,2026-05-22,20.05,20.13,0.399,0.2,1,max_hold 28d (+0.4%),evening,True
CARR,GapDown,2026-05-21,2026-05-22,62.18,62.6,0.675,0.33,1,max_hold 28d (+0.7%),evening,False
AEE,Pullback50,2026-05-21,2026-05-22,109.0712,109.2698,0.182,0.09,1,max_hold 28d (+0.2%),evening,False
BA,Pullback50,2026-05-21,2026-05-22,219.61,220.85,0.565,0.28,1,max_hold 28d (+0.6%),evening,False
CNP,Pullback50,2026-05-21,2026-05-22,42.47,42.11,-0.62,-0.31,1,stop_loss (-0.8%),evening,False
AZO,52wkLow,2026-05-22,2026-05-26,3406.5,3215.01,-5.621,-3.17,1,stop_loss (-5.6%),evening,True
AEE,Pullback50,2026-05-22,2026-05-26,110.511,111.3849,0.791,0.45,1,max_hold 27d (+0.8%),evening,False
AEP,Pullback50,2026-05-22,2026-05-26,131.59,131.94,0.266,0.15,1,max_hold 27d (+0.3%),evening,False
APA,Pullback50,2026-05-22,2026-05-26,38.8,38.52,-1.04,-0.59,1,stop_loss (-0.7%),evening,False
CNP,Pullback50,2026-05-22,2026-05-26,42.83,42.96,0.304,0.17,1,max_hold 27d (+0.3%),evening,False
AZO,52wkLow,2026-05-26,2026-05-27,3100.1101,3100.26,0.005,0.0,1,max_hold 23d (+0.0%),evening,True
BR,52wkLow,2026-05-26,2026-05-27,145.9609,146.1298,0.116,0.09,1,max_hold 23d (+0.1%),evening,True
CBRE,MomReversal,2026-05-26,2026-05-27,129.76,130.54,0.601,0.47,1,max_hold 23d (+0.6%),evening,False
CRL,MomReversal,2026-05-26,2026-05-27,156.73,157.87,0.727,0.57,1,max_hold 23d (+0.7%),evening,False
BSX,52wkLow,2026-05-27,2026-05-28,50.46,50.14,-1.91,-1.07,1,stop_loss (-0.6%),evening,True
CPB,52wkLow,2026-05-27,2026-05-28,20.5,20.55,0.244,0.14,1,max_hold 22d (+0.2%),evening,True
SCHW,52wkLow,2026-05-27,2026-05-28,85.61,85.12,-1.74,-0.98,1,stop_loss (-0.6%),evening,True
CTAS,52wkLow,2026-05-27,2026-05-28,169.86,169.09,-0.453,-0.25,1,max_hold 22d (-0.5%),evening,True
ALGN,MomReversal,2026-05-27,2026-05-28,162.88,162.88,0.0,0.0,1,max_hold 22d (+0.0%),evening,False
AMP,52wkLow,2026-05-28,2026-05-29,439.85,439.74,-0.025,-0.01,1,max_hold 21d (-0.0%),evening,True
AZO,52wkLow,2026-05-28,2026-05-29,3007.0801,2989.1399,-1.02,-0.44,1,stop_loss (-0.6%),evening,True
BSX,52wkLow,2026-05-28,2026-05-29,49.11,48.72,-0.61,-0.26,1,stop_loss (-0.8%),evening,True
CBRE,52wkLow,2026-05-28,2026-05-29,126.42,125.55,-0.62,-0.27,1,stop_loss (-0.7%),evening,True
SCHW,52wkLow,2026-05-28,2026-05-29,85.35,86.0,0.762,0.33,1,max_hold 21d (+0.8%),evening,True
ABT,52wkLow,2026-05-29,2026-06-01,85.6,85.78,0.21,0.03,1,max_hold 20d (+0.2%),evening,True
ALLE,52wkLow,2026-05-29,2026-06-01,129.536,128.321,-1.32,-0.18,1,stop_loss (-0.9%),evening,True
AIG,52wkLow,2026-05-29,2026-06-01,73.74,72.9552,-1.72,-0.24,1,stop_loss (-1.1%),evening,True
AWK,52wkLow,2026-05-29,2026-06-01,123.27,122.99,-0.227,-0.03,1,max_hold 20d (-0.2%),evening,True
AMP,52wkLow,2026-05-29,2026-06-01,445.71,443.77,-0.435,-0.06,1,max_hold 20d (-0.4%),evening,True
AMD,GapDown,2026-06-01,2026-06-02,510.13,506.3,-5.73,-1.86,1,stop_loss (-0.8%),evening,True
CIEN,GapDown,2026-06-01,2026-06-02,569.61,583.58,2.453,0.8,1,max_hold 17d (+2.5%),evening,True
COIN,GapDown,2026-06-01,2026-06-02,182.61,177.17,-2.979,-0.97,1,stop_loss (-3.0%),evening,True
AZO,52wkLow,2026-06-01,2026-06-02,3020.95,3014.0901,-0.227,-0.07,1,max_hold 17d (-0.2%),evening,False
BSX,52wkLow,2026-06-01,2026-06-02,47.98,48.0,0.042,0.01,1,max_hold 17d (+0.0%),evening,False
AXON,GapDown,2026-06-02,2026-06-03,490.12,481.0,-1.861,-0.72,1,stop_loss (-1.9%),evening,True
AVY,52wkLow,2026-06-02,2026-06-03,156.04,155.5,-0.346,-0.13,1,max_hold 16d (-0.3%),evening,False
CMG,52wkLow,2026-06-02,2026-06-03,29.26,28.51,-2.563,-0.99,1,stop_loss (-2.6%),evening,False
CME,52wkLow,2026-06-02,2026-06-03,249.2377,252.9186,1.477,0.57,1,max_hold 16d (+1.5%),evening,False
AFL,Pullback50,2026-06-02,2026-06-03,113.63,113.48,-0.132,-0.05,1,max_hold 16d (-0.1%),evening,False
APO,GapDown,2026-06-03,2026-06-04,124.35,125.39,0.836,0.2,1,max_hold 15d (+0.8%),evening,True
ARES,GapDown,2026-06-03,2026-06-04,121.8723,123.981,1.73,0.42,1,max_hold 15d (+1.7%),evening,True
BX,GapDown,2026-06-03,2026-06-04,110.28,112.25,1.786,0.43,1,max_hold 15d (+1.8%),evening,True
ALLE,52wkLow,2026-06-03,2026-06-04,129.5759,131.488,1.476,0.36,1,max_hold 15d (+1.5%),evening,False
AWK,52wkLow,2026-06-03,2026-06-04,123.81,125.13,1.066,0.26,1,max_hold 15d (+1.1%),evening,False
AMD,GapDown,2026-06-04,2026-06-05,523.2,499.53,-4.524,-1.17,1,stop_loss (-4.5%),evening,True
AMAT,GapDown,2026-06-04,2026-06-05,501.7,479.71,-4.383,-1.13,1,stop_loss (-4.4%),evening,True
ANET,GapDown,2026-06-04,2026-06-05,166.01,159.46,-3.946,-1.02,1,stop_loss (-3.9%),evening,True
AVGO,GapDown,2026-06-04,2026-06-05,418.91,407.61,-2.697,-0.7,1,stop_loss (-2.7%),evening,True
COHR,GapDown,2026-06-04,2026-06-05,421.9,405.27,-3.942,-1.02,1,stop_loss (-3.9%),evening,True
CPB,VolumeSpike,2026-06-05,2026-06-08,21.68,22.17,2.26,0.79,1,max_hold 13d (+2.3%),evening,True
AOS,52wkLow,2026-06-05,2026-06-08,57.2,57.04,-0.28,-0.1,1,max_hold 13d (-0.3%),evening,False
AWK,52wkLow,2026-06-05,2026-06-08,124.47,123.56,-0.96,-0.33,1,stop_loss (-0.7%),evening,False
T,52wkLow,2026-06-05,2026-06-08,22.75,22.66,-0.396,-0.14,1,max_hold 13d (-0.4%),evening,False
COF,52wkLow,2026-06-05,2026-06-08,180.67,180.75,0.044,0.02,1,max_hold 13d (+0.0%),evening,False
AIG,VolumeSpike,2026-06-08,2026-06-09,73.6108,73.6307,0.027,0.01,1,max_hold 10d (+0.0%),evening,True
AZO,VolumeSpike,2026-06-08,2026-06-09,3074.04,3082.5601,0.277,0.11,1,max_hold 10d (+0.3%),evening,True
CPB,VolumeSpike,2026-06-08,2026-06-09,21.49,21.43,-0.279,-0.11,1,max_hold 10d (-0.3%),evening,True
AOS,52wkLow,2026-06-08,2026-06-09,57.33,57.75,0.733,0.28,1,max_hold 10d (+0.7%),evening,False
ALLE,52wkLow,2026-06-08,2026-06-09,127.106,128.5999,1.175,0.45,1,max_hold 10d (+1.2%),evening,False
ALLE,52wkLow,2026-06-09,2026-06-10,130.512,130.5518,0.031,0.01,1,max_hold 9d (+0.0%),evening,False
AIG,52wkLow,2026-06-09,2026-06-10,73.432,73.432,-0.0,-0.0,1,max_hold 9d (-0.0%),evening,False
T,52wkLow,2026-06-09,2026-06-10,22.71,22.88,0.749,0.26,1,max_hold 9d (+0.7%),evening,False
AVY,52wkLow,2026-06-09,2026-06-10,159.35,160.37,0.64,0.22,1,max_hold 9d (+0.6%),evening,False
COF,52wkLow,2026-06-09,2026-06-10,183.35,182.15,-1.46,-0.51,1,stop_loss (-0.7%),evening,False
AOS,52wkLow,2026-06-10,2026-06-11,57.22,57.94,1.258,0.69,1,max_hold 8d (+1.3%),evening,False
ALLE,52wkLow,2026-06-10,2026-06-11,128.819,131.2589,1.894,1.04,1,max_hold 8d (+1.9%),evening,False
AIG,52wkLow,2026-06-10,2026-06-11,74.4453,74.8327,0.52,0.29,1,max_hold 8d (+0.5%),evening,False
AVY,52wkLow,2026-06-10,2026-06-11,156.07,155.52,-0.352,-0.19,1,max_hold 8d (-0.4%),evening,False
T,MomReversal,2026-06-10,2026-06-11,23.21,23.16,-0.215,-0.12,1,max_hold 8d (-0.2%),evening,False
CINF,VolumeSpike,2026-06-11,2026-06-12,168.3,169.23,0.553,0.19,1,max_hold 7d (+0.6%),evening,True
ADBE,52wkLow,2026-06-11,2026-06-12,218.8,202.4,-7.495,-2.63,1,stop_loss (-7.5%),evening,False
AVY,52wkLow,2026-06-11,2026-06-12,158.75,160.33,0.995,0.35,1,max_hold 7d (+1.0%),evening,False
COF,52wkLow,2026-06-11,2026-06-12,182.04,184.03,1.093,0.38,1,max_hold 7d (+1.1%),evening,False
GOOGL,Pullback50,2026-06-11,2026-06-12,357.77,362.62,1.356,0.48,1,max_hold 7d (+1.4%),evening,False
ADBE,GapDown,2026-06-12,2026-06-15,204.02,206.88,1.402,0.9,1,max_hold 6d (+1.4%),evening,True
AVY,52wkLow,2026-06-12,2026-06-15,159.25,161.07,1.143,0.73,1,max_hold 6d (+1.1%),evening,False
AEE,Pullback50,2026-06-12,2026-06-15,109.0,108.31,-1.14,-0.73,1,stop_loss (-0.6%),evening,False
CNP,Pullback50,2026-06-12,2026-06-15,42.9,42.62,-2.12,-1.36,1,stop_loss (-0.7%),evening,False
CVX,Pullback50,2026-06-12,2026-06-15,187.22,178.9,-4.444,-2.85,1,stop_loss (-4.4%),evening,False
APA,GapDown,2026-06-15,2026-06-16,34.77,33.85,-2.646,-1.26,1,stop_loss (-2.6%),evening,True
CF,GapDown,2026-06-15,2026-06-16,106.9,105.61,-1.207,-0.58,1,stop_loss (-1.2%),evening,True
CVX,GapDown,2026-06-15,2026-06-16,180.4,178.62,-5.04,-2.4,1,stop_loss (-1.0%),evening,True
ACN,52wkLow,2026-06-15,2026-06-16,165.36,165.63,0.163,0.08,1,max_hold 3d (+0.2%),evening,False
AWK,52wkLow,2026-06-15,2026-06-16,126.87,127.56,0.544,0.26,1,max_hold 3d (+0.5%),evening,False
AEE,Pullback50,2026-06-16,2026-06-17,110.48,109.8,-0.77,-0.62,1,stop_loss (-0.6%),evening,False
CMS,Pullback50,2026-06-16,2026-06-17,74.03,73.55,-0.94,-0.75,1,stop_loss (-0.6%),evening,False
CME,GapDown,2026-06-17,2026-06-17,252.54,252.54,0.0,0.0,0,sim_end,evening,True
AOS,52wkLow,2026-06-17,2026-06-17,57.88,57.88,0.0,0.0,0,sim_end,evening,False
ACN,52wkLow,2026-06-17,2026-06-17,156.01,156.01,0.0,0.0,0,sim_end,evening,False
ADBE,52wkLow,2026-06-17,2026-06-17,196.28,196.28,0.0,0.0,0,sim_end,evening,False
ALLE,52wkLow,2026-06-17,2026-06-17,130.18,130.18,0.0,0.0,0,sim_end,evening,False
